"UTC0 datetime","Variable","Value","Max Value","Min Value","%Coverage","Updated at"
"2020-01-01 00:00:00","D","2.693","2.735","2.645","6.000","2021-06-19 01:25:00"
"2020-01-01 06:00:00","D","2.658","2.733","2.590","6.000","2021-06-19 01:25:00"
"2020-01-01 12:00:00","D","2.600","2.695","2.533","6.000","2021-06-19 01:25:00"
"2020-01-01 18:00:00","D","2.612","2.765","2.428","6.000","2021-06-19 01:25:00"
"2020-01-02 00:00:00","D","2.663","2.728","2.583","6.000","2021-06-19 01:25:00"
"2020-01-02 06:00:00","D","2.569","2.638","2.523","6.000","2021-06-19 01:25:00"
"2020-01-02 12:00:00","D","2.560","2.715","2.485","6.000","2021-06-19 01:25:00"
"2020-01-02 18:00:00","D","2.599","2.768","2.303","6.000","2021-06-19 01:25:00"
"2020-01-03 00:00:00","D","2.478","2.515","2.428","6.000","2021-06-19 01:25:00"
"2020-01-03 06:00:00","D","2.516","2.558","2.495","6.000","2021-06-19 01:25:00"
"2020-01-03 12:00:00","D","2.512","2.563","2.445","6.000","2021-06-19 01:25:00"
"2020-01-03 18:00:00","D","2.977","3.425","2.475","6.000","2021-06-19 01:25:00"
"2020-01-04 00:00:00","D","3.236","3.343","3.085","6.000","2021-06-19 01:25:00"
"2020-01-04 06:00:00","D","3.101","3.175","3.035","6.000","2021-06-19 01:25:00"
"2020-01-04 12:00:00","D","3.166","3.238","3.103","6.000","2021-06-19 01:25:00"
"2020-01-04 18:00:00","D","3.213","3.350","3.093","6.000","2021-06-19 01:25:00"
"2020-01-05 00:00:00","D","3.140","3.295","3.050","6.000","2021-06-19 01:25:00"
"2020-01-05 06:00:00","D","2.995","3.068","2.828","6.000","2021-06-19 01:25:00"
"2020-01-05 12:00:00","D","2.857","2.913","2.785","6.000","2021-06-19 01:25:00"
"2020-01-05 18:00:00","D","2.767","3.000","2.438","6.000","2021-06-19 01:25:00"
"2020-01-06 00:00:00","D","2.748","2.833","2.645","6.000","2021-06-19 01:25:00"
"2020-01-06 06:00:00","D","2.711","2.810","2.620","6.000","2021-06-19 01:25:00"
"2020-01-06 12:00:00","D","2.639","2.693","2.578","6.000","2021-06-19 01:25:00"
"2020-01-06 18:00:00","D","2.629","2.760","2.463","6.000","2021-06-19 01:25:00"
"2020-01-07 00:00:00","D","2.612","2.720","2.535","6.000","2021-06-19 01:25:00"
"2020-01-07 06:00:00","D","2.534","2.578","2.505","6.000","2021-06-19 01:25:00"
"2020-01-07 12:00:00","D","2.486","2.565","2.440","6.000","2021-06-19 01:25:00"
"2020-01-07 18:00:00","D","2.510","2.583","2.410","6.000","2021-06-19 01:25:00"
"2020-01-08 00:00:00","D","2.427","2.483","2.373","6.000","2021-06-19 01:25:00"
"2020-01-08 06:00:00","D","2.385","2.438","2.338","6.000","2021-06-19 01:25:00"
"2020-01-08 12:00:00","D","2.361","2.468","2.293","6.000","2021-06-19 01:25:00"
"2020-01-08 18:00:00","D","2.436","2.515","2.370","6.000","2021-06-19 01:25:00"
"2020-01-09 00:00:00","D","2.479","2.545","2.438","6.000","2021-06-19 01:25:00"
"2020-01-09 06:00:00","D","2.481","2.505","2.468","6.000","2021-06-19 01:25:00"
"2020-01-09 12:00:00","D","2.491","2.533","2.405","6.000","2021-06-19 01:25:00"
"2020-01-09 18:00:00","D","2.446","2.710","2.265","6.000","2021-06-19 01:25:00"
"2020-01-10 00:00:00","D","2.832","2.923","2.758","6.000","2021-06-19 01:25:00"
"2020-01-10 06:00:00","D","3.591","4.200","2.938","6.000","2021-06-19 01:25:00"
"2020-01-10 12:00:00","D","4.016","4.200","3.825","6.000","2021-06-19 01:25:00"
"2020-01-10 18:00:00","D","3.911","4.128","3.805","6.000","2021-06-19 01:25:00"
"2020-01-11 00:00:00","D","3.801","3.898","3.663","6.000","2021-06-19 01:25:00"
"2020-01-11 06:00:00","D","3.757","3.908","3.633","6.000","2021-06-19 01:25:00"
"2020-01-11 12:00:00","D","3.619","3.800","3.458","6.000","2021-06-19 01:25:00"
"2020-01-11 18:00:00","D","3.317","3.695","3.173","6.000","2021-06-19 01:25:00"
"2020-01-12 00:00:00","D","3.178","3.235","3.108","6.000","2021-06-19 01:25:00"
"2020-01-12 06:00:00","D","3.111","3.173","3.010","6.000","2021-06-19 01:25:00"
"2020-01-12 12:00:00","D","2.989","3.025","2.933","6.000","2021-06-19 01:25:00"
"2020-01-12 18:00:00","D","2.885","3.100","2.568","6.000","2021-06-19 01:25:00"
"2020-01-13 00:00:00","D","2.947","3.118","2.730","6.000","2021-06-19 01:25:00"
"2020-01-13 06:00:00","D","2.969","3.040","2.870","6.000","2021-06-19 01:25:00"
"2020-01-13 12:00:00","D","2.970","3.128","2.763","6.000","2021-06-19 01:25:00"
"2020-01-13 18:00:00","D","2.955","3.045","2.838","6.000","2021-06-19 01:25:00"
"2020-01-14 00:00:00","D","3.035","3.128","2.983","6.000","2021-06-19 01:25:00"
"2020-01-14 06:00:00","D","3.285","3.683","3.173","6.000","2021-06-19 01:25:00"
"2020-01-14 12:00:00","D","4.193","4.420","3.735","6.000","2021-06-19 01:25:00"
"2020-01-14 18:00:00","D","3.998","4.283","3.745","6.000","2021-06-19 01:25:00"
"2020-01-15 00:00:00","D","4.176","4.215","4.120","6.000","2021-06-19 01:25:00"
"2020-01-15 06:00:00","D","5.410","6.783","4.330","6.000","2021-06-19 01:25:00"
"2020-01-15 12:00:00","D","11.076","15.475","7.715","6.000","2021-06-19 01:25:00"
"2020-01-15 18:00:00","D","19.404","21.325","16.925","6.000","2021-06-19 01:25:00"
"2020-01-16 00:00:00","D","21.579","21.825","21.125","6.000","2021-06-19 01:25:00"
"2020-01-16 06:00:00","D","17.250","19.825","14.325","6.000","2021-06-19 01:25:00"
"2020-01-16 12:00:00","D","11.454","13.525","9.810","6.000","2021-06-19 01:25:00"
"2020-01-16 18:00:00","D","9.510","10.275","8.870","6.000","2021-06-19 01:25:00"
"2020-01-17 00:00:00","D","7.240","8.630","4.773","6.000","2021-06-19 01:25:00"
"2020-01-17 06:00:00","D","7.155","8.163","6.565","6.000","2021-06-19 01:25:00"
"2020-01-17 12:00:00","D","7.413","7.813","6.930","6.000","2021-06-19 01:25:00"
"2020-01-17 18:00:00","D","8.584","9.063","7.970","6.000","2021-06-19 01:25:00"
"2020-01-18 00:00:00","D","8.795","9.065","8.498","6.000","2021-06-19 01:25:00"
"2020-01-18 06:00:00","D","8.349","8.635","8.048","6.000","2021-06-19 01:25:00"
"2020-01-18 12:00:00","D","7.509","8.090","6.088","6.000","2021-06-19 01:25:00"
"2020-01-18 18:00:00","D","6.241","6.463","5.935","6.000","2021-06-19 01:25:00"
"2020-01-19 00:00:00","D","5.865","6.218","5.273","6.000","2021-06-19 01:25:00"
"2020-01-19 06:00:00","D","4.812","5.120","4.563","6.000","2021-06-19 01:25:00"
"2020-01-19 12:00:00","D","4.326","4.655","3.983","6.000","2021-06-19 01:25:00"
"2020-01-19 18:00:00","D","4.040","4.283","3.858","6.000","2021-06-19 01:25:00"
"2020-01-20 00:00:00","D","3.554","4.218","3.043","6.000","2021-06-19 01:25:00"
"2020-01-20 06:00:00","D","3.601","3.680","3.498","6.000","2021-06-19 01:25:00"
"2020-01-20 12:00:00","D","3.832","4.575","3.543","6.000","2021-06-19 01:25:00"
"2020-01-20 18:00:00","D","3.139","3.410","2.760","6.000","2021-06-19 01:25:00"
"2020-01-21 00:00:00","D","3.427","3.513","3.363","6.000","2021-06-19 01:25:00"
"2020-01-21 06:00:00","D","3.376","3.520","3.235","6.000","2021-06-19 01:25:00"
"2020-01-21 12:00:00","D","3.317","3.420","3.203","6.000","2021-06-19 01:25:00"
"2020-01-21 18:00:00","D","3.397","3.735","3.178","6.000","2021-06-19 01:25:00"
"2020-01-22 00:00:00","D","3.416","3.560","3.318","6.000","2021-06-19 01:25:00"
"2020-01-22 06:00:00","D","3.258","3.355","3.140","6.000","2021-06-19 01:25:00"
"2020-01-22 12:00:00","D","3.273","3.328","3.180","6.000","2021-06-19 01:25:00"
"2020-01-22 18:00:00","D","3.110","3.325","2.853","6.000","2021-06-19 01:25:00"
"2020-01-23 00:00:00","D","3.137","3.260","3.033","6.000","2021-06-19 01:25:00"
"2020-01-23 06:00:00","D","3.146","3.245","3.073","6.000","2021-06-19 01:25:00"
"2020-01-23 12:00:00","D","3.128","3.180","3.093","6.000","2021-06-19 01:25:00"
"2020-01-23 18:00:00","D","3.045","3.078","3.015","6.000","2021-06-19 01:25:00"
"2020-01-24 00:00:00","D","3.107","3.168","3.045","6.000","2021-06-19 01:25:00"
"2020-01-24 06:00:00","D","3.155","3.238","3.073","6.000","2021-06-19 01:25:00"
"2020-01-24 12:00:00","D","3.221","3.330","3.055","6.000","2021-06-19 01:25:00"
"2020-01-24 18:00:00","D","3.061","3.318","2.870","6.000","2021-06-19 01:25:00"
"2020-01-25 00:00:00","D","2.888","2.963","2.755","6.000","2021-06-19 01:25:00"
"2020-01-25 06:00:00","D","2.930","2.968","2.883","6.000","2021-06-19 01:25:00"
"2020-01-25 12:00:00","D","2.966","3.003","2.913","6.000","2021-06-19 01:25:00"
"2020-01-25 18:00:00","D","2.931","3.243","2.625","6.000","2021-06-19 01:25:00"
"2020-01-26 00:00:00","D","3.097","3.243","2.940","6.000","2021-06-19 01:25:00"
"2020-01-26 06:00:00","D","2.950","3.063","2.863","6.000","2021-06-19 01:25:00"
"2020-01-26 12:00:00","D","2.921","3.058","2.833","6.000","2021-06-19 01:25:00"
"2020-01-26 18:00:00","D","2.847","2.955","2.743","6.000","2021-06-19 01:25:00"
"2020-01-27 00:00:00","D","2.862","2.978","2.713","6.000","2021-06-19 01:25:00"
"2020-01-27 06:00:00","D","2.854","2.958","2.768","6.000","2021-06-19 01:25:00"
"2020-01-27 12:00:00","D","2.937","3.033","2.765","6.000","2021-06-19 01:25:00"
"2020-01-27 18:00:00","D","3.172","3.500","2.968","6.000","2021-06-19 01:25:00"
"2020-01-28 00:00:00","D","3.642","3.993","3.353","6.000","2021-06-19 01:25:00"
"2020-01-28 06:00:00","D","5.601","6.428","4.665","6.000","2021-06-19 01:25:00"
"2020-01-28 12:00:00","D","5.125","5.453","4.995","6.000","2021-06-19 01:25:00"
"2020-01-28 18:00:00","D","5.469","5.813","5.163","6.000","2021-06-19 01:25:00"
"2020-01-29 00:00:00","D","5.751","5.988","5.558","6.000","2021-06-19 01:25:00"
"2020-01-29 06:00:00","D","5.166","5.415","5.010","6.000","2021-06-19 01:25:00"
"2020-01-29 12:00:00","D","4.657","4.943","4.475","6.000","2021-06-19 01:25:00"
"2020-01-29 18:00:00","D","4.089","4.485","3.523","6.000","2021-06-19 01:25:00"
"2020-01-30 00:00:00","D","3.875","3.998","3.718","6.000","2021-06-19 01:25:00"
"2020-01-30 06:00:00","D","3.540","3.700","3.183","6.000","2021-06-19 01:25:00"
"2020-01-30 12:00:00","D","3.489","3.740","3.368","6.000","2021-06-19 01:25:00"
"2020-01-30 18:00:00","D","3.363","3.465","3.283","6.000","2021-06-19 01:25:00"
"2020-01-31 00:00:00","D","3.322","3.388","3.190","6.000","2021-06-19 01:25:00"
"2020-01-31 06:00:00","D","3.101","3.260","2.945","6.000","2021-06-19 01:25:00"
"2020-01-31 12:00:00","D","3.099","3.213","3.005","6.000","2021-06-19 01:25:00"
"2020-01-31 18:00:00","D","3.062","3.173","2.948","6.000","2021-06-19 01:25:00"
"2020-02-01 00:00:00","D","2.904","3.018","2.810","6.000","2021-06-19 01:25:00"
"2020-02-01 06:00:00","D","2.915","2.983","2.828","6.000","2021-06-19 01:25:00"
"2020-02-01 12:00:00","D","2.961","3.018","2.885","6.000","2021-06-19 01:25:30"
"2020-02-01 18:00:00","D","2.819","2.978","2.663","6.000","2021-06-19 01:25:30"
"2020-02-02 00:00:00","D","2.891","3.008","2.783","6.000","2021-06-19 01:25:30"
"2020-02-02 06:00:00","D","2.922","3.035","2.813","6.000","2021-06-19 01:25:30"
"2020-02-02 12:00:00","D","2.927","2.983","2.838","6.000","2021-06-19 01:25:30"
"2020-02-02 18:00:00","D","3.459","3.613","3.163","6.000","2021-06-19 01:25:30"
"2020-02-03 00:00:00","D","3.537","3.645","3.345","6.000","2021-06-19 01:25:30"
"2020-02-03 06:00:00","D","3.267","3.390","3.133","6.000","2021-06-19 01:25:30"
"2020-02-03 12:00:00","D","3.190","3.328","3.105","6.000","2021-06-19 01:25:30"
"2020-02-03 18:00:00","D","3.145","3.313","3.008","6.000","2021-06-19 01:25:30"
"2020-02-04 00:00:00","D","3.136","3.255","3.013","6.000","2021-06-19 01:25:30"
"2020-02-04 06:00:00","D","3.027","3.203","2.905","6.000","2021-06-19 01:25:30"
"2020-02-04 12:00:00","D","3.047","3.195","2.923","6.000","2021-06-19 01:25:30"
"2020-02-04 18:00:00","D","2.616","3.000","2.440","6.000","2021-06-19 01:25:30"
"2020-02-05 00:00:00","D","2.648","2.698","2.618","6.000","2021-06-19 01:25:30"
"2020-02-05 06:00:00","D","2.580","2.648","2.510","6.000","2021-06-19 01:25:30"
"2020-02-05 12:00:00","D","2.545","2.665","2.428","6.000","2021-06-19 01:25:30"
"2020-02-05 18:00:00","D","2.476","2.615","2.368","6.000","2021-06-19 01:25:30"
"2020-02-06 00:00:00","D","2.527","2.558","2.478","6.000","2021-06-19 01:25:30"
"2020-02-06 06:00:00","D","2.406","2.450","2.353","6.000","2021-06-19 01:25:30"
"2020-02-06 12:00:00","D","2.380","2.423","2.340","6.000","2021-06-19 01:25:30"
"2020-02-06 18:00:00","D","2.589","2.718","2.478","6.000","2021-06-19 01:25:30"
"2020-02-07 00:00:00","D","2.609","2.665","2.505","6.000","2021-06-19 01:25:30"
"2020-02-07 06:00:00","D","2.547","2.633","2.440","6.000","2021-06-19 01:25:30"
"2020-02-07 12:00:00","D","2.597","2.838","2.380","6.000","2021-06-19 01:25:30"
"2020-02-07 18:00:00","D","2.644","2.765","2.575","6.000","2021-06-19 01:25:30"
"2020-02-08 00:00:00","D","2.568","2.635","2.528","6.000","2021-06-19 01:25:30"
"2020-02-08 06:00:00","D","2.561","2.598","2.503","6.000","2021-06-19 01:25:30"
"2020-02-08 12:00:00","D","2.620","2.818","2.435","6.000","2021-06-19 01:25:30"
"2020-02-08 18:00:00","D","2.685","2.820","2.578","6.000","2021-06-19 01:25:30"
"2020-02-09 00:00:00","D","2.702","2.768","2.595","6.000","2021-06-19 01:25:30"
"2020-02-09 06:00:00","D","2.709","2.758","2.688","6.000","2021-06-19 01:25:30"
"2020-02-09 12:00:00","D","2.709","2.810","2.655","6.000","2021-06-19 01:25:30"
"2020-02-09 18:00:00","D","2.893","3.110","2.733","6.000","2021-06-19 01:25:30"
"2020-02-10 00:00:00","D","3.301","3.835","2.885","6.000","2021-06-19 01:25:30"
"2020-02-10 06:00:00","D","4.665","4.918","4.430","6.000","2021-06-19 01:25:30"
"2020-02-10 12:00:00","D","4.047","4.298","3.910","6.000","2021-06-19 01:25:30"
"2020-02-10 18:00:00","D","3.859","3.940","3.743","6.000","2021-06-19 01:25:30"
"2020-02-11 00:00:00","D","4.172","4.508","3.963","6.000","2021-06-19 01:25:30"
"2020-02-11 06:00:00","D","4.665","5.010","4.258","6.000","2021-06-19 01:25:30"
"2020-02-11 12:00:00","D","4.422","4.975","3.905","6.000","2021-06-19 01:25:30"
"2020-02-11 18:00:00","D","3.862","4.143","3.740","6.000","2021-06-19 01:25:30"
"2020-02-12 00:00:00","D","3.533","3.683","3.213","6.000","2021-06-19 01:25:30"
"2020-02-12 06:00:00","D","3.189","3.265","3.128","6.000","2021-06-19 01:25:30"
"2020-02-12 12:00:00","D","3.109","3.230","2.873","6.000","2021-06-19 01:25:30"
"2020-02-12 18:00:00","D","2.892","2.978","2.740","6.000","2021-06-19 01:25:30"
"2020-02-13 00:00:00","D","3.051","3.113","2.958","6.000","2021-06-19 01:25:30"
"2020-02-13 06:00:00","D","3.119","3.418","3.000","6.000","2021-06-19 01:25:30"
"2020-02-13 12:00:00","D","4.260","5.798","3.718","6.000","2021-06-19 01:25:30"
"2020-02-13 18:00:00","D","7.078","8.180","6.310","6.000","2021-06-19 01:25:30"
"2020-02-14 00:00:00","D","5.439","6.155","4.788","6.000","2021-06-19 01:25:30"
"2020-02-14 06:00:00","D","4.801","5.118","4.478","6.000","2021-06-19 01:25:30"
"2020-02-14 12:00:00","D","4.587","4.873","4.258","6.000","2021-06-19 01:25:30"
"2020-02-14 18:00:00","D","4.178","4.520","3.735","6.000","2021-06-19 01:25:30"
"2020-02-15 00:00:00","D","4.056","4.260","3.948","6.000","2021-06-19 01:25:30"
"2020-02-15 06:00:00","D","3.890","4.088","3.750","6.000","2021-06-19 01:25:30"
"2020-02-15 12:00:00","D","3.773","3.875","3.713","6.000","2021-06-19 01:25:30"
"2020-02-15 18:00:00","D","4.149","4.500","3.848","6.000","2021-06-19 01:25:30"
"2020-02-16 00:00:00","D","4.753","5.213","4.280","6.000","2021-06-19 01:25:30"
"2020-02-16 06:00:00","D","7.008","7.848","6.590","6.000","2021-06-19 01:25:30"
"2020-02-16 12:00:00","D","8.837","10.838","7.295","6.000","2021-06-19 01:25:30"
"2020-02-16 18:00:00","D","17.467","21.175","12.850","6.000","2021-06-19 01:25:30"
"2020-02-17 00:00:00","D","25.221","27.100","23.375","6.000","2021-06-19 01:25:30"
"2020-02-17 06:00:00","D","28.875","29.600","27.725","6.000","2021-06-19 01:25:30"
"2020-02-17 12:00:00","D","24.104","27.350","21.275","6.000","2021-06-19 01:25:30"
"2020-02-17 18:00:00","D","15.796","18.800","13.550","6.000","2021-06-19 01:25:30"
"2020-02-18 00:00:00","D","12.817","14.400","11.575","6.000","2021-06-19 01:25:30"
"2020-02-18 06:00:00","D","10.041","10.900","9.128","6.000","2021-06-19 01:25:30"
"2020-02-18 12:00:00","D","8.299","8.875","7.755","6.000","2021-06-19 01:25:30"
"2020-02-18 18:00:00","D","6.920","7.948","5.573","6.000","2021-06-19 01:25:30"
"2020-02-19 00:00:00","D","6.554","6.808","6.190","6.000","2021-06-19 01:25:30"
"2020-02-19 06:00:00","D","6.143","6.313","5.973","6.000","2021-06-19 01:25:30"
"2020-02-19 12:00:00","D","5.575","6.193","5.058","6.000","2021-06-19 01:25:30"
"2020-02-19 18:00:00","D","5.344","5.613","5.133","6.000","2021-06-19 01:25:30"
"2020-02-20 00:00:00","D","5.152","5.220","5.048","6.000","2021-06-19 01:25:30"
"2020-02-20 06:00:00","D","4.972","5.060","4.915","6.000","2021-06-19 01:25:30"
"2020-02-20 12:00:00","D","4.817","4.975","4.603","6.000","2021-06-19 01:25:30"
"2020-02-20 18:00:00","D","4.764","5.063","4.293","6.000","2021-06-19 01:25:30"
"2020-02-21 00:00:00","D","5.002","5.303","4.718","6.000","2021-06-19 01:25:30"
"2020-02-21 06:00:00","D","5.382","5.675","5.155","6.000","2021-06-19 01:25:30"
"2020-02-21 12:00:00","D","5.003","5.243","4.895","6.000","2021-06-19 01:25:30"
"2020-02-21 18:00:00","D","4.925","5.125","4.655","6.000","2021-06-19 01:25:30"
"2020-02-22 00:00:00","D","4.981","5.093","4.895","6.000","2021-06-19 01:25:30"
"2020-02-22 06:00:00","D","4.789","4.928","4.638","6.000","2021-06-19 01:25:30"
"2020-02-22 12:00:00","D","4.591","4.738","4.423","6.000","2021-06-19 01:25:30"
"2020-02-22 18:00:00","D","4.283","4.415","4.133","6.000","2021-06-19 01:25:30"
"2020-02-23 00:00:00","D","4.301","4.430","4.163","6.000","2021-06-19 01:25:30"
"2020-02-23 06:00:00","D","4.119","4.253","4.025","6.000","2021-06-19 01:25:30"
"2020-02-23 12:00:00","D","4.103","4.188","4.013","6.000","2021-06-19 01:25:30"
"2020-02-23 18:00:00","D","4.229","4.525","4.055","6.000","2021-06-19 01:25:30"
"2020-02-24 00:00:00","D","4.281","4.430","4.130","6.000","2021-06-19 01:25:30"
"2020-02-24 06:00:00","D","4.095","4.238","4.038","6.000","2021-06-19 01:25:30"
"2020-02-24 12:00:00","D","4.112","4.205","3.805","6.000","2021-06-19 01:25:30"
"2020-02-24 18:00:00","D","4.149","4.485","3.940","6.000","2021-06-19 01:25:30"
"2020-02-25 00:00:00","D","4.668","4.915","4.438","6.000","2021-06-19 01:25:30"
"2020-02-25 06:00:00","D","4.745","4.913","4.615","6.000","2021-06-19 01:25:30"
"2020-02-25 12:00:00","D","4.465","4.483","4.428","6.000","2021-06-19 01:25:30"
"2020-02-25 18:00:00","D","4.421","4.568","4.288","6.000","2021-06-19 01:25:30"
"2020-02-26 00:00:00","D","4.312","4.343","4.275","6.000","2021-06-19 01:25:30"
"2020-02-26 06:00:00","D","4.160","4.245","4.073","6.000","2021-06-19 01:25:30"
"2020-02-26 12:00:00","D","4.074","4.143","3.850","6.000","2021-06-19 01:25:30"
"2020-02-26 18:00:00","D","3.821","4.083","3.348","6.000","2021-06-19 01:25:30"
"2020-02-27 00:00:00","D","3.816","3.930","3.695","6.000","2021-06-19 01:25:30"
"2020-02-27 06:00:00","D","3.723","3.825","3.558","6.000","2021-06-19 01:25:30"
"2020-02-27 12:00:00","D","4.140","4.370","3.905","6.000","2021-06-19 01:25:30"
"2020-02-27 18:00:00","D","4.857","5.563","4.053","6.000","2021-06-19 01:25:30"
"2020-02-28 00:00:00","D","6.217","6.460","6.088","6.000","2021-06-19 01:25:30"
"2020-02-28 06:00:00","D","5.601","5.970","5.443","6.000","2021-06-19 01:25:30"
"2020-02-28 12:00:00","D","5.794","6.315","5.448","6.000","2021-06-19 01:25:30"
"2020-02-28 18:00:00","D","7.427","8.478","6.478","6.000","2021-06-19 01:25:30"
"2020-02-29 00:00:00","D","12.358","16.125","8.853","6.000","2021-06-19 01:25:30"
"2020-02-29 06:00:00","D","17.504","18.475","16.600","6.000","2021-06-19 01:25:30"
"2020-02-29 12:00:00","D","18.004","18.500","17.125","6.000","2021-06-19 01:25:30"
"2020-02-29 18:00:00","D","19.292","20.850","18.175","6.000","2021-06-19 01:25:30"
"2020-03-01 00:00:00","D","21.429","21.775","20.700","6.000","2021-06-19 01:25:30"
"2020-03-01 06:00:00","D","18.067","20.250","15.525","6.000","2021-06-19 01:25:30"
"2020-03-01 12:00:00","D","12.866","14.025","10.193","6.000","2021-06-19 01:25:30"
"2020-03-01 18:00:00","D","10.988","11.450","10.413","6.000","2021-06-19 01:25:30"
"2020-03-02 00:00:00","D","9.331","10.013","8.288","6.000","2021-06-19 01:25:30"
"2020-03-02 06:00:00","D","8.401","9.200","7.845","6.000","2021-06-19 01:25:30"
"2020-03-02 12:00:00","D","8.574","9.218","8.095","6.000","2021-06-19 01:25:30"
"2020-03-02 18:00:00","D","8.651","8.990","8.203","6.000","2021-06-19 01:25:30"
"2020-03-03 00:00:00","D","7.702","8.070","7.058","6.000","2021-06-19 01:25:30"
"2020-03-03 06:00:00","D","6.637","7.570","5.028","6.000","2021-06-19 01:25:30"
"2020-03-03 12:00:00","D","6.633","7.128","6.355","6.000","2021-06-19 01:25:30"
"2020-03-03 18:00:00","D","5.802","7.103","4.920","6.000","2021-06-19 01:25:30"
"2020-03-04 00:00:00","D","5.674","6.183","5.290","6.000","2021-06-19 01:25:30"
"2020-03-04 06:00:00","D","5.206","5.255","5.175","6.000","2021-06-19 01:25:30"
"2020-03-04 12:00:00","D","5.157","5.288","5.028","6.000","2021-06-19 01:25:30"
"2020-03-04 18:00:00","D","4.973","5.363","4.445","6.000","2021-06-19 01:25:30"
"2020-03-05 00:00:00","D","5.229","5.495","5.103","6.000","2021-06-19 01:25:30"
"2020-03-05 06:00:00","D","5.524","5.743","5.275","6.000","2021-06-19 01:25:30"
"2020-03-05 12:00:00","D","5.427","5.630","5.258","6.000","2021-06-19 01:25:30"
"2020-03-05 18:00:00","D","5.997","6.723","5.355","6.000","2021-06-19 01:25:30"
"2020-03-06 00:00:00","D","8.527","10.525","6.275","6.000","2021-06-19 01:25:30"
"2020-03-06 06:00:00","D","11.163","11.775","10.675","6.000","2021-06-19 01:25:30"
"2020-03-06 12:00:00","D","12.908","13.875","11.900","6.000","2021-06-19 01:25:30"
"2020-03-06 18:00:00","D","10.604","12.075","9.530","6.000","2021-06-19 01:25:30"
"2020-03-07 00:00:00","D","8.977","9.918","8.583","6.000","2021-06-19 01:25:30"
"2020-03-07 06:00:00","D","7.623","8.055","6.893","6.000","2021-06-19 01:25:30"
"2020-03-07 12:00:00","D","6.452","7.030","6.045","6.000","2021-06-19 01:25:30"
"2020-03-07 18:00:00","D","6.059","6.780","5.603","6.000","2021-06-19 01:25:30"
"2020-03-08 00:00:00","D","5.621","5.895","5.458","6.000","2021-06-19 01:25:30"
"2020-03-08 06:00:00","D","5.462","5.550","5.410","6.000","2021-06-19 01:25:30"
"2020-03-08 12:00:00","D","5.236","5.465","4.870","6.000","2021-06-19 01:25:30"
"2020-03-08 18:00:00","D","5.230","5.613","4.930","6.000","2021-06-19 01:25:30"
"2020-03-09 00:00:00","D","5.206","5.428","5.050","6.000","2021-06-19 01:25:30"
"2020-03-09 06:00:00","D","4.913","5.090","4.780","6.000","2021-06-19 01:25:30"
"2020-03-09 12:00:00","D","4.790","4.848","4.668","6.000","2021-06-19 01:25:30"
"2020-03-09 18:00:00","D","4.590","4.973","4.280","6.000","2021-06-19 01:25:30"
"2020-03-10 00:00:00","D","4.837","5.073","4.603","6.000","2021-06-19 01:25:30"
"2020-03-10 06:00:00","D","5.721","7.698","5.135","6.000","2021-06-19 01:25:30"
"2020-03-10 12:00:00","D","7.666","8.148","7.000","6.000","2021-06-19 01:25:30"
"2020-03-10 18:00:00","D","7.652","8.880","6.868","6.000","2021-06-19 01:25:30"
"2020-03-11 00:00:00","D","6.563","7.273","5.368","6.000","2021-06-19 01:25:30"
"2020-03-11 06:00:00","D","6.852","7.583","6.165","6.000","2021-06-19 01:25:30"
"2020-03-11 12:00:00","D","6.429","6.930","5.888","6.000","2021-06-19 01:25:30"
"2020-03-11 18:00:00","D","5.819","6.130","5.395","6.000","2021-06-19 01:25:30"
"2020-03-12 00:00:00","D","5.525","5.818","5.143","6.000","2021-06-19 01:25:30"
"2020-03-12 06:00:00","D","5.276","5.565","5.110","6.000","2021-06-19 01:25:30"
"2020-03-12 12:00:00","D","5.164","5.358","4.960","6.000","2021-06-19 01:25:30"
"2020-03-12 18:00:00","D","4.692","5.093","4.028","6.000","2021-06-19 01:25:30"
"2020-03-13 00:00:00","D","4.940","5.093","4.718","6.000","2021-06-19 01:25:30"
"2020-03-13 06:00:00","D","4.702","4.845","4.568","6.000","2021-06-19 01:25:30"
"2020-03-13 12:00:00","D","4.372","4.613","4.015","6.000","2021-06-19 01:25:30"
"2020-03-13 18:00:00","D","4.388","4.603","4.135","6.000","2021-06-19 01:25:30"
"2020-03-14 00:00:00","D","4.405","4.583","4.243","6.000","2021-06-19 01:25:30"
"2020-03-14 06:00:00","D","4.326","4.373","4.235","6.000","2021-06-19 01:25:30"
"2020-03-14 12:00:00","D","4.295","4.438","4.068","6.000","2021-06-19 01:25:30"
"2020-03-14 18:00:00","D","4.436","4.555","4.248","6.000","2021-06-19 01:25:30"
"2020-03-15 00:00:00","D","4.558","4.878","4.403","6.000","2021-06-19 01:25:30"
"2020-03-15 06:00:00","D","4.380","4.463","4.335","6.000","2021-06-19 01:25:30"
"2020-03-15 12:00:00","D","4.308","4.403","4.225","6.000","2021-06-19 01:25:31"
"2020-03-15 18:00:00","D","4.357","4.543","4.100","6.000","2021-06-19 01:25:30"
"2020-03-16 00:00:00","D","4.375","4.448","4.303","6.000","2021-06-19 01:25:31"
"2020-03-16 06:00:00","D","4.505","4.608","4.330","6.000","2021-06-19 01:25:30"
"2020-03-16 12:00:00","D","4.461","4.613","4.218","6.000","2021-06-19 01:25:31"
"2020-03-16 18:00:00","D","4.372","4.565","4.178","6.000","2021-06-19 01:25:30"
"2020-03-17 00:00:00","D","4.162","4.308","4.050","6.000","2021-06-19 01:25:31"
"2020-03-17 06:00:00","D","4.178","4.275","4.050","6.000","2021-06-19 01:25:30"
"2020-03-17 12:00:00","D","4.161","4.650","3.818","6.000","2021-06-19 01:25:31"
"2020-03-17 18:00:00","D","3.872","4.118","3.518","6.000","2021-06-19 01:25:30"
"2020-03-18 00:00:00","D","3.962","4.125","3.885","6.000","2021-06-19 01:25:30"
"2020-03-18 06:00:00","D","3.938","4.008","3.848","6.000","2021-06-19 01:25:30"
"2020-03-18 12:00:00","D","3.846","3.938","3.765","6.000","2021-06-19 01:25:30"
"2020-03-18 18:00:00","D","3.994","4.100","3.818","6.000","2021-06-19 01:25:30"
"2020-03-19 00:00:00","D","3.875","3.928","3.730","6.000","2021-06-19 01:25:30"
"2020-03-19 06:00:00","D","3.934","4.013","3.850","6.000","2021-06-19 01:25:31"
"2020-03-19 12:00:00","D","3.891","4.025","3.810","6.000","2021-06-19 01:25:30"
"2020-03-19 18:00:00","D","3.895","4.218","3.760","6.000","2021-06-19 01:25:31"
"2020-03-20 00:00:00","D","3.930","3.995","3.853","6.000","2021-06-19 01:25:30"
"2020-03-20 06:00:00","D","3.887","3.930","3.843","6.000","2021-06-19 01:25:31"
"2020-03-20 12:00:00","D","3.830","3.945","3.755","6.000","2021-06-19 01:25:30"
"2020-03-20 18:00:00","D","3.906","4.333","3.758","6.000","2021-06-19 01:25:31"
"2020-03-21 00:00:00","D","3.740","3.890","3.573","6.000","2021-06-19 01:25:30"
"2020-03-21 06:00:00","D","3.668","3.753","3.613","6.000","2021-06-19 01:25:31"
"2020-03-21 12:00:00","D","3.759","3.890","3.593","6.000","2021-06-19 01:25:30"
"2020-03-21 18:00:00","D","3.641","3.768","3.438","6.000","2021-06-19 01:25:30"
"2020-03-22 00:00:00","D","3.589","3.710","3.538","6.000","2021-06-19 01:25:30"
"2020-03-22 06:00:00","D","3.456","3.565","3.343","6.000","2021-06-19 01:25:30"
"2020-03-22 12:00:00","D","3.487","3.518","3.450","6.000","2021-06-19 01:25:30"
"2020-03-22 18:00:00","D","3.532","3.795","3.323","6.000","2021-06-19 01:25:30"
"2020-03-23 00:00:00","D","3.487","3.610","3.393","6.000","2021-06-19 01:25:30"
"2020-03-23 06:00:00","D","3.437","3.540","3.350","6.000","2021-06-19 01:25:30"
"2020-03-23 12:00:00","D","3.521","3.655","3.420","6.000","2021-06-19 01:25:31"
"2020-03-23 18:00:00","D","3.537","3.673","3.363","6.000","2021-06-19 01:25:30"
"2020-03-24 00:00:00","D","3.554","3.685","3.365","6.000","2021-06-19 01:25:31"
"2020-03-24 06:00:00","D","3.442","3.535","3.300","6.000","2021-06-19 01:25:30"
"2020-03-24 12:00:00","D","3.442","3.580","3.228","6.000","2021-06-19 01:25:31"
"2020-03-24 18:00:00","D","3.626","3.823","3.475","6.000","2021-06-19 01:25:30"
"2020-03-25 00:00:00","D","3.482","3.573","3.293","6.000","2021-06-19 01:25:31"
"2020-03-25 06:00:00","D","3.477","3.528","3.378","6.000","2021-06-19 01:25:30"
"2020-03-25 12:00:00","D","3.446","3.673","3.343","6.000","2021-06-19 01:25:31"
"2020-03-25 18:00:00","D","3.820","4.010","3.600","6.000","2021-06-19 01:25:30"
"2020-03-26 00:00:00","D","3.454","3.558","3.398","6.000","2021-06-19 01:25:30"
"2020-03-26 06:00:00","D","3.468","3.600","3.295","6.000","2021-06-19 01:25:30"
"2020-03-26 12:00:00","D","3.396","3.503","3.280","6.000","2021-06-19 01:25:30"
"2020-03-26 18:00:00","D","3.432","3.593","3.255","6.000","2021-06-19 01:25:30"
"2020-03-27 00:00:00","D","3.459","3.550","3.388","6.000","2021-06-19 01:25:30"
"2020-03-27 06:00:00","D","3.408","3.468","3.305","6.000","2021-06-19 01:25:31"
"2020-03-27 12:00:00","D","3.307","3.448","3.250","6.000","2021-06-19 01:25:30"
"2020-03-27 18:00:00","D","3.396","3.498","3.313","6.000","2021-06-19 01:25:31"
"2020-03-28 00:00:00","D","3.334","3.430","3.253","6.000","2021-06-19 01:25:30"
"2020-03-28 06:00:00","D","3.294","3.465","3.145","6.000","2021-06-19 01:25:31"
"2020-03-28 12:00:00","D","3.234","3.320","3.108","6.000","2021-06-19 01:25:30"
"2020-03-28 18:00:00","D","3.309","3.418","3.213","6.000","2021-06-19 01:25:31"
"2020-03-29 00:00:00","D","3.320","3.510","3.160","6.000","2021-06-19 01:25:30"
"2020-03-29 06:00:00","D","3.215","3.430","3.018","6.000","2021-06-19 01:25:31"
"2020-03-29 12:00:00","D","3.163","3.358","2.968","6.000","2021-06-19 01:25:30"
"2020-03-29 18:00:00","D","3.130","3.270","2.990","6.000","2021-06-19 01:25:31"
"2020-03-30 00:00:00","D","3.235","3.323","3.120","6.000","2021-06-19 01:25:30"
"2020-03-30 06:00:00","D","3.120","3.178","3.045","6.000","2021-06-19 01:25:30"
"2020-03-30 12:00:00","D","3.115","3.245","3.003","6.000","2021-06-19 01:25:30"
"2020-03-30 18:00:00","D","3.210","3.423","3.070","6.000","2021-06-19 01:25:30"
"2020-03-31 00:00:00","D","3.229","3.358","3.075","6.000","2021-06-19 01:25:30"
"2020-03-31 06:00:00","D","3.124","3.253","3.018","6.000","2021-06-19 01:25:30"
"2020-03-31 12:00:00","D","3.155","3.295","2.973","6.000","2021-06-19 01:25:31"
"2020-03-31 18:00:00","D","3.142","3.408","2.925","6.000","2021-06-19 01:25:30"
"2020-04-01 00:00:00","D","3.192","3.248","3.135","6.000","2021-06-19 01:25:31"
"2020-04-01 06:00:00","D","3.124","3.233","3.013","6.000","2021-06-19 01:25:30"
"2020-04-01 12:00:00","D","3.117","3.175","3.020","6.000","2021-06-19 01:25:31"
"2020-04-01 18:00:00","D","3.181","3.343","3.075","6.000","2021-06-19 01:25:30"
"2020-04-02 00:00:00","D","3.220","3.460","2.993","6.000","2021-06-19 01:25:31"
"2020-04-02 06:00:00","D","3.131","3.273","2.990","6.000","2021-06-19 01:25:30"
"2020-04-02 12:00:00","D","3.038","3.170","2.905","6.000","2021-06-19 01:25:31"
"2020-04-02 18:00:00","D","3.109","3.260","2.828","6.000","2021-06-19 01:25:30"
"2020-04-03 00:00:00","D","3.167","3.395","3.043","6.000","2021-06-19 01:25:30"
"2020-04-03 06:00:00","D","3.071","3.260","2.928","6.000","2021-06-19 01:25:30"
"2020-04-03 12:00:00","D","3.098","3.250","2.880","6.000","2021-06-19 01:25:30"
"2020-04-03 18:00:00","D","3.062","3.235","2.830","6.000","2021-06-19 01:25:30"
"2020-04-04 00:00:00","D","3.144","3.320","2.985","6.000","2021-06-19 01:25:30"
"2020-04-04 06:00:00","D","3.111","3.223","3.018","6.000","2021-06-19 01:25:31"
"2020-04-04 12:00:00","D","3.121","3.265","3.020","6.000","2021-06-19 01:25:30"
"2020-04-04 18:00:00","D","3.064","3.130","2.960","6.000","2021-06-19 01:25:31"
"2020-04-05 00:00:00","D","3.169","3.233","3.040","6.000","2021-06-19 01:25:30"
"2020-04-05 06:00:00","D","3.082","3.138","3.040","6.000","2021-06-19 01:25:31"
"2020-04-05 12:00:00","D","3.121","3.318","2.978","6.000","2021-06-19 01:25:30"
"2020-04-05 18:00:00","D","3.056","3.315","2.665","6.000","2021-06-19 01:25:31"
"2020-04-06 00:00:00","D","3.096","3.333","2.925","6.000","2021-06-19 01:25:30"
"2020-04-06 06:00:00","D","3.081","3.358","2.903","6.000","2021-06-19 01:25:31"
"2020-04-06 12:00:00","D","2.991","3.263","2.855","6.000","2021-06-19 01:25:30"
"2020-04-06 18:00:00","D","3.014","3.175","2.745","6.000","2021-06-19 01:25:31"
"2020-04-07 00:00:00","D","3.034","3.225","2.793","6.000","2021-06-19 01:25:30"
"2020-04-07 06:00:00","D","3.020","3.130","2.890","6.000","2021-06-19 01:25:30"
"2020-04-07 12:00:00","D","3.040","3.265","2.815","6.000","2021-06-19 01:25:30"
"2020-04-07 18:00:00","D","2.978","3.198","2.645","6.000","2021-06-19 01:25:30"
"2020-04-08 00:00:00","D","3.017","3.260","2.765","6.000","2021-06-19 01:25:30"
"2020-04-08 06:00:00","D","2.969","3.148","2.765","6.000","2021-06-19 01:25:30"
"2020-04-08 12:00:00","D","2.927","3.018","2.878","6.000","2021-06-19 01:25:31"
"2020-04-08 18:00:00","D","2.977","3.113","2.813","6.000","2021-06-19 01:25:30"
"2020-04-09 00:00:00","D","3.050","3.115","2.983","6.000","2021-06-19 01:25:31"
"2020-04-09 06:00:00","D","2.948","3.063","2.868","6.000","2021-06-19 01:25:30"
"2020-04-09 12:00:00","D","2.991","3.210","2.890","6.000","2021-06-19 01:25:31"
"2020-04-09 18:00:00","D","2.917","3.175","2.645","6.000","2021-06-19 01:25:30"
"2020-04-10 00:00:00","D","2.937","3.040","2.773","6.000","2021-06-19 01:25:31"
"2020-04-10 06:00:00","D","2.987","3.055","2.918","6.000","2021-06-19 01:25:30"
"2020-04-10 12:00:00","D","2.903","2.980","2.783","6.000","2021-06-19 01:25:31"
"2020-04-10 18:00:00","D","3.029","3.115","2.895","6.000","2021-06-19 01:25:30"
"2020-04-11 00:00:00","D","2.922","3.030","2.813","6.000","2021-06-19 01:25:30"
"2020-04-11 06:00:00","D","3.015","3.053","2.978","6.000","2021-06-19 01:25:30"
"2020-04-11 12:00:00","D","2.881","3.093","2.650","6.000","2021-06-19 01:25:30"
"2020-04-11 18:00:00","D","2.991","3.185","2.863","6.000","2021-06-19 01:25:30"
"2020-04-12 00:00:00","D","2.844","3.118","2.510","6.000","2021-06-19 01:25:30"
"2020-04-12 06:00:00","D","2.824","3.028","2.625","6.000","2021-06-19 01:25:31"
"2020-04-12 12:00:00","D","2.836","3.128","2.578","6.000","2021-06-19 01:25:30"
"2020-04-12 18:00:00","D","2.829","3.218","2.630","6.000","2021-06-19 01:25:31"
"2020-04-13 00:00:00","D","2.916","3.155","2.623","6.000","2021-06-19 01:25:30"
"2020-04-13 06:00:00","D","2.855","3.058","2.668","6.000","2021-06-19 01:25:31"
"2020-04-13 12:00:00","D","2.935","3.250","2.783","6.000","2021-06-19 01:25:30"
"2020-04-13 18:00:00","D","2.818","3.083","2.613","6.000","2021-06-19 01:25:31"
"2020-04-14 00:00:00","D","2.840","2.983","2.635","6.000","2021-06-19 01:25:31"
"2020-04-14 06:00:00","D","2.786","2.910","2.673","6.000","2021-06-19 01:25:31"
"2020-04-14 12:00:00","D","2.763","2.808","2.698","6.000","2021-06-19 01:25:31"
"2020-04-14 18:00:00","D","2.825","2.990","2.563","6.000","2021-06-19 01:25:31"
"2020-04-15 00:00:00","D","2.774","2.918","2.470","6.000","2021-06-19 01:25:31"
"2020-04-15 06:00:00","D","2.665","2.808","2.533","6.000","2021-06-19 01:25:31"
"2020-04-15 12:00:00","D","2.756","2.993","2.615","6.000","2021-06-19 01:25:31"
"2020-04-15 18:00:00","D","2.834","3.068","2.653","6.000","2021-06-19 01:25:31"
"2020-04-16 00:00:00","D","2.678","2.863","2.505","6.000","2021-06-19 01:25:31"
"2020-04-16 06:00:00","D","2.734","2.905","2.625","6.000","2021-06-19 01:25:31"
"2020-04-16 12:00:00","D","2.654","2.810","2.543","6.000","2021-06-19 01:25:31"
"2020-04-16 18:00:00","D","2.607","2.810","2.430","6.000","2021-06-19 01:25:31"
"2020-04-17 00:00:00","D","2.654","2.790","2.443","6.000","2021-06-19 01:25:31"
"2020-04-17 06:00:00","D","2.647","2.815","2.513","6.000","2021-06-19 01:25:31"
"2020-04-17 12:00:00","D","2.668","2.845","2.520","6.000","2021-06-19 01:25:31"
"2020-04-17 18:00:00","D","2.639","2.758","2.500","6.000","2021-06-19 01:25:31"
"2020-04-18 00:00:00","D","2.642","2.758","2.495","6.000","2021-06-19 01:25:31"
"2020-04-18 06:00:00","D","2.642","2.763","2.540","6.000","2021-06-19 01:25:31"
"2020-04-18 12:00:00","D","2.683","2.830","2.598","6.000","2021-06-19 01:25:31"
"2020-04-18 18:00:00","D","2.572","2.683","2.373","6.000","2021-06-19 01:25:31"
"2020-04-19 00:00:00","D","2.753","2.853","2.590","6.000","2021-06-19 01:25:31"
"2020-04-19 06:00:00","D","2.813","2.923","2.723","6.000","2021-06-19 01:25:31"
"2020-04-19 12:00:00","D","2.953","3.190","2.683","6.000","2021-06-19 01:25:31"
"2020-04-19 18:00:00","D","3.197","3.488","2.915","6.000","2021-06-19 01:25:31"
"2020-04-20 00:00:00","D","3.061","3.235","2.885","6.000","2021-06-19 01:25:31"
"2020-04-20 06:00:00","D","2.951","3.193","2.753","6.000","2021-06-19 01:25:31"
"2020-04-20 12:00:00","D","2.832","2.883","2.735","6.000","2021-06-19 01:25:31"
"2020-04-20 18:00:00","D","2.865","2.963","2.783","6.000","2021-06-19 01:25:31"
"2020-04-21 00:00:00","D","2.729","2.875","2.573","6.000","2021-06-19 01:25:31"
"2020-04-21 06:00:00","D","2.628","2.753","2.545","6.000","2021-06-19 01:25:31"
"2020-04-21 12:00:00","D","2.561","2.650","2.483","6.000","2021-06-19 01:25:31"
"2020-04-21 18:00:00","D","2.560","2.703","2.425","6.000","2021-06-19 01:25:31"
"2020-04-22 00:00:00","D","2.574","2.605","2.540","6.000","2021-06-19 01:25:31"
"2020-04-22 06:00:00","D","2.477","2.590","2.375","6.000","2021-06-19 01:25:31"
"2020-04-22 12:00:00","D","2.469","2.620","2.373","6.000","2021-06-19 01:25:31"
"2020-04-22 18:00:00","D","2.198","2.505","2.040","6.000","2021-06-19 01:25:31"
"2020-04-23 00:00:00","D","2.455","2.735","2.298","6.000","2021-06-19 01:25:31"
"2020-04-23 06:00:00","D","2.442","2.593","2.245","6.000","2021-06-19 01:25:31"
"2020-04-23 12:00:00","D","2.334","2.553","2.225","6.000","2021-06-19 01:25:31"
"2020-04-23 18:00:00","D","2.548","2.613","2.433","6.000","2021-06-19 01:25:31"
"2020-04-24 00:00:00","D","2.492","2.578","2.320","6.000","2021-06-19 01:25:31"
"2020-04-24 06:00:00","D","2.432","2.583","2.358","6.000","2021-06-19 01:25:31"
"2020-04-24 12:00:00","D","2.350","2.443","2.138","6.000","2021-06-19 01:25:31"
"2020-04-24 18:00:00","D","2.315","2.453","2.188","6.000","2021-06-19 01:25:31"
"2020-04-25 00:00:00","D","2.230","2.305","2.183","6.000","2021-06-19 01:25:31"
"2020-04-25 06:00:00","D","2.432","2.465","2.403","6.000","2021-06-19 01:25:31"
"2020-04-25 12:00:00","D","2.465","2.580","2.338","6.000","2021-06-19 01:25:31"
"2020-04-25 18:00:00","D","2.445","2.495","2.380","6.000","2021-06-19 01:25:31"
"2020-04-26 00:00:00","D","2.388","2.603","2.218","6.000","2021-06-19 01:25:31"
"2020-04-26 06:00:00","D","2.411","2.578","2.250","6.000","2021-06-19 01:25:31"
"2020-04-26 12:00:00","D","2.380","2.603","2.203","6.000","2021-06-19 01:25:31"
"2020-04-26 18:00:00","D","2.445","2.695","2.213","6.000","2021-06-19 01:25:31"
"2020-04-27 00:00:00","D","2.466","2.650","2.383","6.000","2021-06-19 01:25:31"
"2020-04-27 06:00:00","D","2.401","2.463","2.315","6.000","2021-06-19 01:25:31"
"2020-04-27 12:00:00","D","2.348","2.493","2.273","6.000","2021-06-19 01:25:31"
"2020-04-27 18:00:00","D","2.323","2.495","2.265","6.000","2021-06-19 01:25:31"
"2020-04-28 00:00:00","D","2.394","2.455","2.343","6.000","2021-06-19 01:25:31"
"2020-04-28 06:00:00","D","2.383","2.423","2.298","6.000","2021-06-19 01:25:31"
"2020-04-28 12:00:00","D","2.429","2.553","2.365","6.000","2021-06-19 01:25:31"
"2020-04-28 18:00:00","D","2.541","2.618","2.440","6.000","2021-06-19 01:25:31"
"2020-04-29 00:00:00","D","2.897","3.090","2.723","6.000","2021-06-19 01:25:31"
"2020-04-29 06:00:00","D","3.457","3.875","3.050","6.000","2021-06-19 01:25:31"
"2020-04-29 12:00:00","D","3.656","3.810","3.535","6.000","2021-06-19 01:25:31"
"2020-04-29 18:00:00","D","3.377","3.483","3.213","6.000","2021-06-19 01:25:31"
"2020-04-30 00:00:00","D","3.276","3.465","3.128","6.000","2021-06-19 01:25:31"
"2020-04-30 06:00:00","D","3.286","3.458","3.158","6.000","2021-06-19 01:25:31"
"2020-04-30 12:00:00","D","2.993","3.060","2.908","6.000","2021-06-19 01:25:31"
"2020-04-30 18:00:00","D","3.162","3.310","2.948","6.000","2021-06-19 01:25:31"
"2020-05-01 00:00:00","D","3.104","3.195","2.923","6.000","2021-06-19 01:25:31"
"2020-05-01 06:00:00","D","3.848","4.113","3.315","6.000","2021-06-19 01:25:31"
"2020-05-01 12:00:00","D","3.362","3.570","3.175","6.000","2021-06-19 01:25:31"
"2020-05-01 18:00:00","D","3.047","3.238","2.858","6.000","2021-06-19 01:25:31"
"2020-05-02 00:00:00","D","3.118","3.235","3.003","6.000","2021-06-19 01:25:31"
"2020-05-02 06:00:00","D","3.085","3.303","2.805","6.000","2021-06-19 01:25:31"
"2020-05-02 12:00:00","D","2.749","2.980","2.560","6.000","2021-06-19 01:25:31"
"2020-05-02 18:00:00","D","2.777","2.935","2.518","6.000","2021-06-19 01:25:31"
"2020-05-03 00:00:00","D","2.630","2.963","2.413","6.000","2021-06-19 01:25:31"
"2020-05-03 06:00:00","D","2.621","2.773","2.450","6.000","2021-06-19 01:25:31"
"2020-05-03 12:00:00","D","1.280","1.818","0.415","6.000","2021-06-19 01:25:31"
"2020-05-03 18:00:00","D","2.119","2.310","2.000","6.000","2021-06-19 01:25:31"
"2020-05-04 00:00:00","D","2.146","2.250","1.933","6.000","2021-06-19 01:25:31"
"2020-05-04 06:00:00","D","2.133","2.320","1.978","6.000","2021-06-19 01:25:31"
"2020-05-04 12:00:00","D","2.039","2.165","1.930","6.000","2021-06-19 01:25:31"
"2020-05-04 18:00:00","D","2.278","2.405","2.155","6.000","2021-06-19 01:25:31"
"2020-05-05 00:00:00","D","2.322","2.395","2.228","6.000","2021-06-19 01:25:31"
"2020-05-05 06:00:00","D","2.289","2.415","2.238","6.000","2021-06-19 01:25:31"
"2020-05-05 12:00:00","D","2.306","2.335","2.273","6.000","2021-06-19 01:25:31"
"2020-05-05 18:00:00","D","2.369","2.543","2.273","6.000","2021-06-19 01:25:31"
"2020-05-06 00:00:00","D","2.379","2.475","2.268","6.000","2021-06-19 01:25:31"
"2020-05-06 06:00:00","D","2.370","2.415","2.328","6.000","2021-06-19 01:25:31"
"2020-05-06 12:00:00","D","2.232","2.313","2.180","6.000","2021-06-19 01:25:31"
"2020-05-06 18:00:00","D","2.272","2.370","2.205","6.000","2021-06-19 01:25:31"
"2020-05-07 00:00:00","D","2.440","2.498","2.363","6.000","2021-06-19 01:25:31"
"2020-05-07 06:00:00","D","2.349","2.410","2.258","6.000","2021-06-19 01:25:31"
"2020-05-07 12:00:00","D","2.379","2.465","2.318","6.000","2021-06-19 01:25:31"
"2020-05-07 18:00:00","D","2.384","2.503","2.265","6.000","2021-06-19 01:25:31"
"2020-05-08 00:00:00","D","2.356","2.443","2.300","6.000","2021-06-19 01:25:31"
"2020-05-08 06:00:00","D","2.357","2.458","2.258","6.000","2021-06-19 01:25:31"
"2020-05-08 12:00:00","D","2.477","2.583","2.288","6.000","2021-06-19 01:25:31"
"2020-05-08 18:00:00","D","2.459","2.568","2.360","6.000","2021-06-19 01:25:31"
"2020-05-09 00:00:00","D","2.440","2.538","2.393","6.000","2021-06-19 01:25:31"
"2020-05-09 06:00:00","D","2.415","2.488","2.358","6.000","2021-06-19 01:25:31"
"2020-05-09 12:00:00","D","2.347","2.450","2.190","6.000","2021-06-19 01:25:31"
"2020-05-09 18:00:00","D","2.376","2.530","2.130","6.000","2021-06-19 01:25:31"
"2020-05-10 00:00:00","D","2.406","2.475","2.353","6.000","2021-06-19 01:25:31"
"2020-05-10 06:00:00","D","2.566","2.675","2.418","6.000","2021-06-19 01:25:31"
"2020-05-10 12:00:00","D","2.431","2.478","2.368","6.000","2021-06-19 01:25:31"
"2020-05-10 18:00:00","D","2.453","2.503","2.368","6.000","2021-06-19 01:25:31"
"2020-05-11 00:00:00","D","2.493","2.518","2.473","6.000","2021-06-19 01:25:31"
"2020-05-11 06:00:00","D","2.460","2.503","2.393","6.000","2021-06-19 01:25:31"
"2020-05-11 12:00:00","D","2.289","2.355","2.213","6.000","2021-06-19 01:25:31"
"2020-05-11 18:00:00","D","2.285","2.375","2.218","6.000","2021-06-19 01:25:31"
"2020-05-12 00:00:00","D","2.356","2.438","2.255","6.000","2021-06-19 01:25:31"
"2020-05-12 06:00:00","D","2.502","2.545","2.475","6.000","2021-06-19 01:25:31"
"2020-05-12 12:00:00","D","2.195","2.390","2.073","6.000","2021-06-19 01:25:31"
"2020-05-12 18:00:00","D","2.149","2.325","2.093","6.000","2021-06-19 01:25:31"
"2020-05-13 00:00:00","D","2.242","2.423","2.153","6.000","2021-06-19 01:25:31"
"2020-05-13 06:00:00","D","2.383","2.428","2.318","6.000","2021-06-19 01:25:31"
"2020-05-13 12:00:00","D","2.219","2.338","2.133","6.000","2021-06-19 01:25:31"
"2020-05-13 18:00:00","D","2.208","2.318","2.093","6.000","2021-06-19 01:25:31"
"2020-05-14 00:00:00","D","2.236","2.345","2.180","6.000","2021-06-19 01:25:31"
"2020-05-14 06:00:00","D","2.336","2.448","2.225","6.000","2021-06-19 01:25:31"
"2020-05-14 12:00:00","D","2.234","2.323","2.105","6.000","2021-06-19 01:25:31"
"2020-05-14 18:00:00","D","2.190","2.333","2.073","6.000","2021-06-19 01:25:31"
"2020-05-15 00:00:00","D","2.321","2.423","2.205","6.000","2021-06-19 01:25:31"
"2020-05-15 06:00:00","D","2.351","2.435","2.255","6.000","2021-06-19 01:25:31"
"2020-05-15 12:00:00","D","2.329","2.443","2.233","6.000","2021-06-19 01:25:31"
"2020-05-15 18:00:00","D","2.399","2.470","2.335","6.000","2021-06-19 01:25:31"
"2020-05-16 00:00:00","D","2.320","2.560","2.160","6.000","2021-06-19 01:25:31"
"2020-05-16 06:00:00","D","2.348","2.388","2.315","6.000","2021-06-19 01:25:31"
"2020-05-16 12:00:00","D","2.305","2.413","2.203","6.000","2021-06-19 01:25:31"
"2020-05-16 18:00:00","D","2.278","2.370","2.160","6.000","2021-06-19 01:25:31"
"2020-05-17 00:00:00","D","2.280","2.345","2.230","6.000","2021-06-19 01:25:31"
"2020-05-17 06:00:00","D","2.330","2.408","2.283","6.000","2021-06-19 01:25:31"
"2020-05-17 12:00:00","D","2.317","2.460","2.160","6.000","2021-06-19 01:25:31"
"2020-05-17 18:00:00","D","2.496","2.553","2.393","6.000","2021-06-19 01:25:31"
"2020-05-18 00:00:00","D","2.404","2.485","2.333","6.000","2021-06-19 01:25:31"
"2020-05-18 06:00:00","D","2.415","2.515","2.263","6.000","2021-06-19 01:25:31"
"2020-05-18 12:00:00","D","2.378","2.525","2.245","6.000","2021-06-19 01:25:31"
"2020-05-18 18:00:00","D","2.296","2.398","2.163","6.000","2021-06-19 01:25:31"
"2020-05-19 00:00:00","D","2.315","2.400","2.228","6.000","2021-06-19 01:25:31"
"2020-05-19 06:00:00","D","2.445","2.505","2.343","6.000","2021-06-19 01:25:31"
"2020-05-19 12:00:00","D","2.182","2.288","2.000","6.000","2021-06-19 01:25:31"
"2020-05-19 18:00:00","D","2.129","2.290","1.883","6.000","2021-06-19 01:25:31"
"2020-05-20 00:00:00","D","2.288","2.545","2.048","6.000","2021-06-19 01:25:31"
"2020-05-20 06:00:00","D","2.496","2.570","2.370","6.000","2021-06-19 01:25:31"
"2020-05-20 12:00:00","D","2.441","2.478","2.405","6.000","2021-06-19 01:25:31"
"2020-05-20 18:00:00","D","2.346","2.440","2.255","6.000","2021-06-19 01:25:31"
"2020-05-21 00:00:00","D","2.467","2.565","2.395","6.000","2021-06-19 01:25:31"
"2020-05-21 06:00:00","D","2.481","2.555","2.410","6.000","2021-06-19 01:25:31"
"2020-05-21 12:00:00","D","2.422","2.450","2.383","6.000","2021-06-19 01:25:31"
"2020-05-21 18:00:00","D","2.265","2.375","2.083","6.000","2021-06-19 01:25:31"
"2020-05-22 00:00:00","D","2.478","2.533","2.365","6.000","2021-06-19 01:25:31"
"2020-05-22 06:00:00","D","2.519","2.570","2.435","6.000","2021-06-19 01:25:31"
"2020-05-22 12:00:00","D","2.354","2.425","2.270","6.000","2021-06-19 01:25:31"
"2020-05-22 18:00:00","D","2.298","2.345","2.213","6.000","2021-06-19 01:25:31"
"2020-05-23 00:00:00","D","2.267","2.298","2.243","6.000","2021-06-19 01:25:31"
"2020-05-23 06:00:00","D","2.280","2.305","2.243","6.000","2021-06-19 01:25:31"
"2020-05-23 12:00:00","D","2.165","2.265","2.083","6.000","2021-06-19 01:25:31"
"2020-05-23 18:00:00","D","2.047","2.200","1.923","6.000","2021-06-19 01:25:31"
"2020-05-24 00:00:00","D","2.114","2.168","2.025","6.000","2021-06-19 01:25:31"
"2020-05-24 06:00:00","D","2.153","2.185","2.105","6.000","2021-06-19 01:25:31"
"2020-05-24 12:00:00","D","2.054","2.123","2.023","6.000","2021-06-19 01:25:31"
"2020-05-24 18:00:00","D","1.975","2.073","1.858","6.000","2021-06-19 01:25:31"
"2020-05-25 00:00:00","D","2.017","2.125","1.890","6.000","2021-06-19 01:25:31"
"2020-05-25 06:00:00","D","2.170","2.218","2.133","6.000","2021-06-19 01:25:31"
"2020-05-25 12:00:00","D","2.185","2.338","2.115","6.000","2021-06-19 01:25:31"
"2020-05-25 18:00:00","D","2.097","2.200","2.015","6.000","2021-06-19 01:25:31"
"2020-05-26 00:00:00","D","2.178","2.258","2.040","6.000","2021-06-19 01:25:31"
"2020-05-26 06:00:00","D","2.207","2.265","2.153","6.000","2021-06-19 01:25:31"
"2020-05-26 12:00:00","D","2.172","2.288","2.093","6.000","2021-06-19 01:25:31"
"2020-05-26 18:00:00","D","2.080","2.188","2.005","6.000","2021-06-19 01:25:31"
"2020-05-27 00:00:00","D","2.219","2.300","2.083","6.000","2021-06-19 01:25:31"
"2020-05-27 06:00:00","D","2.301","2.390","2.235","6.000","2021-06-19 01:25:31"
"2020-05-27 12:00:00","D","2.223","2.333","2.085","6.000","2021-06-19 01:25:31"
"2020-05-27 18:00:00","D","2.211","2.383","2.100","6.000","2021-06-19 01:25:31"
"2020-05-28 00:00:00","D","2.299","2.390","2.175","6.000","2021-06-19 01:25:31"
"2020-05-28 06:00:00","D","2.267","2.313","2.208","6.000","2021-06-19 01:25:31"
"2020-05-28 12:00:00","D","2.200","2.285","2.078","6.000","2021-06-19 01:25:31"
"2020-05-28 18:00:00","D","2.306","2.355","2.243","6.000","2021-06-19 01:25:31"
"2020-05-29 00:00:00","D","2.186","2.278","2.125","6.000","2021-06-19 01:25:31"
"2020-05-29 06:00:00","D","2.236","2.333","2.178","6.000","2021-06-19 01:25:31"
"2020-05-29 12:00:00","D","2.179","2.258","2.113","6.000","2021-06-19 01:25:31"
"2020-05-29 18:00:00","D","2.212","2.373","2.110","6.000","2021-06-19 01:25:31"
"2020-05-30 00:00:00","D","2.179","2.275","2.070","6.000","2021-06-19 01:25:31"
"2020-05-30 06:00:00","D","2.180","2.248","2.118","6.000","2021-06-19 01:25:31"
"2020-05-30 12:00:00","D","2.186","2.248","2.135","6.000","2021-06-19 01:25:31"
"2020-05-30 18:00:00","D","2.199","2.353","2.055","6.000","2021-06-19 01:25:31"
"2020-05-31 00:00:00","D","2.184","2.225","2.088","6.000","2021-06-19 01:25:31"
"2020-05-31 06:00:00","D","2.160","2.213","2.120","6.000","2021-06-19 01:25:31"
"2020-05-31 12:00:00","D","2.172","2.248","2.138","6.000","2021-06-19 01:25:31"
"2020-05-31 18:00:00","D","2.190","2.275","1.993","6.000","2021-06-19 01:25:31"
"2020-06-01 00:00:00","D","2.047","2.213","1.900","6.000","2021-06-19 01:25:31"
"2020-06-01 06:00:00","D","2.169","2.210","2.140","6.000","2021-06-19 01:25:31"
"2020-06-01 12:00:00","D","2.033","2.185","1.800","6.000","2021-06-19 01:25:31"
"2020-06-01 18:00:00","D","2.174","2.348","1.948","6.000","2021-06-19 01:25:31"
"2020-06-02 00:00:00","D","2.064","2.150","1.995","6.000","2021-06-19 01:25:31"
"2020-06-02 06:00:00","D","2.161","2.238","2.098","6.000","2021-06-19 01:25:31"
"2020-06-02 12:00:00","D","2.055","2.128","1.965","6.000","2021-06-19 01:25:31"
"2020-06-02 18:00:00","D","2.116","2.223","1.923","6.000","2021-06-19 01:25:31"
"2020-06-03 00:00:00","D","2.195","2.240","2.083","6.000","2021-06-19 01:25:31"
"2020-06-03 06:00:00","D","2.158","2.168","2.135","6.000","2021-06-19 01:25:31"
"2020-06-03 12:00:00","D","2.080","2.128","2.035","6.000","2021-06-19 01:25:31"
"2020-06-03 18:00:00","D","2.107","2.190","2.058","6.000","2021-06-19 01:25:31"
"2020-06-04 00:00:00","D","2.055","2.078","2.033","6.000","2021-06-19 01:29:02"
"2020-06-04 06:00:00","D","2.122","2.163","2.090","6.000","2021-06-19 01:29:02"
"2020-06-04 12:00:00","D","2.082","2.138","2.015","6.000","2021-06-19 01:29:02"
"2020-06-04 18:00:00","D","2.061","2.110","2.015","6.000","2021-06-19 01:29:02"
"2020-06-05 00:00:00","D","2.013","2.083","1.953","6.000","2021-06-19 01:29:01"
"2020-06-05 06:00:00","D","2.138","2.170","2.053","6.000","2021-06-19 01:29:02"
"2020-06-05 12:00:00","D","2.169","2.220","2.075","6.000","2021-06-19 01:29:02"
"2020-06-05 18:00:00","D","2.042","2.123","1.940","6.000","2021-06-19 01:29:02"
"2020-06-06 00:00:00","D","2.212","2.303","2.055","6.000","2021-06-19 01:29:02"
"2020-06-06 06:00:00","D","2.309","2.358","2.268","6.000","2021-06-19 01:29:02"
"2020-06-06 12:00:00","D","2.165","2.213","2.118","6.000","2021-06-19 01:29:02"
"2020-06-06 18:00:00","D","2.206","2.358","2.123","6.000","2021-06-19 01:29:02"
"2020-06-07 00:00:00","D","2.189","2.250","2.088","6.000","2021-06-19 01:29:02"
"2020-06-07 06:00:00","D","2.602","2.745","2.258","6.000","2021-06-19 01:29:02"
"2020-06-07 12:00:00","D","2.708","2.900","2.555","6.000","2021-06-19 01:29:02"
"2020-06-07 18:00:00","D","2.457","2.703","2.303","6.000","2021-06-19 01:29:02"
"2020-06-08 00:00:00","D","2.409","2.495","2.268","6.000","2021-06-19 01:29:02"
"2020-06-08 06:00:00","D","2.447","2.485","2.413","6.000","2021-06-19 01:29:02"
"2020-06-08 12:00:00","D","2.328","2.455","2.228","6.000","2021-06-19 01:29:02"
"2020-06-08 18:00:00","D","2.276","2.368","2.188","6.000","2021-06-19 01:29:01"
"2020-06-09 00:00:00","D","2.211","2.253","2.185","6.000","2021-06-19 01:29:02"
"2020-06-09 06:00:00","D","2.400","2.433","2.360","6.000","2021-06-19 01:29:02"
"2020-06-09 12:00:00","D","2.177","2.355","2.078","6.000","2021-06-19 01:29:02"
"2020-06-09 18:00:00","D","2.205","2.278","2.150","6.000","2021-06-19 01:29:02"
"2020-06-10 00:00:00","D","2.194","2.280","2.145","6.000","2021-06-19 01:29:02"
"2020-06-10 06:00:00","D","2.163","2.220","2.050","6.000","2021-06-19 01:29:02"
"2020-06-10 12:00:00","D","2.095","2.270","1.970","6.000","2021-06-19 01:29:02"
"2020-06-10 18:00:00","D","2.136","2.213","1.985","6.000","2021-06-19 01:29:02"
"2020-06-11 00:00:00","D","2.197","2.243","2.070","6.000","2021-06-19 01:29:02"
"2020-06-11 06:00:00","D","2.155","2.210","2.098","6.000","2021-06-19 01:29:02"
"2020-06-11 12:00:00","D","2.230","2.280","2.178","6.000","2021-06-19 01:29:02"
"2020-06-11 18:00:00","D","2.213","2.315","2.100","6.000","2021-06-19 01:29:02"
"2020-06-12 00:00:00","D","2.199","2.308","2.153","6.000","2021-06-19 01:29:02"
"2020-06-12 06:00:00","D","2.246","2.315","2.128","6.000","2021-06-19 01:29:02"
"2020-06-12 12:00:00","D","2.074","2.178","2.008","6.000","2021-06-19 01:29:02"
"2020-06-12 18:00:00","D","2.220","2.318","2.145","6.000","2021-06-19 01:29:02"
"2020-06-13 00:00:00","D","2.187","2.230","2.153","6.000","2021-06-19 01:29:01"
"2020-06-13 06:00:00","D","2.134","2.155","2.110","6.000","2021-06-19 01:29:02"
"2020-06-13 12:00:00","D","2.210","2.400","2.058","6.000","2021-06-19 01:29:02"
"2020-06-13 18:00:00","D","2.233","2.323","2.135","6.000","2021-06-19 01:29:02"
"2020-06-14 00:00:00","D","2.113","2.203","2.045","6.000","2021-06-19 01:29:02"
"2020-06-14 06:00:00","D","2.143","2.185","2.105","6.000","2021-06-19 01:29:02"
"2020-06-14 12:00:00","D","2.145","2.175","2.083","6.000","2021-06-19 01:29:02"
"2020-06-14 18:00:00","D","2.161","2.235","2.053","6.000","2021-06-19 01:29:02"
"2020-06-15 00:00:00","D","2.135","2.273","1.873","6.000","2021-06-19 01:29:02"
"2020-06-15 06:00:00","D","2.171","2.193","2.133","6.000","2021-06-19 01:29:02"
"2020-06-15 12:00:00","D","2.144","2.215","2.080","6.000","2021-06-19 01:29:02"
"2020-06-15 18:00:00","D","2.135","2.218","2.068","6.000","2021-06-19 01:29:02"
"2020-06-16 00:00:00","D","2.110","2.200","2.013","6.000","2021-06-19 01:29:02"
"2020-06-16 06:00:00","D","2.251","2.290","2.170","6.000","2021-06-19 01:29:02"
"2020-06-16 12:00:00","D","2.146","2.215","2.025","6.000","2021-06-19 01:29:02"
"2020-06-16 18:00:00","D","2.041","2.123","1.973","6.000","2021-06-19 01:29:02"
"2020-06-17 00:00:00","D","2.061","2.160","1.973","6.000","2021-06-19 01:29:02"
"2020-06-17 06:00:00","D","2.200","2.230","2.170","6.000","2021-06-19 01:29:02"
"2020-06-17 12:00:00","D","2.156","2.208","2.073","6.000","2021-06-19 01:29:02"
"2020-06-17 18:00:00","D","2.197","2.350","2.063","6.000","2021-06-19 01:29:02"
"2020-06-18 00:00:00","D","2.230","2.315","2.188","6.000","2021-06-19 01:29:02"
"2020-06-18 06:00:00","D","5.363","7.100","2.930","6.000","2021-06-19 01:29:02"
"2020-06-18 12:00:00","D","4.897","6.438","3.510","6.000","2021-06-19 01:29:02"
"2020-06-18 18:00:00","D","7.060","7.693","6.468","6.000","2021-06-19 01:29:02"
"2020-06-19 00:00:00","D","5.056","5.420","4.668","6.000","2021-06-19 01:29:02"
"2020-06-19 06:00:00","D","4.207","4.648","3.780","6.000","2021-06-19 01:29:02"
"2020-06-19 12:00:00","D","3.943","4.150","3.760","6.000","2021-06-19 01:29:02"
"2020-06-19 18:00:00","D","3.922","4.155","3.673","6.000","2021-06-19 01:29:02"
"2020-06-20 00:00:00","D","4.052","4.205","3.780","6.000","2021-06-19 01:29:02"
"2020-06-20 06:00:00","D","3.702","3.958","3.488","6.000","2021-06-19 01:29:02"
"2020-06-20 12:00:00","D","3.122","3.735","2.548","6.000","2021-06-19 01:29:02"
"2020-06-20 18:00:00","D","3.071","3.518","2.883","6.000","2021-06-19 01:29:02"
"2020-06-21 00:00:00","D","2.799","2.958","2.703","6.000","2021-06-19 01:29:01"
"2020-06-21 06:00:00","D","2.722","2.743","2.703","6.000","2021-06-19 01:29:02"
"2020-06-21 12:00:00","D","2.664","2.815","2.560","6.000","2021-06-19 01:29:02"
"2020-06-21 18:00:00","D","2.558","2.700","2.430","6.000","2021-06-19 01:29:02"
"2020-06-22 00:00:00","D","2.464","2.518","2.390","6.000","2021-06-19 01:29:02"
"2020-06-22 06:00:00","D","2.463","2.490","2.418","6.000","2021-06-19 01:29:02"
"2020-06-22 12:00:00","D","2.464","2.593","2.348","6.000","2021-06-19 01:29:02"
"2020-06-22 18:00:00","D","2.420","2.480","2.293","6.000","2021-06-19 01:29:02"
"2020-06-23 00:00:00","D","2.450","2.488","2.410","6.000","2021-06-19 01:29:02"
"2020-06-23 06:00:00","D","2.437","2.473","2.383","6.000","2021-06-19 01:29:02"
"2020-06-23 12:00:00","D","2.386","2.588","2.283","6.000","2021-06-19 01:29:02"
"2020-06-23 18:00:00","D","2.299","2.390","2.153","6.000","2021-06-19 01:29:02"
"2020-06-24 00:00:00","D","2.401","2.473","2.333","6.000","2021-06-19 01:29:02"
"2020-06-24 06:00:00","D","2.430","2.513","2.323","6.000","2021-06-19 01:29:02"
"2020-06-24 12:00:00","D","2.269","2.383","2.113","6.000","2021-06-19 01:29:02"
"2020-06-24 18:00:00","D","2.277","2.400","2.148","6.000","2021-06-19 01:29:02"
"2020-06-25 00:00:00","D","2.258","2.285","2.200","6.000","2021-06-19 01:29:02"
"2020-06-25 06:00:00","D","2.297","2.348","2.268","6.000","2021-06-19 01:29:02"
"2020-06-25 12:00:00","D","2.322","2.415","2.255","6.000","2021-06-19 01:29:02"
"2020-06-25 18:00:00","D","2.272","2.440","2.065","6.000","2021-06-19 01:29:02"
"2020-06-26 00:00:00","D","2.111","2.150","2.088","6.000","2021-06-19 01:29:02"
"2020-06-26 06:00:00","D","2.177","2.238","2.135","6.000","2021-06-19 01:29:02"
"2020-06-26 12:00:00","D","2.118","2.240","2.025","6.000","2021-06-19 01:29:02"
"2020-06-26 18:00:00","D","2.090","2.225","1.913","6.000","2021-06-19 01:29:02"
"2020-06-27 00:00:00","D","1.919","2.145","1.715","6.000","2021-06-19 01:29:02"
"2020-06-27 06:00:00","D","2.119","2.143","2.088","6.000","2021-06-19 01:29:02"
"2020-06-27 12:00:00","D","2.174","2.255","2.088","6.000","2021-06-19 01:29:02"
"2020-06-27 18:00:00","D","2.001","2.163","1.883","6.000","2021-06-19 01:29:02"
"2020-06-28 00:00:00","D","1.981","2.040","1.910","6.000","2021-06-19 01:29:02"
"2020-06-28 06:00:00","D","1.926","1.978","1.885","6.000","2021-06-19 01:29:02"
"2020-06-28 12:00:00","D","1.817","1.860","1.778","6.000","2021-06-19 01:29:02"
"2020-06-28 18:00:00","D","1.779","1.918","1.683","6.000","2021-06-19 01:29:02"
"2020-06-29 00:00:00","D","1.823","1.905","1.760","6.000","2021-06-19 01:29:01"
"2020-06-29 06:00:00","D","1.774","1.790","1.753","6.000","2021-06-19 01:29:02"
"2020-06-29 12:00:00","D","1.716","1.795","1.638","6.000","2021-06-19 01:29:02"
"2020-06-29 18:00:00","D","1.709","1.810","1.600","6.000","2021-06-19 01:29:02"
"2020-06-30 00:00:00","D","1.698","1.725","1.638","6.000","2021-06-19 01:29:02"
"2020-06-30 06:00:00","D","1.649","1.693","1.595","6.000","2021-06-19 01:29:02"
"2020-06-30 12:00:00","D","1.632","1.710","1.550","6.000","2021-06-19 01:29:02"
"2020-06-30 18:00:00","D","1.690","1.750","1.610","6.000","2021-06-19 01:29:02"
"2020-07-01 00:00:00","D","1.652","1.743","1.510","6.000","2021-06-19 01:29:02"
"2020-07-01 06:00:00","D","1.639","1.705","1.565","6.000","2021-06-19 01:29:02"
"2020-07-01 12:00:00","D","1.661","1.815","1.533","6.000","2021-06-19 01:29:02"
"2020-07-01 18:00:00","D","1.609","1.738","1.445","6.000","2021-06-19 01:29:02"
"2020-07-02 00:00:00","D","1.640","1.745","1.558","6.000","2021-06-19 01:29:02"
"2020-07-02 06:00:00","D","1.679","1.740","1.590","6.000","2021-06-19 01:29:02"
"2020-07-02 12:00:00","D","1.706","1.755","1.625","6.000","2021-06-19 01:29:02"
"2020-07-02 18:00:00","D","1.514","1.628","1.403","6.000","2021-06-19 01:29:02"
"2020-07-03 00:00:00","D","1.524","1.598","1.373","6.000","2021-06-19 01:29:02"
"2020-07-03 06:00:00","D","1.664","1.750","1.490","6.000","2021-06-19 01:29:02"
"2020-07-03 12:00:00","D","1.873","2.130","1.678","6.000","2021-06-19 01:29:02"
"2020-07-03 18:00:00","D","1.847","2.040","1.648","6.000","2021-06-19 01:29:02"
"2020-07-04 00:00:00","D","1.787","1.918","1.630","6.000","2021-06-19 01:29:02"
"2020-07-04 06:00:00","D","1.803","1.848","1.770","6.000","2021-06-19 01:29:02"
"2020-07-04 12:00:00","D","1.783","1.988","1.693","6.000","2021-06-19 01:29:02"
"2020-07-04 18:00:00","D","1.764","1.968","1.665","6.000","2021-06-19 01:29:02"
"2020-07-05 00:00:00","D","1.652","1.718","1.588","6.000","2021-06-19 01:29:02"
"2020-07-05 06:00:00","D","1.660","1.688","1.620","6.000","2021-06-19 01:29:02"
"2020-07-05 12:00:00","D","1.579","1.673","1.508","6.000","2021-06-19 01:29:02"
"2020-07-05 18:00:00","D","1.454","1.615","1.365","6.000","2021-06-19 01:29:02"
"2020-07-06 00:00:00","D","1.410","1.473","1.353","6.000","2021-06-19 01:29:02"
"2020-07-06 06:00:00","D","1.444","1.478","1.413","6.000","2021-06-19 01:29:02"
"2020-07-06 12:00:00","D","1.380","1.413","1.340","6.000","2021-06-19 01:29:02"
"2020-07-06 18:00:00","D","1.367","1.508","1.263","6.000","2021-06-19 01:29:02"
"2020-07-07 00:00:00","D","1.295","1.433","1.180","6.000","2021-06-19 01:29:01"
"2020-07-07 06:00:00","D","1.356","1.453","1.230","6.000","2021-06-19 01:29:02"
"2020-07-07 12:00:00","D","1.406","1.615","1.290","6.000","2021-06-19 01:29:02"
"2020-07-07 18:00:00","D","1.277","1.328","1.203","6.000","2021-06-19 01:29:02"
"2020-07-08 00:00:00","D","1.281","1.340","1.210","6.000","2021-06-19 01:29:02"
"2020-07-08 06:00:00","D","1.575","1.645","1.403","6.000","2021-06-19 01:29:02"
"2020-07-08 12:00:00","D","1.561","1.590","1.540","6.000","2021-06-19 01:29:02"
"2020-07-08 18:00:00","D","1.887","2.075","1.645","6.000","2021-06-19 01:29:02"
"2020-07-09 00:00:00","D","1.966","2.050","1.833","6.000","2021-06-19 01:29:02"
"2020-07-09 06:00:00","D","1.877","1.988","1.805","6.000","2021-06-19 01:29:02"
"2020-07-09 12:00:00","D","1.876","1.985","1.783","6.000","2021-06-19 01:29:02"
"2020-07-09 18:00:00","D","2.206","2.360","1.945","6.000","2021-06-19 01:29:02"
"2020-07-10 00:00:00","D","2.272","2.390","2.138","6.000","2021-06-19 01:29:02"
"2020-07-10 06:00:00","D","2.211","2.238","2.188","6.000","2021-06-19 01:29:02"
"2020-07-10 12:00:00","D","2.255","2.318","2.213","6.000","2021-06-19 01:29:02"
"2020-07-10 18:00:00","D","2.301","2.378","2.230","6.000","2021-06-19 01:29:02"
"2020-07-11 00:00:00","D","2.199","2.295","2.068","6.000","2021-06-19 01:29:02"
"2020-07-11 06:00:00","D","2.011","2.048","1.980","6.000","2021-06-19 01:29:02"
"2020-07-11 12:00:00","D","1.932","2.053","1.798","6.000","2021-06-19 01:29:02"
"2020-07-11 18:00:00","D","1.992","2.200","1.780","6.000","2021-06-19 01:29:02"
"2020-07-12 00:00:00","D","1.768","1.843","1.683","6.000","2021-06-19 01:29:02"
"2020-07-12 06:00:00","D","1.736","1.780","1.673","6.000","2021-06-19 01:29:02"
"2020-07-12 12:00:00","D","1.735","1.915","1.578","6.000","2021-06-19 01:29:02"
"2020-07-12 18:00:00","D","1.786","1.885","1.688","6.000","2021-06-19 01:29:02"
"2020-07-13 00:00:00","D","1.521","1.748","1.218","6.000","2021-06-19 01:29:02"
"2020-07-13 06:00:00","D","1.525","1.635","1.438","6.000","2021-06-19 01:29:02"
"2020-07-13 12:00:00","D","1.593","1.745","1.455","6.000","2021-06-19 01:29:02"
"2020-07-13 18:00:00","D","1.550","1.703","1.448","6.000","2021-06-19 01:29:02"
"2020-07-14 00:00:00","D","1.551","1.655","1.485","6.000","2021-06-19 01:29:02"
"2020-07-14 06:00:00","D","1.705","1.803","1.555","6.000","2021-06-19 01:29:02"
"2020-07-14 12:00:00","D","1.592","1.665","1.525","6.000","2021-06-19 01:29:02"
"2020-07-14 18:00:00","D","1.703","1.823","1.608","6.000","2021-06-19 01:29:02"
"2020-07-15 00:00:00","D","1.682","1.778","1.560","6.000","2021-06-19 01:29:01"
"2020-07-15 06:00:00","D","1.616","1.658","1.555","6.000","2021-06-19 01:29:02"
"2020-07-15 12:00:00","D","1.584","1.663","1.478","6.000","2021-06-19 01:29:02"
"2020-07-15 18:00:00","D","1.561","1.693","1.448","6.000","2021-06-19 01:29:02"
"2020-07-16 00:00:00","D","1.560","1.613","1.465","6.000","2021-06-19 01:29:02"
"2020-07-16 06:00:00","D","1.536","1.625","1.348","6.000","2021-06-19 01:29:02"
"2020-07-16 12:00:00","D","1.351","1.423","1.250","6.000","2021-06-19 01:29:02"
"2020-07-16 18:00:00","D","1.417","1.538","1.325","6.000","2021-06-19 01:29:02"
"2020-07-17 00:00:00","D","1.438","1.495","1.383","6.000","2021-06-19 01:29:02"
"2020-07-17 06:00:00","D","1.392","1.558","1.188","6.000","2021-06-19 01:29:02"
"2020-07-17 12:00:00","D","1.410","1.590","1.248","6.000","2021-06-19 01:29:02"
"2020-07-17 18:00:00","D","1.540","1.648","1.435","6.000","2021-06-19 01:29:02"
"2020-07-18 00:00:00","D","1.571","1.638","1.503","6.000","2021-06-19 01:29:02"
"2020-07-18 06:00:00","D","1.639","1.688","1.595","6.000","2021-06-19 01:29:02"
"2020-07-18 12:00:00","D","1.492","1.620","1.293","6.000","2021-06-19 01:29:02"
"2020-07-18 18:00:00","D","1.501","1.635","1.245","6.000","2021-06-19 01:29:02"
"2020-07-19 00:00:00","D","1.504","1.578","1.393","6.000","2021-06-19 01:29:02"
"2020-07-19 06:00:00","D","1.528","1.558","1.468","6.000","2021-06-19 01:29:02"
"2020-07-19 12:00:00","D","1.387","1.538","1.290","6.000","2021-06-19 01:29:02"
"2020-07-19 18:00:00","D","1.455","1.545","1.220","6.000","2021-06-19 01:29:02"
"2020-07-20 00:00:00","D","1.503","1.558","1.398","6.000","2021-06-19 01:29:02"
"2020-07-20 06:00:00","D","1.442","1.498","1.388","6.000","2021-06-19 01:29:02"
"2020-07-20 12:00:00","D","1.358","1.463","1.243","6.000","2021-06-19 01:29:02"
"2020-07-20 18:00:00","D","1.307","1.470","0.883","6.000","2021-06-19 01:29:02"
"2020-07-21 00:00:00","D","1.497","1.615","1.305","6.000","2021-06-19 01:29:02"
"2020-07-21 06:00:00","D","1.377","1.408","1.343","6.000","2021-06-19 01:29:02"
"2020-07-21 12:00:00","D","1.307","1.380","1.220","6.000","2021-06-19 01:29:02"
"2020-07-21 18:00:00","D","1.514","1.615","1.435","6.000","2021-06-19 01:29:02"
"2020-07-22 00:00:00","D","1.463","1.560","1.293","6.000","2021-06-19 01:29:02"
"2020-07-22 06:00:00","D","1.461","1.498","1.410","6.000","2021-06-19 01:29:02"
"2020-07-22 12:00:00","D","1.391","1.460","1.273","6.000","2021-06-19 01:29:02"
"2020-07-22 18:00:00","D","1.322","1.413","1.268","6.000","2021-06-19 01:29:02"
"2020-07-23 00:00:00","D","1.270","1.325","1.238","6.000","2021-06-19 01:29:02"
"2020-07-23 06:00:00","D","1.269","1.350","1.170","6.000","2021-06-19 01:29:02"
"2020-07-23 12:00:00","D","1.373","1.403","1.355","6.000","2021-06-19 01:29:02"
"2020-07-23 18:00:00","D","1.338","1.450","1.263","6.000","2021-06-19 01:29:02"
"2020-07-24 00:00:00","D","1.157","1.305","1.103","6.000","2021-06-19 01:29:02"
"2020-07-24 06:00:00","D","1.311","1.355","1.235","6.000","2021-06-19 01:29:02"
"2020-07-24 12:00:00","D","1.249","1.385","1.133","6.000","2021-06-19 01:29:02"
"2020-07-24 18:00:00","D","1.299","1.360","1.225","6.000","2021-06-19 01:29:02"
"2020-07-25 00:00:00","D","1.362","1.480","1.253","6.000","2021-06-19 01:29:02"
"2020-07-25 06:00:00","D","1.319","1.340","1.308","6.000","2021-06-19 01:29:02"
"2020-07-25 12:00:00","D","1.287","1.435","1.175","6.000","2021-06-19 01:29:02"
"2020-07-25 18:00:00","D","1.350","1.488","1.263","6.000","2021-06-19 01:29:02"
"2020-07-26 00:00:00","D","1.399","1.523","1.205","6.000","2021-06-19 01:29:02"
"2020-07-26 06:00:00","D","1.536","1.755","1.408","6.000","2021-06-19 01:29:02"
"2020-07-26 12:00:00","D","2.162","2.380","1.933","6.000","2021-06-19 01:29:02"
"2020-07-26 18:00:00","D","2.026","2.255","1.855","6.000","2021-06-19 01:29:02"
"2020-07-27 00:00:00","D","1.726","1.830","1.650","6.000","2021-06-19 01:29:02"
"2020-07-27 06:00:00","D","1.707","1.768","1.633","6.000","2021-06-19 01:29:02"
"2020-07-27 12:00:00","D","1.757","1.810","1.703","6.000","2021-06-19 01:29:02"
"2020-07-27 18:00:00","D","1.769","1.888","1.640","6.000","2021-06-19 01:29:02"
"2020-07-28 00:00:00","D","1.578","1.728","1.443","6.000","2021-06-19 01:29:02"
"2020-07-28 06:00:00","D","1.693","1.753","1.660","6.000","2021-06-19 01:29:02"
"2020-07-28 12:00:00","D","1.499","1.585","1.428","6.000","2021-06-19 01:29:02"
"2020-07-28 18:00:00","D","1.501","1.578","1.385","6.000","2021-06-19 01:29:02"
"2020-07-29 00:00:00","D","1.405","1.588","1.283","6.000","2021-06-19 01:29:02"
"2020-07-29 06:00:00","D","1.421","1.435","1.395","6.000","2021-06-19 01:29:02"
"2020-07-29 12:00:00","D","1.262","1.328","1.190","6.000","2021-06-19 01:29:02"
"2020-07-29 18:00:00","D","1.406","1.593","1.323","6.000","2021-06-19 01:29:02"
"2020-07-30 00:00:00","D","1.335","1.413","1.243","6.000","2021-06-19 01:29:02"
"2020-07-30 06:00:00","D","1.338","1.433","1.195","6.000","2021-06-19 01:29:02"
"2020-07-30 12:00:00","D","1.324","1.368","1.248","6.000","2021-06-19 01:29:02"
"2020-07-30 18:00:00","D","1.343","1.460","1.208","6.000","2021-06-19 01:29:02"
"2020-07-31 00:00:00","D","1.342","1.485","1.263","6.000","2021-06-19 01:29:02"
"2020-07-31 06:00:00","D","1.216","1.303","1.098","6.000","2021-06-19 01:29:02"
"2020-07-31 12:00:00","D","1.290","1.455","1.045","6.000","2021-06-19 01:29:02"
"2020-07-31 18:00:00","D","1.232","1.405","1.108","6.000","2021-06-19 01:29:02"
"2020-08-01 00:00:00","D","1.019","1.203","0.903","6.000","2021-06-19 01:29:02"
"2020-08-01 06:00:00","D","1.001","1.145","0.898","6.000","2021-06-19 01:29:02"
"2020-08-01 12:00:00","D","1.164","1.240","1.038","6.000","2021-06-19 01:29:02"
"2020-08-01 18:00:00","D","1.111","1.270","0.925","6.000","2021-06-19 01:29:02"
"2020-08-02 00:00:00","D","1.086","1.280","0.890","6.000","2021-06-19 01:29:02"
"2020-08-02 06:00:00","D","1.119","1.178","1.025","6.000","2021-06-19 01:29:02"
"2020-08-02 12:00:00","D","1.079","1.173","1.005","6.000","2021-06-19 01:29:02"
"2020-08-02 18:00:00","D","1.066","1.195","0.978","6.000","2021-06-19 01:29:02"
"2020-08-03 00:00:00","D","1.002","1.110","0.838","6.000","2021-06-19 01:29:02"
"2020-08-03 06:00:00","D","1.088","1.118","1.038","6.000","2021-06-19 01:29:02"
"2020-08-03 12:00:00","D","0.975","1.108","0.880","6.000","2021-06-19 01:29:02"
"2020-08-03 18:00:00","D","0.870","1.008","0.755","6.000","2021-06-19 01:29:02"
"2020-08-04 00:00:00","D","0.989","1.130","0.835","6.000","2021-06-19 01:29:02"
"2020-08-04 06:00:00","D","1.080","1.123","1.038","6.000","2021-06-19 01:29:02"
"2020-08-04 12:00:00","D","1.050","1.255","0.850","6.000","2021-06-19 01:29:02"
"2020-08-04 18:00:00","D","0.903","1.138","0.775","6.000","2021-06-19 01:29:02"
"2020-08-05 00:00:00","D","0.978","1.068","0.910","6.000","2021-06-19 01:29:02"
"2020-08-05 06:00:00","D","1.005","1.073","0.925","6.000","2021-06-19 01:29:02"
"2020-08-05 12:00:00","D","1.137","1.280","1.023","6.000","2021-06-19 01:29:02"
"2020-08-05 18:00:00","D","1.028","1.203","0.855","6.000","2021-06-19 01:29:02"
"2020-08-06 00:00:00","D","0.792","0.818","0.713","6.000","2021-06-19 01:29:02"
"2020-08-06 06:00:00","D","0.891","0.975","0.845","6.000","2021-06-19 01:29:02"
"2020-08-06 12:00:00","D","1.084","1.205","0.993","6.000","2021-06-19 01:29:02"
"2020-08-06 18:00:00","D","1.073","1.215","0.893","6.000","2021-06-19 01:29:02"
"2020-08-07 00:00:00","D","0.980","1.068","0.905","6.000","2021-06-19 01:29:02"
"2020-08-07 06:00:00","D","1.092","1.185","0.960","6.000","2021-06-19 01:29:02"
"2020-08-07 12:00:00","D","1.008","1.110","0.818","6.000","2021-06-19 01:29:02"
"2020-08-07 18:00:00","D","0.957","1.060","0.750","6.000","2021-06-19 01:29:02"
"2020-08-08 00:00:00","D","0.890","1.140","0.713","6.000","2021-06-19 01:29:02"
"2020-08-08 06:00:00","D","0.894","0.920","0.853","6.000","2021-06-19 01:29:02"
"2020-08-08 12:00:00","D","0.907","0.938","0.870","6.000","2021-06-19 01:29:02"
"2020-08-08 18:00:00","D","0.889","1.060","0.793","6.000","2021-06-19 01:29:02"
"2020-08-09 00:00:00","D","0.957","1.048","0.833","6.000","2021-06-19 01:29:02"
"2020-08-09 06:00:00","D","0.984","1.015","0.928","6.000","2021-06-19 01:29:02"
"2020-08-09 12:00:00","D","0.952","1.180","0.763","6.000","2021-06-19 01:29:02"
"2020-08-09 18:00:00","D","1.151","1.435","0.950","6.000","2021-06-19 01:29:02"
"2020-08-10 00:00:00","D","0.836","0.990","0.753","6.000","2021-06-19 01:29:02"
"2020-08-10 06:00:00","D","0.827","1.003","0.723","6.000","2021-06-19 01:29:02"
"2020-08-10 12:00:00","D","1.005","1.058","0.960","6.000","2021-06-19 01:29:02"
"2020-08-10 18:00:00","D","1.208","1.260","1.098","6.000","2021-06-19 01:29:02"
"2020-08-11 00:00:00","D","1.005","1.168","0.898","6.000","2021-06-19 01:29:02"
"2020-08-11 06:00:00","D","0.898","0.963","0.825","6.000","2021-06-19 01:29:02"
"2020-08-11 12:00:00","D","0.892","0.993","0.738","6.000","2021-06-19 01:29:02"
"2020-08-11 18:00:00","D","0.847","1.013","0.640","6.000","2021-06-19 01:29:02"
"2020-08-12 00:00:00","D","1.073","1.270","0.958","6.000","2021-06-19 01:29:02"
"2020-08-12 06:00:00","D","0.936","0.980","0.900","6.000","2021-06-19 01:29:02"
"2020-08-12 12:00:00","D","1.033","1.128","0.958","6.000","2021-06-19 01:29:02"
"2020-08-12 18:00:00","D","1.158","1.373","1.038","6.000","2021-06-19 01:29:02"
"2020-08-13 00:00:00","D","1.067","1.373","0.893","6.000","2021-06-19 01:29:02"
"2020-08-13 06:00:00","D","1.164","1.315","1.055","6.000","2021-06-19 01:29:02"
"2020-08-13 12:00:00","D","1.347","1.550","1.195","6.000","2021-06-19 01:29:02"
"2020-08-13 18:00:00","D","1.153","1.335","1.003","6.000","2021-06-19 01:29:02"
"2020-08-14 00:00:00","D","1.580","2.058","1.193","6.000","2021-06-19 01:29:02"
"2020-08-14 06:00:00","D","2.349","2.575","2.148","6.000","2021-06-19 01:29:02"
"2020-08-14 12:00:00","D","3.917","6.278","2.175","6.000","2021-06-19 01:29:02"
"2020-08-14 18:00:00","D","4.702","5.670","3.853","6.000","2021-06-19 01:29:02"
"2020-08-15 00:00:00","D","3.852","3.900","3.793","6.000","2021-06-19 01:29:02"
"2020-08-15 06:00:00","D","3.458","3.858","3.230","6.000","2021-06-19 01:29:02"
"2020-08-15 12:00:00","D","3.523","3.680","3.165","6.000","2021-06-19 01:29:02"
"2020-08-15 18:00:00","D","3.473","3.763","3.288","6.000","2021-06-19 01:29:02"
"2020-08-16 00:00:00","D","2.816","3.313","2.480","6.000","2021-06-19 01:29:02"
"2020-08-16 06:00:00","D","5.134","6.855","3.740","6.000","2021-06-19 01:29:02"
"2020-08-16 12:00:00","D","4.108","4.255","3.963","6.000","2021-06-19 01:29:02"
"2020-08-16 18:00:00","D","4.388","4.903","3.853","6.000","2021-06-19 01:29:02"
"2020-08-17 00:00:00","D","3.190","3.855","2.325","6.000","2021-06-19 01:29:02"
"2020-08-17 06:00:00","D","4.451","4.600","4.100","6.000","2021-06-19 01:29:02"
"2020-08-17 12:00:00","D","4.256","4.900","3.295","6.000","2021-06-19 01:29:02"
"2020-08-17 18:00:00","D","3.862","4.845","3.215","6.000","2021-06-19 01:29:02"
"2020-08-18 00:00:00","D","4.104","4.380","3.860","6.000","2021-06-19 01:29:02"
"2020-08-18 06:00:00","D","3.816","3.843","3.755","6.000","2021-06-19 01:29:02"
"2020-08-18 12:00:00","D","3.091","3.583","2.455","6.000","2021-06-19 01:29:02"
"2020-08-18 18:00:00","D","2.664","2.768","2.535","6.000","2021-06-19 01:29:02"
"2020-08-19 00:00:00","D","2.497","2.780","2.208","6.000","2021-06-19 01:29:02"
"2020-08-19 06:00:00","D","2.550","2.633","2.450","6.000","2021-06-19 01:29:02"
"2020-08-19 12:00:00","D","2.503","2.580","2.333","6.000","2021-06-19 01:29:02"
"2020-08-19 18:00:00","D","2.573","2.823","2.460","6.000","2021-06-19 01:29:02"
"2020-08-20 00:00:00","D","2.518","2.613","2.393","6.000","2021-06-19 01:29:02"
"2020-08-20 06:00:00","D","2.832","3.185","2.518","6.000","2021-06-19 01:29:02"
"2020-08-20 12:00:00","D","2.791","3.090","2.453","6.000","2021-06-19 01:29:02"
"2020-08-20 18:00:00","D","2.306","2.555","2.173","6.000","2021-06-19 01:29:02"
"2020-08-21 00:00:00","D","2.290","2.365","2.235","6.000","2021-06-19 01:29:02"
"2020-08-21 06:00:00","D","2.246","2.280","2.193","6.000","2021-06-19 01:29:02"
"2020-08-21 12:00:00","D","2.147","2.338","2.035","6.000","2021-06-19 01:29:02"
"2020-08-21 18:00:00","D","2.013","2.155","1.890","6.000","2021-06-19 01:29:02"
"2020-08-22 00:00:00","D","1.818","1.880","1.783","6.000","2021-06-19 01:29:02"
"2020-08-22 06:00:00","D","1.702","1.828","1.595","6.000","2021-06-19 01:29:02"
"2020-08-22 12:00:00","D","1.660","1.875","1.535","6.000","2021-06-19 01:29:02"
"2020-08-22 18:00:00","D","1.672","1.910","1.448","6.000","2021-06-19 01:29:02"
"2020-08-23 00:00:00","D","1.528","1.613","1.445","6.000","2021-06-19 01:29:02"
"2020-08-23 06:00:00","D","1.645","1.680","1.605","6.000","2021-06-19 01:29:02"
"2020-08-23 12:00:00","D","1.607","1.720","1.538","6.000","2021-06-19 01:29:02"
"2020-08-23 18:00:00","D","1.509","1.685","1.460","6.000","2021-06-19 01:29:02"
"2020-08-24 00:00:00","D","1.485","1.655","1.380","6.000","2021-06-19 01:29:02"
"2020-08-24 06:00:00","D","1.513","1.545","1.480","6.000","2021-06-19 01:29:02"
"2020-08-24 12:00:00","D","1.423","1.543","1.240","6.000","2021-06-19 01:29:02"
"2020-08-24 18:00:00","D","1.512","1.575","1.445","6.000","2021-06-19 01:29:02"
"2020-08-25 00:00:00","D","1.490","1.563","1.450","6.000","2021-06-19 01:29:02"
"2020-08-25 06:00:00","D","1.517","1.585","1.455","6.000","2021-06-19 01:29:02"
"2020-08-25 12:00:00","D","1.640","1.693","1.598","6.000","2021-06-19 01:29:02"
"2020-08-25 18:00:00","D","1.609","1.740","1.540","6.000","2021-06-19 01:29:02"
"2020-08-26 00:00:00","D","1.763","1.948","1.500","6.000","2021-06-19 01:29:02"
"2020-08-26 06:00:00","D","1.878","1.965","1.778","6.000","2021-06-19 01:29:02"
"2020-08-26 12:00:00","D","1.675","1.758","1.545","6.000","2021-06-19 01:29:02"
"2020-08-26 18:00:00","D","1.589","1.673","1.525","6.000","2021-06-19 01:29:02"
"2020-08-27 00:00:00","D","1.757","1.775","1.743","6.000","2021-06-19 01:29:02"
"2020-08-27 06:00:00","D","1.752","1.800","1.713","6.000","2021-06-19 01:29:02"
"2020-08-27 12:00:00","D","1.749","1.788","1.675","6.000","2021-06-19 01:29:02"
"2020-08-27 18:00:00","D","1.772","2.143","1.618","6.000","2021-06-19 01:29:02"
"2020-08-28 00:00:00","D","3.200","4.053","2.553","6.000","2021-06-19 01:29:02"
"2020-08-28 06:00:00","D","2.767","3.220","2.523","6.000","2021-06-19 01:29:03"
"2020-08-28 12:00:00","D","3.924","4.170","3.750","6.000","2021-06-19 01:29:02"
"2020-08-28 18:00:00","D","3.150","3.433","2.930","6.000","2021-06-19 01:29:02"
"2020-08-29 00:00:00","D","3.514","4.110","3.020","6.000","2021-06-19 01:29:02"
"2020-08-29 06:00:00","D","4.083","4.295","3.980","6.000","2021-06-19 01:29:02"
"2020-08-29 12:00:00","D","5.248","5.668","4.493","6.000","2021-06-19 01:29:02"
"2020-08-29 18:00:00","D","4.675","5.030","4.478","6.000","2021-06-19 01:29:02"
"2020-08-30 00:00:00","D","4.080","4.230","3.893","6.000","2021-06-19 01:29:02"
"2020-08-30 06:00:00","D","3.902","4.120","3.638","6.000","2021-06-19 01:29:02"
"2020-08-30 12:00:00","D","3.814","4.008","3.480","6.000","2021-06-19 01:29:02"
"2020-08-30 18:00:00","D","3.524","3.860","3.205","6.000","2021-06-19 01:29:02"
"2020-08-31 00:00:00","D","3.070","3.235","2.840","6.000","2021-06-19 01:29:02"
"2020-08-31 06:00:00","D","2.930","2.965","2.880","6.000","2021-06-19 01:29:02"
"2020-08-31 12:00:00","D","2.573","2.940","2.303","6.000","2021-06-19 01:29:02"
"2020-08-31 18:00:00","D","2.396","2.525","2.255","6.000","2021-06-19 01:29:02"
"2020-09-01 00:00:00","D","2.352","2.755","2.150","6.000","2021-06-19 01:29:02"
"2020-09-01 06:00:00","D","2.230","2.253","2.208","6.000","2021-06-19 01:29:02"
"2020-09-01 12:00:00","D","2.133","2.268","2.008","6.000","2021-06-19 01:29:02"
"2020-09-01 18:00:00","D","1.986","2.040","1.863","6.000","2021-06-19 01:29:02"
"2020-09-02 00:00:00","D","2.024","2.040","1.993","6.000","2021-06-19 01:29:02"
"2020-09-02 06:00:00","D","2.005","2.033","1.978","6.000","2021-06-19 01:29:02"
"2020-09-02 12:00:00","D","1.937","2.053","1.778","6.000","2021-06-19 01:29:02"
"2020-09-02 18:00:00","D","1.821","1.880","1.718","6.000","2021-06-19 01:29:02"
"2020-09-03 00:00:00","D","1.949","1.990","1.888","6.000","2021-06-19 01:29:02"
"2020-09-03 06:00:00","D","1.911","1.958","1.868","6.000","2021-06-19 01:29:02"
"2020-09-03 12:00:00","D","1.884","1.965","1.763","6.000","2021-06-19 01:29:02"
"2020-09-03 18:00:00","D","1.907","1.993","1.780","6.000","2021-06-19 01:29:02"
"2020-09-04 00:00:00","D","2.056","2.110","1.963","6.000","2021-06-19 01:29:02"
"2020-09-04 06:00:00","D","2.068","2.103","2.043","6.000","2021-06-19 01:29:02"
"2020-09-04 12:00:00","D","2.005","2.110","1.798","6.000","2021-06-19 01:29:02"
"2020-09-04 18:00:00","D","1.934","2.073","1.738","6.000","2021-06-19 01:29:02"
"2020-09-05 00:00:00","D","1.854","1.973","1.788","6.000","2021-06-19 01:29:02"
"2020-09-05 06:00:00","D","1.797","1.845","1.768","6.000","2021-06-19 01:29:02"
"2020-09-05 12:00:00","D","1.746","1.913","1.518","6.000","2021-06-19 01:29:02"
"2020-09-05 18:00:00","D","1.513","1.620","1.405","6.000","2021-06-19 01:29:02"
"2020-09-06 00:00:00","D","1.757","1.863","1.708","6.000","2021-06-19 01:29:02"
"2020-09-06 06:00:00","D","1.632","1.668","1.598","6.000","2021-06-19 01:29:02"
"2020-09-06 12:00:00","D","1.609","1.665","1.540","6.000","2021-06-19 01:29:02"
"2020-09-06 18:00:00","D","1.582","1.748","1.458","6.000","2021-06-19 01:29:02"
"2020-09-07 00:00:00","D","1.599","1.678","1.568","6.000","2021-06-19 01:29:02"
"2020-09-07 06:00:00","D","1.534","1.568","1.480","6.000","2021-06-19 01:29:02"
"2020-09-07 12:00:00","D","1.497","1.593","1.360","6.000","2021-06-19 01:29:02"
"2020-09-07 18:00:00","D","1.511","1.578","1.403","6.000","2021-06-19 01:29:02"
"2020-09-08 00:00:00","D","1.470","1.560","1.365","6.000","2021-06-19 01:29:02"
"2020-09-08 06:00:00","D","1.553","1.590","1.498","6.000","2021-06-19 01:29:02"
"2020-09-08 12:00:00","D","1.421","1.605","1.255","6.000","2021-06-19 01:29:02"
"2020-09-08 18:00:00","D","1.665","1.798","1.558","6.000","2021-06-19 01:29:02"
"2020-09-09 00:00:00","D","1.611","1.713","1.545","6.000","2021-06-19 01:29:02"
"2020-09-09 06:00:00","D","1.515","1.578","1.448","6.000","2021-06-19 01:29:02"
"2020-09-09 12:00:00","D","1.464","1.530","1.313","6.000","2021-06-19 01:29:02"
"2020-09-09 18:00:00","D","1.457","1.655","1.298","6.000","2021-06-19 01:29:02"
"2020-09-10 00:00:00","D","1.504","1.560","1.418","6.000","2021-06-19 01:29:02"
"2020-09-10 06:00:00","D","1.511","1.623","1.395","6.000","2021-06-19 01:29:02"
"2020-09-10 12:00:00","D","1.459","1.605","1.328","6.000","2021-06-19 01:29:02"
"2020-09-10 18:00:00","D","1.418","1.515","1.333","6.000","2021-06-19 01:29:02"
"2020-09-11 00:00:00","D","1.298","1.430","1.180","6.000","2021-06-19 01:29:02"
"2020-09-11 06:00:00","D","1.383","1.430","1.300","6.000","2021-06-19 01:29:02"
"2020-09-11 12:00:00","D","1.405","1.483","1.268","6.000","2021-06-19 01:29:02"
"2020-09-11 18:00:00","D","1.408","1.610","1.258","6.000","2021-06-19 01:29:02"
"2020-09-12 00:00:00","D","1.251","1.390","1.153","6.000","2021-06-19 01:29:02"
"2020-09-12 06:00:00","D","1.363","1.408","1.310","6.000","2021-06-19 01:29:02"
"2020-09-12 12:00:00","D","1.371","1.510","1.208","6.000","2021-06-19 01:29:02"
"2020-09-12 18:00:00","D","1.228","1.508","1.123","6.000","2021-06-19 01:29:02"
"2020-09-13 00:00:00","D","1.290","1.378","1.135","6.000","2021-06-19 01:29:02"
"2020-09-13 06:00:00","D","1.295","1.353","1.233","6.000","2021-06-19 01:29:02"
"2020-09-13 12:00:00","D","1.336","1.485","1.213","6.000","2021-06-19 01:29:02"
"2020-09-13 18:00:00","D","1.208","1.408","1.090","6.000","2021-06-19 01:29:02"
"2020-09-14 00:00:00","D","1.321","1.403","1.258","6.000","2021-06-19 01:29:02"
"2020-09-14 06:00:00","D","1.153","1.195","1.120","6.000","2021-06-19 01:29:02"
"2020-09-14 12:00:00","D","1.264","1.403","1.090","6.000","2021-06-19 01:29:02"
"2020-09-14 18:00:00","D","1.405","1.548","1.258","6.000","2021-06-19 01:29:02"
"2020-09-15 00:00:00","D","1.386","1.468","1.288","6.000","2021-06-19 01:29:02"
"2020-09-15 06:00:00","D","1.309","1.320","1.300","6.000","2021-06-19 01:29:02"
"2020-09-15 12:00:00","D","1.374","1.510","1.268","6.000","2021-06-19 01:29:02"
"2020-09-15 18:00:00","D","1.305","1.573","1.138","6.000","2021-06-19 01:29:02"
"2020-09-16 00:00:00","D","1.233","1.350","1.070","6.000","2021-06-19 01:29:02"
"2020-09-16 06:00:00","D","1.205","1.320","1.110","6.000","2021-06-19 01:29:02"
"2020-09-16 12:00:00","D","1.343","1.403","1.310","6.000","2021-06-19 01:29:02"
"2020-09-16 18:00:00","D","1.344","1.515","1.233","6.000","2021-06-19 01:29:02"
"2020-09-17 00:00:00","D","1.211","1.268","1.185","6.000","2021-06-19 01:29:02"
"2020-09-17 06:00:00","D","1.229","1.280","1.143","6.000","2021-06-19 01:29:02"
"2020-09-17 12:00:00","D","1.203","1.270","1.070","6.000","2021-06-19 01:29:02"
"2020-09-17 18:00:00","D","1.333","1.493","1.175","6.000","2021-06-19 01:29:02"
"2020-09-18 00:00:00","D","1.090","1.288","0.920","6.000","2021-06-19 01:29:02"
"2020-09-18 06:00:00","D","0.994","1.120","0.898","6.000","2021-06-19 01:29:02"
"2020-09-18 12:00:00","D","1.131","1.203","1.073","6.000","2021-06-19 01:29:02"
"2020-09-18 18:00:00","D","1.174","1.280","1.055","6.000","2021-06-19 01:29:02"
"2020-09-19 00:00:00","D","1.147","1.233","1.010","6.000","2021-06-19 01:29:02"
"2020-09-19 06:00:00","D","1.244","1.293","1.208","6.000","2021-06-19 01:29:02"
"2020-09-19 12:00:00","D","1.193","1.305","1.093","6.000","2021-06-19 01:29:02"
"2020-09-19 18:00:00","D","1.127","1.265","0.995","6.000","2021-06-19 01:29:02"
"2020-09-20 00:00:00","D","1.131","1.198","0.995","6.000","2021-06-19 01:29:02"
"2020-09-20 06:00:00","D","1.130","1.168","1.078","6.000","2021-06-19 01:29:02"
"2020-09-20 12:00:00","D","1.116","1.220","1.040","6.000","2021-06-19 01:29:02"
"2020-09-20 18:00:00","D","1.127","1.205","1.055","6.000","2021-06-19 01:29:02"
"2020-09-21 00:00:00","D","1.096","1.158","1.040","6.000","2021-06-19 01:29:02"
"2020-09-21 06:00:00","D","1.144","1.230","1.048","6.000","2021-06-19 01:29:02"
"2020-09-21 12:00:00","D","1.117","1.263","1.005","6.000","2021-06-19 01:29:02"
"2020-09-21 18:00:00","D","1.160","1.315","1.030","6.000","2021-06-19 01:29:02"
"2020-09-22 00:00:00","D","1.116","1.233","0.998","6.000","2021-06-19 01:29:02"
"2020-09-22 06:00:00","D","1.224","1.263","1.183","6.000","2021-06-19 01:29:02"
"2020-09-22 12:00:00","D","1.212","1.238","1.165","6.000","2021-06-19 01:29:02"
"2020-09-22 18:00:00","D","1.285","1.430","1.105","6.000","2021-06-19 01:29:02"
"2020-09-23 00:00:00","D","1.066","1.253","0.985","6.000","2021-06-19 01:29:02"
"2020-09-23 06:00:00","D","1.161","1.238","1.058","6.000","2021-06-19 01:29:02"
"2020-09-23 12:00:00","D","1.149","1.225","1.098","6.000","2021-06-19 01:29:02"
"2020-09-23 18:00:00","D","1.330","1.493","1.243","6.000","2021-06-19 01:29:02"
"2020-09-24 00:00:00","D","1.629","1.733","1.515","6.000","2021-06-19 01:29:02"
"2020-09-24 06:00:00","D","1.707","1.770","1.608","6.000","2021-06-19 01:29:02"
"2020-09-24 12:00:00","D","2.108","2.280","1.843","6.000","2021-06-19 01:29:02"
"2020-09-24 18:00:00","D","2.211","2.368","2.078","6.000","2021-06-19 01:29:02"
"2020-09-25 00:00:00","D","1.995","2.083","1.933","6.000","2021-06-19 01:29:02"
"2020-09-25 06:00:00","D","2.006","2.045","1.935","6.000","2021-06-19 01:29:02"
"2020-09-25 12:00:00","D","2.057","2.138","1.988","6.000","2021-06-19 01:29:02"
"2020-09-25 18:00:00","D","1.859","2.068","1.708","6.000","2021-06-19 01:29:02"
"2020-09-26 00:00:00","D","1.825","1.880","1.753","6.000","2021-06-19 01:29:02"
"2020-09-26 06:00:00","D","1.793","1.853","1.728","6.000","2021-06-19 01:29:02"
"2020-09-26 12:00:00","D","1.707","1.838","1.615","6.000","2021-06-19 01:29:02"
"2020-09-26 18:00:00","D","1.562","1.635","1.458","6.000","2021-06-19 01:29:02"
"2020-09-27 00:00:00","D","1.417","1.445","1.338","6.000","2021-06-19 01:29:02"
"2020-09-27 06:00:00","D","1.385","1.425","1.323","6.000","2021-06-19 01:29:02"
"2020-09-27 12:00:00","D","1.375","1.450","1.280","6.000","2021-06-19 01:29:02"
"2020-09-27 18:00:00","D","1.316","1.403","1.243","6.000","2021-06-19 01:29:02"
"2020-09-28 00:00:00","D","1.217","1.295","1.123","6.000","2021-06-19 01:29:02"
"2020-09-28 06:00:00","D","1.229","1.283","1.165","6.000","2021-06-19 01:29:02"
"2020-09-28 12:00:00","D","1.324","1.413","1.223","6.000","2021-06-19 01:29:02"
"2020-09-28 18:00:00","D","1.327","1.375","1.295","6.000","2021-06-19 01:29:02"
"2020-09-29 00:00:00","D","1.449","1.525","1.360","6.000","2021-06-19 01:29:02"
"2020-09-29 06:00:00","D","1.359","1.435","1.315","6.000","2021-06-19 01:29:03"
"2020-09-29 12:00:00","D","1.329","1.413","1.220","6.000","2021-06-19 01:29:02"
"2020-09-29 18:00:00","D","1.422","1.533","1.185","6.000","2021-06-19 01:29:02"
"2020-09-30 00:00:00","D","1.484","1.585","1.400","6.000","2021-06-19 01:29:02"
"2020-09-30 06:00:00","D","1.587","1.618","1.513","6.000","2021-06-19 01:29:02"
"2020-09-30 12:00:00","D","1.493","1.593","1.413","6.000","2021-06-19 01:29:02"
"2020-09-30 18:00:00","D","1.434","1.568","1.388","6.000","2021-06-19 01:29:02"
"2020-10-01 00:00:00","D","1.510","1.565","1.438","6.000","2021-06-19 01:29:02"
"2020-10-01 06:00:00","D","1.559","1.618","1.473","6.000","2021-06-19 01:29:02"
"2020-10-01 12:00:00","D","1.506","1.615","1.428","6.000","2021-06-19 01:29:02"
"2020-10-01 18:00:00","D","1.660","1.708","1.610","6.000","2021-06-19 01:29:02"
"2020-10-02 00:00:00","D","1.701","1.738","1.665","6.000","2021-06-19 01:29:02"
"2020-10-02 06:00:00","D","1.655","1.685","1.605","6.000","2021-06-19 01:29:02"
"2020-10-02 12:00:00","D","1.760","2.008","1.685","6.000","2021-06-19 01:29:03"
"2020-10-02 18:00:00","D","2.308","2.758","1.885","6.000","2021-06-19 01:29:03"
"2020-10-03 00:00:00","D","4.499","5.155","4.198","6.000","2021-06-19 01:29:03"
"2020-10-03 06:00:00","D","7.605","9.208","5.380","6.000","2021-06-19 01:29:03"
"2020-10-03 12:00:00","D","11.248","13.525","8.335","6.000","2021-06-19 01:29:03"
"2020-10-03 18:00:00","D","15.154","15.825","14.700","6.000","2021-06-19 01:29:03"
"2020-10-04 00:00:00","D","13.846","14.675","12.875","6.000","2021-06-19 01:29:03"
"2020-10-04 06:00:00","D","11.771","12.900","10.925","6.000","2021-06-19 01:29:03"
"2020-10-04 12:00:00","D","14.392","17.200","12.125","6.000","2021-06-19 01:29:03"
"2020-10-04 18:00:00","D","18.813","20.325","17.100","6.000","2021-06-19 01:29:03"
"2020-10-05 00:00:00","D","21.604","21.975","20.850","6.000","2021-06-19 01:29:03"
"2020-10-05 06:00:00","D","20.483","21.725","19.025","6.000","2021-06-19 01:29:03"
"2020-10-05 12:00:00","D","16.567","18.175","15.050","6.000","2021-06-19 01:29:03"
"2020-10-05 18:00:00","D","13.271","14.125","11.975","6.000","2021-06-19 01:29:03"
"2020-10-06 00:00:00","D","11.229","11.775","10.675","6.000","2021-06-19 01:29:03"
"2020-10-06 06:00:00","D","9.893","10.643","9.110","6.000","2021-06-19 01:29:03"
"2020-10-06 12:00:00","D","6.967","9.683","4.278","6.000","2021-06-19 01:29:03"
"2020-10-06 18:00:00","D","7.377","8.638","6.663","6.000","2021-06-19 01:29:03"
"2020-10-07 00:00:00","D","6.323","6.703","5.865","6.000","2021-06-19 01:29:33"
"2020-10-07 06:00:00","D","5.667","5.930","5.323","6.000","2021-06-19 01:29:33"
"2020-10-07 12:00:00","D","5.752","6.363","5.198","6.000","2021-06-19 01:29:33"
"2020-10-07 18:00:00","D","6.063","6.623","5.618","6.000","2021-06-19 01:29:33"
"2020-10-08 00:00:00","D","5.850","6.210","5.478","6.000","2021-06-19 01:29:33"
"2020-10-08 06:00:00","D","5.395","6.008","4.933","6.000","2021-06-19 01:29:33"
"2020-10-08 12:00:00","D","5.160","5.540","4.918","6.000","2021-06-19 01:29:33"
"2020-10-08 18:00:00","D","5.338","5.773","5.043","6.000","2021-06-19 01:29:33"
"2020-10-09 00:00:00","D","5.309","5.723","5.010","6.000","2021-06-19 01:29:33"
"2020-10-09 06:00:00","D","5.095","5.368","4.705","6.000","2021-06-19 01:29:33"
"2020-10-09 12:00:00","D","4.630","5.068","4.120","6.000","2021-06-19 01:29:33"
"2020-10-09 18:00:00","D","4.424","4.643","4.148","6.000","2021-06-19 01:29:33"
"2020-10-10 00:00:00","D","4.202","4.318","4.003","6.000","2021-06-19 01:29:33"
"2020-10-10 06:00:00","D","4.191","4.420","3.948","6.000","2021-06-19 01:29:33"
"2020-10-10 12:00:00","D","3.851","4.195","3.578","6.000","2021-06-19 01:29:33"
"2020-10-10 18:00:00","D","3.649","3.863","3.138","6.000","2021-06-19 01:29:33"
"2020-10-11 00:00:00","D","3.544","3.620","3.448","6.000","2021-06-19 01:29:33"
"2020-10-11 06:00:00","D","3.479","3.685","3.333","6.000","2021-06-19 01:29:33"
"2020-10-11 12:00:00","D","3.602","3.815","3.395","6.000","2021-06-19 01:29:33"
"2020-10-11 18:00:00","D","3.768","3.918","3.628","6.000","2021-06-19 01:29:33"
"2020-10-12 00:00:00","D","3.694","3.938","3.528","6.000","2021-06-19 01:29:33"
"2020-10-12 06:00:00","D","3.643","3.875","3.423","6.000","2021-06-19 01:29:33"
"2020-10-12 12:00:00","D","3.522","3.678","3.400","6.000","2021-06-19 01:29:33"
"2020-10-12 18:00:00","D","3.497","3.713","3.205","6.000","2021-06-19 01:29:33"
"2020-10-13 00:00:00","D","3.543","3.770","3.295","6.000","2021-06-19 01:29:33"
"2020-10-13 06:00:00","D","3.470","3.663","3.325","6.000","2021-06-19 01:29:33"
"2020-10-13 12:00:00","D","3.442","3.645","3.248","6.000","2021-06-19 01:29:33"
"2020-10-13 18:00:00","D","2.925","3.298","2.620","6.000","2021-06-19 01:29:33"
"2020-10-14 00:00:00","D","3.203","3.245","3.155","6.000","2021-06-19 01:29:33"
"2020-10-14 06:00:00","D","3.178","3.218","3.155","6.000","2021-06-19 01:29:33"
"2020-10-14 12:00:00","D","3.125","3.413","2.555","6.000","2021-06-19 01:29:33"
"2020-10-14 18:00:00","D","3.097","3.578","2.585","6.000","2021-06-19 01:29:33"
"2020-10-15 00:00:00","D","2.936","3.048","2.735","6.000","2021-06-19 01:29:33"
"2020-10-15 06:00:00","D","3.208","3.305","3.023","6.000","2021-06-19 01:29:33"
"2020-10-15 12:00:00","D","3.113","3.225","2.960","6.000","2021-06-19 01:29:33"
"2020-10-15 18:00:00","D","3.041","3.120","2.985","6.000","2021-06-19 01:29:33"
"2020-10-16 00:00:00","D","3.067","3.130","2.995","6.000","2021-06-19 01:29:33"
"2020-10-16 06:00:00","D","3.104","3.148","3.053","6.000","2021-06-19 01:29:33"
"2020-10-16 12:00:00","D","2.953","3.150","2.760","6.000","2021-06-19 01:29:33"
"2020-10-16 18:00:00","D","2.940","3.068","2.803","6.000","2021-06-19 01:29:33"
"2020-10-17 00:00:00","D","2.854","2.968","2.733","6.000","2021-06-19 01:29:33"
"2020-10-17 06:00:00","D","2.882","2.938","2.805","6.000","2021-06-19 01:29:33"
"2020-10-17 12:00:00","D","2.870","2.913","2.765","6.000","2021-06-19 01:29:33"
"2020-10-17 18:00:00","D","2.767","3.045","2.605","6.000","2021-06-19 01:29:33"
"2020-10-18 00:00:00","D","2.797","2.918","2.655","6.000","2021-06-19 01:29:33"
"2020-10-18 06:00:00","D","2.797","2.885","2.720","6.000","2021-06-19 01:29:33"
"2020-10-18 12:00:00","D","2.685","2.840","2.455","6.000","2021-06-19 01:29:33"
"2020-10-18 18:00:00","D","2.643","2.823","2.550","6.000","2021-06-19 01:29:33"
"2020-10-19 00:00:00","D","2.718","2.750","2.673","6.000","2021-06-19 01:29:33"
"2020-10-19 06:00:00","D","2.751","2.773","2.725","6.000","2021-06-19 01:29:33"
"2020-10-19 12:00:00","D","2.689","2.750","2.598","6.000","2021-06-19 01:29:33"
"2020-10-19 18:00:00","D","2.566","2.683","2.488","6.000","2021-06-19 01:29:33"
"2020-10-20 00:00:00","D","2.683","2.770","2.593","6.000","2021-06-19 01:29:33"
"2020-10-20 06:00:00","D","2.700","2.753","2.625","6.000","2021-06-19 01:29:33"
"2020-10-20 12:00:00","D","2.643","2.753","2.518","6.000","2021-06-19 01:29:33"
"2020-10-20 18:00:00","D","2.532","2.768","2.368","6.000","2021-06-19 01:29:33"
"2020-10-21 00:00:00","D","2.630","2.710","2.525","6.000","2021-06-19 01:29:33"
"2020-10-21 06:00:00","D","2.696","2.778","2.660","6.000","2021-06-19 01:29:33"
"2020-10-21 12:00:00","D","3.209","3.693","2.850","6.000","2021-06-19 01:29:33"
"2020-10-21 18:00:00","D","4.502","6.045","3.308","6.000","2021-06-19 01:29:33"
"2020-10-22 00:00:00","D","8.106","9.323","5.823","6.000","2021-06-19 01:29:33"
"2020-10-22 06:00:00","D","7.578","8.293","6.588","6.000","2021-06-19 01:29:33"
"2020-10-22 12:00:00","D","6.300","6.838","5.890","6.000","2021-06-19 01:29:33"
"2020-10-22 18:00:00","D","6.076","6.790","5.610","6.000","2021-06-19 01:29:33"
"2020-10-23 00:00:00","D","5.485","5.770","5.230","6.000","2021-06-19 01:29:33"
"2020-10-23 06:00:00","D","4.912","5.223","4.723","6.000","2021-06-19 01:29:33"
"2020-10-23 12:00:00","D","4.360","4.765","3.935","6.000","2021-06-19 01:29:33"
"2020-10-23 18:00:00","D","3.921","4.288","3.538","6.000","2021-06-19 01:29:33"
"2020-10-24 00:00:00","D","3.765","3.795","3.720","6.000","2021-06-19 01:29:33"
"2020-10-24 06:00:00","D","3.691","3.810","3.545","6.000","2021-06-19 01:29:33"
"2020-10-24 12:00:00","D","3.345","3.510","3.133","6.000","2021-06-19 01:29:33"
"2020-10-24 18:00:00","D","3.322","3.420","3.173","6.000","2021-06-19 01:29:33"
"2020-10-25 00:00:00","D","4.517","5.603","3.500","6.000","2021-06-19 01:29:33"
"2020-10-25 06:00:00","D","11.304","15.075","8.430","6.000","2021-06-19 01:29:33"
"2020-10-25 12:00:00","D","17.738","19.125","15.875","6.000","2021-06-19 01:29:33"
"2020-10-25 18:00:00","D","18.079","18.875","17.000","6.000","2021-06-19 01:29:33"
"2020-10-26 00:00:00","D","15.321","16.675","13.175","6.000","2021-06-19 01:29:33"
"2020-10-26 06:00:00","D","10.947","12.900","9.728","6.000","2021-06-19 01:29:33"
"2020-10-26 12:00:00","D","9.185","9.905","8.165","6.000","2021-06-19 01:29:33"
"2020-10-26 18:00:00","D","7.769","8.360","6.975","6.000","2021-06-19 01:29:33"
"2020-10-27 00:00:00","D","6.449","6.830","6.105","6.000","2021-06-19 01:29:33"
"2020-10-27 06:00:00","D","6.035","6.450","5.655","6.000","2021-06-19 01:29:33"
"2020-10-27 12:00:00","D","5.327","5.680","5.063","6.000","2021-06-19 01:29:33"
"2020-10-27 18:00:00","D","4.967","5.628","4.670","6.000","2021-06-19 01:29:33"
"2020-10-28 00:00:00","D","4.686","5.278","4.275","6.000","2021-06-19 01:29:33"
"2020-10-28 06:00:00","D","5.583","5.930","5.210","6.000","2021-06-19 01:29:33"
"2020-10-28 12:00:00","D","5.089","5.798","3.910","6.000","2021-06-19 01:29:33"
"2020-10-28 18:00:00","D","5.314","5.598","5.000","6.000","2021-06-19 01:29:33"
"2020-10-29 00:00:00","D","5.124","5.378","4.895","6.000","2021-06-19 01:29:33"
"2020-10-29 06:00:00","D","5.550","5.815","5.235","6.000","2021-06-19 01:29:33"
"2020-10-29 12:00:00","D","5.307","5.793","5.023","6.000","2021-06-19 01:29:33"
"2020-10-29 18:00:00","D","5.256","5.598","4.675","6.000","2021-06-19 01:29:33"
"2020-10-30 00:00:00","D","5.421","6.015","4.933","6.000","2021-06-19 01:29:33"
"2020-10-30 06:00:00","D","5.874","6.200","5.460","6.000","2021-06-19 01:29:33"
"2020-10-30 12:00:00","D","5.610","5.933","5.273","6.000","2021-06-19 01:29:33"
"2020-10-30 18:00:00","D","6.154","6.428","5.923","6.000","2021-06-19 01:29:33"
"2020-10-31 00:00:00","D","5.985","6.300","5.750","6.000","2021-06-19 01:29:33"
"2020-10-31 06:00:00","D","5.448","5.833","5.070","6.000","2021-06-19 01:29:33"
"2020-10-31 12:00:00","D","5.224","5.500","4.955","6.000","2021-06-19 01:29:33"
"2020-10-31 18:00:00","D","5.859","6.280","5.385","6.000","2021-06-19 01:29:33"
"2020-11-01 00:00:00","D","8.908","10.565","6.235","6.000","2021-06-19 01:29:33"
"2020-11-01 06:00:00","D","10.264","10.565","9.888","6.000","2021-06-19 01:29:33"
"2020-11-01 12:00:00","D","9.516","9.995","8.965","6.000","2021-06-19 01:29:33"
"2020-11-01 18:00:00","D","8.829","9.558","8.020","6.000","2021-06-19 01:29:33"
"2020-11-02 00:00:00","D","8.183","8.890","7.538","6.000","2021-06-19 01:29:33"
"2020-11-02 06:00:00","D","7.226","7.893","6.375","6.000","2021-06-19 01:29:33"
"2020-11-02 12:00:00","D","4.601","7.620","1.888","6.000","2021-06-19 01:29:33"
"2020-11-02 18:00:00","D","5.811","6.818","4.890","6.000","2021-06-19 01:29:33"
"2020-11-03 00:00:00","D","5.321","5.560","5.158","6.000","2021-06-19 01:29:33"
"2020-11-03 06:00:00","D","4.588","4.703","4.410","6.000","2021-06-19 01:29:33"
"2020-11-03 12:00:00","D","5.131","5.360","4.870","6.000","2021-06-19 01:29:33"
"2020-11-03 18:00:00","D","5.531","6.623","4.758","6.000","2021-06-19 01:29:33"
"2020-11-04 00:00:00","D","6.929","7.663","6.533","6.000","2021-06-19 01:29:33"
"2020-11-04 06:00:00","D","5.994","6.403","5.575","6.000","2021-06-19 01:29:33"
"2020-11-04 12:00:00","D","5.826","6.443","5.388","6.000","2021-06-19 01:29:33"
"2020-11-04 18:00:00","D","5.735","5.888","5.563","6.000","2021-06-19 01:29:33"
"2020-11-05 00:00:00","D","5.635","5.798","5.448","6.000","2021-06-19 01:29:33"
"2020-11-05 06:00:00","D","5.333","5.565","5.030","6.000","2021-06-19 01:29:33"
"2020-11-05 12:00:00","D","4.880","5.083","4.613","6.000","2021-06-19 01:29:33"
"2020-11-05 18:00:00","D","4.601","4.978","4.125","6.000","2021-06-19 01:29:33"
"2020-11-06 00:00:00","D","4.523","4.595","4.458","6.000","2021-06-19 01:29:33"
"2020-11-06 06:00:00","D","4.407","4.453","4.368","6.000","2021-06-19 01:29:33"
"2020-11-06 12:00:00","D","4.394","4.443","4.300","6.000","2021-06-19 01:29:33"
"2020-11-06 18:00:00","D","4.303","4.470","4.203","6.000","2021-06-19 01:29:33"
"2020-11-07 00:00:00","D","4.055","4.185","3.938","6.000","2021-06-19 01:29:33"
"2020-11-07 06:00:00","D","4.107","4.250","4.028","6.000","2021-06-19 01:29:33"
"2020-11-07 12:00:00","D","4.112","4.218","3.868","6.000","2021-06-19 01:29:33"
"2020-11-07 18:00:00","D","4.090","4.263","3.898","6.000","2021-06-19 01:29:33"
"2020-11-08 00:00:00","D","4.072","4.173","3.943","6.000","2021-06-19 01:29:33"
"2020-11-08 06:00:00","D","4.089","4.230","3.885","6.000","2021-06-19 01:29:33"
"2020-11-08 12:00:00","D","3.971","4.155","3.818","6.000","2021-06-19 01:29:33"
"2020-11-08 18:00:00","D","4.029","4.113","3.880","6.000","2021-06-19 01:29:33"
"2020-11-09 00:00:00","D","3.950","4.088","3.750","6.000","2021-06-19 01:29:33"
"2020-11-09 06:00:00","D","3.968","4.098","3.808","6.000","2021-06-19 01:29:33"
"2020-11-09 12:00:00","D","3.873","4.068","3.663","6.000","2021-06-19 01:29:33"
"2020-11-09 18:00:00","D","4.063","4.255","3.835","6.000","2021-06-19 01:29:33"
"2020-11-10 00:00:00","D","4.102","4.288","3.898","6.000","2021-06-19 01:29:33"
"2020-11-10 06:00:00","D","4.055","4.178","3.880","6.000","2021-06-19 01:29:33"
"2020-11-10 12:00:00","D","4.233","4.403","4.088","6.000","2021-06-19 01:29:33"
"2020-11-10 18:00:00","D","4.227","4.303","4.088","6.000","2021-06-19 01:29:33"
"2020-11-11 00:00:00","D","4.214","4.298","4.085","6.000","2021-06-19 01:29:33"
"2020-11-11 06:00:00","D","4.158","4.268","4.008","6.000","2021-06-19 01:29:33"
"2020-11-11 12:00:00","D","4.032","4.095","3.955","6.000","2021-06-19 01:29:33"
"2020-11-11 18:00:00","D","3.896","4.070","3.770","6.000","2021-06-19 01:29:33"
"2020-11-12 00:00:00","D","3.983","4.153","3.820","6.000","2021-06-19 01:29:33"
"2020-11-12 06:00:00","D","4.170","4.393","3.985","6.000","2021-06-19 01:29:33"
"2020-11-12 12:00:00","D","4.319","4.585","4.183","6.000","2021-06-19 01:29:33"
"2020-11-12 18:00:00","D","4.660","4.775","4.545","6.000","2021-06-19 01:29:33"
"2020-11-13 00:00:00","D","4.587","4.668","4.535","6.000","2021-06-19 01:29:33"
"2020-11-13 06:00:00","D","4.445","4.553","4.293","6.000","2021-06-19 01:29:33"
"2020-11-13 12:00:00","D","4.287","4.388","4.228","6.000","2021-06-19 01:29:33"
"2020-11-13 18:00:00","D","4.234","4.290","4.178","6.000","2021-06-19 01:29:33"
"2020-11-14 00:00:00","D","4.179","4.195","4.118","6.000","2021-06-19 01:29:33"
"2020-11-14 06:00:00","D","4.148","4.253","3.973","6.000","2021-06-19 01:29:33"
"2020-11-14 12:00:00","D","4.017","4.133","3.918","6.000","2021-06-19 01:29:33"
"2020-11-14 18:00:00","D","4.026","4.135","3.870","6.000","2021-06-19 01:29:33"
"2020-11-15 00:00:00","D","6.287","8.125","4.618","6.000","2021-06-19 01:29:33"
"2020-11-15 06:00:00","D","10.010","10.925","8.693","6.000","2021-06-19 01:29:33"
"2020-11-15 12:00:00","D","12.663","14.400","10.875","6.000","2021-06-19 01:29:33"
"2020-11-15 18:00:00","D","18.017","19.850","16.425","6.000","2021-06-19 01:29:33"
"2020-11-16 00:00:00","D","21.575","21.850","20.900","6.000","2021-06-19 01:29:33"
"2020-11-16 06:00:00","D","19.279","20.500","17.450","6.000","2021-06-19 01:29:33"
"2020-11-16 12:00:00","D","14.663","16.925","12.575","6.000","2021-06-19 01:29:33"
"2020-11-16 18:00:00","D","10.915","11.925","10.388","6.000","2021-06-19 01:29:33"
"2020-11-17 00:00:00","D","9.232","9.808","8.658","6.000","2021-06-19 01:29:33"
"2020-11-17 06:00:00","D","7.874","8.688","7.283","6.000","2021-06-19 01:29:33"
"2020-11-17 12:00:00","D","6.710","7.500","4.755","6.000","2021-06-19 01:29:33"
"2020-11-17 18:00:00","D","6.739","7.355","5.490","6.000","2021-06-19 01:29:33"
"2020-11-18 00:00:00","D","5.985","6.068","5.848","6.000","2021-06-19 01:29:33"
"2020-11-18 06:00:00","D","5.781","5.985","5.663","6.000","2021-06-19 01:29:33"
"2020-11-18 12:00:00","D","5.528","5.593","5.478","6.000","2021-06-19 01:29:33"
"2020-11-18 18:00:00","D","4.972","5.035","4.875","6.000","2021-06-19 01:29:33"
"2020-11-19 00:00:00","D","5.141","5.208","5.073","6.000","2021-06-19 01:29:33"
"2020-11-19 06:00:00","D","5.153","5.213","5.073","6.000","2021-06-19 01:29:33"
"2020-11-19 12:00:00","D","4.916","5.003","4.795","6.000","2021-06-19 01:29:33"
"2020-11-19 18:00:00","D","4.797","4.850","4.723","6.000","2021-06-19 01:29:33"
"2020-11-20 00:00:00","D","4.839","4.890","4.795","6.000","2021-06-19 01:29:33"
"2020-11-20 06:00:00","D","4.837","4.885","4.813","6.000","2021-06-19 01:29:33"
"2020-11-20 12:00:00","D","4.649","4.765","4.383","6.000","2021-06-19 01:29:33"
"2020-11-20 18:00:00","D","4.502","4.548","4.463","6.000","2021-06-19 01:29:33"
"2020-11-21 00:00:00","D","4.589","4.613","4.558","6.000","2021-06-19 01:29:33"
"2020-11-21 06:00:00","D","4.511","4.723","4.353","6.000","2021-06-19 01:29:33"
"2020-11-21 12:00:00","D","4.545","4.735","4.318","6.000","2021-06-19 01:29:33"
"2020-11-21 18:00:00","D","4.501","4.698","4.235","6.000","2021-06-19 01:29:33"
"2020-11-22 00:00:00","D","4.504","4.595","4.440","6.000","2021-06-19 01:29:33"
"2020-11-22 06:00:00","D","4.496","4.540","4.418","6.000","2021-06-19 01:29:33"
"2020-11-22 12:00:00","D","4.384","4.520","4.218","6.000","2021-06-19 01:29:33"
"2020-11-22 18:00:00","D","4.265","4.390","4.068","6.000","2021-06-19 01:29:33"
"2020-11-23 00:00:00","D","4.347","4.393","4.290","6.000","2021-06-19 01:29:33"
"2020-11-23 06:00:00","D","4.257","4.335","4.165","6.000","2021-06-19 01:29:33"
"2020-11-23 12:00:00","D","4.039","4.243","3.473","6.000","2021-06-19 01:29:33"
"2020-11-23 18:00:00","D","3.906","4.128","3.713","6.000","2021-06-19 01:29:33"
"2020-11-24 00:00:00","D","4.126","4.235","4.055","6.000","2021-06-19 01:29:33"
"2020-11-24 06:00:00","D","4.204","4.258","4.113","6.000","2021-06-19 01:29:33"
"2020-11-24 12:00:00","D","4.123","4.233","4.053","6.000","2021-06-19 01:29:33"
"2020-11-24 18:00:00","D","4.208","4.458","4.008","6.000","2021-06-19 01:29:33"
"2020-11-25 00:00:00","D","4.167","4.265","4.053","6.000","2021-06-19 01:29:33"
"2020-11-25 06:00:00","D","4.195","4.293","4.050","6.000","2021-06-19 01:29:33"
"2020-11-25 12:00:00","D","4.175","4.250","4.038","6.000","2021-06-19 01:29:33"
"2020-11-25 18:00:00","D","4.104","4.213","3.958","6.000","2021-06-19 01:29:33"
"2020-11-26 00:00:00","D","4.062","4.238","3.958","6.000","2021-06-19 01:29:33"
"2020-11-26 06:00:00","D","4.069","4.110","3.955","6.000","2021-06-19 01:29:33"
"2020-11-26 12:00:00","D","3.941","4.055","3.845","6.000","2021-06-19 01:29:33"
"2020-11-26 18:00:00","D","3.781","3.903","3.473","6.000","2021-06-19 01:29:33"
"2020-11-27 00:00:00","D","3.841","4.020","3.710","6.000","2021-06-19 01:29:33"
"2020-11-27 06:00:00","D","3.801","3.940","3.660","6.000","2021-06-19 01:29:33"
"2020-11-27 12:00:00","D","3.835","3.958","3.693","6.000","2021-06-19 01:29:33"
"2020-11-27 18:00:00","D","3.735","3.953","3.600","6.000","2021-06-19 01:29:33"
"2020-11-28 00:00:00","D","3.712","3.830","3.493","6.000","2021-06-19 01:29:33"
"2020-11-28 06:00:00","D","3.730","3.875","3.550","6.000","2021-06-19 01:29:33"
"2020-11-28 12:00:00","D","3.809","3.915","3.683","6.000","2021-06-19 01:29:33"
"2020-11-28 18:00:00","D","3.712","3.875","3.550","6.000","2021-06-19 01:29:33"
"2020-11-29 00:00:00","D","3.665","3.860","3.533","6.000","2021-06-19 01:29:33"
"2020-11-29 06:00:00","D","3.662","3.830","3.448","6.000","2021-06-19 01:29:33"
"2020-11-29 12:00:00","D","3.617","3.763","3.433","6.000","2021-06-19 01:29:33"
"2020-11-29 18:00:00","D","3.621","3.738","3.328","6.000","2021-06-19 01:29:33"
"2020-11-30 00:00:00","D","3.619","3.810","3.493","6.000","2021-06-19 01:29:33"
"2020-11-30 06:00:00","D","3.597","3.758","3.490","6.000","2021-06-19 01:29:33"
"2020-11-30 12:00:00","D","3.516","3.605","3.430","6.000","2021-06-19 01:29:33"
"2020-11-30 18:00:00","D","3.480","3.565","3.353","6.000","2021-06-19 01:29:33"
"2020-12-01 00:00:00","D","3.503","3.648","3.350","6.000","2021-06-19 01:29:33"
"2020-12-01 06:00:00","D","3.456","3.563","3.340","6.000","2021-06-19 01:29:33"
"2020-12-01 12:00:00","D","3.441","3.578","3.370","6.000","2021-06-19 01:29:33"
"2020-12-01 18:00:00","D","3.393","3.470","3.278","6.000","2021-06-19 01:29:33"
"2020-12-02 00:00:00","D","3.429","3.570","3.213","6.000","2021-06-19 01:29:33"
"2020-12-02 06:00:00","D","3.453","3.563","3.340","6.000","2021-06-19 01:29:33"
"2020-12-02 12:00:00","D","3.375","3.495","3.223","6.000","2021-06-19 01:29:33"
"2020-12-02 18:00:00","D","3.437","3.565","3.283","6.000","2021-06-19 01:29:33"
"2020-12-03 00:00:00","D","3.457","3.608","3.270","6.000","2021-06-19 01:29:33"
"2020-12-03 06:00:00","D","3.538","3.688","3.385","6.000","2021-06-19 01:29:33"
"2020-12-03 12:00:00","D","3.599","3.908","3.385","6.000","2021-06-19 01:29:33"
"2020-12-03 18:00:00","D","4.160","5.033","3.735","6.000","2021-06-19 01:29:33"
"2020-12-04 00:00:00","D","8.759","11.300","5.915","6.000","2021-06-19 01:29:33"
"2020-12-04 06:00:00","D","12.838","13.000","12.750","6.000","2021-06-19 01:29:33"
"2020-12-04 12:00:00","D","15.642","18.050","13.075","6.000","2021-06-19 01:29:33"
"2020-12-04 18:00:00","D","19.579","20.825","17.775","6.000","2021-06-19 01:29:33"
"2020-12-05 00:00:00","D","21.354","21.925","20.825","6.000","2021-06-19 01:29:33"
"2020-12-05 06:00:00","D","20.071","21.375","18.775","6.000","2021-06-19 01:29:33"
"2020-12-05 12:00:00","D","15.792","18.625","12.875","6.000","2021-06-19 01:29:33"
"2020-12-05 18:00:00","D","11.402","12.400","10.365","6.000","2021-06-19 01:29:33"
"2020-12-06 00:00:00","D","9.195","10.068","8.905","6.000","2021-06-19 01:29:33"
"2020-12-06 06:00:00","D","7.504","8.380","6.010","6.000","2021-06-19 01:29:33"
"2020-12-06 12:00:00","D","6.887","7.938","6.148","6.000","2021-06-19 01:29:33"
"2020-12-06 18:00:00","D","6.179","6.790","5.133","6.000","2021-06-19 01:29:33"
"2020-12-07 00:00:00","D","5.700","5.963","5.088","6.000","2021-06-19 01:29:33"
"2020-12-07 06:00:00","D","5.502","5.705","5.380","6.000","2021-06-19 01:29:33"
"2020-12-07 12:00:00","D","5.343","5.438","5.183","6.000","2021-06-19 01:29:33"
"2020-12-07 18:00:00","D","4.989","5.260","4.820","6.000","2021-06-19 01:29:33"
"2020-12-08 00:00:00","D","5.153","5.425","4.900","6.000","2021-06-19 01:29:33"
"2020-12-08 06:00:00","D","5.057","5.098","5.028","6.000","2021-06-19 01:29:33"
"2020-12-08 12:00:00","D","4.984","5.070","4.865","6.000","2021-06-19 01:29:33"
"2020-12-08 18:00:00","D","4.680","4.878","4.195","6.000","2021-06-19 01:29:33"
"2020-12-09 00:00:00","D","5.010","5.355","4.828","6.000","2021-06-19 01:29:33"
"2020-12-09 06:00:00","D","5.008","5.190","4.813","6.000","2021-06-19 01:29:33"
"2020-12-09 12:00:00","D","6.480","7.875","5.160","6.000","2021-06-19 01:29:33"
"2020-12-09 18:00:00","D","7.540","8.103","7.085","6.000","2021-06-19 01:29:33"
"2020-12-10 00:00:00","D","8.483","8.958","7.693","6.000","2021-06-19 01:29:33"
"2020-12-10 06:00:00","D","9.115","9.328","8.750","6.000","2021-06-19 01:29:33"
"2020-12-10 12:00:00","D","8.592","8.725","8.238","6.000","2021-06-19 01:29:33"
"2020-12-10 18:00:00","D","8.118","8.515","7.370","6.000","2021-06-19 01:29:33"
"2020-12-11 00:00:00","D","6.780","6.955","6.505","6.000","2021-06-19 01:29:33"
"2020-12-11 06:00:00","D","6.899","7.168","6.718","6.000","2021-06-19 01:29:33"
"2020-12-11 12:00:00","D","8.773","10.463","7.713","6.000","2021-06-19 01:29:33"
"2020-12-11 18:00:00","D","11.287","11.925","10.535","6.000","2021-06-19 01:29:33"
"2020-12-12 00:00:00","D","12.638","13.025","12.375","6.000","2021-06-19 01:29:33"
"2020-12-12 06:00:00","D","12.046","12.675","11.150","6.000","2021-06-19 01:29:33"
"2020-12-12 12:00:00","D","9.987","10.800","9.358","6.000","2021-06-19 01:29:33"
"2020-12-12 18:00:00","D","9.042","9.735","8.493","6.000","2021-06-19 01:29:33"
"2020-12-13 00:00:00","D","7.829","8.048","7.668","6.000","2021-06-19 01:29:33"
"2020-12-13 06:00:00","D","7.227","7.815","6.595","6.000","2021-06-19 01:29:33"
"2020-12-13 12:00:00","D","7.239","8.318","6.628","6.000","2021-06-19 01:29:33"
"2020-12-13 18:00:00","D","6.991","7.833","6.415","6.000","2021-06-19 01:29:33"
"2020-12-14 00:00:00","D","8.185","8.908","7.480","6.000","2021-06-19 01:29:33"
"2020-12-14 06:00:00","D","9.580","10.413","8.493","6.000","2021-06-19 01:29:33"
"2020-12-14 12:00:00","D","12.063","13.600","10.800","6.000","2021-06-19 01:29:33"
"2020-12-14 18:00:00","D","15.879","16.600","14.650","6.000","2021-06-19 01:29:33"
"2020-12-15 00:00:00","D","16.221","16.550","15.675","6.000","2021-06-19 01:29:33"
"2020-12-15 06:00:00","D","14.042","15.375","13.075","6.000","2021-06-19 01:29:33"
"2020-12-15 12:00:00","D","11.552","12.525","9.943","6.000","2021-06-19 01:29:33"
"2020-12-15 18:00:00","D","9.835","10.543","9.423","6.000","2021-06-19 01:29:33"
"2020-12-16 00:00:00","D","8.895","9.143","8.530","6.000","2021-06-19 01:29:33"
"2020-12-16 06:00:00","D","7.595","7.905","7.243","6.000","2021-06-19 01:29:33"
"2020-12-16 12:00:00","D","6.970","8.978","6.245","6.000","2021-06-19 01:29:33"
"2020-12-16 18:00:00","D","6.561","6.928","6.228","6.000","2021-06-19 01:29:33"
"2020-12-17 00:00:00","D","6.913","7.458","6.533","6.000","2021-06-19 01:29:33"
"2020-12-17 06:00:00","D","7.766","8.560","7.148","6.000","2021-06-19 01:29:33"
"2020-12-17 12:00:00","D","6.980","7.568","6.158","6.000","2021-06-19 01:29:33"
"2020-12-17 18:00:00","D","6.779","7.073","6.315","6.000","2021-06-19 01:29:33"
"2020-12-18 00:00:00","D","6.887","7.955","6.403","6.000","2021-06-19 01:29:33"
"2020-12-18 06:00:00","D","6.456","6.788","6.040","6.000","2021-06-19 01:29:33"
"2020-12-18 12:00:00","D","6.177","6.633","5.655","6.000","2021-06-19 01:29:33"
"2020-12-18 18:00:00","D","5.973","6.308","5.430","6.000","2021-06-19 01:29:33"
"2020-12-19 00:00:00","D","5.810","6.110","5.430","6.000","2021-06-19 01:29:33"
"2020-12-19 06:00:00","D","5.640","6.048","5.238","6.000","2021-06-19 01:29:33"
"2020-12-19 12:00:00","D","5.871","6.215","5.453","6.000","2021-06-19 01:29:33"
"2020-12-19 18:00:00","D","5.856","6.300","5.620","6.000","2021-06-19 01:29:33"
"2020-12-20 00:00:00","D","7.348","7.905","6.510","6.000","2021-06-19 01:29:33"
"2020-12-20 06:00:00","D","6.510","6.738","6.133","6.000","2021-06-19 01:29:33"
"2020-12-20 12:00:00","D","6.293","7.040","5.943","6.000","2021-06-19 01:29:33"
"2020-12-20 18:00:00","D","6.218","6.658","5.665","6.000","2021-06-19 01:29:33"
"2020-12-21 00:00:00","D","5.986","6.308","5.620","6.000","2021-06-19 01:29:33"
"2020-12-21 06:00:00","D","5.815","6.148","5.538","6.000","2021-06-19 01:29:33"
"2020-12-21 12:00:00","D","5.981","6.330","5.695","6.000","2021-06-19 01:29:33"
"2020-12-21 18:00:00","D","8.261","10.283","6.420","6.000","2021-06-19 01:29:33"
"2020-12-22 00:00:00","D","10.412","10.660","10.090","6.000","2021-06-19 01:29:33"
"2020-12-22 06:00:00","D","12.239","13.300","10.720","6.000","2021-06-19 01:29:33"
"2020-12-22 12:00:00","D","14.433","16.025","13.600","6.000","2021-06-19 01:29:33"
"2020-12-22 18:00:00","D","14.175","14.625","13.825","6.000","2021-06-19 01:29:33"
"2020-12-23 00:00:00","D","13.179","13.850","12.650","6.000","2021-06-19 01:29:33"
"2020-12-23 06:00:00","D","11.358","12.000","10.523","6.000","2021-06-19 01:29:33"
"2020-12-23 12:00:00","D","10.142","10.830","9.525","6.000","2021-06-19 01:29:33"
"2020-12-23 18:00:00","D","10.611","11.725","9.965","6.000","2021-06-19 01:29:33"
"2020-12-24 00:00:00","D","14.808","17.700","12.100","6.000","2021-06-19 01:29:33"
"2020-12-24 06:00:00","D","19.950","21.075","18.825","6.000","2021-06-19 01:29:33"
"2020-12-24 12:00:00","D","23.383","25.225","21.275","6.000","2021-06-19 01:29:33"
"2020-12-24 18:00:00","D","25.700","25.725","25.625","6.000","2021-06-19 01:29:33"
"2020-12-25 00:00:00","D","23.900","25.425","22.400","6.000","2021-06-19 01:29:33"
"2020-12-25 06:00:00","D","19.596","21.550","16.350","6.000","2021-06-19 01:29:33"
"2020-12-25 12:00:00","D","13.542","15.300","12.500","6.000","2021-06-19 01:29:33"
"2020-12-25 18:00:00","D","11.294","12.350","9.980","6.000","2021-06-19 01:29:33"
"2020-12-26 00:00:00","D","9.626","9.913","8.970","6.000","2021-06-19 01:29:33"
"2020-12-26 06:00:00","D","9.192","9.673","8.588","6.000","2021-06-19 01:29:33"
"2020-12-26 12:00:00","D","8.223","8.310","7.995","6.000","2021-06-19 01:29:33"
"2020-12-26 18:00:00","D","7.679","7.955","7.253","6.000","2021-06-19 01:29:33"
"2020-12-27 00:00:00","D","7.363","7.833","6.838","6.000","2021-06-19 01:29:33"
"2020-12-27 06:00:00","D","8.153","8.863","7.608","6.000","2021-06-19 01:29:33"
"2020-12-27 12:00:00","D","13.743","17.625","9.780","6.000","2021-06-19 01:29:33"
"2020-12-27 18:00:00","D","21.342","22.975","18.800","6.000","2021-06-19 01:29:33"
"2020-12-28 00:00:00","D","21.842","22.875","20.450","6.000","2021-06-19 01:29:33"
"2020-12-28 06:00:00","D","17.121","19.125","15.250","6.000","2021-06-19 01:29:33"
"2020-12-28 12:00:00","D","13.704","14.925","12.650","6.000","2021-06-19 01:29:33"
"2020-12-28 18:00:00","D","11.521","12.225","10.650","6.000","2021-06-19 01:29:33"
"2020-12-29 00:00:00","D","10.548","11.050","9.953","6.000","2021-06-19 01:29:33"
"2020-12-29 06:00:00","D","9.378","9.885","9.180","6.000","2021-06-19 01:29:33"
"2020-12-29 12:00:00","D","8.591","9.265","7.340","6.000","2021-06-19 01:29:33"
"2020-12-29 18:00:00","D","7.843","7.955","7.668","6.000","2021-06-19 01:29:33"
"2020-12-30 00:00:00","D","7.666","7.870","7.423","6.000","2021-06-19 01:29:33"
"2020-12-30 06:00:00","D","7.275","7.553","7.015","6.000","2021-06-19 01:29:33"
"2020-12-30 12:00:00","D","5.957","7.110","4.103","6.000","2021-06-19 01:29:33"
"2020-12-30 18:00:00","D","6.372","6.808","5.958","6.000","2021-06-19 01:29:33"
"2020-12-31 00:00:00","D","6.186","6.478","5.795","6.000","2021-06-19 01:29:33"
"2020-12-31 06:00:00","D","6.023","6.398","5.685","6.000","2021-06-19 01:29:33"
"2020-12-31 12:00:00","D","5.950","6.208","5.613","6.000","2021-06-19 01:29:33"
"2020-12-31 18:00:00","D","5.759","6.053","5.465","6.000","2021-06-19 01:29:33"
"2021-01-01 00:00:00","W","2.806","2.809","2.803","7.000","2023-05-29 17:12:13"
"2021-01-01 00:00:00","D","5.762","6.065","5.485","6.000","2021-06-19 01:29:33"
"2021-01-01 00:00:00","D","5.974","7.250","5.485","7.000","2023-05-29 17:12:07"
"2021-01-01 06:00:00","W","2.804","2.816","2.791","24.000","2023-05-29 17:12:13"
"2021-01-01 06:00:00","D","5.671","7.210","4.210","24.000","2023-05-29 17:12:07"
"2021-01-01 12:00:00","W","2.802","2.816","2.791","24.000","2023-05-29 17:12:13"
"2021-01-01 12:00:00","D","5.584","7.080","4.240","24.000","2023-05-29 17:12:07"
"2021-01-01 18:00:00","W","2.816","2.842","2.791","24.000","2023-05-29 17:12:13"
"2021-01-01 18:00:00","D","5.413","7.850","3.440","24.000","2023-05-29 17:12:07"
"2021-01-02 00:00:00","W","2.836","2.849","2.824","24.000","2023-05-29 17:12:13"
"2021-01-02 00:00:00","D","5.387","6.910","3.900","24.000","2023-05-29 17:12:07"
"2021-01-02 06:00:00","W","2.834","2.849","2.820","24.000","2023-05-29 17:12:13"
"2021-01-02 06:00:00","D","5.490","6.950","3.970","24.000","2023-05-29 17:12:07"
"2021-01-02 12:00:00","W","2.830","2.844","2.818","24.000","2023-05-29 17:12:13"
"2021-01-02 12:00:00","D","5.458","6.810","3.950","24.000","2023-05-29 17:12:07"
"2021-01-02 18:00:00","W","2.824","2.838","2.812","24.000","2023-05-29 17:12:13"
"2021-01-02 18:00:00","D","5.442","6.870","3.700","24.000","2023-05-29 17:12:07"
"2021-01-03 00:00:00","W","2.825","2.838","2.814","24.000","2023-05-29 17:12:13"
"2021-01-03 00:00:00","D","5.373","6.870","3.790","24.000","2023-05-29 17:12:07"
"2021-01-03 06:00:00","W","2.824","2.838","2.809","24.000","2023-05-29 17:12:13"
"2021-01-03 06:00:00","D","5.331","6.800","3.880","24.000","2023-05-29 17:12:07"
"2021-01-03 12:00:00","W","2.818","2.831","2.806","24.000","2023-05-29 17:12:13"
"2021-01-03 12:00:00","D","5.306","6.640","3.920","24.000","2023-05-29 17:12:07"
"2021-01-03 18:00:00","W","2.818","2.838","2.799","24.000","2023-05-29 17:12:13"
"2021-01-03 18:00:00","D","5.115","7.550","2.910","24.000","2023-05-29 17:12:07"
"2021-01-04 00:00:00","W","2.835","2.851","2.820","24.000","2023-05-29 17:12:13"
"2021-01-04 00:00:00","D","5.183","6.550","3.660","24.000","2023-05-29 17:12:07"
"2021-01-04 06:00:00","W","2.832","2.843","2.822","24.000","2023-05-29 17:12:13"
"2021-01-04 06:00:00","D","5.133","6.460","3.910","24.000","2023-05-29 17:12:07"
"2021-01-04 12:00:00","W","2.827","2.840","2.815","24.000","2023-05-29 17:12:13"
"2021-01-04 12:00:00","D","5.092","6.320","3.830","24.000","2023-05-29 17:12:07"
"2021-01-04 18:00:00","W","2.824","2.835","2.813","24.000","2023-05-29 17:12:13"
"2021-01-04 18:00:00","D","5.019","6.480","3.640","24.000","2023-05-29 17:12:07"
"2021-01-05 00:00:00","W","2.815","2.826","2.806","24.000","2023-05-29 17:12:13"
"2021-01-05 00:00:00","D","4.835","5.900","3.810","24.000","2023-05-29 17:12:07"
"2021-01-05 06:00:00","W","2.819","2.829","2.809","24.000","2023-05-29 17:12:13"
"2021-01-05 06:00:00","D","4.893","6.040","3.860","24.000","2023-05-29 17:12:07"
"2021-01-05 12:00:00","W","2.819","2.829","2.807","24.000","2023-05-29 17:12:13"
"2021-01-05 12:00:00","D","5.023","6.070","3.870","24.000","2023-05-29 17:12:07"
"2021-01-05 18:00:00","W","2.818","2.829","2.808","24.000","2023-05-29 17:12:13"
"2021-01-05 18:00:00","D","4.933","6.030","3.870","24.000","2023-05-29 17:12:07"
"2021-01-06 00:00:00","W","2.823","2.833","2.813","24.000","2023-05-29 17:12:13"
"2021-01-06 00:00:00","D","5.013","6.290","4.000","24.000","2023-05-29 17:12:07"
"2021-01-06 06:00:00","W","2.822","2.833","2.811","24.000","2023-05-29 17:12:13"
"2021-01-06 06:00:00","D","4.971","6.220","3.900","24.000","2023-05-29 17:12:07"
"2021-01-06 12:00:00","W","2.819","2.829","2.808","24.000","2023-05-29 17:12:13"
"2021-01-06 12:00:00","D","5.007","6.120","3.930","24.000","2023-05-29 17:12:07"
"2021-01-06 18:00:00","W","2.816","2.828","2.799","24.000","2023-05-29 17:12:13"
"2021-01-06 18:00:00","D","5.017","6.430","3.720","24.000","2023-05-29 17:12:07"
"2021-01-07 00:00:00","W","2.807","2.818","2.795","24.000","2023-05-29 17:12:13"
"2021-01-07 00:00:00","D","4.922","6.140","3.800","24.000","2023-05-29 17:12:07"
"2021-01-07 06:00:00","W","2.808","2.820","2.798","24.000","2023-05-29 17:12:13"
"2021-01-07 06:00:00","D","4.936","6.160","3.820","24.000","2023-05-29 17:12:07"
"2021-01-07 12:00:00","W","2.802","2.814","2.791","24.000","2023-05-29 17:12:13"
"2021-01-07 12:00:00","D","4.878","6.090","3.800","24.000","2023-05-29 17:12:07"
"2021-01-07 18:00:00","W","2.815","2.845","2.791","24.000","2023-05-29 17:12:13"
"2021-01-07 18:00:00","D","4.581","6.130","3.110","24.000","2023-05-29 17:12:07"
"2021-01-08 00:00:00","W","2.844","2.857","2.832","24.000","2023-05-29 17:12:13"
"2021-01-08 00:00:00","D","4.852","6.060","3.480","24.000","2023-05-29 17:12:07"
"2021-01-08 06:00:00","W","2.847","2.857","2.837","24.000","2023-05-29 17:12:13"
"2021-01-08 06:00:00","D","4.904","6.080","3.740","24.000","2023-05-29 17:12:07"
"2021-01-08 12:00:00","W","2.843","2.854","2.832","24.000","2023-05-29 17:12:13"
"2021-01-08 12:00:00","D","4.704","5.950","3.700","24.000","2023-05-29 17:12:08"
"2021-01-08 18:00:00","W","2.844","2.854","2.833","24.000","2023-05-29 17:12:13"
"2021-01-08 18:00:00","D","4.749","5.850","3.740","24.000","2023-05-29 17:12:08"
"2021-01-09 00:00:00","W","2.842","2.852","2.832","24.000","2023-05-29 17:12:13"
"2021-01-09 00:00:00","D","4.723","5.810","3.630","24.000","2023-05-29 17:12:08"
"2021-01-09 06:00:00","W","2.842","2.852","2.832","24.000","2023-05-29 17:12:13"
"2021-01-09 06:00:00","D","4.648","5.730","3.630","24.000","2023-05-29 17:12:08"
"2021-01-09 12:00:00","W","2.837","2.850","2.823","24.000","2023-05-29 17:12:13"
"2021-01-09 12:00:00","D","4.710","5.670","3.560","24.000","2023-05-29 17:12:08"
"2021-01-09 18:00:00","W","2.835","2.851","2.820","24.000","2023-05-29 17:12:13"
"2021-01-09 18:00:00","D","4.583","5.800","3.270","24.000","2023-05-29 17:12:08"
"2021-01-10 00:00:00","W","2.838","2.847","2.826","24.000","2023-05-29 17:12:13"
"2021-01-10 00:00:00","D","4.705","5.710","3.620","24.000","2023-05-29 17:12:08"
"2021-01-10 06:00:00","W","2.833","2.844","2.823","24.000","2023-05-29 17:12:13"
"2021-01-10 06:00:00","D","4.548","5.560","3.520","24.000","2023-05-29 17:12:08"
"2021-01-10 12:00:00","W","2.831","2.841","2.820","24.000","2023-05-29 17:12:13"
"2021-01-10 12:00:00","D","4.590","5.570","3.520","24.000","2023-05-29 17:12:08"
"2021-01-10 18:00:00","W","2.828","2.840","2.818","24.000","2023-05-29 17:12:13"
"2021-01-10 18:00:00","D","4.453","5.850","3.490","24.000","2023-05-29 17:12:08"
"2021-01-11 00:00:00","W","2.832","2.842","2.822","24.000","2023-05-29 17:12:13"
"2021-01-11 00:00:00","D","4.604","5.620","3.270","24.000","2023-05-29 17:12:08"
"2021-01-11 06:00:00","W","2.833","2.842","2.824","24.000","2023-05-29 17:12:13"
"2021-01-11 06:00:00","D","4.501","5.670","3.460","24.000","2023-05-29 17:12:08"
"2021-01-11 12:00:00","W","2.835","2.860","2.822","24.000","2023-05-29 17:12:13"
"2021-01-11 12:00:00","D","4.685","5.920","3.410","24.000","2023-05-29 17:12:08"
"2021-01-11 18:00:00","W","2.833","2.853","2.814","24.000","2023-05-29 17:12:13"
"2021-01-11 18:00:00","D","4.460","6.660","2.930","24.000","2023-05-29 17:12:08"
"2021-01-12 00:00:00","W","2.840","2.857","2.824","24.000","2023-05-29 17:12:13"
"2021-01-12 00:00:00","D","4.699","6.770","3.240","24.000","2023-05-29 17:12:08"
"2021-01-12 06:00:00","W","2.838","2.852","2.825","24.000","2023-05-29 17:12:13"
"2021-01-12 06:00:00","D","4.621","5.820","3.320","24.000","2023-05-29 17:12:08"
"2021-01-12 12:00:00","W","2.849","2.869","2.832","24.000","2023-05-29 17:12:13"
"2021-01-12 12:00:00","D","4.705","5.930","3.470","24.000","2023-05-29 17:12:08"
"2021-01-12 18:00:00","W","2.858","2.879","2.834","24.000","2023-05-29 17:12:13"
"2021-01-12 18:00:00","D","5.250","6.810","3.750","24.000","2023-05-29 17:12:08"
"2021-01-13 00:00:00","W","2.838","2.856","2.821","24.000","2023-05-29 17:12:13"
"2021-01-13 00:00:00","D","5.158","6.640","3.740","24.000","2023-05-29 17:12:08"
"2021-01-13 06:00:00","W","2.827","2.841","2.814","24.000","2023-05-29 17:12:13"
"2021-01-13 06:00:00","D","4.943","6.270","3.590","24.000","2023-05-29 17:12:08"
"2021-01-13 12:00:00","W","2.824","2.836","2.811","24.000","2023-05-29 17:12:13"
"2021-01-13 12:00:00","D","4.861","6.270","3.480","24.000","2023-05-29 17:12:08"
"2021-01-13 18:00:00","W","2.833","2.859","2.804","24.000","2023-05-29 17:12:13"
"2021-01-13 18:00:00","D","5.037","6.740","3.730","24.000","2023-05-29 17:12:08"
"2021-01-14 00:00:00","W","2.863","2.885","2.839","24.000","2023-05-29 17:12:13"
"2021-01-14 00:00:00","D","5.875","8.140","4.020","24.000","2023-05-29 17:12:08"
"2021-01-14 06:00:00","W","2.885","2.934","2.853","24.000","2023-05-29 17:12:13"
"2021-01-14 06:00:00","D","10.240","15.190","5.760","24.000","2023-05-29 17:12:08"
"2021-01-14 12:00:00","W","2.945","2.979","2.902","24.000","2023-05-29 17:12:13"
"2021-01-14 12:00:00","D","25.080","32.040","15.600","24.000","2023-05-29 17:12:08"
"2021-01-14 18:00:00","W","2.991","3.010","2.979","24.000","2023-05-29 17:12:13"
"2021-01-14 18:00:00","D","37.026","41.860","33.070","24.000","2023-05-29 17:12:08"
"2021-01-15 00:00:00","W","3.021","3.033","3.011","24.000","2023-05-29 17:12:13"
"2021-01-15 00:00:00","D","46.118","48.570","42.810","24.000","2023-05-29 17:12:08"
"2021-01-15 06:00:00","W","3.049","3.060","3.034","24.000","2023-05-29 17:12:13"
"2021-01-15 06:00:00","D","51.269","52.420","49.300","24.000","2023-05-29 17:12:08"
"2021-01-15 12:00:00","W","2.940","3.029","2.896","24.000","2023-05-29 17:12:13"
"2021-01-15 12:00:00","D","40.511","48.570","33.070","24.000","2023-05-29 17:12:08"
"2021-01-15 18:00:00","W","2.888","2.914","2.867","24.000","2023-05-29 17:12:13"
"2021-01-15 18:00:00","D","27.473","33.190","22.370","24.000","2023-05-29 17:12:08"
"2021-01-16 00:00:00","W","2.857","2.870","2.845","24.000","2023-05-29 17:12:13"
"2021-01-16 00:00:00","D","19.433","21.500","17.850","24.000","2023-05-29 17:12:08"
"2021-01-16 06:00:00","W","2.852","2.876","2.832","24.000","2023-05-29 17:12:13"
"2021-01-16 06:00:00","D","15.945","17.660","14.580","24.000","2023-05-29 17:12:08"
"2021-01-16 12:00:00","W","2.823","2.834","2.802","24.000","2023-05-29 17:12:13"
"2021-01-16 12:00:00","D","13.800","15.600","12.790","24.000","2023-05-29 17:12:08"
"2021-01-16 18:00:00","W","2.900","2.943","2.842","24.000","2023-05-29 17:12:13"
"2021-01-16 18:00:00","D","17.182","20.430","12.910","24.000","2023-05-29 17:12:08"
"2021-01-17 00:00:00","W","2.920","2.947","2.898","24.000","2023-05-29 17:12:13"
"2021-01-17 00:00:00","D","23.690","25.530","21.040","24.000","2023-05-29 17:12:08"
"2021-01-17 06:00:00","W","2.925","2.954","2.887","24.000","2023-05-29 17:12:13"
"2021-01-17 06:00:00","D","25.322","26.760","23.660","24.000","2023-05-29 17:12:08"
"2021-01-17 12:00:00","W","2.848","2.880","2.818","24.000","2023-05-29 17:12:13"
"2021-01-17 12:00:00","D","20.762","23.090","17.830","24.000","2023-05-29 17:12:08"
"2021-01-17 18:00:00","W","2.838","2.860","2.816","24.000","2023-05-29 17:12:13"
"2021-01-17 18:00:00","D","16.198","18.610","14.640","24.000","2023-05-29 17:12:08"
"2021-01-18 00:00:00","W","2.822","2.830","2.813","24.000","2023-05-29 17:12:13"
"2021-01-18 00:00:00","D","13.698","14.670","12.850","24.000","2023-05-29 17:12:08"
"2021-01-18 06:00:00","W","2.814","2.823","2.805","24.000","2023-05-29 17:12:13"
"2021-01-18 06:00:00","D","11.910","13.050","10.870","24.000","2023-05-29 17:12:08"
"2021-01-18 12:00:00","W","2.849","2.894","2.797","24.000","2023-05-29 17:12:13"
"2021-01-18 12:00:00","D","10.660","13.110","8.580","24.000","2023-05-29 17:12:08"
"2021-01-18 18:00:00","W","2.865","2.889","2.819","24.000","2023-05-29 17:12:13"
"2021-01-18 18:00:00","D","9.540","10.910","8.130","24.000","2023-05-29 17:12:08"
"2021-01-19 00:00:00","W","2.839","2.859","2.816","24.000","2023-05-29 17:12:13"
"2021-01-19 00:00:00","D","9.570","11.000","8.180","24.000","2023-05-29 17:12:08"
"2021-01-19 06:00:00","W","2.830","2.861","2.805","24.000","2023-05-29 17:12:13"
"2021-01-19 06:00:00","D","9.249","10.930","7.610","24.000","2023-05-29 17:12:08"
"2021-01-19 12:00:00","W","2.837","2.868","2.805","24.000","2023-05-29 17:12:13"
"2021-01-19 12:00:00","D","9.595","11.550","7.750","24.000","2023-05-29 17:12:08"
"2021-01-19 18:00:00","W","2.857","2.881","2.839","24.000","2023-05-29 17:12:13"
"2021-01-19 18:00:00","D","10.437","12.450","8.440","24.000","2023-05-29 17:12:08"
"2021-01-20 00:00:00","W","2.851","2.868","2.835","24.000","2023-05-29 17:12:13"
"2021-01-20 00:00:00","D","10.184","11.780","8.420","24.000","2023-05-29 17:12:08"
"2021-01-20 06:00:00","W","2.836","2.852","2.825","24.000","2023-05-29 17:12:13"
"2021-01-20 06:00:00","D","9.805","11.280","8.240","24.000","2023-05-29 17:12:08"
"2021-01-20 12:00:00","W","2.831","2.854","2.816","24.000","2023-05-29 17:12:13"
"2021-01-20 12:00:00","D","9.384","10.840","7.590","24.000","2023-05-29 17:12:08"
"2021-01-20 18:00:00","W","2.841","2.895","2.783","24.000","2023-05-29 17:12:13"
"2021-01-20 18:00:00","D","9.284","12.710","6.220","24.000","2023-05-29 17:12:08"
"2021-01-21 00:00:00","W","2.853","2.886","2.836","24.000","2023-05-29 17:12:13"
"2021-01-21 00:00:00","D","9.894","11.180","8.280","24.000","2023-05-29 17:12:08"
"2021-01-21 06:00:00","W","2.858","2.878","2.844","24.000","2023-05-29 17:12:13"
"2021-01-21 06:00:00","D","10.121","11.420","8.620","24.000","2023-05-29 17:12:08"
"2021-01-21 12:00:00","W","2.905","2.929","2.870","24.000","2023-05-29 17:12:13"
"2021-01-21 12:00:00","D","12.073","12.950","10.210","24.000","2023-05-29 17:12:08"
"2021-01-21 18:00:00","W","2.919","2.929","2.908","24.000","2023-05-29 17:12:13"
"2021-01-21 18:00:00","D","12.535","12.820","12.130","24.000","2023-05-29 17:12:08"
"2021-01-22 00:00:00","W","2.897","2.909","2.883","24.000","2023-05-29 17:12:13"
"2021-01-22 00:00:00","D","11.985","12.710","10.990","24.000","2023-05-29 17:12:08"
"2021-01-22 06:00:00","W","2.875","2.887","2.864","24.000","2023-05-29 17:12:13"
"2021-01-22 06:00:00","D","10.785","11.400","9.790","24.000","2023-05-29 17:12:08"
"2021-01-22 12:00:00","W","2.852","2.868","2.839","24.000","2023-05-29 17:12:13"
"2021-01-22 12:00:00","D","10.037","10.990","8.790","24.000","2023-05-29 17:12:08"
"2021-01-22 18:00:00","W","2.827","2.840","2.810","24.000","2023-05-29 17:12:13"
"2021-01-22 18:00:00","D","9.356","10.570","8.200","24.000","2023-05-29 17:12:08"
"2021-01-23 00:00:00","W","2.803","2.815","2.789","24.000","2023-05-29 17:12:13"
"2021-01-23 00:00:00","D","8.723","9.920","7.780","24.000","2023-05-29 17:12:08"
"2021-01-23 06:00:00","W","2.820","2.838","2.784","24.000","2023-05-29 17:12:13"
"2021-01-23 06:00:00","D","7.960","9.450","6.300","24.000","2023-05-29 17:12:08"
"2021-01-23 12:00:00","W","2.819","2.834","2.811","24.000","2023-05-29 17:12:13"
"2021-01-23 12:00:00","D","8.003","9.420","6.520","24.000","2023-05-29 17:12:08"
"2021-01-23 18:00:00","W","2.816","2.834","2.799","24.000","2023-05-29 17:12:13"
"2021-01-23 18:00:00","D","7.618","9.430","5.360","24.000","2023-05-29 17:12:08"
"2021-01-24 00:00:00","W","2.819","2.831","2.809","24.000","2023-05-29 17:12:13"
"2021-01-24 00:00:00","D","7.660","9.790","5.740","24.000","2023-05-29 17:12:08"
"2021-01-24 06:00:00","W","2.804","2.814","2.794","24.000","2023-05-29 17:12:13"
"2021-01-24 06:00:00","D","7.374","7.650","6.990","24.000","2023-05-29 17:12:08"
"2021-01-24 12:00:00","W","2.801","2.805","2.796","24.000","2023-05-29 17:12:13"
"2021-01-24 12:00:00","D","7.122","7.540","6.640","24.000","2023-05-29 17:12:08"
"2021-01-24 18:00:00","W","2.830","2.854","2.785","24.000","2023-05-29 17:12:13"
"2021-01-24 18:00:00","D","6.953","8.410","5.600","24.000","2023-05-29 17:12:08"
"2021-01-25 00:00:00","W","2.851","2.856","2.842","24.000","2023-05-29 17:12:13"
"2021-01-25 00:00:00","D","7.134","8.190","6.490","24.000","2023-05-29 17:12:08"
"2021-01-25 06:00:00","W","2.853","2.855","2.851","24.000","2023-05-29 17:12:13"
"2021-01-25 06:00:00","D","7.133","7.300","6.900","24.000","2023-05-29 17:12:08"
"2021-01-25 12:00:00","W","2.833","2.853","2.779","24.000","2023-05-29 17:12:13"
"2021-01-25 12:00:00","D","6.872","11.710","2.880","24.000","2023-05-29 17:12:08"
"2021-01-25 18:00:00","W","2.849","2.906","2.791","24.000","2023-05-29 17:12:13"
"2021-01-25 18:00:00","D","6.773","9.920","-0.040","24.000","2023-05-29 17:12:08"
"2021-01-26 00:00:00","W","2.845","2.873","2.826","24.000","2023-05-29 17:12:13"
"2021-01-26 00:00:00","D","6.623","8.690","4.390","24.000","2023-05-29 17:12:08"
"2021-01-26 06:00:00","W","2.845","2.848","2.837","24.000","2023-05-29 17:12:13"
"2021-01-26 06:00:00","D","6.403","7.180","5.630","24.000","2023-05-29 17:12:08"
"2021-01-26 12:00:00","W","2.842","2.846","2.839","24.000","2023-05-29 17:12:13"
"2021-01-26 12:00:00","D","6.370","6.800","6.100","24.000","2023-05-29 17:12:08"
"2021-01-26 18:00:00","W","2.837","2.869","2.822","24.000","2023-05-29 17:12:13"
"2021-01-26 18:00:00","D","6.369","8.390","4.780","24.000","2023-05-29 17:12:08"
"2021-01-27 00:00:00","W","2.854","2.876","2.833","24.000","2023-05-29 17:12:13"
"2021-01-27 00:00:00","D","6.982","8.440","5.640","24.000","2023-05-29 17:12:08"
"2021-01-27 06:00:00","W","2.879","2.884","2.871","24.000","2023-05-29 17:12:13"
"2021-01-27 06:00:00","D","9.146","9.920","7.570","24.000","2023-05-29 17:12:08"
"2021-01-27 12:00:00","W","2.874","2.889","2.862","24.000","2023-05-29 17:12:13"
"2021-01-27 12:00:00","D","10.763","11.800","9.780","24.000","2023-05-29 17:12:08"
"2021-01-27 18:00:00","W","2.876","2.887","2.864","24.000","2023-05-29 17:12:13"
"2021-01-27 18:00:00","D","11.862","12.510","10.720","24.000","2023-05-29 17:12:08"
"2021-01-28 00:00:00","W","2.859","2.870","2.852","24.000","2023-05-29 17:12:13"
"2021-01-28 00:00:00","D","10.811","11.970","9.640","24.000","2023-05-29 17:12:08"
"2021-01-28 06:00:00","W","2.880","2.911","2.850","24.000","2023-05-29 17:12:13"
"2021-01-28 06:00:00","D","12.289","16.460","9.190","24.000","2023-05-29 17:12:08"
"2021-01-28 12:00:00","W","2.940","2.955","2.917","24.000","2023-05-29 17:12:13"
"2021-01-28 12:00:00","D","22.404","26.710","16.570","24.000","2023-05-29 17:12:08"
"2021-01-28 18:00:00","W","2.954","2.971","2.940","24.000","2023-05-29 17:12:13"
"2021-01-28 18:00:00","D","29.976","33.150","26.850","24.000","2023-05-29 17:12:08"
"2021-01-29 00:00:00","W","2.889","2.935","2.850","24.000","2023-05-29 17:12:13"
"2021-01-29 00:00:00","D","29.165","31.940","26.410","24.000","2023-05-29 17:12:08"
"2021-01-29 06:00:00","W","2.905","2.947","2.845","24.000","2023-05-29 17:12:13"
"2021-01-29 06:00:00","D","25.450","26.410","23.760","24.000","2023-05-29 17:12:08"
"2021-01-29 12:00:00","W","2.969","2.983","2.946","24.000","2023-05-29 17:12:13"
"2021-01-29 12:00:00","D","29.223","30.940","26.320","24.000","2023-05-29 17:12:08"
"2021-01-29 18:00:00","W","2.970","2.984","2.937","24.000","2023-05-29 17:12:13"
"2021-01-29 18:00:00","D","29.438","30.980","27.010","24.000","2023-05-29 17:12:08"
"2021-01-30 00:00:00","W","2.884","2.928","2.857","24.000","2023-05-29 17:12:13"
"2021-01-30 00:00:00","D","22.958","27.050","19.270","24.000","2023-05-29 17:12:08"
"2021-01-30 06:00:00","W","2.875","2.899","2.844","24.000","2023-05-29 17:12:13"
"2021-01-30 06:00:00","D","17.764","18.950","16.590","24.000","2023-05-29 17:12:08"
"2021-01-30 12:00:00","W","2.915","2.970","2.839","24.000","2023-05-29 17:12:13"
"2021-01-30 12:00:00","D","17.714","22.330","14.630","24.000","2023-05-29 17:12:08"
"2021-01-30 18:00:00","W","2.963","2.984","2.950","24.000","2023-05-29 17:12:13"
"2021-01-30 18:00:00","D","25.226","29.540","21.610","24.000","2023-05-29 17:12:08"
"2021-01-31 00:00:00","W","2.971","2.993","2.955","24.000","2023-05-29 17:12:13"
"2021-01-31 00:00:00","D","31.086","32.290","29.230","24.000","2023-05-29 17:12:08"
"2021-01-31 06:00:00","W","2.936","2.962","2.888","24.000","2023-05-29 17:12:13"
"2021-01-31 06:00:00","D","31.039","32.420","28.470","24.000","2023-05-29 17:12:08"
"2021-01-31 12:00:00","W","2.871","2.888","2.854","24.000","2023-05-29 17:12:13"
"2021-01-31 12:00:00","D","24.080","27.880","21.000","24.000","2023-05-29 17:12:08"
"2021-01-31 18:00:00","W","2.884","2.911","2.851","24.000","2023-05-29 17:12:13"
"2021-01-31 18:00:00","D","19.370","21.890","17.780","24.000","2023-05-29 17:12:08"
"2021-02-01 00:00:00","W","2.863","2.899","2.829","24.000","2023-05-29 17:12:13"
"2021-02-01 00:00:00","D","17.336","18.940","14.700","24.000","2023-05-29 17:12:08"
"2021-02-01 06:00:00","W","2.874","2.896","2.833","24.000","2023-05-29 17:12:13"
"2021-02-01 06:00:00","D","15.429","16.040","14.520","24.000","2023-05-29 17:12:08"
"2021-02-01 12:00:00","W","2.826","2.876","2.802","24.000","2023-05-29 17:12:13"
"2021-02-01 12:00:00","D","13.596","15.180","11.060","24.000","2023-05-29 17:12:08"
"2021-02-01 18:00:00","W","2.874","2.885","2.865","24.000","2023-05-29 17:12:13"
"2021-02-01 18:00:00","D","12.600","13.270","11.670","24.000","2023-05-29 17:12:08"
"2021-02-02 00:00:00","W","2.830","2.866","2.801","24.000","2023-05-29 17:12:13"
"2021-02-02 00:00:00","D","11.713","12.900","9.150","24.000","2023-05-29 17:12:08"
"2021-02-02 06:00:00","W","2.876","2.889","2.858","24.000","2023-05-29 17:12:13"
"2021-02-02 06:00:00","D","11.191","11.940","9.700","24.000","2023-05-29 17:12:08"
"2021-02-02 12:00:00","W","2.875","2.887","2.861","24.000","2023-05-29 17:12:13"
"2021-02-02 12:00:00","D","12.278","13.380","10.890","24.000","2023-05-29 17:12:08"
"2021-02-02 18:00:00","W","2.878","2.892","2.865","24.000","2023-05-29 17:12:13"
"2021-02-02 18:00:00","D","13.365","13.980","12.490","24.000","2023-05-29 17:12:08"
"2021-02-03 00:00:00","W","2.876","2.884","2.868","24.000","2023-05-29 17:12:13"
"2021-02-03 00:00:00","D","13.167","13.650","12.540","24.000","2023-05-29 17:12:08"
"2021-02-03 06:00:00","W","2.877","2.884","2.868","24.000","2023-05-29 17:12:13"
"2021-02-03 06:00:00","D","12.980","13.540","12.260","24.000","2023-05-29 17:12:08"
"2021-02-03 12:00:00","W","2.864","2.877","2.852","24.000","2023-05-29 17:12:13"
"2021-02-03 12:00:00","D","12.497","13.080","11.530","24.000","2023-05-29 17:12:08"
"2021-02-03 18:00:00","W","2.837","2.856","2.816","24.000","2023-05-29 17:12:13"
"2021-02-03 18:00:00","D","11.831","12.650","10.490","24.000","2023-05-29 17:12:08"
"2021-02-04 00:00:00","W","2.833","2.880","2.801","24.000","2023-05-29 17:12:13"
"2021-02-04 00:00:00","D","10.647","12.050","8.820","24.000","2023-05-29 17:12:08"
"2021-02-04 06:00:00","W","2.866","2.885","2.840","24.000","2023-05-29 17:12:13"
"2021-02-04 06:00:00","D","10.153","11.490","9.350","24.000","2023-05-29 17:12:08"
"2021-02-04 12:00:00","W","2.827","2.849","2.804","24.000","2023-05-29 17:12:13"
"2021-02-04 12:00:00","D","9.711","10.900","8.550","24.000","2023-05-29 17:12:08"
"2021-02-04 18:00:00","W","2.842","2.890","2.801","24.000","2023-05-29 17:12:13"
"2021-02-04 18:00:00","D","9.087","10.440","6.840","24.000","2023-05-29 17:12:08"
"2021-02-05 00:00:00","W","2.882","2.931","2.845","24.000","2023-05-29 17:12:13"
"2021-02-05 00:00:00","D","10.808","15.740","8.560","24.000","2023-05-29 17:12:08"
"2021-02-05 06:00:00","W","2.921","2.937","2.898","24.000","2023-05-29 17:12:13"
"2021-02-05 06:00:00","D","18.447","20.940","15.110","24.000","2023-05-29 17:12:08"
"2021-02-05 12:00:00","W","2.935","2.947","2.917","24.000","2023-05-29 17:12:13"
"2021-02-05 12:00:00","D","23.587","25.070","21.400","24.000","2023-05-29 17:12:08"
"2021-02-05 18:00:00","W","2.909","2.947","2.854","24.000","2023-05-29 17:12:13"
"2021-02-05 18:00:00","D","22.408","24.400","19.750","24.000","2023-05-29 17:12:08"
"2021-02-06 00:00:00","W","2.840","2.853","2.817","24.000","2023-05-29 17:12:13"
"2021-02-06 00:00:00","D","17.826","19.890","16.530","24.000","2023-05-29 17:12:08"
"2021-02-06 06:00:00","W","2.825","2.833","2.816","24.000","2023-05-29 17:12:13"
"2021-02-06 06:00:00","D","16.389","16.950","14.320","24.000","2023-05-29 17:12:08"
"2021-02-06 12:00:00","W","2.870","2.891","2.830","24.000","2023-05-29 17:12:13"
"2021-02-06 12:00:00","D","14.835","15.700","13.590","24.000","2023-05-29 17:12:08"
"2021-02-06 18:00:00","W","2.864","2.935","2.791","24.000","2023-05-29 17:12:13"
"2021-02-06 18:00:00","D","13.905","16.100","9.440","24.000","2023-05-29 17:12:08"
"2021-02-07 00:00:00","W","2.885","2.900","2.875","24.000","2023-05-29 17:12:13"
"2021-02-07 00:00:00","D","14.569","15.730","13.770","24.000","2023-05-29 17:12:08"
"2021-02-07 06:00:00","W","2.921","2.936","2.903","24.000","2023-05-29 17:12:13"
"2021-02-07 06:00:00","D","17.875","20.230","15.980","24.000","2023-05-29 17:12:08"
"2021-02-07 12:00:00","W","2.918","2.939","2.910","24.000","2023-05-29 17:12:13"
"2021-02-07 12:00:00","D","21.789","22.900","20.000","24.000","2023-05-29 17:12:08"
"2021-02-07 18:00:00","W","2.881","2.910","2.848","24.000","2023-05-29 17:12:13"
"2021-02-07 18:00:00","D","20.114","21.830","18.410","24.000","2023-05-29 17:12:08"
"2021-02-08 00:00:00","W","2.828","2.847","2.807","24.000","2023-05-29 17:12:13"
"2021-02-08 00:00:00","D","17.428","18.750","15.400","24.000","2023-05-29 17:12:08"
"2021-02-08 06:00:00","W","2.835","2.850","2.817","24.000","2023-05-29 17:12:13"
"2021-02-08 06:00:00","D","15.589","16.240","14.950","24.000","2023-05-29 17:12:08"
"2021-02-08 12:00:00","W","2.831","2.852","2.803","24.000","2023-05-29 17:12:13"
"2021-02-08 12:00:00","D","13.449","14.870","12.170","24.000","2023-05-29 17:12:08"
"2021-02-08 18:00:00","W","2.823","2.843","2.796","24.000","2023-05-29 17:12:13"
"2021-02-08 18:00:00","D","12.323","13.180","10.300","24.000","2023-05-29 17:12:08"
"2021-02-09 00:00:00","W","2.829","2.837","2.810","24.000","2023-05-29 17:12:13"
"2021-02-09 00:00:00","D","11.428","11.840","10.180","24.000","2023-05-29 17:12:08"
"2021-02-09 06:00:00","W","2.812","2.842","2.794","24.000","2023-05-29 17:12:13"
"2021-02-09 06:00:00","D","10.661","12.080","9.040","24.000","2023-05-29 17:12:08"
"2021-02-09 12:00:00","W","2.854","2.882","2.805","24.000","2023-05-29 17:12:13"
"2021-02-09 12:00:00","D","10.283","11.630","8.730","24.000","2023-05-29 17:12:08"
"2021-02-09 18:00:00","W","2.807","2.822","2.797","24.000","2023-05-29 17:12:13"
"2021-02-09 18:00:00","D","9.899","10.940","8.790","24.000","2023-05-29 17:12:08"
"2021-02-10 00:00:00","W","2.806","2.814","2.798","24.000","2023-05-29 17:12:13"
"2021-02-10 00:00:00","D","9.587","10.570","8.650","24.000","2023-05-29 17:12:08"
"2021-02-10 06:00:00","W","2.805","2.821","2.792","24.000","2023-05-29 17:12:13"
"2021-02-10 06:00:00","D","9.320","10.470","7.910","24.000","2023-05-29 17:12:08"
"2021-02-10 12:00:00","W","2.816","2.826","2.805","24.000","2023-05-29 17:12:13"
"2021-02-10 12:00:00","D","9.164","10.130","8.010","24.000","2023-05-29 17:12:08"
"2021-02-10 18:00:00","W","2.822","2.846","2.793","24.000","2023-05-29 17:12:13"
"2021-02-10 18:00:00","D","8.728","10.080","6.830","24.000","2023-05-29 17:12:08"
"2021-02-11 00:00:00","W","2.828","2.842","2.815","24.000","2023-05-29 17:12:13"
"2021-02-11 00:00:00","D","8.791","9.950","7.580","24.000","2023-05-29 17:12:08"
"2021-02-11 06:00:00","W","2.816","2.825","2.804","24.000","2023-05-29 17:12:13"
"2021-02-11 06:00:00","D","8.503","9.460","7.430","24.000","2023-05-29 17:12:08"
"2021-02-11 12:00:00","W","2.805","2.816","2.792","24.000","2023-05-29 17:12:13"
"2021-02-11 12:00:00","D","8.310","9.450","6.920","24.000","2023-05-29 17:12:08"
"2021-02-11 18:00:00","W","2.809","2.820","2.800","24.000","2023-05-29 17:12:13"
"2021-02-11 18:00:00","D","8.075","9.740","6.650","24.000","2023-05-29 17:12:08"
"2021-02-12 00:00:00","W","2.805","2.816","2.795","24.000","2023-05-29 17:12:13"
"2021-02-12 00:00:00","D","8.028","9.370","6.590","24.000","2023-05-29 17:12:08"
"2021-02-12 06:00:00","W","2.808","2.819","2.797","24.000","2023-05-29 17:12:13"
"2021-02-12 06:00:00","D","7.789","9.440","6.260","24.000","2023-05-29 17:12:08"
"2021-02-12 12:00:00","W","2.809","2.821","2.792","24.000","2023-05-29 17:12:13"
"2021-02-12 12:00:00","D","7.618","9.420","5.290","24.000","2023-05-29 17:12:08"
"2021-02-12 18:00:00","W","2.824","2.836","2.807","24.000","2023-05-29 17:12:13"
"2021-02-12 18:00:00","D","7.622","9.390","5.910","24.000","2023-05-29 17:12:08"
"2021-02-13 00:00:00","W","2.822","2.832","2.812","24.000","2023-05-29 17:12:13"
"2021-02-13 00:00:00","D","7.650","9.130","6.060","24.000","2023-05-29 17:12:08"
"2021-02-13 06:00:00","W","2.815","2.826","2.802","24.000","2023-05-29 17:12:13"
"2021-02-13 06:00:00","D","7.434","9.130","5.850","24.000","2023-05-29 17:12:08"
"2021-02-13 12:00:00","W","2.810","2.821","2.799","24.000","2023-05-29 17:12:13"
"2021-02-13 12:00:00","D","7.458","9.110","5.870","24.000","2023-05-29 17:12:08"
"2021-02-13 18:00:00","W","2.808","2.821","2.798","24.000","2023-05-29 17:12:13"
"2021-02-13 18:00:00","D","7.290","8.960","5.700","24.000","2023-05-29 17:12:08"
"2021-02-14 00:00:00","W","2.813","2.823","2.803","24.000","2023-05-29 17:12:13"
"2021-02-14 00:00:00","D","7.323","8.930","5.590","24.000","2023-05-29 17:12:08"
"2021-02-14 06:00:00","W","2.809","2.822","2.798","24.000","2023-05-29 17:12:13"
"2021-02-14 06:00:00","D","7.106","8.910","5.400","24.000","2023-05-29 17:12:08"
"2021-02-14 12:00:00","W","2.813","2.836","2.782","24.000","2023-05-29 17:12:13"
"2021-02-14 12:00:00","D","7.262","10.850","5.290","24.000","2023-05-29 17:12:08"
"2021-02-14 18:00:00","W","2.840","2.863","2.802","24.000","2023-05-29 17:12:13"
"2021-02-14 18:00:00","D","7.167","10.160","4.060","24.000","2023-05-29 17:12:08"
"2021-02-15 00:00:00","W","2.853","2.865","2.840","24.000","2023-05-29 17:12:13"
"2021-02-15 00:00:00","D","7.531","9.230","5.580","24.000","2023-05-29 17:12:08"
"2021-02-15 06:00:00","W","2.855","2.867","2.843","24.000","2023-05-29 17:12:13"
"2021-02-15 06:00:00","D","7.450","9.150","5.650","24.000","2023-05-29 17:12:08"
"2021-02-15 12:00:00","W","2.849","2.873","2.808","24.000","2023-05-29 17:12:13"
"2021-02-15 12:00:00","D","7.177","9.730","3.990","24.000","2023-05-29 17:12:08"
"2021-02-15 18:00:00","W","2.855","2.877","2.834","24.000","2023-05-29 17:12:13"
"2021-02-15 18:00:00","D","8.004","10.330","6.340","24.000","2023-05-29 17:12:08"
"2021-02-16 00:00:00","W","2.843","2.859","2.830","24.000","2023-05-29 17:12:13"
"2021-02-16 00:00:00","D","7.926","9.530","6.380","24.000","2023-05-29 17:12:08"
"2021-02-16 06:00:00","W","2.847","2.861","2.835","24.000","2023-05-29 17:12:13"
"2021-02-16 06:00:00","D","7.917","9.400","6.350","24.000","2023-05-29 17:12:08"
"2021-02-16 12:00:00","W","2.850","2.864","2.839","24.000","2023-05-29 17:12:13"
"2021-02-16 12:00:00","D","7.947","9.110","6.230","24.000","2023-05-29 17:12:08"
"2021-02-16 18:00:00","W","2.857","2.872","2.843","24.000","2023-05-29 17:12:13"
"2021-02-16 18:00:00","D","7.866","9.870","6.000","24.000","2023-05-29 17:12:08"
"2021-02-17 00:00:00","W","2.859","2.877","2.842","24.000","2023-05-29 17:12:13"
"2021-02-17 00:00:00","D","8.381","10.070","6.670","24.000","2023-05-29 17:12:08"
"2021-02-17 06:00:00","W","2.847","2.862","2.832","24.000","2023-05-29 17:12:13"
"2021-02-17 06:00:00","D","8.225","9.920","6.520","24.000","2023-05-29 17:12:08"
"2021-02-17 12:00:00","W","2.843","2.857","2.830","24.000","2023-05-29 17:12:13"
"2021-02-17 12:00:00","D","8.203","10.150","6.290","24.000","2023-05-29 17:12:08"
"2021-02-17 18:00:00","W","2.844","2.859","2.829","24.000","2023-05-29 17:12:13"
"2021-02-17 18:00:00","D","8.197","10.100","5.930","24.000","2023-05-29 17:12:08"
"2021-02-18 00:00:00","W","2.854","2.874","2.834","24.000","2023-05-29 17:12:13"
"2021-02-18 00:00:00","D","8.353","10.170","6.300","24.000","2023-05-29 17:12:08"
"2021-02-18 06:00:00","W","2.869","2.879","2.857","24.000","2023-05-29 17:12:13"
"2021-02-18 06:00:00","D","8.930","10.300","7.210","24.000","2023-05-29 17:12:08"
"2021-02-18 12:00:00","W","2.870","2.882","2.859","24.000","2023-05-29 17:12:13"
"2021-02-18 12:00:00","D","9.375","11.020","7.770","24.000","2023-05-29 17:12:08"
"2021-02-18 18:00:00","W","2.854","2.877","2.831","24.000","2023-05-29 17:12:13"
"2021-02-18 18:00:00","D","9.625","11.150","7.880","24.000","2023-05-29 17:12:08"
"2021-02-19 00:00:00","W","2.860","2.875","2.832","24.000","2023-05-29 17:12:13"
"2021-02-19 00:00:00","D","9.719","10.930","8.530","24.000","2023-05-29 17:12:08"
"2021-02-19 06:00:00","W","2.849","2.863","2.835","24.000","2023-05-29 17:12:13"
"2021-02-19 06:00:00","D","9.291","9.850","8.600","24.000","2023-05-29 17:12:08"
"2021-02-19 12:00:00","W","2.832","2.844","2.819","24.000","2023-05-29 17:12:13"
"2021-02-19 12:00:00","D","8.952","9.540","8.250","24.000","2023-05-29 17:12:08"
"2021-02-19 18:00:00","W","2.818","2.831","2.802","24.000","2023-05-29 17:12:13"
"2021-02-19 18:00:00","D","8.685","9.950","7.050","24.000","2023-05-29 17:12:08"
"2021-02-20 00:00:00","W","2.814","2.830","2.798","24.000","2023-05-29 17:12:13"
"2021-02-20 00:00:00","D","8.445","10.060","6.860","24.000","2023-05-29 17:12:08"
"2021-02-20 06:00:00","W","2.814","2.832","2.794","24.000","2023-05-29 17:12:13"
"2021-02-20 06:00:00","D","8.076","9.620","6.440","24.000","2023-05-29 17:12:08"
"2021-02-20 12:00:00","W","2.814","2.829","2.791","24.000","2023-05-29 17:12:13"
"2021-02-20 12:00:00","D","7.920","9.460","6.300","24.000","2023-05-29 17:12:08"
"2021-02-20 18:00:00","W","2.835","2.858","2.793","24.000","2023-05-29 17:12:13"
"2021-02-20 18:00:00","D","7.604","9.590","5.510","24.000","2023-05-29 17:12:08"
"2021-02-21 00:00:00","W","2.841","2.858","2.825","24.000","2023-05-29 17:12:13"
"2021-02-21 00:00:00","D","7.550","9.190","5.830","24.000","2023-05-29 17:12:08"
"2021-02-21 06:00:00","W","2.828","2.859","2.805","24.000","2023-05-29 17:12:13"
"2021-02-21 06:00:00","D","7.350","11.630","4.610","24.000","2023-05-29 17:12:08"
"2021-02-21 12:00:00","W","2.822","2.838","2.807","24.000","2023-05-29 17:12:13"
"2021-02-21 12:00:00","D","7.305","8.890","5.630","24.000","2023-05-29 17:12:08"
"2021-02-21 18:00:00","W","2.815","2.833","2.795","24.000","2023-05-29 17:12:13"
"2021-02-21 18:00:00","D","7.216","9.270","5.170","24.000","2023-05-29 17:12:08"
"2021-02-22 00:00:00","W","2.821","2.838","2.800","24.000","2023-05-29 17:12:13"
"2021-02-22 00:00:00","D","7.179","9.150","5.230","24.000","2023-05-29 17:12:08"
"2021-02-22 06:00:00","W","2.816","2.830","2.803","24.000","2023-05-29 17:12:13"
"2021-02-22 06:00:00","D","6.943","8.410","5.640","24.000","2023-05-29 17:12:08"
"2021-02-22 12:00:00","W","2.812","2.824","2.800","24.000","2023-05-29 17:12:13"
"2021-02-22 12:00:00","D","6.846","8.130","5.690","24.000","2023-05-29 17:12:08"
"2021-02-22 18:00:00","W","2.811","2.825","2.798","24.000","2023-05-29 17:12:13"
"2021-02-22 18:00:00","D","6.860","8.100","5.360","24.000","2023-05-29 17:12:08"
"2021-02-23 00:00:00","W","2.814","2.850","2.773","24.000","2023-05-29 17:12:13"
"2021-02-23 00:00:00","D","6.383","8.370","4.090","24.000","2023-05-29 17:12:08"
"2021-02-23 06:00:00","W","2.835","2.881","2.796","24.000","2023-05-29 17:12:13"
"2021-02-23 06:00:00","D","6.518","10.310","4.020","24.000","2023-05-29 17:12:08"
"2021-02-23 12:00:00","W","2.837","2.877","2.812","24.000","2023-05-29 17:12:13"
"2021-02-23 12:00:00","D","6.564","10.140","4.600","24.000","2023-05-29 17:12:08"
"2021-02-23 18:00:00","W","2.835","2.871","2.798","24.000","2023-05-29 17:12:13"
"2021-02-23 18:00:00","D","6.391","10.260","4.420","24.000","2023-05-29 17:12:08"
"2021-02-24 00:00:00","W","2.832","2.867","2.793","24.000","2023-05-29 17:12:13"
"2021-02-24 00:00:00","D","6.413","9.830","3.660","24.000","2023-05-29 17:12:08"
"2021-02-24 06:00:00","W","2.829","2.876","2.802","24.000","2023-05-29 17:12:13"
"2021-02-24 06:00:00","D","6.358","10.040","3.830","24.000","2023-05-29 17:12:08"
"2021-02-24 12:00:00","W","2.821","2.860","2.795","24.000","2023-05-29 17:12:13"
"2021-02-24 12:00:00","D","6.478","9.260","4.360","24.000","2023-05-29 17:12:08"
"2021-02-24 18:00:00","W","2.841","2.871","2.817","24.000","2023-05-29 17:12:13"
"2021-02-24 18:00:00","D","6.405","8.340","4.400","24.000","2023-05-29 17:12:08"
"2021-02-25 00:00:00","W","2.830","2.874","2.804","24.000","2023-05-29 17:12:13"
"2021-02-25 00:00:00","D","6.448","10.720","3.700","24.000","2023-05-29 17:12:08"
"2021-02-25 06:00:00","W","2.818","2.842","2.796","24.000","2023-05-29 17:12:13"
"2021-02-25 06:00:00","D","6.195","8.310","4.070","24.000","2023-05-29 17:12:08"
"2021-02-25 12:00:00","W","2.821","2.852","2.798","24.000","2023-05-29 17:12:13"
"2021-02-25 12:00:00","D","6.364","9.050","4.650","24.000","2023-05-29 17:12:08"
"2021-02-25 18:00:00","W","2.833","2.863","2.805","24.000","2023-05-29 17:12:13"
"2021-02-25 18:00:00","D","6.249","9.570","4.220","24.000","2023-05-29 17:12:08"
"2021-02-26 00:00:00","W","2.834","2.861","2.816","24.000","2023-05-29 17:12:13"
"2021-02-26 00:00:00","D","6.340","8.710","4.850","24.000","2023-05-29 17:12:08"
"2021-02-26 06:00:00","W","2.825","2.840","2.811","24.000","2023-05-29 17:12:13"
"2021-02-26 06:00:00","D","6.128","7.710","4.660","24.000","2023-05-29 17:12:08"
"2021-02-26 12:00:00","W","2.822","2.836","2.809","24.000","2023-05-29 17:12:13"
"2021-02-26 12:00:00","D","6.087","7.710","4.430","24.000","2023-05-29 17:12:08"
"2021-02-26 18:00:00","W","2.823","2.842","2.802","24.000","2023-05-29 17:12:13"
"2021-02-26 18:00:00","D","6.098","8.270","3.920","24.000","2023-05-29 17:12:08"
"2021-02-27 00:00:00","W","2.825","2.845","2.809","24.000","2023-05-29 17:12:13"
"2021-02-27 00:00:00","D","6.206","8.050","4.110","24.000","2023-05-29 17:12:08"
"2021-02-27 06:00:00","W","2.821","2.836","2.807","24.000","2023-05-29 17:12:13"
"2021-02-27 06:00:00","D","6.078","7.680","4.560","24.000","2023-05-29 17:12:08"
"2021-02-27 12:00:00","W","2.816","2.839","2.791","24.000","2023-05-29 17:12:13"
"2021-02-27 12:00:00","D","6.150","8.160","4.060","24.000","2023-05-29 17:12:08"
"2021-02-27 18:00:00","W","2.835","2.885","2.804","24.000","2023-05-29 17:12:13"
"2021-02-27 18:00:00","D","6.004","10.030","3.660","24.000","2023-05-29 17:12:08"
"2021-02-28 00:00:00","W","2.814","2.836","2.797","24.000","2023-05-29 17:12:13"
"2021-02-28 00:00:00","D","6.141","8.230","4.130","24.000","2023-05-29 17:12:08"
"2021-02-28 06:00:00","W","2.812","2.827","2.798","24.000","2023-05-29 17:12:13"
"2021-02-28 06:00:00","D","5.998","7.670","4.230","24.000","2023-05-29 17:12:08"
"2021-02-28 12:00:00","W","2.816","2.849","2.800","24.000","2023-05-29 17:12:13"
"2021-02-28 12:00:00","D","6.090","8.360","4.400","24.000","2023-05-29 17:12:08"
"2021-02-28 18:00:00","W","2.821","2.847","2.793","24.000","2023-05-29 17:12:13"
"2021-02-28 18:00:00","D","6.128","8.200","3.490","24.000","2023-05-29 17:12:08"
"2021-03-01 00:00:00","W","2.827","2.843","2.811","24.000","2023-05-29 17:12:13"
"2021-03-01 00:00:00","D","6.045","7.850","4.200","24.000","2023-05-29 17:12:08"
"2021-03-01 06:00:00","W","2.822","2.836","2.808","24.000","2023-05-29 17:12:13"
"2021-03-01 06:00:00","D","5.941","7.560","4.310","24.000","2023-05-29 17:12:08"
"2021-03-01 12:00:00","W","2.820","2.835","2.806","24.000","2023-05-29 17:12:13"
"2021-03-01 12:00:00","D","5.955","7.760","4.050","24.000","2023-05-29 17:12:08"
"2021-03-01 18:00:00","W","2.822","2.845","2.805","24.000","2023-05-29 17:12:13"
"2021-03-01 18:00:00","D","5.948","7.980","3.410","24.000","2023-05-29 17:12:08"
"2021-03-02 00:00:00","W","2.822","2.838","2.808","24.000","2023-05-29 17:12:13"
"2021-03-02 00:00:00","D","5.981","7.880","4.100","24.000","2023-05-29 17:12:08"
"2021-03-02 06:00:00","W","2.821","2.837","2.808","24.000","2023-05-29 17:12:13"
"2021-03-02 06:00:00","D","5.935","7.650","4.250","24.000","2023-05-29 17:12:08"
"2021-03-02 12:00:00","W","2.819","2.833","2.806","24.000","2023-05-29 17:12:13"
"2021-03-02 12:00:00","D","5.905","7.540","4.290","24.000","2023-05-29 17:12:08"
"2021-03-02 18:00:00","W","2.823","2.844","2.803","24.000","2023-05-29 17:12:13"
"2021-03-02 18:00:00","D","6.008","7.920","4.030","24.000","2023-05-29 17:12:08"
"2021-03-03 00:00:00","W","2.822","2.837","2.808","24.000","2023-05-29 17:12:13"
"2021-03-03 00:00:00","D","6.013","7.540","4.470","24.000","2023-05-29 17:12:08"
"2021-03-03 06:00:00","W","2.817","2.832","2.805","24.000","2023-05-29 17:12:13"
"2021-03-03 06:00:00","D","5.887","7.300","4.320","24.000","2023-05-29 17:12:08"
"2021-03-03 12:00:00","W","2.817","2.861","2.801","24.000","2023-05-29 17:12:13"
"2021-03-03 12:00:00","D","5.818","7.390","4.300","24.000","2023-05-29 17:12:08"
"2021-03-03 18:00:00","W","2.853","2.912","2.809","24.000","2023-05-29 17:12:13"
"2021-03-03 18:00:00","D","6.038","9.810","3.260","24.000","2023-05-29 17:12:08"
"2021-03-04 00:00:00","W","2.843","2.861","2.817","24.000","2023-05-29 17:12:13"
"2021-03-04 00:00:00","D","6.769","10.470","4.540","24.000","2023-05-29 17:12:08"
"2021-03-04 06:00:00","W","2.858","2.877","2.834","24.000","2023-05-29 17:12:13"
"2021-03-04 06:00:00","D","7.162","8.720","5.310","24.000","2023-05-29 17:12:08"
"2021-03-04 12:00:00","W","2.841","2.864","2.810","24.000","2023-05-29 17:12:13"
"2021-03-04 12:00:00","D","6.788","8.190","5.320","24.000","2023-05-29 17:12:08"
"2021-03-04 18:00:00","W","2.828","2.857","2.801","24.000","2023-05-29 17:12:13"
"2021-03-04 18:00:00","D","6.643","8.930","4.690","24.000","2023-05-29 17:12:08"
"2021-03-05 00:00:00","W","2.817","2.840","2.783","24.000","2023-05-29 17:12:13"
"2021-03-05 00:00:00","D","6.333","8.020","4.580","24.000","2023-05-29 17:12:08"
"2021-03-05 06:00:00","W","2.843","2.867","2.813","24.000","2023-05-29 17:12:13"
"2021-03-05 06:00:00","D","5.987","7.940","3.400","24.000","2023-05-29 17:12:08"
"2021-03-05 12:00:00","W","2.841","2.876","2.811","24.000","2023-05-29 17:12:13"
"2021-03-05 12:00:00","D","6.355","8.420","3.590","24.000","2023-05-29 17:12:08"
"2021-03-05 18:00:00","W","2.820","2.850","2.794","24.000","2023-05-29 17:12:13"
"2021-03-05 18:00:00","D","6.051","10.200","3.140","24.000","2023-05-29 17:12:08"
"2021-03-06 00:00:00","W","2.818","2.857","2.802","24.000","2023-05-29 17:12:13"
"2021-03-06 00:00:00","D","5.869","10.290","3.490","24.000","2023-05-29 17:12:08"
"2021-03-06 06:00:00","W","2.811","2.825","2.798","24.000","2023-05-29 17:12:13"
"2021-03-06 06:00:00","D","5.838","7.880","3.690","24.000","2023-05-29 17:12:08"
"2021-03-06 12:00:00","W","2.812","2.841","2.798","24.000","2023-05-29 17:12:13"
"2021-03-06 12:00:00","D","5.967","9.310","3.860","24.000","2023-05-29 17:12:08"
"2021-03-06 18:00:00","W","2.821","2.856","2.791","24.000","2023-05-29 17:12:13"
"2021-03-06 18:00:00","D","5.843","10.540","3.790","24.000","2023-05-29 17:12:08"
"2021-03-07 00:00:00","W","2.819","2.840","2.801","24.000","2023-05-29 17:12:13"
"2021-03-07 00:00:00","D","5.684","8.490","3.170","24.000","2023-05-29 17:12:08"
"2021-03-07 06:00:00","W","2.819","2.833","2.806","24.000","2023-05-29 17:12:13"
"2021-03-07 06:00:00","D","5.762","7.670","4.280","24.000","2023-05-29 17:12:08"
"2021-03-07 12:00:00","W","2.817","2.829","2.806","24.000","2023-05-29 17:12:13"
"2021-03-07 12:00:00","D","5.719","7.200","4.630","24.000","2023-05-29 17:12:08"
"2021-03-07 18:00:00","W","2.815","2.831","2.802","24.000","2023-05-29 17:12:13"
"2021-03-07 18:00:00","D","5.827","8.960","4.070","24.000","2023-05-29 17:12:08"
"2021-03-08 00:00:00","W","2.819","2.863","2.799","24.000","2023-05-29 17:12:13"
"2021-03-08 00:00:00","D","5.713","10.100","2.960","24.000","2023-05-29 17:12:08"
"2021-03-08 06:00:00","W","2.813","2.826","2.800","24.000","2023-05-29 17:12:13"
"2021-03-08 06:00:00","D","5.604","7.100","4.070","24.000","2023-05-29 17:12:08"
"2021-03-08 12:00:00","W","2.811","2.828","2.799","24.000","2023-05-29 17:12:13"
"2021-03-08 12:00:00","D","5.654","7.130","3.920","24.000","2023-05-29 17:12:08"
"2021-03-08 18:00:00","W","2.818","2.860","2.791","24.000","2023-05-29 17:12:13"
"2021-03-08 18:00:00","D","5.452","9.560","2.510","24.000","2023-05-29 17:12:08"
"2021-03-09 00:00:00","W","2.838","2.863","2.819","24.000","2023-05-29 17:12:13"
"2021-03-09 00:00:00","D","5.498","7.840","2.570","24.000","2023-05-29 17:12:08"
"2021-03-09 06:00:00","W","2.838","2.855","2.822","24.000","2023-05-29 17:12:13"
"2021-03-09 06:00:00","D","5.592","7.520","3.390","24.000","2023-05-29 17:12:08"
"2021-03-09 12:00:00","W","2.832","2.875","2.805","24.000","2023-05-29 17:12:13"
"2021-03-09 12:00:00","D","5.495","10.280","2.470","24.000","2023-05-29 17:12:08"
"2021-03-09 18:00:00","W","2.825","2.859","2.802","24.000","2023-05-29 17:12:13"
"2021-03-09 18:00:00","D","5.583","10.360","1.580","24.000","2023-05-29 17:12:08"
"2021-03-10 00:00:00","W","2.824","2.857","2.806","24.000","2023-05-29 17:12:13"
"2021-03-10 00:00:00","D","5.494","9.140","2.070","24.000","2023-05-29 17:12:08"
"2021-03-10 06:00:00","W","2.822","2.839","2.808","24.000","2023-05-29 17:12:13"
"2021-03-10 06:00:00","D","5.426","7.720","3.270","24.000","2023-05-29 17:12:08"
"2021-03-10 12:00:00","W","2.823","2.841","2.806","24.000","2023-05-29 17:12:13"
"2021-03-10 12:00:00","D","5.567","7.710","3.300","24.000","2023-05-29 17:12:08"
"2021-03-10 18:00:00","W","2.832","2.856","2.816","24.000","2023-05-29 17:12:13"
"2021-03-10 18:00:00","D","5.726","7.950","3.300","24.000","2023-05-29 17:12:08"
"2021-03-11 00:00:00","W","2.834","2.886","2.791","24.000","2023-05-29 17:12:13"
"2021-03-11 00:00:00","D","6.250","9.960","3.360","24.000","2023-05-29 17:12:08"
"2021-03-11 06:00:00","W","2.830","2.879","2.796","24.000","2023-05-29 17:12:13"
"2021-03-11 06:00:00","D","6.050","10.450","2.180","24.000","2023-05-29 17:12:08"
"2021-03-11 12:00:00","W","2.826","2.863","2.798","24.000","2023-05-29 17:12:13"
"2021-03-11 12:00:00","D","5.922","10.610","2.080","24.000","2023-05-29 17:12:08"
"2021-03-11 18:00:00","W","2.841","2.885","2.784","24.000","2023-05-29 17:12:13"
"2021-03-11 18:00:00","D","6.392","11.850","2.430","24.000","2023-05-29 17:12:08"
"2021-03-12 00:00:00","W","2.822","2.868","2.783","24.000","2023-05-29 17:12:13"
"2021-03-12 00:00:00","D","6.813","10.900","4.400","24.000","2023-05-29 17:12:08"
"2021-03-12 06:00:00","W","2.832","2.846","2.811","24.000","2023-05-29 17:12:13"
"2021-03-12 06:00:00","D","6.289","8.560","3.680","24.000","2023-05-29 17:12:08"
"2021-03-12 12:00:00","W","2.829","2.843","2.812","24.000","2023-05-29 17:12:13"
"2021-03-12 12:00:00","D","6.350","8.740","4.030","24.000","2023-05-29 17:12:08"
"2021-03-12 18:00:00","W","2.829","2.867","2.796","24.000","2023-05-29 17:12:13"
"2021-03-12 18:00:00","D","6.163","10.410","1.790","24.000","2023-05-29 17:12:08"
"2021-03-13 00:00:00","W","2.821","2.843","2.789","24.000","2023-05-29 17:12:13"
"2021-03-13 00:00:00","D","5.579","9.760","3.060","24.000","2023-05-29 17:12:08"
"2021-03-13 06:00:00","W","2.826","2.869","2.799","24.000","2023-05-29 17:12:13"
"2021-03-13 06:00:00","D","5.744","10.610","2.340","24.000","2023-05-29 17:12:09"
"2021-03-13 12:00:00","W","2.827","2.869","2.799","24.000","2023-05-29 17:12:13"
"2021-03-13 12:00:00","D","6.409","12.150","3.010","24.000","2023-05-29 17:12:09"
"2021-03-13 18:00:00","W","2.821","2.872","2.789","24.000","2023-05-29 17:12:13"
"2021-03-13 18:00:00","D","5.945","10.530","2.170","24.000","2023-05-29 17:12:09"
"2021-03-14 00:00:00","W","2.824","2.847","2.805","24.000","2023-05-29 17:12:13"
"2021-03-14 00:00:00","D","5.836","9.480","2.050","24.000","2023-05-29 17:12:09"
"2021-03-14 06:00:00","W","2.818","2.835","2.801","24.000","2023-05-29 17:12:13"
"2021-03-14 06:00:00","D","5.508","8.370","2.900","24.000","2023-05-29 17:12:09"
"2021-03-14 12:00:00","W","2.817","2.872","2.796","24.000","2023-05-29 17:12:13"
"2021-03-14 12:00:00","D","5.697","10.610","2.590","24.000","2023-05-29 17:12:09"
"2021-03-14 18:00:00","W","2.841","2.879","2.782","24.000","2023-05-29 17:12:13"
"2021-03-14 18:00:00","D","5.128","8.800","2.770","24.000","2023-05-29 17:12:09"
"2021-03-15 00:00:00","W","2.836","2.886","2.821","24.000","2023-05-29 17:12:13"
"2021-03-15 00:00:00","D","5.832","7.550","4.420","24.000","2023-05-29 17:12:09"
"2021-03-15 06:00:00","W","2.816","2.821","2.812","24.000","2023-05-29 17:12:13"
"2021-03-15 06:00:00","D","5.385","5.770","5.060","24.000","2023-05-29 17:12:09"
"2021-03-15 12:00:00","W","2.815","2.823","2.810","24.000","2023-05-29 17:12:13"
"2021-03-15 12:00:00","D","5.385","5.860","4.960","24.000","2023-05-29 17:12:09"
"2021-03-15 18:00:00","W","2.818","2.826","2.813","24.000","2023-05-29 17:12:13"
"2021-03-15 18:00:00","D","5.343","6.100","4.710","24.000","2023-05-29 17:12:09"
"2021-03-16 00:00:00","W","2.834","2.865","2.820","24.000","2023-05-29 17:12:13"
"2021-03-16 00:00:00","D","5.793","7.780","4.100","24.000","2023-05-29 17:12:09"
"2021-03-16 06:00:00","W","2.825","2.839","2.810","24.000","2023-05-29 17:12:13"
"2021-03-16 06:00:00","D","5.610","7.380","3.380","24.000","2023-05-29 17:12:09"
"2021-03-16 12:00:00","W","2.817","2.832","2.802","24.000","2023-05-29 17:12:13"
"2021-03-16 12:00:00","D","5.460","7.500","3.250","24.000","2023-05-29 17:12:09"
"2021-03-16 18:00:00","W","2.823","2.876","2.797","24.000","2023-05-29 17:12:13"
"2021-03-16 18:00:00","D","5.538","9.310","2.910","24.000","2023-05-29 17:12:09"
"2021-03-17 00:00:00","W","2.825","2.845","2.806","24.000","2023-05-29 17:12:13"
"2021-03-17 00:00:00","D","5.199","7.910","2.860","24.000","2023-05-29 17:12:09"
"2021-03-17 06:00:00","W","2.820","2.842","2.806","24.000","2023-05-29 17:12:13"
"2021-03-17 06:00:00","D","5.304","7.580","2.870","24.000","2023-05-29 17:12:09"
"2021-03-17 12:00:00","W","2.818","2.843","2.783","24.000","2023-05-29 17:12:13"
"2021-03-17 12:00:00","D","4.847","6.740","2.800","24.000","2023-05-29 17:12:09"
"2021-03-17 18:00:00","W","2.849","2.854","2.838","24.000","2023-05-29 17:12:13"
"2021-03-17 18:00:00","D","5.250","5.620","4.820","24.000","2023-05-29 17:12:09"
"2021-03-18 00:00:00","W","2.850","2.853","2.847","24.000","2023-05-29 17:12:13"
"2021-03-18 00:00:00","D","5.298","5.720","5.050","24.000","2023-05-29 17:12:09"
"2021-03-18 06:00:00","W","2.852","2.855","2.850","24.000","2023-05-29 17:12:13"
"2021-03-18 06:00:00","D","5.310","5.530","5.090","24.000","2023-05-29 17:12:09"
"2021-03-18 12:00:00","W","2.848","2.851","2.845","24.000","2023-05-29 17:12:13"
"2021-03-18 12:00:00","D","5.203","5.460","4.860","24.000","2023-05-29 17:12:09"
"2021-03-18 18:00:00","W","2.847","2.850","2.841","24.000","2023-05-29 17:12:13"
"2021-03-18 18:00:00","D","5.184","5.870","4.180","24.000","2023-05-29 17:12:09"
"2021-03-19 00:00:00","W","2.852","2.854","2.848","24.000","2023-05-29 17:12:13"
"2021-03-19 00:00:00","D","5.233","5.430","4.980","24.000","2023-05-29 17:12:09"
"2021-03-19 06:00:00","W","2.853","2.855","2.850","24.000","2023-05-29 17:12:13"
"2021-03-19 06:00:00","D","5.226","5.470","4.960","24.000","2023-05-29 17:12:09"
"2021-03-19 12:00:00","W","2.857","2.867","2.852","24.000","2023-05-29 17:12:13"
"2021-03-19 12:00:00","D","5.246","5.900","4.460","24.000","2023-05-29 17:12:09"
"2021-03-19 18:00:00","W","2.852","2.887","2.831","24.000","2023-05-29 17:12:13"
"2021-03-19 18:00:00","D","5.590","7.640","3.990","24.000","2023-05-29 17:12:09"
"2021-03-20 00:00:00","W","2.828","2.838","2.824","24.000","2023-05-29 17:12:13"
"2021-03-20 00:00:00","D","5.304","6.200","4.820","24.000","2023-05-29 17:12:09"
"2021-03-20 06:00:00","W","2.822","2.826","2.817","24.000","2023-05-29 17:12:13"
"2021-03-20 06:00:00","D","5.202","5.450","4.940","24.000","2023-05-29 17:12:09"
"2021-03-20 12:00:00","W","2.819","2.843","2.805","24.000","2023-05-29 17:12:13"
"2021-03-20 12:00:00","D","5.231","6.680","3.580","24.000","2023-05-29 17:12:09"
"2021-03-20 18:00:00","W","2.815","2.823","2.798","24.000","2023-05-29 17:12:13"
"2021-03-20 18:00:00","D","5.055","6.950","2.980","24.000","2023-05-29 17:12:09"
"2021-03-21 00:00:00","W","2.816","2.845","2.802","24.000","2023-05-29 17:12:13"
"2021-03-21 00:00:00","D","5.121","7.540","2.480","24.000","2023-05-29 17:12:09"
"2021-03-21 06:00:00","W","2.812","2.814","2.810","24.000","2023-05-29 17:12:13"
"2021-03-21 06:00:00","D","4.978","5.240","4.590","24.000","2023-05-29 17:12:09"
"2021-03-21 12:00:00","W","2.812","2.823","2.793","24.000","2023-05-29 17:12:13"
"2021-03-21 12:00:00","D","5.109","7.530","3.750","24.000","2023-05-29 17:12:09"
"2021-03-21 18:00:00","W","2.814","2.844","2.792","24.000","2023-05-29 17:12:13"
"2021-03-21 18:00:00","D","4.999","8.400","2.550","24.000","2023-05-29 17:12:09"
"2021-03-22 00:00:00","W","2.824","2.838","2.815","24.000","2023-05-29 17:12:13"
"2021-03-22 00:00:00","D","4.976","6.140","3.710","24.000","2023-05-29 17:12:09"
"2021-03-22 06:00:00","W","2.821","2.830","2.812","24.000","2023-05-29 17:12:13"
"2021-03-22 06:00:00","D","4.938","5.850","4.020","24.000","2023-05-29 17:12:09"
"2021-03-22 12:00:00","W","2.816","2.827","2.784","24.000","2023-05-29 17:12:13"
"2021-03-22 12:00:00","D","4.645","5.670","2.940","24.000","2023-05-29 17:12:09"
"2021-03-22 18:00:00","W","2.837","2.862","2.808","24.000","2023-05-29 17:12:13"
"2021-03-22 18:00:00","D","4.375","6.190","2.600","24.000","2023-05-29 17:12:09"
"2021-03-23 00:00:00","W","2.851","2.869","2.836","24.000","2023-05-29 17:12:13"
"2021-03-23 00:00:00","D","4.823","6.550","3.250","24.000","2023-05-29 17:12:09"
"2021-03-23 06:00:00","W","2.849","2.860","2.840","24.000","2023-05-29 17:12:13"
"2021-03-23 06:00:00","D","4.780","5.790","3.820","24.000","2023-05-29 17:12:09"
"2021-03-23 12:00:00","W","2.847","2.856","2.838","24.000","2023-05-29 17:12:13"
"2021-03-23 12:00:00","D","4.761","5.490","3.970","24.000","2023-05-29 17:12:09"
"2021-03-23 18:00:00","W","2.851","2.865","2.842","24.000","2023-05-29 17:12:13"
"2021-03-23 18:00:00","D","4.621","5.950","3.470","24.000","2023-05-29 17:12:09"
"2021-03-24 00:00:00","W","2.853","2.866","2.843","24.000","2023-05-29 17:12:13"
"2021-03-24 00:00:00","D","4.884","6.260","3.810","24.000","2023-05-29 17:12:09"
"2021-03-24 06:00:00","W","2.850","2.859","2.842","24.000","2023-05-29 17:12:13"
"2021-03-24 06:00:00","D","4.768","5.650","3.980","24.000","2023-05-29 17:12:09"
"2021-03-24 12:00:00","W","2.848","2.857","2.841","24.000","2023-05-29 17:12:13"
"2021-03-24 12:00:00","D","4.735","5.510","4.110","24.000","2023-05-29 17:12:09"
"2021-03-24 18:00:00","W","2.850","2.860","2.840","24.000","2023-05-29 17:12:13"
"2021-03-24 18:00:00","D","4.666","6.060","3.500","24.000","2023-05-29 17:12:09"
"2021-03-25 00:00:00","W","2.851","2.862","2.841","24.000","2023-05-29 17:12:13"
"2021-03-25 00:00:00","D","4.807","6.070","3.650","24.000","2023-05-29 17:12:09"
"2021-03-25 06:00:00","W","2.849","2.859","2.838","24.000","2023-05-29 17:12:13"
"2021-03-25 06:00:00","D","4.755","5.720","3.980","24.000","2023-05-29 17:12:09"
"2021-03-25 12:00:00","W","2.844","2.853","2.834","24.000","2023-05-29 17:12:13"
"2021-03-25 12:00:00","D","4.730","5.410","3.860","24.000","2023-05-29 17:12:09"
"2021-03-25 18:00:00","W","2.844","2.855","2.835","24.000","2023-05-29 17:12:13"
"2021-03-25 18:00:00","D","4.589","5.540","3.760","24.000","2023-05-29 17:12:09"
"2021-03-26 00:00:00","W","2.844","2.855","2.834","24.000","2023-05-29 17:12:13"
"2021-03-26 00:00:00","D","4.853","5.650","3.970","24.000","2023-05-29 17:12:09"
"2021-03-26 06:00:00","W","2.841","2.850","2.832","24.000","2023-05-29 17:12:13"
"2021-03-26 06:00:00","D","4.739","5.670","3.910","24.000","2023-05-29 17:12:09"
"2021-03-26 12:00:00","W","2.843","2.853","2.834","24.000","2023-05-29 17:12:13"
"2021-03-26 12:00:00","D","4.703","5.620","3.930","24.000","2023-05-29 17:12:09"
"2021-03-26 18:00:00","W","2.850","2.871","2.831","24.000","2023-05-29 17:12:13"
"2021-03-26 18:00:00","D","4.938","6.280","3.380","24.000","2023-05-29 17:12:09"
"2021-03-27 00:00:00","W","2.857","2.876","2.836","24.000","2023-05-29 17:12:13"
"2021-03-27 00:00:00","D","5.082","6.360","3.570","24.000","2023-05-29 17:12:09"
"2021-03-27 06:00:00","W","2.861","2.878","2.845","24.000","2023-05-29 17:12:13"
"2021-03-27 06:00:00","D","5.193","6.530","4.260","24.000","2023-05-29 17:12:09"
"2021-03-27 12:00:00","W","2.851","2.865","2.840","24.000","2023-05-29 17:12:13"
"2021-03-27 12:00:00","D","4.996","6.130","3.870","24.000","2023-05-29 17:12:09"
"2021-03-27 18:00:00","W","2.854","2.871","2.841","24.000","2023-05-29 17:12:13"
"2021-03-27 18:00:00","D","4.984","6.650","3.430","24.000","2023-05-29 17:12:09"
"2021-03-28 00:00:00","W","2.856","2.869","2.845","24.000","2023-05-29 17:12:13"
"2021-03-28 00:00:00","D","5.184","6.480","3.890","24.000","2023-05-29 17:12:09"
"2021-03-28 06:00:00","W","2.847","2.861","2.832","24.000","2023-05-29 17:12:13"
"2021-03-28 06:00:00","D","4.963","6.200","3.660","24.000","2023-05-29 17:12:09"
"2021-03-28 12:00:00","W","2.837","2.850","2.822","24.000","2023-05-29 17:12:13"
"2021-03-28 12:00:00","D","4.841","6.070","3.520","24.000","2023-05-29 17:12:09"
"2021-03-28 18:00:00","W","2.837","2.851","2.824","24.000","2023-05-29 17:12:13"
"2021-03-28 18:00:00","D","4.750","6.000","3.480","24.000","2023-05-29 17:12:09"
"2021-03-29 00:00:00","W","2.834","2.849","2.822","24.000","2023-05-29 17:12:13"
"2021-03-29 00:00:00","D","4.735","5.990","3.480","24.000","2023-05-29 17:12:09"
"2021-03-29 06:00:00","W","2.829","2.842","2.820","24.000","2023-05-29 17:12:13"
"2021-03-29 06:00:00","D","4.588","5.730","3.430","24.000","2023-05-29 17:12:09"
"2021-03-29 12:00:00","W","2.827","2.836","2.817","24.000","2023-05-29 17:12:13"
"2021-03-29 12:00:00","D","4.493","5.700","3.410","24.000","2023-05-29 17:12:09"
"2021-03-29 18:00:00","W","2.824","2.841","2.808","24.000","2023-05-29 17:12:13"
"2021-03-29 18:00:00","D","4.281","6.440","2.140","24.000","2023-05-29 17:12:09"
"2021-03-30 00:00:00","W","2.828","2.842","2.816","24.000","2023-05-29 17:12:13"
"2021-03-30 00:00:00","D","4.549","6.500","2.550","24.000","2023-05-29 17:12:09"
"2021-03-30 06:00:00","W","2.824","2.837","2.813","24.000","2023-05-29 17:12:13"
"2021-03-30 06:00:00","D","4.441","6.460","2.580","24.000","2023-05-29 17:12:09"
"2021-03-30 12:00:00","W","2.821","2.833","2.809","24.000","2023-05-29 17:12:13"
"2021-03-30 12:00:00","D","4.451","6.460","2.420","24.000","2023-05-29 17:12:09"
"2021-03-30 18:00:00","W","2.824","2.843","2.810","24.000","2023-05-29 17:12:13"
"2021-03-30 18:00:00","D","4.433","6.880","2.230","24.000","2023-05-29 17:12:09"
"2021-03-31 00:00:00","W","2.818","2.829","2.807","24.000","2023-05-29 17:12:13"
"2021-03-31 00:00:00","D","4.364","5.930","2.890","24.000","2023-05-29 17:12:09"
"2021-03-31 06:00:00","W","2.816","2.826","2.807","24.000","2023-05-29 17:12:13"
"2021-03-31 06:00:00","D","4.456","5.870","3.240","24.000","2023-05-29 17:12:09"
"2021-03-31 12:00:00","W","2.818","2.834","2.808","24.000","2023-05-29 17:12:13"
"2021-03-31 12:00:00","D","4.339","5.480","2.920","24.000","2023-05-29 17:12:09"
"2021-03-31 18:00:00","W","2.819","2.844","2.806","24.000","2023-05-29 17:12:13"
"2021-03-31 18:00:00","D","4.367","5.960","2.970","24.000","2023-05-29 17:12:09"
"2021-04-01 00:00:00","W","2.819","2.838","2.803","24.000","2023-05-29 17:12:13"
"2021-04-01 00:00:00","D","4.576","6.070","3.320","24.000","2023-05-29 17:12:09"
"2021-04-01 06:00:00","W","2.816","2.827","2.807","24.000","2023-05-29 17:12:13"
"2021-04-01 06:00:00","D","4.345","5.370","3.260","24.000","2023-05-29 17:12:09"
"2021-04-01 12:00:00","W","2.817","2.825","2.807","24.000","2023-05-29 17:12:13"
"2021-04-01 12:00:00","D","4.329","5.310","3.320","24.000","2023-05-29 17:12:09"
"2021-04-01 18:00:00","W","2.819","2.833","2.808","24.000","2023-05-29 17:12:13"
"2021-04-01 18:00:00","D","4.273","5.710","3.070","24.000","2023-05-29 17:12:09"
"2021-04-02 00:00:00","W","2.817","2.831","2.807","24.000","2023-05-29 17:12:13"
"2021-04-02 00:00:00","D","4.359","5.530","3.170","24.000","2023-05-29 17:12:09"
"2021-04-02 06:00:00","W","2.813","2.824","2.804","24.000","2023-05-29 17:12:13"
"2021-04-02 06:00:00","D","4.405","5.360","3.330","24.000","2023-05-29 17:12:09"
"2021-04-02 12:00:00","W","2.811","2.823","2.803","24.000","2023-05-29 17:12:13"
"2021-04-02 12:00:00","D","4.203","5.000","3.410","24.000","2023-05-29 17:12:09"
"2021-04-02 18:00:00","W","2.815","2.828","2.805","24.000","2023-05-29 17:12:13"
"2021-04-02 18:00:00","D","4.210","5.160","3.180","24.000","2023-05-29 17:12:09"
"2021-04-03 00:00:00","W","2.811","2.821","2.801","24.000","2023-05-29 17:12:13"
"2021-04-03 00:00:00","D","4.232","5.000","3.120","24.000","2023-05-29 17:12:09"
"2021-04-03 06:00:00","W","2.808","2.817","2.799","24.000","2023-05-29 17:12:13"
"2021-04-03 06:00:00","D","4.155","5.070","3.260","24.000","2023-05-29 17:12:09"
"2021-04-03 12:00:00","W","2.808","2.817","2.800","23.000","2023-05-29 17:12:13"
"2021-04-03 12:00:00","D","4.121","4.900","3.230","24.000","2023-05-29 17:12:09"
"2021-04-03 18:00:00","W","2.810","2.827","2.798","24.000","2023-05-29 17:12:13"
"2021-04-03 18:00:00","D","4.246","6.420","2.510","24.000","2023-05-29 17:12:09"
"2021-04-04 00:00:00","W","2.813","2.832","2.800","24.000","2023-05-29 17:12:13"
"2021-04-04 00:00:00","D","4.290","5.900","2.810","24.000","2023-05-29 17:12:09"
"2021-04-04 06:00:00","W","2.806","2.816","2.797","24.000","2023-05-29 17:12:13"
"2021-04-04 06:00:00","D","4.203","5.060","3.380","24.000","2023-05-29 17:12:09"
"2021-04-04 12:00:00","W","2.805","2.823","2.794","24.000","2023-05-29 17:12:13"
"2021-04-04 12:00:00","D","4.090","5.860","2.760","24.000","2023-05-29 17:12:09"
"2021-04-04 18:00:00","W","2.808","2.825","2.794","24.000","2023-05-29 17:12:13"
"2021-04-04 18:00:00","D","4.075","6.140","2.390","24.000","2023-05-29 17:12:09"
"2021-04-05 00:00:00","W","2.820","2.838","2.806","24.000","2023-05-29 17:12:13"
"2021-04-05 00:00:00","D","4.101","5.450","2.840","24.000","2023-05-29 17:12:09"
"2021-04-05 06:00:00","W","2.819","2.828","2.810","24.000","2023-05-29 17:12:13"
"2021-04-05 06:00:00","D","4.083","5.050","3.170","24.000","2023-05-29 17:12:09"
"2021-04-05 12:00:00","W","2.815","2.828","2.806","24.000","2023-05-29 17:12:13"
"2021-04-05 12:00:00","D","3.984","5.400","2.350","24.000","2023-05-29 17:12:09"
"2021-04-05 18:00:00","W","2.823","2.835","2.812","24.000","2023-05-29 17:12:13"
"2021-04-05 18:00:00","D","4.127","5.450","2.600","24.000","2023-05-29 17:12:09"
"2021-04-06 00:00:00","W","2.821","2.830","2.811","24.000","2023-05-29 17:12:13"
"2021-04-06 00:00:00","D","4.259","5.400","2.930","24.000","2023-05-29 17:12:09"
"2021-04-06 06:00:00","W","2.815","2.825","2.807","24.000","2023-05-29 17:12:13"
"2021-04-06 06:00:00","D","4.126","5.110","3.120","24.000","2023-05-29 17:12:09"
"2021-04-06 12:00:00","W","2.815","2.825","2.807","24.000","2023-05-29 17:12:13"
"2021-04-06 12:00:00","D","3.949","5.040","2.710","24.000","2023-05-29 17:12:09"
"2021-04-06 18:00:00","W","2.818","2.831","2.807","24.000","2023-05-29 17:12:13"
"2021-04-06 18:00:00","D","3.977","5.340","2.930","24.000","2023-05-29 17:12:09"
"2021-04-07 00:00:00","W","2.818","2.831","2.809","24.000","2023-05-29 17:12:13"
"2021-04-07 00:00:00","D","4.050","4.980","3.020","24.000","2023-05-29 17:12:09"
"2021-04-07 06:00:00","W","2.815","2.826","2.806","24.000","2023-05-29 17:12:13"
"2021-04-07 06:00:00","D","4.046","4.970","3.170","24.000","2023-05-29 17:12:09"
"2021-04-07 12:00:00","W","2.816","2.826","2.807","24.000","2023-05-29 17:12:13"
"2021-04-07 12:00:00","D","3.915","5.010","2.690","24.000","2023-05-29 17:12:09"
"2021-04-07 18:00:00","W","2.817","2.827","2.808","24.000","2023-05-29 17:12:13"
"2021-04-07 18:00:00","D","3.988","4.890","2.930","24.000","2023-05-29 17:12:09"
"2021-04-08 00:00:00","W","2.817","2.829","2.808","24.000","2023-05-29 17:12:13"
"2021-04-08 00:00:00","D","4.033","5.010","3.000","24.000","2023-05-29 17:12:09"
"2021-04-08 06:00:00","W","2.814","2.824","2.806","24.000","2023-05-29 17:12:13"
"2021-04-08 06:00:00","D","3.980","4.890","3.110","24.000","2023-05-29 17:12:09"
"2021-04-08 12:00:00","W","2.815","2.825","2.806","24.000","2023-05-29 17:12:13"
"2021-04-08 12:00:00","D","3.959","4.870","3.110","24.000","2023-05-29 17:12:09"
"2021-04-08 18:00:00","W","2.815","2.827","2.806","24.000","2023-05-29 17:12:13"
"2021-04-08 18:00:00","D","3.985","5.780","2.600","24.000","2023-05-29 17:12:09"
"2021-04-09 00:00:00","W","2.814","2.825","2.805","24.000","2023-05-29 17:12:13"
"2021-04-09 00:00:00","D","4.140","5.330","2.890","24.000","2023-05-29 17:12:09"
"2021-04-09 06:00:00","W","2.809","2.821","2.801","24.000","2023-05-29 17:12:13"
"2021-04-09 06:00:00","D","3.932","5.060","3.080","24.000","2023-05-29 17:12:09"
"2021-04-09 12:00:00","W","2.811","2.824","2.799","24.000","2023-05-29 17:12:13"
"2021-04-09 12:00:00","D","3.993","5.220","2.980","24.000","2023-05-29 17:12:09"
"2021-04-09 18:00:00","W","2.817","2.835","2.806","24.000","2023-05-29 17:12:13"
"2021-04-09 18:00:00","D","3.906","5.580","2.470","24.000","2023-05-29 17:12:09"
"2021-04-10 00:00:00","W","2.818","2.829","2.808","24.000","2023-05-29 17:12:13"
"2021-04-10 00:00:00","D","4.134","5.270","3.050","24.000","2023-05-29 17:12:09"
"2021-04-10 06:00:00","W","2.815","2.826","2.807","24.000","2023-05-29 17:12:13"
"2021-04-10 06:00:00","D","3.977","5.070","3.050","24.000","2023-05-29 17:12:09"
"2021-04-10 12:00:00","W","2.815","2.825","2.806","24.000","2023-05-29 17:12:13"
"2021-04-10 12:00:00","D","3.983","5.010","2.960","24.000","2023-05-29 17:12:09"
"2021-04-10 18:00:00","W","2.813","2.824","2.803","24.000","2023-05-29 17:12:13"
"2021-04-10 18:00:00","D","3.933","4.960","2.870","24.000","2023-05-29 17:12:09"
"2021-04-11 00:00:00","W","2.814","2.827","2.802","24.000","2023-05-29 17:12:13"
"2021-04-11 00:00:00","D","4.010","4.990","2.950","24.000","2023-05-29 17:12:09"
"2021-04-11 06:00:00","W","2.809","2.820","2.800","24.000","2023-05-29 17:12:13"
"2021-04-11 06:00:00","D","3.873","4.920","2.960","24.000","2023-05-29 17:12:09"
"2021-04-11 12:00:00","W","2.809","2.823","2.800","24.000","2023-05-29 17:12:13"
"2021-04-11 12:00:00","D","3.744","4.810","2.780","24.000","2023-05-29 17:12:09"
"2021-04-11 18:00:00","W","2.814","2.825","2.804","24.000","2023-05-29 17:12:13"
"2021-04-11 18:00:00","D","3.881","5.220","2.290","24.000","2023-05-29 17:12:09"
"2021-04-12 00:00:00","W","2.809","2.823","2.798","24.000","2023-05-29 17:12:13"
"2021-04-12 00:00:00","D","3.919","4.980","2.860","24.000","2023-05-29 17:12:10"
"2021-04-12 06:00:00","W","2.803","2.815","2.794","24.000","2023-05-29 17:12:13"
"2021-04-12 06:00:00","D","3.827","4.800","2.790","24.000","2023-05-29 17:12:10"
"2021-04-12 12:00:00","W","2.804","2.814","2.795","24.000","2023-05-29 17:12:13"
"2021-04-12 12:00:00","D","3.860","4.940","2.730","24.000","2023-05-29 17:12:10"
"2021-04-12 18:00:00","W","2.806","2.822","2.797","24.000","2023-05-29 17:12:13"
"2021-04-12 18:00:00","D","3.740","5.270","2.430","24.000","2023-05-29 17:12:10"
"2021-04-13 00:00:00","W","2.808","2.821","2.798","24.000","2023-05-29 17:12:13"
"2021-04-13 00:00:00","D","3.849","5.130","2.640","24.000","2023-05-29 17:12:10"
"2021-04-13 06:00:00","W","2.803","2.814","2.794","24.000","2023-05-29 17:12:13"
"2021-04-13 06:00:00","D","3.759","4.890","2.810","24.000","2023-05-29 17:12:10"
"2021-04-13 12:00:00","W","2.803","2.816","2.792","24.000","2023-05-29 17:12:13"
"2021-04-13 12:00:00","D","3.747","5.070","2.610","24.000","2023-05-29 17:12:10"
"2021-04-13 18:00:00","W","2.804","2.819","2.792","24.000","2023-05-29 17:12:13"
"2021-04-13 18:00:00","D","3.858","5.640","2.480","24.000","2023-05-29 17:12:10"
"2021-04-14 00:00:00","W","2.807","2.821","2.794","24.000","2023-05-29 17:12:13"
"2021-04-14 00:00:00","D","3.708","5.160","2.710","24.000","2023-05-29 17:12:10"
"2021-04-14 06:00:00","W","2.807","2.820","2.799","24.000","2023-05-29 17:12:13"
"2021-04-14 06:00:00","D","3.601","4.820","2.530","24.000","2023-05-29 17:12:10"
"2021-04-14 12:00:00","W","2.808","2.822","2.799","24.000","2023-05-29 17:12:13"
"2021-04-14 12:00:00","D","3.734","5.010","2.610","24.000","2023-05-29 17:12:10"
"2021-04-14 18:00:00","W","2.810","2.823","2.799","24.000","2023-05-29 17:12:13"
"2021-04-14 18:00:00","D","3.710","5.140","2.290","24.000","2023-05-29 17:12:10"
"2021-04-15 00:00:00","W","2.808","2.821","2.797","24.000","2023-05-29 17:12:13"
"2021-04-15 00:00:00","D","3.655","5.440","2.470","24.000","2023-05-29 17:12:10"
"2021-04-15 06:00:00","W","2.805","2.818","2.796","24.000","2023-05-29 17:12:13"
"2021-04-15 06:00:00","D","3.602","4.920","2.590","24.000","2023-05-29 17:12:10"
"2021-04-15 12:00:00","W","2.803","2.836","2.784","24.000","2023-05-29 17:12:13"
"2021-04-15 12:00:00","D","3.283","4.670","1.860","24.000","2023-05-29 17:12:10"
"2021-04-15 18:00:00","W","2.857","2.873","2.829","24.000","2023-05-29 17:12:13"
"2021-04-15 18:00:00","D","3.303","4.740","1.790","24.000","2023-05-29 17:12:10"
"2021-04-16 00:00:00","W","2.865","2.872","2.858","24.000","2023-05-29 17:12:13"
"2021-04-16 00:00:00","D","3.592","4.340","3.060","24.000","2023-05-29 17:12:10"
"2021-04-16 06:00:00","W","2.862","2.870","2.856","24.000","2023-05-29 17:12:13"
"2021-04-16 06:00:00","D","3.531","4.340","2.980","24.000","2023-05-29 17:12:10"
"2021-04-16 12:00:00","W","2.860","2.872","2.847","24.000","2023-05-29 17:12:13"
"2021-04-16 12:00:00","D","3.389","4.760","2.690","24.000","2023-05-29 17:12:10"
"2021-04-16 18:00:00","W","2.864","2.875","2.853","24.000","2023-05-29 17:12:13"
"2021-04-16 18:00:00","D","3.595","4.880","2.750","24.000","2023-05-29 17:12:10"
"2021-04-17 00:00:00","W","2.858","2.865","2.849","24.000","2023-05-29 17:12:13"
"2021-04-17 00:00:00","D","3.503","4.190","2.990","24.000","2023-05-29 17:12:10"
"2021-04-17 06:00:00","W","2.859","2.865","2.852","24.000","2023-05-29 17:12:13"
"2021-04-17 06:00:00","D","3.600","4.220","3.130","24.000","2023-05-29 17:12:10"
"2021-04-17 12:00:00","W","2.862","2.874","2.854","24.000","2023-05-29 17:12:13"
"2021-04-17 12:00:00","D","3.549","4.670","2.840","24.000","2023-05-29 17:12:10"
"2021-04-17 18:00:00","W","2.860","2.876","2.843","24.000","2023-05-29 17:12:13"
"2021-04-17 18:00:00","D","3.678","5.220","2.770","24.000","2023-05-29 17:12:10"
"2021-04-18 00:00:00","W","2.841","2.853","2.831","24.000","2023-05-29 17:12:13"
"2021-04-18 00:00:00","D","3.643","4.810","2.920","24.000","2023-05-29 17:12:10"
"2021-04-18 06:00:00","W","2.837","2.847","2.829","24.000","2023-05-29 17:12:13"
"2021-04-18 06:00:00","D","3.540","4.250","2.960","24.000","2023-05-29 17:12:10"
"2021-04-18 12:00:00","W","2.840","2.854","2.829","24.000","2023-05-29 17:12:13"
"2021-04-18 12:00:00","D","3.538","4.590","2.870","24.000","2023-05-29 17:12:10"
"2021-04-18 18:00:00","W","2.841","2.853","2.832","24.000","2023-05-29 17:12:13"
"2021-04-18 18:00:00","D","3.448","4.350","2.750","24.000","2023-05-29 17:12:10"
"2021-04-19 00:00:00","W","2.843","2.854","2.833","24.000","2023-05-29 17:12:13"
"2021-04-19 00:00:00","D","3.500","4.480","2.890","24.000","2023-05-29 17:12:10"
"2021-04-19 06:00:00","W","2.842","2.853","2.833","24.000","2023-05-29 17:12:13"
"2021-04-19 06:00:00","D","3.611","4.570","2.950","24.000","2023-05-29 17:12:10"
"2021-04-19 12:00:00","W","2.843","2.855","2.833","24.000","2023-05-29 17:12:13"
"2021-04-19 12:00:00","D","3.549","4.360","2.990","24.000","2023-05-29 17:12:10"
"2021-04-19 18:00:00","W","2.843","2.857","2.831","24.000","2023-05-29 17:12:13"
"2021-04-19 18:00:00","D","3.558","4.440","2.990","24.000","2023-05-29 17:12:10"
"2021-04-20 00:00:00","W","2.841","2.869","2.827","24.000","2023-05-29 17:12:13"
"2021-04-20 00:00:00","D","3.553","5.320","2.930","24.000","2023-05-29 17:12:10"
"2021-04-20 06:00:00","W","2.836","2.846","2.827","24.000","2023-05-29 17:12:13"
"2021-04-20 06:00:00","D","3.555","4.570","2.920","24.000","2023-05-29 17:12:10"
"2021-04-20 12:00:00","W","2.838","2.849","2.829","24.000","2023-05-29 17:12:13"
"2021-04-20 12:00:00","D","3.456","4.310","2.790","24.000","2023-05-29 17:12:10"
"2021-04-20 18:00:00","W","2.843","2.863","2.832","24.000","2023-05-29 17:12:13"
"2021-04-20 18:00:00","D","3.595","4.650","2.900","24.000","2023-05-29 17:12:10"
"2021-04-21 00:00:00","W","2.840","2.853","2.828","24.000","2023-05-29 17:12:13"
"2021-04-21 00:00:00","D","3.633","4.770","2.790","24.000","2023-05-29 17:12:10"
"2021-04-21 06:00:00","W","2.836","2.850","2.826","24.000","2023-05-29 17:12:13"
"2021-04-21 06:00:00","D","3.588","4.690","2.690","24.000","2023-05-29 17:12:10"
"2021-04-21 12:00:00","W","2.836","2.845","2.824","24.000","2023-05-29 17:12:13"
"2021-04-21 12:00:00","D","3.525","4.450","2.990","24.000","2023-05-29 17:12:10"
"2021-04-21 18:00:00","W","2.835","2.844","2.828","24.000","2023-05-29 17:12:13"
"2021-04-21 18:00:00","D","3.503","4.210","2.840","24.000","2023-05-29 17:12:10"
"2021-04-22 00:00:00","W","2.834","2.844","2.824","24.000","2023-05-29 17:12:13"
"2021-04-22 00:00:00","D","3.553","4.500","2.830","24.000","2023-05-29 17:12:10"
"2021-04-22 06:00:00","W","2.830","2.840","2.823","24.000","2023-05-29 17:12:13"
"2021-04-22 06:00:00","D","3.524","4.240","2.890","24.000","2023-05-29 17:12:10"
"2021-04-22 12:00:00","W","2.832","2.841","2.824","24.000","2023-05-29 17:12:13"
"2021-04-22 12:00:00","D","3.500","4.300","2.570","24.000","2023-05-29 17:12:10"
"2021-04-22 18:00:00","W","2.829","2.840","2.818","24.000","2023-05-29 17:12:13"
"2021-04-22 18:00:00","D","3.241","4.050","2.490","24.000","2023-05-29 17:12:10"
"2021-04-23 00:00:00","W","2.828","2.839","2.818","24.000","2023-05-29 17:12:13"
"2021-04-23 00:00:00","D","3.445","4.450","2.920","24.000","2023-05-29 17:12:10"
"2021-04-23 06:00:00","W","2.825","2.832","2.818","24.000","2023-05-29 17:12:13"
"2021-04-23 06:00:00","D","3.393","4.040","2.580","24.000","2023-05-29 17:12:10"
"2021-04-23 12:00:00","W","2.828","2.838","2.818","24.000","2023-05-29 17:12:13"
"2021-04-23 12:00:00","D","3.417","4.470","2.780","24.000","2023-05-29 17:12:10"
"2021-04-23 18:00:00","W","2.826","2.839","2.817","24.000","2023-05-29 17:12:13"
"2021-04-23 18:00:00","D","3.259","4.030","2.700","24.000","2023-05-29 17:12:10"
"2021-04-24 00:00:00","W","2.823","2.833","2.815","24.000","2023-05-29 17:12:13"
"2021-04-24 00:00:00","D","3.288","4.100","2.490","24.000","2023-05-29 17:12:10"
"2021-04-24 06:00:00","W","2.820","2.829","2.813","24.000","2023-05-29 17:12:13"
"2021-04-24 06:00:00","D","3.319","4.100","2.690","24.000","2023-05-29 17:12:10"
"2021-04-24 12:00:00","W","2.822","2.835","2.815","24.000","2023-05-29 17:12:13"
"2021-04-24 12:00:00","D","3.293","4.530","2.520","24.000","2023-05-29 17:12:10"
"2021-04-24 18:00:00","W","2.821","2.835","2.810","24.000","2023-05-29 17:12:13"
"2021-04-24 18:00:00","D","3.042","4.220","2.320","24.000","2023-05-29 17:12:10"
"2021-04-25 00:00:00","W","2.822","2.828","2.819","24.000","2023-05-29 17:12:13"
"2021-04-25 00:00:00","D","3.220","3.720","2.890","24.000","2023-05-29 17:12:10"
"2021-04-25 06:00:00","W","2.821","2.828","2.815","24.000","2023-05-29 17:12:13"
"2021-04-25 06:00:00","D","3.335","4.050","2.790","24.000","2023-05-29 17:12:10"
"2021-04-25 12:00:00","W","2.822","2.836","2.813","24.000","2023-05-29 17:12:13"
"2021-04-25 12:00:00","D","3.321","4.870","2.370","24.000","2023-05-29 17:12:10"
"2021-04-25 18:00:00","W","2.822","2.835","2.813","24.000","2023-05-29 17:12:13"
"2021-04-25 18:00:00","D","3.235","4.140","2.640","24.000","2023-05-29 17:12:10"
"2021-04-26 00:00:00","W","2.820","2.832","2.812","24.000","2023-05-29 17:12:13"
"2021-04-26 00:00:00","D","3.242","3.890","2.670","24.000","2023-05-29 17:12:10"
"2021-04-26 06:00:00","W","2.816","2.824","2.808","24.000","2023-05-29 17:12:13"
"2021-04-26 06:00:00","D","3.205","4.090","2.600","24.000","2023-05-29 17:12:10"
"2021-04-26 12:00:00","W","2.816","2.826","2.809","24.000","2023-05-29 17:12:13"
"2021-04-26 12:00:00","D","3.161","4.180","2.640","24.000","2023-05-29 17:12:10"
"2021-04-26 18:00:00","W","2.822","2.832","2.809","24.000","2023-05-29 17:12:13"
"2021-04-26 18:00:00","D","3.235","4.230","2.660","24.000","2023-05-29 17:12:10"
"2021-04-27 00:00:00","W","2.821","2.827","2.814","24.000","2023-05-29 17:12:13"
"2021-04-27 00:00:00","D","3.272","3.820","2.870","24.000","2023-05-29 17:12:10"
"2021-04-27 06:00:00","W","2.818","2.824","2.811","24.000","2023-05-29 17:12:13"
"2021-04-27 06:00:00","D","3.213","3.870","2.570","24.000","2023-05-29 17:12:10"
"2021-04-27 12:00:00","W","2.819","2.833","2.811","24.000","2023-05-29 17:12:13"
"2021-04-27 12:00:00","D","3.237","4.080","2.450","24.000","2023-05-29 17:12:10"
"2021-04-27 18:00:00","W","2.823","2.832","2.816","24.000","2023-05-29 17:12:13"
"2021-04-27 18:00:00","D","3.165","4.030","2.570","24.000","2023-05-29 17:12:10"
"2021-04-28 00:00:00","W","2.821","2.832","2.812","24.000","2023-05-29 17:12:13"
"2021-04-28 00:00:00","D","3.258","4.000","2.780","24.000","2023-05-29 17:12:10"
"2021-04-28 06:00:00","W","2.818","2.825","2.812","24.000","2023-05-29 17:12:13"
"2021-04-28 06:00:00","D","3.214","3.890","2.690","24.000","2023-05-29 17:12:10"
"2021-04-28 12:00:00","W","2.819","2.828","2.811","24.000","2023-05-29 17:12:13"
"2021-04-28 12:00:00","D","3.235","4.100","2.490","24.000","2023-05-29 17:12:10"
"2021-04-28 18:00:00","W","2.821","2.831","2.813","24.000","2023-05-29 17:12:13"
"2021-04-28 18:00:00","D","3.209","3.970","2.530","24.000","2023-05-29 17:12:10"
"2021-04-29 00:00:00","W","2.823","2.831","2.813","24.000","2023-05-29 17:12:13"
"2021-04-29 00:00:00","D","3.335","3.830","2.810","24.000","2023-05-29 17:12:10"
"2021-04-29 06:00:00","W","2.820","2.828","2.813","24.000","2023-05-29 17:12:13"
"2021-04-29 06:00:00","D","3.235","3.770","2.840","24.000","2023-05-29 17:12:10"
"2021-04-29 12:00:00","W","2.819","2.828","2.812","24.000","2023-05-29 17:12:13"
"2021-04-29 12:00:00","D","3.245","3.900","2.670","24.000","2023-05-29 17:12:10"
"2021-04-29 18:00:00","W","2.819","2.826","2.811","24.000","2023-05-29 17:12:13"
"2021-04-29 18:00:00","D","3.126","3.610","2.460","24.000","2023-05-29 17:12:10"
"2021-04-30 00:00:00","W","2.822","2.826","2.817","24.000","2023-05-29 17:12:13"
"2021-04-30 00:00:00","D","3.322","3.540","3.060","24.000","2023-05-29 17:12:10"
"2021-04-30 06:00:00","W","2.816","2.822","2.809","24.000","2023-05-29 17:12:13"
"2021-04-30 06:00:00","D","3.157","3.820","2.840","24.000","2023-05-29 17:12:10"
"2021-04-30 12:00:00","W","2.816","2.829","2.809","24.000","2023-05-29 17:12:13"
"2021-04-30 12:00:00","D","3.128","4.080","2.590","24.000","2023-05-29 17:12:10"
"2021-04-30 18:00:00","W","2.818","2.826","2.812","24.000","2023-05-29 17:12:13"
"2021-04-30 18:00:00","D","3.143","3.940","2.690","24.000","2023-05-29 17:12:10"
"2021-05-01 00:00:00","W","2.817","2.827","2.808","24.000","2023-05-29 17:12:13"
"2021-05-01 00:00:00","D","3.175","3.810","2.550","24.000","2023-05-29 17:12:10"
"2021-05-01 06:00:00","W","2.812","2.821","2.804","24.000","2023-05-29 17:12:13"
"2021-05-01 06:00:00","D","3.107","3.720","2.540","24.000","2023-05-29 17:12:10"
"2021-05-01 12:00:00","W","2.813","2.826","2.805","24.000","2023-05-29 17:12:13"
"2021-05-01 12:00:00","D","3.035","4.040","2.590","24.000","2023-05-29 17:12:10"
"2021-05-01 18:00:00","W","2.813","2.824","2.804","24.000","2023-05-29 17:12:13"
"2021-05-01 18:00:00","D","3.080","4.160","2.510","24.000","2023-05-29 17:12:10"
"2021-05-02 00:00:00","W","2.808","2.815","2.800","24.000","2023-05-29 17:12:13"
"2021-05-02 00:00:00","D","2.976","3.510","2.390","24.000","2023-05-29 17:12:10"
"2021-05-02 06:00:00","W","2.807","2.815","2.801","24.000","2023-05-29 17:12:13"
"2021-05-02 06:00:00","D","3.035","3.680","2.520","24.000","2023-05-29 17:12:10"
"2021-05-02 12:00:00","W","2.809","2.819","2.801","24.000","2023-05-29 17:12:13"
"2021-05-02 12:00:00","D","2.931","3.450","2.210","24.000","2023-05-29 17:12:10"
"2021-05-02 18:00:00","W","2.814","2.824","2.806","24.000","2023-05-29 17:12:13"
"2021-05-02 18:00:00","D","2.942","3.650","2.460","24.000","2023-05-29 17:12:10"
"2021-05-03 00:00:00","W","2.812","2.825","2.803","24.000","2023-05-29 17:12:13"
"2021-05-03 00:00:00","D","3.103","3.650","2.440","24.000","2023-05-29 17:12:10"
"2021-05-03 06:00:00","W","2.807","2.817","2.799","24.000","2023-05-29 17:12:13"
"2021-05-03 06:00:00","D","2.978","3.610","2.430","24.000","2023-05-29 17:12:10"
"2021-05-03 12:00:00","W","2.806","2.815","2.797","24.000","2023-05-29 17:12:13"
"2021-05-03 12:00:00","D","3.025","3.620","2.340","24.000","2023-05-29 17:12:10"
"2021-05-03 18:00:00","W","2.809","2.816","2.802","24.000","2023-05-29 17:12:13"
"2021-05-03 18:00:00","D","3.011","3.500","2.490","24.000","2023-05-29 17:12:10"
"2021-05-04 00:00:00","W","2.820","2.845","2.805","24.000","2023-05-29 17:12:13"
"2021-05-04 00:00:00","D","3.289","4.870","2.630","24.000","2023-05-29 17:12:10"
"2021-05-04 06:00:00","W","2.840","2.888","2.823","24.000","2023-05-29 17:12:13"
"2021-05-04 06:00:00","D","3.595","5.740","2.660","24.000","2023-05-29 17:12:10"
"2021-05-04 12:00:00","W","2.847","2.872","2.820","24.000","2023-05-29 17:12:13"
"2021-05-04 12:00:00","D","4.319","6.090","2.880","24.000","2023-05-29 17:12:10"
"2021-05-04 18:00:00","W","2.825","2.846","2.808","24.000","2023-05-29 17:12:13"
"2021-05-04 18:00:00","D","3.723","5.560","2.450","24.000","2023-05-29 17:12:10"
"2021-05-05 00:00:00","W","2.825","2.840","2.812","24.000","2023-05-29 17:12:13"
"2021-05-05 00:00:00","D","3.856","5.500","2.640","24.000","2023-05-29 17:12:10"
"2021-05-05 06:00:00","W","2.822","2.835","2.811","24.000","2023-05-29 17:12:13"
"2021-05-05 06:00:00","D","3.999","5.250","2.810","24.000","2023-05-29 17:12:10"
"2021-05-05 12:00:00","W","2.812","2.830","2.795","24.000","2023-05-29 17:12:13"
"2021-05-05 12:00:00","D","3.543","5.290","2.430","24.000","2023-05-29 17:12:10"
"2021-05-05 18:00:00","W","2.804","2.825","2.792","24.000","2023-05-29 17:12:13"
"2021-05-05 18:00:00","D","3.467","5.450","1.960","24.000","2023-05-29 17:12:10"
"2021-05-06 00:00:00","W","2.804","2.817","2.794","24.000","2023-05-29 17:12:13"
"2021-05-06 00:00:00","D","3.591","5.040","2.850","24.000","2023-05-29 17:12:10"
"2021-05-06 06:00:00","W","2.802","2.811","2.793","24.000","2023-05-29 17:12:13"
"2021-05-06 06:00:00","D","3.554","4.470","2.750","24.000","2023-05-29 17:12:10"
"2021-05-06 12:00:00","W","2.801","2.814","2.789","24.000","2023-05-29 17:12:13"
"2021-05-06 12:00:00","D","3.457","4.570","2.380","24.000","2023-05-29 17:12:10"
"2021-05-06 18:00:00","W","2.802","2.812","2.792","24.000","2023-05-29 17:12:13"
"2021-05-06 18:00:00","D","3.315","4.220","2.510","24.000","2023-05-29 17:12:10"
"2021-05-07 00:00:00","W","2.796","2.818","2.781","24.000","2023-05-29 17:12:13"
"2021-05-07 00:00:00","D","3.055","5.030","1.600","24.000","2023-05-29 17:12:10"
"2021-05-07 06:00:00","W","2.840","2.856","2.808","24.000","2023-05-29 17:12:13"
"2021-05-07 06:00:00","D","3.027","4.270","2.180","24.000","2023-05-29 17:12:10"
"2021-05-07 12:00:00","W","2.851","2.862","2.839","24.000","2023-05-29 17:12:13"
"2021-05-07 12:00:00","D","3.081","4.380","2.300","24.000","2023-05-29 17:12:10"
"2021-05-07 18:00:00","W","2.842","2.855","2.832","24.000","2023-05-29 17:12:13"
"2021-05-07 18:00:00","D","3.079","4.140","2.510","24.000","2023-05-29 17:12:10"
"2021-05-08 00:00:00","W","2.838","2.857","2.825","24.000","2023-05-29 17:12:13"
"2021-05-08 00:00:00","D","3.179","4.780","2.200","24.000","2023-05-29 17:12:10"
"2021-05-08 06:00:00","W","2.832","2.839","2.825","24.000","2023-05-29 17:12:13"
"2021-05-08 06:00:00","D","3.033","4.070","2.100","24.000","2023-05-29 17:12:10"
"2021-05-08 12:00:00","W","2.854","2.878","2.830","24.000","2023-05-29 17:12:13"
"2021-05-08 12:00:00","D","3.556","5.150","1.840","24.000","2023-05-29 17:12:10"
"2021-05-08 18:00:00","W","2.861","2.874","2.847","24.000","2023-05-29 17:12:13"
"2021-05-08 18:00:00","D","4.425","7.070","2.250","24.000","2023-05-29 17:12:10"
"2021-05-09 00:00:00","W","2.835","2.875","2.802","24.000","2023-05-29 17:12:13"
"2021-05-09 00:00:00","D","4.737","7.470","2.500","24.000","2023-05-29 17:12:10"
"2021-05-09 06:00:00","W","2.804","2.820","2.791","24.000","2023-05-29 17:12:13"
"2021-05-09 06:00:00","D","3.886","5.230","2.100","24.000","2023-05-29 17:12:10"
"2021-05-09 12:00:00","W","2.810","2.830","2.799","24.000","2023-05-29 17:12:13"
"2021-05-09 12:00:00","D","3.838","6.450","1.500","24.000","2023-05-29 17:12:10"
"2021-05-09 18:00:00","W","2.808","2.826","2.797","24.000","2023-05-29 17:12:13"
"2021-05-09 18:00:00","D","3.777","6.380","1.630","24.000","2023-05-29 17:12:10"
"2021-05-10 00:00:00","W","2.815","2.838","2.800","24.000","2023-05-29 17:12:13"
"2021-05-10 00:00:00","D","3.663","5.010","2.120","24.000","2023-05-29 17:12:10"
"2021-05-10 06:00:00","W","2.809","2.821","2.799","24.000","2023-05-29 17:12:13"
"2021-05-10 06:00:00","D","3.508","5.050","1.960","24.000","2023-05-29 17:12:10"
"2021-05-10 12:00:00","W","2.806","2.817","2.797","24.000","2023-05-29 17:12:13"
"2021-05-10 12:00:00","D","3.403","4.900","2.010","24.000","2023-05-29 17:12:10"
"2021-05-10 18:00:00","W","2.810","2.824","2.800","24.000","2023-05-29 17:12:13"
"2021-05-10 18:00:00","D","3.488","5.210","1.820","24.000","2023-05-29 17:12:10"
"2021-05-11 00:00:00","W","2.805","2.818","2.794","24.000","2023-05-29 17:12:13"
"2021-05-11 00:00:00","D","3.418","4.650","1.980","24.000","2023-05-29 17:12:10"
"2021-05-11 06:00:00","W","2.799","2.811","2.789","24.000","2023-05-29 17:12:13"
"2021-05-11 06:00:00","D","3.260","4.760","2.040","24.000","2023-05-29 17:12:10"
"2021-05-11 12:00:00","W","2.801","2.813","2.792","24.000","2023-05-29 17:12:13"
"2021-05-11 12:00:00","D","3.212","4.480","1.850","24.000","2023-05-29 17:12:10"
"2021-05-11 18:00:00","W","2.812","2.833","2.791","24.000","2023-05-29 17:12:13"
"2021-05-11 18:00:00","D","2.949","4.610","1.180","24.000","2023-05-29 17:12:10"
"2021-05-12 00:00:00","W","2.811","2.819","2.805","24.000","2023-05-29 17:12:13"
"2021-05-12 00:00:00","D","2.877","3.980","1.820","24.000","2023-05-29 17:12:10"
"2021-05-12 06:00:00","W","2.808","2.815","2.801","24.000","2023-05-29 17:12:13"
"2021-05-12 06:00:00","D","2.993","3.840","1.970","24.000","2023-05-29 17:12:10"
"2021-05-12 12:00:00","W","2.809","2.825","2.801","24.000","2023-05-29 17:12:13"
"2021-05-12 12:00:00","D","3.088","4.400","1.860","24.000","2023-05-29 17:12:10"
"2021-05-12 18:00:00","W","2.833","2.846","2.811","24.000","2023-05-29 17:12:13"
"2021-05-12 18:00:00","D","2.865","4.110","1.690","24.000","2023-05-29 17:12:10"
"2021-05-13 00:00:00","W","2.837","2.849","2.828","24.000","2023-05-29 17:12:13"
"2021-05-13 00:00:00","D","3.041","4.300","1.760","24.000","2023-05-29 17:12:10"
"2021-05-13 06:00:00","W","2.833","2.844","2.824","24.000","2023-05-29 17:12:13"
"2021-05-13 06:00:00","D","2.993","4.320","1.590","24.000","2023-05-29 17:12:10"
"2021-05-13 12:00:00","W","2.833","2.841","2.826","24.000","2023-05-29 17:12:13"
"2021-05-13 12:00:00","D","2.904","4.280","1.700","24.000","2023-05-29 17:12:10"
"2021-05-13 18:00:00","W","2.842","2.854","2.830","24.000","2023-05-29 17:12:13"
"2021-05-13 18:00:00","D","3.133","4.390","1.760","24.000","2023-05-29 17:12:10"
"2021-05-14 00:00:00","W","2.858","2.871","2.841","24.000","2023-05-29 17:12:13"
"2021-05-14 00:00:00","D","3.534","5.670","2.200","24.000","2023-05-29 17:12:10"
"2021-05-14 06:00:00","W","2.855","2.869","2.842","24.000","2023-05-29 17:12:13"
"2021-05-14 06:00:00","D","3.959","5.590","2.410","24.000","2023-05-29 17:12:10"
"2021-05-14 12:00:00","W","2.857","2.877","2.826","24.000","2023-05-29 17:12:13"
"2021-05-14 12:00:00","D","4.694","7.760","2.290","24.000","2023-05-29 17:12:10"
"2021-05-14 18:00:00","W","2.804","2.823","2.781","24.000","2023-05-29 17:12:13"
"2021-05-14 18:00:00","D","3.890","5.170","2.800","24.000","2023-05-29 17:12:10"
"2021-05-15 00:00:00","W","2.798","2.809","2.786","24.000","2023-05-29 17:12:13"
"2021-05-15 00:00:00","D","3.989","4.630","3.390","24.000","2023-05-29 17:12:10"
"2021-05-15 06:00:00","W","2.802","2.808","2.793","24.000","2023-05-29 17:12:13"
"2021-05-15 06:00:00","D","3.800","4.160","3.210","24.000","2023-05-29 17:12:10"
"2021-05-15 12:00:00","W","2.799","2.806","2.791","24.000","2023-05-29 17:12:13"
"2021-05-15 12:00:00","D","3.833","5.150","3.220","24.000","2023-05-29 17:12:10"
"2021-05-15 18:00:00","W","2.797","2.807","2.791","24.000","2023-05-29 17:12:13"
"2021-05-15 18:00:00","D","3.719","4.490","3.040","24.000","2023-05-29 17:12:10"
"2021-05-16 00:00:00","W","2.802","2.814","2.791","24.000","2023-05-29 17:12:13"
"2021-05-16 00:00:00","D","3.786","4.720","2.680","24.000","2023-05-29 17:12:10"
"2021-05-16 06:00:00","W","2.811","2.837","2.795","24.000","2023-05-29 17:12:13"
"2021-05-16 06:00:00","D","3.735","5.190","2.820","24.000","2023-05-29 17:12:10"
"2021-05-16 12:00:00","W","2.817","2.828","2.803","24.000","2023-05-29 17:12:13"
"2021-05-16 12:00:00","D","3.815","5.150","3.110","24.000","2023-05-29 17:12:10"
"2021-05-16 18:00:00","W","2.810","2.823","2.798","24.000","2023-05-29 17:12:13"
"2021-05-16 18:00:00","D","3.725","4.270","2.900","24.000","2023-05-29 17:12:10"
"2021-05-17 00:00:00","W","2.844","2.885","2.801","24.000","2023-05-29 17:12:13"
"2021-05-17 00:00:00","D","4.909","6.580","3.230","24.000","2023-05-29 17:12:10"
"2021-05-17 06:00:00","W","2.852","2.885","2.829","24.000","2023-05-29 17:12:13"
"2021-05-17 06:00:00","D","4.777","5.690","4.090","24.000","2023-05-29 17:12:10"
"2021-05-17 12:00:00","W","2.871","2.883","2.851","24.000","2023-05-29 17:12:13"
"2021-05-17 12:00:00","D","5.355","5.850","4.410","24.000","2023-05-29 17:12:10"
"2021-05-17 18:00:00","W","2.845","2.866","2.830","24.000","2023-05-29 17:12:13"
"2021-05-17 18:00:00","D","4.538","5.880","3.360","24.000","2023-05-29 17:12:10"
"2021-05-18 00:00:00","W","2.833","2.841","2.827","24.000","2023-05-29 17:12:13"
"2021-05-18 00:00:00","D","4.932","5.190","4.490","24.000","2023-05-29 17:12:10"
"2021-05-18 06:00:00","W","2.825","2.831","2.810","24.000","2023-05-29 17:12:13"
"2021-05-18 06:00:00","D","4.987","5.260","4.500","24.000","2023-05-29 17:12:10"
"2021-05-18 12:00:00","W","2.802","2.834","2.779","24.000","2023-05-29 17:12:13"
"2021-05-18 12:00:00","D","4.063","4.730","2.890","24.000","2023-05-29 17:12:10"
"2021-05-18 18:00:00","W","2.834","2.854","2.819","24.000","2023-05-29 17:12:13"
"2021-05-18 18:00:00","D","3.712","5.370","2.860","24.000","2023-05-29 17:12:10"
"2021-05-19 00:00:00","W","2.850","2.860","2.839","24.000","2023-05-29 17:12:13"
"2021-05-19 00:00:00","D","4.191","5.030","3.280","24.000","2023-05-29 17:12:10"
"2021-05-19 06:00:00","W","2.855","2.876","2.840","24.000","2023-05-29 17:12:13"
"2021-05-19 06:00:00","D","4.508","5.940","3.200","24.000","2023-05-29 17:12:10"
"2021-05-19 12:00:00","W","2.841","2.879","2.813","24.000","2023-05-29 17:12:13"
"2021-05-19 12:00:00","D","4.683","6.310","3.330","24.000","2023-05-29 17:12:10"
"2021-05-19 18:00:00","W","2.827","2.845","2.810","24.000","2023-05-29 17:12:13"
"2021-05-19 18:00:00","D","4.222","5.580","3.240","24.000","2023-05-29 17:12:10"
"2021-05-20 00:00:00","W","2.823","2.834","2.807","24.000","2023-05-29 17:12:13"
"2021-05-20 00:00:00","D","4.265","4.960","3.230","24.000","2023-05-29 17:12:10"
"2021-05-20 06:00:00","W","2.810","2.818","2.803","24.000","2023-05-29 17:12:13"
"2021-05-20 06:00:00","D","4.073","4.730","3.580","24.000","2023-05-29 17:12:10"
"2021-05-20 12:00:00","W","2.805","2.814","2.797","24.000","2023-05-29 17:12:13"
"2021-05-20 12:00:00","D","4.074","4.700","3.220","24.000","2023-05-29 17:12:10"
"2021-05-20 18:00:00","W","2.802","2.814","2.792","24.000","2023-05-29 17:12:13"
"2021-05-20 18:00:00","D","3.845","4.670","3.130","24.000","2023-05-29 17:12:10"
"2021-05-21 00:00:00","W","2.803","2.813","2.795","24.000","2023-05-29 17:12:13"
"2021-05-21 00:00:00","D","3.908","4.480","3.140","24.000","2023-05-29 17:12:10"
"2021-05-21 06:00:00","W","2.797","2.807","2.789","24.000","2023-05-29 17:12:13"
"2021-05-21 06:00:00","D","3.648","4.230","2.590","24.000","2023-05-29 17:12:10"
"2021-05-21 12:00:00","W","2.800","2.811","2.790","24.000","2023-05-29 17:12:13"
"2021-05-21 12:00:00","D","3.567","4.150","2.900","24.000","2023-05-29 17:12:10"
"2021-05-21 18:00:00","W","2.805","2.811","2.799","24.000","2023-05-29 17:12:13"
"2021-05-21 18:00:00","D","3.587","4.050","2.940","24.000","2023-05-29 17:12:10"
"2021-05-22 00:00:00","W","2.811","2.818","2.804","24.000","2023-05-29 17:12:13"
"2021-05-22 00:00:00","D","3.737","4.240","3.070","24.000","2023-05-29 17:12:10"
"2021-05-22 06:00:00","W","2.823","2.843","2.803","24.000","2023-05-29 17:12:13"
"2021-05-22 06:00:00","D","3.969","4.950","3.050","24.000","2023-05-29 17:12:10"
"2021-05-22 12:00:00","W","2.855","2.888","2.834","24.000","2023-05-29 17:12:13"
"2021-05-22 12:00:00","D","4.524","5.930","3.100","24.000","2023-05-29 17:12:10"
"2021-05-22 18:00:00","W","2.830","2.896","2.789","24.000","2023-05-29 17:12:13"
"2021-05-22 18:00:00","D","5.653","10.220","2.690","24.000","2023-05-29 17:12:10"
"2021-05-23 00:00:00","W","2.804","2.820","2.792","24.000","2023-05-29 17:12:13"
"2021-05-23 00:00:00","D","4.838","6.550","3.530","24.000","2023-05-29 17:12:10"
"2021-05-23 06:00:00","W","2.807","2.826","2.790","24.000","2023-05-29 17:12:13"
"2021-05-23 06:00:00","D","4.607","5.970","3.380","24.000","2023-05-29 17:12:10"
"2021-05-23 12:00:00","W","2.814","2.829","2.798","24.000","2023-05-29 17:12:13"
"2021-05-23 12:00:00","D","4.493","5.710","3.320","24.000","2023-05-29 17:12:10"
"2021-05-23 18:00:00","W","2.807","2.829","2.795","24.000","2023-05-29 17:12:13"
"2021-05-23 18:00:00","D","4.433","6.410","3.010","24.000","2023-05-29 17:12:10"
"2021-05-24 00:00:00","W","2.812","2.846","2.793","24.000","2023-05-29 17:12:13"
"2021-05-24 00:00:00","D","4.431","6.220","3.290","24.000","2023-05-29 17:12:10"
"2021-05-24 06:00:00","W","2.848","2.880","2.824","24.000","2023-05-29 17:12:13"
"2021-05-24 06:00:00","D","4.975","6.730","3.720","24.000","2023-05-29 17:12:10"
"2021-05-24 12:00:00","W","2.852","2.910","2.786","24.000","2023-05-29 17:12:13"
"2021-05-24 12:00:00","D","7.058","11.050","5.010","24.000","2023-05-29 17:12:10"
"2021-05-24 18:00:00","W","2.824","2.878","2.797","24.000","2023-05-29 17:12:13"
"2021-05-24 18:00:00","D","6.550","10.660","4.520","24.000","2023-05-29 17:12:10"
"2021-05-25 00:00:00","W","2.841","2.887","2.808","24.000","2023-05-29 17:12:13"
"2021-05-25 00:00:00","D","7.046","10.620","5.090","24.000","2023-05-29 17:12:10"
"2021-05-25 06:00:00","W","2.813","2.846","2.790","24.000","2023-05-29 17:12:13"
"2021-05-25 06:00:00","D","6.590","8.890","4.920","24.000","2023-05-29 17:12:10"
"2021-05-25 12:00:00","W","2.804","2.819","2.792","24.000","2023-05-29 17:12:13"
"2021-05-25 12:00:00","D","5.752","7.450","3.550","24.000","2023-05-29 17:12:10"
"2021-05-25 18:00:00","W","2.811","2.832","2.790","24.000","2023-05-29 17:12:13"
"2021-05-25 18:00:00","D","5.383","7.340","3.880","24.000","2023-05-29 17:12:10"
"2021-05-26 00:00:00","W","2.825","2.843","2.802","24.000","2023-05-29 17:12:13"
"2021-05-26 00:00:00","D","4.912","6.530","3.390","24.000","2023-05-29 17:12:10"
"2021-05-26 06:00:00","W","2.823","2.837","2.811","24.000","2023-05-29 17:12:13"
"2021-05-26 06:00:00","D","4.759","6.070","3.660","24.000","2023-05-29 17:12:10"
"2021-05-26 12:00:00","W","2.816","2.831","2.798","24.000","2023-05-29 17:12:13"
"2021-05-26 12:00:00","D","4.664","5.840","3.450","24.000","2023-05-29 17:12:10"
"2021-05-26 18:00:00","W","2.820","2.842","2.795","24.000","2023-05-29 17:12:13"
"2021-05-26 18:00:00","D","4.191","6.370","2.270","24.000","2023-05-29 17:12:10"
"2021-05-27 00:00:00","W","2.827","2.841","2.815","24.000","2023-05-29 17:12:13"
"2021-05-27 00:00:00","D","4.319","5.670","2.940","24.000","2023-05-29 17:12:10"
"2021-05-27 06:00:00","W","2.818","2.833","2.806","24.000","2023-05-29 17:12:13"
"2021-05-27 06:00:00","D","4.198","5.430","3.310","24.000","2023-05-29 17:12:10"
"2021-05-27 12:00:00","W","2.806","2.821","2.789","24.000","2023-05-29 17:12:13"
"2021-05-27 12:00:00","D","3.811","5.290","2.830","24.000","2023-05-29 17:12:10"
"2021-05-27 18:00:00","W","2.815","2.829","2.797","24.000","2023-05-29 17:12:13"
"2021-05-27 18:00:00","D","3.608","4.760","2.680","24.000","2023-05-29 17:12:10"
"2021-05-28 00:00:00","W","2.809","2.821","2.796","24.000","2023-05-29 17:12:13"
"2021-05-28 00:00:00","D","3.722","4.760","2.930","24.000","2023-05-29 17:12:10"
"2021-05-28 06:00:00","W","2.802","2.814","2.792","24.000","2023-05-29 17:12:13"
"2021-05-28 06:00:00","D","3.662","4.730","2.800","24.000","2023-05-29 17:12:10"
"2021-05-28 12:00:00","W","2.806","2.818","2.797","24.000","2023-05-29 17:12:13"
"2021-05-28 12:00:00","D","3.558","4.800","2.600","24.000","2023-05-29 17:12:10"
"2021-05-28 18:00:00","W","2.810","2.831","2.794","24.000","2023-05-29 17:12:13"
"2021-05-28 18:00:00","D","3.476","5.080","2.190","24.000","2023-05-29 17:12:10"
"2021-05-29 00:00:00","W","2.814","2.835","2.797","24.000","2023-05-29 17:12:13"
"2021-05-29 00:00:00","D","3.691","5.290","2.380","24.000","2023-05-29 17:12:10"
"2021-05-29 06:00:00","W","2.804","2.819","2.795","24.000","2023-05-29 17:12:13"
"2021-05-29 06:00:00","D","3.391","4.650","2.680","24.000","2023-05-29 17:12:10"
"2021-05-29 12:00:00","W","2.804","2.816","2.794","24.000","2023-05-29 17:12:13"
"2021-05-29 12:00:00","D","3.354","4.540","2.790","24.000","2023-05-29 17:12:10"
"2021-05-29 18:00:00","W","2.807","2.820","2.796","24.000","2023-05-29 17:12:13"
"2021-05-29 18:00:00","D","3.275","4.190","2.030","24.000","2023-05-29 17:12:10"
"2021-05-30 00:00:00","W","2.808","2.820","2.799","24.000","2023-05-29 17:12:13"
"2021-05-30 00:00:00","D","3.283","4.140","2.480","24.000","2023-05-29 17:12:10"
"2021-05-30 06:00:00","W","2.801","2.813","2.791","24.000","2023-05-29 17:12:13"
"2021-05-30 06:00:00","D","3.209","4.220","2.550","24.000","2023-05-29 17:12:10"
"2021-05-30 12:00:00","W","2.805","2.824","2.791","24.000","2023-05-29 17:12:13"
"2021-05-30 12:00:00","D","3.173","5.240","2.430","24.000","2023-05-29 17:12:10"
"2021-05-30 18:00:00","W","2.806","2.823","2.796","24.000","2023-05-29 17:12:13"
"2021-05-30 18:00:00","D","3.234","4.440","2.270","24.000","2023-05-29 17:12:10"
"2021-05-31 00:00:00","W","2.816","2.838","2.791","24.000","2023-05-29 17:12:13"
"2021-05-31 00:00:00","D","3.013","4.200","2.380","24.000","2023-05-29 17:12:10"
"2021-05-31 06:00:00","W","2.832","2.841","2.823","24.000","2023-05-29 17:12:13"
"2021-05-31 06:00:00","D","3.238","4.150","2.420","24.000","2023-05-29 17:12:10"
"2021-05-31 12:00:00","W","2.832","2.843","2.823","24.000","2023-05-29 17:12:13"
"2021-05-31 12:00:00","D","3.079","4.200","2.420","24.000","2023-05-29 17:12:10"
"2021-05-31 18:00:00","W","2.834","2.845","2.823","24.000","2023-05-29 17:12:13"
"2021-05-31 18:00:00","D","3.098","4.060","2.280","24.000","2023-05-29 17:12:10"
"2021-06-01 00:00:00","W","2.835","2.847","2.827","24.000","2023-05-29 17:12:13"
"2021-06-01 00:00:00","D","3.143","4.510","2.490","24.000","2023-05-29 17:12:10"
"2021-06-01 06:00:00","W","2.830","2.842","2.821","24.000","2023-05-29 17:12:13"
"2021-06-01 06:00:00","D","3.155","4.140","2.460","24.000","2023-05-29 17:12:10"
"2021-06-01 12:00:00","W","2.828","2.836","2.820","24.000","2023-05-29 17:12:13"
"2021-06-01 12:00:00","D","3.035","4.090","2.330","24.000","2023-05-29 17:12:10"
"2021-06-01 18:00:00","W","2.829","2.842","2.821","24.000","2023-05-29 17:12:13"
"2021-06-01 18:00:00","D","2.973","3.940","2.220","24.000","2023-05-29 17:12:10"
"2021-06-02 00:00:00","W","2.829","2.839","2.822","24.000","2023-05-29 17:12:13"
"2021-06-02 00:00:00","D","3.036","3.870","2.370","24.000","2023-05-29 17:12:10"
"2021-06-02 06:00:00","W","2.828","2.836","2.821","24.000","2023-05-29 17:12:13"
"2021-06-02 06:00:00","D","3.116","4.000","2.600","24.000","2023-05-29 17:12:10"
"2021-06-02 12:00:00","W","2.828","2.836","2.820","24.000","2023-05-29 17:12:13"
"2021-06-02 12:00:00","D","3.137","3.980","2.510","24.000","2023-05-29 17:12:10"
"2021-06-02 18:00:00","W","2.825","2.835","2.816","24.000","2023-05-29 17:12:13"
"2021-06-02 18:00:00","D","3.020","3.780","2.420","24.000","2023-05-29 17:12:10"
"2021-06-03 00:00:00","W","2.824","2.834","2.817","24.000","2023-05-29 17:12:13"
"2021-06-03 00:00:00","D","2.970","3.800","2.260","24.000","2023-05-29 17:12:10"
"2021-06-03 06:00:00","W","2.824","2.832","2.817","24.000","2023-05-29 17:12:13"
"2021-06-03 06:00:00","D","3.123","3.850","2.540","24.000","2023-05-29 17:12:10"
"2021-06-03 12:00:00","W","2.828","2.847","2.818","24.000","2023-05-29 17:12:13"
"2021-06-03 12:00:00","D","3.305","5.080","2.540","24.000","2023-05-29 17:12:10"
"2021-06-03 18:00:00","W","2.822","2.845","2.807","24.000","2023-05-29 17:12:13"
"2021-06-03 18:00:00","D","2.863","4.830","2.140","24.000","2023-05-29 17:12:10"
"2021-06-04 00:00:00","W","2.824","2.833","2.816","24.000","2023-05-29 17:12:13"
"2021-06-04 00:00:00","D","3.216","4.300","2.480","24.000","2023-05-29 17:12:10"
"2021-06-04 06:00:00","W","2.826","2.835","2.818","24.000","2023-05-29 17:12:13"
"2021-06-04 06:00:00","D","3.262","4.060","2.790","24.000","2023-05-29 17:12:10"
"2021-06-04 12:00:00","W","2.827","2.835","2.820","24.000","2023-05-29 17:12:13"
"2021-06-04 12:00:00","D","3.206","4.240","2.440","24.000","2023-05-29 17:12:10"
"2021-06-04 18:00:00","W","2.840","2.859","2.824","24.000","2023-05-29 17:12:13"
"2021-06-04 18:00:00","D","3.376","4.530","2.790","24.000","2023-05-29 17:12:10"
"2021-06-05 00:00:00","W","2.867","2.890","2.849","24.000","2023-05-29 17:12:13"
"2021-06-05 00:00:00","D","3.537","4.910","2.560","24.000","2023-05-29 17:12:10"
"2021-06-05 06:00:00","W","2.865","2.879","2.854","24.000","2023-05-29 17:12:13"
"2021-06-05 06:00:00","D","4.110","5.700","2.670","24.000","2023-05-29 17:12:10"
"2021-06-05 12:00:00","W","2.854","2.874","2.840","24.000","2023-05-29 17:12:13"
"2021-06-05 12:00:00","D","3.732","4.900","2.770","24.000","2023-05-29 17:12:10"
"2021-06-05 18:00:00","W","2.840","2.857","2.825","24.000","2023-05-29 17:12:13"
"2021-06-05 18:00:00","D","3.478","4.620","2.520","24.000","2023-05-29 17:12:10"
"2021-06-06 00:00:00","W","2.829","2.843","2.818","24.000","2023-05-29 17:12:13"
"2021-06-06 00:00:00","D","3.454","4.800","2.440","24.000","2023-05-29 17:12:10"
"2021-06-06 06:00:00","W","2.818","2.832","2.807","24.000","2023-05-29 17:12:13"
"2021-06-06 06:00:00","D","3.400","4.370","2.650","24.000","2023-05-29 17:12:10"
"2021-06-06 12:00:00","W","2.812","2.826","2.797","24.000","2023-05-29 17:12:13"
"2021-06-06 12:00:00","D","3.353","4.450","2.330","24.000","2023-05-29 17:12:10"
"2021-06-06 18:00:00","W","2.810","2.832","2.792","24.000","2023-05-29 17:12:13"
"2021-06-06 18:00:00","D","3.163","5.090","2.150","24.000","2023-05-29 17:12:10"
"2021-06-07 00:00:00","W","2.816","2.839","2.802","24.000","2023-05-29 17:12:13"
"2021-06-07 00:00:00","D","3.309","4.530","2.540","24.000","2023-05-29 17:12:10"
"2021-06-07 06:00:00","W","2.822","2.833","2.813","24.000","2023-05-29 17:12:13"
"2021-06-07 06:00:00","D","3.455","4.530","2.700","24.000","2023-05-29 17:12:10"
"2021-06-07 12:00:00","W","2.825","2.835","2.815","24.000","2023-05-29 17:12:13"
"2021-06-07 12:00:00","D","3.183","4.090","2.520","24.000","2023-05-29 17:12:10"
"2021-06-07 18:00:00","W","2.832","2.842","2.821","24.000","2023-05-29 17:12:13"
"2021-06-07 18:00:00","D","3.328","4.400","2.360","24.000","2023-05-29 17:12:10"
"2021-06-08 00:00:00","W","2.826","2.837","2.816","24.000","2023-05-29 17:12:13"
"2021-06-08 00:00:00","D","3.349","4.370","2.220","24.000","2023-05-29 17:12:10"
"2021-06-08 06:00:00","W","2.818","2.829","2.809","24.000","2023-05-29 17:12:13"
"2021-06-08 06:00:00","D","3.225","4.290","2.440","24.000","2023-05-29 17:12:10"
"2021-06-08 12:00:00","W","2.813","2.824","2.805","24.000","2023-05-29 17:12:13"
"2021-06-08 12:00:00","D","3.215","4.100","2.610","24.000","2023-05-29 17:12:10"
"2021-06-08 18:00:00","W","2.815","2.824","2.805","24.000","2023-05-29 17:12:13"
"2021-06-08 18:00:00","D","3.050","3.900","1.880","24.000","2023-05-29 17:12:10"
"2021-06-09 00:00:00","W","2.809","2.819","2.798","24.000","2023-05-29 17:12:13"
"2021-06-09 00:00:00","D","3.128","4.000","2.440","24.000","2023-05-29 17:12:10"
"2021-06-09 06:00:00","W","2.803","2.814","2.794","24.000","2023-05-29 17:12:13"
"2021-06-09 06:00:00","D","3.207","3.870","2.630","24.000","2023-05-29 17:12:10"
"2021-06-09 12:00:00","W","2.803","2.817","2.792","24.000","2023-05-29 17:12:13"
"2021-06-09 12:00:00","D","3.090","4.090","2.420","24.000","2023-05-29 17:12:10"
"2021-06-09 18:00:00","W","2.817","2.830","2.806","24.000","2023-05-29 17:12:13"
"2021-06-09 18:00:00","D","2.784","3.650","2.320","24.000","2023-05-29 17:12:10"
"2021-06-10 00:00:00","W","2.819","2.829","2.810","24.000","2023-05-29 17:12:13"
"2021-06-10 00:00:00","D","3.073","3.870","2.500","24.000","2023-05-29 17:12:10"
"2021-06-10 06:00:00","W","2.819","2.829","2.809","24.000","2023-05-29 17:12:13"
"2021-06-10 06:00:00","D","3.106","3.940","2.510","24.000","2023-05-29 17:12:10"
"2021-06-10 12:00:00","W","2.815","2.826","2.806","24.000","2023-05-29 17:12:13"
"2021-06-10 12:00:00","D","3.128","3.980","2.600","24.000","2023-05-29 17:12:10"
"2021-06-10 18:00:00","W","2.817","2.827","2.808","24.000","2023-05-29 17:12:13"
"2021-06-10 18:00:00","D","3.077","4.040","2.570","24.000","2023-05-29 17:12:10"
"2021-06-11 00:00:00","W","2.816","2.829","2.809","24.000","2023-05-29 17:12:13"
"2021-06-11 00:00:00","D","3.116","4.170","2.410","24.000","2023-05-29 17:12:10"
"2021-06-11 06:00:00","W","2.814","2.823","2.807","24.000","2023-05-29 17:12:13"
"2021-06-11 06:00:00","D","3.035","3.740","2.450","24.000","2023-05-29 17:12:10"
"2021-06-11 12:00:00","W","2.811","2.820","2.802","24.000","2023-05-29 17:12:13"
"2021-06-11 12:00:00","D","3.094","4.050","2.360","24.000","2023-05-29 17:12:10"
"2021-06-11 18:00:00","W","2.808","2.826","2.795","24.000","2023-05-29 17:12:13"
"2021-06-11 18:00:00","D","2.993","4.090","2.390","24.000","2023-05-29 17:12:10"
"2021-06-12 00:00:00","W","2.805","2.815","2.798","24.000","2023-05-29 17:12:13"
"2021-06-12 00:00:00","D","3.063","3.600","2.730","24.000","2023-05-29 17:12:10"
"2021-06-12 06:00:00","W","2.804","2.812","2.797","24.000","2023-05-29 17:12:13"
"2021-06-12 06:00:00","D","3.062","3.540","2.710","24.000","2023-05-29 17:12:10"
"2021-06-12 12:00:00","W","2.804","2.816","2.797","24.000","2023-05-29 17:12:13"
"2021-06-12 12:00:00","D","3.028","3.740","2.380","24.000","2023-05-29 17:12:10"
"2021-06-12 18:00:00","W","2.807","2.819","2.800","24.000","2023-05-29 17:12:13"
"2021-06-12 18:00:00","D","2.937","3.870","2.270","24.000","2023-05-29 17:12:10"
"2021-06-13 00:00:00","W","2.807","2.818","2.798","24.000","2023-05-29 17:12:14"
"2021-06-13 00:00:00","D","3.105","4.050","2.450","24.000","2023-05-29 17:12:10"
"2021-06-13 06:00:00","W","2.804","2.812","2.797","24.000","2023-05-29 17:12:14"
"2021-06-13 06:00:00","D","3.030","3.680","2.470","24.000","2023-05-29 17:12:10"
"2021-06-13 12:00:00","W","2.803","2.813","2.796","24.000","2023-05-29 17:12:14"
"2021-06-13 12:00:00","D","2.973","3.650","2.420","24.000","2023-05-29 17:12:10"
"2021-06-13 18:00:00","W","2.803","2.818","2.795","24.000","2023-05-29 17:12:14"
"2021-06-13 18:00:00","D","2.994","4.020","2.310","24.000","2023-05-29 17:12:10"
"2021-06-14 00:00:00","W","2.800","2.811","2.792","24.000","2023-05-29 17:12:14"
"2021-06-14 00:00:00","D","2.848","3.710","2.030","24.000","2023-05-29 17:12:10"
"2021-06-14 06:00:00","W","2.804","2.817","2.790","24.000","2023-05-29 17:12:14"
"2021-06-14 06:00:00","D","2.839","3.240","2.410","24.000","2023-05-29 17:12:10"
"2021-06-14 12:00:00","W","2.810","2.814","2.805","24.000","2023-05-29 17:12:14"
"2021-06-14 12:00:00","D","2.842","3.290","2.500","24.000","2023-05-29 17:12:10"
"2021-06-14 18:00:00","W","2.821","2.833","2.811","24.000","2023-05-29 17:12:14"
"2021-06-14 18:00:00","D","2.940","3.840","2.500","24.000","2023-05-29 17:12:10"
"2021-06-15 00:00:00","W","2.820","2.827","2.814","24.000","2023-05-29 17:12:14"
"2021-06-15 00:00:00","D","3.025","3.910","2.440","24.000","2023-05-29 17:12:10"
"2021-06-15 06:00:00","W","2.818","2.826","2.812","24.000","2023-05-29 17:12:14"
"2021-06-15 06:00:00","D","2.918","3.570","2.460","24.000","2023-05-29 17:12:10"
"2021-06-15 12:00:00","W","2.817","2.830","2.809","24.000","2023-05-29 17:12:14"
"2021-06-15 12:00:00","D","2.885","3.810","2.080","24.000","2023-05-29 17:12:10"
"2021-06-15 18:00:00","W","2.814","2.820","2.807","24.000","2023-05-29 17:12:14"
"2021-06-15 18:00:00","D","2.765","3.200","2.350","24.000","2023-05-29 17:12:10"
"2021-06-16 00:00:00","W","2.813","2.828","2.805","24.000","2023-05-29 17:12:14"
"2021-06-16 00:00:00","D","2.878","3.390","2.410","24.000","2023-05-29 17:12:10"
"2021-06-16 06:00:00","W","2.809","2.815","2.805","24.000","2023-05-29 17:12:14"
"2021-06-16 06:00:00","D","2.914","3.290","2.660","24.000","2023-05-29 17:12:10"
"2021-06-16 12:00:00","W","2.810","2.818","2.804","24.000","2023-05-29 17:12:14"
"2021-06-16 12:00:00","D","2.718","3.280","2.280","24.000","2023-05-29 17:12:10"
"2021-06-16 18:00:00","W","2.810","2.815","2.806","24.000","2023-05-29 17:12:14"
"2021-06-16 18:00:00","D","2.756","3.210","2.000","24.000","2023-05-29 17:12:10"
"2021-06-17 00:00:00","W","2.823","2.838","2.808","24.000","2023-05-29 17:12:14"
"2021-06-17 00:00:00","D","3.016","3.380","2.620","24.000","2023-05-29 17:12:10"
"2021-06-17 06:00:00","W","2.835","2.842","2.830","24.000","2023-05-29 17:12:14"
"2021-06-17 06:00:00","D","3.156","3.800","2.780","24.000","2023-05-29 17:12:10"
"2021-06-17 12:00:00","W","2.849","2.867","2.835","24.000","2023-05-29 17:12:14"
"2021-06-17 12:00:00","D","3.275","4.100","2.590","24.000","2023-05-29 17:12:10"
"2021-06-17 18:00:00","W","2.859","2.875","2.848","24.000","2023-05-29 17:12:14"
"2021-06-17 18:00:00","D","3.321","4.560","2.620","24.000","2023-05-29 17:12:10"
"2021-06-18 00:00:00","W","2.855","2.862","2.847","24.000","2023-05-29 17:12:14"
"2021-06-18 00:00:00","D","3.315","3.910","2.860","24.000","2023-05-29 17:12:10"
"2021-06-18 06:00:00","W","2.851","2.860","2.844","24.000","2023-05-29 17:12:14"
"2021-06-18 06:00:00","D","3.221","3.810","2.750","24.000","2023-05-29 17:12:10"
"2021-06-18 12:00:00","W","2.860","2.903","2.802","24.000","2023-05-29 17:12:14"
"2021-06-18 12:00:00","D","4.886","8.300","2.780","24.000","2023-05-29 17:12:10"
"2021-06-18 18:00:00","W","2.849","2.921","2.809","24.000","2023-05-29 17:12:14"
"2021-06-18 18:00:00","D","6.404","10.190","3.500","24.000","2023-05-29 17:12:10"
"2021-06-19 00:00:00","W","2.864","2.895","2.831","24.000","2023-05-29 17:12:14"
"2021-06-19 00:00:00","D","9.603","12.250","5.780","24.000","2023-05-29 17:12:10"
"2021-06-19 06:00:00","W","2.853","2.888","2.804","24.000","2023-05-29 17:12:14"
"2021-06-19 06:00:00","D","11.190","12.520","9.590","24.000","2023-05-29 17:12:10"
"2021-06-19 12:00:00","W","2.845","2.876","2.793","24.000","2023-05-29 17:12:14"
"2021-06-19 12:00:00","D","8.975","11.130","6.640","24.000","2023-05-29 17:12:10"
"2021-06-19 18:00:00","W","2.816","2.858","2.779","24.000","2023-05-29 17:12:14"
"2021-06-19 18:00:00","D","7.475","10.140","5.280","24.000","2023-05-29 17:12:10"
"2021-06-20 00:00:00","W","2.830","2.851","2.809","24.000","2023-05-29 17:12:14"
"2021-06-20 00:00:00","D","6.583","9.740","4.530","24.000","2023-05-29 17:12:10"
"2021-06-20 06:00:00","W","2.816","2.834","2.798","24.000","2023-05-29 17:12:14"
"2021-06-20 06:00:00","D","6.309","8.240","4.400","24.000","2023-05-29 17:12:10"
"2021-06-20 12:00:00","W","2.813","2.829","2.793","24.000","2023-05-29 17:12:14"
"2021-06-20 12:00:00","D","5.955","7.820","3.510","24.000","2023-05-29 17:12:10"
"2021-06-20 18:00:00","W","2.834","2.855","2.806","24.000","2023-05-29 17:12:14"
"2021-06-20 18:00:00","D","5.208","7.780","3.060","24.000","2023-05-29 17:12:10"
"2021-06-21 00:00:00","W","2.821","2.896","2.764","24.000","2023-05-29 17:12:14"
"2021-06-21 00:00:00","D","3.842","7.780","0.900","24.000","2023-05-29 17:12:10"
"2021-06-21 06:00:00","W","2.864","2.901","2.838","24.000","2023-05-29 17:12:14"
"2021-06-21 06:00:00","D","4.328","5.650","3.040","24.000","2023-05-29 17:12:10"
"2021-06-21 12:00:00","W","2.839","2.856","2.824","24.000","2023-05-29 17:12:14"
"2021-06-21 12:00:00","D","3.856","5.520","2.590","24.000","2023-05-29 17:12:10"
"2021-06-21 18:00:00","W","2.839","2.856","2.827","24.000","2023-05-29 17:12:14"
"2021-06-21 18:00:00","D","3.926","5.420","2.550","24.000","2023-05-29 17:12:10"
"2021-06-22 00:00:00","W","2.846","2.860","2.833","24.000","2023-05-29 17:12:14"
"2021-06-22 00:00:00","D","3.953","5.270","2.880","24.000","2023-05-29 17:12:10"
"2021-06-22 06:00:00","W","2.846","2.861","2.838","24.000","2023-05-29 17:12:14"
"2021-06-22 06:00:00","D","3.978","5.400","2.820","24.000","2023-05-29 17:12:10"
"2021-06-22 12:00:00","W","2.847","2.861","2.835","24.000","2023-05-29 17:12:14"
"2021-06-22 12:00:00","D","4.207","5.430","2.940","24.000","2023-05-29 17:12:10"
"2021-06-22 18:00:00","W","2.833","2.850","2.821","24.000","2023-05-29 17:12:14"
"2021-06-22 18:00:00","D","3.921","5.570","2.750","24.000","2023-05-29 17:12:10"
"2021-06-23 00:00:00","W","2.826","2.842","2.816","24.000","2023-05-29 17:12:14"
"2021-06-23 00:00:00","D","3.793","5.060","2.630","24.000","2023-05-29 17:12:10"
"2021-06-23 06:00:00","W","2.818","2.832","2.806","24.000","2023-05-29 17:12:14"
"2021-06-23 06:00:00","D","3.720","5.060","2.880","24.000","2023-05-29 17:12:10"
"2021-06-23 12:00:00","W","2.815","2.830","2.804","24.000","2023-05-29 17:12:14"
"2021-06-23 12:00:00","D","3.548","5.140","2.630","24.000","2023-05-29 17:12:10"
"2021-06-23 18:00:00","W","2.815","2.829","2.802","24.000","2023-05-29 17:12:14"
"2021-06-23 18:00:00","D","3.380","4.610","2.270","24.000","2023-05-29 17:12:10"
"2021-06-24 00:00:00","W","2.812","2.829","2.803","24.000","2023-05-29 17:12:14"
"2021-06-24 00:00:00","D","3.417","4.850","2.440","24.000","2023-05-29 17:12:10"
"2021-06-24 06:00:00","W","2.808","2.821","2.798","24.000","2023-05-29 17:12:14"
"2021-06-24 06:00:00","D","3.489","4.630","2.890","24.000","2023-05-29 17:12:10"
"2021-06-24 12:00:00","W","2.810","2.827","2.796","24.000","2023-05-29 17:12:14"
"2021-06-24 12:00:00","D","3.466","5.160","2.560","24.000","2023-05-29 17:12:10"
"2021-06-24 18:00:00","W","2.813","2.831","2.795","24.000","2023-05-29 17:12:14"
"2021-06-24 18:00:00","D","3.194","5.290","1.970","24.000","2023-05-29 17:12:10"
"2021-06-25 00:00:00","W","2.822","2.836","2.811","24.000","2023-05-29 17:12:14"
"2021-06-25 00:00:00","D","3.365","4.430","2.140","24.000","2023-05-29 17:12:10"
"2021-06-25 06:00:00","W","2.823","2.836","2.814","24.000","2023-05-29 17:12:14"
"2021-06-25 06:00:00","D","3.310","4.680","2.200","24.000","2023-05-29 17:12:10"
"2021-06-25 12:00:00","W","2.819","2.830","2.807","24.000","2023-05-29 17:12:14"
"2021-06-25 12:00:00","D","3.202","4.470","2.010","24.000","2023-05-29 17:12:10"
"2021-06-25 18:00:00","W","2.818","2.835","2.808","24.000","2023-05-29 17:12:14"
"2021-06-25 18:00:00","D","3.198","5.050","1.310","24.000","2023-05-29 17:12:10"
"2021-06-26 00:00:00","W","2.819","2.831","2.808","24.000","2023-05-29 17:12:14"
"2021-06-26 00:00:00","D","3.164","4.890","2.390","24.000","2023-05-29 17:12:10"
"2021-06-26 06:00:00","W","2.822","2.832","2.814","24.000","2023-05-29 17:12:14"
"2021-06-26 06:00:00","D","3.256","4.460","2.310","24.000","2023-05-29 17:12:10"
"2021-06-26 12:00:00","W","2.822","2.834","2.811","24.000","2023-05-29 17:12:14"
"2021-06-26 12:00:00","D","3.232","4.630","2.050","24.000","2023-05-29 17:12:10"
"2021-06-26 18:00:00","W","2.819","2.835","2.809","24.000","2023-05-29 17:12:14"
"2021-06-26 18:00:00","D","2.985","4.490","2.000","24.000","2023-05-29 17:12:10"
"2021-06-27 00:00:00","W","2.817","2.831","2.805","24.000","2023-05-29 17:12:14"
"2021-06-27 00:00:00","D","3.107","4.460","2.030","24.000","2023-05-29 17:12:10"
"2021-06-27 06:00:00","W","2.812","2.823","2.805","24.000","2023-05-29 17:12:14"
"2021-06-27 06:00:00","D","3.110","4.300","2.030","24.000","2023-05-29 17:12:10"
"2021-06-27 12:00:00","W","2.812","2.829","2.804","24.000","2023-05-29 17:12:14"
"2021-06-27 12:00:00","D","3.125","4.940","2.130","24.000","2023-05-29 17:12:10"
"2021-06-27 18:00:00","W","2.810","2.820","2.801","24.000","2023-05-29 17:12:14"
"2021-06-27 18:00:00","D","3.058","4.420","2.490","24.000","2023-05-29 17:12:10"
"2021-06-28 00:00:00","W","2.814","2.825","2.804","24.000","2023-05-29 17:12:14"
"2021-06-28 00:00:00","D","2.997","4.390","1.780","24.000","2023-05-29 17:12:10"
"2021-06-28 06:00:00","W","2.821","2.832","2.814","24.000","2023-05-29 17:12:14"
"2021-06-28 06:00:00","D","3.133","4.210","2.210","24.000","2023-05-29 17:12:10"
"2021-06-28 12:00:00","W","2.830","2.845","2.818","24.000","2023-05-29 17:12:14"
"2021-06-28 12:00:00","D","3.224","4.600","2.130","24.000","2023-05-29 17:12:10"
"2021-06-28 18:00:00","W","2.842","2.858","2.831","24.000","2023-05-29 17:12:14"
"2021-06-28 18:00:00","D","3.700","5.350","2.470","24.000","2023-05-29 17:12:10"
"2021-06-29 00:00:00","W","2.842","2.856","2.832","24.000","2023-05-29 17:12:14"
"2021-06-29 00:00:00","D","3.553","5.510","2.180","24.000","2023-05-29 17:12:10"
"2021-06-29 06:00:00","W","2.836","2.848","2.827","24.000","2023-05-29 17:12:14"
"2021-06-29 06:00:00","D","3.416","4.830","2.330","24.000","2023-05-29 17:12:10"
"2021-06-29 12:00:00","W","2.829","2.843","2.816","24.000","2023-05-29 17:12:14"
"2021-06-29 12:00:00","D","3.328","4.760","2.020","24.000","2023-05-29 17:12:10"
"2021-06-29 18:00:00","W","2.826","2.840","2.816","24.000","2023-05-29 17:12:14"
"2021-06-29 18:00:00","D","3.312","4.870","2.160","24.000","2023-05-29 17:12:10"
"2021-06-30 00:00:00","W","2.823","2.833","2.815","24.000","2023-05-29 17:12:14"
"2021-06-30 00:00:00","D","3.414","4.620","2.430","24.000","2023-05-29 17:12:10"
"2021-06-30 06:00:00","W","2.821","2.831","2.813","24.000","2023-05-29 17:12:14"
"2021-06-30 06:00:00","D","3.274","4.490","2.110","24.000","2023-05-29 17:12:10"
"2021-06-30 12:00:00","W","2.823","2.833","2.815","24.000","2023-05-29 17:12:14"
"2021-06-30 12:00:00","D","3.348","4.420","2.030","24.000","2023-05-29 17:12:10"
"2021-06-30 18:00:00","W","2.821","2.834","2.814","24.000","2023-05-29 17:12:14"
"2021-06-30 18:00:00","D","3.267","4.470","2.170","24.000","2023-05-29 17:12:10"
"2021-07-01 00:00:00","W","2.821","2.832","2.813","24.000","2023-05-29 17:12:14"
"2021-07-01 00:00:00","D","3.251","4.430","2.390","24.000","2023-05-29 17:12:10"
"2021-07-01 06:00:00","W","2.817","2.827","2.809","24.000","2023-05-29 17:12:14"
"2021-07-01 06:00:00","D","3.140","4.600","2.080","24.000","2023-05-29 17:12:10"
"2021-07-01 12:00:00","W","2.812","2.824","2.801","24.000","2023-05-29 17:12:14"
"2021-07-01 12:00:00","D","3.085","4.310","2.040","24.000","2023-05-29 17:12:10"
"2021-07-01 18:00:00","W","2.811","2.821","2.803","24.000","2023-05-29 17:12:14"
"2021-07-01 18:00:00","D","2.958","4.190","1.890","24.000","2023-05-29 17:12:10"
"2021-07-02 00:00:00","W","2.810","2.821","2.802","24.000","2023-05-29 17:12:14"
"2021-07-02 00:00:00","D","3.013","4.090","2.180","24.000","2023-05-29 17:12:10"
"2021-07-02 06:00:00","W","2.806","2.817","2.798","24.000","2023-05-29 17:12:14"
"2021-07-02 06:00:00","D","3.038","4.040","2.310","24.000","2023-05-29 17:12:10"
"2021-07-02 12:00:00","W","2.804","2.817","2.797","24.000","2023-05-29 17:12:14"
"2021-07-02 12:00:00","D","2.936","4.330","1.490","24.000","2023-05-29 17:12:10"
"2021-07-02 18:00:00","W","2.810","2.820","2.803","24.000","2023-05-29 17:12:14"
"2021-07-02 18:00:00","D","2.601","3.850","1.850","24.000","2023-05-29 17:12:10"
"2021-07-03 00:00:00","W","2.812","2.823","2.803","24.000","2023-05-29 17:12:14"
"2021-07-03 00:00:00","D","2.969","4.120","1.880","24.000","2023-05-29 17:12:10"
"2021-07-03 06:00:00","W","2.810","2.819","2.802","24.000","2023-05-29 17:12:14"
"2021-07-03 06:00:00","D","2.960","4.000","2.000","24.000","2023-05-29 17:12:10"
"2021-07-03 12:00:00","W","2.811","2.825","2.801","24.000","2023-05-29 17:12:14"
"2021-07-03 12:00:00","D","2.917","4.530","1.730","24.000","2023-05-29 17:12:10"
"2021-07-03 18:00:00","W","2.809","2.819","2.800","24.000","2023-05-29 17:12:14"
"2021-07-03 18:00:00","D","2.875","3.910","1.960","24.000","2023-05-29 17:12:10"
"2021-07-04 00:00:00","W","2.813","2.825","2.803","24.000","2023-05-29 17:12:14"
"2021-07-04 00:00:00","D","2.953","4.240","1.640","24.000","2023-05-29 17:12:10"
"2021-07-04 06:00:00","W","2.812","2.821","2.804","24.000","2023-05-29 17:12:14"
"2021-07-04 06:00:00","D","2.911","3.690","2.220","24.000","2023-05-29 17:12:10"
"2021-07-04 12:00:00","W","2.812","2.821","2.805","24.000","2023-05-29 17:12:14"
"2021-07-04 12:00:00","D","2.846","3.860","2.170","24.000","2023-05-29 17:12:10"
"2021-07-04 18:00:00","W","2.815","2.825","2.803","24.000","2023-05-29 17:12:14"
"2021-07-04 18:00:00","D","2.936","4.080","2.100","24.000","2023-05-29 17:12:10"
"2021-07-05 00:00:00","W","2.814","2.824","2.806","24.000","2023-05-29 17:12:14"
"2021-07-05 00:00:00","D","2.858","3.710","1.950","24.000","2023-05-29 17:12:10"
"2021-07-05 06:00:00","W","2.814","2.822","2.808","24.000","2023-05-29 17:12:14"
"2021-07-05 06:00:00","D","2.905","3.680","2.240","24.000","2023-05-29 17:12:10"
"2021-07-05 12:00:00","W","2.816","2.825","2.807","24.000","2023-05-29 17:12:14"
"2021-07-05 12:00:00","D","2.962","4.110","2.020","24.000","2023-05-29 17:12:10"
"2021-07-05 18:00:00","W","2.819","2.834","2.809","24.000","2023-05-29 17:12:14"
"2021-07-05 18:00:00","D","3.062","3.920","1.980","24.000","2023-05-29 17:12:10"
"2021-07-06 00:00:00","W","2.820","2.829","2.810","24.000","2023-05-29 17:12:14"
"2021-07-06 00:00:00","D","3.016","4.200","1.910","24.000","2023-05-29 17:12:10"
"2021-07-06 06:00:00","W","2.833","2.844","2.825","24.000","2023-05-29 17:12:14"
"2021-07-06 06:00:00","D","3.276","4.280","2.540","24.000","2023-05-29 17:12:10"
"2021-07-06 12:00:00","W","2.859","2.894","2.836","24.000","2023-05-29 17:12:14"
"2021-07-06 12:00:00","D","3.699","5.120","2.590","24.000","2023-05-29 17:12:10"
"2021-07-06 18:00:00","W","2.858","2.903","2.826","24.000","2023-05-29 17:12:14"
"2021-07-06 18:00:00","D","5.560","7.490","3.950","24.000","2023-05-29 17:12:10"
"2021-07-07 00:00:00","W","2.816","2.853","2.793","24.000","2023-05-29 17:12:14"
"2021-07-07 00:00:00","D","4.493","7.090","2.320","24.000","2023-05-29 17:12:10"
"2021-07-07 06:00:00","W","2.832","2.846","2.823","24.000","2023-05-29 17:12:14"
"2021-07-07 06:00:00","D","4.306","5.630","2.890","24.000","2023-05-29 17:12:10"
"2021-07-07 12:00:00","W","2.820","2.841","2.806","24.000","2023-05-29 17:12:14"
"2021-07-07 12:00:00","D","4.065","5.720","2.770","24.000","2023-05-29 17:12:10"
"2021-07-07 18:00:00","W","2.816","2.835","2.801","24.000","2023-05-29 17:12:14"
"2021-07-07 18:00:00","D","4.007","6.010","2.770","24.000","2023-05-29 17:12:10"
"2021-07-08 00:00:00","W","2.816","2.831","2.805","24.000","2023-05-29 17:12:14"
"2021-07-08 00:00:00","D","3.762","5.650","2.670","24.000","2023-05-29 17:12:10"
"2021-07-08 06:00:00","W","2.808","2.821","2.796","24.000","2023-05-29 17:12:14"
"2021-07-08 06:00:00","D","3.615","5.070","2.470","24.000","2023-05-29 17:12:10"
"2021-07-08 12:00:00","W","2.809","2.822","2.802","24.000","2023-05-29 17:12:14"
"2021-07-08 12:00:00","D","3.348","4.690","2.600","24.000","2023-05-29 17:12:10"
"2021-07-08 18:00:00","W","2.806","2.817","2.795","24.000","2023-05-29 17:12:14"
"2021-07-08 18:00:00","D","3.106","4.170","2.640","24.000","2023-05-29 17:12:10"
"2021-07-09 00:00:00","W","2.813","2.822","2.807","24.000","2023-05-29 17:12:14"
"2021-07-09 00:00:00","D","3.211","4.020","2.580","24.000","2023-05-29 17:12:10"
"2021-07-09 06:00:00","W","2.809","2.816","2.802","24.000","2023-05-29 17:12:14"
"2021-07-09 06:00:00","D","3.075","3.800","2.610","24.000","2023-05-29 17:12:10"
"2021-07-09 12:00:00","W","2.807","2.817","2.800","24.000","2023-05-29 17:12:14"
"2021-07-09 12:00:00","D","3.012","4.120","2.280","24.000","2023-05-29 17:12:10"
"2021-07-09 18:00:00","W","2.805","2.812","2.797","24.000","2023-05-29 17:12:14"
"2021-07-09 18:00:00","D","2.886","4.030","2.260","24.000","2023-05-29 17:12:10"
"2021-07-10 00:00:00","W","2.816","2.832","2.807","24.000","2023-05-29 17:12:14"
"2021-07-10 00:00:00","D","2.860","3.760","2.040","24.000","2023-05-29 17:12:10"
"2021-07-10 06:00:00","W","2.841","2.854","2.829","24.000","2023-05-29 17:12:14"
"2021-07-10 06:00:00","D","2.959","3.760","2.360","24.000","2023-05-29 17:12:10"
"2021-07-10 12:00:00","W","2.847","2.854","2.838","24.000","2023-05-29 17:12:14"
"2021-07-10 12:00:00","D","3.100","3.720","2.670","24.000","2023-05-29 17:12:10"
"2021-07-10 18:00:00","W","2.841","2.855","2.831","24.000","2023-05-29 17:12:14"
"2021-07-10 18:00:00","D","3.140","4.410","2.670","24.000","2023-05-29 17:12:10"
"2021-07-11 00:00:00","W","2.830","2.842","2.821","24.000","2023-05-29 17:12:14"
"2021-07-11 00:00:00","D","3.061","4.240","2.530","24.000","2023-05-29 17:12:10"
"2021-07-11 06:00:00","W","2.825","2.834","2.818","24.000","2023-05-29 17:12:14"
"2021-07-11 06:00:00","D","3.082","3.820","2.580","24.000","2023-05-29 17:12:10"
"2021-07-11 12:00:00","W","2.821","2.831","2.815","24.000","2023-05-29 17:12:14"
"2021-07-11 12:00:00","D","3.123","3.900","2.590","24.000","2023-05-29 17:12:10"
"2021-07-11 18:00:00","W","2.817","2.826","2.810","24.000","2023-05-29 17:12:14"
"2021-07-11 18:00:00","D","2.950","3.350","2.380","24.000","2023-05-29 17:12:10"
"2021-07-12 00:00:00","W","2.813","2.829","2.805","24.000","2023-05-29 17:12:14"
"2021-07-12 00:00:00","D","3.008","4.480","2.420","24.000","2023-05-29 17:12:10"
"2021-07-12 06:00:00","W","2.805","2.809","2.802","24.000","2023-05-29 17:12:14"
"2021-07-12 06:00:00","D","2.949","3.360","2.660","24.000","2023-05-29 17:12:10"
"2021-07-12 12:00:00","W","2.809","2.816","2.804","24.000","2023-05-29 17:12:14"
"2021-07-12 12:00:00","D","2.854","3.300","2.370","24.000","2023-05-29 17:12:10"
"2021-07-12 18:00:00","W","2.829","2.913","2.808","24.000","2023-05-29 17:12:14"
"2021-07-12 18:00:00","D","3.442","6.380","2.630","24.000","2023-05-29 17:12:10"
"2021-07-13 00:00:00","W","2.853","2.895","2.831","24.000","2023-05-29 17:12:14"
"2021-07-13 00:00:00","D","5.651","7.650","3.110","24.000","2023-05-29 17:12:10"
"2021-07-13 06:00:00","W","2.857","2.889","2.833","24.000","2023-05-29 17:12:14"
"2021-07-13 06:00:00","D","4.600","6.290","2.900","24.000","2023-05-29 17:12:10"
"2021-07-13 12:00:00","W","2.863","2.889","2.834","24.000","2023-05-29 17:12:14"
"2021-07-13 12:00:00","D","4.450","5.750","3.270","24.000","2023-05-29 17:12:10"
"2021-07-13 18:00:00","W","2.814","2.838","2.796","24.000","2023-05-29 17:12:14"
"2021-07-13 18:00:00","D","3.808","5.520","3.020","24.000","2023-05-29 17:12:10"
"2021-07-14 00:00:00","W","2.821","2.851","2.777","24.000","2023-05-29 17:12:14"
"2021-07-14 00:00:00","D","3.257","4.200","2.630","24.000","2023-05-29 17:12:10"
"2021-07-14 06:00:00","W","2.840","2.849","2.831","24.000","2023-05-29 17:12:14"
"2021-07-14 06:00:00","D","3.409","4.340","2.780","24.000","2023-05-29 17:12:10"
"2021-07-14 12:00:00","W","2.831","2.840","2.823","24.000","2023-05-29 17:12:14"
"2021-07-14 12:00:00","D","3.231","3.920","2.700","24.000","2023-05-29 17:12:10"
"2021-07-14 18:00:00","W","2.825","2.841","2.815","24.000","2023-05-29 17:12:14"
"2021-07-14 18:00:00","D","3.194","3.990","2.410","24.000","2023-05-29 17:12:10"
"2021-07-15 00:00:00","W","2.819","2.829","2.810","24.000","2023-05-29 17:12:14"
"2021-07-15 00:00:00","D","3.094","4.050","2.070","24.000","2023-05-29 17:12:10"
"2021-07-15 06:00:00","W","2.812","2.822","2.804","24.000","2023-05-29 17:12:14"
"2021-07-15 06:00:00","D","3.171","3.800","2.630","24.000","2023-05-29 17:12:10"
"2021-07-15 12:00:00","W","2.805","2.815","2.798","24.000","2023-05-29 17:12:14"
"2021-07-15 12:00:00","D","3.022","3.790","2.390","24.000","2023-05-29 17:12:10"
"2021-07-15 18:00:00","W","2.806","2.816","2.796","24.000","2023-05-29 17:12:14"
"2021-07-15 18:00:00","D","2.996","4.040","2.390","24.000","2023-05-29 17:12:10"
"2021-07-16 00:00:00","W","2.809","2.820","2.798","24.000","2023-05-29 17:12:14"
"2021-07-16 00:00:00","D","2.986","3.670","2.700","24.000","2023-05-29 17:12:10"
"2021-07-16 06:00:00","W","2.810","2.818","2.804","24.000","2023-05-29 17:12:14"
"2021-07-16 06:00:00","D","2.973","3.730","2.390","24.000","2023-05-29 17:12:10"
"2021-07-16 12:00:00","W","2.807","2.813","2.800","24.000","2023-05-29 17:12:14"
"2021-07-16 12:00:00","D","2.899","3.390","2.240","24.000","2023-05-29 17:12:10"
"2021-07-16 18:00:00","W","2.803","2.820","2.795","24.000","2023-05-29 17:12:14"
"2021-07-16 18:00:00","D","2.708","3.780","1.760","24.000","2023-05-29 17:12:10"
"2021-07-17 00:00:00","W","2.808","2.811","2.798","24.000","2023-05-29 17:12:14"
"2021-07-17 00:00:00","D","2.681","3.060","1.760","24.000","2023-05-29 17:12:10"
"2021-07-17 06:00:00","W","2.808","2.810","2.804","24.000","2023-05-29 17:12:14"
"2021-07-17 06:00:00","D","2.960","3.210","2.530","24.000","2023-05-29 17:12:10"
"2021-07-17 12:00:00","W","2.804","2.811","2.798","24.000","2023-05-29 17:12:14"
"2021-07-17 12:00:00","D","2.753","3.230","2.260","24.000","2023-05-29 17:12:10"
"2021-07-17 18:00:00","W","2.810","2.822","2.798","24.000","2023-05-29 17:12:14"
"2021-07-17 18:00:00","D","2.578","3.170","1.870","24.000","2023-05-29 17:12:10"
"2021-07-18 00:00:00","W","2.816","2.824","2.812","24.000","2023-05-29 17:12:14"
"2021-07-18 00:00:00","D","2.698","3.100","2.360","24.000","2023-05-29 17:12:10"
"2021-07-18 06:00:00","W","2.816","2.820","2.810","24.000","2023-05-29 17:12:14"
"2021-07-18 06:00:00","D","2.910","3.300","2.560","24.000","2023-05-29 17:12:10"
"2021-07-18 12:00:00","W","2.814","2.821","2.809","24.000","2023-05-29 17:12:14"
"2021-07-18 12:00:00","D","2.689","3.240","2.070","24.000","2023-05-29 17:12:10"
"2021-07-18 18:00:00","W","2.813","2.822","2.807","24.000","2023-05-29 17:12:14"
"2021-07-18 18:00:00","D","2.572","3.260","2.050","24.000","2023-05-29 17:12:10"
"2021-07-19 00:00:00","W","2.815","2.821","2.810","24.000","2023-05-29 17:12:14"
"2021-07-19 00:00:00","D","2.652","3.140","2.110","24.000","2023-05-29 17:12:10"
"2021-07-19 06:00:00","W","2.810","2.814","2.807","24.000","2023-05-29 17:12:14"
"2021-07-19 06:00:00","D","2.733","3.020","2.490","24.000","2023-05-29 17:12:10"
"2021-07-19 12:00:00","W","2.808","2.812","2.802","24.000","2023-05-29 17:12:14"
"2021-07-19 12:00:00","D","2.613","3.000","2.000","24.000","2023-05-29 17:12:10"
"2021-07-19 18:00:00","W","2.807","2.817","2.801","24.000","2023-05-29 17:12:14"
"2021-07-19 18:00:00","D","2.545","3.190","2.140","24.000","2023-05-29 17:12:10"
"2021-07-20 00:00:00","W","2.809","2.815","2.803","24.000","2023-05-29 17:12:14"
"2021-07-20 00:00:00","D","2.642","3.070","2.280","24.000","2023-05-29 17:12:10"
"2021-07-20 06:00:00","W","2.809","2.814","2.805","24.000","2023-05-29 17:12:14"
"2021-07-20 06:00:00","D","2.736","3.000","2.360","24.000","2023-05-29 17:12:10"
"2021-07-20 12:00:00","W","2.807","2.815","2.800","24.000","2023-05-29 17:12:14"
"2021-07-20 12:00:00","D","2.685","3.260","2.260","24.000","2023-05-29 17:12:10"
"2021-07-20 18:00:00","W","2.809","2.821","2.799","24.000","2023-05-29 17:12:14"
"2021-07-20 18:00:00","D","2.605","3.240","1.290","24.000","2023-05-29 17:12:10"
"2021-07-21 00:00:00","W","2.822","2.831","2.813","24.000","2023-05-29 17:12:14"
"2021-07-21 00:00:00","D","3.141","3.700","2.530","24.000","2023-05-29 17:12:11"
"2021-07-21 06:00:00","W","2.825","2.834","2.818","24.000","2023-05-29 17:12:14"
"2021-07-21 06:00:00","D","3.155","4.010","2.320","24.000","2023-05-29 17:12:11"
"2021-07-21 12:00:00","W","2.834","2.847","2.820","24.000","2023-05-29 17:12:14"
"2021-07-21 12:00:00","D","3.417","4.830","2.480","24.000","2023-05-29 17:12:11"
"2021-07-21 18:00:00","W","2.814","2.828","2.801","24.000","2023-05-29 17:12:14"
"2021-07-21 18:00:00","D","2.794","3.960","2.320","24.000","2023-05-29 17:12:11"
"2021-07-22 00:00:00","W","2.806","2.811","2.799","24.000","2023-05-29 17:12:14"
"2021-07-22 00:00:00","D","2.708","3.110","2.350","24.000","2023-05-29 17:12:11"
"2021-07-22 06:00:00","W","2.807","2.813","2.802","24.000","2023-05-29 17:12:14"
"2021-07-22 06:00:00","D","2.746","3.150","2.450","24.000","2023-05-29 17:12:11"
"2021-07-22 12:00:00","W","2.805","2.814","2.798","24.000","2023-05-29 17:12:14"
"2021-07-22 12:00:00","D","2.722","3.270","2.160","24.000","2023-05-29 17:12:11"
"2021-07-22 18:00:00","W","2.812","2.825","2.796","24.000","2023-05-29 17:12:14"
"2021-07-22 18:00:00","D","2.620","3.080","1.910","24.000","2023-05-29 17:12:11"
"2021-07-23 00:00:00","W","2.817","2.827","2.814","24.000","2023-05-29 17:12:14"
"2021-07-23 00:00:00","D","2.840","3.060","2.640","24.000","2023-05-29 17:12:11"
"2021-07-23 06:00:00","W","2.811","2.815","2.807","24.000","2023-05-29 17:12:14"
"2021-07-23 06:00:00","D","2.783","3.020","2.570","24.000","2023-05-29 17:12:11"
"2021-07-23 12:00:00","W","2.811","2.815","2.805","24.000","2023-05-29 17:12:14"
"2021-07-23 12:00:00","D","2.724","3.170","2.290","24.000","2023-05-29 17:12:11"
"2021-07-23 18:00:00","W","2.807","2.818","2.798","24.000","2023-05-29 17:12:14"
"2021-07-23 18:00:00","D","2.523","3.460","2.200","24.000","2023-05-29 17:12:11"
"2021-07-24 00:00:00","W","2.817","2.826","2.809","24.000","2023-05-29 17:12:14"
"2021-07-24 00:00:00","D","2.645","3.380","2.300","24.000","2023-05-29 17:12:11"
"2021-07-24 06:00:00","W","2.816","2.824","2.809","24.000","2023-05-29 17:12:14"
"2021-07-24 06:00:00","D","2.652","3.090","2.150","24.000","2023-05-29 17:12:11"
"2021-07-24 12:00:00","W","2.815","2.824","2.808","24.000","2023-05-29 17:12:14"
"2021-07-24 12:00:00","D","2.574","3.570","2.270","24.000","2023-05-29 17:12:11"
"2021-07-24 18:00:00","W","2.818","2.827","2.810","24.000","2023-05-29 17:12:14"
"2021-07-24 18:00:00","D","2.596","3.040","2.290","24.000","2023-05-29 17:12:11"
"2021-07-25 00:00:00","W","2.821","2.826","2.815","24.000","2023-05-29 17:12:14"
"2021-07-25 00:00:00","D","2.646","3.150","2.230","24.000","2023-05-29 17:12:11"
"2021-07-25 06:00:00","W","2.819","2.826","2.812","24.000","2023-05-29 17:12:14"
"2021-07-25 06:00:00","D","2.628","3.190","2.240","24.000","2023-05-29 17:12:11"
"2021-07-25 12:00:00","W","2.818","2.827","2.812","24.000","2023-05-29 17:12:14"
"2021-07-25 12:00:00","D","2.606","3.260","1.920","24.000","2023-05-29 17:12:11"
"2021-07-25 18:00:00","W","2.855","2.936","2.812","24.000","2023-05-29 17:12:14"
"2021-07-25 18:00:00","D","5.808","15.940","1.490","24.000","2023-05-29 17:12:11"
"2021-07-26 00:00:00","W","2.879","2.934","2.808","24.000","2023-05-29 17:12:14"
"2021-07-26 00:00:00","D","8.370","13.890","5.780","24.000","2023-05-29 17:12:11"
"2021-07-26 06:00:00","W","2.854","2.894","2.817","24.000","2023-05-29 17:12:14"
"2021-07-26 06:00:00","D","6.588","8.870","3.890","24.000","2023-05-29 17:12:11"
"2021-07-26 12:00:00","W","2.841","2.877","2.805","24.000","2023-05-29 17:12:14"
"2021-07-26 12:00:00","D","5.423","7.550","2.800","24.000","2023-05-29 17:12:11"
"2021-07-26 18:00:00","W","2.834","2.879","2.784","24.000","2023-05-29 17:12:14"
"2021-07-26 18:00:00","D","4.320","6.340","2.750","24.000","2023-05-29 17:12:11"
"2021-07-27 00:00:00","W","2.846","2.866","2.833","24.000","2023-05-29 17:12:14"
"2021-07-27 00:00:00","D","3.663","5.480","1.600","24.000","2023-05-29 17:12:11"
"2021-07-27 06:00:00","W","2.822","2.842","2.804","24.000","2023-05-29 17:12:14"
"2021-07-27 06:00:00","D","3.549","4.770","2.700","24.000","2023-05-29 17:12:11"
"2021-07-27 12:00:00","W","2.807","2.823","2.796","24.000","2023-05-29 17:12:14"
"2021-07-27 12:00:00","D","3.144","4.290","2.510","24.000","2023-05-29 17:12:11"
"2021-07-27 18:00:00","W","2.830","2.850","2.817","24.000","2023-05-29 17:12:14"
"2021-07-27 18:00:00","D","3.023","5.240","1.970","24.000","2023-05-29 17:12:11"
"2021-07-28 00:00:00","W","2.824","2.841","2.815","24.000","2023-05-29 17:12:14"
"2021-07-28 00:00:00","D","2.995","5.020","2.450","24.000","2023-05-29 17:12:11"
"2021-07-28 06:00:00","W","2.818","2.831","2.810","24.000","2023-05-29 17:12:14"
"2021-07-28 06:00:00","D","2.915","3.720","2.400","24.000","2023-05-29 17:12:11"
"2021-07-28 12:00:00","W","2.810","2.820","2.801","24.000","2023-05-29 17:12:14"
"2021-07-28 12:00:00","D","2.990","3.780","2.320","24.000","2023-05-29 17:12:11"
"2021-07-28 18:00:00","W","2.806","2.819","2.801","24.000","2023-05-29 17:12:14"
"2021-07-28 18:00:00","D","2.900","4.060","1.830","24.000","2023-05-29 17:12:11"
"2021-07-29 00:00:00","W","2.809","2.820","2.800","24.000","2023-05-29 17:12:14"
"2021-07-29 00:00:00","D","3.104","4.030","2.310","24.000","2023-05-29 17:12:11"
"2021-07-29 06:00:00","W","2.812","2.822","2.803","24.000","2023-05-29 17:12:14"
"2021-07-29 06:00:00","D","3.065","3.890","2.420","24.000","2023-05-29 17:12:11"
"2021-07-29 12:00:00","W","2.807","2.817","2.798","24.000","2023-05-29 17:12:14"
"2021-07-29 12:00:00","D","2.972","4.220","1.980","24.000","2023-05-29 17:12:11"
"2021-07-29 18:00:00","W","2.806","2.814","2.798","24.000","2023-05-29 17:12:14"
"2021-07-29 18:00:00","D","2.743","3.600","1.910","24.000","2023-05-29 17:12:11"
"2021-07-30 00:00:00","W","2.820","2.828","2.811","24.000","2023-05-29 17:12:14"
"2021-07-30 00:00:00","D","2.763","3.370","2.170","24.000","2023-05-29 17:12:11"
"2021-07-30 06:00:00","W","2.821","2.829","2.813","24.000","2023-05-29 17:12:14"
"2021-07-30 06:00:00","D","2.848","3.640","2.410","24.000","2023-05-29 17:12:11"
"2021-07-30 12:00:00","W","2.819","2.830","2.810","24.000","2023-05-29 17:12:14"
"2021-07-30 12:00:00","D","2.763","3.790","2.200","24.000","2023-05-29 17:12:11"
"2021-07-30 18:00:00","W","2.825","2.846","2.814","24.000","2023-05-29 17:12:14"
"2021-07-30 18:00:00","D","2.793","4.290","1.460","24.000","2023-05-29 17:12:11"
"2021-07-31 00:00:00","W","2.827","2.837","2.820","24.000","2023-05-29 17:12:14"
"2021-07-31 00:00:00","D","2.883","3.640","2.140","24.000","2023-05-29 17:12:11"
"2021-07-31 06:00:00","W","2.838","2.853","2.826","24.000","2023-05-29 17:12:14"
"2021-07-31 06:00:00","D","3.180","4.610","1.890","24.000","2023-05-29 17:12:11"
"2021-07-31 12:00:00","W","2.832","2.851","2.823","24.000","2023-05-29 17:12:14"
"2021-07-31 12:00:00","D","3.008","4.730","2.110","24.000","2023-05-29 17:12:11"
"2021-07-31 18:00:00","W","2.847","2.875","2.821","24.000","2023-05-29 17:12:14"
"2021-07-31 18:00:00","D","3.415","5.060","2.180","24.000","2023-05-29 17:12:11"
"2021-08-01 00:00:00","W","2.859","2.875","2.847","24.000","2023-05-29 17:12:14"
"2021-08-01 00:00:00","D","3.431","5.000","2.160","24.000","2023-05-29 17:12:11"
"2021-08-01 06:00:00","W","2.862","2.875","2.853","24.000","2023-05-29 17:12:14"
"2021-08-01 06:00:00","D","3.477","5.010","2.380","24.000","2023-05-29 17:12:11"
"2021-08-01 12:00:00","W","2.854","2.869","2.841","24.000","2023-05-29 17:12:14"
"2021-08-01 12:00:00","D","3.230","4.430","1.810","24.000","2023-05-29 17:12:11"
"2021-08-01 18:00:00","W","2.845","2.859","2.832","24.000","2023-05-29 17:12:14"
"2021-08-01 18:00:00","D","3.040","4.660","2.240","24.000","2023-05-29 17:12:11"
"2021-08-02 00:00:00","W","2.844","2.857","2.835","24.000","2023-05-29 17:12:14"
"2021-08-02 00:00:00","D","3.022","4.310","2.130","24.000","2023-05-29 17:12:11"
"2021-08-02 06:00:00","W","2.841","2.854","2.834","24.000","2023-05-29 17:12:14"
"2021-08-02 06:00:00","D","3.049","4.350","2.050","24.000","2023-05-29 17:12:11"
"2021-08-02 12:00:00","W","2.837","2.849","2.827","24.000","2023-05-29 17:12:14"
"2021-08-02 12:00:00","D","3.014","4.220","2.320","24.000","2023-05-29 17:12:11"
"2021-08-02 18:00:00","W","2.828","2.843","2.817","24.000","2023-05-29 17:12:14"
"2021-08-02 18:00:00","D","2.883","4.180","2.150","24.000","2023-05-29 17:12:11"
"2021-08-03 00:00:00","W","2.825","2.837","2.815","24.000","2023-05-29 17:12:14"
"2021-08-03 00:00:00","D","2.892","4.300","2.050","24.000","2023-05-29 17:12:11"
"2021-08-03 06:00:00","W","2.821","2.831","2.813","24.000","2023-05-29 17:12:14"
"2021-08-03 06:00:00","D","2.896","3.550","2.300","24.000","2023-05-29 17:12:11"
"2021-08-03 12:00:00","W","2.817","2.828","2.805","24.000","2023-05-29 17:12:14"
"2021-08-03 12:00:00","D","2.753","3.900","1.970","24.000","2023-05-29 17:12:11"
"2021-08-03 18:00:00","W","2.815","2.829","2.805","24.000","2023-05-29 17:12:14"
"2021-08-03 18:00:00","D","2.690","3.770","1.740","24.000","2023-05-29 17:12:11"
"2021-08-04 00:00:00","W","2.812","2.822","2.804","24.000","2023-05-29 17:12:14"
"2021-08-04 00:00:00","D","2.688","3.680","1.770","24.000","2023-05-29 17:12:11"
"2021-08-04 06:00:00","W","2.809","2.818","2.802","24.000","2023-05-29 17:12:14"
"2021-08-04 06:00:00","D","2.718","3.560","2.070","24.000","2023-05-29 17:12:11"
"2021-08-04 12:00:00","W","2.808","2.821","2.799","24.000","2023-05-29 17:12:14"
"2021-08-04 12:00:00","D","2.647","3.450","1.660","24.000","2023-05-29 17:12:11"
"2021-08-04 18:00:00","W","2.808","2.820","2.798","24.000","2023-05-29 17:12:14"
"2021-08-04 18:00:00","D","2.433","3.330","1.380","24.000","2023-05-29 17:12:11"
"2021-08-05 00:00:00","W","2.823","2.833","2.810","24.000","2023-05-29 17:12:14"
"2021-08-05 00:00:00","D","2.625","3.520","1.790","24.000","2023-05-29 17:12:11"
"2021-08-05 06:00:00","W","2.825","2.835","2.818","24.000","2023-05-29 17:12:14"
"2021-08-05 06:00:00","D","2.643","3.510","2.040","24.000","2023-05-29 17:12:11"
"2021-08-05 12:00:00","W","2.822","2.830","2.815","24.000","2023-05-29 17:12:14"
"2021-08-05 12:00:00","D","2.681","3.590","2.000","24.000","2023-05-29 17:12:11"
"2021-08-05 18:00:00","W","2.821","2.834","2.810","24.000","2023-05-29 17:12:14"
"2021-08-05 18:00:00","D","2.525","3.420","1.930","24.000","2023-05-29 17:12:11"
"2021-08-06 00:00:00","W","2.830","2.853","2.812","24.000","2023-05-29 17:12:14"
"2021-08-06 00:00:00","D","2.418","3.360","1.430","24.000","2023-05-29 17:12:11"
"2021-08-06 06:00:00","W","2.826","2.840","2.817","24.000","2023-05-29 17:12:14"
"2021-08-06 06:00:00","D","2.700","3.510","1.880","24.000","2023-05-29 17:12:11"
"2021-08-06 12:00:00","W","2.828","2.837","2.819","24.000","2023-05-29 17:12:14"
"2021-08-06 12:00:00","D","2.654","3.510","2.090","24.000","2023-05-29 17:12:11"
"2021-08-06 18:00:00","W","2.830","2.843","2.818","24.000","2023-05-29 17:12:14"
"2021-08-06 18:00:00","D","2.753","3.610","1.960","24.000","2023-05-29 17:12:11"
"2021-08-07 00:00:00","W","2.827","2.839","2.819","24.000","2023-05-29 17:12:14"
"2021-08-07 00:00:00","D","2.701","3.940","1.650","24.000","2023-05-29 17:12:11"
"2021-08-07 06:00:00","W","2.825","2.833","2.818","24.000","2023-05-29 17:12:14"
"2021-08-07 06:00:00","D","2.720","3.700","2.040","24.000","2023-05-29 17:12:11"
"2021-08-07 12:00:00","W","2.829","2.842","2.817","24.000","2023-05-29 17:12:14"
"2021-08-07 12:00:00","D","2.651","3.710","1.890","24.000","2023-05-29 17:12:11"
"2021-08-07 18:00:00","W","2.839","2.854","2.824","24.000","2023-05-29 17:12:14"
"2021-08-07 18:00:00","D","2.607","3.780","1.990","24.000","2023-05-29 17:12:11"
"2021-08-08 00:00:00","W","2.870","2.887","2.850","24.000","2023-05-29 17:12:14"
"2021-08-08 00:00:00","D","2.594","3.500","1.840","24.000","2023-05-29 17:12:11"
"2021-08-08 06:00:00","W","2.871","2.889","2.860","24.000","2023-05-29 17:12:14"
"2021-08-08 06:00:00","D","2.912","3.750","2.240","24.000","2023-05-29 17:12:11"
"2021-08-08 12:00:00","W","2.859","2.869","2.849","24.000","2023-05-29 17:12:14"
"2021-08-08 12:00:00","D","2.730","3.640","2.030","24.000","2023-05-29 17:12:11"
"2021-08-08 18:00:00","W","2.853","2.864","2.841","24.000","2023-05-29 17:12:14"
"2021-08-08 18:00:00","D","2.724","3.670","2.040","24.000","2023-05-29 17:12:11"
"2021-08-09 00:00:00","W","2.838","2.850","2.828","24.000","2023-05-29 17:12:14"
"2021-08-09 00:00:00","D","2.786","3.610","2.160","24.000","2023-05-29 17:12:11"
"2021-08-09 06:00:00","W","2.828","2.840","2.818","24.000","2023-05-29 17:12:14"
"2021-08-09 06:00:00","D","2.772","3.440","2.310","24.000","2023-05-29 17:12:11"
"2021-08-09 12:00:00","W","2.820","2.829","2.810","24.000","2023-05-29 17:12:14"
"2021-08-09 12:00:00","D","2.712","3.750","1.920","24.000","2023-05-29 17:12:11"
"2021-08-09 18:00:00","W","2.818","2.832","2.809","24.000","2023-05-29 17:12:14"
"2021-08-09 18:00:00","D","2.652","3.460","1.840","24.000","2023-05-29 17:12:11"
"2021-08-10 00:00:00","W","2.824","2.832","2.815","24.000","2023-05-29 17:12:14"
"2021-08-10 00:00:00","D","2.773","3.510","2.080","24.000","2023-05-29 17:12:11"
"2021-08-10 06:00:00","W","2.825","2.833","2.818","24.000","2023-05-29 17:12:14"
"2021-08-10 06:00:00","D","2.763","3.600","2.220","24.000","2023-05-29 17:12:11"
"2021-08-10 12:00:00","W","2.827","2.839","2.819","24.000","2023-05-29 17:12:14"
"2021-08-10 12:00:00","D","2.601","3.540","1.910","24.000","2023-05-29 17:12:11"
"2021-08-10 18:00:00","W","2.823","2.836","2.812","24.000","2023-05-29 17:12:14"
"2021-08-10 18:00:00","D","2.619","3.820","1.990","24.000","2023-05-29 17:12:11"
"2021-08-11 00:00:00","W","2.817","2.829","2.808","24.000","2023-05-29 17:12:14"
"2021-08-11 00:00:00","D","2.540","3.440","1.780","24.000","2023-05-29 17:12:11"
"2021-08-11 06:00:00","W","2.813","2.826","2.806","24.000","2023-05-29 17:12:14"
"2021-08-11 06:00:00","D","2.593","3.620","1.670","24.000","2023-05-29 17:12:11"
"2021-08-11 12:00:00","W","2.807","2.818","2.798","24.000","2023-05-29 17:12:14"
"2021-08-11 12:00:00","D","2.483","3.230","1.720","24.000","2023-05-29 17:12:11"
"2021-08-11 18:00:00","W","2.822","2.833","2.809","24.000","2023-05-29 17:12:14"
"2021-08-11 18:00:00","D","2.274","3.510","1.580","24.000","2023-05-29 17:12:11"
"2021-08-12 00:00:00","W","2.824","2.832","2.817","24.000","2023-05-29 17:12:14"
"2021-08-12 00:00:00","D","2.443","3.500","1.340","24.000","2023-05-29 17:12:11"
"2021-08-12 06:00:00","W","2.820","2.830","2.812","24.000","2023-05-29 17:12:14"
"2021-08-12 06:00:00","D","2.465","3.380","1.880","24.000","2023-05-29 17:12:11"
"2021-08-12 12:00:00","W","2.816","2.825","2.808","24.000","2023-05-29 17:12:14"
"2021-08-12 12:00:00","D","2.432","3.230","1.800","24.000","2023-05-29 17:12:11"
"2021-08-12 18:00:00","W","2.818","2.831","2.807","24.000","2023-05-29 17:12:14"
"2021-08-12 18:00:00","D","2.385","3.250","1.650","24.000","2023-05-29 17:12:11"
"2021-08-13 00:00:00","W","2.814","2.823","2.808","24.000","2023-05-29 17:12:14"
"2021-08-13 00:00:00","D","2.473","3.360","1.710","24.000","2023-05-29 17:12:11"
"2021-08-13 06:00:00","W","2.814","2.822","2.806","24.000","2023-05-29 17:12:14"
"2021-08-13 06:00:00","D","2.420","3.200","1.710","24.000","2023-05-29 17:12:11"
"2021-08-13 12:00:00","W","2.808","2.824","2.796","24.000","2023-05-29 17:12:14"
"2021-08-13 12:00:00","D","2.200","3.760","1.340","24.000","2023-05-29 17:12:11"
"2021-08-13 18:00:00","W","2.813","2.820","2.803","24.000","2023-05-29 17:12:14"
"2021-08-13 18:00:00","D","1.976","2.400","1.650","24.000","2023-05-29 17:12:11"
"2021-08-14 00:00:00","W","2.823","2.826","2.818","24.000","2023-05-29 17:12:14"
"2021-08-14 00:00:00","D","1.991","2.260","1.520","24.000","2023-05-29 17:12:11"
"2021-08-14 06:00:00","W","2.827","2.828","2.824","24.000","2023-05-29 17:12:14"
"2021-08-14 06:00:00","D","2.185","2.350","1.930","24.000","2023-05-29 17:12:11"
"2021-08-14 12:00:00","W","2.825","2.828","2.823","24.000","2023-05-29 17:12:14"
"2021-08-14 12:00:00","D","2.253","2.780","1.820","24.000","2023-05-29 17:12:11"
"2021-08-14 18:00:00","W","2.820","2.823","2.818","24.000","2023-05-29 17:12:14"
"2021-08-14 18:00:00","D","2.271","2.770","1.980","24.000","2023-05-29 17:12:11"
"2021-08-15 00:00:00","W","2.817","2.820","2.815","24.000","2023-05-29 17:12:14"
"2021-08-15 00:00:00","D","2.254","2.570","1.960","24.000","2023-05-29 17:12:11"
"2021-08-15 06:00:00","W","2.820","2.824","2.817","24.000","2023-05-29 17:12:14"
"2021-08-15 06:00:00","D","2.230","2.450","1.660","24.000","2023-05-29 17:12:11"
"2021-08-15 12:00:00","W","2.823","2.826","2.820","24.000","2023-05-29 17:12:14"
"2021-08-15 12:00:00","D","2.261","2.760","1.970","24.000","2023-05-29 17:12:11"
"2021-08-15 18:00:00","W","2.826","2.831","2.823","24.000","2023-05-29 17:12:14"
"2021-08-15 18:00:00","D","2.305","2.880","1.840","24.000","2023-05-29 17:12:11"
"2021-08-16 00:00:00","W","2.823","2.825","2.822","24.000","2023-05-29 17:12:14"
"2021-08-16 00:00:00","D","2.258","2.480","1.700","24.000","2023-05-29 17:12:11"
"2021-08-16 06:00:00","W","2.823","2.824","2.822","24.000","2023-05-29 17:12:14"
"2021-08-16 06:00:00","D","2.178","2.290","1.970","24.000","2023-05-29 17:12:11"
"2021-08-16 12:00:00","W","2.822","2.828","2.820","24.000","2023-05-29 17:12:14"
"2021-08-16 12:00:00","D","2.172","2.760","1.470","24.000","2023-05-29 17:12:11"
"2021-08-16 18:00:00","W","2.823","2.827","2.819","24.000","2023-05-29 17:12:14"
"2021-08-16 18:00:00","D","2.158","2.720","1.700","24.000","2023-05-29 17:12:11"
"2021-08-17 00:00:00","W","2.820","2.825","2.818","24.000","2023-05-29 17:12:14"
"2021-08-17 00:00:00","D","2.249","2.470","1.910","24.000","2023-05-29 17:12:11"
"2021-08-17 06:00:00","W","2.819","2.820","2.818","24.000","2023-05-29 17:12:14"
"2021-08-17 06:00:00","D","2.238","2.390","2.010","24.000","2023-05-29 17:12:11"
"2021-08-17 12:00:00","W","2.820","2.824","2.818","24.000","2023-05-29 17:12:14"
"2021-08-17 12:00:00","D","2.206","2.610","1.560","24.000","2023-05-29 17:12:11"
"2021-08-17 18:00:00","W","2.822","2.827","2.817","24.000","2023-05-29 17:12:14"
"2021-08-17 18:00:00","D","2.166","2.450","1.690","24.000","2023-05-29 17:12:11"
"2021-08-18 00:00:00","W","2.825","2.826","2.824","24.000","2023-05-29 17:12:14"
"2021-08-18 00:00:00","D","2.137","2.480","1.250","24.000","2023-05-29 17:12:11"
"2021-08-18 06:00:00","W","2.827","2.828","2.826","24.000","2023-05-29 17:12:14"
"2021-08-18 06:00:00","D","2.313","2.510","1.990","24.000","2023-05-29 17:12:11"
"2021-08-18 12:00:00","W","2.826","2.828","2.821","24.000","2023-05-29 17:12:14"
"2021-08-18 12:00:00","D","2.247","2.570","1.630","24.000","2023-05-29 17:12:11"
"2021-08-18 18:00:00","W","2.823","2.827","2.821","24.000","2023-05-29 17:12:14"
"2021-08-18 18:00:00","D","2.058","2.430","1.720","24.000","2023-05-29 17:12:11"
"2021-08-19 00:00:00","W","2.823","2.825","2.822","24.000","2023-05-29 17:12:14"
"2021-08-19 00:00:00","D","2.194","2.520","1.770","24.000","2023-05-29 17:12:11"
"2021-08-19 06:00:00","W","2.824","2.825","2.822","24.000","2023-05-29 17:12:14"
"2021-08-19 06:00:00","D","2.186","2.580","1.620","24.000","2023-05-29 17:12:11"
"2021-08-19 12:00:00","W","2.822","2.825","2.821","24.000","2023-05-29 17:12:14"
"2021-08-19 12:00:00","D","2.217","2.550","1.850","24.000","2023-05-29 17:12:11"
"2021-08-19 18:00:00","W","2.823","2.829","2.818","24.000","2023-05-29 17:12:14"
"2021-08-19 18:00:00","D","2.175","2.600","1.790","24.000","2023-05-29 17:12:11"
"2021-08-20 00:00:00","W","2.819","2.821","2.817","24.000","2023-05-29 17:12:14"
"2021-08-20 00:00:00","D","2.214","2.460","1.940","24.000","2023-05-29 17:12:11"
"2021-08-20 06:00:00","W","2.821","2.821","2.819","24.000","2023-05-29 17:12:14"
"2021-08-20 06:00:00","D","2.171","2.500","1.640","24.000","2023-05-29 17:12:11"
"2021-08-20 12:00:00","W","2.820","2.823","2.819","24.000","2023-05-29 17:12:14"
"2021-08-20 12:00:00","D","2.177","2.530","1.430","24.000","2023-05-29 17:12:11"
"2021-08-20 18:00:00","W","2.820","2.825","2.818","24.000","2023-05-29 17:12:14"
"2021-08-20 18:00:00","D","2.141","2.580","1.710","24.000","2023-05-29 17:12:11"
"2021-08-21 00:00:00","W","2.819","2.821","2.818","24.000","2023-05-29 17:12:14"
"2021-08-21 00:00:00","D","2.140","2.420","1.570","24.000","2023-05-29 17:12:11"
"2021-08-21 06:00:00","W","2.819","2.819","2.819","24.000","2023-05-29 17:12:14"
"2021-08-21 06:00:00","D","2.177","2.340","1.970","24.000","2023-05-29 17:12:11"
"2021-08-21 12:00:00","W","2.818","2.819","2.816","24.000","2023-05-29 17:12:14"
"2021-08-21 12:00:00","D","2.150","2.450","1.580","24.000","2023-05-29 17:12:11"
"2021-08-21 18:00:00","W","2.820","2.823","2.819","24.000","2023-05-29 17:12:14"
"2021-08-21 18:00:00","D","2.184","2.750","1.450","24.000","2023-05-29 17:12:11"
"2021-08-22 00:00:00","W","2.822","2.825","2.821","24.000","2023-05-29 17:12:14"
"2021-08-22 00:00:00","D","2.156","2.500","1.930","24.000","2023-05-29 17:12:11"
"2021-08-22 06:00:00","W","2.835","2.876","2.820","24.000","2023-05-29 17:12:14"
"2021-08-22 06:00:00","D","2.582","4.240","1.930","24.000","2023-05-29 17:12:11"
"2021-08-22 12:00:00","W","2.869","2.885","2.859","24.000","2023-05-29 17:12:14"
"2021-08-22 12:00:00","D","3.314","4.850","2.620","24.000","2023-05-29 17:12:11"
"2021-08-22 18:00:00","W","2.870","2.895","2.847","24.000","2023-05-29 17:12:14"
"2021-08-22 18:00:00","D","4.654","6.430","3.120","24.000","2023-05-29 17:12:11"
"2021-08-23 00:00:00","W","2.827","2.857","2.805","24.000","2023-05-29 17:12:14"
"2021-08-23 00:00:00","D","3.773","5.880","2.960","24.000","2023-05-29 17:12:11"
"2021-08-23 06:00:00","W","2.806","2.817","2.794","24.000","2023-05-29 17:12:14"
"2021-08-23 06:00:00","D","3.199","4.300","2.540","24.000","2023-05-29 17:12:11"
"2021-08-23 12:00:00","W","2.823","2.830","2.816","24.000","2023-05-29 17:12:14"
"2021-08-23 12:00:00","D","3.078","4.130","2.550","24.000","2023-05-29 17:12:11"
"2021-08-23 18:00:00","W","2.810","2.827","2.798","24.000","2023-05-29 17:12:14"
"2021-08-23 18:00:00","D","2.836","3.690","2.400","24.000","2023-05-29 17:12:11"
"2021-08-24 00:00:00","W","2.805","2.808","2.802","24.000","2023-05-29 17:12:14"
"2021-08-24 00:00:00","D","2.752","2.970","2.370","24.000","2023-05-29 17:12:11"
"2021-08-24 06:00:00","W","2.800","2.804","2.795","24.000","2023-05-29 17:12:14"
"2021-08-24 06:00:00","D","2.779","2.960","2.450","24.000","2023-05-29 17:12:11"
"2021-08-24 12:00:00","W","2.798","2.803","2.795","24.000","2023-05-29 17:12:14"
"2021-08-24 12:00:00","D","2.506","2.790","2.100","24.000","2023-05-29 17:12:11"
"2021-08-24 18:00:00","W","2.803","2.809","2.796","24.000","2023-05-29 17:12:14"
"2021-08-24 18:00:00","D","2.305","3.010","1.840","24.000","2023-05-29 17:12:11"
"2021-08-25 00:00:00","W","2.801","2.807","2.799","24.000","2023-05-29 17:12:14"
"2021-08-25 00:00:00","D","2.431","2.680","2.200","24.000","2023-05-29 17:12:11"
"2021-08-25 06:00:00","W","2.799","2.801","2.795","24.000","2023-05-29 17:12:14"
"2021-08-25 06:00:00","D","2.497","2.660","2.170","24.000","2023-05-29 17:12:11"
"2021-08-25 12:00:00","W","2.798","2.802","2.793","24.000","2023-05-29 17:12:14"
"2021-08-25 12:00:00","D","2.275","2.570","1.960","24.000","2023-05-29 17:12:11"
"2021-08-25 18:00:00","W","2.803","2.809","2.796","24.000","2023-05-29 17:12:14"
"2021-08-25 18:00:00","D","2.065","2.350","1.650","24.000","2023-05-29 17:12:11"
"2021-08-26 00:00:00","W","2.809","2.812","2.808","24.000","2023-05-29 17:12:14"
"2021-08-26 00:00:00","D","2.238","2.420","1.800","24.000","2023-05-29 17:12:11"
"2021-08-26 06:00:00","W","2.809","2.810","2.806","24.000","2023-05-29 17:12:14"
"2021-08-26 06:00:00","D","2.320","2.520","1.990","24.000","2023-05-29 17:12:11"
"2021-08-26 12:00:00","W","2.805","2.808","2.803","24.000","2023-05-29 17:12:14"
"2021-08-26 12:00:00","D","2.213","2.570","1.950","24.000","2023-05-29 17:12:11"
"2021-08-26 18:00:00","W","2.801","2.807","2.794","24.000","2023-05-29 17:12:14"
"2021-08-26 18:00:00","D","2.286","2.720","1.770","24.000","2023-05-29 17:12:11"
"2021-08-27 00:00:00","W","2.814","2.824","2.794","24.000","2023-05-29 17:12:14"
"2021-08-27 00:00:00","D","2.034","2.340","1.440","24.000","2023-05-29 17:12:11"
"2021-08-27 06:00:00","W","2.825","2.826","2.824","24.000","2023-05-29 17:12:14"
"2021-08-27 06:00:00","D","2.202","2.350","2.020","24.000","2023-05-29 17:12:11"
"2021-08-27 12:00:00","W","2.825","2.830","2.823","24.000","2023-05-29 17:12:14"
"2021-08-27 12:00:00","D","2.142","2.470","1.750","24.000","2023-05-29 17:12:11"
"2021-08-27 18:00:00","W","2.826","2.831","2.821","24.000","2023-05-29 17:12:14"
"2021-08-27 18:00:00","D","2.215","2.690","1.630","24.000","2023-05-29 17:12:11"
"2021-08-28 00:00:00","W","2.823","2.826","2.820","24.000","2023-05-29 17:12:14"
"2021-08-28 00:00:00","D","2.413","2.680","1.930","24.000","2023-05-29 17:12:11"
"2021-08-28 06:00:00","W","2.823","2.824","2.822","24.000","2023-05-29 17:12:14"
"2021-08-28 06:00:00","D","2.426","2.490","2.270","24.000","2023-05-29 17:12:11"
"2021-08-28 12:00:00","W","2.821","2.824","2.817","24.000","2023-05-29 17:12:14"
"2021-08-28 12:00:00","D","2.188","2.450","1.740","24.000","2023-05-29 17:12:11"
"2021-08-28 18:00:00","W","2.817","2.821","2.812","24.000","2023-05-29 17:12:14"
"2021-08-28 18:00:00","D","2.053","2.540","1.640","24.000","2023-05-29 17:12:11"
"2021-08-29 00:00:00","W","2.819","2.822","2.816","24.000","2023-05-29 17:12:14"
"2021-08-29 00:00:00","D","2.054","2.220","1.520","24.000","2023-05-29 17:12:11"
"2021-08-29 06:00:00","W","2.821","2.822","2.821","24.000","2023-05-29 17:12:14"
"2021-08-29 06:00:00","D","2.169","2.360","2.020","24.000","2023-05-29 17:12:11"
"2021-08-29 12:00:00","W","2.819","2.823","2.815","24.000","2023-05-29 17:12:14"
"2021-08-29 12:00:00","D","2.160","2.450","1.750","24.000","2023-05-29 17:12:11"
"2021-08-29 18:00:00","W","2.819","2.825","2.814","24.000","2023-05-29 17:12:14"
"2021-08-29 18:00:00","D","2.047","2.510","1.630","24.000","2023-05-29 17:12:11"
"2021-08-30 00:00:00","W","2.815","2.823","2.813","24.000","2023-05-29 17:12:14"
"2021-08-30 00:00:00","D","1.998","2.220","1.740","24.000","2023-05-29 17:12:11"
"2021-08-30 06:00:00","W","2.804","2.813","2.788","24.000","2023-05-29 17:12:14"
"2021-08-30 06:00:00","D","2.164","3.300","1.840","24.000","2023-05-29 17:12:11"
"2021-08-30 12:00:00","W","2.868","2.886","2.822","24.000","2023-05-29 17:12:14"
"2021-08-30 12:00:00","D","1.701","2.420","0.700","24.000","2023-05-29 17:12:11"
"2021-08-30 18:00:00","W","2.866","2.884","2.857","24.000","2023-05-29 17:12:14"
"2021-08-30 18:00:00","D","2.256","2.630","1.820","24.000","2023-05-29 17:12:11"
"2021-08-31 00:00:00","W","2.854","2.857","2.853","24.000","2023-05-29 17:12:14"
"2021-08-31 00:00:00","D","2.258","2.400","2.030","24.000","2023-05-29 17:12:11"
"2021-08-31 06:00:00","W","2.855","2.858","2.853","24.000","2023-05-29 17:12:14"
"2021-08-31 06:00:00","D","2.398","2.870","2.280","24.000","2023-05-29 17:12:11"
"2021-08-31 12:00:00","W","2.858","2.859","2.856","24.000","2023-05-29 17:12:14"
"2021-08-31 12:00:00","D","2.099","2.560","1.500","24.000","2023-05-29 17:12:11"
"2021-08-31 18:00:00","W","2.858","2.863","2.853","24.000","2023-05-29 17:12:14"
"2021-08-31 18:00:00","D","2.002","2.580","1.450","24.000","2023-05-29 17:12:11"
"2021-09-01 00:00:00","W","2.856","2.857","2.853","24.000","2023-05-29 17:12:14"
"2021-09-01 00:00:00","D","2.015","2.380","1.760","24.000","2023-05-29 17:12:11"
"2021-09-01 06:00:00","W","2.857","2.857","2.856","24.000","2023-05-29 17:12:14"
"2021-09-01 06:00:00","D","1.961","2.210","1.440","24.000","2023-05-29 17:12:11"
"2021-09-01 12:00:00","W","2.858","2.862","2.856","24.000","2023-05-29 17:12:14"
"2021-09-01 12:00:00","D","2.036","2.380","1.740","24.000","2023-05-29 17:12:11"
"2021-09-01 18:00:00","W","2.857","2.862","2.854","24.000","2023-05-29 17:12:14"
"2021-09-01 18:00:00","D","1.926","2.310","1.650","24.000","2023-05-29 17:12:11"
"2021-09-02 00:00:00","W","2.857","2.859","2.855","24.000","2023-05-29 17:12:14"
"2021-09-02 00:00:00","D","1.963","2.360","1.460","24.000","2023-05-29 17:12:11"
"2021-09-02 06:00:00","W","2.858","2.859","2.855","24.000","2023-05-29 17:12:14"
"2021-09-02 06:00:00","D","1.941","2.200","1.650","24.000","2023-05-29 17:12:11"
"2021-09-02 12:00:00","W","2.854","2.855","2.852","24.000","2023-05-29 17:12:14"
"2021-09-02 12:00:00","D","1.926","2.160","1.620","24.000","2023-05-29 17:12:11"
"2021-09-02 18:00:00","W","2.851","2.852","2.848","24.000","2023-05-29 17:12:14"
"2021-09-02 18:00:00","D","1.788","2.220","1.270","24.000","2023-05-29 17:12:11"
"2021-09-03 00:00:00","W","2.851","2.853","2.850","24.000","2023-05-29 17:12:14"
"2021-09-03 00:00:00","D","1.815","2.070","1.020","24.000","2023-05-29 17:12:11"
"2021-09-03 06:00:00","W","2.853","2.853","2.853","24.000","2023-05-29 17:12:14"
"2021-09-03 06:00:00","D","1.878","2.200","1.430","24.000","2023-05-29 17:12:11"
"2021-09-03 12:00:00","W","2.849","2.853","2.846","24.000","2023-05-29 17:12:14"
"2021-09-03 12:00:00","D","1.891","2.270","1.350","24.000","2023-05-29 17:12:11"
"2021-09-03 18:00:00","W","2.853","2.857","2.847","24.000","2023-05-29 17:12:14"
"2021-09-03 18:00:00","D","1.838","2.610","1.110","24.000","2023-05-29 17:12:11"
"2021-09-04 00:00:00","W","2.851","2.854","2.850","24.000","2023-05-29 17:12:14"
"2021-09-04 00:00:00","D","1.788","2.120","1.270","24.000","2023-05-29 17:12:11"
"2021-09-04 06:00:00","W","2.852","2.853","2.851","24.000","2023-05-29 17:12:14"
"2021-09-04 06:00:00","D","1.859","2.090","1.550","24.000","2023-05-29 17:12:11"
"2021-09-04 12:00:00","W","2.853","2.855","2.851","24.000","2023-05-29 17:12:14"
"2021-09-04 12:00:00","D","1.910","2.470","1.390","24.000","2023-05-29 17:12:11"
"2021-09-04 18:00:00","W","2.850","2.856","2.845","24.000","2023-05-29 17:12:14"
"2021-09-04 18:00:00","D","1.850","2.600","1.180","24.000","2023-05-29 17:12:11"
"2021-09-05 00:00:00","W","2.848","2.852","2.846","24.000","2023-05-29 17:12:14"
"2021-09-05 00:00:00","D","1.831","2.020","1.320","24.000","2023-05-29 17:12:11"
"2021-09-05 06:00:00","W","2.847","2.848","2.847","24.000","2023-05-29 17:12:14"
"2021-09-05 06:00:00","D","1.774","2.030","1.330","24.000","2023-05-29 17:12:11"
"2021-09-05 12:00:00","W","2.849","2.855","2.847","24.000","2023-05-29 17:12:14"
"2021-09-05 12:00:00","D","1.873","2.360","1.380","24.000","2023-05-29 17:12:11"
"2021-09-05 18:00:00","W","2.847","2.852","2.843","24.000","2023-05-29 17:12:14"
"2021-09-05 18:00:00","D","1.828","2.090","1.270","24.000","2023-05-29 17:12:11"
"2021-09-06 00:00:00","W","2.844","2.847","2.842","24.000","2023-05-29 17:12:14"
"2021-09-06 00:00:00","D","1.798","2.010","1.510","24.000","2023-05-29 17:12:11"
"2021-09-06 06:00:00","W","2.845","2.846","2.844","24.000","2023-05-29 17:12:14"
"2021-09-06 06:00:00","D","1.794","2.170","1.280","24.000","2023-05-29 17:12:11"
"2021-09-06 12:00:00","W","2.846","2.850","2.844","24.000","2023-05-29 17:12:14"
"2021-09-06 12:00:00","D","1.788","2.210","1.400","24.000","2023-05-29 17:12:11"
"2021-09-06 18:00:00","W","2.849","2.852","2.847","24.000","2023-05-29 17:12:14"
"2021-09-06 18:00:00","D","1.847","2.060","1.660","24.000","2023-05-29 17:12:11"
"2021-09-07 00:00:00","W","2.853","2.854","2.852","24.000","2023-05-29 17:12:14"
"2021-09-07 00:00:00","D","1.896","2.100","1.570","24.000","2023-05-29 17:12:11"
"2021-09-07 06:00:00","W","2.853","2.853","2.851","24.000","2023-05-29 17:12:14"
"2021-09-07 06:00:00","D","1.978","2.200","1.760","24.000","2023-05-29 17:12:11"
"2021-09-07 12:00:00","W","2.848","2.853","2.843","24.000","2023-05-29 17:12:14"
"2021-09-07 12:00:00","D","1.896","2.250","1.340","24.000","2023-05-29 17:12:11"
"2021-09-07 18:00:00","W","2.847","2.852","2.845","24.000","2023-05-29 17:12:14"
"2021-09-07 18:00:00","D","2.010","2.640","1.660","24.000","2023-05-29 17:12:11"
"2021-09-08 00:00:00","W","2.845","2.848","2.843","24.000","2023-05-29 17:12:14"
"2021-09-08 00:00:00","D","1.928","2.130","1.700","24.000","2023-05-29 17:12:11"
"2021-09-08 06:00:00","W","2.846","2.846","2.845","24.000","2023-05-29 17:12:14"
"2021-09-08 06:00:00","D","1.936","2.130","1.550","24.000","2023-05-29 17:12:11"
"2021-09-08 12:00:00","W","2.847","2.850","2.844","24.000","2023-05-29 17:12:14"
"2021-09-08 12:00:00","D","1.876","2.130","1.640","24.000","2023-05-29 17:12:11"
"2021-09-08 18:00:00","W","2.846","2.848","2.843","24.000","2023-05-29 17:12:14"
"2021-09-08 18:00:00","D","1.935","2.290","1.560","24.000","2023-05-29 17:12:11"
"2021-09-09 00:00:00","W","2.844","2.848","2.843","24.000","2023-05-29 17:12:14"
"2021-09-09 00:00:00","D","1.828","2.070","1.480","24.000","2023-05-29 17:12:11"
"2021-09-09 06:00:00","W","2.848","2.848","2.848","24.000","2023-05-29 17:12:14"
"2021-09-09 06:00:00","D","1.993","2.170","1.630","24.000","2023-05-29 17:12:11"
"2021-09-09 12:00:00","W","2.853","2.859","2.848","24.000","2023-05-29 17:12:14"
"2021-09-09 12:00:00","D","1.898","2.180","1.350","24.000","2023-05-29 17:12:11"
"2021-09-09 18:00:00","W","2.857","2.860","2.855","24.000","2023-05-29 17:12:14"
"2021-09-09 18:00:00","D","1.993","2.170","1.520","24.000","2023-05-29 17:12:11"
"2021-09-10 00:00:00","W","2.854","2.857","2.853","24.000","2023-05-29 17:12:14"
"2021-09-10 00:00:00","D","1.882","2.070","1.500","24.000","2023-05-29 17:12:11"
"2021-09-10 06:00:00","W","2.852","2.853","2.851","24.000","2023-05-29 17:12:14"
"2021-09-10 06:00:00","D","2.001","2.180","1.590","24.000","2023-05-29 17:12:11"
"2021-09-10 12:00:00","W","2.850","2.855","2.848","24.000","2023-05-29 17:12:14"
"2021-09-10 12:00:00","D","1.860","2.130","1.470","24.000","2023-05-29 17:12:11"
"2021-09-10 18:00:00","W","2.858","2.863","2.855","24.000","2023-05-29 17:12:14"
"2021-09-10 18:00:00","D","1.890","2.150","1.390","24.000","2023-05-29 17:12:11"
"2021-09-11 00:00:00","W","2.864","2.866","2.862","24.000","2023-05-29 17:12:14"
"2021-09-11 00:00:00","D","2.008","2.190","1.750","24.000","2023-05-29 17:12:11"
"2021-09-11 06:00:00","W","2.865","2.866","2.862","24.000","2023-05-29 17:12:14"
"2021-09-11 06:00:00","D","2.005","2.220","1.310","24.000","2023-05-29 17:12:11"
"2021-09-11 12:00:00","W","2.860","2.863","2.857","24.000","2023-05-29 17:12:14"
"2021-09-11 12:00:00","D","1.937","2.200","1.630","24.000","2023-05-29 17:12:11"
"2021-09-11 18:00:00","W","2.858","2.861","2.856","24.000","2023-05-29 17:12:14"
"2021-09-11 18:00:00","D","1.990","2.330","1.720","24.000","2023-05-29 17:12:11"
"2021-09-12 00:00:00","W","2.854","2.856","2.853","24.000","2023-05-29 17:12:14"
"2021-09-12 00:00:00","D","1.893","2.110","1.420","24.000","2023-05-29 17:12:11"
"2021-09-12 06:00:00","W","2.851","2.853","2.849","24.000","2023-05-29 17:12:14"
"2021-09-12 06:00:00","D","1.799","2.030","1.490","24.000","2023-05-29 17:12:11"
"2021-09-12 12:00:00","W","2.847","2.850","2.843","24.000","2023-05-29 17:12:14"
"2021-09-12 12:00:00","D","1.790","2.200","1.520","24.000","2023-05-29 17:12:11"
"2021-09-12 18:00:00","W","2.843","2.847","2.839","24.000","2023-05-29 17:12:14"
"2021-09-12 18:00:00","D","1.733","2.070","1.220","24.000","2023-05-29 17:12:11"
"2021-09-13 00:00:00","W","2.847","2.848","2.844","24.000","2023-05-29 17:12:14"
"2021-09-13 00:00:00","D","1.638","1.960","1.170","24.000","2023-05-29 17:12:11"
"2021-09-13 06:00:00","W","2.845","2.846","2.843","24.000","2023-05-29 17:12:14"
"2021-09-13 06:00:00","D","1.841","1.990","1.190","24.000","2023-05-29 17:12:11"
"2021-09-13 12:00:00","W","2.841","2.844","2.837","24.000","2023-05-29 17:12:14"
"2021-09-13 12:00:00","D","1.707","1.900","1.260","24.000","2023-05-29 17:12:11"
"2021-09-13 18:00:00","W","2.839","2.841","2.838","24.000","2023-05-29 17:12:14"
"2021-09-13 18:00:00","D","1.731","2.140","1.430","24.000","2023-05-29 17:12:11"
"2021-09-14 00:00:00","W","2.840","2.842","2.839","24.000","2023-05-29 17:12:14"
"2021-09-14 00:00:00","D","1.648","1.890","1.270","24.000","2023-05-29 17:12:11"
"2021-09-14 06:00:00","W","2.842","2.844","2.840","24.000","2023-05-29 17:12:14"
"2021-09-14 06:00:00","D","1.773","1.950","1.340","24.000","2023-05-29 17:12:11"
"2021-09-14 12:00:00","W","2.872","2.897","2.844","24.000","2023-05-29 17:12:14"
"2021-09-14 12:00:00","D","2.482","3.560","1.910","24.000","2023-05-29 17:12:11"
"2021-09-14 18:00:00","W","2.886","2.936","2.810","24.000","2023-05-29 17:12:14"
"2021-09-14 18:00:00","D","5.756","11.080","2.680","24.000","2023-05-29 17:12:11"
"2021-09-15 00:00:00","W","2.843","2.886","2.808","24.000","2023-05-29 17:12:14"
"2021-09-15 00:00:00","D","8.579","11.450","4.120","24.000","2023-05-29 17:12:11"
"2021-09-15 06:00:00","W","2.838","2.884","2.803","24.000","2023-05-29 17:12:14"
"2021-09-15 06:00:00","D","6.941","10.600","3.930","24.000","2023-05-29 17:12:11"
"2021-09-15 12:00:00","W","2.822","2.851","2.801","24.000","2023-05-29 17:12:14"
"2021-09-15 12:00:00","D","4.872","7.780","2.990","24.000","2023-05-29 17:12:11"
"2021-09-15 18:00:00","W","2.808","2.821","2.792","24.000","2023-05-29 17:12:14"
"2021-09-15 18:00:00","D","3.986","5.170","2.960","24.000","2023-05-29 17:12:11"
"2021-09-16 00:00:00","W","2.806","2.817","2.795","24.000","2023-05-29 17:12:14"
"2021-09-16 00:00:00","D","3.586","4.690","3.020","24.000","2023-05-29 17:12:11"
"2021-09-16 06:00:00","W","2.813","2.827","2.793","24.000","2023-05-29 17:12:14"
"2021-09-16 06:00:00","D","3.077","3.760","2.500","24.000","2023-05-29 17:12:11"
"2021-09-16 12:00:00","W","2.808","2.819","2.801","24.000","2023-05-29 17:12:14"
"2021-09-16 12:00:00","D","2.928","3.780","2.410","24.000","2023-05-29 17:12:11"
"2021-09-16 18:00:00","W","2.803","2.807","2.794","24.000","2023-05-29 17:12:14"
"2021-09-16 18:00:00","D","2.357","2.880","1.910","24.000","2023-05-29 17:12:11"
"2021-09-17 00:00:00","W","2.805","2.814","2.799","24.000","2023-05-29 17:12:14"
"2021-09-17 00:00:00","D","2.590","3.040","1.950","24.000","2023-05-29 17:12:11"
"2021-09-17 06:00:00","W","2.797","2.802","2.793","24.000","2023-05-29 17:12:14"
"2021-09-17 06:00:00","D","2.416","2.710","2.030","24.000","2023-05-29 17:12:11"
"2021-09-17 12:00:00","W","2.805","2.810","2.799","24.000","2023-05-29 17:12:14"
"2021-09-17 12:00:00","D","2.376","2.600","1.950","24.000","2023-05-29 17:12:11"
"2021-09-17 18:00:00","W","2.801","2.803","2.799","24.000","2023-05-29 17:12:14"
"2021-09-17 18:00:00","D","2.251","2.760","1.640","24.000","2023-05-29 17:12:11"
"2021-09-18 00:00:00","W","2.796","2.800","2.793","24.000","2023-05-29 17:12:14"
"2021-09-18 00:00:00","D","2.320","2.570","2.030","24.000","2023-05-29 17:12:11"
"2021-09-18 06:00:00","W","2.806","2.808","2.795","24.000","2023-05-29 17:12:14"
"2021-09-18 06:00:00","D","2.224","2.500","1.880","24.000","2023-05-29 17:12:11"
"2021-09-18 12:00:00","W","2.806","2.809","2.803","24.000","2023-05-29 17:12:14"
"2021-09-18 12:00:00","D","2.215","2.490","1.720","24.000","2023-05-29 17:12:11"
"2021-09-18 18:00:00","W","2.805","2.809","2.803","24.000","2023-05-29 17:12:14"
"2021-09-18 18:00:00","D","2.075","2.560","1.710","24.000","2023-05-29 17:12:11"
"2021-09-19 00:00:00","W","2.804","2.807","2.802","24.000","2023-05-29 17:12:14"
"2021-09-19 00:00:00","D","1.973","2.360","1.610","24.000","2023-05-29 17:12:11"
"2021-09-19 06:00:00","W","2.801","2.803","2.799","24.000","2023-05-29 17:12:14"
"2021-09-19 06:00:00","D","2.129","2.350","1.650","24.000","2023-05-29 17:12:11"
"2021-09-19 12:00:00","W","2.799","2.806","2.794","24.000","2023-05-29 17:12:14"
"2021-09-19 12:00:00","D","2.092","2.710","1.480","24.000","2023-05-29 17:12:11"
"2021-09-19 18:00:00","W","2.807","2.812","2.800","24.000","2023-05-29 17:12:14"
"2021-09-19 18:00:00","D","1.952","2.540","1.560","24.000","2023-05-29 17:12:11"
"2021-09-20 00:00:00","W","2.812","2.814","2.812","24.000","2023-05-29 17:12:14"
"2021-09-20 00:00:00","D","1.932","2.290","1.300","24.000","2023-05-29 17:12:11"
"2021-09-20 06:00:00","W","2.812","2.813","2.811","24.000","2023-05-29 17:12:14"
"2021-09-20 06:00:00","D","2.060","2.240","1.890","24.000","2023-05-29 17:12:11"
"2021-09-20 12:00:00","W","2.810","2.815","2.808","24.000","2023-05-29 17:12:14"
"2021-09-20 12:00:00","D","2.015","2.450","1.650","24.000","2023-05-29 17:12:11"
"2021-09-20 18:00:00","W","2.808","2.810","2.805","24.000","2023-05-29 17:12:14"
"2021-09-20 18:00:00","D","1.902","2.240","1.510","24.000","2023-05-29 17:12:11"
"2021-09-21 00:00:00","W","2.808","2.809","2.806","24.000","2023-05-29 17:12:14"
"2021-09-21 00:00:00","D","1.948","2.190","1.640","24.000","2023-05-29 17:12:11"
"2021-09-21 06:00:00","W","2.807","2.808","2.805","24.000","2023-05-29 17:12:14"
"2021-09-21 06:00:00","D","2.038","2.150","1.910","24.000","2023-05-29 17:12:11"
"2021-09-21 12:00:00","W","2.806","2.809","2.804","24.000","2023-05-29 17:12:14"
"2021-09-21 12:00:00","D","1.867","2.400","1.430","24.000","2023-05-29 17:12:11"
"2021-09-21 18:00:00","W","2.803","2.808","2.800","24.000","2023-05-29 17:12:14"
"2021-09-21 18:00:00","D","1.716","2.160","1.160","24.000","2023-05-29 17:12:11"
"2021-09-22 00:00:00","W","2.800","2.804","2.796","24.000","2023-05-29 17:12:14"
"2021-09-22 00:00:00","D","1.911","2.120","1.650","24.000","2023-05-29 17:12:11"
"2021-09-22 06:00:00","W","2.798","2.798","2.798","24.000","2023-05-29 17:12:14"
"2021-09-22 06:00:00","D","1.988","2.110","1.610","24.000","2023-05-29 17:12:11"
"2021-09-22 12:00:00","W","2.798","2.801","2.796","24.000","2023-05-29 17:12:14"
"2021-09-22 12:00:00","D","1.891","2.170","1.630","24.000","2023-05-29 17:12:11"
"2021-09-22 18:00:00","W","2.802","2.805","2.799","24.000","2023-05-29 17:12:14"
"2021-09-22 18:00:00","D","1.818","2.150","1.560","24.000","2023-05-29 17:12:11"
"2021-09-23 00:00:00","W","2.800","2.801","2.799","24.000","2023-05-29 17:12:14"
"2021-09-23 00:00:00","D","2.047","2.220","1.720","24.000","2023-05-29 17:12:11"
"2021-09-23 06:00:00","W","2.801","2.802","2.800","24.000","2023-05-29 17:12:14"
"2021-09-23 06:00:00","D","2.020","2.190","1.610","24.000","2023-05-29 17:12:11"
"2021-09-23 12:00:00","W","2.801","2.802","2.799","24.000","2023-05-29 17:12:14"
"2021-09-23 12:00:00","D","1.973","2.280","1.620","24.000","2023-05-29 17:12:11"
"2021-09-23 18:00:00","W","2.800","2.803","2.798","24.000","2023-05-29 17:12:14"
"2021-09-23 18:00:00","D","1.876","2.430","1.480","24.000","2023-05-29 17:12:11"
"2021-09-24 00:00:00","W","2.799","2.800","2.799","24.000","2023-05-29 17:12:14"
"2021-09-24 00:00:00","D","1.861","2.000","1.510","24.000","2023-05-29 17:12:11"
"2021-09-24 06:00:00","W","2.798","2.799","2.797","24.000","2023-05-29 17:12:14"
"2021-09-24 06:00:00","D","1.988","2.050","1.890","24.000","2023-05-29 17:12:11"
"2021-09-24 12:00:00","W","2.797","2.803","2.795","24.000","2023-05-29 17:12:14"
"2021-09-24 12:00:00","D","1.732","2.320","1.370","24.000","2023-05-29 17:12:11"
"2021-09-24 18:00:00","W","2.805","2.807","2.801","24.000","2023-05-29 17:12:14"
"2021-09-24 18:00:00","D","1.635","2.140","1.330","24.000","2023-05-29 17:12:11"
"2021-09-25 00:00:00","W","2.809","2.810","2.807","24.000","2023-05-29 17:12:14"
"2021-09-25 00:00:00","D","1.803","2.030","1.070","24.000","2023-05-29 17:12:11"
"2021-09-25 06:00:00","W","2.809","2.810","2.808","24.000","2023-05-29 17:12:14"
"2021-09-25 06:00:00","D","1.865","2.140","1.390","24.000","2023-05-29 17:12:11"
"2021-09-25 12:00:00","W","2.806","2.808","2.801","24.000","2023-05-29 17:12:14"
"2021-09-25 12:00:00","D","1.723","2.070","0.680","24.000","2023-05-29 17:12:11"
"2021-09-25 18:00:00","W","2.807","2.810","2.805","24.000","2023-05-29 17:12:14"
"2021-09-25 18:00:00","D","1.896","2.240","1.430","24.000","2023-05-29 17:12:11"
"2021-09-26 00:00:00","W","2.806","2.810","2.804","24.000","2023-05-29 17:12:14"
"2021-09-26 00:00:00","D","2.056","2.210","1.850","24.000","2023-05-29 17:12:11"
"2021-09-26 06:00:00","W","2.808","2.808","2.806","24.000","2023-05-29 17:12:14"
"2021-09-26 06:00:00","D","2.145","2.210","1.920","24.000","2023-05-29 17:12:11"
"2021-09-26 12:00:00","W","2.805","2.808","2.803","24.000","2023-05-29 17:12:14"
"2021-09-26 12:00:00","D","2.060","2.560","1.680","24.000","2023-05-29 17:12:11"
"2021-09-26 18:00:00","W","2.807","2.813","2.803","24.000","2023-05-29 17:12:14"
"2021-09-26 18:00:00","D","1.999","2.510","1.560","24.000","2023-05-29 17:12:11"
"2021-09-27 00:00:00","W","2.805","2.811","2.804","24.000","2023-05-29 17:12:14"
"2021-09-27 00:00:00","D","2.095","2.360","1.730","24.000","2023-05-29 17:12:11"
"2021-09-27 06:00:00","W","2.805","2.806","2.804","24.000","2023-05-29 17:12:14"
"2021-09-27 06:00:00","D","1.978","2.240","1.500","24.000","2023-05-29 17:12:11"
"2021-09-27 12:00:00","W","2.806","2.807","2.804","24.000","2023-05-29 17:12:14"
"2021-09-27 12:00:00","D","2.005","2.360","1.630","24.000","2023-05-29 17:12:11"
"2021-09-27 18:00:00","W","2.805","2.809","2.803","24.000","2023-05-29 17:12:14"
"2021-09-27 18:00:00","D","1.733","2.020","1.120","24.000","2023-05-29 17:12:11"
"2021-09-28 00:00:00","W","2.812","2.818","2.808","24.000","2023-05-29 17:12:14"
"2021-09-28 00:00:00","D","1.946","2.260","1.530","24.000","2023-05-29 17:12:11"
"2021-09-28 06:00:00","W","2.814","2.818","2.811","24.000","2023-05-29 17:12:14"
"2021-09-28 06:00:00","D","2.133","2.290","1.880","24.000","2023-05-29 17:12:11"
"2021-09-28 12:00:00","W","2.810","2.813","2.808","24.000","2023-05-29 17:12:14"
"2021-09-28 12:00:00","D","2.147","2.550","1.580","24.000","2023-05-29 17:12:11"
"2021-09-28 18:00:00","W","2.812","2.816","2.810","24.000","2023-05-29 17:12:14"
"2021-09-28 18:00:00","D","2.176","2.380","1.510","24.000","2023-05-29 17:12:11"
"2021-09-29 00:00:00","W","2.830","2.863","2.813","24.000","2023-05-29 17:12:14"
"2021-09-29 00:00:00","D","2.559","4.270","1.790","24.000","2023-05-29 17:12:11"
"2021-09-29 06:00:00","W","2.871","2.904","2.856","24.000","2023-05-29 17:12:14"
"2021-09-29 06:00:00","D","3.275","5.210","2.500","24.000","2023-05-29 17:12:11"
"2021-09-29 12:00:00","W","2.861","2.909","2.812","24.000","2023-05-29 17:12:14"
"2021-09-29 12:00:00","D","5.940","8.410","3.420","24.000","2023-05-29 17:12:11"
"2021-09-29 18:00:00","W","2.818","2.847","2.788","24.000","2023-05-29 17:12:14"
"2021-09-29 18:00:00","D","4.488","7.550","3.240","24.000","2023-05-29 17:12:11"
"2021-09-30 00:00:00","W","2.812","2.827","2.801","24.000","2023-05-29 17:12:14"
"2021-09-30 00:00:00","D","3.485","4.630","2.610","24.000","2023-05-29 17:12:11"
"2021-09-30 06:00:00","W","2.806","2.819","2.794","24.000","2023-05-29 17:12:14"
"2021-09-30 06:00:00","D","3.374","4.630","2.150","24.000","2023-05-29 17:12:11"
"2021-09-30 12:00:00","W","2.808","2.821","2.793","24.000","2023-05-29 17:12:14"
"2021-09-30 12:00:00","D","3.249","4.710","2.530","24.000","2023-05-29 17:12:11"
"2021-09-30 18:00:00","W","2.813","2.823","2.808","24.000","2023-05-29 17:12:14"
"2021-09-30 18:00:00","D","3.091","3.680","2.430","24.000","2023-05-29 17:12:11"
"2021-10-01 00:00:00","W","2.809","2.820","2.801","24.000","2023-05-29 17:12:14"
"2021-10-01 00:00:00","D","3.059","3.900","2.630","24.000","2023-05-29 17:12:11"
"2021-10-01 06:00:00","W","2.803","2.815","2.793","24.000","2023-05-29 17:12:14"
"2021-10-01 06:00:00","D","2.875","3.440","2.260","24.000","2023-05-29 17:12:11"
"2021-10-01 12:00:00","W","2.813","2.822","2.808","24.000","2023-05-29 17:12:14"
"2021-10-01 12:00:00","D","2.613","3.240","1.960","24.000","2023-05-29 17:12:11"
"2021-10-01 18:00:00","W","2.819","2.828","2.812","24.000","2023-05-29 17:12:14"
"2021-10-01 18:00:00","D","2.458","3.110","2.170","24.000","2023-05-29 17:12:11"
"2021-10-02 00:00:00","W","2.820","2.828","2.814","24.000","2023-05-29 17:12:14"
"2021-10-02 00:00:00","D","2.552","2.970","2.280","24.000","2023-05-29 17:12:11"
"2021-10-02 06:00:00","W","2.811","2.819","2.805","24.000","2023-05-29 17:12:14"
"2021-10-02 06:00:00","D","2.520","2.910","2.240","24.000","2023-05-29 17:12:11"
"2021-10-02 12:00:00","W","2.803","2.810","2.797","24.000","2023-05-29 17:12:14"
"2021-10-02 12:00:00","D","2.388","2.710","2.150","24.000","2023-05-29 17:12:11"
"2021-10-02 18:00:00","W","2.809","2.838","2.798","24.000","2023-05-29 17:12:14"
"2021-10-02 18:00:00","D","2.518","3.560","1.850","24.000","2023-05-29 17:12:11"
"2021-10-03 00:00:00","W","2.883","2.923","2.858","24.000","2023-05-29 17:12:14"
"2021-10-03 00:00:00","D","5.653","12.730","3.200","24.000","2023-05-29 17:12:11"
"2021-10-03 06:00:00","W","2.863","2.901","2.798","24.000","2023-05-29 17:12:14"
"2021-10-03 06:00:00","D","9.344","12.670","5.930","24.000","2023-05-29 17:12:11"
"2021-10-03 12:00:00","W","2.823","2.870","2.800","24.000","2023-05-29 17:12:14"
"2021-10-03 12:00:00","D","7.302","10.980","4.490","24.000","2023-05-29 17:12:11"
"2021-10-03 18:00:00","W","2.815","2.842","2.799","24.000","2023-05-29 17:12:14"
"2021-10-03 18:00:00","D","4.971","8.310","2.930","24.000","2023-05-29 17:12:11"
"2021-10-04 00:00:00","W","2.815","2.834","2.797","24.000","2023-05-29 17:12:14"
"2021-10-04 00:00:00","D","4.352","6.380","2.780","24.000","2023-05-29 17:12:11"
"2021-10-04 06:00:00","W","2.811","2.829","2.796","24.000","2023-05-29 17:12:14"
"2021-10-04 06:00:00","D","3.899","5.860","2.510","24.000","2023-05-29 17:12:11"
"2021-10-04 12:00:00","W","2.812","2.827","2.800","24.000","2023-05-29 17:12:14"
"2021-10-04 12:00:00","D","3.571","5.040","2.440","24.000","2023-05-29 17:12:11"
"2021-10-04 18:00:00","W","2.813","2.828","2.797","24.000","2023-05-29 17:12:14"
"2021-10-04 18:00:00","D","3.448","4.820","2.350","24.000","2023-05-29 17:12:11"
"2021-10-05 00:00:00","W","2.812","2.831","2.798","24.000","2023-05-29 17:12:14"
"2021-10-05 00:00:00","D","3.380","4.610","2.230","24.000","2023-05-29 17:12:11"
"2021-10-05 06:00:00","W","2.845","2.891","2.793","24.000","2023-05-29 17:12:14"
"2021-10-05 06:00:00","D","4.215","7.100","2.190","24.000","2023-05-29 17:12:11"
"2021-10-05 12:00:00","W","2.877","2.930","2.844","24.000","2023-05-29 17:12:14"
"2021-10-05 12:00:00","D","6.805","12.680","4.360","24.000","2023-05-29 17:12:11"
"2021-10-05 18:00:00","W","2.857","2.905","2.815","24.000","2023-05-29 17:12:14"
"2021-10-05 18:00:00","D","8.594","11.980","5.070","24.000","2023-05-29 17:12:11"
"2021-10-06 00:00:00","W","2.838","2.872","2.807","24.000","2023-05-29 17:12:14"
"2021-10-06 00:00:00","D","5.979","9.900","3.460","24.000","2023-05-29 17:12:11"
"2021-10-06 06:00:00","W","2.847","2.881","2.816","24.000","2023-05-29 17:12:14"
"2021-10-06 06:00:00","D","5.232","7.600","3.190","24.000","2023-05-29 17:12:11"
"2021-10-06 12:00:00","W","2.818","2.841","2.802","24.000","2023-05-29 17:12:14"
"2021-10-06 12:00:00","D","4.580","7.070","2.620","24.000","2023-05-29 17:12:11"
"2021-10-06 18:00:00","W","2.831","2.902","2.754","24.000","2023-05-29 17:12:14"
"2021-10-06 18:00:00","D","3.770","6.730","1.130","24.000","2023-05-29 17:12:11"
"2021-10-07 00:00:00","W","2.829","2.883","2.795","24.000","2023-05-29 17:12:14"
"2021-10-07 00:00:00","D","4.008","6.280","2.590","24.000","2023-05-29 17:12:11"
"2021-10-07 06:00:00","W","2.811","2.829","2.799","24.000","2023-05-29 17:12:14"
"2021-10-07 06:00:00","D","3.363","5.010","2.490","24.000","2023-05-29 17:12:11"
"2021-10-07 12:00:00","W","2.807","2.826","2.790","24.000","2023-05-29 17:12:14"
"2021-10-07 12:00:00","D","3.035","4.250","2.160","24.000","2023-05-29 17:12:11"
"2021-10-07 18:00:00","W","2.829","2.844","2.812","24.000","2023-05-29 17:12:14"
"2021-10-07 18:00:00","D","2.855","3.940","2.260","24.000","2023-05-29 17:12:11"
"2021-10-08 00:00:00","W","2.834","2.844","2.828","24.000","2023-05-29 17:12:14"
"2021-10-08 00:00:00","D","2.880","3.740","2.340","24.000","2023-05-29 17:12:11"
"2021-10-08 06:00:00","W","2.830","2.843","2.823","24.000","2023-05-29 17:12:14"
"2021-10-08 06:00:00","D","2.923","3.820","2.350","24.000","2023-05-29 17:12:11"
"2021-10-08 12:00:00","W","2.822","2.833","2.816","24.000","2023-05-29 17:12:14"
"2021-10-08 12:00:00","D","2.690","3.550","2.170","24.000","2023-05-29 17:12:11"
"2021-10-08 18:00:00","W","2.821","2.832","2.814","24.000","2023-05-29 17:12:14"
"2021-10-08 18:00:00","D","2.730","3.640","2.150","24.000","2023-05-29 17:12:11"
"2021-10-09 00:00:00","W","2.816","2.832","2.809","24.000","2023-05-29 17:12:14"
"2021-10-09 00:00:00","D","2.678","4.030","2.290","24.000","2023-05-29 17:12:11"
"2021-10-09 06:00:00","W","2.812","2.818","2.807","24.000","2023-05-29 17:12:14"
"2021-10-09 06:00:00","D","2.678","3.170","2.220","24.000","2023-05-29 17:12:11"
"2021-10-09 12:00:00","W","2.805","2.809","2.800","24.000","2023-05-29 17:12:14"
"2021-10-09 12:00:00","D","2.560","2.880","2.200","24.000","2023-05-29 17:12:11"
"2021-10-09 18:00:00","W","2.804","2.814","2.794","24.000","2023-05-29 17:12:14"
"2021-10-09 18:00:00","D","2.327","2.660","2.000","24.000","2023-05-29 17:12:11"
"2021-10-10 00:00:00","W","2.806","2.808","2.804","24.000","2023-05-29 17:12:14"
"2021-10-10 00:00:00","D","2.423","2.610","2.030","24.000","2023-05-29 17:12:11"
"2021-10-10 06:00:00","W","2.807","2.807","2.807","24.000","2023-05-29 17:12:14"
"2021-10-10 06:00:00","D","2.400","2.540","2.130","24.000","2023-05-29 17:12:11"
"2021-10-10 12:00:00","W","2.807","2.809","2.804","24.000","2023-05-29 17:12:14"
"2021-10-10 12:00:00","D","2.384","2.710","1.890","24.000","2023-05-29 17:12:11"
"2021-10-10 18:00:00","W","2.802","2.810","2.797","24.000","2023-05-29 17:12:14"
"2021-10-10 18:00:00","D","2.223","2.750","1.740","24.000","2023-05-29 17:12:11"
"2021-10-11 00:00:00","W","2.804","2.806","2.801","24.000","2023-05-29 17:12:14"
"2021-10-11 00:00:00","D","2.226","2.420","1.810","24.000","2023-05-29 17:12:11"
"2021-10-11 06:00:00","W","2.803","2.805","2.801","24.000","2023-05-29 17:12:14"
"2021-10-11 06:00:00","D","2.353","2.480","2.230","24.000","2023-05-29 17:12:11"
"2021-10-11 12:00:00","W","2.799","2.803","2.796","24.000","2023-05-29 17:12:14"
"2021-10-11 12:00:00","D","2.195","2.410","1.970","24.000","2023-05-29 17:12:11"
"2021-10-11 18:00:00","W","2.806","2.814","2.800","24.000","2023-05-29 17:12:14"
"2021-10-11 18:00:00","D","2.118","2.660","1.760","24.000","2023-05-29 17:12:11"
"2021-10-12 00:00:00","W","2.806","2.809","2.804","24.000","2023-05-29 17:12:14"
"2021-10-12 00:00:00","D","2.183","2.340","1.940","24.000","2023-05-29 17:12:11"
"2021-10-12 06:00:00","W","2.805","2.807","2.803","24.000","2023-05-29 17:12:14"
"2021-10-12 06:00:00","D","2.221","2.350","1.920","24.000","2023-05-29 17:12:11"
"2021-10-12 12:00:00","W","2.802","2.804","2.799","24.000","2023-05-29 17:12:14"
"2021-10-12 12:00:00","D","2.150","2.640","1.790","24.000","2023-05-29 17:12:11"
"2021-10-12 18:00:00","W","2.801","2.826","2.792","24.000","2023-05-29 17:12:14"
"2021-10-12 18:00:00","D","1.992","2.960","1.010","24.000","2023-05-29 17:12:11"
"2021-10-13 00:00:00","W","2.838","2.842","2.828","24.000","2023-05-29 17:12:14"
"2021-10-13 00:00:00","D","2.022","2.330","1.650","24.000","2023-05-29 17:12:11"
"2021-10-13 06:00:00","W","2.843","2.845","2.841","24.000","2023-05-29 17:12:14"
"2021-10-13 06:00:00","D","2.134","2.340","1.740","24.000","2023-05-29 17:12:11"
"2021-10-13 12:00:00","W","2.848","2.852","2.844","24.000","2023-05-29 17:12:14"
"2021-10-13 12:00:00","D","2.278","2.820","1.950","24.000","2023-05-29 17:12:11"
"2021-10-13 18:00:00","W","2.847","2.850","2.846","24.000","2023-05-29 17:12:14"
"2021-10-13 18:00:00","D","2.024","2.530","1.550","24.000","2023-05-29 17:12:11"
"2021-10-14 00:00:00","W","2.846","2.848","2.844","24.000","2023-05-29 17:12:14"
"2021-10-14 00:00:00","D","2.128","2.270","1.880","24.000","2023-05-29 17:12:11"
"2021-10-14 06:00:00","W","2.843","2.844","2.840","24.000","2023-05-29 17:12:14"
"2021-10-14 06:00:00","D","2.058","2.280","1.840","24.000","2023-05-29 17:12:11"
"2021-10-14 12:00:00","W","2.839","2.842","2.836","24.000","2023-05-29 17:12:14"
"2021-10-14 12:00:00","D","2.032","2.300","1.390","24.000","2023-05-29 17:12:11"
"2021-10-14 18:00:00","W","2.835","2.839","2.832","24.000","2023-05-29 17:12:14"
"2021-10-14 18:00:00","D","2.007","2.220","1.790","24.000","2023-05-29 17:12:11"
"2021-10-15 00:00:00","W","2.832","2.833","2.831","24.000","2023-05-29 17:12:14"
"2021-10-15 00:00:00","D","2.028","2.170","1.630","24.000","2023-05-29 17:12:11"
"2021-10-15 06:00:00","W","2.833","2.833","2.831","24.000","2023-05-29 17:12:14"
"2021-10-15 06:00:00","D","2.087","2.290","1.850","24.000","2023-05-29 17:12:11"
"2021-10-15 12:00:00","W","2.832","2.835","2.831","24.000","2023-05-29 17:12:14"
"2021-10-15 12:00:00","D","1.973","2.210","1.520","24.000","2023-05-29 17:12:11"
"2021-10-15 18:00:00","W","2.838","2.842","2.833","24.000","2023-05-29 17:12:14"
"2021-10-15 18:00:00","D","2.060","2.610","1.690","24.000","2023-05-29 17:12:11"
"2021-10-16 00:00:00","W","2.831","2.833","2.830","24.000","2023-05-29 17:12:14"
"2021-10-16 00:00:00","D","2.076","2.220","1.880","24.000","2023-05-29 17:12:11"
"2021-10-16 06:00:00","W","2.830","2.830","2.830","24.000","2023-05-29 17:12:14"
"2021-10-16 06:00:00","D","2.049","2.170","1.890","24.000","2023-05-29 17:12:11"
"2021-10-16 12:00:00","W","2.831","2.836","2.828","24.000","2023-05-29 17:12:14"
"2021-10-16 12:00:00","D","2.008","2.190","1.690","24.000","2023-05-29 17:12:11"
"2021-10-16 18:00:00","W","2.833","2.835","2.831","24.000","2023-05-29 17:12:14"
"2021-10-16 18:00:00","D","1.969","2.200","1.630","24.000","2023-05-29 17:12:11"
"2021-10-17 00:00:00","W","2.832","2.833","2.831","24.000","2023-05-29 17:12:14"
"2021-10-17 00:00:00","D","1.912","2.320","1.680","24.000","2023-05-29 17:12:11"
"2021-10-17 06:00:00","W","2.834","2.834","2.832","24.000","2023-05-29 17:12:14"
"2021-10-17 06:00:00","D","2.050","2.210","1.810","24.000","2023-05-29 17:12:11"
"2021-10-17 12:00:00","W","2.834","2.840","2.832","24.000","2023-05-29 17:12:14"
"2021-10-17 12:00:00","D","2.043","2.370","1.590","24.000","2023-05-29 17:12:11"
"2021-10-17 18:00:00","W","2.835","2.839","2.832","24.000","2023-05-29 17:12:14"
"2021-10-17 18:00:00","D","1.965","2.470","1.560","24.000","2023-05-29 17:12:11"
"2021-10-18 00:00:00","W","2.835","2.838","2.834","24.000","2023-05-29 17:12:14"
"2021-10-18 00:00:00","D","1.933","2.180","1.510","24.000","2023-05-29 17:12:11"
"2021-10-18 06:00:00","W","2.832","2.834","2.832","24.000","2023-05-29 17:12:14"
"2021-10-18 06:00:00","D","1.988","2.170","1.800","24.000","2023-05-29 17:12:11"
"2021-10-18 12:00:00","W","2.830","2.832","2.829","24.000","2023-05-29 17:12:14"
"2021-10-18 12:00:00","D","1.939","2.180","1.740","24.000","2023-05-29 17:12:11"
"2021-10-18 18:00:00","W","2.831","2.833","2.830","24.000","2023-05-29 17:12:14"
"2021-10-18 18:00:00","D","1.946","2.330","1.530","24.000","2023-05-29 17:12:11"
"2021-10-19 00:00:00","W","2.828","2.830","2.828","24.000","2023-05-29 17:12:14"
"2021-10-19 00:00:00","D","2.096","2.190","1.910","24.000","2023-05-29 17:12:11"
"2021-10-19 06:00:00","W","2.830","2.830","2.828","24.000","2023-05-29 17:12:14"
"2021-10-19 06:00:00","D","2.080","2.210","1.970","24.000","2023-05-29 17:12:11"
"2021-10-19 12:00:00","W","2.829","2.830","2.824","24.000","2023-05-29 17:12:14"
"2021-10-19 12:00:00","D","1.978","2.140","1.420","24.000","2023-05-29 17:12:11"
"2021-10-19 18:00:00","W","2.827","2.829","2.825","24.000","2023-05-29 17:12:14"
"2021-10-19 18:00:00","D","1.956","2.180","1.810","24.000","2023-05-29 17:12:11"
"2021-10-20 00:00:00","W","2.831","2.833","2.826","24.000","2023-05-29 17:12:14"
"2021-10-20 00:00:00","D","2.000","2.210","1.730","24.000","2023-05-29 17:12:11"
"2021-10-20 06:00:00","W","2.849","2.864","2.833","24.000","2023-05-29 17:12:14"
"2021-10-20 06:00:00","D","2.298","2.620","2.020","24.000","2023-05-29 17:12:11"
"2021-10-20 12:00:00","W","2.881","2.907","2.866","24.000","2023-05-29 17:12:14"
"2021-10-20 12:00:00","D","3.584","6.660","2.390","24.000","2023-05-29 17:12:11"
"2021-10-20 18:00:00","W","2.857","2.904","2.830","24.000","2023-05-29 17:12:14"
"2021-10-20 18:00:00","D","5.940","8.250","3.240","24.000","2023-05-29 17:12:11"
"2021-10-21 00:00:00","W","2.839","2.903","2.815","24.000","2023-05-29 17:12:14"
"2021-10-21 00:00:00","D","5.373","8.390","3.250","24.000","2023-05-29 17:12:12"
"2021-10-21 06:00:00","W","2.914","2.951","2.884","24.000","2023-05-29 17:12:14"
"2021-10-21 06:00:00","D","12.875","18.730","6.780","24.000","2023-05-29 17:12:12"
"2021-10-21 12:00:00","W","2.931","2.960","2.890","24.000","2023-05-29 17:12:14"
"2021-10-21 12:00:00","D","17.395","19.090","15.640","24.000","2023-05-29 17:12:12"
"2021-10-21 18:00:00","W","2.928","2.955","2.864","24.000","2023-05-29 17:12:14"
"2021-10-21 18:00:00","D","16.865","19.230","12.070","24.000","2023-05-29 17:12:12"
"2021-10-22 00:00:00","W","2.864","2.894","2.828","24.000","2023-05-29 17:12:14"
"2021-10-22 00:00:00","D","11.985","15.480","9.100","24.000","2023-05-29 17:12:12"
"2021-10-22 06:00:00","W","2.854","2.885","2.822","24.000","2023-05-29 17:12:14"
"2021-10-22 06:00:00","D","9.332","12.110","6.200","24.000","2023-05-29 17:12:12"
"2021-10-22 12:00:00","W","2.837","2.878","2.801","24.000","2023-05-29 17:12:14"
"2021-10-22 12:00:00","D","7.711","10.570","4.810","24.000","2023-05-29 17:12:12"
"2021-10-22 18:00:00","W","2.836","2.881","2.797","24.000","2023-05-29 17:12:14"
"2021-10-22 18:00:00","D","6.301","9.270","3.610","24.000","2023-05-29 17:12:12"
"2021-10-23 00:00:00","W","2.817","2.838","2.800","24.000","2023-05-29 17:12:14"
"2021-10-23 00:00:00","D","5.215","8.200","3.110","24.000","2023-05-29 17:12:12"
"2021-10-23 06:00:00","W","2.812","2.832","2.800","24.000","2023-05-29 17:12:14"
"2021-10-23 06:00:00","D","4.705","6.840","3.010","24.000","2023-05-29 17:12:12"
"2021-10-23 12:00:00","W","2.815","2.876","2.769","24.000","2023-05-29 17:12:14"
"2021-10-23 12:00:00","D","3.828","6.790","1.410","24.000","2023-05-29 17:12:12"
"2021-10-23 18:00:00","W","2.856","2.887","2.837","24.000","2023-05-29 17:12:14"
"2021-10-23 18:00:00","D","3.892","5.980","2.520","24.000","2023-05-29 17:12:12"
"2021-10-24 00:00:00","W","2.842","2.862","2.831","24.000","2023-05-29 17:12:14"
"2021-10-24 00:00:00","D","3.565","5.310","1.970","24.000","2023-05-29 17:12:12"
"2021-10-24 06:00:00","W","2.822","2.836","2.806","24.000","2023-05-29 17:12:14"
"2021-10-24 06:00:00","D","3.308","4.770","2.120","24.000","2023-05-29 17:12:12"
"2021-10-24 12:00:00","W","2.808","2.818","2.799","24.000","2023-05-29 17:12:14"
"2021-10-24 12:00:00","D","3.214","4.920","2.250","24.000","2023-05-29 17:12:12"
"2021-10-24 18:00:00","W","2.806","2.819","2.797","24.000","2023-05-29 17:12:14"
"2021-10-24 18:00:00","D","3.086","4.430","1.970","24.000","2023-05-29 17:12:12"
"2021-10-25 00:00:00","W","2.803","2.815","2.795","24.000","2023-05-29 17:12:14"
"2021-10-25 00:00:00","D","2.887","4.480","1.990","24.000","2023-05-29 17:12:12"
"2021-10-25 06:00:00","W","2.803","2.813","2.793","24.000","2023-05-29 17:12:14"
"2021-10-25 06:00:00","D","2.800","3.750","1.620","24.000","2023-05-29 17:12:12"
"2021-10-25 12:00:00","W","2.815","2.826","2.806","24.000","2023-05-29 17:12:14"
"2021-10-25 12:00:00","D","2.772","3.860","1.720","24.000","2023-05-29 17:12:12"
"2021-10-25 18:00:00","W","2.809","2.821","2.803","24.000","2023-05-29 17:12:14"
"2021-10-25 18:00:00","D","2.706","3.940","1.590","24.000","2023-05-29 17:12:12"
"2021-10-26 00:00:00","W","2.814","2.824","2.808","24.000","2023-05-29 17:12:14"
"2021-10-26 00:00:00","D","2.815","4.050","2.010","24.000","2023-05-29 17:12:12"
"2021-10-26 06:00:00","W","2.812","2.823","2.805","24.000","2023-05-29 17:12:14"
"2021-10-26 06:00:00","D","2.793","3.850","1.930","24.000","2023-05-29 17:12:12"
"2021-10-26 12:00:00","W","2.806","2.814","2.799","24.000","2023-05-29 17:12:14"
"2021-10-26 12:00:00","D","2.680","3.600","2.030","24.000","2023-05-29 17:12:12"
"2021-10-26 18:00:00","W","2.805","2.814","2.797","24.000","2023-05-29 17:12:14"
"2021-10-26 18:00:00","D","2.654","3.500","1.970","24.000","2023-05-29 17:12:12"
"2021-10-27 00:00:00","W","2.807","2.817","2.801","24.000","2023-05-29 17:12:14"
"2021-10-27 00:00:00","D","2.758","3.610","2.260","24.000","2023-05-29 17:12:12"
"2021-10-27 06:00:00","W","2.801","2.812","2.795","24.000","2023-05-29 17:12:14"
"2021-10-27 06:00:00","D","2.585","3.790","1.800","24.000","2023-05-29 17:12:12"
"2021-10-27 12:00:00","W","2.804","2.819","2.795","24.000","2023-05-29 17:12:14"
"2021-10-27 12:00:00","D","2.608","3.870","1.690","24.000","2023-05-29 17:12:12"
"2021-10-27 18:00:00","W","2.810","2.819","2.803","24.000","2023-05-29 17:12:14"
"2021-10-27 18:00:00","D","2.571","3.380","2.170","24.000","2023-05-29 17:12:12"
"2021-10-28 00:00:00","W","2.808","2.817","2.804","24.000","2023-05-29 17:12:14"
"2021-10-28 00:00:00","D","2.593","3.420","2.090","24.000","2023-05-29 17:12:12"
"2021-10-28 06:00:00","W","2.807","2.815","2.802","24.000","2023-05-29 17:12:14"
"2021-10-28 06:00:00","D","2.673","3.630","2.030","24.000","2023-05-29 17:12:12"
"2021-10-28 12:00:00","W","2.803","2.811","2.797","24.000","2023-05-29 17:12:14"
"2021-10-28 12:00:00","D","2.515","3.140","1.820","24.000","2023-05-29 17:12:12"
"2021-10-28 18:00:00","W","2.802","2.810","2.796","24.000","2023-05-29 17:12:14"
"2021-10-28 18:00:00","D","2.492","3.130","1.910","24.000","2023-05-29 17:12:12"
"2021-10-29 00:00:00","W","2.809","2.818","2.802","24.000","2023-05-29 17:12:14"
"2021-10-29 00:00:00","D","2.488","3.050","1.880","24.000","2023-05-29 17:12:12"
"2021-10-29 06:00:00","W","2.810","2.818","2.806","24.000","2023-05-29 17:12:14"
"2021-10-29 06:00:00","D","2.565","3.440","1.970","24.000","2023-05-29 17:12:12"
"2021-10-29 12:00:00","W","2.808","2.815","2.804","24.000","2023-05-29 17:12:14"
"2021-10-29 12:00:00","D","2.523","3.490","0.640","24.000","2023-05-29 17:12:12"
"2021-10-29 18:00:00","W","2.810","2.817","2.803","24.000","2023-05-29 17:12:14"
"2021-10-29 18:00:00","D","2.428","3.270","1.970","24.000","2023-05-29 17:12:12"
"2021-10-30 00:00:00","W","2.813","2.820","2.807","24.000","2023-05-29 17:12:14"
"2021-10-30 00:00:00","D","2.413","2.940","1.850","24.000","2023-05-29 17:12:12"
"2021-10-30 06:00:00","W","2.817","2.823","2.812","24.000","2023-05-29 17:12:14"
"2021-10-30 06:00:00","D","2.620","3.300","2.260","24.000","2023-05-29 17:12:12"
"2021-10-30 12:00:00","W","2.817","2.825","2.813","24.000","2023-05-29 17:12:14"
"2021-10-30 12:00:00","D","2.596","3.200","2.120","24.000","2023-05-29 17:12:12"
"2021-10-30 18:00:00","W","2.819","2.830","2.811","24.000","2023-05-29 17:12:14"
"2021-10-30 18:00:00","D","2.600","3.640","2.060","24.000","2023-05-29 17:12:12"
"2021-10-31 00:00:00","W","2.823","2.830","2.818","24.000","2023-05-29 17:12:14"
"2021-10-31 00:00:00","D","2.641","3.440","1.780","24.000","2023-05-29 17:12:12"
"2021-10-31 06:00:00","W","2.820","2.830","2.814","24.000","2023-05-29 17:12:14"
"2021-10-31 06:00:00","D","2.676","3.470","2.080","24.000","2023-05-29 17:12:12"
"2021-10-31 12:00:00","W","2.830","2.861","2.812","24.000","2023-05-29 17:12:14"
"2021-10-31 12:00:00","D","3.008","4.800","2.140","24.000","2023-05-29 17:12:12"
"2021-10-31 18:00:00","W","2.870","2.903","2.850","24.000","2023-05-29 17:12:14"
"2021-10-31 18:00:00","D","4.171","7.050","1.770","24.000","2023-05-29 17:12:12"
"2021-11-01 00:00:00","W","2.852","2.874","2.832","24.000","2023-05-29 17:12:14"
"2021-11-01 00:00:00","D","6.095","9.170","3.720","24.000","2023-05-29 17:12:12"
"2021-11-01 06:00:00","W","2.817","2.850","2.796","24.000","2023-05-29 17:12:14"
"2021-11-01 06:00:00","D","4.736","7.650","2.630","24.000","2023-05-29 17:12:12"
"2021-11-01 12:00:00","W","2.814","2.838","2.794","24.000","2023-05-29 17:12:14"
"2021-11-01 12:00:00","D","3.692","5.850","1.730","24.000","2023-05-29 17:12:12"
"2021-11-01 18:00:00","W","2.835","2.849","2.826","24.000","2023-05-29 17:12:14"
"2021-11-01 18:00:00","D","3.675","5.540","2.210","24.000","2023-05-29 17:12:12"
"2021-11-02 00:00:00","W","2.830","2.852","2.813","24.000","2023-05-29 17:12:14"
"2021-11-02 00:00:00","D","3.840","5.390","2.100","24.000","2023-05-29 17:12:12"
"2021-11-02 06:00:00","W","2.806","2.827","2.795","24.000","2023-05-29 17:12:14"
"2021-11-02 06:00:00","D","3.258","4.750","1.520","24.000","2023-05-29 17:12:12"
"2021-11-02 12:00:00","W","2.807","2.816","2.799","24.000","2023-05-29 17:12:14"
"2021-11-02 12:00:00","D","3.089","4.160","2.060","24.000","2023-05-29 17:12:12"
"2021-11-02 18:00:00","W","2.802","2.824","2.791","24.000","2023-05-29 17:12:14"
"2021-11-02 18:00:00","D","2.573","3.850","1.810","24.000","2023-05-29 17:12:12"
"2021-11-03 00:00:00","W","2.839","2.853","2.803","24.000","2023-05-29 17:12:14"
"2021-11-03 00:00:00","D","2.864","4.330","1.670","24.000","2023-05-29 17:12:12"
"2021-11-03 06:00:00","W","2.837","2.845","2.830","24.000","2023-05-29 17:12:14"
"2021-11-03 06:00:00","D","2.798","3.570","2.050","24.000","2023-05-29 17:12:12"
"2021-11-03 12:00:00","W","2.823","2.837","2.804","24.000","2023-05-29 17:12:14"
"2021-11-03 12:00:00","D","2.503","3.400","1.640","24.000","2023-05-29 17:12:12"
"2021-11-03 18:00:00","W","2.818","2.828","2.808","24.000","2023-05-29 17:12:14"
"2021-11-03 18:00:00","D","2.454","3.130","1.900","24.000","2023-05-29 17:12:12"
"2021-11-04 00:00:00","W","2.824","2.830","2.821","24.000","2023-05-29 17:12:14"
"2021-11-04 00:00:00","D","2.440","3.060","1.910","24.000","2023-05-29 17:12:12"
"2021-11-04 06:00:00","W","2.820","2.826","2.815","24.000","2023-05-29 17:12:14"
"2021-11-04 06:00:00","D","2.361","2.980","1.790","24.000","2023-05-29 17:12:12"
"2021-11-04 12:00:00","W","2.817","2.823","2.812","24.000","2023-05-29 17:12:14"
"2021-11-04 12:00:00","D","2.402","2.750","2.120","24.000","2023-05-29 17:12:12"
"2021-11-04 18:00:00","W","2.812","2.821","2.807","24.000","2023-05-29 17:12:14"
"2021-11-04 18:00:00","D","2.428","3.690","1.790","24.000","2023-05-29 17:12:12"
"2021-11-05 00:00:00","W","2.804","2.806","2.802","24.000","2023-05-29 17:12:14"
"2021-11-05 00:00:00","D","2.258","2.480","1.980","24.000","2023-05-29 17:12:12"
"2021-11-05 06:00:00","W","2.805","2.807","2.805","24.000","2023-05-29 17:12:14"
"2021-11-05 06:00:00","D","2.261","2.590","1.920","24.000","2023-05-29 17:12:12"
"2021-11-05 12:00:00","W","2.805","2.811","2.803","24.000","2023-05-29 17:12:14"
"2021-11-05 12:00:00","D","2.346","2.650","2.100","24.000","2023-05-29 17:12:12"
"2021-11-05 18:00:00","W","2.807","2.810","2.805","24.000","2023-05-29 17:12:14"
"2021-11-05 18:00:00","D","2.282","2.520","1.980","24.000","2023-05-29 17:12:12"
"2021-11-06 00:00:00","W","2.806","2.807","2.803","24.000","2023-05-29 17:12:14"
"2021-11-06 00:00:00","D","2.390","2.520","2.090","24.000","2023-05-29 17:12:12"
"2021-11-06 06:00:00","W","2.802","2.803","2.801","24.000","2023-05-29 17:12:14"
"2021-11-06 06:00:00","D","2.325","2.510","2.130","24.000","2023-05-29 17:12:12"
"2021-11-06 12:00:00","W","2.803","2.813","2.800","24.000","2023-05-29 17:12:14"
"2021-11-06 12:00:00","D","2.336","2.730","2.040","24.000","2023-05-29 17:12:12"
"2021-11-06 18:00:00","W","2.816","2.820","2.813","24.000","2023-05-29 17:12:14"
"2021-11-06 18:00:00","D","2.650","3.120","2.070","24.000","2023-05-29 17:12:12"
"2021-11-07 00:00:00","W","2.810","2.813","2.809","24.000","2023-05-29 17:12:14"
"2021-11-07 00:00:00","D","2.448","2.630","2.330","24.000","2023-05-29 17:12:12"
"2021-11-07 06:00:00","W","2.809","2.811","2.807","24.000","2023-05-29 17:12:14"
"2021-11-07 06:00:00","D","2.410","2.590","2.090","24.000","2023-05-29 17:12:12"
"2021-11-07 12:00:00","W","2.810","2.818","2.807","24.000","2023-05-29 17:12:14"
"2021-11-07 12:00:00","D","2.351","2.630","1.990","24.000","2023-05-29 17:12:12"
"2021-11-07 18:00:00","W","2.803","2.816","2.799","24.000","2023-05-29 17:12:14"
"2021-11-07 18:00:00","D","2.219","2.690","1.820","24.000","2023-05-29 17:12:12"
"2021-11-08 00:00:00","W","2.800","2.803","2.797","24.000","2023-05-29 17:12:14"
"2021-11-08 00:00:00","D","2.200","2.510","1.810","24.000","2023-05-29 17:12:12"
"2021-11-08 06:00:00","W","2.796","2.797","2.795","24.000","2023-05-29 17:12:14"
"2021-11-08 06:00:00","D","2.207","2.320","2.060","24.000","2023-05-29 17:12:12"
"2021-11-08 12:00:00","W","2.795","2.798","2.792","24.000","2023-05-29 17:12:14"
"2021-11-08 12:00:00","D","2.136","2.370","1.670","24.000","2023-05-29 17:12:12"
"2021-11-08 18:00:00","W","2.804","2.809","2.796","24.000","2023-05-29 17:12:14"
"2021-11-08 18:00:00","D","2.067","2.270","1.770","24.000","2023-05-29 17:12:12"
"2021-11-09 00:00:00","W","2.812","2.813","2.811","24.000","2023-05-29 17:12:14"
"2021-11-09 00:00:00","D","2.065","2.250","1.830","24.000","2023-05-29 17:12:12"
"2021-11-09 06:00:00","W","2.815","2.815","2.813","24.000","2023-05-29 17:12:14"
"2021-11-09 06:00:00","D","2.181","2.310","1.850","24.000","2023-05-29 17:12:12"
"2021-11-09 12:00:00","W","2.815","2.818","2.813","24.000","2023-05-29 17:12:14"
"2021-11-09 12:00:00","D","2.175","2.440","1.870","24.000","2023-05-29 17:12:12"
"2021-11-09 18:00:00","W","2.821","2.824","2.817","24.000","2023-05-29 17:12:14"
"2021-11-09 18:00:00","D","2.205","2.560","1.820","24.000","2023-05-29 17:12:12"
"2021-11-10 00:00:00","W","2.812","2.815","2.811","24.000","2023-05-29 17:12:14"
"2021-11-10 00:00:00","D","2.218","2.310","2.070","24.000","2023-05-29 17:12:12"
"2021-11-10 06:00:00","W","2.813","2.813","2.813","24.000","2023-05-29 17:12:14"
"2021-11-10 06:00:00","D","2.113","2.330","1.830","24.000","2023-05-29 17:12:12"
"2021-11-10 12:00:00","W","2.813","2.815","2.813","24.000","2023-05-29 17:12:14"
"2021-11-10 12:00:00","D","2.230","2.440","1.810","24.000","2023-05-29 17:12:12"
"2021-11-10 18:00:00","W","2.816","2.819","2.813","24.000","2023-05-29 17:12:14"
"2021-11-10 18:00:00","D","2.226","2.570","1.840","24.000","2023-05-29 17:12:12"
"2021-11-11 00:00:00","W","2.817","2.819","2.816","24.000","2023-05-29 17:12:14"
"2021-11-11 00:00:00","D","2.311","2.360","2.250","24.000","2023-05-29 17:12:12"
"2021-11-11 06:00:00","W","2.819","2.819","2.817","24.000","2023-05-29 17:12:14"
"2021-11-11 06:00:00","D","2.342","2.390","2.210","24.000","2023-05-29 17:12:12"
"2021-11-11 12:00:00","W","2.818","2.819","2.817","24.000","2023-05-29 17:12:14"
"2021-11-11 12:00:00","D","2.296","2.390","1.910","24.000","2023-05-29 17:12:12"
"2021-11-11 18:00:00","W","2.816","2.817","2.815","24.000","2023-05-29 17:12:14"
"2021-11-11 18:00:00","D","2.217","2.450","1.860","24.000","2023-05-29 17:12:12"
"2021-11-12 00:00:00","W","2.815","2.816","2.814","24.000","2023-05-29 17:12:14"
"2021-11-12 00:00:00","D","2.300","2.380","2.110","24.000","2023-05-29 17:12:12"
"2021-11-12 06:00:00","W","2.814","2.814","2.812","24.000","2023-05-29 17:12:14"
"2021-11-12 06:00:00","D","2.305","2.430","2.130","24.000","2023-05-29 17:12:12"
"2021-11-12 12:00:00","W","2.813","2.813","2.811","24.000","2023-05-29 17:12:14"
"2021-11-12 12:00:00","D","2.172","2.480","1.930","24.000","2023-05-29 17:12:12"
"2021-11-12 18:00:00","W","2.814","2.820","2.809","24.000","2023-05-29 17:12:14"
"2021-11-12 18:00:00","D","2.185","2.550","1.930","24.000","2023-05-29 17:12:12"
"2021-11-13 00:00:00","W","2.811","2.813","2.808","24.000","2023-05-29 17:12:14"
"2021-11-13 00:00:00","D","2.126","2.360","1.870","24.000","2023-05-29 17:12:12"
"2021-11-13 06:00:00","W","2.813","2.813","2.813","24.000","2023-05-29 17:12:14"
"2021-11-13 06:00:00","D","2.181","2.400","1.970","24.000","2023-05-29 17:12:12"
"2021-11-13 12:00:00","W","2.813","2.815","2.811","24.000","2023-05-29 17:12:14"
"2021-11-13 12:00:00","D","2.164","2.660","1.750","24.000","2023-05-29 17:12:12"
"2021-11-13 18:00:00","W","2.812","2.816","2.809","24.000","2023-05-29 17:12:14"
"2021-11-13 18:00:00","D","2.177","2.530","1.940","24.000","2023-05-29 17:12:12"
"2021-11-14 00:00:00","W","2.811","2.813","2.809","24.000","2023-05-29 17:12:14"
"2021-11-14 00:00:00","D","2.199","2.380","1.790","24.000","2023-05-29 17:12:12"
"2021-11-14 06:00:00","W","2.811","2.813","2.811","24.000","2023-05-29 17:12:14"
"2021-11-14 06:00:00","D","2.237","2.410","1.850","24.000","2023-05-29 17:12:12"
"2021-11-14 12:00:00","W","2.810","2.811","2.807","24.000","2023-05-29 17:12:14"
"2021-11-14 12:00:00","D","2.219","2.530","1.940","24.000","2023-05-29 17:12:12"
"2021-11-14 18:00:00","W","2.811","2.815","2.810","24.000","2023-05-29 17:12:14"
"2021-11-14 18:00:00","D","2.133","2.440","1.820","24.000","2023-05-29 17:12:12"
"2021-11-15 00:00:00","W","2.811","2.815","2.811","24.000","2023-05-29 17:12:14"
"2021-11-15 00:00:00","D","2.205","2.450","2.020","24.000","2023-05-29 17:12:12"
"2021-11-15 06:00:00","W","2.809","2.811","2.808","24.000","2023-05-29 17:12:14"
"2021-11-15 06:00:00","D","2.161","2.350","1.940","24.000","2023-05-29 17:12:12"
"2021-11-15 12:00:00","W","2.808","2.811","2.804","24.000","2023-05-29 17:12:14"
"2021-11-15 12:00:00","D","2.048","2.510","1.600","24.000","2023-05-29 17:12:12"
"2021-11-15 18:00:00","W","2.807","2.810","2.806","24.000","2023-05-29 17:12:14"
"2021-11-15 18:00:00","D","2.063","2.460","1.830","24.000","2023-05-29 17:12:12"
"2021-11-16 00:00:00","W","2.807","2.808","2.807","24.000","2023-05-29 17:12:14"
"2021-11-16 00:00:00","D","2.115","2.330","1.870","24.000","2023-05-29 17:12:12"
"2021-11-16 06:00:00","W","2.805","2.807","2.804","24.000","2023-05-29 17:12:14"
"2021-11-16 06:00:00","D","2.207","2.330","2.060","24.000","2023-05-29 17:12:12"
"2021-11-16 12:00:00","W","2.802","2.804","2.800","24.000","2023-05-29 17:12:14"
"2021-11-16 12:00:00","D","2.168","2.280","1.810","24.000","2023-05-29 17:12:12"
"2021-11-16 18:00:00","W","2.803","2.806","2.801","24.000","2023-05-29 17:12:14"
"2021-11-16 18:00:00","D","2.050","2.270","1.750","24.000","2023-05-29 17:12:12"
"2021-11-17 00:00:00","W","2.804","2.805","2.803","24.000","2023-05-29 17:12:14"
"2021-11-17 00:00:00","D","2.152","2.280","2.020","24.000","2023-05-29 17:12:12"
"2021-11-17 06:00:00","W","2.805","2.806","2.805","24.000","2023-05-29 17:12:14"
"2021-11-17 06:00:00","D","2.155","2.240","2.060","24.000","2023-05-29 17:12:12"
"2021-11-17 12:00:00","W","2.804","2.805","2.800","24.000","2023-05-29 17:12:14"
"2021-11-17 12:00:00","D","2.028","2.330","1.700","24.000","2023-05-29 17:12:12"
"2021-11-17 18:00:00","W","2.806","2.808","2.801","24.000","2023-05-29 17:12:14"
"2021-11-17 18:00:00","D","2.008","2.520","1.560","24.000","2023-05-29 17:12:12"
"2021-11-18 00:00:00","W","2.806","2.807","2.806","24.000","2023-05-29 17:12:14"
"2021-11-18 00:00:00","D","2.065","2.260","1.800","24.000","2023-05-29 17:12:12"
"2021-11-18 06:00:00","W","2.806","2.808","2.804","24.000","2023-05-29 17:12:14"
"2021-11-18 06:00:00","D","2.125","2.330","1.960","24.000","2023-05-29 17:12:12"
"2021-11-18 12:00:00","W","2.803","2.807","2.801","24.000","2023-05-29 17:12:14"
"2021-11-18 12:00:00","D","1.936","2.210","1.530","24.000","2023-05-29 17:12:12"
"2021-11-18 18:00:00","W","2.802","2.807","2.799","24.000","2023-05-29 17:12:14"
"2021-11-18 18:00:00","D","2.005","2.290","1.560","24.000","2023-05-29 17:12:12"
"2021-11-19 00:00:00","W","2.799","2.800","2.798","24.000","2023-05-29 17:12:14"
"2021-11-19 00:00:00","D","1.997","2.150","1.680","24.000","2023-05-29 17:12:12"
"2021-11-19 06:00:00","W","2.800","2.800","2.798","24.000","2023-05-29 17:12:14"
"2021-11-19 06:00:00","D","1.953","2.210","1.750","24.000","2023-05-29 17:12:12"
"2021-11-19 12:00:00","W","2.799","2.800","2.798","24.000","2023-05-29 17:12:14"
"2021-11-19 12:00:00","D","1.946","2.090","1.690","24.000","2023-05-29 17:12:12"
"2021-11-19 18:00:00","W","2.798","2.799","2.797","24.000","2023-05-29 17:12:14"
"2021-11-19 18:00:00","D","1.870","2.130","1.460","24.000","2023-05-29 17:12:12"
"2021-11-20 00:00:00","W","2.800","2.800","2.799","24.000","2023-05-29 17:12:14"
"2021-11-20 00:00:00","D","1.970","2.210","1.730","24.000","2023-05-29 17:12:12"
"2021-11-20 06:00:00","W","2.800","2.800","2.799","24.000","2023-05-29 17:12:14"
"2021-11-20 06:00:00","D","1.873","2.130","1.640","24.000","2023-05-29 17:12:12"
"2021-11-20 12:00:00","W","2.798","2.799","2.795","24.000","2023-05-29 17:12:14"
"2021-11-20 12:00:00","D","1.925","2.190","1.620","24.000","2023-05-29 17:12:12"
"2021-11-20 18:00:00","W","2.800","2.809","2.795","24.000","2023-05-29 17:12:14"
"2021-11-20 18:00:00","D","1.952","2.390","1.530","24.000","2023-05-29 17:12:12"
"2021-11-21 00:00:00","W","2.815","2.816","2.811","24.000","2023-05-29 17:12:14"
"2021-11-21 00:00:00","D","1.845","2.090","1.630","24.000","2023-05-29 17:12:12"
"2021-11-21 06:00:00","W","2.814","2.816","2.813","24.000","2023-05-29 17:12:14"
"2021-11-21 06:00:00","D","1.801","2.100","1.280","24.000","2023-05-29 17:12:12"
"2021-11-21 12:00:00","W","2.812","2.815","2.809","24.000","2023-05-29 17:12:14"
"2021-11-21 12:00:00","D","1.866","2.330","1.570","24.000","2023-05-29 17:12:12"
"2021-11-21 18:00:00","W","2.811","2.816","2.808","24.000","2023-05-29 17:12:14"
"2021-11-21 18:00:00","D","1.788","2.150","1.420","24.000","2023-05-29 17:12:12"
"2021-11-22 00:00:00","W","2.806","2.806","2.805","24.000","2023-05-29 17:12:14"
"2021-11-22 00:00:00","D","1.660","1.850","1.350","24.000","2023-05-29 17:12:12"
"2021-11-22 06:00:00","W","2.805","2.811","2.805","24.000","2023-05-29 17:12:14"
"2021-11-22 06:00:00","D","1.786","2.230","1.430","24.000","2023-05-29 17:12:12"
"2021-11-22 12:00:00","W","2.806","2.809","2.805","24.000","2023-05-29 17:12:14"
"2021-11-22 12:00:00","D","1.733","2.090","1.420","24.000","2023-05-29 17:12:12"
"2021-11-22 18:00:00","W","2.806","2.810","2.803","24.000","2023-05-29 17:12:14"
"2021-11-22 18:00:00","D","1.856","2.330","1.430","24.000","2023-05-29 17:12:12"
"2021-11-23 00:00:00","W","2.803","2.804","2.802","24.000","2023-05-29 17:12:14"
"2021-11-23 00:00:00","D","1.884","2.000","1.450","24.000","2023-05-29 17:12:12"
"2021-11-23 06:00:00","W","2.804","2.804","2.803","24.000","2023-05-29 17:12:14"
"2021-11-23 06:00:00","D","1.910","2.010","1.780","24.000","2023-05-29 17:12:12"
"2021-11-23 12:00:00","W","2.804","2.808","2.802","24.000","2023-05-29 17:12:14"
"2021-11-23 12:00:00","D","1.923","2.430","1.660","24.000","2023-05-29 17:12:12"
"2021-11-23 18:00:00","W","2.807","2.810","2.804","24.000","2023-05-29 17:12:14"
"2021-11-23 18:00:00","D","1.838","2.250","1.520","24.000","2023-05-29 17:12:12"
"2021-11-24 00:00:00","W","2.807","2.808","2.806","24.000","2023-05-29 17:12:14"
"2021-11-24 00:00:00","D","1.890","1.950","1.800","24.000","2023-05-29 17:12:12"
"2021-11-24 06:00:00","W","2.808","2.808","2.808","24.000","2023-05-29 17:12:14"
"2021-11-24 06:00:00","D","1.825","1.940","1.550","24.000","2023-05-29 17:12:12"
"2021-11-24 12:00:00","W","2.807","2.808","2.805","24.000","2023-05-29 17:12:14"
"2021-11-24 12:00:00","D","1.867","1.970","1.610","24.000","2023-05-29 17:12:12"
"2021-11-24 18:00:00","W","2.804","2.805","2.801","24.000","2023-05-29 17:12:14"
"2021-11-24 18:00:00","D","1.830","2.190","1.480","24.000","2023-05-29 17:12:12"
"2021-11-25 00:00:00","W","2.806","2.807","2.805","24.000","2023-05-29 17:12:14"
"2021-11-25 00:00:00","D","1.887","1.970","1.760","24.000","2023-05-29 17:12:12"
"2021-11-25 06:00:00","W","2.807","2.807","2.806","24.000","2023-05-29 17:12:14"
"2021-11-25 06:00:00","D","1.921","2.150","1.570","24.000","2023-05-29 17:12:12"
"2021-11-25 12:00:00","W","2.806","2.809","2.805","24.000","2023-05-29 17:12:14"
"2021-11-25 12:00:00","D","1.771","2.100","1.540","24.000","2023-05-29 17:12:12"
"2021-11-25 18:00:00","W","2.809","2.812","2.806","24.000","2023-05-29 17:12:14"
"2021-11-25 18:00:00","D","1.887","2.280","1.600","24.000","2023-05-29 17:12:12"
"2021-11-26 00:00:00","W","2.807","2.808","2.805","24.000","2023-05-29 17:12:14"
"2021-11-26 00:00:00","D","1.900","2.020","1.610","24.000","2023-05-29 17:12:12"
"2021-11-26 06:00:00","W","2.807","2.808","2.806","24.000","2023-05-29 17:12:14"
"2021-11-26 06:00:00","D","1.802","1.920","1.620","24.000","2023-05-29 17:12:12"
"2021-11-26 12:00:00","W","2.807","2.808","2.806","24.000","2023-05-29 17:12:14"
"2021-11-26 12:00:00","D","1.781","1.900","1.470","24.000","2023-05-29 17:12:12"
"2021-11-26 18:00:00","W","2.810","2.812","2.808","24.000","2023-05-29 17:12:15"
"2021-11-26 18:00:00","D","1.733","2.000","1.510","24.000","2023-05-29 17:12:12"
"2021-11-27 00:00:00","W","2.809","2.810","2.809","24.000","2023-05-29 17:12:15"
"2021-11-27 00:00:00","D","1.753","1.920","1.540","24.000","2023-05-29 17:12:12"
"2021-11-27 06:00:00","W","2.813","2.814","2.809","24.000","2023-05-29 17:12:15"
"2021-11-27 06:00:00","D","1.815","2.050","1.560","24.000","2023-05-29 17:12:12"
"2021-11-27 12:00:00","W","2.818","2.822","2.814","24.000","2023-05-29 17:12:15"
"2021-11-27 12:00:00","D","1.846","1.990","1.590","24.000","2023-05-29 17:12:12"
"2021-11-27 18:00:00","W","2.826","2.831","2.822","24.000","2023-05-29 17:12:15"
"2021-11-27 18:00:00","D","1.891","2.230","1.630","24.000","2023-05-29 17:12:12"
"2021-11-28 00:00:00","W","2.830","2.832","2.830","24.000","2023-05-29 17:12:15"
"2021-11-28 00:00:00","D","1.973","2.190","1.770","24.000","2023-05-29 17:12:12"
"2021-11-28 06:00:00","W","2.830","2.832","2.828","24.000","2023-05-29 17:12:15"
"2021-11-28 06:00:00","D","2.046","2.250","1.840","24.000","2023-05-29 17:12:12"
"2021-11-28 12:00:00","W","2.828","2.832","2.826","24.000","2023-05-29 17:12:15"
"2021-11-28 12:00:00","D","2.004","2.300","1.700","24.000","2023-05-29 17:12:12"
"2021-11-28 18:00:00","W","2.831","2.834","2.825","24.000","2023-05-29 17:12:15"
"2021-11-28 18:00:00","D","2.077","2.580","1.510","24.000","2023-05-29 17:12:12"
"2021-11-29 00:00:00","W","2.825","2.827","2.823","24.000","2023-05-29 17:12:15"
"2021-11-29 00:00:00","D","1.967","2.240","1.680","24.000","2023-05-29 17:12:12"
"2021-11-29 06:00:00","W","2.822","2.824","2.820","24.000","2023-05-29 17:12:15"
"2021-11-29 06:00:00","D","1.927","2.260","1.680","24.000","2023-05-29 17:12:12"
"2021-11-29 12:00:00","W","2.820","2.826","2.817","24.000","2023-05-29 17:12:15"
"2021-11-29 12:00:00","D","1.991","2.660","1.630","24.000","2023-05-29 17:12:12"
"2021-11-29 18:00:00","W","2.815","2.818","2.813","24.000","2023-05-29 17:12:15"
"2021-11-29 18:00:00","D","1.876","2.080","1.710","24.000","2023-05-29 17:12:12"
"2021-11-30 00:00:00","W","2.815","2.816","2.813","24.000","2023-05-29 17:12:15"
"2021-11-30 00:00:00","D","1.989","2.120","1.790","24.000","2023-05-29 17:12:12"
"2021-11-30 06:00:00","W","2.814","2.816","2.812","24.000","2023-05-29 17:12:15"
"2021-11-30 06:00:00","D","1.946","2.100","1.610","24.000","2023-05-29 17:12:12"
"2021-11-30 12:00:00","W","2.811","2.814","2.810","24.000","2023-05-29 17:12:15"
"2021-11-30 12:00:00","D","1.858","2.130","1.690","24.000","2023-05-29 17:12:12"
"2021-11-30 18:00:00","W","2.813","2.816","2.810","24.000","2023-05-29 17:12:15"
"2021-11-30 18:00:00","D","1.839","2.270","1.580","24.000","2023-05-29 17:12:12"
"2021-12-01 00:00:00","W","2.812","2.814","2.810","24.000","2023-05-29 17:12:15"
"2021-12-01 00:00:00","D","1.845","1.990","1.750","24.000","2023-05-29 17:12:12"
"2021-12-01 06:00:00","W","2.814","2.816","2.812","24.000","2023-05-29 17:12:15"
"2021-12-01 06:00:00","D","1.875","2.030","1.650","24.000","2023-05-29 17:12:12"
"2021-12-01 12:00:00","W","2.813","2.816","2.812","24.000","2023-05-29 17:12:15"
"2021-12-01 12:00:00","D","1.814","2.040","1.560","24.000","2023-05-29 17:12:12"
"2021-12-01 18:00:00","W","2.812","2.816","2.810","24.000","2023-05-29 17:12:15"
"2021-12-01 18:00:00","D","1.849","2.100","1.600","24.000","2023-05-29 17:12:12"
"2021-12-02 00:00:00","W","2.811","2.813","2.811","24.000","2023-05-29 17:12:15"
"2021-12-02 00:00:00","D","1.790","1.990","1.580","24.000","2023-05-29 17:12:12"
"2021-12-02 06:00:00","W","2.811","2.812","2.810","24.000","2023-05-29 17:12:15"
"2021-12-02 06:00:00","D","1.769","1.900","1.520","24.000","2023-05-29 17:12:12"
"2021-12-02 12:00:00","W","2.809","2.811","2.807","24.000","2023-05-29 17:12:15"
"2021-12-02 12:00:00","D","1.794","2.180","1.550","24.000","2023-05-29 17:12:12"
"2021-12-02 18:00:00","W","2.807","2.809","2.804","24.000","2023-05-29 17:12:15"
"2021-12-02 18:00:00","D","1.723","1.900","1.420","24.000","2023-05-29 17:12:12"
"2021-12-03 00:00:00","W","2.804","2.805","2.803","24.000","2023-05-29 17:12:15"
"2021-12-03 00:00:00","D","1.766","1.960","1.400","24.000","2023-05-29 17:12:12"
"2021-12-03 06:00:00","W","2.805","2.806","2.804","24.000","2023-05-29 17:12:15"
"2021-12-03 06:00:00","D","1.834","2.020","1.670","24.000","2023-05-29 17:12:12"
"2021-12-03 12:00:00","W","2.805","2.806","2.804","24.000","2023-05-29 17:12:15"
"2021-12-03 12:00:00","D","1.803","1.940","1.630","24.000","2023-05-29 17:12:12"
"2021-12-03 18:00:00","W","2.808","2.811","2.806","24.000","2023-05-29 17:12:15"
"2021-12-03 18:00:00","D","1.780","2.030","1.470","24.000","2023-05-29 17:12:12"
"2021-12-04 00:00:00","W","2.809","2.810","2.808","24.000","2023-05-29 17:12:15"
"2021-12-04 00:00:00","D","1.858","1.920","1.680","24.000","2023-05-29 17:12:12"
"2021-12-04 06:00:00","W","2.810","2.810","2.810","24.000","2023-05-29 17:12:15"
"2021-12-04 06:00:00","D","1.851","1.960","1.700","24.000","2023-05-29 17:12:12"
"2021-12-04 12:00:00","W","2.810","2.812","2.806","24.000","2023-05-29 17:12:15"
"2021-12-04 12:00:00","D","1.869","2.220","1.650","24.000","2023-05-29 17:12:12"
"2021-12-04 18:00:00","W","2.808","2.816","2.796","24.000","2023-05-29 17:12:15"
"2021-12-04 18:00:00","D","1.606","2.040","1.280","24.000","2023-05-29 17:12:12"
"2021-12-05 00:00:00","W","2.802","2.808","2.795","24.000","2023-05-29 17:12:15"
"2021-12-05 00:00:00","D","1.590","1.900","1.170","24.000","2023-05-29 17:12:12"
"2021-12-05 06:00:00","W","2.809","2.810","2.808","24.000","2023-05-29 17:12:15"
"2021-12-05 06:00:00","D","1.715","1.930","1.310","24.000","2023-05-29 17:12:12"
"2021-12-05 12:00:00","W","2.814","2.820","2.809","24.000","2023-05-29 17:12:15"
"2021-12-05 12:00:00","D","1.748","2.010","1.440","24.000","2023-05-29 17:12:12"
"2021-12-05 18:00:00","W","2.833","2.841","2.822","24.000","2023-05-29 17:12:15"
"2021-12-05 18:00:00","D","1.943","2.450","1.460","24.000","2023-05-29 17:12:12"
"2021-12-06 00:00:00","W","2.837","2.841","2.835","24.000","2023-05-29 17:12:15"
"2021-12-06 00:00:00","D","2.008","2.470","1.480","24.000","2023-05-29 17:12:12"
"2021-12-06 06:00:00","W","2.841","2.842","2.838","24.000","2023-05-29 17:12:15"
"2021-12-06 06:00:00","D","2.196","2.350","1.920","24.000","2023-05-29 17:12:12"
"2021-12-06 12:00:00","W","2.837","2.840","2.835","24.000","2023-05-29 17:12:15"
"2021-12-06 12:00:00","D","2.071","2.350","1.820","24.000","2023-05-29 17:12:12"
"2021-12-06 18:00:00","W","2.834","2.837","2.832","24.000","2023-05-29 17:12:15"
"2021-12-06 18:00:00","D","2.055","2.190","1.860","24.000","2023-05-29 17:12:12"
"2021-12-07 00:00:00","W","2.835","2.837","2.832","24.000","2023-05-29 17:12:15"
"2021-12-07 00:00:00","D","2.031","2.210","1.820","24.000","2023-05-29 17:12:12"
"2021-12-07 06:00:00","W","2.837","2.838","2.836","24.000","2023-05-29 17:12:15"
"2021-12-07 06:00:00","D","2.145","2.300","2.010","24.000","2023-05-29 17:12:12"
"2021-12-07 12:00:00","W","2.838","2.838","2.838","24.000","2023-05-29 17:12:15"
"2021-12-07 12:00:00","D","2.134","2.260","1.810","24.000","2023-05-29 17:12:12"
"2021-12-07 18:00:00","W","2.843","2.855","2.837","24.000","2023-05-29 17:12:15"
"2021-12-07 18:00:00","D","2.187","2.480","1.970","24.000","2023-05-29 17:12:12"
"2021-12-08 00:00:00","W","2.870","2.887","2.855","24.000","2023-05-29 17:12:15"
"2021-12-08 00:00:00","D","2.807","3.990","2.240","24.000","2023-05-29 17:12:12"
"2021-12-08 06:00:00","W","2.880","2.885","2.875","24.000","2023-05-29 17:12:15"
"2021-12-08 06:00:00","D","4.750","5.590","3.740","24.000","2023-05-29 17:12:12"
"2021-12-08 12:00:00","W","2.871","2.882","2.859","24.000","2023-05-29 17:12:15"
"2021-12-08 12:00:00","D","4.542","5.180","3.600","24.000","2023-05-29 17:12:12"
"2021-12-08 18:00:00","W","2.834","2.900","2.785","24.000","2023-05-29 17:12:15"
"2021-12-08 18:00:00","D","4.235","6.470","2.200","24.000","2023-05-29 17:12:12"
"2021-12-09 00:00:00","W","2.830","2.839","2.817","24.000","2023-05-29 17:12:15"
"2021-12-09 00:00:00","D","3.613","4.470","2.750","24.000","2023-05-29 17:12:12"
"2021-12-09 06:00:00","W","2.824","2.835","2.810","24.000","2023-05-29 17:12:15"
"2021-12-09 06:00:00","D","3.433","4.160","2.730","24.000","2023-05-29 17:12:12"
"2021-12-09 12:00:00","W","2.805","2.817","2.794","24.000","2023-05-29 17:12:15"
"2021-12-09 12:00:00","D","3.227","3.910","2.490","24.000","2023-05-29 17:12:12"
"2021-12-09 18:00:00","W","2.803","2.823","2.794","24.000","2023-05-29 17:12:15"
"2021-12-09 18:00:00","D","2.674","3.990","2.170","24.000","2023-05-29 17:12:12"
"2021-12-10 00:00:00","W","2.816","2.826","2.805","24.000","2023-05-29 17:12:15"
"2021-12-10 00:00:00","D","2.811","3.630","2.300","24.000","2023-05-29 17:12:12"
"2021-12-10 06:00:00","W","2.803","2.812","2.797","24.000","2023-05-29 17:12:15"
"2021-12-10 06:00:00","D","2.813","3.590","1.970","24.000","2023-05-29 17:12:12"
"2021-12-10 12:00:00","W","2.828","2.869","2.799","24.000","2023-05-29 17:12:15"
"2021-12-10 12:00:00","D","3.595","5.870","2.500","24.000","2023-05-29 17:12:12"
"2021-12-10 18:00:00","W","2.869","2.880","2.858","24.000","2023-05-29 17:12:15"
"2021-12-10 18:00:00","D","5.128","6.300","4.390","24.000","2023-05-29 17:12:12"
"2021-12-11 00:00:00","W","2.875","2.885","2.865","24.000","2023-05-29 17:12:15"
"2021-12-11 00:00:00","D","5.403","5.950","4.730","24.000","2023-05-29 17:12:12"
"2021-12-11 06:00:00","W","2.865","2.874","2.858","24.000","2023-05-29 17:12:15"
"2021-12-11 06:00:00","D","5.472","6.070","5.010","24.000","2023-05-29 17:12:12"
"2021-12-11 12:00:00","W","2.854","2.862","2.844","24.000","2023-05-29 17:12:15"
"2021-12-11 12:00:00","D","5.008","5.520","4.550","24.000","2023-05-29 17:12:12"
"2021-12-11 18:00:00","W","2.835","2.846","2.823","24.000","2023-05-29 17:12:15"
"2021-12-11 18:00:00","D","4.136","5.930","3.030","24.000","2023-05-29 17:12:12"
"2021-12-12 00:00:00","W","2.825","2.835","2.814","24.000","2023-05-29 17:12:15"
"2021-12-12 00:00:00","D","3.769","4.340","3.220","24.000","2023-05-29 17:12:12"
"2021-12-12 06:00:00","W","2.808","2.819","2.796","24.000","2023-05-29 17:12:15"
"2021-12-12 06:00:00","D","3.709","4.350","3.070","24.000","2023-05-29 17:12:12"
"2021-12-12 12:00:00","W","2.799","2.807","2.787","24.000","2023-05-29 17:12:15"
"2021-12-12 12:00:00","D","3.567","4.760","2.780","24.000","2023-05-29 17:12:12"
"2021-12-12 18:00:00","W","2.836","2.856","2.804","24.000","2023-05-29 17:12:15"
"2021-12-12 18:00:00","D","3.564","4.340","2.680","24.000","2023-05-29 17:12:12"
"2021-12-13 00:00:00","W","2.855","2.863","2.849","24.000","2023-05-29 17:12:15"
"2021-12-13 00:00:00","D","3.741","4.640","3.030","24.000","2023-05-29 17:12:12"
"2021-12-13 06:00:00","W","2.850","2.856","2.843","24.000","2023-05-29 17:12:15"
"2021-12-13 06:00:00","D","3.470","3.920","2.950","24.000","2023-05-29 17:12:12"
"2021-12-13 12:00:00","W","2.844","2.851","2.838","24.000","2023-05-29 17:12:15"
"2021-12-13 12:00:00","D","3.436","4.310","2.850","24.000","2023-05-29 17:12:12"
"2021-12-13 18:00:00","W","2.838","2.849","2.831","24.000","2023-05-29 17:12:15"
"2021-12-13 18:00:00","D","3.233","4.110","2.520","24.000","2023-05-29 17:12:12"
"2021-12-14 00:00:00","W","2.834","2.842","2.827","24.000","2023-05-29 17:12:15"
"2021-12-14 00:00:00","D","3.158","3.960","2.620","24.000","2023-05-29 17:12:12"
"2021-12-14 06:00:00","W","2.824","2.836","2.818","24.000","2023-05-29 17:12:15"
"2021-12-14 06:00:00","D","2.948","3.910","2.400","24.000","2023-05-29 17:12:12"
"2021-12-14 12:00:00","W","2.812","2.820","2.804","24.000","2023-05-29 17:12:15"
"2021-12-14 12:00:00","D","2.807","3.330","2.450","24.000","2023-05-29 17:12:12"
"2021-12-14 18:00:00","W","2.796","2.800","2.793","24.000","2023-05-29 17:12:15"
"2021-12-14 18:00:00","D","2.501","2.870","2.090","24.000","2023-05-29 17:12:12"
"2021-12-15 00:00:00","W","2.797","2.799","2.795","24.000","2023-05-29 17:12:15"
"2021-12-15 00:00:00","D","2.479","2.690","2.290","24.000","2023-05-29 17:12:12"
"2021-12-15 06:00:00","W","2.795","2.797","2.791","24.000","2023-05-29 17:12:15"
"2021-12-15 06:00:00","D","2.466","2.650","2.220","24.000","2023-05-29 17:12:12"
"2021-12-15 12:00:00","W","2.797","2.808","2.791","24.000","2023-05-29 17:12:15"
"2021-12-15 12:00:00","D","2.368","3.110","2.080","24.000","2023-05-29 17:12:12"
"2021-12-15 18:00:00","W","2.855","2.892","2.797","24.000","2023-05-29 17:12:15"
"2021-12-15 18:00:00","D","2.043","3.900","-0.520","24.000","2023-05-29 17:12:12"
"2021-12-16 00:00:00","W","2.850","2.856","2.846","24.000","2023-05-29 17:12:15"
"2021-12-16 00:00:00","D","2.390","2.680","1.950","24.000","2023-05-29 17:12:12"
"2021-12-16 06:00:00","W","2.843","2.848","2.842","24.000","2023-05-29 17:12:15"
"2021-12-16 06:00:00","D","2.231","2.530","1.800","24.000","2023-05-29 17:12:12"
"2021-12-16 12:00:00","W","2.838","2.842","2.836","24.000","2023-05-29 17:12:15"
"2021-12-16 12:00:00","D","2.246","2.580","2.030","24.000","2023-05-29 17:12:12"
"2021-12-16 18:00:00","W","2.837","2.844","2.830","24.000","2023-05-29 17:12:15"
"2021-12-16 18:00:00","D","2.255","2.690","1.870","24.000","2023-05-29 17:12:12"
"2021-12-17 00:00:00","W","2.831","2.833","2.831","24.000","2023-05-29 17:12:15"
"2021-12-17 00:00:00","D","2.217","2.410","1.940","24.000","2023-05-29 17:12:12"
"2021-12-17 06:00:00","W","2.829","2.831","2.827","24.000","2023-05-29 17:12:15"
"2021-12-17 06:00:00","D","2.214","2.360","2.070","24.000","2023-05-29 17:12:12"
"2021-12-17 12:00:00","W","2.825","2.829","2.823","24.000","2023-05-29 17:12:15"
"2021-12-17 12:00:00","D","2.078","2.630","1.620","24.000","2023-05-29 17:12:12"
"2021-12-17 18:00:00","W","2.823","2.827","2.820","24.000","2023-05-29 17:12:15"
"2021-12-17 18:00:00","D","1.965","2.450","1.680","24.000","2023-05-29 17:12:12"
"2021-12-18 00:00:00","W","2.820","2.822","2.818","24.000","2023-05-29 17:12:15"
"2021-12-18 00:00:00","D","1.949","2.340","1.580","24.000","2023-05-29 17:12:12"
"2021-12-18 06:00:00","W","2.817","2.818","2.816","24.000","2023-05-29 17:12:15"
"2021-12-18 06:00:00","D","2.128","2.250","1.890","24.000","2023-05-29 17:12:12"
"2021-12-18 12:00:00","W","2.817","2.822","2.816","24.000","2023-05-29 17:12:15"
"2021-12-18 12:00:00","D","2.122","2.350","1.790","24.000","2023-05-29 17:12:12"
"2021-12-18 18:00:00","W","2.821","2.825","2.816","24.000","2023-05-29 17:12:15"
"2021-12-18 18:00:00","D","2.119","2.440","1.620","24.000","2023-05-29 17:12:12"
"2021-12-19 00:00:00","W","2.817","2.821","2.815","24.000","2023-05-29 17:12:15"
"2021-12-19 00:00:00","D","2.008","2.410","1.550","24.000","2023-05-29 17:12:12"
"2021-12-19 06:00:00","W","2.816","2.818","2.813","24.000","2023-05-29 17:12:15"
"2021-12-19 06:00:00","D","2.048","2.350","1.710","24.000","2023-05-29 17:12:12"
"2021-12-19 12:00:00","W","2.815","2.821","2.812","24.000","2023-05-29 17:12:15"
"2021-12-19 12:00:00","D","1.851","2.230","1.380","24.000","2023-05-29 17:12:12"
"2021-12-19 18:00:00","W","2.816","2.819","2.814","24.000","2023-05-29 17:12:15"
"2021-12-19 18:00:00","D","1.963","2.310","1.610","24.000","2023-05-29 17:12:12"
"2021-12-20 00:00:00","W","2.817","2.817","2.817","24.000","2023-05-29 17:12:15"
"2021-12-20 00:00:00","D","2.000","2.290","1.530","24.000","2023-05-29 17:12:12"
"2021-12-20 06:00:00","W","2.817","2.818","2.816","24.000","2023-05-29 17:12:15"
"2021-12-20 06:00:00","D","2.103","2.250","1.970","24.000","2023-05-29 17:12:12"
"2021-12-20 12:00:00","W","2.816","2.819","2.814","24.000","2023-05-29 17:12:15"
"2021-12-20 12:00:00","D","1.967","2.410","1.570","24.000","2023-05-29 17:12:12"
"2021-12-20 18:00:00","W","2.814","2.818","2.810","24.000","2023-05-29 17:12:15"
"2021-12-20 18:00:00","D","1.877","2.220","1.440","24.000","2023-05-29 17:12:12"
"2021-12-21 00:00:00","W","2.813","2.814","2.812","24.000","2023-05-29 17:12:15"
"2021-12-21 00:00:00","D","1.905","2.150","1.770","24.000","2023-05-29 17:12:12"
"2021-12-21 06:00:00","W","2.810","2.812","2.808","24.000","2023-05-29 17:12:15"
"2021-12-21 06:00:00","D","1.806","2.040","1.510","24.000","2023-05-29 17:12:12"
"2021-12-21 12:00:00","W","2.808","2.809","2.807","24.000","2023-05-29 17:12:15"
"2021-12-21 12:00:00","D","1.761","2.040","1.560","24.000","2023-05-29 17:12:12"
"2021-12-21 18:00:00","W","2.806","2.809","2.805","24.000","2023-05-29 17:12:15"
"2021-12-21 18:00:00","D","1.925","2.450","1.490","24.000","2023-05-29 17:12:12"
"2021-12-22 00:00:00","W","2.806","2.807","2.805","24.000","2023-05-29 17:12:15"
"2021-12-22 00:00:00","D","2.013","2.200","1.650","24.000","2023-05-29 17:12:12"
"2021-12-22 06:00:00","W","2.805","2.805","2.803","24.000","2023-05-29 17:12:15"
"2021-12-22 06:00:00","D","2.061","2.200","1.760","24.000","2023-05-29 17:12:12"
"2021-12-22 12:00:00","W","2.802","2.803","2.801","24.000","2023-05-29 17:12:15"
"2021-12-22 12:00:00","D","1.899","2.300","1.690","24.000","2023-05-29 17:12:12"
"2021-12-22 18:00:00","W","2.803","2.806","2.800","24.000","2023-05-29 17:12:15"
"2021-12-22 18:00:00","D","2.008","2.140","1.650","24.000","2023-05-29 17:12:12"
"2021-12-23 00:00:00","W","2.806","2.806","2.806","24.000","2023-05-29 17:12:15"
"2021-12-23 00:00:00","D","2.019","2.150","1.920","24.000","2023-05-29 17:12:12"
"2021-12-23 06:00:00","W","2.804","2.806","2.804","24.000","2023-05-29 17:12:15"
"2021-12-23 06:00:00","D","2.013","2.160","1.710","24.000","2023-05-29 17:12:12"
"2021-12-23 12:00:00","W","2.804","2.807","2.803","24.000","2023-05-29 17:12:15"
"2021-12-23 12:00:00","D","1.945","2.170","1.640","24.000","2023-05-29 17:12:12"
"2021-12-23 18:00:00","W","2.806","2.809","2.803","24.000","2023-05-29 17:12:15"
"2021-12-23 18:00:00","D","2.062","2.560","1.740","24.000","2023-05-29 17:12:12"
"2021-12-24 00:00:00","W","2.807","2.809","2.805","24.000","2023-05-29 17:12:15"
"2021-12-24 00:00:00","D","2.080","2.200","1.890","24.000","2023-05-29 17:12:12"
"2021-12-24 06:00:00","W","2.807","2.809","2.806","24.000","2023-05-29 17:12:15"
"2021-12-24 06:00:00","D","2.036","2.210","1.860","24.000","2023-05-29 17:12:12"
"2021-12-24 12:00:00","W","2.806","2.807","2.805","24.000","2023-05-29 17:12:15"
"2021-12-24 12:00:00","D","1.963","2.200","1.680","24.000","2023-05-29 17:12:13"
"2021-12-24 18:00:00","W","2.807","2.809","2.805","24.000","2023-05-29 17:12:15"
"2021-12-24 18:00:00","D","2.083","2.210","1.940","24.000","2023-05-29 17:12:13"
"2021-12-25 00:00:00","W","2.822","2.839","2.811","24.000","2023-05-29 17:12:15"
"2021-12-25 00:00:00","D","2.296","2.590","1.920","24.000","2023-05-29 17:12:13"
"2021-12-25 06:00:00","W","2.884","2.924","2.841","24.000","2023-05-29 17:12:15"
"2021-12-25 06:00:00","D","6.385","11.280","2.620","24.000","2023-05-29 17:12:13"
"2021-12-25 12:00:00","W","2.871","2.893","2.850","24.000","2023-05-29 17:12:15"
"2021-12-25 12:00:00","D","9.647","10.660","8.740","24.000","2023-05-29 17:12:13"
"2021-12-25 18:00:00","W","2.840","2.904","2.789","24.000","2023-05-29 17:12:15"
"2021-12-25 18:00:00","D","8.415","9.580","7.160","24.000","2023-05-29 17:12:13"
"2021-12-26 00:00:00","W","2.850","2.864","2.825","24.000","2023-05-29 17:12:15"
"2021-12-26 00:00:00","D","7.820","8.510","7.100","24.000","2023-05-29 17:12:13"
"2021-12-26 06:00:00","W","2.855","2.864","2.848","24.000","2023-05-29 17:12:15"
"2021-12-26 06:00:00","D","8.014","8.650","7.550","24.000","2023-05-29 17:12:13"
"2021-12-26 12:00:00","W","2.900","2.940","2.857","24.000","2023-05-29 17:12:15"
"2021-12-26 12:00:00","D","12.392","19.110","7.790","24.000","2023-05-29 17:12:13"
"2021-12-26 18:00:00","W","2.935","2.962","2.906","24.000","2023-05-29 17:12:15"
"2021-12-26 18:00:00","D","23.778","28.220","17.820","24.000","2023-05-29 17:12:13"
"2021-12-27 00:00:00","W","2.919","2.966","2.866","24.000","2023-05-29 17:12:15"
"2021-12-27 00:00:00","D","27.871","29.110","26.130","24.000","2023-05-29 17:12:13"
"2021-12-27 06:00:00","W","2.872","2.897","2.840","24.000","2023-05-29 17:12:15"
"2021-12-27 06:00:00","D","24.450","26.620","22.670","24.000","2023-05-29 17:12:13"
"2021-12-27 12:00:00","W","2.859","2.890","2.838","24.000","2023-05-29 17:12:15"
"2021-12-27 12:00:00","D","19.948","23.800","15.950","24.000","2023-05-29 17:12:13"
"2021-12-27 18:00:00","W","2.851","2.876","2.822","24.000","2023-05-29 17:12:15"
"2021-12-27 18:00:00","D","14.026","17.350","10.830","24.000","2023-05-29 17:12:13"
"2021-12-28 00:00:00","W","2.856","2.883","2.840","24.000","2023-05-29 17:12:15"
"2021-12-28 00:00:00","D","11.826","13.100","10.830","24.000","2023-05-29 17:12:13"
"2021-12-28 06:00:00","W","2.845","2.869","2.816","24.000","2023-05-29 17:12:15"
"2021-12-28 06:00:00","D","10.523","12.220","9.570","24.000","2023-05-29 17:12:13"
"2021-12-28 12:00:00","W","2.842","2.865","2.811","24.000","2023-05-29 17:12:15"
"2021-12-28 12:00:00","D","9.901","11.130","8.180","24.000","2023-05-29 17:12:13"
"2021-12-28 18:00:00","W","2.843","2.856","2.832","24.000","2023-05-29 17:12:15"
"2021-12-28 18:00:00","D","8.817","10.300","7.510","24.000","2023-05-29 17:12:13"
"2021-12-29 00:00:00","W","2.849","2.888","2.804","24.000","2023-05-29 17:12:15"
"2021-12-29 00:00:00","D","8.244","10.270","6.330","24.000","2023-05-29 17:12:13"
"2021-12-29 06:00:00","W","2.835","2.867","2.813","24.000","2023-05-29 17:12:15"
"2021-12-29 06:00:00","D","7.258","8.360","5.990","24.000","2023-05-29 17:12:13"
"2021-12-29 12:00:00","W","2.808","2.825","2.788","24.000","2023-05-29 17:12:15"
"2021-12-29 12:00:00","D","6.781","8.110","5.270","24.000","2023-05-29 17:12:13"
"2021-12-29 18:00:00","W","2.837","2.867","2.793","24.000","2023-05-29 17:12:15"
"2021-12-29 18:00:00","D","5.703","7.640","4.330","24.000","2023-05-29 17:12:13"
"2021-12-30 00:00:00","W","2.856","2.868","2.843","24.000","2023-05-29 17:12:15"
"2021-12-30 00:00:00","D","5.710","6.840","4.730","24.000","2023-05-29 17:12:13"
"2021-12-30 06:00:00","W","2.848","2.865","2.831","24.000","2023-05-29 17:12:15"
"2021-12-30 06:00:00","D","5.766","6.920","4.500","24.000","2023-05-29 17:12:13"
"2021-12-30 12:00:00","W","2.827","2.847","2.808","24.000","2023-05-29 17:12:15"
"2021-12-30 12:00:00","D","5.399","7.280","3.980","24.000","2023-05-29 17:12:13"
"2021-12-30 18:00:00","W","2.828","2.869","2.779","24.000","2023-05-29 17:12:15"
"2021-12-30 18:00:00","D","4.890","6.400","3.200","24.000","2023-05-29 17:12:13"
"2021-12-31 00:00:00","W","2.862","2.876","2.847","24.000","2023-05-29 17:12:15"
"2021-12-31 00:00:00","D","4.631","5.990","3.620","24.000","2023-05-29 17:12:13"
"2021-12-31 06:00:00","W","2.858","2.876","2.844","24.000","2023-05-29 17:12:15"
"2021-12-31 06:00:00","D","4.450","5.590","3.570","24.000","2023-05-29 17:12:13"
"2021-12-31 12:00:00","W","2.851","2.865","2.837","24.000","2023-05-29 17:12:15"
"2021-12-31 12:00:00","D","4.425","5.440","3.250","24.000","2023-05-29 17:12:13"
"2021-12-31 18:00:00","W","2.835","2.862","2.819","24.000","2023-05-29 17:12:15"
"2021-12-31 18:00:00","D","4.213","6.230","3.360","24.000","2023-05-29 17:12:13"
"2022-01-01 00:00:00","W","2.852","2.873","2.838","23.000","2023-05-29 17:12:15"
"2022-01-01 00:00:00","D","4.552","5.790","3.440","23.000","2023-05-29 17:12:13"