"UTC0 datetime","Variable","Value","Max Value","Min Value","%Coverage","Updated at"
"2020-01-01 00:00:00","D","4.038","4.100","3.975","6.000","2021-06-19 01:59:48"
"2020-01-01 06:00:00","D","3.988","4.083","3.903","6.000","2021-06-19 01:59:48"
"2020-01-01 12:00:00","D","3.888","3.945","3.825","6.000","2021-06-19 01:59:48"
"2020-01-01 18:00:00","D","3.915","4.055","3.633","6.000","2021-06-19 01:59:48"
"2020-01-02 00:00:00","D","3.885","3.963","3.815","6.000","2021-06-19 01:59:48"
"2020-01-02 06:00:00","D","3.794","3.878","3.718","6.000","2021-06-19 01:59:48"
"2020-01-02 12:00:00","D","3.791","3.928","3.740","6.000","2021-06-19 01:59:48"
"2020-01-02 18:00:00","D","3.826","4.045","3.408","6.000","2021-06-19 01:59:48"
"2020-01-03 00:00:00","D","3.614","3.658","3.540","6.000","2021-06-19 01:59:48"
"2020-01-03 06:00:00","D","3.679","3.730","3.658","6.000","2021-06-19 01:59:48"
"2020-01-03 12:00:00","D","3.812","3.938","3.685","6.000","2021-06-19 01:59:48"
"2020-01-03 18:00:00","D","4.454","4.958","3.820","6.000","2021-06-19 01:59:48"
"2020-01-04 00:00:00","D","4.764","4.848","4.638","6.000","2021-06-19 01:59:48"
"2020-01-04 06:00:00","D","4.653","4.715","4.585","6.000","2021-06-19 01:59:48"
"2020-01-04 12:00:00","D","4.689","4.828","4.603","6.000","2021-06-19 01:59:48"
"2020-01-04 18:00:00","D","4.610","4.775","4.453","6.000","2021-06-19 01:59:48"
"2020-01-05 00:00:00","D","4.508","4.575","4.438","6.000","2021-06-19 01:59:48"
"2020-01-05 06:00:00","D","4.440","4.473","4.350","6.000","2021-06-19 01:59:48"
"2020-01-05 12:00:00","D","4.318","4.383","4.225","6.000","2021-06-19 01:59:48"
"2020-01-05 18:00:00","D","4.097","4.430","3.735","6.000","2021-06-19 01:59:48"
"2020-01-06 00:00:00","D","3.949","4.035","3.870","6.000","2021-06-19 01:59:48"
"2020-01-06 06:00:00","D","3.871","4.020","3.770","6.000","2021-06-19 01:59:48"
"2020-01-06 12:00:00","D","3.789","3.888","3.670","6.000","2021-06-19 01:59:48"
"2020-01-06 18:00:00","D","3.772","3.973","3.578","6.000","2021-06-19 01:59:48"
"2020-01-07 00:00:00","D","3.725","3.835","3.610","6.000","2021-06-19 01:59:48"
"2020-01-07 06:00:00","D","3.687","3.710","3.635","6.000","2021-06-19 01:59:48"
"2020-01-07 12:00:00","D","3.654","3.790","3.590","6.000","2021-06-19 01:59:48"
"2020-01-07 18:00:00","D","3.616","3.698","3.525","6.000","2021-06-19 01:59:48"
"2020-01-08 00:00:00","D","3.497","3.530","3.438","6.000","2021-06-19 01:59:49"
"2020-01-08 06:00:00","D","3.462","3.528","3.408","6.000","2021-06-19 01:59:48"
"2020-01-08 12:00:00","D","3.456","3.545","3.358","6.000","2021-06-19 01:59:48"
"2020-01-08 18:00:00","D","3.458","3.575","3.343","6.000","2021-06-19 01:59:49"
"2020-01-09 00:00:00","D","3.471","3.543","3.410","6.000","2021-06-19 01:59:48"
"2020-01-09 06:00:00","D","3.538","3.578","3.500","6.000","2021-06-19 01:59:49"
"2020-01-09 12:00:00","D","3.687","3.833","3.485","6.000","2021-06-19 01:59:48"
"2020-01-09 18:00:00","D","3.574","3.808","3.370","6.000","2021-06-19 01:59:49"
"2020-01-10 00:00:00","D","4.360","4.668","3.993","6.000","2021-06-19 01:59:48"
"2020-01-10 06:00:00","D","5.641","6.340","4.888","6.000","2021-06-19 01:59:49"
"2020-01-10 12:00:00","D","6.366","6.738","6.163","6.000","2021-06-19 01:59:48"
"2020-01-10 18:00:00","D","6.278","6.485","6.183","6.000","2021-06-19 01:59:49"
"2020-01-11 00:00:00","D","6.061","6.138","5.935","6.000","2021-06-19 01:59:48"
"2020-01-11 06:00:00","D","5.993","6.095","5.930","6.000","2021-06-19 01:59:49"
"2020-01-11 12:00:00","D","5.777","6.000","5.533","6.000","2021-06-19 01:59:48"
"2020-01-11 18:00:00","D","5.343","5.715","5.188","6.000","2021-06-19 01:59:49"
"2020-01-12 00:00:00","D","5.180","5.285","5.110","6.000","2021-06-19 01:59:48"
"2020-01-12 06:00:00","D","5.077","5.160","4.940","6.000","2021-06-19 01:59:48"
"2020-01-12 12:00:00","D","4.870","4.960","4.760","6.000","2021-06-19 01:59:48"
"2020-01-12 18:00:00","D","4.662","4.955","4.238","6.000","2021-06-19 01:59:48"
"2020-01-13 00:00:00","D","4.691","4.920","4.420","6.000","2021-06-19 01:59:49"
"2020-01-13 06:00:00","D","4.706","4.890","4.543","6.000","2021-06-19 01:59:48"
"2020-01-13 12:00:00","D","4.605","4.698","4.438","6.000","2021-06-19 01:59:49"
"2020-01-13 18:00:00","D","4.527","4.580","4.438","6.000","2021-06-19 01:59:48"
"2020-01-14 00:00:00","D","4.595","4.705","4.525","6.000","2021-06-19 01:59:49"
"2020-01-14 06:00:00","D","5.158","5.593","4.885","6.000","2021-06-19 01:59:48"
"2020-01-14 12:00:00","D","6.240","6.588","5.713","6.000","2021-06-19 01:59:49"
"2020-01-14 18:00:00","D","6.172","6.485","5.998","6.000","2021-06-19 01:59:48"
"2020-01-15 00:00:00","D","6.353","6.393","6.310","6.000","2021-06-19 01:59:49"
"2020-01-15 06:00:00","D","7.759","9.320","6.590","6.000","2021-06-19 01:59:48"
"2020-01-15 12:00:00","D","14.974","20.875","10.218","6.000","2021-06-19 01:59:49"
"2020-01-15 18:00:00","D","25.975","28.850","22.000","6.000","2021-06-19 01:59:48"
"2020-01-16 00:00:00","D","29.475","30.075","29.100","6.000","2021-06-19 01:59:49"
"2020-01-16 06:00:00","D","25.800","28.400","22.750","6.000","2021-06-19 01:59:48"
"2020-01-16 12:00:00","D","20.208","22.000","18.125","6.000","2021-06-19 01:59:48"
"2020-01-16 18:00:00","D","18.671","19.800","17.475","6.000","2021-06-19 01:59:49"
"2020-01-17 00:00:00","D","15.083","16.975","12.050","6.000","2021-06-19 01:59:48"
"2020-01-17 06:00:00","D","12.658","14.650","11.125","6.000","2021-06-19 01:59:49"
"2020-01-17 12:00:00","D","12.463","13.075","12.025","6.000","2021-06-19 01:59:48"
"2020-01-17 18:00:00","D","13.721","13.975","13.400","6.000","2021-06-19 01:59:49"
"2020-01-18 00:00:00","D","13.863","14.050","13.550","6.000","2021-06-19 01:59:48"
"2020-01-18 06:00:00","D","13.521","13.775","13.200","6.000","2021-06-19 01:59:49"
"2020-01-18 12:00:00","D","12.454","13.250","10.900","6.000","2021-06-19 01:59:48"
"2020-01-18 18:00:00","D","10.879","11.125","10.700","6.000","2021-06-19 01:59:49"
"2020-01-19 00:00:00","D","10.105","10.625","9.293","6.000","2021-06-19 01:59:48"
"2020-01-19 06:00:00","D","8.595","9.083","8.213","6.000","2021-06-19 01:59:49"
"2020-01-19 12:00:00","D","7.755","8.235","7.345","6.000","2021-06-19 01:59:48"
"2020-01-19 18:00:00","D","7.213","7.538","6.963","6.000","2021-06-19 01:59:49"
"2020-01-20 00:00:00","D","6.327","7.100","5.753","6.000","2021-06-19 01:59:48"
"2020-01-20 06:00:00","D","6.286","6.308","6.250","6.000","2021-06-19 01:59:48"
"2020-01-20 12:00:00","D","5.891","6.205","5.055","6.000","2021-06-19 01:59:48"
"2020-01-20 18:00:00","D","4.204","4.823","3.485","6.000","2021-06-19 01:59:48"
"2020-01-21 00:00:00","D","4.872","4.935","4.788","6.000","2021-06-19 01:59:49"
"2020-01-21 06:00:00","D","5.026","5.095","4.903","6.000","2021-06-19 01:59:48"
"2020-01-21 12:00:00","D","5.027","5.113","4.878","6.000","2021-06-19 01:59:49"
"2020-01-21 18:00:00","D","4.964","5.375","4.805","6.000","2021-06-19 01:59:48"
"2020-01-22 00:00:00","D","4.983","5.123","4.858","6.000","2021-06-19 01:59:49"
"2020-01-22 06:00:00","D","4.781","4.855","4.653","6.000","2021-06-19 01:59:48"
"2020-01-22 12:00:00","D","4.758","4.815","4.685","6.000","2021-06-19 01:59:49"
"2020-01-22 18:00:00","D","4.508","4.740","4.255","6.000","2021-06-19 01:59:48"
"2020-01-23 00:00:00","D","4.499","4.625","4.410","6.000","2021-06-19 01:59:49"
"2020-01-23 06:00:00","D","4.489","4.570","4.408","6.000","2021-06-19 01:59:48"
"2020-01-23 12:00:00","D","4.485","4.583","4.403","6.000","2021-06-19 01:59:49"
"2020-01-23 18:00:00","D","4.473","4.505","4.430","6.000","2021-06-19 01:59:48"
"2020-01-24 00:00:00","D","4.464","4.490","4.433","6.000","2021-06-19 01:59:49"
"2020-01-24 06:00:00","D","4.446","4.528","4.375","6.000","2021-06-19 01:59:48"
"2020-01-24 12:00:00","D","4.551","4.708","4.378","6.000","2021-06-19 01:59:48"
"2020-01-24 18:00:00","D","4.392","4.635","4.205","6.000","2021-06-19 01:59:49"
"2020-01-25 00:00:00","D","4.241","4.295","4.193","6.000","2021-06-19 01:59:48"
"2020-01-25 06:00:00","D","4.251","4.293","4.193","6.000","2021-06-19 01:59:49"
"2020-01-25 12:00:00","D","4.295","4.368","4.233","6.000","2021-06-19 01:59:48"
"2020-01-25 18:00:00","D","4.192","4.560","3.885","6.000","2021-06-19 01:59:49"
"2020-01-26 00:00:00","D","4.248","4.343","4.168","6.000","2021-06-19 01:59:48"
"2020-01-26 06:00:00","D","4.111","4.223","4.013","6.000","2021-06-19 01:59:49"
"2020-01-26 12:00:00","D","4.168","4.310","4.073","6.000","2021-06-19 01:59:48"
"2020-01-26 18:00:00","D","4.055","4.285","3.948","6.000","2021-06-19 01:59:49"
"2020-01-27 00:00:00","D","4.105","4.250","3.933","6.000","2021-06-19 01:59:48"
"2020-01-27 06:00:00","D","4.147","4.228","4.000","6.000","2021-06-19 01:59:49"
"2020-01-27 12:00:00","D","4.244","4.340","4.133","6.000","2021-06-19 01:59:48"
"2020-01-27 18:00:00","D","4.419","4.775","4.208","6.000","2021-06-19 01:59:49"
"2020-01-28 00:00:00","D","5.418","6.090","4.885","6.000","2021-06-19 01:59:48"
"2020-01-28 06:00:00","D","8.126","9.090","7.015","6.000","2021-06-19 01:59:48"
"2020-01-28 12:00:00","D","8.200","8.323","8.098","6.000","2021-06-19 01:59:48"
"2020-01-28 18:00:00","D","8.763","9.068","8.488","6.000","2021-06-19 01:59:48"
"2020-01-29 00:00:00","D","9.263","9.403","9.008","6.000","2021-06-19 01:59:49"
"2020-01-29 06:00:00","D","8.504","8.865","8.283","6.000","2021-06-19 01:59:48"
"2020-01-29 12:00:00","D","7.839","8.200","7.520","6.000","2021-06-19 01:59:49"
"2020-01-29 18:00:00","D","6.934","7.548","6.250","6.000","2021-06-19 01:59:48"
"2020-01-30 00:00:00","D","6.464","6.650","6.223","6.000","2021-06-19 01:59:49"
"2020-01-30 06:00:00","D","5.961","6.198","5.598","6.000","2021-06-19 01:59:48"
"2020-01-30 12:00:00","D","5.794","5.968","5.715","6.000","2021-06-19 01:59:49"
"2020-01-30 18:00:00","D","5.592","5.773","5.475","6.000","2021-06-19 01:59:48"
"2020-01-31 00:00:00","D","5.443","5.538","5.330","6.000","2021-06-19 01:59:49"
"2020-01-31 06:00:00","D","5.110","5.333","4.930","6.000","2021-06-19 01:59:48"
"2020-01-31 12:00:00","D","5.070","5.263","4.928","6.000","2021-06-19 01:59:49"
"2020-01-31 18:00:00","D","4.904","5.135","4.663","6.000","2021-06-19 01:59:48"
"2020-02-01 00:00:00","D","4.546","4.720","4.440","6.000","2021-06-19 01:59:49"
"2020-02-01 06:00:00","D","4.491","4.555","4.403","6.000","2021-06-19 01:59:48"
"2020-02-01 12:00:00","D","4.521","4.583","4.475","6.000","2021-06-19 01:59:48"
"2020-02-01 18:00:00","D","4.318","4.565","4.068","6.000","2021-06-19 01:59:49"
"2020-02-02 00:00:00","D","4.211","4.293","4.123","6.000","2021-06-19 01:59:49"
"2020-02-02 06:00:00","D","4.255","4.380","4.155","6.000","2021-06-19 01:59:49"
"2020-02-02 12:00:00","D","4.416","4.545","4.265","6.000","2021-06-19 01:59:49"
"2020-02-02 18:00:00","D","5.191","5.305","4.905","6.000","2021-06-19 01:59:49"
"2020-02-03 00:00:00","D","5.206","5.300","5.085","6.000","2021-06-19 01:59:49"
"2020-02-03 06:00:00","D","4.907","5.063","4.768","6.000","2021-06-19 01:59:49"
"2020-02-03 12:00:00","D","4.714","4.883","4.570","6.000","2021-06-19 01:59:49"
"2020-02-03 18:00:00","D","4.554","4.615","4.480","6.000","2021-06-19 01:59:49"
"2020-02-04 00:00:00","D","4.467","4.550","4.320","6.000","2021-06-19 01:59:49"
"2020-02-04 06:00:00","D","4.332","4.490","4.218","6.000","2021-06-19 01:59:49"
"2020-02-04 12:00:00","D","4.334","4.505","4.203","6.000","2021-06-19 01:59:49"
"2020-02-04 18:00:00","D","3.828","4.145","3.625","6.000","2021-06-19 01:59:49"
"2020-02-05 00:00:00","D","3.880","3.960","3.828","6.000","2021-06-19 01:59:49"
"2020-02-05 06:00:00","D","3.745","3.835","3.670","6.000","2021-06-19 01:59:49"
"2020-02-05 12:00:00","D","3.664","3.765","3.518","6.000","2021-06-19 01:59:49"
"2020-02-05 18:00:00","D","3.543","3.790","3.350","6.000","2021-06-19 01:59:49"
"2020-02-06 00:00:00","D","3.563","3.630","3.490","6.000","2021-06-19 01:59:49"
"2020-02-06 06:00:00","D","3.378","3.430","3.315","6.000","2021-06-19 01:59:49"
"2020-02-06 12:00:00","D","3.375","3.428","3.325","6.000","2021-06-19 01:59:49"
"2020-02-06 18:00:00","D","3.576","3.765","3.430","6.000","2021-06-19 01:59:49"
"2020-02-07 00:00:00","D","3.546","3.610","3.465","6.000","2021-06-19 01:59:49"
"2020-02-07 06:00:00","D","3.502","3.573","3.373","6.000","2021-06-19 01:59:49"
"2020-02-07 12:00:00","D","3.670","3.760","3.518","6.000","2021-06-19 01:59:49"
"2020-02-07 18:00:00","D","3.496","3.615","3.433","6.000","2021-06-19 01:59:49"
"2020-02-08 00:00:00","D","3.528","3.600","3.458","6.000","2021-06-19 01:59:49"
"2020-02-08 06:00:00","D","3.582","3.615","3.550","6.000","2021-06-19 01:59:49"
"2020-02-08 12:00:00","D","3.883","4.073","3.688","6.000","2021-06-19 01:59:49"
"2020-02-08 18:00:00","D","3.695","3.830","3.608","6.000","2021-06-19 01:59:49"
"2020-02-09 00:00:00","D","3.685","3.743","3.558","6.000","2021-06-19 01:59:49"
"2020-02-09 06:00:00","D","3.730","3.788","3.663","6.000","2021-06-19 01:59:49"
"2020-02-09 12:00:00","D","3.725","3.798","3.680","6.000","2021-06-19 01:59:49"
"2020-02-09 18:00:00","D","4.033","4.445","3.755","6.000","2021-06-19 01:59:49"
"2020-02-10 00:00:00","D","4.992","5.690","4.608","6.000","2021-06-19 01:59:49"
"2020-02-10 06:00:00","D","6.668","6.873","6.480","6.000","2021-06-19 01:59:49"
"2020-02-10 12:00:00","D","6.212","6.395","6.098","6.000","2021-06-19 01:59:49"
"2020-02-10 18:00:00","D","5.901","5.983","5.795","6.000","2021-06-19 01:59:49"
"2020-02-11 00:00:00","D","6.367","6.858","6.065","6.000","2021-06-19 01:59:49"
"2020-02-11 06:00:00","D","7.152","7.525","6.773","6.000","2021-06-19 01:59:49"
"2020-02-11 12:00:00","D","6.997","7.333","6.715","6.000","2021-06-19 01:59:49"
"2020-02-11 18:00:00","D","5.929","6.070","5.833","6.000","2021-06-19 01:59:49"
"2020-02-12 00:00:00","D","5.510","5.698","5.163","6.000","2021-06-19 01:59:49"
"2020-02-12 06:00:00","D","5.041","5.118","4.975","6.000","2021-06-19 01:59:49"
"2020-02-12 12:00:00","D","4.846","4.993","4.588","6.000","2021-06-19 01:59:49"
"2020-02-12 18:00:00","D","4.525","4.645","4.418","6.000","2021-06-19 01:59:49"
"2020-02-13 00:00:00","D","4.534","4.610","4.440","6.000","2021-06-19 01:59:49"
"2020-02-13 06:00:00","D","4.615","4.913","4.495","6.000","2021-06-19 01:59:49"
"2020-02-13 12:00:00","D","6.376","8.628","5.430","6.000","2021-06-19 01:59:49"
"2020-02-13 18:00:00","D","10.649","11.500","10.000","6.000","2021-06-19 01:59:49"
"2020-02-14 00:00:00","D","9.005","9.885","8.205","6.000","2021-06-19 01:59:49"
"2020-02-14 06:00:00","D","8.075","8.363","7.895","6.000","2021-06-19 01:59:49"
"2020-02-14 12:00:00","D","7.507","7.805","7.078","6.000","2021-06-19 01:59:49"
"2020-02-14 18:00:00","D","6.494","7.205","5.653","6.000","2021-06-19 01:59:49"
"2020-02-15 00:00:00","D","6.130","6.323","5.985","6.000","2021-06-19 01:59:49"
"2020-02-15 06:00:00","D","5.883","6.058","5.758","6.000","2021-06-19 01:59:49"
"2020-02-15 12:00:00","D","5.795","5.913","5.713","6.000","2021-06-19 01:59:49"
"2020-02-15 18:00:00","D","6.146","6.500","5.860","6.000","2021-06-19 01:59:49"
"2020-02-16 00:00:00","D","7.019","7.728","6.473","6.000","2021-06-19 01:59:49"
"2020-02-16 06:00:00","D","9.624","10.283","8.998","6.000","2021-06-19 01:59:49"
"2020-02-16 12:00:00","D","12.301","15.225","9.998","6.000","2021-06-19 01:59:49"
"2020-02-16 18:00:00","D","23.758","29.775","17.175","6.000","2021-06-19 01:59:49"
"2020-02-17 00:00:00","D","34.929","36.975","32.750","6.000","2021-06-19 01:59:49"
"2020-02-17 06:00:00","D","38.721","39.425","37.400","6.000","2021-06-19 01:59:49"
"2020-02-17 12:00:00","D","35.196","37.400","33.525","6.000","2021-06-19 01:59:49"
"2020-02-17 18:00:00","D","28.046","30.825","25.975","6.000","2021-06-19 01:59:49"
"2020-02-18 00:00:00","D","24.917","26.700","23.400","6.000","2021-06-19 01:59:49"
"2020-02-18 06:00:00","D","20.408","22.025","18.775","6.000","2021-06-19 01:59:49"
"2020-02-18 12:00:00","D","15.208","18.225","13.100","6.000","2021-06-19 01:59:49"
"2020-02-18 18:00:00","D","12.278","13.250","10.643","6.000","2021-06-19 01:59:49"
"2020-02-19 00:00:00","D","11.233","11.500","10.800","6.000","2021-06-19 01:59:49"
"2020-02-19 06:00:00","D","10.583","10.825","10.300","6.000","2021-06-19 01:59:49"
"2020-02-19 12:00:00","D","9.004","10.200","7.795","6.000","2021-06-19 01:59:49"
"2020-02-19 18:00:00","D","8.337","8.528","8.085","6.000","2021-06-19 01:59:49"
"2020-02-20 00:00:00","D","8.073","8.120","7.960","6.000","2021-06-19 01:59:49"
"2020-02-20 06:00:00","D","7.790","7.923","7.673","6.000","2021-06-19 01:59:49"
"2020-02-20 12:00:00","D","7.479","7.693","7.200","6.000","2021-06-19 01:59:49"
"2020-02-20 18:00:00","D","7.287","7.558","6.823","6.000","2021-06-19 01:59:49"
"2020-02-21 00:00:00","D","7.760","8.088","7.463","6.000","2021-06-19 01:59:49"
"2020-02-21 06:00:00","D","8.150","8.418","7.915","6.000","2021-06-19 01:59:49"
"2020-02-21 12:00:00","D","7.642","7.918","7.485","6.000","2021-06-19 01:59:49"
"2020-02-21 18:00:00","D","7.385","7.598","7.160","6.000","2021-06-19 01:59:49"
"2020-02-22 00:00:00","D","7.117","7.283","7.050","6.000","2021-06-19 01:59:49"
"2020-02-22 06:00:00","D","6.902","7.045","6.763","6.000","2021-06-19 01:59:49"
"2020-02-22 12:00:00","D","6.747","6.783","6.708","6.000","2021-06-19 01:59:49"
"2020-02-22 18:00:00","D","6.577","6.775","6.395","6.000","2021-06-19 01:59:49"
"2020-02-23 00:00:00","D","6.465","6.575","6.338","6.000","2021-06-19 01:59:49"
"2020-02-23 06:00:00","D","6.230","6.373","6.110","6.000","2021-06-19 01:59:49"
"2020-02-23 12:00:00","D","6.104","6.203","6.003","6.000","2021-06-19 01:59:49"
"2020-02-23 18:00:00","D","6.177","6.473","6.015","6.000","2021-06-19 01:59:49"
"2020-02-24 00:00:00","D","6.244","6.383","6.118","6.000","2021-06-19 01:59:49"
"2020-02-24 06:00:00","D","6.102","6.173","6.015","6.000","2021-06-19 01:59:49"
"2020-02-24 12:00:00","D","6.054","6.143","5.810","6.000","2021-06-19 01:59:49"
"2020-02-24 18:00:00","D","6.125","6.418","5.893","6.000","2021-06-19 01:59:49"
"2020-02-25 00:00:00","D","6.780","7.030","6.538","6.000","2021-06-19 01:59:49"
"2020-02-25 06:00:00","D","6.876","7.035","6.753","6.000","2021-06-19 01:59:49"
"2020-02-25 12:00:00","D","6.564","6.645","6.485","6.000","2021-06-19 01:59:49"
"2020-02-25 18:00:00","D","6.392","6.580","6.263","6.000","2021-06-19 01:59:49"
"2020-02-26 00:00:00","D","6.311","6.340","6.265","6.000","2021-06-19 01:59:49"
"2020-02-26 06:00:00","D","6.248","6.308","6.193","6.000","2021-06-19 01:59:49"
"2020-02-26 12:00:00","D","6.175","6.238","5.993","6.000","2021-06-19 01:59:49"
"2020-02-26 18:00:00","D","5.844","6.018","5.513","6.000","2021-06-19 01:59:49"
"2020-02-27 00:00:00","D","5.820","5.960","5.710","6.000","2021-06-19 01:59:49"
"2020-02-27 06:00:00","D","5.637","5.738","5.490","6.000","2021-06-19 01:59:49"
"2020-02-27 12:00:00","D","6.098","6.435","5.798","6.000","2021-06-19 01:59:49"
"2020-02-27 18:00:00","D","7.440","8.520","6.390","6.000","2021-06-19 01:59:49"
"2020-02-28 00:00:00","D","9.367","9.623","9.063","6.000","2021-06-19 01:59:49"
"2020-02-28 06:00:00","D","8.814","9.208","8.630","6.000","2021-06-19 01:59:49"
"2020-02-28 12:00:00","D","9.175","9.938","8.653","6.000","2021-06-19 01:59:49"
"2020-02-28 18:00:00","D","11.325","12.725","10.058","6.000","2021-06-19 01:59:49"
"2020-02-29 00:00:00","D","17.204","22.175","13.125","6.000","2021-06-19 01:59:49"
"2020-02-29 06:00:00","D","23.608","24.800","22.650","6.000","2021-06-19 01:59:49"
"2020-02-29 12:00:00","D","25.642","27.250","24.625","6.000","2021-06-19 01:59:49"
"2020-02-29 18:00:00","D","29.492","32.125","27.175","6.000","2021-06-19 01:59:49"
"2020-03-01 00:00:00","D","32.433","32.800","31.750","6.000","2021-06-19 01:59:49"
"2020-03-01 06:00:00","D","28.892","31.200","26.125","6.000","2021-06-19 01:59:49"
"2020-03-01 12:00:00","D","23.113","24.625","19.750","6.000","2021-06-19 01:59:49"
"2020-03-01 18:00:00","D","20.538","21.275","19.475","6.000","2021-06-19 01:59:49"
"2020-03-02 00:00:00","D","17.725","18.975","16.300","6.000","2021-06-19 01:59:49"
"2020-03-02 06:00:00","D","14.888","16.425","13.325","6.000","2021-06-19 01:59:49"
"2020-03-02 12:00:00","D","13.733","14.025","13.225","6.000","2021-06-19 01:59:49"
"2020-03-02 18:00:00","D","13.513","13.750","13.175","6.000","2021-06-19 01:59:49"
"2020-03-03 00:00:00","D","12.408","13.000","11.500","6.000","2021-06-19 01:59:49"
"2020-03-03 06:00:00","D","10.866","11.628","9.250","6.000","2021-06-19 01:59:49"
"2020-03-03 12:00:00","D","10.613","11.163","10.260","6.000","2021-06-19 01:59:49"
"2020-03-03 18:00:00","D","7.920","10.090","6.570","6.000","2021-06-19 01:59:49"
"2020-03-04 00:00:00","D","8.186","8.655","7.893","6.000","2021-06-19 01:59:49"
"2020-03-04 06:00:00","D","7.824","7.860","7.790","6.000","2021-06-19 01:59:49"
"2020-03-04 12:00:00","D","7.761","7.918","7.673","6.000","2021-06-19 01:59:49"
"2020-03-04 18:00:00","D","7.855","8.045","7.688","6.000","2021-06-19 01:59:49"
"2020-03-05 00:00:00","D","7.356","7.480","7.210","6.000","2021-06-19 01:59:49"
"2020-03-05 06:00:00","D","7.944","8.173","7.718","6.000","2021-06-19 01:59:49"
"2020-03-05 12:00:00","D","8.074","8.140","7.983","6.000","2021-06-19 01:59:49"
"2020-03-05 18:00:00","D","8.579","9.420","7.963","6.000","2021-06-19 01:59:49"
"2020-03-06 00:00:00","D","11.962","14.600","9.193","6.000","2021-06-19 01:59:49"
"2020-03-06 06:00:00","D","16.038","17.125","15.125","6.000","2021-06-19 01:59:49"
"2020-03-06 12:00:00","D","20.329","23.175","17.950","6.000","2021-06-19 01:59:49"
"2020-03-06 18:00:00","D","17.800","18.750","16.700","6.000","2021-06-19 01:59:49"
"2020-03-07 00:00:00","D","15.333","15.750","14.850","6.000","2021-06-19 01:59:49"
"2020-03-07 06:00:00","D","13.717","14.150","12.725","6.000","2021-06-19 01:59:49"
"2020-03-07 12:00:00","D","11.539","12.850","10.553","6.000","2021-06-19 01:59:49"
"2020-03-07 18:00:00","D","9.623","10.763","8.598","6.000","2021-06-19 01:59:49"
"2020-03-08 00:00:00","D","8.890","9.078","8.743","6.000","2021-06-19 01:59:49"
"2020-03-08 06:00:00","D","8.603","8.738","8.490","6.000","2021-06-19 01:59:49"
"2020-03-08 12:00:00","D","8.287","8.423","7.963","6.000","2021-06-19 01:59:49"
"2020-03-08 18:00:00","D","8.166","8.443","7.790","6.000","2021-06-19 01:59:49"
"2020-03-09 00:00:00","D","7.907","8.108","7.800","6.000","2021-06-19 01:59:49"
"2020-03-09 06:00:00","D","7.491","7.705","7.403","6.000","2021-06-19 01:59:49"
"2020-03-09 12:00:00","D","7.274","7.345","7.110","6.000","2021-06-19 01:59:49"
"2020-03-09 18:00:00","D","6.886","7.100","6.665","6.000","2021-06-19 01:59:49"
"2020-03-10 00:00:00","D","7.025","7.215","6.798","6.000","2021-06-19 01:59:49"
"2020-03-10 06:00:00","D","8.325","10.503","7.630","6.000","2021-06-19 01:59:49"
"2020-03-10 12:00:00","D","10.855","11.198","10.365","6.000","2021-06-19 01:59:49"
"2020-03-10 18:00:00","D","10.834","11.875","10.305","6.000","2021-06-19 01:59:49"
"2020-03-11 00:00:00","D","9.735","10.368","8.895","6.000","2021-06-19 01:59:49"
"2020-03-11 06:00:00","D","10.258","10.748","9.848","6.000","2021-06-19 01:59:49"
"2020-03-11 12:00:00","D","9.729","10.280","9.190","6.000","2021-06-19 01:59:49"
"2020-03-11 18:00:00","D","8.852","9.293","8.325","6.000","2021-06-19 01:59:49"
"2020-03-12 00:00:00","D","8.273","8.638","7.933","6.000","2021-06-19 01:59:49"
"2020-03-12 06:00:00","D","7.888","8.163","7.695","6.000","2021-06-19 01:59:49"
"2020-03-12 12:00:00","D","7.609","7.838","7.490","6.000","2021-06-19 01:59:49"
"2020-03-12 18:00:00","D","6.958","7.160","6.600","6.000","2021-06-19 01:59:49"
"2020-03-13 00:00:00","D","7.029","7.140","6.860","6.000","2021-06-19 01:59:49"
"2020-03-13 06:00:00","D","6.792","6.928","6.695","6.000","2021-06-19 01:59:49"
"2020-03-13 12:00:00","D","6.369","6.593","6.043","6.000","2021-06-19 01:59:49"
"2020-03-13 18:00:00","D","6.255","6.460","6.108","6.000","2021-06-19 01:59:49"
"2020-03-14 00:00:00","D","6.076","6.198","5.968","6.000","2021-06-19 01:59:49"
"2020-03-14 06:00:00","D","5.993","6.050","5.860","6.000","2021-06-19 02:00:19"
"2020-03-14 12:00:00","D","6.009","6.098","5.900","6.000","2021-06-19 02:00:19"
"2020-03-14 18:00:00","D","6.202","6.308","6.043","6.000","2021-06-19 02:00:19"
"2020-03-15 00:00:00","D","6.260","6.588","6.098","6.000","2021-06-19 02:00:19"
"2020-03-15 06:00:00","D","6.082","6.163","6.038","6.000","2021-06-19 02:00:19"
"2020-03-15 12:00:00","D","6.007","6.080","5.958","6.000","2021-06-19 02:00:19"
"2020-03-15 18:00:00","D","6.044","6.128","5.855","6.000","2021-06-19 02:00:19"
"2020-03-16 00:00:00","D","6.072","6.145","5.995","6.000","2021-06-19 02:00:19"
"2020-03-16 06:00:00","D","6.271","6.360","6.130","6.000","2021-06-19 02:00:19"
"2020-03-16 12:00:00","D","6.239","6.390","5.970","6.000","2021-06-19 02:00:19"
"2020-03-16 18:00:00","D","5.939","6.130","5.778","6.000","2021-06-19 02:00:19"
"2020-03-17 00:00:00","D","5.468","5.603","5.390","6.000","2021-06-19 02:00:19"
"2020-03-17 06:00:00","D","5.480","5.565","5.350","6.000","2021-06-19 02:00:19"
"2020-03-17 12:00:00","D","5.493","5.938","5.213","6.000","2021-06-19 02:00:19"
"2020-03-17 18:00:00","D","5.162","5.423","4.925","6.000","2021-06-19 02:00:19"
"2020-03-18 00:00:00","D","5.110","5.243","5.033","6.000","2021-06-19 02:00:19"
"2020-03-18 06:00:00","D","5.128","5.193","5.048","6.000","2021-06-19 02:00:19"
"2020-03-18 12:00:00","D","5.026","5.160","4.968","6.000","2021-06-19 02:00:19"
"2020-03-18 18:00:00","D","5.126","5.250","5.020","6.000","2021-06-19 02:00:19"
"2020-03-19 00:00:00","D","5.056","5.095","4.975","6.000","2021-06-19 02:00:19"
"2020-03-19 06:00:00","D","5.103","5.183","5.025","6.000","2021-06-19 02:00:19"
"2020-03-19 12:00:00","D","5.083","5.180","5.010","6.000","2021-06-19 02:00:19"
"2020-03-19 18:00:00","D","4.967","5.213","4.865","6.000","2021-06-19 02:00:19"
"2020-03-20 00:00:00","D","4.964","5.023","4.895","6.000","2021-06-19 02:00:19"
"2020-03-20 06:00:00","D","4.939","4.983","4.900","6.000","2021-06-19 02:00:19"
"2020-03-20 12:00:00","D","4.891","4.953","4.828","6.000","2021-06-19 02:00:19"
"2020-03-20 18:00:00","D","4.823","5.060","4.718","6.000","2021-06-19 02:00:19"
"2020-03-21 00:00:00","D","4.746","4.915","4.583","6.000","2021-06-19 02:00:19"
"2020-03-21 06:00:00","D","4.735","4.800","4.680","6.000","2021-06-19 02:00:19"
"2020-03-21 12:00:00","D","4.842","4.973","4.768","6.000","2021-06-19 02:00:19"
"2020-03-21 18:00:00","D","4.691","4.835","4.483","6.000","2021-06-19 02:00:19"
"2020-03-22 00:00:00","D","4.478","4.625","4.428","6.000","2021-06-19 02:00:19"
"2020-03-22 06:00:00","D","4.358","4.460","4.263","6.000","2021-06-19 02:00:19"
"2020-03-22 12:00:00","D","4.400","4.468","4.355","6.000","2021-06-19 02:00:19"
"2020-03-22 18:00:00","D","4.392","4.623","4.150","6.000","2021-06-19 02:00:19"
"2020-03-23 00:00:00","D","4.344","4.460","4.210","6.000","2021-06-19 02:00:19"
"2020-03-23 06:00:00","D","4.395","4.445","4.330","6.000","2021-06-19 02:00:19"
"2020-03-23 12:00:00","D","4.506","4.618","4.393","6.000","2021-06-19 02:00:19"
"2020-03-23 18:00:00","D","4.520","4.683","4.410","6.000","2021-06-19 02:00:19"
"2020-03-24 00:00:00","D","4.368","4.488","4.183","6.000","2021-06-19 02:00:19"
"2020-03-24 06:00:00","D","4.271","4.308","4.215","6.000","2021-06-19 02:00:19"
"2020-03-24 12:00:00","D","4.368","4.543","4.158","6.000","2021-06-19 02:00:19"
"2020-03-24 18:00:00","D","4.515","4.678","4.340","6.000","2021-06-19 02:00:19"
"2020-03-25 00:00:00","D","4.300","4.388","4.138","6.000","2021-06-19 02:00:19"
"2020-03-25 06:00:00","D","4.291","4.343","4.198","6.000","2021-06-19 02:00:19"
"2020-03-25 12:00:00","D","4.280","4.528","4.168","6.000","2021-06-19 02:00:19"
"2020-03-25 18:00:00","D","4.638","4.810","4.340","6.000","2021-06-19 02:00:19"
"2020-03-26 00:00:00","D","4.232","4.308","4.165","6.000","2021-06-19 02:00:19"
"2020-03-26 06:00:00","D","4.259","4.378","4.108","6.000","2021-06-19 02:00:19"
"2020-03-26 12:00:00","D","4.191","4.240","4.105","6.000","2021-06-19 02:00:19"
"2020-03-26 18:00:00","D","4.222","4.365","4.020","6.000","2021-06-19 02:00:19"
"2020-03-27 00:00:00","D","4.193","4.263","4.138","6.000","2021-06-19 02:00:19"
"2020-03-27 06:00:00","D","4.148","4.205","4.060","6.000","2021-06-19 02:00:19"
"2020-03-27 12:00:00","D","4.080","4.143","4.015","6.000","2021-06-19 02:00:19"
"2020-03-27 18:00:00","D","4.170","4.203","4.115","6.000","2021-06-19 02:00:19"
"2020-03-28 00:00:00","D","4.075","4.140","3.990","6.000","2021-06-19 02:00:19"
"2020-03-28 06:00:00","D","4.067","4.185","3.963","6.000","2021-06-19 02:00:19"
"2020-03-28 12:00:00","D","4.002","4.125","3.908","6.000","2021-06-19 02:00:19"
"2020-03-28 18:00:00","D","4.104","4.270","4.005","6.000","2021-06-19 02:00:19"
"2020-03-29 00:00:00","D","4.040","4.183","3.908","6.000","2021-06-19 02:00:19"
"2020-03-29 06:00:00","D","3.984","4.158","3.840","6.000","2021-06-19 02:00:19"
"2020-03-29 12:00:00","D","3.964","4.150","3.845","6.000","2021-06-19 02:00:19"
"2020-03-29 18:00:00","D","3.888","4.003","3.763","6.000","2021-06-19 02:00:19"
"2020-03-30 00:00:00","D","3.972","4.065","3.883","6.000","2021-06-19 02:00:19"
"2020-03-30 06:00:00","D","3.884","3.948","3.800","6.000","2021-06-19 02:00:19"
"2020-03-30 12:00:00","D","3.846","3.958","3.755","6.000","2021-06-19 02:00:19"
"2020-03-30 18:00:00","D","3.905","4.110","3.765","6.000","2021-06-19 02:00:19"
"2020-03-31 00:00:00","D","4.002","4.080","3.870","6.000","2021-06-19 02:00:19"
"2020-03-31 06:00:00","D","3.915","4.005","3.840","6.000","2021-06-19 02:00:19"
"2020-03-31 12:00:00","D","3.907","4.008","3.780","6.000","2021-06-19 02:00:19"
"2020-03-31 18:00:00","D","3.853","4.018","3.663","6.000","2021-06-19 02:00:19"
"2020-04-01 00:00:00","D","3.823","3.865","3.765","6.000","2021-06-19 02:00:19"
"2020-04-01 06:00:00","D","3.787","3.873","3.708","6.000","2021-06-19 02:00:19"
"2020-04-01 12:00:00","D","3.834","3.925","3.738","6.000","2021-06-19 02:00:19"
"2020-04-01 18:00:00","D","3.957","4.055","3.878","6.000","2021-06-19 02:00:19"
"2020-04-02 00:00:00","D","3.908","4.080","3.770","6.000","2021-06-19 02:00:19"
"2020-04-02 06:00:00","D","3.860","3.980","3.770","6.000","2021-06-19 02:00:19"
"2020-04-02 12:00:00","D","3.790","3.888","3.693","6.000","2021-06-19 02:00:19"
"2020-04-02 18:00:00","D","3.824","3.918","3.635","6.000","2021-06-19 02:00:19"
"2020-04-03 00:00:00","D","3.865","4.073","3.755","6.000","2021-06-19 02:00:19"
"2020-04-03 06:00:00","D","3.756","3.913","3.668","6.000","2021-06-19 02:00:19"
"2020-04-03 12:00:00","D","3.820","3.973","3.633","6.000","2021-06-19 02:00:19"
"2020-04-03 18:00:00","D","3.788","3.883","3.698","6.000","2021-06-19 02:00:19"
"2020-04-04 00:00:00","D","3.802","3.925","3.698","6.000","2021-06-19 02:00:19"
"2020-04-04 06:00:00","D","3.779","3.840","3.683","6.000","2021-06-19 02:00:19"
"2020-04-04 12:00:00","D","3.832","4.005","3.710","6.000","2021-06-19 02:00:19"
"2020-04-04 18:00:00","D","3.782","3.900","3.635","6.000","2021-06-19 02:00:19"
"2020-04-05 00:00:00","D","3.742","3.805","3.623","6.000","2021-06-19 02:00:19"
"2020-04-05 06:00:00","D","3.662","3.715","3.633","6.000","2021-06-19 02:00:19"
"2020-04-05 12:00:00","D","3.745","3.935","3.593","6.000","2021-06-19 02:00:19"
"2020-04-05 18:00:00","D","3.786","4.050","3.505","6.000","2021-06-19 02:00:19"
"2020-04-06 00:00:00","D","3.753","3.945","3.685","6.000","2021-06-19 02:00:19"
"2020-04-06 06:00:00","D","3.734","3.923","3.598","6.000","2021-06-19 02:00:19"
"2020-04-06 12:00:00","D","3.690","3.913","3.600","6.000","2021-06-19 02:00:19"
"2020-04-06 18:00:00","D","3.659","3.728","3.508","6.000","2021-06-19 02:00:19"
"2020-04-07 00:00:00","D","3.669","3.800","3.485","6.000","2021-06-19 02:00:19"
"2020-04-07 06:00:00","D","3.671","3.770","3.578","6.000","2021-06-19 02:00:19"
"2020-04-07 12:00:00","D","3.707","3.943","3.463","6.000","2021-06-19 02:00:19"
"2020-04-07 18:00:00","D","3.656","3.838","3.458","6.000","2021-06-19 02:00:19"
"2020-04-08 00:00:00","D","3.587","3.785","3.388","6.000","2021-06-19 02:00:19"
"2020-04-08 06:00:00","D","3.587","3.730","3.418","6.000","2021-06-19 02:00:19"
"2020-04-08 12:00:00","D","3.552","3.625","3.500","6.000","2021-06-19 02:00:19"
"2020-04-08 18:00:00","D","3.622","3.750","3.483","6.000","2021-06-19 02:00:19"
"2020-04-09 00:00:00","D","3.658","3.730","3.605","6.000","2021-06-19 02:00:19"
"2020-04-09 06:00:00","D","3.554","3.635","3.510","6.000","2021-06-19 02:00:19"
"2020-04-09 12:00:00","D","3.600","3.750","3.495","6.000","2021-06-19 02:00:19"
"2020-04-09 18:00:00","D","3.573","3.788","3.393","6.000","2021-06-19 02:00:19"
"2020-04-10 00:00:00","D","3.584","3.663","3.468","6.000","2021-06-19 02:00:19"
"2020-04-10 06:00:00","D","3.659","3.720","3.588","6.000","2021-06-19 02:00:19"
"2020-04-10 12:00:00","D","3.529","3.633","3.393","6.000","2021-06-19 02:00:19"
"2020-04-10 18:00:00","D","3.628","3.703","3.513","6.000","2021-06-19 02:00:19"
"2020-04-11 00:00:00","D","3.553","3.630","3.463","6.000","2021-06-19 02:00:19"
"2020-04-11 06:00:00","D","3.623","3.695","3.570","6.000","2021-06-19 02:00:19"
"2020-04-11 12:00:00","D","3.479","3.618","3.348","6.000","2021-06-19 02:00:19"
"2020-04-11 18:00:00","D","3.543","3.718","3.383","6.000","2021-06-19 02:00:19"
"2020-04-12 00:00:00","D","3.523","3.713","3.353","6.000","2021-06-19 02:00:19"
"2020-04-12 06:00:00","D","3.520","3.673","3.378","6.000","2021-06-19 02:00:19"
"2020-04-12 12:00:00","D","3.558","3.778","3.375","6.000","2021-06-19 02:00:19"
"2020-04-12 18:00:00","D","3.557","3.865","3.410","6.000","2021-06-19 02:00:19"
"2020-04-13 00:00:00","D","3.569","3.783","3.345","6.000","2021-06-19 02:00:19"
"2020-04-13 06:00:00","D","3.490","3.688","3.355","6.000","2021-06-19 02:00:19"
"2020-04-13 12:00:00","D","3.545","3.768","3.380","6.000","2021-06-19 02:00:19"
"2020-04-13 18:00:00","D","3.443","3.665","3.308","6.000","2021-06-19 02:00:19"
"2020-04-14 00:00:00","D","3.448","3.588","3.245","6.000","2021-06-19 02:00:19"
"2020-04-14 06:00:00","D","3.366","3.485","3.248","6.000","2021-06-19 02:00:19"
"2020-04-14 12:00:00","D","3.319","3.360","3.280","6.000","2021-06-19 02:00:19"
"2020-04-14 18:00:00","D","3.343","3.443","3.205","6.000","2021-06-19 02:00:19"
"2020-04-15 00:00:00","D","3.228","3.335","2.958","6.000","2021-06-19 02:00:19"
"2020-04-15 06:00:00","D","3.090","3.198","2.965","6.000","2021-06-19 02:00:19"
"2020-04-15 12:00:00","D","3.265","3.598","3.083","6.000","2021-06-19 02:00:19"
"2020-04-15 18:00:00","D","3.385","3.583","3.245","6.000","2021-06-19 02:00:19"
"2020-04-16 00:00:00","D","3.209","3.308","3.070","6.000","2021-06-19 02:00:19"
"2020-04-16 06:00:00","D","3.245","3.358","3.123","6.000","2021-06-19 02:00:19"
"2020-04-16 12:00:00","D","3.157","3.218","3.075","6.000","2021-06-19 02:00:19"
"2020-04-16 18:00:00","D","3.188","3.398","3.000","6.000","2021-06-19 02:00:19"
"2020-04-17 00:00:00","D","3.172","3.265","3.043","6.000","2021-06-19 02:00:19"
"2020-04-17 06:00:00","D","3.184","3.293","3.063","6.000","2021-06-19 02:00:19"
"2020-04-17 12:00:00","D","3.205","3.308","3.118","6.000","2021-06-19 02:00:19"
"2020-04-17 18:00:00","D","3.172","3.235","3.083","6.000","2021-06-19 02:00:19"
"2020-04-18 00:00:00","D","3.105","3.188","3.020","6.000","2021-06-19 02:00:19"
"2020-04-18 06:00:00","D","3.088","3.168","3.023","6.000","2021-06-19 02:00:19"
"2020-04-18 12:00:00","D","3.173","3.280","3.085","6.000","2021-06-19 02:00:19"
"2020-04-18 18:00:00","D","3.151","3.258","3.055","6.000","2021-06-19 02:00:19"
"2020-04-19 00:00:00","D","3.270","3.405","3.070","6.000","2021-06-19 02:00:19"
"2020-04-19 06:00:00","D","3.270","3.343","3.170","6.000","2021-06-19 02:00:19"
"2020-04-19 12:00:00","D","3.476","3.730","3.170","6.000","2021-06-19 02:00:19"
"2020-04-19 18:00:00","D","3.733","3.948","3.463","6.000","2021-06-19 02:00:19"
"2020-04-20 00:00:00","D","3.557","3.738","3.390","6.000","2021-06-19 02:00:19"
"2020-04-20 06:00:00","D","3.411","3.640","3.235","6.000","2021-06-19 02:00:19"
"2020-04-20 12:00:00","D","3.355","3.458","3.253","6.000","2021-06-19 02:00:19"
"2020-04-20 18:00:00","D","3.450","3.573","3.308","6.000","2021-06-19 02:00:19"
"2020-04-21 00:00:00","D","3.187","3.298","3.028","6.000","2021-06-19 02:00:19"
"2020-04-21 06:00:00","D","3.094","3.188","3.020","6.000","2021-06-19 02:00:19"
"2020-04-21 12:00:00","D","3.019","3.158","2.930","6.000","2021-06-19 02:00:19"
"2020-04-21 18:00:00","D","3.120","3.230","3.023","6.000","2021-06-19 02:00:19"
"2020-04-22 00:00:00","D","3.102","3.185","3.010","6.000","2021-06-19 02:00:19"
"2020-04-22 06:00:00","D","2.953","3.093","2.843","6.000","2021-06-19 02:00:19"
"2020-04-22 12:00:00","D","2.969","3.083","2.878","6.000","2021-06-19 02:00:19"
"2020-04-22 18:00:00","D","2.750","3.090","2.503","6.000","2021-06-19 02:00:19"
"2020-04-23 00:00:00","D","2.984","3.308","2.870","6.000","2021-06-19 02:00:19"
"2020-04-23 06:00:00","D","2.849","2.940","2.723","6.000","2021-06-19 02:00:19"
"2020-04-23 12:00:00","D","2.781","2.928","2.685","6.000","2021-06-19 02:00:19"
"2020-04-23 18:00:00","D","3.045","3.175","2.930","6.000","2021-06-19 02:00:19"
"2020-04-24 00:00:00","D","2.893","3.023","2.718","6.000","2021-06-19 02:00:19"
"2020-04-24 06:00:00","D","2.767","2.953","2.640","6.000","2021-06-19 02:00:19"
"2020-04-24 12:00:00","D","2.785","2.873","2.548","6.000","2021-06-19 02:00:19"
"2020-04-24 18:00:00","D","2.893","3.045","2.718","6.000","2021-06-19 02:00:19"
"2020-04-25 00:00:00","D","2.775","2.873","2.700","6.000","2021-06-19 02:00:19"
"2020-04-25 06:00:00","D","2.907","2.945","2.850","6.000","2021-06-19 02:00:20"
"2020-04-25 12:00:00","D","2.810","2.923","2.708","6.000","2021-06-19 02:00:19"
"2020-04-25 18:00:00","D","2.935","3.013","2.840","6.000","2021-06-19 02:00:19"
"2020-04-26 00:00:00","D","2.764","2.978","2.630","6.000","2021-06-19 02:00:19"
"2020-04-26 06:00:00","D","2.764","2.938","2.623","6.000","2021-06-19 02:00:19"
"2020-04-26 12:00:00","D","2.773","2.973","2.628","6.000","2021-06-19 02:00:19"
"2020-04-26 18:00:00","D","2.719","2.995","2.545","6.000","2021-06-19 02:00:19"
"2020-04-27 00:00:00","D","2.826","3.058","2.623","6.000","2021-06-19 02:00:19"
"2020-04-27 06:00:00","D","2.717","2.828","2.640","6.000","2021-06-19 02:00:19"
"2020-04-27 12:00:00","D","2.740","2.820","2.643","6.000","2021-06-19 02:00:19"
"2020-04-27 18:00:00","D","2.807","2.953","2.695","6.000","2021-06-19 02:00:19"
"2020-04-28 00:00:00","D","2.814","2.908","2.765","6.000","2021-06-19 02:00:19"
"2020-04-28 06:00:00","D","2.749","2.833","2.663","6.000","2021-06-19 02:00:19"
"2020-04-28 12:00:00","D","2.903","3.050","2.848","6.000","2021-06-19 02:00:20"
"2020-04-28 18:00:00","D","3.322","3.580","3.113","6.000","2021-06-19 02:00:19"
"2020-04-29 00:00:00","D","3.913","4.070","3.775","6.000","2021-06-19 02:00:20"
"2020-04-29 06:00:00","D","4.621","5.060","4.238","6.000","2021-06-19 02:00:19"
"2020-04-29 12:00:00","D","4.798","5.025","4.620","6.000","2021-06-19 02:00:20"
"2020-04-29 18:00:00","D","4.342","4.470","4.160","6.000","2021-06-19 02:00:19"
"2020-04-30 00:00:00","D","4.253","4.488","4.095","6.000","2021-06-19 02:00:19"
"2020-04-30 06:00:00","D","4.133","4.305","3.973","6.000","2021-06-19 02:00:19"
"2020-04-30 12:00:00","D","3.923","4.055","3.823","6.000","2021-06-19 02:00:19"
"2020-04-30 18:00:00","D","4.047","4.193","3.858","6.000","2021-06-19 02:00:19"
"2020-05-01 00:00:00","D","4.322","4.483","4.190","6.000","2021-06-19 02:00:19"
"2020-05-01 06:00:00","D","5.065","5.370","4.628","6.000","2021-06-19 02:00:19"
"2020-05-01 12:00:00","D","4.446","4.725","4.175","6.000","2021-06-19 02:00:19"
"2020-05-01 18:00:00","D","3.979","4.138","3.763","6.000","2021-06-19 02:00:19"
"2020-05-02 00:00:00","D","4.069","4.130","4.005","6.000","2021-06-19 02:00:19"
"2020-05-02 06:00:00","D","3.940","4.135","3.683","6.000","2021-06-19 02:00:19"
"2020-05-02 12:00:00","D","3.594","3.783","3.483","6.000","2021-06-19 02:00:19"
"2020-05-02 18:00:00","D","3.599","3.760","3.420","6.000","2021-06-19 02:00:20"
"2020-05-03 00:00:00","D","3.297","3.620","3.103","6.000","2021-06-19 02:00:19"
"2020-05-03 06:00:00","D","3.228","3.388","3.055","6.000","2021-06-19 02:00:20"
"2020-05-03 12:00:00","D","1.804","2.370","0.855","6.000","2021-06-19 02:00:19"
"2020-05-03 18:00:00","D","2.696","2.875","2.568","6.000","2021-06-19 02:00:20"
"2020-05-04 00:00:00","D","2.704","2.808","2.458","6.000","2021-06-19 02:00:19"
"2020-05-04 06:00:00","D","2.708","2.900","2.555","6.000","2021-06-19 02:00:19"
"2020-05-04 12:00:00","D","2.604","2.778","2.473","6.000","2021-06-19 02:00:19"
"2020-05-04 18:00:00","D","2.861","2.978","2.688","6.000","2021-06-19 02:00:19"
"2020-05-05 00:00:00","D","2.874","2.935","2.823","6.000","2021-06-19 02:00:19"
"2020-05-05 06:00:00","D","2.919","3.038","2.865","6.000","2021-06-19 02:00:19"
"2020-05-05 12:00:00","D","2.900","2.973","2.845","6.000","2021-06-19 02:00:19"
"2020-05-05 18:00:00","D","3.040","3.175","2.960","6.000","2021-06-19 02:00:19"
"2020-05-06 00:00:00","D","3.010","3.113","2.913","6.000","2021-06-19 02:00:19"
"2020-05-06 06:00:00","D","3.030","3.080","2.983","6.000","2021-06-19 02:00:19"
"2020-05-06 12:00:00","D","2.845","2.965","2.748","6.000","2021-06-19 02:00:20"
"2020-05-06 18:00:00","D","2.873","2.968","2.738","6.000","2021-06-19 02:00:19"
"2020-05-07 00:00:00","D","2.966","3.020","2.880","6.000","2021-06-19 02:00:20"
"2020-05-07 06:00:00","D","2.855","2.925","2.753","6.000","2021-06-19 02:00:19"
"2020-05-07 12:00:00","D","2.938","3.075","2.773","6.000","2021-06-19 02:00:20"
"2020-05-07 18:00:00","D","2.862","2.965","2.753","6.000","2021-06-19 02:00:19"
"2020-05-08 00:00:00","D","2.909","3.015","2.790","6.000","2021-06-19 02:00:19"
"2020-05-08 06:00:00","D","2.824","2.928","2.733","6.000","2021-06-19 02:00:19"
"2020-05-08 12:00:00","D","2.959","3.078","2.768","6.000","2021-06-19 02:00:19"
"2020-05-08 18:00:00","D","2.950","3.020","2.888","6.000","2021-06-19 02:00:19"
"2020-05-09 00:00:00","D","2.943","3.000","2.865","6.000","2021-06-19 02:00:19"
"2020-05-09 06:00:00","D","2.865","2.943","2.820","6.000","2021-06-19 02:00:19"
"2020-05-09 12:00:00","D","2.840","2.933","2.708","6.000","2021-06-19 02:00:19"
"2020-05-09 18:00:00","D","2.892","3.070","2.688","6.000","2021-06-19 02:00:19"
"2020-05-10 00:00:00","D","2.972","3.055","2.860","6.000","2021-06-19 02:00:19"
"2020-05-10 06:00:00","D","3.108","3.318","2.905","6.000","2021-06-19 02:00:19"
"2020-05-10 12:00:00","D","2.908","2.998","2.825","6.000","2021-06-19 02:00:19"
"2020-05-10 18:00:00","D","2.901","3.013","2.840","6.000","2021-06-19 02:00:20"
"2020-05-11 00:00:00","D","2.946","2.963","2.920","6.000","2021-06-19 02:00:19"
"2020-05-11 06:00:00","D","2.933","2.960","2.883","6.000","2021-06-19 02:00:20"
"2020-05-11 12:00:00","D","2.746","2.835","2.683","6.000","2021-06-19 02:00:19"
"2020-05-11 18:00:00","D","2.661","2.803","2.555","6.000","2021-06-19 02:00:20"
"2020-05-12 00:00:00","D","2.785","2.870","2.688","6.000","2021-06-19 02:00:19"
"2020-05-12 06:00:00","D","2.846","2.893","2.815","6.000","2021-06-19 02:00:19"
"2020-05-12 12:00:00","D","2.507","2.653","2.345","6.000","2021-06-19 02:00:19"
"2020-05-12 18:00:00","D","2.441","2.640","2.263","6.000","2021-06-19 02:00:19"
"2020-05-13 00:00:00","D","2.645","2.778","2.503","6.000","2021-06-19 02:00:19"
"2020-05-13 06:00:00","D","2.735","2.800","2.663","6.000","2021-06-19 02:00:19"
"2020-05-13 12:00:00","D","2.586","2.713","2.490","6.000","2021-06-19 02:00:19"
"2020-05-13 18:00:00","D","2.689","2.770","2.543","6.000","2021-06-19 02:00:19"
"2020-05-14 00:00:00","D","2.580","2.678","2.510","6.000","2021-06-19 02:00:19"
"2020-05-14 06:00:00","D","2.738","2.848","2.608","6.000","2021-06-19 02:00:19"
"2020-05-14 12:00:00","D","2.664","2.760","2.578","6.000","2021-06-19 02:00:20"
"2020-05-14 18:00:00","D","2.609","2.683","2.488","6.000","2021-06-19 02:00:19"
"2020-05-15 00:00:00","D","2.726","2.815","2.623","6.000","2021-06-19 02:00:20"
"2020-05-15 06:00:00","D","2.743","2.818","2.660","6.000","2021-06-19 02:00:19"
"2020-05-15 12:00:00","D","2.731","2.828","2.658","6.000","2021-06-19 02:00:20"
"2020-05-15 18:00:00","D","2.813","2.918","2.738","6.000","2021-06-19 02:00:19"
"2020-05-16 00:00:00","D","2.761","2.968","2.575","6.000","2021-06-19 02:00:19"
"2020-05-16 06:00:00","D","2.789","2.843","2.755","6.000","2021-06-19 02:00:19"
"2020-05-16 12:00:00","D","2.760","2.878","2.680","6.000","2021-06-19 02:00:19"
"2020-05-16 18:00:00","D","2.760","2.835","2.678","6.000","2021-06-19 02:00:19"
"2020-05-17 00:00:00","D","2.722","2.798","2.638","6.000","2021-06-19 02:00:19"
"2020-05-17 06:00:00","D","2.759","2.845","2.710","6.000","2021-06-19 02:00:19"
"2020-05-17 12:00:00","D","2.717","2.880","2.610","6.000","2021-06-19 02:00:19"
"2020-05-17 18:00:00","D","2.924","3.008","2.843","6.000","2021-06-19 02:00:19"
"2020-05-18 00:00:00","D","2.806","3.018","2.663","6.000","2021-06-19 02:00:19"
"2020-05-18 06:00:00","D","2.796","2.880","2.680","6.000","2021-06-19 02:00:19"
"2020-05-18 12:00:00","D","2.732","2.830","2.633","6.000","2021-06-19 02:00:19"
"2020-05-18 18:00:00","D","2.555","2.653","2.463","6.000","2021-06-19 02:00:20"
"2020-05-19 00:00:00","D","2.766","2.918","2.590","6.000","2021-06-19 02:00:19"
"2020-05-19 06:00:00","D","2.878","2.960","2.740","6.000","2021-06-19 02:00:20"
"2020-05-19 12:00:00","D","2.585","2.693","2.408","6.000","2021-06-19 02:00:19"
"2020-05-19 18:00:00","D","2.537","2.850","2.188","6.000","2021-06-19 02:00:20"
"2020-05-20 00:00:00","D","2.636","2.998","2.345","6.000","2021-06-19 02:00:20"
"2020-05-20 06:00:00","D","2.839","2.960","2.658","6.000","2021-06-19 02:00:20"
"2020-05-20 12:00:00","D","2.734","2.843","2.618","6.000","2021-06-19 02:00:20"
"2020-05-20 18:00:00","D","2.649","2.810","2.565","6.000","2021-06-19 02:00:20"
"2020-05-21 00:00:00","D","2.915","3.018","2.805","6.000","2021-06-19 02:00:20"
"2020-05-21 06:00:00","D","2.901","2.998","2.783","6.000","2021-06-19 02:00:20"
"2020-05-21 12:00:00","D","2.816","2.903","2.780","6.000","2021-06-19 02:00:20"
"2020-05-21 18:00:00","D","2.696","2.765","2.525","6.000","2021-06-19 02:00:20"
"2020-05-22 00:00:00","D","2.886","2.948","2.763","6.000","2021-06-19 02:00:20"
"2020-05-22 06:00:00","D","2.913","2.983","2.803","6.000","2021-06-19 02:00:20"
"2020-05-22 12:00:00","D","2.669","2.768","2.573","6.000","2021-06-19 02:00:20"
"2020-05-22 18:00:00","D","2.572","2.640","2.493","6.000","2021-06-19 02:00:20"
"2020-05-23 00:00:00","D","2.619","2.685","2.573","6.000","2021-06-19 02:00:20"
"2020-05-23 06:00:00","D","2.656","2.698","2.598","6.000","2021-06-19 02:00:20"
"2020-05-23 12:00:00","D","2.473","2.578","2.388","6.000","2021-06-19 02:00:20"
"2020-05-23 18:00:00","D","2.332","2.460","2.185","6.000","2021-06-19 02:00:20"
"2020-05-24 00:00:00","D","2.412","2.450","2.358","6.000","2021-06-19 02:00:20"
"2020-05-24 06:00:00","D","2.402","2.455","2.353","6.000","2021-06-19 02:00:20"
"2020-05-24 12:00:00","D","2.353","2.448","2.290","6.000","2021-06-19 02:00:20"
"2020-05-24 18:00:00","D","2.185","2.248","2.058","6.000","2021-06-19 02:00:20"
"2020-05-25 00:00:00","D","2.302","2.450","2.188","6.000","2021-06-19 02:00:20"
"2020-05-25 06:00:00","D","2.292","2.363","2.225","6.000","2021-06-19 02:00:20"
"2020-05-25 12:00:00","D","2.451","2.550","2.320","6.000","2021-06-19 02:00:20"
"2020-05-25 18:00:00","D","2.430","2.460","2.388","6.000","2021-06-19 02:00:20"
"2020-05-26 00:00:00","D","2.511","2.580","2.393","6.000","2021-06-19 02:00:20"
"2020-05-26 06:00:00","D","2.484","2.558","2.405","6.000","2021-06-19 02:00:20"
"2020-05-26 12:00:00","D","2.523","2.715","2.420","6.000","2021-06-19 02:00:20"
"2020-05-26 18:00:00","D","2.436","2.638","2.318","6.000","2021-06-19 02:00:20"
"2020-05-27 00:00:00","D","2.566","2.645","2.368","6.000","2021-06-19 02:00:20"
"2020-05-27 06:00:00","D","2.604","2.683","2.563","6.000","2021-06-19 02:00:20"
"2020-05-27 12:00:00","D","2.591","2.655","2.475","6.000","2021-06-19 02:00:20"
"2020-05-27 18:00:00","D","2.584","2.725","2.505","6.000","2021-06-19 02:00:20"
"2020-05-28 00:00:00","D","2.586","2.743","2.400","6.000","2021-06-19 02:00:20"
"2020-05-28 06:00:00","D","2.609","2.675","2.540","6.000","2021-06-19 02:00:20"
"2020-05-28 12:00:00","D","2.604","2.710","2.510","6.000","2021-06-19 02:00:20"
"2020-05-28 18:00:00","D","2.587","2.638","2.505","6.000","2021-06-19 02:00:20"
"2020-05-29 00:00:00","D","2.455","2.588","2.380","6.000","2021-06-19 02:00:20"
"2020-05-29 06:00:00","D","2.422","2.543","2.333","6.000","2021-06-19 02:00:20"
"2020-05-29 12:00:00","D","2.425","2.510","2.338","6.000","2021-06-19 02:00:20"
"2020-05-29 18:00:00","D","2.480","2.653","2.345","6.000","2021-06-19 02:00:20"
"2020-05-30 00:00:00","D","2.312","2.413","2.230","6.000","2021-06-19 02:00:20"
"2020-05-30 06:00:00","D","2.345","2.390","2.298","6.000","2021-06-19 02:00:20"
"2020-05-30 12:00:00","D","2.490","2.590","2.365","6.000","2021-06-19 02:00:20"
"2020-05-30 18:00:00","D","2.553","2.680","2.408","6.000","2021-06-19 02:00:20"
"2020-05-31 00:00:00","D","2.507","2.680","2.335","6.000","2021-06-19 02:00:20"
"2020-05-31 06:00:00","D","2.370","2.433","2.335","6.000","2021-06-19 02:00:20"
"2020-05-31 12:00:00","D","2.485","2.560","2.403","6.000","2021-06-19 02:00:20"
"2020-05-31 18:00:00","D","2.628","2.790","2.453","6.000","2021-06-19 02:00:20"
"2020-06-01 00:00:00","D","2.312","2.448","2.155","6.000","2021-06-19 02:00:20"
"2020-06-01 06:00:00","D","2.360","2.400","2.333","6.000","2021-06-19 02:00:20"
"2020-06-01 12:00:00","D","2.345","2.455","2.135","6.000","2021-06-19 02:00:20"
"2020-06-01 18:00:00","D","2.474","2.610","2.220","6.000","2021-06-19 02:00:20"
"2020-06-02 00:00:00","D","2.370","2.500","2.303","6.000","2021-06-19 02:00:20"
"2020-06-02 06:00:00","D","2.459","2.558","2.380","6.000","2021-06-19 02:00:20"
"2020-06-02 12:00:00","D","2.408","2.510","2.255","6.000","2021-06-19 02:00:20"
"2020-06-02 18:00:00","D","2.423","2.520","2.280","6.000","2021-06-19 02:00:20"
"2020-06-03 00:00:00","D","2.552","2.620","2.408","6.000","2021-06-19 02:00:20"
"2020-06-03 06:00:00","D","2.566","2.580","2.550","6.000","2021-06-19 02:00:20"
"2020-06-03 12:00:00","D","2.479","2.563","2.433","6.000","2021-06-19 02:00:20"
"2020-06-03 18:00:00","D","2.433","2.520","2.273","6.000","2021-06-19 02:00:20"
"2020-06-04 00:00:00","D","2.279","2.335","2.213","6.000","2021-06-19 02:02:20"
"2020-06-04 06:00:00","D","2.419","2.455","2.368","6.000","2021-06-19 02:02:20"
"2020-06-04 12:00:00","D","2.410","2.465","2.323","6.000","2021-06-19 02:02:20"
"2020-06-04 18:00:00","D","2.344","2.505","2.260","6.000","2021-06-19 02:02:20"
"2020-06-05 00:00:00","D","2.215","2.345","2.083","6.000","2021-06-19 02:02:20"
"2020-06-05 06:00:00","D","2.387","2.460","2.335","6.000","2021-06-19 02:02:20"
"2020-06-05 12:00:00","D","2.431","2.563","2.323","6.000","2021-06-19 02:02:20"
"2020-06-05 18:00:00","D","2.302","2.358","2.213","6.000","2021-06-19 02:02:20"
"2020-06-06 00:00:00","D","2.473","2.578","2.323","6.000","2021-06-19 02:02:20"
"2020-06-06 06:00:00","D","2.646","2.688","2.570","6.000","2021-06-19 02:02:20"
"2020-06-06 12:00:00","D","2.497","2.548","2.443","6.000","2021-06-19 02:02:20"
"2020-06-06 18:00:00","D","2.533","2.710","2.420","6.000","2021-06-19 02:02:20"
"2020-06-07 00:00:00","D","2.612","2.718","2.555","6.000","2021-06-19 02:02:20"
"2020-06-07 06:00:00","D","3.141","3.290","2.765","6.000","2021-06-19 02:02:20"
"2020-06-07 12:00:00","D","3.195","3.395","3.010","6.000","2021-06-19 02:02:20"
"2020-06-07 18:00:00","D","3.024","3.183","2.925","6.000","2021-06-19 02:02:20"
"2020-06-08 00:00:00","D","2.842","2.948","2.743","6.000","2021-06-19 02:02:20"
"2020-06-08 06:00:00","D","2.755","2.795","2.718","6.000","2021-06-19 02:02:20"
"2020-06-08 12:00:00","D","2.591","2.753","2.465","6.000","2021-06-19 02:02:20"
"2020-06-08 18:00:00","D","2.631","2.713","2.503","6.000","2021-06-19 02:02:20"
"2020-06-09 00:00:00","D","2.496","2.538","2.458","6.000","2021-06-19 02:02:20"
"2020-06-09 06:00:00","D","2.664","2.718","2.608","6.000","2021-06-19 02:02:20"
"2020-06-09 12:00:00","D","2.434","2.605","2.325","6.000","2021-06-19 02:02:20"
"2020-06-09 18:00:00","D","2.461","2.568","2.300","6.000","2021-06-19 02:02:20"
"2020-06-10 00:00:00","D","2.430","2.550","2.390","6.000","2021-06-19 02:02:20"
"2020-06-10 06:00:00","D","2.445","2.493","2.335","6.000","2021-06-19 02:02:20"
"2020-06-10 12:00:00","D","2.374","2.545","2.213","6.000","2021-06-19 02:02:20"
"2020-06-10 18:00:00","D","2.380","2.478","2.275","6.000","2021-06-19 02:02:20"
"2020-06-11 00:00:00","D","2.454","2.518","2.298","6.000","2021-06-19 02:02:20"
"2020-06-11 06:00:00","D","2.398","2.475","2.363","6.000","2021-06-19 02:02:20"
"2020-06-11 12:00:00","D","2.437","2.588","2.348","6.000","2021-06-19 02:02:20"
"2020-06-11 18:00:00","D","2.552","2.650","2.478","6.000","2021-06-19 02:02:20"
"2020-06-12 00:00:00","D","2.463","2.533","2.418","6.000","2021-06-19 02:02:20"
"2020-06-12 06:00:00","D","2.471","2.533","2.373","6.000","2021-06-19 02:02:20"
"2020-06-12 12:00:00","D","2.408","2.543","2.323","6.000","2021-06-19 02:02:20"
"2020-06-12 18:00:00","D","2.579","2.653","2.508","6.000","2021-06-19 02:02:20"
"2020-06-13 00:00:00","D","2.458","2.528","2.400","6.000","2021-06-19 02:02:20"
"2020-06-13 06:00:00","D","2.416","2.440","2.378","6.000","2021-06-19 02:02:20"
"2020-06-13 12:00:00","D","2.567","2.683","2.375","6.000","2021-06-19 02:02:20"
"2020-06-13 18:00:00","D","2.590","2.650","2.520","6.000","2021-06-19 02:02:20"
"2020-06-14 00:00:00","D","2.399","2.453","2.325","6.000","2021-06-19 02:02:20"
"2020-06-14 06:00:00","D","2.468","2.515","2.408","6.000","2021-06-19 02:02:20"
"2020-06-14 12:00:00","D","2.521","2.575","2.498","6.000","2021-06-19 02:02:20"
"2020-06-14 18:00:00","D","2.568","2.635","2.463","6.000","2021-06-19 02:02:20"
"2020-06-15 00:00:00","D","2.660","2.905","2.445","6.000","2021-06-19 02:02:20"
"2020-06-15 06:00:00","D","2.475","2.513","2.413","6.000","2021-06-19 02:02:20"
"2020-06-15 12:00:00","D","2.389","2.445","2.285","6.000","2021-06-19 02:02:20"
"2020-06-15 18:00:00","D","2.449","2.588","2.390","6.000","2021-06-19 02:02:20"
"2020-06-16 00:00:00","D","2.496","2.598","2.390","6.000","2021-06-19 02:02:20"
"2020-06-16 06:00:00","D","2.580","2.650","2.515","6.000","2021-06-19 02:02:20"
"2020-06-16 12:00:00","D","2.396","2.465","2.315","6.000","2021-06-19 02:02:20"
"2020-06-16 18:00:00","D","2.297","2.368","2.208","6.000","2021-06-19 02:02:20"
"2020-06-17 00:00:00","D","2.342","2.450","2.238","6.000","2021-06-19 02:02:20"
"2020-06-17 06:00:00","D","2.477","2.510","2.440","6.000","2021-06-19 02:02:20"
"2020-06-17 12:00:00","D","2.490","2.573","2.423","6.000","2021-06-19 02:02:20"
"2020-06-17 18:00:00","D","2.692","2.873","2.553","6.000","2021-06-19 02:02:20"
"2020-06-18 00:00:00","D","2.780","2.818","2.735","6.000","2021-06-19 02:02:20"
"2020-06-18 06:00:00","D","6.254","8.040","3.398","6.000","2021-06-19 02:02:20"
"2020-06-18 12:00:00","D","8.224","10.400","6.888","6.000","2021-06-19 02:02:20"
"2020-06-18 18:00:00","D","10.589","11.650","9.578","6.000","2021-06-19 02:02:20"
"2020-06-19 00:00:00","D","7.894","8.208","7.510","6.000","2021-06-19 02:02:20"
"2020-06-19 06:00:00","D","6.181","7.110","5.328","6.000","2021-06-19 02:02:20"
"2020-06-19 12:00:00","D","5.478","5.585","5.325","6.000","2021-06-19 02:02:20"
"2020-06-19 18:00:00","D","5.221","5.420","4.988","6.000","2021-06-19 02:02:20"
"2020-06-20 00:00:00","D","5.180","5.303","4.938","6.000","2021-06-19 02:02:20"
"2020-06-20 06:00:00","D","4.666","4.980","4.405","6.000","2021-06-19 02:02:20"
"2020-06-20 12:00:00","D","4.013","4.563","3.430","6.000","2021-06-19 02:02:20"
"2020-06-20 18:00:00","D","3.969","4.333","3.798","6.000","2021-06-19 02:02:20"
"2020-06-21 00:00:00","D","3.521","3.663","3.425","6.000","2021-06-19 02:02:20"
"2020-06-21 06:00:00","D","3.436","3.458","3.413","6.000","2021-06-19 02:02:20"
"2020-06-21 12:00:00","D","3.350","3.453","3.243","6.000","2021-06-19 02:02:20"
"2020-06-21 18:00:00","D","3.166","3.295","3.020","6.000","2021-06-19 02:02:20"
"2020-06-22 00:00:00","D","3.005","3.068","2.915","6.000","2021-06-19 02:02:20"
"2020-06-22 06:00:00","D","3.000","3.038","2.935","6.000","2021-06-19 02:02:20"
"2020-06-22 12:00:00","D","3.017","3.115","2.903","6.000","2021-06-19 02:02:20"
"2020-06-22 18:00:00","D","2.936","3.088","2.700","6.000","2021-06-19 02:02:20"
"2020-06-23 00:00:00","D","3.066","3.123","3.015","6.000","2021-06-19 02:02:20"
"2020-06-23 06:00:00","D","2.955","3.038","2.880","6.000","2021-06-19 02:02:20"
"2020-06-23 12:00:00","D","2.940","3.073","2.855","6.000","2021-06-19 02:02:20"
"2020-06-23 18:00:00","D","2.743","2.898","2.508","6.000","2021-06-19 02:02:20"
"2020-06-24 00:00:00","D","2.832","2.890","2.805","6.000","2021-06-19 02:02:20"
"2020-06-24 06:00:00","D","2.966","3.053","2.825","6.000","2021-06-19 02:02:20"
"2020-06-24 12:00:00","D","2.739","2.835","2.520","6.000","2021-06-19 02:02:20"
"2020-06-24 18:00:00","D","2.651","2.793","2.445","6.000","2021-06-19 02:02:20"
"2020-06-25 00:00:00","D","2.740","2.853","2.553","6.000","2021-06-19 02:02:20"
"2020-06-25 06:00:00","D","2.881","2.940","2.843","6.000","2021-06-19 02:02:20"
"2020-06-25 12:00:00","D","2.770","2.958","2.630","6.000","2021-06-19 02:02:20"
"2020-06-25 18:00:00","D","2.589","2.770","2.373","6.000","2021-06-19 02:02:20"
"2020-06-26 00:00:00","D","2.470","2.663","2.365","6.000","2021-06-19 02:02:20"
"2020-06-26 06:00:00","D","2.733","2.790","2.653","6.000","2021-06-19 02:02:20"
"2020-06-26 12:00:00","D","2.602","2.710","2.458","6.000","2021-06-19 02:02:20"
"2020-06-26 18:00:00","D","2.433","2.585","2.218","6.000","2021-06-19 02:02:20"
"2020-06-27 00:00:00","D","2.343","2.598","2.143","6.000","2021-06-19 02:02:20"
"2020-06-27 06:00:00","D","2.632","2.685","2.535","6.000","2021-06-19 02:02:20"
"2020-06-27 12:00:00","D","2.602","2.690","2.455","6.000","2021-06-19 02:02:20"
"2020-06-27 18:00:00","D","2.380","2.540","2.303","6.000","2021-06-19 02:02:20"
"2020-06-28 00:00:00","D","2.270","2.348","2.185","6.000","2021-06-19 02:02:20"
"2020-06-28 06:00:00","D","2.139","2.198","2.090","6.000","2021-06-19 02:02:20"
"2020-06-28 12:00:00","D","2.096","2.200","2.035","6.000","2021-06-19 02:02:20"
"2020-06-28 18:00:00","D","2.112","2.175","2.033","6.000","2021-06-19 02:02:20"
"2020-06-29 00:00:00","D","2.086","2.158","2.015","6.000","2021-06-19 02:02:20"
"2020-06-29 06:00:00","D","2.048","2.073","2.023","6.000","2021-06-19 02:02:20"
"2020-06-29 12:00:00","D","2.029","2.088","1.958","6.000","2021-06-19 02:02:20"
"2020-06-29 18:00:00","D","2.007","2.105","1.893","6.000","2021-06-19 02:02:20"
"2020-06-30 00:00:00","D","2.037","2.078","1.988","6.000","2021-06-19 02:02:20"
"2020-06-30 06:00:00","D","1.964","2.008","1.915","6.000","2021-06-19 02:02:20"
"2020-06-30 12:00:00","D","1.941","2.003","1.875","6.000","2021-06-19 02:02:20"
"2020-06-30 18:00:00","D","1.922","2.008","1.800","6.000","2021-06-19 02:02:20"
"2020-07-01 00:00:00","D","1.908","2.065","1.783","6.000","2021-06-19 02:02:20"
"2020-07-01 06:00:00","D","1.947","2.018","1.865","6.000","2021-06-19 02:02:20"
"2020-07-01 12:00:00","D","1.970","2.138","1.865","6.000","2021-06-19 02:02:20"
"2020-07-01 18:00:00","D","1.814","2.055","1.600","6.000","2021-06-19 02:02:20"
"2020-07-02 00:00:00","D","1.899","2.038","1.775","6.000","2021-06-19 02:02:20"
"2020-07-02 06:00:00","D","2.065","2.130","1.995","6.000","2021-06-19 02:02:20"
"2020-07-02 12:00:00","D","2.039","2.093","1.943","6.000","2021-06-19 02:02:20"
"2020-07-02 18:00:00","D","1.839","1.988","1.680","6.000","2021-06-19 02:02:20"
"2020-07-03 00:00:00","D","1.917","2.105","1.793","6.000","2021-06-19 02:02:20"
"2020-07-03 06:00:00","D","2.327","2.440","2.135","6.000","2021-06-19 02:02:20"
"2020-07-03 12:00:00","D","2.612","2.805","2.438","6.000","2021-06-19 02:02:20"
"2020-07-03 18:00:00","D","2.657","2.873","2.475","6.000","2021-06-19 02:02:20"
"2020-07-04 00:00:00","D","2.734","2.870","2.588","6.000","2021-06-19 02:02:20"
"2020-07-04 06:00:00","D","2.544","2.705","2.463","6.000","2021-06-19 02:02:20"
"2020-07-04 12:00:00","D","2.429","2.590","2.268","6.000","2021-06-19 02:02:20"
"2020-07-04 18:00:00","D","2.307","2.490","2.190","6.000","2021-06-19 02:02:20"
"2020-07-05 00:00:00","D","2.250","2.313","2.190","6.000","2021-06-19 02:02:20"
"2020-07-05 06:00:00","D","2.201","2.265","2.128","6.000","2021-06-19 02:02:20"
"2020-07-05 12:00:00","D","2.044","2.153","1.870","6.000","2021-06-19 02:02:20"
"2020-07-05 18:00:00","D","1.858","2.060","1.718","6.000","2021-06-19 02:02:20"
"2020-07-06 00:00:00","D","1.747","1.888","1.683","6.000","2021-06-19 02:02:20"
"2020-07-06 06:00:00","D","1.864","1.905","1.830","6.000","2021-06-19 02:02:20"
"2020-07-06 12:00:00","D","1.710","1.838","1.630","6.000","2021-06-19 02:02:20"
"2020-07-06 18:00:00","D","1.731","1.845","1.595","6.000","2021-06-19 02:02:20"
"2020-07-07 00:00:00","D","1.611","1.748","1.545","6.000","2021-06-19 02:02:20"
"2020-07-07 06:00:00","D","1.733","1.810","1.610","6.000","2021-06-19 02:02:20"
"2020-07-07 12:00:00","D","1.689","1.828","1.615","6.000","2021-06-19 02:02:20"
"2020-07-07 18:00:00","D","1.618","1.755","1.550","6.000","2021-06-19 02:02:20"
"2020-07-08 00:00:00","D","1.480","1.563","1.398","6.000","2021-06-19 02:02:20"
"2020-07-08 06:00:00","D","1.848","1.983","1.623","6.000","2021-06-19 02:02:20"
"2020-07-08 12:00:00","D","2.087","2.190","1.978","6.000","2021-06-19 02:02:20"
"2020-07-08 18:00:00","D","2.592","2.785","2.340","6.000","2021-06-19 02:02:20"
"2020-07-09 00:00:00","D","2.685","2.763","2.555","6.000","2021-06-19 02:02:20"
"2020-07-09 06:00:00","D","2.634","2.753","2.538","6.000","2021-06-19 02:02:20"
"2020-07-09 12:00:00","D","2.704","2.840","2.600","6.000","2021-06-19 02:02:20"
"2020-07-09 18:00:00","D","3.055","3.228","2.783","6.000","2021-06-19 02:02:20"
"2020-07-10 00:00:00","D","3.272","3.338","3.183","6.000","2021-06-19 02:02:20"
"2020-07-10 06:00:00","D","3.437","3.480","3.390","6.000","2021-06-19 02:02:20"
"2020-07-10 12:00:00","D","3.572","3.640","3.520","6.000","2021-06-19 02:02:20"
"2020-07-10 18:00:00","D","3.600","3.755","3.495","6.000","2021-06-19 02:02:20"
"2020-07-11 00:00:00","D","3.273","3.528","3.045","6.000","2021-06-19 02:02:20"
"2020-07-11 06:00:00","D","2.912","3.005","2.843","6.000","2021-06-19 02:02:20"
"2020-07-11 12:00:00","D","2.865","2.965","2.765","6.000","2021-06-19 02:02:20"
"2020-07-11 18:00:00","D","2.816","2.970","2.615","6.000","2021-06-19 02:02:20"
"2020-07-12 00:00:00","D","2.529","2.615","2.443","6.000","2021-06-19 02:02:20"
"2020-07-12 06:00:00","D","2.438","2.493","2.395","6.000","2021-06-19 02:02:20"
"2020-07-12 12:00:00","D","2.362","2.440","2.158","6.000","2021-06-19 02:02:20"
"2020-07-12 18:00:00","D","2.475","2.600","2.410","6.000","2021-06-19 02:02:20"
"2020-07-13 00:00:00","D","2.038","2.315","1.760","6.000","2021-06-19 02:02:20"
"2020-07-13 06:00:00","D","2.017","2.095","1.940","6.000","2021-06-19 02:02:20"
"2020-07-13 12:00:00","D","2.108","2.305","2.008","6.000","2021-06-19 02:02:20"
"2020-07-13 18:00:00","D","2.025","2.213","1.950","6.000","2021-06-19 02:02:20"
"2020-07-14 00:00:00","D","1.959","2.025","1.875","6.000","2021-06-19 02:02:20"
"2020-07-14 06:00:00","D","2.131","2.230","1.965","6.000","2021-06-19 02:02:20"
"2020-07-14 12:00:00","D","2.173","2.325","2.043","6.000","2021-06-19 02:02:20"
"2020-07-14 18:00:00","D","2.307","2.403","2.213","6.000","2021-06-19 02:02:20"
"2020-07-15 00:00:00","D","2.247","2.393","2.125","6.000","2021-06-19 02:02:20"
"2020-07-15 06:00:00","D","2.176","2.230","2.123","6.000","2021-06-19 02:02:20"
"2020-07-15 12:00:00","D","2.168","2.255","2.098","6.000","2021-06-19 02:02:20"
"2020-07-15 18:00:00","D","2.199","2.265","2.075","6.000","2021-06-19 02:02:20"
"2020-07-16 00:00:00","D","2.019","2.105","1.960","6.000","2021-06-19 02:02:20"
"2020-07-16 06:00:00","D","1.972","2.058","1.793","6.000","2021-06-19 02:02:20"
"2020-07-16 12:00:00","D","1.908","2.055","1.808","6.000","2021-06-19 02:02:20"
"2020-07-16 18:00:00","D","2.009","2.045","1.950","6.000","2021-06-19 02:02:20"
"2020-07-17 00:00:00","D","2.012","2.063","1.928","6.000","2021-06-19 02:02:20"
"2020-07-17 06:00:00","D","1.936","2.098","1.738","6.000","2021-06-19 02:02:20"
"2020-07-17 12:00:00","D","1.969","2.145","1.830","6.000","2021-06-19 02:02:20"
"2020-07-17 18:00:00","D","2.137","2.270","2.033","6.000","2021-06-19 02:02:20"
"2020-07-18 00:00:00","D","2.101","2.180","2.018","6.000","2021-06-19 02:02:20"
"2020-07-18 06:00:00","D","2.132","2.195","2.070","6.000","2021-06-19 02:02:20"
"2020-07-18 12:00:00","D","1.972","2.100","1.778","6.000","2021-06-19 02:02:20"
"2020-07-18 18:00:00","D","1.986","2.135","1.783","6.000","2021-06-19 02:02:20"
"2020-07-19 00:00:00","D","1.929","2.035","1.820","6.000","2021-06-19 02:02:20"
"2020-07-19 06:00:00","D","1.951","1.988","1.885","6.000","2021-06-19 02:02:20"
"2020-07-19 12:00:00","D","1.806","1.898","1.738","6.000","2021-06-19 02:02:20"
"2020-07-19 18:00:00","D","1.853","1.965","1.703","6.000","2021-06-19 02:02:20"
"2020-07-20 00:00:00","D","1.855","1.895","1.768","6.000","2021-06-19 02:02:20"
"2020-07-20 06:00:00","D","1.746","1.803","1.675","6.000","2021-06-19 02:02:20"
"2020-07-20 12:00:00","D","1.685","1.795","1.568","6.000","2021-06-19 02:02:20"
"2020-07-20 18:00:00","D","1.652","1.885","1.273","6.000","2021-06-19 02:02:20"
"2020-07-21 00:00:00","D","1.791","1.858","1.683","6.000","2021-06-19 02:02:20"
"2020-07-21 06:00:00","D","1.733","1.770","1.693","6.000","2021-06-19 02:02:20"
"2020-07-21 12:00:00","D","1.672","1.788","1.633","6.000","2021-06-19 02:02:20"
"2020-07-21 18:00:00","D","1.869","2.020","1.715","6.000","2021-06-19 02:02:20"
"2020-07-22 00:00:00","D","1.736","1.865","1.593","6.000","2021-06-19 02:02:20"
"2020-07-22 06:00:00","D","1.784","1.845","1.720","6.000","2021-06-19 02:02:20"
"2020-07-22 12:00:00","D","1.732","1.870","1.593","6.000","2021-06-19 02:02:20"
"2020-07-22 18:00:00","D","1.632","1.698","1.558","6.000","2021-06-19 02:02:20"
"2020-07-23 00:00:00","D","1.576","1.690","1.520","6.000","2021-06-19 02:02:20"
"2020-07-23 06:00:00","D","1.559","1.645","1.463","6.000","2021-06-19 02:02:20"
"2020-07-23 12:00:00","D","1.686","1.713","1.660","6.000","2021-06-19 02:02:20"
"2020-07-23 18:00:00","D","1.637","1.745","1.525","6.000","2021-06-19 02:02:20"
"2020-07-24 00:00:00","D","1.522","1.678","1.458","6.000","2021-06-19 02:02:20"
"2020-07-24 06:00:00","D","1.691","1.743","1.603","6.000","2021-06-19 02:02:20"
"2020-07-24 12:00:00","D","1.620","1.723","1.518","6.000","2021-06-19 02:02:20"
"2020-07-24 18:00:00","D","1.564","1.613","1.513","6.000","2021-06-19 02:02:20"
"2020-07-25 00:00:00","D","1.623","1.760","1.505","6.000","2021-06-19 02:02:20"
"2020-07-25 06:00:00","D","1.594","1.615","1.555","6.000","2021-06-19 02:02:20"
"2020-07-25 12:00:00","D","1.580","1.770","1.483","6.000","2021-06-19 02:02:20"
"2020-07-25 18:00:00","D","1.666","1.795","1.598","6.000","2021-06-19 02:02:20"
"2020-07-26 00:00:00","D","1.584","1.635","1.508","6.000","2021-06-19 02:02:20"
"2020-07-26 06:00:00","D","1.661","1.823","1.555","6.000","2021-06-19 02:02:20"
"2020-07-26 12:00:00","D","2.358","2.785","1.985","6.000","2021-06-19 02:02:20"
"2020-07-26 18:00:00","D","2.470","2.665","2.303","6.000","2021-06-19 02:02:20"
"2020-07-27 00:00:00","D","2.228","2.275","2.180","6.000","2021-06-19 02:02:20"
"2020-07-27 06:00:00","D","2.194","2.238","2.170","6.000","2021-06-19 02:02:20"
"2020-07-27 12:00:00","D","2.206","2.243","2.153","6.000","2021-06-19 02:02:20"
"2020-07-27 18:00:00","D","2.130","2.280","2.020","6.000","2021-06-19 02:02:20"
"2020-07-28 00:00:00","D","1.960","2.085","1.898","6.000","2021-06-19 02:02:20"
"2020-07-28 06:00:00","D","2.022","2.095","1.975","6.000","2021-06-19 02:02:20"
"2020-07-28 12:00:00","D","1.790","1.883","1.745","6.000","2021-06-19 02:02:20"
"2020-07-28 18:00:00","D","1.800","1.913","1.628","6.000","2021-06-19 02:02:20"
"2020-07-29 00:00:00","D","1.692","1.945","1.493","6.000","2021-06-19 02:02:20"
"2020-07-29 06:00:00","D","1.651","1.665","1.633","6.000","2021-06-19 02:02:20"
"2020-07-29 12:00:00","D","1.552","1.608","1.495","6.000","2021-06-19 02:02:20"
"2020-07-29 18:00:00","D","1.702","1.835","1.608","6.000","2021-06-19 02:02:20"
"2020-07-30 00:00:00","D","1.542","1.608","1.438","6.000","2021-06-19 02:02:20"
"2020-07-30 06:00:00","D","1.607","1.713","1.425","6.000","2021-06-19 02:02:20"
"2020-07-30 12:00:00","D","1.672","1.720","1.593","6.000","2021-06-19 02:02:20"
"2020-07-30 18:00:00","D","1.681","1.838","1.548","6.000","2021-06-19 02:02:20"
"2020-07-31 00:00:00","D","1.637","1.765","1.543","6.000","2021-06-19 02:02:20"
"2020-07-31 06:00:00","D","1.478","1.570","1.363","6.000","2021-06-19 02:02:20"
"2020-07-31 12:00:00","D","1.608","2.193","1.298","6.000","2021-06-19 02:02:20"
"2020-07-31 18:00:00","D","1.510","1.653","1.348","6.000","2021-06-19 02:02:20"
"2020-08-01 00:00:00","D","1.322","1.395","1.263","6.000","2021-06-19 02:02:20"
"2020-08-01 06:00:00","D","1.372","1.560","1.248","6.000","2021-06-19 02:02:20"
"2020-08-01 12:00:00","D","1.538","1.668","1.385","6.000","2021-06-19 02:02:20"
"2020-08-01 18:00:00","D","1.445","1.610","1.240","6.000","2021-06-19 02:02:20"
"2020-08-02 00:00:00","D","1.317","1.520","1.128","6.000","2021-06-19 02:02:20"
"2020-08-02 06:00:00","D","1.352","1.440","1.263","6.000","2021-06-19 02:02:20"
"2020-08-02 12:00:00","D","1.385","1.503","1.278","6.000","2021-06-19 02:02:20"
"2020-08-02 18:00:00","D","1.346","1.478","1.160","6.000","2021-06-19 02:02:20"
"2020-08-03 00:00:00","D","1.136","1.225","1.000","6.000","2021-06-19 02:02:20"
"2020-08-03 06:00:00","D","1.160","1.205","1.093","6.000","2021-06-19 02:02:20"
"2020-08-03 12:00:00","D","1.137","1.193","1.085","6.000","2021-06-19 02:02:20"
"2020-08-03 18:00:00","D","1.070","1.198","0.905","6.000","2021-06-19 02:02:20"
"2020-08-04 00:00:00","D","1.170","1.283","1.030","6.000","2021-06-19 02:02:20"
"2020-08-04 06:00:00","D","1.150","1.188","1.118","6.000","2021-06-19 02:02:20"
"2020-08-04 12:00:00","D","1.228","1.430","1.063","6.000","2021-06-19 02:02:20"
"2020-08-04 18:00:00","D","1.113","1.203","1.003","6.000","2021-06-19 02:02:20"
"2020-08-05 00:00:00","D","1.137","1.200","1.080","6.000","2021-06-19 02:02:20"
"2020-08-05 06:00:00","D","1.203","1.265","1.135","6.000","2021-06-19 02:02:21"
"2020-08-05 12:00:00","D","1.377","1.485","1.188","6.000","2021-06-19 02:02:20"
"2020-08-05 18:00:00","D","1.271","1.425","1.125","6.000","2021-06-19 02:02:21"
"2020-08-06 00:00:00","D","0.947","1.053","0.818","6.000","2021-06-19 02:02:20"
"2020-08-06 06:00:00","D","1.060","1.120","0.960","6.000","2021-06-19 02:02:21"
"2020-08-06 12:00:00","D","1.340","1.465","1.228","6.000","2021-06-19 02:02:20"
"2020-08-06 18:00:00","D","1.346","1.480","1.253","6.000","2021-06-19 02:02:21"
"2020-08-07 00:00:00","D","1.190","1.363","1.030","6.000","2021-06-19 02:02:20"
"2020-08-07 06:00:00","D","1.209","1.323","1.070","6.000","2021-06-19 02:02:20"
"2020-08-07 12:00:00","D","1.260","1.333","1.090","6.000","2021-06-19 02:02:20"
"2020-08-07 18:00:00","D","1.261","1.388","1.105","6.000","2021-06-19 02:02:20"
"2020-08-08 00:00:00","D","1.034","1.323","0.803","6.000","2021-06-19 02:02:20"
"2020-08-08 06:00:00","D","0.941","0.990","0.900","6.000","2021-06-19 02:02:20"
"2020-08-08 12:00:00","D","1.082","1.200","0.955","6.000","2021-06-19 02:02:21"
"2020-08-08 18:00:00","D","1.089","1.293","0.958","6.000","2021-06-19 02:02:20"
"2020-08-09 00:00:00","D","1.154","1.298","1.035","6.000","2021-06-19 02:02:21"
"2020-08-09 06:00:00","D","1.101","1.143","1.058","6.000","2021-06-19 02:02:20"
"2020-08-09 12:00:00","D","1.129","1.383","1.008","6.000","2021-06-19 02:02:21"
"2020-08-09 18:00:00","D","1.524","1.695","1.253","6.000","2021-06-19 02:02:20"
"2020-08-10 00:00:00","D","1.040","1.223","0.928","6.000","2021-06-19 02:02:21"
"2020-08-10 06:00:00","D","1.009","1.110","0.930","6.000","2021-06-19 02:02:20"
"2020-08-10 12:00:00","D","1.158","1.230","1.110","6.000","2021-06-19 02:02:21"
"2020-08-10 18:00:00","D","1.412","1.488","1.298","6.000","2021-06-19 02:02:20"
"2020-08-11 00:00:00","D","1.230","1.360","1.113","6.000","2021-06-19 02:02:20"
"2020-08-11 06:00:00","D","1.135","1.200","1.063","6.000","2021-06-19 02:02:20"
"2020-08-11 12:00:00","D","1.077","1.203","0.920","6.000","2021-06-19 02:02:20"
"2020-08-11 18:00:00","D","1.005","1.165","0.818","6.000","2021-06-19 02:02:20"
"2020-08-12 00:00:00","D","1.130","1.335","0.975","6.000","2021-06-19 02:02:20"
"2020-08-12 06:00:00","D","1.079","1.170","0.988","6.000","2021-06-19 02:02:21"
"2020-08-12 12:00:00","D","1.273","1.360","1.218","6.000","2021-06-19 02:02:20"
"2020-08-12 18:00:00","D","1.460","1.598","1.295","6.000","2021-06-19 02:02:21"
"2020-08-13 00:00:00","D","1.323","1.618","1.138","6.000","2021-06-19 02:02:20"
"2020-08-13 06:00:00","D","1.383","1.503","1.303","6.000","2021-06-19 02:02:21"
"2020-08-13 12:00:00","D","1.634","1.835","1.403","6.000","2021-06-19 02:02:20"
"2020-08-13 18:00:00","D","1.467","1.610","1.343","6.000","2021-06-19 02:02:21"
"2020-08-14 00:00:00","D","1.999","2.540","1.620","6.000","2021-06-19 02:02:20"
"2020-08-14 06:00:00","D","3.051","3.200","2.955","6.000","2021-06-19 02:02:21"
"2020-08-14 12:00:00","D","5.069","7.878","3.060","6.000","2021-06-19 02:02:20"
"2020-08-14 18:00:00","D","6.439","7.323","5.638","6.000","2021-06-19 02:02:21"
"2020-08-15 00:00:00","D","5.560","5.595","5.528","6.000","2021-06-19 02:02:20"
"2020-08-15 06:00:00","D","4.972","5.478","4.623","6.000","2021-06-19 02:02:20"
"2020-08-15 12:00:00","D","4.953","5.115","4.558","6.000","2021-06-19 02:02:20"
"2020-08-15 18:00:00","D","4.898","5.118","4.693","6.000","2021-06-19 02:02:20"
"2020-08-16 00:00:00","D","5.116","6.023","4.655","6.000","2021-06-19 02:02:20"
"2020-08-16 06:00:00","D","8.133","10.030","6.325","6.000","2021-06-19 02:02:20"
"2020-08-16 12:00:00","D","6.552","6.703","6.355","6.000","2021-06-19 02:02:21"
"2020-08-16 18:00:00","D","6.580","7.065","6.128","6.000","2021-06-19 02:02:20"
"2020-08-17 00:00:00","D","7.354","8.055","6.528","6.000","2021-06-19 02:02:21"
"2020-08-17 06:00:00","D","7.962","8.233","7.490","6.000","2021-06-19 02:02:20"
"2020-08-17 12:00:00","D","6.203","7.328","4.943","6.000","2021-06-19 02:02:21"
"2020-08-17 18:00:00","D","5.450","6.165","4.935","6.000","2021-06-19 02:02:20"
"2020-08-18 00:00:00","D","5.564","5.958","5.260","6.000","2021-06-19 02:02:21"
"2020-08-18 06:00:00","D","5.140","5.220","5.015","6.000","2021-06-19 02:02:20"
"2020-08-18 12:00:00","D","4.280","4.835","3.628","6.000","2021-06-19 02:02:21"
"2020-08-18 18:00:00","D","3.722","3.823","3.610","6.000","2021-06-19 02:02:20"
"2020-08-19 00:00:00","D","3.435","3.765","3.090","6.000","2021-06-19 02:02:20"
"2020-08-19 06:00:00","D","3.398","3.473","3.318","6.000","2021-06-19 02:02:20"
"2020-08-19 12:00:00","D","3.282","3.385","3.163","6.000","2021-06-19 02:02:20"
"2020-08-19 18:00:00","D","3.236","3.378","3.138","6.000","2021-06-19 02:02:20"
"2020-08-20 00:00:00","D","3.301","3.440","3.195","6.000","2021-06-19 02:02:20"
"2020-08-20 06:00:00","D","3.856","4.220","3.485","6.000","2021-06-19 02:02:21"
"2020-08-20 12:00:00","D","3.970","4.198","3.743","6.000","2021-06-19 02:02:20"
"2020-08-20 18:00:00","D","3.515","3.785","3.345","6.000","2021-06-19 02:02:21"
"2020-08-21 00:00:00","D","3.201","3.295","3.068","6.000","2021-06-19 02:02:20"
"2020-08-21 06:00:00","D","2.995","3.020","2.970","6.000","2021-06-19 02:02:21"
"2020-08-21 12:00:00","D","2.789","3.013","2.635","6.000","2021-06-19 02:02:20"
"2020-08-21 18:00:00","D","2.597","2.723","2.458","6.000","2021-06-19 02:02:21"
"2020-08-22 00:00:00","D","2.383","2.440","2.333","6.000","2021-06-19 02:02:20"
"2020-08-22 06:00:00","D","2.201","2.355","2.075","6.000","2021-06-19 02:02:21"
"2020-08-22 12:00:00","D","2.118","2.348","1.958","6.000","2021-06-19 02:02:20"
"2020-08-22 18:00:00","D","2.249","2.458","2.035","6.000","2021-06-19 02:02:21"
"2020-08-23 00:00:00","D","2.018","2.088","1.965","6.000","2021-06-19 02:02:20"
"2020-08-23 06:00:00","D","2.056","2.070","2.040","6.000","2021-06-19 02:02:20"
"2020-08-23 12:00:00","D","2.033","2.375","1.785","6.000","2021-06-19 02:02:20"
"2020-08-23 18:00:00","D","1.975","2.073","1.825","6.000","2021-06-19 02:02:20"
"2020-08-24 00:00:00","D","1.790","1.868","1.745","6.000","2021-06-19 02:02:20"
"2020-08-24 06:00:00","D","1.862","1.900","1.835","6.000","2021-06-19 02:02:20"
"2020-08-24 12:00:00","D","1.744","1.818","1.643","6.000","2021-06-19 02:02:21"
"2020-08-24 18:00:00","D","1.887","1.980","1.818","6.000","2021-06-19 02:02:20"
"2020-08-25 00:00:00","D","1.893","1.963","1.833","6.000","2021-06-19 02:02:21"
"2020-08-25 06:00:00","D","1.909","1.993","1.830","6.000","2021-06-19 02:02:20"
"2020-08-25 12:00:00","D","2.075","2.140","2.003","6.000","2021-06-19 02:02:21"
"2020-08-25 18:00:00","D","2.160","2.315","2.020","6.000","2021-06-19 02:02:20"
"2020-08-26 00:00:00","D","2.340","2.503","2.148","6.000","2021-06-19 02:02:21"
"2020-08-26 06:00:00","D","2.441","2.510","2.370","6.000","2021-06-19 02:02:20"
"2020-08-26 12:00:00","D","2.375","2.498","2.223","6.000","2021-06-19 02:02:51"
"2020-08-26 18:00:00","D","2.244","2.360","2.158","6.000","2021-06-19 02:02:51"
"2020-08-27 00:00:00","D","2.372","2.408","2.333","6.000","2021-06-19 02:02:51"
"2020-08-27 06:00:00","D","2.302","2.365","2.258","6.000","2021-06-19 02:02:51"
"2020-08-27 12:00:00","D","2.359","2.415","2.320","6.000","2021-06-19 02:02:51"
"2020-08-27 18:00:00","D","2.299","2.540","2.195","6.000","2021-06-19 02:02:51"
"2020-08-28 00:00:00","D","3.849","4.798","3.063","6.000","2021-06-19 02:02:51"
"2020-08-28 06:00:00","D","3.516","4.013","3.290","6.000","2021-06-19 02:02:51"
"2020-08-28 12:00:00","D","4.907","5.310","4.503","6.000","2021-06-19 02:02:51"
"2020-08-28 18:00:00","D","4.335","4.668","4.118","6.000","2021-06-19 02:02:51"
"2020-08-29 00:00:00","D","4.717","5.318","4.225","6.000","2021-06-19 02:02:51"
"2020-08-29 06:00:00","D","5.460","5.548","5.345","6.000","2021-06-19 02:02:51"
"2020-08-29 12:00:00","D","7.038","7.428","6.175","6.000","2021-06-19 02:02:51"
"2020-08-29 18:00:00","D","6.546","6.800","6.300","6.000","2021-06-19 02:02:51"
"2020-08-30 00:00:00","D","5.823","5.968","5.555","6.000","2021-06-19 02:02:51"
"2020-08-30 06:00:00","D","5.337","5.525","4.958","6.000","2021-06-19 02:02:51"
"2020-08-30 12:00:00","D","5.207","5.415","4.918","6.000","2021-06-19 02:02:51"
"2020-08-30 18:00:00","D","4.729","5.205","4.328","6.000","2021-06-19 02:02:51"
"2020-08-31 00:00:00","D","4.186","4.405","3.850","6.000","2021-06-19 02:02:51"
"2020-08-31 06:00:00","D","3.880","3.978","3.795","6.000","2021-06-19 02:02:51"
"2020-08-31 12:00:00","D","3.457","3.805","3.108","6.000","2021-06-19 02:02:51"
"2020-08-31 18:00:00","D","3.282","3.423","3.163","6.000","2021-06-19 02:02:51"
"2020-09-01 00:00:00","D","3.052","3.450","2.783","6.000","2021-06-19 02:02:51"
"2020-09-01 06:00:00","D","2.858","2.870","2.850","6.000","2021-06-19 02:02:51"
"2020-09-01 12:00:00","D","2.756","2.820","2.693","6.000","2021-06-19 02:02:51"
"2020-09-01 18:00:00","D","2.577","2.633","2.528","6.000","2021-06-19 02:02:51"
"2020-09-02 00:00:00","D","2.601","2.628","2.560","6.000","2021-06-19 02:02:51"
"2020-09-02 06:00:00","D","2.596","2.650","2.555","6.000","2021-06-19 02:02:51"
"2020-09-02 12:00:00","D","2.598","2.773","2.475","6.000","2021-06-19 02:02:51"
"2020-09-02 18:00:00","D","2.451","2.600","2.330","6.000","2021-06-19 02:02:51"
"2020-09-03 00:00:00","D","2.497","2.530","2.485","6.000","2021-06-19 02:02:51"
"2020-09-03 06:00:00","D","2.520","2.565","2.478","6.000","2021-06-19 02:02:51"
"2020-09-03 12:00:00","D","2.539","2.623","2.435","6.000","2021-06-19 02:02:51"
"2020-09-03 18:00:00","D","2.536","2.618","2.470","6.000","2021-06-19 02:02:51"
"2020-09-04 00:00:00","D","2.530","2.545","2.515","6.000","2021-06-19 02:02:51"
"2020-09-04 06:00:00","D","2.544","2.598","2.510","6.000","2021-06-19 02:02:51"
"2020-09-04 12:00:00","D","2.510","2.550","2.460","6.000","2021-06-19 02:02:51"
"2020-09-04 18:00:00","D","2.633","2.735","2.458","6.000","2021-06-19 02:02:51"
"2020-09-05 00:00:00","D","2.456","2.580","2.385","6.000","2021-06-19 02:02:51"
"2020-09-05 06:00:00","D","2.371","2.473","2.280","6.000","2021-06-19 02:02:51"
"2020-09-05 12:00:00","D","2.268","2.330","2.103","6.000","2021-06-19 02:02:51"
"2020-09-05 18:00:00","D","2.114","2.265","1.948","6.000","2021-06-19 02:02:51"
"2020-09-06 00:00:00","D","2.244","2.365","2.135","6.000","2021-06-19 02:02:51"
"2020-09-06 06:00:00","D","2.082","2.140","2.028","6.000","2021-06-19 02:02:51"
"2020-09-06 12:00:00","D","2.043","2.155","1.935","6.000","2021-06-19 02:02:51"
"2020-09-06 18:00:00","D","2.047","2.150","1.995","6.000","2021-06-19 02:02:51"
"2020-09-07 00:00:00","D","2.160","2.258","2.063","6.000","2021-06-19 02:02:51"
"2020-09-07 06:00:00","D","2.046","2.125","1.970","6.000","2021-06-19 02:02:51"
"2020-09-07 12:00:00","D","2.009","2.170","1.795","6.000","2021-06-19 02:02:51"
"2020-09-07 18:00:00","D","1.816","1.918","1.743","6.000","2021-06-19 02:02:51"
"2020-09-08 00:00:00","D","1.857","1.893","1.838","6.000","2021-06-19 02:02:51"
"2020-09-08 06:00:00","D","2.031","2.078","1.948","6.000","2021-06-19 02:02:51"
"2020-09-08 12:00:00","D","1.850","1.995","1.653","6.000","2021-06-19 02:02:51"
"2020-09-08 18:00:00","D","2.006","2.110","1.898","6.000","2021-06-19 02:02:51"
"2020-09-09 00:00:00","D","1.873","1.963","1.765","6.000","2021-06-19 02:02:51"
"2020-09-09 06:00:00","D","1.868","1.943","1.813","6.000","2021-06-19 02:02:51"
"2020-09-09 12:00:00","D","1.818","1.905","1.715","6.000","2021-06-19 02:02:51"
"2020-09-09 18:00:00","D","1.871","2.018","1.738","6.000","2021-06-19 02:02:51"
"2020-09-10 00:00:00","D","1.867","2.015","1.778","6.000","2021-06-19 02:02:51"
"2020-09-10 06:00:00","D","1.817","1.948","1.678","6.000","2021-06-19 02:02:51"
"2020-09-10 12:00:00","D","1.727","1.795","1.638","6.000","2021-06-19 02:02:51"
"2020-09-10 18:00:00","D","1.750","1.828","1.655","6.000","2021-06-19 02:02:51"
"2020-09-11 00:00:00","D","1.591","1.695","1.458","6.000","2021-06-19 02:02:51"
"2020-09-11 06:00:00","D","1.740","1.798","1.658","6.000","2021-06-19 02:02:51"
"2020-09-11 12:00:00","D","1.723","1.820","1.615","6.000","2021-06-19 02:02:51"
"2020-09-11 18:00:00","D","1.674","1.790","1.578","6.000","2021-06-19 02:02:51"
"2020-09-12 00:00:00","D","1.531","1.728","1.353","6.000","2021-06-19 02:02:51"
"2020-09-12 06:00:00","D","1.695","1.743","1.643","6.000","2021-06-19 02:02:51"
"2020-09-12 12:00:00","D","1.755","1.840","1.650","6.000","2021-06-19 02:02:51"
"2020-09-12 18:00:00","D","1.572","1.895","1.358","6.000","2021-06-19 02:02:51"
"2020-09-13 00:00:00","D","1.641","1.768","1.348","6.000","2021-06-19 02:02:51"
"2020-09-13 06:00:00","D","1.675","1.743","1.615","6.000","2021-06-19 02:02:51"
"2020-09-13 12:00:00","D","1.680","1.908","1.550","6.000","2021-06-19 02:02:51"
"2020-09-13 18:00:00","D","1.538","1.798","1.340","6.000","2021-06-19 02:02:51"
"2020-09-14 00:00:00","D","1.541","1.668","1.453","6.000","2021-06-19 02:02:51"
"2020-09-14 06:00:00","D","1.414","1.440","1.395","6.000","2021-06-19 02:02:51"
"2020-09-14 12:00:00","D","1.540","1.698","1.335","6.000","2021-06-19 02:02:51"
"2020-09-14 18:00:00","D","1.714","1.813","1.608","6.000","2021-06-19 02:02:51"
"2020-09-15 00:00:00","D","1.689","1.765","1.590","6.000","2021-06-19 02:02:51"
"2020-09-15 06:00:00","D","1.635","1.688","1.590","6.000","2021-06-19 02:02:51"
"2020-09-15 12:00:00","D","1.705","1.850","1.595","6.000","2021-06-19 02:02:51"
"2020-09-15 18:00:00","D","1.673","1.878","1.518","6.000","2021-06-19 02:02:51"
"2020-09-16 00:00:00","D","1.565","1.650","1.433","6.000","2021-06-19 02:02:51"
"2020-09-16 06:00:00","D","1.597","1.738","1.488","6.000","2021-06-19 02:02:51"
"2020-09-16 12:00:00","D","1.719","1.818","1.638","6.000","2021-06-19 02:02:51"
"2020-09-16 18:00:00","D","1.660","1.810","1.530","6.000","2021-06-19 02:02:51"
"2020-09-17 00:00:00","D","1.514","1.600","1.440","6.000","2021-06-19 02:02:51"
"2020-09-17 06:00:00","D","1.514","1.580","1.435","6.000","2021-06-19 02:02:51"
"2020-09-17 12:00:00","D","1.458","1.543","1.348","6.000","2021-06-19 02:02:51"
"2020-09-17 18:00:00","D","1.587","1.773","1.465","6.000","2021-06-19 02:02:51"
"2020-09-18 00:00:00","D","1.298","1.563","1.095","6.000","2021-06-19 02:02:51"
"2020-09-18 06:00:00","D","1.160","1.305","1.070","6.000","2021-06-19 02:02:51"
"2020-09-18 12:00:00","D","1.332","1.400","1.263","6.000","2021-06-19 02:02:51"
"2020-09-18 18:00:00","D","1.477","1.590","1.328","6.000","2021-06-19 02:02:51"
"2020-09-19 00:00:00","D","1.453","1.510","1.313","6.000","2021-06-19 02:02:51"
"2020-09-19 06:00:00","D","1.550","1.593","1.513","6.000","2021-06-19 02:02:51"
"2020-09-19 12:00:00","D","1.505","1.660","1.433","6.000","2021-06-19 02:02:51"
"2020-09-19 18:00:00","D","1.465","1.658","1.230","6.000","2021-06-19 02:02:51"
"2020-09-20 00:00:00","D","1.423","1.485","1.300","6.000","2021-06-19 02:02:51"
"2020-09-20 06:00:00","D","1.420","1.458","1.373","6.000","2021-06-19 02:02:51"
"2020-09-20 12:00:00","D","1.375","1.435","1.300","6.000","2021-06-19 02:02:51"
"2020-09-20 18:00:00","D","1.409","1.568","1.315","6.000","2021-06-19 02:02:51"
"2020-09-21 00:00:00","D","1.296","1.360","1.173","6.000","2021-06-19 02:02:51"
"2020-09-21 06:00:00","D","1.427","1.530","1.343","6.000","2021-06-19 02:02:51"
"2020-09-21 12:00:00","D","1.398","1.528","1.248","6.000","2021-06-19 02:02:51"
"2020-09-21 18:00:00","D","1.475","1.600","1.363","6.000","2021-06-19 02:02:51"
"2020-09-22 00:00:00","D","1.411","1.518","1.285","6.000","2021-06-19 02:02:51"
"2020-09-22 06:00:00","D","1.525","1.558","1.470","6.000","2021-06-19 02:02:51"
"2020-09-22 12:00:00","D","1.497","1.570","1.430","6.000","2021-06-19 02:02:51"
"2020-09-22 18:00:00","D","1.576","1.733","1.383","6.000","2021-06-19 02:02:51"
"2020-09-23 00:00:00","D","1.395","1.555","1.308","6.000","2021-06-19 02:02:51"
"2020-09-23 06:00:00","D","1.448","1.528","1.360","6.000","2021-06-19 02:02:51"
"2020-09-23 12:00:00","D","1.347","1.470","1.215","6.000","2021-06-19 02:02:51"
"2020-09-23 18:00:00","D","1.574","1.773","1.505","6.000","2021-06-19 02:02:51"
"2020-09-24 00:00:00","D","1.977","2.178","1.748","6.000","2021-06-19 02:02:51"
"2020-09-24 06:00:00","D","2.242","2.293","2.140","6.000","2021-06-19 02:02:51"
"2020-09-24 12:00:00","D","2.641","2.845","2.370","6.000","2021-06-19 02:02:51"
"2020-09-24 18:00:00","D","2.857","3.003","2.748","6.000","2021-06-19 02:02:51"
"2020-09-25 00:00:00","D","2.663","2.793","2.565","6.000","2021-06-19 02:02:51"
"2020-09-25 06:00:00","D","2.606","2.640","2.558","6.000","2021-06-19 02:02:51"
"2020-09-25 12:00:00","D","2.600","2.655","2.508","6.000","2021-06-19 02:02:51"
"2020-09-25 18:00:00","D","2.237","2.438","2.093","6.000","2021-06-19 02:02:51"
"2020-09-26 00:00:00","D","2.191","2.283","2.125","6.000","2021-06-19 02:02:51"
"2020-09-26 06:00:00","D","2.111","2.188","2.055","6.000","2021-06-19 02:02:51"
"2020-09-26 12:00:00","D","2.135","2.290","2.005","6.000","2021-06-19 02:02:51"
"2020-09-26 18:00:00","D","1.952","2.003","1.880","6.000","2021-06-19 02:02:51"
"2020-09-27 00:00:00","D","1.872","1.925","1.803","6.000","2021-06-19 02:02:51"
"2020-09-27 06:00:00","D","1.840","1.865","1.793","6.000","2021-06-19 02:02:51"
"2020-09-27 12:00:00","D","1.837","1.878","1.793","6.000","2021-06-19 02:02:51"
"2020-09-27 18:00:00","D","1.753","1.875","1.603","6.000","2021-06-19 02:02:51"
"2020-09-28 00:00:00","D","1.591","1.693","1.480","6.000","2021-06-19 02:02:51"
"2020-09-28 06:00:00","D","1.583","1.643","1.513","6.000","2021-06-19 02:02:51"
"2020-09-28 12:00:00","D","1.684","1.733","1.573","6.000","2021-06-19 02:02:51"
"2020-09-28 18:00:00","D","1.639","1.725","1.570","6.000","2021-06-19 02:02:51"
"2020-09-29 00:00:00","D","1.696","1.790","1.590","6.000","2021-06-19 02:02:51"
"2020-09-29 06:00:00","D","1.604","1.740","1.500","6.000","2021-06-19 02:02:51"
"2020-09-29 12:00:00","D","1.666","1.735","1.610","6.000","2021-06-19 02:02:51"
"2020-09-29 18:00:00","D","1.872","1.948","1.670","6.000","2021-06-19 02:02:51"
"2020-09-30 00:00:00","D","1.930","2.088","1.815","6.000","2021-06-19 02:02:51"
"2020-09-30 06:00:00","D","2.066","2.093","2.028","6.000","2021-06-19 02:02:51"
"2020-09-30 12:00:00","D","1.994","2.083","1.915","6.000","2021-06-19 02:02:51"
"2020-09-30 18:00:00","D","1.798","1.935","1.733","6.000","2021-06-19 02:02:51"
"2020-10-01 00:00:00","D","1.796","1.840","1.720","6.000","2021-06-19 02:02:51"
"2020-10-01 06:00:00","D","2.047","2.085","1.970","6.000","2021-06-19 02:02:51"
"2020-10-01 12:00:00","D","2.183","2.218","2.108","6.000","2021-06-19 02:02:51"
"2020-10-01 18:00:00","D","2.359","2.428","2.333","6.000","2021-06-19 02:02:51"
"2020-10-02 00:00:00","D","2.302","2.353","2.193","6.000","2021-06-19 02:02:51"
"2020-10-02 06:00:00","D","2.161","2.208","2.090","6.000","2021-06-19 02:02:51"
"2020-10-02 12:00:00","D","2.251","2.568","2.158","6.000","2021-06-19 02:02:51"
"2020-10-02 18:00:00","D","3.527","4.955","2.543","6.000","2021-06-19 02:02:51"
"2020-10-03 00:00:00","D","8.720","9.650","7.758","6.000","2021-06-19 02:02:51"
"2020-10-03 06:00:00","D","13.009","15.250","9.978","6.000","2021-06-19 02:02:51"
"2020-10-03 12:00:00","D","19.725","22.500","15.850","6.000","2021-06-19 02:02:51"
"2020-10-03 18:00:00","D","24.421","25.550","23.525","6.000","2021-06-19 02:02:51"
"2020-10-04 00:00:00","D","21.300","22.925","19.750","6.000","2021-06-19 02:02:51"
"2020-10-04 06:00:00","D","18.404","19.575","17.375","6.000","2021-06-19 02:02:51"
"2020-10-04 12:00:00","D","23.175","27.625","19.475","6.000","2021-06-19 02:02:51"
"2020-10-04 18:00:00","D","29.725","31.225","27.700","6.000","2021-06-19 02:02:51"
"2020-10-05 00:00:00","D","32.129","32.350","31.575","6.000","2021-06-19 02:02:51"
"2020-10-05 06:00:00","D","29.258","31.225","27.225","6.000","2021-06-19 02:02:51"
"2020-10-05 12:00:00","D","24.013","26.050","22.275","6.000","2021-06-19 02:02:51"
"2020-10-05 18:00:00","D","19.929","21.000","18.425","6.000","2021-06-19 02:02:51"
"2020-10-06 00:00:00","D","17.183","18.075","16.275","6.000","2021-06-19 02:02:51"
"2020-10-06 06:00:00","D","15.083","15.800","14.150","6.000","2021-06-19 02:02:51"
"2020-10-06 12:00:00","D","9.917","14.475","5.683","6.000","2021-06-19 02:02:51"
"2020-10-06 18:00:00","D","10.144","11.273","9.480","6.000","2021-06-19 02:02:51"
"2020-10-07 00:00:00","D","9.059","9.408","8.678","6.000","2021-06-19 02:02:51"
"2020-10-07 06:00:00","D","8.350","8.523","8.080","6.000","2021-06-19 02:02:51"
"2020-10-07 12:00:00","D","8.394","8.905","7.955","6.000","2021-06-19 02:02:51"
"2020-10-07 18:00:00","D","8.570","8.993","8.283","6.000","2021-06-19 02:02:51"
"2020-10-08 00:00:00","D","8.337","8.608","8.058","6.000","2021-06-19 02:02:51"
"2020-10-08 06:00:00","D","7.782","8.330","7.385","6.000","2021-06-19 02:02:51"
"2020-10-08 12:00:00","D","7.605","8.033","7.355","6.000","2021-06-19 02:02:51"
"2020-10-08 18:00:00","D","7.852","8.185","7.603","6.000","2021-06-19 02:02:51"
"2020-10-09 00:00:00","D","7.791","8.108","7.563","6.000","2021-06-19 02:02:51"
"2020-10-09 06:00:00","D","7.488","7.745","7.183","6.000","2021-06-19 02:02:51"
"2020-10-09 12:00:00","D","6.907","7.270","6.420","6.000","2021-06-19 02:02:51"
"2020-10-09 18:00:00","D","6.204","6.815","5.790","6.000","2021-06-19 02:02:51"
"2020-10-10 00:00:00","D","5.926","6.030","5.778","6.000","2021-06-19 02:02:51"
"2020-10-10 06:00:00","D","5.775","6.040","5.600","6.000","2021-06-19 02:02:51"
"2020-10-10 12:00:00","D","5.353","5.683","5.138","6.000","2021-06-19 02:02:51"
"2020-10-10 18:00:00","D","5.098","5.355","4.503","6.000","2021-06-19 02:02:51"
"2020-10-11 00:00:00","D","4.838","4.898","4.793","6.000","2021-06-19 02:02:51"
"2020-10-11 06:00:00","D","4.912","4.975","4.780","6.000","2021-06-19 02:02:51"
"2020-10-11 12:00:00","D","5.214","5.463","5.065","6.000","2021-06-19 02:02:51"
"2020-10-11 18:00:00","D","5.390","5.555","5.240","6.000","2021-06-19 02:02:51"
"2020-10-12 00:00:00","D","5.290","5.445","5.188","6.000","2021-06-19 02:02:51"
"2020-10-12 06:00:00","D","5.148","5.338","4.925","6.000","2021-06-19 02:02:51"
"2020-10-12 12:00:00","D","4.979","5.095","4.880","6.000","2021-06-19 02:02:51"
"2020-10-12 18:00:00","D","4.937","5.108","4.795","6.000","2021-06-19 02:02:51"
"2020-10-13 00:00:00","D","5.027","5.195","4.853","6.000","2021-06-19 02:02:51"
"2020-10-13 06:00:00","D","4.989","5.128","4.903","6.000","2021-06-19 02:02:51"
"2020-10-13 12:00:00","D","4.926","5.043","4.860","6.000","2021-06-19 02:02:51"
"2020-10-13 18:00:00","D","4.374","4.738","4.055","6.000","2021-06-19 02:02:51"
"2020-10-14 00:00:00","D","4.752","4.873","4.653","6.000","2021-06-19 02:02:51"
"2020-10-14 06:00:00","D","4.933","5.090","4.865","6.000","2021-06-19 02:02:51"
"2020-10-14 12:00:00","D","5.454","6.060","5.140","6.000","2021-06-19 02:02:51"
"2020-10-14 18:00:00","D","5.230","5.830","4.803","6.000","2021-06-19 02:02:51"
"2020-10-15 00:00:00","D","4.780","4.958","4.545","6.000","2021-06-19 02:02:51"
"2020-10-15 06:00:00","D","5.057","5.130","4.943","6.000","2021-06-19 02:02:51"
"2020-10-15 12:00:00","D","4.929","5.018","4.820","6.000","2021-06-19 02:02:51"
"2020-10-15 18:00:00","D","4.687","4.758","4.618","6.000","2021-06-19 02:02:51"
"2020-10-16 00:00:00","D","4.551","4.595","4.518","6.000","2021-06-19 02:02:51"
"2020-10-16 06:00:00","D","4.489","4.575","4.383","6.000","2021-06-19 02:02:51"
"2020-10-16 12:00:00","D","4.280","4.485","3.968","6.000","2021-06-19 02:02:51"
"2020-10-16 18:00:00","D","4.216","4.400","3.945","6.000","2021-06-19 02:02:51"
"2020-10-17 00:00:00","D","4.175","4.263","4.068","6.000","2021-06-19 02:02:51"
"2020-10-17 06:00:00","D","4.141","4.215","4.005","6.000","2021-06-19 02:02:51"
"2020-10-17 12:00:00","D","4.130","4.203","4.030","6.000","2021-06-19 02:02:51"
"2020-10-17 18:00:00","D","3.867","3.975","3.570","6.000","2021-06-19 02:02:51"
"2020-10-18 00:00:00","D","3.744","3.853","3.615","6.000","2021-06-19 02:02:51"
"2020-10-18 06:00:00","D","3.702","3.803","3.630","6.000","2021-06-19 02:02:51"
"2020-10-18 12:00:00","D","3.662","3.750","3.458","6.000","2021-06-19 02:02:51"
"2020-10-18 18:00:00","D","3.688","3.805","3.590","6.000","2021-06-19 02:02:51"
"2020-10-19 00:00:00","D","3.644","3.678","3.598","6.000","2021-06-19 02:02:51"
"2020-10-19 06:00:00","D","3.624","3.678","3.565","6.000","2021-06-19 02:02:51"
"2020-10-19 12:00:00","D","3.574","3.608","3.513","6.000","2021-06-19 02:02:51"
"2020-10-19 18:00:00","D","3.399","3.518","3.305","6.000","2021-06-19 02:02:51"
"2020-10-20 00:00:00","D","3.458","3.535","3.378","6.000","2021-06-19 02:02:51"
"2020-10-20 06:00:00","D","3.445","3.485","3.400","6.000","2021-06-19 02:02:51"
"2020-10-20 12:00:00","D","3.421","3.550","3.298","6.000","2021-06-19 02:02:51"
"2020-10-20 18:00:00","D","3.377","3.595","3.243","6.000","2021-06-19 02:02:51"
"2020-10-21 00:00:00","D","3.377","3.418","3.300","6.000","2021-06-19 02:02:51"
"2020-10-21 06:00:00","D","3.428","3.503","3.388","6.000","2021-06-19 02:02:51"
"2020-10-21 12:00:00","D","4.084","4.750","3.618","6.000","2021-06-19 02:02:51"
"2020-10-21 18:00:00","D","6.522","8.710","4.703","6.000","2021-06-19 02:02:51"
"2020-10-22 00:00:00","D","11.648","13.000","8.990","6.000","2021-06-19 02:02:51"
"2020-10-22 06:00:00","D","11.418","11.975","10.583","6.000","2021-06-19 02:02:51"
"2020-10-22 12:00:00","D","10.940","11.200","10.695","6.000","2021-06-19 02:02:51"
"2020-10-22 18:00:00","D","10.174","11.375","8.623","6.000","2021-06-19 02:02:51"
"2020-10-23 00:00:00","D","8.455","8.653","8.258","6.000","2021-06-19 02:02:51"
"2020-10-23 06:00:00","D","7.791","8.188","7.553","6.000","2021-06-19 02:02:51"
"2020-10-23 12:00:00","D","7.061","7.520","6.628","6.000","2021-06-19 02:02:51"
"2020-10-23 18:00:00","D","6.285","6.838","5.848","6.000","2021-06-19 02:02:51"
"2020-10-24 00:00:00","D","5.911","6.005","5.803","6.000","2021-06-19 02:02:51"
"2020-10-24 06:00:00","D","5.654","5.853","5.473","6.000","2021-06-19 02:02:51"
"2020-10-24 12:00:00","D","5.225","5.443","4.985","6.000","2021-06-19 02:02:51"
"2020-10-24 18:00:00","D","5.066","5.208","4.913","6.000","2021-06-19 02:02:51"
"2020-10-25 00:00:00","D","6.183","7.308","5.140","6.000","2021-06-19 02:02:51"
"2020-10-25 06:00:00","D","13.669","17.675","10.090","6.000","2021-06-19 02:02:51"
"2020-10-25 12:00:00","D","21.225","23.650","18.625","6.000","2021-06-19 02:02:51"
"2020-10-25 18:00:00","D","22.033","23.275","19.975","6.000","2021-06-19 02:02:51"
"2020-10-26 00:00:00","D","18.517","19.750","16.375","6.000","2021-06-19 02:02:51"
"2020-10-26 06:00:00","D","14.363","16.275","13.125","6.000","2021-06-19 02:02:51"
"2020-10-26 12:00:00","D","13.321","13.500","13.125","6.000","2021-06-19 02:02:51"
"2020-10-26 18:00:00","D","12.402","13.225","10.485","6.000","2021-06-19 02:02:51"
"2020-10-27 00:00:00","D","9.525","9.838","8.973","6.000","2021-06-19 02:02:51"
"2020-10-27 06:00:00","D","9.148","9.633","8.670","6.000","2021-06-19 02:02:51"
"2020-10-27 12:00:00","D","8.337","8.698","8.088","6.000","2021-06-19 02:02:51"
"2020-10-27 18:00:00","D","7.386","8.073","6.248","6.000","2021-06-19 02:02:51"
"2020-10-28 00:00:00","D","6.519","7.313","5.740","6.000","2021-06-19 02:02:51"
"2020-10-28 06:00:00","D","7.746","8.003","7.463","6.000","2021-06-19 02:02:51"
"2020-10-28 12:00:00","D","7.208","7.795","5.953","6.000","2021-06-19 02:02:51"
"2020-10-28 18:00:00","D","7.314","7.620","7.013","6.000","2021-06-19 02:02:51"
"2020-10-29 00:00:00","D","6.972","7.130","6.835","6.000","2021-06-19 02:02:51"
"2020-10-29 06:00:00","D","7.410","7.660","7.183","6.000","2021-06-19 02:02:51"
"2020-10-29 12:00:00","D","7.247","7.590","6.980","6.000","2021-06-19 02:02:51"
"2020-10-29 18:00:00","D","7.254","7.450","7.105","6.000","2021-06-19 02:02:51"
"2020-10-30 00:00:00","D","7.465","7.988","7.080","6.000","2021-06-19 02:02:51"
"2020-10-30 06:00:00","D","7.972","8.208","7.718","6.000","2021-06-19 02:02:51"
"2020-10-30 12:00:00","D","7.815","8.005","7.548","6.000","2021-06-19 02:02:51"
"2020-10-30 18:00:00","D","8.479","8.818","8.185","6.000","2021-06-19 02:02:51"
"2020-10-31 00:00:00","D","8.509","8.725","8.270","6.000","2021-06-19 02:02:51"
"2020-10-31 06:00:00","D","7.943","8.260","7.538","6.000","2021-06-19 02:02:51"
"2020-10-31 12:00:00","D","7.626","7.853","7.458","6.000","2021-06-19 02:02:51"
"2020-10-31 18:00:00","D","8.229","8.560","7.835","6.000","2021-06-19 02:02:51"
"2020-11-01 00:00:00","D","11.904","13.950","8.898","6.000","2021-06-19 02:02:51"
"2020-11-01 06:00:00","D","13.975","14.100","13.725","6.000","2021-06-19 02:02:51"
"2020-11-01 12:00:00","D","13.825","14.175","13.350","6.000","2021-06-19 02:02:51"
"2020-11-01 18:00:00","D","13.367","14.050","12.475","6.000","2021-06-19 02:02:51"
"2020-11-02 00:00:00","D","12.442","13.100","11.900","6.000","2021-06-19 02:02:51"
"2020-11-02 06:00:00","D","11.356","11.975","10.553","6.000","2021-06-19 02:02:51"
"2020-11-02 12:00:00","D","8.436","11.475","5.433","6.000","2021-06-19 02:02:51"
"2020-11-02 18:00:00","D","9.414","10.675","8.428","6.000","2021-06-19 02:02:51"
"2020-11-03 00:00:00","D","8.588","8.718","8.223","6.000","2021-06-19 02:02:51"
"2020-11-03 06:00:00","D","7.407","7.475","7.258","6.000","2021-06-19 02:02:51"
"2020-11-03 12:00:00","D","7.786","7.955","7.540","6.000","2021-06-19 02:02:51"
"2020-11-03 18:00:00","D","8.494","9.598","7.748","6.000","2021-06-19 02:02:51"
"2020-11-04 00:00:00","D","10.104","10.743","9.778","6.000","2021-06-19 02:02:51"
"2020-11-04 06:00:00","D","9.252","9.575","8.908","6.000","2021-06-19 02:02:51"
"2020-11-04 12:00:00","D","8.886","9.285","8.565","6.000","2021-06-19 02:02:51"
"2020-11-04 18:00:00","D","8.679","8.910","8.498","6.000","2021-06-19 02:02:51"
"2020-11-05 00:00:00","D","8.349","8.550","8.085","6.000","2021-06-19 02:02:51"
"2020-11-05 06:00:00","D","7.828","8.163","7.455","6.000","2021-06-19 02:02:51"
"2020-11-05 12:00:00","D","7.213","7.465","6.918","6.000","2021-06-19 02:02:51"
"2020-11-05 18:00:00","D","6.232","6.960","5.110","6.000","2021-06-19 02:02:51"
"2020-11-06 00:00:00","D","5.936","6.113","5.670","6.000","2021-06-19 02:02:51"
"2020-11-06 06:00:00","D","6.014","6.048","5.985","6.000","2021-06-19 02:02:51"
"2020-11-06 12:00:00","D","6.020","6.058","5.960","6.000","2021-06-19 02:02:51"
"2020-11-06 18:00:00","D","5.914","6.033","5.885","6.000","2021-06-19 02:02:51"
"2020-11-07 00:00:00","D","5.590","5.673","5.500","6.000","2021-06-19 02:02:51"
"2020-11-07 06:00:00","D","5.582","5.710","5.515","6.000","2021-06-19 02:02:51"
"2020-11-07 12:00:00","D","5.545","5.613","5.313","6.000","2021-06-19 02:02:51"
"2020-11-07 18:00:00","D","5.474","5.658","5.335","6.000","2021-06-19 02:02:51"
"2020-11-08 00:00:00","D","5.395","5.463","5.305","6.000","2021-06-19 02:02:51"
"2020-11-08 06:00:00","D","5.350","5.475","5.223","6.000","2021-06-19 02:02:51"
"2020-11-08 12:00:00","D","5.229","5.365","5.130","6.000","2021-06-19 02:02:51"
"2020-11-08 18:00:00","D","5.238","5.320","5.103","6.000","2021-06-19 02:02:51"
"2020-11-09 00:00:00","D","5.113","5.235","4.963","6.000","2021-06-19 02:02:51"
"2020-11-09 06:00:00","D","5.100","5.223","4.973","6.000","2021-06-19 02:02:51"
"2020-11-09 12:00:00","D","5.028","5.180","4.895","6.000","2021-06-19 02:02:51"
"2020-11-09 18:00:00","D","5.202","5.333","5.043","6.000","2021-06-19 02:02:51"
"2020-11-10 00:00:00","D","5.227","5.360","5.118","6.000","2021-06-19 02:02:51"
"2020-11-10 06:00:00","D","5.364","5.513","5.143","6.000","2021-06-19 02:02:51"
"2020-11-10 12:00:00","D","5.690","5.863","5.513","6.000","2021-06-19 02:02:51"
"2020-11-10 18:00:00","D","5.684","5.768","5.548","6.000","2021-06-19 02:02:51"
"2020-11-11 00:00:00","D","5.595","5.635","5.563","6.000","2021-06-19 02:02:51"
"2020-11-11 06:00:00","D","5.420","5.565","5.250","6.000","2021-06-19 02:02:51"
"2020-11-11 12:00:00","D","5.249","5.293","5.200","6.000","2021-06-19 02:02:51"
"2020-11-11 18:00:00","D","5.073","5.163","5.013","6.000","2021-06-19 02:02:51"
"2020-11-12 00:00:00","D","5.106","5.240","5.003","6.000","2021-06-19 02:02:51"
"2020-11-12 06:00:00","D","5.314","5.495","5.230","6.000","2021-06-19 02:02:51"
"2020-11-12 12:00:00","D","5.661","5.953","5.543","6.000","2021-06-19 02:02:51"
"2020-11-12 18:00:00","D","6.031","6.100","5.925","6.000","2021-06-19 02:02:51"
"2020-11-13 00:00:00","D","5.965","6.028","5.925","6.000","2021-06-19 02:02:51"
"2020-11-13 06:00:00","D","5.873","5.975","5.763","6.000","2021-06-19 02:02:51"
"2020-11-13 12:00:00","D","5.761","5.845","5.683","6.000","2021-06-19 02:02:51"
"2020-11-13 18:00:00","D","5.629","5.693","5.583","6.000","2021-06-19 02:02:51"
"2020-11-14 00:00:00","D","5.586","5.610","5.573","6.000","2021-06-19 02:02:51"
"2020-11-14 06:00:00","D","5.515","5.583","5.333","6.000","2021-06-19 02:02:51"
"2020-11-14 12:00:00","D","5.391","5.493","5.308","6.000","2021-06-19 02:02:51"
"2020-11-14 18:00:00","D","5.939","6.185","5.448","6.000","2021-06-19 02:02:51"
"2020-11-15 00:00:00","D","8.339","10.160","6.608","6.000","2021-06-19 02:02:51"
"2020-11-15 06:00:00","D","12.308","13.400","10.925","6.000","2021-06-19 02:02:51"
"2020-11-15 12:00:00","D","16.375","19.450","13.575","6.000","2021-06-19 02:02:51"
"2020-11-15 18:00:00","D","25.933","29.125","22.625","6.000","2021-06-19 02:02:51"
"2020-11-16 00:00:00","D","30.871","31.100","30.250","6.000","2021-06-19 02:02:51"
"2020-11-16 06:00:00","D","28.725","29.850","26.925","6.000","2021-06-19 02:02:51"
"2020-11-16 12:00:00","D","24.025","26.400","21.875","6.000","2021-06-19 02:02:51"
"2020-11-16 18:00:00","D","20.171","21.225","19.575","6.000","2021-06-19 02:02:51"
"2020-11-17 00:00:00","D","18.129","18.725","17.300","6.000","2021-06-19 02:02:51"
"2020-11-17 06:00:00","D","15.971","17.125","15.300","6.000","2021-06-19 02:02:51"
"2020-11-17 12:00:00","D","12.409","15.075","8.583","6.000","2021-06-19 02:02:51"
"2020-11-17 18:00:00","D","11.363","12.275","10.478","6.000","2021-06-19 02:02:51"
"2020-11-18 00:00:00","D","9.855","10.015","9.598","6.000","2021-06-19 02:02:52"
"2020-11-18 06:00:00","D","9.383","9.735","9.058","6.000","2021-06-19 02:02:51"
"2020-11-18 12:00:00","D","8.495","8.855","7.445","6.000","2021-06-19 02:02:52"
"2020-11-18 18:00:00","D","7.219","7.413","6.873","6.000","2021-06-19 02:02:51"
"2020-11-19 00:00:00","D","7.500","7.560","7.453","6.000","2021-06-19 02:02:52"
"2020-11-19 06:00:00","D","7.455","7.558","7.298","6.000","2021-06-19 02:02:51"
"2020-11-19 12:00:00","D","7.107","7.208","6.980","6.000","2021-06-19 02:02:52"
"2020-11-19 18:00:00","D","6.817","6.985","6.665","6.000","2021-06-19 02:02:52"
"2020-11-20 00:00:00","D","6.651","6.675","6.618","6.000","2021-06-19 02:02:52"
"2020-11-20 06:00:00","D","6.538","6.628","6.468","6.000","2021-06-19 02:02:52"
"2020-11-20 12:00:00","D","6.236","6.343","5.880","6.000","2021-06-19 02:02:51"
"2020-11-20 18:00:00","D","6.015","6.068","5.978","6.000","2021-06-19 02:02:52"
"2020-11-21 00:00:00","D","6.024","6.048","5.985","6.000","2021-06-19 02:02:51"
"2020-11-21 06:00:00","D","5.937","6.048","5.838","6.000","2021-06-19 02:02:52"
"2020-11-21 12:00:00","D","5.954","6.105","5.790","6.000","2021-06-19 02:02:51"
"2020-11-21 18:00:00","D","5.889","6.113","5.760","6.000","2021-06-19 02:02:52"
"2020-11-22 00:00:00","D","5.822","5.865","5.773","6.000","2021-06-19 02:02:51"
"2020-11-22 06:00:00","D","5.775","5.855","5.710","6.000","2021-06-19 02:02:52"
"2020-11-22 12:00:00","D","5.660","5.773","5.533","6.000","2021-06-19 02:02:51"
"2020-11-22 18:00:00","D","5.507","5.623","5.325","6.000","2021-06-19 02:02:52"
"2020-11-23 00:00:00","D","5.579","5.610","5.550","6.000","2021-06-19 02:02:51"
"2020-11-23 06:00:00","D","5.476","5.558","5.383","6.000","2021-06-19 02:02:52"
"2020-11-23 12:00:00","D","5.238","5.438","4.570","6.000","2021-06-19 02:02:51"
"2020-11-23 18:00:00","D","5.080","5.228","4.838","6.000","2021-06-19 02:02:52"
"2020-11-24 00:00:00","D","5.280","5.335","5.253","6.000","2021-06-19 02:02:52"
"2020-11-24 06:00:00","D","5.363","5.438","5.268","6.000","2021-06-19 02:02:52"
"2020-11-24 12:00:00","D","5.330","5.445","5.270","6.000","2021-06-19 02:02:52"
"2020-11-24 18:00:00","D","5.341","5.543","5.235","6.000","2021-06-19 02:02:51"
"2020-11-25 00:00:00","D","5.266","5.335","5.185","6.000","2021-06-19 02:02:52"
"2020-11-25 06:00:00","D","5.269","5.345","5.150","6.000","2021-06-19 02:02:51"
"2020-11-25 12:00:00","D","5.264","5.303","5.173","6.000","2021-06-19 02:02:52"
"2020-11-25 18:00:00","D","5.077","5.223","4.930","6.000","2021-06-19 02:02:51"
"2020-11-26 00:00:00","D","4.988","5.063","4.928","6.000","2021-06-19 02:02:52"
"2020-11-26 06:00:00","D","5.053","5.095","4.968","6.000","2021-06-19 02:02:51"
"2020-11-26 12:00:00","D","4.989","5.130","4.903","6.000","2021-06-19 02:02:52"
"2020-11-26 18:00:00","D","4.777","4.890","4.488","6.000","2021-06-19 02:02:51"
"2020-11-27 00:00:00","D","4.834","4.958","4.740","6.000","2021-06-19 02:02:52"
"2020-11-27 06:00:00","D","4.786","4.895","4.688","6.000","2021-06-19 02:02:51"
"2020-11-27 12:00:00","D","4.815","4.968","4.698","6.000","2021-06-19 02:02:52"
"2020-11-27 18:00:00","D","4.700","4.885","4.580","6.000","2021-06-19 02:02:52"
"2020-11-28 00:00:00","D","4.621","4.740","4.465","6.000","2021-06-19 02:02:52"
"2020-11-28 06:00:00","D","4.628","4.745","4.483","6.000","2021-06-19 02:02:52"
"2020-11-28 12:00:00","D","4.745","4.843","4.618","6.000","2021-06-19 02:02:51"
"2020-11-28 18:00:00","D","4.721","4.840","4.590","6.000","2021-06-19 02:02:52"
"2020-11-29 00:00:00","D","4.661","4.803","4.555","6.000","2021-06-19 02:02:51"
"2020-11-29 06:00:00","D","4.587","4.750","4.423","6.000","2021-06-19 02:02:52"
"2020-11-29 12:00:00","D","4.543","4.703","4.405","6.000","2021-06-19 02:02:51"
"2020-11-29 18:00:00","D","4.498","4.660","4.313","6.000","2021-06-19 02:02:52"
"2020-11-30 00:00:00","D","4.485","4.630","4.380","6.000","2021-06-19 02:02:51"
"2020-11-30 06:00:00","D","4.453","4.558","4.360","6.000","2021-06-19 02:02:52"
"2020-11-30 12:00:00","D","4.386","4.468","4.318","6.000","2021-06-19 02:02:51"
"2020-11-30 18:00:00","D","4.361","4.435","4.250","6.000","2021-06-19 02:02:52"
"2020-12-01 00:00:00","D","4.422","4.525","4.305","6.000","2021-06-19 02:02:51"
"2020-12-01 06:00:00","D","4.370","4.460","4.293","6.000","2021-06-19 02:02:52"
"2020-12-01 12:00:00","D","4.360","4.440","4.300","6.000","2021-06-19 02:02:51"
"2020-12-01 18:00:00","D","4.301","4.348","4.188","6.000","2021-06-19 02:02:52"
"2020-12-02 00:00:00","D","4.289","4.395","4.145","6.000","2021-06-19 02:02:52"
"2020-12-02 06:00:00","D","4.293","4.370","4.218","6.000","2021-06-19 02:02:51"
"2020-12-02 12:00:00","D","4.217","4.325","4.093","6.000","2021-06-19 02:02:52"
"2020-12-02 18:00:00","D","4.322","4.428","4.218","6.000","2021-06-19 02:02:51"
"2020-12-03 00:00:00","D","4.345","4.443","4.183","6.000","2021-06-19 02:02:52"
"2020-12-03 06:00:00","D","4.390","4.535","4.298","6.000","2021-06-19 02:02:51"
"2020-12-03 12:00:00","D","4.491","4.820","4.278","6.000","2021-06-19 02:02:52"
"2020-12-03 18:00:00","D","5.449","7.130","4.740","6.000","2021-06-19 02:02:51"
"2020-12-04 00:00:00","D","11.959","15.500","8.230","6.000","2021-06-19 02:02:52"
"2020-12-04 06:00:00","D","17.333","17.925","16.875","6.000","2021-06-19 02:02:51"
"2020-12-04 12:00:00","D","23.450","28.600","18.500","6.000","2021-06-19 02:02:52"
"2020-12-04 18:00:00","D","31.408","33.600","28.425","6.000","2021-06-19 02:02:51"
"2020-12-05 00:00:00","D","33.342","34.350","32.325","6.000","2021-06-19 02:02:52"
"2020-12-05 06:00:00","D","33.300","34.350","32.225","6.000","2021-06-19 02:02:51"
"2020-12-05 12:00:00","D","29.308","32.050","26.300","6.000","2021-06-19 02:02:52"
"2020-12-05 18:00:00","D","24.858","25.950","23.825","6.000","2021-06-19 02:02:52"
"2020-12-06 00:00:00","D","22.242","23.325","21.850","6.000","2021-06-19 02:02:52"
"2020-12-06 06:00:00","D","19.488","21.000","17.000","6.000","2021-06-19 02:02:52"
"2020-12-06 12:00:00","D","15.667","17.400","13.125","6.000","2021-06-19 02:02:51"
"2020-12-06 18:00:00","D","11.152","13.475","9.033","6.000","2021-06-19 02:02:52"
"2020-12-07 00:00:00","D","10.164","10.400","9.793","6.000","2021-06-19 02:02:51"
"2020-12-07 06:00:00","D","9.691","9.973","9.423","6.000","2021-06-19 02:02:52"
"2020-12-07 12:00:00","D","9.122","9.325","8.890","6.000","2021-06-19 02:02:51"
"2020-12-07 18:00:00","D","8.307","8.543","8.040","6.000","2021-06-19 02:02:52"
"2020-12-08 00:00:00","D","8.277","8.560","8.050","6.000","2021-06-19 02:02:51"
"2020-12-08 06:00:00","D","8.041","8.160","7.988","6.000","2021-06-19 02:02:52"
"2020-12-08 12:00:00","D","7.828","7.998","7.715","6.000","2021-06-19 02:02:51"
"2020-12-08 18:00:00","D","7.378","7.548","6.920","6.000","2021-06-19 02:02:52"
"2020-12-09 00:00:00","D","7.191","7.488","6.830","6.000","2021-06-19 02:02:51"
"2020-12-09 06:00:00","D","7.190","7.460","7.040","6.000","2021-06-19 02:02:52"
"2020-12-09 12:00:00","D","9.321","10.955","7.753","6.000","2021-06-19 02:02:51"
"2020-12-09 18:00:00","D","10.956","11.293","10.530","6.000","2021-06-19 02:02:52"
"2020-12-10 00:00:00","D","12.078","12.575","11.268","6.000","2021-06-19 02:02:52"
"2020-12-10 06:00:00","D","12.946","13.075","12.725","6.000","2021-06-19 02:02:51"
"2020-12-10 12:00:00","D","12.583","12.675","12.350","6.000","2021-06-19 02:02:52"
"2020-12-10 18:00:00","D","12.152","12.425","11.488","6.000","2021-06-19 02:02:51"
"2020-12-11 00:00:00","D","10.640","10.768","10.395","6.000","2021-06-19 02:02:52"
"2020-12-11 06:00:00","D","10.654","10.923","10.498","6.000","2021-06-19 02:02:51"
"2020-12-11 12:00:00","D","12.981","14.900","11.525","6.000","2021-06-19 02:02:52"
"2020-12-11 18:00:00","D","16.463","17.375","15.375","6.000","2021-06-19 02:02:51"
"2020-12-12 00:00:00","D","18.363","19.025","17.875","6.000","2021-06-19 02:02:52"
"2020-12-12 06:00:00","D","18.379","18.775","17.700","6.000","2021-06-19 02:02:51"
"2020-12-12 12:00:00","D","17.396","17.925","17.075","6.000","2021-06-19 02:02:52"
"2020-12-12 18:00:00","D","16.250","17.225","15.300","6.000","2021-06-19 02:02:51"
"2020-12-13 00:00:00","D","13.846","14.050","13.675","6.000","2021-06-19 02:02:52"
"2020-12-13 06:00:00","D","12.775","13.550","11.925","6.000","2021-06-19 02:02:51"
"2020-12-13 12:00:00","D","12.048","12.550","11.760","6.000","2021-06-19 02:02:52"
"2020-12-13 18:00:00","D","11.234","12.325","10.355","6.000","2021-06-19 02:02:52"
"2020-12-14 00:00:00","D","12.767","13.500","12.100","6.000","2021-06-19 02:02:52"
"2020-12-14 06:00:00","D","14.329","15.225","13.200","6.000","2021-06-19 02:02:52"
"2020-12-14 12:00:00","D","17.171","19.025","15.650","6.000","2021-06-19 02:02:51"
"2020-12-14 18:00:00","D","22.021","23.050","20.075","6.000","2021-06-19 02:02:52"
"2020-12-15 00:00:00","D","22.988","23.175","22.600","6.000","2021-06-19 02:02:51"
"2020-12-15 06:00:00","D","21.288","22.450","20.350","6.000","2021-06-19 02:02:52"
"2020-12-15 12:00:00","D","19.171","19.900","18.450","6.000","2021-06-19 02:02:51"
"2020-12-15 18:00:00","D","17.821","18.650","17.125","6.000","2021-06-19 02:02:52"
"2020-12-16 00:00:00","D","16.458","16.775","15.825","6.000","2021-06-19 02:02:51"
"2020-12-16 06:00:00","D","14.429","14.750","14.000","6.000","2021-06-19 02:02:52"
"2020-12-16 12:00:00","D","12.028","13.750","10.315","6.000","2021-06-19 02:02:51"
"2020-12-16 18:00:00","D","10.905","11.600","10.508","6.000","2021-06-19 02:02:52"
"2020-12-17 00:00:00","D","11.704","12.150","11.425","6.000","2021-06-19 02:02:51"
"2020-12-17 06:00:00","D","12.183","12.950","11.600","6.000","2021-06-19 02:02:52"
"2020-12-17 12:00:00","D","9.792","10.875","8.728","6.000","2021-06-19 02:02:51"
"2020-12-17 18:00:00","D","9.643","9.875","9.355","6.000","2021-06-19 02:02:52"
"2020-12-18 00:00:00","D","9.771","10.498","9.428","6.000","2021-06-19 02:02:52"
"2020-12-18 06:00:00","D","9.460","9.688","9.108","6.000","2021-06-19 02:02:51"
"2020-12-18 12:00:00","D","9.119","9.490","8.670","6.000","2021-06-19 02:02:52"
"2020-12-18 18:00:00","D","9.169","9.418","8.820","6.000","2021-06-19 02:02:51"
"2020-12-19 00:00:00","D","8.756","8.945","8.403","6.000","2021-06-19 02:02:52"
"2020-12-19 06:00:00","D","8.474","8.845","8.123","6.000","2021-06-19 02:02:51"
"2020-12-19 12:00:00","D","8.447","8.748","8.248","6.000","2021-06-19 02:02:52"
"2020-12-19 18:00:00","D","8.389","8.650","8.175","6.000","2021-06-19 02:02:51"
"2020-12-20 00:00:00","D","10.140","10.583","9.500","6.000","2021-06-19 02:02:52"
"2020-12-20 06:00:00","D","9.291","9.470","9.038","6.000","2021-06-19 02:02:51"
"2020-12-20 12:00:00","D","9.072","9.695","8.805","6.000","2021-06-19 02:02:52"
"2020-12-20 18:00:00","D","8.916","9.303","8.415","6.000","2021-06-19 02:02:51"
"2020-12-21 00:00:00","D","8.657","8.865","8.350","6.000","2021-06-19 02:02:52"
"2020-12-21 06:00:00","D","8.431","8.703","8.200","6.000","2021-06-19 02:02:51"
"2020-12-21 12:00:00","D","8.621","9.060","8.363","6.000","2021-06-19 02:02:52"
"2020-12-21 18:00:00","D","11.566","14.025","9.330","6.000","2021-06-19 02:02:52"
"2020-12-22 00:00:00","D","14.400","14.825","14.125","6.000","2021-06-19 02:02:52"
"2020-12-22 06:00:00","D","16.967","18.400","15.100","6.000","2021-06-19 02:02:52"
"2020-12-22 12:00:00","D","20.929","21.950","19.075","6.000","2021-06-19 02:02:51"
"2020-12-22 18:00:00","D","21.475","21.825","21.150","6.000","2021-06-19 02:02:52"
"2020-12-23 00:00:00","D","20.771","21.325","20.250","6.000","2021-06-19 02:02:51"
"2020-12-23 06:00:00","D","18.908","19.675","18.025","6.000","2021-06-19 02:02:52"
"2020-12-23 12:00:00","D","18.313","18.950","17.625","6.000","2021-06-19 02:02:51"
"2020-12-23 18:00:00","D","18.571","18.900","17.925","6.000","2021-06-19 02:02:52"
"2020-12-24 00:00:00","D","21.508","24.575","18.650","6.000","2021-06-19 02:02:51"
"2020-12-24 06:00:00","D","27.267","28.850","25.825","6.000","2021-06-19 02:02:52"
"2020-12-24 12:00:00","D","32.667","35.525","29.250","6.000","2021-06-19 02:02:51"
"2020-12-24 18:00:00","D","35.888","36.100","35.600","6.000","2021-06-19 02:02:52"
"2020-12-25 00:00:00","D","34.571","35.475","33.525","6.000","2021-06-19 02:02:51"
"2020-12-25 06:00:00","D","30.917","32.900","27.625","6.000","2021-06-19 02:02:52"
"2020-12-25 12:00:00","D","25.221","26.725","24.450","6.000","2021-06-19 02:02:51"
"2020-12-25 18:00:00","D","21.683","24.175","18.900","6.000","2021-06-19 02:02:52"
"2020-12-26 00:00:00","D","17.371","17.775","16.725","6.000","2021-06-19 02:02:52"
"2020-12-26 06:00:00","D","15.338","16.575","13.575","6.000","2021-06-19 02:02:51"
"2020-12-26 12:00:00","D","13.267","13.400","13.025","6.000","2021-06-19 02:02:52"
"2020-12-26 18:00:00","D","12.062","12.425","11.395","6.000","2021-06-19 02:02:51"
"2020-12-27 00:00:00","D","11.664","12.050","11.258","6.000","2021-06-19 02:02:52"
"2020-12-27 06:00:00","D","12.313","13.125","11.750","6.000","2021-06-19 02:02:51"
"2020-12-27 12:00:00","D","19.475","24.675","14.425","6.000","2021-06-19 02:02:52"
"2020-12-27 18:00:00","D","29.308","31.350","26.025","6.000","2021-06-19 02:02:51"
"2020-12-28 00:00:00","D","30.688","31.250","29.775","6.000","2021-06-19 02:02:52"
"2020-12-28 06:00:00","D","26.283","28.300","24.475","6.000","2021-06-19 02:02:51"
"2020-12-28 12:00:00","D","22.725","23.925","21.775","6.000","2021-06-19 02:02:52"
"2020-12-28 18:00:00","D","20.233","21.050","19.300","6.000","2021-06-19 02:02:51"
"2020-12-29 00:00:00","D","18.650","19.500","17.775","6.000","2021-06-19 02:02:52"
"2020-12-29 06:00:00","D","16.750","17.650","16.250","6.000","2021-06-19 02:02:51"
"2020-12-29 12:00:00","D","13.807","16.150","10.490","6.000","2021-06-19 02:02:52"
"2020-12-29 18:00:00","D","11.325","11.625","11.025","6.000","2021-06-19 02:02:52"
"2020-12-30 00:00:00","D","11.288","11.475","11.025","6.000","2021-06-19 02:02:52"
"2020-12-30 06:00:00","D","10.751","11.050","10.525","6.000","2021-06-19 02:02:52"
"2020-12-30 12:00:00","D","9.182","10.373","7.120","6.000","2021-06-19 02:02:52"
"2020-12-30 18:00:00","D","9.414","9.785","8.933","6.000","2021-06-19 02:02:52"
"2020-12-31 00:00:00","D","8.904","9.123","8.653","6.000","2021-06-19 02:02:52"
"2020-12-31 06:00:00","D","8.682","8.958","8.380","6.000","2021-06-19 02:02:52"
"2020-12-31 12:00:00","D","8.467","8.688","8.213","6.000","2021-06-19 02:02:52"
"2020-12-31 18:00:00","D","8.156","8.320","7.938","6.000","2021-06-19 02:02:52"
"2021-01-01 00:00:00","W","0.060","0.073","0.056","7.000","2023-05-29 17:12:21"
"2021-01-01 00:00:00","D","8.097","8.315","7.905","6.000","2021-06-19 02:02:52"
"2021-01-01 00:00:00","D","8.247","9.150","7.905","7.000","2023-05-29 17:12:15"
"2021-01-01 06:00:00","W","0.056","0.073","0.041","24.000","2023-05-29 17:12:21"
"2021-01-01 06:00:00","D","7.956","9.020","6.850","24.000","2023-05-29 17:12:15"
"2021-01-01 12:00:00","W","0.055","0.073","0.039","24.000","2023-05-29 17:12:21"
"2021-01-01 12:00:00","D","7.738","8.880","6.760","24.000","2023-05-29 17:12:15"
"2021-01-01 18:00:00","W","0.068","0.104","0.043","24.000","2023-05-29 17:12:21"
"2021-01-01 18:00:00","D","7.460","9.190","5.950","24.000","2023-05-29 17:12:15"
"2021-01-02 00:00:00","W","0.088","0.107","0.070","24.000","2023-05-29 17:12:21"
"2021-01-02 00:00:00","D","7.394","8.480","6.300","24.000","2023-05-29 17:12:15"
"2021-01-02 06:00:00","W","0.087","0.105","0.072","24.000","2023-05-29 17:12:21"
"2021-01-02 06:00:00","D","7.437","8.500","6.340","24.000","2023-05-29 17:12:15"
"2021-01-02 12:00:00","W","0.082","0.100","0.067","24.000","2023-05-29 17:12:21"
"2021-01-02 12:00:00","D","7.371","8.360","6.270","24.000","2023-05-29 17:12:15"
"2021-01-02 18:00:00","W","0.077","0.095","0.058","24.000","2023-05-29 17:12:21"
"2021-01-02 18:00:00","D","7.223","8.180","6.190","24.000","2023-05-29 17:12:15"
"2021-01-03 00:00:00","W","0.077","0.095","0.061","24.000","2023-05-29 17:12:21"
"2021-01-03 00:00:00","D","7.167","8.210","6.060","24.000","2023-05-29 17:12:15"
"2021-01-03 06:00:00","W","0.076","0.094","0.061","24.000","2023-05-29 17:12:21"
"2021-01-03 06:00:00","D","7.113","8.190","6.070","24.000","2023-05-29 17:12:15"
"2021-01-03 12:00:00","W","0.071","0.086","0.057","24.000","2023-05-29 17:12:21"
"2021-01-03 12:00:00","D","7.073","8.070","6.130","24.000","2023-05-29 17:12:15"
"2021-01-03 18:00:00","W","0.070","0.099","0.048","24.000","2023-05-29 17:12:21"
"2021-01-03 18:00:00","D","6.833","8.650","5.190","24.000","2023-05-29 17:12:15"
"2021-01-04 00:00:00","W","0.086","0.105","0.070","24.000","2023-05-29 17:12:21"
"2021-01-04 00:00:00","D","6.874","7.840","5.800","24.000","2023-05-29 17:12:15"
"2021-01-04 06:00:00","W","0.084","0.099","0.071","24.000","2023-05-29 17:12:21"
"2021-01-04 06:00:00","D","6.829","7.770","5.980","24.000","2023-05-29 17:12:15"
"2021-01-04 12:00:00","W","0.080","0.098","0.065","24.000","2023-05-29 17:12:21"
"2021-01-04 12:00:00","D","6.755","7.610","5.860","24.000","2023-05-29 17:12:15"
"2021-01-04 18:00:00","W","0.076","0.093","0.063","24.000","2023-05-29 17:12:21"
"2021-01-04 18:00:00","D","6.666","7.720","5.680","24.000","2023-05-29 17:12:15"
"2021-01-05 00:00:00","W","0.068","0.080","0.054","24.000","2023-05-29 17:12:21"
"2021-01-05 00:00:00","D","6.395","7.140","5.660","24.000","2023-05-29 17:12:15"
"2021-01-05 06:00:00","W","0.072","0.085","0.060","24.000","2023-05-29 17:12:21"
"2021-01-05 06:00:00","D","6.466","7.250","5.720","24.000","2023-05-29 17:12:15"
"2021-01-05 12:00:00","W","0.072","0.085","0.059","24.000","2023-05-29 17:12:21"
"2021-01-05 12:00:00","D","6.591","7.310","5.770","24.000","2023-05-29 17:12:15"
"2021-01-05 18:00:00","W","0.071","0.084","0.058","24.000","2023-05-29 17:12:21"
"2021-01-05 18:00:00","D","6.529","7.340","5.760","24.000","2023-05-29 17:12:15"
"2021-01-06 00:00:00","W","0.076","0.090","0.063","24.000","2023-05-29 17:12:21"
"2021-01-06 00:00:00","D","6.578","7.440","5.870","24.000","2023-05-29 17:12:15"
"2021-01-06 06:00:00","W","0.074","0.090","0.062","24.000","2023-05-29 17:12:21"
"2021-01-06 06:00:00","D","6.556","7.440","5.770","24.000","2023-05-29 17:12:15"
"2021-01-06 12:00:00","W","0.071","0.085","0.058","24.000","2023-05-29 17:12:21"
"2021-01-06 12:00:00","D","6.582","7.310","5.830","24.000","2023-05-29 17:12:15"
"2021-01-06 18:00:00","W","0.067","0.085","0.045","24.000","2023-05-29 17:12:21"
"2021-01-06 18:00:00","D","6.443","7.390","5.430","24.000","2023-05-29 17:12:15"
"2021-01-07 00:00:00","W","0.060","0.074","0.046","24.000","2023-05-29 17:12:21"
"2021-01-07 00:00:00","D","6.244","7.090","5.470","24.000","2023-05-29 17:12:15"
"2021-01-07 06:00:00","W","0.061","0.074","0.048","24.000","2023-05-29 17:12:21"
"2021-01-07 06:00:00","D","6.273","7.120","5.470","24.000","2023-05-29 17:12:15"
"2021-01-07 12:00:00","W","0.056","0.071","0.042","24.000","2023-05-29 17:12:21"
"2021-01-07 12:00:00","D","6.216","7.020","5.490","24.000","2023-05-29 17:12:15"
"2021-01-07 18:00:00","W","0.069","0.108","0.041","24.000","2023-05-29 17:12:21"
"2021-01-07 18:00:00","D","5.890","7.130","4.590","24.000","2023-05-29 17:12:15"
"2021-01-08 00:00:00","W","0.097","0.110","0.082","24.000","2023-05-29 17:12:21"
"2021-01-08 00:00:00","D","6.178","6.990","5.210","24.000","2023-05-29 17:12:15"
"2021-01-08 06:00:00","W","0.100","0.112","0.088","24.000","2023-05-29 17:12:21"
"2021-01-08 06:00:00","D","6.230","7.060","5.410","24.000","2023-05-29 17:12:15"
"2021-01-08 12:00:00","W","0.093","0.109","0.084","24.000","2023-05-29 17:12:21"
"2021-01-08 12:00:00","D","6.055","6.890","5.370","24.000","2023-05-29 17:12:15"
"2021-01-08 18:00:00","W","0.097","0.111","0.084","24.000","2023-05-29 17:12:21"
"2021-01-08 18:00:00","D","6.041","6.780","5.370","24.000","2023-05-29 17:12:15"
"2021-01-09 00:00:00","W","0.096","0.107","0.085","24.000","2023-05-29 17:12:21"
"2021-01-09 00:00:00","D","5.973","6.720","5.210","24.000","2023-05-29 17:12:15"
"2021-01-09 06:00:00","W","0.095","0.107","0.082","24.000","2023-05-29 17:12:21"
"2021-01-09 06:00:00","D","5.930","6.650","5.220","24.000","2023-05-29 17:12:15"
"2021-01-09 12:00:00","W","0.091","0.105","0.075","24.000","2023-05-29 17:12:21"
"2021-01-09 12:00:00","D","5.980","6.630","5.180","24.000","2023-05-29 17:12:15"
"2021-01-09 18:00:00","W","0.088","0.103","0.074","24.000","2023-05-29 17:12:21"
"2021-01-09 18:00:00","D","5.838","6.710","4.960","24.000","2023-05-29 17:12:15"
"2021-01-10 00:00:00","W","0.091","0.103","0.079","24.000","2023-05-29 17:12:21"
"2021-01-10 00:00:00","D","5.890","6.550","5.170","24.000","2023-05-29 17:12:15"
"2021-01-10 06:00:00","W","0.087","0.100","0.076","24.000","2023-05-29 17:12:21"
"2021-01-10 06:00:00","D","5.793","6.490","5.100","24.000","2023-05-29 17:12:15"
"2021-01-10 12:00:00","W","0.085","0.096","0.072","24.000","2023-05-29 17:12:21"
"2021-01-10 12:00:00","D","5.810","6.470","5.090","24.000","2023-05-29 17:12:15"
"2021-01-10 18:00:00","W","0.081","0.100","0.071","24.000","2023-05-29 17:12:21"
"2021-01-10 18:00:00","D","5.621","6.670","4.970","24.000","2023-05-29 17:12:15"
"2021-01-11 00:00:00","W","0.085","0.098","0.072","24.000","2023-05-29 17:12:21"
"2021-01-11 00:00:00","D","5.772","6.470","4.840","24.000","2023-05-29 17:12:16"
"2021-01-11 06:00:00","W","0.084","0.098","0.074","24.000","2023-05-29 17:12:21"
"2021-01-11 06:00:00","D","5.722","6.550","5.060","24.000","2023-05-29 17:12:16"
"2021-01-11 12:00:00","W","0.087","0.114","0.073","24.000","2023-05-29 17:12:21"
"2021-01-11 12:00:00","D","5.870","6.760","5.010","24.000","2023-05-29 17:12:16"
"2021-01-11 18:00:00","W","0.085","0.106","0.061","24.000","2023-05-29 17:12:21"
"2021-01-11 18:00:00","D","5.772","7.180","4.630","24.000","2023-05-29 17:12:16"
"2021-01-12 00:00:00","W","0.091","0.118","0.076","24.000","2023-05-29 17:12:21"
"2021-01-12 00:00:00","D","5.976","7.390","5.010","24.000","2023-05-29 17:12:16"
"2021-01-12 06:00:00","W","0.090","0.105","0.075","24.000","2023-05-29 17:12:21"
"2021-01-12 06:00:00","D","5.935","6.730","5.030","24.000","2023-05-29 17:12:16"
"2021-01-12 12:00:00","W","0.101","0.122","0.083","24.000","2023-05-29 17:12:21"
"2021-01-12 12:00:00","D","6.206","7.160","5.300","24.000","2023-05-29 17:12:16"
"2021-01-12 18:00:00","W","0.108","0.131","0.084","24.000","2023-05-29 17:12:21"
"2021-01-12 18:00:00","D","6.853","8.210","5.650","24.000","2023-05-29 17:12:16"
"2021-01-13 00:00:00","W","0.090","0.112","0.071","24.000","2023-05-29 17:12:21"
"2021-01-13 00:00:00","D","6.659","7.700","5.650","24.000","2023-05-29 17:12:16"
"2021-01-13 06:00:00","W","0.080","0.098","0.066","24.000","2023-05-29 17:12:21"
"2021-01-13 06:00:00","D","6.348","7.300","5.410","24.000","2023-05-29 17:12:16"
"2021-01-13 12:00:00","W","0.076","0.093","0.062","24.000","2023-05-29 17:12:21"
"2021-01-13 12:00:00","D","6.280","7.260","5.290","24.000","2023-05-29 17:12:16"
"2021-01-13 18:00:00","W","0.085","0.117","0.055","24.000","2023-05-29 17:12:21"
"2021-01-13 18:00:00","D","6.561","7.970","5.540","24.000","2023-05-29 17:12:16"
"2021-01-14 00:00:00","W","0.114","0.142","0.090","24.000","2023-05-29 17:12:21"
"2021-01-14 00:00:00","D","7.735","10.070","6.170","24.000","2023-05-29 17:12:16"
"2021-01-14 06:00:00","W","0.133","0.173","0.094","24.000","2023-05-29 17:12:21"
"2021-01-14 06:00:00","D","12.986","19.480","8.600","24.000","2023-05-29 17:12:16"
"2021-01-14 12:00:00","W","0.177","0.203","0.144","24.000","2023-05-29 17:12:21"
"2021-01-14 12:00:00","D","34.197","45.340","19.970","24.000","2023-05-29 17:12:16"
"2021-01-14 18:00:00","W","0.209","0.225","0.196","24.000","2023-05-29 17:12:21"
"2021-01-14 18:00:00","D","51.810","57.420","46.500","24.000","2023-05-29 17:12:16"
"2021-01-15 00:00:00","W","0.223","0.231","0.216","24.000","2023-05-29 17:12:21"
"2021-01-15 00:00:00","D","62.144","65.570","58.410","24.000","2023-05-29 17:12:16"
"2021-01-15 06:00:00","W","0.242","0.254","0.227","24.000","2023-05-29 17:12:21"
"2021-01-15 06:00:00","D","71.734","73.940","66.710","24.000","2023-05-29 17:12:16"
"2021-01-15 12:00:00","W","0.151","0.225","0.121","24.000","2023-05-29 17:12:21"
"2021-01-15 12:00:00","D","63.134","70.840","55.630","24.000","2023-05-29 17:12:16"
"2021-01-15 18:00:00","W","0.120","0.140","0.098","24.000","2023-05-29 17:12:21"
"2021-01-15 18:00:00","D","49.829","55.560","44.080","24.000","2023-05-29 17:12:16"
"2021-01-16 00:00:00","W","0.099","0.111","0.084","24.000","2023-05-29 17:12:21"
"2021-01-16 00:00:00","D","39.488","43.060","36.350","24.000","2023-05-29 17:12:16"
"2021-01-16 06:00:00","W","0.097","0.122","0.078","24.000","2023-05-29 17:12:21"
"2021-01-16 06:00:00","D","32.714","35.930","30.590","24.000","2023-05-29 17:12:16"
"2021-01-16 12:00:00","W","0.072","0.084","0.053","24.000","2023-05-29 17:12:21"
"2021-01-16 12:00:00","D","26.779","29.980","21.130","24.000","2023-05-29 17:12:16"
"2021-01-16 18:00:00","W","0.145","0.188","0.094","24.000","2023-05-29 17:12:21"
"2021-01-16 18:00:00","D","27.878","31.300","21.340","24.000","2023-05-29 17:12:16"
"2021-01-17 00:00:00","W","0.157","0.182","0.134","24.000","2023-05-29 17:12:21"
"2021-01-17 00:00:00","D","34.489","36.380","31.620","24.000","2023-05-29 17:12:16"
"2021-01-17 06:00:00","W","0.158","0.187","0.118","24.000","2023-05-29 17:12:21"
"2021-01-17 06:00:00","D","36.303","37.740","34.970","24.000","2023-05-29 17:12:16"
"2021-01-17 12:00:00","W","0.088","0.118","0.066","24.000","2023-05-29 17:12:21"
"2021-01-17 12:00:00","D","32.530","34.300","30.060","24.000","2023-05-29 17:12:16"
"2021-01-17 18:00:00","W","0.083","0.107","0.055","24.000","2023-05-29 17:12:21"
"2021-01-17 18:00:00","D","28.050","30.600","25.800","24.000","2023-05-29 17:12:16"
"2021-01-18 00:00:00","W","0.069","0.079","0.054","24.000","2023-05-29 17:12:21"
"2021-01-18 00:00:00","D","24.798","26.070","23.620","24.000","2023-05-29 17:12:16"
"2021-01-18 06:00:00","W","0.064","0.074","0.056","24.000","2023-05-29 17:12:21"
"2021-01-18 06:00:00","D","22.173","23.930","20.770","24.000","2023-05-29 17:12:16"
"2021-01-18 12:00:00","W","0.098","0.140","0.041","24.000","2023-05-29 17:12:21"
"2021-01-18 12:00:00","D","19.066","21.200","14.040","24.000","2023-05-29 17:12:16"
"2021-01-18 18:00:00","W","0.115","0.137","0.074","24.000","2023-05-29 17:12:21"
"2021-01-18 18:00:00","D","15.639","17.460","13.890","24.000","2023-05-29 17:12:16"
"2021-01-19 00:00:00","W","0.087","0.113","0.060","24.000","2023-05-29 17:12:21"
"2021-01-19 00:00:00","D","15.989","17.130","14.620","24.000","2023-05-29 17:12:16"
"2021-01-19 06:00:00","W","0.079","0.112","0.052","24.000","2023-05-29 17:12:21"
"2021-01-19 06:00:00","D","15.044","16.560","13.640","24.000","2023-05-29 17:12:16"
"2021-01-19 12:00:00","W","0.087","0.120","0.059","24.000","2023-05-29 17:12:21"
"2021-01-19 12:00:00","D","14.463","16.120","13.390","24.000","2023-05-29 17:12:16"
"2021-01-19 18:00:00","W","0.104","0.130","0.078","24.000","2023-05-29 17:12:21"
"2021-01-19 18:00:00","D","15.415","17.180","13.970","24.000","2023-05-29 17:12:16"
"2021-01-20 00:00:00","W","0.098","0.121","0.078","24.000","2023-05-29 17:12:21"
"2021-01-20 00:00:00","D","15.263","16.550","13.990","24.000","2023-05-29 17:12:16"
"2021-01-20 06:00:00","W","0.083","0.105","0.060","24.000","2023-05-29 17:12:21"
"2021-01-20 06:00:00","D","14.753","15.980","13.460","24.000","2023-05-29 17:12:16"
"2021-01-20 12:00:00","W","0.080","0.113","0.060","24.000","2023-05-29 17:12:21"
"2021-01-20 12:00:00","D","14.620","15.960","13.430","24.000","2023-05-29 17:12:16"
"2021-01-20 18:00:00","W","0.089","0.142","0.032","24.000","2023-05-29 17:12:21"
"2021-01-20 18:00:00","D","13.054","16.040","9.930","24.000","2023-05-29 17:12:16"
"2021-01-21 00:00:00","W","0.099","0.138","0.076","24.000","2023-05-29 17:12:21"
"2021-01-21 00:00:00","D","14.093","15.030","12.820","24.000","2023-05-29 17:12:16"
"2021-01-21 06:00:00","W","0.107","0.131","0.085","24.000","2023-05-29 17:12:21"
"2021-01-21 06:00:00","D","14.395","15.590","13.150","24.000","2023-05-29 17:12:16"
"2021-01-21 12:00:00","W","0.153","0.174","0.120","24.000","2023-05-29 17:12:21"
"2021-01-21 12:00:00","D","16.660","17.650","14.800","24.000","2023-05-29 17:12:16"
"2021-01-21 18:00:00","W","0.165","0.174","0.152","24.000","2023-05-29 17:12:21"
"2021-01-21 18:00:00","D","17.176","17.550","16.650","24.000","2023-05-29 17:12:16"
"2021-01-22 00:00:00","W","0.144","0.155","0.128","24.000","2023-05-29 17:12:21"
"2021-01-22 00:00:00","D","16.283","16.950","15.470","24.000","2023-05-29 17:12:16"
"2021-01-22 06:00:00","W","0.123","0.134","0.107","24.000","2023-05-29 17:12:21"
"2021-01-22 06:00:00","D","15.114","15.750","14.270","24.000","2023-05-29 17:12:16"
"2021-01-22 12:00:00","W","0.102","0.119","0.085","24.000","2023-05-29 17:12:21"
"2021-01-22 12:00:00","D","14.249","15.100","13.290","24.000","2023-05-29 17:12:16"
"2021-01-22 18:00:00","W","0.078","0.097","0.063","24.000","2023-05-29 17:12:21"
"2021-01-22 18:00:00","D","13.420","14.360","12.440","24.000","2023-05-29 17:12:16"
"2021-01-23 00:00:00","W","0.054","0.076","0.039","24.000","2023-05-29 17:12:21"
"2021-01-23 00:00:00","D","12.528","13.590","11.760","24.000","2023-05-29 17:12:16"
"2021-01-23 06:00:00","W","0.072","0.094","0.043","24.000","2023-05-29 17:12:21"
"2021-01-23 06:00:00","D","11.573","12.620","10.250","24.000","2023-05-29 17:12:16"
"2021-01-23 12:00:00","W","0.071","0.090","0.051","24.000","2023-05-29 17:12:21"
"2021-01-23 12:00:00","D","11.430","12.570","10.410","24.000","2023-05-29 17:12:16"
"2021-01-23 18:00:00","W","0.068","0.092","0.039","24.000","2023-05-29 17:12:21"
"2021-01-23 18:00:00","D","10.840","12.160","9.160","24.000","2023-05-29 17:12:16"
"2021-01-24 00:00:00","W","0.071","0.093","0.046","24.000","2023-05-29 17:12:21"
"2021-01-24 00:00:00","D","10.686","12.380","9.510","24.000","2023-05-29 17:12:16"
"2021-01-24 06:00:00","W","0.057","0.070","0.041","24.000","2023-05-29 17:12:21"
"2021-01-24 06:00:00","D","10.277","10.670","9.780","24.000","2023-05-29 17:12:16"
"2021-01-24 12:00:00","W","0.055","0.066","0.043","24.000","2023-05-29 17:12:21"
"2021-01-24 12:00:00","D","9.897","10.540","9.390","24.000","2023-05-29 17:12:16"
"2021-01-24 18:00:00","W","0.083","0.114","0.040","24.000","2023-05-29 17:12:21"
"2021-01-24 18:00:00","D","9.602","10.820","8.550","24.000","2023-05-29 17:12:16"
"2021-01-25 00:00:00","W","0.103","0.114","0.093","24.000","2023-05-29 17:12:21"
"2021-01-25 00:00:00","D","9.889","10.660","9.390","24.000","2023-05-29 17:12:16"
"2021-01-25 06:00:00","W","0.106","0.112","0.097","24.000","2023-05-29 17:12:21"
"2021-01-25 06:00:00","D","9.984","10.260","9.680","24.000","2023-05-29 17:12:16"
"2021-01-25 12:00:00","W","0.086","0.108","0.036","24.000","2023-05-29 17:12:21"
"2021-01-25 12:00:00","D","9.700","14.850","5.970","24.000","2023-05-29 17:12:16"
"2021-01-25 18:00:00","W","0.101","0.169","0.046","24.000","2023-05-29 17:12:21"
"2021-01-25 18:00:00","D","9.257","12.600","3.300","24.000","2023-05-29 17:12:16"
"2021-01-26 00:00:00","W","0.098","0.127","0.070","24.000","2023-05-29 17:12:21"
"2021-01-26 00:00:00","D","8.449","9.980","6.840","24.000","2023-05-29 17:12:16"
"2021-01-26 06:00:00","W","0.099","0.108","0.081","24.000","2023-05-29 17:12:21"
"2021-01-26 06:00:00","D","8.520","9.160","7.890","24.000","2023-05-29 17:12:16"
"2021-01-26 12:00:00","W","0.096","0.103","0.088","24.000","2023-05-29 17:12:21"
"2021-01-26 12:00:00","D","8.504","8.890","8.270","24.000","2023-05-29 17:12:16"
"2021-01-26 18:00:00","W","0.091","0.121","0.072","24.000","2023-05-29 17:12:21"
"2021-01-26 18:00:00","D","8.434","10.030","7.470","24.000","2023-05-29 17:12:16"
"2021-01-27 00:00:00","W","0.106","0.132","0.084","24.000","2023-05-29 17:12:21"
"2021-01-27 00:00:00","D","9.081","10.240","7.980","24.000","2023-05-29 17:12:16"
"2021-01-27 06:00:00","W","0.129","0.135","0.118","24.000","2023-05-29 17:12:21"
"2021-01-27 06:00:00","D","11.682","12.650","9.940","24.000","2023-05-29 17:12:16"
"2021-01-27 12:00:00","W","0.124","0.140","0.106","24.000","2023-05-29 17:12:21"
"2021-01-27 12:00:00","D","13.689","14.740","12.520","24.000","2023-05-29 17:12:16"
"2021-01-27 18:00:00","W","0.124","0.136","0.109","24.000","2023-05-29 17:12:21"
"2021-01-27 18:00:00","D","15.315","15.950","14.650","24.000","2023-05-29 17:12:16"
"2021-01-28 00:00:00","W","0.107","0.120","0.091","24.000","2023-05-29 17:12:21"
"2021-01-28 00:00:00","D","14.823","15.610","13.990","24.000","2023-05-29 17:12:16"
"2021-01-28 06:00:00","W","0.128","0.156","0.089","24.000","2023-05-29 17:12:21"
"2021-01-28 06:00:00","D","17.078","21.800","13.800","24.000","2023-05-29 17:12:16"
"2021-01-28 12:00:00","W","0.179","0.191","0.167","24.000","2023-05-29 17:12:21"
"2021-01-28 12:00:00","D","31.880","38.480","22.220","24.000","2023-05-29 17:12:16"
"2021-01-28 18:00:00","W","0.183","0.200","0.167","24.000","2023-05-29 17:12:21"
"2021-01-28 18:00:00","D","42.343","45.710","38.790","24.000","2023-05-29 17:12:16"
"2021-01-29 00:00:00","W","0.118","0.159","0.084","24.000","2023-05-29 17:12:21"
"2021-01-29 00:00:00","D","41.968","44.440","39.760","24.000","2023-05-29 17:12:16"
"2021-01-29 06:00:00","W","0.144","0.181","0.081","24.000","2023-05-29 17:12:21"
"2021-01-29 06:00:00","D","39.878","41.540","37.270","24.000","2023-05-29 17:12:16"
"2021-01-29 12:00:00","W","0.200","0.215","0.178","24.000","2023-05-29 17:12:21"
"2021-01-29 12:00:00","D","44.789","47.230","41.540","24.000","2023-05-29 17:12:16"
"2021-01-29 18:00:00","W","0.198","0.214","0.161","24.000","2023-05-29 17:12:21"
"2021-01-29 18:00:00","D","46.467","47.410","44.360","24.000","2023-05-29 17:12:16"
"2021-01-30 00:00:00","W","0.121","0.162","0.099","24.000","2023-05-29 17:12:21"
"2021-01-30 00:00:00","D","39.853","44.370","35.890","24.000","2023-05-29 17:12:16"
"2021-01-30 06:00:00","W","0.118","0.143","0.086","24.000","2023-05-29 17:12:21"
"2021-01-30 06:00:00","D","33.813","35.370","32.100","24.000","2023-05-29 17:12:16"
"2021-01-30 12:00:00","W","0.160","0.210","0.076","24.000","2023-05-29 17:12:21"
"2021-01-30 12:00:00","D","32.855","37.760","29.720","24.000","2023-05-29 17:12:16"
"2021-01-30 18:00:00","W","0.199","0.220","0.185","24.000","2023-05-29 17:12:21"
"2021-01-30 18:00:00","D","41.133","45.690","37.080","24.000","2023-05-29 17:12:16"
"2021-01-31 00:00:00","W","0.199","0.224","0.182","24.000","2023-05-29 17:12:21"
"2021-01-31 00:00:00","D","47.364","48.710","45.630","24.000","2023-05-29 17:12:16"
"2021-01-31 06:00:00","W","0.167","0.192","0.116","24.000","2023-05-29 17:12:21"
"2021-01-31 06:00:00","D","46.977","48.420","44.420","24.000","2023-05-29 17:12:16"
"2021-01-31 12:00:00","W","0.111","0.131","0.089","24.000","2023-05-29 17:12:21"
"2021-01-31 12:00:00","D","39.793","43.730","37.010","24.000","2023-05-29 17:12:16"
"2021-01-31 18:00:00","W","0.127","0.160","0.092","24.000","2023-05-29 17:12:21"
"2021-01-31 18:00:00","D","34.960","37.830","33.450","24.000","2023-05-29 17:12:16"
"2021-02-01 00:00:00","W","0.108","0.147","0.078","24.000","2023-05-29 17:12:21"
"2021-02-01 00:00:00","D","32.098","34.170","28.450","24.000","2023-05-29 17:12:16"
"2021-02-01 06:00:00","W","0.120","0.142","0.080","24.000","2023-05-29 17:12:21"
"2021-02-01 06:00:00","D","28.462","29.450","27.300","24.000","2023-05-29 17:12:16"
"2021-02-01 12:00:00","W","0.075","0.130","0.051","24.000","2023-05-29 17:12:21"
"2021-02-01 12:00:00","D","22.701","27.300","18.250","24.000","2023-05-29 17:12:16"
"2021-02-01 18:00:00","W","0.122","0.136","0.109","24.000","2023-05-29 17:12:21"
"2021-02-01 18:00:00","D","19.991","20.610","19.090","24.000","2023-05-29 17:12:16"
"2021-02-02 00:00:00","W","0.080","0.112","0.054","24.000","2023-05-29 17:12:21"
"2021-02-02 00:00:00","D","18.004","19.670","15.290","24.000","2023-05-29 17:12:16"
"2021-02-02 06:00:00","W","0.126","0.138","0.102","24.000","2023-05-29 17:12:21"
"2021-02-02 06:00:00","D","17.190","17.880","15.900","24.000","2023-05-29 17:12:16"
"2021-02-02 12:00:00","W","0.124","0.136","0.108","24.000","2023-05-29 17:12:21"
"2021-02-02 12:00:00","D","17.453","18.040","16.720","24.000","2023-05-29 17:12:16"
"2021-02-02 18:00:00","W","0.123","0.141","0.107","24.000","2023-05-29 17:12:21"
"2021-02-02 18:00:00","D","18.768","19.320","17.980","24.000","2023-05-29 17:12:16"
"2021-02-03 00:00:00","W","0.123","0.133","0.111","24.000","2023-05-29 17:12:21"
"2021-02-03 00:00:00","D","18.771","19.240","18.030","24.000","2023-05-29 17:12:16"
"2021-02-03 06:00:00","W","0.123","0.133","0.113","24.000","2023-05-29 17:12:21"
"2021-02-03 06:00:00","D","18.758","19.220","18.080","24.000","2023-05-29 17:12:16"
"2021-02-03 12:00:00","W","0.111","0.124","0.095","24.000","2023-05-29 17:12:21"
"2021-02-03 12:00:00","D","18.256","18.880","17.450","24.000","2023-05-29 17:12:16"
"2021-02-03 18:00:00","W","0.085","0.106","0.059","24.000","2023-05-29 17:12:21"
"2021-02-03 18:00:00","D","17.516","18.350","16.380","24.000","2023-05-29 17:12:16"
"2021-02-04 00:00:00","W","0.084","0.134","0.049","24.000","2023-05-29 17:12:21"
"2021-02-04 00:00:00","D","16.032","17.450","14.250","24.000","2023-05-29 17:12:16"
"2021-02-04 06:00:00","W","0.115","0.135","0.092","24.000","2023-05-29 17:12:21"
"2021-02-04 06:00:00","D","15.283","16.310","14.400","24.000","2023-05-29 17:12:16"
"2021-02-04 12:00:00","W","0.077","0.103","0.052","24.000","2023-05-29 17:12:21"
"2021-02-04 12:00:00","D","14.350","15.460","13.270","24.000","2023-05-29 17:12:16"
"2021-02-04 18:00:00","W","0.092","0.141","0.041","24.000","2023-05-29 17:12:21"
"2021-02-04 18:00:00","D","13.370","14.530","11.170","24.000","2023-05-29 17:12:16"
"2021-02-05 00:00:00","W","0.131","0.177","0.096","24.000","2023-05-29 17:12:21"
"2021-02-05 00:00:00","D","15.089","20.400","13.000","24.000","2023-05-29 17:12:17"
"2021-02-05 06:00:00","W","0.163","0.178","0.136","24.000","2023-05-29 17:12:21"
"2021-02-05 06:00:00","D","24.599","28.440","20.200","24.000","2023-05-29 17:12:17"
"2021-02-05 12:00:00","W","0.173","0.183","0.155","24.000","2023-05-29 17:12:21"
"2021-02-05 12:00:00","D","32.487","35.640","28.970","24.000","2023-05-29 17:12:17"
"2021-02-05 18:00:00","W","0.145","0.183","0.092","24.000","2023-05-29 17:12:21"
"2021-02-05 18:00:00","D","33.290","35.730","30.290","24.000","2023-05-29 17:12:17"
"2021-02-06 00:00:00","W","0.084","0.100","0.061","24.000","2023-05-29 17:12:21"
"2021-02-06 00:00:00","D","27.394","29.620","26.310","24.000","2023-05-29 17:12:17"
"2021-02-06 06:00:00","W","0.072","0.080","0.057","24.000","2023-05-29 17:12:21"
"2021-02-06 06:00:00","D","25.944","26.750","23.650","24.000","2023-05-29 17:12:17"
"2021-02-06 12:00:00","W","0.117","0.136","0.084","24.000","2023-05-29 17:12:21"
"2021-02-06 12:00:00","D","24.866","26.180","23.430","24.000","2023-05-29 17:12:17"
"2021-02-06 18:00:00","W","0.111","0.175","0.042","24.000","2023-05-29 17:12:21"
"2021-02-06 18:00:00","D","21.815","25.810","15.110","24.000","2023-05-29 17:12:17"
"2021-02-07 00:00:00","W","0.132","0.146","0.120","24.000","2023-05-29 17:12:21"
"2021-02-07 00:00:00","D","22.060","23.010","21.420","24.000","2023-05-29 17:12:17"
"2021-02-07 06:00:00","W","0.166","0.179","0.152","24.000","2023-05-29 17:12:21"
"2021-02-07 06:00:00","D","25.406","27.920","23.170","24.000","2023-05-29 17:12:17"
"2021-02-07 12:00:00","W","0.160","0.182","0.151","24.000","2023-05-29 17:12:21"
"2021-02-07 12:00:00","D","29.515","30.810","27.700","24.000","2023-05-29 17:12:17"
"2021-02-07 18:00:00","W","0.125","0.153","0.094","24.000","2023-05-29 17:12:21"
"2021-02-07 18:00:00","D","27.985","29.390","26.500","24.000","2023-05-29 17:12:17"
"2021-02-08 00:00:00","W","0.075","0.097","0.054","24.000","2023-05-29 17:12:21"
"2021-02-08 00:00:00","D","25.407","26.900","23.070","24.000","2023-05-29 17:12:17"
"2021-02-08 06:00:00","W","0.084","0.098","0.068","24.000","2023-05-29 17:12:21"
"2021-02-08 06:00:00","D","23.604","24.370","22.410","24.000","2023-05-29 17:12:17"
"2021-02-08 12:00:00","W","0.084","0.103","0.051","24.000","2023-05-29 17:12:21"
"2021-02-08 12:00:00","D","21.025","22.420","19.490","24.000","2023-05-29 17:12:17"
"2021-02-08 18:00:00","W","0.075","0.094","0.045","24.000","2023-05-29 17:12:21"
"2021-02-08 18:00:00","D","18.776","20.340","15.690","24.000","2023-05-29 17:12:17"
"2021-02-09 00:00:00","W","0.081","0.088","0.056","24.000","2023-05-29 17:12:21"
"2021-02-09 00:00:00","D","16.893","17.280","15.440","24.000","2023-05-29 17:12:17"
"2021-02-09 06:00:00","W","0.065","0.102","0.046","24.000","2023-05-29 17:12:21"
"2021-02-09 06:00:00","D","15.744","16.970","13.980","24.000","2023-05-29 17:12:17"
"2021-02-09 12:00:00","W","0.105","0.134","0.057","24.000","2023-05-29 17:12:21"
"2021-02-09 12:00:00","D","14.639","15.730","12.940","24.000","2023-05-29 17:12:17"
"2021-02-09 18:00:00","W","0.060","0.073","0.043","24.000","2023-05-29 17:12:21"
"2021-02-09 18:00:00","D","13.321","14.060","12.550","24.000","2023-05-29 17:12:17"
"2021-02-10 00:00:00","W","0.059","0.071","0.047","24.000","2023-05-29 17:12:21"
"2021-02-10 00:00:00","D","13.186","13.930","12.500","24.000","2023-05-29 17:12:17"
"2021-02-10 06:00:00","W","0.058","0.081","0.041","24.000","2023-05-29 17:12:21"
"2021-02-10 06:00:00","D","12.863","13.870","11.580","24.000","2023-05-29 17:12:17"
"2021-02-10 12:00:00","W","0.070","0.085","0.050","24.000","2023-05-29 17:12:21"
"2021-02-10 12:00:00","D","12.532","13.310","11.580","24.000","2023-05-29 17:12:17"
"2021-02-10 18:00:00","W","0.074","0.103","0.039","24.000","2023-05-29 17:12:21"
"2021-02-10 18:00:00","D","11.970","12.940","10.500","24.000","2023-05-29 17:12:17"
"2021-02-11 00:00:00","W","0.082","0.095","0.067","24.000","2023-05-29 17:12:21"
"2021-02-11 00:00:00","D","11.835","12.720","10.950","24.000","2023-05-29 17:12:17"
"2021-02-11 06:00:00","W","0.070","0.085","0.055","24.000","2023-05-29 17:12:21"
"2021-02-11 06:00:00","D","11.368","12.210","10.440","24.000","2023-05-29 17:12:17"
"2021-02-11 12:00:00","W","0.060","0.076","0.041","24.000","2023-05-29 17:12:21"
"2021-02-11 12:00:00","D","11.072","12.030","9.870","24.000","2023-05-29 17:12:17"
"2021-02-11 18:00:00","W","0.061","0.081","0.043","24.000","2023-05-29 17:12:21"
"2021-02-11 18:00:00","D","10.751","11.940","9.570","24.000","2023-05-29 17:12:17"
"2021-02-12 00:00:00","W","0.059","0.077","0.042","24.000","2023-05-29 17:12:21"
"2021-02-12 00:00:00","D","10.547","11.540","9.550","24.000","2023-05-29 17:12:17"
"2021-02-12 06:00:00","W","0.063","0.082","0.045","24.000","2023-05-29 17:12:21"
"2021-02-12 06:00:00","D","10.253","11.470","9.050","24.000","2023-05-29 17:12:17"
"2021-02-12 12:00:00","W","0.063","0.085","0.032","24.000","2023-05-29 17:12:21"
"2021-02-12 12:00:00","D","9.974","11.240","8.090","24.000","2023-05-29 17:12:17"
"2021-02-12 18:00:00","W","0.077","0.099","0.056","24.000","2023-05-29 17:12:21"
"2021-02-12 18:00:00","D","9.848","11.160","8.560","24.000","2023-05-29 17:12:17"
"2021-02-13 00:00:00","W","0.076","0.092","0.055","24.000","2023-05-29 17:12:21"
"2021-02-13 00:00:00","D","9.787","10.860","8.650","24.000","2023-05-29 17:12:17"
"2021-02-13 06:00:00","W","0.069","0.088","0.050","24.000","2023-05-29 17:12:21"
"2021-02-13 06:00:00","D","9.546","10.760","8.380","24.000","2023-05-29 17:12:17"
"2021-02-13 12:00:00","W","0.062","0.083","0.043","24.000","2023-05-29 17:12:21"
"2021-02-13 12:00:00","D","9.496","10.670","8.400","24.000","2023-05-29 17:12:17"
"2021-02-13 18:00:00","W","0.061","0.081","0.043","24.000","2023-05-29 17:12:21"
"2021-02-13 18:00:00","D","9.296","10.590","8.090","24.000","2023-05-29 17:12:17"
"2021-02-14 00:00:00","W","0.067","0.084","0.045","24.000","2023-05-29 17:12:21"
"2021-02-14 00:00:00","D","9.285","10.360","8.000","24.000","2023-05-29 17:12:17"
"2021-02-14 06:00:00","W","0.062","0.082","0.041","24.000","2023-05-29 17:12:21"
"2021-02-14 06:00:00","D","9.066","10.450","7.830","24.000","2023-05-29 17:12:17"
"2021-02-14 12:00:00","W","0.067","0.119","0.037","24.000","2023-05-29 17:12:21"
"2021-02-14 12:00:00","D","9.154","11.440","7.680","24.000","2023-05-29 17:12:17"
"2021-02-14 18:00:00","W","0.092","0.123","0.047","24.000","2023-05-29 17:12:21"
"2021-02-14 18:00:00","D","9.105","11.260","6.680","24.000","2023-05-29 17:12:17"
"2021-02-15 00:00:00","W","0.105","0.123","0.082","24.000","2023-05-29 17:12:21"
"2021-02-15 00:00:00","D","9.496","10.650","8.140","24.000","2023-05-29 17:12:17"
"2021-02-15 06:00:00","W","0.107","0.125","0.086","24.000","2023-05-29 17:12:21"
"2021-02-15 06:00:00","D","9.533","10.720","8.240","24.000","2023-05-29 17:12:17"
"2021-02-15 12:00:00","W","0.101","0.127","0.059","24.000","2023-05-29 17:12:21"
"2021-02-15 12:00:00","D","9.381","11.090","6.970","24.000","2023-05-29 17:12:17"
"2021-02-15 18:00:00","W","0.107","0.134","0.078","24.000","2023-05-29 17:12:21"
"2021-02-15 18:00:00","D","10.299","12.110","9.060","24.000","2023-05-29 17:12:17"
"2021-02-16 00:00:00","W","0.094","0.114","0.075","24.000","2023-05-29 17:12:21"
"2021-02-16 00:00:00","D","10.287","11.450","9.140","24.000","2023-05-29 17:12:17"
"2021-02-16 06:00:00","W","0.099","0.114","0.082","24.000","2023-05-29 17:12:21"
"2021-02-16 06:00:00","D","10.346","11.390","9.220","24.000","2023-05-29 17:12:17"
"2021-02-16 12:00:00","W","0.101","0.115","0.081","24.000","2023-05-29 17:12:21"
"2021-02-16 12:00:00","D","10.413","11.240","9.110","24.000","2023-05-29 17:12:17"
"2021-02-16 18:00:00","W","0.107","0.128","0.084","24.000","2023-05-29 17:12:21"
"2021-02-16 18:00:00","D","10.390","11.760","9.050","24.000","2023-05-29 17:12:17"
"2021-02-17 00:00:00","W","0.109","0.136","0.085","24.000","2023-05-29 17:12:21"
"2021-02-17 00:00:00","D","10.935","12.150","9.650","24.000","2023-05-29 17:12:17"
"2021-02-17 06:00:00","W","0.097","0.117","0.075","24.000","2023-05-29 17:12:21"
"2021-02-17 06:00:00","D","10.770","12.010","9.520","24.000","2023-05-29 17:12:17"
"2021-02-17 12:00:00","W","0.093","0.112","0.071","24.000","2023-05-29 17:12:21"
"2021-02-17 12:00:00","D","10.741","12.190","9.370","24.000","2023-05-29 17:12:17"
"2021-02-17 18:00:00","W","0.094","0.116","0.070","24.000","2023-05-29 17:12:21"
"2021-02-17 18:00:00","D","10.696","12.040","9.060","24.000","2023-05-29 17:12:17"
"2021-02-18 00:00:00","W","0.104","0.128","0.073","24.000","2023-05-29 17:12:21"
"2021-02-18 00:00:00","D","10.959","12.310","9.400","24.000","2023-05-29 17:12:17"
"2021-02-18 06:00:00","W","0.118","0.134","0.098","24.000","2023-05-29 17:12:21"
"2021-02-18 06:00:00","D","11.618","12.630","10.300","24.000","2023-05-29 17:12:17"
"2021-02-18 12:00:00","W","0.120","0.137","0.101","24.000","2023-05-29 17:12:21"
"2021-02-18 12:00:00","D","12.004","13.200","10.820","24.000","2023-05-29 17:12:17"
"2021-02-18 18:00:00","W","0.103","0.127","0.075","24.000","2023-05-29 17:12:21"
"2021-02-18 18:00:00","D","12.300","13.470","10.920","24.000","2023-05-29 17:12:17"
"2021-02-19 00:00:00","W","0.111","0.126","0.091","24.000","2023-05-29 17:12:21"
"2021-02-19 00:00:00","D","12.529","13.360","11.660","24.000","2023-05-29 17:12:17"
"2021-02-19 06:00:00","W","0.099","0.114","0.086","24.000","2023-05-29 17:12:21"
"2021-02-19 06:00:00","D","12.130","12.610","11.580","24.000","2023-05-29 17:12:17"
"2021-02-19 12:00:00","W","0.082","0.096","0.068","24.000","2023-05-29 17:12:21"
"2021-02-19 12:00:00","D","11.745","12.160","11.110","24.000","2023-05-29 17:12:17"
"2021-02-19 18:00:00","W","0.068","0.084","0.041","24.000","2023-05-29 17:12:21"
"2021-02-19 18:00:00","D","11.315","12.100","10.010","24.000","2023-05-29 17:12:17"
"2021-02-20 00:00:00","W","0.064","0.084","0.046","24.000","2023-05-29 17:12:21"
"2021-02-20 00:00:00","D","11.009","12.220","9.830","24.000","2023-05-29 17:12:17"
"2021-02-20 06:00:00","W","0.065","0.087","0.040","24.000","2023-05-29 17:12:21"
"2021-02-20 06:00:00","D","10.566","11.770","9.400","24.000","2023-05-29 17:12:17"
"2021-02-20 12:00:00","W","0.064","0.085","0.041","24.000","2023-05-29 17:12:21"
"2021-02-20 12:00:00","D","10.365","11.510","9.220","24.000","2023-05-29 17:12:17"
"2021-02-20 18:00:00","W","0.086","0.112","0.038","24.000","2023-05-29 17:12:21"
"2021-02-20 18:00:00","D","9.966","11.360","8.350","24.000","2023-05-29 17:12:17"
"2021-02-21 00:00:00","W","0.092","0.112","0.072","24.000","2023-05-29 17:12:21"
"2021-02-21 00:00:00","D","9.863","10.970","8.670","24.000","2023-05-29 17:12:17"
"2021-02-21 06:00:00","W","0.078","0.134","0.052","24.000","2023-05-29 17:12:21"
"2021-02-21 06:00:00","D","9.617","12.650","7.690","24.000","2023-05-29 17:12:17"
"2021-02-21 12:00:00","W","0.073","0.091","0.053","24.000","2023-05-29 17:12:21"
"2021-02-21 12:00:00","D","9.536","10.680","8.340","24.000","2023-05-29 17:12:17"
"2021-02-21 18:00:00","W","0.066","0.089","0.043","24.000","2023-05-29 17:12:21"
"2021-02-21 18:00:00","D","9.325","10.800","7.730","24.000","2023-05-29 17:12:17"
"2021-02-22 00:00:00","W","0.073","0.094","0.046","24.000","2023-05-29 17:12:21"
"2021-02-22 00:00:00","D","9.130","10.460","7.770","24.000","2023-05-29 17:12:17"
"2021-02-22 06:00:00","W","0.068","0.085","0.052","24.000","2023-05-29 17:12:21"
"2021-02-22 06:00:00","D","8.937","10.010","8.060","24.000","2023-05-29 17:12:17"
"2021-02-22 12:00:00","W","0.062","0.076","0.047","24.000","2023-05-29 17:12:21"
"2021-02-22 12:00:00","D","8.782","9.720","7.950","24.000","2023-05-29 17:12:17"
"2021-02-22 18:00:00","W","0.063","0.080","0.040","24.000","2023-05-29 17:12:21"
"2021-02-22 18:00:00","D","8.701","9.560","7.610","24.000","2023-05-29 17:12:17"
"2021-02-23 00:00:00","W","0.066","0.109","0.023","24.000","2023-05-29 17:12:21"
"2021-02-23 00:00:00","D","8.138","9.600","6.210","24.000","2023-05-29 17:12:17"
"2021-02-23 06:00:00","W","0.087","0.140","0.036","24.000","2023-05-29 17:12:21"
"2021-02-23 06:00:00","D","8.273","10.880","6.410","24.000","2023-05-29 17:12:17"
"2021-02-23 12:00:00","W","0.088","0.125","0.064","24.000","2023-05-29 17:12:21"
"2021-02-23 12:00:00","D","8.320","10.800","7.010","24.000","2023-05-29 17:12:17"
"2021-02-23 18:00:00","W","0.084","0.136","0.040","24.000","2023-05-29 17:12:21"
"2021-02-23 18:00:00","D","8.150","10.820","6.530","24.000","2023-05-29 17:12:17"
"2021-02-24 00:00:00","W","0.083","0.131","0.041","24.000","2023-05-29 17:12:21"
"2021-02-24 00:00:00","D","8.028","10.490","6.220","24.000","2023-05-29 17:12:17"
"2021-02-24 06:00:00","W","0.079","0.142","0.050","24.000","2023-05-29 17:12:21"
"2021-02-24 06:00:00","D","8.027","10.610","6.170","24.000","2023-05-29 17:12:17"
"2021-02-24 12:00:00","W","0.074","0.120","0.040","24.000","2023-05-29 17:12:21"
"2021-02-24 12:00:00","D","8.110","10.140","6.650","24.000","2023-05-29 17:12:17"
"2021-02-24 18:00:00","W","0.092","0.124","0.064","24.000","2023-05-29 17:12:21"
"2021-02-24 18:00:00","D","8.100","9.440","6.640","24.000","2023-05-29 17:12:17"
"2021-02-25 00:00:00","W","0.080","0.136","0.044","24.000","2023-05-29 17:12:21"
"2021-02-25 00:00:00","D","8.147","11.050","6.290","24.000","2023-05-29 17:12:17"
"2021-02-25 06:00:00","W","0.070","0.096","0.042","24.000","2023-05-29 17:12:21"
"2021-02-25 06:00:00","D","7.893","9.350","6.420","24.000","2023-05-29 17:12:17"
"2021-02-25 12:00:00","W","0.072","0.112","0.046","24.000","2023-05-29 17:12:21"
"2021-02-25 12:00:00","D","7.988","10.020","6.720","24.000","2023-05-29 17:12:17"
"2021-02-25 18:00:00","W","0.086","0.131","0.056","24.000","2023-05-29 17:12:21"
"2021-02-25 18:00:00","D","7.888","10.230","6.410","24.000","2023-05-29 17:12:17"
"2021-02-26 00:00:00","W","0.086","0.118","0.067","24.000","2023-05-29 17:12:21"
"2021-02-26 00:00:00","D","7.834","9.560","6.770","24.000","2023-05-29 17:12:17"
"2021-02-26 06:00:00","W","0.079","0.099","0.062","24.000","2023-05-29 17:12:21"
"2021-02-26 06:00:00","D","7.621","8.720","6.600","24.000","2023-05-29 17:12:17"
"2021-02-26 12:00:00","W","0.075","0.095","0.059","24.000","2023-05-29 17:12:21"
"2021-02-26 12:00:00","D","7.577","8.690","6.410","24.000","2023-05-29 17:12:17"
"2021-02-26 18:00:00","W","0.074","0.099","0.050","24.000","2023-05-29 17:12:21"
"2021-02-26 18:00:00","D","7.538","9.120","6.050","24.000","2023-05-29 17:12:17"
"2021-02-27 00:00:00","W","0.079","0.102","0.058","24.000","2023-05-29 17:12:21"
"2021-02-27 00:00:00","D","7.593","8.870","6.200","24.000","2023-05-29 17:12:17"
"2021-02-27 06:00:00","W","0.075","0.094","0.059","24.000","2023-05-29 17:12:21"
"2021-02-27 06:00:00","D","7.498","8.580","6.450","24.000","2023-05-29 17:12:17"
"2021-02-27 12:00:00","W","0.072","0.100","0.040","24.000","2023-05-29 17:12:21"
"2021-02-27 12:00:00","D","7.455","8.870","6.050","24.000","2023-05-29 17:12:17"
"2021-02-27 18:00:00","W","0.086","0.132","0.046","24.000","2023-05-29 17:12:21"
"2021-02-27 18:00:00","D","7.307","9.850","5.650","24.000","2023-05-29 17:12:17"
"2021-02-28 00:00:00","W","0.067","0.095","0.045","24.000","2023-05-29 17:12:21"
"2021-02-28 00:00:00","D","7.218","8.560","5.870","24.000","2023-05-29 17:12:17"
"2021-02-28 06:00:00","W","0.067","0.086","0.048","24.000","2023-05-29 17:12:21"
"2021-02-28 06:00:00","D","7.245","8.380","6.040","24.000","2023-05-29 17:12:17"
"2021-02-28 12:00:00","W","0.070","0.110","0.052","24.000","2023-05-29 17:12:21"
"2021-02-28 12:00:00","D","7.418","9.170","6.250","24.000","2023-05-29 17:12:17"
"2021-02-28 18:00:00","W","0.075","0.099","0.041","24.000","2023-05-29 17:12:21"
"2021-02-28 18:00:00","D","7.425","8.980","5.650","24.000","2023-05-29 17:12:17"
"2021-03-01 00:00:00","W","0.080","0.102","0.061","24.000","2023-05-29 17:12:21"
"2021-03-01 00:00:00","D","7.288","8.560","6.050","24.000","2023-05-29 17:12:17"
"2021-03-01 06:00:00","W","0.077","0.098","0.059","24.000","2023-05-29 17:12:21"
"2021-03-01 06:00:00","D","7.195","8.300","6.110","24.000","2023-05-29 17:12:17"
"2021-03-01 12:00:00","W","0.073","0.093","0.052","24.000","2023-05-29 17:12:21"
"2021-03-01 12:00:00","D","7.243","8.500","5.980","24.000","2023-05-29 17:12:17"
"2021-03-01 18:00:00","W","0.074","0.099","0.054","24.000","2023-05-29 17:12:21"
"2021-03-01 18:00:00","D","7.259","8.720","5.620","24.000","2023-05-29 17:12:17"
"2021-03-02 00:00:00","W","0.076","0.097","0.058","24.000","2023-05-29 17:12:21"
"2021-03-02 00:00:00","D","7.255","8.560","5.960","24.000","2023-05-29 17:12:17"
"2021-03-02 06:00:00","W","0.075","0.093","0.059","24.000","2023-05-29 17:12:21"
"2021-03-02 06:00:00","D","7.207","8.370","6.080","24.000","2023-05-29 17:12:17"
"2021-03-02 12:00:00","W","0.073","0.091","0.056","24.000","2023-05-29 17:12:21"
"2021-03-02 12:00:00","D","7.194","8.330","6.060","24.000","2023-05-29 17:12:17"
"2021-03-02 18:00:00","W","0.076","0.101","0.056","24.000","2023-05-29 17:12:21"
"2021-03-02 18:00:00","D","7.271","8.540","5.870","24.000","2023-05-29 17:12:17"
"2021-03-03 00:00:00","W","0.076","0.096","0.058","24.000","2023-05-29 17:12:21"
"2021-03-03 00:00:00","D","7.223","8.270","6.140","24.000","2023-05-29 17:12:17"
"2021-03-03 06:00:00","W","0.071","0.088","0.054","24.000","2023-05-29 17:12:21"
"2021-03-03 06:00:00","D","7.102","8.060","6.040","24.000","2023-05-29 17:12:17"
"2021-03-03 12:00:00","W","0.071","0.132","0.052","24.000","2023-05-29 17:12:21"
"2021-03-03 12:00:00","D","7.018","8.140","6.000","24.000","2023-05-29 17:12:17"
"2021-03-03 18:00:00","W","0.104","0.162","0.057","24.000","2023-05-29 17:12:21"
"2021-03-03 18:00:00","D","7.342","10.020","4.870","24.000","2023-05-29 17:12:17"
"2021-03-04 00:00:00","W","0.096","0.136","0.064","24.000","2023-05-29 17:12:21"
"2021-03-04 00:00:00","D","8.310","10.930","6.720","24.000","2023-05-29 17:12:17"
"2021-03-04 06:00:00","W","0.110","0.133","0.082","24.000","2023-05-29 17:12:21"
"2021-03-04 06:00:00","D","9.093","10.340","7.570","24.000","2023-05-29 17:12:17"
"2021-03-04 12:00:00","W","0.094","0.120","0.058","24.000","2023-05-29 17:12:21"
"2021-03-04 12:00:00","D","8.828","9.960","7.430","24.000","2023-05-29 17:12:17"
"2021-03-04 18:00:00","W","0.082","0.115","0.054","24.000","2023-05-29 17:12:21"
"2021-03-04 18:00:00","D","8.493","10.240","7.250","24.000","2023-05-29 17:12:17"
"2021-03-05 00:00:00","W","0.072","0.102","0.034","24.000","2023-05-29 17:12:21"
"2021-03-05 00:00:00","D","8.018","9.250","6.660","24.000","2023-05-29 17:12:17"
"2021-03-05 06:00:00","W","0.096","0.127","0.065","24.000","2023-05-29 17:12:21"
"2021-03-05 06:00:00","D","7.724","9.070","5.960","24.000","2023-05-29 17:12:17"
"2021-03-05 12:00:00","W","0.095","0.126","0.053","24.000","2023-05-29 17:12:21"
"2021-03-05 12:00:00","D","8.052","9.470","6.080","24.000","2023-05-29 17:12:17"
"2021-03-05 18:00:00","W","0.072","0.128","0.039","24.000","2023-05-29 17:12:21"
"2021-03-05 18:00:00","D","7.644","10.690","5.720","24.000","2023-05-29 17:12:17"
"2021-03-06 00:00:00","W","0.071","0.128","0.046","24.000","2023-05-29 17:12:21"
"2021-03-06 00:00:00","D","7.398","10.510","5.810","24.000","2023-05-29 17:12:17"
"2021-03-06 06:00:00","W","0.066","0.088","0.044","24.000","2023-05-29 17:12:21"
"2021-03-06 06:00:00","D","7.347","8.760","5.820","24.000","2023-05-29 17:12:17"
"2021-03-06 12:00:00","W","0.066","0.109","0.043","24.000","2023-05-29 17:12:21"
"2021-03-06 12:00:00","D","7.420","9.740","5.920","24.000","2023-05-29 17:12:17"
"2021-03-06 18:00:00","W","0.074","0.134","0.041","24.000","2023-05-29 17:12:21"
"2021-03-06 18:00:00","D","7.257","10.590","5.790","24.000","2023-05-29 17:12:17"
"2021-03-07 00:00:00","W","0.073","0.103","0.042","24.000","2023-05-29 17:12:21"
"2021-03-07 00:00:00","D","7.037","8.940","5.350","24.000","2023-05-29 17:12:17"
"2021-03-07 06:00:00","W","0.074","0.097","0.054","24.000","2023-05-29 17:12:21"
"2021-03-07 06:00:00","D","7.050","8.410","5.990","24.000","2023-05-29 17:12:17"
"2021-03-07 12:00:00","W","0.071","0.091","0.059","24.000","2023-05-29 17:12:21"
"2021-03-07 12:00:00","D","6.984","8.070","6.240","24.000","2023-05-29 17:12:17"
"2021-03-07 18:00:00","W","0.070","0.114","0.050","24.000","2023-05-29 17:12:21"
"2021-03-07 18:00:00","D","6.983","9.250","5.850","24.000","2023-05-29 17:12:17"
"2021-03-08 00:00:00","W","0.071","0.126","0.052","24.000","2023-05-29 17:12:21"
"2021-03-08 00:00:00","D","6.948","9.960","5.110","24.000","2023-05-29 17:12:17"
"2021-03-08 06:00:00","W","0.067","0.083","0.051","24.000","2023-05-29 17:12:21"
"2021-03-08 06:00:00","D","6.865","7.880","5.760","24.000","2023-05-29 17:12:17"
"2021-03-08 12:00:00","W","0.066","0.084","0.050","24.000","2023-05-29 17:12:21"
"2021-03-08 12:00:00","D","6.932","7.940","5.720","24.000","2023-05-29 17:12:17"
"2021-03-08 18:00:00","W","0.072","0.125","0.030","24.000","2023-05-29 17:12:21"
"2021-03-08 18:00:00","D","6.729","9.770","4.630","24.000","2023-05-29 17:12:17"
"2021-03-09 00:00:00","W","0.091","0.115","0.069","24.000","2023-05-29 17:12:21"
"2021-03-09 00:00:00","D","6.756","8.370","4.820","24.000","2023-05-29 17:12:17"
"2021-03-09 06:00:00","W","0.093","0.115","0.072","24.000","2023-05-29 17:12:21"
"2021-03-09 06:00:00","D","6.852","8.180","5.340","24.000","2023-05-29 17:12:17"
"2021-03-09 12:00:00","W","0.084","0.127","0.047","24.000","2023-05-29 17:12:21"
"2021-03-09 12:00:00","D","6.792","10.190","4.990","24.000","2023-05-29 17:12:17"
"2021-03-09 18:00:00","W","0.079","0.135","0.042","24.000","2023-05-29 17:12:21"
"2021-03-09 18:00:00","D","6.773","10.070","4.100","24.000","2023-05-29 17:12:17"
"2021-03-10 00:00:00","W","0.077","0.117","0.054","24.000","2023-05-29 17:12:21"
"2021-03-10 00:00:00","D","6.645","9.130","4.590","24.000","2023-05-29 17:12:17"
"2021-03-10 06:00:00","W","0.075","0.102","0.054","24.000","2023-05-29 17:12:21"
"2021-03-10 06:00:00","D","6.623","8.210","5.150","24.000","2023-05-29 17:12:17"
"2021-03-10 12:00:00","W","0.076","0.100","0.054","24.000","2023-05-29 17:12:21"
"2021-03-10 12:00:00","D","6.758","8.230","5.300","24.000","2023-05-29 17:12:17"
"2021-03-10 18:00:00","W","0.085","0.116","0.058","24.000","2023-05-29 17:12:21"
"2021-03-10 18:00:00","D","6.954","8.560","5.250","24.000","2023-05-29 17:12:17"
"2021-03-11 00:00:00","W","0.087","0.147","0.034","24.000","2023-05-29 17:12:21"
"2021-03-11 00:00:00","D","7.541","10.270","5.530","24.000","2023-05-29 17:12:17"
"2021-03-11 06:00:00","W","0.083","0.144","0.040","24.000","2023-05-29 17:12:21"
"2021-03-11 06:00:00","D","7.483","10.600","4.850","24.000","2023-05-29 17:12:17"
"2021-03-11 12:00:00","W","0.081","0.141","0.038","24.000","2023-05-29 17:12:21"
"2021-03-11 12:00:00","D","7.808","10.970","5.190","24.000","2023-05-29 17:12:17"
"2021-03-11 18:00:00","W","0.093","0.170","0.038","24.000","2023-05-29 17:12:21"
"2021-03-11 18:00:00","D","8.156","12.130","5.650","24.000","2023-05-29 17:12:17"
"2021-03-12 00:00:00","W","0.076","0.129","0.030","24.000","2023-05-29 17:12:21"
"2021-03-12 00:00:00","D","8.441","11.450","6.610","24.000","2023-05-29 17:12:17"
"2021-03-12 06:00:00","W","0.085","0.114","0.063","24.000","2023-05-29 17:12:21"
"2021-03-12 06:00:00","D","7.823","9.390","5.960","24.000","2023-05-29 17:12:17"
"2021-03-12 12:00:00","W","0.081","0.107","0.060","24.000","2023-05-29 17:12:21"
"2021-03-12 12:00:00","D","7.839","9.590","6.100","24.000","2023-05-29 17:12:17"
"2021-03-12 18:00:00","W","0.082","0.139","0.046","24.000","2023-05-29 17:12:21"
"2021-03-12 18:00:00","D","7.533","10.870","4.370","24.000","2023-05-29 17:12:17"
"2021-03-13 00:00:00","W","0.073","0.126","0.037","24.000","2023-05-29 17:12:21"
"2021-03-13 00:00:00","D","6.931","9.930","5.140","24.000","2023-05-29 17:12:17"
"2021-03-13 06:00:00","W","0.078","0.153","0.046","24.000","2023-05-29 17:12:21"
"2021-03-13 06:00:00","D","7.170","10.750","5.150","24.000","2023-05-29 17:12:17"
"2021-03-13 12:00:00","W","0.081","0.160","0.049","24.000","2023-05-29 17:12:21"
"2021-03-13 12:00:00","D","7.880","12.080","5.590","24.000","2023-05-29 17:12:17"
"2021-03-13 18:00:00","W","0.074","0.127","0.028","24.000","2023-05-29 17:12:21"
"2021-03-13 18:00:00","D","7.417","10.540","4.770","24.000","2023-05-29 17:12:17"
"2021-03-14 00:00:00","W","0.079","0.121","0.046","24.000","2023-05-29 17:12:21"
"2021-03-14 00:00:00","D","7.224","9.540","4.680","24.000","2023-05-29 17:12:17"
"2021-03-14 06:00:00","W","0.071","0.104","0.046","24.000","2023-05-29 17:12:21"
"2021-03-14 06:00:00","D","6.929","8.930","5.150","24.000","2023-05-29 17:12:17"
"2021-03-14 12:00:00","W","0.072","0.130","0.037","24.000","2023-05-29 17:12:21"
"2021-03-14 12:00:00","D","7.022","10.330","5.070","24.000","2023-05-29 17:12:17"
"2021-03-14 18:00:00","W","0.097","0.130","0.036","24.000","2023-05-29 17:12:21"
"2021-03-14 18:00:00","D","6.364","9.120","4.520","24.000","2023-05-29 17:12:17"
"2021-03-15 00:00:00","W","0.090","0.132","0.069","24.000","2023-05-29 17:12:21"
"2021-03-15 00:00:00","D","7.033","8.380","6.360","24.000","2023-05-29 17:12:17"
"2021-03-15 06:00:00","W","0.070","0.082","0.058","24.000","2023-05-29 17:12:21"
"2021-03-15 06:00:00","D","6.542","6.970","6.070","24.000","2023-05-29 17:12:17"
"2021-03-15 12:00:00","W","0.070","0.081","0.057","24.000","2023-05-29 17:12:21"
"2021-03-15 12:00:00","D","6.615","7.190","6.080","24.000","2023-05-29 17:12:17"
"2021-03-15 18:00:00","W","0.072","0.082","0.060","24.000","2023-05-29 17:12:21"
"2021-03-15 18:00:00","D","6.652","7.220","6.290","24.000","2023-05-29 17:12:17"
"2021-03-16 00:00:00","W","0.088","0.119","0.065","24.000","2023-05-29 17:12:21"
"2021-03-16 00:00:00","D","7.117","8.520","5.870","24.000","2023-05-29 17:12:17"
"2021-03-16 06:00:00","W","0.079","0.099","0.052","24.000","2023-05-29 17:12:21"
"2021-03-16 06:00:00","D","6.880","8.040","5.310","24.000","2023-05-29 17:12:17"
"2021-03-16 12:00:00","W","0.072","0.094","0.049","24.000","2023-05-29 17:12:21"
"2021-03-16 12:00:00","D","6.728","8.160","5.250","24.000","2023-05-29 17:12:17"
"2021-03-16 18:00:00","W","0.076","0.127","0.038","24.000","2023-05-29 17:12:21"
"2021-03-16 18:00:00","D","6.839","9.560","5.100","24.000","2023-05-29 17:12:17"
"2021-03-17 00:00:00","W","0.078","0.110","0.056","24.000","2023-05-29 17:12:21"
"2021-03-17 00:00:00","D","6.503","8.360","4.960","24.000","2023-05-29 17:12:17"
"2021-03-17 06:00:00","W","0.075","0.105","0.052","24.000","2023-05-29 17:12:21"
"2021-03-17 06:00:00","D","6.520","8.140","4.890","24.000","2023-05-29 17:12:17"
"2021-03-17 12:00:00","W","0.074","0.100","0.033","24.000","2023-05-29 17:12:21"
"2021-03-17 12:00:00","D","6.085","7.390","4.580","24.000","2023-05-29 17:12:17"
"2021-03-17 18:00:00","W","0.103","0.113","0.092","24.000","2023-05-29 17:12:21"
"2021-03-17 18:00:00","D","6.525","6.960","5.940","24.000","2023-05-29 17:12:17"
"2021-03-18 00:00:00","W","0.104","0.111","0.094","24.000","2023-05-29 17:12:21"
"2021-03-18 00:00:00","D","6.590","6.930","6.250","24.000","2023-05-29 17:12:17"
"2021-03-18 06:00:00","W","0.106","0.112","0.098","24.000","2023-05-29 17:12:21"
"2021-03-18 06:00:00","D","6.618","6.930","6.340","24.000","2023-05-29 17:12:17"
"2021-03-18 12:00:00","W","0.101","0.110","0.089","24.000","2023-05-29 17:12:21"
"2021-03-18 12:00:00","D","6.486","6.770","6.130","24.000","2023-05-29 17:12:17"
"2021-03-18 18:00:00","W","0.101","0.108","0.083","24.000","2023-05-29 17:12:21"
"2021-03-18 18:00:00","D","6.463","6.980","5.890","24.000","2023-05-29 17:12:17"
"2021-03-19 00:00:00","W","0.105","0.112","0.095","24.000","2023-05-29 17:12:21"
"2021-03-19 00:00:00","D","6.554","6.870","6.260","24.000","2023-05-29 17:12:17"
"2021-03-19 06:00:00","W","0.106","0.113","0.098","24.000","2023-05-29 17:12:21"
"2021-03-19 06:00:00","D","6.640","6.930","6.290","24.000","2023-05-29 17:12:17"
"2021-03-19 12:00:00","W","0.110","0.126","0.097","24.000","2023-05-29 17:12:21"
"2021-03-19 12:00:00","D","6.727","7.330","6.220","24.000","2023-05-29 17:12:17"
"2021-03-19 18:00:00","W","0.104","0.146","0.083","24.000","2023-05-29 17:12:21"
"2021-03-19 18:00:00","D","7.073","8.640","6.210","24.000","2023-05-29 17:12:17"
"2021-03-20 00:00:00","W","0.082","0.097","0.071","24.000","2023-05-29 17:12:21"
"2021-03-20 00:00:00","D","6.691","7.510","6.270","24.000","2023-05-29 17:12:17"
"2021-03-20 06:00:00","W","0.076","0.085","0.064","24.000","2023-05-29 17:12:21"
"2021-03-20 06:00:00","D","6.563","6.930","6.210","24.000","2023-05-29 17:12:17"
"2021-03-20 12:00:00","W","0.074","0.097","0.055","24.000","2023-05-29 17:12:21"
"2021-03-20 12:00:00","D","6.570","7.590","5.550","24.000","2023-05-29 17:12:17"
"2021-03-20 18:00:00","W","0.068","0.086","0.048","24.000","2023-05-29 17:12:21"
"2021-03-20 18:00:00","D","6.408","7.630","4.880","24.000","2023-05-29 17:12:17"
"2021-03-21 00:00:00","W","0.069","0.096","0.045","24.000","2023-05-29 17:12:21"
"2021-03-21 00:00:00","D","6.407","8.020","4.730","24.000","2023-05-29 17:12:17"
"2021-03-21 06:00:00","W","0.065","0.073","0.055","24.000","2023-05-29 17:12:21"
"2021-03-21 06:00:00","D","6.288","6.660","5.920","24.000","2023-05-29 17:12:17"
"2021-03-21 12:00:00","W","0.066","0.086","0.044","24.000","2023-05-29 17:12:21"
"2021-03-21 12:00:00","D","6.397","8.090","5.420","24.000","2023-05-29 17:12:17"
"2021-03-21 18:00:00","W","0.068","0.111","0.032","24.000","2023-05-29 17:12:21"
"2021-03-21 18:00:00","D","6.193","8.710","4.650","24.000","2023-05-29 17:12:17"
"2021-03-22 00:00:00","W","0.078","0.094","0.066","24.000","2023-05-29 17:12:21"
"2021-03-22 00:00:00","D","6.150","6.930","5.330","24.000","2023-05-29 17:12:17"
"2021-03-22 06:00:00","W","0.076","0.086","0.066","24.000","2023-05-29 17:12:21"
"2021-03-22 06:00:00","D","6.094","6.700","5.470","24.000","2023-05-29 17:12:17"
"2021-03-22 12:00:00","W","0.069","0.082","0.034","24.000","2023-05-29 17:12:21"
"2021-03-22 12:00:00","D","5.857","6.520","4.250","24.000","2023-05-29 17:12:17"
"2021-03-22 18:00:00","W","0.091","0.120","0.058","24.000","2023-05-29 17:12:21"
"2021-03-22 18:00:00","D","5.533","6.720","4.060","24.000","2023-05-29 17:12:17"
"2021-03-23 00:00:00","W","0.104","0.124","0.086","24.000","2023-05-29 17:12:21"
"2021-03-23 00:00:00","D","5.956","7.130","4.940","24.000","2023-05-29 17:12:17"
"2021-03-23 06:00:00","W","0.103","0.115","0.093","24.000","2023-05-29 17:12:21"
"2021-03-23 06:00:00","D","5.910","6.540","5.300","24.000","2023-05-29 17:12:17"
"2021-03-23 12:00:00","W","0.101","0.111","0.091","24.000","2023-05-29 17:12:21"
"2021-03-23 12:00:00","D","5.945","6.460","5.410","24.000","2023-05-29 17:12:17"
"2021-03-23 18:00:00","W","0.103","0.119","0.093","24.000","2023-05-29 17:12:21"
"2021-03-23 18:00:00","D","5.838","6.730","5.160","24.000","2023-05-29 17:12:17"
"2021-03-24 00:00:00","W","0.106","0.121","0.094","24.000","2023-05-29 17:12:21"
"2021-03-24 00:00:00","D","6.019","6.910","5.310","24.000","2023-05-29 17:12:17"
"2021-03-24 06:00:00","W","0.104","0.114","0.096","24.000","2023-05-29 17:12:21"
"2021-03-24 06:00:00","D","5.915","6.530","5.380","24.000","2023-05-29 17:12:17"
"2021-03-24 12:00:00","W","0.102","0.112","0.093","24.000","2023-05-29 17:12:21"
"2021-03-24 12:00:00","D","5.902","6.450","5.390","24.000","2023-05-29 17:12:17"
"2021-03-24 18:00:00","W","0.102","0.117","0.089","24.000","2023-05-29 17:12:21"
"2021-03-24 18:00:00","D","5.846","6.820","5.060","24.000","2023-05-29 17:12:17"
"2021-03-25 00:00:00","W","0.104","0.117","0.092","24.000","2023-05-29 17:12:21"
"2021-03-25 00:00:00","D","5.955","6.720","5.190","24.000","2023-05-29 17:12:17"
"2021-03-25 06:00:00","W","0.101","0.115","0.091","24.000","2023-05-29 17:12:21"
"2021-03-25 06:00:00","D","5.887","6.540","5.330","24.000","2023-05-29 17:12:17"
"2021-03-25 12:00:00","W","0.098","0.110","0.087","24.000","2023-05-29 17:12:21"
"2021-03-25 12:00:00","D","5.839","6.380","5.170","24.000","2023-05-29 17:12:17"
"2021-03-25 18:00:00","W","0.096","0.107","0.086","24.000","2023-05-29 17:12:21"
"2021-03-25 18:00:00","D","5.697","6.360","5.190","24.000","2023-05-29 17:12:17"
"2021-03-26 00:00:00","W","0.097","0.109","0.087","24.000","2023-05-29 17:12:21"
"2021-03-26 00:00:00","D","5.921","6.430","5.300","24.000","2023-05-29 17:12:17"
"2021-03-26 06:00:00","W","0.094","0.106","0.084","24.000","2023-05-29 17:12:21"
"2021-03-26 06:00:00","D","5.838","6.470","5.280","24.000","2023-05-29 17:12:17"
"2021-03-26 12:00:00","W","0.095","0.108","0.085","24.000","2023-05-29 17:12:21"
"2021-03-26 12:00:00","D","5.865","6.500","5.300","24.000","2023-05-29 17:12:17"
"2021-03-26 18:00:00","W","0.104","0.127","0.078","24.000","2023-05-29 17:12:21"
"2021-03-26 18:00:00","D","5.991","7.000","4.930","24.000","2023-05-29 17:12:17"
"2021-03-27 00:00:00","W","0.111","0.136","0.086","24.000","2023-05-29 17:12:21"
"2021-03-27 00:00:00","D","6.199","7.100","5.180","24.000","2023-05-29 17:12:17"
"2021-03-27 06:00:00","W","0.114","0.132","0.098","24.000","2023-05-29 17:12:21"
"2021-03-27 06:00:00","D","6.411","7.400","5.790","24.000","2023-05-29 17:12:17"
"2021-03-27 12:00:00","W","0.106","0.121","0.094","24.000","2023-05-29 17:12:21"
"2021-03-27 12:00:00","D","6.206","6.880","5.470","24.000","2023-05-29 17:12:17"
"2021-03-27 18:00:00","W","0.107","0.128","0.090","24.000","2023-05-29 17:12:21"
"2021-03-27 18:00:00","D","6.150","7.110","5.140","24.000","2023-05-29 17:12:17"
"2021-03-28 00:00:00","W","0.109","0.124","0.093","24.000","2023-05-29 17:12:21"
"2021-03-28 00:00:00","D","6.292","7.230","5.430","24.000","2023-05-29 17:12:17"
"2021-03-28 06:00:00","W","0.099","0.117","0.085","24.000","2023-05-29 17:12:21"
"2021-03-28 06:00:00","D","6.083","6.880","5.210","24.000","2023-05-29 17:12:17"
"2021-03-28 12:00:00","W","0.090","0.106","0.075","24.000","2023-05-29 17:12:21"
"2021-03-28 12:00:00","D","5.870","6.840","4.910","24.000","2023-05-29 17:12:17"
"2021-03-28 18:00:00","W","0.091","0.106","0.075","24.000","2023-05-29 17:12:21"
"2021-03-28 18:00:00","D","5.733","6.650","4.740","24.000","2023-05-29 17:12:17"
"2021-03-29 00:00:00","W","0.088","0.105","0.073","24.000","2023-05-29 17:12:21"
"2021-03-29 00:00:00","D","5.716","6.610","4.890","24.000","2023-05-29 17:12:17"
"2021-03-29 06:00:00","W","0.083","0.095","0.072","24.000","2023-05-29 17:12:21"
"2021-03-29 06:00:00","D","5.593","6.380","4.790","24.000","2023-05-29 17:12:17"
"2021-03-29 12:00:00","W","0.081","0.094","0.068","24.000","2023-05-29 17:12:21"
"2021-03-29 12:00:00","D","5.474","6.360","4.640","24.000","2023-05-29 17:12:17"
"2021-03-29 18:00:00","W","0.078","0.101","0.056","24.000","2023-05-29 17:12:21"
"2021-03-29 18:00:00","D","5.237","6.700","3.240","24.000","2023-05-29 17:12:17"
"2021-03-30 00:00:00","W","0.081","0.105","0.062","24.000","2023-05-29 17:12:21"
"2021-03-30 00:00:00","D","5.441","6.760","4.170","24.000","2023-05-29 17:12:17"
"2021-03-30 06:00:00","W","0.079","0.101","0.058","24.000","2023-05-29 17:12:21"
"2021-03-30 06:00:00","D","5.345","6.650","4.140","24.000","2023-05-29 17:12:17"
"2021-03-30 12:00:00","W","0.076","0.097","0.053","24.000","2023-05-29 17:12:21"
"2021-03-30 12:00:00","D","5.354","6.740","4.030","24.000","2023-05-29 17:12:17"
"2021-03-30 18:00:00","W","0.077","0.102","0.056","24.000","2023-05-29 17:12:21"
"2021-03-30 18:00:00","D","5.358","6.970","3.890","24.000","2023-05-29 17:12:17"
"2021-03-31 00:00:00","W","0.071","0.090","0.059","24.000","2023-05-29 17:12:21"
"2021-03-31 00:00:00","D","5.251","6.330","4.310","24.000","2023-05-29 17:12:17"
"2021-03-31 06:00:00","W","0.071","0.085","0.061","24.000","2023-05-29 17:12:21"
"2021-03-31 06:00:00","D","5.355","6.390","4.510","24.000","2023-05-29 17:12:17"
"2021-03-31 12:00:00","W","0.072","0.089","0.062","24.000","2023-05-29 17:12:21"
"2021-03-31 12:00:00","D","5.250","6.050","4.390","24.000","2023-05-29 17:12:17"
"2021-03-31 18:00:00","W","0.071","0.096","0.052","24.000","2023-05-29 17:12:21"
"2021-03-31 18:00:00","D","5.293","6.410","4.440","24.000","2023-05-29 17:12:17"
"2021-04-01 00:00:00","W","0.073","0.093","0.056","24.000","2023-05-29 17:12:21"
"2021-04-01 00:00:00","D","5.372","6.560","4.540","24.000","2023-05-29 17:12:17"
"2021-04-01 06:00:00","W","0.071","0.085","0.059","24.000","2023-05-29 17:12:21"
"2021-04-01 06:00:00","D","5.250","5.910","4.450","24.000","2023-05-29 17:12:17"
"2021-04-01 12:00:00","W","0.071","0.083","0.060","24.000","2023-05-29 17:12:21"
"2021-04-01 12:00:00","D","5.235","5.860","4.550","24.000","2023-05-29 17:12:17"
"2021-04-01 18:00:00","W","0.072","0.087","0.059","24.000","2023-05-29 17:12:21"
"2021-04-01 18:00:00","D","5.175","6.130","4.360","24.000","2023-05-29 17:12:17"
"2021-04-02 00:00:00","W","0.071","0.086","0.061","24.000","2023-05-29 17:12:21"
"2021-04-02 00:00:00","D","5.258","6.080","4.540","24.000","2023-05-29 17:12:17"
"2021-04-02 06:00:00","W","0.069","0.082","0.058","24.000","2023-05-29 17:12:21"
"2021-04-02 06:00:00","D","5.236","5.880","4.500","24.000","2023-05-29 17:12:17"
"2021-04-02 12:00:00","W","0.066","0.077","0.055","24.000","2023-05-29 17:12:21"
"2021-04-02 12:00:00","D","5.070","5.550","4.550","24.000","2023-05-29 17:12:17"
"2021-04-02 18:00:00","W","0.070","0.082","0.056","24.000","2023-05-29 17:12:21"
"2021-04-02 18:00:00","D","5.103","5.800","4.410","24.000","2023-05-29 17:12:17"
"2021-04-03 00:00:00","W","0.066","0.076","0.054","24.000","2023-05-29 17:12:21"
"2021-04-03 00:00:00","D","4.995","5.620","4.290","24.000","2023-05-29 17:12:17"
"2021-04-03 06:00:00","W","0.063","0.075","0.053","24.000","2023-05-29 17:12:21"
"2021-04-03 06:00:00","D","4.955","5.610","4.330","24.000","2023-05-29 17:12:17"
"2021-04-03 12:00:00","W","0.063","0.074","0.052","24.000","2023-05-29 17:12:21"
"2021-04-03 12:00:00","D","4.971","5.550","4.360","24.000","2023-05-29 17:12:17"
"2021-04-03 18:00:00","W","0.065","0.096","0.051","24.000","2023-05-29 17:12:21"
"2021-04-03 18:00:00","D","5.084","6.630","4.020","24.000","2023-05-29 17:12:17"
"2021-04-04 00:00:00","W","0.068","0.091","0.057","24.000","2023-05-29 17:12:21"
"2021-04-04 00:00:00","D","5.159","6.140","4.330","24.000","2023-05-29 17:12:17"
"2021-04-04 06:00:00","W","0.062","0.074","0.050","24.000","2023-05-29 17:12:21"
"2021-04-04 06:00:00","D","5.018","5.630","4.470","24.000","2023-05-29 17:12:17"
"2021-04-04 12:00:00","W","0.060","0.083","0.048","24.000","2023-05-29 17:12:21"
"2021-04-04 12:00:00","D","4.906","6.260","4.040","24.000","2023-05-29 17:12:17"
"2021-04-04 18:00:00","W","0.061","0.088","0.045","24.000","2023-05-29 17:12:21"
"2021-04-04 18:00:00","D","4.929","6.420","3.940","24.000","2023-05-29 17:12:17"
"2021-04-05 00:00:00","W","0.075","0.093","0.058","24.000","2023-05-29 17:12:21"
"2021-04-05 00:00:00","D","4.908","5.950","4.090","24.000","2023-05-29 17:12:17"
"2021-04-05 06:00:00","W","0.074","0.088","0.064","24.000","2023-05-29 17:12:21"
"2021-04-05 06:00:00","D","4.901","5.600","4.350","24.000","2023-05-29 17:12:17"
"2021-04-05 12:00:00","W","0.071","0.085","0.052","24.000","2023-05-29 17:12:21"
"2021-04-05 12:00:00","D","4.773","5.760","3.630","24.000","2023-05-29 17:12:17"
"2021-04-05 18:00:00","W","0.079","0.101","0.062","24.000","2023-05-29 17:12:21"
"2021-04-05 18:00:00","D","4.982","5.910","3.900","24.000","2023-05-29 17:12:17"
"2021-04-06 00:00:00","W","0.076","0.090","0.067","24.000","2023-05-29 17:12:21"
"2021-04-06 00:00:00","D","5.024","5.830","4.020","24.000","2023-05-29 17:12:17"
"2021-04-06 06:00:00","W","0.072","0.086","0.062","24.000","2023-05-29 17:12:21"
"2021-04-06 06:00:00","D","4.933","5.630","4.250","24.000","2023-05-29 17:12:17"
"2021-04-06 12:00:00","W","0.073","0.087","0.062","24.000","2023-05-29 17:12:21"
"2021-04-06 12:00:00","D","4.787","5.580","4.020","24.000","2023-05-29 17:12:17"
"2021-04-06 18:00:00","W","0.074","0.088","0.063","24.000","2023-05-29 17:12:21"
"2021-04-06 18:00:00","D","4.781","5.640","4.050","24.000","2023-05-29 17:12:17"
"2021-04-07 00:00:00","W","0.074","0.089","0.064","24.000","2023-05-29 17:12:21"
"2021-04-07 00:00:00","D","4.828","5.490","4.250","24.000","2023-05-29 17:12:17"
"2021-04-07 06:00:00","W","0.072","0.085","0.062","24.000","2023-05-29 17:12:21"
"2021-04-07 06:00:00","D","4.823","5.530","4.310","24.000","2023-05-29 17:12:17"
"2021-04-07 12:00:00","W","0.073","0.086","0.061","24.000","2023-05-29 17:12:21"
"2021-04-07 12:00:00","D","4.751","5.570","3.890","24.000","2023-05-29 17:12:17"
"2021-04-07 18:00:00","W","0.073","0.085","0.060","24.000","2023-05-29 17:12:21"
"2021-04-07 18:00:00","D","4.824","5.470","4.060","24.000","2023-05-29 17:12:17"
"2021-04-08 00:00:00","W","0.073","0.087","0.063","24.000","2023-05-29 17:12:21"
"2021-04-08 00:00:00","D","4.805","5.490","4.110","24.000","2023-05-29 17:12:17"
"2021-04-08 06:00:00","W","0.070","0.083","0.060","24.000","2023-05-29 17:12:21"
"2021-04-08 06:00:00","D","4.760","5.380","4.110","24.000","2023-05-29 17:12:17"
"2021-04-08 12:00:00","W","0.071","0.091","0.059","24.000","2023-05-29 17:12:21"
"2021-04-08 12:00:00","D","4.750","5.330","4.150","24.000","2023-05-29 17:12:17"
"2021-04-08 18:00:00","W","0.069","0.087","0.058","24.000","2023-05-29 17:12:21"
"2021-04-08 18:00:00","D","4.736","5.890","3.870","24.000","2023-05-29 17:12:17"
"2021-04-09 00:00:00","W","0.069","0.084","0.058","24.000","2023-05-29 17:12:21"
"2021-04-09 00:00:00","D","4.800","5.680","3.940","24.000","2023-05-29 17:12:17"
"2021-04-09 06:00:00","W","0.065","0.078","0.055","24.000","2023-05-29 17:12:21"
"2021-04-09 06:00:00","D","4.601","5.360","4.040","24.000","2023-05-29 17:12:17"
"2021-04-09 12:00:00","W","0.066","0.081","0.053","24.000","2023-05-29 17:12:21"
"2021-04-09 12:00:00","D","4.723","5.660","4.070","24.000","2023-05-29 17:12:17"
"2021-04-09 18:00:00","W","0.072","0.093","0.059","24.000","2023-05-29 17:12:21"
"2021-04-09 18:00:00","D","4.778","5.890","3.910","24.000","2023-05-29 17:12:17"
"2021-04-10 00:00:00","W","0.073","0.087","0.062","24.000","2023-05-29 17:12:21"
"2021-04-10 00:00:00","D","4.930","5.670","4.280","24.000","2023-05-29 17:12:17"
"2021-04-10 06:00:00","W","0.070","0.085","0.058","24.000","2023-05-29 17:12:21"
"2021-04-10 06:00:00","D","4.785","5.550","4.200","24.000","2023-05-29 17:12:17"
"2021-04-10 12:00:00","W","0.070","0.083","0.058","24.000","2023-05-29 17:12:21"
"2021-04-10 12:00:00","D","4.781","5.450","4.100","24.000","2023-05-29 17:12:17"
"2021-04-10 18:00:00","W","0.067","0.084","0.057","24.000","2023-05-29 17:12:21"
"2021-04-10 18:00:00","D","4.730","5.430","4.030","24.000","2023-05-29 17:12:17"
"2021-04-11 00:00:00","W","0.070","0.083","0.057","24.000","2023-05-29 17:12:21"
"2021-04-11 00:00:00","D","4.769","5.650","4.030","24.000","2023-05-29 17:12:17"
"2021-04-11 06:00:00","W","0.065","0.080","0.053","24.000","2023-05-29 17:12:21"
"2021-04-11 06:00:00","D","4.638","5.360","4.000","24.000","2023-05-29 17:12:17"
"2021-04-11 12:00:00","W","0.066","0.083","0.054","24.000","2023-05-29 17:12:21"
"2021-04-11 12:00:00","D","4.568","5.250","3.840","24.000","2023-05-29 17:12:17"
"2021-04-11 18:00:00","W","0.070","0.087","0.056","24.000","2023-05-29 17:12:21"
"2021-04-11 18:00:00","D","4.763","5.650","3.780","24.000","2023-05-29 17:12:17"
"2021-04-12 00:00:00","W","0.064","0.083","0.052","24.000","2023-05-29 17:12:22"
"2021-04-12 00:00:00","D","4.610","5.410","3.870","24.000","2023-05-29 17:12:17"
"2021-04-12 06:00:00","W","0.060","0.075","0.050","24.000","2023-05-29 17:12:22"
"2021-04-12 06:00:00","D","4.528","5.160","3.840","24.000","2023-05-29 17:12:17"
"2021-04-12 12:00:00","W","0.061","0.074","0.049","24.000","2023-05-29 17:12:22"
"2021-04-12 12:00:00","D","4.568","5.280","3.820","24.000","2023-05-29 17:12:17"
"2021-04-12 18:00:00","W","0.061","0.081","0.045","24.000","2023-05-29 17:12:22"
"2021-04-12 18:00:00","D","4.531","5.610","3.690","24.000","2023-05-29 17:12:17"
"2021-04-13 00:00:00","W","0.064","0.080","0.054","24.000","2023-05-29 17:12:22"
"2021-04-13 00:00:00","D","4.585","5.410","3.900","24.000","2023-05-29 17:12:17"
"2021-04-13 06:00:00","W","0.060","0.075","0.051","24.000","2023-05-29 17:12:22"
"2021-04-13 06:00:00","D","4.515","5.270","3.910","24.000","2023-05-29 17:12:17"
"2021-04-13 12:00:00","W","0.059","0.078","0.047","24.000","2023-05-29 17:12:22"
"2021-04-13 12:00:00","D","4.480","5.420","3.800","24.000","2023-05-29 17:12:17"
"2021-04-13 18:00:00","W","0.059","0.079","0.046","24.000","2023-05-29 17:12:22"
"2021-04-13 18:00:00","D","4.596","5.740","3.700","24.000","2023-05-29 17:12:17"
"2021-04-14 00:00:00","W","0.062","0.082","0.045","24.000","2023-05-29 17:12:22"
"2021-04-14 00:00:00","D","4.420","5.380","3.850","24.000","2023-05-29 17:12:17"
"2021-04-14 06:00:00","W","0.063","0.080","0.052","24.000","2023-05-29 17:12:22"
"2021-04-14 06:00:00","D","4.320","5.150","3.640","24.000","2023-05-29 17:12:17"
"2021-04-14 12:00:00","W","0.064","0.078","0.051","24.000","2023-05-29 17:12:22"
"2021-04-14 12:00:00","D","4.428","5.260","3.760","24.000","2023-05-29 17:12:17"
"2021-04-14 18:00:00","W","0.065","0.082","0.052","24.000","2023-05-29 17:12:22"
"2021-04-14 18:00:00","D","4.443","5.540","3.400","24.000","2023-05-29 17:12:17"
"2021-04-15 00:00:00","W","0.062","0.079","0.049","24.000","2023-05-29 17:12:22"
"2021-04-15 00:00:00","D","4.348","5.570","3.590","24.000","2023-05-29 17:12:17"
"2021-04-15 06:00:00","W","0.061","0.078","0.051","24.000","2023-05-29 17:12:22"
"2021-04-15 06:00:00","D","4.327","5.190","3.740","24.000","2023-05-29 17:12:17"
"2021-04-15 12:00:00","W","0.059","0.095","0.040","24.000","2023-05-29 17:12:22"
"2021-04-15 12:00:00","D","3.978","5.050","2.510","24.000","2023-05-29 17:12:17"
"2021-04-15 18:00:00","W","0.111","0.130","0.085","24.000","2023-05-29 17:12:22"
"2021-04-15 18:00:00","D","4.064","5.100","2.920","24.000","2023-05-29 17:12:17"
"2021-04-16 00:00:00","W","0.119","0.128","0.110","24.000","2023-05-29 17:12:22"
"2021-04-16 00:00:00","D","4.304","4.790","3.920","24.000","2023-05-29 17:12:17"
"2021-04-16 06:00:00","W","0.117","0.127","0.110","24.000","2023-05-29 17:12:22"
"2021-04-16 06:00:00","D","4.255","4.830","3.880","24.000","2023-05-29 17:12:17"
"2021-04-16 12:00:00","W","0.115","0.134","0.098","24.000","2023-05-29 17:12:22"
"2021-04-16 12:00:00","D","4.132","4.990","3.540","24.000","2023-05-29 17:12:17"
"2021-04-16 18:00:00","W","0.117","0.132","0.107","24.000","2023-05-29 17:12:22"
"2021-04-16 18:00:00","D","4.328","5.220","3.720","24.000","2023-05-29 17:12:17"
"2021-04-17 00:00:00","W","0.112","0.121","0.103","24.000","2023-05-29 17:12:22"
"2021-04-17 00:00:00","D","4.224","4.730","3.830","24.000","2023-05-29 17:12:17"
"2021-04-17 06:00:00","W","0.115","0.122","0.107","24.000","2023-05-29 17:12:22"
"2021-04-17 06:00:00","D","4.392","4.860","4.040","24.000","2023-05-29 17:12:17"
"2021-04-17 12:00:00","W","0.118","0.134","0.107","24.000","2023-05-29 17:12:22"
"2021-04-17 12:00:00","D","4.422","5.170","3.830","24.000","2023-05-29 17:12:17"
"2021-04-17 18:00:00","W","0.113","0.132","0.094","24.000","2023-05-29 17:12:22"
"2021-04-17 18:00:00","D","4.565","5.560","3.900","24.000","2023-05-29 17:12:17"
"2021-04-18 00:00:00","W","0.096","0.109","0.084","24.000","2023-05-29 17:12:22"
"2021-04-18 00:00:00","D","4.485","5.210","4.000","24.000","2023-05-29 17:12:17"
"2021-04-18 06:00:00","W","0.093","0.104","0.084","24.000","2023-05-29 17:12:22"
"2021-04-18 06:00:00","D","4.384","4.900","3.870","24.000","2023-05-29 17:12:17"
"2021-04-18 12:00:00","W","0.095","0.111","0.081","24.000","2023-05-29 17:12:22"
"2021-04-18 12:00:00","D","4.429","5.130","3.750","24.000","2023-05-29 17:12:17"
"2021-04-18 18:00:00","W","0.095","0.107","0.086","24.000","2023-05-29 17:12:22"
"2021-04-18 18:00:00","D","4.329","4.920","3.760","24.000","2023-05-29 17:12:17"
"2021-04-19 00:00:00","W","0.097","0.109","0.086","24.000","2023-05-29 17:12:22"
"2021-04-19 00:00:00","D","4.335","5.030","3.890","24.000","2023-05-29 17:12:17"
"2021-04-19 06:00:00","W","0.098","0.108","0.088","24.000","2023-05-29 17:12:22"
"2021-04-19 06:00:00","D","4.455","5.080","3.960","24.000","2023-05-29 17:12:17"
"2021-04-19 12:00:00","W","0.098","0.110","0.089","24.000","2023-05-29 17:12:22"
"2021-04-19 12:00:00","D","4.423","4.970","4.030","24.000","2023-05-29 17:12:17"
"2021-04-19 18:00:00","W","0.096","0.113","0.086","24.000","2023-05-29 17:12:22"
"2021-04-19 18:00:00","D","4.376","5.070","3.870","24.000","2023-05-29 17:12:17"
"2021-04-20 00:00:00","W","0.095","0.124","0.082","24.000","2023-05-29 17:12:22"
"2021-04-20 00:00:00","D","4.313","5.440","3.870","24.000","2023-05-29 17:12:17"
"2021-04-20 06:00:00","W","0.092","0.103","0.083","24.000","2023-05-29 17:12:22"
"2021-04-20 06:00:00","D","4.294","5.010","3.790","24.000","2023-05-29 17:12:17"
"2021-04-20 12:00:00","W","0.094","0.105","0.083","24.000","2023-05-29 17:12:22"
"2021-04-20 12:00:00","D","4.220","4.820","3.740","24.000","2023-05-29 17:12:17"
"2021-04-20 18:00:00","W","0.096","0.115","0.084","24.000","2023-05-29 17:12:22"
"2021-04-20 18:00:00","D","4.366","5.180","3.880","24.000","2023-05-29 17:12:17"
"2021-04-21 00:00:00","W","0.094","0.107","0.082","24.000","2023-05-29 17:12:22"
"2021-04-21 00:00:00","D","4.410","5.190","3.860","24.000","2023-05-29 17:12:17"
"2021-04-21 06:00:00","W","0.092","0.107","0.080","24.000","2023-05-29 17:12:22"
"2021-04-21 06:00:00","D","4.339","5.100","3.750","24.000","2023-05-29 17:12:17"
"2021-04-21 12:00:00","W","0.091","0.103","0.079","24.000","2023-05-29 17:12:22"
"2021-04-21 12:00:00","D","4.256","4.850","3.780","24.000","2023-05-29 17:12:17"
"2021-04-21 18:00:00","W","0.089","0.099","0.080","24.000","2023-05-29 17:12:22"
"2021-04-21 18:00:00","D","4.221","4.730","3.770","24.000","2023-05-29 17:12:17"
"2021-04-22 00:00:00","W","0.088","0.099","0.079","24.000","2023-05-29 17:12:22"
"2021-04-22 00:00:00","D","4.244","4.880","3.580","24.000","2023-05-29 17:12:17"
"2021-04-22 06:00:00","W","0.086","0.096","0.078","24.000","2023-05-29 17:12:22"
"2021-04-22 06:00:00","D","4.241","4.770","3.620","24.000","2023-05-29 17:12:17"
"2021-04-22 12:00:00","W","0.088","0.098","0.077","24.000","2023-05-29 17:12:22"
"2021-04-22 12:00:00","D","4.195","4.760","3.550","24.000","2023-05-29 17:12:17"
"2021-04-22 18:00:00","W","0.082","0.096","0.071","24.000","2023-05-29 17:12:22"
"2021-04-22 18:00:00","D","3.933","4.490","3.400","24.000","2023-05-29 17:12:17"
"2021-04-23 00:00:00","W","0.083","0.095","0.071","24.000","2023-05-29 17:12:22"
"2021-04-23 00:00:00","D","4.159","4.840","3.710","24.000","2023-05-29 17:12:17"
"2021-04-23 06:00:00","W","0.081","0.090","0.073","24.000","2023-05-29 17:12:22"
"2021-04-23 06:00:00","D","4.090","4.540","3.280","24.000","2023-05-29 17:12:17"
"2021-04-23 12:00:00","W","0.083","0.098","0.073","24.000","2023-05-29 17:12:22"
"2021-04-23 12:00:00","D","4.128","4.950","3.660","24.000","2023-05-29 17:12:17"
"2021-04-23 18:00:00","W","0.079","0.093","0.069","24.000","2023-05-29 17:12:22"
"2021-04-23 18:00:00","D","3.911","4.520","3.390","24.000","2023-05-29 17:12:17"
"2021-04-24 00:00:00","W","0.078","0.090","0.069","24.000","2023-05-29 17:12:22"
"2021-04-24 00:00:00","D","3.933","4.540","3.260","24.000","2023-05-29 17:12:17"
"2021-04-24 06:00:00","W","0.077","0.085","0.069","24.000","2023-05-29 17:12:22"
"2021-04-24 06:00:00","D","3.988","4.580","3.570","24.000","2023-05-29 17:12:17"
"2021-04-24 12:00:00","W","0.077","0.091","0.067","24.000","2023-05-29 17:12:22"
"2021-04-24 12:00:00","D","3.946","4.930","3.510","24.000","2023-05-29 17:12:17"
"2021-04-24 18:00:00","W","0.075","0.092","0.065","24.000","2023-05-29 17:12:22"
"2021-04-24 18:00:00","D","3.696","4.500","3.020","24.000","2023-05-29 17:12:17"
"2021-04-25 00:00:00","W","0.077","0.085","0.074","24.000","2023-05-29 17:12:22"
"2021-04-25 00:00:00","D","3.842","4.330","3.490","24.000","2023-05-29 17:12:17"
"2021-04-25 06:00:00","W","0.077","0.085","0.069","24.000","2023-05-29 17:12:22"
"2021-04-25 06:00:00","D","3.968","4.510","3.570","24.000","2023-05-29 17:12:17"
"2021-04-25 12:00:00","W","0.077","0.098","0.067","24.000","2023-05-29 17:12:22"
"2021-04-25 12:00:00","D","3.963","5.060","3.300","24.000","2023-05-29 17:12:17"
"2021-04-25 18:00:00","W","0.076","0.097","0.066","24.000","2023-05-29 17:12:22"
"2021-04-25 18:00:00","D","3.878","4.610","3.450","24.000","2023-05-29 17:12:17"
"2021-04-26 00:00:00","W","0.074","0.085","0.065","24.000","2023-05-29 17:12:22"
"2021-04-26 00:00:00","D","3.862","4.380","3.510","24.000","2023-05-29 17:12:17"
"2021-04-26 06:00:00","W","0.072","0.081","0.063","24.000","2023-05-29 17:12:22"
"2021-04-26 06:00:00","D","3.794","4.420","3.230","24.000","2023-05-29 17:12:17"
"2021-04-26 12:00:00","W","0.072","0.083","0.063","24.000","2023-05-29 17:12:22"
"2021-04-26 12:00:00","D","3.752","4.430","3.350","24.000","2023-05-29 17:12:18"
"2021-04-26 18:00:00","W","0.075","0.086","0.064","24.000","2023-05-29 17:12:22"
"2021-04-26 18:00:00","D","3.882","4.530","3.500","24.000","2023-05-29 17:12:18"
"2021-04-27 00:00:00","W","0.076","0.086","0.068","24.000","2023-05-29 17:12:22"
"2021-04-27 00:00:00","D","3.924","4.320","3.700","24.000","2023-05-29 17:12:18"
"2021-04-27 06:00:00","W","0.074","0.082","0.065","24.000","2023-05-29 17:12:22"
"2021-04-27 06:00:00","D","3.850","4.310","3.390","24.000","2023-05-29 17:12:18"
"2021-04-27 12:00:00","W","0.076","0.096","0.066","24.000","2023-05-29 17:12:22"
"2021-04-27 12:00:00","D","3.902","4.660","3.410","24.000","2023-05-29 17:12:18"
"2021-04-27 18:00:00","W","0.077","0.086","0.067","24.000","2023-05-29 17:12:22"
"2021-04-27 18:00:00","D","3.883","4.500","3.400","24.000","2023-05-29 17:12:18"
"2021-04-28 00:00:00","W","0.076","0.090","0.068","24.000","2023-05-29 17:12:22"
"2021-04-28 00:00:00","D","3.894","4.450","3.430","24.000","2023-05-29 17:12:18"
"2021-04-28 06:00:00","W","0.074","0.083","0.066","24.000","2023-05-29 17:12:22"
"2021-04-28 06:00:00","D","3.856","4.320","3.440","24.000","2023-05-29 17:12:18"
"2021-04-28 12:00:00","W","0.075","0.086","0.065","24.000","2023-05-29 17:12:22"
"2021-04-28 12:00:00","D","3.861","4.410","3.320","24.000","2023-05-29 17:12:18"
"2021-04-28 18:00:00","W","0.075","0.084","0.066","24.000","2023-05-29 17:12:22"
"2021-04-28 18:00:00","D","3.865","4.350","3.430","24.000","2023-05-29 17:12:18"
"2021-04-29 00:00:00","W","0.079","0.087","0.071","24.000","2023-05-29 17:12:22"
"2021-04-29 00:00:00","D","3.985","4.370","3.500","24.000","2023-05-29 17:12:18"
"2021-04-29 06:00:00","W","0.076","0.086","0.068","24.000","2023-05-29 17:12:22"
"2021-04-29 06:00:00","D","3.909","4.390","3.550","24.000","2023-05-29 17:12:18"
"2021-04-29 12:00:00","W","0.077","0.084","0.067","24.000","2023-05-29 17:12:22"
"2021-04-29 12:00:00","D","3.901","4.390","3.340","24.000","2023-05-29 17:12:18"
"2021-04-29 18:00:00","W","0.073","0.085","0.063","24.000","2023-05-29 17:12:22"
"2021-04-29 18:00:00","D","3.786","4.120","3.230","24.000","2023-05-29 17:12:18"
"2021-04-30 00:00:00","W","0.077","0.082","0.074","24.000","2023-05-29 17:12:22"
"2021-04-30 00:00:00","D","3.964","4.140","3.710","24.000","2023-05-29 17:12:18"
"2021-04-30 06:00:00","W","0.073","0.080","0.066","24.000","2023-05-29 17:12:22"
"2021-04-30 06:00:00","D","3.795","4.230","3.510","24.000","2023-05-29 17:12:18"
"2021-04-30 12:00:00","W","0.072","0.085","0.065","24.000","2023-05-29 17:12:22"
"2021-04-30 12:00:00","D","3.773","4.480","3.270","24.000","2023-05-29 17:12:18"
"2021-04-30 18:00:00","W","0.073","0.083","0.064","24.000","2023-05-29 17:12:22"
"2021-04-30 18:00:00","D","3.778","4.380","3.400","24.000","2023-05-29 17:12:18"
"2021-05-01 00:00:00","W","0.072","0.082","0.062","24.000","2023-05-29 17:12:22"
"2021-05-01 00:00:00","D","3.833","4.360","3.420","24.000","2023-05-29 17:12:18"
"2021-05-01 06:00:00","W","0.069","0.078","0.061","24.000","2023-05-29 17:12:22"
"2021-05-01 06:00:00","D","3.719","4.130","3.320","24.000","2023-05-29 17:12:18"
"2021-05-01 12:00:00","W","0.069","0.085","0.059","24.000","2023-05-29 17:12:22"
"2021-05-01 12:00:00","D","3.670","4.440","3.240","24.000","2023-05-29 17:12:18"
"2021-05-01 18:00:00","W","0.068","0.085","0.058","24.000","2023-05-29 17:12:22"
"2021-05-01 18:00:00","D","3.694","4.350","3.210","24.000","2023-05-29 17:12:18"
"2021-05-02 00:00:00","W","0.063","0.072","0.054","24.000","2023-05-29 17:12:22"
"2021-05-02 00:00:00","D","3.531","3.970","3.070","24.000","2023-05-29 17:12:18"
"2021-05-02 06:00:00","W","0.063","0.072","0.057","24.000","2023-05-29 17:12:22"
"2021-05-02 06:00:00","D","3.618","4.120","3.100","24.000","2023-05-29 17:12:18"
"2021-05-02 12:00:00","W","0.064","0.077","0.054","24.000","2023-05-29 17:12:22"
"2021-05-02 12:00:00","D","3.570","3.950","3.130","24.000","2023-05-29 17:12:18"
"2021-05-02 18:00:00","W","0.069","0.080","0.060","24.000","2023-05-29 17:12:22"
"2021-05-02 18:00:00","D","3.625","4.190","3.320","24.000","2023-05-29 17:12:18"
"2021-05-03 00:00:00","W","0.067","0.081","0.057","24.000","2023-05-29 17:12:22"
"2021-05-03 00:00:00","D","3.667","4.150","3.200","24.000","2023-05-29 17:12:18"
"2021-05-03 06:00:00","W","0.063","0.071","0.054","24.000","2023-05-29 17:12:22"
"2021-05-03 06:00:00","D","3.571","3.970","3.140","24.000","2023-05-29 17:12:18"
"2021-05-03 12:00:00","W","0.062","0.072","0.052","24.000","2023-05-29 17:12:22"
"2021-05-03 12:00:00","D","3.597","3.930","3.140","24.000","2023-05-29 17:12:18"
"2021-05-03 18:00:00","W","0.063","0.071","0.055","24.000","2023-05-29 17:12:22"
"2021-05-03 18:00:00","D","3.601","3.920","3.120","24.000","2023-05-29 17:12:18"
"2021-05-04 00:00:00","W","0.076","0.102","0.058","24.000","2023-05-29 17:12:22"
"2021-05-04 00:00:00","D","3.863","5.100","3.350","24.000","2023-05-29 17:12:18"
"2021-05-04 06:00:00","W","0.097","0.147","0.075","24.000","2023-05-29 17:12:22"
"2021-05-04 06:00:00","D","4.534","6.510","3.780","24.000","2023-05-29 17:12:18"
"2021-05-04 12:00:00","W","0.102","0.129","0.076","24.000","2023-05-29 17:12:22"
"2021-05-04 12:00:00","D","5.473","6.830","4.340","24.000","2023-05-29 17:12:18"
"2021-05-04 18:00:00","W","0.081","0.105","0.063","24.000","2023-05-29 17:12:22"
"2021-05-04 18:00:00","D","4.837","6.110","3.910","24.000","2023-05-29 17:12:18"
"2021-05-05 00:00:00","W","0.080","0.100","0.061","24.000","2023-05-29 17:12:22"
"2021-05-05 00:00:00","D","4.939","6.120","4.150","24.000","2023-05-29 17:12:18"
"2021-05-05 06:00:00","W","0.079","0.097","0.065","24.000","2023-05-29 17:12:22"
"2021-05-05 06:00:00","D","4.938","5.860","4.150","24.000","2023-05-29 17:12:18"
"2021-05-05 12:00:00","W","0.068","0.090","0.047","24.000","2023-05-29 17:12:22"
"2021-05-05 12:00:00","D","4.440","5.690","3.650","24.000","2023-05-29 17:12:18"
"2021-05-05 18:00:00","W","0.060","0.091","0.045","24.000","2023-05-29 17:12:22"
"2021-05-05 18:00:00","D","4.313","5.590","3.280","24.000","2023-05-29 17:12:18"
"2021-05-06 00:00:00","W","0.060","0.078","0.047","24.000","2023-05-29 17:12:22"
"2021-05-06 00:00:00","D","4.360","5.310","3.670","24.000","2023-05-29 17:12:18"
"2021-05-06 06:00:00","W","0.059","0.071","0.047","24.000","2023-05-29 17:12:22"
"2021-05-06 06:00:00","D","4.350","4.930","3.800","24.000","2023-05-29 17:12:18"
"2021-05-06 12:00:00","W","0.057","0.073","0.036","24.000","2023-05-29 17:12:22"
"2021-05-06 12:00:00","D","4.223","5.160","3.140","24.000","2023-05-29 17:12:18"
"2021-05-06 18:00:00","W","0.056","0.068","0.045","24.000","2023-05-29 17:12:22"
"2021-05-06 18:00:00","D","4.085","4.700","3.430","24.000","2023-05-29 17:12:18"
"2021-05-07 00:00:00","W","0.052","0.070","0.038","24.000","2023-05-29 17:12:22"
"2021-05-07 00:00:00","D","3.791","5.090","2.470","24.000","2023-05-29 17:12:18"
"2021-05-07 06:00:00","W","0.097","0.117","0.070","24.000","2023-05-29 17:12:22"
"2021-05-07 06:00:00","D","3.705","4.590","2.970","24.000","2023-05-29 17:12:18"
"2021-05-07 12:00:00","W","0.107","0.117","0.094","24.000","2023-05-29 17:12:22"
"2021-05-07 12:00:00","D","3.839","4.710","3.180","24.000","2023-05-29 17:12:18"
"2021-05-07 18:00:00","W","0.097","0.116","0.084","24.000","2023-05-29 17:12:22"
"2021-05-07 18:00:00","D","3.779","4.620","3.230","24.000","2023-05-29 17:12:18"
"2021-05-08 00:00:00","W","0.092","0.119","0.078","24.000","2023-05-29 17:12:22"
"2021-05-08 00:00:00","D","3.896","5.090","3.320","24.000","2023-05-29 17:12:18"
"2021-05-08 06:00:00","W","0.088","0.100","0.080","24.000","2023-05-29 17:12:22"
"2021-05-08 06:00:00","D","3.712","4.450","3.160","24.000","2023-05-29 17:12:18"
"2021-05-08 12:00:00","W","0.110","0.140","0.085","24.000","2023-05-29 17:12:22"
"2021-05-08 12:00:00","D","4.273","5.700","2.980","24.000","2023-05-29 17:12:18"
"2021-05-08 18:00:00","W","0.115","0.137","0.099","24.000","2023-05-29 17:12:22"
"2021-05-08 18:00:00","D","5.668","7.740","4.050","24.000","2023-05-29 17:12:18"
"2021-05-09 00:00:00","W","0.088","0.135","0.052","24.000","2023-05-29 17:12:22"
"2021-05-09 00:00:00","D","6.173","8.160","4.470","24.000","2023-05-29 17:12:18"
"2021-05-09 06:00:00","W","0.060","0.071","0.043","24.000","2023-05-29 17:12:22"
"2021-05-09 06:00:00","D","5.275","6.330","3.910","24.000","2023-05-29 17:12:18"
"2021-05-09 12:00:00","W","0.063","0.097","0.047","24.000","2023-05-29 17:12:22"
"2021-05-09 12:00:00","D","5.143","7.150","3.610","24.000","2023-05-29 17:12:18"
"2021-05-09 18:00:00","W","0.061","0.083","0.045","24.000","2023-05-29 17:12:22"
"2021-05-09 18:00:00","D","4.929","6.240","3.480","24.000","2023-05-29 17:12:18"
"2021-05-10 00:00:00","W","0.068","0.090","0.050","24.000","2023-05-29 17:12:22"
"2021-05-10 00:00:00","D","4.622","5.470","3.630","24.000","2023-05-29 17:12:18"
"2021-05-10 06:00:00","W","0.063","0.079","0.047","24.000","2023-05-29 17:12:22"
"2021-05-10 06:00:00","D","4.427","5.530","3.380","24.000","2023-05-29 17:12:18"
"2021-05-10 12:00:00","W","0.059","0.074","0.047","24.000","2023-05-29 17:12:22"
"2021-05-10 12:00:00","D","4.350","5.330","3.440","24.000","2023-05-29 17:12:18"
"2021-05-10 18:00:00","W","0.064","0.082","0.050","24.000","2023-05-29 17:12:22"
"2021-05-10 18:00:00","D","4.509","5.620","3.420","24.000","2023-05-29 17:12:18"
"2021-05-11 00:00:00","W","0.058","0.075","0.044","24.000","2023-05-29 17:12:22"
"2021-05-11 00:00:00","D","4.373","5.260","3.440","24.000","2023-05-29 17:12:18"
"2021-05-11 06:00:00","W","0.054","0.073","0.041","24.000","2023-05-29 17:12:22"
"2021-05-11 06:00:00","D","4.177","5.250","3.350","24.000","2023-05-29 17:12:18"
"2021-05-11 12:00:00","W","0.055","0.070","0.042","24.000","2023-05-29 17:12:22"
"2021-05-11 12:00:00","D","4.072","4.860","3.160","24.000","2023-05-29 17:12:18"
"2021-05-11 18:00:00","W","0.065","0.085","0.045","24.000","2023-05-29 17:12:22"
"2021-05-11 18:00:00","D","3.900","4.800","2.870","24.000","2023-05-29 17:12:18"
"2021-05-12 00:00:00","W","0.064","0.079","0.056","24.000","2023-05-29 17:12:22"
"2021-05-12 00:00:00","D","3.873","4.630","3.100","24.000","2023-05-29 17:12:18"
"2021-05-12 06:00:00","W","0.062","0.075","0.052","24.000","2023-05-29 17:12:22"
"2021-05-12 06:00:00","D","3.853","4.430","3.130","24.000","2023-05-29 17:12:18"
"2021-05-12 12:00:00","W","0.063","0.081","0.053","24.000","2023-05-29 17:12:22"
"2021-05-12 12:00:00","D","3.878","4.840","3.070","24.000","2023-05-29 17:12:18"
"2021-05-12 18:00:00","W","0.086","0.108","0.060","24.000","2023-05-29 17:12:22"
"2021-05-12 18:00:00","D","3.670","4.540","2.410","24.000","2023-05-29 17:12:18"
"2021-05-13 00:00:00","W","0.092","0.108","0.081","24.000","2023-05-29 17:12:22"
"2021-05-13 00:00:00","D","3.867","4.870","2.950","24.000","2023-05-29 17:12:18"
"2021-05-13 06:00:00","W","0.088","0.103","0.077","24.000","2023-05-29 17:12:22"
"2021-05-13 06:00:00","D","3.753","4.660","2.830","24.000","2023-05-29 17:12:18"
"2021-05-13 12:00:00","W","0.087","0.103","0.076","24.000","2023-05-29 17:12:22"
"2021-05-13 12:00:00","D","3.658","4.620","2.800","24.000","2023-05-29 17:12:18"
"2021-05-13 18:00:00","W","0.096","0.114","0.083","24.000","2023-05-29 17:12:22"
"2021-05-13 18:00:00","D","3.887","4.910","3.030","24.000","2023-05-29 17:12:18"
"2021-05-14 00:00:00","W","0.111","0.135","0.091","24.000","2023-05-29 17:12:22"
"2021-05-14 00:00:00","D","4.558","6.280","3.540","24.000","2023-05-29 17:12:18"
"2021-05-14 06:00:00","W","0.108","0.127","0.089","24.000","2023-05-29 17:12:22"
"2021-05-14 06:00:00","D","5.114","6.270","4.050","24.000","2023-05-29 17:12:18"
"2021-05-14 12:00:00","W","0.111","0.146","0.077","24.000","2023-05-29 17:12:22"
"2021-05-14 12:00:00","D","6.363","8.950","4.290","24.000","2023-05-29 17:12:18"
"2021-05-14 18:00:00","W","0.058","0.084","0.032","24.000","2023-05-29 17:12:22"
"2021-05-14 18:00:00","D","5.568","6.690","4.780","24.000","2023-05-29 17:12:18"
"2021-05-15 00:00:00","W","0.052","0.065","0.041","24.000","2023-05-29 17:12:22"
"2021-05-15 00:00:00","D","5.395","5.900","4.920","24.000","2023-05-29 17:12:18"
"2021-05-15 06:00:00","W","0.057","0.062","0.050","24.000","2023-05-29 17:12:22"
"2021-05-15 06:00:00","D","5.060","5.410","4.640","24.000","2023-05-29 17:12:18"
"2021-05-15 12:00:00","W","0.053","0.067","0.042","24.000","2023-05-29 17:12:22"
"2021-05-15 12:00:00","D","4.975","5.920","4.600","24.000","2023-05-29 17:12:18"
"2021-05-15 18:00:00","W","0.051","0.061","0.043","24.000","2023-05-29 17:12:22"
"2021-05-15 18:00:00","D","4.787","5.390","4.290","24.000","2023-05-29 17:12:18"
"2021-05-16 00:00:00","W","0.057","0.067","0.044","24.000","2023-05-29 17:12:22"
"2021-05-16 00:00:00","D","4.894","5.600","4.050","24.000","2023-05-29 17:12:18"
"2021-05-16 06:00:00","W","0.065","0.092","0.047","24.000","2023-05-29 17:12:22"
"2021-05-16 06:00:00","D","5.039","6.170","4.330","24.000","2023-05-29 17:12:18"
"2021-05-16 12:00:00","W","0.070","0.091","0.056","24.000","2023-05-29 17:12:22"
"2021-05-16 12:00:00","D","5.159","6.260","4.460","24.000","2023-05-29 17:12:18"
"2021-05-16 18:00:00","W","0.062","0.077","0.048","24.000","2023-05-29 17:12:22"
"2021-05-16 18:00:00","D","4.987","5.520","4.180","24.000","2023-05-29 17:12:18"
"2021-05-17 00:00:00","W","0.098","0.138","0.054","24.000","2023-05-29 17:12:22"
"2021-05-17 00:00:00","D","6.235","8.200","4.640","24.000","2023-05-29 17:12:18"
"2021-05-17 06:00:00","W","0.106","0.136","0.083","24.000","2023-05-29 17:12:22"
"2021-05-17 06:00:00","D","7.749","9.760","6.850","24.000","2023-05-29 17:12:18"
"2021-05-17 12:00:00","W","0.123","0.138","0.101","24.000","2023-05-29 17:12:22"
"2021-05-17 12:00:00","D","9.775","10.320","8.960","24.000","2023-05-29 17:12:18"
"2021-05-17 18:00:00","W","0.097","0.120","0.081","24.000","2023-05-29 17:12:22"
"2021-05-17 18:00:00","D","9.051","10.090","8.260","24.000","2023-05-29 17:12:18"
"2021-05-18 00:00:00","W","0.086","0.093","0.080","24.000","2023-05-29 17:12:22"
"2021-05-18 00:00:00","D","8.973","9.210","8.720","24.000","2023-05-29 17:12:18"
"2021-05-18 06:00:00","W","0.078","0.085","0.059","24.000","2023-05-29 17:12:22"
"2021-05-18 06:00:00","D","8.670","8.970","8.020","24.000","2023-05-29 17:12:18"
"2021-05-18 12:00:00","W","0.056","0.088","0.029","24.000","2023-05-29 17:12:22"
"2021-05-18 12:00:00","D","6.584","8.130","5.200","24.000","2023-05-29 17:12:18"
"2021-05-18 18:00:00","W","0.088","0.107","0.068","24.000","2023-05-29 17:12:22"
"2021-05-18 18:00:00","D","6.038","7.080","5.450","24.000","2023-05-29 17:12:18"
"2021-05-19 00:00:00","W","0.103","0.112","0.093","24.000","2023-05-29 17:12:22"
"2021-05-19 00:00:00","D","6.499","7.160","5.830","24.000","2023-05-29 17:12:18"
"2021-05-19 06:00:00","W","0.109","0.132","0.092","24.000","2023-05-29 17:12:22"
"2021-05-19 06:00:00","D","6.618","7.720","5.650","24.000","2023-05-29 17:12:18"
"2021-05-19 12:00:00","W","0.095","0.131","0.062","24.000","2023-05-29 17:12:22"
"2021-05-19 12:00:00","D","6.466","7.830","5.230","24.000","2023-05-29 17:12:18"
"2021-05-19 18:00:00","W","0.079","0.097","0.064","24.000","2023-05-29 17:12:22"
"2021-05-19 18:00:00","D","6.080","7.020","5.300","24.000","2023-05-29 17:12:18"
"2021-05-20 00:00:00","W","0.075","0.087","0.059","24.000","2023-05-29 17:12:22"
"2021-05-20 00:00:00","D","6.076","6.600","5.250","24.000","2023-05-29 17:12:18"
"2021-05-20 06:00:00","W","0.064","0.072","0.057","24.000","2023-05-29 17:12:22"
"2021-05-20 06:00:00","D","5.813","6.300","5.510","24.000","2023-05-29 17:12:18"
"2021-05-20 12:00:00","W","0.058","0.071","0.046","24.000","2023-05-29 17:12:22"
"2021-05-20 12:00:00","D","5.785","6.190","5.100","24.000","2023-05-29 17:12:18"
"2021-05-20 18:00:00","W","0.054","0.067","0.035","24.000","2023-05-29 17:12:22"
"2021-05-20 18:00:00","D","5.427","6.030","4.860","24.000","2023-05-29 17:12:18"
"2021-05-21 00:00:00","W","0.057","0.066","0.045","24.000","2023-05-29 17:12:22"
"2021-05-21 00:00:00","D","5.373","5.800","4.820","24.000","2023-05-29 17:12:18"
"2021-05-21 06:00:00","W","0.051","0.067","0.042","24.000","2023-05-29 17:12:22"
"2021-05-21 06:00:00","D","5.106","5.580","4.590","24.000","2023-05-29 17:12:18"
"2021-05-21 12:00:00","W","0.054","0.066","0.039","24.000","2023-05-29 17:12:22"
"2021-05-21 12:00:00","D","4.921","5.440","4.420","24.000","2023-05-29 17:12:18"
"2021-05-21 18:00:00","W","0.058","0.067","0.050","24.000","2023-05-29 17:12:22"
"2021-05-21 18:00:00","D","4.903","5.290","4.440","24.000","2023-05-29 17:12:18"
"2021-05-22 00:00:00","W","0.065","0.073","0.057","24.000","2023-05-29 17:12:22"
"2021-05-22 00:00:00","D","5.029","5.380","4.530","24.000","2023-05-29 17:12:18"
"2021-05-22 06:00:00","W","0.078","0.101","0.058","24.000","2023-05-29 17:12:22"
"2021-05-22 06:00:00","D","5.334","6.120","4.490","24.000","2023-05-29 17:12:18"
"2021-05-22 12:00:00","W","0.109","0.139","0.087","24.000","2023-05-29 17:12:22"
"2021-05-22 12:00:00","D","6.320","7.890","5.300","24.000","2023-05-29 17:12:18"
"2021-05-22 18:00:00","W","0.081","0.156","0.043","24.000","2023-05-29 17:12:22"
"2021-05-22 18:00:00","D","7.878","11.560","5.470","24.000","2023-05-29 17:12:18"
"2021-05-23 00:00:00","W","0.057","0.077","0.043","24.000","2023-05-29 17:12:22"
"2021-05-23 00:00:00","D","6.912","8.250","5.790","24.000","2023-05-29 17:12:18"
"2021-05-23 06:00:00","W","0.060","0.078","0.041","24.000","2023-05-29 17:12:22"
"2021-05-23 06:00:00","D","6.506","7.560","5.540","24.000","2023-05-29 17:12:18"
"2021-05-23 12:00:00","W","0.066","0.084","0.047","24.000","2023-05-29 17:12:22"
"2021-05-23 12:00:00","D","6.445","7.520","5.530","24.000","2023-05-29 17:12:18"
"2021-05-23 18:00:00","W","0.059","0.084","0.043","24.000","2023-05-29 17:12:22"
"2021-05-23 18:00:00","D","6.286","7.680","5.330","24.000","2023-05-29 17:12:18"
"2021-05-24 00:00:00","W","0.065","0.108","0.043","24.000","2023-05-29 17:12:22"
"2021-05-24 00:00:00","D","6.303","7.730","5.500","24.000","2023-05-29 17:12:18"
"2021-05-24 06:00:00","W","0.100","0.135","0.077","24.000","2023-05-29 17:12:22"
"2021-05-24 06:00:00","D","7.145","8.780","6.130","24.000","2023-05-29 17:12:18"
"2021-05-24 12:00:00","W","0.101","0.173","0.027","24.000","2023-05-29 17:12:22"
"2021-05-24 12:00:00","D","10.670","14.240","8.520","24.000","2023-05-29 17:12:18"
"2021-05-24 18:00:00","W","0.074","0.127","0.041","24.000","2023-05-29 17:12:22"
"2021-05-24 18:00:00","D","10.345","13.500","8.690","24.000","2023-05-29 17:12:18"
"2021-05-25 00:00:00","W","0.093","0.144","0.057","24.000","2023-05-29 17:12:22"
"2021-05-25 00:00:00","D","10.931","13.790","9.390","24.000","2023-05-29 17:12:18"
"2021-05-25 06:00:00","W","0.066","0.100","0.038","24.000","2023-05-29 17:12:22"
"2021-05-25 06:00:00","D","10.213","11.980","8.770","24.000","2023-05-29 17:12:18"
"2021-05-25 12:00:00","W","0.057","0.075","0.039","24.000","2023-05-29 17:12:22"
"2021-05-25 12:00:00","D","9.006","10.510","7.100","24.000","2023-05-29 17:12:18"
"2021-05-25 18:00:00","W","0.063","0.090","0.034","24.000","2023-05-29 17:12:22"
"2021-05-25 18:00:00","D","8.011","9.690","6.140","24.000","2023-05-29 17:12:18"
"2021-05-26 00:00:00","W","0.077","0.099","0.055","24.000","2023-05-29 17:12:22"
"2021-05-26 00:00:00","D","7.090","8.470","5.960","24.000","2023-05-29 17:12:18"
"2021-05-26 06:00:00","W","0.076","0.093","0.063","24.000","2023-05-29 17:12:22"
"2021-05-26 06:00:00","D","6.950","7.880","6.130","24.000","2023-05-29 17:12:18"
"2021-05-26 12:00:00","W","0.069","0.087","0.050","24.000","2023-05-29 17:12:22"
"2021-05-26 12:00:00","D","6.703","7.670","5.770","24.000","2023-05-29 17:12:18"
"2021-05-26 18:00:00","W","0.073","0.103","0.046","24.000","2023-05-29 17:12:22"
"2021-05-26 18:00:00","D","6.060","7.720","4.740","24.000","2023-05-29 17:12:18"
"2021-05-27 00:00:00","W","0.080","0.101","0.067","24.000","2023-05-29 17:12:22"
"2021-05-27 00:00:00","D","6.050","7.110","5.080","24.000","2023-05-29 17:12:18"
"2021-05-27 06:00:00","W","0.071","0.090","0.059","24.000","2023-05-29 17:12:22"
"2021-05-27 06:00:00","D","5.773","6.790","5.090","24.000","2023-05-29 17:12:18"
"2021-05-27 12:00:00","W","0.058","0.076","0.037","24.000","2023-05-29 17:12:22"
"2021-05-27 12:00:00","D","5.324","6.460","4.470","24.000","2023-05-29 17:12:18"
"2021-05-27 18:00:00","W","0.067","0.088","0.047","24.000","2023-05-29 17:12:22"
"2021-05-27 18:00:00","D","5.054","5.820","4.260","24.000","2023-05-29 17:12:18"
"2021-05-28 00:00:00","W","0.061","0.077","0.048","24.000","2023-05-29 17:12:22"
"2021-05-28 00:00:00","D","5.029","5.880","4.420","24.000","2023-05-29 17:12:18"
"2021-05-28 06:00:00","W","0.055","0.070","0.041","24.000","2023-05-29 17:12:22"
"2021-05-28 06:00:00","D","4.883","5.670","4.210","24.000","2023-05-29 17:12:18"
"2021-05-28 12:00:00","W","0.059","0.072","0.046","24.000","2023-05-29 17:12:22"
"2021-05-28 12:00:00","D","4.761","5.650","4.100","24.000","2023-05-29 17:12:18"
"2021-05-28 18:00:00","W","0.062","0.089","0.048","24.000","2023-05-29 17:12:22"
"2021-05-28 18:00:00","D","4.650","5.740","3.860","24.000","2023-05-29 17:12:18"
"2021-05-29 00:00:00","W","0.065","0.092","0.046","24.000","2023-05-29 17:12:22"
"2021-05-29 00:00:00","D","4.799","5.930","4.020","24.000","2023-05-29 17:12:18"
"2021-05-29 06:00:00","W","0.056","0.075","0.044","24.000","2023-05-29 17:12:22"
"2021-05-29 06:00:00","D","4.464","5.300","3.990","24.000","2023-05-29 17:12:18"
"2021-05-29 12:00:00","W","0.055","0.070","0.044","24.000","2023-05-29 17:12:22"
"2021-05-29 12:00:00","D","4.416","5.150","4.000","24.000","2023-05-29 17:12:18"
"2021-05-29 18:00:00","W","0.060","0.076","0.049","24.000","2023-05-29 17:12:22"
"2021-05-29 18:00:00","D","4.308","4.850","3.540","24.000","2023-05-29 17:12:18"
"2021-05-30 00:00:00","W","0.060","0.073","0.049","24.000","2023-05-29 17:12:22"
"2021-05-30 00:00:00","D","4.261","4.850","3.730","24.000","2023-05-29 17:12:18"
"2021-05-30 06:00:00","W","0.053","0.069","0.041","24.000","2023-05-29 17:12:22"
"2021-05-30 06:00:00","D","4.173","4.920","3.720","24.000","2023-05-29 17:12:18"
"2021-05-30 12:00:00","W","0.057","0.084","0.040","24.000","2023-05-29 17:12:22"
"2021-05-30 12:00:00","D","4.019","5.520","3.460","24.000","2023-05-29 17:12:18"
"2021-05-30 18:00:00","W","0.058","0.082","0.045","24.000","2023-05-29 17:12:22"
"2021-05-30 18:00:00","D","4.161","4.900","3.330","24.000","2023-05-29 17:12:18"
"2021-05-31 00:00:00","W","0.067","0.095","0.044","24.000","2023-05-29 17:12:22"
"2021-05-31 00:00:00","D","3.814","4.740","3.200","24.000","2023-05-29 17:12:18"
"2021-05-31 06:00:00","W","0.085","0.095","0.077","24.000","2023-05-29 17:12:22"
"2021-05-31 06:00:00","D","4.060","4.740","3.490","24.000","2023-05-29 17:12:18"
"2021-05-31 12:00:00","W","0.084","0.097","0.074","24.000","2023-05-29 17:12:22"
"2021-05-31 12:00:00","D","3.958","4.710","3.560","24.000","2023-05-29 17:12:18"
"2021-05-31 18:00:00","W","0.086","0.099","0.070","24.000","2023-05-29 17:12:22"
"2021-05-31 18:00:00","D","3.977","4.800","3.300","24.000","2023-05-29 17:12:18"
"2021-06-01 00:00:00","W","0.087","0.107","0.077","24.000","2023-05-29 17:12:22"
"2021-06-01 00:00:00","D","4.030","4.920","3.520","24.000","2023-05-29 17:12:18"
"2021-06-01 06:00:00","W","0.083","0.098","0.073","24.000","2023-05-29 17:12:22"
"2021-06-01 06:00:00","D","3.959","4.640","3.420","24.000","2023-05-29 17:12:18"
"2021-06-01 12:00:00","W","0.079","0.091","0.071","24.000","2023-05-29 17:12:22"
"2021-06-01 12:00:00","D","3.811","4.420","3.190","24.000","2023-05-29 17:12:18"
"2021-06-01 18:00:00","W","0.080","0.091","0.066","24.000","2023-05-29 17:12:22"
"2021-06-01 18:00:00","D","3.808","4.460","3.080","24.000","2023-05-29 17:12:18"
"2021-06-02 00:00:00","W","0.081","0.094","0.072","24.000","2023-05-29 17:12:22"
"2021-06-02 00:00:00","D","3.793","4.470","3.180","24.000","2023-05-29 17:12:18"
"2021-06-02 06:00:00","W","0.081","0.091","0.073","24.000","2023-05-29 17:12:22"
"2021-06-02 06:00:00","D","3.875","4.490","3.560","24.000","2023-05-29 17:12:18"
"2021-06-02 12:00:00","W","0.080","0.097","0.072","24.000","2023-05-29 17:12:22"
"2021-06-02 12:00:00","D","3.908","4.520","3.450","24.000","2023-05-29 17:12:18"
"2021-06-02 18:00:00","W","0.075","0.087","0.066","24.000","2023-05-29 17:12:22"
"2021-06-02 18:00:00","D","3.745","4.490","3.290","24.000","2023-05-29 17:12:18"
"2021-06-03 00:00:00","W","0.076","0.087","0.068","24.000","2023-05-29 17:12:22"
"2021-06-03 00:00:00","D","3.639","4.260","3.040","24.000","2023-05-29 17:12:18"
"2021-06-03 06:00:00","W","0.076","0.086","0.069","24.000","2023-05-29 17:12:22"
"2021-06-03 06:00:00","D","3.791","4.260","3.300","24.000","2023-05-29 17:12:18"
"2021-06-03 12:00:00","W","0.079","0.097","0.068","24.000","2023-05-29 17:12:22"
"2021-06-03 12:00:00","D","4.004","5.170","3.400","24.000","2023-05-29 17:12:18"
"2021-06-03 18:00:00","W","0.074","0.103","0.060","24.000","2023-05-29 17:12:22"
"2021-06-03 18:00:00","D","3.532","4.840","2.940","24.000","2023-05-29 17:12:18"
"2021-06-04 00:00:00","W","0.077","0.089","0.067","24.000","2023-05-29 17:12:22"
"2021-06-04 00:00:00","D","3.823","4.570","3.190","24.000","2023-05-29 17:12:18"
"2021-06-04 06:00:00","W","0.078","0.089","0.071","24.000","2023-05-29 17:12:22"
"2021-06-04 06:00:00","D","3.878","4.450","3.450","24.000","2023-05-29 17:12:18"
"2021-06-04 12:00:00","W","0.079","0.090","0.070","24.000","2023-05-29 17:12:22"
"2021-06-04 12:00:00","D","3.850","4.540","3.290","24.000","2023-05-29 17:12:18"
"2021-06-04 18:00:00","W","0.093","0.117","0.077","24.000","2023-05-29 17:12:22"
"2021-06-04 18:00:00","D","4.268","5.240","3.660","24.000","2023-05-29 17:12:18"
"2021-06-05 00:00:00","W","0.117","0.141","0.098","24.000","2023-05-29 17:12:22"
"2021-06-05 00:00:00","D","5.060","6.250","4.140","24.000","2023-05-29 17:12:18"
"2021-06-05 06:00:00","W","0.115","0.134","0.102","24.000","2023-05-29 17:12:22"
"2021-06-05 06:00:00","D","5.934","7.080","4.940","24.000","2023-05-29 17:12:18"
"2021-06-05 12:00:00","W","0.105","0.128","0.088","24.000","2023-05-29 17:12:22"
"2021-06-05 12:00:00","D","5.578","6.480","4.910","24.000","2023-05-29 17:12:18"
"2021-06-05 18:00:00","W","0.090","0.110","0.073","24.000","2023-05-29 17:12:22"
"2021-06-05 18:00:00","D","5.106","5.930","4.310","24.000","2023-05-29 17:12:18"
"2021-06-06 00:00:00","W","0.079","0.095","0.068","24.000","2023-05-29 17:12:22"
"2021-06-06 00:00:00","D","4.835","5.690","4.330","24.000","2023-05-29 17:12:18"
"2021-06-06 06:00:00","W","0.070","0.085","0.056","24.000","2023-05-29 17:12:22"
"2021-06-06 06:00:00","D","4.602","5.240","3.860","24.000","2023-05-29 17:12:18"
"2021-06-06 12:00:00","W","0.063","0.084","0.048","24.000","2023-05-29 17:12:22"
"2021-06-06 12:00:00","D","4.495","5.290","3.740","24.000","2023-05-29 17:12:18"
"2021-06-06 18:00:00","W","0.060","0.092","0.042","24.000","2023-05-29 17:12:22"
"2021-06-06 18:00:00","D","4.304","5.450","3.660","24.000","2023-05-29 17:12:18"
"2021-06-07 00:00:00","W","0.068","0.094","0.054","24.000","2023-05-29 17:12:22"
"2021-06-07 00:00:00","D","4.273","5.200","3.770","24.000","2023-05-29 17:12:18"
"2021-06-07 06:00:00","W","0.073","0.087","0.061","24.000","2023-05-29 17:12:22"
"2021-06-07 06:00:00","D","4.399","5.170","3.800","24.000","2023-05-29 17:12:18"
"2021-06-07 12:00:00","W","0.076","0.088","0.066","24.000","2023-05-29 17:12:22"
"2021-06-07 12:00:00","D","4.397","5.020","3.840","24.000","2023-05-29 17:12:18"
"2021-06-07 18:00:00","W","0.082","0.093","0.071","24.000","2023-05-29 17:12:22"
"2021-06-07 18:00:00","D","4.539","5.280","3.690","24.000","2023-05-29 17:12:18"
"2021-06-08 00:00:00","W","0.077","0.088","0.066","24.000","2023-05-29 17:12:22"
"2021-06-08 00:00:00","D","4.427","5.190","3.540","24.000","2023-05-29 17:12:18"
"2021-06-08 06:00:00","W","0.070","0.085","0.058","24.000","2023-05-29 17:12:22"
"2021-06-08 06:00:00","D","4.188","4.980","3.570","24.000","2023-05-29 17:12:18"
"2021-06-08 12:00:00","W","0.064","0.077","0.051","24.000","2023-05-29 17:12:22"
"2021-06-08 12:00:00","D","4.140","4.780","3.720","24.000","2023-05-29 17:12:18"
"2021-06-08 18:00:00","W","0.066","0.077","0.055","24.000","2023-05-29 17:12:22"
"2021-06-08 18:00:00","D","3.986","4.610","2.810","24.000","2023-05-29 17:12:18"
"2021-06-09 00:00:00","W","0.060","0.072","0.051","24.000","2023-05-29 17:12:22"
"2021-06-09 00:00:00","D","3.964","4.540","3.390","24.000","2023-05-29 17:12:18"
"2021-06-09 06:00:00","W","0.054","0.067","0.044","24.000","2023-05-29 17:12:22"
"2021-06-09 06:00:00","D","3.955","4.390","3.460","24.000","2023-05-29 17:12:18"
"2021-06-09 12:00:00","W","0.054","0.069","0.040","24.000","2023-05-29 17:12:22"
"2021-06-09 12:00:00","D","3.885","4.650","3.320","24.000","2023-05-29 17:12:18"
"2021-06-09 18:00:00","W","0.069","0.087","0.056","24.000","2023-05-29 17:12:22"
"2021-06-09 18:00:00","D","3.625","4.210","3.270","24.000","2023-05-29 17:12:18"
"2021-06-10 00:00:00","W","0.070","0.084","0.061","24.000","2023-05-29 17:12:22"
"2021-06-10 00:00:00","D","3.870","4.450","3.360","24.000","2023-05-29 17:12:18"
"2021-06-10 06:00:00","W","0.070","0.083","0.060","24.000","2023-05-29 17:12:22"
"2021-06-10 06:00:00","D","3.885","4.450","3.380","24.000","2023-05-29 17:12:18"
"2021-06-10 12:00:00","W","0.067","0.078","0.056","24.000","2023-05-29 17:12:22"
"2021-06-10 12:00:00","D","3.838","4.430","3.420","24.000","2023-05-29 17:12:18"
"2021-06-10 18:00:00","W","0.068","0.079","0.057","24.000","2023-05-29 17:12:22"
"2021-06-10 18:00:00","D","3.797","4.420","3.470","24.000","2023-05-29 17:12:18"
"2021-06-11 00:00:00","W","0.066","0.080","0.058","24.000","2023-05-29 17:12:22"
"2021-06-11 00:00:00","D","3.808","4.560","3.410","24.000","2023-05-29 17:12:18"
"2021-06-11 06:00:00","W","0.064","0.076","0.055","24.000","2023-05-29 17:12:22"
"2021-06-11 06:00:00","D","3.741","4.210","3.180","24.000","2023-05-29 17:12:18"
"2021-06-11 12:00:00","W","0.061","0.072","0.050","24.000","2023-05-29 17:12:22"
"2021-06-11 12:00:00","D","3.739","4.320","3.170","24.000","2023-05-29 17:12:18"
"2021-06-11 18:00:00","W","0.058","0.079","0.045","24.000","2023-05-29 17:12:22"
"2021-06-11 18:00:00","D","3.603","4.450","3.160","24.000","2023-05-29 17:12:18"
"2021-06-12 00:00:00","W","0.057","0.067","0.049","24.000","2023-05-29 17:12:22"
"2021-06-12 00:00:00","D","3.631","4.070","3.350","24.000","2023-05-29 17:12:18"
"2021-06-12 06:00:00","W","0.055","0.065","0.047","24.000","2023-05-29 17:12:22"
"2021-06-12 06:00:00","D","3.590","3.920","3.260","24.000","2023-05-29 17:12:18"
"2021-06-12 12:00:00","W","0.055","0.065","0.047","24.000","2023-05-29 17:12:22"
"2021-06-12 12:00:00","D","3.619","4.120","3.080","24.000","2023-05-29 17:12:18"
"2021-06-12 18:00:00","W","0.058","0.075","0.050","24.000","2023-05-29 17:12:22"
"2021-06-12 18:00:00","D","3.636","4.180","3.210","24.000","2023-05-29 17:12:18"
"2021-06-13 00:00:00","W","0.057","0.072","0.048","24.000","2023-05-29 17:12:22"
"2021-06-13 00:00:00","D","3.681","4.300","3.150","24.000","2023-05-29 17:12:18"
"2021-06-13 06:00:00","W","0.055","0.062","0.048","24.000","2023-05-29 17:12:22"
"2021-06-13 06:00:00","D","3.603","4.080","3.210","24.000","2023-05-29 17:12:18"
"2021-06-13 12:00:00","W","0.053","0.064","0.045","24.000","2023-05-29 17:12:22"
"2021-06-13 12:00:00","D","3.557","4.070","3.060","24.000","2023-05-29 17:12:18"
"2021-06-13 18:00:00","W","0.053","0.068","0.044","24.000","2023-05-29 17:12:22"
"2021-06-13 18:00:00","D","3.627","4.370","3.000","24.000","2023-05-29 17:12:18"
"2021-06-14 00:00:00","W","0.050","0.061","0.043","24.000","2023-05-29 17:12:22"
"2021-06-14 00:00:00","D","3.469","4.160","3.120","24.000","2023-05-29 17:12:18"
"2021-06-14 06:00:00","W","0.055","0.069","0.041","24.000","2023-05-29 17:12:22"
"2021-06-14 06:00:00","D","3.430","3.790","3.150","24.000","2023-05-29 17:12:18"
"2021-06-14 12:00:00","W","0.062","0.071","0.056","24.000","2023-05-29 17:12:22"
"2021-06-14 12:00:00","D","3.402","3.700","3.150","24.000","2023-05-29 17:12:18"
"2021-06-14 18:00:00","W","0.071","0.081","0.062","24.000","2023-05-29 17:12:22"
"2021-06-14 18:00:00","D","3.545","4.390","3.130","24.000","2023-05-29 17:12:18"
"2021-06-15 00:00:00","W","0.071","0.078","0.064","24.000","2023-05-29 17:12:22"
"2021-06-15 00:00:00","D","3.728","4.350","3.280","24.000","2023-05-29 17:12:18"
"2021-06-15 06:00:00","W","0.070","0.078","0.063","24.000","2023-05-29 17:12:22"
"2021-06-15 06:00:00","D","3.590","4.060","3.310","24.000","2023-05-29 17:12:18"
"2021-06-15 12:00:00","W","0.068","0.082","0.055","24.000","2023-05-29 17:12:22"
"2021-06-15 12:00:00","D","3.485","4.020","3.020","24.000","2023-05-29 17:12:18"
"2021-06-15 18:00:00","W","0.066","0.073","0.058","24.000","2023-05-29 17:12:22"
"2021-06-15 18:00:00","D","3.371","3.850","2.900","24.000","2023-05-29 17:12:18"
"2021-06-16 00:00:00","W","0.063","0.076","0.055","24.000","2023-05-29 17:12:22"
"2021-06-16 00:00:00","D","3.453","3.900","3.060","24.000","2023-05-29 17:12:18"
"2021-06-16 06:00:00","W","0.061","0.067","0.056","24.000","2023-05-29 17:12:22"
"2021-06-16 06:00:00","D","3.460","3.750","3.240","24.000","2023-05-29 17:12:18"
"2021-06-16 12:00:00","W","0.061","0.070","0.054","24.000","2023-05-29 17:12:22"
"2021-06-16 12:00:00","D","3.317","3.720","3.010","24.000","2023-05-29 17:12:18"
"2021-06-16 18:00:00","W","0.060","0.068","0.051","24.000","2023-05-29 17:12:22"
"2021-06-16 18:00:00","D","3.319","3.690","2.740","24.000","2023-05-29 17:12:18"
"2021-06-17 00:00:00","W","0.073","0.088","0.058","24.000","2023-05-29 17:12:22"
"2021-06-17 00:00:00","D","3.700","4.110","3.220","24.000","2023-05-29 17:12:18"
"2021-06-17 06:00:00","W","0.086","0.094","0.081","24.000","2023-05-29 17:12:22"
"2021-06-17 06:00:00","D","4.073","4.530","3.750","24.000","2023-05-29 17:12:18"
"2021-06-17 12:00:00","W","0.099","0.117","0.085","24.000","2023-05-29 17:12:22"
"2021-06-17 12:00:00","D","4.220","4.850","3.680","24.000","2023-05-29 17:12:18"
"2021-06-17 18:00:00","W","0.107","0.122","0.094","24.000","2023-05-29 17:12:22"
"2021-06-17 18:00:00","D","4.412","5.310","3.910","24.000","2023-05-29 17:12:18"
"2021-06-18 00:00:00","W","0.103","0.111","0.097","24.000","2023-05-29 17:12:22"
"2021-06-18 00:00:00","D","4.333","4.840","3.980","24.000","2023-05-29 17:12:18"
"2021-06-18 06:00:00","W","0.101","0.110","0.094","24.000","2023-05-29 17:12:22"
"2021-06-18 06:00:00","D","4.205","4.650","3.850","24.000","2023-05-29 17:12:18"
"2021-06-18 12:00:00","W","0.108","0.154","0.045","24.000","2023-05-29 17:12:22"
"2021-06-18 12:00:00","D","6.202","9.230","4.000","24.000","2023-05-29 17:12:18"
"2021-06-18 18:00:00","W","0.098","0.161","0.055","24.000","2023-05-29 17:12:22"
"2021-06-18 18:00:00","D","9.702","13.950","6.180","24.000","2023-05-29 17:12:18"
"2021-06-19 00:00:00","W","0.111","0.152","0.074","24.000","2023-05-29 17:12:22"
"2021-06-19 00:00:00","D","14.101","16.510","10.640","24.000","2023-05-29 17:12:18"
"2021-06-19 06:00:00","W","0.097","0.133","0.048","24.000","2023-05-29 17:12:22"
"2021-06-19 06:00:00","D","15.045","16.220","13.150","24.000","2023-05-29 17:12:18"
"2021-06-19 12:00:00","W","0.092","0.126","0.038","24.000","2023-05-29 17:12:22"
"2021-06-19 12:00:00","D","12.109","14.210","10.410","24.000","2023-05-29 17:12:18"
"2021-06-19 18:00:00","W","0.064","0.106","0.022","24.000","2023-05-29 17:12:22"
"2021-06-19 18:00:00","D","9.832","12.480","7.400","24.000","2023-05-29 17:12:18"
"2021-06-20 00:00:00","W","0.079","0.105","0.052","24.000","2023-05-29 17:12:22"
"2021-06-20 00:00:00","D","8.423","10.840","6.930","24.000","2023-05-29 17:12:18"
"2021-06-20 06:00:00","W","0.064","0.089","0.042","24.000","2023-05-29 17:12:22"
"2021-06-20 06:00:00","D","7.980","9.370","6.510","24.000","2023-05-29 17:12:18"
"2021-06-20 12:00:00","W","0.063","0.090","0.034","24.000","2023-05-29 17:12:22"
"2021-06-20 12:00:00","D","7.235","8.760","4.930","24.000","2023-05-29 17:12:18"
"2021-06-20 18:00:00","W","0.081","0.109","0.052","24.000","2023-05-29 17:12:22"
"2021-06-20 18:00:00","D","6.359","8.130","4.800","24.000","2023-05-29 17:12:18"
"2021-06-21 00:00:00","W","0.072","0.153","0.012","24.000","2023-05-29 17:12:22"
"2021-06-21 00:00:00","D","4.972","8.320","1.890","24.000","2023-05-29 17:12:18"
"2021-06-21 06:00:00","W","0.112","0.137","0.090","24.000","2023-05-29 17:12:22"
"2021-06-21 06:00:00","D","5.491","6.420","4.470","24.000","2023-05-29 17:12:18"
"2021-06-21 12:00:00","W","0.088","0.114","0.069","24.000","2023-05-29 17:12:22"
"2021-06-21 12:00:00","D","4.952","6.130","4.010","24.000","2023-05-29 17:12:18"
"2021-06-21 18:00:00","W","0.088","0.106","0.075","24.000","2023-05-29 17:12:22"
"2021-06-21 18:00:00","D","5.017","5.990","4.170","24.000","2023-05-29 17:12:18"
"2021-06-22 00:00:00","W","0.095","0.111","0.079","24.000","2023-05-29 17:12:22"
"2021-06-22 00:00:00","D","5.199","6.170","4.530","24.000","2023-05-29 17:12:18"
"2021-06-22 06:00:00","W","0.097","0.114","0.085","24.000","2023-05-29 17:12:22"
"2021-06-22 06:00:00","D","5.177","6.230","4.310","24.000","2023-05-29 17:12:18"
"2021-06-22 12:00:00","W","0.096","0.120","0.082","24.000","2023-05-29 17:12:22"
"2021-06-22 12:00:00","D","5.343","6.230","4.440","24.000","2023-05-29 17:12:18"
"2021-06-22 18:00:00","W","0.082","0.103","0.066","24.000","2023-05-29 17:12:22"
"2021-06-22 18:00:00","D","4.876","6.130","4.060","24.000","2023-05-29 17:12:18"
"2021-06-23 00:00:00","W","0.075","0.094","0.063","24.000","2023-05-29 17:12:22"
"2021-06-23 00:00:00","D","4.764","5.590","4.050","24.000","2023-05-29 17:12:18"
"2021-06-23 06:00:00","W","0.068","0.084","0.057","24.000","2023-05-29 17:12:22"
"2021-06-23 06:00:00","D","4.628","5.530","3.990","24.000","2023-05-29 17:12:18"
"2021-06-23 12:00:00","W","0.064","0.080","0.052","24.000","2023-05-29 17:12:22"
"2021-06-23 12:00:00","D","4.435","5.610","3.750","24.000","2023-05-29 17:12:18"
"2021-06-23 18:00:00","W","0.064","0.089","0.049","24.000","2023-05-29 17:12:22"
"2021-06-23 18:00:00","D","4.282","5.310","3.500","24.000","2023-05-29 17:12:18"
"2021-06-24 00:00:00","W","0.061","0.080","0.047","24.000","2023-05-29 17:12:22"
"2021-06-24 00:00:00","D","4.325","5.330","3.610","24.000","2023-05-29 17:12:18"
"2021-06-24 06:00:00","W","0.057","0.073","0.045","24.000","2023-05-29 17:12:22"
"2021-06-24 06:00:00","D","4.334","5.080","3.910","24.000","2023-05-29 17:12:18"
"2021-06-24 12:00:00","W","0.060","0.080","0.046","24.000","2023-05-29 17:12:22"
"2021-06-24 12:00:00","D","4.294","5.330","3.660","24.000","2023-05-29 17:12:18"
"2021-06-24 18:00:00","W","0.062","0.090","0.042","24.000","2023-05-29 17:12:22"
"2021-06-24 18:00:00","D","3.972","5.550","3.030","24.000","2023-05-29 17:12:18"
"2021-06-25 00:00:00","W","0.071","0.085","0.058","24.000","2023-05-29 17:12:22"
"2021-06-25 00:00:00","D","4.129","4.840","3.280","24.000","2023-05-29 17:12:18"
"2021-06-25 06:00:00","W","0.071","0.085","0.061","24.000","2023-05-29 17:12:22"
"2021-06-25 06:00:00","D","4.089","5.050","3.350","24.000","2023-05-29 17:12:18"
"2021-06-25 12:00:00","W","0.069","0.082","0.057","24.000","2023-05-29 17:12:22"
"2021-06-25 12:00:00","D","3.924","4.690","3.240","24.000","2023-05-29 17:12:18"
"2021-06-25 18:00:00","W","0.068","0.092","0.050","24.000","2023-05-29 17:12:22"
"2021-06-25 18:00:00","D","3.931","4.940","2.640","24.000","2023-05-29 17:12:18"
"2021-06-26 00:00:00","W","0.067","0.084","0.054","24.000","2023-05-29 17:12:22"
"2021-06-26 00:00:00","D","3.957","5.160","3.380","24.000","2023-05-29 17:12:18"
"2021-06-26 06:00:00","W","0.071","0.084","0.061","24.000","2023-05-29 17:12:22"
"2021-06-26 06:00:00","D","4.043","4.810","3.410","24.000","2023-05-29 17:12:18"
"2021-06-26 12:00:00","W","0.069","0.085","0.056","24.000","2023-05-29 17:12:22"
"2021-06-26 12:00:00","D","4.025","4.900","3.230","24.000","2023-05-29 17:12:18"
"2021-06-26 18:00:00","W","0.066","0.088","0.050","24.000","2023-05-29 17:12:22"
"2021-06-26 18:00:00","D","3.815","4.940","3.130","24.000","2023-05-29 17:12:18"
"2021-06-27 00:00:00","W","0.065","0.085","0.051","24.000","2023-05-29 17:12:22"
"2021-06-27 00:00:00","D","3.814","4.670","3.120","24.000","2023-05-29 17:12:18"
"2021-06-27 06:00:00","W","0.061","0.073","0.051","24.000","2023-05-29 17:12:22"
"2021-06-27 06:00:00","D","3.773","4.620","3.040","24.000","2023-05-29 17:12:18"
"2021-06-27 12:00:00","W","0.062","0.082","0.049","24.000","2023-05-29 17:12:22"
"2021-06-27 12:00:00","D","3.813","5.000","3.150","24.000","2023-05-29 17:12:18"
"2021-06-27 18:00:00","W","0.058","0.075","0.046","24.000","2023-05-29 17:12:22"
"2021-06-27 18:00:00","D","3.730","4.630","3.140","24.000","2023-05-29 17:12:18"
"2021-06-28 00:00:00","W","0.062","0.079","0.050","24.000","2023-05-29 17:12:22"
"2021-06-28 00:00:00","D","3.753","4.710","2.910","24.000","2023-05-29 17:12:18"
"2021-06-28 06:00:00","W","0.070","0.082","0.060","24.000","2023-05-29 17:12:22"
"2021-06-28 06:00:00","D","3.897","4.580","3.270","24.000","2023-05-29 17:12:18"
"2021-06-28 12:00:00","W","0.079","0.096","0.063","24.000","2023-05-29 17:12:22"
"2021-06-28 12:00:00","D","4.210","5.170","3.420","24.000","2023-05-29 17:12:18"
"2021-06-28 18:00:00","W","0.090","0.107","0.078","24.000","2023-05-29 17:12:22"
"2021-06-28 18:00:00","D","4.603","5.660","3.790","24.000","2023-05-29 17:12:18"
"2021-06-29 00:00:00","W","0.090","0.113","0.079","24.000","2023-05-29 17:12:22"
"2021-06-29 00:00:00","D","4.496","5.940","3.540","24.000","2023-05-29 17:12:18"
"2021-06-29 06:00:00","W","0.084","0.103","0.073","24.000","2023-05-29 17:12:22"
"2021-06-29 06:00:00","D","4.269","5.260","3.510","24.000","2023-05-29 17:12:18"
"2021-06-29 12:00:00","W","0.077","0.095","0.066","24.000","2023-05-29 17:12:22"
"2021-06-29 12:00:00","D","4.125","5.120","3.290","24.000","2023-05-29 17:12:18"
"2021-06-29 18:00:00","W","0.075","0.092","0.057","24.000","2023-05-29 17:12:22"
"2021-06-29 18:00:00","D","4.179","5.220","3.570","24.000","2023-05-29 17:12:18"
"2021-06-30 00:00:00","W","0.071","0.085","0.060","24.000","2023-05-29 17:12:22"
"2021-06-30 00:00:00","D","4.127","4.980","3.520","24.000","2023-05-29 17:12:19"
"2021-06-30 06:00:00","W","0.068","0.084","0.058","24.000","2023-05-29 17:12:22"
"2021-06-30 06:00:00","D","3.982","4.770","3.210","24.000","2023-05-29 17:12:19"
"2021-06-30 12:00:00","W","0.071","0.087","0.056","24.000","2023-05-29 17:12:22"
"2021-06-30 12:00:00","D","4.079","4.770","3.290","24.000","2023-05-29 17:12:19"
"2021-06-30 18:00:00","W","0.069","0.085","0.058","24.000","2023-05-29 17:12:22"
"2021-06-30 18:00:00","D","4.018","4.740","3.310","24.000","2023-05-29 17:12:19"
"2021-07-01 00:00:00","W","0.068","0.080","0.057","24.000","2023-05-29 17:12:22"
"2021-07-01 00:00:00","D","3.996","4.780","3.490","24.000","2023-05-29 17:12:19"
"2021-07-01 06:00:00","W","0.065","0.079","0.055","24.000","2023-05-29 17:12:22"
"2021-07-01 06:00:00","D","3.845","4.860","3.170","24.000","2023-05-29 17:12:19"
"2021-07-01 12:00:00","W","0.060","0.075","0.047","24.000","2023-05-29 17:12:22"
"2021-07-01 12:00:00","D","3.775","4.600","3.120","24.000","2023-05-29 17:12:19"
"2021-07-01 18:00:00","W","0.057","0.078","0.048","24.000","2023-05-29 17:12:22"
"2021-07-01 18:00:00","D","3.621","4.430","2.880","24.000","2023-05-29 17:12:19"
"2021-07-02 00:00:00","W","0.057","0.071","0.047","24.000","2023-05-29 17:12:22"
"2021-07-02 00:00:00","D","3.703","4.470","3.060","24.000","2023-05-29 17:12:19"
"2021-07-02 06:00:00","W","0.054","0.067","0.044","24.000","2023-05-29 17:12:22"
"2021-07-02 06:00:00","D","3.656","4.260","3.030","24.000","2023-05-29 17:12:19"
"2021-07-02 12:00:00","W","0.051","0.067","0.042","24.000","2023-05-29 17:12:22"
"2021-07-02 12:00:00","D","3.537","4.530","2.560","24.000","2023-05-29 17:12:19"
"2021-07-02 18:00:00","W","0.057","0.072","0.047","24.000","2023-05-29 17:12:22"
"2021-07-02 18:00:00","D","3.276","4.130","2.890","24.000","2023-05-29 17:12:19"
"2021-07-03 00:00:00","W","0.059","0.071","0.048","24.000","2023-05-29 17:12:22"
"2021-07-03 00:00:00","D","3.530","4.250","2.740","24.000","2023-05-29 17:12:19"
"2021-07-03 06:00:00","W","0.058","0.068","0.049","24.000","2023-05-29 17:12:22"
"2021-07-03 06:00:00","D","3.555","4.130","2.880","24.000","2023-05-29 17:12:19"
"2021-07-03 12:00:00","W","0.059","0.076","0.046","24.000","2023-05-29 17:12:22"
"2021-07-03 12:00:00","D","3.547","4.640","2.800","24.000","2023-05-29 17:12:19"
"2021-07-03 18:00:00","W","0.056","0.070","0.046","24.000","2023-05-29 17:12:22"
"2021-07-03 18:00:00","D","3.492","4.140","2.860","24.000","2023-05-29 17:12:19"
"2021-07-04 00:00:00","W","0.060","0.075","0.048","24.000","2023-05-29 17:12:22"
"2021-07-04 00:00:00","D","3.565","4.440","2.720","24.000","2023-05-29 17:12:19"
"2021-07-04 06:00:00","W","0.060","0.070","0.050","24.000","2023-05-29 17:12:22"
"2021-07-04 06:00:00","D","3.567","4.150","3.090","24.000","2023-05-29 17:12:19"
"2021-07-04 12:00:00","W","0.059","0.070","0.048","24.000","2023-05-29 17:12:22"
"2021-07-04 12:00:00","D","3.565","4.330","3.110","24.000","2023-05-29 17:12:19"
"2021-07-04 18:00:00","W","0.062","0.078","0.047","24.000","2023-05-29 17:12:22"
"2021-07-04 18:00:00","D","3.720","4.470","3.240","24.000","2023-05-29 17:12:19"
"2021-07-05 00:00:00","W","0.061","0.075","0.051","24.000","2023-05-29 17:12:22"
"2021-07-05 00:00:00","D","3.607","4.150","3.030","24.000","2023-05-29 17:12:19"
"2021-07-05 06:00:00","W","0.062","0.073","0.053","24.000","2023-05-29 17:12:22"
"2021-07-05 06:00:00","D","3.642","4.160","3.170","24.000","2023-05-29 17:12:19"
"2021-07-05 12:00:00","W","0.064","0.076","0.056","24.000","2023-05-29 17:12:22"
"2021-07-05 12:00:00","D","3.666","4.490","2.980","24.000","2023-05-29 17:12:19"
"2021-07-05 18:00:00","W","0.066","0.083","0.054","24.000","2023-05-29 17:12:22"
"2021-07-05 18:00:00","D","3.778","4.350","3.010","24.000","2023-05-29 17:12:19"
"2021-07-06 00:00:00","W","0.068","0.084","0.055","24.000","2023-05-29 17:12:22"
"2021-07-06 00:00:00","D","3.753","4.530","3.120","24.000","2023-05-29 17:12:19"
"2021-07-06 06:00:00","W","0.080","0.095","0.070","24.000","2023-05-29 17:12:22"
"2021-07-06 06:00:00","D","4.131","4.750","3.600","24.000","2023-05-29 17:12:19"
"2021-07-06 12:00:00","W","0.105","0.141","0.081","24.000","2023-05-29 17:12:22"
"2021-07-06 12:00:00","D","4.849","6.300","3.920","24.000","2023-05-29 17:12:19"
"2021-07-06 18:00:00","W","0.101","0.149","0.067","24.000","2023-05-29 17:12:22"
"2021-07-06 18:00:00","D","7.082","8.570","5.810","24.000","2023-05-29 17:12:19"
"2021-07-07 00:00:00","W","0.062","0.094","0.034","24.000","2023-05-29 17:12:22"
"2021-07-07 00:00:00","D","6.198","8.030","4.290","24.000","2023-05-29 17:12:19"
"2021-07-07 06:00:00","W","0.079","0.097","0.068","24.000","2023-05-29 17:12:22"
"2021-07-07 06:00:00","D","5.793","6.750","4.810","24.000","2023-05-29 17:12:19"
"2021-07-07 12:00:00","W","0.066","0.089","0.049","24.000","2023-05-29 17:12:22"
"2021-07-07 12:00:00","D","5.509","6.750","4.690","24.000","2023-05-29 17:12:19"
"2021-07-07 18:00:00","W","0.061","0.086","0.042","24.000","2023-05-29 17:12:22"
"2021-07-07 18:00:00","D","5.309","6.800","4.380","24.000","2023-05-29 17:12:19"
"2021-07-08 00:00:00","W","0.062","0.084","0.048","24.000","2023-05-29 17:12:22"
"2021-07-08 00:00:00","D","4.905","6.230","4.130","24.000","2023-05-29 17:12:19"
"2021-07-08 06:00:00","W","0.055","0.075","0.042","24.000","2023-05-29 17:12:22"
"2021-07-08 06:00:00","D","4.623","5.800","3.610","24.000","2023-05-29 17:12:19"
"2021-07-08 12:00:00","W","0.056","0.078","0.047","24.000","2023-05-29 17:12:22"
"2021-07-08 12:00:00","D","4.342","5.320","3.820","24.000","2023-05-29 17:12:19"
"2021-07-08 18:00:00","W","0.052","0.067","0.042","24.000","2023-05-29 17:12:22"
"2021-07-08 18:00:00","D","4.008","4.960","3.560","24.000","2023-05-29 17:12:19"
"2021-07-09 00:00:00","W","0.060","0.071","0.052","24.000","2023-05-29 17:12:22"
"2021-07-09 00:00:00","D","4.106","4.760","3.570","24.000","2023-05-29 17:12:19"
"2021-07-09 06:00:00","W","0.056","0.065","0.048","24.000","2023-05-29 17:12:22"
"2021-07-09 06:00:00","D","3.950","4.460","3.530","24.000","2023-05-29 17:12:19"
"2021-07-09 12:00:00","W","0.053","0.068","0.046","24.000","2023-05-29 17:12:22"
"2021-07-09 12:00:00","D","3.882","4.560","3.200","24.000","2023-05-29 17:12:19"
"2021-07-09 18:00:00","W","0.051","0.062","0.042","24.000","2023-05-29 17:12:22"
"2021-07-09 18:00:00","D","3.704","4.520","3.100","24.000","2023-05-29 17:12:19"
"2021-07-10 00:00:00","W","0.064","0.081","0.053","24.000","2023-05-29 17:12:22"
"2021-07-10 00:00:00","D","3.806","4.410","3.250","24.000","2023-05-29 17:12:19"
"2021-07-10 06:00:00","W","0.088","0.101","0.075","24.000","2023-05-29 17:12:22"
"2021-07-10 06:00:00","D","4.570","5.220","3.880","24.000","2023-05-29 17:12:19"
"2021-07-10 12:00:00","W","0.093","0.105","0.080","24.000","2023-05-29 17:12:22"
"2021-07-10 12:00:00","D","4.714","5.090","4.390","24.000","2023-05-29 17:12:19"
"2021-07-10 18:00:00","W","0.086","0.101","0.077","24.000","2023-05-29 17:12:22"
"2021-07-10 18:00:00","D","4.568","5.660","4.190","24.000","2023-05-29 17:12:19"
"2021-07-11 00:00:00","W","0.076","0.093","0.068","24.000","2023-05-29 17:12:22"
"2021-07-11 00:00:00","D","4.193","5.100","3.680","24.000","2023-05-29 17:12:19"
"2021-07-11 06:00:00","W","0.072","0.080","0.064","24.000","2023-05-29 17:12:22"
"2021-07-11 06:00:00","D","4.105","4.700","3.710","24.000","2023-05-29 17:12:19"
"2021-07-11 12:00:00","W","0.067","0.082","0.059","24.000","2023-05-29 17:12:22"
"2021-07-11 12:00:00","D","4.083","4.580","3.660","24.000","2023-05-29 17:12:19"
"2021-07-11 18:00:00","W","0.062","0.075","0.055","24.000","2023-05-29 17:12:22"
"2021-07-11 18:00:00","D","3.932","4.390","3.430","24.000","2023-05-29 17:12:19"
"2021-07-12 00:00:00","W","0.060","0.078","0.052","24.000","2023-05-29 17:12:22"
"2021-07-12 00:00:00","D","3.855","4.900","3.350","24.000","2023-05-29 17:12:19"
"2021-07-12 06:00:00","W","0.052","0.058","0.048","24.000","2023-05-29 17:12:22"
"2021-07-12 06:00:00","D","3.738","4.140","3.420","24.000","2023-05-29 17:12:19"
"2021-07-12 12:00:00","W","0.055","0.060","0.050","24.000","2023-05-29 17:12:22"
"2021-07-12 12:00:00","D","3.723","4.060","3.410","24.000","2023-05-29 17:12:19"
"2021-07-12 18:00:00","W","0.076","0.155","0.055","24.000","2023-05-29 17:12:22"
"2021-07-12 18:00:00","D","4.288","7.430","3.570","24.000","2023-05-29 17:12:19"
"2021-07-13 00:00:00","W","0.096","0.129","0.074","24.000","2023-05-29 17:12:22"
"2021-07-13 00:00:00","D","7.093","8.380","5.580","24.000","2023-05-29 17:12:19"
"2021-07-13 06:00:00","W","0.102","0.135","0.076","24.000","2023-05-29 17:12:22"
"2021-07-13 06:00:00","D","7.438","9.080","5.780","24.000","2023-05-29 17:12:19"
"2021-07-13 12:00:00","W","0.107","0.134","0.077","24.000","2023-05-29 17:12:22"
"2021-07-13 12:00:00","D","8.875","10.290","7.490","24.000","2023-05-29 17:12:19"
"2021-07-13 18:00:00","W","0.059","0.088","0.036","24.000","2023-05-29 17:12:22"
"2021-07-13 18:00:00","D","7.555","9.260","6.540","24.000","2023-05-29 17:12:19"
"2021-07-14 00:00:00","W","0.069","0.098","0.023","24.000","2023-05-29 17:12:22"
"2021-07-14 00:00:00","D","4.850","5.830","4.070","24.000","2023-05-29 17:12:19"
"2021-07-14 06:00:00","W","0.086","0.096","0.077","24.000","2023-05-29 17:12:22"
"2021-07-14 06:00:00","D","5.010","5.770","4.490","24.000","2023-05-29 17:12:19"
"2021-07-14 12:00:00","W","0.077","0.089","0.067","24.000","2023-05-29 17:12:22"
"2021-07-14 12:00:00","D","4.712","5.240","4.300","24.000","2023-05-29 17:12:19"
"2021-07-14 18:00:00","W","0.071","0.091","0.059","24.000","2023-05-29 17:12:22"
"2021-07-14 18:00:00","D","4.561","5.150","4.030","24.000","2023-05-29 17:12:19"
"2021-07-15 00:00:00","W","0.065","0.077","0.055","24.000","2023-05-29 17:12:22"
"2021-07-15 00:00:00","D","4.304","5.030","3.460","24.000","2023-05-29 17:12:19"
"2021-07-15 06:00:00","W","0.059","0.069","0.048","24.000","2023-05-29 17:12:22"
"2021-07-15 06:00:00","D","4.259","4.670","3.830","24.000","2023-05-29 17:12:19"
"2021-07-15 12:00:00","W","0.052","0.064","0.044","24.000","2023-05-29 17:12:22"
"2021-07-15 12:00:00","D","4.097","4.670","3.650","24.000","2023-05-29 17:12:19"
"2021-07-15 18:00:00","W","0.052","0.064","0.043","24.000","2023-05-29 17:12:22"
"2021-07-15 18:00:00","D","3.988","4.920","3.490","24.000","2023-05-29 17:12:19"
"2021-07-16 00:00:00","W","0.055","0.068","0.038","24.000","2023-05-29 17:12:22"
"2021-07-16 00:00:00","D","3.899","4.350","3.610","24.000","2023-05-29 17:12:19"
"2021-07-16 06:00:00","W","0.057","0.066","0.050","24.000","2023-05-29 17:12:22"
"2021-07-16 06:00:00","D","3.832","4.410","3.440","24.000","2023-05-29 17:12:19"
"2021-07-16 12:00:00","W","0.054","0.064","0.045","24.000","2023-05-29 17:12:22"
"2021-07-16 12:00:00","D","3.736","4.250","3.280","24.000","2023-05-29 17:12:19"
"2021-07-16 18:00:00","W","0.049","0.072","0.040","24.000","2023-05-29 17:12:22"
"2021-07-16 18:00:00","D","3.496","4.380","2.560","24.000","2023-05-29 17:12:19"
"2021-07-17 00:00:00","W","0.054","0.058","0.048","24.000","2023-05-29 17:12:22"
"2021-07-17 00:00:00","D","3.473","3.860","2.560","24.000","2023-05-29 17:12:19"
"2021-07-17 06:00:00","W","0.054","0.057","0.051","24.000","2023-05-29 17:12:22"
"2021-07-17 06:00:00","D","3.699","3.940","3.250","24.000","2023-05-29 17:12:19"
"2021-07-17 12:00:00","W","0.050","0.064","0.032","24.000","2023-05-29 17:12:22"
"2021-07-17 12:00:00","D","3.489","3.920","3.080","24.000","2023-05-29 17:12:19"
"2021-07-17 18:00:00","W","0.056","0.072","0.044","24.000","2023-05-29 17:12:22"
"2021-07-17 18:00:00","D","3.300","3.850","2.780","24.000","2023-05-29 17:12:19"
"2021-07-18 00:00:00","W","0.063","0.070","0.058","24.000","2023-05-29 17:12:22"
"2021-07-18 00:00:00","D","3.354","3.650","3.010","24.000","2023-05-29 17:12:19"
"2021-07-18 06:00:00","W","0.062","0.068","0.055","24.000","2023-05-29 17:12:22"
"2021-07-18 06:00:00","D","3.530","3.840","3.180","24.000","2023-05-29 17:12:19"
"2021-07-18 12:00:00","W","0.061","0.077","0.051","24.000","2023-05-29 17:12:22"
"2021-07-18 12:00:00","D","3.360","3.790","2.900","24.000","2023-05-29 17:12:19"
"2021-07-18 18:00:00","W","0.059","0.069","0.051","24.000","2023-05-29 17:12:22"
"2021-07-18 18:00:00","D","3.220","3.850","2.670","24.000","2023-05-29 17:12:19"
"2021-07-19 00:00:00","W","0.061","0.067","0.056","24.000","2023-05-29 17:12:22"
"2021-07-19 00:00:00","D","3.361","3.790","2.820","24.000","2023-05-29 17:12:19"
"2021-07-19 06:00:00","W","0.057","0.062","0.053","24.000","2023-05-29 17:12:22"
"2021-07-19 06:00:00","D","3.377","3.640","3.170","24.000","2023-05-29 17:12:19"
"2021-07-19 12:00:00","W","0.053","0.060","0.043","24.000","2023-05-29 17:12:22"
"2021-07-19 12:00:00","D","3.221","3.530","2.720","24.000","2023-05-29 17:12:19"
"2021-07-19 18:00:00","W","0.053","0.067","0.045","24.000","2023-05-29 17:12:22"
"2021-07-19 18:00:00","D","3.138","3.550","2.680","24.000","2023-05-29 17:12:19"
"2021-07-20 00:00:00","W","0.055","0.062","0.048","24.000","2023-05-29 17:12:22"
"2021-07-20 00:00:00","D","3.265","3.650","2.860","24.000","2023-05-29 17:12:19"
"2021-07-20 06:00:00","W","0.056","0.061","0.051","24.000","2023-05-29 17:12:22"
"2021-07-20 06:00:00","D","3.360","3.620","3.040","24.000","2023-05-29 17:12:19"
"2021-07-20 12:00:00","W","0.053","0.067","0.046","24.000","2023-05-29 17:12:22"
"2021-07-20 12:00:00","D","3.280","3.730","2.990","24.000","2023-05-29 17:12:19"
"2021-07-20 18:00:00","W","0.055","0.077","0.042","24.000","2023-05-29 17:12:22"
"2021-07-20 18:00:00","D","3.080","3.630","1.850","24.000","2023-05-29 17:12:19"
"2021-07-21 00:00:00","W","0.068","0.078","0.059","24.000","2023-05-29 17:12:22"
"2021-07-21 00:00:00","D","3.678","4.200","3.050","24.000","2023-05-29 17:12:19"
"2021-07-21 06:00:00","W","0.071","0.082","0.063","24.000","2023-05-29 17:12:22"
"2021-07-21 06:00:00","D","3.724","4.330","3.110","24.000","2023-05-29 17:12:19"
"2021-07-21 12:00:00","W","0.080","0.098","0.066","24.000","2023-05-29 17:12:22"
"2021-07-21 12:00:00","D","3.953","4.860","3.270","24.000","2023-05-29 17:12:19"
"2021-07-21 18:00:00","W","0.060","0.074","0.046","24.000","2023-05-29 17:12:22"
"2021-07-21 18:00:00","D","3.308","4.180","2.820","24.000","2023-05-29 17:12:19"
"2021-07-22 00:00:00","W","0.051","0.059","0.045","24.000","2023-05-29 17:12:22"
"2021-07-22 00:00:00","D","3.195","3.500","2.860","24.000","2023-05-29 17:12:19"
"2021-07-22 06:00:00","W","0.054","0.061","0.048","24.000","2023-05-29 17:12:22"
"2021-07-22 06:00:00","D","3.273","3.590","3.030","24.000","2023-05-29 17:12:19"
"2021-07-22 12:00:00","W","0.052","0.062","0.044","24.000","2023-05-29 17:12:22"
"2021-07-22 12:00:00","D","3.248","3.730","2.620","24.000","2023-05-29 17:12:19"
"2021-07-22 18:00:00","W","0.059","0.082","0.042","24.000","2023-05-29 17:12:22"
"2021-07-22 18:00:00","D","3.159","3.600","2.470","24.000","2023-05-29 17:12:19"
"2021-07-23 00:00:00","W","0.063","0.072","0.060","24.000","2023-05-29 17:12:22"
"2021-07-23 00:00:00","D","3.369","3.600","3.130","24.000","2023-05-29 17:12:19"
"2021-07-23 06:00:00","W","0.058","0.062","0.054","24.000","2023-05-29 17:12:22"
"2021-07-23 06:00:00","D","3.323","3.530","3.150","24.000","2023-05-29 17:12:19"
"2021-07-23 12:00:00","W","0.057","0.063","0.050","24.000","2023-05-29 17:12:22"
"2021-07-23 12:00:00","D","3.198","3.600","2.940","24.000","2023-05-29 17:12:19"
"2021-07-23 18:00:00","W","0.053","0.066","0.042","24.000","2023-05-29 17:12:22"
"2021-07-23 18:00:00","D","3.000","3.710","2.610","24.000","2023-05-29 17:12:19"
"2021-07-24 00:00:00","W","0.064","0.073","0.059","24.000","2023-05-29 17:12:22"
"2021-07-24 00:00:00","D","3.095","3.540","2.820","24.000","2023-05-29 17:12:19"
"2021-07-24 06:00:00","W","0.063","0.072","0.055","24.000","2023-05-29 17:12:22"
"2021-07-24 06:00:00","D","3.099","3.460","2.710","24.000","2023-05-29 17:12:19"
"2021-07-24 12:00:00","W","0.062","0.072","0.054","24.000","2023-05-29 17:12:22"
"2021-07-24 12:00:00","D","3.026","3.730","2.800","24.000","2023-05-29 17:12:19"
"2021-07-24 18:00:00","W","0.063","0.073","0.052","24.000","2023-05-29 17:12:22"
"2021-07-24 18:00:00","D","3.101","3.390","2.880","24.000","2023-05-29 17:12:19"
"2021-07-25 00:00:00","W","0.066","0.074","0.060","24.000","2023-05-29 17:12:22"
"2021-07-25 00:00:00","D","3.140","3.580","2.810","24.000","2023-05-29 17:12:19"
"2021-07-25 06:00:00","W","0.065","0.074","0.059","24.000","2023-05-29 17:12:22"
"2021-07-25 06:00:00","D","3.108","3.490","2.800","24.000","2023-05-29 17:12:19"
"2021-07-25 12:00:00","W","0.064","0.077","0.056","24.000","2023-05-29 17:12:22"
"2021-07-25 12:00:00","D","3.097","3.580","2.630","24.000","2023-05-29 17:12:19"
"2021-07-25 18:00:00","W","0.098","0.168","0.057","24.000","2023-05-29 17:12:22"
"2021-07-25 18:00:00","D","6.671","17.540","2.450","24.000","2023-05-29 17:12:19"
"2021-07-26 00:00:00","W","0.121","0.180","0.045","24.000","2023-05-29 17:12:22"
"2021-07-26 00:00:00","D","15.572","19.530","11.650","24.000","2023-05-29 17:12:19"
"2021-07-26 06:00:00","W","0.098","0.147","0.057","24.000","2023-05-29 17:12:22"
"2021-07-26 06:00:00","D","16.473","19.670","12.850","24.000","2023-05-29 17:12:19"
"2021-07-26 12:00:00","W","0.084","0.126","0.050","24.000","2023-05-29 17:12:22"
"2021-07-26 12:00:00","D","12.977","15.730","9.510","24.000","2023-05-29 17:12:19"
"2021-07-26 18:00:00","W","0.078","0.127","0.025","24.000","2023-05-29 17:12:22"
"2021-07-26 18:00:00","D","8.208","11.390","5.100","24.000","2023-05-29 17:12:19"
"2021-07-27 00:00:00","W","0.091","0.109","0.075","24.000","2023-05-29 17:12:22"
"2021-07-27 00:00:00","D","6.016","7.360","4.150","24.000","2023-05-29 17:12:19"
"2021-07-27 06:00:00","W","0.068","0.090","0.046","24.000","2023-05-29 17:12:22"
"2021-07-27 06:00:00","D","5.632","6.710","4.880","24.000","2023-05-29 17:12:19"
"2021-07-27 12:00:00","W","0.053","0.071","0.041","24.000","2023-05-29 17:12:22"
"2021-07-27 12:00:00","D","4.875","5.660","4.170","24.000","2023-05-29 17:12:19"
"2021-07-27 18:00:00","W","0.076","0.105","0.061","24.000","2023-05-29 17:12:22"
"2021-07-27 18:00:00","D","4.539","6.020","3.760","24.000","2023-05-29 17:12:19"
"2021-07-28 00:00:00","W","0.069","0.099","0.060","24.000","2023-05-29 17:12:22"
"2021-07-28 00:00:00","D","4.315","5.750","3.880","24.000","2023-05-29 17:12:19"
"2021-07-28 06:00:00","W","0.064","0.077","0.054","24.000","2023-05-29 17:12:22"
"2021-07-28 06:00:00","D","4.057","4.730","3.640","24.000","2023-05-29 17:12:19"
"2021-07-28 12:00:00","W","0.055","0.068","0.046","24.000","2023-05-29 17:12:22"
"2021-07-28 12:00:00","D","4.069","4.670","3.580","24.000","2023-05-29 17:12:19"
"2021-07-28 18:00:00","W","0.051","0.069","0.042","24.000","2023-05-29 17:12:22"
"2021-07-28 18:00:00","D","3.924","4.840","3.370","24.000","2023-05-29 17:12:19"
"2021-07-29 00:00:00","W","0.055","0.069","0.043","24.000","2023-05-29 17:12:22"
"2021-07-29 00:00:00","D","4.040","4.720","3.450","24.000","2023-05-29 17:12:19"
"2021-07-29 06:00:00","W","0.058","0.070","0.048","24.000","2023-05-29 17:12:22"
"2021-07-29 06:00:00","D","3.971","4.550","3.520","24.000","2023-05-29 17:12:19"
"2021-07-29 12:00:00","W","0.053","0.064","0.042","24.000","2023-05-29 17:12:22"
"2021-07-29 12:00:00","D","3.904","4.870","3.180","24.000","2023-05-29 17:12:19"
"2021-07-29 18:00:00","W","0.052","0.066","0.042","24.000","2023-05-29 17:12:22"
"2021-07-29 18:00:00","D","3.651","4.300","2.830","24.000","2023-05-29 17:12:19"
"2021-07-30 00:00:00","W","0.066","0.075","0.055","24.000","2023-05-29 17:12:22"
"2021-07-30 00:00:00","D","3.645","4.060","3.200","24.000","2023-05-29 17:12:19"
"2021-07-30 06:00:00","W","0.067","0.077","0.060","24.000","2023-05-29 17:12:22"
"2021-07-30 06:00:00","D","3.660","4.240","3.330","24.000","2023-05-29 17:12:19"
"2021-07-30 12:00:00","W","0.064","0.078","0.052","24.000","2023-05-29 17:12:22"
"2021-07-30 12:00:00","D","3.613","4.490","3.120","24.000","2023-05-29 17:12:19"
"2021-07-30 18:00:00","W","0.070","0.089","0.049","24.000","2023-05-29 17:12:22"
"2021-07-30 18:00:00","D","3.698","4.750","2.930","24.000","2023-05-29 17:12:19"
"2021-07-31 00:00:00","W","0.074","0.085","0.065","24.000","2023-05-29 17:12:22"
"2021-07-31 00:00:00","D","3.809","4.520","3.220","24.000","2023-05-29 17:12:19"
"2021-07-31 06:00:00","W","0.084","0.102","0.071","24.000","2023-05-29 17:12:22"
"2021-07-31 06:00:00","D","4.024","4.960","3.200","24.000","2023-05-29 17:12:19"
"2021-07-31 12:00:00","W","0.078","0.100","0.065","24.000","2023-05-29 17:12:22"
"2021-07-31 12:00:00","D","3.912","5.100","3.330","24.000","2023-05-29 17:12:19"
"2021-07-31 18:00:00","W","0.092","0.120","0.066","24.000","2023-05-29 17:12:22"
"2021-07-31 18:00:00","D","4.308","5.690","3.300","24.000","2023-05-29 17:12:19"
"2021-08-01 00:00:00","W","0.103","0.120","0.090","24.000","2023-05-29 17:12:22"
"2021-08-01 00:00:00","D","4.512","5.700","3.660","24.000","2023-05-29 17:12:19"
"2021-08-01 06:00:00","W","0.106","0.124","0.096","24.000","2023-05-29 17:12:22"
"2021-08-01 06:00:00","D","4.630","5.730","3.920","24.000","2023-05-29 17:12:19"
"2021-08-01 12:00:00","W","0.099","0.117","0.085","24.000","2023-05-29 17:12:22"
"2021-08-01 12:00:00","D","4.383","5.280","3.480","24.000","2023-05-29 17:12:19"
"2021-08-01 18:00:00","W","0.091","0.105","0.078","24.000","2023-05-29 17:12:22"
"2021-08-01 18:00:00","D","4.165","5.360","3.500","24.000","2023-05-29 17:12:19"
"2021-08-02 00:00:00","W","0.089","0.104","0.077","24.000","2023-05-29 17:12:22"
"2021-08-02 00:00:00","D","4.077","4.960","3.530","24.000","2023-05-29 17:12:19"
"2021-08-02 06:00:00","W","0.088","0.102","0.078","24.000","2023-05-29 17:12:22"
"2021-08-02 06:00:00","D","4.048","4.990","3.370","24.000","2023-05-29 17:12:19"
"2021-08-02 12:00:00","W","0.082","0.100","0.070","24.000","2023-05-29 17:12:22"
"2021-08-02 12:00:00","D","3.982","4.820","3.480","24.000","2023-05-29 17:12:19"
"2021-08-02 18:00:00","W","0.074","0.098","0.060","24.000","2023-05-29 17:12:22"
"2021-08-02 18:00:00","D","3.793","4.590","3.400","24.000","2023-05-29 17:12:19"
"2021-08-03 00:00:00","W","0.071","0.089","0.058","24.000","2023-05-29 17:12:22"
"2021-08-03 00:00:00","D","3.713","4.530","2.980","24.000","2023-05-29 17:12:19"
"2021-08-03 06:00:00","W","0.067","0.078","0.057","24.000","2023-05-29 17:12:22"
"2021-08-03 06:00:00","D","3.650","4.170","3.200","24.000","2023-05-29 17:12:19"
"2021-08-03 12:00:00","W","0.062","0.077","0.048","24.000","2023-05-29 17:12:22"
"2021-08-03 12:00:00","D","3.526","4.340","2.930","24.000","2023-05-29 17:12:19"
"2021-08-03 18:00:00","W","0.060","0.081","0.044","24.000","2023-05-29 17:12:22"
"2021-08-03 18:00:00","D","3.461","4.170","2.690","24.000","2023-05-29 17:12:19"
"2021-08-04 00:00:00","W","0.058","0.070","0.043","24.000","2023-05-29 17:12:22"
"2021-08-04 00:00:00","D","3.425","4.190","2.780","24.000","2023-05-29 17:12:19"
"2021-08-04 06:00:00","W","0.056","0.066","0.046","24.000","2023-05-29 17:12:22"
"2021-08-04 06:00:00","D","3.397","3.940","2.980","24.000","2023-05-29 17:12:19"
"2021-08-04 12:00:00","W","0.055","0.069","0.045","24.000","2023-05-29 17:12:22"
"2021-08-04 12:00:00","D","3.337","3.950","2.610","24.000","2023-05-29 17:12:19"
"2021-08-04 18:00:00","W","0.054","0.067","0.041","24.000","2023-05-29 17:12:22"
"2021-08-04 18:00:00","D","3.130","3.750","2.350","24.000","2023-05-29 17:12:19"
"2021-08-05 00:00:00","W","0.069","0.081","0.057","24.000","2023-05-29 17:12:22"
"2021-08-05 00:00:00","D","3.263","3.890","2.660","24.000","2023-05-29 17:12:19"
"2021-08-05 06:00:00","W","0.071","0.082","0.064","24.000","2023-05-29 17:12:22"
"2021-08-05 06:00:00","D","3.297","3.860","2.890","24.000","2023-05-29 17:12:19"
"2021-08-05 12:00:00","W","0.068","0.078","0.059","24.000","2023-05-29 17:12:22"
"2021-08-05 12:00:00","D","3.311","3.720","2.870","24.000","2023-05-29 17:12:19"
"2021-08-05 18:00:00","W","0.065","0.079","0.053","24.000","2023-05-29 17:12:22"
"2021-08-05 18:00:00","D","3.209","3.960","2.710","24.000","2023-05-29 17:12:19"
"2021-08-06 00:00:00","W","0.076","0.100","0.055","24.000","2023-05-29 17:12:22"
"2021-08-06 00:00:00","D","3.391","4.220","2.820","24.000","2023-05-29 17:12:19"
"2021-08-06 06:00:00","W","0.072","0.089","0.060","24.000","2023-05-29 17:12:22"
"2021-08-06 06:00:00","D","3.293","3.810","2.730","24.000","2023-05-29 17:12:19"
"2021-08-06 12:00:00","W","0.073","0.085","0.064","24.000","2023-05-29 17:12:22"
"2021-08-06 12:00:00","D","3.404","3.920","3.000","24.000","2023-05-29 17:12:19"
"2021-08-06 18:00:00","W","0.075","0.090","0.061","24.000","2023-05-29 17:12:22"
"2021-08-06 18:00:00","D","3.440","4.140","2.830","24.000","2023-05-29 17:12:19"
"2021-08-07 00:00:00","W","0.073","0.089","0.062","24.000","2023-05-29 17:12:22"
"2021-08-07 00:00:00","D","3.334","4.180","2.580","24.000","2023-05-29 17:12:19"
"2021-08-07 06:00:00","W","0.072","0.082","0.065","24.000","2023-05-29 17:12:22"
"2021-08-07 06:00:00","D","3.335","3.940","2.870","24.000","2023-05-29 17:12:19"
"2021-08-07 12:00:00","W","0.074","0.093","0.062","24.000","2023-05-29 17:12:22"
"2021-08-07 12:00:00","D","3.368","4.130","2.770","24.000","2023-05-29 17:12:19"
"2021-08-07 18:00:00","W","0.084","0.106","0.065","24.000","2023-05-29 17:12:22"
"2021-08-07 18:00:00","D","3.658","4.640","3.070","24.000","2023-05-29 17:12:19"
"2021-08-08 00:00:00","W","0.115","0.132","0.094","24.000","2023-05-29 17:12:22"
"2021-08-08 00:00:00","D","4.378","5.230","3.580","24.000","2023-05-29 17:12:19"
"2021-08-08 06:00:00","W","0.115","0.135","0.104","24.000","2023-05-29 17:12:22"
"2021-08-08 06:00:00","D","4.980","5.600","4.470","24.000","2023-05-29 17:12:19"
"2021-08-08 12:00:00","W","0.104","0.116","0.091","24.000","2023-05-29 17:12:22"
"2021-08-08 12:00:00","D","4.742","5.460","4.080","24.000","2023-05-29 17:12:19"
"2021-08-08 18:00:00","W","0.098","0.112","0.086","24.000","2023-05-29 17:12:22"
"2021-08-08 18:00:00","D","4.532","5.300","3.920","24.000","2023-05-29 17:12:19"
"2021-08-09 00:00:00","W","0.084","0.096","0.071","24.000","2023-05-29 17:12:22"
"2021-08-09 00:00:00","D","4.276","4.940","3.810","24.000","2023-05-29 17:12:19"
"2021-08-09 06:00:00","W","0.074","0.086","0.064","24.000","2023-05-29 17:12:22"
"2021-08-09 06:00:00","D","4.071","4.530","3.650","24.000","2023-05-29 17:12:19"
"2021-08-09 12:00:00","W","0.066","0.078","0.055","24.000","2023-05-29 17:12:22"
"2021-08-09 12:00:00","D","3.885","4.640","3.390","24.000","2023-05-29 17:12:19"
"2021-08-09 18:00:00","W","0.064","0.075","0.054","24.000","2023-05-29 17:12:22"
"2021-08-09 18:00:00","D","3.830","4.360","3.460","24.000","2023-05-29 17:12:19"
"2021-08-10 00:00:00","W","0.070","0.079","0.060","24.000","2023-05-29 17:12:22"
"2021-08-10 00:00:00","D","3.965","4.490","3.430","24.000","2023-05-29 17:12:19"
"2021-08-10 06:00:00","W","0.071","0.080","0.062","24.000","2023-05-29 17:12:22"
"2021-08-10 06:00:00","D","3.990","4.580","3.560","24.000","2023-05-29 17:12:19"
"2021-08-10 12:00:00","W","0.073","0.089","0.063","24.000","2023-05-29 17:12:22"
"2021-08-10 12:00:00","D","3.961","4.570","3.470","24.000","2023-05-29 17:12:19"
"2021-08-10 18:00:00","W","0.069","0.092","0.058","24.000","2023-05-29 17:12:22"
"2021-08-10 18:00:00","D","3.958","4.930","3.470","24.000","2023-05-29 17:12:19"
"2021-08-11 00:00:00","W","0.063","0.076","0.054","24.000","2023-05-29 17:12:22"
"2021-08-11 00:00:00","D","3.728","4.400","3.020","24.000","2023-05-29 17:12:19"
"2021-08-11 06:00:00","W","0.060","0.072","0.049","24.000","2023-05-29 17:12:22"
"2021-08-11 06:00:00","D","3.658","4.490","3.010","24.000","2023-05-29 17:12:19"
"2021-08-11 12:00:00","W","0.053","0.068","0.042","24.000","2023-05-29 17:12:22"
"2021-08-11 12:00:00","D","3.503","3.950","2.870","24.000","2023-05-29 17:12:19"
"2021-08-11 18:00:00","W","0.068","0.082","0.052","24.000","2023-05-29 17:12:22"
"2021-08-11 18:00:00","D","3.245","4.130","2.600","24.000","2023-05-29 17:12:19"
"2021-08-12 00:00:00","W","0.069","0.080","0.060","24.000","2023-05-29 17:12:22"
"2021-08-12 00:00:00","D","3.325","4.040","2.350","24.000","2023-05-29 17:12:19"
"2021-08-12 06:00:00","W","0.066","0.077","0.056","24.000","2023-05-29 17:12:22"
"2021-08-12 06:00:00","D","3.270","3.960","2.780","24.000","2023-05-29 17:12:19"
"2021-08-12 12:00:00","W","0.062","0.072","0.054","24.000","2023-05-29 17:12:22"
"2021-08-12 12:00:00","D","3.200","3.740","2.780","24.000","2023-05-29 17:12:19"
"2021-08-12 18:00:00","W","0.064","0.088","0.051","24.000","2023-05-29 17:12:22"
"2021-08-12 18:00:00","D","3.203","3.950","2.760","24.000","2023-05-29 17:12:19"
"2021-08-13 00:00:00","W","0.060","0.071","0.052","24.000","2023-05-29 17:12:22"
"2021-08-13 00:00:00","D","3.143","3.760","2.600","24.000","2023-05-29 17:12:19"
"2021-08-13 06:00:00","W","0.060","0.070","0.052","24.000","2023-05-29 17:12:22"
"2021-08-13 06:00:00","D","3.100","3.610","2.620","24.000","2023-05-29 17:12:19"
"2021-08-13 12:00:00","W","0.054","0.072","0.037","24.000","2023-05-29 17:12:22"
"2021-08-13 12:00:00","D","2.882","3.970","2.130","24.000","2023-05-29 17:12:19"
"2021-08-13 18:00:00","W","0.060","0.066","0.048","24.000","2023-05-29 17:12:22"
"2021-08-13 18:00:00","D","2.652","2.980","2.310","24.000","2023-05-29 17:12:19"
"2021-08-14 00:00:00","W","0.069","0.073","0.065","24.000","2023-05-29 17:12:22"
"2021-08-14 00:00:00","D","2.713","3.040","2.390","24.000","2023-05-29 17:12:19"
"2021-08-14 06:00:00","W","0.073","0.074","0.071","24.000","2023-05-29 17:12:22"
"2021-08-14 06:00:00","D","2.913","3.080","2.700","24.000","2023-05-29 17:12:19"
"2021-08-14 12:00:00","W","0.072","0.081","0.067","24.000","2023-05-29 17:12:22"
"2021-08-14 12:00:00","D","2.851","3.320","2.480","24.000","2023-05-29 17:12:19"
"2021-08-14 18:00:00","W","0.067","0.072","0.062","24.000","2023-05-29 17:12:22"
"2021-08-14 18:00:00","D","2.890","3.360","2.630","24.000","2023-05-29 17:12:19"
"2021-08-15 00:00:00","W","0.063","0.066","0.062","24.000","2023-05-29 17:12:22"
"2021-08-15 00:00:00","D","2.741","2.970","2.460","24.000","2023-05-29 17:12:19"
"2021-08-15 06:00:00","W","0.067","0.077","0.063","24.000","2023-05-29 17:12:22"
"2021-08-15 06:00:00","D","2.739","2.960","2.160","24.000","2023-05-29 17:12:19"
"2021-08-15 12:00:00","W","0.069","0.076","0.065","24.000","2023-05-29 17:12:22"
"2021-08-15 12:00:00","D","2.839","3.200","2.520","24.000","2023-05-29 17:12:19"
"2021-08-15 18:00:00","W","0.073","0.080","0.067","24.000","2023-05-29 17:12:22"
"2021-08-15 18:00:00","D","2.943","3.550","2.470","24.000","2023-05-29 17:12:19"
"2021-08-16 00:00:00","W","0.069","0.073","0.067","24.000","2023-05-29 17:12:22"
"2021-08-16 00:00:00","D","2.839","3.060","2.280","24.000","2023-05-29 17:12:19"
"2021-08-16 06:00:00","W","0.070","0.072","0.069","24.000","2023-05-29 17:12:22"
"2021-08-16 06:00:00","D","2.727","2.850","2.510","24.000","2023-05-29 17:12:19"
"2021-08-16 12:00:00","W","0.069","0.077","0.065","24.000","2023-05-29 17:12:22"
"2021-08-16 12:00:00","D","2.755","3.160","2.190","24.000","2023-05-29 17:12:19"
"2021-08-16 18:00:00","W","0.069","0.074","0.065","24.000","2023-05-29 17:12:22"
"2021-08-16 18:00:00","D","2.744","3.220","2.170","24.000","2023-05-29 17:12:19"
"2021-08-17 00:00:00","W","0.067","0.071","0.063","24.000","2023-05-29 17:12:22"
"2021-08-17 00:00:00","D","2.751","2.940","2.530","24.000","2023-05-29 17:12:19"
"2021-08-17 06:00:00","W","0.066","0.067","0.064","24.000","2023-05-29 17:12:22"
"2021-08-17 06:00:00","D","2.693","2.860","2.460","24.000","2023-05-29 17:12:19"
"2021-08-17 12:00:00","W","0.066","0.074","0.062","24.000","2023-05-29 17:12:22"
"2021-08-17 12:00:00","D","2.717","3.000","2.170","24.000","2023-05-29 17:12:19"
"2021-08-17 18:00:00","W","0.069","0.077","0.062","24.000","2023-05-29 17:12:22"
"2021-08-17 18:00:00","D","2.745","3.020","2.260","24.000","2023-05-29 17:12:19"
"2021-08-18 00:00:00","W","0.071","0.073","0.069","24.000","2023-05-29 17:12:22"
"2021-08-18 00:00:00","D","2.727","3.070","1.840","24.000","2023-05-29 17:12:19"
"2021-08-18 06:00:00","W","0.073","0.076","0.072","24.000","2023-05-29 17:12:22"
"2021-08-18 06:00:00","D","2.854","3.060","2.530","24.000","2023-05-29 17:12:19"
"2021-08-18 12:00:00","W","0.072","0.077","0.066","24.000","2023-05-29 17:12:22"
"2021-08-18 12:00:00","D","2.821","3.120","2.140","24.000","2023-05-29 17:12:19"
"2021-08-18 18:00:00","W","0.070","0.080","0.066","24.000","2023-05-29 17:12:22"
"2021-08-18 18:00:00","D","2.677","3.150","2.440","24.000","2023-05-29 17:12:19"
"2021-08-19 00:00:00","W","0.069","0.070","0.066","24.000","2023-05-29 17:12:22"
"2021-08-19 00:00:00","D","2.767","3.050","2.340","24.000","2023-05-29 17:12:19"
"2021-08-19 06:00:00","W","0.070","0.071","0.069","24.000","2023-05-29 17:12:22"
"2021-08-19 06:00:00","D","2.738","3.140","2.170","24.000","2023-05-29 17:12:19"
"2021-08-19 12:00:00","W","0.065","0.070","0.061","24.000","2023-05-29 17:12:22"
"2021-08-19 12:00:00","D","2.794","2.960","2.360","24.000","2023-05-29 17:12:19"
"2021-08-19 18:00:00","W","0.063","0.072","0.057","24.000","2023-05-29 17:12:22"
"2021-08-19 18:00:00","D","2.781","3.150","2.350","24.000","2023-05-29 17:12:19"
"2021-08-20 00:00:00","W","0.059","0.061","0.057","24.000","2023-05-29 17:12:22"
"2021-08-20 00:00:00","D","2.772","3.050","2.500","24.000","2023-05-29 17:12:19"
"2021-08-20 06:00:00","W","0.061","0.061","0.060","24.000","2023-05-29 17:12:22"
"2021-08-20 06:00:00","D","2.695","3.030","2.150","24.000","2023-05-29 17:12:19"
"2021-08-20 12:00:00","W","0.060","0.067","0.058","24.000","2023-05-29 17:12:22"
"2021-08-20 12:00:00","D","2.730","3.510","1.920","24.000","2023-05-29 17:12:19"
"2021-08-20 18:00:00","W","0.060","0.066","0.052","24.000","2023-05-29 17:12:22"
"2021-08-20 18:00:00","D","2.721","3.060","2.350","24.000","2023-05-29 17:12:19"
"2021-08-21 00:00:00","W","0.059","0.061","0.054","24.000","2023-05-29 17:12:22"
"2021-08-21 00:00:00","D","2.690","2.990","2.080","24.000","2023-05-29 17:12:19"
"2021-08-21 06:00:00","W","0.060","0.060","0.059","24.000","2023-05-29 17:12:22"
"2021-08-21 06:00:00","D","2.682","2.850","2.460","24.000","2023-05-29 17:12:19"
"2021-08-21 12:00:00","W","0.058","0.060","0.056","24.000","2023-05-29 17:12:22"
"2021-08-21 12:00:00","D","2.645","2.970","2.070","24.000","2023-05-29 17:12:19"
"2021-08-21 18:00:00","W","0.060","0.065","0.057","24.000","2023-05-29 17:12:22"
"2021-08-21 18:00:00","D","2.680","3.140","2.060","24.000","2023-05-29 17:12:19"
"2021-08-22 00:00:00","W","0.061","0.064","0.060","24.000","2023-05-29 17:12:22"
"2021-08-22 00:00:00","D","2.677","2.900","2.490","24.000","2023-05-29 17:12:19"
"2021-08-22 06:00:00","W","0.075","0.116","0.060","24.000","2023-05-29 17:12:22"
"2021-08-22 06:00:00","D","3.057","4.520","2.280","24.000","2023-05-29 17:12:19"
"2021-08-22 12:00:00","W","0.108","0.126","0.098","24.000","2023-05-29 17:12:22"
"2021-08-22 12:00:00","D","3.987","4.960","3.300","24.000","2023-05-29 17:12:19"
"2021-08-22 18:00:00","W","0.107","0.136","0.084","24.000","2023-05-29 17:12:22"
"2021-08-22 18:00:00","D","5.868","7.800","4.680","24.000","2023-05-29 17:12:19"
"2021-08-23 00:00:00","W","0.066","0.101","0.044","24.000","2023-05-29 17:12:22"
"2021-08-23 00:00:00","D","5.121","6.780","4.530","24.000","2023-05-29 17:12:19"
"2021-08-23 06:00:00","W","0.046","0.058","0.034","24.000","2023-05-29 17:12:22"
"2021-08-23 06:00:00","D","4.492","5.540","3.860","24.000","2023-05-29 17:12:19"
"2021-08-23 12:00:00","W","0.063","0.073","0.055","24.000","2023-05-29 17:12:22"
"2021-08-23 12:00:00","D","4.274","4.990","3.850","24.000","2023-05-29 17:12:19"
"2021-08-23 18:00:00","W","0.049","0.066","0.037","24.000","2023-05-29 17:12:22"
"2021-08-23 18:00:00","D","3.858","4.510","3.390","24.000","2023-05-29 17:12:19"
"2021-08-24 00:00:00","W","0.045","0.048","0.041","24.000","2023-05-29 17:12:22"
"2021-08-24 00:00:00","D","3.698","3.930","3.330","24.000","2023-05-29 17:12:19"
"2021-08-24 06:00:00","W","0.040","0.046","0.035","24.000","2023-05-29 17:12:22"
"2021-08-24 06:00:00","D","3.663","3.870","3.370","24.000","2023-05-29 17:12:19"
"2021-08-24 12:00:00","W","0.039","0.048","0.034","24.000","2023-05-29 17:12:22"
"2021-08-24 12:00:00","D","3.284","3.610","2.870","24.000","2023-05-29 17:12:19"
"2021-08-24 18:00:00","W","0.044","0.054","0.035","24.000","2023-05-29 17:12:22"
"2021-08-24 18:00:00","D","3.038","3.680","2.490","24.000","2023-05-29 17:12:19"
"2021-08-25 00:00:00","W","0.042","0.054","0.039","24.000","2023-05-29 17:12:22"
"2021-08-25 00:00:00","D","3.164","3.380","2.960","24.000","2023-05-29 17:12:19"
"2021-08-25 06:00:00","W","0.039","0.042","0.036","24.000","2023-05-29 17:12:22"
"2021-08-25 06:00:00","D","3.193","3.350","2.860","24.000","2023-05-29 17:12:19"
"2021-08-25 12:00:00","W","0.038","0.044","0.034","24.000","2023-05-29 17:12:22"
"2021-08-25 12:00:00","D","2.939","3.220","2.600","24.000","2023-05-29 17:12:19"
"2021-08-25 18:00:00","W","0.044","0.050","0.035","24.000","2023-05-29 17:12:22"
"2021-08-25 18:00:00","D","2.736","3.120","2.380","24.000","2023-05-29 17:12:19"
"2021-08-26 00:00:00","W","0.050","0.054","0.048","24.000","2023-05-29 17:12:22"
"2021-08-26 00:00:00","D","2.885","3.140","2.520","24.000","2023-05-29 17:12:19"
"2021-08-26 06:00:00","W","0.050","0.052","0.047","24.000","2023-05-29 17:12:22"
"2021-08-26 06:00:00","D","2.901","3.060","2.550","24.000","2023-05-29 17:12:19"
"2021-08-26 12:00:00","W","0.046","0.053","0.042","24.000","2023-05-29 17:12:22"
"2021-08-26 12:00:00","D","2.799","3.050","2.560","24.000","2023-05-29 17:12:19"
"2021-08-26 18:00:00","W","0.042","0.048","0.033","24.000","2023-05-29 17:12:22"
"2021-08-26 18:00:00","D","2.824","3.140","2.200","24.000","2023-05-29 17:12:19"
"2021-08-27 00:00:00","W","0.055","0.066","0.034","24.000","2023-05-29 17:12:22"
"2021-08-27 00:00:00","D","2.516","2.840","1.890","24.000","2023-05-29 17:12:19"
"2021-08-27 06:00:00","W","0.067","0.068","0.066","24.000","2023-05-29 17:12:22"
"2021-08-27 06:00:00","D","2.739","2.900","2.530","24.000","2023-05-29 17:12:19"
"2021-08-27 12:00:00","W","0.066","0.069","0.062","24.000","2023-05-29 17:12:22"
"2021-08-27 12:00:00","D","2.723","3.110","2.440","24.000","2023-05-29 17:12:19"
"2021-08-27 18:00:00","W","0.066","0.072","0.060","24.000","2023-05-29 17:12:22"
"2021-08-27 18:00:00","D","2.815","3.140","2.320","24.000","2023-05-29 17:12:19"
"2021-08-28 00:00:00","W","0.064","0.072","0.056","24.000","2023-05-29 17:12:22"
"2021-08-28 00:00:00","D","2.932","3.140","2.580","24.000","2023-05-29 17:12:19"
"2021-08-28 06:00:00","W","0.064","0.065","0.062","24.000","2023-05-29 17:12:22"
"2021-08-28 06:00:00","D","2.862","2.990","2.520","24.000","2023-05-29 17:12:19"
"2021-08-28 12:00:00","W","0.061","0.064","0.058","24.000","2023-05-29 17:12:22"
"2021-08-28 12:00:00","D","2.608","2.870","2.250","24.000","2023-05-29 17:12:19"
"2021-08-28 18:00:00","W","0.057","0.064","0.050","24.000","2023-05-29 17:12:22"
"2021-08-28 18:00:00","D","2.564","2.890","2.180","24.000","2023-05-29 17:12:19"
"2021-08-29 00:00:00","W","0.059","0.063","0.055","24.000","2023-05-29 17:12:22"
"2021-08-29 00:00:00","D","2.529","2.710","1.980","24.000","2023-05-29 17:12:19"
"2021-08-29 06:00:00","W","0.063","0.064","0.062","24.000","2023-05-29 17:12:22"
"2021-08-29 06:00:00","D","2.621","2.850","2.410","24.000","2023-05-29 17:12:19"
"2021-08-29 12:00:00","W","0.060","0.066","0.056","24.000","2023-05-29 17:12:22"
"2021-08-29 12:00:00","D","2.628","2.810","2.230","24.000","2023-05-29 17:12:19"
"2021-08-29 18:00:00","W","0.059","0.074","0.052","24.000","2023-05-29 17:12:22"
"2021-08-29 18:00:00","D","2.539","2.950","2.180","24.000","2023-05-29 17:12:19"
"2021-08-30 00:00:00","W","0.056","0.061","0.052","24.000","2023-05-29 17:12:22"
"2021-08-30 00:00:00","D","2.384","2.620","1.920","24.000","2023-05-29 17:12:19"
"2021-08-30 06:00:00","W","0.045","0.063","0.030","24.000","2023-05-29 17:12:22"
"2021-08-30 06:00:00","D","2.628","3.770","2.240","24.000","2023-05-29 17:12:19"
"2021-08-30 12:00:00","W","0.108","0.123","0.067","24.000","2023-05-29 17:12:22"
"2021-08-30 12:00:00","D","2.166","2.730","0.900","24.000","2023-05-29 17:12:19"
"2021-08-30 18:00:00","W","0.106","0.123","0.098","24.000","2023-05-29 17:12:22"
"2021-08-30 18:00:00","D","2.743","3.180","2.380","24.000","2023-05-29 17:12:19"
"2021-08-31 00:00:00","W","0.095","0.097","0.093","24.000","2023-05-29 17:12:22"
"2021-08-31 00:00:00","D","2.676","2.820","2.460","24.000","2023-05-29 17:12:19"
"2021-08-31 06:00:00","W","0.096","0.103","0.094","24.000","2023-05-29 17:12:22"
"2021-08-31 06:00:00","D","2.779","3.220","2.660","24.000","2023-05-29 17:12:19"
"2021-08-31 12:00:00","W","0.099","0.108","0.096","24.000","2023-05-29 17:12:22"
"2021-08-31 12:00:00","D","2.556","3.000","2.110","24.000","2023-05-29 17:12:19"
"2021-08-31 18:00:00","W","0.098","0.110","0.094","24.000","2023-05-29 17:12:22"
"2021-08-31 18:00:00","D","2.472","2.850","2.080","24.000","2023-05-29 17:12:19"
"2021-09-01 00:00:00","W","0.096","0.098","0.094","24.000","2023-05-29 17:12:22"
"2021-09-01 00:00:00","D","2.501","2.850","2.340","24.000","2023-05-29 17:12:19"
"2021-09-01 06:00:00","W","0.098","0.099","0.097","24.000","2023-05-29 17:12:22"
"2021-09-01 06:00:00","D","2.433","2.690","1.900","24.000","2023-05-29 17:12:19"
"2021-09-01 12:00:00","W","0.099","0.109","0.089","24.000","2023-05-29 17:12:22"
"2021-09-01 12:00:00","D","2.453","2.720","2.230","24.000","2023-05-29 17:12:19"
"2021-09-01 18:00:00","W","0.097","0.102","0.093","24.000","2023-05-29 17:12:22"
"2021-09-01 18:00:00","D","2.480","2.990","2.150","24.000","2023-05-29 17:12:19"
"2021-09-02 00:00:00","W","0.097","0.099","0.094","24.000","2023-05-29 17:12:22"
"2021-09-02 00:00:00","D","2.474","2.830","2.080","24.000","2023-05-29 17:12:19"
"2021-09-02 06:00:00","W","0.098","0.099","0.096","24.000","2023-05-29 17:12:22"
"2021-09-02 06:00:00","D","2.420","2.670","2.150","24.000","2023-05-29 17:12:19"
"2021-09-02 12:00:00","W","0.094","0.097","0.092","24.000","2023-05-29 17:12:22"
"2021-09-02 12:00:00","D","2.365","2.650","2.010","24.000","2023-05-29 17:12:19"
"2021-09-02 18:00:00","W","0.091","0.096","0.087","24.000","2023-05-29 17:12:22"
"2021-09-02 18:00:00","D","2.238","2.590","1.660","24.000","2023-05-29 17:12:19"
"2021-09-03 00:00:00","W","0.092","0.094","0.091","24.000","2023-05-29 17:12:22"
"2021-09-03 00:00:00","D","2.256","2.520","1.470","24.000","2023-05-29 17:12:19"
"2021-09-03 06:00:00","W","0.094","0.095","0.093","24.000","2023-05-29 17:12:22"
"2021-09-03 06:00:00","D","2.315","2.630","1.860","24.000","2023-05-29 17:12:19"
"2021-09-03 12:00:00","W","0.090","0.094","0.085","24.000","2023-05-29 17:12:22"
"2021-09-03 12:00:00","D","2.310","2.670","1.660","24.000","2023-05-29 17:12:19"
"2021-09-03 18:00:00","W","0.093","0.097","0.087","24.000","2023-05-29 17:12:22"
"2021-09-03 18:00:00","D","2.296","2.850","1.810","24.000","2023-05-29 17:12:19"
"2021-09-04 00:00:00","W","0.092","0.093","0.091","24.000","2023-05-29 17:12:22"
"2021-09-04 00:00:00","D","2.235","2.580","1.690","24.000","2023-05-29 17:12:19"
"2021-09-04 06:00:00","W","0.093","0.093","0.092","24.000","2023-05-29 17:12:22"
"2021-09-04 06:00:00","D","2.321","2.560","2.000","24.000","2023-05-29 17:12:20"
"2021-09-04 12:00:00","W","0.094","0.102","0.090","24.000","2023-05-29 17:12:22"
"2021-09-04 12:00:00","D","2.420","2.910","1.870","24.000","2023-05-29 17:12:20"
"2021-09-04 18:00:00","W","0.089","0.096","0.075","24.000","2023-05-29 17:12:22"
"2021-09-04 18:00:00","D","2.325","2.930","1.880","24.000","2023-05-29 17:12:20"
"2021-09-05 00:00:00","W","0.089","0.096","0.087","24.000","2023-05-29 17:12:22"
"2021-09-05 00:00:00","D","2.273","2.450","1.750","24.000","2023-05-29 17:12:20"
"2021-09-05 06:00:00","W","0.089","0.090","0.089","24.000","2023-05-29 17:12:22"
"2021-09-05 06:00:00","D","2.189","2.450","1.750","24.000","2023-05-29 17:12:20"
"2021-09-05 12:00:00","W","0.090","0.093","0.088","24.000","2023-05-29 17:12:22"
"2021-09-05 12:00:00","D","2.328","2.730","1.840","24.000","2023-05-29 17:12:20"
"2021-09-05 18:00:00","W","0.087","0.091","0.083","24.000","2023-05-29 17:12:22"
"2021-09-05 18:00:00","D","2.273","2.550","1.870","24.000","2023-05-29 17:12:20"
"2021-09-06 00:00:00","W","0.085","0.089","0.084","24.000","2023-05-29 17:12:22"
"2021-09-06 00:00:00","D","2.207","2.440","1.920","24.000","2023-05-29 17:12:20"
"2021-09-06 06:00:00","W","0.087","0.088","0.085","24.000","2023-05-29 17:12:22"
"2021-09-06 06:00:00","D","2.226","2.620","1.700","24.000","2023-05-29 17:12:20"
"2021-09-06 12:00:00","W","0.088","0.095","0.086","24.000","2023-05-29 17:12:22"
"2021-09-06 12:00:00","D","2.211","2.570","1.830","24.000","2023-05-29 17:12:20"
"2021-09-06 18:00:00","W","0.089","0.091","0.085","24.000","2023-05-29 17:12:22"
"2021-09-06 18:00:00","D","2.276","2.450","2.130","24.000","2023-05-29 17:12:20"
"2021-09-07 00:00:00","W","0.093","0.094","0.091","24.000","2023-05-29 17:12:22"
"2021-09-07 00:00:00","D","2.362","2.540","2.020","24.000","2023-05-29 17:12:20"
"2021-09-07 06:00:00","W","0.094","0.094","0.093","24.000","2023-05-29 17:12:22"
"2021-09-07 06:00:00","D","2.414","2.620","2.190","24.000","2023-05-29 17:12:20"
"2021-09-07 12:00:00","W","0.089","0.094","0.084","24.000","2023-05-29 17:12:22"
"2021-09-07 12:00:00","D","2.291","2.660","2.010","24.000","2023-05-29 17:12:20"
"2021-09-07 18:00:00","W","0.088","0.096","0.084","24.000","2023-05-29 17:12:22"
"2021-09-07 18:00:00","D","2.430","2.790","2.180","24.000","2023-05-29 17:12:20"
"2021-09-08 00:00:00","W","0.087","0.088","0.081","24.000","2023-05-29 17:12:22"
"2021-09-08 00:00:00","D","2.325","2.510","2.090","24.000","2023-05-29 17:12:20"
"2021-09-08 06:00:00","W","0.088","0.090","0.087","24.000","2023-05-29 17:12:22"
"2021-09-08 06:00:00","D","2.336","2.520","1.950","24.000","2023-05-29 17:12:20"
"2021-09-08 12:00:00","W","0.088","0.091","0.084","24.000","2023-05-29 17:12:23"
"2021-09-08 12:00:00","D","2.293","2.460","2.100","24.000","2023-05-29 17:12:20"
"2021-09-08 18:00:00","W","0.087","0.098","0.081","24.000","2023-05-29 17:12:23"
"2021-09-08 18:00:00","D","2.327","2.860","1.710","24.000","2023-05-29 17:12:20"
"2021-09-09 00:00:00","W","0.086","0.089","0.083","24.000","2023-05-29 17:12:23"
"2021-09-09 00:00:00","D","2.283","2.520","1.930","24.000","2023-05-29 17:12:20"
"2021-09-09 06:00:00","W","0.089","0.090","0.089","24.000","2023-05-29 17:12:23"
"2021-09-09 06:00:00","D","2.440","2.620","2.030","24.000","2023-05-29 17:12:20"
"2021-09-09 12:00:00","W","0.095","0.103","0.090","24.000","2023-05-29 17:12:23"
"2021-09-09 12:00:00","D","2.464","2.730","1.850","24.000","2023-05-29 17:12:20"
"2021-09-09 18:00:00","W","0.097","0.099","0.095","24.000","2023-05-29 17:12:23"
"2021-09-09 18:00:00","D","2.615","2.770","2.280","24.000","2023-05-29 17:12:20"
"2021-09-10 00:00:00","W","0.095","0.096","0.094","24.000","2023-05-29 17:12:23"
"2021-09-10 00:00:00","D","2.384","2.610","2.010","24.000","2023-05-29 17:12:20"
"2021-09-10 06:00:00","W","0.094","0.095","0.092","24.000","2023-05-29 17:12:23"
"2021-09-10 06:00:00","D","2.492","2.680","2.060","24.000","2023-05-29 17:12:20"
"2021-09-10 12:00:00","W","0.091","0.096","0.090","24.000","2023-05-29 17:12:23"
"2021-09-10 12:00:00","D","2.323","2.530","1.940","24.000","2023-05-29 17:12:20"
"2021-09-10 18:00:00","W","0.099","0.107","0.095","24.000","2023-05-29 17:12:23"
"2021-09-10 18:00:00","D","2.490","2.760","1.900","24.000","2023-05-29 17:12:20"
"2021-09-11 00:00:00","W","0.104","0.106","0.102","24.000","2023-05-29 17:12:23"
"2021-09-11 00:00:00","D","2.638","2.870","1.860","24.000","2023-05-29 17:12:20"
"2021-09-11 06:00:00","W","0.105","0.106","0.103","24.000","2023-05-29 17:12:23"
"2021-09-11 06:00:00","D","2.641","2.900","1.920","24.000","2023-05-29 17:12:20"
"2021-09-11 12:00:00","W","0.100","0.105","0.094","24.000","2023-05-29 17:12:23"
"2021-09-11 12:00:00","D","2.606","2.930","2.220","24.000","2023-05-29 17:12:20"
"2021-09-11 18:00:00","W","0.098","0.102","0.094","24.000","2023-05-29 17:12:23"
"2021-09-11 18:00:00","D","2.693","3.350","2.320","24.000","2023-05-29 17:12:20"
"2021-09-12 00:00:00","W","0.094","0.096","0.092","24.000","2023-05-29 17:12:23"
"2021-09-12 00:00:00","D","2.523","2.930","2.020","24.000","2023-05-29 17:12:20"
"2021-09-12 06:00:00","W","0.092","0.094","0.091","24.000","2023-05-29 17:12:23"
"2021-09-12 06:00:00","D","2.378","2.590","2.070","24.000","2023-05-29 17:12:20"
"2021-09-12 12:00:00","W","0.090","0.096","0.085","24.000","2023-05-29 17:12:23"
"2021-09-12 12:00:00","D","2.298","2.580","1.960","24.000","2023-05-29 17:12:20"
"2021-09-12 18:00:00","W","0.086","0.096","0.076","24.000","2023-05-29 17:12:23"
"2021-09-12 18:00:00","D","2.269","2.670","1.970","24.000","2023-05-29 17:12:20"
"2021-09-13 00:00:00","W","0.088","0.089","0.086","24.000","2023-05-29 17:12:23"
"2021-09-13 00:00:00","D","2.167","2.460","1.690","24.000","2023-05-29 17:12:20"
"2021-09-13 06:00:00","W","0.087","0.089","0.086","24.000","2023-05-29 17:12:23"
"2021-09-13 06:00:00","D","2.307","2.450","1.630","24.000","2023-05-29 17:12:20"
"2021-09-13 12:00:00","W","0.083","0.088","0.079","24.000","2023-05-29 17:12:23"
"2021-09-13 12:00:00","D","2.112","2.330","1.710","24.000","2023-05-29 17:12:20"
"2021-09-13 18:00:00","W","0.080","0.087","0.078","24.000","2023-05-29 17:12:23"
"2021-09-13 18:00:00","D","2.135","2.480","1.890","24.000","2023-05-29 17:12:20"
"2021-09-14 00:00:00","W","0.082","0.084","0.080","24.000","2023-05-29 17:12:23"
"2021-09-14 00:00:00","D","2.053","2.300","1.620","24.000","2023-05-29 17:12:20"
"2021-09-14 06:00:00","W","0.084","0.086","0.083","24.000","2023-05-29 17:12:23"
"2021-09-14 06:00:00","D","2.188","2.360","1.750","24.000","2023-05-29 17:12:20"
"2021-09-14 12:00:00","W","0.112","0.135","0.087","24.000","2023-05-29 17:12:23"
"2021-09-14 12:00:00","D","3.037","4.440","2.290","24.000","2023-05-29 17:12:20"
"2021-09-14 18:00:00","W","0.121","0.170","0.046","24.000","2023-05-29 17:12:23"
"2021-09-14 18:00:00","D","10.768","16.350","5.120","24.000","2023-05-29 17:12:20"
"2021-09-15 00:00:00","W","0.078","0.116","0.042","24.000","2023-05-29 17:12:23"
"2021-09-15 00:00:00","D","14.260","16.970","12.190","24.000","2023-05-29 17:12:20"
"2021-09-15 06:00:00","W","0.076","0.132","0.040","24.000","2023-05-29 17:12:23"
"2021-09-15 06:00:00","D","12.159","15.550","9.520","24.000","2023-05-29 17:12:20"
"2021-09-15 12:00:00","W","0.061","0.085","0.038","24.000","2023-05-29 17:12:23"
"2021-09-15 12:00:00","D","9.426","12.350","7.970","24.000","2023-05-29 17:12:20"
"2021-09-15 18:00:00","W","0.048","0.062","0.034","24.000","2023-05-29 17:12:23"
"2021-09-15 18:00:00","D","7.268","9.160","5.830","24.000","2023-05-29 17:12:20"
"2021-09-16 00:00:00","W","0.046","0.061","0.035","24.000","2023-05-29 17:12:23"
"2021-09-16 00:00:00","D","5.803","6.810","5.160","24.000","2023-05-29 17:12:20"
"2021-09-16 06:00:00","W","0.055","0.070","0.034","24.000","2023-05-29 17:12:23"
"2021-09-16 06:00:00","D","4.818","5.660","4.420","24.000","2023-05-29 17:12:20"
"2021-09-16 12:00:00","W","0.050","0.061","0.041","24.000","2023-05-29 17:12:23"
"2021-09-16 12:00:00","D","4.484","5.290","3.930","24.000","2023-05-29 17:12:20"
"2021-09-16 18:00:00","W","0.044","0.055","0.036","24.000","2023-05-29 17:12:23"
"2021-09-16 18:00:00","D","3.656","4.310","3.210","24.000","2023-05-29 17:12:20"
"2021-09-17 00:00:00","W","0.046","0.055","0.040","24.000","2023-05-29 17:12:23"
"2021-09-17 00:00:00","D","3.800","4.240","3.250","24.000","2023-05-29 17:12:20"
"2021-09-17 06:00:00","W","0.039","0.044","0.036","24.000","2023-05-29 17:12:23"
"2021-09-17 06:00:00","D","3.495","3.790","3.090","24.000","2023-05-29 17:12:20"
"2021-09-17 12:00:00","W","0.046","0.058","0.040","24.000","2023-05-29 17:12:23"
"2021-09-17 12:00:00","D","3.418","3.590","3.050","24.000","2023-05-29 17:12:20"
"2021-09-17 18:00:00","W","0.041","0.044","0.039","24.000","2023-05-29 17:12:23"
"2021-09-17 18:00:00","D","3.208","3.600","2.700","24.000","2023-05-29 17:12:20"
"2021-09-18 00:00:00","W","0.038","0.040","0.035","24.000","2023-05-29 17:12:23"
"2021-09-18 00:00:00","D","3.196","3.420","2.910","24.000","2023-05-29 17:12:20"
"2021-09-18 06:00:00","W","0.048","0.051","0.038","24.000","2023-05-29 17:12:23"
"2021-09-18 06:00:00","D","3.030","3.350","2.670","24.000","2023-05-29 17:12:20"
"2021-09-18 12:00:00","W","0.048","0.051","0.044","24.000","2023-05-29 17:12:23"
"2021-09-18 12:00:00","D","3.033","3.260","2.690","24.000","2023-05-29 17:12:20"
"2021-09-18 18:00:00","W","0.046","0.052","0.041","24.000","2023-05-29 17:12:23"
"2021-09-18 18:00:00","D","2.911","3.360","2.620","24.000","2023-05-29 17:12:20"
"2021-09-19 00:00:00","W","0.046","0.051","0.044","24.000","2023-05-29 17:12:23"
"2021-09-19 00:00:00","D","2.781","3.160","2.410","24.000","2023-05-29 17:12:20"
"2021-09-19 06:00:00","W","0.042","0.044","0.040","24.000","2023-05-29 17:12:23"
"2021-09-19 06:00:00","D","2.849","3.090","2.410","24.000","2023-05-29 17:12:20"
"2021-09-19 12:00:00","W","0.041","0.049","0.032","24.000","2023-05-29 17:12:23"
"2021-09-19 12:00:00","D","2.775","3.220","2.200","24.000","2023-05-29 17:12:20"
"2021-09-19 18:00:00","W","0.049","0.057","0.042","24.000","2023-05-29 17:12:23"
"2021-09-19 18:00:00","D","2.616","2.980","2.250","24.000","2023-05-29 17:12:20"
"2021-09-20 00:00:00","W","0.054","0.055","0.052","24.000","2023-05-29 17:12:23"
"2021-09-20 00:00:00","D","2.623","2.930","2.010","24.000","2023-05-29 17:12:20"
"2021-09-20 06:00:00","W","0.054","0.055","0.051","24.000","2023-05-29 17:12:23"
"2021-09-20 06:00:00","D","2.728","2.900","2.570","24.000","2023-05-29 17:12:20"
"2021-09-20 12:00:00","W","0.052","0.054","0.050","24.000","2023-05-29 17:12:23"
"2021-09-20 12:00:00","D","2.733","3.070","2.270","24.000","2023-05-29 17:12:20"
"2021-09-20 18:00:00","W","0.050","0.054","0.046","24.000","2023-05-29 17:12:23"
"2021-09-20 18:00:00","D","2.554","2.820","2.250","24.000","2023-05-29 17:12:20"
"2021-09-21 00:00:00","W","0.050","0.051","0.049","24.000","2023-05-29 17:12:23"
"2021-09-21 00:00:00","D","2.583","2.760","2.320","24.000","2023-05-29 17:12:20"
"2021-09-21 06:00:00","W","0.050","0.051","0.049","24.000","2023-05-29 17:12:23"
"2021-09-21 06:00:00","D","2.664","2.780","2.560","24.000","2023-05-29 17:12:20"
"2021-09-21 12:00:00","W","0.049","0.056","0.042","24.000","2023-05-29 17:12:23"
"2021-09-21 12:00:00","D","2.490","2.980","2.060","24.000","2023-05-29 17:12:20"
"2021-09-21 18:00:00","W","0.044","0.050","0.040","24.000","2023-05-29 17:12:23"
"2021-09-21 18:00:00","D","2.349","2.800","1.880","24.000","2023-05-29 17:12:20"
"2021-09-22 00:00:00","W","0.042","0.045","0.041","24.000","2023-05-29 17:12:23"
"2021-09-22 00:00:00","D","2.448","2.620","2.240","24.000","2023-05-29 17:12:20"
"2021-09-22 06:00:00","W","0.041","0.042","0.041","24.000","2023-05-29 17:12:23"
"2021-09-22 06:00:00","D","2.501","2.640","2.110","24.000","2023-05-29 17:12:20"
"2021-09-22 12:00:00","W","0.041","0.043","0.037","24.000","2023-05-29 17:12:23"
"2021-09-22 12:00:00","D","2.438","2.730","2.130","24.000","2023-05-29 17:12:20"
"2021-09-22 18:00:00","W","0.044","0.050","0.041","24.000","2023-05-29 17:12:23"
"2021-09-22 18:00:00","D","2.429","2.670","2.170","24.000","2023-05-29 17:12:20"
"2021-09-23 00:00:00","W","0.043","0.044","0.037","24.000","2023-05-29 17:12:23"
"2021-09-23 00:00:00","D","2.608","2.810","2.300","24.000","2023-05-29 17:12:20"
"2021-09-23 06:00:00","W","0.044","0.045","0.043","24.000","2023-05-29 17:12:23"
"2021-09-23 06:00:00","D","2.599","2.790","2.210","24.000","2023-05-29 17:12:20"
"2021-09-23 12:00:00","W","0.044","0.046","0.042","24.000","2023-05-29 17:12:23"
"2021-09-23 12:00:00","D","2.590","2.810","2.310","24.000","2023-05-29 17:12:20"
"2021-09-23 18:00:00","W","0.042","0.049","0.038","24.000","2023-05-29 17:12:23"
"2021-09-23 18:00:00","D","2.440","2.900","2.130","24.000","2023-05-29 17:12:20"
"2021-09-24 00:00:00","W","0.041","0.042","0.041","24.000","2023-05-29 17:12:23"
"2021-09-24 00:00:00","D","2.359","2.500","1.980","24.000","2023-05-29 17:12:20"
"2021-09-24 06:00:00","W","0.041","0.042","0.040","24.000","2023-05-29 17:12:23"
"2021-09-24 06:00:00","D","2.488","2.560","2.370","24.000","2023-05-29 17:12:20"
"2021-09-24 12:00:00","W","0.040","0.046","0.034","24.000","2023-05-29 17:12:23"
"2021-09-24 12:00:00","D","2.287","2.670","1.920","24.000","2023-05-29 17:12:20"
"2021-09-24 18:00:00","W","0.046","0.050","0.040","24.000","2023-05-29 17:12:23"
"2021-09-24 18:00:00","D","2.198","2.640","1.920","24.000","2023-05-29 17:12:20"
"2021-09-25 00:00:00","W","0.051","0.053","0.047","24.000","2023-05-29 17:12:23"
"2021-09-25 00:00:00","D","2.376","2.650","1.590","24.000","2023-05-29 17:12:20"
"2021-09-25 06:00:00","W","0.051","0.052","0.051","24.000","2023-05-29 17:12:23"
"2021-09-25 06:00:00","D","2.433","2.700","1.940","24.000","2023-05-29 17:12:20"
"2021-09-25 12:00:00","W","0.049","0.054","0.038","24.000","2023-05-29 17:12:23"
"2021-09-25 12:00:00","D","2.263","2.720","1.210","24.000","2023-05-29 17:12:20"
"2021-09-25 18:00:00","W","0.049","0.053","0.042","24.000","2023-05-29 17:12:23"
"2021-09-25 18:00:00","D","2.456","2.730","2.180","24.000","2023-05-29 17:12:20"
"2021-09-26 00:00:00","W","0.049","0.051","0.047","24.000","2023-05-29 17:12:23"
"2021-09-26 00:00:00","D","2.575","2.720","2.380","24.000","2023-05-29 17:12:20"
"2021-09-26 06:00:00","W","0.050","0.051","0.049","24.000","2023-05-29 17:12:23"
"2021-09-26 06:00:00","D","2.653","2.710","2.430","24.000","2023-05-29 17:12:20"
"2021-09-26 12:00:00","W","0.048","0.052","0.042","24.000","2023-05-29 17:12:23"
"2021-09-26 12:00:00","D","2.588","3.020","2.310","24.000","2023-05-29 17:12:20"
"2021-09-26 18:00:00","W","0.049","0.058","0.045","24.000","2023-05-29 17:12:23"
"2021-09-26 18:00:00","D","2.528","3.090","2.120","24.000","2023-05-29 17:12:20"
"2021-09-27 00:00:00","W","0.048","0.050","0.047","24.000","2023-05-29 17:12:23"
"2021-09-27 00:00:00","D","2.625","2.860","2.240","24.000","2023-05-29 17:12:20"
"2021-09-27 06:00:00","W","0.047","0.048","0.044","24.000","2023-05-29 17:12:23"
"2021-09-27 06:00:00","D","2.467","2.690","2.010","24.000","2023-05-29 17:12:20"
"2021-09-27 12:00:00","W","0.049","0.054","0.045","24.000","2023-05-29 17:12:23"
"2021-09-27 12:00:00","D","2.498","2.770","2.190","24.000","2023-05-29 17:12:20"
"2021-09-27 18:00:00","W","0.048","0.058","0.042","24.000","2023-05-29 17:12:23"
"2021-09-27 18:00:00","D","2.219","2.530","1.730","24.000","2023-05-29 17:12:20"
"2021-09-28 00:00:00","W","0.055","0.060","0.050","24.000","2023-05-29 17:12:23"
"2021-09-28 00:00:00","D","2.528","2.820","2.190","24.000","2023-05-29 17:12:20"
"2021-09-28 06:00:00","W","0.058","0.060","0.055","24.000","2023-05-29 17:12:23"
"2021-09-28 06:00:00","D","2.685","2.840","2.420","24.000","2023-05-29 17:12:20"
"2021-09-28 12:00:00","W","0.053","0.058","0.049","24.000","2023-05-29 17:12:23"
"2021-09-28 12:00:00","D","2.661","3.090","2.020","24.000","2023-05-29 17:12:20"
"2021-09-28 18:00:00","W","0.054","0.063","0.051","24.000","2023-05-29 17:12:23"
"2021-09-28 18:00:00","D","2.756","3.040","2.570","24.000","2023-05-29 17:12:20"
"2021-09-29 00:00:00","W","0.073","0.111","0.054","24.000","2023-05-29 17:12:23"
"2021-09-29 00:00:00","D","3.120","4.570","2.360","24.000","2023-05-29 17:12:20"
"2021-09-29 06:00:00","W","0.112","0.152","0.097","24.000","2023-05-29 17:12:23"
"2021-09-29 06:00:00","D","4.264","6.270","3.540","24.000","2023-05-29 17:12:20"
"2021-09-29 12:00:00","W","0.100","0.155","0.051","24.000","2023-05-29 17:12:23"
"2021-09-29 12:00:00","D","7.699","9.740","5.390","24.000","2023-05-29 17:12:20"
"2021-09-29 18:00:00","W","0.060","0.108","0.032","24.000","2023-05-29 17:12:23"
"2021-09-29 18:00:00","D","6.319","8.500","5.220","24.000","2023-05-29 17:12:20"
"2021-09-30 00:00:00","W","0.055","0.073","0.044","24.000","2023-05-29 17:12:23"
"2021-09-30 00:00:00","D","4.998","5.870","4.370","24.000","2023-05-29 17:12:20"
"2021-09-30 06:00:00","W","0.049","0.068","0.037","24.000","2023-05-29 17:12:23"
"2021-09-30 06:00:00","D","4.662","5.590","3.680","24.000","2023-05-29 17:12:20"
"2021-09-30 12:00:00","W","0.051","0.073","0.037","24.000","2023-05-29 17:12:23"
"2021-09-30 12:00:00","D","4.408","5.440","3.830","24.000","2023-05-29 17:12:20"
"2021-09-30 18:00:00","W","0.056","0.066","0.049","24.000","2023-05-29 17:12:23"
"2021-09-30 18:00:00","D","4.093","4.490","3.570","24.000","2023-05-29 17:12:20"
"2021-10-01 00:00:00","W","0.052","0.065","0.042","24.000","2023-05-29 17:12:23"
"2021-10-01 00:00:00","D","3.967","4.600","3.530","24.000","2023-05-29 17:12:20"
"2021-10-01 06:00:00","W","0.045","0.059","0.037","24.000","2023-05-29 17:12:23"
"2021-10-01 06:00:00","D","3.667","4.140","3.000","24.000","2023-05-29 17:12:20"
"2021-10-01 12:00:00","W","0.055","0.064","0.050","24.000","2023-05-29 17:12:23"
"2021-10-01 12:00:00","D","3.482","3.900","3.080","24.000","2023-05-29 17:12:20"
"2021-10-01 18:00:00","W","0.062","0.075","0.054","24.000","2023-05-29 17:12:23"
"2021-10-01 18:00:00","D","3.607","4.140","3.310","24.000","2023-05-29 17:12:20"
"2021-10-02 00:00:00","W","0.063","0.070","0.058","24.000","2023-05-29 17:12:23"
"2021-10-02 00:00:00","D","3.598","3.930","3.330","24.000","2023-05-29 17:12:20"
"2021-10-02 06:00:00","W","0.055","0.062","0.048","24.000","2023-05-29 17:12:23"
"2021-10-02 06:00:00","D","3.468","3.830","3.200","24.000","2023-05-29 17:12:20"
"2021-10-02 12:00:00","W","0.046","0.056","0.040","24.000","2023-05-29 17:12:23"
"2021-10-02 12:00:00","D","3.289","3.600","3.060","24.000","2023-05-29 17:12:20"
"2021-10-02 18:00:00","W","0.053","0.088","0.038","24.000","2023-05-29 17:12:23"
"2021-10-02 18:00:00","D","3.387","4.410","2.900","24.000","2023-05-29 17:12:20"
"2021-10-03 00:00:00","W","0.123","0.167","0.097","24.000","2023-05-29 17:12:23"
"2021-10-03 00:00:00","D","7.227","14.420","4.290","24.000","2023-05-29 17:12:20"
"2021-10-03 06:00:00","W","0.097","0.138","0.038","24.000","2023-05-29 17:12:23"
"2021-10-03 06:00:00","D","12.507","15.510","9.290","24.000","2023-05-29 17:12:20"
"2021-10-03 12:00:00","W","0.061","0.093","0.035","24.000","2023-05-29 17:12:23"
"2021-10-03 12:00:00","D","10.971","14.180","8.620","24.000","2023-05-29 17:12:20"
"2021-10-03 18:00:00","W","0.056","0.095","0.032","24.000","2023-05-29 17:12:23"
"2021-10-03 18:00:00","D","8.315","10.990","6.330","24.000","2023-05-29 17:12:20"
"2021-10-04 00:00:00","W","0.057","0.090","0.037","24.000","2023-05-29 17:12:23"
"2021-10-04 00:00:00","D","7.029","8.790","5.640","24.000","2023-05-29 17:12:20"
"2021-10-04 06:00:00","W","0.053","0.082","0.039","24.000","2023-05-29 17:12:23"
"2021-10-04 06:00:00","D","6.153","7.850","5.060","24.000","2023-05-29 17:12:20"
"2021-10-04 12:00:00","W","0.055","0.074","0.037","24.000","2023-05-29 17:12:23"
"2021-10-04 12:00:00","D","5.557","6.650","4.720","24.000","2023-05-29 17:12:20"
"2021-10-04 18:00:00","W","0.055","0.077","0.036","24.000","2023-05-29 17:12:23"
"2021-10-04 18:00:00","D","5.166","6.200","4.350","24.000","2023-05-29 17:12:20"
"2021-10-05 00:00:00","W","0.054","0.075","0.038","24.000","2023-05-29 17:12:23"
"2021-10-05 00:00:00","D","4.955","5.940","4.090","24.000","2023-05-29 17:12:20"
"2021-10-05 06:00:00","W","0.087","0.143","0.036","24.000","2023-05-29 17:12:23"
"2021-10-05 06:00:00","D","5.728","8.530","3.850","24.000","2023-05-29 17:12:20"
"2021-10-05 12:00:00","W","0.115","0.165","0.080","24.000","2023-05-29 17:12:23"
"2021-10-05 12:00:00","D","10.376","17.380","6.750","24.000","2023-05-29 17:12:20"
"2021-10-05 18:00:00","W","0.093","0.136","0.054","24.000","2023-05-29 17:12:23"
"2021-10-05 18:00:00","D","16.045","19.160","12.560","24.000","2023-05-29 17:12:20"
"2021-10-06 00:00:00","W","0.079","0.126","0.041","24.000","2023-05-29 17:12:23"
"2021-10-06 00:00:00","D","12.773","16.160","10.540","24.000","2023-05-29 17:12:20"
"2021-10-06 06:00:00","W","0.088","0.134","0.055","24.000","2023-05-29 17:12:23"
"2021-10-06 06:00:00","D","11.847","14.010","10.110","24.000","2023-05-29 17:12:20"
"2021-10-06 12:00:00","W","0.062","0.090","0.039","24.000","2023-05-29 17:12:23"
"2021-10-06 12:00:00","D","10.632","13.070","9.020","24.000","2023-05-29 17:12:20"
"2021-10-06 18:00:00","W","0.073","0.147","-0.003","24.000","2023-05-29 17:12:23"
"2021-10-06 18:00:00","D","7.316","9.860","4.760","24.000","2023-05-29 17:12:20"
"2021-10-07 00:00:00","W","0.070","0.127","0.036","24.000","2023-05-29 17:12:23"
"2021-10-07 00:00:00","D","6.845","9.410","5.030","24.000","2023-05-29 17:12:20"
"2021-10-07 06:00:00","W","0.054","0.078","0.041","24.000","2023-05-29 17:12:23"
"2021-10-07 06:00:00","D","5.566","6.810","4.900","24.000","2023-05-29 17:12:20"
"2021-10-07 12:00:00","W","0.051","0.071","0.034","24.000","2023-05-29 17:12:23"
"2021-10-07 12:00:00","D","4.782","5.680","3.710","24.000","2023-05-29 17:12:20"
"2021-10-07 18:00:00","W","0.072","0.088","0.054","24.000","2023-05-29 17:12:23"
"2021-10-07 18:00:00","D","4.400","5.330","3.800","24.000","2023-05-29 17:12:20"
"2021-10-08 00:00:00","W","0.076","0.088","0.070","24.000","2023-05-29 17:12:23"
"2021-10-08 00:00:00","D","4.486","5.120","4.030","24.000","2023-05-29 17:12:20"
"2021-10-08 06:00:00","W","0.073","0.086","0.064","24.000","2023-05-29 17:12:23"
"2021-10-08 06:00:00","D","4.452","5.150","4.030","24.000","2023-05-29 17:12:20"
"2021-10-08 12:00:00","W","0.065","0.077","0.057","24.000","2023-05-29 17:12:23"
"2021-10-08 12:00:00","D","4.200","4.820","3.850","24.000","2023-05-29 17:12:20"
"2021-10-08 18:00:00","W","0.064","0.077","0.055","24.000","2023-05-29 17:12:23"
"2021-10-08 18:00:00","D","4.191","4.840","3.700","24.000","2023-05-29 17:12:20"
"2021-10-09 00:00:00","W","0.059","0.078","0.052","24.000","2023-05-29 17:12:23"
"2021-10-09 00:00:00","D","4.039","5.120","3.740","24.000","2023-05-29 17:12:20"
"2021-10-09 06:00:00","W","0.056","0.064","0.050","24.000","2023-05-29 17:12:23"
"2021-10-09 06:00:00","D","3.966","4.380","3.480","24.000","2023-05-29 17:12:20"
"2021-10-09 12:00:00","W","0.048","0.056","0.042","24.000","2023-05-29 17:12:23"
"2021-10-09 12:00:00","D","3.815","4.090","3.430","24.000","2023-05-29 17:12:20"
"2021-10-09 18:00:00","W","0.047","0.054","0.037","24.000","2023-05-29 17:12:23"
"2021-10-09 18:00:00","D","3.501","3.930","3.130","24.000","2023-05-29 17:12:20"
"2021-10-10 00:00:00","W","0.050","0.052","0.046","24.000","2023-05-29 17:12:23"
"2021-10-10 00:00:00","D","3.406","3.620","2.860","24.000","2023-05-29 17:12:20"
"2021-10-10 06:00:00","W","0.051","0.052","0.050","24.000","2023-05-29 17:12:23"
"2021-10-10 06:00:00","D","3.464","3.610","3.200","24.000","2023-05-29 17:12:20"
"2021-10-10 12:00:00","W","0.051","0.058","0.047","24.000","2023-05-29 17:12:23"
"2021-10-10 12:00:00","D","3.420","3.760","3.090","24.000","2023-05-29 17:12:20"
"2021-10-10 18:00:00","W","0.045","0.058","0.038","24.000","2023-05-29 17:12:23"
"2021-10-10 18:00:00","D","3.238","3.760","2.970","24.000","2023-05-29 17:12:20"
"2021-10-11 00:00:00","W","0.048","0.050","0.043","24.000","2023-05-29 17:12:23"
"2021-10-11 00:00:00","D","3.142","3.380","2.640","24.000","2023-05-29 17:12:20"
"2021-10-11 06:00:00","W","0.047","0.049","0.046","24.000","2023-05-29 17:12:23"
"2021-10-11 06:00:00","D","3.277","3.420","3.150","24.000","2023-05-29 17:12:20"
"2021-10-11 12:00:00","W","0.044","0.049","0.039","24.000","2023-05-29 17:12:23"
"2021-10-11 12:00:00","D","3.067","3.300","2.760","24.000","2023-05-29 17:12:20"
"2021-10-11 18:00:00","W","0.050","0.058","0.043","24.000","2023-05-29 17:12:23"
"2021-10-11 18:00:00","D","3.063","3.530","2.680","24.000","2023-05-29 17:12:20"
"2021-10-12 00:00:00","W","0.050","0.053","0.048","24.000","2023-05-29 17:12:23"
"2021-10-12 00:00:00","D","3.030","3.230","2.730","24.000","2023-05-29 17:12:20"
"2021-10-12 06:00:00","W","0.049","0.052","0.047","24.000","2023-05-29 17:12:23"
"2021-10-12 06:00:00","D","3.017","3.180","2.770","24.000","2023-05-29 17:12:20"
"2021-10-12 12:00:00","W","0.047","0.053","0.040","24.000","2023-05-29 17:12:23"
"2021-10-12 12:00:00","D","2.968","3.440","2.690","24.000","2023-05-29 17:12:20"
"2021-10-12 18:00:00","W","0.047","0.071","0.033","24.000","2023-05-29 17:12:23"
"2021-10-12 18:00:00","D","2.737","3.590","1.860","24.000","2023-05-29 17:12:20"
"2021-10-13 00:00:00","W","0.082","0.086","0.073","24.000","2023-05-29 17:12:23"
"2021-10-13 00:00:00","D","2.793","3.130","2.410","24.000","2023-05-29 17:12:20"
"2021-10-13 06:00:00","W","0.088","0.090","0.086","24.000","2023-05-29 17:12:23"
"2021-10-13 06:00:00","D","2.970","3.190","2.470","24.000","2023-05-29 17:12:20"
"2021-10-13 12:00:00","W","0.092","0.101","0.089","24.000","2023-05-29 17:12:23"
"2021-10-13 12:00:00","D","3.176","3.570","2.940","24.000","2023-05-29 17:12:20"
"2021-10-13 18:00:00","W","0.090","0.093","0.088","24.000","2023-05-29 17:12:23"
"2021-10-13 18:00:00","D","2.970","3.430","2.500","24.000","2023-05-29 17:12:20"
"2021-10-14 00:00:00","W","0.090","0.091","0.088","24.000","2023-05-29 17:12:23"
"2021-10-14 00:00:00","D","2.973","3.130","2.640","24.000","2023-05-29 17:12:20"
"2021-10-14 06:00:00","W","0.086","0.088","0.084","24.000","2023-05-29 17:12:23"
"2021-10-14 06:00:00","D","2.821","3.060","2.550","24.000","2023-05-29 17:12:20"
"2021-10-14 12:00:00","W","0.083","0.085","0.080","24.000","2023-05-29 17:12:23"
"2021-10-14 12:00:00","D","2.801","3.030","2.390","24.000","2023-05-29 17:12:20"
"2021-10-14 18:00:00","W","0.078","0.086","0.075","24.000","2023-05-29 17:12:23"
"2021-10-14 18:00:00","D","2.740","3.020","2.440","24.000","2023-05-29 17:12:20"
"2021-10-15 00:00:00","W","0.076","0.076","0.075","24.000","2023-05-29 17:12:23"
"2021-10-15 00:00:00","D","2.704","2.860","2.290","24.000","2023-05-29 17:12:20"
"2021-10-15 06:00:00","W","0.076","0.077","0.075","24.000","2023-05-29 17:12:23"
"2021-10-15 06:00:00","D","2.758","2.970","2.550","24.000","2023-05-29 17:12:20"
"2021-10-15 12:00:00","W","0.076","0.079","0.074","24.000","2023-05-29 17:12:23"
"2021-10-15 12:00:00","D","2.672","2.890","2.330","24.000","2023-05-29 17:12:20"
"2021-10-15 18:00:00","W","0.081","0.087","0.077","24.000","2023-05-29 17:12:23"
"2021-10-15 18:00:00","D","2.802","3.260","2.400","24.000","2023-05-29 17:12:20"
"2021-10-16 00:00:00","W","0.076","0.077","0.075","24.000","2023-05-29 17:12:23"
"2021-10-16 00:00:00","D","2.752","2.880","2.520","24.000","2023-05-29 17:12:20"
"2021-10-16 06:00:00","W","0.075","0.076","0.075","24.000","2023-05-29 17:12:23"
"2021-10-16 06:00:00","D","2.695","2.800","2.500","24.000","2023-05-29 17:12:20"
"2021-10-16 12:00:00","W","0.076","0.083","0.072","24.000","2023-05-29 17:12:23"
"2021-10-16 12:00:00","D","2.663","2.880","2.380","24.000","2023-05-29 17:12:20"
"2021-10-16 18:00:00","W","0.076","0.080","0.071","24.000","2023-05-29 17:12:23"
"2021-10-16 18:00:00","D","2.665","3.000","2.270","24.000","2023-05-29 17:12:20"
"2021-10-17 00:00:00","W","0.076","0.079","0.069","24.000","2023-05-29 17:12:23"
"2021-10-17 00:00:00","D","2.568","2.850","2.370","24.000","2023-05-29 17:12:20"
"2021-10-17 06:00:00","W","0.078","0.078","0.078","24.000","2023-05-29 17:12:23"
"2021-10-17 06:00:00","D","2.769","2.950","2.490","24.000","2023-05-29 17:12:20"
"2021-10-17 12:00:00","W","0.079","0.086","0.072","24.000","2023-05-29 17:12:23"
"2021-10-17 12:00:00","D","2.774","3.000","2.460","24.000","2023-05-29 17:12:20"
"2021-10-17 18:00:00","W","0.078","0.083","0.066","24.000","2023-05-29 17:12:23"
"2021-10-17 18:00:00","D","2.744","3.040","2.380","24.000","2023-05-29 17:12:20"
"2021-10-18 00:00:00","W","0.079","0.080","0.078","24.000","2023-05-29 17:12:23"
"2021-10-18 00:00:00","D","2.647","2.890","2.190","24.000","2023-05-29 17:12:20"
"2021-10-18 06:00:00","W","0.077","0.078","0.076","24.000","2023-05-29 17:12:23"
"2021-10-18 06:00:00","D","2.663","2.850","2.480","24.000","2023-05-29 17:12:20"
"2021-10-18 12:00:00","W","0.075","0.080","0.072","24.000","2023-05-29 17:12:23"
"2021-10-18 12:00:00","D","2.600","2.790","2.380","24.000","2023-05-29 17:12:20"
"2021-10-18 18:00:00","W","0.074","0.077","0.070","24.000","2023-05-29 17:12:23"
"2021-10-18 18:00:00","D","2.683","2.990","2.280","24.000","2023-05-29 17:12:20"
"2021-10-19 00:00:00","W","0.072","0.073","0.071","24.000","2023-05-29 17:12:23"
"2021-10-19 00:00:00","D","2.746","2.840","2.570","24.000","2023-05-29 17:12:20"
"2021-10-19 06:00:00","W","0.072","0.074","0.071","24.000","2023-05-29 17:12:23"
"2021-10-19 06:00:00","D","2.768","2.910","2.690","24.000","2023-05-29 17:12:20"
"2021-10-19 12:00:00","W","0.072","0.077","0.070","24.000","2023-05-29 17:12:23"
"2021-10-19 12:00:00","D","2.691","2.880","2.280","24.000","2023-05-29 17:12:20"
"2021-10-19 18:00:00","W","0.070","0.074","0.067","24.000","2023-05-29 17:12:23"
"2021-10-19 18:00:00","D","2.684","2.870","2.490","24.000","2023-05-29 17:12:20"
"2021-10-20 00:00:00","W","0.074","0.076","0.069","24.000","2023-05-29 17:12:23"
"2021-10-20 00:00:00","D","2.727","2.880","2.520","24.000","2023-05-29 17:12:20"
"2021-10-20 06:00:00","W","0.092","0.106","0.077","24.000","2023-05-29 17:12:23"
"2021-10-20 06:00:00","D","3.168","3.550","2.780","24.000","2023-05-29 17:12:20"
"2021-10-20 12:00:00","W","0.123","0.153","0.107","24.000","2023-05-29 17:12:23"
"2021-10-20 12:00:00","D","5.087","8.300","3.640","24.000","2023-05-29 17:12:20"
"2021-10-20 18:00:00","W","0.096","0.144","0.063","24.000","2023-05-29 17:12:23"
"2021-10-20 18:00:00","D","8.742","10.120","6.980","24.000","2023-05-29 17:12:20"
"2021-10-21 00:00:00","W","0.082","0.154","0.056","24.000","2023-05-29 17:12:23"
"2021-10-21 00:00:00","D","8.793","11.650","7.040","24.000","2023-05-29 17:12:20"
"2021-10-21 06:00:00","W","0.147","0.183","0.117","24.000","2023-05-29 17:12:23"
"2021-10-21 06:00:00","D","21.108","29.240","10.980","24.000","2023-05-29 17:12:20"
"2021-10-21 12:00:00","W","0.161","0.185","0.123","24.000","2023-05-29 17:12:23"
"2021-10-21 12:00:00","D","29.310","31.340","26.790","24.000","2023-05-29 17:12:20"
"2021-10-21 18:00:00","W","0.154","0.185","0.090","24.000","2023-05-29 17:12:23"
"2021-10-21 18:00:00","D","29.012","31.160","24.470","24.000","2023-05-29 17:12:20"
"2021-10-22 00:00:00","W","0.101","0.142","0.059","24.000","2023-05-29 17:12:23"
"2021-10-22 00:00:00","D","22.512","26.570","19.630","24.000","2023-05-29 17:12:20"
"2021-10-22 06:00:00","W","0.095","0.130","0.061","24.000","2023-05-29 17:12:23"
"2021-10-22 06:00:00","D","19.301","22.240","16.240","24.000","2023-05-29 17:12:20"
"2021-10-22 12:00:00","W","0.079","0.128","0.047","24.000","2023-05-29 17:12:23"
"2021-10-22 12:00:00","D","16.160","19.580","12.000","24.000","2023-05-29 17:12:20"
"2021-10-22 18:00:00","W","0.079","0.121","0.036","24.000","2023-05-29 17:12:23"
"2021-10-22 18:00:00","D","13.018","15.150","10.530","24.000","2023-05-29 17:12:20"
"2021-10-23 00:00:00","W","0.062","0.093","0.027","24.000","2023-05-29 17:12:23"
"2021-10-23 00:00:00","D","10.825","13.830","8.790","24.000","2023-05-29 17:12:20"
"2021-10-23 06:00:00","W","0.056","0.083","0.038","24.000","2023-05-29 17:12:23"
"2021-10-23 06:00:00","D","9.413","11.520","7.810","24.000","2023-05-29 17:12:20"
"2021-10-23 12:00:00","W","0.062","0.126","0.009","24.000","2023-05-29 17:12:23"
"2021-10-23 12:00:00","D","6.217","9.660","3.670","24.000","2023-05-29 17:12:20"
"2021-10-23 18:00:00","W","0.098","0.132","0.075","24.000","2023-05-29 17:12:23"
"2021-10-23 18:00:00","D","6.171","7.750","5.170","24.000","2023-05-29 17:12:20"
"2021-10-24 00:00:00","W","0.086","0.110","0.070","24.000","2023-05-29 17:12:23"
"2021-10-24 00:00:00","D","5.830","7.110","4.580","24.000","2023-05-29 17:12:20"
"2021-10-24 06:00:00","W","0.066","0.090","0.049","24.000","2023-05-29 17:12:23"
"2021-10-24 06:00:00","D","5.385","6.490","4.520","24.000","2023-05-29 17:12:20"
"2021-10-24 12:00:00","W","0.051","0.073","0.035","24.000","2023-05-29 17:12:23"
"2021-10-24 12:00:00","D","5.166","6.460","4.250","24.000","2023-05-29 17:12:20"
"2021-10-24 18:00:00","W","0.050","0.070","0.038","24.000","2023-05-29 17:12:23"
"2021-10-24 18:00:00","D","4.867","5.880","3.880","24.000","2023-05-29 17:12:20"
"2021-10-25 00:00:00","W","0.047","0.069","0.038","24.000","2023-05-29 17:12:23"
"2021-10-25 00:00:00","D","4.503","5.730","3.910","24.000","2023-05-29 17:12:20"
"2021-10-25 06:00:00","W","0.048","0.058","0.039","24.000","2023-05-29 17:12:23"
"2021-10-25 06:00:00","D","4.376","5.060","3.370","24.000","2023-05-29 17:12:20"
"2021-10-25 12:00:00","W","0.060","0.074","0.048","24.000","2023-05-29 17:12:23"
"2021-10-25 12:00:00","D","4.273","5.060","3.540","24.000","2023-05-29 17:12:20"
"2021-10-25 18:00:00","W","0.054","0.067","0.043","24.000","2023-05-29 17:12:23"
"2021-10-25 18:00:00","D","4.042","4.880","3.260","24.000","2023-05-29 17:12:20"
"2021-10-26 00:00:00","W","0.060","0.078","0.053","24.000","2023-05-29 17:12:23"
"2021-10-26 00:00:00","D","4.162","5.060","3.560","24.000","2023-05-29 17:12:20"
"2021-10-26 06:00:00","W","0.058","0.075","0.051","24.000","2023-05-29 17:12:23"
"2021-10-26 06:00:00","D","4.120","4.920","3.430","24.000","2023-05-29 17:12:20"
"2021-10-26 12:00:00","W","0.051","0.067","0.041","24.000","2023-05-29 17:12:23"
"2021-10-26 12:00:00","D","4.010","4.660","3.540","24.000","2023-05-29 17:12:20"
"2021-10-26 18:00:00","W","0.050","0.061","0.040","24.000","2023-05-29 17:12:23"
"2021-10-26 18:00:00","D","4.032","4.650","3.560","24.000","2023-05-29 17:12:20"
"2021-10-27 00:00:00","W","0.052","0.066","0.044","24.000","2023-05-29 17:12:23"
"2021-10-27 00:00:00","D","4.035","4.610","3.640","24.000","2023-05-29 17:12:20"
"2021-10-27 06:00:00","W","0.046","0.063","0.038","24.000","2023-05-29 17:12:23"
"2021-10-27 06:00:00","D","3.793","4.740","3.250","24.000","2023-05-29 17:12:20"
"2021-10-27 12:00:00","W","0.048","0.064","0.040","24.000","2023-05-29 17:12:23"
"2021-10-27 12:00:00","D","3.775","4.600","3.040","24.000","2023-05-29 17:12:20"
"2021-10-27 18:00:00","W","0.054","0.067","0.043","24.000","2023-05-29 17:12:23"
"2021-10-27 18:00:00","D","3.676","4.260","3.270","24.000","2023-05-29 17:12:20"
"2021-10-28 00:00:00","W","0.052","0.064","0.047","24.000","2023-05-29 17:12:23"
"2021-10-28 00:00:00","D","3.611","4.190","3.230","24.000","2023-05-29 17:12:20"
"2021-10-28 06:00:00","W","0.052","0.064","0.046","24.000","2023-05-29 17:12:23"
"2021-10-28 06:00:00","D","3.643","4.360","3.160","24.000","2023-05-29 17:12:20"
"2021-10-28 12:00:00","W","0.047","0.059","0.041","24.000","2023-05-29 17:12:23"
"2021-10-28 12:00:00","D","3.574","4.230","3.040","24.000","2023-05-29 17:12:20"
"2021-10-28 18:00:00","W","0.046","0.059","0.039","24.000","2023-05-29 17:12:23"
"2021-10-28 18:00:00","D","3.472","3.910","2.880","24.000","2023-05-29 17:12:20"
"2021-10-29 00:00:00","W","0.054","0.061","0.047","24.000","2023-05-29 17:12:23"
"2021-10-29 00:00:00","D","3.468","3.750","3.040","24.000","2023-05-29 17:12:20"
"2021-10-29 06:00:00","W","0.054","0.063","0.049","24.000","2023-05-29 17:12:23"
"2021-10-29 06:00:00","D","3.547","4.180","3.170","24.000","2023-05-29 17:12:20"
"2021-10-29 12:00:00","W","0.052","0.063","0.044","24.000","2023-05-29 17:12:23"
"2021-10-29 12:00:00","D","3.498","4.270","1.590","24.000","2023-05-29 17:12:20"
"2021-10-29 18:00:00","W","0.055","0.063","0.046","24.000","2023-05-29 17:12:23"
"2021-10-29 18:00:00","D","3.463","4.040","3.080","24.000","2023-05-29 17:12:20"
"2021-10-30 00:00:00","W","0.058","0.068","0.052","24.000","2023-05-29 17:12:23"
"2021-10-30 00:00:00","D","3.523","3.940","3.100","24.000","2023-05-29 17:12:20"
"2021-10-30 06:00:00","W","0.062","0.071","0.057","24.000","2023-05-29 17:12:23"
"2021-10-30 06:00:00","D","3.683","4.170","3.400","24.000","2023-05-29 17:12:20"
"2021-10-30 12:00:00","W","0.062","0.073","0.057","24.000","2023-05-29 17:12:23"
"2021-10-30 12:00:00","D","3.646","4.060","3.290","24.000","2023-05-29 17:12:20"
"2021-10-30 18:00:00","W","0.064","0.075","0.054","24.000","2023-05-29 17:12:23"
"2021-10-30 18:00:00","D","3.695","4.460","3.290","24.000","2023-05-29 17:12:20"
"2021-10-31 00:00:00","W","0.068","0.082","0.063","24.000","2023-05-29 17:12:23"
"2021-10-31 00:00:00","D","3.795","4.330","3.080","24.000","2023-05-29 17:12:20"
"2021-10-31 06:00:00","W","0.066","0.078","0.058","24.000","2023-05-29 17:12:23"
"2021-10-31 06:00:00","D","3.761","4.360","3.340","24.000","2023-05-29 17:12:20"
"2021-10-31 12:00:00","W","0.074","0.116","0.057","24.000","2023-05-29 17:12:23"
"2021-10-31 12:00:00","D","4.066","5.480","3.280","24.000","2023-05-29 17:12:20"
"2021-10-31 18:00:00","W","0.112","0.142","0.087","24.000","2023-05-29 17:12:23"
"2021-10-31 18:00:00","D","5.600","8.400","3.560","24.000","2023-05-29 17:12:20"
"2021-11-01 00:00:00","W","0.094","0.128","0.066","24.000","2023-05-29 17:12:23"
"2021-11-01 00:00:00","D","8.263","10.590","6.650","24.000","2023-05-29 17:12:20"
"2021-11-01 06:00:00","W","0.060","0.104","0.030","24.000","2023-05-29 17:12:23"
"2021-11-01 06:00:00","D","7.042","9.580","5.320","24.000","2023-05-29 17:12:20"
"2021-11-01 12:00:00","W","0.060","0.095","0.041","24.000","2023-05-29 17:12:23"
"2021-11-01 12:00:00","D","5.762","7.640","4.090","24.000","2023-05-29 17:12:20"
"2021-11-01 18:00:00","W","0.079","0.098","0.063","24.000","2023-05-29 17:12:23"
"2021-11-01 18:00:00","D","5.493","6.810","4.340","24.000","2023-05-29 17:12:20"
"2021-11-02 00:00:00","W","0.075","0.098","0.055","24.000","2023-05-29 17:12:23"
"2021-11-02 00:00:00","D","5.464","6.620","4.150","24.000","2023-05-29 17:12:20"
"2021-11-02 06:00:00","W","0.053","0.082","0.038","24.000","2023-05-29 17:12:23"
"2021-11-02 06:00:00","D","4.714","6.020","3.280","24.000","2023-05-29 17:12:20"
"2021-11-02 12:00:00","W","0.053","0.076","0.040","24.000","2023-05-29 17:12:23"
"2021-11-02 12:00:00","D","4.473","5.320","3.820","24.000","2023-05-29 17:12:20"
"2021-11-02 18:00:00","W","0.049","0.070","0.038","24.000","2023-05-29 17:12:23"
"2021-11-02 18:00:00","D","3.915","4.940","3.050","24.000","2023-05-29 17:12:20"
"2021-11-03 00:00:00","W","0.086","0.101","0.051","24.000","2023-05-29 17:12:23"
"2021-11-03 00:00:00","D","4.064","5.150","2.960","24.000","2023-05-29 17:12:20"
"2021-11-03 06:00:00","W","0.085","0.093","0.077","24.000","2023-05-29 17:12:23"
"2021-11-03 06:00:00","D","3.962","4.540","3.430","24.000","2023-05-29 17:12:20"
"2021-11-03 12:00:00","W","0.071","0.088","0.052","24.000","2023-05-29 17:12:23"
"2021-11-03 12:00:00","D","3.624","4.300","2.890","24.000","2023-05-29 17:12:20"
"2021-11-03 18:00:00","W","0.065","0.081","0.051","24.000","2023-05-29 17:12:23"
"2021-11-03 18:00:00","D","3.575","4.150","3.130","24.000","2023-05-29 17:12:20"
"2021-11-04 00:00:00","W","0.072","0.077","0.068","24.000","2023-05-29 17:12:23"
"2021-11-04 00:00:00","D","3.505","4.000","3.060","24.000","2023-05-29 17:12:20"
"2021-11-04 06:00:00","W","0.069","0.075","0.064","24.000","2023-05-29 17:12:23"
"2021-11-04 06:00:00","D","3.410","3.930","3.010","24.000","2023-05-29 17:12:20"
"2021-11-04 12:00:00","W","0.066","0.071","0.060","24.000","2023-05-29 17:12:23"
"2021-11-04 12:00:00","D","3.443","3.710","3.100","24.000","2023-05-29 17:12:20"
"2021-11-04 18:00:00","W","0.060","0.074","0.053","24.000","2023-05-29 17:12:23"
"2021-11-04 18:00:00","D","3.419","4.290","2.970","24.000","2023-05-29 17:12:20"
"2021-11-05 00:00:00","W","0.052","0.056","0.050","24.000","2023-05-29 17:12:23"
"2021-11-05 00:00:00","D","3.151","3.360","2.870","24.000","2023-05-29 17:12:20"
"2021-11-05 06:00:00","W","0.054","0.055","0.053","24.000","2023-05-29 17:12:23"
"2021-11-05 06:00:00","D","3.136","3.440","2.800","24.000","2023-05-29 17:12:20"
"2021-11-05 12:00:00","W","0.054","0.068","0.052","24.000","2023-05-29 17:12:23"
"2021-11-05 12:00:00","D","3.243","3.600","2.970","24.000","2023-05-29 17:12:20"
"2021-11-05 18:00:00","W","0.054","0.059","0.052","24.000","2023-05-29 17:12:23"
"2021-11-05 18:00:00","D","3.222","3.450","2.910","24.000","2023-05-29 17:12:20"
"2021-11-06 00:00:00","W","0.052","0.054","0.050","24.000","2023-05-29 17:12:23"
"2021-11-06 00:00:00","D","3.252","3.370","2.970","24.000","2023-05-29 17:12:20"
"2021-11-06 06:00:00","W","0.049","0.051","0.048","24.000","2023-05-29 17:12:23"
"2021-11-06 06:00:00","D","3.148","3.350","2.940","24.000","2023-05-29 17:12:20"
"2021-11-06 12:00:00","W","0.051","0.063","0.046","24.000","2023-05-29 17:12:23"
"2021-11-06 12:00:00","D","3.185","3.550","2.920","24.000","2023-05-29 17:12:20"
"2021-11-06 18:00:00","W","0.062","0.073","0.058","24.000","2023-05-29 17:12:23"
"2021-11-06 18:00:00","D","3.543","3.920","3.180","24.000","2023-05-29 17:12:20"
"2021-11-07 00:00:00","W","0.056","0.058","0.054","24.000","2023-05-29 17:12:23"
"2021-11-07 00:00:00","D","3.319","3.500","3.200","24.000","2023-05-29 17:12:20"
"2021-11-07 06:00:00","W","0.055","0.058","0.052","24.000","2023-05-29 17:12:23"
"2021-11-07 06:00:00","D","3.260","3.440","2.960","24.000","2023-05-29 17:12:20"
"2021-11-07 12:00:00","W","0.057","0.067","0.052","24.000","2023-05-29 17:12:23"
"2021-11-07 12:00:00","D","3.255","3.520","3.060","24.000","2023-05-29 17:12:20"
"2021-11-07 18:00:00","W","0.051","0.067","0.044","24.000","2023-05-29 17:12:23"
"2021-11-07 18:00:00","D","3.154","3.640","2.730","24.000","2023-05-29 17:12:20"
"2021-11-08 00:00:00","W","0.047","0.049","0.044","24.000","2023-05-29 17:12:23"
"2021-11-08 00:00:00","D","3.072","3.290","2.720","24.000","2023-05-29 17:12:20"
"2021-11-08 06:00:00","W","0.044","0.045","0.043","24.000","2023-05-29 17:12:23"
"2021-11-08 06:00:00","D","3.045","3.160","2.910","24.000","2023-05-29 17:12:20"
"2021-11-08 12:00:00","W","0.042","0.045","0.040","24.000","2023-05-29 17:12:23"
"2021-11-08 12:00:00","D","2.963","3.180","2.470","24.000","2023-05-29 17:12:20"
"2021-11-08 18:00:00","W","0.052","0.057","0.041","24.000","2023-05-29 17:12:23"
"2021-11-08 18:00:00","D","2.860","3.080","2.570","24.000","2023-05-29 17:12:20"
"2021-11-09 00:00:00","W","0.059","0.060","0.057","24.000","2023-05-29 17:12:23"
"2021-11-09 00:00:00","D","2.843","3.040","2.580","24.000","2023-05-29 17:12:20"
"2021-11-09 06:00:00","W","0.060","0.061","0.060","24.000","2023-05-29 17:12:23"
"2021-11-09 06:00:00","D","2.998","3.130","2.640","24.000","2023-05-29 17:12:20"
"2021-11-09 12:00:00","W","0.061","0.066","0.058","24.000","2023-05-29 17:12:23"
"2021-11-09 12:00:00","D","3.060","3.200","2.910","24.000","2023-05-29 17:12:20"
"2021-11-09 18:00:00","W","0.066","0.069","0.060","24.000","2023-05-29 17:12:23"
"2021-11-09 18:00:00","D","3.220","3.390","2.880","24.000","2023-05-29 17:12:20"
"2021-11-10 00:00:00","W","0.058","0.060","0.057","24.000","2023-05-29 17:12:23"
"2021-11-10 00:00:00","D","2.970","3.090","2.840","24.000","2023-05-29 17:12:20"
"2021-11-10 06:00:00","W","0.059","0.060","0.058","24.000","2023-05-29 17:12:23"
"2021-11-10 06:00:00","D","2.908","3.120","2.610","24.000","2023-05-29 17:12:20"
"2021-11-10 12:00:00","W","0.060","0.066","0.059","24.000","2023-05-29 17:12:23"
"2021-11-10 12:00:00","D","3.018","3.230","2.600","24.000","2023-05-29 17:12:20"
"2021-11-10 18:00:00","W","0.062","0.068","0.056","24.000","2023-05-29 17:12:23"
"2021-11-10 18:00:00","D","3.069","3.370","2.680","24.000","2023-05-29 17:12:20"
"2021-11-11 00:00:00","W","0.063","0.064","0.062","24.000","2023-05-29 17:12:23"
"2021-11-11 00:00:00","D","3.139","3.210","3.070","24.000","2023-05-29 17:12:20"
"2021-11-11 06:00:00","W","0.065","0.065","0.064","24.000","2023-05-29 17:12:23"
"2021-11-11 06:00:00","D","3.176","3.250","3.030","24.000","2023-05-29 17:12:20"
"2021-11-11 12:00:00","W","0.064","0.065","0.061","24.000","2023-05-29 17:12:23"
"2021-11-11 12:00:00","D","3.165","3.260","2.840","24.000","2023-05-29 17:12:20"
"2021-11-11 18:00:00","W","0.061","0.064","0.057","24.000","2023-05-29 17:12:23"
"2021-11-11 18:00:00","D","3.091","3.330","2.790","24.000","2023-05-29 17:12:20"
"2021-11-12 00:00:00","W","0.061","0.062","0.060","24.000","2023-05-29 17:12:23"
"2021-11-12 00:00:00","D","3.082","3.190","2.940","24.000","2023-05-29 17:12:20"
"2021-11-12 06:00:00","W","0.060","0.062","0.059","24.000","2023-05-29 17:12:23"
"2021-11-12 06:00:00","D","3.091","3.220","2.920","24.000","2023-05-29 17:12:20"
"2021-11-12 12:00:00","W","0.059","0.062","0.055","24.000","2023-05-29 17:12:23"
"2021-11-12 12:00:00","D","3.000","3.270","2.850","24.000","2023-05-29 17:12:20"
"2021-11-12 18:00:00","W","0.060","0.067","0.055","24.000","2023-05-29 17:12:23"
"2021-11-12 18:00:00","D","3.039","3.330","2.830","24.000","2023-05-29 17:12:20"
"2021-11-13 00:00:00","W","0.058","0.061","0.053","24.000","2023-05-29 17:12:23"
"2021-11-13 00:00:00","D","2.937","3.150","2.680","24.000","2023-05-29 17:12:20"
"2021-11-13 06:00:00","W","0.060","0.061","0.058","24.000","2023-05-29 17:12:23"
"2021-11-13 06:00:00","D","2.988","3.220","2.790","24.000","2023-05-29 17:12:20"
"2021-11-13 12:00:00","W","0.059","0.065","0.056","24.000","2023-05-29 17:12:23"
"2021-11-13 12:00:00","D","2.962","3.270","2.650","24.000","2023-05-29 17:12:20"
"2021-11-13 18:00:00","W","0.059","0.066","0.054","24.000","2023-05-29 17:12:23"
"2021-11-13 18:00:00","D","2.939","3.300","2.720","24.000","2023-05-29 17:12:20"
"2021-11-14 00:00:00","W","0.058","0.060","0.053","24.000","2023-05-29 17:12:23"
"2021-11-14 00:00:00","D","2.960","3.150","2.550","24.000","2023-05-29 17:12:20"
"2021-11-14 06:00:00","W","0.058","0.060","0.056","24.000","2023-05-29 17:12:23"
"2021-11-14 06:00:00","D","2.982","3.160","2.610","24.000","2023-05-29 17:12:20"
"2021-11-14 12:00:00","W","0.057","0.063","0.053","24.000","2023-05-29 17:12:23"
"2021-11-14 12:00:00","D","2.968","3.170","2.760","24.000","2023-05-29 17:12:20"
"2021-11-14 18:00:00","W","0.058","0.064","0.055","24.000","2023-05-29 17:12:23"
"2021-11-14 18:00:00","D","2.904","3.170","2.620","24.000","2023-05-29 17:12:20"
"2021-11-15 00:00:00","W","0.058","0.059","0.057","24.000","2023-05-29 17:12:23"
"2021-11-15 00:00:00","D","2.957","3.100","2.790","24.000","2023-05-29 17:12:20"
"2021-11-15 06:00:00","W","0.056","0.057","0.055","24.000","2023-05-29 17:12:23"
"2021-11-15 06:00:00","D","2.892","3.080","2.670","24.000","2023-05-29 17:12:20"
"2021-11-15 12:00:00","W","0.054","0.057","0.051","24.000","2023-05-29 17:12:23"
"2021-11-15 12:00:00","D","2.756","3.120","2.360","24.000","2023-05-29 17:12:20"
"2021-11-15 18:00:00","W","0.053","0.058","0.051","24.000","2023-05-29 17:12:23"
"2021-11-15 18:00:00","D","2.805","3.080","2.590","24.000","2023-05-29 17:12:20"
"2021-11-16 00:00:00","W","0.054","0.054","0.053","24.000","2023-05-29 17:12:23"
"2021-11-16 00:00:00","D","2.808","3.000","2.560","24.000","2023-05-29 17:12:20"
"2021-11-16 06:00:00","W","0.052","0.054","0.051","24.000","2023-05-29 17:12:23"
"2021-11-16 06:00:00","D","2.859","2.980","2.690","24.000","2023-05-29 17:12:20"
"2021-11-16 12:00:00","W","0.050","0.052","0.045","24.000","2023-05-29 17:12:23"
"2021-11-16 12:00:00","D","2.818","2.950","2.460","24.000","2023-05-29 17:12:20"
"2021-11-16 18:00:00","W","0.050","0.056","0.046","24.000","2023-05-29 17:12:23"
"2021-11-16 18:00:00","D","2.719","2.930","2.480","24.000","2023-05-29 17:12:20"
"2021-11-17 00:00:00","W","0.051","0.052","0.050","24.000","2023-05-29 17:12:23"
"2021-11-17 00:00:00","D","2.809","2.930","2.660","24.000","2023-05-29 17:12:20"
"2021-11-17 06:00:00","W","0.052","0.053","0.052","24.000","2023-05-29 17:12:23"
"2021-11-17 06:00:00","D","2.813","2.900","2.710","24.000","2023-05-29 17:12:20"
"2021-11-17 12:00:00","W","0.051","0.052","0.048","24.000","2023-05-29 17:12:23"
"2021-11-17 12:00:00","D","2.700","2.980","2.380","24.000","2023-05-29 17:12:20"
"2021-11-17 18:00:00","W","0.053","0.060","0.048","24.000","2023-05-29 17:12:23"
"2021-11-17 18:00:00","D","2.760","3.220","2.300","24.000","2023-05-29 17:12:20"
"2021-11-18 00:00:00","W","0.054","0.055","0.052","24.000","2023-05-29 17:12:23"
"2021-11-18 00:00:00","D","2.838","3.030","2.580","24.000","2023-05-29 17:12:20"
"2021-11-18 06:00:00","W","0.053","0.056","0.052","24.000","2023-05-29 17:12:23"
"2021-11-18 06:00:00","D","2.877","3.000","2.700","24.000","2023-05-29 17:12:20"
"2021-11-18 12:00:00","W","0.050","0.053","0.047","24.000","2023-05-29 17:12:23"
"2021-11-18 12:00:00","D","2.689","2.920","2.270","24.000","2023-05-29 17:12:20"
"2021-11-18 18:00:00","W","0.049","0.055","0.045","24.000","2023-05-29 17:12:23"
"2021-11-18 18:00:00","D","2.694","2.980","2.250","24.000","2023-05-29 17:12:20"
"2021-11-19 00:00:00","W","0.045","0.047","0.044","24.000","2023-05-29 17:12:23"
"2021-11-19 00:00:00","D","2.623","2.780","2.250","24.000","2023-05-29 17:12:20"
"2021-11-19 06:00:00","W","0.046","0.047","0.045","24.000","2023-05-29 17:12:23"
"2021-11-19 06:00:00","D","2.595","2.860","2.380","24.000","2023-05-29 17:12:20"
"2021-11-19 12:00:00","W","0.046","0.051","0.044","24.000","2023-05-29 17:12:23"
"2021-11-19 12:00:00","D","2.614","2.870","2.370","24.000","2023-05-29 17:12:20"
"2021-11-19 18:00:00","W","0.044","0.046","0.044","24.000","2023-05-29 17:12:23"
"2021-11-19 18:00:00","D","2.531","2.770","2.220","24.000","2023-05-29 17:12:20"
"2021-11-20 00:00:00","W","0.047","0.048","0.045","24.000","2023-05-29 17:12:23"
"2021-11-20 00:00:00","D","2.603","2.840","2.420","24.000","2023-05-29 17:12:20"
"2021-11-20 06:00:00","W","0.046","0.048","0.045","24.000","2023-05-29 17:12:23"
"2021-11-20 06:00:00","D","2.514","2.760","2.300","24.000","2023-05-29 17:12:20"
"2021-11-20 12:00:00","W","0.044","0.047","0.040","24.000","2023-05-29 17:12:23"
"2021-11-20 12:00:00","D","2.563","2.820","2.250","24.000","2023-05-29 17:12:20"
"2021-11-20 18:00:00","W","0.047","0.065","0.041","24.000","2023-05-29 17:12:23"
"2021-11-20 18:00:00","D","2.568","2.850","2.120","24.000","2023-05-29 17:12:20"
"2021-11-21 00:00:00","W","0.061","0.064","0.057","24.000","2023-05-29 17:12:23"
"2021-11-21 00:00:00","D","2.435","2.650","2.230","24.000","2023-05-29 17:12:20"
"2021-11-21 06:00:00","W","0.062","0.064","0.061","24.000","2023-05-29 17:12:23"
"2021-11-21 06:00:00","D","2.381","2.690","1.880","24.000","2023-05-29 17:12:20"
"2021-11-21 12:00:00","W","0.061","0.070","0.056","24.000","2023-05-29 17:12:23"
"2021-11-21 12:00:00","D","2.516","2.930","2.270","24.000","2023-05-29 17:12:20"
"2021-11-21 18:00:00","W","0.059","0.067","0.055","24.000","2023-05-29 17:12:23"
"2021-11-21 18:00:00","D","2.480","2.770","2.230","24.000","2023-05-29 17:12:20"
"2021-11-22 00:00:00","W","0.056","0.057","0.054","24.000","2023-05-29 17:12:23"
"2021-11-22 00:00:00","D","2.319","2.510","2.000","24.000","2023-05-29 17:12:20"
"2021-11-22 06:00:00","W","0.056","0.058","0.054","24.000","2023-05-29 17:12:23"
"2021-11-22 06:00:00","D","2.418","2.720","2.090","24.000","2023-05-29 17:12:20"
"2021-11-22 12:00:00","W","0.056","0.059","0.053","24.000","2023-05-29 17:12:23"
"2021-11-22 12:00:00","D","2.386","2.740","2.150","24.000","2023-05-29 17:12:20"
"2021-11-22 18:00:00","W","0.054","0.063","0.048","24.000","2023-05-29 17:12:23"
"2021-11-22 18:00:00","D","2.485","2.860","2.150","24.000","2023-05-29 17:12:20"
"2021-11-23 00:00:00","W","0.052","0.052","0.051","24.000","2023-05-29 17:12:23"
"2021-11-23 00:00:00","D","2.473","2.570","2.050","24.000","2023-05-29 17:12:20"
"2021-11-23 06:00:00","W","0.052","0.053","0.052","24.000","2023-05-29 17:12:23"
"2021-11-23 06:00:00","D","2.483","2.590","2.350","24.000","2023-05-29 17:12:20"
"2021-11-23 12:00:00","W","0.053","0.058","0.051","24.000","2023-05-29 17:12:23"
"2021-11-23 12:00:00","D","2.490","2.890","2.280","24.000","2023-05-29 17:12:20"
"2021-11-23 18:00:00","W","0.055","0.060","0.051","24.000","2023-05-29 17:12:23"
"2021-11-23 18:00:00","D","2.437","2.690","2.190","24.000","2023-05-29 17:12:20"
"2021-11-24 00:00:00","W","0.056","0.057","0.054","24.000","2023-05-29 17:12:23"
"2021-11-24 00:00:00","D","2.489","2.560","2.400","24.000","2023-05-29 17:12:20"
"2021-11-24 06:00:00","W","0.057","0.058","0.056","24.000","2023-05-29 17:12:23"
"2021-11-24 06:00:00","D","2.440","2.570","2.150","24.000","2023-05-29 17:12:20"
"2021-11-24 12:00:00","W","0.056","0.057","0.054","24.000","2023-05-29 17:12:23"
"2021-11-24 12:00:00","D","2.508","2.610","2.310","24.000","2023-05-29 17:12:20"
"2021-11-24 18:00:00","W","0.053","0.055","0.050","24.000","2023-05-29 17:12:23"
"2021-11-24 18:00:00","D","2.455","3.120","2.250","24.000","2023-05-29 17:12:20"
"2021-11-25 00:00:00","W","0.055","0.056","0.054","24.000","2023-05-29 17:12:23"
"2021-11-25 00:00:00","D","2.486","2.570","2.350","24.000","2023-05-29 17:12:20"
"2021-11-25 06:00:00","W","0.056","0.059","0.055","24.000","2023-05-29 17:12:23"
"2021-11-25 06:00:00","D","2.518","2.730","2.150","24.000","2023-05-29 17:12:20"
"2021-11-25 12:00:00","W","0.057","0.062","0.054","24.000","2023-05-29 17:12:23"
"2021-11-25 12:00:00","D","2.380","2.630","2.170","24.000","2023-05-29 17:12:20"
"2021-11-25 18:00:00","W","0.058","0.064","0.056","24.000","2023-05-29 17:12:23"
"2021-11-25 18:00:00","D","2.522","2.790","2.270","24.000","2023-05-29 17:12:20"
"2021-11-26 00:00:00","W","0.057","0.057","0.055","24.000","2023-05-29 17:12:23"
"2021-11-26 00:00:00","D","2.499","2.620","2.240","24.000","2023-05-29 17:12:20"
"2021-11-26 06:00:00","W","0.057","0.057","0.056","24.000","2023-05-29 17:12:23"
"2021-11-26 06:00:00","D","2.383","2.500","2.170","24.000","2023-05-29 17:12:20"
"2021-11-26 12:00:00","W","0.057","0.059","0.054","24.000","2023-05-29 17:12:23"
"2021-11-26 12:00:00","D","2.413","2.690","2.260","24.000","2023-05-29 17:12:20"
"2021-11-26 18:00:00","W","0.060","0.063","0.057","24.000","2023-05-29 17:12:23"
"2021-11-26 18:00:00","D","2.445","2.730","2.270","24.000","2023-05-29 17:12:20"
"2021-11-27 00:00:00","W","0.060","0.063","0.057","24.000","2023-05-29 17:12:23"
"2021-11-27 00:00:00","D","2.396","2.560","2.190","24.000","2023-05-29 17:12:20"
"2021-11-27 06:00:00","W","0.064","0.067","0.059","24.000","2023-05-29 17:12:23"
"2021-11-27 06:00:00","D","2.488","2.740","2.240","24.000","2023-05-29 17:12:20"
"2021-11-27 12:00:00","W","0.069","0.074","0.065","24.000","2023-05-29 17:12:23"
"2021-11-27 12:00:00","D","2.715","2.970","2.550","24.000","2023-05-29 17:12:20"
"2021-11-27 18:00:00","W","0.079","0.086","0.074","24.000","2023-05-29 17:12:23"
"2021-11-27 18:00:00","D","2.855","3.210","2.560","24.000","2023-05-29 17:12:20"
"2021-11-28 00:00:00","W","0.084","0.086","0.081","24.000","2023-05-29 17:12:23"
"2021-11-28 00:00:00","D","2.916","3.130","2.710","24.000","2023-05-29 17:12:20"
"2021-11-28 06:00:00","W","0.083","0.086","0.080","24.000","2023-05-29 17:12:23"
"2021-11-28 06:00:00","D","2.990","3.160","2.800","24.000","2023-05-29 17:12:20"
"2021-11-28 12:00:00","W","0.080","0.083","0.076","24.000","2023-05-29 17:12:23"
"2021-11-28 12:00:00","D","2.903","3.080","2.630","24.000","2023-05-29 17:12:20"
"2021-11-28 18:00:00","W","0.082","0.088","0.077","24.000","2023-05-29 17:12:23"
"2021-11-28 18:00:00","D","3.012","3.360","2.680","24.000","2023-05-29 17:12:20"
"2021-11-29 00:00:00","W","0.076","0.078","0.072","24.000","2023-05-29 17:12:23"
"2021-11-29 00:00:00","D","2.804","3.070","2.480","24.000","2023-05-29 17:12:20"
"2021-11-29 06:00:00","W","0.073","0.076","0.071","24.000","2023-05-29 17:12:23"
"2021-11-29 06:00:00","D","2.700","2.910","2.450","24.000","2023-05-29 17:12:20"
"2021-11-29 12:00:00","W","0.071","0.082","0.067","24.000","2023-05-29 17:12:23"
"2021-11-29 12:00:00","D","2.748","3.180","2.540","24.000","2023-05-29 17:12:20"
"2021-11-29 18:00:00","W","0.065","0.070","0.063","24.000","2023-05-29 17:12:23"
"2021-11-29 18:00:00","D","2.648","2.870","2.460","24.000","2023-05-29 17:12:20"
"2021-11-30 00:00:00","W","0.066","0.067","0.064","24.000","2023-05-29 17:12:23"
"2021-11-30 00:00:00","D","2.698","2.820","2.540","24.000","2023-05-29 17:12:20"
"2021-11-30 06:00:00","W","0.064","0.066","0.061","24.000","2023-05-29 17:12:23"
"2021-11-30 06:00:00","D","2.635","2.780","2.310","24.000","2023-05-29 17:12:20"
"2021-11-30 12:00:00","W","0.061","0.065","0.058","24.000","2023-05-29 17:12:23"
"2021-11-30 12:00:00","D","2.545","2.810","2.420","24.000","2023-05-29 17:12:20"
"2021-11-30 18:00:00","W","0.061","0.066","0.059","24.000","2023-05-29 17:12:23"
"2021-11-30 18:00:00","D","2.553","2.820","2.380","24.000","2023-05-29 17:12:20"
"2021-12-01 00:00:00","W","0.062","0.065","0.059","24.000","2023-05-29 17:12:23"
"2021-12-01 00:00:00","D","2.553","2.680","2.470","24.000","2023-05-29 17:12:20"
"2021-12-01 06:00:00","W","0.064","0.067","0.062","24.000","2023-05-29 17:12:23"
"2021-12-01 06:00:00","D","2.584","2.740","2.380","24.000","2023-05-29 17:12:20"
"2021-12-01 12:00:00","W","0.063","0.067","0.061","24.000","2023-05-29 17:12:23"
"2021-12-01 12:00:00","D","2.513","2.710","2.260","24.000","2023-05-29 17:12:20"
"2021-12-01 18:00:00","W","0.062","0.067","0.059","24.000","2023-05-29 17:12:23"
"2021-12-01 18:00:00","D","2.516","2.710","2.310","24.000","2023-05-29 17:12:20"
"2021-12-02 00:00:00","W","0.062","0.064","0.060","24.000","2023-05-29 17:12:23"
"2021-12-02 00:00:00","D","2.479","2.680","2.270","24.000","2023-05-29 17:12:20"
"2021-12-02 06:00:00","W","0.062","0.064","0.060","24.000","2023-05-29 17:12:23"
"2021-12-02 06:00:00","D","2.463","2.600","2.210","24.000","2023-05-29 17:12:20"
"2021-12-02 12:00:00","W","0.062","0.071","0.058","24.000","2023-05-29 17:12:23"
"2021-12-02 12:00:00","D","2.495","2.870","2.250","24.000","2023-05-29 17:12:20"
"2021-12-02 18:00:00","W","0.058","0.063","0.054","24.000","2023-05-29 17:12:23"
"2021-12-02 18:00:00","D","2.444","2.610","2.120","24.000","2023-05-29 17:12:20"
"2021-12-03 00:00:00","W","0.055","0.056","0.054","24.000","2023-05-29 17:12:23"
"2021-12-03 00:00:00","D","2.422","2.610","2.060","24.000","2023-05-29 17:12:20"
"2021-12-03 06:00:00","W","0.055","0.056","0.053","24.000","2023-05-29 17:12:23"
"2021-12-03 06:00:00","D","2.461","2.680","2.280","24.000","2023-05-29 17:12:20"
"2021-12-03 12:00:00","W","0.055","0.059","0.053","24.000","2023-05-29 17:12:23"
"2021-12-03 12:00:00","D","2.465","2.600","2.250","24.000","2023-05-29 17:12:20"
"2021-12-03 18:00:00","W","0.057","0.060","0.053","24.000","2023-05-29 17:12:23"
"2021-12-03 18:00:00","D","2.443","2.610","2.140","24.000","2023-05-29 17:12:20"
"2021-12-04 00:00:00","W","0.059","0.061","0.056","24.000","2023-05-29 17:12:23"
"2021-12-04 00:00:00","D","2.534","2.600","2.360","24.000","2023-05-29 17:12:20"
"2021-12-04 06:00:00","W","0.060","0.061","0.059","24.000","2023-05-29 17:12:23"
"2021-12-04 06:00:00","D","2.495","2.610","2.340","24.000","2023-05-29 17:12:20"
"2021-12-04 12:00:00","W","0.060","0.064","0.055","24.000","2023-05-29 17:12:23"
"2021-12-04 12:00:00","D","2.539","2.790","2.370","24.000","2023-05-29 17:12:20"
"2021-12-04 18:00:00","W","0.058","0.065","0.044","24.000","2023-05-29 17:12:23"
"2021-12-04 18:00:00","D","2.375","2.790","2.070","24.000","2023-05-29 17:12:20"
"2021-12-05 00:00:00","W","0.053","0.060","0.045","24.000","2023-05-29 17:12:23"
"2021-12-05 00:00:00","D","2.334","2.630","1.930","24.000","2023-05-29 17:12:20"
"2021-12-05 06:00:00","W","0.061","0.064","0.057","24.000","2023-05-29 17:12:23"
"2021-12-05 06:00:00","D","2.443","2.650","2.020","24.000","2023-05-29 17:12:20"
"2021-12-05 12:00:00","W","0.067","0.087","0.061","24.000","2023-05-29 17:12:23"
"2021-12-05 12:00:00","D","2.620","2.940","2.310","24.000","2023-05-29 17:12:20"
"2021-12-05 18:00:00","W","0.083","0.092","0.072","24.000","2023-05-29 17:12:23"
"2021-12-05 18:00:00","D","3.010","3.540","2.630","24.000","2023-05-29 17:12:20"
"2021-12-06 00:00:00","W","0.088","0.094","0.084","24.000","2023-05-29 17:12:23"
"2021-12-06 00:00:00","D","3.088","3.460","2.580","24.000","2023-05-29 17:12:20"
"2021-12-06 06:00:00","W","0.091","0.092","0.088","24.000","2023-05-29 17:12:23"
"2021-12-06 06:00:00","D","3.291","3.430","3.000","24.000","2023-05-29 17:12:20"
"2021-12-06 12:00:00","W","0.086","0.090","0.082","24.000","2023-05-29 17:12:23"
"2021-12-06 12:00:00","D","3.229","3.480","2.970","24.000","2023-05-29 17:12:20"
"2021-12-06 18:00:00","W","0.083","0.088","0.080","24.000","2023-05-29 17:12:23"
"2021-12-06 18:00:00","D","3.170","3.410","2.940","24.000","2023-05-29 17:12:20"
"2021-12-07 00:00:00","W","0.085","0.087","0.081","24.000","2023-05-29 17:12:23"
"2021-12-07 00:00:00","D","3.215","3.430","2.990","24.000","2023-05-29 17:12:20"
"2021-12-07 06:00:00","W","0.087","0.089","0.086","24.000","2023-05-29 17:12:23"
"2021-12-07 06:00:00","D","3.327","3.480","3.190","24.000","2023-05-29 17:12:20"
"2021-12-07 12:00:00","W","0.088","0.089","0.086","24.000","2023-05-29 17:12:23"
"2021-12-07 12:00:00","D","3.359","3.480","3.040","24.000","2023-05-29 17:12:20"
"2021-12-07 18:00:00","W","0.092","0.104","0.085","24.000","2023-05-29 17:12:23"
"2021-12-07 18:00:00","D","3.463","3.790","3.230","24.000","2023-05-29 17:12:20"
"2021-12-08 00:00:00","W","0.118","0.135","0.103","24.000","2023-05-29 17:12:23"
"2021-12-08 00:00:00","D","4.460","6.020","3.550","24.000","2023-05-29 17:12:20"
"2021-12-08 06:00:00","W","0.126","0.133","0.121","24.000","2023-05-29 17:12:23"
"2021-12-08 06:00:00","D","7.151","8.030","5.850","24.000","2023-05-29 17:12:20"
"2021-12-08 12:00:00","W","0.119","0.129","0.103","24.000","2023-05-29 17:12:23"
"2021-12-08 12:00:00","D","7.427","8.080","6.730","24.000","2023-05-29 17:12:20"
"2021-12-08 18:00:00","W","0.080","0.149","0.029","24.000","2023-05-29 17:12:23"
"2021-12-08 18:00:00","D","7.753","9.740","4.830","24.000","2023-05-29 17:12:20"
"2021-12-09 00:00:00","W","0.080","0.092","0.065","24.000","2023-05-29 17:12:23"
"2021-12-09 00:00:00","D","6.050","6.730","5.260","24.000","2023-05-29 17:12:20"
"2021-12-09 06:00:00","W","0.073","0.087","0.056","24.000","2023-05-29 17:12:23"
"2021-12-09 06:00:00","D","5.847","6.490","5.260","24.000","2023-05-29 17:12:20"
"2021-12-09 12:00:00","W","0.054","0.067","0.039","24.000","2023-05-29 17:12:23"
"2021-12-09 12:00:00","D","5.495","6.050","4.980","24.000","2023-05-29 17:12:20"
"2021-12-09 18:00:00","W","0.053","0.074","0.039","24.000","2023-05-29 17:12:23"
"2021-12-09 18:00:00","D","5.100","5.980","4.630","24.000","2023-05-29 17:12:20"
"2021-12-10 00:00:00","W","0.064","0.076","0.052","24.000","2023-05-29 17:12:23"
"2021-12-10 00:00:00","D","5.263","5.790","4.830","24.000","2023-05-29 17:12:20"
"2021-12-10 06:00:00","W","0.053","0.064","0.048","24.000","2023-05-29 17:12:23"
"2021-12-10 06:00:00","D","4.903","5.510","4.100","24.000","2023-05-29 17:12:20"
"2021-12-10 12:00:00","W","0.079","0.119","0.047","24.000","2023-05-29 17:12:23"
"2021-12-10 12:00:00","D","5.690","7.210","4.700","24.000","2023-05-29 17:12:20"
"2021-12-10 18:00:00","W","0.116","0.131","0.105","24.000","2023-05-29 17:12:23"
"2021-12-10 18:00:00","D","7.000","7.850","6.060","24.000","2023-05-29 17:12:20"
"2021-12-11 00:00:00","W","0.122","0.133","0.112","24.000","2023-05-29 17:12:23"
"2021-12-11 00:00:00","D","7.903","8.530","7.270","24.000","2023-05-29 17:12:20"
"2021-12-11 06:00:00","W","0.112","0.123","0.105","24.000","2023-05-29 17:12:23"
"2021-12-11 06:00:00","D","8.262","8.670","8.000","24.000","2023-05-29 17:12:20"
"2021-12-11 12:00:00","W","0.101","0.111","0.090","24.000","2023-05-29 17:12:23"
"2021-12-11 12:00:00","D","8.028","8.400","7.700","24.000","2023-05-29 17:12:20"
"2021-12-11 18:00:00","W","0.084","0.099","0.067","24.000","2023-05-29 17:12:23"
"2021-12-11 18:00:00","D","7.520","8.690","6.580","24.000","2023-05-29 17:12:20"
"2021-12-12 00:00:00","W","0.073","0.084","0.062","24.000","2023-05-29 17:12:23"
"2021-12-12 00:00:00","D","7.175","7.630","6.710","24.000","2023-05-29 17:12:20"
"2021-12-12 06:00:00","W","0.056","0.068","0.043","24.000","2023-05-29 17:12:23"
"2021-12-12 06:00:00","D","6.804","7.420","6.290","24.000","2023-05-29 17:12:20"
"2021-12-12 12:00:00","W","0.047","0.064","0.031","24.000","2023-05-29 17:12:23"
"2021-12-12 12:00:00","D","6.109","7.030","4.620","24.000","2023-05-29 17:12:20"
"2021-12-12 18:00:00","W","0.085","0.108","0.057","24.000","2023-05-29 17:12:23"
"2021-12-12 18:00:00","D","5.652","6.380","4.690","24.000","2023-05-29 17:12:20"
"2021-12-13 00:00:00","W","0.102","0.119","0.096","24.000","2023-05-29 17:12:23"
"2021-12-13 00:00:00","D","6.037","6.680","5.450","24.000","2023-05-29 17:12:20"
"2021-12-13 06:00:00","W","0.098","0.105","0.091","24.000","2023-05-29 17:12:23"
"2021-12-13 06:00:00","D","5.835","6.180","5.450","24.000","2023-05-29 17:12:20"
"2021-12-13 12:00:00","W","0.092","0.103","0.084","24.000","2023-05-29 17:12:23"
"2021-12-13 12:00:00","D","5.796","6.500","5.340","24.000","2023-05-29 17:12:20"
"2021-12-13 18:00:00","W","0.086","0.102","0.076","24.000","2023-05-29 17:12:23"
"2021-12-13 18:00:00","D","5.560","6.220","4.980","24.000","2023-05-29 17:12:20"
"2021-12-14 00:00:00","W","0.082","0.094","0.075","24.000","2023-05-29 17:12:23"
"2021-12-14 00:00:00","D","5.415","6.040","4.950","24.000","2023-05-29 17:12:20"
"2021-12-14 06:00:00","W","0.072","0.085","0.064","24.000","2023-05-29 17:12:23"
"2021-12-14 06:00:00","D","5.104","5.900","4.650","24.000","2023-05-29 17:12:20"
"2021-12-14 12:00:00","W","0.060","0.067","0.051","24.000","2023-05-29 17:12:23"
"2021-12-14 12:00:00","D","4.895","5.280","4.640","24.000","2023-05-29 17:12:20"
"2021-12-14 18:00:00","W","0.043","0.049","0.040","24.000","2023-05-29 17:12:23"
"2021-12-14 18:00:00","D","4.493","4.940","4.180","24.000","2023-05-29 17:12:20"
"2021-12-15 00:00:00","W","0.044","0.047","0.041","24.000","2023-05-29 17:12:23"
"2021-12-15 00:00:00","D","4.285","4.510","4.050","24.000","2023-05-29 17:12:20"
"2021-12-15 06:00:00","W","0.042","0.045","0.040","24.000","2023-05-29 17:12:23"
"2021-12-15 06:00:00","D","4.168","4.350","3.920","24.000","2023-05-29 17:12:20"
"2021-12-15 12:00:00","W","0.044","0.062","0.039","24.000","2023-05-29 17:12:23"
"2021-12-15 12:00:00","D","4.035","4.590","3.750","24.000","2023-05-29 17:12:20"
"2021-12-15 18:00:00","W","0.103","0.138","0.045","24.000","2023-05-29 17:12:23"
"2021-12-15 18:00:00","D","3.645","5.140","1.370","24.000","2023-05-29 17:12:20"
"2021-12-16 00:00:00","W","0.098","0.103","0.093","24.000","2023-05-29 17:12:23"
"2021-12-16 00:00:00","D","3.948","4.300","3.530","24.000","2023-05-29 17:12:20"
"2021-12-16 06:00:00","W","0.092","0.096","0.090","24.000","2023-05-29 17:12:23"
"2021-12-16 06:00:00","D","3.727","4.010","3.290","24.000","2023-05-29 17:12:20"
"2021-12-16 12:00:00","W","0.087","0.093","0.084","24.000","2023-05-29 17:12:23"
"2021-12-16 12:00:00","D","3.704","4.020","3.470","24.000","2023-05-29 17:12:20"
"2021-12-16 18:00:00","W","0.085","0.094","0.078","24.000","2023-05-29 17:12:23"
"2021-12-16 18:00:00","D","3.648","3.980","3.260","24.000","2023-05-29 17:12:20"
"2021-12-17 00:00:00","W","0.081","0.082","0.080","24.000","2023-05-29 17:12:23"
"2021-12-17 00:00:00","D","3.561","3.740","3.280","24.000","2023-05-29 17:12:21"
"2021-12-17 06:00:00","W","0.078","0.080","0.076","24.000","2023-05-29 17:12:23"
"2021-12-17 06:00:00","D","3.493","3.660","3.340","24.000","2023-05-29 17:12:21"
"2021-12-17 12:00:00","W","0.075","0.082","0.073","24.000","2023-05-29 17:12:23"
"2021-12-17 12:00:00","D","3.308","3.750","2.840","24.000","2023-05-29 17:12:21"
"2021-12-17 18:00:00","W","0.073","0.077","0.069","24.000","2023-05-29 17:12:23"
"2021-12-17 18:00:00","D","3.125","3.460","2.830","24.000","2023-05-29 17:12:21"
"2021-12-18 00:00:00","W","0.070","0.072","0.067","24.000","2023-05-29 17:12:23"
"2021-12-18 00:00:00","D","3.112","3.460","2.750","24.000","2023-05-29 17:12:21"
"2021-12-18 06:00:00","W","0.066","0.068","0.065","24.000","2023-05-29 17:12:23"
"2021-12-18 06:00:00","D","3.213","3.340","3.000","24.000","2023-05-29 17:12:21"
"2021-12-18 12:00:00","W","0.067","0.079","0.065","24.000","2023-05-29 17:12:23"
"2021-12-18 12:00:00","D","3.209","3.450","2.880","24.000","2023-05-29 17:12:21"
"2021-12-18 18:00:00","W","0.071","0.076","0.063","24.000","2023-05-29 17:12:23"
"2021-12-18 18:00:00","D","3.256","3.490","2.950","24.000","2023-05-29 17:12:21"
"2021-12-19 00:00:00","W","0.067","0.076","0.063","24.000","2023-05-29 17:12:23"
"2021-12-19 00:00:00","D","3.079","3.400","2.550","24.000","2023-05-29 17:12:21"
"2021-12-19 06:00:00","W","0.066","0.069","0.064","24.000","2023-05-29 17:12:23"
"2021-12-19 06:00:00","D","3.067","3.240","2.750","24.000","2023-05-29 17:12:21"
"2021-12-19 12:00:00","W","0.065","0.071","0.063","24.000","2023-05-29 17:12:23"
"2021-12-19 12:00:00","D","2.878","3.200","2.410","24.000","2023-05-29 17:12:21"
"2021-12-19 18:00:00","W","0.066","0.071","0.063","24.000","2023-05-29 17:12:23"
"2021-12-19 18:00:00","D","2.999","3.340","2.650","24.000","2023-05-29 17:12:21"
"2021-12-20 00:00:00","W","0.068","0.069","0.067","24.000","2023-05-29 17:12:23"
"2021-12-20 00:00:00","D","3.026","3.300","2.550","24.000","2023-05-29 17:12:21"
"2021-12-20 06:00:00","W","0.067","0.068","0.066","24.000","2023-05-29 17:12:23"
"2021-12-20 06:00:00","D","3.079","3.200","2.970","24.000","2023-05-29 17:12:21"
"2021-12-20 12:00:00","W","0.066","0.070","0.061","24.000","2023-05-29 17:12:23"
"2021-12-20 12:00:00","D","2.967","3.350","2.630","24.000","2023-05-29 17:12:21"
"2021-12-20 18:00:00","W","0.064","0.071","0.060","24.000","2023-05-29 17:12:23"
"2021-12-20 18:00:00","D","2.959","3.290","2.610","24.000","2023-05-29 17:12:21"
"2021-12-21 00:00:00","W","0.064","0.067","0.062","24.000","2023-05-29 17:12:23"
"2021-12-21 00:00:00","D","2.945","3.160","2.840","24.000","2023-05-29 17:12:21"
"2021-12-21 06:00:00","W","0.061","0.063","0.059","24.000","2023-05-29 17:12:23"
"2021-12-21 06:00:00","D","2.783","3.020","2.480","24.000","2023-05-29 17:12:21"
"2021-12-21 12:00:00","W","0.058","0.060","0.057","24.000","2023-05-29 17:12:23"
"2021-12-21 12:00:00","D","2.737","2.960","2.540","24.000","2023-05-29 17:12:21"
"2021-12-21 18:00:00","W","0.056","0.062","0.048","24.000","2023-05-29 17:12:23"
"2021-12-21 18:00:00","D","2.910","3.400","2.570","24.000","2023-05-29 17:12:21"
"2021-12-22 00:00:00","W","0.058","0.058","0.056","24.000","2023-05-29 17:12:23"
"2021-12-22 00:00:00","D","2.935","3.120","2.600","24.000","2023-05-29 17:12:21"
"2021-12-22 06:00:00","W","0.057","0.058","0.056","24.000","2023-05-29 17:12:23"
"2021-12-22 06:00:00","D","2.948","3.090","2.650","24.000","2023-05-29 17:12:21"
"2021-12-22 12:00:00","W","0.054","0.056","0.052","24.000","2023-05-29 17:12:23"
"2021-12-22 12:00:00","D","2.759","3.010","2.530","24.000","2023-05-29 17:12:21"
"2021-12-22 18:00:00","W","0.054","0.057","0.051","24.000","2023-05-29 17:12:23"
"2021-12-22 18:00:00","D","2.928","3.190","2.650","24.000","2023-05-29 17:12:21"
"2021-12-23 00:00:00","W","0.057","0.058","0.055","24.000","2023-05-29 17:12:23"
"2021-12-23 00:00:00","D","2.952","3.140","2.800","24.000","2023-05-29 17:12:21"
"2021-12-23 06:00:00","W","0.056","0.057","0.055","24.000","2023-05-29 17:12:23"
"2021-12-23 06:00:00","D","2.923","3.080","2.610","24.000","2023-05-29 17:12:21"
"2021-12-23 12:00:00","W","0.055","0.060","0.053","24.000","2023-05-29 17:12:23"
"2021-12-23 12:00:00","D","2.879","3.090","2.580","24.000","2023-05-29 17:12:21"
"2021-12-23 18:00:00","W","0.056","0.060","0.053","24.000","2023-05-29 17:12:23"
"2021-12-23 18:00:00","D","3.024","3.620","2.680","24.000","2023-05-29 17:12:21"
"2021-12-24 00:00:00","W","0.057","0.059","0.054","24.000","2023-05-29 17:12:23"
"2021-12-24 00:00:00","D","2.938","3.090","2.720","24.000","2023-05-29 17:12:21"
"2021-12-24 06:00:00","W","0.058","0.059","0.056","24.000","2023-05-29 17:12:23"
"2021-12-24 06:00:00","D","2.893","3.100","2.720","24.000","2023-05-29 17:12:21"
"2021-12-24 12:00:00","W","0.056","0.057","0.054","24.000","2023-05-29 17:12:23"
"2021-12-24 12:00:00","D","2.898","3.120","2.620","24.000","2023-05-29 17:12:21"
"2021-12-24 18:00:00","W","0.058","0.060","0.056","24.000","2023-05-29 17:12:23"
"2021-12-24 18:00:00","D","3.000","3.160","2.780","24.000","2023-05-29 17:12:21"
"2021-12-25 00:00:00","W","0.073","0.091","0.061","24.000","2023-05-29 17:12:23"
"2021-12-25 00:00:00","D","3.323","3.830","2.850","24.000","2023-05-29 17:12:21"
"2021-12-25 06:00:00","W","0.131","0.171","0.092","24.000","2023-05-29 17:12:23"
"2021-12-25 06:00:00","D","8.333","13.610","3.980","24.000","2023-05-29 17:12:21"
"2021-12-25 12:00:00","W","0.116","0.137","0.094","24.000","2023-05-29 17:12:23"
"2021-12-25 12:00:00","D","13.268","14.700","11.870","24.000","2023-05-29 17:12:21"
"2021-12-25 18:00:00","W","0.085","0.151","0.034","24.000","2023-05-29 17:12:23"
"2021-12-25 18:00:00","D","14.219","16.940","12.000","24.000","2023-05-29 17:12:21"
"2021-12-26 00:00:00","W","0.097","0.111","0.072","24.000","2023-05-29 17:12:23"
"2021-12-26 00:00:00","D","12.681","13.290","12.020","24.000","2023-05-29 17:12:21"
"2021-12-26 06:00:00","W","0.102","0.111","0.094","24.000","2023-05-29 17:12:23"
"2021-12-26 06:00:00","D","12.831","13.340","12.430","24.000","2023-05-29 17:12:21"
"2021-12-26 12:00:00","W","0.142","0.174","0.101","24.000","2023-05-29 17:12:23"
"2021-12-26 12:00:00","D","18.384","27.180","12.720","24.000","2023-05-29 17:12:21"
"2021-12-26 18:00:00","W","0.165","0.187","0.136","24.000","2023-05-29 17:12:23"
"2021-12-26 18:00:00","D","33.526","38.440","26.790","24.000","2023-05-29 17:12:21"
"2021-12-27 00:00:00","W","0.143","0.196","0.096","24.000","2023-05-29 17:12:23"
"2021-12-27 00:00:00","D","38.795","41.280","36.660","24.000","2023-05-29 17:12:21"
"2021-12-27 06:00:00","W","0.103","0.129","0.067","24.000","2023-05-29 17:12:23"
"2021-12-27 06:00:00","D","34.960","37.160","33.150","24.000","2023-05-29 17:12:21"
"2021-12-27 12:00:00","W","0.094","0.121","0.069","24.000","2023-05-29 17:12:23"
"2021-12-27 12:00:00","D","31.097","34.230","28.220","24.000","2023-05-29 17:12:21"
"2021-12-27 18:00:00","W","0.093","0.118","0.066","24.000","2023-05-29 17:12:23"
"2021-12-27 18:00:00","D","25.913","29.360","22.310","24.000","2023-05-29 17:12:21"
"2021-12-28 00:00:00","W","0.099","0.124","0.081","24.000","2023-05-29 17:12:23"
"2021-12-28 00:00:00","D","22.725","24.120","21.590","24.000","2023-05-29 17:12:21"
"2021-12-28 06:00:00","W","0.090","0.114","0.058","24.000","2023-05-29 17:12:23"
"2021-12-28 06:00:00","D","20.678","22.700","19.720","24.000","2023-05-29 17:12:21"
"2021-12-28 12:00:00","W","0.086","0.110","0.046","24.000","2023-05-29 17:12:23"
"2021-12-28 12:00:00","D","18.820","20.600","15.900","24.000","2023-05-29 17:12:21"
"2021-12-28 18:00:00","W","0.090","0.104","0.078","24.000","2023-05-29 17:12:23"
"2021-12-28 18:00:00","D","16.722","17.660","15.800","24.000","2023-05-29 17:12:21"
"2021-12-29 00:00:00","W","0.096","0.137","0.047","24.000","2023-05-29 17:12:23"
"2021-12-29 00:00:00","D","14.901","16.770","13.080","24.000","2023-05-29 17:12:21"
"2021-12-29 06:00:00","W","0.081","0.105","0.058","24.000","2023-05-29 17:12:23"
"2021-12-29 06:00:00","D","13.567","14.650","12.450","24.000","2023-05-29 17:12:21"
"2021-12-29 12:00:00","W","0.055","0.075","0.036","24.000","2023-05-29 17:12:23"
"2021-12-29 12:00:00","D","11.672","13.990","8.820","24.000","2023-05-29 17:12:21"
"2021-12-29 18:00:00","W","0.086","0.114","0.042","24.000","2023-05-29 17:12:23"
"2021-12-29 18:00:00","D","9.722","10.990","8.700","24.000","2023-05-29 17:12:21"
"2021-12-30 00:00:00","W","0.103","0.118","0.089","24.000","2023-05-29 17:12:23"
"2021-12-30 00:00:00","D","9.983","10.820","9.260","24.000","2023-05-29 17:12:21"
"2021-12-30 06:00:00","W","0.095","0.112","0.076","24.000","2023-05-29 17:12:23"
"2021-12-30 06:00:00","D","9.884","10.780","8.860","24.000","2023-05-29 17:12:21"
"2021-12-30 12:00:00","W","0.074","0.098","0.047","24.000","2023-05-29 17:12:23"
"2021-12-30 12:00:00","D","9.207","10.530","8.120","24.000","2023-05-29 17:12:21"
"2021-12-30 18:00:00","W","0.079","0.125","0.029","24.000","2023-05-29 17:12:23"
"2021-12-30 18:00:00","D","7.419","8.670","6.190","24.000","2023-05-29 17:12:21"
"2021-12-31 00:00:00","W","0.110","0.128","0.096","24.000","2023-05-29 17:12:23"
"2021-12-31 00:00:00","D","7.495","8.580","6.640","24.000","2023-05-29 17:12:21"
"2021-12-31 06:00:00","W","0.105","0.125","0.092","24.000","2023-05-29 17:12:23"
"2021-12-31 06:00:00","D","7.409","8.350","6.770","24.000","2023-05-29 17:12:21"
"2021-12-31 12:00:00","W","0.099","0.115","0.082","24.000","2023-05-29 17:12:23"
"2021-12-31 12:00:00","D","7.316","8.120","6.420","24.000","2023-05-29 17:12:21"
"2021-12-31 18:00:00","W","0.085","0.126","0.066","24.000","2023-05-29 17:12:23"
"2021-12-31 18:00:00","D","6.945","8.460","6.260","24.000","2023-05-29 17:12:21"
"2022-01-01 00:00:00","W","0.100","0.117","0.084","23.000","2023-05-29 17:12:23"
"2022-01-01 00:00:00","D","7.254","8.180","6.510","23.000","2023-05-29 17:12:21"