"UTC0 datetime","Variable","Value","Max Value","Min Value","%Coverage","Updated at"
"2020-01-01 00:00:00","D","6.851","6.963","6.748","6.000","2021-06-19 02:35:40"
"2020-01-01 06:00:00","D","6.544","6.925","6.298","6.000","2021-06-19 02:35:40"
"2020-01-01 12:00:00","D","6.109","6.228","5.998","6.000","2021-06-19 02:35:40"
"2020-01-01 18:00:00","D","6.123","6.360","5.953","6.000","2021-06-19 02:35:40"
"2020-01-02 00:00:00","D","6.406","6.518","6.338","6.000","2021-06-19 02:35:40"
"2020-01-02 06:00:00","D","6.215","6.488","6.040","6.000","2021-06-19 02:35:40"
"2020-01-02 12:00:00","D","5.933","6.008","5.860","6.000","2021-06-19 02:35:40"
"2020-01-02 18:00:00","D","5.996","6.173","5.908","6.000","2021-06-19 02:35:40"
"2020-01-03 00:00:00","D","6.117","6.173","6.008","6.000","2021-06-19 02:35:40"
"2020-01-03 06:00:00","D","6.222","6.268","6.130","6.000","2021-06-19 02:35:40"
"2020-01-03 12:00:00","D","6.118","6.168","5.995","6.000","2021-06-19 02:35:40"
"2020-01-03 18:00:00","D","6.908","7.633","6.238","6.000","2021-06-19 02:35:40"
"2020-01-04 00:00:00","D","7.590","7.660","7.538","6.000","2021-06-19 02:35:40"
"2020-01-04 06:00:00","D","7.283","7.458","7.163","6.000","2021-06-19 02:35:40"
"2020-01-04 12:00:00","D","6.926","7.068","6.733","6.000","2021-06-19 02:35:40"
"2020-01-04 18:00:00","D","7.054","7.265","6.815","6.000","2021-06-19 02:35:40"
"2020-01-05 00:00:00","D","7.193","7.258","7.108","6.000","2021-06-19 02:35:40"
"2020-01-05 06:00:00","D","6.912","7.068","6.750","6.000","2021-06-19 02:35:40"
"2020-01-05 12:00:00","D","6.537","6.758","6.415","6.000","2021-06-19 02:35:40"
"2020-01-05 18:00:00","D","6.497","6.763","6.260","6.000","2021-06-19 02:35:40"
"2020-01-06 00:00:00","D","6.578","6.633","6.498","6.000","2021-06-19 02:35:40"
"2020-01-06 06:00:00","D","6.442","6.565","6.273","6.000","2021-06-19 02:35:40"
"2020-01-06 12:00:00","D","6.008","6.098","5.935","6.000","2021-06-19 02:35:40"
"2020-01-06 18:00:00","D","6.220","6.415","6.040","6.000","2021-06-19 02:35:40"
"2020-01-07 00:00:00","D","6.171","6.308","6.100","6.000","2021-06-19 02:35:40"
"2020-01-07 06:00:00","D","6.062","6.240","5.980","6.000","2021-06-19 02:35:40"
"2020-01-07 12:00:00","D","5.724","5.873","5.618","6.000","2021-06-19 02:35:40"
"2020-01-07 18:00:00","D","5.917","6.070","5.738","6.000","2021-06-19 02:35:40"
"2020-01-08 00:00:00","D","5.916","5.970","5.840","6.000","2021-06-19 02:35:40"
"2020-01-08 06:00:00","D","5.970","6.070","5.780","6.000","2021-06-19 02:35:40"
"2020-01-08 12:00:00","D","5.207","5.688","3.938","6.000","2021-06-19 02:35:40"
"2020-01-08 18:00:00","D","5.667","5.845","5.400","6.000","2021-06-19 02:35:40"
"2020-01-09 00:00:00","D","5.666","5.823","5.450","6.000","2021-06-19 02:35:40"
"2020-01-09 06:00:00","D","5.697","5.848","5.500","6.000","2021-06-19 02:35:40"
"2020-01-09 12:00:00","D","5.622","5.803","5.478","6.000","2021-06-19 02:35:40"
"2020-01-09 18:00:00","D","5.615","6.073","4.838","6.000","2021-06-19 02:35:40"
"2020-01-10 00:00:00","D","6.830","7.260","6.253","6.000","2021-06-19 02:35:40"
"2020-01-10 06:00:00","D","8.477","9.548","7.430","6.000","2021-06-19 02:35:40"
"2020-01-10 12:00:00","D","9.130","9.463","8.923","6.000","2021-06-19 02:35:40"
"2020-01-10 18:00:00","D","9.407","9.553","9.305","6.000","2021-06-19 02:35:40"
"2020-01-11 00:00:00","D","9.098","9.170","9.008","6.000","2021-06-19 02:35:40"
"2020-01-11 06:00:00","D","8.877","9.105","8.470","6.000","2021-06-19 02:35:40"
"2020-01-11 12:00:00","D","8.223","8.538","7.993","6.000","2021-06-19 02:35:40"
"2020-01-11 18:00:00","D","7.809","8.005","7.543","6.000","2021-06-19 02:35:40"
"2020-01-12 00:00:00","D","7.875","8.110","7.650","6.000","2021-06-19 02:35:40"
"2020-01-12 06:00:00","D","7.724","7.868","7.560","6.000","2021-06-19 02:35:40"
"2020-01-12 12:00:00","D","7.261","7.460","7.078","6.000","2021-06-19 02:35:40"
"2020-01-12 18:00:00","D","7.158","7.328","6.873","6.000","2021-06-19 02:35:40"
"2020-01-13 00:00:00","D","7.377","7.520","7.160","6.000","2021-06-19 02:35:40"
"2020-01-13 06:00:00","D","7.373","7.673","7.023","6.000","2021-06-19 02:35:40"
"2020-01-13 12:00:00","D","7.018","7.118","6.910","6.000","2021-06-19 02:35:40"
"2020-01-13 18:00:00","D","7.138","7.415","6.953","6.000","2021-06-19 02:35:40"
"2020-01-14 00:00:00","D","7.358","7.993","7.013","6.000","2021-06-19 02:35:40"
"2020-01-14 06:00:00","D","8.224","8.450","7.915","6.000","2021-06-19 02:35:40"
"2020-01-14 12:00:00","D","9.207","9.563","8.693","6.000","2021-06-19 02:35:40"
"2020-01-14 18:00:00","D","9.161","9.658","8.858","6.000","2021-06-19 02:35:40"
"2020-01-15 00:00:00","D","9.299","9.565","9.125","6.000","2021-06-19 02:35:40"
"2020-01-15 06:00:00","D","11.142","13.125","9.790","6.000","2021-06-19 02:35:40"
"2020-01-15 12:00:00","D","19.117","26.025","13.400","6.000","2021-06-19 02:35:40"
"2020-01-15 18:00:00","D","31.350","35.150","27.400","6.000","2021-06-19 02:35:40"
"2020-01-16 00:00:00","D","35.192","35.775","34.900","6.000","2021-06-19 02:35:40"
"2020-01-16 06:00:00","D","32.488","34.750","28.875","6.000","2021-06-19 02:35:40"
"2020-01-16 12:00:00","D","25.842","28.250","23.000","6.000","2021-06-19 02:35:40"
"2020-01-16 18:00:00","D","24.288","25.225","23.075","6.000","2021-06-19 02:35:40"
"2020-01-17 00:00:00","D","19.963","22.625","16.150","6.000","2021-06-19 02:35:40"
"2020-01-17 06:00:00","D","17.188","19.175","15.150","6.000","2021-06-19 02:35:40"
"2020-01-17 12:00:00","D","16.771","17.625","16.150","6.000","2021-06-19 02:35:40"
"2020-01-17 18:00:00","D","18.300","18.550","18.000","6.000","2021-06-19 02:35:40"
"2020-01-18 00:00:00","D","18.425","18.650","18.100","6.000","2021-06-19 02:35:40"
"2020-01-18 06:00:00","D","17.871","18.250","17.300","6.000","2021-06-19 02:35:40"
"2020-01-18 12:00:00","D","16.454","17.200","15.100","6.000","2021-06-19 02:35:40"
"2020-01-18 18:00:00","D","14.654","15.075","13.875","6.000","2021-06-19 02:35:40"
"2020-01-19 00:00:00","D","14.042","14.525","13.150","6.000","2021-06-19 02:35:40"
"2020-01-19 06:00:00","D","12.096","12.650","11.550","6.000","2021-06-19 02:35:40"
"2020-01-19 12:00:00","D","10.727","11.425","10.023","6.000","2021-06-19 02:35:40"
"2020-01-19 18:00:00","D","10.065","10.200","9.910","6.000","2021-06-19 02:35:40"
"2020-01-20 00:00:00","D","9.370","10.250","8.578","6.000","2021-06-19 02:35:40"
"2020-01-20 06:00:00","D","9.129","9.308","8.960","6.000","2021-06-19 02:35:40"
"2020-01-20 12:00:00","D","8.542","8.798","7.910","6.000","2021-06-19 02:35:40"
"2020-01-20 18:00:00","D","6.348","7.563","5.305","6.000","2021-06-19 02:35:40"
"2020-01-21 00:00:00","D","7.683","7.810","7.540","6.000","2021-06-19 02:35:40"
"2020-01-21 06:00:00","D","7.776","7.953","7.493","6.000","2021-06-19 02:35:40"
"2020-01-21 12:00:00","D","7.442","7.548","7.283","6.000","2021-06-19 02:35:40"
"2020-01-21 18:00:00","D","7.340","7.995","6.613","6.000","2021-06-19 02:35:40"
"2020-01-22 00:00:00","D","7.822","8.013","7.585","6.000","2021-06-19 02:35:40"
"2020-01-22 06:00:00","D","7.399","7.705","7.115","6.000","2021-06-19 02:35:40"
"2020-01-22 12:00:00","D","7.051","7.165","6.908","6.000","2021-06-19 02:35:40"
"2020-01-22 18:00:00","D","7.062","7.293","6.920","6.000","2021-06-19 02:35:40"
"2020-01-23 00:00:00","D","7.083","7.183","6.998","6.000","2021-06-19 02:35:40"
"2020-01-23 06:00:00","D","7.014","7.123","6.770","6.000","2021-06-19 02:35:40"
"2020-01-23 12:00:00","D","6.672","6.873","6.495","6.000","2021-06-19 02:35:40"
"2020-01-23 18:00:00","D","6.931","7.025","6.730","6.000","2021-06-19 02:35:40"
"2020-01-24 00:00:00","D","6.960","7.020","6.858","6.000","2021-06-19 02:35:40"
"2020-01-24 06:00:00","D","6.852","6.983","6.723","6.000","2021-06-19 02:35:40"
"2020-01-24 12:00:00","D","6.561","6.693","6.400","6.000","2021-06-19 02:35:40"
"2020-01-24 18:00:00","D","6.822","6.940","6.653","6.000","2021-06-19 02:35:40"
"2020-01-25 00:00:00","D","6.675","6.775","6.533","6.000","2021-06-19 02:35:40"
"2020-01-25 06:00:00","D","6.607","6.718","6.448","6.000","2021-06-19 02:35:40"
"2020-01-25 12:00:00","D","6.417","6.553","6.243","6.000","2021-06-19 02:35:40"
"2020-01-25 18:00:00","D","6.745","6.983","6.518","6.000","2021-06-19 02:35:40"
"2020-01-26 00:00:00","D","6.976","7.118","6.720","6.000","2021-06-19 02:35:40"
"2020-01-26 06:00:00","D","6.528","6.705","6.358","6.000","2021-06-19 02:35:40"
"2020-01-26 12:00:00","D","6.418","6.500","6.350","6.000","2021-06-19 02:35:40"
"2020-01-26 18:00:00","D","6.471","6.623","6.263","6.000","2021-06-19 02:35:40"
"2020-01-27 00:00:00","D","6.673","6.925","6.548","6.000","2021-06-19 02:35:40"
"2020-01-27 06:00:00","D","6.792","6.880","6.575","6.000","2021-06-19 02:35:40"
"2020-01-27 12:00:00","D","6.463","6.585","6.388","6.000","2021-06-19 02:35:40"
"2020-01-27 18:00:00","D","6.965","7.633","6.445","6.000","2021-06-19 02:35:40"
"2020-01-28 00:00:00","D","8.526","9.570","7.828","6.000","2021-06-19 02:35:40"
"2020-01-28 06:00:00","D","11.879","12.850","10.900","6.000","2021-06-19 02:35:40"
"2020-01-28 12:00:00","D","11.604","11.725","11.475","6.000","2021-06-19 02:35:40"
"2020-01-28 18:00:00","D","12.350","12.650","11.775","6.000","2021-06-19 02:35:40"
"2020-01-29 00:00:00","D","12.754","12.825","12.600","6.000","2021-06-19 02:35:40"
"2020-01-29 06:00:00","D","11.921","12.400","11.525","6.000","2021-06-19 02:35:40"
"2020-01-29 12:00:00","D","10.829","11.375","10.300","6.000","2021-06-19 02:35:40"
"2020-01-29 18:00:00","D","10.022","10.575","9.230","6.000","2021-06-19 02:35:40"
"2020-01-30 00:00:00","D","8.973","9.578","7.785","6.000","2021-06-19 02:35:40"
"2020-01-30 06:00:00","D","8.961","9.165","8.763","6.000","2021-06-19 02:35:40"
"2020-01-30 12:00:00","D","8.293","8.438","8.110","6.000","2021-06-19 02:35:40"
"2020-01-30 18:00:00","D","8.341","8.563","8.005","6.000","2021-06-19 02:35:40"
"2020-01-31 00:00:00","D","8.173","8.375","7.935","6.000","2021-06-19 02:35:40"
"2020-01-31 06:00:00","D","7.874","8.275","7.578","6.000","2021-06-19 02:35:40"
"2020-01-31 12:00:00","D","7.480","7.655","7.320","6.000","2021-06-19 02:35:40"
"2020-01-31 18:00:00","D","7.479","7.680","7.283","6.000","2021-06-19 02:35:40"
"2020-02-01 00:00:00","D","7.056","7.278","6.673","6.000","2021-06-19 02:35:40"
"2020-02-01 06:00:00","D","7.134","7.310","6.973","6.000","2021-06-19 02:35:40"
"2020-02-01 12:00:00","D","6.646","6.845","6.428","6.000","2021-06-19 02:35:40"
"2020-02-01 18:00:00","D","6.667","6.910","6.443","6.000","2021-06-19 02:35:40"
"2020-02-02 00:00:00","D","6.857","6.960","6.760","6.000","2021-06-19 02:35:40"
"2020-02-02 06:00:00","D","6.767","6.845","6.710","6.000","2021-06-19 02:35:40"
"2020-02-02 12:00:00","D","6.733","7.165","6.503","6.000","2021-06-19 02:35:40"
"2020-02-02 18:00:00","D","7.835","8.213","7.065","6.000","2021-06-19 02:35:40"
"2020-02-03 00:00:00","D","8.142","8.238","7.933","6.000","2021-06-19 02:35:40"
"2020-02-03 06:00:00","D","7.574","8.005","7.075","6.000","2021-06-19 02:35:40"
"2020-02-03 12:00:00","D","6.997","7.223","6.828","6.000","2021-06-19 02:35:40"
"2020-02-03 18:00:00","D","7.022","7.188","6.700","6.000","2021-06-19 02:35:40"
"2020-02-04 00:00:00","D","7.107","7.643","6.793","6.000","2021-06-19 02:35:40"
"2020-02-04 06:00:00","D","6.811","7.095","6.178","6.000","2021-06-19 02:35:40"
"2020-02-04 12:00:00","D","6.428","6.540","6.373","6.000","2021-06-19 02:35:40"
"2020-02-04 18:00:00","D","5.767","6.360","5.255","6.000","2021-06-19 02:35:40"
"2020-02-05 00:00:00","D","5.913","6.255","5.660","6.000","2021-06-19 02:35:40"
"2020-02-05 06:00:00","D","6.230","6.533","6.023","6.000","2021-06-19 02:35:40"
"2020-02-05 12:00:00","D","5.923","5.970","5.873","6.000","2021-06-19 02:35:40"
"2020-02-05 18:00:00","D","5.904","6.048","5.795","6.000","2021-06-19 02:35:40"
"2020-02-06 00:00:00","D","5.872","5.933","5.825","6.000","2021-06-19 02:35:40"
"2020-02-06 06:00:00","D","5.826","5.943","5.733","6.000","2021-06-19 02:35:40"
"2020-02-06 12:00:00","D","5.420","5.468","5.368","6.000","2021-06-19 02:35:40"
"2020-02-06 18:00:00","D","5.245","6.048","2.925","6.000","2021-06-19 02:35:40"
"2020-02-07 00:00:00","D","5.816","5.885","5.740","6.000","2021-06-19 02:35:40"
"2020-02-07 06:00:00","D","5.774","5.898","5.618","6.000","2021-06-19 02:35:40"
"2020-02-07 12:00:00","D","5.734","5.918","5.525","6.000","2021-06-19 02:35:40"
"2020-02-07 18:00:00","D","5.597","5.765","5.448","6.000","2021-06-19 02:35:40"
"2020-02-08 00:00:00","D","5.845","5.980","5.658","6.000","2021-06-19 02:35:40"
"2020-02-08 06:00:00","D","5.770","6.008","5.490","6.000","2021-06-19 02:35:40"
"2020-02-08 12:00:00","D","5.811","6.083","5.288","6.000","2021-06-19 02:35:40"
"2020-02-08 18:00:00","D","5.727","6.370","5.335","6.000","2021-06-19 02:35:40"
"2020-02-09 00:00:00","D","6.165","6.245","6.070","6.000","2021-06-19 02:35:40"
"2020-02-09 06:00:00","D","5.477","5.788","4.990","6.000","2021-06-19 02:35:40"
"2020-02-09 12:00:00","D","4.864","5.043","4.593","6.000","2021-06-19 02:35:40"
"2020-02-09 18:00:00","D","5.372","6.613","3.233","6.000","2021-06-19 02:35:40"
"2020-02-10 00:00:00","D","7.810","8.930","7.275","6.000","2021-06-19 02:35:40"
"2020-02-10 06:00:00","D","9.802","10.350","9.460","6.000","2021-06-19 02:35:40"
"2020-02-10 12:00:00","D","9.134","9.345","8.985","6.000","2021-06-19 02:35:40"
"2020-02-10 18:00:00","D","8.937","9.193","8.770","6.000","2021-06-19 02:35:40"
"2020-02-11 00:00:00","D","9.580","10.275","9.150","6.000","2021-06-19 02:35:40"
"2020-02-11 06:00:00","D","10.507","10.900","10.215","6.000","2021-06-19 02:35:40"
"2020-02-11 12:00:00","D","9.805","10.118","9.585","6.000","2021-06-19 02:35:40"
"2020-02-11 18:00:00","D","8.883","8.978","8.813","6.000","2021-06-19 02:35:40"
"2020-02-12 00:00:00","D","8.480","8.838","7.780","6.000","2021-06-19 02:35:40"
"2020-02-12 06:00:00","D","7.957","8.198","7.710","6.000","2021-06-19 02:35:40"
"2020-02-12 12:00:00","D","7.229","7.623","6.803","6.000","2021-06-19 02:35:40"
"2020-02-12 18:00:00","D","6.125","6.908","4.685","6.000","2021-06-19 02:35:40"
"2020-02-13 00:00:00","D","6.841","7.003","6.565","6.000","2021-06-19 02:35:40"
"2020-02-13 06:00:00","D","7.190","7.445","6.985","6.000","2021-06-19 02:35:40"
"2020-02-13 12:00:00","D","9.112","11.825","8.008","6.000","2021-06-19 02:35:40"
"2020-02-13 18:00:00","D","11.998","14.825","6.175","6.000","2021-06-19 02:35:40"
"2020-02-14 00:00:00","D","12.858","13.800","11.600","6.000","2021-06-19 02:35:40"
"2020-02-14 06:00:00","D","11.632","12.050","10.768","6.000","2021-06-19 02:35:40"
"2020-02-14 12:00:00","D","8.439","10.675","5.943","6.000","2021-06-19 02:35:40"
"2020-02-14 18:00:00","D","9.587","10.220","8.730","6.000","2021-06-19 02:35:40"
"2020-02-15 00:00:00","D","9.223","9.390","9.058","6.000","2021-06-19 02:35:40"
"2020-02-15 06:00:00","D","9.044","9.298","8.688","6.000","2021-06-19 02:35:40"
"2020-02-15 12:00:00","D","8.543","8.678","8.338","6.000","2021-06-19 02:35:40"
"2020-02-15 18:00:00","D","8.826","9.203","8.485","6.000","2021-06-19 02:35:40"
"2020-02-16 00:00:00","D","10.330","11.650","9.333","6.000","2021-06-19 02:35:40"
"2020-02-16 06:00:00","D","13.317","14.000","12.400","6.000","2021-06-19 02:35:40"
"2020-02-16 12:00:00","D","16.183","20.200","13.075","6.000","2021-06-19 02:35:40"
"2020-02-16 18:00:00","D","28.963","35.975","21.025","6.000","2021-06-19 02:35:40"
"2020-02-17 00:00:00","D","41.938","44.050","39.675","6.000","2021-06-19 02:35:40"
"2020-02-17 06:00:00","D","46.038","46.675","44.375","6.000","2021-06-19 02:35:40"
"2020-02-17 12:00:00","D","43.229","45.525","41.475","6.000","2021-06-19 02:35:40"
"2020-02-17 18:00:00","D","34.817","38.425","32.675","6.000","2021-06-19 02:35:40"
"2020-02-18 00:00:00","D","31.513","33.225","29.700","6.000","2021-06-19 02:35:40"
"2020-02-18 06:00:00","D","26.513","28.325","24.150","6.000","2021-06-19 02:35:40"
"2020-02-18 12:00:00","D","19.983","23.650","17.275","6.000","2021-06-19 02:35:40"
"2020-02-18 18:00:00","D","16.833","17.775","15.525","6.000","2021-06-19 02:35:40"
"2020-02-19 00:00:00","D","15.654","16.100","15.250","6.000","2021-06-19 02:35:40"
"2020-02-19 06:00:00","D","14.658","15.000","14.250","6.000","2021-06-19 02:35:40"
"2020-02-19 12:00:00","D","12.688","14.100","11.275","6.000","2021-06-19 02:35:40"
"2020-02-19 18:00:00","D","11.954","12.175","11.825","6.000","2021-06-19 02:35:40"
"2020-02-20 00:00:00","D","11.746","11.825","11.650","6.000","2021-06-19 02:35:40"
"2020-02-20 06:00:00","D","11.433","11.750","11.200","6.000","2021-06-19 02:35:40"
"2020-02-20 12:00:00","D","10.720","11.125","10.343","6.000","2021-06-19 02:35:40"
"2020-02-20 18:00:00","D","10.606","11.150","9.648","6.000","2021-06-19 02:35:40"
"2020-02-21 00:00:00","D","11.469","11.875","10.590","6.000","2021-06-19 02:35:40"
"2020-02-21 06:00:00","D","11.942","12.300","11.375","6.000","2021-06-19 02:35:40"
"2020-02-21 12:00:00","D","10.975","11.375","10.500","6.000","2021-06-19 02:35:40"
"2020-02-21 18:00:00","D","10.746","10.950","10.550","6.000","2021-06-19 02:35:40"
"2020-02-22 00:00:00","D","10.486","10.850","10.243","6.000","2021-06-19 02:35:40"
"2020-02-22 06:00:00","D","10.264","10.405","10.003","6.000","2021-06-19 02:35:40"
"2020-02-22 12:00:00","D","9.739","9.925","9.543","6.000","2021-06-19 02:35:40"
"2020-02-22 18:00:00","D","9.684","9.863","9.535","6.000","2021-06-19 02:35:40"
"2020-02-23 00:00:00","D","9.708","9.938","9.560","6.000","2021-06-19 02:35:40"
"2020-02-23 06:00:00","D","9.244","9.555","8.685","6.000","2021-06-19 02:35:40"
"2020-02-23 12:00:00","D","8.695","8.898","8.395","6.000","2021-06-19 02:35:40"
"2020-02-23 18:00:00","D","9.384","9.648","9.253","6.000","2021-06-19 02:35:40"
"2020-02-24 00:00:00","D","9.438","9.595","9.265","6.000","2021-06-19 02:35:40"
"2020-02-24 06:00:00","D","9.342","9.578","9.125","6.000","2021-06-19 02:35:40"
"2020-02-24 12:00:00","D","8.964","9.128","8.773","6.000","2021-06-19 02:35:40"
"2020-02-24 18:00:00","D","9.284","9.740","8.885","6.000","2021-06-19 02:35:40"
"2020-02-25 00:00:00","D","10.219","10.458","9.978","6.000","2021-06-19 02:35:40"
"2020-02-25 06:00:00","D","10.140","10.270","9.943","6.000","2021-06-19 02:35:40"
"2020-02-25 12:00:00","D","9.622","9.735","9.563","6.000","2021-06-19 02:35:40"
"2020-02-25 18:00:00","D","9.557","9.728","9.460","6.000","2021-06-19 02:35:40"
"2020-02-26 00:00:00","D","9.529","9.665","9.360","6.000","2021-06-19 02:35:40"
"2020-02-26 06:00:00","D","9.305","9.548","9.015","6.000","2021-06-19 02:35:40"
"2020-02-26 12:00:00","D","8.869","9.075","8.720","6.000","2021-06-19 02:35:40"
"2020-02-26 18:00:00","D","8.614","8.855","8.325","6.000","2021-06-19 02:35:40"
"2020-02-27 00:00:00","D","8.369","9.030","7.773","6.000","2021-06-19 02:35:40"
"2020-02-27 06:00:00","D","8.496","8.643","8.360","6.000","2021-06-19 02:35:40"
"2020-02-27 12:00:00","D","8.430","9.253","7.773","6.000","2021-06-19 02:35:40"
"2020-02-27 18:00:00","D","10.459","11.275","9.625","6.000","2021-06-19 02:35:40"
"2020-02-28 00:00:00","D","12.420","12.950","11.493","6.000","2021-06-19 02:35:40"
"2020-02-28 06:00:00","D","12.450","12.825","12.125","6.000","2021-06-19 02:35:40"
"2020-02-28 12:00:00","D","12.688","13.600","12.025","6.000","2021-06-19 02:35:40"
"2020-02-28 18:00:00","D","15.529","17.750","13.875","6.000","2021-06-19 02:35:40"
"2020-02-29 00:00:00","D","22.175","28.175","17.925","6.000","2021-06-19 02:35:40"
"2020-02-29 06:00:00","D","29.213","30.625","28.325","6.000","2021-06-19 02:35:40"
"2020-02-29 12:00:00","D","31.346","33.200","30.250","6.000","2021-06-19 02:35:40"
"2020-02-29 18:00:00","D","35.413","38.525","32.600","6.000","2021-06-19 02:35:40"
"2020-03-01 00:00:00","D","38.829","39.125","38.475","6.000","2021-06-19 02:35:40"
"2020-03-01 06:00:00","D","35.713","38.025","32.975","6.000","2021-06-19 02:35:40"
"2020-03-01 12:00:00","D","28.938","30.700","24.250","6.000","2021-06-19 02:35:40"
"2020-03-01 18:00:00","D","26.075","26.775","25.075","6.000","2021-06-19 02:35:40"
"2020-03-02 00:00:00","D","23.150","24.800","21.275","6.000","2021-06-19 02:35:40"
"2020-03-02 06:00:00","D","19.408","21.550","17.500","6.000","2021-06-19 02:35:40"
"2020-03-02 12:00:00","D","17.779","18.025","17.350","6.000","2021-06-19 02:35:40"
"2020-03-02 18:00:00","D","18.017","18.225","17.800","6.000","2021-06-19 02:35:40"
"2020-03-03 00:00:00","D","16.867","17.775","15.600","6.000","2021-06-19 02:35:40"
"2020-03-03 06:00:00","D","14.721","15.675","13.100","6.000","2021-06-19 02:35:40"
"2020-03-03 12:00:00","D","13.992","14.550","12.625","6.000","2021-06-19 02:35:40"
"2020-03-03 18:00:00","D","10.642","13.475","8.863","6.000","2021-06-19 02:35:40"
"2020-03-04 00:00:00","D","7.130","11.875","-2.818","6.000","2021-06-19 02:35:40"
"2020-03-04 06:00:00","D","11.296","11.525","11.025","6.000","2021-06-19 02:35:40"
"2020-03-04 12:00:00","D","11.001","11.175","10.875","6.000","2021-06-19 02:35:40"
"2020-03-04 18:00:00","D","11.208","11.375","10.975","6.000","2021-06-19 02:35:40"
"2020-03-05 00:00:00","D","10.578","11.025","10.328","6.000","2021-06-19 02:35:40"
"2020-03-05 06:00:00","D","11.263","11.550","11.050","6.000","2021-06-19 02:35:40"
"2020-03-05 12:00:00","D","11.188","11.375","11.050","6.000","2021-06-19 02:35:40"
"2020-03-05 18:00:00","D","11.725","12.775","11.075","6.000","2021-06-19 02:35:40"
"2020-03-06 00:00:00","D","15.663","18.375","12.825","6.000","2021-06-19 02:35:40"
"2020-03-06 06:00:00","D","20.300","21.025","19.550","6.000","2021-06-19 02:35:40"
"2020-03-06 12:00:00","D","24.963","28.475","21.800","6.000","2021-06-19 02:35:40"
"2020-03-06 18:00:00","D","22.933","23.900","22.125","6.000","2021-06-19 02:35:40"
"2020-03-07 00:00:00","D","20.404","21.325","19.925","6.000","2021-06-19 02:35:40"
"2020-03-07 06:00:00","D","17.992","18.775","16.550","6.000","2021-06-19 02:35:40"
"2020-03-07 12:00:00","D","15.096","16.725","13.950","6.000","2021-06-19 02:35:40"
"2020-03-07 18:00:00","D","11.551","13.750","9.280","6.000","2021-06-19 02:35:40"
"2020-03-08 00:00:00","D","12.588","13.150","11.430","6.000","2021-06-19 02:35:40"
"2020-03-08 06:00:00","D","12.133","12.375","11.575","6.000","2021-06-19 02:35:40"
"2020-03-08 12:00:00","D","11.308","12.200","10.035","6.000","2021-06-19 02:35:40"
"2020-03-08 18:00:00","D","9.680","10.900","7.425","6.000","2021-06-19 02:35:40"
"2020-03-09 00:00:00","D","9.906","11.650","7.343","6.000","2021-06-19 02:35:40"
"2020-03-09 06:00:00","D","3.785","10.568","-1.520","6.000","2021-06-19 02:35:40"
"2020-03-09 12:00:00","D","10.079","10.475","8.620","6.000","2021-06-19 02:35:40"
"2020-03-09 18:00:00","D","8.458","9.905","7.290","6.000","2021-06-19 02:35:40"
"2020-03-10 00:00:00","D","10.427","10.825","10.218","6.000","2021-06-19 02:35:40"
"2020-03-10 06:00:00","D","11.858","13.475","11.025","6.000","2021-06-19 02:35:40"
"2020-03-10 12:00:00","D","15.004","15.450","14.525","6.000","2021-06-19 02:35:40"
"2020-03-10 18:00:00","D","12.951","13.650","12.430","6.000","2021-06-19 02:35:40"
"2020-03-11 00:00:00","D","12.338","13.225","11.325","6.000","2021-06-19 02:35:40"
"2020-03-11 06:00:00","D","13.575","14.350","13.050","6.000","2021-06-19 02:35:40"
"2020-03-11 12:00:00","D","11.692","13.825","8.628","6.000","2021-06-19 02:35:40"
"2020-03-11 18:00:00","D","11.983","12.175","11.375","6.000","2021-06-19 02:35:40"
"2020-03-12 00:00:00","D","11.496","11.825","10.938","6.000","2021-06-19 02:35:40"
"2020-03-12 06:00:00","D","11.225","11.550","11.000","6.000","2021-06-19 02:35:40"
"2020-03-12 12:00:00","D","10.713","11.075","10.265","6.000","2021-06-19 02:35:40"
"2020-03-12 18:00:00","D","9.459","10.098","8.933","6.000","2021-06-19 02:36:11"
"2020-03-13 00:00:00","D","10.144","10.410","9.855","6.000","2021-06-19 02:36:11"
"2020-03-13 06:00:00","D","9.760","10.078","9.468","6.000","2021-06-19 02:36:11"
"2020-03-13 12:00:00","D","8.512","9.213","6.103","6.000","2021-06-19 02:36:11"
"2020-03-13 18:00:00","D","7.451","9.140","6.288","6.000","2021-06-19 02:36:11"
"2020-03-14 00:00:00","D","9.013","9.045","8.958","6.000","2021-06-19 02:36:11"
"2020-03-14 06:00:00","D","8.876","8.970","8.748","6.000","2021-06-19 02:36:11"
"2020-03-14 12:00:00","D","6.331","8.940","-0.945","6.000","2021-06-19 02:36:11"
"2020-03-14 18:00:00","D","6.808","9.038","5.055","6.000","2021-06-19 02:36:11"
"2020-03-15 00:00:00","D","9.235","9.373","9.123","6.000","2021-06-19 02:36:11"
"2020-03-15 06:00:00","D","8.979","9.253","8.860","6.000","2021-06-19 02:36:11"
"2020-03-15 12:00:00","D","8.563","8.873","8.290","6.000","2021-06-19 02:36:11"
"2020-03-15 18:00:00","D","8.767","8.913","8.600","6.000","2021-06-19 02:36:11"
"2020-03-16 00:00:00","D","8.944","9.230","8.688","6.000","2021-06-19 02:36:11"
"2020-03-16 06:00:00","D","9.222","9.320","9.065","6.000","2021-06-19 02:36:11"
"2020-03-16 12:00:00","D","8.669","9.028","8.193","6.000","2021-06-19 02:36:11"
"2020-03-16 18:00:00","D","5.848","7.290","4.085","6.000","2021-06-19 02:36:11"
"2020-03-17 00:00:00","D","8.361","8.653","8.000","6.000","2021-06-19 02:36:11"
"2020-03-17 06:00:00","D","8.277","8.405","8.160","6.000","2021-06-19 02:36:11"
"2020-03-17 12:00:00","D","7.724","8.153","6.970","6.000","2021-06-19 02:36:11"
"2020-03-17 18:00:00","D","6.549","7.393","5.293","6.000","2021-06-19 02:36:11"
"2020-03-18 00:00:00","D","7.795","7.890","7.733","6.000","2021-06-19 02:36:11"
"2020-03-18 06:00:00","D","7.789","8.048","7.540","6.000","2021-06-19 02:36:11"
"2020-03-18 12:00:00","D","7.281","7.615","6.985","6.000","2021-06-19 02:36:11"
"2020-03-18 18:00:00","D","6.356","7.823","2.300","6.000","2021-06-19 02:36:11"
"2020-03-19 00:00:00","D","7.656","7.830","7.488","6.000","2021-06-19 02:36:11"
"2020-03-19 06:00:00","D","7.514","7.703","7.343","6.000","2021-06-19 02:36:11"
"2020-03-19 12:00:00","D","7.140","7.318","7.010","6.000","2021-06-19 02:36:11"
"2020-03-19 18:00:00","D","7.197","7.500","6.458","6.000","2021-06-19 02:36:11"
"2020-03-20 00:00:00","D","7.406","7.468","7.358","6.000","2021-06-19 02:36:11"
"2020-03-20 06:00:00","D","7.338","7.463","7.180","6.000","2021-06-19 02:36:11"
"2020-03-20 12:00:00","D","6.905","6.993","6.858","6.000","2021-06-19 02:36:11"
"2020-03-20 18:00:00","D","6.146","7.170","2.428","6.000","2021-06-19 02:36:11"
"2020-03-21 00:00:00","D","7.117","7.215","7.068","6.000","2021-06-19 02:36:11"
"2020-03-21 06:00:00","D","7.107","7.145","7.060","6.000","2021-06-19 02:36:11"
"2020-03-21 12:00:00","D","6.223","6.938","3.850","6.000","2021-06-19 02:36:11"
"2020-03-21 18:00:00","D","3.335","6.928","-0.353","6.000","2021-06-19 02:36:11"
"2020-03-22 00:00:00","D","6.938","6.985","6.890","6.000","2021-06-19 02:36:11"
"2020-03-22 06:00:00","D","6.728","6.908","6.533","6.000","2021-06-19 02:36:11"
"2020-03-22 12:00:00","D","5.352","6.490","2.758","6.000","2021-06-19 02:36:11"
"2020-03-22 18:00:00","D","2.686","5.328","0.165","6.000","2021-06-19 02:36:11"
"2020-03-23 00:00:00","D","6.276","6.948","3.123","6.000","2021-06-19 02:36:11"
"2020-03-23 06:00:00","D","6.882","6.958","6.820","6.000","2021-06-19 02:36:11"
"2020-03-23 12:00:00","D","4.885","6.745","2.948","6.000","2021-06-19 02:36:11"
"2020-03-23 18:00:00","D","4.099","6.760","0.588","6.000","2021-06-19 02:36:11"
"2020-03-24 00:00:00","D","7.190","7.320","6.990","6.000","2021-06-19 02:36:11"
"2020-03-24 06:00:00","D","6.754","6.973","6.610","6.000","2021-06-19 02:36:11"
"2020-03-24 12:00:00","D","6.192","6.680","4.633","6.000","2021-06-19 02:36:11"
"2020-03-24 18:00:00","D","5.081","6.408","3.100","6.000","2021-06-19 02:36:11"
"2020-03-25 00:00:00","D","5.074","7.200","-2.195","6.000","2021-06-19 02:36:11"
"2020-03-25 06:00:00","D","6.704","6.865","6.495","6.000","2021-06-19 02:36:11"
"2020-03-25 12:00:00","D","5.225","6.418","2.838","6.000","2021-06-19 02:36:11"
"2020-03-25 18:00:00","D","2.959","4.978","-0.700","6.000","2021-06-19 02:36:11"
"2020-03-26 00:00:00","D","4.139","6.823","-0.918","6.000","2021-06-19 02:36:11"
"2020-03-26 06:00:00","D","-7.823","-6.155","-9.805","6.000","2021-06-19 02:36:11"
"2020-03-26 12:00:00","D","2.951","6.133","0.708","6.000","2021-06-19 02:36:11"
"2020-03-26 18:00:00","D","3.922","6.613","-1.655","6.000","2021-06-19 02:36:11"
"2020-03-27 00:00:00","D","6.550","6.703","6.440","6.000","2021-06-19 02:36:11"
"2020-03-27 06:00:00","D","6.355","6.525","6.155","6.000","2021-06-19 02:36:11"
"2020-03-27 12:00:00","D","5.787","6.218","4.613","6.000","2021-06-19 02:36:11"
"2020-03-27 18:00:00","D","1.222","5.603","-4.100","6.000","2021-06-19 02:36:11"
"2020-03-28 00:00:00","D","6.344","6.423","6.270","6.000","2021-06-19 02:36:11"
"2020-03-28 06:00:00","D","6.165","6.403","5.933","6.000","2021-06-19 02:36:11"
"2020-03-28 12:00:00","D","5.935","5.985","5.835","6.000","2021-06-19 02:36:11"
"2020-03-28 18:00:00","D","4.778","6.610","1.950","6.000","2021-06-19 02:36:11"
"2020-03-29 00:00:00","D","6.302","6.458","6.060","6.000","2021-06-19 02:36:11"
"2020-03-29 06:00:00","D","6.054","6.415","5.883","6.000","2021-06-19 02:36:11"
"2020-03-29 12:00:00","D","5.814","5.923","5.650","6.000","2021-06-19 02:36:11"
"2020-03-29 18:00:00","D","5.351","5.595","4.970","6.000","2021-06-19 02:36:11"
"2020-03-30 00:00:00","D","6.282","6.383","6.073","6.000","2021-06-19 02:36:11"
"2020-03-30 06:00:00","D","6.006","6.330","5.595","6.000","2021-06-19 02:36:11"
"2020-03-30 12:00:00","D","5.727","5.778","5.655","6.000","2021-06-19 02:36:11"
"2020-03-30 18:00:00","D","5.868","6.165","5.663","6.000","2021-06-19 02:36:11"
"2020-03-31 00:00:00","D","6.250","6.445","6.050","6.000","2021-06-19 02:36:11"
"2020-03-31 06:00:00","D","6.051","6.260","5.715","6.000","2021-06-19 02:36:11"
"2020-03-31 12:00:00","D","1.815","5.728","-7.960","6.000","2021-06-19 02:36:11"
"2020-03-31 18:00:00","D","2.728","6.383","-1.808","6.000","2021-06-19 02:36:11"
"2020-04-01 00:00:00","D","6.154","6.223","6.020","6.000","2021-06-19 02:36:11"
"2020-04-01 06:00:00","D","6.077","6.235","5.853","6.000","2021-06-19 02:36:11"
"2020-04-01 12:00:00","D","5.483","5.903","4.115","6.000","2021-06-19 02:36:11"
"2020-04-01 18:00:00","D","3.553","4.708","0.618","6.000","2021-06-19 02:36:11"
"2020-04-02 00:00:00","D","4.320","5.785","2.208","6.000","2021-06-19 02:36:11"
"2020-04-02 06:00:00","D","5.605","5.920","4.763","6.000","2021-06-19 02:36:11"
"2020-04-02 12:00:00","D","4.649","5.923","2.843","6.000","2021-06-19 02:36:11"
"2020-04-02 18:00:00","D","1.936","4.658","-2.043","6.000","2021-06-19 02:36:11"
"2020-04-03 00:00:00","D","1.066","4.775","-4.540","6.000","2021-06-19 02:36:11"
"2020-04-03 06:00:00","D","4.793","5.905","3.613","6.000","2021-06-19 02:36:11"
"2020-04-03 12:00:00","D","5.077","5.910","3.643","6.000","2021-06-19 02:36:11"
"2020-04-03 18:00:00","D","2.181","3.330","1.148","6.000","2021-06-19 02:36:11"
"2020-04-04 00:00:00","D","1.575","5.100","-3.248","6.000","2021-06-19 02:36:11"
"2020-04-04 06:00:00","D","3.747","4.385","2.540","6.000","2021-06-19 02:36:11"
"2020-04-04 12:00:00","D","3.443","6.063","-4.750","6.000","2021-06-19 02:36:11"
"2020-04-04 18:00:00","D","2.493","5.978","-0.015","6.000","2021-06-19 02:36:11"
"2020-04-05 00:00:00","D","6.068","6.163","5.838","6.000","2021-06-19 02:36:11"
"2020-04-05 06:00:00","D","5.857","6.193","5.520","6.000","2021-06-19 02:36:11"
"2020-04-05 12:00:00","D","5.395","6.023","3.650","6.000","2021-06-19 02:36:11"
"2020-04-05 18:00:00","D","0.793","2.718","-4.088","6.000","2021-06-19 02:36:11"
"2020-04-06 00:00:00","D","6.056","6.125","6.000","6.000","2021-06-19 02:36:11"
"2020-04-06 06:00:00","D","5.847","6.078","5.550","6.000","2021-06-19 02:36:11"
"2020-04-06 12:00:00","D","2.651","5.813","-4.558","6.000","2021-06-19 02:36:11"
"2020-04-06 18:00:00","D","1.706","3.425","-0.598","6.000","2021-06-19 02:36:11"
"2020-04-07 00:00:00","D","-0.120","6.020","-5.973","6.000","2021-06-19 02:36:11"
"2020-04-07 06:00:00","D","5.814","6.123","5.515","6.000","2021-06-19 02:36:11"
"2020-04-07 12:00:00","D","4.084","5.493","2.435","6.000","2021-06-19 02:36:11"
"2020-04-07 18:00:00","D","0.447","3.620","-5.273","6.000","2021-06-19 02:36:11"
"2020-04-08 00:00:00","D","-6.160","4.430","-17.345","6.000","2021-06-19 02:36:11"
"2020-04-08 06:00:00","D","5.044","6.153","0.883","6.000","2021-06-19 02:36:11"
"2020-04-08 12:00:00","D","4.718","5.460","3.105","6.000","2021-06-19 02:36:11"
"2020-04-08 18:00:00","D","1.309","2.998","-1.400","6.000","2021-06-19 02:36:11"
"2020-04-09 00:00:00","D","-4.928","3.685","-22.970","6.000","2021-06-19 02:36:11"
"2020-04-09 06:00:00","D","5.481","6.023","3.918","6.000","2021-06-19 02:36:11"
"2020-04-09 12:00:00","D","3.760","5.705","-2.013","6.000","2021-06-19 02:36:11"
"2020-04-09 18:00:00","D","-2.667","-0.840","-5.000","6.000","2021-06-19 02:36:11"
"2020-04-10 00:00:00","D","1.063","5.730","-3.353","6.000","2021-06-19 02:36:11"
"2020-04-10 06:00:00","D","3.836","5.990","-2.058","6.000","2021-06-19 02:36:11"
"2020-04-10 12:00:00","D","4.788","5.363","3.703","6.000","2021-06-19 02:36:11"
"2020-04-10 18:00:00","D","-0.910","1.783","-7.795","6.000","2021-06-19 02:36:11"
"2020-04-11 00:00:00","D","1.299","6.023","-1.665","6.000","2021-06-19 02:36:11"
"2020-04-11 06:00:00","D","5.954","7.200","5.200","6.000","2021-06-19 02:36:11"
"2020-04-11 12:00:00","D","4.066","5.423","1.025","6.000","2021-06-19 02:36:11"
"2020-04-11 18:00:00","D","-0.539","2.768","-4.660","6.000","2021-06-19 02:36:11"
"2020-04-12 00:00:00","D","3.573","6.175","-1.003","6.000","2021-06-19 02:36:11"
"2020-04-12 06:00:00","D","5.897","6.188","5.418","6.000","2021-06-19 02:36:11"
"2020-04-12 12:00:00","D","2.110","5.645","-0.470","6.000","2021-06-19 02:36:11"
"2020-04-12 18:00:00","D","-1.794","1.253","-6.173","6.000","2021-06-19 02:36:11"
"2020-04-13 00:00:00","D","1.439","6.870","-5.330","6.000","2021-06-19 02:36:11"
"2020-04-13 06:00:00","D","5.201","5.498","4.915","6.000","2021-06-19 02:36:11"
"2020-04-13 12:00:00","D","4.959","5.290","4.700","6.000","2021-06-19 02:36:11"
"2020-04-13 18:00:00","D","3.337","4.595","1.260","6.000","2021-06-19 02:36:11"
"2020-04-14 00:00:00","D","5.387","5.575","5.298","6.000","2021-06-19 02:36:11"
"2020-04-14 06:00:00","D","5.129","5.375","4.903","6.000","2021-06-19 02:36:11"
"2020-04-14 12:00:00","D","3.799","5.030","-1.935","6.000","2021-06-19 02:36:11"
"2020-04-14 18:00:00","D","1.517","3.703","-1.165","6.000","2021-06-19 02:36:11"
"2020-04-15 00:00:00","D","3.986","5.335","0.590","6.000","2021-06-19 02:36:11"
"2020-04-15 06:00:00","D","5.133","5.435","4.915","6.000","2021-06-19 02:36:11"
"2020-04-15 12:00:00","D","1.752","5.080","-6.980","6.000","2021-06-19 02:36:11"
"2020-04-15 18:00:00","D","2.236","4.455","-1.750","6.000","2021-06-19 02:36:11"
"2020-04-16 00:00:00","D","0.400","3.150","-3.095","6.000","2021-06-19 02:36:11"
"2020-04-16 06:00:00","D","5.181","5.425","4.828","6.000","2021-06-19 02:36:11"
"2020-04-16 12:00:00","D","4.280","4.998","1.835","6.000","2021-06-19 02:36:11"
"2020-04-16 18:00:00","D","2.551","5.655","-1.685","6.000","2021-06-19 02:36:11"
"2020-04-17 00:00:00","D","1.260","4.508","-4.428","6.000","2021-06-19 02:36:11"
"2020-04-17 06:00:00","D","5.137","5.773","3.815","6.000","2021-06-19 02:36:11"
"2020-04-17 12:00:00","D","3.623","5.113","0.670","6.000","2021-06-19 02:36:11"
"2020-04-17 18:00:00","D","2.508","4.368","1.420","6.000","2021-06-19 02:36:11"
"2020-04-18 00:00:00","D","5.053","5.310","4.808","6.000","2021-06-19 02:36:11"
"2020-04-18 06:00:00","D","4.862","4.988","4.730","6.000","2021-06-19 02:36:11"
"2020-04-18 12:00:00","D","4.735","4.825","4.680","6.000","2021-06-19 02:36:11"
"2020-04-18 18:00:00","D","2.492","4.478","0.710","6.000","2021-06-19 02:36:11"
"2020-04-19 00:00:00","D","4.192","5.273","2.185","6.000","2021-06-19 02:36:11"
"2020-04-19 06:00:00","D","4.970","5.290","4.618","6.000","2021-06-19 02:36:11"
"2020-04-19 12:00:00","D","4.609","4.893","3.965","6.000","2021-06-19 02:36:11"
"2020-04-19 18:00:00","D","2.734","4.308","0.760","6.000","2021-06-19 02:36:11"
"2020-04-20 00:00:00","D","3.159","5.490","-5.358","6.000","2021-06-19 02:36:11"
"2020-04-20 06:00:00","D","5.266","5.510","4.943","6.000","2021-06-19 02:36:11"
"2020-04-20 12:00:00","D","4.759","5.175","3.925","6.000","2021-06-19 02:36:11"
"2020-04-20 18:00:00","D","4.658","4.973","4.208","6.000","2021-06-19 02:36:11"
"2020-04-21 00:00:00","D","4.823","5.093","4.385","6.000","2021-06-19 02:36:11"
"2020-04-21 06:00:00","D","4.839","5.055","4.678","6.000","2021-06-19 02:36:11"
"2020-04-21 12:00:00","D","2.911","4.740","-0.510","6.000","2021-06-19 02:36:11"
"2020-04-21 18:00:00","D","2.168","4.193","-1.590","6.000","2021-06-19 02:36:11"
"2020-04-22 00:00:00","D","3.363","4.953","-2.483","6.000","2021-06-19 02:36:11"
"2020-04-22 06:00:00","D","4.795","4.988","4.615","6.000","2021-06-19 02:36:11"
"2020-04-22 12:00:00","D","2.979","4.660","-0.370","6.000","2021-06-19 02:36:11"
"2020-04-22 18:00:00","D","2.488","4.053","0.033","6.000","2021-06-19 02:36:11"
"2020-04-23 00:00:00","D","3.928","4.748","2.240","6.000","2021-06-19 02:36:11"
"2020-04-23 06:00:00","D","3.186","4.508","2.558","6.000","2021-06-19 02:36:11"
"2020-04-23 12:00:00","D","1.078","3.028","-2.095","6.000","2021-06-19 02:36:11"
"2020-04-23 18:00:00","D","0.985","3.423","-2.870","6.000","2021-06-19 02:36:11"
"2020-04-24 00:00:00","D","-1.800","4.218","-9.073","6.000","2021-06-19 02:36:11"
"2020-04-24 06:00:00","D","2.177","3.930","-0.403","6.000","2021-06-19 02:36:11"
"2020-04-24 12:00:00","D","0.770","4.530","-5.015","6.000","2021-06-19 02:36:11"
"2020-04-24 18:00:00","D","0.917","5.145","-6.868","6.000","2021-06-19 02:36:11"
"2020-04-25 00:00:00","D","-5.242","-0.755","-9.113","6.000","2021-06-19 02:36:11"
"2020-04-25 06:00:00","D","1.453","4.503","-2.183","6.000","2021-06-19 02:36:11"
"2020-04-25 12:00:00","D","1.880","3.538","-0.083","6.000","2021-06-19 02:36:11"
"2020-04-25 18:00:00","D","0.304","3.973","-5.738","6.000","2021-06-19 02:36:11"
"2020-04-26 00:00:00","D","-0.951","3.005","-9.663","6.000","2021-06-19 02:36:11"
"2020-04-26 06:00:00","D","-0.448","4.160","-5.075","6.000","2021-06-19 02:36:11"
"2020-04-26 12:00:00","D","-0.070","2.625","-4.420","6.000","2021-06-19 02:36:11"
"2020-04-26 18:00:00","D","-0.443","4.663","-2.970","6.000","2021-06-19 02:36:11"
"2020-04-27 00:00:00","D","3.910","5.533","-0.850","6.000","2021-06-19 02:36:11"
"2020-04-27 06:00:00","D","1.069","4.535","-6.018","6.000","2021-06-19 02:36:11"
"2020-04-27 12:00:00","D","0.546","3.208","-4.108","6.000","2021-06-19 02:36:11"
"2020-04-27 18:00:00","D","-10.829","-4.043","-20.068","6.000","2021-06-19 02:36:11"
"2020-04-28 00:00:00","D","-0.239","2.838","-5.363","6.000","2021-06-19 02:36:11"
"2020-04-28 06:00:00","D","2.006","3.810","-1.448","6.000","2021-06-19 02:36:11"
"2020-04-28 12:00:00","D","3.309","6.020","0.088","6.000","2021-06-19 02:36:11"
"2020-04-28 18:00:00","D","5.495","6.078","4.923","6.000","2021-06-19 02:36:11"
"2020-04-29 00:00:00","D","6.451","6.783","6.233","6.000","2021-06-19 02:36:11"
"2020-04-29 06:00:00","D","7.096","7.370","6.888","6.000","2021-06-19 02:36:11"
"2020-04-29 12:00:00","D","4.807","7.270","-0.708","6.000","2021-06-19 02:36:11"
"2020-04-29 18:00:00","D","5.486","6.480","1.935","6.000","2021-06-19 02:36:11"
"2020-04-30 00:00:00","D","6.049","6.580","4.253","6.000","2021-06-19 02:36:11"
"2020-04-30 06:00:00","D","5.383","6.218","2.008","6.000","2021-06-19 02:36:11"
"2020-04-30 12:00:00","D","5.298","6.045","2.745","6.000","2021-06-19 02:36:11"
"2020-04-30 18:00:00","D","2.369","5.478","-4.498","6.000","2021-06-19 02:36:11"
"2020-05-01 00:00:00","D","6.873","7.203","6.598","6.000","2021-06-19 02:36:11"
"2020-05-01 06:00:00","D","7.663","8.270","7.278","6.000","2021-06-19 02:36:11"
"2020-05-01 12:00:00","D","5.934","6.998","3.423","6.000","2021-06-19 02:36:11"
"2020-05-01 18:00:00","D","1.918","4.320","0.020","6.000","2021-06-19 02:36:11"
"2020-05-02 00:00:00","D","4.689","5.923","3.198","6.000","2021-06-19 02:36:11"
"2020-05-02 06:00:00","D","5.930","6.055","5.725","6.000","2021-06-19 02:36:11"
"2020-05-02 12:00:00","D","4.718","5.660","2.710","6.000","2021-06-19 02:36:11"
"2020-05-02 18:00:00","D","5.026","7.150","3.263","6.000","2021-06-19 02:36:11"
"2020-05-03 00:00:00","D","4.380","5.620","3.013","6.000","2021-06-19 02:36:11"
"2020-05-03 06:00:00","D","3.496","5.563","-0.495","6.000","2021-06-19 02:36:11"
"2020-05-03 12:00:00","D","-1.334","2.233","-6.730","6.000","2021-06-19 02:36:11"
"2020-05-03 18:00:00","D","0.591","3.675","-6.443","6.000","2021-06-19 02:36:11"
"2020-05-04 00:00:00","D","2.263","4.508","-1.743","6.000","2021-06-19 02:36:11"
"2020-05-04 06:00:00","D","1.440","3.183","-0.555","6.000","2021-06-19 02:36:11"
"2020-05-04 12:00:00","D","-0.309","3.693","-2.980","6.000","2021-06-19 02:36:11"
"2020-05-04 18:00:00","D","0.326","2.268","-0.848","6.000","2021-06-19 02:36:11"
"2020-05-05 00:00:00","D","2.245","4.133","1.065","6.000","2021-06-19 02:36:11"
"2020-05-05 06:00:00","D","3.786","4.983","1.485","6.000","2021-06-19 02:36:11"
"2020-05-05 12:00:00","D","3.467","4.548","0.510","6.000","2021-06-19 02:36:11"
"2020-05-05 18:00:00","D","0.687","4.418","-1.215","6.000","2021-06-19 02:36:11"
"2020-05-06 00:00:00","D","0.232","3.440","-4.863","6.000","2021-06-19 02:36:11"
"2020-05-06 06:00:00","D","3.961","4.510","3.153","6.000","2021-06-19 02:36:11"
"2020-05-06 12:00:00","D","2.318","3.883","-0.550","6.000","2021-06-19 02:36:11"
"2020-05-06 18:00:00","D","-1.590","4.355","-7.365","6.000","2021-06-19 02:36:11"
"2020-05-07 00:00:00","D","-4.007","-0.780","-6.640","6.000","2021-06-19 02:36:11"
"2020-05-07 06:00:00","D","-0.429","3.883","-4.598","6.000","2021-06-19 02:36:11"
"2020-05-07 12:00:00","D","-0.788","4.353","-11.483","6.000","2021-06-19 02:36:11"
"2020-05-07 18:00:00","D","0.424","4.863","-2.648","6.000","2021-06-19 02:36:11"
"2020-05-08 00:00:00","D","7.850","25.225","-1.295","6.000","2021-06-19 02:36:11"
"2020-05-08 06:00:00","D","2.708","4.825","-0.213","6.000","2021-06-19 02:36:11"
"2020-05-08 12:00:00","D","-1.371","3.508","-4.685","6.000","2021-06-19 02:36:11"
"2020-05-08 18:00:00","D","1.141","4.973","-0.505","6.000","2021-06-19 02:36:11"
"2020-05-09 00:00:00","D","3.699","6.745","1.383","6.000","2021-06-19 02:36:11"
"2020-05-09 06:00:00","D","2.553","3.253","1.913","6.000","2021-06-19 02:36:11"
"2020-05-09 12:00:00","D","-0.459","3.498","-5.773","6.000","2021-06-19 02:36:11"
"2020-05-09 18:00:00","D","2.384","4.345","-4.138","6.000","2021-06-19 02:36:11"
"2020-05-10 00:00:00","D","1.506","4.363","-3.778","6.000","2021-06-19 02:36:11"
"2020-05-10 06:00:00","D","3.822","4.965","2.300","6.000","2021-06-19 02:36:11"
"2020-05-10 12:00:00","D","4.096","4.973","0.448","6.000","2021-06-19 02:36:11"
"2020-05-10 18:00:00","D","4.012","4.630","2.523","6.000","2021-06-19 02:36:11"
"2020-05-11 00:00:00","D","4.346","4.573","4.203","6.000","2021-06-19 02:36:11"
"2020-05-11 06:00:00","D","4.474","4.975","4.030","6.000","2021-06-19 02:36:11"
"2020-05-11 12:00:00","D","4.288","4.500","4.083","6.000","2021-06-19 02:36:11"
"2020-05-11 18:00:00","D","4.544","4.938","4.333","6.000","2021-06-19 02:36:11"
"2020-05-12 00:00:00","D","4.545","4.670","4.465","6.000","2021-06-19 02:36:11"
"2020-05-12 06:00:00","D","4.442","4.590","4.140","6.000","2021-06-19 02:36:11"
"2020-05-12 12:00:00","D","3.098","4.290","0.875","6.000","2021-06-19 02:36:11"
"2020-05-12 18:00:00","D","2.712","4.358","-2.385","6.000","2021-06-19 02:36:11"
"2020-05-13 00:00:00","D","-2.068","3.040","-15.898","6.000","2021-06-19 02:36:11"
"2020-05-13 06:00:00","D","3.289","4.455","1.528","6.000","2021-06-19 02:36:11"
"2020-05-13 12:00:00","D","4.372","4.495","4.220","6.000","2021-06-19 02:36:11"
"2020-05-13 18:00:00","D","4.710","5.868","4.293","6.000","2021-06-19 02:36:11"
"2020-05-14 00:00:00","D","4.347","4.483","4.190","6.000","2021-06-19 02:36:11"
"2020-05-14 06:00:00","D","4.404","4.555","4.165","6.000","2021-06-19 02:36:11"
"2020-05-14 12:00:00","D","4.209","4.640","3.903","6.000","2021-06-19 02:36:11"
"2020-05-14 18:00:00","D","3.066","4.255","1.703","6.000","2021-06-19 02:36:11"
"2020-05-15 00:00:00","D","2.963","3.970","2.060","6.000","2021-06-19 02:36:11"
"2020-05-15 06:00:00","D","3.923","4.573","2.315","6.000","2021-06-19 02:36:11"
"2020-05-15 12:00:00","D","1.730","4.418","-6.525","6.000","2021-06-19 02:36:11"
"2020-05-15 18:00:00","D","4.286","4.930","3.533","6.000","2021-06-19 02:36:11"
"2020-05-16 00:00:00","D","1.094","5.183","-5.350","6.000","2021-06-19 02:36:11"
"2020-05-16 06:00:00","D","0.115","1.980","-1.600","6.000","2021-06-19 02:36:11"
"2020-05-16 12:00:00","D","0.302","2.088","-1.018","6.000","2021-06-19 02:36:11"
"2020-05-16 18:00:00","D","2.578","5.508","-1.848","6.000","2021-06-19 02:36:11"
"2020-05-17 00:00:00","D","2.768","4.843","-2.200","6.000","2021-06-19 02:36:11"
"2020-05-17 06:00:00","D","2.670","3.958","0.565","6.000","2021-06-19 02:36:11"
"2020-05-17 12:00:00","D","-0.657","4.005","-8.008","6.000","2021-06-19 02:36:11"
"2020-05-17 18:00:00","D","0.815","6.790","-6.033","6.000","2021-06-19 02:36:11"
"2020-05-18 00:00:00","D","-3.831","2.663","-12.900","6.000","2021-06-19 02:36:11"
"2020-05-18 06:00:00","D","3.681","4.203","3.105","6.000","2021-06-19 02:36:11"
"2020-05-18 12:00:00","D","1.079","3.273","-5.340","6.000","2021-06-19 02:36:11"
"2020-05-18 18:00:00","D","0.339","3.488","-3.250","6.000","2021-06-19 02:36:11"
"2020-05-19 00:00:00","D","4.461","5.013","3.245","6.000","2021-06-19 02:36:11"
"2020-05-19 06:00:00","D","3.920","4.723","2.918","6.000","2021-06-19 02:36:11"
"2020-05-19 12:00:00","D","-3.508","1.095","-9.530","6.000","2021-06-19 02:36:11"
"2020-05-19 18:00:00","D","2.246","4.235","0.225","6.000","2021-06-19 02:36:11"
"2020-05-20 00:00:00","D","2.999","4.400","0.655","6.000","2021-06-19 02:36:11"
"2020-05-20 06:00:00","D","-7.773","-1.093","-14.023","6.000","2021-06-19 02:36:11"
"2020-05-20 12:00:00","D","-6.344","-2.293","-11.023","6.000","2021-06-19 02:36:11"
"2020-05-20 18:00:00","D","-0.937","2.220","-5.055","6.000","2021-06-19 02:36:11"
"2020-05-21 00:00:00","D","4.262","5.160","2.873","6.000","2021-06-19 02:36:11"
"2020-05-21 06:00:00","D","4.348","5.250","3.775","6.000","2021-06-19 02:36:11"
"2020-05-21 12:00:00","D","3.134","4.638","0.370","6.000","2021-06-19 02:36:11"
"2020-05-21 18:00:00","D","2.069","3.498","-1.045","6.000","2021-06-19 02:36:11"
"2020-05-22 00:00:00","D","3.428","4.150","2.315","6.000","2021-06-19 02:36:11"
"2020-05-22 06:00:00","D","2.721","4.030","-2.083","6.000","2021-06-19 02:36:11"
"2020-05-22 12:00:00","D","2.994","3.700","1.383","6.000","2021-06-19 02:36:11"
"2020-05-22 18:00:00","D","3.152","3.805","2.370","6.000","2021-06-19 02:36:11"
"2020-05-23 00:00:00","D","4.234","4.483","3.645","6.000","2021-06-19 02:36:11"
"2020-05-23 06:00:00","D","3.774","4.448","3.370","6.000","2021-06-19 02:36:11"
"2020-05-23 12:00:00","D","3.515","3.903","2.618","6.000","2021-06-19 02:36:11"
"2020-05-23 18:00:00","D","3.480","3.858","2.790","6.000","2021-06-19 02:36:11"
"2020-05-24 00:00:00","D","4.137","4.283","4.025","6.000","2021-06-19 02:36:11"
"2020-05-24 06:00:00","D","4.080","4.270","3.833","6.000","2021-06-19 02:36:11"
"2020-05-24 12:00:00","D","3.811","4.063","2.790","6.000","2021-06-19 02:36:11"
"2020-05-24 18:00:00","D","1.817","2.950","0.205","6.000","2021-06-19 02:36:11"
"2020-05-25 00:00:00","D","2.481","3.758","0.363","6.000","2021-06-19 02:36:11"
"2020-05-25 06:00:00","D","3.781","3.865","3.625","6.000","2021-06-19 02:36:11"
"2020-05-25 12:00:00","D","-0.629","3.978","-10.513","6.000","2021-06-19 02:36:11"
"2020-05-25 18:00:00","D","-0.665","3.210","-7.053","6.000","2021-06-19 02:36:11"
"2020-05-26 00:00:00","D","4.846","5.320","4.250","6.000","2021-06-19 02:36:11"
"2020-05-26 06:00:00","D","4.034","4.435","3.695","6.000","2021-06-19 02:36:11"
"2020-05-26 12:00:00","D","3.412","3.693","2.455","6.000","2021-06-19 02:36:11"
"2020-05-26 18:00:00","D","0.600","5.578","-3.560","6.000","2021-06-19 02:36:11"
"2020-05-27 00:00:00","D","0.196","3.333","-2.168","6.000","2021-06-19 02:36:11"
"2020-05-27 06:00:00","D","2.993","3.718","0.890","6.000","2021-06-19 02:36:11"
"2020-05-27 12:00:00","D","2.340","3.590","0.005","6.000","2021-06-19 02:36:11"
"2020-05-27 18:00:00","D","-0.103","2.938","-5.045","6.000","2021-06-19 02:36:11"
"2020-05-28 00:00:00","D","0.265","3.648","-5.383","6.000","2021-06-19 02:36:11"
"2020-05-28 06:00:00","D","4.211","4.748","3.973","6.000","2021-06-19 02:36:11"
"2020-05-28 12:00:00","D","0.922","3.950","-3.383","6.000","2021-06-19 02:36:11"
"2020-05-28 18:00:00","D","2.391","4.525","-0.588","6.000","2021-06-19 02:36:11"
"2020-05-29 00:00:00","D","3.511","4.053","1.128","6.000","2021-06-19 02:36:11"
"2020-05-29 06:00:00","D","0.598","3.975","-3.085","6.000","2021-06-19 02:36:11"
"2020-05-29 12:00:00","D","1.853","3.925","-0.583","6.000","2021-06-19 02:36:11"
"2020-05-29 18:00:00","D","3.198","6.828","-0.215","6.000","2021-06-19 02:36:11"
"2020-05-30 00:00:00","D","1.991","3.830","-1.843","6.000","2021-06-19 02:36:11"
"2020-05-30 06:00:00","D","3.788","3.963","3.690","6.000","2021-06-19 02:36:11"
"2020-05-30 12:00:00","D","2.952","3.873","1.280","6.000","2021-06-19 02:36:11"
"2020-05-30 18:00:00","D","3.945","9.023","0.615","6.000","2021-06-19 02:36:11"
"2020-05-31 00:00:00","D","1.475","4.328","-5.873","6.000","2021-06-19 02:36:11"
"2020-05-31 06:00:00","D","3.810","3.935","3.713","6.000","2021-06-19 02:36:11"
"2020-05-31 12:00:00","D","1.651","3.640","-0.815","6.000","2021-06-19 02:36:11"
"2020-05-31 18:00:00","D","2.164","5.135","-1.600","6.000","2021-06-19 02:36:11"
"2020-06-01 00:00:00","D","1.471","4.180","-3.145","6.000","2021-06-19 02:36:11"
"2020-06-01 06:00:00","D","-5.110","-4.110","-5.918","6.000","2021-06-19 02:36:11"
"2020-06-01 12:00:00","D","1.072","3.765","-3.708","6.000","2021-06-19 02:36:11"
"2020-06-01 18:00:00","D","2.094","3.535","0.563","6.000","2021-06-19 02:36:11"
"2020-06-02 00:00:00","D","3.372","3.603","3.053","6.000","2021-06-19 02:36:11"
"2020-06-02 06:00:00","D","3.725","3.913","3.550","6.000","2021-06-19 02:36:11"
"2020-06-02 12:00:00","D","2.972","4.043","2.073","6.000","2021-06-19 02:36:11"
"2020-06-02 18:00:00","D","0.675","2.828","-1.418","6.000","2021-06-19 02:36:11"
"2020-06-03 00:00:00","D","3.515","4.125","3.068","6.000","2021-06-19 02:36:11"
"2020-06-03 06:00:00","D","3.735","3.888","3.628","6.000","2021-06-19 02:36:11"
"2020-06-03 12:00:00","D","3.749","3.985","3.503","6.000","2021-06-19 02:36:11"
"2020-06-03 18:00:00","D","3.750","3.905","3.575","6.000","2021-06-19 02:36:11"
"2020-06-04 00:00:00","D","3.753","3.870","3.658","6.000","2021-06-19 02:38:12"
"2020-06-04 06:00:00","D","3.695","3.865","3.573","6.000","2021-06-19 02:38:12"
"2020-06-04 12:00:00","D","3.658","3.780","3.615","6.000","2021-06-19 02:38:12"
"2020-06-04 18:00:00","D","3.906","4.118","3.780","6.000","2021-06-19 02:38:12"
"2020-06-05 00:00:00","D","3.844","3.988","3.705","6.000","2021-06-19 02:38:12"
"2020-06-05 06:00:00","D","3.844","3.915","3.690","6.000","2021-06-19 02:38:12"
"2020-06-05 12:00:00","D","3.875","3.978","3.775","6.000","2021-06-19 02:38:12"
"2020-06-05 18:00:00","D","4.144","4.408","3.973","6.000","2021-06-19 02:38:12"
"2020-06-06 00:00:00","D","4.142","4.213","4.053","6.000","2021-06-19 02:38:12"
"2020-06-06 06:00:00","D","4.154","4.328","4.000","6.000","2021-06-19 02:38:12"
"2020-06-06 12:00:00","D","4.024","4.173","3.943","6.000","2021-06-19 02:38:12"
"2020-06-06 18:00:00","D","4.117","4.575","3.835","6.000","2021-06-19 02:38:12"
"2020-06-07 00:00:00","D","4.632","4.903","4.443","6.000","2021-06-19 02:38:12"
"2020-06-07 06:00:00","D","4.947","5.035","4.795","6.000","2021-06-19 02:38:12"
"2020-06-07 12:00:00","D","4.512","4.868","3.170","6.000","2021-06-19 02:38:12"
"2020-06-07 18:00:00","D","4.113","5.178","1.568","6.000","2021-06-19 02:38:12"
"2020-06-08 00:00:00","D","4.721","5.185","4.425","6.000","2021-06-19 02:38:12"
"2020-06-08 06:00:00","D","4.313","4.490","4.058","6.000","2021-06-19 02:38:12"
"2020-06-08 12:00:00","D","4.105","4.170","4.028","6.000","2021-06-19 02:38:12"
"2020-06-08 18:00:00","D","4.387","4.483","4.285","6.000","2021-06-19 02:38:12"
"2020-06-09 00:00:00","D","4.360","4.418","4.230","6.000","2021-06-19 02:38:12"
"2020-06-09 06:00:00","D","4.215","4.448","3.998","6.000","2021-06-19 02:38:12"
"2020-06-09 12:00:00","D","2.035","4.013","-2.898","6.000","2021-06-19 02:38:12"
"2020-06-09 18:00:00","D","1.989","4.063","0.418","6.000","2021-06-19 02:38:12"
"2020-06-10 00:00:00","D","-2.005","3.455","-11.048","6.000","2021-06-19 02:38:12"
"2020-06-10 06:00:00","D","3.766","4.683","2.668","6.000","2021-06-19 02:38:12"
"2020-06-10 12:00:00","D","3.690","4.000","3.408","6.000","2021-06-19 02:38:12"
"2020-06-10 18:00:00","D","3.957","4.400","3.458","6.000","2021-06-19 02:38:12"
"2020-06-11 00:00:00","D","4.308","4.533","4.175","6.000","2021-06-19 02:38:12"
"2020-06-11 06:00:00","D","4.109","4.298","3.845","6.000","2021-06-19 02:38:12"
"2020-06-11 12:00:00","D","3.890","4.045","3.795","6.000","2021-06-19 02:38:12"
"2020-06-11 18:00:00","D","4.182","4.380","3.950","6.000","2021-06-19 02:38:12"
"2020-06-12 00:00:00","D","4.258","4.418","4.025","6.000","2021-06-19 02:38:12"
"2020-06-12 06:00:00","D","4.282","4.470","4.103","6.000","2021-06-19 02:38:12"
"2020-06-12 12:00:00","D","3.950","4.138","3.665","6.000","2021-06-19 02:38:12"
"2020-06-12 18:00:00","D","1.634","4.450","0.143","6.000","2021-06-19 02:38:12"
"2020-06-13 00:00:00","D","4.404","4.630","4.143","6.000","2021-06-19 02:38:12"
"2020-06-13 06:00:00","D","4.024","4.183","3.868","6.000","2021-06-19 02:38:12"
"2020-06-13 12:00:00","D","2.210","4.013","-2.760","6.000","2021-06-19 02:38:12"
"2020-06-13 18:00:00","D","-2.392","1.975","-6.388","6.000","2021-06-19 02:38:12"
"2020-06-14 00:00:00","D","2.757","4.578","-2.693","6.000","2021-06-19 02:38:12"
"2020-06-14 06:00:00","D","4.119","4.445","3.773","6.000","2021-06-19 02:38:12"
"2020-06-14 12:00:00","D","3.156","3.928","2.455","6.000","2021-06-19 02:38:12"
"2020-06-14 18:00:00","D","1.866","3.703","-1.455","6.000","2021-06-19 02:38:12"
"2020-06-15 00:00:00","D","3.128","6.550","-0.993","6.000","2021-06-19 02:38:12"
"2020-06-15 06:00:00","D","4.062","4.330","3.755","6.000","2021-06-19 02:38:12"
"2020-06-15 12:00:00","D","0.772","3.945","-3.738","6.000","2021-06-19 02:38:12"
"2020-06-15 18:00:00","D","-1.315","0.418","-3.503","6.000","2021-06-19 02:38:12"
"2020-06-16 00:00:00","D","4.167","4.550","3.373","6.000","2021-06-19 02:38:12"
"2020-06-16 06:00:00","D","4.275","4.613","3.848","6.000","2021-06-19 02:38:12"
"2020-06-16 12:00:00","D","-3.399","3.640","-13.585","6.000","2021-06-19 02:38:12"
"2020-06-16 18:00:00","D","-3.063","2.785","-9.963","6.000","2021-06-19 02:38:12"
"2020-06-17 00:00:00","D","-1.431","4.100","-8.008","6.000","2021-06-19 02:38:12"
"2020-06-17 06:00:00","D","4.239","4.603","3.955","6.000","2021-06-19 02:38:12"
"2020-06-17 12:00:00","D","-0.413","3.885","-12.580","6.000","2021-06-19 02:38:12"
"2020-06-17 18:00:00","D","-1.839","2.890","-8.105","6.000","2021-06-19 02:38:12"
"2020-06-18 00:00:00","D","-2.526","4.600","-9.885","6.000","2021-06-19 02:38:12"
"2020-06-18 06:00:00","D","7.581","11.100","-1.613","6.000","2021-06-19 02:38:12"
"2020-06-18 12:00:00","D","11.363","14.400","9.953","6.000","2021-06-19 02:38:12"
"2020-06-18 18:00:00","D","9.389","15.500","4.590","6.000","2021-06-19 02:38:12"
"2020-06-19 00:00:00","D","8.855","11.025","0.633","6.000","2021-06-19 02:38:12"
"2020-06-19 06:00:00","D","9.017","10.675","7.628","6.000","2021-06-19 02:38:12"
"2020-06-19 12:00:00","D","7.704","8.008","7.480","6.000","2021-06-19 02:38:12"
"2020-06-19 18:00:00","D","7.259","7.695","6.835","6.000","2021-06-19 02:38:12"
"2020-06-20 00:00:00","D","7.512","7.715","7.373","6.000","2021-06-19 02:38:12"
"2020-06-20 06:00:00","D","7.079","7.560","6.798","6.000","2021-06-19 02:38:12"
"2020-06-20 12:00:00","D","5.289","6.790","4.340","6.000","2021-06-19 02:38:12"
"2020-06-20 18:00:00","D","3.185","4.820","0.215","6.000","2021-06-19 02:38:12"
"2020-06-21 00:00:00","D","5.108","5.868","4.118","6.000","2021-06-19 02:38:12"
"2020-06-21 06:00:00","D","5.432","5.603","5.315","6.000","2021-06-19 02:38:12"
"2020-06-21 12:00:00","D","4.985","5.343","4.593","6.000","2021-06-19 02:38:12"
"2020-06-21 18:00:00","D","-1.992","1.258","-9.478","6.000","2021-06-19 02:38:12"
"2020-06-22 00:00:00","D","4.592","4.915","3.885","6.000","2021-06-19 02:38:12"
"2020-06-22 06:00:00","D","5.008","5.143","4.873","6.000","2021-06-19 02:38:12"
"2020-06-22 12:00:00","D","4.115","5.050","3.070","6.000","2021-06-19 02:38:12"
"2020-06-22 18:00:00","D","1.643","3.345","-4.740","6.000","2021-06-19 02:38:12"
"2020-06-23 00:00:00","D","4.667","4.983","3.953","6.000","2021-06-19 02:38:12"
"2020-06-23 06:00:00","D","4.866","4.985","4.698","6.000","2021-06-19 02:38:12"
"2020-06-23 12:00:00","D","3.677","4.790","2.388","6.000","2021-06-19 02:38:12"
"2020-06-23 18:00:00","D","-4.021","2.015","-12.018","6.000","2021-06-19 02:38:12"
"2020-06-24 00:00:00","D","4.081","5.085","1.045","6.000","2021-06-19 02:38:12"
"2020-06-24 06:00:00","D","4.534","4.903","4.265","6.000","2021-06-19 02:38:12"
"2020-06-24 12:00:00","D","2.005","4.445","-5.738","6.000","2021-06-19 02:38:12"
"2020-06-24 18:00:00","D","-3.328","6.933","-11.740","6.000","2021-06-19 02:38:12"
"2020-06-25 00:00:00","D","-0.957","4.203","-4.830","6.000","2021-06-19 02:38:12"
"2020-06-25 06:00:00","D","4.107","4.245","3.885","6.000","2021-06-19 02:38:12"
"2020-06-25 12:00:00","D","1.511","4.045","-10.520","6.000","2021-06-19 02:38:12"
"2020-06-25 18:00:00","D","4.985","33.065","-6.743","6.000","2021-06-19 02:38:12"
"2020-06-26 00:00:00","D","0.111","4.063","-8.585","6.000","2021-06-19 02:38:12"
"2020-06-26 06:00:00","D","3.971","4.063","3.780","6.000","2021-06-19 02:38:12"
"2020-06-26 12:00:00","D","-0.752","3.820","-7.720","6.000","2021-06-19 02:38:12"
"2020-06-26 18:00:00","D","-3.132","-0.023","-5.350","6.000","2021-06-19 02:38:12"
"2020-06-27 00:00:00","D","3.694","4.385","1.660","6.000","2021-06-19 02:38:12"
"2020-06-27 06:00:00","D","4.206","4.395","4.045","6.000","2021-06-19 02:38:12"
"2020-06-27 12:00:00","D","4.207","4.375","4.098","6.000","2021-06-19 02:38:12"
"2020-06-27 18:00:00","D","2.729","3.643","1.345","6.000","2021-06-19 02:38:12"
"2020-06-28 00:00:00","D","4.154","4.433","3.720","6.000","2021-06-19 02:38:12"
"2020-06-28 06:00:00","D","4.063","4.328","3.783","6.000","2021-06-19 02:38:12"
"2020-06-28 12:00:00","D","2.080","5.818","-1.593","6.000","2021-06-19 02:38:12"
"2020-06-28 18:00:00","D","-1.558","2.743","-4.710","6.000","2021-06-19 02:38:12"
"2020-06-29 00:00:00","D","3.271","4.073","2.038","6.000","2021-06-19 02:38:12"
"2020-06-29 06:00:00","D","3.623","4.043","2.595","6.000","2021-06-19 02:38:12"
"2020-06-29 12:00:00","D","3.150","3.910","2.253","6.000","2021-06-19 02:38:12"
"2020-06-29 18:00:00","D","1.755","2.805","-0.245","6.000","2021-06-19 02:38:12"
"2020-06-30 00:00:00","D","3.541","4.160","3.065","6.000","2021-06-19 02:38:12"
"2020-06-30 06:00:00","D","3.500","3.955","2.860","6.000","2021-06-19 02:38:12"
"2020-06-30 12:00:00","D","3.423","3.695","2.930","6.000","2021-06-19 02:38:12"
"2020-06-30 18:00:00","D","-3.722","1.433","-7.373","6.000","2021-06-19 02:38:12"
"2020-07-01 00:00:00","D","-3.723","-0.460","-9.520","6.000","2021-06-19 02:38:12"
"2020-07-01 06:00:00","D","-2.701","3.348","-8.603","6.000","2021-06-19 02:38:12"
"2020-07-01 12:00:00","D","-6.801","-1.298","-18.125","6.000","2021-06-19 02:38:12"
"2020-07-01 18:00:00","D","-4.667","-0.505","-11.155","6.000","2021-06-19 02:38:12"
"2020-07-02 00:00:00","D","-6.567","-5.738","-8.150","6.000","2021-06-19 02:38:12"
"2020-07-02 06:00:00","D","-7.083","-0.328","-11.205","6.000","2021-06-19 02:38:12"
"2020-07-02 12:00:00","D","-2.966","0.635","-7.295","6.000","2021-06-19 02:38:12"
"2020-07-02 18:00:00","D","-3.893","1.260","-8.050","6.000","2021-06-19 02:38:12"
"2020-07-03 00:00:00","D","-9.558","1.670","-14.645","6.000","2021-06-19 02:38:12"
"2020-07-03 06:00:00","D","-7.518","-1.003","-15.375","6.000","2021-06-19 02:38:12"
"2020-07-03 12:00:00","D","-2.683","1.338","-8.218","6.000","2021-06-19 02:38:12"
"2020-07-03 18:00:00","D","0.476","2.340","-1.498","6.000","2021-06-19 02:38:12"
"2020-07-04 00:00:00","D","1.029","4.935","-3.873","6.000","2021-06-19 02:38:12"
"2020-07-04 06:00:00","D","-4.132","2.695","-7.700","6.000","2021-06-19 02:38:12"
"2020-07-04 12:00:00","D","-7.462","-2.798","-12.833","6.000","2021-06-19 02:38:12"
"2020-07-04 18:00:00","D","0.616","2.773","-2.125","6.000","2021-06-19 02:38:12"
"2020-07-05 00:00:00","D","0.965","3.850","-4.600","6.000","2021-06-19 02:38:12"
"2020-07-05 06:00:00","D","0.356","1.278","-1.025","6.000","2021-06-19 02:38:12"
"2020-07-05 12:00:00","D","-5.442","-0.033","-13.018","6.000","2021-06-19 02:38:12"
"2020-07-05 18:00:00","D","-3.024","-0.095","-5.148","6.000","2021-06-19 02:38:12"
"2020-07-06 00:00:00","D","0.821","3.468","-2.230","6.000","2021-06-19 02:38:12"
"2020-07-06 06:00:00","D","0.128","3.555","-1.803","6.000","2021-06-19 02:38:12"
"2020-07-06 12:00:00","D","-1.397","1.045","-5.828","6.000","2021-06-19 02:38:12"
"2020-07-06 18:00:00","D","-5.408","-1.553","-10.015","6.000","2021-06-19 02:38:12"
"2020-07-07 00:00:00","D","-3.527","0.605","-6.655","6.000","2021-06-19 02:38:12"
"2020-07-07 06:00:00","D","3.312","3.543","3.148","6.000","2021-06-19 02:38:12"
"2020-07-07 12:00:00","D","2.813","3.110","2.270","6.000","2021-06-19 02:38:12"
"2020-07-07 18:00:00","D","-5.362","2.403","-22.000","6.000","2021-06-19 02:38:12"
"2020-07-08 00:00:00","D","-3.581","2.683","-10.075","6.000","2021-06-19 02:38:12"
"2020-07-08 06:00:00","D","3.454","4.365","2.335","6.000","2021-06-19 02:38:12"
"2020-07-08 12:00:00","D","2.559","4.030","-0.338","6.000","2021-06-19 02:38:12"
"2020-07-08 18:00:00","D","8.949","19.088","2.925","6.000","2021-06-19 02:38:12"
"2020-07-09 00:00:00","D","-2.549","6.223","-12.338","6.000","2021-06-19 02:38:12"
"2020-07-09 06:00:00","D","0.441","4.495","-14.798","6.000","2021-06-19 02:38:12"
"2020-07-09 12:00:00","D","2.200","4.705","-0.480","6.000","2021-06-19 02:38:12"
"2020-07-09 18:00:00","D","2.285","5.200","-3.043","6.000","2021-06-19 02:38:12"
"2020-07-10 00:00:00","D","5.249","5.425","5.170","6.000","2021-06-19 02:38:12"
"2020-07-10 06:00:00","D","5.389","5.508","5.275","6.000","2021-06-19 02:38:12"
"2020-07-10 12:00:00","D","5.512","5.788","5.333","6.000","2021-06-19 02:38:12"
"2020-07-10 18:00:00","D","5.793","5.950","5.608","6.000","2021-06-19 02:38:12"
"2020-07-11 00:00:00","D","4.390","7.808","0.210","6.000","2021-06-19 02:38:12"
"2020-07-11 06:00:00","D","4.095","4.990","2.865","6.000","2021-06-19 02:38:12"
"2020-07-11 12:00:00","D","-3.037","4.485","-16.853","6.000","2021-06-19 02:38:12"
"2020-07-11 18:00:00","D","-1.159","4.585","-9.478","6.000","2021-06-19 02:38:12"
"2020-07-12 00:00:00","D","4.142","4.745","3.698","6.000","2021-06-19 02:38:12"
"2020-07-12 06:00:00","D","3.909","4.370","3.543","6.000","2021-06-19 02:38:12"
"2020-07-12 12:00:00","D","1.199","4.250","-5.383","6.000","2021-06-19 02:38:12"
"2020-07-12 18:00:00","D","3.972","4.078","3.858","6.000","2021-06-19 02:38:12"
"2020-07-13 00:00:00","D","0.988","3.980","-6.473","6.000","2021-06-19 02:38:12"
"2020-07-13 06:00:00","D","2.579","3.750","-2.435","6.000","2021-06-19 02:38:12"
"2020-07-13 12:00:00","D","3.502","19.013","-5.688","6.000","2021-06-19 02:38:12"
"2020-07-13 18:00:00","D","2.924","3.668","-0.413","6.000","2021-06-19 02:38:12"
"2020-07-14 00:00:00","D","3.712","4.355","3.423","6.000","2021-06-19 02:38:12"
"2020-07-14 06:00:00","D","3.495","3.543","3.445","6.000","2021-06-19 02:38:12"
"2020-07-14 12:00:00","D","3.559","3.845","3.330","6.000","2021-06-19 02:38:12"
"2020-07-14 18:00:00","D","3.999","4.130","3.865","6.000","2021-06-19 02:38:12"
"2020-07-15 00:00:00","D","3.652","4.050","3.005","6.000","2021-06-19 02:38:12"
"2020-07-15 06:00:00","D","3.611","3.813","3.288","6.000","2021-06-19 02:38:12"
"2020-07-15 12:00:00","D","1.660","3.675","-7.765","6.000","2021-06-19 02:38:12"
"2020-07-15 18:00:00","D","1.892","3.910","-7.483","6.000","2021-06-19 02:38:12"
"2020-07-16 00:00:00","D","5.476","14.735","3.490","6.000","2021-06-19 02:38:12"
"2020-07-16 06:00:00","D","3.393","3.525","3.210","6.000","2021-06-19 02:38:12"
"2020-07-16 12:00:00","D","3.183","3.763","2.335","6.000","2021-06-19 02:38:12"
"2020-07-16 18:00:00","D","1.690","3.730","-3.790","6.000","2021-06-19 02:38:12"
"2020-07-17 00:00:00","D","3.706","3.823","3.600","6.000","2021-06-19 02:38:12"
"2020-07-17 06:00:00","D","3.447","3.613","3.273","6.000","2021-06-19 02:38:12"
"2020-07-17 12:00:00","D","1.757","3.413","-6.133","6.000","2021-06-19 02:38:12"
"2020-07-17 18:00:00","D","-3.292","3.710","-20.638","6.000","2021-06-19 02:38:12"
"2020-07-18 00:00:00","D","6.247","15.295","2.665","6.000","2021-06-19 02:38:12"
"2020-07-18 06:00:00","D","0.636","6.338","-8.403","6.000","2021-06-19 02:38:12"
"2020-07-18 12:00:00","D","-0.380","3.148","-6.690","6.000","2021-06-19 02:38:12"
"2020-07-18 18:00:00","D","-0.774","3.333","-8.170","6.000","2021-06-19 02:38:12"
"2020-07-19 00:00:00","D","1.590","3.410","-2.398","6.000","2021-06-19 02:38:12"
"2020-07-19 06:00:00","D","2.869","4.490","0.738","6.000","2021-06-19 02:38:12"
"2020-07-19 12:00:00","D","2.068","3.335","-0.328","6.000","2021-06-19 02:38:12"
"2020-07-19 18:00:00","D","4.146","23.280","-10.703","6.000","2021-06-19 02:38:12"
"2020-07-20 00:00:00","D","1.473","3.270","-0.488","6.000","2021-06-19 02:38:12"
"2020-07-20 06:00:00","D","4.354","12.725","1.070","6.000","2021-06-19 02:38:12"
"2020-07-20 12:00:00","D","3.128","3.283","2.958","6.000","2021-06-19 02:38:12"
"2020-07-20 18:00:00","D","3.115","3.460","2.695","6.000","2021-06-19 02:38:12"
"2020-07-21 00:00:00","D","3.279","3.463","3.168","6.000","2021-06-19 02:38:12"
"2020-07-21 06:00:00","D","3.094","3.415","2.828","6.000","2021-06-19 02:38:12"
"2020-07-21 12:00:00","D","3.054","3.233","2.810","6.000","2021-06-19 02:38:12"
"2020-07-21 18:00:00","D","3.236","3.370","3.088","6.000","2021-06-19 02:38:12"
"2020-07-22 00:00:00","D","3.229","3.338","3.100","6.000","2021-06-19 02:38:12"
"2020-07-22 06:00:00","D","2.913","3.163","2.415","6.000","2021-06-19 02:38:12"
"2020-07-22 12:00:00","D","1.719","3.220","-4.065","6.000","2021-06-19 02:38:12"
"2020-07-22 18:00:00","D","3.034","3.120","2.943","6.000","2021-06-19 02:38:12"
"2020-07-23 00:00:00","D","3.245","3.393","3.120","6.000","2021-06-19 02:38:12"
"2020-07-23 06:00:00","D","2.748","2.953","2.590","6.000","2021-06-19 02:38:12"
"2020-07-23 12:00:00","D","3.523","6.888","2.630","6.000","2021-06-19 02:38:12"
"2020-07-23 18:00:00","D","4.054","7.280","3.023","6.000","2021-06-19 02:38:12"
"2020-07-24 00:00:00","D","3.528","5.410","3.008","6.000","2021-06-19 02:38:12"
"2020-07-24 06:00:00","D","2.690","3.045","2.435","6.000","2021-06-19 02:38:12"
"2020-07-24 12:00:00","D","2.774","2.960","2.608","6.000","2021-06-19 02:38:12"
"2020-07-24 18:00:00","D","2.973","3.045","2.915","6.000","2021-06-19 02:38:12"
"2020-07-25 00:00:00","D","2.973","3.223","2.795","6.000","2021-06-19 02:38:12"
"2020-07-25 06:00:00","D","2.686","2.858","2.545","6.000","2021-06-19 02:38:12"
"2020-07-25 12:00:00","D","2.619","3.010","2.355","6.000","2021-06-19 02:38:12"
"2020-07-25 18:00:00","D","3.028","3.330","2.865","6.000","2021-06-19 02:38:12"
"2020-07-26 00:00:00","D","3.344","3.533","3.170","6.000","2021-06-19 02:38:12"
"2020-07-26 06:00:00","D","3.026","3.135","2.798","6.000","2021-06-19 02:38:12"
"2020-07-26 12:00:00","D","3.760","4.295","3.173","6.000","2021-06-19 02:38:12"
"2020-07-26 18:00:00","D","4.214","4.530","4.108","6.000","2021-06-19 02:38:12"
"2020-07-27 00:00:00","D","3.795","4.035","3.530","6.000","2021-06-19 02:38:12"
"2020-07-27 06:00:00","D","3.558","3.890","3.415","6.000","2021-06-19 02:38:12"
"2020-07-27 12:00:00","D","3.286","3.463","3.165","6.000","2021-06-19 02:38:12"
"2020-07-27 18:00:00","D","3.502","3.670","3.293","6.000","2021-06-19 02:38:12"
"2020-07-28 00:00:00","D","3.511","3.700","3.353","6.000","2021-06-19 02:38:12"
"2020-07-28 06:00:00","D","3.201","3.408","2.973","6.000","2021-06-19 02:38:12"
"2020-07-28 12:00:00","D","3.375","4.025","2.978","6.000","2021-06-19 02:38:12"
"2020-07-28 18:00:00","D","3.380","3.528","3.283","6.000","2021-06-19 02:38:12"
"2020-07-29 00:00:00","D","3.832","5.940","3.245","6.000","2021-06-19 02:38:12"
"2020-07-29 06:00:00","D","3.192","3.328","2.980","6.000","2021-06-19 02:38:12"
"2020-07-29 12:00:00","D","2.998","3.383","2.350","6.000","2021-06-19 02:38:12"
"2020-07-29 18:00:00","D","3.441","4.018","3.270","6.000","2021-06-19 02:38:12"
"2020-07-30 00:00:00","D","3.510","3.793","3.305","6.000","2021-06-19 02:38:12"
"2020-07-30 06:00:00","D","3.258","4.573","2.763","6.000","2021-06-19 02:38:12"
"2020-07-30 12:00:00","D","3.182","4.513","2.715","6.000","2021-06-19 02:38:12"
"2020-07-30 18:00:00","D","3.205","3.373","3.053","6.000","2021-06-19 02:38:12"
"2020-07-31 00:00:00","D","3.408","3.518","3.335","6.000","2021-06-19 02:38:12"
"2020-07-31 06:00:00","D","1.819","2.878","-0.103","6.000","2021-06-19 02:38:12"
"2020-07-31 12:00:00","D","2.484","3.308","1.828","6.000","2021-06-19 02:38:12"
"2020-07-31 18:00:00","D","2.977","4.225","2.398","6.000","2021-06-19 02:38:12"
"2020-08-01 00:00:00","D","3.128","3.225","2.990","6.000","2021-06-19 02:38:12"
"2020-08-01 06:00:00","D","1.919","2.498","1.190","6.000","2021-06-19 02:38:12"
"2020-08-01 12:00:00","D","2.830","4.140","1.845","6.000","2021-06-19 02:38:12"
"2020-08-01 18:00:00","D","3.194","5.463","2.103","6.000","2021-06-19 02:38:12"
"2020-08-02 00:00:00","D","3.097","4.648","2.615","6.000","2021-06-19 02:38:12"
"2020-08-02 06:00:00","D","3.228","5.778","2.058","6.000","2021-06-19 02:38:12"
"2020-08-02 12:00:00","D","2.333","3.115","1.725","6.000","2021-06-19 02:38:12"
"2020-08-02 18:00:00","D","2.666","3.218","1.985","6.000","2021-06-19 02:38:12"
"2020-08-03 00:00:00","D","3.012","4.733","2.050","6.000","2021-06-19 02:38:12"
"2020-08-03 06:00:00","D","2.878","4.165","2.105","6.000","2021-06-19 02:38:12"
"2020-08-03 12:00:00","D","3.267","9.673","1.255","6.000","2021-06-19 02:38:12"
"2020-08-03 18:00:00","D","3.047","6.500","1.305","6.000","2021-06-19 02:38:12"
"2020-08-04 00:00:00","D","2.407","3.225","1.328","6.000","2021-06-19 02:38:12"
"2020-08-04 06:00:00","D","1.715","2.448","1.185","6.000","2021-06-19 02:38:12"
"2020-08-04 12:00:00","D","1.114","2.098","0.335","6.000","2021-06-19 02:38:12"
"2020-08-04 18:00:00","D","1.980","3.383","0.605","6.000","2021-06-19 02:38:12"
"2020-08-05 00:00:00","D","2.041","2.813","1.318","6.000","2021-06-19 02:38:12"
"2020-08-05 06:00:00","D","1.199","2.368","0.463","6.000","2021-06-19 02:38:12"
"2020-08-05 12:00:00","D","0.982","1.328","0.470","6.000","2021-06-19 02:38:12"
"2020-08-05 18:00:00","D","1.201","2.065","0.608","6.000","2021-06-19 02:38:12"
"2020-08-06 00:00:00","D","2.188","7.668","0.695","6.000","2021-06-19 02:38:12"
"2020-08-06 06:00:00","D","3.845","18.000","0.555","6.000","2021-06-19 02:38:12"
"2020-08-06 12:00:00","D","1.195","1.875","0.548","6.000","2021-06-19 02:38:12"
"2020-08-06 18:00:00","D","0.661","1.965","-3.123","6.000","2021-06-19 02:38:12"
"2020-08-07 00:00:00","D","1.547","2.995","0.638","6.000","2021-06-19 02:38:12"
"2020-08-07 06:00:00","D","1.909","5.003","0.703","6.000","2021-06-19 02:38:12"
"2020-08-07 12:00:00","D","0.787","1.303","0.000","6.000","2021-06-19 02:38:12"
"2020-08-07 18:00:00","D","4.347","22.975","0.000","6.000","2021-06-19 02:38:12"
"2020-08-08 00:00:00","D","1.132","2.850","0.565","6.000","2021-06-19 02:38:12"
"2020-08-08 06:00:00","D","0.559","1.925","0.000","6.000","2021-06-19 02:38:12"
"2020-08-08 12:00:00","D","0.174","0.610","0.000","6.000","2021-06-19 02:38:12"
"2020-08-08 18:00:00","D","0.000","0.000","0.000","6.000","2021-06-19 02:38:12"
"2020-08-09 00:00:00","D","0.000","0.000","0.000","6.000","2021-06-19 02:38:12"
"2020-08-09 06:00:00","D","0.000","0.000","0.000","6.000","2021-06-19 02:38:12"
"2020-08-09 12:00:00","D","0.000","0.000","0.000","6.000","2021-06-19 02:38:12"
"2020-08-09 18:00:00","D","0.152","0.910","0.000","6.000","2021-06-19 02:38:12"
"2020-08-10 00:00:00","D","0.000","0.000","0.000","6.000","2021-06-19 02:38:12"
"2020-08-10 06:00:00","D","0.000","0.000","0.000","6.000","2021-06-19 02:38:12"
"2020-08-10 12:00:00","D","0.000","0.000","0.000","6.000","2021-06-19 02:38:12"
"2020-08-10 18:00:00","D","0.000","0.000","0.000","6.000","2021-06-19 02:38:12"
"2020-08-11 00:00:00","D","0.000","0.000","0.000","6.000","2021-06-19 02:38:12"
"2020-08-11 06:00:00","D","0.000","0.000","0.000","6.000","2021-06-19 02:38:12"
"2020-08-11 12:00:00","D","0.000","0.000","0.000","6.000","2021-06-19 02:38:12"
"2020-08-11 18:00:00","D","0.000","0.000","0.000","6.000","2021-06-19 02:38:12"
"2020-08-12 00:00:00","D","0.000","0.000","0.000","6.000","2021-06-19 02:38:12"
"2020-08-12 06:00:00","D","0.000","0.000","0.000","6.000","2021-06-19 02:38:12"
"2020-08-12 12:00:00","D","0.000","0.000","0.000","6.000","2021-06-19 02:38:12"
"2020-08-12 18:00:00","D","0.000","0.000","0.000","6.000","2021-06-19 02:38:12"
"2020-08-13 00:00:00","D","0.000","0.000","0.000","6.000","2021-06-19 02:38:12"
"2020-08-13 06:00:00","D","0.000","0.000","0.000","6.000","2021-06-19 02:38:12"
"2020-08-13 12:00:00","D","0.000","0.000","0.000","6.000","2021-06-19 02:38:12"
"2020-08-13 18:00:00","D","0.000","0.000","0.000","6.000","2021-06-19 02:38:12"
"2020-08-14 00:00:00","D","0.000","0.000","0.000","6.000","2021-06-19 02:38:12"
"2020-08-14 06:00:00","D","0.000","0.000","0.000","6.000","2021-06-19 02:38:12"
"2020-08-14 12:00:00","D","0.000","0.000","0.000","6.000","2021-06-19 02:38:12"
"2020-08-14 18:00:00","D","0.000","0.000","0.000","6.000","2021-06-19 02:38:12"
"2020-08-15 00:00:00","D","0.000","0.000","0.000","6.000","2021-06-19 02:38:12"
"2020-08-15 06:00:00","D","0.000","0.000","0.000","6.000","2021-06-19 02:38:12"
"2020-08-15 12:00:00","D","0.000","0.000","0.000","6.000","2021-06-19 02:38:12"
"2020-08-15 18:00:00","D","0.000","0.000","0.000","6.000","2021-06-19 02:38:12"
"2020-08-16 00:00:00","D","0.000","0.000","0.000","6.000","2021-06-19 02:38:12"
"2020-08-16 06:00:00","D","0.000","0.000","0.000","6.000","2021-06-19 02:38:12"
"2020-08-16 12:00:00","D","0.000","0.000","0.000","6.000","2021-06-19 02:38:12"
"2020-08-16 18:00:00","D","0.000","0.000","0.000","6.000","2021-06-19 02:38:12"
"2020-08-17 00:00:00","D","0.000","0.000","0.000","6.000","2021-06-19 02:38:12"
"2020-08-17 06:00:00","D","0.000","0.000","0.000","6.000","2021-06-19 02:38:12"
"2020-08-17 12:00:00","D","0.000","0.000","0.000","6.000","2021-06-19 02:38:12"
"2020-08-17 18:00:00","D","0.000","0.000","0.000","6.000","2021-06-19 02:38:12"
"2020-08-18 00:00:00","D","0.000","0.000","0.000","6.000","2021-06-19 02:38:12"
"2020-08-18 06:00:00","D","0.000","0.000","0.000","6.000","2021-06-19 02:38:12"
"2020-08-18 12:00:00","D","0.000","0.000","0.000","6.000","2021-06-19 02:38:12"
"2020-08-18 18:00:00","D","0.000","0.000","0.000","6.000","2021-06-19 02:38:12"
"2020-08-19 00:00:00","D","0.000","0.000","0.000","6.000","2021-06-19 02:38:12"
"2020-08-19 06:00:00","D","0.000","0.000","0.000","6.000","2021-06-19 02:38:12"
"2020-08-19 12:00:00","D","0.000","0.000","0.000","6.000","2021-06-19 02:38:12"
"2020-08-19 18:00:00","D","0.000","0.000","0.000","6.000","2021-06-19 02:38:12"
"2020-08-20 00:00:00","D","0.000","0.000","0.000","6.000","2021-06-19 02:38:12"
"2020-08-20 06:00:00","D","0.000","0.000","0.000","6.000","2021-06-19 02:38:12"
"2020-08-20 12:00:00","D","0.000","0.000","0.000","6.000","2021-06-19 02:38:12"
"2020-08-20 18:00:00","D","0.000","0.000","0.000","6.000","2021-06-19 02:38:12"
"2020-08-21 00:00:00","D","0.000","0.000","0.000","6.000","2021-06-19 02:38:12"
"2020-08-21 06:00:00","D","0.000","0.000","0.000","6.000","2021-06-19 02:38:12"
"2020-08-21 12:00:00","D","0.000","0.000","0.000","6.000","2021-06-19 02:38:12"
"2020-08-21 18:00:00","D","0.122","0.733","0.000","6.000","2021-06-19 02:38:12"
"2020-08-22 00:00:00","D","0.000","0.000","0.000","6.000","2021-06-19 02:38:12"
"2020-08-22 06:00:00","D","0.000","0.000","0.000","6.000","2021-06-19 02:38:12"
"2020-08-22 12:00:00","D","0.000","0.000","0.000","6.000","2021-06-19 02:38:12"
"2020-08-22 18:00:00","D","0.000","0.000","0.000","6.000","2021-06-19 02:38:12"
"2020-08-23 00:00:00","D","0.000","0.000","0.000","6.000","2021-06-19 02:38:12"
"2020-08-23 06:00:00","D","0.000","0.000","0.000","6.000","2021-06-19 02:38:12"
"2020-08-23 12:00:00","D","0.000","0.000","0.000","6.000","2021-06-19 02:38:12"
"2020-08-23 18:00:00","D","0.000","0.000","0.000","6.000","2021-06-19 02:38:12"
"2020-08-24 00:00:00","D","0.000","0.000","0.000","6.000","2021-06-19 02:38:12"
"2020-08-24 06:00:00","D","0.000","0.000","0.000","6.000","2021-06-19 02:38:12"
"2020-08-24 12:00:00","D","0.000","0.000","0.000","6.000","2021-06-19 02:38:12"
"2020-08-24 18:00:00","D","0.000","0.000","0.000","6.000","2021-06-19 02:38:12"
"2020-08-25 00:00:00","D","0.000","0.000","0.000","6.000","2021-06-19 02:38:12"
"2020-08-25 06:00:00","D","0.000","0.000","0.000","6.000","2021-06-19 02:38:12"
"2020-08-25 12:00:00","D","0.000","0.000","0.000","6.000","2021-06-19 02:38:12"
"2020-08-25 18:00:00","D","0.152","0.910","0.000","6.000","2021-06-19 02:38:12"
"2020-08-26 00:00:00","D","0.000","0.000","0.000","6.000","2021-06-19 02:38:12"
"2020-08-26 06:00:00","D","0.000","0.000","0.000","6.000","2021-06-19 02:38:12"
"2020-08-26 12:00:00","D","0.000","0.000","0.000","6.000","2021-06-19 02:38:43"
"2020-08-26 18:00:00","D","0.000","0.000","0.000","6.000","2021-06-19 02:38:43"
"2020-08-27 00:00:00","D","0.000","0.000","0.000","6.000","2021-06-19 02:38:42"
"2020-08-27 06:00:00","D","0.000","0.000","0.000","6.000","2021-06-19 02:38:43"
"2020-08-27 12:00:00","D","0.000","0.000","0.000","6.000","2021-06-19 02:38:42"
"2020-08-27 18:00:00","D","0.000","0.000","0.000","6.000","2021-06-19 02:38:43"
"2020-08-28 00:00:00","D","0.000","0.000","0.000","6.000","2021-06-19 02:38:43"
"2020-08-28 06:00:00","D","0.000","0.000","0.000","6.000","2021-06-19 02:38:43"
"2020-08-28 12:00:00","D","0.000","0.000","0.000","6.000","2021-06-19 02:38:43"
"2020-08-28 18:00:00","D","0.000","0.000","0.000","6.000","2021-06-19 02:38:43"
"2020-08-29 00:00:00","D","0.000","0.000","0.000","6.000","2021-06-19 02:38:43"
"2020-08-29 06:00:00","D","0.000","0.000","0.000","6.000","2021-06-19 02:38:43"
"2020-08-29 12:00:00","D","0.000","0.000","0.000","6.000","2021-06-19 02:38:43"
"2020-08-29 18:00:00","D","0.000","0.000","0.000","6.000","2021-06-19 02:38:43"
"2020-08-30 00:00:00","D","0.000","0.000","0.000","6.000","2021-06-19 02:38:43"
"2020-08-30 06:00:00","D","0.000","0.000","0.000","6.000","2021-06-19 02:38:43"
"2020-08-30 12:00:00","D","0.000","0.000","0.000","6.000","2021-06-19 02:38:43"
"2020-08-30 18:00:00","D","0.000","0.000","0.000","6.000","2021-06-19 02:38:43"
"2020-08-31 00:00:00","D","0.000","0.000","0.000","6.000","2021-06-19 02:38:43"
"2020-08-31 06:00:00","D","0.000","0.000","0.000","6.000","2021-06-19 02:38:42"
"2020-08-31 12:00:00","D","0.000","0.000","0.000","6.000","2021-06-19 02:38:43"
"2020-08-31 18:00:00","D","0.000","0.000","0.000","6.000","2021-06-19 02:38:43"
"2020-09-01 00:00:00","D","0.000","0.000","0.000","6.000","2021-06-19 02:38:43"
"2020-09-01 06:00:00","D","0.000","0.000","0.000","6.000","2021-06-19 02:38:43"
"2020-09-01 12:00:00","D","0.000","0.000","0.000","6.000","2021-06-19 02:38:43"
"2020-09-01 18:00:00","D","0.000","0.000","0.000","6.000","2021-06-19 02:38:43"
"2020-09-02 00:00:00","D","0.000","0.000","0.000","6.000","2021-06-19 02:38:43"
"2020-09-02 06:00:00","D","0.000","0.000","0.000","6.000","2021-06-19 02:38:43"
"2020-09-02 12:00:00","D","0.000","0.000","0.000","6.000","2021-06-19 02:38:43"
"2020-09-02 18:00:00","D","0.000","0.000","0.000","6.000","2021-06-19 02:38:43"
"2020-09-03 00:00:00","D","0.000","0.000","0.000","6.000","2021-06-19 02:38:43"
"2020-09-03 06:00:00","D","0.000","0.000","0.000","6.000","2021-06-19 02:38:43"
"2020-09-03 12:00:00","D","0.000","0.000","0.000","6.000","2021-06-19 02:38:43"
"2020-09-03 18:00:00","D","0.000","0.000","0.000","6.000","2021-06-19 02:38:43"
"2020-09-04 00:00:00","D","0.000","0.000","0.000","6.000","2021-06-19 02:38:42"
"2020-09-04 06:00:00","D","0.000","0.000","0.000","6.000","2021-06-19 02:38:43"
"2020-09-04 12:00:00","D","0.000","0.000","0.000","6.000","2021-06-19 02:38:42"
"2020-09-04 18:00:00","D","0.000","0.000","0.000","6.000","2021-06-19 02:38:43"
"2020-09-05 00:00:00","D","0.000","0.000","0.000","6.000","2021-06-19 02:38:43"
"2020-09-05 06:00:00","D","0.000","0.000","0.000","6.000","2021-06-19 02:38:43"
"2020-09-05 12:00:00","D","0.000","0.000","0.000","6.000","2021-06-19 02:38:43"
"2020-09-05 18:00:00","D","0.000","0.000","0.000","6.000","2021-06-19 02:38:43"
"2020-09-06 00:00:00","D","0.000","0.000","0.000","6.000","2021-06-19 02:38:43"
"2020-09-06 06:00:00","D","0.000","0.000","0.000","6.000","2021-06-19 02:38:43"
"2020-09-06 12:00:00","D","0.000","0.000","0.000","6.000","2021-06-19 02:38:43"
"2020-09-06 18:00:00","D","0.000","0.000","0.000","6.000","2021-06-19 02:38:43"
"2020-09-07 00:00:00","D","0.000","0.000","0.000","6.000","2021-06-19 02:38:43"
"2020-09-07 06:00:00","D","0.000","0.000","0.000","6.000","2021-06-19 02:38:43"
"2020-09-07 12:00:00","D","0.000","0.000","0.000","6.000","2021-06-19 02:38:43"
"2020-09-07 18:00:00","D","0.000","0.000","0.000","6.000","2021-06-19 02:38:43"
"2020-09-08 00:00:00","D","0.000","0.000","0.000","6.000","2021-06-19 02:38:43"
"2020-09-08 06:00:00","D","0.000","0.000","0.000","6.000","2021-06-19 02:38:42"
"2020-09-08 12:00:00","D","0.000","0.000","0.000","6.000","2021-06-19 02:38:43"
"2020-09-08 18:00:00","D","0.000","0.000","0.000","6.000","2021-06-19 02:38:43"
"2020-09-09 00:00:00","D","0.000","0.000","0.000","6.000","2021-06-19 02:38:43"
"2020-09-09 06:00:00","D","0.000","0.000","0.000","6.000","2021-06-19 02:38:43"
"2020-09-09 12:00:00","D","0.000","0.000","0.000","6.000","2021-06-19 02:38:43"
"2020-09-09 18:00:00","D","0.000","0.000","0.000","6.000","2021-06-19 02:38:43"
"2020-09-10 00:00:00","D","0.000","0.000","0.000","6.000","2021-06-19 02:38:43"
"2020-09-10 06:00:00","D","0.000","0.000","0.000","6.000","2021-06-19 02:38:43"
"2020-09-10 12:00:00","D","0.000","0.000","0.000","6.000","2021-06-19 02:38:43"
"2020-09-10 18:00:00","D","0.000","0.000","0.000","6.000","2021-06-19 02:38:43"
"2020-09-11 00:00:00","D","0.000","0.000","0.000","6.000","2021-06-19 02:38:43"
"2020-09-11 06:00:00","D","0.000","0.000","0.000","6.000","2021-06-19 02:38:43"
"2020-09-11 12:00:00","D","0.000","0.000","0.000","6.000","2021-06-19 02:38:43"
"2020-09-11 18:00:00","D","0.000","0.000","0.000","6.000","2021-06-19 02:38:43"
"2020-09-12 00:00:00","D","0.000","0.000","0.000","6.000","2021-06-19 02:38:43"
"2020-09-12 06:00:00","D","0.000","0.000","0.000","6.000","2021-06-19 02:38:43"
"2020-09-12 12:00:00","D","0.000","0.000","0.000","6.000","2021-06-19 02:38:42"
"2020-09-12 18:00:00","D","0.000","0.000","0.000","6.000","2021-06-19 02:38:43"
"2020-09-13 00:00:00","D","0.000","0.000","0.000","6.000","2021-06-19 02:38:43"
"2020-09-13 06:00:00","D","0.000","0.000","0.000","6.000","2021-06-19 02:38:43"
"2020-09-13 12:00:00","D","0.000","0.000","0.000","6.000","2021-06-19 02:38:43"
"2020-09-13 18:00:00","D","0.000","0.000","0.000","6.000","2021-06-19 02:38:43"
"2020-09-14 00:00:00","D","0.000","0.000","0.000","6.000","2021-06-19 02:38:43"
"2020-09-14 06:00:00","D","0.000","0.000","0.000","6.000","2021-06-19 02:38:43"
"2020-09-14 12:00:00","D","0.000","0.000","0.000","6.000","2021-06-19 02:38:43"
"2020-09-14 18:00:00","D","0.000","0.000","0.000","6.000","2021-06-19 02:38:43"
"2020-09-15 00:00:00","D","0.000","0.000","0.000","6.000","2021-06-19 02:38:43"
"2020-09-15 06:00:00","D","0.000","0.000","0.000","6.000","2021-06-19 02:38:43"
"2020-09-15 12:00:00","D","0.000","0.000","0.000","6.000","2021-06-19 02:38:43"
"2020-09-15 18:00:00","D","0.000","0.000","0.000","6.000","2021-06-19 02:38:43"
"2020-09-16 00:00:00","D","0.000","0.000","0.000","6.000","2021-06-19 02:38:43"
"2020-09-16 06:00:00","D","0.000","0.000","0.000","6.000","2021-06-19 02:38:42"
"2020-09-16 12:00:00","D","0.000","0.000","0.000","6.000","2021-06-19 02:38:43"
"2020-09-16 18:00:00","D","0.000","0.000","0.000","6.000","2021-06-19 02:38:43"
"2020-09-17 00:00:00","D","0.000","0.000","0.000","6.000","2021-06-19 02:38:43"
"2020-09-17 06:00:00","D","0.000","0.000","0.000","6.000","2021-06-19 02:38:43"
"2020-09-17 12:00:00","D","0.000","0.000","0.000","6.000","2021-06-19 02:38:43"
"2020-09-17 18:00:00","D","1.202","2.648","-4.405","6.000","2021-06-19 02:38:43"
"2020-09-18 00:00:00","D","2.686","2.798","2.583","6.000","2021-06-19 02:38:43"
"2020-09-18 06:00:00","D","2.509","2.720","2.295","6.000","2021-06-19 02:38:43"
"2020-09-18 12:00:00","D","2.450","2.830","2.340","6.000","2021-06-19 02:38:43"
"2020-09-18 18:00:00","D","2.465","2.593","2.273","6.000","2021-06-19 02:38:43"
"2020-09-19 00:00:00","D","2.525","2.670","2.388","6.000","2021-06-19 02:38:43"
"2020-09-19 06:00:00","D","2.416","2.478","2.345","6.000","2021-06-19 02:38:43"
"2020-09-19 12:00:00","D","2.450","2.665","2.308","6.000","2021-06-19 02:38:43"
"2020-09-19 18:00:00","D","2.636","3.075","2.478","6.000","2021-06-19 02:38:43"
"2020-09-20 00:00:00","D","2.695","3.038","2.545","6.000","2021-06-19 02:38:43"
"2020-09-20 06:00:00","D","2.492","2.598","2.333","6.000","2021-06-19 02:38:43"
"2020-09-20 12:00:00","D","2.336","2.365","2.303","6.000","2021-06-19 02:38:42"
"2020-09-20 18:00:00","D","2.347","2.465","2.240","6.000","2021-06-19 02:38:43"
"2020-09-21 00:00:00","D","2.645","3.005","2.550","6.000","2021-06-19 02:38:43"
"2020-09-21 06:00:00","D","2.439","2.845","1.910","6.000","2021-06-19 02:38:43"
"2020-09-21 12:00:00","D","2.215","2.468","1.898","6.000","2021-06-19 02:38:43"
"2020-09-21 18:00:00","D","2.473","2.600","2.363","6.000","2021-06-19 02:38:43"
"2020-09-22 00:00:00","D","2.565","2.700","2.460","6.000","2021-06-19 02:38:43"
"2020-09-22 06:00:00","D","2.444","2.810","2.048","6.000","2021-06-19 02:38:43"
"2020-09-22 12:00:00","D","2.511","2.750","2.318","6.000","2021-06-19 02:38:43"
"2020-09-22 18:00:00","D","2.724","2.833","2.605","6.000","2021-06-19 02:38:43"
"2020-09-23 00:00:00","D","2.823","2.965","2.748","6.000","2021-06-19 02:38:43"
"2020-09-23 06:00:00","D","2.745","3.078","2.528","6.000","2021-06-19 02:38:43"
"2020-09-23 12:00:00","D","2.637","3.043","2.415","6.000","2021-06-19 02:38:43"
"2020-09-23 18:00:00","D","2.997","3.213","2.660","6.000","2021-06-19 02:38:43"
"2020-09-24 00:00:00","D","3.424","3.748","3.193","6.000","2021-06-19 02:38:43"
"2020-09-24 06:00:00","D","3.726","3.885","3.595","6.000","2021-06-19 02:38:42"
"2020-09-24 12:00:00","D","3.934","4.415","3.655","6.000","2021-06-19 02:38:43"
"2020-09-24 18:00:00","D","4.260","4.450","4.093","6.000","2021-06-19 02:38:43"
"2020-09-25 00:00:00","D","3.891","3.948","3.813","6.000","2021-06-19 02:38:43"
"2020-09-25 06:00:00","D","3.735","4.018","3.565","6.000","2021-06-19 02:38:43"
"2020-09-25 12:00:00","D","3.478","3.620","3.418","6.000","2021-06-19 02:38:43"
"2020-09-25 18:00:00","D","3.433","3.498","3.285","6.000","2021-06-19 02:38:43"
"2020-09-26 00:00:00","D","3.366","3.465","3.323","6.000","2021-06-19 02:38:43"
"2020-09-26 06:00:00","D","3.243","3.478","2.913","6.000","2021-06-19 02:38:43"
"2020-09-26 12:00:00","D","3.057","3.173","2.963","6.000","2021-06-19 02:38:43"
"2020-09-26 18:00:00","D","2.922","3.080","2.665","6.000","2021-06-19 02:38:43"
"2020-09-27 00:00:00","D","2.963","3.105","2.868","6.000","2021-06-19 02:38:43"
"2020-09-27 06:00:00","D","2.687","2.900","2.480","6.000","2021-06-19 02:38:43"
"2020-09-27 12:00:00","D","2.362","2.570","1.900","6.000","2021-06-19 02:38:43"
"2020-09-27 18:00:00","D","2.583","2.653","2.473","6.000","2021-06-19 02:38:43"
"2020-09-28 00:00:00","D","2.743","2.865","2.455","6.000","2021-06-19 02:38:43"
"2020-09-28 06:00:00","D","2.653","2.855","2.423","6.000","2021-06-19 02:38:43"
"2020-09-28 12:00:00","D","2.555","2.880","1.798","6.000","2021-06-19 02:38:42"
"2020-09-28 18:00:00","D","2.584","2.975","1.623","6.000","2021-06-19 02:38:43"
"2020-09-29 00:00:00","D","2.819","3.030","2.523","6.000","2021-06-19 02:38:43"
"2020-09-29 06:00:00","D","2.856","3.008","2.753","6.000","2021-06-19 02:38:43"
"2020-09-29 12:00:00","D","2.742","2.890","2.628","6.000","2021-06-19 02:38:43"
"2020-09-29 18:00:00","D","3.028","3.133","2.860","6.000","2021-06-19 02:38:43"
"2020-09-30 00:00:00","D","2.909","3.138","2.598","6.000","2021-06-19 02:38:43"
"2020-09-30 06:00:00","D","2.936","3.125","2.415","6.000","2021-06-19 02:38:43"
"2020-09-30 12:00:00","D","2.706","2.918","2.428","6.000","2021-06-19 02:38:43"
"2020-09-30 18:00:00","D","2.864","2.998","2.675","6.000","2021-06-19 02:38:43"
"2020-10-01 00:00:00","D","2.927","3.148","2.643","6.000","2021-06-19 02:38:43"
"2020-10-01 06:00:00","D","3.174","3.250","3.000","6.000","2021-06-19 02:38:43"
"2020-10-01 12:00:00","D","3.246","3.523","3.130","6.000","2021-06-19 02:38:43"
"2020-10-01 18:00:00","D","3.436","3.583","3.325","6.000","2021-06-19 02:38:43"
"2020-10-02 00:00:00","D","3.489","3.615","3.388","6.000","2021-06-19 02:38:43"
"2020-10-02 06:00:00","D","3.495","4.115","3.160","6.000","2021-06-19 02:38:42"
"2020-10-02 12:00:00","D","2.417","3.535","0.485","6.000","2021-06-19 02:38:43"
"2020-10-02 18:00:00","D","2.388","5.418","-1.523","6.000","2021-06-19 02:38:43"
"2020-10-03 00:00:00","D","9.579","10.425","8.360","6.000","2021-06-19 02:38:43"
"2020-10-03 06:00:00","D","13.554","15.650","10.575","6.000","2021-06-19 02:38:43"
"2020-10-03 12:00:00","D","14.970","25.200","6.155","6.000","2021-06-19 02:38:43"
"2020-10-03 18:00:00","D","13.033","19.550","4.683","6.000","2021-06-19 02:38:43"
"2020-10-04 00:00:00","D","8.237","17.900","-6.440","6.000","2021-06-19 02:38:43"
"2020-10-04 06:00:00","D","19.167","26.325","13.600","6.000","2021-06-19 02:38:43"
"2020-10-04 12:00:00","D","19.383","24.425","4.745","6.000","2021-06-19 02:38:43"
"2020-10-04 18:00:00","D","29.558","34.775","19.725","6.000","2021-06-19 02:38:43"
"2020-10-05 00:00:00","D","21.231","32.500","11.080","6.000","2021-06-19 02:38:43"
"2020-10-05 06:00:00","D","1.815","27.800","-15.313","6.000","2021-06-19 02:38:43"
"2020-10-05 12:00:00","D","-3.513","16.150","-20.198","6.000","2021-06-19 02:38:43"
"2020-10-05 18:00:00","D","13.399","26.050","-7.713","6.000","2021-06-19 02:38:43"
"2020-10-06 00:00:00","D","5.028","14.220","-6.680","6.000","2021-06-19 02:38:43"
"2020-10-06 06:00:00","D","-11.538","-2.735","-20.743","6.000","2021-06-19 02:38:43"
"2020-10-06 12:00:00","D","-4.644","7.755","-21.425","6.000","2021-06-19 02:38:42"
"2020-10-06 18:00:00","D","-5.570","5.680","-16.575","6.000","2021-06-19 02:38:43"
"2020-10-07 00:00:00","D","-3.856","0.698","-10.158","6.000","2021-06-19 02:38:43"
"2020-10-07 06:00:00","D","-9.051","0.200","-20.750","6.000","2021-06-19 02:38:43"
"2020-10-07 12:00:00","D","0.784","9.260","-3.758","6.000","2021-06-19 02:38:43"
"2020-10-07 18:00:00","D","3.631","9.088","-1.898","6.000","2021-06-19 02:38:43"
"2020-10-08 00:00:00","D","9.539","11.860","7.923","6.000","2021-06-19 02:38:43"
"2020-10-08 06:00:00","D","4.789","9.293","-5.110","6.000","2021-06-19 02:38:43"
"2020-10-08 12:00:00","D","-5.882","-2.943","-8.755","6.000","2021-06-19 02:38:43"
"2020-10-08 18:00:00","D","-4.243","1.103","-11.213","6.000","2021-06-19 02:38:43"
"2020-10-09 00:00:00","D","2.674","8.725","-3.260","6.000","2021-06-19 02:38:43"
"2020-10-09 06:00:00","D","5.278","8.313","3.015","6.000","2021-06-19 02:38:43"
"2020-10-09 12:00:00","D","-14.926","-0.815","-22.280","6.000","2021-06-19 02:38:43"
"2020-10-09 18:00:00","D","1.806","7.625","-9.533","6.000","2021-06-19 02:38:43"
"2020-10-10 00:00:00","D","-10.778","-2.598","-19.650","6.000","2021-06-19 02:38:43"
"2020-10-10 06:00:00","D","-10.851","4.325","-18.900","6.000","2021-06-19 02:38:43"
"2020-10-10 12:00:00","D","18.595","49.500","-12.918","6.000","2021-06-19 02:38:43"
"2020-10-10 18:00:00","D","-3.930","11.025","-14.058","6.000","2021-06-19 02:38:43"
"2020-10-11 00:00:00","D","-1.618","23.640","-22.225","6.000","2021-06-19 02:38:43"
"2020-10-11 06:00:00","D","-5.242","0.898","-12.160","6.000","2021-06-19 02:38:43"
"2020-10-11 12:00:00","D","-9.216","2.848","-19.325","6.000","2021-06-19 02:38:43"
"2020-10-11 18:00:00","D","4.638","7.253","0.050","6.000","2021-06-19 02:38:43"
"2020-10-12 00:00:00","D","0.003","5.243","-5.785","6.000","2021-06-19 02:38:43"
"2020-10-12 06:00:00","D","1.419","7.200","-14.143","6.000","2021-06-19 02:38:43"
"2020-10-12 12:00:00","D","-19.113","0.798","-31.600","6.000","2021-06-19 02:38:43"
"2020-10-12 18:00:00","D","2.671","11.895","-7.205","6.000","2021-06-19 02:38:43"
"2020-10-13 00:00:00","D","3.090","5.063","-2.780","6.000","2021-06-19 02:38:43"
"2020-10-13 06:00:00","D","4.967","6.773","1.975","6.000","2021-06-19 02:38:43"
"2020-10-13 12:00:00","D","-2.645","5.105","-8.735","6.000","2021-06-19 02:38:43"
"2020-10-13 18:00:00","D","2.166","5.605","-8.750","6.000","2021-06-19 02:38:43"
"2020-10-14 00:00:00","D","3.877","22.125","-15.975","6.000","2021-06-19 02:38:43"
"2020-10-14 06:00:00","D","-6.017","28.750","-30.175","6.000","2021-06-19 02:38:43"
"2020-10-14 12:00:00","D","-18.838","-8.138","-32.575","6.000","2021-06-19 02:38:43"
"2020-10-14 18:00:00","D","-9.372","-1.588","-18.895","6.000","2021-06-19 02:38:43"
"2020-10-15 00:00:00","D","-20.675","1.028","-35.950","6.000","2021-06-19 02:38:43"
"2020-10-15 06:00:00","D","-8.525","9.470","-23.075","6.000","2021-06-19 02:38:43"
"2020-10-15 12:00:00","D","-1.436","6.815","-11.598","6.000","2021-06-19 02:38:43"
"2020-10-15 18:00:00","D","6.459","6.833","5.820","6.000","2021-06-19 02:38:43"
"2020-10-16 00:00:00","D","6.451","6.513","6.338","6.000","2021-06-19 02:38:43"
"2020-10-16 06:00:00","D","6.345","6.633","6.053","6.000","2021-06-19 02:38:43"
"2020-10-16 12:00:00","D","-5.949","5.990","-19.665","6.000","2021-06-19 02:38:43"
"2020-10-16 18:00:00","D","-17.768","-12.785","-26.875","6.000","2021-06-19 02:38:43"
"2020-10-17 00:00:00","D","-11.968","-10.355","-12.955","6.000","2021-06-19 02:38:43"
"2020-10-17 06:00:00","D","-11.823","-7.940","-14.875","6.000","2021-06-19 02:38:43"
"2020-10-17 12:00:00","D","-12.429","-11.625","-13.275","6.000","2021-06-19 02:38:43"
"2020-10-17 18:00:00","D","-12.922","-10.058","-14.250","6.000","2021-06-19 02:38:43"
"2020-10-18 00:00:00","D","-6.587","-5.135","-8.028","6.000","2021-06-19 02:38:43"
"2020-10-18 06:00:00","D","-10.390","-4.890","-12.500","6.000","2021-06-19 02:38:43"
"2020-10-18 12:00:00","D","-13.434","-10.378","-19.850","6.000","2021-06-19 02:38:43"
"2020-10-18 18:00:00","D","-10.442","-0.120","-21.025","6.000","2021-06-19 02:38:43"
"2020-10-19 00:00:00","D","-1.163","28.900","-12.160","6.000","2021-06-19 02:38:43"
"2020-10-19 06:00:00","D","-10.901","-8.518","-12.400","6.000","2021-06-19 02:38:43"
"2020-10-19 12:00:00","D","-10.217","-9.120","-12.425","6.000","2021-06-19 02:38:43"
"2020-10-19 18:00:00","D","-9.796","0.525","-18.450","6.000","2021-06-19 02:38:43"
"2020-10-20 00:00:00","D","-13.089","-9.188","-16.925","6.000","2021-06-19 02:38:43"
"2020-10-20 06:00:00","D","-12.288","-12.125","-12.600","6.000","2021-06-19 02:38:43"
"2020-10-20 12:00:00","D","-12.104","-11.475","-12.700","6.000","2021-06-19 02:38:43"
"2020-10-20 18:00:00","D","-10.464","-8.765","-11.700","6.000","2021-06-19 02:38:43"
"2020-10-21 00:00:00","D","-10.205","-5.553","-12.400","6.000","2021-06-19 02:38:43"
"2020-10-21 06:00:00","D","-9.278","-5.620","-12.275","6.000","2021-06-19 02:38:43"
"2020-10-21 12:00:00","D","-9.281","-7.840","-11.095","6.000","2021-06-19 02:38:43"
"2020-10-21 18:00:00","D","-12.150","-2.243","-26.625","6.000","2021-06-19 02:38:43"
"2020-10-22 00:00:00","D","3.714","16.005","-4.490","6.000","2021-06-19 02:38:43"
"2020-10-22 06:00:00","D","-4.494","-2.100","-7.803","6.000","2021-06-19 02:38:43"
"2020-10-22 12:00:00","D","-3.715","1.133","-10.995","6.000","2021-06-19 02:38:43"
"2020-10-22 18:00:00","D","0.428","9.570","-9.188","6.000","2021-06-19 02:38:43"
"2020-10-23 00:00:00","D","-5.416","-2.178","-9.638","6.000","2021-06-19 02:38:43"
"2020-10-23 06:00:00","D","-4.016","0.158","-6.243","6.000","2021-06-19 02:38:43"
"2020-10-23 12:00:00","D","-2.162","1.313","-5.020","6.000","2021-06-19 02:38:43"
"2020-10-23 18:00:00","D","-7.830","-2.978","-10.943","6.000","2021-06-19 02:38:43"
"2020-10-24 00:00:00","D","-6.618","-2.028","-9.808","6.000","2021-06-19 02:38:43"
"2020-10-24 06:00:00","D","-5.697","-3.890","-7.863","6.000","2021-06-19 02:38:43"
"2020-10-24 12:00:00","D","-8.871","-6.860","-10.555","6.000","2021-06-19 02:38:43"
"2020-10-24 18:00:00","D","-10.462","-9.418","-11.950","6.000","2021-06-19 02:38:43"
"2020-10-25 00:00:00","D","-10.361","-6.445","-12.975","6.000","2021-06-19 02:38:43"
"2020-10-25 06:00:00","D","-2.651","4.755","-5.480","6.000","2021-06-19 02:38:43"
"2020-10-25 12:00:00","D","4.446","8.728","2.385","6.000","2021-06-19 02:38:43"
"2020-10-25 18:00:00","D","3.313","7.650","-6.253","6.000","2021-06-19 02:38:43"
"2020-10-26 00:00:00","D","6.163","8.510","1.853","6.000","2021-06-19 02:38:43"
"2020-10-26 06:00:00","D","0.693","9.163","-5.195","6.000","2021-06-19 02:38:43"
"2020-10-26 12:00:00","D","0.565","5.140","-1.893","6.000","2021-06-19 02:38:43"
"2020-10-26 18:00:00","D","-4.222","0.198","-10.435","6.000","2021-06-19 02:38:43"
"2020-10-27 00:00:00","D","-3.928","-0.053","-7.330","6.000","2021-06-19 02:38:43"
"2020-10-27 06:00:00","D","-5.052","-3.093","-6.113","6.000","2021-06-19 02:38:43"
"2020-10-27 12:00:00","D","-6.737","-1.573","-16.490","6.000","2021-06-19 02:38:43"
"2020-10-27 18:00:00","D","-12.986","-4.148","-19.825","6.000","2021-06-19 02:38:43"
"2020-10-28 00:00:00","D","-7.922","-4.758","-12.135","6.000","2021-06-19 02:38:43"
"2020-10-28 06:00:00","D","-4.113","-2.588","-6.935","6.000","2021-06-19 02:38:43"
"2020-10-28 12:00:00","D","-6.434","0.175","-19.175","6.000","2021-06-19 02:38:43"
"2020-10-28 18:00:00","D","6.584","8.575","-2.575","6.000","2021-06-19 02:38:43"
"2020-10-29 00:00:00","D","6.694","8.410","-1.090","6.000","2021-06-19 02:38:43"
"2020-10-29 06:00:00","D","7.993","8.648","5.808","6.000","2021-06-19 02:38:43"
"2020-10-29 12:00:00","D","6.251","8.775","-2.873","6.000","2021-06-19 02:38:43"
"2020-10-29 18:00:00","D","-6.277","1.988","-14.800","6.000","2021-06-19 02:38:43"
"2020-10-30 00:00:00","D","-0.055","8.565","-11.680","6.000","2021-06-19 02:38:43"
"2020-10-30 06:00:00","D","6.868","9.310","0.933","6.000","2021-06-19 02:38:43"
"2020-10-30 12:00:00","D","-7.253","-3.155","-11.840","6.000","2021-06-19 02:38:43"
"2020-10-30 18:00:00","D","3.263","21.978","-15.550","6.000","2021-06-19 02:38:43"
"2020-10-31 00:00:00","D","11.005","39.483","-2.000","6.000","2021-06-19 02:38:43"
"2020-10-31 06:00:00","D","9.108","18.000","-3.088","6.000","2021-06-19 02:38:43"
"2020-10-31 12:00:00","D","7.005","15.568","-3.663","6.000","2021-06-19 02:38:43"
"2020-10-31 18:00:00","D","-0.144","10.740","-12.423","6.000","2021-06-19 02:38:43"
"2020-11-01 00:00:00","D","7.079","19.648","-3.888","6.000","2021-06-19 02:38:43"
"2020-11-01 06:00:00","D","0.808","5.395","-2.045","6.000","2021-06-19 02:38:43"
"2020-11-01 12:00:00","D","21.868","38.650","-0.958","6.000","2021-06-19 02:38:43"
"2020-11-01 18:00:00","D","35.527","37.950","29.585","6.000","2021-06-19 02:38:43"
"2020-11-02 00:00:00","D","12.370","25.425","-0.408","6.000","2021-06-19 02:38:43"
"2020-11-02 06:00:00","D","7.314","11.925","1.548","6.000","2021-06-19 02:38:43"
"2020-11-02 12:00:00","D","10.647","22.875","-0.433","6.000","2021-06-19 02:38:43"
"2020-11-02 18:00:00","D","1.815","8.530","-2.430","6.000","2021-06-19 02:38:43"
"2020-11-03 00:00:00","D","-4.522","0.278","-12.025","6.000","2021-06-19 02:38:43"
"2020-11-03 06:00:00","D","3.597","6.828","-3.718","6.000","2021-06-19 02:38:43"
"2020-11-03 12:00:00","D","7.535","18.223","0.803","6.000","2021-06-19 02:38:43"
"2020-11-03 18:00:00","D","5.231","8.338","-4.628","6.000","2021-06-19 02:38:43"
"2020-11-04 00:00:00","D","12.131","34.825","-1.813","6.000","2021-06-19 02:38:43"
"2020-11-04 06:00:00","D","20.222","34.150","8.645","6.000","2021-06-19 02:38:43"
"2020-11-04 12:00:00","D","20.409","33.325","7.495","6.000","2021-06-19 02:38:43"
"2020-11-04 18:00:00","D","9.430","14.613","7.650","6.000","2021-06-19 02:38:43"
"2020-11-05 00:00:00","D","21.485","33.050","13.923","6.000","2021-06-19 02:38:43"
"2020-11-05 06:00:00","D","30.449","32.875","25.895","6.000","2021-06-19 02:38:43"
"2020-11-05 12:00:00","D","19.294","30.675","6.208","6.000","2021-06-19 02:38:43"
"2020-11-05 18:00:00","D","9.960","28.225","-10.475","6.000","2021-06-19 02:38:43"
"2020-11-06 00:00:00","D","18.574","30.175","5.760","6.000","2021-06-19 02:38:43"
"2020-11-06 06:00:00","D","5.964","11.035","1.218","6.000","2021-06-19 02:38:43"
"2020-11-06 12:00:00","D","14.708","23.370","-4.423","6.000","2021-06-19 02:38:43"
"2020-11-06 18:00:00","D","-1.765","11.480","-13.625","6.000","2021-06-19 02:38:43"
"2020-11-07 00:00:00","D","-9.826","-7.575","-12.888","6.000","2021-06-19 02:38:43"
"2020-11-07 06:00:00","D","-11.642","-2.358","-19.973","6.000","2021-06-19 02:38:43"
"2020-11-07 12:00:00","D","-9.290","5.000","-19.800","6.000","2021-06-19 02:38:43"
"2020-11-07 18:00:00","D","5.024","13.098","-0.563","6.000","2021-06-19 02:38:43"
"2020-11-08 00:00:00","D","5.211","5.290","5.153","6.000","2021-06-19 02:38:43"
"2020-11-08 06:00:00","D","-5.688","-2.013","-9.968","6.000","2021-06-19 02:38:43"
"2020-11-08 12:00:00","D","-10.812","-10.063","-11.700","6.000","2021-06-19 02:38:43"
"2020-11-08 18:00:00","D","-9.331","-2.270","-11.153","6.000","2021-06-19 02:38:43"
"2020-11-09 00:00:00","D","-6.264","5.085","-10.555","6.000","2021-06-19 02:38:43"
"2020-11-09 06:00:00","D","4.178","8.018","1.228","6.000","2021-06-19 02:38:43"
"2020-11-09 12:00:00","D","4.622","4.685","4.580","6.000","2021-06-19 02:38:43"
"2020-11-09 18:00:00","D","13.531","29.575","4.795","6.000","2021-06-19 02:38:43"
"2020-11-10 00:00:00","D","9.150","23.323","4.983","6.000","2021-06-19 02:38:43"
"2020-11-10 06:00:00","D","-1.507","5.293","-13.225","6.000","2021-06-19 02:38:43"
"2020-11-10 12:00:00","D","13.905","30.075","1.343","6.000","2021-06-19 02:38:43"
"2020-11-10 18:00:00","D","13.652","30.500","5.293","6.000","2021-06-19 02:38:43"
"2020-11-11 00:00:00","D","5.336","5.358","5.320","6.000","2021-06-19 02:38:43"
"2020-11-11 06:00:00","D","5.152","5.303","5.025","6.000","2021-06-19 02:38:43"
"2020-11-11 12:00:00","D","9.849","28.950","4.783","6.000","2021-06-19 02:38:43"
"2020-11-11 18:00:00","D","6.793","16.635","4.763","6.000","2021-06-19 02:38:43"
"2020-11-12 00:00:00","D","5.922","10.935","4.813","6.000","2021-06-19 02:38:43"
"2020-11-12 06:00:00","D","6.836","17.250","-1.155","6.000","2021-06-19 02:38:43"
"2020-11-12 12:00:00","D","-8.646","-3.253","-13.675","6.000","2021-06-19 02:38:43"
"2020-11-12 18:00:00","D","-3.926","7.455","-11.558","6.000","2021-06-19 02:38:43"
"2020-11-13 00:00:00","D","-9.111","-4.433","-16.403","6.000","2021-06-19 02:38:43"
"2020-11-13 06:00:00","D","-6.312","-1.013","-10.618","6.000","2021-06-19 02:38:43"
"2020-11-13 12:00:00","D","1.366","14.908","-8.750","6.000","2021-06-19 02:38:43"
"2020-11-13 18:00:00","D","-0.315","11.238","-12.215","6.000","2021-06-19 02:38:43"
"2020-11-14 00:00:00","D","-2.804","0.685","-6.993","6.000","2021-06-19 02:38:43"
"2020-11-14 06:00:00","D","-4.272","1.743","-12.265","6.000","2021-06-19 02:38:43"
"2020-11-14 12:00:00","D","-1.271","10.633","-12.500","6.000","2021-06-19 02:38:43"
"2020-11-14 18:00:00","D","-6.552","1.270","-10.698","6.000","2021-06-19 02:38:43"
"2020-11-15 00:00:00","D","-0.330","1.645","-3.580","6.000","2021-06-19 02:38:43"
"2020-11-15 06:00:00","D","2.664","8.883","-1.290","6.000","2021-06-19 02:38:43"
"2020-11-15 12:00:00","D","2.478","14.048","-3.780","6.000","2021-06-19 02:38:43"
"2020-11-15 18:00:00","D","18.758","31.975","10.298","6.000","2021-06-19 02:38:43"
"2020-11-16 00:00:00","D","20.538","27.050","17.600","6.000","2021-06-19 02:38:43"
"2020-11-16 06:00:00","D","18.033","23.900","15.125","6.000","2021-06-19 02:38:43"
"2020-11-16 12:00:00","D","14.363","15.800","13.700","6.000","2021-06-19 02:38:43"
"2020-11-16 18:00:00","D","17.052","20.700","12.738","6.000","2021-06-19 02:38:43"
"2020-11-17 00:00:00","D","10.324","15.650","-0.258","6.000","2021-06-19 02:38:43"
"2020-11-17 06:00:00","D","14.390","16.600","11.265","6.000","2021-06-19 02:38:43"
"2020-11-17 12:00:00","D","11.973","13.925","9.583","6.000","2021-06-19 02:38:43"
"2020-11-17 18:00:00","D","12.331","13.125","11.013","6.000","2021-06-19 02:38:43"
"2020-11-18 00:00:00","D","6.599","12.300","-0.900","6.000","2021-06-19 02:38:43"
"2020-11-18 06:00:00","D","2.664","5.060","-0.310","6.000","2021-06-19 02:38:43"
"2020-11-18 12:00:00","D","1.200","6.505","-2.143","6.000","2021-06-19 02:38:43"
"2020-11-18 18:00:00","D","5.309","18.675","-6.358","6.000","2021-06-19 02:38:43"
"2020-11-19 00:00:00","D","4.823","9.445","-1.065","6.000","2021-06-19 02:38:43"
"2020-11-19 06:00:00","D","7.601","9.360","4.445","6.000","2021-06-19 02:38:43"
"2020-11-19 12:00:00","D","4.500","7.788","-1.113","6.000","2021-06-19 02:38:43"
"2020-11-19 18:00:00","D","3.086","8.405","-1.763","6.000","2021-06-19 02:38:43"
"2020-11-20 00:00:00","D","8.253","8.468","7.640","6.000","2021-06-19 02:38:43"
"2020-11-20 06:00:00","D","7.401","8.278","4.168","6.000","2021-06-19 02:38:43"
"2020-11-20 12:00:00","D","5.023","7.685","2.925","6.000","2021-06-19 02:38:43"
"2020-11-20 18:00:00","D","6.891","7.853","3.955","6.000","2021-06-19 02:38:43"
"2020-11-21 00:00:00","D","7.534","7.630","7.410","6.000","2021-06-19 02:38:43"
"2020-11-21 06:00:00","D","7.367","7.530","7.265","6.000","2021-06-19 02:38:43"
"2020-11-21 12:00:00","D","7.142","7.303","7.020","6.000","2021-06-19 02:38:43"
"2020-11-21 18:00:00","D","4.377","7.908","-1.505","6.000","2021-06-19 02:38:43"
"2020-11-22 00:00:00","D","6.598","7.963","1.558","6.000","2021-06-19 02:38:43"
"2020-11-22 06:00:00","D","7.255","7.490","6.935","6.000","2021-06-19 02:38:43"
"2020-11-22 12:00:00","D","6.243","7.278","5.040","6.000","2021-06-19 02:38:43"
"2020-11-22 18:00:00","D","1.578","4.008","-2.160","6.000","2021-06-19 02:38:43"
"2020-11-23 00:00:00","D","2.749","5.650","-1.505","6.000","2021-06-19 02:38:43"
"2020-11-23 06:00:00","D","4.210","7.700","-7.700","6.000","2021-06-19 02:38:43"
"2020-11-23 12:00:00","D","6.790","7.303","5.725","6.000","2021-06-19 02:38:43"
"2020-11-23 18:00:00","D","6.552","7.088","6.050","6.000","2021-06-19 02:38:43"
"2020-11-24 00:00:00","D","5.816","7.235","0.413","6.000","2021-06-19 02:38:43"
"2020-11-24 06:00:00","D","10.609","19.885","6.615","6.000","2021-06-19 02:38:43"
"2020-11-24 12:00:00","D","10.199","17.373","6.345","6.000","2021-06-19 02:38:43"
"2020-11-24 18:00:00","D","12.535","22.948","6.533","6.000","2021-06-19 02:38:43"
"2020-11-25 00:00:00","D","6.663","6.725","6.618","6.000","2021-06-19 02:38:43"
"2020-11-25 06:00:00","D","6.590","6.660","6.503","6.000","2021-06-19 02:38:43"
"2020-11-25 12:00:00","D","9.178","17.358","6.253","6.000","2021-06-19 02:38:43"
"2020-11-25 18:00:00","D","6.405","6.613","6.233","6.000","2021-06-19 02:38:43"
"2020-11-26 00:00:00","D","6.398","6.503","6.310","6.000","2021-06-19 02:38:43"
"2020-11-26 06:00:00","D","6.477","6.795","6.245","6.000","2021-06-19 02:38:43"
"2020-11-26 12:00:00","D","6.910","11.045","6.005","6.000","2021-06-19 02:38:43"
"2020-11-26 18:00:00","D","9.656","17.263","5.843","6.000","2021-06-19 02:38:43"
"2020-11-27 00:00:00","D","6.170","6.253","6.075","6.000","2021-06-19 02:38:43"
"2020-11-27 06:00:00","D","6.114","6.190","6.033","6.000","2021-06-19 02:38:43"
"2020-11-27 12:00:00","D","9.538","28.175","5.685","6.000","2021-06-19 02:38:43"
"2020-11-27 18:00:00","D","6.019","6.388","5.845","6.000","2021-06-19 02:38:43"
"2020-11-28 00:00:00","D","5.985","6.490","5.788","6.000","2021-06-19 02:38:43"
"2020-11-28 06:00:00","D","6.029","6.500","5.790","6.000","2021-06-19 02:38:43"
"2020-11-28 12:00:00","D","6.244","7.323","6.013","6.000","2021-06-19 02:38:43"
"2020-11-28 18:00:00","D","6.021","6.378","5.708","6.000","2021-06-19 02:38:43"
"2020-11-29 00:00:00","D","12.500","17.600","6.288","6.000","2021-06-19 02:38:43"
"2020-11-29 06:00:00","D","13.365","18.333","5.988","6.000","2021-06-19 02:38:43"
"2020-11-29 12:00:00","D","12.472","18.163","8.958","6.000","2021-06-19 02:38:43"
"2020-11-29 18:00:00","D","6.081","6.693","5.695","6.000","2021-06-19 02:38:43"
"2020-11-30 00:00:00","D","6.423","6.780","6.175","6.000","2021-06-19 02:38:43"
"2020-11-30 06:00:00","D","9.634","25.793","6.225","6.000","2021-06-19 02:38:43"
"2020-11-30 12:00:00","D","8.330","15.393","5.668","6.000","2021-06-19 02:38:43"
"2020-11-30 18:00:00","D","6.553","7.523","5.990","6.000","2021-06-19 02:38:43"
"2020-12-01 00:00:00","D","6.391","7.230","6.103","6.000","2021-06-19 02:38:43"
"2020-12-01 06:00:00","D","6.227","6.343","6.155","6.000","2021-06-19 02:38:43"
"2020-12-01 12:00:00","D","6.016","6.243","5.780","6.000","2021-06-19 02:38:43"
"2020-12-01 18:00:00","D","6.065","6.198","5.938","6.000","2021-06-19 02:38:43"
"2020-12-02 00:00:00","D","6.867","9.313","5.790","6.000","2021-06-19 02:38:43"
"2020-12-02 06:00:00","D","6.108","6.700","5.520","6.000","2021-06-19 02:38:43"
"2020-12-02 12:00:00","D","5.555","5.878","5.163","6.000","2021-06-19 02:38:43"
"2020-12-02 18:00:00","D","5.666","5.950","5.278","6.000","2021-06-19 02:38:43"
"2020-12-03 00:00:00","D","5.871","6.055","5.608","6.000","2021-06-19 02:38:43"
"2020-12-03 06:00:00","D","8.009","17.260","6.113","6.000","2021-06-19 02:38:43"
"2020-12-03 12:00:00","D","6.030","6.518","5.720","6.000","2021-06-19 02:38:43"
"2020-12-03 18:00:00","D","7.009","8.938","5.818","6.000","2021-06-19 02:38:43"
"2020-12-04 00:00:00","D","14.382","18.675","10.315","6.000","2021-06-19 02:38:43"
"2020-12-04 06:00:00","D","17.658","27.275","15.175","6.000","2021-06-19 02:38:43"
"2020-12-04 12:00:00","D","18.417","23.750","17.025","6.000","2021-06-19 02:38:43"
"2020-12-04 18:00:00","D","20.088","31.925","17.175","6.000","2021-06-19 02:38:43"
"2020-12-05 00:00:00","D","16.554","18.225","9.800","6.000","2021-06-19 02:38:44"
"2020-12-05 06:00:00","D","18.475","24.700","16.675","6.000","2021-06-19 02:38:43"
"2020-12-05 12:00:00","D","23.732","49.525","12.868","6.000","2021-06-19 02:38:43"
"2020-12-05 18:00:00","D","17.063","29.225","14.425","6.000","2021-06-19 02:38:44"
"2020-12-06 00:00:00","D","15.667","21.850","13.950","6.000","2021-06-19 02:38:43"
"2020-12-06 06:00:00","D","13.075","13.825","12.125","6.000","2021-06-19 02:38:44"
"2020-12-06 12:00:00","D","13.842","22.925","11.200","6.000","2021-06-19 02:38:43"
"2020-12-06 18:00:00","D","12.931","19.000","10.800","6.000","2021-06-19 02:38:44"
"2020-12-07 00:00:00","D","11.288","11.400","11.025","6.000","2021-06-19 02:38:43"
"2020-12-07 06:00:00","D","10.933","11.275","10.600","6.000","2021-06-19 02:38:44"
"2020-12-07 12:00:00","D","18.610","41.925","10.088","6.000","2021-06-19 02:38:43"
"2020-12-07 18:00:00","D","9.525","9.720","9.353","6.000","2021-06-19 02:38:44"
"2020-12-08 00:00:00","D","8.656","9.738","4.200","6.000","2021-06-19 02:38:43"
"2020-12-08 06:00:00","D","12.660","28.695","9.293","6.000","2021-06-19 02:38:44"
"2020-12-08 12:00:00","D","8.937","9.173","8.763","6.000","2021-06-19 02:38:43"
"2020-12-08 18:00:00","D","8.602","8.880","8.138","6.000","2021-06-19 02:38:44"
"2020-12-09 00:00:00","D","8.538","8.753","8.198","6.000","2021-06-19 02:38:43"
"2020-12-09 06:00:00","D","8.595","8.955","8.325","6.000","2021-06-19 02:38:43"
"2020-12-09 12:00:00","D","15.291","30.645","9.353","6.000","2021-06-19 02:38:43"
"2020-12-09 18:00:00","D","12.763","13.425","12.075","6.000","2021-06-19 02:38:43"
"2020-12-10 00:00:00","D","16.479","23.350","13.950","6.000","2021-06-19 02:38:44"
"2020-12-10 06:00:00","D","15.850","18.450","14.625","6.000","2021-06-19 02:38:43"
"2020-12-10 12:00:00","D","16.921","28.825","13.125","6.000","2021-06-19 02:38:44"
"2020-12-10 18:00:00","D","13.300","14.000","12.600","6.000","2021-06-19 02:38:43"
"2020-12-11 00:00:00","D","12.225","12.925","11.550","6.000","2021-06-19 02:38:44"
"2020-12-11 06:00:00","D","11.775","11.900","11.650","6.000","2021-06-19 02:38:43"
"2020-12-11 12:00:00","D","14.217","15.825","12.250","6.000","2021-06-19 02:38:44"
"2020-12-11 18:00:00","D","16.979","17.950","16.125","6.000","2021-06-19 02:38:43"
"2020-12-12 00:00:00","D","16.738","17.650","16.425","6.000","2021-06-19 02:38:44"
"2020-12-12 06:00:00","D","16.417","18.025","15.725","6.000","2021-06-19 02:38:43"
"2020-12-12 12:00:00","D","21.854","32.000","15.250","6.000","2021-06-19 02:38:44"
"2020-12-12 18:00:00","D","16.283","18.425","14.050","6.000","2021-06-19 02:38:43"
"2020-12-13 00:00:00","D","14.388","15.300","13.900","6.000","2021-06-19 02:38:44"
"2020-12-13 06:00:00","D","13.538","14.000","12.675","6.000","2021-06-19 02:38:43"
"2020-12-13 12:00:00","D","12.908","13.175","12.475","6.000","2021-06-19 02:38:43"
"2020-12-13 18:00:00","D","12.421","13.850","11.775","6.000","2021-06-19 02:38:44"
"2020-12-14 00:00:00","D","14.208","15.050","13.625","6.000","2021-06-19 02:38:43"
"2020-12-14 06:00:00","D","16.088","17.200","14.875","6.000","2021-06-19 02:38:44"
"2020-12-14 12:00:00","D","17.771","19.475","16.000","6.000","2021-06-19 02:38:43"
"2020-12-14 18:00:00","D","17.083","21.200","16.100","6.000","2021-06-19 02:38:44"
"2020-12-15 00:00:00","D","16.696","16.850","16.450","6.000","2021-06-19 02:38:43"
"2020-12-15 06:00:00","D","15.583","16.200","14.900","6.000","2021-06-19 02:38:44"
"2020-12-15 12:00:00","D","15.563","20.300","13.650","6.000","2021-06-19 02:38:43"
"2020-12-15 18:00:00","D","15.242","17.400","14.050","6.000","2021-06-19 02:38:44"
"2020-12-16 00:00:00","D","13.933","14.300","13.600","6.000","2021-06-19 02:38:43"
"2020-12-16 06:00:00","D","14.642","15.450","13.975","6.000","2021-06-19 02:38:44"
"2020-12-16 12:00:00","D","12.825","13.750","11.000","6.000","2021-06-19 02:38:43"
"2020-12-16 18:00:00","D","20.808","46.125","6.700","6.000","2021-06-19 02:38:44"
"2020-12-17 00:00:00","D","12.050","14.575","4.625","6.000","2021-06-19 02:38:43"
"2020-12-17 06:00:00","D","13.783","14.850","12.525","6.000","2021-06-19 02:38:43"
"2020-12-17 12:00:00","D","10.663","11.700","9.698","6.000","2021-06-19 02:38:43"
"2020-12-17 18:00:00","D","10.917","11.225","10.550","6.000","2021-06-19 02:38:43"
"2020-12-18 00:00:00","D","12.058","16.600","10.775","6.000","2021-06-19 02:38:44"
"2020-12-18 06:00:00","D","11.492","11.725","11.225","6.000","2021-06-19 02:38:43"
"2020-12-18 12:00:00","D","14.695","37.073","9.828","6.000","2021-06-19 02:38:44"
"2020-12-18 18:00:00","D","9.227","10.333","4.283","6.000","2021-06-19 02:38:43"
"2020-12-19 00:00:00","D","11.739","17.950","10.238","6.000","2021-06-19 02:38:44"
"2020-12-19 06:00:00","D","13.453","26.850","9.473","6.000","2021-06-19 02:38:43"
"2020-12-19 12:00:00","D","14.190","17.538","10.903","6.000","2021-06-19 02:38:44"
"2020-12-19 18:00:00","D","26.380","32.550","9.033","6.000","2021-06-19 02:38:43"
"2020-12-20 00:00:00","D","22.788","34.600","11.650","6.000","2021-06-19 02:38:44"
"2020-12-20 06:00:00","D","12.277","21.725","10.245","6.000","2021-06-19 02:38:43"
"2020-12-20 12:00:00","D","11.016","15.705","9.760","6.000","2021-06-19 02:38:44"
"2020-12-20 18:00:00","D","12.266","24.103","9.590","6.000","2021-06-19 02:38:43"
"2020-12-21 00:00:00","D","9.973","10.033","9.873","6.000","2021-06-19 02:38:44"
"2020-12-21 06:00:00","D","19.926","32.250","9.410","6.000","2021-06-19 02:38:43"
"2020-12-21 12:00:00","D","9.544","9.785","9.425","6.000","2021-06-19 02:38:43"
"2020-12-21 18:00:00","D","9.808","14.400","1.150","6.000","2021-06-19 02:38:44"
"2020-12-22 00:00:00","D","14.958","15.225","14.800","6.000","2021-06-19 02:38:43"
"2020-12-22 06:00:00","D","16.167","16.625","15.450","6.000","2021-06-19 02:38:44"
"2020-12-22 12:00:00","D","20.350","42.200","15.575","6.000","2021-06-19 02:38:43"
"2020-12-22 18:00:00","D","16.033","18.050","15.450","6.000","2021-06-19 02:38:44"
"2020-12-23 00:00:00","D","15.263","15.600","14.950","6.000","2021-06-19 02:38:43"
"2020-12-23 06:00:00","D","14.496","16.325","13.925","6.000","2021-06-19 02:38:44"
"2020-12-23 12:00:00","D","14.079","14.350","13.875","6.000","2021-06-19 02:38:43"
"2020-12-23 18:00:00","D","14.479","14.650","14.225","6.000","2021-06-19 02:38:44"
"2020-12-24 00:00:00","D","16.658","21.300","14.675","6.000","2021-06-19 02:38:43"
"2020-12-24 06:00:00","D","20.658","40.100","16.525","6.000","2021-06-19 02:38:44"
"2020-12-24 12:00:00","D","16.954","17.125","16.725","6.000","2021-06-19 02:38:43"
"2020-12-24 18:00:00","D","16.888","17.150","16.675","6.000","2021-06-19 02:38:44"
"2020-12-25 00:00:00","D","16.238","16.675","15.775","6.000","2021-06-19 02:38:43"
"2020-12-25 06:00:00","D","14.683","15.500","13.850","6.000","2021-06-19 02:38:44"
"2020-12-25 12:00:00","D","14.279","14.775","13.700","6.000","2021-06-19 02:38:43"
"2020-12-25 18:00:00","D","13.829","14.425","12.925","6.000","2021-06-19 02:38:43"
"2020-12-26 00:00:00","D","12.971","13.375","12.250","6.000","2021-06-19 02:38:44"
"2020-12-26 06:00:00","D","11.713","12.550","10.825","6.000","2021-06-19 02:38:43"
"2020-12-26 12:00:00","D","10.350","10.450","10.200","6.000","2021-06-19 02:38:44"
"2020-12-26 18:00:00","D","12.088","20.025","10.303","6.000","2021-06-19 02:38:43"
"2020-12-27 00:00:00","D","12.988","17.525","11.150","6.000","2021-06-19 02:38:44"
"2020-12-27 06:00:00","D","12.013","14.700","11.075","6.000","2021-06-19 02:38:43"
"2020-12-27 12:00:00","D","15.663","17.150","13.400","6.000","2021-06-19 02:38:44"
"2020-12-27 18:00:00","D","16.942","17.200","16.675","6.000","2021-06-19 02:38:43"
"2020-12-28 00:00:00","D","16.375","16.725","15.775","6.000","2021-06-19 02:38:44"
"2020-12-28 06:00:00","D","13.406","15.200","8.913","6.000","2021-06-19 02:38:43"
"2020-12-28 12:00:00","D","14.092","16.275","13.475","6.000","2021-06-19 02:38:44"
"2020-12-28 18:00:00","D","13.804","16.650","12.875","6.000","2021-06-19 02:38:43"
"2020-12-29 00:00:00","D","13.158","15.775","11.850","6.000","2021-06-19 02:38:44"
"2020-12-29 06:00:00","D","11.804","11.975","11.675","6.000","2021-06-19 02:38:43"
"2020-12-29 12:00:00","D","10.417","11.375","9.315","6.000","2021-06-19 02:38:43"
"2020-12-29 18:00:00","D","10.160","10.375","9.743","6.000","2021-06-19 02:38:44"
"2020-12-30 00:00:00","D","15.654","42.275","10.250","6.000","2021-06-19 02:38:44"
"2020-12-30 06:00:00","D","9.876","10.148","9.493","6.000","2021-06-19 02:38:44"
"2020-12-30 12:00:00","D","8.883","9.398","7.915","6.000","2021-06-19 02:38:44"
"2020-12-30 18:00:00","D","10.542","11.225","9.950","6.000","2021-06-19 02:38:44"
"2020-12-31 00:00:00","D","10.031","10.158","9.860","6.000","2021-06-19 02:38:44"
"2020-12-31 06:00:00","D","10.416","12.863","9.635","6.000","2021-06-19 02:38:44"
"2020-12-31 12:00:00","D","9.356","9.505","9.195","6.000","2021-06-19 02:38:44"
"2020-12-31 18:00:00","D","9.214","9.368","9.053","6.000","2021-06-19 02:38:44"
"2021-01-01 00:00:00","D","9.343","9.388","9.313","6.000","2021-06-19 02:38:44"
"2021-01-01 00:00:00","D","9.322","9.388","9.200","7.000","2023-05-29 17:11:15"
"2021-01-01 06:00:00","D","9.134","9.580","8.680","24.000","2023-05-29 17:11:15"
"2021-01-01 12:00:00","D","8.688","9.220","7.980","24.000","2023-05-29 17:11:15"
"2021-01-01 18:00:00","D","8.397","9.280","7.980","24.000","2023-05-29 17:11:15"
"2021-01-02 00:00:00","D","8.475","8.820","8.030","24.000","2023-05-29 17:11:15"
"2021-01-02 06:00:00","D","9.160","26.740","8.000","24.000","2023-05-29 17:11:15"
"2021-01-02 12:00:00","D","8.105","8.480","7.610","24.000","2023-05-29 17:11:15"
"2021-01-02 18:00:00","D","9.038","29.700","7.650","24.000","2023-05-29 17:11:15"
"2021-01-03 00:00:00","D","8.360","8.740","8.000","24.000","2023-05-29 17:11:15"
"2021-01-03 06:00:00","D","8.183","8.540","7.710","24.000","2023-05-29 17:11:15"
"2021-01-03 12:00:00","D","12.053","31.160","7.350","24.000","2023-05-29 17:11:15"
"2021-01-03 18:00:00","D","12.450","30.710","7.270","24.000","2023-05-29 17:11:15"
"2021-01-04 00:00:00","D","8.025","8.420","7.680","24.000","2023-05-29 17:11:15"
"2021-01-04 06:00:00","D","7.914","8.320","7.580","24.000","2023-05-29 17:11:15"
"2021-01-04 12:00:00","D","16.091","30.650","7.380","24.000","2023-05-29 17:11:15"
"2021-01-04 18:00:00","D","13.357","30.740","7.310","24.000","2023-05-29 17:11:15"
"2021-01-05 00:00:00","D","7.459","7.820","7.170","24.000","2023-05-29 17:11:15"
"2021-01-05 06:00:00","D","7.543","7.840","7.250","24.000","2023-05-29 17:11:15"
"2021-01-05 12:00:00","D","8.158","29.770","3.820","24.000","2023-05-29 17:11:15"
"2021-01-05 18:00:00","D","8.118","19.020","6.970","24.000","2023-05-29 17:11:15"
"2021-01-06 00:00:00","D","6.008","7.960","-12.750","24.000","2023-05-29 17:11:15"
"2021-01-06 06:00:00","D","5.486","8.230","-12.980","24.000","2023-05-29 17:11:15"
"2021-01-06 12:00:00","D","6.468","30.110","-13.030","24.000","2023-05-29 17:11:15"
"2021-01-06 18:00:00","D","8.795","30.140","7.030","24.000","2023-05-29 17:11:15"
"2021-01-07 00:00:00","D","10.223","17.620","7.030","24.000","2023-05-29 17:11:15"
"2021-01-07 06:00:00","D","7.800","17.640","7.090","24.000","2023-05-29 17:11:15"
"2021-01-07 12:00:00","D","7.036","7.430","6.710","24.000","2023-05-29 17:11:15"
"2021-01-07 18:00:00","D","6.914","7.540","6.230","24.000","2023-05-29 17:11:15"
"2021-01-08 00:00:00","D","7.628","17.120","6.860","24.000","2023-05-29 17:11:15"
"2021-01-08 06:00:00","D","7.280","7.630","6.960","24.000","2023-05-29 17:11:15"
"2021-01-08 12:00:00","D","6.915","7.380","6.530","24.000","2023-05-29 17:11:15"
"2021-01-08 18:00:00","D","6.980","7.320","6.600","24.000","2023-05-29 17:11:15"
"2021-01-09 00:00:00","D","7.026","7.360","6.780","24.000","2023-05-29 17:11:15"
"2021-01-09 06:00:00","D","7.446","16.350","6.740","24.000","2023-05-29 17:11:15"
"2021-01-09 12:00:00","D","7.167","16.550","6.410","24.000","2023-05-29 17:11:15"
"2021-01-09 18:00:00","D","6.803","7.310","6.290","24.000","2023-05-29 17:11:15"
"2021-01-10 00:00:00","D","7.069","7.440","6.830","24.000","2023-05-29 17:11:15"
"2021-01-10 06:00:00","D","6.922","7.210","6.590","24.000","2023-05-29 17:11:15"
"2021-01-10 12:00:00","D","7.030","15.930","6.270","24.000","2023-05-29 17:11:15"
"2021-01-10 18:00:00","D","6.741","7.360","6.180","24.000","2023-05-29 17:11:15"
"2021-01-11 00:00:00","D","7.098","7.420","6.730","24.000","2023-05-29 17:11:15"
"2021-01-11 06:00:00","D","7.052","7.430","6.700","24.000","2023-05-29 17:11:15"
"2021-01-11 12:00:00","D","9.840","79.990","6.450","24.000","2023-05-29 17:11:15"
"2021-01-11 18:00:00","D","6.805","7.390","6.340","24.000","2023-05-29 17:11:15"
"2021-01-12 00:00:00","D","7.170","7.680","6.750","24.000","2023-05-29 17:11:15"
"2021-01-12 06:00:00","D","7.919","16.830","6.760","24.000","2023-05-29 17:11:15"
"2021-01-12 12:00:00","D","7.241","8.260","6.840","24.000","2023-05-29 17:11:15"
"2021-01-12 18:00:00","D","7.880","8.410","6.960","24.000","2023-05-29 17:11:15"
"2021-01-13 00:00:00","D","7.864","8.940","7.410","24.000","2023-05-29 17:11:15"
"2021-01-13 06:00:00","D","7.550","8.100","7.140","24.000","2023-05-29 17:11:15"
"2021-01-13 12:00:00","D","7.233","7.700","6.740","24.000","2023-05-29 17:11:15"
"2021-01-13 18:00:00","D","7.601","8.320","6.670","24.000","2023-05-29 17:11:15"
"2021-01-14 00:00:00","D","9.004","13.560","7.810","24.000","2023-05-29 17:11:15"
"2021-01-14 06:00:00","D","13.311","17.290","10.720","24.000","2023-05-29 17:11:15"
"2021-01-14 12:00:00","D","17.717","22.980","16.420","24.000","2023-05-29 17:11:15"
"2021-01-14 18:00:00","D","19.221","33.060","18.220","24.000","2023-05-29 17:11:15"
"2021-01-15 00:00:00","D","23.733","109.770","18.920","24.000","2023-05-29 17:11:15"
"2021-01-15 06:00:00","D","23.554","79.300","19.170","24.000","2023-05-29 17:11:15"
"2021-01-15 12:00:00","D","27.614","121.160","15.230","24.000","2023-05-29 17:11:15"
"2021-01-15 18:00:00","D","14.540","51.810","-12.440","24.000","2023-05-29 17:11:15"
"2021-01-16 00:00:00","D","28.904","56.530","11.120","24.000","2023-05-29 17:11:15"
"2021-01-16 06:00:00","D","25.683","57.260","9.440","24.000","2023-05-29 17:11:15"
"2021-01-16 12:00:00","D","10.585","53.430","5.910","24.000","2023-05-29 17:11:15"
"2021-01-16 18:00:00","D","11.096","13.660","6.610","24.000","2023-05-29 17:11:15"
"2021-01-17 00:00:00","D","15.926","17.290","13.520","24.000","2023-05-29 17:11:15"
"2021-01-17 06:00:00","D","37.712","62.260","15.750","24.000","2023-05-29 17:11:15"
"2021-01-17 12:00:00","D","23.993","60.520","13.420","24.000","2023-05-29 17:11:15"
"2021-01-17 18:00:00","D","17.280","52.680","13.420","24.000","2023-05-29 17:11:15"
"2021-01-18 00:00:00","D","17.030","30.030","13.450","24.000","2023-05-29 17:11:15"
"2021-01-18 06:00:00","D","13.623","13.840","13.360","24.000","2023-05-29 17:11:15"
"2021-01-18 12:00:00","D","13.815","14.830","12.340","24.000","2023-05-29 17:11:15"
"2021-01-18 18:00:00","D","13.680","15.320","12.390","24.000","2023-05-29 17:11:15"
"2021-01-19 00:00:00","D","14.389","17.610","13.720","24.000","2023-05-29 17:11:15"
"2021-01-19 06:00:00","D","14.783","18.410","13.420","24.000","2023-05-29 17:11:15"
"2021-01-19 12:00:00","D","14.693","16.970","13.130","24.000","2023-05-29 17:11:15"
"2021-01-19 18:00:00","D","14.551","18.410","7.470","24.000","2023-05-29 17:11:15"
"2021-01-20 00:00:00","D","13.026","17.780","-22.880","24.000","2023-05-29 17:11:15"
"2021-01-20 06:00:00","D","16.389","18.940","13.940","24.000","2023-05-29 17:11:15"
"2021-01-20 12:00:00","D","16.231","20.570","14.570","24.000","2023-05-29 17:11:15"
"2021-01-20 18:00:00","D","14.439","18.990","10.640","24.000","2023-05-29 17:11:15"
"2021-01-21 00:00:00","D","15.595","24.660","6.270","24.000","2023-05-29 17:11:15"
"2021-01-21 06:00:00","D","16.028","21.290","9.410","24.000","2023-05-29 17:11:15"
"2021-01-21 12:00:00","D","18.525","22.930","13.070","24.000","2023-05-29 17:11:15"
"2021-01-21 18:00:00","D","18.443","23.100","15.400","24.000","2023-05-29 17:11:15"
"2021-01-22 00:00:00","D","23.258","63.640","15.100","24.000","2023-05-29 17:11:15"
"2021-01-22 06:00:00","D","15.557","17.190","14.620","24.000","2023-05-29 17:11:15"
"2021-01-22 12:00:00","D","14.613","15.620","13.900","24.000","2023-05-29 17:11:15"
"2021-01-22 18:00:00","D","14.818","17.680","13.950","24.000","2023-05-29 17:11:15"
"2021-01-23 00:00:00","D","14.019","14.490","13.570","24.000","2023-05-29 17:11:15"
"2021-01-23 06:00:00","D","13.007","13.460","12.690","24.000","2023-05-29 17:11:15"
"2021-01-23 12:00:00","D","12.714","13.110","12.350","24.000","2023-05-29 17:11:15"
"2021-01-23 18:00:00","D","12.133","12.570","11.510","24.000","2023-05-29 17:11:15"
"2021-01-24 00:00:00","D","11.889","12.570","11.370","24.000","2023-05-29 17:11:15"
"2021-01-24 06:00:00","D","10.013","11.450","-17.630","24.000","2023-05-29 17:11:15"
"2021-01-24 12:00:00","D","11.533","32.980","10.350","24.000","2023-05-29 17:11:15"
"2021-01-24 18:00:00","D","12.845","71.940","9.400","24.000","2023-05-29 17:11:15"
"2021-01-25 00:00:00","D","10.812","11.090","10.640","24.000","2023-05-29 17:11:15"
"2021-01-25 06:00:00","D","10.866","11.080","10.720","24.000","2023-05-29 17:11:15"
"2021-01-25 12:00:00","D","10.052","12.760","3.260","24.000","2023-05-29 17:11:15"
"2021-01-25 18:00:00","D","5.120","9.250","3.830","24.000","2023-05-29 17:11:15"
"2021-01-26 00:00:00","D","5.421","27.750","-24.270","24.000","2023-05-29 17:11:15"
"2021-01-26 06:00:00","D","5.577","5.770","5.390","24.000","2023-05-29 17:11:15"
"2021-01-26 12:00:00","D","5.245","5.480","5.080","24.000","2023-05-29 17:11:15"
"2021-01-26 18:00:00","D","5.289","5.930","5.040","24.000","2023-05-29 17:11:15"
"2021-01-27 00:00:00","D","5.908","6.680","3.530","24.000","2023-05-29 17:11:15"
"2021-01-27 06:00:00","D","10.300","53.910","6.770","24.000","2023-05-29 17:11:15"
"2021-01-27 12:00:00","D","9.994","10.910","9.270","24.000","2023-05-29 17:11:15"
"2021-01-27 18:00:00","D","14.654","36.640","11.130","24.000","2023-05-29 17:11:15"
"2021-01-28 00:00:00","D","17.860","24.580","16.530","24.000","2023-05-29 17:11:15"
"2021-01-28 06:00:00","D","20.540","28.230","16.750","24.000","2023-05-29 17:11:15"
"2021-01-28 12:00:00","D","20.036","29.270","16.870","24.000","2023-05-29 17:11:15"
"2021-01-28 18:00:00","D","16.259","18.030","-10.500","24.000","2023-05-29 17:11:15"
"2021-01-29 00:00:00","D","22.095","125.820","14.110","24.000","2023-05-29 17:11:15"
"2021-01-29 06:00:00","D","17.386","50.510","14.060","24.000","2023-05-29 17:11:15"
"2021-01-29 12:00:00","D","21.578","66.470","17.160","24.000","2023-05-29 17:11:15"
"2021-01-29 18:00:00","D","24.957","60.380","17.500","24.000","2023-05-29 17:11:15"
"2021-01-30 00:00:00","D","19.303","64.340","14.960","24.000","2023-05-29 17:11:15"
"2021-01-30 06:00:00","D","49.633","61.970","15.640","24.000","2023-05-29 17:11:15"
"2021-01-30 12:00:00","D","51.361","65.390","15.580","24.000","2023-05-29 17:11:15"
"2021-01-30 18:00:00","D","41.325","69.320","17.790","24.000","2023-05-29 17:11:15"
"2021-01-31 00:00:00","D","18.191","18.950","17.670","24.000","2023-05-29 17:11:15"
"2021-01-31 06:00:00","D","17.053","17.930","15.720","24.000","2023-05-29 17:11:15"
"2021-01-31 12:00:00","D","17.015","88.710","-10.120","24.000","2023-05-29 17:11:15"
"2021-01-31 18:00:00","D","23.431","59.440","14.570","24.000","2023-05-29 17:11:15"
"2021-02-01 00:00:00","D","22.326","59.480","14.150","24.000","2023-05-29 17:11:15"
"2021-02-01 06:00:00","D","22.441","53.940","14.140","24.000","2023-05-29 17:11:15"
"2021-02-01 12:00:00","D","21.012","31.970","11.600","24.000","2023-05-29 17:11:15"
"2021-02-01 18:00:00","D","17.957","44.830","12.770","24.000","2023-05-29 17:11:15"
"2021-02-02 00:00:00","D","14.544","21.440","11.190","24.000","2023-05-29 17:11:15"
"2021-02-02 06:00:00","D","14.351","20.940","12.560","24.000","2023-05-29 17:11:15"
"2021-02-02 12:00:00","D","15.193","20.950","12.750","24.000","2023-05-29 17:11:15"
"2021-02-02 18:00:00","D","17.305","22.330","13.370","24.000","2023-05-29 17:11:15"
"2021-02-03 00:00:00","D","20.911","21.430","20.460","24.000","2023-05-29 17:11:15"
"2021-02-03 06:00:00","D","20.960","21.380","20.640","24.000","2023-05-29 17:11:15"
"2021-02-03 12:00:00","D","20.341","20.880","18.710","24.000","2023-05-29 17:11:15"
"2021-02-03 18:00:00","D","19.796","20.090","19.480","24.000","2023-05-29 17:11:15"
"2021-02-04 00:00:00","D","18.055","19.650","15.130","24.000","2023-05-29 17:11:15"
"2021-02-04 06:00:00","D","17.291","18.530","15.260","24.000","2023-05-29 17:11:15"
"2021-02-04 12:00:00","D","15.038","17.510","12.850","24.000","2023-05-29 17:11:15"
"2021-02-04 18:00:00","D","15.361","16.660","12.970","24.000","2023-05-29 17:11:15"
"2021-02-05 00:00:00","D","16.764","20.820","15.110","24.000","2023-05-29 17:11:15"
"2021-02-05 06:00:00","D","26.410","30.640","22.030","24.000","2023-05-29 17:11:15"
"2021-02-05 12:00:00","D","22.932","37.290","16.520","24.000","2023-05-29 17:11:15"
"2021-02-05 18:00:00","D","17.115","36.450","14.550","24.000","2023-05-29 17:11:15"
"2021-02-06 00:00:00","D","12.814","14.760","-21.150","24.000","2023-05-29 17:11:15"
"2021-02-06 06:00:00","D","13.931","14.610","13.560","24.000","2023-05-29 17:11:15"
"2021-02-06 12:00:00","D","15.124","15.830","13.860","24.000","2023-05-29 17:11:15"
"2021-02-06 18:00:00","D","21.854","32.110","14.370","24.000","2023-05-29 17:11:15"
"2021-02-07 00:00:00","D","24.040","25.440","22.520","24.000","2023-05-29 17:11:15"
"2021-02-07 06:00:00","D","26.672","29.680","24.010","24.000","2023-05-29 17:11:15"
"2021-02-07 12:00:00","D","30.920","32.710","28.410","24.000","2023-05-29 17:11:15"
"2021-02-07 18:00:00","D","29.788","31.250","28.290","24.000","2023-05-29 17:11:15"
"2021-02-08 00:00:00","D","27.215","29.000","24.140","24.000","2023-05-29 17:11:15"
"2021-02-08 06:00:00","D","18.320","26.610","13.630","24.000","2023-05-29 17:11:15"
"2021-02-08 12:00:00","D","17.330","74.950","-28.540","24.000","2023-05-29 17:11:15"
"2021-02-08 18:00:00","D","16.873","71.860","11.500","24.000","2023-05-29 17:11:15"
"2021-02-09 00:00:00","D","24.586","135.920","-19.470","24.000","2023-05-29 17:11:15"
"2021-02-09 06:00:00","D","13.528","13.930","12.990","24.000","2023-05-29 17:11:15"
"2021-02-09 12:00:00","D","14.173","14.910","13.200","24.000","2023-05-29 17:11:15"
"2021-02-09 18:00:00","D","18.073","103.390","-13.200","24.000","2023-05-29 17:11:15"
"2021-02-10 00:00:00","D","33.260","106.690","-0.100","24.000","2023-05-29 17:11:15"
"2021-02-10 06:00:00","D","20.512","82.500","12.220","24.000","2023-05-29 17:11:15"
"2021-02-10 12:00:00","D","29.003","114.490","-11.020","24.000","2023-05-29 17:11:15"
"2021-02-10 18:00:00","D","15.883","117.750","-29.610","24.000","2023-05-29 17:11:15"
"2021-02-11 00:00:00","D","24.206","116.650","-34.320","24.000","2023-05-29 17:11:15"
"2021-02-11 06:00:00","D","19.001","128.770","11.680","24.000","2023-05-29 17:11:15"
"2021-02-11 12:00:00","D","12.449","13.780","11.420","24.000","2023-05-29 17:11:15"
"2021-02-11 18:00:00","D","12.241","13.660","11.090","24.000","2023-05-29 17:11:15"
"2021-02-12 00:00:00","D","12.291","13.630","11.140","24.000","2023-05-29 17:11:15"
"2021-02-12 06:00:00","D","11.912","13.300","10.810","24.000","2023-05-29 17:11:15"
"2021-02-12 12:00:00","D","11.362","12.720","10.370","24.000","2023-05-29 17:11:15"
"2021-02-12 18:00:00","D","13.731","85.240","9.950","24.000","2023-05-29 17:11:15"
"2021-02-13 00:00:00","D","11.701","26.700","10.350","24.000","2023-05-29 17:11:15"
"2021-02-13 06:00:00","D","9.041","13.270","-29.180","24.000","2023-05-29 17:11:15"
"2021-02-13 12:00:00","D","11.380","37.700","9.900","24.000","2023-05-29 17:11:15"
"2021-02-13 18:00:00","D","16.909","104.080","-20.500","24.000","2023-05-29 17:11:15"
"2021-02-14 00:00:00","D","10.993","69.340","-32.850","24.000","2023-05-29 17:11:15"
"2021-02-14 06:00:00","D","14.427","104.230","9.530","24.000","2023-05-29 17:11:15"
"2021-02-14 12:00:00","D","16.335","137.000","-5.980","24.000","2023-05-29 17:11:15"
"2021-02-14 18:00:00","D","26.448","146.600","-7.820","24.000","2023-05-29 17:11:15"
"2021-02-15 00:00:00","D","18.315","143.310","-30.490","24.000","2023-05-29 17:11:15"
"2021-02-15 06:00:00","D","10.319","10.730","10.000","24.000","2023-05-29 17:11:15"
"2021-02-15 12:00:00","D","10.015","10.470","9.130","24.000","2023-05-29 17:11:15"
"2021-02-15 18:00:00","D","11.029","13.040","9.840","24.000","2023-05-29 17:11:15"
"2021-02-16 00:00:00","D","11.099","11.450","10.700","24.000","2023-05-29 17:11:15"
"2021-02-16 06:00:00","D","11.046","11.400","10.580","24.000","2023-05-29 17:11:15"
"2021-02-16 12:00:00","D","11.151","15.260","8.690","24.000","2023-05-29 17:11:15"
"2021-02-16 18:00:00","D","11.007","11.600","7.130","24.000","2023-05-29 17:11:15"
"2021-02-17 00:00:00","D","11.757","12.300","11.010","24.000","2023-05-29 17:11:15"
"2021-02-17 06:00:00","D","11.565","12.090","11.110","24.000","2023-05-29 17:11:15"
"2021-02-17 12:00:00","D","11.317","11.760","10.930","24.000","2023-05-29 17:11:15"
"2021-02-17 18:00:00","D","11.382","11.780","10.850","24.000","2023-05-29 17:11:15"
"2021-02-18 00:00:00","D","11.790","12.280","11.270","24.000","2023-05-29 17:11:15"
"2021-02-18 06:00:00","D","13.128","14.890","12.020","24.000","2023-05-29 17:11:15"
"2021-02-18 12:00:00","D","12.935","17.320","11.910","24.000","2023-05-29 17:11:15"
"2021-02-18 18:00:00","D","12.868","13.190","12.500","24.000","2023-05-29 17:11:15"
"2021-02-19 00:00:00","D","13.988","15.810","12.540","24.000","2023-05-29 17:11:15"
"2021-02-19 06:00:00","D","13.379","17.620","7.940","24.000","2023-05-29 17:11:15"
"2021-02-19 12:00:00","D","12.575","13.570","12.120","24.000","2023-05-29 17:11:15"
"2021-02-19 18:00:00","D","12.901","14.350","11.580","24.000","2023-05-29 17:11:15"
"2021-02-20 00:00:00","D","12.675","14.660","11.190","24.000","2023-05-29 17:11:15"
"2021-02-20 06:00:00","D","12.176","13.810","11.020","24.000","2023-05-29 17:11:15"
"2021-02-20 12:00:00","D","11.838","13.360","10.310","24.000","2023-05-29 17:11:15"
"2021-02-20 18:00:00","D","11.506","13.070","9.990","24.000","2023-05-29 17:11:15"
"2021-02-21 00:00:00","D","11.693","13.160","10.020","24.000","2023-05-29 17:11:15"
"2021-02-21 06:00:00","D","11.162","13.120","9.810","24.000","2023-05-29 17:11:15"
"2021-02-21 12:00:00","D","11.017","12.580","9.250","24.000","2023-05-29 17:11:15"
"2021-02-21 18:00:00","D","11.064","12.230","9.920","24.000","2023-05-29 17:11:15"
"2021-02-22 00:00:00","D","10.534","11.780","9.640","24.000","2023-05-29 17:11:15"
"2021-02-22 06:00:00","D","10.212","11.100","9.640","24.000","2023-05-29 17:11:15"
"2021-02-22 12:00:00","D","9.748","10.820","9.290","24.000","2023-05-29 17:11:15"
"2021-02-22 18:00:00","D","9.968","10.910","9.320","24.000","2023-05-29 17:11:15"
"2021-02-23 00:00:00","D","9.765","10.880","8.240","24.000","2023-05-29 17:11:15"
"2021-02-23 06:00:00","D","9.730","11.000","8.620","24.000","2023-05-29 17:11:15"
"2021-02-23 12:00:00","D","9.669","11.520","8.050","24.000","2023-05-29 17:11:15"
"2021-02-23 18:00:00","D","9.798","12.320","8.100","24.000","2023-05-29 17:11:15"
"2021-02-24 00:00:00","D","9.596","11.240","7.810","24.000","2023-05-29 17:11:15"
"2021-02-24 06:00:00","D","9.707","11.230","8.280","24.000","2023-05-29 17:11:15"
"2021-02-24 12:00:00","D","9.370","10.530","8.020","24.000","2023-05-29 17:11:15"
"2021-02-24 18:00:00","D","9.678","11.110","8.050","24.000","2023-05-29 17:11:15"
"2021-02-25 00:00:00","D","9.861","10.930","8.560","24.000","2023-05-29 17:11:15"
"2021-02-25 06:00:00","D","9.177","10.790","3.900","24.000","2023-05-29 17:11:15"
"2021-02-25 12:00:00","D","8.880","11.180","8.200","24.000","2023-05-29 17:11:15"
"2021-02-25 18:00:00","D","8.839","9.610","8.060","24.000","2023-05-29 17:11:15"
"2021-02-26 00:00:00","D","8.957","9.750","8.340","24.000","2023-05-29 17:11:15"
"2021-02-26 06:00:00","D","8.754","9.320","8.200","24.000","2023-05-29 17:11:15"
"2021-02-26 12:00:00","D","8.401","9.030","7.990","24.000","2023-05-29 17:11:15"
"2021-02-26 18:00:00","D","8.395","10.260","3.590","24.000","2023-05-29 17:11:15"
"2021-02-27 00:00:00","D","9.125","10.470","7.740","24.000","2023-05-29 17:11:15"
"2021-02-27 06:00:00","D","8.984","10.350","7.660","24.000","2023-05-29 17:11:15"
"2021-02-27 12:00:00","D","8.456","9.280","7.370","24.000","2023-05-29 17:11:15"
"2021-02-27 18:00:00","D","8.588","11.190","7.110","24.000","2023-05-29 17:11:15"
"2021-02-28 00:00:00","D","8.457","8.980","8.040","24.000","2023-05-29 17:11:15"
"2021-02-28 06:00:00","D","8.354","8.760","7.980","24.000","2023-05-29 17:11:15"
"2021-02-28 12:00:00","D","8.168","9.020","7.730","24.000","2023-05-29 17:11:15"
"2021-02-28 18:00:00","D","8.293","9.000","7.530","24.000","2023-05-29 17:11:15"
"2021-03-01 00:00:00","D","8.854","9.410","8.440","24.000","2023-05-29 17:11:15"
"2021-03-01 06:00:00","D","8.657","9.190","8.190","24.000","2023-05-29 17:11:15"
"2021-03-01 12:00:00","D","8.238","9.360","7.010","24.000","2023-05-29 17:11:15"
"2021-03-01 18:00:00","D","8.580","10.150","7.140","24.000","2023-05-29 17:11:15"
"2021-03-02 00:00:00","D","8.700","10.020","7.210","24.000","2023-05-29 17:11:15"
"2021-03-02 06:00:00","D","8.566","9.650","7.620","24.000","2023-05-29 17:11:15"
"2021-03-02 12:00:00","D","8.145","8.730","7.560","24.000","2023-05-29 17:11:15"
"2021-03-02 18:00:00","D","8.438","9.930","7.340","24.000","2023-05-29 17:11:15"
"2021-03-03 00:00:00","D","8.604","10.020","7.190","24.000","2023-05-29 17:11:15"
"2021-03-03 06:00:00","D","8.507","9.940","7.150","24.000","2023-05-29 17:11:15"
"2021-03-03 12:00:00","D","7.955","9.570","5.900","24.000","2023-05-29 17:11:15"
"2021-03-03 18:00:00","D","8.595","10.360","6.640","24.000","2023-05-29 17:11:15"
"2021-03-04 00:00:00","D","9.750","10.560","9.260","24.000","2023-05-29 17:11:15"
"2021-03-04 06:00:00","D","10.557","11.000","10.160","24.000","2023-05-29 17:11:15"
"2021-03-04 12:00:00","D","9.909","10.470","9.240","24.000","2023-05-29 17:11:15"
"2021-03-04 18:00:00","D","9.625","10.100","8.710","24.000","2023-05-29 17:11:15"
"2021-03-05 00:00:00","D","9.224","9.780","7.950","24.000","2023-05-29 17:11:15"
"2021-03-05 06:00:00","D","8.949","9.430","8.320","24.000","2023-05-29 17:11:15"
"2021-03-05 12:00:00","D","8.887","9.440","8.160","24.000","2023-05-29 17:11:15"
"2021-03-05 18:00:00","D","8.855","9.770","8.150","24.000","2023-05-29 17:11:15"
"2021-03-06 00:00:00","D","9.101","10.230","8.380","24.000","2023-05-29 17:11:15"
"2021-03-06 06:00:00","D","8.577","9.210","6.460","24.000","2023-05-29 17:11:15"
"2021-03-06 12:00:00","D","8.283","9.090","7.800","24.000","2023-05-29 17:11:15"
"2021-03-06 18:00:00","D","11.585","87.820","7.560","24.000","2023-05-29 17:11:15"
"2021-03-07 00:00:00","D","8.359","8.900","7.870","24.000","2023-05-29 17:11:15"
"2021-03-07 06:00:00","D","8.231","8.840","7.810","24.000","2023-05-29 17:11:15"
"2021-03-07 12:00:00","D","7.877","8.450","7.550","24.000","2023-05-29 17:11:15"
"2021-03-07 18:00:00","D","7.849","8.630","5.820","24.000","2023-05-29 17:11:15"
"2021-03-08 00:00:00","D","8.305","9.300","7.840","24.000","2023-05-29 17:11:15"
"2021-03-08 06:00:00","D","8.123","8.530","7.770","24.000","2023-05-29 17:11:15"
"2021-03-08 12:00:00","D","8.725","107.280","-32.410","24.000","2023-05-29 17:11:15"
"2021-03-08 18:00:00","D","7.860","8.900","7.020","24.000","2023-05-29 17:11:15"
"2021-03-09 00:00:00","D","7.927","8.580","7.310","24.000","2023-05-29 17:11:15"
"2021-03-09 06:00:00","D","7.931","8.520","7.370","24.000","2023-05-29 17:11:15"
"2021-03-09 12:00:00","D","7.718","8.610","6.920","24.000","2023-05-29 17:11:15"
"2021-03-09 18:00:00","D","7.916","9.380","7.100","24.000","2023-05-29 17:11:15"
"2021-03-10 00:00:00","D","7.944","8.850","7.310","24.000","2023-05-29 17:11:15"
"2021-03-10 06:00:00","D","7.865","8.220","7.380","24.000","2023-05-29 17:11:15"
"2021-03-10 12:00:00","D","7.637","8.230","7.110","24.000","2023-05-29 17:11:15"
"2021-03-10 18:00:00","D","7.961","8.550","7.230","24.000","2023-05-29 17:11:15"
"2021-03-11 00:00:00","D","8.574","9.950","7.740","24.000","2023-05-29 17:11:15"
"2021-03-11 06:00:00","D","8.655","9.880","7.780","24.000","2023-05-29 17:11:15"
"2021-03-11 12:00:00","D","8.778","10.180","8.030","24.000","2023-05-29 17:11:15"
"2021-03-11 18:00:00","D","8.833","10.480","7.590","24.000","2023-05-29 17:11:15"
"2021-03-12 00:00:00","D","8.855","10.200","7.690","24.000","2023-05-29 17:11:15"
"2021-03-12 06:00:00","D","8.460","9.030","7.950","24.000","2023-05-29 17:11:15"
"2021-03-12 12:00:00","D","8.093","8.770","7.540","24.000","2023-05-29 17:11:15"
"2021-03-12 18:00:00","D","8.228","9.650","7.540","24.000","2023-05-29 17:11:15"
"2021-03-13 00:00:00","D","8.090","9.050","7.480","24.000","2023-05-29 17:11:15"
"2021-03-13 06:00:00","D","8.472","10.080","7.810","24.000","2023-05-29 17:11:15"
"2021-03-13 12:00:00","D","8.749","10.140","8.000","24.000","2023-05-29 17:11:15"
"2021-03-13 18:00:00","D","8.460","9.810","6.150","24.000","2023-05-29 17:11:15"
"2021-03-14 00:00:00","D","8.428","8.950","7.890","24.000","2023-05-29 17:11:15"
"2021-03-14 06:00:00","D","8.181","8.820","7.590","24.000","2023-05-29 17:11:15"
"2021-03-14 12:00:00","D","9.430","44.800","7.060","24.000","2023-05-29 17:11:15"
"2021-03-14 18:00:00","D","7.116","9.930","-0.660","24.000","2023-05-29 17:11:15"
"2021-03-15 00:00:00","D","8.290","9.100","7.930","24.000","2023-05-29 17:11:15"
"2021-03-15 06:00:00","D","7.791","8.040","7.580","24.000","2023-05-29 17:11:15"
"2021-03-15 12:00:00","D","7.494","7.610","7.280","24.000","2023-05-29 17:11:15"
"2021-03-15 18:00:00","D","7.695","8.150","6.930","24.000","2023-05-29 17:11:15"
"2021-03-16 00:00:00","D","8.404","9.040","7.770","24.000","2023-05-29 17:11:15"
"2021-03-16 06:00:00","D","8.232","8.720","7.580","24.000","2023-05-29 17:11:15"
"2021-03-16 12:00:00","D","7.761","8.560","6.950","24.000","2023-05-29 17:11:15"
"2021-03-16 18:00:00","D","7.736","8.880","6.750","24.000","2023-05-29 17:11:15"
"2021-03-17 00:00:00","D","7.708","8.270","7.220","24.000","2023-05-29 17:11:15"
"2021-03-17 06:00:00","D","7.621","8.260","7.030","24.000","2023-05-29 17:11:15"
"2021-03-17 12:00:00","D","6.974","7.800","5.900","24.000","2023-05-29 17:11:15"
"2021-03-17 18:00:00","D","7.527","7.880","6.960","24.000","2023-05-29 17:11:15"
"2021-03-18 00:00:00","D","7.907","8.320","7.640","24.000","2023-05-29 17:11:15"
"2021-03-18 06:00:00","D","7.963","8.200","7.650","24.000","2023-05-29 17:11:15"
"2021-03-18 12:00:00","D","7.420","7.700","7.210","24.000","2023-05-29 17:11:15"
"2021-03-18 18:00:00","D","7.497","7.870","7.010","24.000","2023-05-29 17:11:15"
"2021-03-19 00:00:00","D","7.710","7.940","7.600","24.000","2023-05-29 17:11:15"
"2021-03-19 06:00:00","D","7.732","7.830","7.630","24.000","2023-05-29 17:11:15"
"2021-03-19 12:00:00","D","7.634","7.940","7.490","24.000","2023-05-29 17:11:15"
"2021-03-19 18:00:00","D","8.166","9.430","7.540","24.000","2023-05-29 17:11:15"
"2021-03-20 00:00:00","D","7.898","8.140","7.770","24.000","2023-05-29 17:11:15"
"2021-03-20 06:00:00","D","7.710","7.950","7.480","24.000","2023-05-29 17:11:15"
"2021-03-20 12:00:00","D","7.383","7.910","7.160","24.000","2023-05-29 17:11:15"
"2021-03-20 18:00:00","D","7.387","7.680","6.940","24.000","2023-05-29 17:11:15"
"2021-03-21 00:00:00","D","7.615","8.220","6.300","24.000","2023-05-29 17:11:15"
"2021-03-21 06:00:00","D","7.553","7.870","7.320","24.000","2023-05-29 17:11:15"
"2021-03-21 12:00:00","D","7.128","7.620","6.930","24.000","2023-05-29 17:11:15"
"2021-03-21 18:00:00","D","7.213","8.200","6.540","24.000","2023-05-29 17:11:15"
"2021-03-22 00:00:00","D","7.675","8.110","7.180","24.000","2023-05-29 17:11:15"
"2021-03-22 06:00:00","D","7.509","7.850","7.030","24.000","2023-05-29 17:11:15"
"2021-03-22 12:00:00","D","7.053","7.570","6.180","24.000","2023-05-29 17:11:15"
"2021-03-22 18:00:00","D","6.565","7.310","5.120","24.000","2023-05-29 17:11:15"
"2021-03-23 00:00:00","D","7.185","7.690","6.830","24.000","2023-05-29 17:11:15"
"2021-03-23 06:00:00","D","7.107","7.460","6.800","24.000","2023-05-29 17:11:15"
"2021-03-23 12:00:00","D","6.809","7.140","6.470","24.000","2023-05-29 17:11:15"
"2021-03-23 18:00:00","D","7.158","7.760","6.530","24.000","2023-05-29 17:11:15"
"2021-03-24 00:00:00","D","7.398","7.830","6.920","24.000","2023-05-29 17:11:15"
"2021-03-24 06:00:00","D","7.199","7.450","6.980","24.000","2023-05-29 17:11:15"
"2021-03-24 12:00:00","D","7.013","7.420","5.820","24.000","2023-05-29 17:11:15"
"2021-03-24 18:00:00","D","7.000","7.450","6.470","24.000","2023-05-29 17:11:15"
"2021-03-25 00:00:00","D","7.143","7.530","6.790","24.000","2023-05-29 17:11:15"
"2021-03-25 06:00:00","D","7.205","7.600","6.750","24.000","2023-05-29 17:11:15"
"2021-03-25 12:00:00","D","6.933","7.350","6.560","24.000","2023-05-29 17:11:15"
"2021-03-25 18:00:00","D","6.929","7.380","6.540","24.000","2023-05-29 17:11:15"
"2021-03-26 00:00:00","D","7.012","7.360","6.730","24.000","2023-05-29 17:11:15"
"2021-03-26 06:00:00","D","7.046","7.450","6.640","24.000","2023-05-29 17:11:15"
"2021-03-26 12:00:00","D","6.776","7.100","6.460","24.000","2023-05-29 17:11:15"
"2021-03-26 18:00:00","D","7.214","7.920","6.410","24.000","2023-05-29 17:11:15"
"2021-03-27 00:00:00","D","7.521","8.090","6.960","24.000","2023-05-29 17:11:15"
"2021-03-27 06:00:00","D","7.635","8.150","6.930","24.000","2023-05-29 17:11:15"
"2021-03-27 12:00:00","D","7.230","7.800","6.940","24.000","2023-05-29 17:11:15"
"2021-03-27 18:00:00","D","7.071","8.110","1.770","24.000","2023-05-29 17:11:15"
"2021-03-28 00:00:00","D","7.473","7.820","7.090","24.000","2023-05-29 17:11:15"
"2021-03-28 06:00:00","D","7.260","7.910","6.680","24.000","2023-05-29 17:11:15"
"2021-03-28 12:00:00","D","6.774","7.440","6.180","24.000","2023-05-29 17:11:15"
"2021-03-28 18:00:00","D","6.795","7.100","6.180","24.000","2023-05-29 17:11:15"
"2021-03-29 00:00:00","D","7.058","7.560","6.680","24.000","2023-05-29 17:11:15"
"2021-03-29 06:00:00","D","6.798","7.260","6.420","24.000","2023-05-29 17:11:15"
"2021-03-29 12:00:00","D","6.426","6.670","6.090","24.000","2023-05-29 17:11:15"
"2021-03-29 18:00:00","D","6.583","7.350","6.010","24.000","2023-05-29 17:11:15"
"2021-03-30 00:00:00","D","6.729","7.120","6.340","24.000","2023-05-29 17:11:15"
"2021-03-30 06:00:00","D","6.614","7.130","6.190","24.000","2023-05-29 17:11:15"
"2021-03-30 12:00:00","D","6.164","7.070","5.380","24.000","2023-05-29 17:11:15"
"2021-03-30 18:00:00","D","6.216","7.140","5.860","24.000","2023-05-29 17:11:15"
"2021-03-31 00:00:00","D","7.123","9.810","6.410","24.000","2023-05-29 17:11:15"
"2021-03-31 06:00:00","D","7.015","7.650","6.320","24.000","2023-05-29 17:11:15"
"2021-03-31 12:00:00","D","6.515","6.980","6.200","24.000","2023-05-29 17:11:15"
"2021-03-31 18:00:00","D","6.603","7.330","6.060","24.000","2023-05-29 17:11:15"
"2021-04-01 00:00:00","D","7.160","11.250","6.220","24.000","2023-05-29 17:11:15"
"2021-04-01 06:00:00","D","7.003","7.550","6.600","24.000","2023-05-29 17:11:15"
"2021-04-01 12:00:00","D","6.503","6.840","6.180","24.000","2023-05-29 17:11:15"
"2021-04-01 18:00:00","D","6.879","7.530","6.300","24.000","2023-05-29 17:11:15"
"2021-04-02 00:00:00","D","6.674","7.100","6.370","24.000","2023-05-29 17:11:15"
"2021-04-02 06:00:00","D","6.413","6.830","6.020","24.000","2023-05-29 17:11:15"
"2021-04-02 12:00:00","D","6.162","6.550","5.850","24.000","2023-05-29 17:11:15"
"2021-04-02 18:00:00","D","6.364","6.890","5.940","24.000","2023-05-29 17:11:15"
"2021-04-03 00:00:00","D","6.495","6.870","6.250","24.000","2023-05-29 17:11:15"
"2021-04-03 06:00:00","D","6.337","6.810","6.000","24.000","2023-05-29 17:11:15"
"2021-04-03 12:00:00","D","6.068","6.440","5.700","24.000","2023-05-29 17:11:15"
"2021-04-03 18:00:00","D","6.249","6.940","5.720","24.000","2023-05-29 17:11:15"
"2021-04-04 00:00:00","D","6.612","7.030","6.140","24.000","2023-05-29 17:11:15"
"2021-04-04 06:00:00","D","6.480","6.840","6.090","24.000","2023-05-29 17:11:15"
"2021-04-04 12:00:00","D","6.190","6.480","5.850","24.000","2023-05-29 17:11:15"
"2021-04-04 18:00:00","D","5.752","6.700","4.810","24.000","2023-05-29 17:11:15"
"2021-04-05 00:00:00","D","6.317","6.700","5.810","24.000","2023-05-29 17:11:15"
"2021-04-05 06:00:00","D","6.349","6.710","6.000","24.000","2023-05-29 17:11:15"
"2021-04-05 12:00:00","D","5.954","6.350","5.540","24.000","2023-05-29 17:11:15"
"2021-04-05 18:00:00","D","6.340","6.740","5.710","24.000","2023-05-29 17:11:15"
"2021-04-06 00:00:00","D","6.554","6.910","6.210","24.000","2023-05-29 17:11:15"
"2021-04-06 06:00:00","D","6.407","6.850","6.010","24.000","2023-05-29 17:11:15"
"2021-04-06 12:00:00","D","6.160","6.520","5.840","24.000","2023-05-29 17:11:15"
"2021-04-06 18:00:00","D","6.128","6.570","5.750","24.000","2023-05-29 17:11:15"
"2021-04-07 00:00:00","D","6.296","6.790","5.500","24.000","2023-05-29 17:11:15"
"2021-04-07 06:00:00","D","6.398","6.770","6.110","24.000","2023-05-29 17:11:15"
"2021-04-07 12:00:00","D","6.155","6.510","5.810","24.000","2023-05-29 17:11:15"
"2021-04-07 18:00:00","D","6.261","6.780","5.830","24.000","2023-05-29 17:11:15"
"2021-04-08 00:00:00","D","6.415","6.720","6.110","24.000","2023-05-29 17:11:15"
"2021-04-08 06:00:00","D","6.329","6.710","5.950","24.000","2023-05-29 17:11:15"
"2021-04-08 12:00:00","D","5.906","6.460","5.380","24.000","2023-05-29 17:11:15"
"2021-04-08 18:00:00","D","5.694","6.400","5.100","24.000","2023-05-29 17:11:15"
"2021-04-09 00:00:00","D","6.224","6.720","5.770","24.000","2023-05-29 17:11:15"
"2021-04-09 06:00:00","D","6.235","6.630","5.740","24.000","2023-05-29 17:11:15"
"2021-04-09 12:00:00","D","5.739","6.230","5.110","24.000","2023-05-29 17:11:15"
"2021-04-09 18:00:00","D","5.903","7.020","5.090","24.000","2023-05-29 17:11:15"
"2021-04-10 00:00:00","D","6.341","6.750","6.020","24.000","2023-05-29 17:11:15"
"2021-04-10 06:00:00","D","6.163","6.580","5.720","24.000","2023-05-29 17:11:15"
"2021-04-10 12:00:00","D","5.848","6.340","5.520","24.000","2023-05-29 17:11:15"
"2021-04-10 18:00:00","D","5.871","6.410","5.410","24.000","2023-05-29 17:11:15"
"2021-04-11 00:00:00","D","6.161","6.580","5.840","24.000","2023-05-29 17:11:15"
"2021-04-11 06:00:00","D","6.030","6.450","5.710","24.000","2023-05-29 17:11:15"
"2021-04-11 12:00:00","D","5.820","6.200","5.410","24.000","2023-05-29 17:11:15"
"2021-04-11 18:00:00","D","6.295","6.940","5.810","24.000","2023-05-29 17:11:15"
"2021-04-12 00:00:00","D","6.288","6.580","5.990","24.000","2023-05-29 17:11:15"
"2021-04-12 06:00:00","D","6.126","6.640","5.670","24.000","2023-05-29 17:11:15"
"2021-04-12 12:00:00","D","5.820","6.200","5.490","24.000","2023-05-29 17:11:15"
"2021-04-12 18:00:00","D","6.052","6.700","5.390","24.000","2023-05-29 17:11:15"
"2021-04-13 00:00:00","D","6.158","6.500","5.860","24.000","2023-05-29 17:11:15"
"2021-04-13 06:00:00","D","6.074","6.490","5.680","24.000","2023-05-29 17:11:15"
"2021-04-13 12:00:00","D","5.599","6.130","4.030","24.000","2023-05-29 17:11:15"
"2021-04-13 18:00:00","D","5.651","7.120","1.880","24.000","2023-05-29 17:11:15"
"2021-04-14 00:00:00","D","5.963","6.940","5.550","24.000","2023-05-29 17:11:15"
"2021-04-14 06:00:00","D","5.810","6.190","5.480","24.000","2023-05-29 17:11:15"
"2021-04-14 12:00:00","D","5.539","6.050","3.200","24.000","2023-05-29 17:11:15"
"2021-04-14 18:00:00","D","5.751","6.370","5.310","24.000","2023-05-29 17:11:15"
"2021-04-15 00:00:00","D","5.803","6.230","5.370","24.000","2023-05-29 17:11:15"
"2021-04-15 06:00:00","D","5.773","6.230","5.330","24.000","2023-05-29 17:11:15"
"2021-04-15 12:00:00","D","5.174","5.860","3.730","24.000","2023-05-29 17:11:15"
"2021-04-15 18:00:00","D","5.311","6.110","4.510","24.000","2023-05-29 17:11:15"
"2021-04-16 00:00:00","D","5.730","6.000","5.420","24.000","2023-05-29 17:11:15"
"2021-04-16 06:00:00","D","5.740","6.120","5.280","24.000","2023-05-29 17:11:15"
"2021-04-16 12:00:00","D","5.412","5.780","5.150","24.000","2023-05-29 17:11:15"
"2021-04-16 18:00:00","D","6.019","6.620","5.270","24.000","2023-05-29 17:11:15"
"2021-04-17 00:00:00","D","5.784","6.080","5.510","24.000","2023-05-29 17:11:15"
"2021-04-17 06:00:00","D","5.766","6.030","5.350","24.000","2023-05-29 17:11:15"
"2021-04-17 12:00:00","D","5.691","6.190","5.310","24.000","2023-05-29 17:11:15"
"2021-04-17 18:00:00","D","6.146","6.850","5.580","24.000","2023-05-29 17:11:15"
"2021-04-18 00:00:00","D","5.825","6.270","5.390","24.000","2023-05-29 17:11:15"
"2021-04-18 06:00:00","D","5.783","6.060","5.490","24.000","2023-05-29 17:11:15"
"2021-04-18 12:00:00","D","5.570","5.900","5.220","24.000","2023-05-29 17:11:15"
"2021-04-18 18:00:00","D","6.014","6.900","5.120","24.000","2023-05-29 17:11:15"
"2021-04-19 00:00:00","D","5.980","6.230","5.710","24.000","2023-05-29 17:11:15"
"2021-04-19 06:00:00","D","5.824","6.130","5.440","24.000","2023-05-29 17:11:15"
"2021-04-19 12:00:00","D","5.440","5.770","5.050","24.000","2023-05-29 17:11:15"
"2021-04-19 18:00:00","D","5.372","6.070","4.600","24.000","2023-05-29 17:11:15"
"2021-04-20 00:00:00","D","5.411","6.700","3.250","24.000","2023-05-29 17:11:15"
"2021-04-20 06:00:00","D","6.403","16.750","5.220","24.000","2023-05-29 17:11:15"
"2021-04-20 12:00:00","D","5.499","6.010","4.750","24.000","2023-05-29 17:11:15"
"2021-04-20 18:00:00","D","6.026","7.980","4.490","24.000","2023-05-29 17:11:15"
"2021-04-21 00:00:00","D","5.750","6.200","5.440","24.000","2023-05-29 17:11:15"
"2021-04-21 06:00:00","D","5.598","5.990","5.280","24.000","2023-05-29 17:11:15"
"2021-04-21 12:00:00","D","5.300","5.700","4.730","24.000","2023-05-29 17:11:15"
"2021-04-21 18:00:00","D","5.447","5.770","5.110","24.000","2023-05-29 17:11:15"
"2021-04-22 00:00:00","D","5.440","5.850","5.010","24.000","2023-05-29 17:11:15"
"2021-04-22 06:00:00","D","5.508","5.880","5.080","24.000","2023-05-29 17:11:15"
"2021-04-22 12:00:00","D","5.319","5.590","4.980","24.000","2023-05-29 17:11:15"
"2021-04-22 12:00:00","D","5.319","5.590","4.980","24.000","2023-05-29 17:11:27"
"2021-04-22 18:00:00","D","5.503","5.970","5.070","24.000","2023-05-29 17:11:15"
"2021-04-22 18:00:00","D","5.503","5.970","5.070","24.000","2023-05-29 17:11:27"
"2021-04-23 00:00:00","D","5.380","5.730","4.880","24.000","2023-05-29 17:11:15"
"2021-04-23 00:00:00","D","5.380","5.730","4.880","24.000","2023-05-29 17:11:27"
"2021-04-23 06:00:00","D","5.379","5.700","4.990","24.000","2023-05-29 17:11:15"
"2021-04-23 06:00:00","D","5.379","5.700","4.990","24.000","2023-05-29 17:11:27"
"2021-04-23 12:00:00","D","5.162","5.570","3.700","24.000","2023-05-29 17:11:15"
"2021-04-23 12:00:00","D","5.162","5.570","3.700","24.000","2023-05-29 17:11:27"
"2021-04-23 18:00:00","D","5.435","5.970","4.880","24.000","2023-05-29 17:11:15"
"2021-04-23 18:00:00","D","5.435","5.970","4.880","24.000","2023-05-29 17:11:27"
"2021-04-24 00:00:00","D","5.792","9.590","5.130","24.000","2023-05-29 17:11:15"
"2021-04-24 00:00:00","D","5.792","9.590","5.130","24.000","2023-05-29 17:11:27"
"2021-04-24 06:00:00","D","5.285","5.590","4.950","24.000","2023-05-29 17:11:15"
"2021-04-24 06:00:00","D","5.285","5.590","4.950","24.000","2023-05-29 17:11:27"
"2021-04-24 12:00:00","D","5.188","5.690","4.890","24.000","2023-05-29 17:11:15"
"2021-04-24 12:00:00","D","5.188","5.690","4.890","24.000","2023-05-29 17:11:27"
"2021-04-24 18:00:00","D","5.347","6.270","4.340","24.000","2023-05-29 17:11:15"
"2021-04-24 18:00:00","D","5.347","6.270","4.340","24.000","2023-05-29 17:11:27"
"2021-04-25 00:00:00","D","5.436","7.480","5.080","24.000","2023-05-29 17:11:15"
"2021-04-25 00:00:00","D","5.436","7.480","5.080","24.000","2023-05-29 17:11:27"
"2021-04-25 06:00:00","D","5.178","5.540","4.760","24.000","2023-05-29 17:11:15"
"2021-04-25 06:00:00","D","5.178","5.540","4.760","24.000","2023-05-29 17:11:27"
"2021-04-25 12:00:00","D","4.945","5.490","4.370","24.000","2023-05-29 17:11:15"
"2021-04-25 12:00:00","D","4.945","5.490","4.370","24.000","2023-05-29 17:11:27"
"2021-04-25 18:00:00","D","5.096","5.530","4.550","24.000","2023-05-29 17:11:15"
"2021-04-25 18:00:00","D","5.096","5.530","4.550","24.000","2023-05-29 17:11:27"
"2021-04-26 00:00:00","D","5.217","5.540","4.980","24.000","2023-05-29 17:11:15"
"2021-04-26 00:00:00","D","5.217","5.540","4.980","24.000","2023-05-29 17:11:27"
"2021-04-26 06:00:00","D","5.076","5.390","4.680","24.000","2023-05-29 17:11:15"
"2021-04-26 06:00:00","D","5.076","5.390","4.680","24.000","2023-05-29 17:11:27"
"2021-04-26 12:00:00","D","4.862","5.110","4.610","24.000","2023-05-29 17:11:15"
"2021-04-26 12:00:00","D","4.862","5.110","4.610","24.000","2023-05-29 17:11:27"
"2021-04-26 18:00:00","D","5.458","6.070","4.960","24.000","2023-05-29 17:11:15"
"2021-04-26 18:00:00","D","5.458","6.070","4.960","24.000","2023-05-29 17:11:27"
"2021-04-27 00:00:00","D","5.320","5.570","5.070","24.000","2023-05-29 17:11:15"
"2021-04-27 00:00:00","D","5.320","5.570","5.070","24.000","2023-05-29 17:11:27"
"2021-04-27 06:00:00","D","5.117","5.480","4.710","24.000","2023-05-29 17:11:15"
"2021-04-27 06:00:00","D","5.117","5.480","4.710","24.000","2023-05-29 17:11:27"
"2021-04-27 12:00:00","D","4.754","5.890","3.340","24.000","2023-05-29 17:11:15"
"2021-04-27 12:00:00","D","4.754","5.890","3.340","24.000","2023-05-29 17:11:27"
"2021-04-27 18:00:00","D","4.837","9.050","3.080","24.000","2023-05-29 17:11:15"
"2021-04-27 18:00:00","D","4.837","9.050","3.080","24.000","2023-05-29 17:11:27"
"2021-04-28 00:00:00","D","5.342","5.680","3.800","24.000","2023-05-29 17:11:15"
"2021-04-28 00:00:00","D","5.342","5.680","3.800","24.000","2023-05-29 17:11:27"
"2021-04-28 06:00:00","D","5.363","5.660","5.150","24.000","2023-05-29 17:11:15"
"2021-04-28 06:00:00","D","5.363","5.660","5.150","24.000","2023-05-29 17:11:27"
"2021-04-28 12:00:00","D","5.060","5.500","4.710","24.000","2023-05-29 17:11:15"
"2021-04-28 12:00:00","D","5.060","5.500","4.710","24.000","2023-05-29 17:11:27"
"2021-04-28 18:00:00","D","5.079","5.480","4.520","24.000","2023-05-29 17:11:15"
"2021-04-28 18:00:00","D","5.079","5.480","4.520","24.000","2023-05-29 17:11:27"
"2021-04-29 00:00:00","D","4.929","5.300","4.600","24.000","2023-05-29 17:11:15"
"2021-04-29 00:00:00","D","4.929","5.300","4.600","24.000","2023-05-29 17:11:27"
"2021-04-29 06:00:00","D","5.134","5.450","4.840","24.000","2023-05-29 17:11:15"
"2021-04-29 06:00:00","D","5.134","5.450","4.840","24.000","2023-05-29 17:11:27"
"2021-04-29 12:00:00","D","5.115","5.580","4.830","24.000","2023-05-29 17:11:15"
"2021-04-29 12:00:00","D","5.115","5.580","4.830","24.000","2023-05-29 17:11:27"
"2021-04-29 18:00:00","D","5.364","5.810","5.010","24.000","2023-05-29 17:11:15"
"2021-04-29 18:00:00","D","5.364","5.810","5.010","24.000","2023-05-29 17:11:27"
"2021-04-30 00:00:00","D","5.293","5.610","5.160","24.000","2023-05-29 17:11:15"
"2021-04-30 00:00:00","D","5.293","5.610","5.160","24.000","2023-05-29 17:11:27"
"2021-04-30 06:00:00","D","5.161","5.440","4.900","24.000","2023-05-29 17:11:15"
"2021-04-30 06:00:00","D","5.161","5.440","4.900","24.000","2023-05-29 17:11:27"
"2021-04-30 12:00:00","D","4.771","5.280","1.390","24.000","2023-05-29 17:11:15"
"2021-04-30 12:00:00","D","4.771","5.280","1.390","24.000","2023-05-29 17:11:27"
"2021-04-30 18:00:00","D","5.305","5.640","4.910","24.000","2023-05-29 17:11:15"
"2021-04-30 18:00:00","D","5.305","5.640","4.910","24.000","2023-05-29 17:11:27"
"2021-05-01 00:00:00","D","5.266","5.510","4.990","24.000","2023-05-29 17:11:15"
"2021-05-01 00:00:00","D","5.266","5.510","4.990","24.000","2023-05-29 17:11:27"
"2021-05-01 06:00:00","D","5.008","5.440","4.710","24.000","2023-05-29 17:11:15"
"2021-05-01 06:00:00","D","5.008","5.440","4.710","24.000","2023-05-29 17:11:27"
"2021-05-01 12:00:00","D","4.778","5.460","2.880","24.000","2023-05-29 17:11:15"
"2021-05-01 12:00:00","D","4.778","5.460","2.880","24.000","2023-05-29 17:11:27"
"2021-05-01 18:00:00","D","5.144","5.390","4.900","24.000","2023-05-29 17:11:15"
"2021-05-01 18:00:00","D","5.144","5.390","4.900","24.000","2023-05-29 17:11:27"
"2021-05-02 00:00:00","D","4.945","5.210","4.730","24.000","2023-05-29 17:11:15"
"2021-05-02 00:00:00","D","4.945","5.210","4.730","24.000","2023-05-29 17:11:27"
"2021-05-02 06:00:00","D","4.904","5.230","4.630","24.000","2023-05-29 17:11:15"
"2021-05-02 06:00:00","D","4.904","5.230","4.630","24.000","2023-05-29 17:11:27"
"2021-05-02 12:00:00","D","4.727","5.080","3.960","24.000","2023-05-29 17:11:15"
"2021-05-02 12:00:00","D","4.727","5.080","3.960","24.000","2023-05-29 17:11:27"
"2021-05-02 18:00:00","D","4.245","5.090","2.500","24.000","2023-05-29 17:11:15"
"2021-05-02 18:00:00","D","4.245","5.090","2.500","24.000","2023-05-29 17:11:27"
"2021-05-03 00:00:00","D","4.785","5.070","4.350","24.000","2023-05-29 17:11:27"
"2021-05-03 06:00:00","D","4.769","5.080","4.470","24.000","2023-05-29 17:11:27"
"2021-05-03 12:00:00","D","4.590","5.050","4.310","24.000","2023-05-29 17:11:27"
"2021-05-03 18:00:00","D","4.795","5.220","4.470","24.000","2023-05-29 17:11:27"
"2021-05-04 00:00:00","D","5.167","6.580","4.360","24.000","2023-05-29 17:11:27"
"2021-05-04 06:00:00","D","6.204","7.510","5.580","24.000","2023-05-29 17:11:27"
"2021-05-04 12:00:00","D","7.016","7.950","6.180","24.000","2023-05-29 17:11:27"
"2021-05-04 18:00:00","D","6.261","7.380","5.170","24.000","2023-05-29 17:11:27"
"2021-05-05 00:00:00","D","6.210","6.660","5.620","24.000","2023-05-29 17:11:27"
"2021-05-05 06:00:00","D","6.370","7.020","5.910","24.000","2023-05-29 17:11:27"
"2021-05-05 12:00:00","D","5.812","6.470","5.090","24.000","2023-05-29 17:11:27"
"2021-05-05 18:00:00","D","5.786","6.760","4.620","24.000","2023-05-29 17:11:27"
"2021-05-06 00:00:00","D","5.617","6.420","5.150","24.000","2023-05-29 17:11:27"
"2021-05-06 06:00:00","D","5.825","6.120","5.540","24.000","2023-05-29 17:11:27"
"2021-05-06 12:00:00","D","5.398","5.870","4.920","24.000","2023-05-29 17:11:27"
"2021-05-06 18:00:00","D","5.412","6.090","3.920","24.000","2023-05-29 17:11:27"
"2021-05-07 00:00:00","D","5.373","6.760","3.920","24.000","2023-05-29 17:11:27"
"2021-05-07 06:00:00","D","5.010","5.460","4.170","24.000","2023-05-29 17:11:27"
"2021-05-07 12:00:00","D","5.075","6.960","3.950","24.000","2023-05-29 17:11:27"
"2021-05-07 18:00:00","D","4.580","6.640","4.050","24.000","2023-05-29 17:11:27"
"2021-05-08 00:00:00","D","4.946","5.570","4.350","24.000","2023-05-29 17:11:27"
"2021-05-08 06:00:00","D","5.178","5.450","4.900","24.000","2023-05-29 17:11:27"
"2021-05-08 12:00:00","D","5.348","6.090","4.670","24.000","2023-05-29 17:11:27"
"2021-05-08 18:00:00","D","7.160","8.570","6.200","24.000","2023-05-29 17:11:27"
"2021-05-09 00:00:00","D","8.137","9.250","7.230","24.000","2023-05-29 17:11:27"
"2021-05-09 06:00:00","D","6.998","7.670","6.250","24.000","2023-05-29 17:11:27"
"2021-05-09 12:00:00","D","5.965","6.670","5.250","24.000","2023-05-29 17:11:27"
"2021-05-09 18:00:00","D","5.664","6.140","5.160","24.000","2023-05-29 17:11:27"
"2021-05-10 00:00:00","D","6.254","6.820","5.850","24.000","2023-05-29 17:11:27"
"2021-05-10 06:00:00","D","6.037","6.400","5.640","24.000","2023-05-29 17:11:27"
"2021-05-10 12:00:00","D","5.552","5.930","5.130","24.000","2023-05-29 17:11:27"
"2021-05-10 18:00:00","D","5.375","6.410","4.600","24.000","2023-05-29 17:11:27"
"2021-05-11 00:00:00","D","5.911","6.330","5.360","24.000","2023-05-29 17:11:27"
"2021-05-11 06:00:00","D","5.670","6.050","5.210","24.000","2023-05-29 17:11:27"
"2021-05-11 12:00:00","D","5.262","5.620","4.930","24.000","2023-05-29 17:11:27"
"2021-05-11 18:00:00","D","4.683","5.280","3.890","24.000","2023-05-29 17:11:27"
"2021-05-12 00:00:00","D","5.431","5.740","5.130","24.000","2023-05-29 17:11:27"
"2021-05-12 06:00:00","D","5.334","5.640","5.090","24.000","2023-05-29 17:11:27"
"2021-05-12 12:00:00","D","4.810","5.400","4.290","24.000","2023-05-29 17:11:27"
"2021-05-12 18:00:00","D","4.738","5.520","3.810","24.000","2023-05-29 17:11:27"
"2021-05-13 00:00:00","D","5.342","5.780","4.860","24.000","2023-05-29 17:11:27"
"2021-05-13 06:00:00","D","5.235","5.540","4.790","24.000","2023-05-29 17:11:27"
"2021-05-13 12:00:00","D","4.934","5.320","4.610","24.000","2023-05-29 17:11:27"
"2021-05-13 18:00:00","D","5.233","5.710","4.700","24.000","2023-05-29 17:11:27"
"2021-05-14 00:00:00","D","6.225","7.170","5.560","24.000","2023-05-29 17:11:27"
"2021-05-14 06:00:00","D","6.855","7.170","6.490","24.000","2023-05-29 17:11:27"
"2021-05-14 12:00:00","D","7.929","9.210","6.720","24.000","2023-05-29 17:11:27"
"2021-05-14 18:00:00","D","7.316","8.550","6.820","24.000","2023-05-29 17:11:27"
"2021-05-15 00:00:00","D","7.093","7.560","6.830","24.000","2023-05-29 17:11:27"
"2021-05-15 06:00:00","D","6.597","6.790","6.360","24.000","2023-05-29 17:11:27"
"2021-05-15 12:00:00","D","6.248","6.620","5.870","24.000","2023-05-29 17:11:27"
"2021-05-15 18:00:00","D","5.818","6.590","-2.890","24.000","2023-05-29 17:11:27"
"2021-05-16 00:00:00","D","6.420","7.970","5.880","24.000","2023-05-29 17:11:27"
"2021-05-16 06:00:00","D","6.675","7.320","6.270","24.000","2023-05-29 17:11:27"
"2021-05-16 12:00:00","D","6.341","7.000","5.820","24.000","2023-05-29 17:11:27"
"2021-05-16 18:00:00","D","5.911","6.400","5.280","24.000","2023-05-29 17:11:27"
"2021-05-17 00:00:00","D","8.123","10.340","6.160","24.000","2023-05-29 17:11:27"
"2021-05-17 06:00:00","D","10.049","12.420","9.160","24.000","2023-05-29 17:11:27"
"2021-05-17 12:00:00","D","12.313","12.760","11.610","24.000","2023-05-29 17:11:27"
"2021-05-17 18:00:00","D","11.495","12.250","10.680","24.000","2023-05-29 17:11:27"
"2021-05-18 00:00:00","D","11.120","11.840","10.820","24.000","2023-05-29 17:11:27"
"2021-05-18 06:00:00","D","10.873","11.180","10.330","24.000","2023-05-29 17:11:27"
"2021-05-18 12:00:00","D","8.240","10.230","6.430","24.000","2023-05-29 17:11:27"
"2021-05-18 18:00:00","D","7.237","8.290","6.340","24.000","2023-05-29 17:11:27"
"2021-05-19 00:00:00","D","8.138","8.650","7.650","24.000","2023-05-29 17:11:27"
"2021-05-19 06:00:00","D","8.441","8.850","8.050","24.000","2023-05-29 17:11:27"
"2021-05-19 12:00:00","D","8.181","9.010","7.620","24.000","2023-05-29 17:11:27"
"2021-05-19 18:00:00","D","8.373","8.910","7.620","24.000","2023-05-29 17:11:27"
"2021-05-20 00:00:00","D","7.678","8.210","7.260","24.000","2023-05-29 17:11:27"
"2021-05-20 06:00:00","D","7.502","7.850","7.210","24.000","2023-05-29 17:11:27"
"2021-05-20 12:00:00","D","7.119","7.370","6.680","24.000","2023-05-29 17:11:27"
"2021-05-20 18:00:00","D","7.084","7.490","6.640","24.000","2023-05-29 17:11:27"
"2021-05-21 00:00:00","D","6.867","7.380","6.460","24.000","2023-05-29 17:11:27"
"2021-05-21 06:00:00","D","6.659","7.120","6.370","24.000","2023-05-29 17:11:27"
"2021-05-21 12:00:00","D","6.185","6.700","5.700","24.000","2023-05-29 17:11:27"
"2021-05-21 18:00:00","D","6.503","7.000","6.140","24.000","2023-05-29 17:11:27"
"2021-05-22 00:00:00","D","6.736","6.910","6.550","24.000","2023-05-29 17:11:27"
"2021-05-22 06:00:00","D","7.155","7.770","6.690","24.000","2023-05-29 17:11:27"
"2021-05-22 12:00:00","D","8.120","9.750","7.420","24.000","2023-05-29 17:11:27"
"2021-05-22 18:00:00","D","10.104","11.620","8.630","24.000","2023-05-29 17:11:27"
"2021-05-23 00:00:00","D","9.008","9.600","8.450","24.000","2023-05-29 17:11:27"
"2021-05-23 06:00:00","D","8.427","9.000","7.940","24.000","2023-05-29 17:11:27"
"2021-05-23 12:00:00","D","8.129","8.570","7.770","24.000","2023-05-29 17:11:27"
"2021-05-23 18:00:00","D","7.911","8.690","7.480","24.000","2023-05-29 17:11:27"
"2021-05-24 00:00:00","D","8.385","9.570","7.620","24.000","2023-05-29 17:11:27"
"2021-05-24 06:00:00","D","9.897","11.270","9.220","24.000","2023-05-29 17:11:27"
"2021-05-24 12:00:00","D","13.799","17.180","11.160","24.000","2023-05-29 17:11:27"
"2021-05-24 18:00:00","D","13.695","15.290","12.680","24.000","2023-05-29 17:11:27"
"2021-05-25 00:00:00","D","14.428","15.700","13.420","24.000","2023-05-29 17:11:27"
"2021-05-25 06:00:00","D","13.649","14.860","12.550","24.000","2023-05-29 17:11:27"
"2021-05-25 12:00:00","D","12.035","12.980","10.770","24.000","2023-05-29 17:11:27"
"2021-05-25 18:00:00","D","10.398","11.440","8.610","24.000","2023-05-29 17:11:27"
"2021-05-26 00:00:00","D","9.384","10.120","8.700","24.000","2023-05-29 17:11:27"
"2021-05-26 06:00:00","D","9.687","10.140","9.280","24.000","2023-05-29 17:11:27"
"2021-05-26 12:00:00","D","9.270","9.760","8.770","24.000","2023-05-29 17:11:27"
"2021-05-26 18:00:00","D","8.174","9.070","7.470","24.000","2023-05-29 17:11:27"
"2021-05-27 00:00:00","D","7.961","8.640","7.300","24.000","2023-05-29 17:11:27"
"2021-05-27 06:00:00","D","7.611","8.050","7.290","24.000","2023-05-29 17:11:27"
"2021-05-27 12:00:00","D","6.703","7.520","5.490","24.000","2023-05-29 17:11:27"
"2021-05-27 18:00:00","D","6.611","10.390","5.610","24.000","2023-05-29 17:11:27"
"2021-05-28 00:00:00","D","6.042","7.230","4.300","24.000","2023-05-29 17:11:27"
"2021-05-28 06:00:00","D","5.777","6.120","5.390","24.000","2023-05-29 17:11:27"
"2021-05-28 12:00:00","D","6.001","6.800","5.080","24.000","2023-05-29 17:11:27"
"2021-05-28 18:00:00","D","6.729","9.910","3.770","24.000","2023-05-29 17:11:27"
"2021-05-29 00:00:00","D","6.682","7.800","5.960","24.000","2023-05-29 17:11:27"
"2021-05-29 06:00:00","D","5.899","6.480","5.400","24.000","2023-05-29 17:11:27"
"2021-05-29 12:00:00","D","5.473","6.090","2.850","24.000","2023-05-29 17:11:27"
"2021-05-29 18:00:00","D","5.626","6.210","5.110","24.000","2023-05-29 17:11:27"
"2021-05-30 00:00:00","D","5.245","6.210","4.510","24.000","2023-05-29 17:11:27"
"2021-05-30 06:00:00","D","5.595","5.820","5.340","24.000","2023-05-29 17:11:27"
"2021-05-30 12:00:00","D","5.411","5.800","4.870","24.000","2023-05-29 17:11:27"
"2021-05-30 18:00:00","D","5.205","6.260","4.400","24.000","2023-05-29 17:11:27"
"2021-05-31 00:00:00","D","4.723","5.780","4.100","24.000","2023-05-29 17:11:27"
"2021-05-31 06:00:00","D","5.530","7.260","4.650","24.000","2023-05-29 17:11:27"
"2021-05-31 12:00:00","D","5.087","5.800","4.500","24.000","2023-05-29 17:11:27"
"2021-05-31 18:00:00","D","4.934","6.890","3.190","24.000","2023-05-29 17:11:27"
"2021-06-01 00:00:00","D","5.207","8.520","3.880","24.000","2023-05-29 17:11:27"
"2021-06-01 06:00:00","D","5.354","5.620","5.090","24.000","2023-05-29 17:11:27"
"2021-06-01 12:00:00","D","5.075","5.420","4.490","24.000","2023-05-29 17:11:27"
"2021-06-01 18:00:00","D","4.653","6.210","2.790","24.000","2023-05-29 17:11:27"
"2021-06-02 00:00:00","D","5.401","5.740","4.440","24.000","2023-05-29 17:11:27"
"2021-06-02 06:00:00","D","5.156","5.620","4.650","24.000","2023-05-29 17:11:27"
"2021-06-02 12:00:00","D","4.815","5.430","4.320","24.000","2023-05-29 17:11:27"
"2021-06-02 18:00:00","D","4.838","5.550","3.840","24.000","2023-05-29 17:11:27"
"2021-06-03 00:00:00","D","5.355","5.570","4.810","24.000","2023-05-29 17:11:27"
"2021-06-03 06:00:00","D","4.880","6.830","-0.040","24.000","2023-05-29 17:11:27"
"2021-06-03 12:00:00","D","4.082","4.930","3.680","24.000","2023-05-29 17:11:27"
"2021-06-03 18:00:00","D","4.620","12.010","3.210","24.000","2023-05-29 17:11:27"
"2021-06-04 00:00:00","D","5.645","7.320","5.070","24.000","2023-05-29 17:11:27"
"2021-06-04 06:00:00","D","4.995","5.540","4.560","24.000","2023-05-29 17:11:27"
"2021-06-04 12:00:00","D","4.960","5.650","4.450","24.000","2023-05-29 17:11:27"
"2021-06-04 18:00:00","D","5.691","6.420","4.680","24.000","2023-05-29 17:11:27"
"2021-06-05 00:00:00","D","6.599","7.600","5.890","24.000","2023-05-29 17:11:27"
"2021-06-05 06:00:00","D","7.212","7.550","6.910","24.000","2023-05-29 17:11:27"
"2021-06-05 12:00:00","D","6.870","7.630","6.440","24.000","2023-05-29 17:11:27"
"2021-06-05 18:00:00","D","5.881","7.080","4.380","24.000","2023-05-29 17:11:27"
"2021-06-06 00:00:00","D","6.243","10.420","5.070","24.000","2023-05-29 17:11:27"
"2021-06-06 06:00:00","D","6.336","6.800","5.640","24.000","2023-05-29 17:11:27"
"2021-06-06 12:00:00","D","5.374","6.090","4.410","24.000","2023-05-29 17:11:27"
"2021-06-06 18:00:00","D","4.909","6.130","3.580","24.000","2023-05-29 17:11:27"
"2021-06-07 00:00:00","D","6.143","6.790","5.750","24.000","2023-05-29 17:11:27"
"2021-06-07 06:00:00","D","5.980","6.670","5.560","24.000","2023-05-29 17:11:27"
"2021-06-07 12:00:00","D","5.044","7.080","3.890","24.000","2023-05-29 17:11:27"
"2021-06-07 18:00:00","D","5.088","6.000","4.250","24.000","2023-05-29 17:11:27"
"2021-06-08 00:00:00","D","6.350","8.720","5.830","24.000","2023-05-29 17:11:27"
"2021-06-08 06:00:00","D","5.606","6.030","5.050","24.000","2023-05-29 17:11:27"
"2021-06-08 12:00:00","D","5.026","6.600","4.490","24.000","2023-05-29 17:11:27"
"2021-06-08 18:00:00","D","5.852","32.210","3.170","24.000","2023-05-29 17:11:27"
"2021-06-09 00:00:00","D","5.886","8.740","4.960","24.000","2023-05-29 17:11:27"
"2021-06-09 06:00:00","D","5.309","5.720","4.450","24.000","2023-05-29 17:11:27"
"2021-06-09 12:00:00","D","4.415","8.670","3.440","24.000","2023-05-29 17:11:27"
"2021-06-09 18:00:00","D","4.492","6.230","3.150","24.000","2023-05-29 17:11:27"
"2021-06-10 00:00:00","D","5.412","6.190","4.930","24.000","2023-05-29 17:11:27"
"2021-06-10 06:00:00","D","5.024","5.610","4.380","24.000","2023-05-29 17:11:27"
"2021-06-10 12:00:00","D","4.360","4.750","4.080","24.000","2023-05-29 17:11:27"
"2021-06-10 18:00:00","D","4.313","6.680","2.680","24.000","2023-05-29 17:11:27"
"2021-06-11 00:00:00","D","4.788","5.250","4.290","24.000","2023-05-29 17:11:27"
"2021-06-11 06:00:00","D","4.655","5.150","4.250","24.000","2023-05-29 17:11:27"
"2021-06-11 12:00:00","D","4.284","4.570","3.580","24.000","2023-05-29 17:11:27"
"2021-06-11 18:00:00","D","4.274","5.000","3.680","24.000","2023-05-29 17:11:27"
"2021-06-12 00:00:00","D","4.730","5.040","4.470","24.000","2023-05-29 17:11:27"
"2021-06-12 06:00:00","D","4.526","4.780","4.150","24.000","2023-05-29 17:11:27"
"2021-06-12 12:00:00","D","4.320","4.850","3.550","24.000","2023-05-29 17:11:27"
"2021-06-12 18:00:00","D","4.515","5.180","3.520","24.000","2023-05-29 17:11:27"
"2021-06-13 00:00:00","D","4.875","7.770","3.710","24.000","2023-05-29 17:11:27"
"2021-06-13 06:00:00","D","4.624","7.900","4.130","24.000","2023-05-29 17:11:27"
"2021-06-13 12:00:00","D","4.248","8.190","3.430","24.000","2023-05-29 17:11:27"
"2021-06-13 18:00:00","D","4.470","10.260","2.120","24.000","2023-05-29 17:11:27"
"2021-06-14 00:00:00","D","4.865","6.010","3.930","24.000","2023-05-29 17:11:27"
"2021-06-14 06:00:00","D","4.359","5.470","3.810","24.000","2023-05-29 17:11:27"
"2021-06-14 12:00:00","D","3.703","4.090","3.500","24.000","2023-05-29 17:11:27"
"2021-06-14 18:00:00","D","4.963","5.980","3.820","24.000","2023-05-29 17:11:27"
"2021-06-15 00:00:00","D","4.987","5.560","4.630","24.000","2023-05-29 17:11:27"
"2021-06-15 06:00:00","D","4.648","4.880","4.320","24.000","2023-05-29 17:11:27"
"2021-06-15 12:00:00","D","4.296","4.560","3.760","24.000","2023-05-29 17:11:27"
"2021-06-15 18:00:00","D","3.549","4.040","3.110","24.000","2023-05-29 17:11:27"
"2021-06-16 00:00:00","D","4.649","5.580","3.550","24.000","2023-05-29 17:11:27"
"2021-06-16 06:00:00","D","4.626","5.050","4.100","24.000","2023-05-29 17:11:27"
"2021-06-16 12:00:00","D","3.874","4.420","3.070","24.000","2023-05-29 17:11:27"
"2021-06-16 18:00:00","D","3.744","4.350","3.080","24.000","2023-05-29 17:11:27"
"2021-06-17 00:00:00","D","4.983","5.450","4.200","24.000","2023-05-29 17:11:27"
"2021-06-17 06:00:00","D","5.133","5.350","4.860","24.000","2023-05-29 17:11:27"
"2021-06-17 12:00:00","D","5.161","5.770","4.620","24.000","2023-05-29 17:11:27"
"2021-06-17 18:00:00","D","5.931","8.070","5.240","24.000","2023-05-29 17:11:27"
"2021-06-18 00:00:00","D","5.511","6.040","5.100","24.000","2023-05-29 17:11:27"
"2021-06-18 06:00:00","D","5.538","6.090","5.140","24.000","2023-05-29 17:11:27"
"2021-06-18 12:00:00","D","7.775","10.410","5.400","24.000","2023-05-29 17:11:27"
"2021-06-18 18:00:00","D","11.755","16.470","8.610","24.000","2023-05-29 17:11:27"
"2021-06-19 00:00:00","D","16.698","18.340","14.200","24.000","2023-05-29 17:11:27"
"2021-06-19 06:00:00","D","17.629","18.490","16.250","24.000","2023-05-29 17:11:27"
"2021-06-19 12:00:00","D","14.333","16.370","12.840","24.000","2023-05-29 17:11:27"
"2021-06-19 18:00:00","D","11.813","13.900","9.770","24.000","2023-05-29 17:11:27"
"2021-06-20 00:00:00","D","10.217","10.800","9.660","24.000","2023-05-29 17:11:27"
"2021-06-20 06:00:00","D","9.724","10.460","9.210","24.000","2023-05-29 17:11:27"
"2021-06-20 12:00:00","D","8.635","9.550","7.000","24.000","2023-05-29 17:11:27"
"2021-06-20 18:00:00","D","8.007","8.750","6.570","24.000","2023-05-29 17:11:27"
"2021-06-21 00:00:00","D","6.319","8.360","3.110","24.000","2023-05-29 17:11:27"
"2021-06-21 06:00:00","D","7.047","7.750","6.270","24.000","2023-05-29 17:11:27"
"2021-06-21 12:00:00","D","6.541","6.920","6.200","24.000","2023-05-29 17:11:27"
"2021-06-21 18:00:00","D","6.662","7.160","6.270","24.000","2023-05-29 17:11:27"
"2021-06-22 00:00:00","D","6.846","7.300","6.490","24.000","2023-05-29 17:11:27"
"2021-06-22 06:00:00","D","6.927","7.250","6.610","24.000","2023-05-29 17:11:27"
"2021-06-22 12:00:00","D","6.872","7.420","6.520","24.000","2023-05-29 17:11:27"
"2021-06-22 18:00:00","D","6.677","7.410","6.010","24.000","2023-05-29 17:11:27"
"2021-06-23 00:00:00","D","6.452","6.860","6.080","24.000","2023-05-29 17:11:27"
"2021-06-23 06:00:00","D","6.299","6.600","5.970","24.000","2023-05-29 17:11:27"
"2021-06-23 12:00:00","D","5.582","6.250","4.200","24.000","2023-05-29 17:11:27"
"2021-06-23 18:00:00","D","5.738","6.520","4.610","24.000","2023-05-29 17:11:27"
"2021-06-24 00:00:00","D","5.797","6.680","5.080","24.000","2023-05-29 17:11:27"
"2021-06-24 06:00:00","D","5.463","6.240","5.160","24.000","2023-05-29 17:11:27"
"2021-06-24 12:00:00","D","5.407","6.180","4.750","24.000","2023-05-29 17:11:27"
"2021-06-24 18:00:00","D","4.917","6.220","-3.290","24.000","2023-05-29 17:11:27"
"2021-06-25 00:00:00","D","5.089","6.290","3.930","24.000","2023-05-29 17:11:27"
"2021-06-25 06:00:00","D","5.499","6.980","4.980","24.000","2023-05-29 17:11:27"
"2021-06-25 12:00:00","D","5.078","5.480","4.750","24.000","2023-05-29 17:11:27"
"2021-06-25 18:00:00","D","5.752","8.030","4.840","24.000","2023-05-29 17:11:27"
"2021-06-26 00:00:00","D","5.060","5.830","4.530","24.000","2023-05-29 17:11:27"
"2021-06-26 06:00:00","D","5.155","5.600","4.820","24.000","2023-05-29 17:11:27"
"2021-06-26 12:00:00","D","5.039","5.420","4.150","24.000","2023-05-29 17:11:27"
"2021-06-26 18:00:00","D","5.094","6.070","3.760","24.000","2023-05-29 17:11:27"
"2021-06-27 00:00:00","D","6.038","9.480","4.550","24.000","2023-05-29 17:11:27"
"2021-06-27 06:00:00","D","5.483","6.110","4.790","24.000","2023-05-29 17:11:27"
"2021-06-27 12:00:00","D","4.693","5.420","4.180","24.000","2023-05-29 17:11:27"
"2021-06-27 18:00:00","D","4.854","5.200","4.500","24.000","2023-05-29 17:11:27"
"2021-06-28 00:00:00","D","5.120","5.480","4.730","24.000","2023-05-29 17:11:27"
"2021-06-28 06:00:00","D","5.244","5.540","5.040","24.000","2023-05-29 17:11:27"
"2021-06-28 12:00:00","D","5.380","5.750","5.070","24.000","2023-05-29 17:11:27"
"2021-06-28 18:00:00","D","5.889","6.700","5.360","24.000","2023-05-29 17:11:27"
"2021-06-29 00:00:00","D","6.152","6.680","5.860","24.000","2023-05-29 17:11:27"
"2021-06-29 06:00:00","D","5.790","6.350","5.380","24.000","2023-05-29 17:11:27"
"2021-06-29 12:00:00","D","5.444","5.790","5.170","24.000","2023-05-29 17:11:27"
"2021-06-29 18:00:00","D","5.628","6.130","5.350","24.000","2023-05-29 17:11:27"
"2021-06-30 00:00:00","D","5.613","6.210","5.240","24.000","2023-05-29 17:11:27"
"2021-06-30 06:00:00","D","5.432","5.780","5.200","24.000","2023-05-29 17:11:27"
"2021-06-30 12:00:00","D","5.276","5.520","5.070","24.000","2023-05-29 17:11:27"
"2021-06-30 18:00:00","D","5.437","6.010","5.040","24.000","2023-05-29 17:11:27"
"2021-07-01 00:00:00","D","5.332","5.620","4.900","24.000","2023-05-29 17:11:27"
"2021-07-01 06:00:00","D","5.301","5.680","4.990","24.000","2023-05-29 17:11:27"
"2021-07-01 12:00:00","D","4.975","5.590","4.570","24.000","2023-05-29 17:11:27"
"2021-07-01 18:00:00","D","5.123","5.570","4.890","24.000","2023-05-29 17:11:27"
"2021-07-02 00:00:00","D","5.106","7.290","4.390","24.000","2023-05-29 17:11:27"
"2021-07-02 06:00:00","D","4.679","4.920","4.350","24.000","2023-05-29 17:11:27"
"2021-07-02 12:00:00","D","4.169","4.800","2.670","24.000","2023-05-29 17:11:27"
"2021-07-02 18:00:00","D","3.325","4.340","2.570","24.000","2023-05-29 17:11:27"
"2021-07-03 00:00:00","D","5.854","10.310","4.280","24.000","2023-05-29 17:11:27"
"2021-07-03 06:00:00","D","5.035","5.560","4.620","24.000","2023-05-29 17:11:27"
"2021-07-03 12:00:00","D","4.532","4.960","3.730","24.000","2023-05-29 17:11:27"
"2021-07-03 18:00:00","D","4.157","4.610","3.730","24.000","2023-05-29 17:11:27"
"2021-07-04 00:00:00","D","4.591","5.000","4.100","24.000","2023-05-29 17:11:27"
"2021-07-04 06:00:00","D","4.642","4.960","4.350","24.000","2023-05-29 17:11:27"
"2021-07-04 12:00:00","D","4.469","4.750","4.000","24.000","2023-05-29 17:11:27"
"2021-07-04 18:00:00","D","4.475","5.030","3.860","24.000","2023-05-29 17:11:27"
"2021-07-05 00:00:00","D","4.903","5.290","4.640","24.000","2023-05-29 17:11:27"
"2021-07-05 06:00:00","D","5.026","5.270","4.770","24.000","2023-05-29 17:11:27"
"2021-07-05 12:00:00","D","4.693","5.040","4.090","24.000","2023-05-29 17:11:27"
"2021-07-05 18:00:00","D","4.534","5.240","4.140","24.000","2023-05-29 17:11:27"
"2021-07-06 00:00:00","D","5.077","5.430","4.800","24.000","2023-05-29 17:11:27"
"2021-07-06 06:00:00","D","5.613","5.880","5.350","24.000","2023-05-29 17:11:27"
"2021-07-06 12:00:00","D","6.324","7.450","5.700","24.000","2023-05-29 17:11:27"
"2021-07-06 18:00:00","D","8.730","9.880","7.650","24.000","2023-05-29 17:11:27"
"2021-07-07 00:00:00","D","8.083","9.410","6.860","24.000","2023-05-29 17:11:27"
"2021-07-07 06:00:00","D","7.570","8.020","7.100","24.000","2023-05-29 17:11:27"
"2021-07-07 12:00:00","D","6.968","7.620","6.490","24.000","2023-05-29 17:11:27"
"2021-07-07 18:00:00","D","6.675","7.300","6.180","24.000","2023-05-29 17:11:27"
"2021-07-08 00:00:00","D","6.492","6.920","6.070","24.000","2023-05-29 17:11:27"
"2021-07-08 06:00:00","D","6.247","6.800","5.790","24.000","2023-05-29 17:11:27"
"2021-07-08 12:00:00","D","5.553","6.030","4.880","24.000","2023-05-29 17:11:27"
"2021-07-08 18:00:00","D","5.318","6.060","4.860","24.000","2023-05-29 17:11:27"
"2021-07-09 00:00:00","D","5.515","6.300","5.100","24.000","2023-05-29 17:11:27"
"2021-07-09 06:00:00","D","5.456","5.800","5.140","24.000","2023-05-29 17:11:27"
"2021-07-09 12:00:00","D","4.929","5.330","2.420","24.000","2023-05-29 17:11:27"
"2021-07-09 18:00:00","D","4.934","5.640","4.310","24.000","2023-05-29 17:11:27"
"2021-07-10 00:00:00","D","5.402","6.200","4.590","24.000","2023-05-29 17:11:27"
"2021-07-10 06:00:00","D","6.181","6.580","5.780","24.000","2023-05-29 17:11:27"
"2021-07-10 12:00:00","D","6.144","6.570","5.890","24.000","2023-05-29 17:11:27"
"2021-07-10 18:00:00","D","5.744","6.270","5.340","24.000","2023-05-29 17:11:27"
"2021-07-11 00:00:00","D","5.784","8.070","5.280","24.000","2023-05-29 17:11:27"
"2021-07-11 06:00:00","D","5.627","6.420","5.250","24.000","2023-05-29 17:11:27"
"2021-07-11 12:00:00","D","5.217","6.480","4.330","24.000","2023-05-29 17:11:27"
"2021-07-11 18:00:00","D","4.878","5.570","4.000","24.000","2023-05-29 17:11:27"
"2021-07-12 00:00:00","D","5.210","6.110","4.500","24.000","2023-05-29 17:11:27"
"2021-07-12 06:00:00","D","5.141","5.340","4.870","24.000","2023-05-29 17:11:27"
"2021-07-12 12:00:00","D","4.839","5.020","4.660","24.000","2023-05-29 17:11:27"
"2021-07-12 18:00:00","D","5.763","9.800","4.490","24.000","2023-05-29 17:11:27"
"2021-07-13 00:00:00","D","8.922","9.410","7.950","24.000","2023-05-29 17:11:27"
"2021-07-13 06:00:00","D","9.687","11.100","8.820","24.000","2023-05-29 17:11:27"
"2021-07-13 12:00:00","D","11.446","12.020","10.570","24.000","2023-05-29 17:11:27"
"2021-07-13 18:00:00","D","10.468","11.780","9.230","24.000","2023-05-29 17:11:27"
"2021-07-14 00:00:00","D","6.785","9.060","5.980","24.000","2023-05-29 17:11:27"
"2021-07-14 06:00:00","D","6.768","7.150","6.340","24.000","2023-05-29 17:11:27"
"2021-07-14 12:00:00","D","6.328","6.710","5.870","24.000","2023-05-29 17:11:27"
"2021-07-14 18:00:00","D","6.315","6.820","5.890","24.000","2023-05-29 17:11:27"
"2021-07-15 00:00:00","D","6.013","6.530","5.610","24.000","2023-05-29 17:11:27"
"2021-07-15 06:00:00","D","5.785","6.040","5.480","24.000","2023-05-29 17:11:27"
"2021-07-15 12:00:00","D","5.308","5.800","4.770","24.000","2023-05-29 17:11:27"
"2021-07-15 18:00:00","D","5.558","6.000","5.300","24.000","2023-05-29 17:11:27"
"2021-07-16 00:00:00","D","5.335","5.580","5.150","24.000","2023-05-29 17:11:27"
"2021-07-16 06:00:00","D","5.317","5.490","5.060","24.000","2023-05-29 17:11:27"
"2021-07-16 12:00:00","D","4.957","5.270","4.570","24.000","2023-05-29 17:11:27"
"2021-07-16 18:00:00","D","5.105","5.550","4.460","24.000","2023-05-29 17:11:27"
"2021-07-17 00:00:00","D","4.946","5.420","4.550","24.000","2023-05-29 17:11:27"
"2021-07-17 06:00:00","D","4.893","5.070","4.750","24.000","2023-05-29 17:11:27"
"2021-07-17 12:00:00","D","4.450","4.780","4.150","24.000","2023-05-29 17:11:27"
"2021-07-17 18:00:00","D","4.069","4.590","3.540","24.000","2023-05-29 17:11:27"
"2021-07-18 00:00:00","D","4.541","9.780","1.830","24.000","2023-05-29 17:11:27"
"2021-07-18 06:00:00","D","4.933","19.190","3.880","24.000","2023-05-29 17:11:27"
"2021-07-18 12:00:00","D","4.089","4.430","3.850","24.000","2023-05-29 17:11:27"
"2021-07-18 18:00:00","D","4.584","15.070","3.330","24.000","2023-05-29 17:11:27"
"2021-07-19 00:00:00","D","5.913","28.620","3.800","24.000","2023-05-29 17:11:27"
"2021-07-19 06:00:00","D","4.710","5.340","4.350","24.000","2023-05-29 17:11:27"
"2021-07-19 12:00:00","D","4.242","4.710","3.920","24.000","2023-05-29 17:11:27"
"2021-07-19 18:00:00","D","3.834","4.420","3.150","24.000","2023-05-29 17:11:27"
"2021-07-20 00:00:00","D","5.243","22.160","-3.140","24.000","2023-05-29 17:11:27"
"2021-07-20 06:00:00","D","4.494","5.420","1.350","24.000","2023-05-29 17:11:27"
"2021-07-20 12:00:00","D","3.947","4.670","1.800","24.000","2023-05-29 17:11:27"
"2021-07-20 18:00:00","D","4.251","5.170","2.080","24.000","2023-05-29 17:11:27"
"2021-07-21 00:00:00","D","4.560","6.350","3.980","24.000","2023-05-29 17:11:27"
"2021-07-21 06:00:00","D","5.091","10.710","4.530","24.000","2023-05-29 17:11:27"
"2021-07-21 12:00:00","D","4.875","7.740","4.240","24.000","2023-05-29 17:11:27"
"2021-07-21 18:00:00","D","4.097","4.610","3.570","24.000","2023-05-29 17:11:27"
"2021-07-22 00:00:00","D","4.607","16.340","3.030","24.000","2023-05-29 17:11:27"
"2021-07-22 06:00:00","D","4.463","7.460","4.110","24.000","2023-05-29 17:11:27"
"2021-07-22 12:00:00","D","4.153","5.390","3.900","24.000","2023-05-29 17:11:27"
"2021-07-22 18:00:00","D","3.898","5.040","3.550","24.000","2023-05-29 17:11:27"
"2021-07-23 00:00:00","D","4.333","6.630","2.740","24.000","2023-05-29 17:11:27"
"2021-07-23 06:00:00","D","4.525","4.860","4.130","24.000","2023-05-29 17:11:27"
"2021-07-23 12:00:00","D","4.121","4.510","3.840","24.000","2023-05-29 17:11:27"
"2021-07-23 18:00:00","D","4.105","4.520","3.500","24.000","2023-05-29 17:11:27"
"2021-07-24 00:00:00","D","4.242","6.610","3.900","24.000","2023-05-29 17:11:27"
"2021-07-24 06:00:00","D","4.156","4.540","3.840","24.000","2023-05-29 17:11:27"
"2021-07-24 12:00:00","D","3.933","4.290","3.750","24.000","2023-05-29 17:11:27"
"2021-07-24 18:00:00","D","4.298","7.240","2.470","24.000","2023-05-29 17:11:27"
"2021-07-25 00:00:00","D","4.155","4.430","3.880","24.000","2023-05-29 17:11:27"
"2021-07-25 06:00:00","D","4.189","5.250","3.890","24.000","2023-05-29 17:11:27"
"2021-07-25 12:00:00","D","3.875","4.240","3.640","24.000","2023-05-29 17:11:27"
"2021-07-25 18:00:00","D","8.354","19.800","3.760","24.000","2023-05-29 17:11:27"
"2021-07-26 00:00:00","D","19.582","24.710","14.240","24.000","2023-05-29 17:11:27"
"2021-07-26 06:00:00","D","21.172","23.660","16.320","24.000","2023-05-29 17:11:27"
"2021-07-26 12:00:00","D","16.492","18.700","11.550","24.000","2023-05-29 17:11:27"
"2021-07-26 18:00:00","D","10.691","14.140","7.370","24.000","2023-05-29 17:11:27"
"2021-07-27 00:00:00","D","8.230","8.840","7.680","24.000","2023-05-29 17:11:27"
"2021-07-27 06:00:00","D","7.557","8.080","6.910","24.000","2023-05-29 17:11:27"
"2021-07-27 12:00:00","D","6.664","7.280","5.540","24.000","2023-05-29 17:11:27"
"2021-07-27 18:00:00","D","6.170","6.870","5.530","24.000","2023-05-29 17:11:27"
"2021-07-28 00:00:00","D","5.863","6.430","5.470","24.000","2023-05-29 17:11:27"
"2021-07-28 06:00:00","D","5.715","5.990","5.540","24.000","2023-05-29 17:11:27"
"2021-07-28 12:00:00","D","5.469","5.710","5.150","24.000","2023-05-29 17:11:27"
"2021-07-28 18:00:00","D","5.310","5.650","5.010","24.000","2023-05-29 17:11:27"
"2021-07-29 00:00:00","D","5.445","5.700","5.050","24.000","2023-05-29 17:11:27"
"2021-07-29 06:00:00","D","5.638","6.030","5.390","24.000","2023-05-29 17:11:27"
"2021-07-29 12:00:00","D","5.399","5.710","5.070","24.000","2023-05-29 17:11:27"
"2021-07-29 18:00:00","D","5.058","5.590","4.670","24.000","2023-05-29 17:11:27"
"2021-07-30 00:00:00","D","4.959","5.240","4.770","24.000","2023-05-29 17:11:27"
"2021-07-30 06:00:00","D","5.087","5.770","4.880","24.000","2023-05-29 17:11:27"
"2021-07-30 12:00:00","D","5.022","5.410","4.750","24.000","2023-05-29 17:11:27"
"2021-07-30 18:00:00","D","5.194","5.710","4.730","24.000","2023-05-29 17:11:27"
"2021-07-31 00:00:00","D","5.426","5.670","5.160","24.000","2023-05-29 17:11:27"
"2021-07-31 06:00:00","D","5.658","6.060","5.330","24.000","2023-05-29 17:11:27"
"2021-07-31 12:00:00","D","5.415","5.950","5.180","24.000","2023-05-29 17:11:27"
"2021-07-31 18:00:00","D","5.509","7.100","-5.340","24.000","2023-05-29 17:11:27"
"2021-08-01 00:00:00","D","6.463","7.560","6.030","24.000","2023-05-29 17:11:27"
"2021-08-01 06:00:00","D","6.298","6.700","6.040","24.000","2023-05-29 17:11:27"
"2021-08-01 12:00:00","D","6.028","6.480","5.530","24.000","2023-05-29 17:11:27"
"2021-08-01 18:00:00","D","5.723","6.170","4.900","24.000","2023-05-29 17:11:27"
"2021-08-02 00:00:00","D","5.944","6.300","5.680","24.000","2023-05-29 17:11:27"
"2021-08-02 06:00:00","D","5.783","6.090","5.530","24.000","2023-05-29 17:11:27"
"2021-08-02 12:00:00","D","5.461","5.940","4.880","24.000","2023-05-29 17:11:27"
"2021-08-02 18:00:00","D","5.467","7.980","4.410","24.000","2023-05-29 17:11:27"
"2021-08-03 00:00:00","D","5.365","6.410","2.600","24.000","2023-05-29 17:11:27"
"2021-08-03 06:00:00","D","5.204","5.570","4.930","24.000","2023-05-29 17:11:27"
"2021-08-03 12:00:00","D","4.873","5.250","4.500","24.000","2023-05-29 17:11:27"
"2021-08-03 18:00:00","D","4.868","5.720","4.200","24.000","2023-05-29 17:11:27"
"2021-08-04 00:00:00","D","4.955","7.520","4.570","24.000","2023-05-29 17:11:27"
"2021-08-04 06:00:00","D","4.787","5.050","4.530","24.000","2023-05-29 17:11:27"
"2021-08-04 12:00:00","D","4.715","5.230","3.970","24.000","2023-05-29 17:11:27"
"2021-08-04 18:00:00","D","5.207","11.830","3.830","24.000","2023-05-29 17:11:27"
"2021-08-05 00:00:00","D","4.862","5.130","4.180","24.000","2023-05-29 17:11:27"
"2021-08-05 06:00:00","D","4.920","7.090","4.390","24.000","2023-05-29 17:11:27"
"2021-08-05 12:00:00","D","5.170","5.530","4.630","24.000","2023-05-29 17:11:27"
"2021-08-05 18:00:00","D","5.177","5.690","4.800","24.000","2023-05-29 17:11:27"
"2021-08-06 00:00:00","D","4.912","5.430","4.540","24.000","2023-05-29 17:11:27"
"2021-08-06 06:00:00","D","4.660","5.000","4.400","24.000","2023-05-29 17:11:27"
"2021-08-06 12:00:00","D","5.173","5.580","4.660","24.000","2023-05-29 17:11:27"
"2021-08-06 18:00:00","D","5.389","5.740","5.050","24.000","2023-05-29 17:11:27"
"2021-08-07 00:00:00","D","4.775","5.280","4.350","24.000","2023-05-29 17:11:27"
"2021-08-07 06:00:00","D","4.596","4.860","4.410","24.000","2023-05-29 17:11:27"
"2021-08-07 12:00:00","D","4.917","5.650","4.330","24.000","2023-05-29 17:11:27"
"2021-08-07 18:00:00","D","6.230","9.320","5.520","24.000","2023-05-29 17:11:27"
"2021-08-08 00:00:00","D","6.348","6.840","5.890","24.000","2023-05-29 17:11:27"
"2021-08-08 06:00:00","D","6.951","7.340","6.580","24.000","2023-05-29 17:11:27"
"2021-08-08 12:00:00","D","6.568","6.970","6.230","24.000","2023-05-29 17:11:27"
"2021-08-08 18:00:00","D","6.630","7.190","6.320","24.000","2023-05-29 17:11:27"
"2021-08-09 00:00:00","D","5.913","6.260","5.570","24.000","2023-05-29 17:11:27"
"2021-08-09 06:00:00","D","5.580","5.900","5.230","24.000","2023-05-29 17:11:27"
"2021-08-09 12:00:00","D","5.671","6.430","5.210","24.000","2023-05-29 17:11:27"
"2021-08-09 18:00:00","D","5.975","6.910","5.610","24.000","2023-05-29 17:11:27"
"2021-08-10 00:00:00","D","5.443","6.050","5.030","24.000","2023-05-29 17:11:27"
"2021-08-10 06:00:00","D","5.680","5.950","5.340","24.000","2023-05-29 17:11:27"
"2021-08-10 12:00:00","D","6.007","6.810","5.380","24.000","2023-05-29 17:11:27"
"2021-08-10 18:00:00","D","5.986","7.020","4.480","24.000","2023-05-29 17:11:27"
"2021-08-11 00:00:00","D","5.992","15.440","4.800","24.000","2023-05-29 17:11:27"
"2021-08-11 06:00:00","D","5.628","8.750","4.840","24.000","2023-05-29 17:11:27"
"2021-08-11 12:00:00","D","5.727","6.260","5.130","24.000","2023-05-29 17:11:27"
"2021-08-11 18:00:00","D","4.888","10.230","4.020","24.000","2023-05-29 17:11:27"
"2021-08-12 00:00:00","D","4.523","4.790","4.160","24.000","2023-05-29 17:11:27"
"2021-08-12 06:00:00","D","4.663","4.970","4.440","24.000","2023-05-29 17:11:27"
"2021-08-12 12:00:00","D","4.913","5.400","4.590","24.000","2023-05-29 17:11:27"
"2021-08-12 18:00:00","D","5.458","18.760","3.970","24.000","2023-05-29 17:11:27"
"2021-08-13 00:00:00","D","4.357","4.810","4.010","24.000","2023-05-29 17:11:27"
"2021-08-13 06:00:00","D","4.339","4.620","4.140","24.000","2023-05-29 17:11:27"
"2021-08-13 12:00:00","D","4.507","4.990","3.990","24.000","2023-05-29 17:11:27"
"2021-08-13 18:00:00","D","4.532","5.310","4.080","24.000","2023-05-29 17:11:27"
"2021-08-14 00:00:00","D","4.323","4.510","4.140","24.000","2023-05-29 17:11:27"
"2021-08-14 06:00:00","D","4.153","4.420","3.970","24.000","2023-05-29 17:11:27"
"2021-08-14 12:00:00","D","4.497","5.180","4.040","24.000","2023-05-29 17:11:27"
"2021-08-14 18:00:00","D","4.651","7.530","3.760","24.000","2023-05-29 17:11:27"
"2021-08-15 00:00:00","D","3.933","4.790","3.780","24.000","2023-05-29 17:11:27"
"2021-08-15 06:00:00","D","5.135","26.140","3.720","24.000","2023-05-29 17:11:27"
"2021-08-15 12:00:00","D","4.695","5.270","4.190","24.000","2023-05-29 17:11:27"
"2021-08-15 18:00:00","D","4.424","5.220","3.850","24.000","2023-05-29 17:11:27"
"2021-08-16 00:00:00","D","4.689","17.280","3.430","24.000","2023-05-29 17:11:27"
"2021-08-16 06:00:00","D","4.039","4.230","3.910","24.000","2023-05-29 17:11:27"
"2021-08-16 12:00:00","D","4.068","4.450","3.890","24.000","2023-05-29 17:11:27"
"2021-08-16 18:00:00","D","4.286","4.560","3.920","24.000","2023-05-29 17:11:27"
"2021-08-17 00:00:00","D","4.283","4.920","4.090","24.000","2023-05-29 17:11:27"
"2021-08-17 06:00:00","D","4.180","4.660","4.010","24.000","2023-05-29 17:11:27"
"2021-08-17 12:00:00","D","4.175","4.640","3.830","24.000","2023-05-29 17:11:27"
"2021-08-17 18:00:00","D","4.370","4.640","4.100","24.000","2023-05-29 17:11:27"
"2021-08-18 00:00:00","D","4.389","5.380","4.120","24.000","2023-05-29 17:11:27"
"2021-08-18 06:00:00","D","4.301","4.380","4.220","24.000","2023-05-29 17:11:27"
"2021-08-18 12:00:00","D","4.312","4.560","4.110","24.000","2023-05-29 17:11:27"
"2021-08-18 18:00:00","D","4.338","4.890","3.940","24.000","2023-05-29 17:11:27"
"2021-08-19 00:00:00","D","5.503","12.670","4.140","24.000","2023-05-29 17:11:27"
"2021-08-19 06:00:00","D","4.703","5.040","4.390","24.000","2023-05-29 17:11:27"
"2021-08-19 12:00:00","D","4.528","4.940","4.310","24.000","2023-05-29 17:11:27"
"2021-08-19 18:00:00","D","4.564","5.180","3.880","24.000","2023-05-29 17:11:27"
"2021-08-20 00:00:00","D","4.148","4.760","3.940","24.000","2023-05-29 17:11:27"
"2021-08-20 06:00:00","D","4.367","11.210","3.960","24.000","2023-05-29 17:11:27"
"2021-08-20 12:00:00","D","4.537","4.980","3.970","24.000","2023-05-29 17:11:27"
"2021-08-20 18:00:00","D","4.915","5.210","4.610","24.000","2023-05-29 17:11:27"
"2021-08-21 00:00:00","D","5.074","16.140","4.150","24.000","2023-05-29 17:11:27"
"2021-08-21 06:00:00","D","4.371","4.580","4.030","24.000","2023-05-29 17:11:27"
"2021-08-21 12:00:00","D","4.365","6.750","4.030","24.000","2023-05-29 17:11:27"
"2021-08-21 18:00:00","D","4.417","4.860","4.140","24.000","2023-05-29 17:11:27"
"2021-08-22 00:00:00","D","4.351","4.770","3.710","24.000","2023-05-29 17:11:27"
"2021-08-22 06:00:00","D","4.620","5.720","4.170","24.000","2023-05-29 17:11:27"
"2021-08-22 12:00:00","D","5.986","7.090","5.570","24.000","2023-05-29 17:11:27"
"2021-08-22 18:00:00","D","7.685","8.760","6.500","24.000","2023-05-29 17:11:27"
"2021-08-23 00:00:00","D","7.393","8.000","6.840","24.000","2023-05-29 17:11:27"
"2021-08-23 06:00:00","D","6.551","7.620","5.780","24.000","2023-05-29 17:11:27"
"2021-08-23 12:00:00","D","5.823","6.610","5.470","24.000","2023-05-29 17:11:27"
"2021-08-23 18:00:00","D","5.475","6.030","4.830","24.000","2023-05-29 17:11:27"
"2021-08-24 00:00:00","D","5.495","5.840","5.220","24.000","2023-05-29 17:11:27"
"2021-08-24 06:00:00","D","5.298","5.530","4.880","24.000","2023-05-29 17:11:27"
"2021-08-24 12:00:00","D","4.749","5.090","4.470","24.000","2023-05-29 17:11:27"
"2021-08-24 18:00:00","D","5.931","29.000","4.380","24.000","2023-05-29 17:11:27"
"2021-08-25 00:00:00","D","4.840","5.200","4.630","24.000","2023-05-29 17:11:27"
"2021-08-25 06:00:00","D","4.638","5.560","4.350","24.000","2023-05-29 17:11:27"
"2021-08-25 12:00:00","D","4.438","5.070","4.110","24.000","2023-05-29 17:11:27"
"2021-08-25 18:00:00","D","5.312","25.040","3.230","24.000","2023-05-29 17:11:27"
"2021-08-26 00:00:00","D","4.439","4.950","4.260","24.000","2023-05-29 17:11:27"
"2021-08-26 06:00:00","D","4.382","4.920","4.140","24.000","2023-05-29 17:11:27"
"2021-08-26 12:00:00","D","4.373","6.190","3.980","24.000","2023-05-29 17:11:27"
"2021-08-26 18:00:00","D","4.383","6.150","4.160","24.000","2023-05-29 17:11:27"
"2021-08-27 00:00:00","D","3.980","5.310","3.690","24.000","2023-05-29 17:11:27"
"2021-08-27 06:00:00","D","4.150","4.530","4.010","24.000","2023-05-29 17:11:27"
"2021-08-27 12:00:00","D","4.010","5.457","3.530","24.000","2023-05-29 17:11:27"
"2021-08-27 18:00:00","D","4.240","5.280","4.010","24.000","2023-05-29 17:11:27"
"2021-08-28 00:00:00","D","4.410","6.700","4.020","24.000","2023-05-29 17:11:27"
"2021-08-28 06:00:00","D","4.155","4.300","4.000","24.000","2023-05-29 17:11:27"
"2021-08-28 12:00:00","D","3.748","4.140","3.360","24.000","2023-05-29 17:11:27"
"2021-08-28 18:00:00","D","4.025","4.300","3.560","24.000","2023-05-29 17:11:27"
"2021-08-29 00:00:00","D","4.125","4.280","3.980","24.000","2023-05-29 17:11:27"
"2021-08-29 06:00:00","D","4.465","15.090","3.810","24.000","2023-05-29 17:11:27"
"2021-08-29 12:00:00","D","3.846","4.260","3.600","24.000","2023-05-29 17:11:27"
"2021-08-29 18:00:00","D","4.026","4.520","3.685","24.000","2023-05-29 17:11:27"
"2021-08-30 00:00:00","D","4.004","4.500","3.850","24.000","2023-05-29 17:11:27"
"2021-08-30 06:00:00","D","5.162","18.860","3.390","24.000","2023-05-29 17:11:27"
"2021-08-30 12:00:00","D","3.355","3.920","2.440","24.000","2023-05-29 17:11:27"
"2021-08-30 18:00:00","D","4.140","4.400","3.890","24.000","2023-05-29 17:11:27"
"2021-08-31 00:00:00","D","3.983","4.190","3.910","24.000","2023-05-29 17:11:27"
"2021-08-31 06:00:00","D","3.917","4.470","3.680","24.000","2023-05-29 17:11:27"
"2021-08-31 12:00:00","D","4.835","28.350","3.550","24.000","2023-05-29 17:11:27"
"2021-08-31 18:00:00","D","4.019","4.390","3.710","24.000","2023-05-29 17:11:27"
"2021-09-01 00:00:00","D","4.110","4.310","3.980","24.000","2023-05-29 17:11:27"
"2021-09-01 06:00:00","D","3.997","4.250","3.720","24.000","2023-05-29 17:11:27"
"2021-09-01 12:00:00","D","3.824","4.160","3.690","24.000","2023-05-29 17:11:27"
"2021-09-01 18:00:00","D","3.920","4.160","3.710","24.000","2023-05-29 17:11:27"
"2021-09-02 00:00:00","D","4.092","4.920","3.900","24.000","2023-05-29 17:11:27"
"2021-09-02 06:00:00","D","3.876","4.100","3.550","24.000","2023-05-29 17:11:27"
"2021-09-02 12:00:00","D","3.610","3.880","3.420","24.000","2023-05-29 17:11:27"
"2021-09-02 18:00:00","D","3.697","3.990","3.390","24.000","2023-05-29 17:11:27"
"2021-09-03 00:00:00","D","3.814","3.950","3.690","24.000","2023-05-29 17:11:27"
"2021-09-03 06:00:00","D","3.823","3.980","3.570","24.000","2023-05-29 17:11:27"
"2021-09-03 12:00:00","D","3.636","3.940","3.440","24.000","2023-05-29 17:11:27"
"2021-09-03 18:00:00","D","3.806","4.230","3.450","24.000","2023-05-29 17:11:27"
"2021-09-04 00:00:00","D","3.891","4.050","3.820","24.000","2023-05-29 17:11:27"
"2021-09-04 06:00:00","D","3.706","3.890","3.480","24.000","2023-05-29 17:11:27"
"2021-09-04 12:00:00","D","3.652","4.060","3.450","24.000","2023-05-29 17:11:27"
"2021-09-04 18:00:00","D","3.742","3.990","3.550","21.000","2023-05-29 17:11:27"
"2021-09-05 00:00:00","D","3.860","3.980","3.780","24.000","2023-05-29 17:11:27"
"2021-09-05 06:00:00","D","3.619","3.740","3.430","24.000","2023-05-29 17:11:27"
"2021-09-05 12:00:00","D","3.534","3.900","3.380","24.000","2023-05-29 17:11:27"
"2021-09-05 18:00:00","D","4.938","31.910","3.460","24.000","2023-05-29 17:11:27"
"2021-09-06 00:00:00","D","4.099","7.830","3.810","24.000","2023-05-29 17:11:27"
"2021-09-06 06:00:00","D","3.760","3.900","3.510","24.000","2023-05-29 17:11:27"
"2021-09-06 12:00:00","D","3.477","3.690","3.360","24.000","2023-05-29 17:11:27"
"2021-09-06 18:00:00","D","3.805","4.110","3.490","24.000","2023-05-29 17:11:27"
"2021-09-07 00:00:00","D","3.920","4.180","3.800","24.000","2023-05-29 17:11:27"
"2021-09-07 06:00:00","D","3.779","3.920","3.530","24.000","2023-05-29 17:11:27"
"2021-09-07 12:00:00","D","3.653","3.850","3.520","24.000","2023-05-29 17:11:27"
"2021-09-07 18:00:00","D","3.944","7.610","3.490","24.000","2023-05-29 17:11:27"
"2021-09-08 00:00:00","D","3.759","3.910","3.640","24.000","2023-05-29 17:11:27"
"2021-09-08 06:00:00","D","3.665","3.870","3.480","24.000","2023-05-29 17:11:27"
"2021-09-08 12:00:00","D","3.523","3.790","3.400","24.000","2023-05-29 17:11:27"
"2021-09-08 18:00:00","D","3.602","3.800","3.440","24.000","2023-05-29 17:11:27"
"2021-09-09 00:00:00","D","3.767","4.240","3.530","24.000","2023-05-29 17:11:27"
"2021-09-09 06:00:00","D","3.740","3.860","3.670","24.000","2023-05-29 17:11:27"
"2021-09-09 12:00:00","D","3.828","4.800","3.620","24.000","2023-05-29 17:11:27"
"2021-09-09 18:00:00","D","4.507","12.400","3.890","24.000","2023-05-29 17:11:27"
"2021-09-10 00:00:00","D","3.845","3.960","3.780","24.000","2023-05-29 17:11:27"
"2021-09-10 06:00:00","D","3.733","3.890","3.550","24.000","2023-05-29 17:11:27"
"2021-09-10 12:00:00","D","3.651","4.010","3.480","24.000","2023-05-29 17:11:27"
"2021-09-10 18:00:00","D","5.980","21.440","3.670","24.000","2023-05-29 17:11:27"
"2021-09-11 00:00:00","D","5.089","17.160","4.140","24.000","2023-05-29 17:11:27"
"2021-09-11 06:00:00","D","4.054","4.230","3.790","24.000","2023-05-29 17:11:27"
"2021-09-11 12:00:00","D","3.916","4.230","3.720","24.000","2023-05-29 17:11:27"
"2021-09-11 18:00:00","D","4.309","4.860","3.930","24.000","2023-05-29 17:11:27"
"2021-09-12 00:00:00","D","4.123","4.250","4.060","24.000","2023-05-29 17:11:27"
"2021-09-12 06:00:00","D","3.857","4.100","3.650","24.000","2023-05-29 17:11:27"
"2021-09-12 12:00:00","D","3.629","3.880","3.510","24.000","2023-05-29 17:11:27"
"2021-09-12 18:00:00","D","3.722","4.200","3.330","24.000","2023-05-29 17:11:27"
"2021-09-13 00:00:00","D","3.917","4.090","3.750","24.000","2023-05-29 17:11:27"
"2021-09-13 06:00:00","D","3.684","3.960","3.380","24.000","2023-05-29 17:11:27"
"2021-09-13 12:00:00","D","3.401","3.610","3.260","24.000","2023-05-29 17:11:27"
"2021-09-13 18:00:00","D","3.736","4.150","3.430","24.000","2023-05-29 17:11:27"
"2021-09-14 00:00:00","D","3.773","3.900","3.710","24.000","2023-05-29 17:11:27"
"2021-09-14 06:00:00","D","3.618","3.780","3.370","24.000","2023-05-29 17:11:27"
"2021-09-14 12:00:00","D","4.392","6.070","3.440","24.000","2023-05-29 17:11:27"
"2021-09-14 18:00:00","D","12.893","20.190","6.600","24.000","2023-05-29 17:11:27"
"2021-09-15 00:00:00","D","17.143","18.710","11.510","24.000","2023-05-29 17:11:27"
"2021-09-15 06:00:00","D","14.796","18.810","11.010","24.000","2023-05-29 17:11:27"
"2021-09-15 12:00:00","D","12.175","14.100","10.360","24.000","2023-05-29 17:11:27"
"2021-09-15 18:00:00","D","9.190","11.010","1.820","24.000","2023-05-29 17:11:27"
"2021-09-16 00:00:00","D","8.067","13.800","0.490","24.000","2023-05-29 17:11:27"
"2021-09-16 06:00:00","D","6.025","9.210","-1.030","24.000","2023-05-29 17:11:27"
"2021-09-16 12:00:00","D","6.149","7.480","1.530","24.000","2023-05-29 17:11:27"
"2021-09-16 18:00:00","D","5.598","6.470","5.000","24.000","2023-05-29 17:11:27"
"2021-09-17 00:00:00","D","8.317","39.840","5.270","24.000","2023-05-29 17:11:27"
"2021-09-17 06:00:00","D","4.914","5.610","-1.230","24.000","2023-05-29 17:11:27"
"2021-09-17 12:00:00","D","5.065","8.450","4.670","24.000","2023-05-29 17:11:27"
"2021-09-17 18:00:00","D","5.249","5.750","4.820","24.000","2023-05-29 17:11:27"
"2021-09-18 00:00:00","D","5.279","5.710","4.810","24.000","2023-05-29 17:11:27"
"2021-09-18 06:00:00","D","4.214","5.170","-4.130","24.000","2023-05-29 17:11:27"
"2021-09-18 12:00:00","D","4.146","5.120","-0.650","24.000","2023-05-29 17:11:27"
"2021-09-18 18:00:00","D","4.811","5.290","4.150","24.000","2023-05-29 17:11:27"
"2021-09-19 00:00:00","D","4.985","5.230","4.610","24.000","2023-05-29 17:11:27"
"2021-09-19 06:00:00","D","4.654","5.040","4.170","24.000","2023-05-29 17:11:27"
"2021-09-19 12:00:00","D","4.660","9.390","4.130","24.000","2023-05-29 17:11:27"
"2021-09-19 18:00:00","D","4.118","5.180","-0.050","24.000","2023-05-29 17:11:27"
"2021-09-20 00:00:00","D","4.906","5.210","4.720","24.000","2023-05-29 17:11:27"
"2021-09-20 06:00:00","D","4.708","5.180","4.400","24.000","2023-05-29 17:11:27"
"2021-09-20 12:00:00","D","4.580","4.870","4.450","24.000","2023-05-29 17:11:27"
"2021-09-20 18:00:00","D","3.980","5.380","-6.620","24.000","2023-05-29 17:11:27"
"2021-09-21 00:00:00","D","4.779","5.010","4.440","24.000","2023-05-29 17:11:27"
"2021-09-21 06:00:00","D","4.435","4.890","0.120","24.000","2023-05-29 17:11:27"
"2021-09-21 12:00:00","D","4.525","5.100","4.110","24.000","2023-05-29 17:11:27"
"2021-09-21 18:00:00","D","4.429","4.870","4.080","24.000","2023-05-29 17:11:27"
"2021-09-22 00:00:00","D","4.675","4.990","4.270","24.000","2023-05-29 17:11:27"
"2021-09-22 06:00:00","D","4.389","4.710","3.940","24.000","2023-05-29 17:11:27"
"2021-09-22 12:00:00","D","4.334","4.600","4.140","24.000","2023-05-29 17:11:27"
"2021-09-22 18:00:00","D","4.325","4.790","4.080","24.000","2023-05-29 17:11:27"
"2021-09-23 00:00:00","D","4.589","4.780","4.420","24.000","2023-05-29 17:11:27"
"2021-09-23 06:00:00","D","4.474","4.740","4.280","24.000","2023-05-29 17:11:27"
"2021-09-23 12:00:00","D","4.402","4.630","4.110","24.000","2023-05-29 17:11:27"
"2021-09-23 18:00:00","D","4.256","5.040","3.920","24.000","2023-05-29 17:11:27"
"2021-09-24 00:00:00","D","4.355","4.710","4.110","24.000","2023-05-29 17:11:27"
"2021-09-24 06:00:00","D","4.062","4.400","2.920","24.000","2023-05-29 17:11:27"
"2021-09-24 12:00:00","D","4.058","4.490","3.720","24.000","2023-05-29 17:11:27"
"2021-09-24 18:00:00","D","4.479","6.300","3.900","24.000","2023-05-29 17:11:27"
"2021-09-25 00:00:00","D","4.300","4.750","4.030","24.000","2023-05-29 17:11:27"
"2021-09-25 06:00:00","D","3.993","4.310","3.820","24.000","2023-05-29 17:11:27"
"2021-09-25 12:00:00","D","3.847","4.130","3.170","24.000","2023-05-29 17:11:27"
"2021-09-25 18:00:00","D","4.094","4.620","3.760","24.000","2023-05-29 17:11:27"
"2021-09-26 00:00:00","D","4.210","4.440","4.030","24.000","2023-05-29 17:11:27"
"2021-09-26 06:00:00","D","3.988","4.230","3.810","24.000","2023-05-29 17:11:27"
"2021-09-26 12:00:00","D","3.892","4.190","3.660","24.000","2023-05-29 17:11:27"
"2021-09-26 18:00:00","D","4.238","4.670","3.780","24.000","2023-05-29 17:11:27"
"2021-09-27 00:00:00","D","4.259","4.640","4.140","24.000","2023-05-29 17:11:27"
"2021-09-27 06:00:00","D","4.033","4.320","3.760","24.000","2023-05-29 17:11:27"
"2021-09-27 12:00:00","D","4.013","4.550","3.740","24.000","2023-05-29 17:11:27"
"2021-09-27 18:00:00","D","4.473","4.910","3.920","24.000","2023-05-29 17:11:27"
"2021-09-28 00:00:00","D","4.680","4.940","4.170","24.000","2023-05-29 17:11:27"
"2021-09-28 06:00:00","D","4.554","4.920","4.070","24.000","2023-05-29 17:11:27"
"2021-09-28 12:00:00","D","4.095","4.640","3.800","24.000","2023-05-29 17:11:27"
"2021-09-28 18:00:00","D","4.329","4.930","3.870","24.000","2023-05-29 17:11:27"
"2021-09-29 00:00:00","D","5.242","6.280","4.240","24.000","2023-05-29 17:11:27"
"2021-09-29 06:00:00","D","6.826","8.230","6.340","24.000","2023-05-29 17:11:27"
"2021-09-29 12:00:00","D","11.089","12.350","9.120","24.000","2023-05-29 17:11:27"
"2021-09-29 18:00:00","D","9.606","11.050","8.510","24.000","2023-05-29 17:11:27"
"2021-09-30 00:00:00","D","7.131","8.040","1.530","24.000","2023-05-29 17:11:27"
"2021-09-30 06:00:00","D","7.040","8.180","6.240","24.000","2023-05-29 17:11:27"
"2021-09-30 12:00:00","D","6.115","6.830","5.670","24.000","2023-05-29 17:11:27"
"2021-09-30 18:00:00","D","5.430","6.330","-4.910","24.000","2023-05-29 17:11:27"
"2021-10-01 00:00:00","D","5.776","6.100","5.500","24.000","2023-05-29 17:11:27"
"2021-10-01 06:00:00","D","5.361","5.820","4.930","24.000","2023-05-29 17:11:27"
"2021-10-01 12:00:00","D","4.950","5.790","-1.140","24.000","2023-05-29 17:11:27"
"2021-10-01 18:00:00","D","5.485","6.390","-0.420","24.000","2023-05-29 17:11:27"
"2021-10-02 00:00:00","D","5.813","6.220","2.400","24.000","2023-05-29 17:11:27"
"2021-10-02 06:00:00","D","5.640","6.030","5.090","24.000","2023-05-29 17:11:27"
"2021-10-02 12:00:00","D","5.146","5.730","4.790","24.000","2023-05-29 17:11:27"
"2021-10-02 18:00:00","D","5.469","6.470","4.750","24.000","2023-05-29 17:11:27"
"2021-10-03 00:00:00","D","10.588","17.150","7.030","24.000","2023-05-29 17:11:27"
"2021-10-03 06:00:00","D","17.844","19.780","14.520","24.000","2023-05-29 17:11:27"
"2021-10-03 12:00:00","D","15.360","19.630","12.760","24.000","2023-05-29 17:11:27"
"2021-10-03 18:00:00","D","11.833","13.240","9.530","24.000","2023-05-29 17:11:27"
"2021-10-04 00:00:00","D","10.160","11.830","5.960","24.000","2023-05-29 17:11:27"
"2021-10-04 06:00:00","D","8.340","13.370","3.010","23.000","2023-05-29 17:11:27"
"2021-10-04 12:00:00","D","7.961","8.640","7.280","24.000","2023-05-29 17:11:27"
"2021-10-04 18:00:00","D","7.653","8.170","7.110","24.000","2023-05-29 17:11:27"
"2021-10-05 00:00:00","D","6.958","9.430","0.200","24.000","2023-05-29 17:11:27"
"2021-10-05 06:00:00","D","7.425","9.460","-0.140","24.000","2023-05-29 17:11:27"
"2021-10-05 12:00:00","D","12.890","20.600","9.290","24.000","2023-05-29 17:11:27"
"2021-10-05 18:00:00","D","19.855","23.430","15.300","24.000","2023-05-29 17:11:27"
"2021-10-06 00:00:00","D","16.272","18.780","13.380","24.000","2023-05-29 17:11:27"
"2021-10-06 06:00:00","D","15.023","16.450","14.050","24.000","2023-05-29 17:11:27"
"2021-10-06 12:00:00","D","14.012","15.330","12.010","24.000","2023-05-29 17:11:27"
"2021-10-06 18:00:00","D","10.377","17.550","7.100","24.000","2023-05-29 17:11:27"
"2021-10-07 00:00:00","D","9.483","11.340","7.990","24.000","2023-05-29 17:11:27"
"2021-10-07 06:00:00","D","7.931","8.390","7.510","24.000","2023-05-29 17:11:27"
"2021-10-07 12:00:00","D","6.830","7.570","5.910","24.000","2023-05-29 17:11:27"
"2021-10-07 18:00:00","D","6.480","6.930","5.940","24.000","2023-05-29 17:11:27"
"2021-10-08 00:00:00","D","6.752","7.020","6.540","24.000","2023-05-29 17:11:27"
"2021-10-08 06:00:00","D","6.642","7.060","6.320","24.000","2023-05-29 17:11:27"
"2021-10-08 12:00:00","D","6.188","6.660","5.930","24.000","2023-05-29 17:11:27"
"2021-10-08 18:00:00","D","6.806","12.650","6.150","24.000","2023-05-29 17:11:27"
"2021-10-09 00:00:00","D","6.280","7.260","6.030","24.000","2023-05-29 17:11:27"
"2021-10-09 06:00:00","D","6.101","6.590","5.870","24.000","2023-05-29 17:11:27"
"2021-10-09 12:00:00","D","5.756","6.500","5.540","24.000","2023-05-29 17:11:27"
"2021-10-09 18:00:00","D","5.872","6.970","5.170","24.000","2023-05-29 17:11:27"
"2021-10-10 00:00:00","D","5.666","6.130","5.440","24.000","2023-05-29 17:11:27"
"2021-10-10 06:00:00","D","5.874","13.490","-0.700","24.000","2023-05-29 17:11:27"
"2021-10-10 12:00:00","D","5.328","5.640","5.120","24.000","2023-05-29 17:11:27"
"2021-10-10 18:00:00","D","5.414","5.900","4.650","24.000","2023-05-29 17:11:27"
"2021-10-11 00:00:00","D","5.395","5.620","5.240","24.000","2023-05-29 17:11:27"
"2021-10-11 06:00:00","D","5.320","5.490","5.150","24.000","2023-05-29 17:11:27"
"2021-10-11 12:00:00","D","4.893","5.150","4.550","24.000","2023-05-29 17:11:27"
"2021-10-11 18:00:00","D","5.003","5.500","4.310","24.000","2023-05-29 17:11:27"
"2021-10-12 00:00:00","D","5.151","5.290","5.070","24.000","2023-05-29 17:11:27"
"2021-10-12 06:00:00","D","5.061","5.190","4.860","24.000","2023-05-29 17:11:27"
"2021-10-12 12:00:00","D","4.787","4.990","4.570","24.000","2023-05-29 17:11:27"
"2021-10-12 18:00:00","D","5.709","17.870","3.930","24.000","2023-05-29 17:11:27"
"2021-10-13 00:00:00","D","4.845","5.040","4.560","24.000","2023-05-29 17:11:27"
"2021-10-13 06:00:00","D","5.056","5.180","4.930","24.000","2023-05-29 17:11:27"
"2021-10-13 12:00:00","D","4.899","5.180","4.710","24.000","2023-05-29 17:11:27"
"2021-10-13 18:00:00","D","5.288","5.810","4.780","24.000","2023-05-29 17:11:27"
"2021-10-14 00:00:00","D","5.982","27.090","4.960","24.000","2023-05-29 17:11:27"
"2021-10-14 06:00:00","D","4.935","5.160","4.610","24.000","2023-05-29 17:11:27"
"2021-10-14 12:00:00","D","4.503","4.900","4.340","24.000","2023-05-29 17:11:27"
"2021-10-14 18:00:00","D","5.330","11.460","4.540","24.000","2023-05-29 17:11:27"
"2021-10-15 00:00:00","D","4.698","4.810","4.620","24.000","2023-05-29 17:11:27"
"2021-10-15 06:00:00","D","4.723","4.870","4.440","24.000","2023-05-29 17:11:27"
"2021-10-15 12:00:00","D","4.431","4.920","4.300","24.000","2023-05-29 17:11:27"
"2021-10-15 18:00:00","D","4.840","5.130","4.520","24.000","2023-05-29 17:11:27"
"2021-10-16 00:00:00","D","4.743","4.960","4.650","24.000","2023-05-29 17:11:27"
"2021-10-16 06:00:00","D","4.676","4.980","4.510","24.000","2023-05-29 17:11:27"
"2021-10-16 12:00:00","D","4.404","4.970","4.160","24.000","2023-05-29 17:11:27"
"2021-10-16 18:00:00","D","4.721","5.240","4.330","24.000","2023-05-29 17:11:27"
"2021-10-17 00:00:00","D","4.887","5.320","4.580","24.000","2023-05-29 17:11:27"
"2021-10-17 06:00:00","D","4.750","5.020","4.460","24.000","2023-05-29 17:11:27"
"2021-10-17 12:00:00","D","4.569","5.550","4.370","24.000","2023-05-29 17:11:27"
"2021-10-17 18:00:00","D","4.749","5.030","4.360","24.000","2023-05-29 17:11:27"
"2021-10-18 00:00:00","D","4.877","4.970","4.790","24.000","2023-05-29 17:11:27"
"2021-10-18 06:00:00","D","4.734","5.040","4.360","24.000","2023-05-29 17:11:27"
"2021-10-18 12:00:00","D","4.375","4.600","4.000","24.000","2023-05-29 17:11:27"
"2021-10-18 18:00:00","D","4.624","5.050","4.170","24.000","2023-05-29 17:11:27"
"2021-10-19 00:00:00","D","4.651","4.730","4.570","24.000","2023-05-29 17:11:27"
"2021-10-19 06:00:00","D","4.657","4.890","4.500","24.000","2023-05-29 17:11:27"
"2021-10-19 12:00:00","D","4.501","4.810","4.210","24.000","2023-05-29 17:11:27"
"2021-10-19 18:00:00","D","4.543","5.120","4.010","24.000","2023-05-29 17:11:27"
"2021-10-20 00:00:00","D","4.732","5.010","4.550","24.000","2023-05-29 17:11:27"
"2021-10-20 06:00:00","D","5.390","5.860","4.980","24.000","2023-05-29 17:11:27"
"2021-10-20 12:00:00","D","7.364","10.530","5.880","24.000","2023-05-29 17:11:27"
"2021-10-20 18:00:00","D","11.040","12.290","9.820","24.000","2023-05-29 17:11:27"
"2021-10-21 00:00:00","D","10.898","13.250","10.110","24.000","2023-05-29 17:11:27"
"2021-10-21 06:00:00","D","17.794","30.460","13.050","24.000","2023-05-29 17:11:27"
"2021-10-21 12:00:00","D","21.217","35.060","16.420","24.000","2023-05-29 17:11:27"
"2021-10-21 18:00:00","D","19.180","33.630","16.210","24.000","2023-05-29 17:11:27"
"2021-10-22 00:00:00","D","16.757","29.380","15.070","24.000","2023-05-29 17:11:27"
"2021-10-22 06:00:00","D","20.081","72.290","15.120","24.000","2023-05-29 17:11:27"
"2021-10-22 12:00:00","D","15.150","16.460","14.290","24.000","2023-05-29 17:11:27"
"2021-10-22 18:00:00","D","15.256","19.840","14.070","24.000","2023-05-29 17:11:27"
"2021-10-23 00:00:00","D","13.075","14.570","12.140","24.000","2023-05-29 17:11:27"
"2021-10-23 06:00:00","D","11.799","12.920","10.940","24.000","2023-05-29 17:11:27"
"2021-10-23 12:00:00","D","8.104","10.870","5.640","24.000","2023-05-29 17:11:27"
"2021-10-23 18:00:00","D","8.182","9.110","7.820","24.000","2023-05-29 17:11:27"
"2021-10-24 00:00:00","D","7.932","8.690","7.530","24.000","2023-05-29 17:11:27"
"2021-10-24 06:00:00","D","7.438","8.090","6.910","24.000","2023-05-29 17:11:27"
"2021-10-24 12:00:00","D","6.719","7.380","6.330","24.000","2023-05-29 17:11:27"
"2021-10-24 18:00:00","D","7.049","10.550","6.340","24.000","2023-05-29 17:11:27"
"2021-10-25 00:00:00","D","6.676","8.200","6.240","24.000","2023-05-29 17:11:27"
"2021-10-25 06:00:00","D","6.493","7.160","5.650","24.000","2023-05-29 17:11:27"
"2021-10-25 12:00:00","D","6.058","11.380","5.390","24.000","2023-05-29 17:11:27"
"2021-10-25 18:00:00","D","6.134","11.200","5.490","24.000","2023-05-29 17:11:27"
"2021-10-26 00:00:00","D","6.225","6.540","5.950","24.000","2023-05-29 17:11:27"
"2021-10-26 06:00:00","D","6.584","7.040","6.250","24.000","2023-05-29 17:11:27"
"2021-10-26 12:00:00","D","6.256","12.500","5.380","24.000","2023-05-29 17:11:27"
"2021-10-26 18:00:00","D","5.559","5.880","5.260","24.000","2023-05-29 17:11:27"
"2021-10-27 00:00:00","D","5.823","8.230","5.380","24.000","2023-05-29 17:11:27"
"2021-10-27 06:00:00","D","5.593","5.970","5.280","24.000","2023-05-29 17:11:27"
"2021-10-27 12:00:00","D","5.248","5.770","4.960","24.000","2023-05-29 17:11:27"
"2021-10-27 18:00:00","D","5.250","5.870","4.530","24.000","2023-05-29 17:11:27"
"2021-10-28 00:00:00","D","5.600","6.090","5.280","24.000","2023-05-29 17:11:27"
"2021-10-28 06:00:00","D","5.708","6.220","5.320","24.000","2023-05-29 17:11:28"
"2021-10-28 12:00:00","D","5.675","6.130","5.270","24.000","2023-05-29 17:11:28"
"2021-10-28 18:00:00","D","5.399","5.720","4.960","24.000","2023-05-29 17:11:28"
"2021-10-29 00:00:00","D","5.732","5.990","5.470","24.000","2023-05-29 17:11:28"
"2021-10-29 06:00:00","D","5.735","6.190","5.430","24.000","2023-05-29 17:11:28"
"2021-10-29 12:00:00","D","5.419","5.720","5.030","24.000","2023-05-29 17:11:28"
"2021-10-29 18:00:00","D","5.618","9.470","4.970","24.000","2023-05-29 17:11:28"
"2021-10-30 00:00:00","D","5.889","9.480","5.340","24.000","2023-05-29 17:11:28"
"2021-10-30 06:00:00","D","6.040","6.340","5.610","24.000","2023-05-29 17:11:28"
"2021-10-30 12:00:00","D","5.795","6.850","5.240","24.000","2023-05-29 17:11:28"
"2021-10-30 18:00:00","D","5.789","6.460","4.990","24.000","2023-05-29 17:11:28"
"2021-10-31 00:00:00","D","6.318","6.660","6.170","24.000","2023-05-29 17:11:28"
"2021-10-31 06:00:00","D","6.140","6.380","5.700","24.000","2023-05-29 17:11:28"
"2021-10-31 12:00:00","D","6.043","6.760","5.580","24.000","2023-05-29 17:11:28"
"2021-10-31 18:00:00","D","8.079","11.320","6.510","24.000","2023-05-29 17:11:28"
"2021-11-01 00:00:00","D","11.655","13.100","10.790","24.000","2023-05-29 17:11:28"
"2021-11-01 06:00:00","D","10.353","12.080","8.680","24.000","2023-05-29 17:11:28"
"2021-11-01 12:00:00","D","8.432","9.580","7.260","24.000","2023-05-29 17:11:28"
"2021-11-01 18:00:00","D","7.963","8.490","7.310","24.000","2023-05-29 17:11:28"
"2021-11-02 00:00:00","D","8.110","8.820","7.660","24.000","2023-05-29 17:11:28"
"2021-11-02 06:00:00","D","7.278","8.130","6.550","24.000","2023-05-29 17:11:28"
"2021-11-02 12:00:00","D","6.729","7.370","6.270","24.000","2023-05-29 17:11:28"
"2021-11-02 18:00:00","D","6.266","7.020","5.350","24.000","2023-05-29 17:11:28"
"2021-11-03 00:00:00","D","6.303","6.650","5.440","24.000","2023-05-29 17:11:28"
"2021-11-03 06:00:00","D","6.328","6.550","6.060","24.000","2023-05-29 17:11:28"
"2021-11-03 12:00:00","D","5.711","6.280","5.100","24.000","2023-05-29 17:11:28"
"2021-11-03 18:00:00","D","5.532","6.070","5.120","24.000","2023-05-29 17:11:28"
"2021-11-04 00:00:00","D","5.600","5.830","5.450","24.000","2023-05-29 17:11:28"
"2021-11-04 06:00:00","D","5.575","5.960","5.400","24.000","2023-05-29 17:11:28"
"2021-11-04 12:00:00","D","5.303","5.540","5.080","24.000","2023-05-29 17:11:28"
"2021-11-04 18:00:00","D","5.439","5.970","5.150","24.000","2023-05-29 17:11:28"
"2021-11-05 00:00:00","D","5.394","5.570","5.180","24.000","2023-05-29 17:11:28"
"2021-11-05 06:00:00","D","5.422","5.640","5.060","24.000","2023-05-29 17:11:28"
"2021-11-05 12:00:00","D","5.237","5.570","4.990","24.000","2023-05-29 17:11:28"
"2021-11-05 18:00:00","D","5.277","5.530","5.040","24.000","2023-05-29 17:11:28"
"2021-11-06 00:00:00","D","5.447","5.500","5.300","24.000","2023-05-29 17:11:28"
"2021-11-06 06:00:00","D","5.210","5.430","5.010","24.000","2023-05-29 17:11:28"
"2021-11-06 12:00:00","D","4.907","5.060","4.560","24.000","2023-05-29 17:11:28"
"2021-11-06 18:00:00","D","5.265","5.740","4.740","24.000","2023-05-29 17:11:28"
"2021-11-07 00:00:00","D","5.479","5.640","5.190","24.000","2023-05-29 17:11:28"
"2021-11-07 06:00:00","D","5.425","5.640","5.220","24.000","2023-05-29 17:11:28"
"2021-11-07 12:00:00","D","5.210","5.600","4.760","24.000","2023-05-29 17:11:28"
"2021-11-07 18:00:00","D","5.286","8.020","4.590","24.000","2023-05-29 17:11:28"
"2021-11-08 00:00:00","D","6.975","12.200","4.940","24.000","2023-05-29 17:11:28"
"2021-11-08 06:00:00","D","6.209","12.170","4.590","24.000","2023-05-29 17:11:28"
"2021-11-08 12:00:00","D","5.464","11.640","4.220","24.000","2023-05-29 17:11:28"
"2021-11-08 18:00:00","D","4.543","6.640","0.020","24.000","2023-05-29 17:11:28"
"2021-11-09 00:00:00","D","5.741","12.160","4.680","24.000","2023-05-29 17:11:28"
"2021-11-09 06:00:00","D","5.554","11.510","4.510","24.000","2023-05-29 17:11:28"
"2021-11-09 12:00:00","D","5.670","10.080","4.400","24.000","2023-05-29 17:11:28"
"2021-11-09 18:00:00","D","5.850","11.460","4.510","24.000","2023-05-29 17:11:28"
"2021-11-10 00:00:00","D","5.046","6.680","4.670","22.000","2023-05-29 17:11:28"
"2021-11-10 06:00:00","D","4.612","4.780","4.380","24.000","2023-05-29 17:11:28"
"2021-11-10 12:00:00","D","4.467","4.760","4.350","24.000","2023-05-29 17:11:28"
"2021-11-10 18:00:00","D","4.841","5.190","4.490","24.000","2023-05-29 17:11:28"
"2021-11-11 00:00:00","D","4.881","4.960","4.740","24.000","2023-05-29 17:11:28"
"2021-11-11 06:00:00","D","4.853","5.040","4.580","24.000","2023-05-29 17:11:28"
"2021-11-11 12:00:00","D","4.612","5.000","4.440","24.000","2023-05-29 17:11:28"
"2021-11-11 18:00:00","D","4.763","5.690","4.320","24.000","2023-05-29 17:11:28"
"2021-11-12 00:00:00","D","4.934","6.080","4.740","24.000","2023-05-29 17:11:28"
"2021-11-12 06:00:00","D","4.739","5.290","4.390","24.000","2023-05-29 17:11:28"
"2021-11-12 12:00:00","D","4.559","4.860","4.360","24.000","2023-05-29 17:11:28"
"2021-11-12 18:00:00","D","4.790","5.160","4.540","24.000","2023-05-29 17:11:28"
"2021-11-13 00:00:00","D","4.684","4.940","4.420","24.000","2023-05-29 17:11:28"
"2021-11-13 06:00:00","D","4.618","4.770","4.480","24.000","2023-05-29 17:11:28"
"2021-11-13 12:00:00","D","5.002","17.580","3.890","24.000","2023-05-29 17:11:28"
"2021-11-13 18:00:00","D","4.755","8.240","3.940","24.000","2023-05-29 17:11:28"
"2021-11-14 00:00:00","D","7.706","45.080","4.480","24.000","2023-05-29 17:11:28"
"2021-11-14 06:00:00","D","7.607","38.230","4.400","24.000","2023-05-29 17:11:28"
"2021-11-14 12:00:00","D","5.073","20.960","4.010","24.000","2023-05-29 17:11:28"
"2021-11-14 18:00:00","D","4.566","9.570","3.860","24.000","2023-05-29 17:11:28"
"2021-11-15 00:00:00","D","4.870","8.110","4.590","24.000","2023-05-29 17:11:28"
"2021-11-15 06:00:00","D","4.700","6.450","4.290","24.000","2023-05-29 17:11:28"
"2021-11-15 12:00:00","D","4.593","11.700","4.150","24.000","2023-05-29 17:11:28"
"2021-11-15 18:00:00","D","4.592","8.830","4.260","24.000","2023-05-29 17:11:28"
"2021-11-16 00:00:00","D","4.487","5.610","4.280","24.000","2023-05-29 17:11:28"
"2021-11-16 06:00:00","D","4.441","4.710","4.290","24.000","2023-05-29 17:11:28"
"2021-11-16 12:00:00","D","4.204","4.420","3.980","24.000","2023-05-29 17:11:28"
"2021-11-16 18:00:00","D","5.520","27.370","4.250","24.000","2023-05-29 17:11:28"
"2021-11-17 00:00:00","D","4.598","4.920","4.390","24.000","2023-05-29 17:11:28"
"2021-11-17 06:00:00","D","4.569","5.550","4.200","24.000","2023-05-29 17:11:28"
"2021-11-17 12:00:00","D","4.253","4.420","4.150","24.000","2023-05-29 17:11:28"
"2021-11-17 18:00:00","D","4.655","5.030","4.170","24.000","2023-05-29 17:11:28"
"2021-11-18 00:00:00","D","5.248","11.610","4.500","24.000","2023-05-29 17:11:28"
"2021-11-18 06:00:00","D","4.528","4.740","4.310","24.000","2023-05-29 17:11:28"
"2021-11-18 12:00:00","D","4.285","4.590","4.130","24.000","2023-05-29 17:11:28"
"2021-11-18 18:00:00","D","4.723","4.850","4.500","24.000","2023-05-29 17:11:28"
"2021-11-19 00:00:00","D","4.640","4.920","4.300","24.000","2023-05-29 17:11:28"
"2021-11-19 06:00:00","D","4.338","4.580","4.170","24.000","2023-05-29 17:11:28"
"2021-11-19 12:00:00","D","4.215","4.400","4.020","24.000","2023-05-29 17:11:28"
"2021-11-19 18:00:00","D","4.361","4.960","4.000","24.000","2023-05-29 17:11:28"
"2021-11-20 00:00:00","D","4.501","4.830","4.230","24.000","2023-05-29 17:11:28"
"2021-11-20 06:00:00","D","4.286","4.450","4.100","24.000","2023-05-29 17:11:28"
"2021-11-20 12:00:00","D","4.113","4.460","3.820","24.000","2023-05-29 17:11:28"
"2021-11-20 18:00:00","D","4.247","6.320","3.810","24.000","2023-05-29 17:11:28"
"2021-11-21 00:00:00","D","4.575","7.650","4.340","24.000","2023-05-29 17:11:28"
"2021-11-21 06:00:00","D","4.290","4.500","4.050","24.000","2023-05-29 17:11:28"
"2021-11-21 12:00:00","D","3.946","4.930","3.430","24.000","2023-05-29 17:11:28"
"2021-11-21 18:00:00","D","3.956","4.470","3.380","24.000","2023-05-29 17:11:28"
"2021-11-22 00:00:00","D","4.293","4.420","4.110","24.000","2023-05-29 17:11:28"
"2021-11-22 06:00:00","D","4.163","4.590","3.910","24.000","2023-05-29 17:11:28"
"2021-11-22 12:00:00","D","4.984","27.550","3.560","24.000","2023-05-29 17:11:28"
"2021-11-22 18:00:00","D","4.145","5.160","3.620","24.000","2023-05-29 17:11:28"
"2021-11-23 00:00:00","D","4.212","4.670","3.860","24.000","2023-05-29 17:11:28"
"2021-11-23 06:00:00","D","4.390","10.730","3.920","24.000","2023-05-29 17:11:28"
"2021-11-23 12:00:00","D","4.535","13.480","3.740","24.000","2023-05-29 17:11:28"
"2021-11-23 18:00:00","D","5.045","30.850","3.700","24.000","2023-05-29 17:11:28"
"2021-11-24 00:00:00","D","4.457","10.200","3.960","24.000","2023-05-29 17:11:28"
"2021-11-24 06:00:00","D","4.219","4.900","4.010","24.000","2023-05-29 17:11:28"
"2021-11-24 12:00:00","D","4.099","8.350","3.770","24.000","2023-05-29 17:11:28"
"2021-11-24 18:00:00","D","4.251","7.650","3.850","24.000","2023-05-29 17:11:28"
"2021-11-25 00:00:00","D","5.672","34.290","3.960","24.000","2023-05-29 17:11:28"
"2021-11-25 06:00:00","D","4.302","8.840","3.680","24.000","2023-05-29 17:11:28"
"2021-11-25 12:00:00","D","3.806","4.230","3.480","19.000","2023-05-29 17:11:28"
"2021-11-25 18:00:00","D","4.028","4.260","3.810","11.000","2023-05-29 17:11:28"
"2021-11-26 00:00:00","D","4.169","4.410","3.950","24.000","2023-05-29 17:11:28"
"2021-11-26 06:00:00","D","4.035","4.250","3.910","24.000","2023-05-29 17:11:28"
"2021-11-26 12:00:00","D","4.078","4.770","3.810","24.000","2023-05-29 17:11:28"
"2021-11-26 18:00:00","D","3.790","4.460","2.860","18.000","2023-05-29 17:11:28"
"2021-11-27 00:00:00","D","4.306","4.660","4.070","14.000","2023-05-29 17:11:28"
"2021-11-27 06:00:00","D","4.224","4.440","3.940","24.000","2023-05-29 17:11:28"
"2021-11-27 12:00:00","D","4.223","4.590","4.040","21.000","2023-05-29 17:11:28"
"2021-11-27 18:00:00","D","4.743","4.940","4.320","22.000","2023-05-29 17:11:28"
"2021-11-28 00:00:00","D","4.901","5.070","4.760","24.000","2023-05-29 17:11:28"
"2021-11-28 06:00:00","D","4.745","4.980","4.530","24.000","2023-05-29 17:11:28"
"2021-11-28 12:00:00","D","4.481","4.640","4.310","24.000","2023-05-29 17:11:28"
"2021-11-28 18:00:00","D","4.784","5.970","4.500","24.000","2023-05-29 17:11:28"
"2021-11-29 00:00:00","D","4.883","5.240","4.550","24.000","2023-05-29 17:11:28"
"2021-11-29 06:00:00","D","4.543","4.750","4.170","24.000","2023-05-29 17:11:28"
"2021-11-29 12:00:00","D","4.165","4.380","3.590","24.000","2023-05-29 17:11:28"
"2021-11-29 18:00:00","D","3.730","3.730","3.730","1.000","2023-05-29 17:11:28"
"2021-11-30 00:00:00","D","3.800","3.800","3.800","1.000","2023-05-29 17:11:28"
"2021-11-30 06:00:00","D","3.750","3.750","3.750","1.000","2023-05-29 17:11:28"
"2021-11-30 12:00:00","D","3.948","4.210","3.320","24.000","2023-05-29 17:11:28"
"2021-11-30 18:00:00","D","4.120","4.440","3.770","24.000","2023-05-29 17:11:28"
"2021-12-01 00:00:00","D","4.261","4.430","4.000","24.000","2023-05-29 17:11:28"
"2021-12-01 06:00:00","D","4.208","4.390","3.920","24.000","2023-05-29 17:11:28"
"2021-12-01 12:00:00","D","3.946","4.110","3.830","24.000","2023-05-29 17:11:28"
"2021-12-01 18:00:00","D","4.058","4.310","3.880","24.000","2023-05-29 17:11:28"
"2021-12-02 00:00:00","D","4.109","4.240","3.940","24.000","2023-05-29 17:11:28"
"2021-12-02 06:00:00","D","4.195","4.350","4.010","24.000","2023-05-29 17:11:28"
"2021-12-02 12:00:00","D","3.905","4.190","3.730","24.000","2023-05-29 17:11:28"
"2021-12-02 18:00:00","D","3.717","4.250","2.900","20.000","2023-05-29 17:11:28"
"2021-12-03 00:00:00","D","3.700","4.260","3.260","24.000","2023-05-29 17:11:28"
"2021-12-03 06:00:00","D","3.275","3.750","2.540","17.000","2023-05-29 17:11:28"
"2021-12-03 12:00:00","D","3.263","3.650","2.670","24.000","2023-05-29 17:11:28"
"2021-12-03 18:00:00","D","3.419","4.240","2.940","20.000","2023-05-29 17:11:28"
"2021-12-10 18:00:00","D","3.958","4.660","3.070","23.000","2023-05-29 17:11:28"
"2021-12-11 00:00:00","D","4.259","4.830","3.350","24.000","2023-05-29 17:11:28"
"2021-12-11 06:00:00","D","4.421","4.910","4.110","24.000","2023-05-29 17:11:28"
"2021-12-11 12:00:00","D","4.113","4.550","3.240","24.000","2023-05-29 17:11:28"
"2021-12-11 18:00:00","D","4.093","4.540","3.170","24.000","2023-05-29 17:11:28"
"2021-12-12 00:00:00","D","4.051","4.470","3.240","24.000","2023-05-29 17:11:28"
"2021-12-12 06:00:00","D","3.805","4.130","3.410","24.000","2023-05-29 17:11:28"
"2021-12-12 12:00:00","D","3.172","4.150","2.090","24.000","2023-05-29 17:11:28"
"2021-12-12 18:00:00","D","2.755","4.060","2.380","18.000","2023-05-29 17:11:28"
"2021-12-13 00:00:00","D","2.925","3.610","2.570","24.000","2023-05-29 17:11:28"
"2021-12-13 06:00:00","D","2.743","3.270","2.390","19.000","2023-05-29 17:11:28"
"2021-12-13 12:00:00","D","2.956","7.310","2.255","24.000","2023-05-29 17:11:28"
"2021-12-13 18:00:00","D","7.204","7.700","6.720","24.000","2023-05-29 17:11:28"
"2021-12-14 00:00:00","D","7.022","7.660","6.540","24.000","2023-05-29 17:11:28"
"2021-12-14 06:00:00","D","6.788","7.380","6.260","24.000","2023-05-29 17:11:28"
"2021-12-14 12:00:00","D","6.433","7.140","5.840","24.000","2023-05-29 17:11:28"
"2021-12-14 18:00:00","D","6.354","7.380","5.780","24.000","2023-05-29 17:11:28"
"2021-12-15 00:00:00","D","6.186","8.130","5.680","24.000","2023-05-29 17:11:28"
"2021-12-15 06:00:00","D","5.820","8.140","5.150","24.000","2023-05-29 17:11:28"
"2021-12-15 12:00:00","D","5.753","7.880","5.170","24.000","2023-05-29 17:11:28"
"2021-12-15 18:00:00","D","4.966","9.220","2.500","24.000","2023-05-29 17:11:28"
"2021-12-16 00:00:00","D","5.550","7.100","4.985","24.000","2023-05-29 17:11:28"
"2021-12-16 06:00:00","D","5.400","6.420","5.020","24.000","2023-05-29 17:11:28"
"2021-12-16 12:00:00","D","5.020","5.320","4.720","24.000","2023-05-29 17:11:28"
"2021-12-16 18:00:00","D","4.831","5.150","4.500","24.000","2023-05-29 17:11:28"
"2021-12-17 00:00:00","D","5.122","9.190","4.190","24.000","2023-05-29 17:11:28"
"2021-12-17 06:00:00","D","4.812","5.120","4.620","24.000","2023-05-29 17:11:28"
"2021-12-17 12:00:00","D","4.630","5.630","4.370","24.000","2023-05-29 17:11:28"
"2021-12-17 18:00:00","D","4.598","5.330","4.260","24.000","2023-05-29 17:11:28"
"2021-12-18 00:00:00","D","4.707","5.160","4.370","24.000","2023-05-29 17:11:28"
"2021-12-18 06:00:00","D","4.470","5.320","3.960","24.000","2023-05-29 17:11:28"
"2021-12-18 12:00:00","D","4.290","4.770","4.000","24.000","2023-05-29 17:11:28"
"2021-12-18 18:00:00","D","4.587","5.310","4.180","24.000","2023-05-29 17:11:28"
"2021-12-19 00:00:00","D","4.880","9.250","4.440","24.000","2023-05-29 17:11:28"
"2021-12-19 06:00:00","D","4.380","4.680","4.110","24.000","2023-05-29 17:11:28"
"2021-12-19 12:00:00","D","4.085","4.290","3.950","24.000","2023-05-29 17:11:28"
"2021-12-19 18:00:00","D","4.154","4.530","3.970","24.000","2023-05-29 17:11:28"
"2021-12-20 00:00:00","D","4.448","4.520","4.310","24.000","2023-05-29 17:11:28"
"2021-12-20 06:00:00","D","5.381","13.710","4.110","24.000","2023-05-29 17:11:28"
"2021-12-20 12:00:00","D","4.137","4.340","4.000","24.000","2023-05-29 17:11:28"
"2021-12-20 18:00:00","D","4.296","4.540","4.120","24.000","2023-05-29 17:11:28"
"2021-12-21 00:00:00","D","4.410","4.490","4.310","24.000","2023-05-29 17:11:28"
"2021-12-21 06:00:00","D","4.228","4.420","4.030","24.000","2023-05-29 17:11:28"
"2021-12-21 12:00:00","D","5.824","11.570","3.970","24.000","2023-05-29 17:11:28"
"2021-12-21 18:00:00","D","4.167","4.930","3.920","24.000","2023-05-29 17:11:28"
"2021-12-22 00:00:00","D","4.415","6.300","4.250","24.000","2023-05-29 17:11:28"
"2021-12-22 06:00:00","D","4.361","5.830","3.970","24.000","2023-05-29 17:11:28"
"2021-12-22 12:00:00","D","6.883","11.800","3.900","24.000","2023-05-29 17:11:28"
"2021-12-22 18:00:00","D","11.271","14.270","9.370","24.000","2023-05-29 17:11:28"
"2021-12-23 00:00:00","D","10.821","12.390","9.370","24.000","2023-05-29 17:11:28"
"2021-12-23 06:00:00","D","10.878","12.340","8.330","24.000","2023-05-29 17:11:28"
"2021-12-23 12:00:00","D","10.381","12.010","4.060","24.000","2023-05-29 17:11:28"
"2021-12-23 18:00:00","D","10.041","12.250","6.320","24.000","2023-05-29 17:11:28"
"2021-12-24 00:00:00","D","8.159","12.410","4.080","24.000","2023-05-29 17:11:28"
"2021-12-24 06:00:00","D","8.168","12.220","4.030","24.000","2023-05-29 17:11:28"
"2021-12-24 12:00:00","D","8.288","11.970","3.910","24.000","2023-05-29 17:11:28"
"2021-12-24 18:00:00","D","7.101","14.260","4.000","24.000","2023-05-29 17:11:28"
"2021-12-25 00:00:00","D","4.951","5.560","4.490","24.000","2023-05-29 17:11:28"
"2021-12-25 06:00:00","D","9.973","16.080","5.720","24.000","2023-05-29 17:11:28"
"2021-12-25 12:00:00","D","14.224","16.930","5.310","24.000","2023-05-29 17:11:28"
"2021-12-25 18:00:00","D","16.188","19.110","12.980","24.000","2023-05-29 17:11:28"
"2021-12-26 00:00:00","D","15.065","15.750","13.300","24.000","2023-05-29 17:11:28"
"2021-12-26 06:00:00","D","14.145","15.840","-5.410","24.000","2023-05-29 17:11:28"
"2021-12-26 12:00:00","D","18.397","37.150","13.380","24.000","2023-05-29 17:11:28"
"2021-12-26 18:00:00","D","16.569","28.930","15.280","24.000","2023-05-29 17:11:28"
"2021-12-27 00:00:00","D","16.458","41.810","14.020","24.000","2023-05-29 17:11:28"
"2021-12-27 06:00:00","D","18.028","34.580","13.070","24.000","2023-05-29 17:11:28"
"2021-12-27 12:00:00","D","14.237","15.230","13.670","24.000","2023-05-29 17:11:28"
"2021-12-27 18:00:00","D","15.611","25.480","13.070","24.000","2023-05-29 17:11:28"
"2021-12-28 00:00:00","D","18.738","26.180","13.240","24.000","2023-05-29 17:11:28"
"2021-12-28 06:00:00","D","13.731","14.430","12.970","24.000","2023-05-29 17:11:28"
"2021-12-28 12:00:00","D","14.832","20.760","12.630","24.000","2023-05-29 17:11:28"
"2021-12-28 18:00:00","D","14.415","18.900","13.270","24.000","2023-05-29 17:11:28"
"2021-12-29 00:00:00","D","16.717","35.680","13.080","24.000","2023-05-29 17:11:28"
"2021-12-29 06:00:00","D","14.876","17.500","13.100","24.000","2023-05-29 17:11:28"
"2021-12-29 12:00:00","D","20.840","49.120","10.240","24.000","2023-05-29 17:11:28"
"2021-12-29 18:00:00","D","11.373","12.580","10.360","24.000","2023-05-29 17:11:28"
"2021-12-30 00:00:00","D","11.684","12.590","10.740","24.000","2023-05-29 17:11:28"
"2021-12-30 06:00:00","D","11.743","12.900","10.870","24.000","2023-05-29 17:11:28"
"2021-12-30 12:00:00","D","11.077","11.970","10.190","24.000","2023-05-29 17:11:28"
"2021-12-30 18:00:00","D","9.122","10.750","7.900","24.000","2023-05-29 17:11:28"
"2021-12-31 00:00:00","D","9.649","10.220","9.170","24.000","2023-05-29 17:11:28"
"2021-12-31 06:00:00","D","9.031","9.800","8.510","24.000","2023-05-29 17:11:28"
"2021-12-31 12:00:00","D","8.797","9.760","8.440","24.000","2023-05-29 17:11:28"
"2021-12-31 18:00:00","D","8.676","9.250","8.090","24.000","2023-05-29 17:11:28"
"2022-01-01 00:00:00","D","9.159","9.810","8.500","23.000","2023-05-29 17:11:28"