"UTC0 datetime","Variable","Value","Max Value","Min Value","%Coverage","Updated at"
"2020-01-01 00:00:00","D","5.878","5.990","5.635","6.000","2021-06-19 05:49:17"
"2020-01-01 06:00:00","D","4.738","5.610","4.193","6.000","2021-06-19 05:49:17"
"2020-01-01 12:00:00","D","3.968","4.180","3.708","6.000","2021-06-19 05:49:17"
"2020-01-01 18:00:00","D","5.182","5.765","4.235","6.000","2021-06-19 05:49:17"
"2020-01-02 00:00:00","D","5.153","5.328","4.905","6.000","2021-06-19 05:49:17"
"2020-01-02 06:00:00","D","4.621","5.328","3.945","6.000","2021-06-19 05:49:17"
"2020-01-02 12:00:00","D","3.923","4.608","3.468","6.000","2021-06-19 05:49:17"
"2020-01-02 18:00:00","D","5.350","5.663","5.043","6.000","2021-06-19 05:49:17"
"2020-01-03 00:00:00","D","5.176","5.408","4.990","6.000","2021-06-19 05:49:17"
"2020-01-03 06:00:00","D","4.790","5.340","4.165","6.000","2021-06-19 05:49:17"
"2020-01-03 12:00:00","D","4.755","5.255","4.390","6.000","2021-06-19 05:49:17"
"2020-01-03 18:00:00","D","5.780","6.033","5.355","6.000","2021-06-19 05:49:17"
"2020-01-04 00:00:00","D","5.322","5.565","5.020","6.000","2021-06-19 05:49:17"
"2020-01-04 06:00:00","D","4.677","5.313","3.948","6.000","2021-06-19 05:49:17"
"2020-01-04 12:00:00","D","3.862","4.348","3.550","6.000","2021-06-19 05:49:17"
"2020-01-04 18:00:00","D","5.970","6.325","5.333","6.000","2021-06-19 05:49:17"
"2020-01-05 00:00:00","D","5.819","6.058","5.540","6.000","2021-06-19 05:49:17"
"2020-01-05 06:00:00","D","5.292","5.895","4.518","6.000","2021-06-19 05:49:17"
"2020-01-05 12:00:00","D","4.293","4.835","3.835","6.000","2021-06-19 05:49:17"
"2020-01-05 18:00:00","D","6.195","6.533","5.623","6.000","2021-06-19 05:49:17"
"2020-01-06 00:00:00","D","6.062","6.210","5.950","6.000","2021-06-19 05:49:17"
"2020-01-06 06:00:00","D","5.154","5.768","4.195","6.000","2021-06-19 05:49:17"
"2020-01-06 12:00:00","D","4.505","5.395","3.875","6.000","2021-06-19 05:49:17"
"2020-01-06 18:00:00","D","5.380","5.550","4.940","6.000","2021-06-19 05:49:17"
"2020-01-07 00:00:00","D","5.203","5.665","4.808","6.000","2021-06-19 05:49:17"
"2020-01-07 06:00:00","D","4.700","5.645","3.795","6.000","2021-06-19 05:49:17"
"2020-01-07 12:00:00","D","4.059","4.990","3.223","6.000","2021-06-19 05:49:17"
"2020-01-07 18:00:00","D","5.110","5.308","4.683","6.000","2021-06-19 05:49:17"
"2020-01-08 00:00:00","D","5.019","5.348","4.723","6.000","2021-06-19 05:49:17"
"2020-01-08 06:00:00","D","4.444","5.325","3.513","6.000","2021-06-19 05:49:17"
"2020-01-08 12:00:00","D","3.996","5.153","3.330","6.000","2021-06-19 05:49:17"
"2020-01-08 18:00:00","D","4.881","5.090","4.453","6.000","2021-06-19 05:49:17"
"2020-01-09 00:00:00","D","5.004","5.648","4.620","6.000","2021-06-19 05:49:17"
"2020-01-09 06:00:00","D","4.610","5.495","3.790","6.000","2021-06-19 05:49:17"
"2020-01-09 12:00:00","D","4.579","5.495","3.860","6.000","2021-06-19 05:49:17"
"2020-01-09 18:00:00","D","6.893","11.065","5.275","6.000","2021-06-19 05:49:17"
"2020-01-10 00:00:00","D","10.440","14.375","7.695","6.000","2021-06-19 05:49:17"
"2020-01-10 06:00:00","D","6.689","7.610","5.288","6.000","2021-06-19 05:49:17"
"2020-01-10 12:00:00","D","5.279","6.303","4.710","6.000","2021-06-19 05:49:17"
"2020-01-10 18:00:00","D","5.949","6.415","5.600","6.000","2021-06-19 05:49:17"
"2020-01-11 00:00:00","D","5.654","5.945","5.358","6.000","2021-06-19 05:49:17"
"2020-01-11 06:00:00","D","5.077","5.950","4.233","6.000","2021-06-19 05:49:17"
"2020-01-11 12:00:00","D","4.196","4.940","3.918","6.000","2021-06-19 05:49:17"
"2020-01-11 18:00:00","D","5.942","6.200","5.683","6.000","2021-06-19 05:49:17"
"2020-01-12 00:00:00","D","5.519","5.895","5.228","6.000","2021-06-19 05:49:17"
"2020-01-12 06:00:00","D","5.642","6.940","5.148","6.000","2021-06-19 05:49:17"
"2020-01-12 12:00:00","D","5.885","6.738","5.243","6.000","2021-06-19 05:49:17"
"2020-01-12 18:00:00","D","7.322","7.653","6.910","6.000","2021-06-19 05:49:17"
"2020-01-13 00:00:00","D","6.250","6.445","6.143","6.000","2021-06-19 05:49:17"
"2020-01-13 06:00:00","D","5.388","6.405","4.425","6.000","2021-06-19 05:49:17"
"2020-01-13 12:00:00","D","4.863","6.253","3.938","6.000","2021-06-19 05:49:17"
"2020-01-13 18:00:00","D","5.876","5.990","5.655","6.000","2021-06-19 05:49:17"
"2020-01-14 00:00:00","D","7.587","11.975","5.405","6.000","2021-06-19 05:49:17"
"2020-01-14 06:00:00","D","9.778","13.450","7.080","6.000","2021-06-19 05:49:17"
"2020-01-14 12:00:00","D","7.007","7.713","6.500","6.000","2021-06-19 05:49:17"
"2020-01-14 18:00:00","D","7.094","7.303","6.770","6.000","2021-06-19 05:49:17"
"2020-01-15 00:00:00","D","8.073","8.840","7.260","6.000","2021-06-19 05:49:17"
"2020-01-15 06:00:00","D","8.822","11.495","8.248","6.000","2021-06-19 05:49:17"
"2020-01-15 12:00:00","D","17.738","18.800","16.075","6.000","2021-06-19 05:49:17"
"2020-01-15 18:00:00","D","16.658","17.750","15.600","6.000","2021-06-19 05:49:17"
"2020-01-16 00:00:00","D","14.608","15.950","13.625","6.000","2021-06-19 05:49:17"
"2020-01-16 06:00:00","D","11.888","13.175","10.775","6.000","2021-06-19 05:49:17"
"2020-01-16 12:00:00","D","11.188","11.775","10.675","6.000","2021-06-19 05:49:17"
"2020-01-16 18:00:00","D","9.984","10.775","9.565","6.000","2021-06-19 05:49:17"
"2020-01-17 00:00:00","D","10.042","11.550","9.305","6.000","2021-06-19 05:49:17"
"2020-01-17 06:00:00","D","10.694","12.525","8.635","6.000","2021-06-19 05:49:17"
"2020-01-17 12:00:00","D","11.380","13.950","8.420","6.000","2021-06-19 05:49:17"
"2020-01-17 18:00:00","D","10.794","11.750","9.548","6.000","2021-06-19 05:49:17"
"2020-01-18 00:00:00","D","9.380","9.540","9.203","6.000","2021-06-19 05:49:17"
"2020-01-18 06:00:00","D","8.218","8.848","7.530","6.000","2021-06-19 05:49:17"
"2020-01-18 12:00:00","D","7.254","7.638","6.788","6.000","2021-06-19 05:49:17"
"2020-01-18 18:00:00","D","8.276","8.458","8.043","6.000","2021-06-19 05:49:17"
"2020-01-19 00:00:00","D","7.580","7.690","7.493","6.000","2021-06-19 05:49:17"
"2020-01-19 06:00:00","D","6.565","7.438","5.688","6.000","2021-06-19 05:49:17"
"2020-01-19 12:00:00","D","5.401","5.793","5.220","6.000","2021-06-19 05:49:17"
"2020-01-19 18:00:00","D","6.878","7.173","6.623","6.000","2021-06-19 05:49:17"
"2020-01-20 00:00:00","D","6.505","6.710","6.323","6.000","2021-06-19 05:49:17"
"2020-01-20 06:00:00","D","5.298","6.270","4.288","6.000","2021-06-19 05:49:17"
"2020-01-20 12:00:00","D","4.853","6.033","4.100","6.000","2021-06-19 05:49:17"
"2020-01-20 18:00:00","D","5.934","6.108","5.818","6.000","2021-06-19 05:49:17"
"2020-01-21 00:00:00","D","6.047","6.338","5.665","6.000","2021-06-19 05:49:17"
"2020-01-21 06:00:00","D","5.585","6.240","4.558","6.000","2021-06-19 05:49:17"
"2020-01-21 12:00:00","D","5.316","6.393","4.495","6.000","2021-06-19 05:49:17"
"2020-01-21 18:00:00","D","6.124","6.425","5.813","6.000","2021-06-19 05:49:17"
"2020-01-22 00:00:00","D","6.058","6.573","5.588","6.000","2021-06-19 05:49:17"
"2020-01-22 06:00:00","D","5.594","6.250","4.615","6.000","2021-06-19 05:49:17"
"2020-01-22 12:00:00","D","5.069","6.280","4.283","6.000","2021-06-19 05:49:17"
"2020-01-22 18:00:00","D","5.880","6.113","5.515","6.000","2021-06-19 05:49:17"
"2020-01-23 00:00:00","D","6.023","6.488","5.603","6.000","2021-06-19 05:49:17"
"2020-01-23 06:00:00","D","5.314","5.935","4.368","6.000","2021-06-19 05:49:17"
"2020-01-23 12:00:00","D","5.024","6.383","4.298","6.000","2021-06-19 05:49:17"
"2020-01-23 18:00:00","D","5.897","6.273","5.660","6.000","2021-06-19 05:49:17"
"2020-01-24 00:00:00","D","5.922","6.130","5.565","6.000","2021-06-19 05:49:17"
"2020-01-24 06:00:00","D","5.126","6.198","3.985","6.000","2021-06-19 05:49:17"
"2020-01-24 12:00:00","D","4.814","5.655","3.920","6.000","2021-06-19 05:49:17"
"2020-01-24 18:00:00","D","5.572","6.010","5.178","6.000","2021-06-19 05:49:17"
"2020-01-25 00:00:00","D","5.370","5.828","5.060","6.000","2021-06-19 05:49:17"
"2020-01-25 06:00:00","D","4.801","5.323","4.205","6.000","2021-06-19 05:49:17"
"2020-01-25 12:00:00","D","4.002","4.775","3.555","6.000","2021-06-19 05:49:17"
"2020-01-25 18:00:00","D","5.948","6.158","5.525","6.000","2021-06-19 05:49:17"
"2020-01-26 00:00:00","D","5.478","5.733","5.273","6.000","2021-06-19 05:49:17"
"2020-01-26 06:00:00","D","4.721","5.223","3.838","6.000","2021-06-19 05:49:17"
"2020-01-26 12:00:00","D","4.014","4.800","3.565","6.000","2021-06-19 05:49:17"
"2020-01-26 18:00:00","D","5.961","6.428","5.460","6.000","2021-06-19 05:49:17"
"2020-01-27 00:00:00","D","6.890","7.423","6.303","6.000","2021-06-19 05:49:17"
"2020-01-27 06:00:00","D","5.312","6.320","4.235","6.000","2021-06-19 05:49:17"
"2020-01-27 12:00:00","D","4.720","5.768","3.938","6.000","2021-06-19 05:49:17"
"2020-01-27 18:00:00","D","8.826","17.225","5.810","6.000","2021-06-19 05:49:17"
"2020-01-28 00:00:00","D","13.103","18.300","9.945","6.000","2021-06-19 05:49:17"
"2020-01-28 06:00:00","D","8.762","9.490","8.308","6.000","2021-06-19 05:49:17"
"2020-01-28 12:00:00","D","8.528","8.608","8.423","6.000","2021-06-19 05:49:17"
"2020-01-28 18:00:00","D","7.844","8.443","7.440","6.000","2021-06-19 05:49:17"
"2020-01-29 00:00:00","D","7.383","7.538","7.255","6.000","2021-06-19 05:49:17"
"2020-01-29 06:00:00","D","6.640","7.448","5.823","6.000","2021-06-19 05:49:17"
"2020-01-29 12:00:00","D","5.940","6.938","5.485","6.000","2021-06-19 05:49:17"
"2020-01-29 18:00:00","D","6.378","6.815","5.745","6.000","2021-06-19 05:49:17"
"2020-01-30 00:00:00","D","6.109","6.498","5.693","6.000","2021-06-19 05:49:17"
"2020-01-30 06:00:00","D","5.398","6.300","4.403","6.000","2021-06-19 05:49:17"
"2020-01-30 12:00:00","D","4.840","6.178","4.078","6.000","2021-06-19 05:49:17"
"2020-01-30 18:00:00","D","5.755","5.935","5.620","6.000","2021-06-19 05:49:17"
"2020-01-31 00:00:00","D","5.531","5.873","5.160","6.000","2021-06-19 05:49:17"
"2020-01-31 06:00:00","D","4.923","5.923","4.113","6.000","2021-06-19 05:49:17"
"2020-01-31 12:00:00","D","4.541","5.533","3.773","6.000","2021-06-19 05:49:17"
"2020-01-31 18:00:00","D","5.444","5.728","5.140","6.000","2021-06-19 05:49:17"
"2020-02-01 00:00:00","D","5.685","6.010","5.393","6.000","2021-06-19 05:49:17"
"2020-02-01 06:00:00","D","4.992","5.618","4.198","6.000","2021-06-19 05:49:17"
"2020-02-01 12:00:00","D","4.235","5.008","3.700","6.000","2021-06-19 05:49:17"
"2020-02-01 18:00:00","D","6.082","6.323","5.735","6.000","2021-06-19 05:49:17"
"2020-02-02 00:00:00","D","5.446","5.703","5.173","6.000","2021-06-19 05:49:17"
"2020-02-02 06:00:00","D","5.089","5.615","4.578","6.000","2021-06-19 05:49:17"
"2020-02-02 12:00:00","D","10.040","12.025","8.220","6.000","2021-06-19 05:49:17"
"2020-02-02 18:00:00","D","7.844","8.190","7.473","6.000","2021-06-19 05:49:17"
"2020-02-03 00:00:00","D","6.897","6.990","6.810","6.000","2021-06-19 05:49:17"
"2020-02-03 06:00:00","D","6.045","6.748","5.448","6.000","2021-06-19 05:49:17"
"2020-02-03 12:00:00","D","5.291","6.160","4.580","6.000","2021-06-19 05:49:17"
"2020-02-03 18:00:00","D","5.946","6.523","5.593","6.000","2021-06-19 05:49:17"
"2020-02-04 00:00:00","D","5.790","6.160","5.453","6.000","2021-06-19 05:49:17"
"2020-02-04 06:00:00","D","5.037","5.885","4.003","6.000","2021-06-19 05:49:17"
"2020-02-04 12:00:00","D","4.720","6.015","4.030","6.000","2021-06-19 05:49:17"
"2020-02-04 18:00:00","D","5.535","5.968","5.155","6.000","2021-06-19 05:49:17"
"2020-02-05 00:00:00","D","5.579","6.063","5.095","6.000","2021-06-19 05:49:17"
"2020-02-05 06:00:00","D","5.039","5.900","4.168","6.000","2021-06-19 05:49:17"
"2020-02-05 12:00:00","D","4.607","5.718","3.933","6.000","2021-06-19 05:49:17"
"2020-02-05 18:00:00","D","5.373","5.930","5.008","6.000","2021-06-19 05:49:17"
"2020-02-06 00:00:00","D","5.339","5.775","4.925","6.000","2021-06-19 05:49:17"
"2020-02-06 06:00:00","D","4.435","5.455","3.533","6.000","2021-06-19 05:49:17"
"2020-02-06 12:00:00","D","3.871","5.140","3.143","6.000","2021-06-19 05:49:17"
"2020-02-06 18:00:00","D","4.820","5.083","4.505","6.000","2021-06-19 05:49:17"
"2020-02-07 00:00:00","D","4.908","5.543","4.270","6.000","2021-06-19 05:49:17"
"2020-02-07 06:00:00","D","4.632","5.380","3.920","6.000","2021-06-19 05:49:17"
"2020-02-07 12:00:00","D","4.226","5.428","3.473","6.000","2021-06-19 05:49:17"
"2020-02-07 18:00:00","D","5.110","5.638","4.478","6.000","2021-06-19 05:49:17"
"2020-02-08 00:00:00","D","4.922","5.295","4.673","6.000","2021-06-19 05:49:17"
"2020-02-08 06:00:00","D","4.431","4.968","3.985","6.000","2021-06-19 05:49:17"
"2020-02-08 12:00:00","D","4.258","4.690","3.985","6.000","2021-06-19 05:49:17"
"2020-02-08 18:00:00","D","5.632","5.830","5.395","6.000","2021-06-19 05:49:17"
"2020-02-09 00:00:00","D","5.169","5.370","5.075","6.000","2021-06-19 05:49:17"
"2020-02-09 06:00:00","D","4.304","4.850","3.768","6.000","2021-06-19 05:49:17"
"2020-02-09 12:00:00","D","3.657","4.188","3.413","6.000","2021-06-19 05:49:17"
"2020-02-09 18:00:00","D","11.645","18.450","4.963","6.000","2021-06-19 05:49:17"
"2020-02-10 00:00:00","D","14.329","19.750","10.825","6.000","2021-06-19 05:49:17"
"2020-02-10 06:00:00","D","8.625","9.715","7.725","6.000","2021-06-19 05:49:17"
"2020-02-10 12:00:00","D","7.947","8.673","7.208","6.000","2021-06-19 05:49:17"
"2020-02-10 18:00:00","D","8.498","10.425","7.478","6.000","2021-06-19 05:49:17"
"2020-02-11 00:00:00","D","14.168","16.925","10.683","6.000","2021-06-19 05:49:17"
"2020-02-11 06:00:00","D","10.570","12.950","8.898","6.000","2021-06-19 05:49:17"
"2020-02-11 12:00:00","D","8.538","9.078","8.233","6.000","2021-06-19 05:49:17"
"2020-02-11 18:00:00","D","7.935","8.425","7.498","6.000","2021-06-19 05:49:17"
"2020-02-12 00:00:00","D","7.286","7.488","6.993","6.000","2021-06-19 05:49:17"
"2020-02-12 06:00:00","D","6.272","7.243","5.520","6.000","2021-06-19 05:49:17"
"2020-02-12 12:00:00","D","5.899","7.038","5.295","6.000","2021-06-19 05:49:17"
"2020-02-12 18:00:00","D","6.381","6.688","6.030","6.000","2021-06-19 05:49:17"
"2020-02-13 00:00:00","D","6.588","7.128","5.980","6.000","2021-06-19 05:49:17"
"2020-02-13 06:00:00","D","6.957","8.475","6.260","6.000","2021-06-19 05:49:17"
"2020-02-13 12:00:00","D","15.813","18.825","13.575","6.000","2021-06-19 05:49:17"
"2020-02-13 18:00:00","D","11.396","12.975","10.400","6.000","2021-06-19 05:49:17"
"2020-02-14 00:00:00","D","9.423","9.738","9.038","6.000","2021-06-19 05:49:17"
"2020-02-14 06:00:00","D","8.526","9.050","7.625","6.000","2021-06-19 05:49:17"
"2020-02-14 12:00:00","D","7.127","8.153","6.480","6.000","2021-06-19 05:49:17"
"2020-02-14 18:00:00","D","8.010","8.515","7.605","6.000","2021-06-19 05:49:17"
"2020-02-15 00:00:00","D","7.463","7.550","7.388","6.000","2021-06-19 05:49:17"
"2020-02-15 06:00:00","D","7.051","7.345","6.785","6.000","2021-06-19 05:49:17"
"2020-02-15 12:00:00","D","6.979","7.433","6.583","6.000","2021-06-19 05:49:17"
"2020-02-15 18:00:00","D","8.356","9.923","7.603","6.000","2021-06-19 05:49:17"
"2020-02-16 00:00:00","D","10.876","12.050","9.885","6.000","2021-06-19 05:49:17"
"2020-02-16 06:00:00","D","8.799","9.418","8.273","6.000","2021-06-19 05:49:17"
"2020-02-16 12:00:00","D","17.044","22.075","10.090","6.000","2021-06-19 05:49:17"
"2020-02-16 18:00:00","D","30.413","35.500","21.350","6.000","2021-06-19 05:49:17"
"2020-02-17 00:00:00","D","25.704","30.725","21.875","6.000","2021-06-19 05:49:17"
"2020-02-17 06:00:00","D","18.254","20.750","16.400","6.000","2021-06-19 05:49:17"
"2020-02-17 12:00:00","D","15.750","16.475","15.125","6.000","2021-06-19 05:49:17"
"2020-02-17 18:00:00","D","14.475","15.625","13.700","6.000","2021-06-19 05:49:17"
"2020-02-18 00:00:00","D","12.433","13.200","11.875","6.000","2021-06-19 05:49:17"
"2020-02-18 06:00:00","D","11.001","12.025","10.105","6.000","2021-06-19 05:49:17"
"2020-02-18 12:00:00","D","8.368","9.223","6.800","6.000","2021-06-19 05:49:17"
"2020-02-18 18:00:00","D","9.290","10.063","8.098","6.000","2021-06-19 05:49:17"
"2020-02-19 00:00:00","D","9.675","12.075","8.490","6.000","2021-06-19 05:49:17"
"2020-02-19 06:00:00","D","9.303","11.675","7.433","6.000","2021-06-19 05:49:17"
"2020-02-19 12:00:00","D","7.065","7.855","6.590","6.000","2021-06-19 05:49:17"
"2020-02-19 18:00:00","D","7.762","7.895","7.598","6.000","2021-06-19 05:49:17"
"2020-02-20 00:00:00","D","7.309","7.768","6.635","6.000","2021-06-19 05:49:18"
"2020-02-20 06:00:00","D","6.970","7.420","6.363","6.000","2021-06-19 05:49:18"
"2020-02-20 12:00:00","D","6.313","7.025","5.670","6.000","2021-06-19 05:49:18"
"2020-02-20 18:00:00","D","10.402","13.725","7.505","6.000","2021-06-19 05:49:18"
"2020-02-21 00:00:00","D","9.830","11.025","9.180","6.000","2021-06-19 05:49:17"
"2020-02-21 06:00:00","D","7.882","8.975","6.528","6.000","2021-06-19 05:49:18"
"2020-02-21 12:00:00","D","6.474","7.425","5.923","6.000","2021-06-19 05:49:17"
"2020-02-21 18:00:00","D","7.417","7.783","6.940","6.000","2021-06-19 05:49:18"
"2020-02-22 00:00:00","D","6.838","7.090","6.655","6.000","2021-06-19 05:49:18"
"2020-02-22 06:00:00","D","5.930","6.755","5.113","6.000","2021-06-19 05:49:18"
"2020-02-22 12:00:00","D","5.210","6.188","4.828","6.000","2021-06-19 05:49:18"
"2020-02-22 18:00:00","D","7.016","7.505","6.475","6.000","2021-06-19 05:49:18"
"2020-02-23 00:00:00","D","6.402","6.465","6.195","6.000","2021-06-19 05:49:18"
"2020-02-23 06:00:00","D","5.534","6.050","4.900","6.000","2021-06-19 05:49:18"
"2020-02-23 12:00:00","D","5.381","6.513","4.870","6.000","2021-06-19 05:49:18"
"2020-02-23 18:00:00","D","7.379","8.078","6.838","6.000","2021-06-19 05:49:18"
"2020-02-24 00:00:00","D","6.413","6.728","6.218","6.000","2021-06-19 05:49:18"
"2020-02-24 06:00:00","D","5.608","6.340","5.123","6.000","2021-06-19 05:49:18"
"2020-02-24 12:00:00","D","7.381","8.295","5.675","6.000","2021-06-19 05:49:18"
"2020-02-24 18:00:00","D","10.021","12.325","6.960","6.000","2021-06-19 05:49:17"
"2020-02-25 00:00:00","D","8.681","9.240","8.448","6.000","2021-06-19 05:49:18"
"2020-02-25 06:00:00","D","7.268","8.185","6.570","6.000","2021-06-19 05:49:17"
"2020-02-25 12:00:00","D","6.444","7.918","4.950","6.000","2021-06-19 05:49:18"
"2020-02-25 18:00:00","D","7.453","9.013","6.583","6.000","2021-06-19 05:49:17"
"2020-02-26 00:00:00","D","6.809","7.133","6.525","6.000","2021-06-19 05:49:18"
"2020-02-26 06:00:00","D","7.148","8.230","5.513","6.000","2021-06-19 05:49:18"
"2020-02-26 12:00:00","D","5.899","6.973","5.258","6.000","2021-06-19 05:49:18"
"2020-02-26 18:00:00","D","6.116","6.515","5.715","6.000","2021-06-19 05:49:18"
"2020-02-27 00:00:00","D","5.892","6.280","5.538","6.000","2021-06-19 05:49:18"
"2020-02-27 06:00:00","D","5.620","6.430","5.180","6.000","2021-06-19 05:49:18"
"2020-02-27 12:00:00","D","10.354","13.420","6.143","6.000","2021-06-19 05:49:18"
"2020-02-27 18:00:00","D","11.349","14.000","8.883","6.000","2021-06-19 05:49:18"
"2020-02-28 00:00:00","D","9.107","9.253","8.735","6.000","2021-06-19 05:49:18"
"2020-02-28 06:00:00","D","8.577","9.458","7.115","6.000","2021-06-19 05:49:18"
"2020-02-28 12:00:00","D","7.418","8.983","6.508","6.000","2021-06-19 05:49:18"
"2020-02-28 18:00:00","D","15.092","16.475","10.700","6.000","2021-06-19 05:49:18"
"2020-02-29 00:00:00","D","14.438","15.525","13.600","6.000","2021-06-19 05:49:17"
"2020-02-29 06:00:00","D","12.571","12.925","12.000","6.000","2021-06-19 05:49:18"
"2020-02-29 12:00:00","D","16.508","22.100","12.625","6.000","2021-06-19 05:49:17"
"2020-02-29 18:00:00","D","19.733","20.675","19.400","6.000","2021-06-19 05:49:18"
"2020-03-01 00:00:00","D","17.796","19.050","16.075","6.000","2021-06-19 05:49:18"
"2020-03-01 06:00:00","D","15.688","16.725","14.250","6.000","2021-06-19 05:49:18"
"2020-03-01 12:00:00","D","12.092","13.775","10.975","6.000","2021-06-19 05:49:18"
"2020-03-01 18:00:00","D","11.979","12.625","11.075","6.000","2021-06-19 05:49:18"
"2020-03-02 00:00:00","D","10.362","10.625","10.145","6.000","2021-06-19 05:49:18"
"2020-03-02 06:00:00","D","11.769","13.750","10.200","6.000","2021-06-19 05:49:18"
"2020-03-02 12:00:00","D","10.336","12.625","9.260","6.000","2021-06-19 05:49:18"
"2020-03-02 18:00:00","D","9.349","9.778","8.700","6.000","2021-06-19 05:49:18"
"2020-03-03 00:00:00","D","8.686","8.778","8.620","6.000","2021-06-19 05:49:18"
"2020-03-03 06:00:00","D","7.314","8.540","5.913","6.000","2021-06-19 05:49:18"
"2020-03-03 12:00:00","D","6.581","7.295","5.813","6.000","2021-06-19 05:49:18"
"2020-03-03 18:00:00","D","7.116","7.325","6.820","6.000","2021-06-19 05:49:17"
"2020-03-04 00:00:00","D","6.937","7.168","6.648","6.000","2021-06-19 05:49:18"
"2020-03-04 06:00:00","D","6.429","7.028","5.593","6.000","2021-06-19 05:49:17"
"2020-03-04 12:00:00","D","5.986","7.000","5.188","6.000","2021-06-19 05:49:18"
"2020-03-04 18:00:00","D","6.586","6.740","6.333","6.000","2021-06-19 05:49:17"
"2020-03-05 00:00:00","D","8.733","9.393","7.573","6.000","2021-06-19 05:49:18"
"2020-03-05 06:00:00","D","7.068","8.055","5.990","6.000","2021-06-19 05:49:18"
"2020-03-05 12:00:00","D","6.583","7.960","5.850","6.000","2021-06-19 05:49:18"
"2020-03-05 18:00:00","D","13.808","20.250","7.833","6.000","2021-06-19 05:49:18"
"2020-03-06 00:00:00","D","22.329","24.375","20.525","6.000","2021-06-19 05:49:18"
"2020-03-06 06:00:00","D","15.675","19.200","13.400","6.000","2021-06-19 05:49:18"
"2020-03-06 12:00:00","D","12.529","12.950","12.200","6.000","2021-06-19 05:49:18"
"2020-03-06 18:00:00","D","10.975","12.050","10.235","6.000","2021-06-19 05:49:18"
"2020-03-07 00:00:00","D","9.508","9.795","8.735","6.000","2021-06-19 05:49:18"
"2020-03-07 06:00:00","D","9.372","9.755","8.788","6.000","2021-06-19 05:49:18"
"2020-03-07 12:00:00","D","7.890","8.698","7.230","6.000","2021-06-19 05:49:18"
"2020-03-07 18:00:00","D","8.648","9.073","8.098","6.000","2021-06-19 05:49:18"
"2020-03-08 00:00:00","D","7.641","7.990","7.343","6.000","2021-06-19 05:49:17"
"2020-03-08 06:00:00","D","6.695","7.453","5.730","6.000","2021-06-19 05:49:18"
"2020-03-08 12:00:00","D","6.048","7.108","5.633","6.000","2021-06-19 05:49:17"
"2020-03-08 18:00:00","D","9.279","10.600","7.703","6.000","2021-06-19 05:49:18"
"2020-03-09 00:00:00","D","8.158","9.213","7.615","6.000","2021-06-19 05:49:18"
"2020-03-09 06:00:00","D","6.686","7.340","5.865","6.000","2021-06-19 05:49:18"
"2020-03-09 12:00:00","D","6.172","6.948","5.695","6.000","2021-06-19 05:49:18"
"2020-03-09 18:00:00","D","6.926","7.128","6.763","6.000","2021-06-19 05:49:18"
"2020-03-10 00:00:00","D","9.003","11.400","6.915","6.000","2021-06-19 05:49:18"
"2020-03-10 06:00:00","D","12.167","13.125","10.850","6.000","2021-06-19 05:49:18"
"2020-03-10 12:00:00","D","10.205","10.675","9.765","6.000","2021-06-19 05:49:18"
"2020-03-10 18:00:00","D","9.603","10.675","8.848","6.000","2021-06-19 05:49:18"
"2020-03-11 00:00:00","D","8.656","8.965","8.368","6.000","2021-06-19 05:49:18"
"2020-03-11 06:00:00","D","7.456","8.225","6.528","6.000","2021-06-19 05:49:18"
"2020-03-11 12:00:00","D","6.805","8.045","6.050","6.000","2021-06-19 05:49:18"
"2020-03-11 18:00:00","D","7.474","7.750","7.223","6.000","2021-06-19 05:49:18"
"2020-03-12 00:00:00","D","7.180","7.583","6.968","6.000","2021-06-19 05:49:18"
"2020-03-12 06:00:00","D","6.705","7.603","6.010","6.000","2021-06-19 05:49:17"
"2020-03-12 12:00:00","D","6.136","7.020","5.495","6.000","2021-06-19 05:49:18"
"2020-03-12 18:00:00","D","6.919","7.190","6.550","6.000","2021-06-19 05:49:17"
"2020-03-13 00:00:00","D","6.754","7.193","6.335","6.000","2021-06-19 05:49:18"
"2020-03-13 06:00:00","D","6.137","6.858","5.358","6.000","2021-06-19 05:49:18"
"2020-03-13 12:00:00","D","5.665","6.855","4.980","6.000","2021-06-19 05:49:18"
"2020-03-13 18:00:00","D","6.504","6.948","6.090","6.000","2021-06-19 05:49:18"
"2020-03-14 00:00:00","D","6.315","6.595","5.855","6.000","2021-06-19 05:49:18"
"2020-03-14 06:00:00","D","5.545","6.115","4.935","6.000","2021-06-19 05:49:18"
"2020-03-14 12:00:00","D","7.062","8.265","5.280","6.000","2021-06-19 05:49:18"
"2020-03-14 18:00:00","D","7.364","8.000","6.475","6.000","2021-06-19 05:49:18"
"2020-03-15 00:00:00","D","6.277","6.520","6.130","6.000","2021-06-19 05:49:18"
"2020-03-15 06:00:00","D","5.338","6.068","4.710","6.000","2021-06-19 05:49:18"
"2020-03-15 12:00:00","D","4.561","5.323","4.038","6.000","2021-06-19 05:49:18"
"2020-03-15 18:00:00","D","6.428","6.740","5.753","6.000","2021-06-19 05:49:18"
"2020-03-16 00:00:00","D","6.841","7.350","6.153","6.000","2021-06-19 05:49:17"
"2020-03-16 06:00:00","D","5.430","6.573","4.380","6.000","2021-06-19 05:49:18"
"2020-03-16 12:00:00","D","4.961","6.343","4.110","6.000","2021-06-19 05:49:17"
"2020-03-16 18:00:00","D","6.032","6.540","5.610","6.000","2021-06-19 05:49:18"
"2020-03-17 00:00:00","D","5.694","5.893","5.403","6.000","2021-06-19 05:49:18"
"2020-03-17 06:00:00","D","4.935","5.858","4.008","6.000","2021-06-19 05:49:18"
"2020-03-17 12:00:00","D","4.373","5.788","3.383","6.000","2021-06-19 05:49:18"
"2020-03-17 18:00:00","D","5.595","5.800","5.480","6.000","2021-06-19 05:49:18"
"2020-03-18 00:00:00","D","5.720","5.768","5.620","6.000","2021-06-19 05:49:18"
"2020-03-18 06:00:00","D","4.959","5.653","4.003","6.000","2021-06-19 05:49:18"
"2020-03-18 12:00:00","D","4.552","5.853","3.625","6.000","2021-06-19 05:49:18"
"2020-03-18 18:00:00","D","5.745","6.105","5.505","6.000","2021-06-19 05:49:18"
"2020-03-19 00:00:00","D","5.346","5.878","5.075","6.000","2021-06-19 05:49:18"
"2020-03-19 06:00:00","D","4.775","5.528","4.188","6.000","2021-06-19 05:49:18"
"2020-03-19 12:00:00","D","4.483","5.865","3.730","6.000","2021-06-19 05:49:18"
"2020-03-19 18:00:00","D","5.656","6.043","5.445","6.000","2021-06-19 05:49:18"
"2020-03-20 00:00:00","D","5.735","6.183","5.198","6.000","2021-06-19 05:49:18"
"2020-03-20 06:00:00","D","5.204","6.080","4.525","6.000","2021-06-19 05:49:18"
"2020-03-20 12:00:00","D","4.613","4.960","4.285","6.000","2021-06-19 05:49:18"
"2020-03-20 18:00:00","D","5.753","6.160","4.878","6.000","2021-06-19 05:49:18"
"2020-03-21 00:00:00","D","5.585","5.700","5.473","6.000","2021-06-19 05:49:18"
"2020-03-21 06:00:00","D","4.900","5.653","4.275","6.000","2021-06-19 05:49:18"
"2020-03-21 12:00:00","D","4.276","5.148","3.788","6.000","2021-06-19 05:49:18"
"2020-03-21 18:00:00","D","6.247","6.503","5.763","6.000","2021-06-19 05:49:18"
"2020-03-22 00:00:00","D","5.666","5.778","5.523","6.000","2021-06-19 05:49:18"
"2020-03-22 06:00:00","D","4.633","5.493","3.963","6.000","2021-06-19 05:49:18"
"2020-03-22 12:00:00","D","3.955","4.773","3.308","6.000","2021-06-19 05:49:18"
"2020-03-22 18:00:00","D","5.836","6.150","5.300","6.000","2021-06-19 05:49:18"
"2020-03-23 00:00:00","D","5.276","5.500","5.038","6.000","2021-06-19 05:49:18"
"2020-03-23 06:00:00","D","4.227","5.303","3.388","6.000","2021-06-19 05:49:18"
"2020-03-23 12:00:00","D","3.897","5.030","3.340","6.000","2021-06-19 05:49:18"
"2020-03-23 18:00:00","D","5.504","5.788","5.173","6.000","2021-06-19 05:49:18"
"2020-03-24 00:00:00","D","5.051","5.425","4.800","6.000","2021-06-19 05:49:18"
"2020-03-24 06:00:00","D","4.180","4.883","3.483","6.000","2021-06-19 05:49:18"
"2020-03-24 12:00:00","D","3.645","4.648","3.238","6.000","2021-06-19 05:49:18"
"2020-03-24 18:00:00","D","5.743","5.995","5.330","6.000","2021-06-19 05:49:18"
"2020-03-25 00:00:00","D","5.425","5.658","5.253","6.000","2021-06-19 05:49:18"
"2020-03-25 06:00:00","D","4.279","5.060","3.440","6.000","2021-06-19 05:49:18"
"2020-03-25 12:00:00","D","3.739","4.743","3.145","6.000","2021-06-19 05:49:18"
"2020-03-25 18:00:00","D","5.562","5.865","5.230","6.000","2021-06-19 05:49:18"
"2020-03-26 00:00:00","D","5.235","5.443","5.000","6.000","2021-06-19 05:49:18"
"2020-03-26 06:00:00","D","4.347","5.285","3.373","6.000","2021-06-19 05:49:18"
"2020-03-26 12:00:00","D","3.785","4.988","3.075","6.000","2021-06-19 05:49:18"
"2020-03-26 18:00:00","D","5.210","5.500","4.948","6.000","2021-06-19 05:49:18"
"2020-03-27 00:00:00","D","5.034","5.245","4.688","6.000","2021-06-19 05:49:18"
"2020-03-27 06:00:00","D","3.991","4.605","3.130","6.000","2021-06-19 05:49:18"
"2020-03-27 12:00:00","D","3.504","4.708","3.020","6.000","2021-06-19 05:49:18"
"2020-03-27 18:00:00","D","5.377","5.523","5.070","6.000","2021-06-19 05:49:18"
"2020-03-28 00:00:00","D","4.918","5.213","4.413","6.000","2021-06-19 05:49:18"
"2020-03-28 06:00:00","D","4.211","4.803","3.545","6.000","2021-06-19 05:49:18"
"2020-03-28 12:00:00","D","3.401","4.145","2.970","6.000","2021-06-19 05:49:18"
"2020-03-28 18:00:00","D","5.567","5.913","4.915","6.000","2021-06-19 05:49:18"
"2020-03-29 00:00:00","D","5.232","5.460","5.168","6.000","2021-06-19 05:49:18"
"2020-03-29 06:00:00","D","4.158","4.985","3.465","6.000","2021-06-19 05:49:18"
"2020-03-29 12:00:00","D","3.549","4.533","3.265","6.000","2021-06-19 05:49:18"
"2020-03-29 18:00:00","D","5.180","5.460","4.678","6.000","2021-06-19 05:49:18"
"2020-03-30 00:00:00","D","5.162","5.258","4.990","6.000","2021-06-19 05:49:18"
"2020-03-30 06:00:00","D","3.995","4.910","3.238","6.000","2021-06-19 05:49:18"
"2020-03-30 12:00:00","D","3.616","4.788","2.903","6.000","2021-06-19 05:49:18"
"2020-03-30 18:00:00","D","5.342","5.570","4.910","6.000","2021-06-19 05:49:18"
"2020-03-31 00:00:00","D","5.214","5.465","5.060","6.000","2021-06-19 05:49:18"
"2020-03-31 06:00:00","D","4.091","4.680","3.470","6.000","2021-06-19 05:49:18"
"2020-03-31 12:00:00","D","3.849","5.015","3.018","6.000","2021-06-19 05:49:18"
"2020-03-31 18:00:00","D","5.524","5.865","5.150","6.000","2021-06-19 05:49:18"
"2020-04-01 00:00:00","D","5.134","5.268","4.943","6.000","2021-06-19 05:49:18"
"2020-04-01 06:00:00","D","4.052","4.750","3.375","6.000","2021-06-19 05:49:18"
"2020-04-01 12:00:00","D","3.836","5.303","3.070","6.000","2021-06-19 05:49:18"
"2020-04-01 18:00:00","D","5.286","5.758","5.045","6.000","2021-06-19 05:49:18"
"2020-04-02 00:00:00","D","5.188","5.493","4.923","6.000","2021-06-19 05:49:18"
"2020-04-02 06:00:00","D","4.146","4.788","3.490","6.000","2021-06-19 05:49:18"
"2020-04-02 12:00:00","D","3.779","4.598","3.193","6.000","2021-06-19 05:49:18"
"2020-04-02 18:00:00","D","5.252","5.558","5.093","6.000","2021-06-19 05:49:18"
"2020-04-03 00:00:00","D","4.903","5.118","4.688","6.000","2021-06-19 05:49:18"
"2020-04-03 06:00:00","D","3.883","4.678","3.125","6.000","2021-06-19 05:49:18"
"2020-04-03 12:00:00","D","3.619","4.960","3.018","6.000","2021-06-19 05:49:18"
"2020-04-03 18:00:00","D","5.162","5.495","4.678","6.000","2021-06-19 05:49:18"
"2020-04-04 00:00:00","D","5.031","5.303","4.765","6.000","2021-06-19 05:49:18"
"2020-04-04 06:00:00","D","3.878","4.640","3.210","6.000","2021-06-19 05:49:18"
"2020-04-04 12:00:00","D","3.571","4.378","3.120","6.000","2021-06-19 05:49:18"
"2020-04-04 18:00:00","D","5.527","5.833","5.083","6.000","2021-06-19 05:49:18"
"2020-04-05 00:00:00","D","5.186","5.403","5.000","6.000","2021-06-19 05:49:18"
"2020-04-05 06:00:00","D","4.026","4.575","3.310","6.000","2021-06-19 05:49:18"
"2020-04-05 12:00:00","D","3.560","4.250","3.033","6.000","2021-06-19 05:49:18"
"2020-04-05 18:00:00","D","5.273","5.480","4.730","6.000","2021-06-19 05:49:18"
"2020-04-06 00:00:00","D","4.950","5.218","4.718","6.000","2021-06-19 05:49:18"
"2020-04-06 06:00:00","D","3.860","4.793","3.198","6.000","2021-06-19 05:49:18"
"2020-04-06 12:00:00","D","3.354","4.410","2.843","6.000","2021-06-19 05:49:18"
"2020-04-06 18:00:00","D","4.937","5.355","4.633","6.000","2021-06-19 05:49:18"
"2020-04-07 00:00:00","D","4.626","4.783","4.363","6.000","2021-06-19 05:49:18"
"2020-04-07 06:00:00","D","3.456","4.310","2.755","6.000","2021-06-19 05:49:18"
"2020-04-07 12:00:00","D","3.147","4.513","2.500","6.000","2021-06-19 05:49:18"
"2020-04-07 18:00:00","D","5.376","5.723","5.133","6.000","2021-06-19 05:49:18"
"2020-04-08 00:00:00","D","5.053","5.378","4.810","6.000","2021-06-19 05:49:18"
"2020-04-08 06:00:00","D","3.951","4.690","3.250","6.000","2021-06-19 05:49:18"
"2020-04-08 12:00:00","D","3.684","4.733","2.905","6.000","2021-06-19 05:49:18"
"2020-04-08 18:00:00","D","5.304","5.465","5.110","6.000","2021-06-19 05:49:18"
"2020-04-09 00:00:00","D","5.105","5.230","4.910","6.000","2021-06-19 05:49:18"
"2020-04-09 06:00:00","D","4.008","4.920","3.328","6.000","2021-06-19 05:49:18"
"2020-04-09 12:00:00","D","3.794","4.995","3.203","6.000","2021-06-19 05:49:18"
"2020-04-09 18:00:00","D","5.397","5.703","5.140","6.000","2021-06-19 05:49:18"
"2020-04-10 00:00:00","D","5.112","5.265","4.945","6.000","2021-06-19 05:49:18"
"2020-04-10 06:00:00","D","3.982","4.893","3.230","6.000","2021-06-19 05:49:18"
"2020-04-10 12:00:00","D","3.677","4.868","3.133","6.000","2021-06-19 05:49:18"
"2020-04-10 18:00:00","D","5.582","6.013","5.150","6.000","2021-06-19 05:49:18"
"2020-04-11 00:00:00","D","5.032","5.440","4.828","6.000","2021-06-19 05:49:18"
"2020-04-11 06:00:00","D","3.914","4.610","3.365","6.000","2021-06-19 05:49:18"
"2020-04-11 12:00:00","D","3.564","4.793","2.820","6.000","2021-06-19 05:49:18"
"2020-04-11 18:00:00","D","5.365","5.613","5.033","6.000","2021-06-19 05:49:18"
"2020-04-12 00:00:00","D","5.109","5.268","4.960","6.000","2021-06-19 05:49:18"
"2020-04-12 06:00:00","D","4.000","4.748","3.498","6.000","2021-06-19 05:49:18"
"2020-04-12 12:00:00","D","3.610","4.568","3.210","6.000","2021-06-19 05:49:18"
"2020-04-12 18:00:00","D","5.592","5.693","5.318","6.000","2021-06-19 05:49:18"
"2020-04-13 00:00:00","D","5.200","5.400","5.025","6.000","2021-06-19 05:49:18"
"2020-04-13 06:00:00","D","4.251","5.045","3.575","6.000","2021-06-19 05:49:18"
"2020-04-13 12:00:00","D","3.702","4.393","3.430","6.000","2021-06-19 05:49:18"
"2020-04-13 18:00:00","D","5.499","5.793","5.348","6.000","2021-06-19 05:49:18"
"2020-04-14 00:00:00","D","5.091","5.215","4.995","6.000","2021-06-19 05:49:18"
"2020-04-14 06:00:00","D","3.829","4.670","3.055","6.000","2021-06-19 05:49:18"
"2020-04-14 12:00:00","D","3.556","4.745","3.060","6.000","2021-06-19 05:49:18"
"2020-04-14 18:00:00","D","5.295","5.450","5.158","6.000","2021-06-19 05:49:18"
"2020-04-15 00:00:00","D","5.184","5.315","4.928","6.000","2021-06-19 05:49:18"
"2020-04-15 06:00:00","D","4.005","4.865","3.558","6.000","2021-06-19 05:49:18"
"2020-04-15 12:00:00","D","3.831","4.870","3.233","6.000","2021-06-19 05:49:18"
"2020-04-15 18:00:00","D","5.240","5.418","4.993","6.000","2021-06-19 05:49:18"
"2020-04-16 00:00:00","D","4.870","5.105","4.450","6.000","2021-06-19 05:49:18"
"2020-04-16 06:00:00","D","3.805","4.425","2.958","6.000","2021-06-19 05:49:18"
"2020-04-16 12:00:00","D","3.525","4.543","2.978","6.000","2021-06-19 05:49:18"
"2020-04-16 18:00:00","D","5.186","5.448","4.855","6.000","2021-06-19 05:49:18"
"2020-04-17 00:00:00","D","4.700","5.000","4.455","6.000","2021-06-19 05:49:18"
"2020-04-17 06:00:00","D","3.756","4.468","3.168","6.000","2021-06-19 05:49:18"
"2020-04-17 12:00:00","D","3.575","4.438","2.820","6.000","2021-06-19 05:49:18"
"2020-04-17 18:00:00","D","5.187","5.420","5.070","6.000","2021-06-19 05:49:18"
"2020-04-18 00:00:00","D","4.872","4.988","4.705","6.000","2021-06-19 05:49:18"
"2020-04-18 06:00:00","D","3.873","4.433","3.428","6.000","2021-06-19 05:49:18"
"2020-04-18 12:00:00","D","3.600","4.575","3.268","6.000","2021-06-19 05:49:18"
"2020-04-18 18:00:00","D","5.449","5.765","4.713","6.000","2021-06-19 05:49:18"
"2020-04-19 00:00:00","D","5.327","5.638","4.868","6.000","2021-06-19 05:49:18"
"2020-04-19 06:00:00","D","4.301","5.105","3.598","6.000","2021-06-19 05:49:18"
"2020-04-19 12:00:00","D","3.821","4.663","3.205","6.000","2021-06-19 05:49:18"
"2020-04-19 18:00:00","D","5.946","6.245","5.470","6.000","2021-06-19 05:49:18"
"2020-04-20 00:00:00","D","5.551","5.868","5.418","6.000","2021-06-19 05:49:18"
"2020-04-20 06:00:00","D","4.437","5.318","3.718","6.000","2021-06-19 05:49:18"
"2020-04-20 12:00:00","D","4.177","5.315","3.615","6.000","2021-06-19 05:49:18"
"2020-04-20 18:00:00","D","5.686","5.828","5.350","6.000","2021-06-19 05:49:18"
"2020-04-21 00:00:00","D","5.344","5.573","4.963","6.000","2021-06-19 05:49:18"
"2020-04-21 06:00:00","D","4.303","5.145","3.580","6.000","2021-06-19 05:49:18"
"2020-04-21 12:00:00","D","4.033","5.203","3.243","6.000","2021-06-19 05:49:18"
"2020-04-21 18:00:00","D","5.637","5.770","5.448","6.000","2021-06-19 05:49:18"
"2020-04-22 00:00:00","D","5.308","5.415","5.245","6.000","2021-06-19 05:49:18"
"2020-04-22 06:00:00","D","3.951","5.173","3.168","6.000","2021-06-19 05:49:18"
"2020-04-22 12:00:00","D","3.901","4.798","3.458","6.000","2021-06-19 05:49:18"
"2020-04-22 18:00:00","D","5.326","5.478","5.223","6.000","2021-06-19 05:49:18"
"2020-04-23 00:00:00","D","4.907","5.293","4.578","6.000","2021-06-19 05:49:18"
"2020-04-23 06:00:00","D","3.766","4.700","2.865","6.000","2021-06-19 05:49:18"
"2020-04-23 12:00:00","D","3.418","4.663","2.893","6.000","2021-06-19 05:49:18"
"2020-04-23 18:00:00","D","5.020","5.320","4.800","6.000","2021-06-19 05:49:18"
"2020-04-24 00:00:00","D","4.863","5.020","4.663","6.000","2021-06-19 05:49:18"
"2020-04-24 06:00:00","D","3.644","4.723","2.860","6.000","2021-06-19 05:49:18"
"2020-04-24 12:00:00","D","3.580","4.335","2.885","6.000","2021-06-19 05:49:18"
"2020-04-24 18:00:00","D","5.204","5.540","4.755","6.000","2021-06-19 05:49:18"
"2020-04-25 00:00:00","D","5.367","5.688","5.140","6.000","2021-06-19 05:49:18"
"2020-04-25 06:00:00","D","4.533","5.105","4.038","6.000","2021-06-19 05:49:18"
"2020-04-25 12:00:00","D","4.040","4.883","3.508","6.000","2021-06-19 05:49:18"
"2020-04-25 18:00:00","D","5.825","6.148","5.488","6.000","2021-06-19 05:49:18"
"2020-04-26 00:00:00","D","5.415","5.538","5.303","6.000","2021-06-19 05:49:18"
"2020-04-26 06:00:00","D","4.377","5.193","3.610","6.000","2021-06-19 05:49:18"
"2020-04-26 12:00:00","D","3.791","4.468","3.343","6.000","2021-06-19 05:49:18"
"2020-04-26 18:00:00","D","5.559","6.070","5.205","6.000","2021-06-19 05:49:18"
"2020-04-27 00:00:00","D","5.192","5.443","5.040","6.000","2021-06-19 05:49:18"
"2020-04-27 06:00:00","D","4.025","4.815","3.485","6.000","2021-06-19 05:49:18"
"2020-04-27 12:00:00","D","3.571","4.658","3.073","6.000","2021-06-19 05:49:49"
"2020-04-27 18:00:00","D","5.026","5.275","4.748","6.000","2021-06-19 05:49:49"
"2020-04-28 00:00:00","D","5.022","5.430","4.808","6.000","2021-06-19 05:49:49"
"2020-04-28 06:00:00","D","3.988","4.928","3.303","6.000","2021-06-19 05:49:49"
"2020-04-28 12:00:00","D","5.615","9.985","3.545","6.000","2021-06-19 05:49:49"
"2020-04-28 18:00:00","D","10.427","12.875","7.483","6.000","2021-06-19 05:49:49"
"2020-04-29 00:00:00","D","8.304","8.798","7.485","6.000","2021-06-19 05:49:49"
"2020-04-29 06:00:00","D","7.081","7.920","6.490","6.000","2021-06-19 05:49:49"
"2020-04-29 12:00:00","D","5.523","5.795","5.213","6.000","2021-06-19 05:49:49"
"2020-04-29 18:00:00","D","5.828","6.038","5.383","6.000","2021-06-19 05:49:48"
"2020-04-30 00:00:00","D","5.736","6.025","5.500","6.000","2021-06-19 05:49:49"
"2020-04-30 06:00:00","D","5.868","6.473","5.550","6.000","2021-06-19 05:49:48"
"2020-04-30 12:00:00","D","4.721","5.283","4.120","6.000","2021-06-19 05:49:49"
"2020-04-30 18:00:00","D","9.819","14.500","5.688","6.000","2021-06-19 05:49:49"
"2020-05-01 00:00:00","D","10.126","13.450","7.908","6.000","2021-06-19 05:49:49"
"2020-05-01 06:00:00","D","5.996","7.128","5.170","6.000","2021-06-19 05:49:49"
"2020-05-01 12:00:00","D","5.304","6.998","4.583","6.000","2021-06-19 05:49:49"
"2020-05-01 18:00:00","D","11.295","14.150","7.980","6.000","2021-06-19 05:49:49"
"2020-05-02 00:00:00","D","13.531","15.725","10.438","6.000","2021-06-19 05:49:49"
"2020-05-02 06:00:00","D","7.408","9.220","6.533","6.000","2021-06-19 05:49:49"
"2020-05-02 12:00:00","D","5.561","6.013","4.938","6.000","2021-06-19 05:49:49"
"2020-05-02 18:00:00","D","6.295","6.483","6.138","6.000","2021-06-19 05:49:49"
"2020-05-03 00:00:00","D","5.580","5.750","5.333","6.000","2021-06-19 05:49:49"
"2020-05-03 06:00:00","D","4.421","5.403","3.700","6.000","2021-06-19 05:49:49"
"2020-05-03 12:00:00","D","3.690","4.333","3.370","6.000","2021-06-19 05:49:48"
"2020-05-03 18:00:00","D","5.467","5.878","5.035","6.000","2021-06-19 05:49:49"
"2020-05-04 00:00:00","D","5.298","5.465","5.015","6.000","2021-06-19 05:49:48"
"2020-05-04 06:00:00","D","4.306","5.135","3.708","6.000","2021-06-19 05:49:49"
"2020-05-04 12:00:00","D","3.813","4.705","3.395","6.000","2021-06-19 05:49:48"
"2020-05-04 18:00:00","D","5.207","5.583","4.990","6.000","2021-06-19 05:49:49"
"2020-05-05 00:00:00","D","4.936","5.093","4.740","6.000","2021-06-19 05:49:49"
"2020-05-05 06:00:00","D","3.951","4.683","3.603","6.000","2021-06-19 05:49:49"
"2020-05-05 12:00:00","D","3.930","4.945","3.323","6.000","2021-06-19 05:49:49"
"2020-05-05 18:00:00","D","5.324","5.615","5.160","6.000","2021-06-19 05:49:49"
"2020-05-06 00:00:00","D","5.189","5.448","4.933","6.000","2021-06-19 05:49:49"
"2020-05-06 06:00:00","D","4.107","4.848","3.483","6.000","2021-06-19 05:49:49"
"2020-05-06 12:00:00","D","3.788","4.870","3.190","6.000","2021-06-19 05:49:49"
"2020-05-06 18:00:00","D","5.175","5.315","4.870","6.000","2021-06-19 05:49:49"
"2020-05-07 00:00:00","D","4.765","4.883","4.658","6.000","2021-06-19 05:49:49"
"2020-05-07 06:00:00","D","3.723","4.613","3.100","6.000","2021-06-19 05:49:49"
"2020-05-07 12:00:00","D","3.475","4.585","3.033","6.000","2021-06-19 05:49:49"
"2020-05-07 18:00:00","D","4.908","5.065","4.660","6.000","2021-06-19 05:49:48"
"2020-05-08 00:00:00","D","4.747","4.868","4.558","6.000","2021-06-19 05:49:49"
"2020-05-08 06:00:00","D","3.718","4.608","2.910","6.000","2021-06-19 05:49:48"
"2020-05-08 12:00:00","D","3.255","4.308","2.968","6.000","2021-06-19 05:49:49"
"2020-05-08 18:00:00","D","4.895","5.088","4.438","6.000","2021-06-19 05:49:49"
"2020-05-09 00:00:00","D","4.609","4.753","4.508","6.000","2021-06-19 05:49:49"
"2020-05-09 06:00:00","D","3.608","4.335","2.870","6.000","2021-06-19 05:49:49"
"2020-05-09 12:00:00","D","3.025","3.945","2.688","6.000","2021-06-19 05:49:49"
"2020-05-09 18:00:00","D","5.041","5.208","4.723","6.000","2021-06-19 05:49:49"
"2020-05-10 00:00:00","D","4.792","4.955","4.660","6.000","2021-06-19 05:49:49"
"2020-05-10 06:00:00","D","3.484","4.345","2.820","6.000","2021-06-19 05:49:49"
"2020-05-10 12:00:00","D","2.948","3.710","2.575","6.000","2021-06-19 05:49:49"
"2020-05-10 18:00:00","D","5.005","5.188","4.685","6.000","2021-06-19 05:49:49"
"2020-05-11 00:00:00","D","4.625","4.720","4.453","6.000","2021-06-19 05:49:49"
"2020-05-11 06:00:00","D","3.647","4.375","3.008","6.000","2021-06-19 05:49:49"
"2020-05-11 12:00:00","D","3.326","4.420","2.860","6.000","2021-06-19 05:49:48"
"2020-05-11 18:00:00","D","4.766","5.115","4.505","6.000","2021-06-19 05:49:49"
"2020-05-12 00:00:00","D","4.587","4.913","4.240","6.000","2021-06-19 05:49:48"
"2020-05-12 06:00:00","D","3.723","4.290","3.050","6.000","2021-06-19 05:49:49"
"2020-05-12 12:00:00","D","3.253","4.210","2.790","6.000","2021-06-19 05:49:48"
"2020-05-12 18:00:00","D","4.711","4.855","4.595","6.000","2021-06-19 05:49:49"
"2020-05-13 00:00:00","D","4.813","5.073","4.523","6.000","2021-06-19 05:49:49"
"2020-05-13 06:00:00","D","3.871","4.520","3.243","6.000","2021-06-19 05:49:49"
"2020-05-13 12:00:00","D","3.279","4.238","2.895","6.000","2021-06-19 05:49:49"
"2020-05-13 18:00:00","D","4.828","4.950","4.508","6.000","2021-06-19 05:49:49"
"2020-05-14 00:00:00","D","4.830","4.998","4.608","6.000","2021-06-19 05:49:49"
"2020-05-14 06:00:00","D","4.031","4.838","3.310","6.000","2021-06-19 05:49:49"
"2020-05-14 12:00:00","D","3.411","4.325","3.000","6.000","2021-06-19 05:49:49"
"2020-05-14 18:00:00","D","4.796","4.945","4.653","6.000","2021-06-19 05:49:49"
"2020-05-15 00:00:00","D","4.605","4.770","4.420","6.000","2021-06-19 05:49:49"
"2020-05-15 06:00:00","D","3.725","4.708","2.968","6.000","2021-06-19 05:49:49"
"2020-05-15 12:00:00","D","3.042","3.950","2.658","6.000","2021-06-19 05:49:49"
"2020-05-15 18:00:00","D","4.652","4.845","4.433","6.000","2021-06-19 05:49:48"
"2020-05-16 00:00:00","D","4.407","4.650","4.180","6.000","2021-06-19 05:49:49"
"2020-05-16 06:00:00","D","3.542","4.120","2.718","6.000","2021-06-19 05:49:48"
"2020-05-16 12:00:00","D","2.862","3.578","2.610","6.000","2021-06-19 05:49:49"
"2020-05-16 18:00:00","D","4.758","5.053","4.270","6.000","2021-06-19 05:49:49"
"2020-05-17 00:00:00","D","4.527","4.685","4.313","6.000","2021-06-19 05:49:49"
"2020-05-17 06:00:00","D","3.697","4.363","3.043","6.000","2021-06-19 05:49:49"
"2020-05-17 12:00:00","D","2.812","3.300","2.593","6.000","2021-06-19 05:49:49"
"2020-05-17 18:00:00","D","4.720","5.118","4.015","6.000","2021-06-19 05:49:49"
"2020-05-18 00:00:00","D","4.461","4.570","4.288","6.000","2021-06-19 05:49:49"
"2020-05-18 06:00:00","D","3.657","4.440","2.868","6.000","2021-06-19 05:49:49"
"2020-05-18 12:00:00","D","2.978","3.930","2.673","6.000","2021-06-19 05:49:49"
"2020-05-18 18:00:00","D","4.561","4.698","4.413","6.000","2021-06-19 05:49:49"
"2020-05-19 00:00:00","D","4.476","4.700","4.255","6.000","2021-06-19 05:49:49"
"2020-05-19 06:00:00","D","3.820","4.593","2.888","6.000","2021-06-19 05:49:49"
"2020-05-19 12:00:00","D","3.125","3.990","2.790","6.000","2021-06-19 05:49:48"
"2020-05-19 18:00:00","D","4.760","5.048","4.533","6.000","2021-06-19 05:49:49"
"2020-05-20 00:00:00","D","4.765","5.083","4.368","6.000","2021-06-19 05:49:48"
"2020-05-20 06:00:00","D","4.128","4.728","3.380","6.000","2021-06-19 05:49:49"
"2020-05-20 12:00:00","D","3.532","3.830","3.338","6.000","2021-06-19 05:49:48"
"2020-05-20 18:00:00","D","4.938","5.268","4.108","6.000","2021-06-19 05:49:49"
"2020-05-21 00:00:00","D","5.024","5.188","4.800","6.000","2021-06-19 05:49:49"
"2020-05-21 06:00:00","D","4.009","4.815","3.168","6.000","2021-06-19 05:49:49"
"2020-05-21 12:00:00","D","3.168","4.008","2.730","6.000","2021-06-19 05:49:49"
"2020-05-21 18:00:00","D","5.040","5.205","4.838","6.000","2021-06-19 05:49:49"
"2020-05-22 00:00:00","D","5.192","5.388","4.930","6.000","2021-06-19 05:49:49"
"2020-05-22 06:00:00","D","4.343","5.200","3.390","6.000","2021-06-19 05:49:49"
"2020-05-22 12:00:00","D","3.237","3.963","2.940","6.000","2021-06-19 05:49:49"
"2020-05-22 18:00:00","D","4.861","5.260","4.435","6.000","2021-06-19 05:49:49"
"2020-05-23 00:00:00","D","5.245","5.513","5.133","6.000","2021-06-19 05:49:49"
"2020-05-23 06:00:00","D","4.418","5.368","3.685","6.000","2021-06-19 05:49:49"
"2020-05-23 12:00:00","D","3.452","4.210","3.205","6.000","2021-06-19 05:49:49"
"2020-05-23 18:00:00","D","5.625","6.033","4.943","6.000","2021-06-19 05:49:48"
"2020-05-24 00:00:00","D","5.379","5.533","5.240","6.000","2021-06-19 05:49:49"
"2020-05-24 06:00:00","D","4.562","5.248","3.765","6.000","2021-06-19 05:49:48"
"2020-05-24 12:00:00","D","3.548","4.218","3.253","6.000","2021-06-19 05:49:49"
"2020-05-24 18:00:00","D","5.859","6.310","5.058","6.000","2021-06-19 05:49:49"
"2020-05-25 00:00:00","D","5.329","5.650","5.078","6.000","2021-06-19 05:49:49"
"2020-05-25 06:00:00","D","4.667","5.360","3.760","6.000","2021-06-19 05:49:49"
"2020-05-25 12:00:00","D","3.663","4.263","3.305","6.000","2021-06-19 05:49:49"
"2020-05-25 18:00:00","D","5.905","6.258","5.233","6.000","2021-06-19 05:49:49"
"2020-05-26 00:00:00","D","5.566","5.720","5.385","6.000","2021-06-19 05:49:49"
"2020-05-26 06:00:00","D","4.835","5.565","3.995","6.000","2021-06-19 05:49:49"
"2020-05-26 12:00:00","D","3.872","4.963","3.438","6.000","2021-06-19 05:49:49"
"2020-05-26 18:00:00","D","6.074","6.355","5.753","6.000","2021-06-19 05:49:49"
"2020-05-27 00:00:00","D","5.802","6.188","5.448","6.000","2021-06-19 05:49:49"
"2020-05-27 06:00:00","D","5.300","6.233","4.383","6.000","2021-06-19 05:49:49"
"2020-05-27 12:00:00","D","4.157","5.470","3.768","6.000","2021-06-19 05:49:48"
"2020-05-27 18:00:00","D","6.486","6.755","6.028","6.000","2021-06-19 05:49:49"
"2020-05-28 00:00:00","D","6.335","6.540","6.178","6.000","2021-06-19 05:49:48"
"2020-05-28 06:00:00","D","5.496","6.310","4.350","6.000","2021-06-19 05:49:49"
"2020-05-28 12:00:00","D","4.140","5.165","3.730","6.000","2021-06-19 05:49:48"
"2020-05-28 18:00:00","D","5.241","5.740","4.583","6.000","2021-06-19 05:49:49"
"2020-05-29 00:00:00","D","5.243","5.480","4.743","6.000","2021-06-19 05:49:49"
"2020-05-29 06:00:00","D","4.849","5.468","4.333","6.000","2021-06-19 05:49:49"
"2020-05-29 12:00:00","D","3.871","4.185","3.480","6.000","2021-06-19 05:49:49"
"2020-05-29 18:00:00","D","5.577","6.005","5.240","6.000","2021-06-19 05:49:49"
"2020-05-30 00:00:00","D","4.938","5.378","4.720","6.000","2021-06-19 05:49:49"
"2020-05-30 06:00:00","D","4.127","4.873","3.495","6.000","2021-06-19 05:49:49"
"2020-05-30 12:00:00","D","3.227","3.905","2.908","6.000","2021-06-19 05:49:49"
"2020-05-30 18:00:00","D","5.640","6.048","4.765","6.000","2021-06-19 05:49:49"
"2020-05-31 00:00:00","D","5.001","5.285","4.678","6.000","2021-06-19 05:49:49"
"2020-05-31 06:00:00","D","4.236","4.765","3.640","6.000","2021-06-19 05:49:49"
"2020-05-31 12:00:00","D","3.205","3.710","2.923","6.000","2021-06-19 05:49:49"
"2020-05-31 18:00:00","D","5.653","6.148","4.523","6.000","2021-06-19 05:49:48"
"2020-06-01 00:00:00","D","5.309","5.608","5.068","6.000","2021-06-19 05:49:49"
"2020-06-01 06:00:00","D","4.206","5.188","3.488","6.000","2021-06-19 05:49:48"
"2020-06-01 12:00:00","D","3.325","4.248","2.895","6.000","2021-06-19 05:49:49"
"2020-06-01 18:00:00","D","5.401","5.680","4.818","6.000","2021-06-19 05:49:49"
"2020-06-02 00:00:00","D","5.072","5.343","4.740","6.000","2021-06-19 05:49:49"
"2020-06-02 06:00:00","D","4.394","5.260","3.400","6.000","2021-06-19 05:49:49"
"2020-06-02 12:00:00","D","3.275","4.113","2.943","6.000","2021-06-19 05:49:49"
"2020-06-02 18:00:00","D","4.288","4.553","3.720","6.000","2021-06-19 05:49:49"
"2020-06-03 00:00:00","D","4.535","5.158","3.568","6.000","2021-06-19 05:49:49"
"2020-06-03 06:00:00","D","4.833","5.088","4.405","6.000","2021-06-19 05:49:49"
"2020-06-03 12:00:00","D","3.779","4.033","3.415","6.000","2021-06-19 05:49:49"
"2020-06-03 18:00:00","D","4.752","4.890","4.540","6.000","2021-06-19 05:49:49"
"2020-06-04 00:00:00","D","4.664","4.913","4.525","6.000","2021-06-19 05:49:49"
"2020-06-04 06:00:00","D","4.136","4.885","3.295","6.000","2021-06-19 05:49:49"
"2020-06-04 12:00:00","D","3.050","3.585","2.848","6.000","2021-06-19 05:51:49"
"2020-06-04 18:00:00","D","4.615","4.898","4.073","6.000","2021-06-19 05:51:49"
"2020-06-05 00:00:00","D","4.626","4.878","4.358","6.000","2021-06-19 05:51:49"
"2020-06-05 06:00:00","D","4.005","4.783","3.223","6.000","2021-06-19 05:51:49"
"2020-06-05 12:00:00","D","3.087","3.645","2.908","6.000","2021-06-19 05:51:49"
"2020-06-05 18:00:00","D","5.108","5.533","4.215","6.000","2021-06-19 05:51:49"
"2020-06-06 00:00:00","D","5.175","5.250","5.090","6.000","2021-06-19 05:51:49"
"2020-06-06 06:00:00","D","4.242","5.065","3.390","6.000","2021-06-19 05:51:49"
"2020-06-06 12:00:00","D","2.979","3.358","2.723","6.000","2021-06-19 05:51:49"
"2020-06-06 18:00:00","D","5.494","9.123","3.965","6.000","2021-06-19 05:51:49"
"2020-06-07 00:00:00","D","14.178","17.875","9.915","6.000","2021-06-19 05:51:49"
"2020-06-07 06:00:00","D","6.829","8.400","6.005","6.000","2021-06-19 05:51:49"
"2020-06-07 12:00:00","D","4.644","5.665","3.900","6.000","2021-06-19 05:51:49"
"2020-06-07 18:00:00","D","5.804","6.120","5.005","6.000","2021-06-19 05:51:49"
"2020-06-08 00:00:00","D","5.641","5.780","5.540","6.000","2021-06-19 05:51:49"
"2020-06-08 06:00:00","D","4.560","5.378","3.693","6.000","2021-06-19 05:51:49"
"2020-06-08 12:00:00","D","3.581","4.250","3.310","6.000","2021-06-19 05:51:49"
"2020-06-08 18:00:00","D","4.968","5.165","4.730","6.000","2021-06-19 05:51:49"
"2020-06-09 00:00:00","D","4.872","4.973","4.780","6.000","2021-06-19 05:51:49"
"2020-06-09 06:00:00","D","4.123","4.788","3.383","6.000","2021-06-19 05:51:49"
"2020-06-09 12:00:00","D","3.198","3.888","2.865","6.000","2021-06-19 05:51:49"
"2020-06-09 18:00:00","D","4.960","5.175","4.570","6.000","2021-06-19 05:51:49"
"2020-06-10 00:00:00","D","4.838","4.898","4.735","6.000","2021-06-19 05:51:49"
"2020-06-10 06:00:00","D","4.126","4.890","3.333","6.000","2021-06-19 05:51:49"
"2020-06-10 12:00:00","D","3.005","3.718","2.680","6.000","2021-06-19 05:51:49"
"2020-06-10 18:00:00","D","4.998","5.483","4.215","6.000","2021-06-19 05:51:49"
"2020-06-11 00:00:00","D","5.670","5.743","5.568","6.000","2021-06-19 05:51:49"
"2020-06-11 06:00:00","D","4.693","5.523","3.700","6.000","2021-06-19 05:51:49"
"2020-06-11 12:00:00","D","3.532","4.270","3.175","6.000","2021-06-19 05:51:49"
"2020-06-11 18:00:00","D","5.384","5.655","4.990","6.000","2021-06-19 05:51:49"
"2020-06-12 00:00:00","D","5.103","5.325","4.883","6.000","2021-06-19 05:51:49"
"2020-06-12 06:00:00","D","4.377","5.110","3.493","6.000","2021-06-19 05:51:49"
"2020-06-12 12:00:00","D","3.259","3.855","2.965","6.000","2021-06-19 05:51:49"
"2020-06-12 18:00:00","D","5.045","5.240","4.503","6.000","2021-06-19 05:51:49"
"2020-06-13 00:00:00","D","4.803","4.860","4.768","6.000","2021-06-19 05:51:49"
"2020-06-13 06:00:00","D","4.115","4.738","3.458","6.000","2021-06-19 05:51:49"
"2020-06-13 12:00:00","D","3.090","3.400","2.733","6.000","2021-06-19 05:51:49"
"2020-06-13 18:00:00","D","5.141","5.553","4.113","6.000","2021-06-19 05:51:49"
"2020-06-14 00:00:00","D","4.757","5.105","4.605","6.000","2021-06-19 05:51:49"
"2020-06-14 06:00:00","D","3.941","4.515","3.285","6.000","2021-06-19 05:51:49"
"2020-06-14 12:00:00","D","3.009","3.238","2.788","6.000","2021-06-19 05:51:49"
"2020-06-14 18:00:00","D","5.083","5.573","4.210","6.000","2021-06-19 05:51:49"
"2020-06-15 00:00:00","D","4.903","5.218","4.790","6.000","2021-06-19 05:51:49"
"2020-06-15 06:00:00","D","4.201","4.800","3.465","6.000","2021-06-19 05:51:49"
"2020-06-15 12:00:00","D","3.206","3.660","2.920","6.000","2021-06-19 05:51:49"
"2020-06-15 18:00:00","D","4.662","4.965","4.038","6.000","2021-06-19 05:51:49"
"2020-06-16 00:00:00","D","4.493","4.598","4.355","6.000","2021-06-19 05:51:49"
"2020-06-16 06:00:00","D","3.974","4.583","3.208","6.000","2021-06-19 05:51:49"
"2020-06-16 12:00:00","D","3.138","3.590","2.968","6.000","2021-06-19 05:51:49"
"2020-06-16 18:00:00","D","4.431","4.618","3.990","6.000","2021-06-19 05:51:49"
"2020-06-17 00:00:00","D","4.529","4.703","4.358","6.000","2021-06-19 05:51:49"
"2020-06-17 06:00:00","D","3.962","4.643","3.063","6.000","2021-06-19 05:51:49"
"2020-06-17 12:00:00","D","2.810","3.438","2.513","6.000","2021-06-19 05:51:49"
"2020-06-17 18:00:00","D","5.080","5.948","3.928","6.000","2021-06-19 05:51:49"
"2020-06-18 00:00:00","D","9.823","19.750","5.060","6.000","2021-06-19 05:51:49"
"2020-06-18 06:00:00","D","22.808","23.700","21.475","6.000","2021-06-19 05:51:49"
"2020-06-18 12:00:00","D","20.221","22.325","17.750","6.000","2021-06-19 05:51:49"
"2020-06-18 18:00:00","D","17.354","19.800","14.000","6.000","2021-06-19 05:51:49"
"2020-06-19 00:00:00","D","10.898","12.825","9.565","6.000","2021-06-19 05:51:49"
"2020-06-19 06:00:00","D","8.596","9.070","8.155","6.000","2021-06-19 05:51:49"
"2020-06-19 12:00:00","D","6.056","6.885","5.708","6.000","2021-06-19 05:51:49"
"2020-06-19 18:00:00","D","6.269","6.450","5.970","6.000","2021-06-19 05:51:49"
"2020-06-20 00:00:00","D","5.550","5.770","5.350","6.000","2021-06-19 05:51:49"
"2020-06-20 06:00:00","D","4.970","5.283","4.430","6.000","2021-06-19 05:51:49"
"2020-06-20 12:00:00","D","3.966","4.405","3.605","6.000","2021-06-19 05:51:49"
"2020-06-20 18:00:00","D","5.672","5.940","5.095","6.000","2021-06-19 05:51:49"
"2020-06-21 00:00:00","D","5.007","5.345","4.858","6.000","2021-06-19 05:51:49"
"2020-06-21 06:00:00","D","4.247","4.948","3.448","6.000","2021-06-19 05:51:49"
"2020-06-21 12:00:00","D","3.333","4.188","2.900","6.000","2021-06-19 05:51:49"
"2020-06-21 18:00:00","D","5.476","5.795","4.905","6.000","2021-06-19 05:51:49"
"2020-06-22 00:00:00","D","4.773","5.123","4.608","6.000","2021-06-19 05:51:49"
"2020-06-22 06:00:00","D","3.962","4.593","3.208","6.000","2021-06-19 05:51:49"
"2020-06-22 12:00:00","D","3.160","4.205","2.703","6.000","2021-06-19 05:51:49"
"2020-06-22 18:00:00","D","4.907","5.050","4.590","6.000","2021-06-19 05:51:49"
"2020-06-23 00:00:00","D","4.594","4.730","4.485","6.000","2021-06-19 05:51:49"
"2020-06-23 06:00:00","D","3.840","4.760","2.963","6.000","2021-06-19 05:51:49"
"2020-06-23 12:00:00","D","3.048","3.833","2.648","6.000","2021-06-19 05:51:49"
"2020-06-23 18:00:00","D","4.885","5.010","4.565","6.000","2021-06-19 05:51:49"
"2020-06-24 00:00:00","D","4.841","5.073","4.563","6.000","2021-06-19 05:51:49"
"2020-06-24 06:00:00","D","3.978","4.855","3.073","6.000","2021-06-19 05:51:49"
"2020-06-24 12:00:00","D","3.041","3.828","2.643","6.000","2021-06-19 05:51:49"
"2020-06-24 18:00:00","D","4.967","5.295","4.593","6.000","2021-06-19 05:51:49"
"2020-06-25 00:00:00","D","4.743","4.918","4.580","6.000","2021-06-19 05:51:49"
"2020-06-25 06:00:00","D","4.090","4.840","3.173","6.000","2021-06-19 05:51:49"
"2020-06-25 12:00:00","D","3.354","4.220","2.963","6.000","2021-06-19 05:51:49"
"2020-06-25 18:00:00","D","4.964","5.263","4.745","6.000","2021-06-19 05:51:49"
"2020-06-26 00:00:00","D","4.703","4.838","4.323","6.000","2021-06-19 05:51:49"
"2020-06-26 06:00:00","D","4.029","4.605","3.325","6.000","2021-06-19 05:51:49"
"2020-06-26 12:00:00","D","3.566","4.455","3.060","6.000","2021-06-19 05:51:49"
"2020-06-26 18:00:00","D","5.001","5.288","4.758","6.000","2021-06-19 05:51:49"
"2020-06-27 00:00:00","D","4.954","5.053","4.850","6.000","2021-06-19 05:51:49"
"2020-06-27 06:00:00","D","4.157","4.663","3.365","6.000","2021-06-19 05:51:49"
"2020-06-27 12:00:00","D","3.340","4.203","2.930","6.000","2021-06-19 05:51:49"
"2020-06-27 18:00:00","D","5.514","5.760","5.070","6.000","2021-06-19 05:51:49"
"2020-06-28 00:00:00","D","4.823","5.263","4.495","6.000","2021-06-19 05:51:49"
"2020-06-28 06:00:00","D","4.044","4.783","3.320","6.000","2021-06-19 05:51:49"
"2020-06-28 12:00:00","D","3.042","3.665","2.740","6.000","2021-06-19 05:51:49"
"2020-06-28 18:00:00","D","5.193","5.708","4.360","6.000","2021-06-19 05:51:49"
"2020-06-29 00:00:00","D","5.965","6.160","5.778","6.000","2021-06-19 05:51:49"
"2020-06-29 06:00:00","D","4.804","5.730","3.673","6.000","2021-06-19 05:51:49"
"2020-06-29 12:00:00","D","3.497","4.483","2.973","6.000","2021-06-19 05:51:49"
"2020-06-29 18:00:00","D","4.834","4.948","4.683","6.000","2021-06-19 05:51:49"
"2020-06-30 00:00:00","D","4.589","4.770","4.500","6.000","2021-06-19 05:51:49"
"2020-06-30 06:00:00","D","4.033","4.885","3.250","6.000","2021-06-19 05:51:49"
"2020-06-30 12:00:00","D","3.149","3.883","2.793","6.000","2021-06-19 05:51:49"
"2020-06-30 18:00:00","D","4.788","5.113","4.220","6.000","2021-06-19 05:51:49"
"2020-07-01 00:00:00","D","4.929","5.040","4.748","6.000","2021-06-19 05:51:49"
"2020-07-01 06:00:00","D","4.237","4.998","3.453","6.000","2021-06-19 05:51:49"
"2020-07-01 12:00:00","D","3.437","4.283","2.985","6.000","2021-06-19 05:51:49"
"2020-07-01 18:00:00","D","4.830","4.993","4.635","6.000","2021-06-19 05:51:49"
"2020-07-02 00:00:00","D","4.722","4.938","4.508","6.000","2021-06-19 05:51:49"
"2020-07-02 06:00:00","D","3.940","4.728","3.273","6.000","2021-06-19 05:51:49"
"2020-07-02 12:00:00","D","3.252","4.140","2.900","6.000","2021-06-19 05:51:49"
"2020-07-02 18:00:00","D","5.276","8.115","4.530","6.000","2021-06-19 05:51:49"
"2020-07-03 00:00:00","D","10.337","12.425","7.910","6.000","2021-06-19 05:51:49"
"2020-07-03 06:00:00","D","5.142","6.938","3.703","6.000","2021-06-19 05:51:49"
"2020-07-03 12:00:00","D","3.553","4.523","3.130","6.000","2021-06-19 05:51:49"
"2020-07-03 18:00:00","D","5.188","5.385","4.893","6.000","2021-06-19 05:51:49"
"2020-07-04 00:00:00","D","4.800","4.990","4.673","6.000","2021-06-19 05:51:49"
"2020-07-04 06:00:00","D","4.404","4.798","3.775","6.000","2021-06-19 05:51:49"
"2020-07-04 12:00:00","D","4.003","4.615","3.623","6.000","2021-06-19 05:51:49"
"2020-07-04 18:00:00","D","5.320","5.653","4.918","6.000","2021-06-19 05:51:49"
"2020-07-05 00:00:00","D","4.878","4.970","4.740","6.000","2021-06-19 05:51:49"
"2020-07-05 06:00:00","D","4.027","4.718","3.325","6.000","2021-06-19 05:51:49"
"2020-07-05 12:00:00","D","2.992","3.388","2.818","6.000","2021-06-19 05:51:49"
"2020-07-05 18:00:00","D","5.123","5.593","4.303","6.000","2021-06-19 05:51:49"
"2020-07-06 00:00:00","D","4.824","4.980","4.703","6.000","2021-06-19 05:51:49"
"2020-07-06 06:00:00","D","4.048","4.818","3.023","6.000","2021-06-19 05:51:49"
"2020-07-06 12:00:00","D","3.212","4.138","2.778","6.000","2021-06-19 05:51:49"
"2020-07-06 18:00:00","D","4.796","5.023","4.600","6.000","2021-06-19 05:51:49"
"2020-07-07 00:00:00","D","4.676","4.975","4.458","6.000","2021-06-19 05:51:49"
"2020-07-07 06:00:00","D","4.155","4.850","3.335","6.000","2021-06-19 05:51:49"
"2020-07-07 12:00:00","D","3.361","4.410","2.845","6.000","2021-06-19 05:51:49"
"2020-07-07 18:00:00","D","4.942","5.038","4.798","6.000","2021-06-19 05:51:49"
"2020-07-08 00:00:00","D","5.199","6.318","4.788","6.000","2021-06-19 05:51:49"
"2020-07-08 06:00:00","D","7.583","8.898","6.260","6.000","2021-06-19 05:51:49"
"2020-07-08 12:00:00","D","8.767","10.015","6.543","6.000","2021-06-19 05:51:49"
"2020-07-08 18:00:00","D","7.271","8.353","5.855","6.000","2021-06-19 05:51:49"
"2020-07-09 00:00:00","D","5.656","6.203","5.403","6.000","2021-06-19 05:51:49"
"2020-07-09 06:00:00","D","5.482","6.168","5.013","6.000","2021-06-19 05:51:49"
"2020-07-09 12:00:00","D","5.752","6.085","5.293","6.000","2021-06-19 05:51:49"
"2020-07-09 18:00:00","D","5.737","5.950","5.585","6.000","2021-06-19 05:51:49"
"2020-07-10 00:00:00","D","10.093","12.025","6.045","6.000","2021-06-19 05:51:49"
"2020-07-10 06:00:00","D","7.632","10.975","5.460","6.000","2021-06-19 05:51:49"
"2020-07-10 12:00:00","D","5.341","5.840","5.115","6.000","2021-06-19 05:51:49"
"2020-07-10 18:00:00","D","5.942","6.243","5.428","6.000","2021-06-19 05:51:49"
"2020-07-11 00:00:00","D","5.222","5.265","5.195","6.000","2021-06-19 05:51:49"
"2020-07-11 06:00:00","D","4.621","5.313","3.710","6.000","2021-06-19 05:51:49"
"2020-07-11 12:00:00","D","3.577","4.198","3.160","6.000","2021-06-19 05:51:49"
"2020-07-11 18:00:00","D","5.175","5.453","4.728","6.000","2021-06-19 05:51:49"
"2020-07-12 00:00:00","D","4.959","5.163","4.785","6.000","2021-06-19 05:51:49"
"2020-07-12 06:00:00","D","4.038","4.675","3.268","6.000","2021-06-19 05:51:49"
"2020-07-12 12:00:00","D","3.012","3.635","2.800","6.000","2021-06-19 05:51:49"
"2020-07-12 18:00:00","D","5.194","5.645","4.550","6.000","2021-06-19 05:51:49"
"2020-07-13 00:00:00","D","4.830","5.030","4.628","6.000","2021-06-19 05:51:49"
"2020-07-13 06:00:00","D","3.891","4.678","2.990","6.000","2021-06-19 05:51:49"
"2020-07-13 12:00:00","D","2.986","4.110","2.465","6.000","2021-06-19 05:51:49"
"2020-07-13 18:00:00","D","4.760","5.020","4.408","6.000","2021-06-19 05:51:49"
"2020-07-14 00:00:00","D","4.434","4.800","4.115","6.000","2021-06-19 05:51:49"
"2020-07-14 06:00:00","D","4.274","4.633","3.770","6.000","2021-06-19 05:51:49"
"2020-07-14 12:00:00","D","3.609","4.508","3.080","6.000","2021-06-19 05:51:49"
"2020-07-14 18:00:00","D","5.129","5.288","5.020","6.000","2021-06-19 05:51:49"
"2020-07-15 00:00:00","D","4.929","5.138","4.778","6.000","2021-06-19 05:51:49"
"2020-07-15 06:00:00","D","4.295","5.013","3.523","6.000","2021-06-19 05:51:49"
"2020-07-15 12:00:00","D","3.594","4.743","3.078","6.000","2021-06-19 05:51:49"
"2020-07-15 18:00:00","D","5.447","5.763","5.250","6.000","2021-06-19 05:51:49"
"2020-07-16 00:00:00","D","5.338","5.665","5.073","6.000","2021-06-19 05:51:49"
"2020-07-16 06:00:00","D","4.490","5.263","3.653","6.000","2021-06-19 05:51:49"
"2020-07-16 12:00:00","D","3.752","5.038","3.298","6.000","2021-06-19 05:51:50"
"2020-07-16 18:00:00","D","5.424","5.593","5.143","6.000","2021-06-19 05:51:49"
"2020-07-17 00:00:00","D","5.171","5.278","5.050","6.000","2021-06-19 05:51:50"
"2020-07-17 06:00:00","D","4.360","5.028","3.378","6.000","2021-06-19 05:51:49"
"2020-07-17 12:00:00","D","3.357","4.718","2.750","6.000","2021-06-19 05:51:50"
"2020-07-17 18:00:00","D","5.511","5.733","5.225","6.000","2021-06-19 05:51:49"
"2020-07-18 00:00:00","D","4.770","4.950","4.443","6.000","2021-06-19 05:51:50"
"2020-07-18 06:00:00","D","4.019","4.645","3.193","6.000","2021-06-19 05:51:50"
"2020-07-18 12:00:00","D","2.922","3.618","2.590","6.000","2021-06-19 05:51:50"
"2020-07-18 18:00:00","D","5.003","5.323","4.245","6.000","2021-06-19 05:51:50"
"2020-07-19 00:00:00","D","4.573","4.795","4.408","6.000","2021-06-19 05:51:50"
"2020-07-19 06:00:00","D","3.752","4.363","2.888","6.000","2021-06-19 05:51:50"
"2020-07-19 12:00:00","D","2.778","3.335","2.475","6.000","2021-06-19 05:51:50"
"2020-07-19 18:00:00","D","5.028","5.390","4.170","6.000","2021-06-19 05:51:50"
"2020-07-20 00:00:00","D","4.490","4.830","4.238","6.000","2021-06-19 05:51:50"
"2020-07-20 06:00:00","D","3.872","4.610","3.020","6.000","2021-06-19 05:51:50"
"2020-07-20 12:00:00","D","3.000","3.788","2.608","6.000","2021-06-19 05:51:49"
"2020-07-20 18:00:00","D","4.877","5.038","4.558","6.000","2021-06-19 05:51:50"
"2020-07-21 00:00:00","D","4.783","5.020","4.545","6.000","2021-06-19 05:51:49"
"2020-07-21 06:00:00","D","4.251","5.120","3.148","6.000","2021-06-19 05:51:50"
"2020-07-21 12:00:00","D","3.305","4.523","2.773","6.000","2021-06-19 05:51:49"
"2020-07-21 18:00:00","D","5.750","6.283","5.208","6.000","2021-06-19 05:51:50"
"2020-07-22 00:00:00","D","4.841","5.028","4.650","6.000","2021-06-19 05:51:49"
"2020-07-22 06:00:00","D","4.054","4.850","3.055","6.000","2021-06-19 05:51:50"
"2020-07-22 12:00:00","D","2.988","4.038","2.345","6.000","2021-06-19 05:51:50"
"2020-07-22 18:00:00","D","4.775","5.038","4.330","6.000","2021-06-19 05:51:50"
"2020-07-23 00:00:00","D","4.625","4.878","4.280","6.000","2021-06-19 05:51:50"
"2020-07-23 06:00:00","D","4.194","4.790","3.303","6.000","2021-06-19 05:51:50"
"2020-07-23 12:00:00","D","2.981","3.775","2.490","6.000","2021-06-19 05:51:50"
"2020-07-23 18:00:00","D","4.800","5.008","4.433","6.000","2021-06-19 05:51:50"
"2020-07-24 00:00:00","D","4.673","4.970","4.565","6.000","2021-06-19 05:51:50"
"2020-07-24 06:00:00","D","4.248","4.978","3.410","6.000","2021-06-19 05:51:50"
"2020-07-24 12:00:00","D","3.156","4.000","2.813","6.000","2021-06-19 05:51:50"
"2020-07-24 18:00:00","D","4.747","4.895","4.305","6.000","2021-06-19 05:51:49"
"2020-07-25 00:00:00","D","4.507","4.595","4.390","6.000","2021-06-19 05:51:50"
"2020-07-25 06:00:00","D","3.778","4.540","2.843","6.000","2021-06-19 05:51:49"
"2020-07-25 12:00:00","D","2.897","3.403","2.705","6.000","2021-06-19 05:51:50"
"2020-07-25 18:00:00","D","4.929","5.440","3.933","6.000","2021-06-19 05:51:49"
"2020-07-26 00:00:00","D","5.833","6.203","5.300","6.000","2021-06-19 05:51:50"
"2020-07-26 06:00:00","D","5.030","6.100","3.585","6.000","2021-06-19 05:51:50"
"2020-07-26 12:00:00","D","3.127","3.555","2.850","6.000","2021-06-19 05:51:50"
"2020-07-26 18:00:00","D","5.242","5.853","4.245","6.000","2021-06-19 05:51:50"
"2020-07-27 00:00:00","D","5.254","5.450","5.133","6.000","2021-06-19 05:51:50"
"2020-07-27 06:00:00","D","4.059","4.775","3.098","6.000","2021-06-19 05:51:50"
"2020-07-27 12:00:00","D","2.982","3.945","2.598","6.000","2021-06-19 05:51:50"
"2020-07-27 18:00:00","D","4.847","4.995","4.595","6.000","2021-06-19 05:51:50"
"2020-07-28 00:00:00","D","4.567","4.808","4.403","6.000","2021-06-19 05:51:50"
"2020-07-28 06:00:00","D","3.902","4.580","3.138","6.000","2021-06-19 05:51:50"
"2020-07-28 12:00:00","D","3.033","3.840","2.710","6.000","2021-06-19 05:51:49"
"2020-07-28 18:00:00","D","4.677","4.935","4.493","6.000","2021-06-19 05:51:50"
"2020-07-29 00:00:00","D","4.572","4.783","4.405","6.000","2021-06-19 05:51:49"
"2020-07-29 06:00:00","D","3.930","4.785","2.900","6.000","2021-06-19 05:51:50"
"2020-07-29 12:00:00","D","2.867","3.508","2.538","6.000","2021-06-19 05:51:49"
"2020-07-29 18:00:00","D","4.586","4.873","4.140","6.000","2021-06-19 05:51:50"
"2020-07-30 00:00:00","D","4.396","4.543","4.233","6.000","2021-06-19 05:51:49"
"2020-07-30 06:00:00","D","3.940","4.668","3.075","6.000","2021-06-19 05:51:50"
"2020-07-30 12:00:00","D","2.925","3.730","2.603","6.000","2021-06-19 05:51:50"
"2020-07-30 18:00:00","D","4.666","4.830","4.430","6.000","2021-06-19 05:51:50"
"2020-07-31 00:00:00","D","4.442","4.693","4.185","6.000","2021-06-19 05:51:50"
"2020-07-31 06:00:00","D","4.023","4.578","3.213","6.000","2021-06-19 05:51:50"
"2020-07-31 12:00:00","D","3.073","3.953","2.718","6.000","2021-06-19 05:51:50"
"2020-07-31 18:00:00","D","4.495","4.615","4.428","6.000","2021-06-19 05:51:50"
"2020-08-01 00:00:00","D","4.134","4.295","4.045","6.000","2021-06-19 05:51:50"
"2020-08-01 06:00:00","D","3.554","4.138","2.840","6.000","2021-06-19 05:51:50"
"2020-08-01 12:00:00","D","2.622","2.918","2.430","6.000","2021-06-19 05:51:50"
"2020-08-01 18:00:00","D","4.369","4.800","3.775","6.000","2021-06-19 05:51:49"
"2020-08-02 00:00:00","D","4.040","4.155","3.915","6.000","2021-06-19 05:51:50"
"2020-08-02 06:00:00","D","3.589","3.965","3.008","6.000","2021-06-19 05:51:49"
"2020-08-02 12:00:00","D","2.698","2.990","2.563","6.000","2021-06-19 05:51:50"
"2020-08-02 18:00:00","D","4.167","4.503","3.475","6.000","2021-06-19 05:51:49"
"2020-08-03 00:00:00","D","3.930","4.315","3.770","6.000","2021-06-19 05:51:50"
"2020-08-03 06:00:00","D","3.465","3.843","2.973","6.000","2021-06-19 05:51:50"
"2020-08-03 12:00:00","D","2.899","3.583","2.633","6.000","2021-06-19 05:51:50"
"2020-08-03 18:00:00","D","4.320","4.575","4.008","6.000","2021-06-19 05:51:50"
"2020-08-04 00:00:00","D","4.150","4.360","3.788","6.000","2021-06-19 05:51:50"
"2020-08-04 06:00:00","D","3.782","4.358","3.215","6.000","2021-06-19 05:51:50"
"2020-08-04 12:00:00","D","3.085","4.038","2.653","6.000","2021-06-19 05:51:50"
"2020-08-04 18:00:00","D","4.819","5.080","4.613","6.000","2021-06-19 05:51:50"
"2020-08-05 00:00:00","D","4.695","5.005","4.475","6.000","2021-06-19 05:51:50"
"2020-08-05 06:00:00","D","4.212","5.068","3.348","6.000","2021-06-19 05:51:50"
"2020-08-05 12:00:00","D","3.098","3.798","2.835","6.000","2021-06-19 05:51:49"
"2020-08-05 18:00:00","D","4.775","5.113","4.240","6.000","2021-06-19 05:51:50"
"2020-08-06 00:00:00","D","4.463","4.618","4.410","6.000","2021-06-19 05:51:49"
"2020-08-06 06:00:00","D","4.033","4.598","3.183","6.000","2021-06-19 05:51:50"
"2020-08-06 12:00:00","D","3.037","3.843","2.683","6.000","2021-06-19 05:51:49"
"2020-08-06 18:00:00","D","4.687","4.940","4.440","6.000","2021-06-19 05:51:50"
"2020-08-07 00:00:00","D","4.425","4.513","4.243","6.000","2021-06-19 05:51:49"
"2020-08-07 06:00:00","D","4.022","4.713","3.210","6.000","2021-06-19 05:51:50"
"2020-08-07 12:00:00","D","3.050","3.833","2.690","6.000","2021-06-19 05:51:50"
"2020-08-07 18:00:00","D","4.606","4.885","4.215","6.000","2021-06-19 05:51:50"
"2020-08-08 00:00:00","D","4.607","4.723","4.523","6.000","2021-06-19 05:51:50"
"2020-08-08 06:00:00","D","3.935","4.550","3.155","6.000","2021-06-19 05:51:50"
"2020-08-08 12:00:00","D","2.838","3.300","2.655","6.000","2021-06-19 05:51:50"
"2020-08-08 18:00:00","D","4.448","4.735","3.855","6.000","2021-06-19 05:51:50"
"2020-08-09 00:00:00","D","4.399","4.710","4.150","6.000","2021-06-19 05:51:50"
"2020-08-09 06:00:00","D","3.727","4.153","3.058","6.000","2021-06-19 05:51:50"
"2020-08-09 12:00:00","D","2.555","2.810","2.240","6.000","2021-06-19 05:51:50"
"2020-08-09 18:00:00","D","4.521","5.230","3.305","6.000","2021-06-19 05:51:49"
"2020-08-10 00:00:00","D","4.671","4.945","4.555","6.000","2021-06-19 05:51:50"
"2020-08-10 06:00:00","D","3.848","4.643","3.030","6.000","2021-06-19 05:51:49"
"2020-08-10 12:00:00","D","2.873","3.430","2.545","6.000","2021-06-19 05:51:50"
"2020-08-10 18:00:00","D","4.167","4.460","3.800","6.000","2021-06-19 05:51:49"
"2020-08-11 00:00:00","D","4.231","4.415","3.950","6.000","2021-06-19 05:51:50"
"2020-08-11 06:00:00","D","3.638","4.333","2.710","6.000","2021-06-19 05:51:50"
"2020-08-11 12:00:00","D","2.487","3.520","2.068","6.000","2021-06-19 05:51:50"
"2020-08-11 18:00:00","D","4.479","4.833","4.115","6.000","2021-06-19 05:51:50"
"2020-08-12 00:00:00","D","3.901","4.065","3.778","6.000","2021-06-19 05:51:50"
"2020-08-12 06:00:00","D","3.502","4.058","2.650","6.000","2021-06-19 05:51:50"
"2020-08-12 12:00:00","D","2.531","3.328","2.228","6.000","2021-06-19 05:51:50"
"2020-08-12 18:00:00","D","4.414","4.665","4.225","6.000","2021-06-19 05:51:50"
"2020-08-13 00:00:00","D","4.071","4.403","3.845","6.000","2021-06-19 05:51:50"
"2020-08-13 06:00:00","D","3.326","3.950","2.468","6.000","2021-06-19 05:51:50"
"2020-08-13 12:00:00","D","2.376","3.135","2.120","6.000","2021-06-19 05:51:49"
"2020-08-13 18:00:00","D","3.985","4.190","3.753","6.000","2021-06-19 05:51:50"
"2020-08-14 00:00:00","D","7.273","17.125","4.565","6.000","2021-06-19 05:51:49"
"2020-08-14 06:00:00","D","16.808","23.675","9.495","6.000","2021-06-19 05:51:50"
"2020-08-14 12:00:00","D","6.991","8.125","6.100","6.000","2021-06-19 05:51:49"
"2020-08-14 18:00:00","D","9.333","10.950","7.858","6.000","2021-06-19 05:51:50"
"2020-08-15 00:00:00","D","7.020","7.460","6.655","6.000","2021-06-19 05:51:49"
"2020-08-15 06:00:00","D","6.409","6.943","5.423","6.000","2021-06-19 05:51:50"
"2020-08-15 12:00:00","D","5.082","7.373","4.020","6.000","2021-06-19 05:51:50"
"2020-08-15 18:00:00","D","7.729","8.418","7.035","6.000","2021-06-19 05:51:50"
"2020-08-16 00:00:00","D","13.258","16.750","8.850","6.000","2021-06-19 05:51:50"
"2020-08-16 06:00:00","D","11.351","12.325","9.508","6.000","2021-06-19 05:51:50"
"2020-08-16 12:00:00","D","6.599","8.105","5.885","6.000","2021-06-19 05:51:50"
"2020-08-16 18:00:00","D","8.315","9.760","6.890","6.000","2021-06-19 05:51:50"
"2020-08-17 00:00:00","D","8.092","9.175","7.545","6.000","2021-06-19 05:51:50"
"2020-08-17 06:00:00","D","6.244","7.268","5.153","6.000","2021-06-19 05:51:50"
"2020-08-17 12:00:00","D","5.193","7.203","4.493","6.000","2021-06-19 05:51:50"
"2020-08-17 18:00:00","D","14.746","15.925","13.000","6.000","2021-06-19 05:51:49"
"2020-08-18 00:00:00","D","14.142","16.900","11.000","6.000","2021-06-19 05:51:50"
"2020-08-18 06:00:00","D","7.704","9.478","6.740","6.000","2021-06-19 05:51:49"
"2020-08-18 12:00:00","D","5.838","6.545","5.240","6.000","2021-06-19 05:51:50"
"2020-08-18 18:00:00","D","6.319","6.478","6.013","6.000","2021-06-19 05:51:49"
"2020-08-19 00:00:00","D","6.134","6.288","5.998","6.000","2021-06-19 05:51:50"
"2020-08-19 06:00:00","D","5.078","5.845","4.093","6.000","2021-06-19 05:51:50"
"2020-08-19 12:00:00","D","4.082","5.328","3.528","6.000","2021-06-19 05:51:50"
"2020-08-19 18:00:00","D","11.218","19.850","6.348","6.000","2021-06-19 05:51:50"
"2020-08-20 00:00:00","D","14.804","19.625","10.925","6.000","2021-06-19 05:51:50"
"2020-08-20 06:00:00","D","8.453","9.853","7.713","6.000","2021-06-19 05:51:50"
"2020-08-20 12:00:00","D","7.013","7.678","6.550","6.000","2021-06-19 05:51:50"
"2020-08-20 18:00:00","D","6.744","7.145","6.405","6.000","2021-06-19 05:51:50"
"2020-08-21 00:00:00","D","5.981","6.255","5.810","6.000","2021-06-19 05:51:50"
"2020-08-21 06:00:00","D","5.079","5.848","4.095","6.000","2021-06-19 05:51:50"
"2020-08-21 12:00:00","D","3.891","4.973","3.295","6.000","2021-06-19 05:51:49"
"2020-08-21 18:00:00","D","5.476","5.608","5.293","6.000","2021-06-19 05:51:50"
"2020-08-22 00:00:00","D","5.230","5.340","5.145","6.000","2021-06-19 05:51:49"
"2020-08-22 06:00:00","D","4.211","4.983","3.375","6.000","2021-06-19 05:51:50"
"2020-08-22 12:00:00","D","3.414","4.375","2.993","6.000","2021-06-19 05:51:49"
"2020-08-22 18:00:00","D","5.457","5.765","4.913","6.000","2021-06-19 05:51:50"
"2020-08-23 00:00:00","D","4.846","5.030","4.755","6.000","2021-06-19 05:51:49"
"2020-08-23 06:00:00","D","3.925","4.683","3.155","6.000","2021-06-19 05:51:50"
"2020-08-23 12:00:00","D","3.156","4.258","2.788","6.000","2021-06-19 05:51:50"
"2020-08-23 18:00:00","D","5.344","5.650","4.928","6.000","2021-06-19 05:51:50"
"2020-08-24 00:00:00","D","5.624","6.083","5.145","6.000","2021-06-19 05:51:50"
"2020-08-24 06:00:00","D","4.037","4.940","3.130","6.000","2021-06-19 05:51:50"
"2020-08-24 12:00:00","D","3.352","5.035","2.628","6.000","2021-06-19 05:51:50"
"2020-08-24 18:00:00","D","4.911","5.498","4.300","6.000","2021-06-19 05:51:50"
"2020-08-25 00:00:00","D","4.871","5.278","4.630","6.000","2021-06-19 05:51:50"
"2020-08-25 06:00:00","D","4.264","4.998","3.683","6.000","2021-06-19 05:51:50"
"2020-08-25 12:00:00","D","7.204","9.103","4.223","6.000","2021-06-19 05:51:50"
"2020-08-25 18:00:00","D","6.410","7.518","5.005","6.000","2021-06-19 05:51:49"
"2020-08-26 00:00:00","D","5.936","6.940","4.853","6.000","2021-06-19 05:51:50"
"2020-08-26 06:00:00","D","4.205","5.350","3.333","6.000","2021-06-19 05:51:49"
"2020-08-26 12:00:00","D","3.461","4.238","2.995","6.000","2021-06-19 05:51:50"
"2020-08-26 18:00:00","D","4.484","4.738","4.125","6.000","2021-06-19 05:51:49"
"2020-08-27 00:00:00","D","4.285","4.455","4.143","6.000","2021-06-19 05:52:20"
"2020-08-27 06:00:00","D","3.846","4.158","3.415","6.000","2021-06-19 05:52:20"
"2020-08-27 12:00:00","D","3.482","4.975","2.678","6.000","2021-06-19 05:52:20"
"2020-08-27 18:00:00","D","5.120","5.375","4.828","6.000","2021-06-19 05:52:20"
"2020-08-28 00:00:00","D","9.673","11.775","5.865","6.000","2021-06-19 05:52:20"
"2020-08-28 06:00:00","D","6.302","8.238","4.530","6.000","2021-06-19 05:52:20"
"2020-08-28 12:00:00","D","4.941","5.353","4.515","6.000","2021-06-19 05:52:20"
"2020-08-28 18:00:00","D","5.902","6.365","5.458","6.000","2021-06-19 05:52:20"
"2020-08-29 00:00:00","D","6.423","7.478","6.105","6.000","2021-06-19 05:52:20"
"2020-08-29 06:00:00","D","7.864","9.388","5.970","6.000","2021-06-19 05:52:20"
"2020-08-29 12:00:00","D","5.107","5.713","4.715","6.000","2021-06-19 05:52:20"
"2020-08-29 18:00:00","D","6.078","6.268","5.848","6.000","2021-06-19 05:52:20"
"2020-08-30 00:00:00","D","6.235","6.388","6.080","6.000","2021-06-19 05:52:20"
"2020-08-30 06:00:00","D","5.292","6.140","4.493","6.000","2021-06-19 05:52:20"
"2020-08-30 12:00:00","D","4.543","5.500","4.083","6.000","2021-06-19 05:52:20"
"2020-08-30 18:00:00","D","6.494","6.890","5.890","6.000","2021-06-19 05:52:20"
"2020-08-31 00:00:00","D","5.784","6.303","5.615","6.000","2021-06-19 05:52:20"
"2020-08-31 06:00:00","D","4.712","5.458","3.860","6.000","2021-06-19 05:52:20"
"2020-08-31 12:00:00","D","3.911","4.935","3.463","6.000","2021-06-19 05:52:20"
"2020-08-31 18:00:00","D","5.940","6.213","5.615","6.000","2021-06-19 05:52:20"
"2020-09-01 00:00:00","D","5.456","5.780","5.308","6.000","2021-06-19 05:52:20"
"2020-09-01 06:00:00","D","4.367","5.220","3.510","6.000","2021-06-19 05:52:20"
"2020-09-01 12:00:00","D","3.792","5.133","3.078","6.000","2021-06-19 05:52:20"
"2020-09-01 18:00:00","D","5.894","6.138","5.430","6.000","2021-06-19 05:52:20"
"2020-09-02 00:00:00","D","5.364","5.653","5.125","6.000","2021-06-19 05:52:20"
"2020-09-02 06:00:00","D","4.492","5.445","3.555","6.000","2021-06-19 05:52:20"
"2020-09-02 12:00:00","D","3.882","5.673","3.010","6.000","2021-06-19 05:52:20"
"2020-09-02 18:00:00","D","5.542","5.723","5.410","6.000","2021-06-19 05:52:20"
"2020-09-03 00:00:00","D","5.354","5.575","5.233","6.000","2021-06-19 05:52:20"
"2020-09-03 06:00:00","D","4.409","5.473","3.283","6.000","2021-06-19 05:52:20"
"2020-09-03 12:00:00","D","3.597","4.778","2.925","6.000","2021-06-19 05:52:20"
"2020-09-03 18:00:00","D","5.101","5.318","4.968","6.000","2021-06-19 05:52:20"
"2020-09-04 00:00:00","D","5.920","6.213","5.318","6.000","2021-06-19 05:52:20"
"2020-09-04 06:00:00","D","4.602","5.443","3.600","6.000","2021-06-19 05:52:20"
"2020-09-04 12:00:00","D","3.908","4.938","3.428","6.000","2021-06-19 05:52:20"
"2020-09-04 18:00:00","D","5.215","5.508","5.000","6.000","2021-06-19 05:52:20"
"2020-09-05 00:00:00","D","4.999","5.148","4.825","6.000","2021-06-19 05:52:20"
"2020-09-05 06:00:00","D","4.245","4.970","3.433","6.000","2021-06-19 05:52:20"
"2020-09-05 12:00:00","D","3.363","4.390","2.840","6.000","2021-06-19 05:52:20"
"2020-09-05 18:00:00","D","5.431","5.605","5.075","6.000","2021-06-19 05:52:20"
"2020-09-06 00:00:00","D","4.850","5.073","4.698","6.000","2021-06-19 05:52:20"
"2020-09-06 06:00:00","D","3.992","4.590","3.365","6.000","2021-06-19 05:52:20"
"2020-09-06 12:00:00","D","3.083","3.903","2.730","6.000","2021-06-19 05:52:20"
"2020-09-06 18:00:00","D","5.290","5.573","4.563","6.000","2021-06-19 05:52:20"
"2020-09-07 00:00:00","D","5.040","5.180","4.920","6.000","2021-06-19 05:52:20"
"2020-09-07 06:00:00","D","4.095","4.970","3.155","6.000","2021-06-19 05:52:20"
"2020-09-07 12:00:00","D","3.380","4.553","2.728","6.000","2021-06-19 05:52:20"
"2020-09-07 18:00:00","D","4.894","5.085","4.660","6.000","2021-06-19 05:52:20"
"2020-09-08 00:00:00","D","4.642","4.793","4.518","6.000","2021-06-19 05:52:20"
"2020-09-08 06:00:00","D","3.763","4.543","2.880","6.000","2021-06-19 05:52:20"
"2020-09-08 12:00:00","D","2.823","4.055","2.148","6.000","2021-06-19 05:52:20"
"2020-09-08 18:00:00","D","4.410","4.683","4.108","6.000","2021-06-19 05:52:20"
"2020-09-09 00:00:00","D","4.385","4.933","3.980","6.000","2021-06-19 05:52:20"
"2020-09-09 06:00:00","D","3.439","4.683","2.523","6.000","2021-06-19 05:52:20"
"2020-09-09 12:00:00","D","2.721","3.700","2.233","6.000","2021-06-19 05:52:20"
"2020-09-09 18:00:00","D","4.387","4.575","4.203","6.000","2021-06-19 05:52:20"
"2020-09-10 00:00:00","D","4.490","4.978","4.118","6.000","2021-06-19 05:52:20"
"2020-09-10 06:00:00","D","3.472","4.745","2.585","6.000","2021-06-19 05:52:20"
"2020-09-10 12:00:00","D","2.887","4.248","2.263","6.000","2021-06-19 05:52:20"
"2020-09-10 18:00:00","D","4.541","4.925","3.995","6.000","2021-06-19 05:52:20"
"2020-09-11 00:00:00","D","4.535","4.898","4.060","6.000","2021-06-19 05:52:20"
"2020-09-11 06:00:00","D","3.372","4.603","2.188","6.000","2021-06-19 05:52:20"
"2020-09-11 12:00:00","D","3.107","4.455","2.543","6.000","2021-06-19 05:52:20"
"2020-09-11 18:00:00","D","4.496","4.798","4.045","6.000","2021-06-19 05:52:20"
"2020-09-12 00:00:00","D","3.980","4.315","3.720","6.000","2021-06-19 05:52:20"
"2020-09-12 06:00:00","D","3.170","3.853","2.575","6.000","2021-06-19 05:52:20"
"2020-09-12 12:00:00","D","2.558","3.298","2.203","6.000","2021-06-19 05:52:20"
"2020-09-12 18:00:00","D","4.912","5.200","4.180","6.000","2021-06-19 05:52:20"
"2020-09-13 00:00:00","D","4.017","4.330","3.823","6.000","2021-06-19 05:52:20"
"2020-09-13 06:00:00","D","3.084","3.608","2.518","6.000","2021-06-19 05:52:20"
"2020-09-13 12:00:00","D","2.426","3.215","2.170","6.000","2021-06-19 05:52:20"
"2020-09-13 18:00:00","D","4.907","5.458","3.773","6.000","2021-06-19 05:52:20"
"2020-09-14 00:00:00","D","4.504","4.648","4.268","6.000","2021-06-19 05:52:20"
"2020-09-14 06:00:00","D","3.349","4.375","2.443","6.000","2021-06-19 05:52:20"
"2020-09-14 12:00:00","D","3.125","5.020","2.360","6.000","2021-06-19 05:52:20"
"2020-09-14 18:00:00","D","5.058","5.465","4.785","6.000","2021-06-19 05:52:20"
"2020-09-15 00:00:00","D","4.690","4.865","4.473","6.000","2021-06-19 05:52:20"
"2020-09-15 06:00:00","D","3.454","4.630","2.670","6.000","2021-06-19 05:52:20"
"2020-09-15 12:00:00","D","3.044","4.438","2.460","6.000","2021-06-19 05:52:20"
"2020-09-15 18:00:00","D","4.377","4.560","4.050","6.000","2021-06-19 05:52:20"
"2020-09-16 00:00:00","D","4.219","4.603","3.913","6.000","2021-06-19 05:52:20"
"2020-09-16 06:00:00","D","3.358","4.398","2.580","6.000","2021-06-19 05:52:20"
"2020-09-16 12:00:00","D","2.904","4.283","2.295","6.000","2021-06-19 05:52:20"
"2020-09-16 18:00:00","D","4.086","4.455","3.575","6.000","2021-06-19 05:52:20"
"2020-09-17 00:00:00","D","3.844","3.953","3.575","6.000","2021-06-19 05:52:20"
"2020-09-17 06:00:00","D","3.089","3.978","2.368","6.000","2021-06-19 05:52:20"
"2020-09-17 12:00:00","D","2.869","4.528","2.075","6.000","2021-06-19 05:52:20"
"2020-09-17 18:00:00","D","4.250","4.790","3.888","6.000","2021-06-19 05:52:20"
"2020-09-18 00:00:00","D","3.842","3.988","3.693","6.000","2021-06-19 05:52:20"
"2020-09-18 06:00:00","D","2.980","3.758","2.083","6.000","2021-06-19 05:52:20"
"2020-09-18 12:00:00","D","2.810","4.138","1.975","6.000","2021-06-19 05:52:20"
"2020-09-18 18:00:00","D","4.245","4.455","4.058","6.000","2021-06-19 05:52:20"
"2020-09-19 00:00:00","D","4.090","4.220","3.903","6.000","2021-06-19 05:52:20"
"2020-09-19 06:00:00","D","3.339","4.088","2.603","6.000","2021-06-19 05:52:20"
"2020-09-19 12:00:00","D","2.868","3.853","2.470","6.000","2021-06-19 05:52:20"
"2020-09-19 18:00:00","D","4.741","5.005","4.460","6.000","2021-06-19 05:52:20"
"2020-09-20 00:00:00","D","4.152","4.280","4.083","6.000","2021-06-19 05:52:20"
"2020-09-20 06:00:00","D","3.297","3.845","2.800","6.000","2021-06-19 05:52:20"
"2020-09-20 12:00:00","D","2.812","3.558","2.608","6.000","2021-06-19 05:52:20"
"2020-09-20 18:00:00","D","4.749","5.040","4.295","6.000","2021-06-19 05:52:20"
"2020-09-21 00:00:00","D","4.362","4.535","4.225","6.000","2021-06-19 05:52:20"
"2020-09-21 06:00:00","D","3.403","4.335","2.638","6.000","2021-06-19 05:52:20"
"2020-09-21 12:00:00","D","3.034","4.290","2.378","6.000","2021-06-19 05:52:20"
"2020-09-21 18:00:00","D","4.394","4.438","4.345","6.000","2021-06-19 05:52:20"
"2020-09-22 00:00:00","D","4.468","4.775","4.255","6.000","2021-06-19 05:52:20"
"2020-09-22 06:00:00","D","3.697","4.428","2.965","6.000","2021-06-19 05:52:20"
"2020-09-22 12:00:00","D","3.235","4.315","2.720","6.000","2021-06-19 05:52:20"
"2020-09-22 18:00:00","D","4.220","4.463","3.873","6.000","2021-06-19 05:52:20"
"2020-09-23 00:00:00","D","4.227","4.515","3.960","6.000","2021-06-19 05:52:20"
"2020-09-23 06:00:00","D","3.576","4.143","3.060","6.000","2021-06-19 05:52:20"
"2020-09-23 12:00:00","D","3.986","4.815","3.198","6.000","2021-06-19 05:52:20"
"2020-09-23 18:00:00","D","5.004","5.768","4.485","6.000","2021-06-19 05:52:20"
"2020-09-24 00:00:00","D","7.416","8.188","5.715","6.000","2021-06-19 05:52:20"
"2020-09-24 06:00:00","D","5.111","7.468","3.620","6.000","2021-06-19 05:52:20"
"2020-09-24 12:00:00","D","5.847","7.083","4.298","6.000","2021-06-19 05:52:20"
"2020-09-24 18:00:00","D","5.196","5.993","4.723","6.000","2021-06-19 05:52:20"
"2020-09-25 00:00:00","D","4.664","4.805","4.523","6.000","2021-06-19 05:52:20"
"2020-09-25 06:00:00","D","3.614","4.410","2.660","6.000","2021-06-19 05:52:20"
"2020-09-25 12:00:00","D","3.861","5.978","2.600","6.000","2021-06-19 05:52:20"
"2020-09-25 18:00:00","D","4.881","5.705","4.338","6.000","2021-06-19 05:52:20"
"2020-09-26 00:00:00","D","4.289","4.483","4.193","6.000","2021-06-19 05:52:20"
"2020-09-26 06:00:00","D","3.431","4.135","2.635","6.000","2021-06-19 05:52:20"
"2020-09-26 12:00:00","D","2.852","3.905","2.385","6.000","2021-06-19 05:52:20"
"2020-09-26 18:00:00","D","4.583","4.858","4.318","6.000","2021-06-19 05:52:20"
"2020-09-27 00:00:00","D","4.245","4.328","4.068","6.000","2021-06-19 05:52:20"
"2020-09-27 06:00:00","D","3.425","4.020","2.803","6.000","2021-06-19 05:52:20"
"2020-09-27 12:00:00","D","2.826","3.530","2.500","6.000","2021-06-19 05:52:20"
"2020-09-27 18:00:00","D","4.835","5.118","4.460","6.000","2021-06-19 05:52:20"
"2020-09-28 00:00:00","D","4.440","4.515","4.335","6.000","2021-06-19 05:52:20"
"2020-09-28 06:00:00","D","3.326","4.253","2.548","6.000","2021-06-19 05:52:20"
"2020-09-28 12:00:00","D","2.955","4.038","2.408","6.000","2021-06-19 05:52:20"
"2020-09-28 18:00:00","D","3.995","4.133","3.840","6.000","2021-06-19 05:52:20"
"2020-09-29 00:00:00","D","4.083","4.415","3.720","6.000","2021-06-19 05:52:20"
"2020-09-29 06:00:00","D","3.341","4.115","2.588","6.000","2021-06-19 05:52:20"
"2020-09-29 12:00:00","D","3.675","5.315","2.588","6.000","2021-06-19 05:52:20"
"2020-09-29 18:00:00","D","4.534","5.045","4.120","6.000","2021-06-19 05:52:20"
"2020-09-30 00:00:00","D","4.239","4.443","3.985","6.000","2021-06-19 05:52:20"
"2020-09-30 06:00:00","D","3.341","4.163","2.575","6.000","2021-06-19 05:52:20"
"2020-09-30 12:00:00","D","3.042","4.203","2.405","6.000","2021-06-19 05:52:20"
"2020-09-30 18:00:00","D","4.168","4.358","3.973","6.000","2021-06-19 05:52:20"
"2020-10-01 00:00:00","D","5.596","7.448","4.035","6.000","2021-06-19 05:52:20"
"2020-10-01 06:00:00","D","5.898","7.545","4.073","6.000","2021-06-19 05:52:20"
"2020-10-01 12:00:00","D","4.088","4.835","3.643","6.000","2021-06-19 05:52:20"
"2020-10-01 18:00:00","D","4.793","4.853","4.698","6.000","2021-06-19 05:52:20"
"2020-10-02 00:00:00","D","4.713","4.863","4.605","6.000","2021-06-19 05:52:20"
"2020-10-02 06:00:00","D","3.913","4.630","3.405","6.000","2021-06-19 05:52:20"
"2020-10-02 12:00:00","D","9.143","15.675","3.730","6.000","2021-06-19 05:52:20"
"2020-10-02 18:00:00","D","18.458","21.850","15.850","6.000","2021-06-19 05:52:20"
"2020-10-03 00:00:00","D","23.613","25.400","21.400","6.000","2021-06-19 05:52:20"
"2020-10-03 06:00:00","D","30.750","36.350","23.075","6.000","2021-06-19 05:52:20"
"2020-10-03 12:00:00","D","38.663","41.650","34.325","6.000","2021-06-19 05:52:20"
"2020-10-03 18:00:00","D","26.692","34.675","19.725","6.000","2021-06-19 05:52:20"
"2020-10-04 00:00:00","D","15.850","17.900","14.650","6.000","2021-06-19 05:52:20"
"2020-10-04 06:00:00","D","22.117","25.900","18.325","6.000","2021-06-19 05:52:20"
"2020-10-04 12:00:00","D","29.350","30.675","26.800","6.000","2021-06-19 05:52:20"
"2020-10-04 18:00:00","D","25.904","29.750","22.350","6.000","2021-06-19 05:52:20"
"2020-10-05 00:00:00","D","20.583","22.250","17.900","6.000","2021-06-19 05:52:20"
"2020-10-05 06:00:00","D","14.238","16.825","12.225","6.000","2021-06-19 05:52:20"
"2020-10-05 12:00:00","D","11.658","12.075","11.175","6.000","2021-06-19 05:52:20"
"2020-10-05 18:00:00","D","10.963","11.975","10.175","6.000","2021-06-19 05:52:20"
"2020-10-06 00:00:00","D","9.928","10.200","9.518","6.000","2021-06-19 05:52:20"
"2020-10-06 06:00:00","D","10.636","13.000","9.005","6.000","2021-06-19 05:52:20"
"2020-10-06 12:00:00","D","9.894","12.175","9.033","6.000","2021-06-19 05:52:20"
"2020-10-06 18:00:00","D","8.016","8.515","7.375","6.000","2021-06-19 05:52:20"
"2020-10-07 00:00:00","D","7.735","7.828","7.463","6.000","2021-06-19 05:52:20"
"2020-10-07 06:00:00","D","7.208","8.113","5.758","6.000","2021-06-19 05:52:20"
"2020-10-07 12:00:00","D","5.823","6.603","5.333","6.000","2021-06-19 05:52:20"
"2020-10-07 18:00:00","D","6.130","6.475","5.825","6.000","2021-06-19 05:52:21"
"2020-10-08 00:00:00","D","6.527","7.235","5.968","6.000","2021-06-19 05:52:21"
"2020-10-08 06:00:00","D","10.469","11.950","8.470","6.000","2021-06-19 05:52:21"
"2020-10-08 12:00:00","D","8.129","8.350","7.883","6.000","2021-06-19 05:52:21"
"2020-10-08 18:00:00","D","8.841","9.688","8.315","6.000","2021-06-19 05:52:20"
"2020-10-09 00:00:00","D","7.784","8.033","7.680","6.000","2021-06-19 05:52:21"
"2020-10-09 06:00:00","D","6.423","7.495","5.480","6.000","2021-06-19 05:52:20"
"2020-10-09 12:00:00","D","5.879","7.178","5.140","6.000","2021-06-19 05:52:21"
"2020-10-09 18:00:00","D","10.523","15.825","6.800","6.000","2021-06-19 05:52:20"
"2020-10-10 00:00:00","D","9.497","12.775","7.645","6.000","2021-06-19 05:52:21"
"2020-10-10 06:00:00","D","6.989","7.460","5.783","6.000","2021-06-19 05:52:20"
"2020-10-10 12:00:00","D","5.786","6.310","5.575","6.000","2021-06-19 05:52:21"
"2020-10-10 18:00:00","D","6.804","7.038","6.435","6.000","2021-06-19 05:52:20"
"2020-10-11 00:00:00","D","6.343","6.528","6.135","6.000","2021-06-19 05:52:21"
"2020-10-11 06:00:00","D","5.654","6.203","5.158","6.000","2021-06-19 05:52:21"
"2020-10-11 12:00:00","D","4.923","5.833","4.510","6.000","2021-06-19 05:52:21"
"2020-10-11 18:00:00","D","6.600","6.843","6.278","6.000","2021-06-19 05:52:21"
"2020-10-12 00:00:00","D","6.153","6.243","5.935","6.000","2021-06-19 05:52:21"
"2020-10-12 06:00:00","D","4.915","5.778","3.940","6.000","2021-06-19 05:52:21"
"2020-10-12 12:00:00","D","4.690","5.760","3.955","6.000","2021-06-19 05:52:21"
"2020-10-12 18:00:00","D","5.745","6.163","5.273","6.000","2021-06-19 05:52:21"
"2020-10-13 00:00:00","D","6.129","6.878","5.490","6.000","2021-06-19 05:52:20"
"2020-10-13 06:00:00","D","5.979","7.058","4.755","6.000","2021-06-19 05:52:21"
"2020-10-13 12:00:00","D","4.714","5.480","4.293","6.000","2021-06-19 05:52:20"
"2020-10-13 18:00:00","D","6.225","7.955","5.598","6.000","2021-06-19 05:52:21"
"2020-10-14 00:00:00","D","9.768","11.175","8.273","6.000","2021-06-19 05:52:20"
"2020-10-14 06:00:00","D","7.658","8.468","6.798","6.000","2021-06-19 05:52:21"
"2020-10-14 12:00:00","D","6.803","7.545","6.278","6.000","2021-06-19 05:52:20"
"2020-10-14 18:00:00","D","6.852","7.168","6.485","6.000","2021-06-19 05:52:21"
"2020-10-15 00:00:00","D","7.679","8.553","6.560","6.000","2021-06-19 05:52:20"
"2020-10-15 06:00:00","D","6.150","7.153","5.443","6.000","2021-06-19 05:52:21"
"2020-10-15 12:00:00","D","5.815","6.813","5.118","6.000","2021-06-19 05:52:21"
"2020-10-15 18:00:00","D","6.379","6.633","6.080","6.000","2021-06-19 05:52:21"
"2020-10-16 00:00:00","D","6.574","6.913","6.215","6.000","2021-06-19 05:52:21"
"2020-10-16 06:00:00","D","4.520","6.010","2.670","6.000","2021-06-19 05:52:21"
"2020-10-16 12:00:00","D","5.420","6.288","3.825","6.000","2021-06-19 05:52:21"
"2020-10-16 18:00:00","D","6.148","6.335","5.948","6.000","2021-06-19 05:52:20"
"2020-10-17 00:00:00","D","6.086","6.568","5.468","6.000","2021-06-19 05:52:21"
"2020-10-17 06:00:00","D","4.998","5.713","4.143","6.000","2021-06-19 05:52:20"
"2020-10-17 12:00:00","D","4.591","5.963","4.063","6.000","2021-06-19 05:52:21"
"2020-10-17 18:00:00","D","6.357","6.595","6.110","6.000","2021-06-19 05:52:20"
"2020-10-18 00:00:00","D","5.857","6.018","5.685","6.000","2021-06-19 05:52:21"
"2020-10-18 06:00:00","D","4.863","5.735","4.180","6.000","2021-06-19 05:52:20"
"2020-10-18 12:00:00","D","4.457","5.450","3.935","6.000","2021-06-19 05:52:21"
"2020-10-18 18:00:00","D","6.438","6.660","6.118","6.000","2021-06-19 05:52:20"
"2020-10-19 00:00:00","D","6.124","6.360","5.985","6.000","2021-06-19 05:52:21"
"2020-10-19 06:00:00","D","5.017","6.130","4.248","6.000","2021-06-19 05:52:21"
"2020-10-19 12:00:00","D","4.898","6.080","4.053","6.000","2021-06-19 05:52:21"
"2020-10-19 18:00:00","D","6.010","6.328","5.718","6.000","2021-06-19 05:52:21"
"2020-10-20 00:00:00","D","6.032","6.185","5.795","6.000","2021-06-19 05:52:21"
"2020-10-20 06:00:00","D","4.629","5.635","3.870","6.000","2021-06-19 05:52:21"
"2020-10-20 12:00:00","D","4.655","5.833","3.675","6.000","2021-06-19 05:52:21"
"2020-10-20 18:00:00","D","5.499","5.810","5.183","6.000","2021-06-19 05:52:21"
"2020-10-21 00:00:00","D","5.476","5.773","5.265","6.000","2021-06-19 05:52:20"
"2020-10-21 06:00:00","D","4.430","5.208","3.845","6.000","2021-06-19 05:52:21"
"2020-10-21 12:00:00","D","12.456","17.550","5.998","6.000","2021-06-19 05:52:20"
"2020-10-21 18:00:00","D","19.838","22.100","18.825","6.000","2021-06-19 05:52:21"
"2020-10-22 00:00:00","D","15.863","20.275","12.650","6.000","2021-06-19 05:52:20"
"2020-10-22 06:00:00","D","11.225","11.875","10.625","6.000","2021-06-19 05:52:21"
"2020-10-22 12:00:00","D","9.153","10.203","8.543","6.000","2021-06-19 05:52:20"
"2020-10-22 18:00:00","D","8.633","9.380","8.050","6.000","2021-06-19 05:52:21"
"2020-10-23 00:00:00","D","8.035","8.288","7.838","6.000","2021-06-19 05:52:20"
"2020-10-23 06:00:00","D","7.032","7.890","5.903","6.000","2021-06-19 05:52:21"
"2020-10-23 12:00:00","D","6.167","6.805","5.590","6.000","2021-06-19 05:52:21"
"2020-10-23 18:00:00","D","6.670","7.018","6.345","6.000","2021-06-19 05:52:21"
"2020-10-24 00:00:00","D","6.417","6.515","6.300","6.000","2021-06-19 05:52:21"
"2020-10-24 06:00:00","D","5.484","6.085","4.848","6.000","2021-06-19 05:52:21"
"2020-10-24 12:00:00","D","4.912","5.983","4.518","6.000","2021-06-19 05:52:21"
"2020-10-24 18:00:00","D","6.372","6.568","6.053","6.000","2021-06-19 05:52:20"
"2020-10-25 00:00:00","D","11.431","17.975","6.110","6.000","2021-06-19 05:52:21"
"2020-10-25 06:00:00","D","15.208","16.600","13.325","6.000","2021-06-19 05:52:20"
"2020-10-25 12:00:00","D","12.242","12.800","11.600","6.000","2021-06-19 05:52:21"
"2020-10-25 18:00:00","D","11.992","12.375","11.575","6.000","2021-06-19 05:52:20"
"2020-10-26 00:00:00","D","10.604","10.950","10.375","6.000","2021-06-19 05:52:21"
"2020-10-26 06:00:00","D","9.419","10.650","7.588","6.000","2021-06-19 05:52:20"
"2020-10-26 12:00:00","D","7.407","8.243","6.998","6.000","2021-06-19 05:52:21"
"2020-10-26 18:00:00","D","8.651","8.828","8.313","6.000","2021-06-19 05:52:20"
"2020-10-27 00:00:00","D","7.665","7.948","7.493","6.000","2021-06-19 05:52:21"
"2020-10-27 06:00:00","D","6.484","7.415","5.565","6.000","2021-06-19 05:52:21"
"2020-10-27 12:00:00","D","5.854","6.823","5.260","6.000","2021-06-19 05:52:21"
"2020-10-27 18:00:00","D","8.020","8.495","7.423","6.000","2021-06-19 05:52:21"
"2020-10-28 00:00:00","D","7.800","8.315","7.250","6.000","2021-06-19 05:52:21"
"2020-10-28 06:00:00","D","6.407","7.073","5.648","6.000","2021-06-19 05:52:21"
"2020-10-28 12:00:00","D","5.645","6.493","4.998","6.000","2021-06-19 05:52:21"
"2020-10-28 18:00:00","D","7.212","7.478","6.800","6.000","2021-06-19 05:52:21"
"2020-10-29 00:00:00","D","7.727","8.150","7.443","6.000","2021-06-19 05:52:20"
"2020-10-29 06:00:00","D","6.256","7.203","5.138","6.000","2021-06-19 05:52:21"
"2020-10-29 12:00:00","D","5.384","6.513","4.773","6.000","2021-06-19 05:52:20"
"2020-10-29 18:00:00","D","9.660","11.350","7.938","6.000","2021-06-19 05:52:21"
"2020-10-30 00:00:00","D","8.492","8.805","8.148","6.000","2021-06-19 05:52:20"
"2020-10-30 06:00:00","D","7.344","8.263","6.535","6.000","2021-06-19 05:52:21"
"2020-10-30 12:00:00","D","5.425","6.038","5.043","6.000","2021-06-19 05:52:20"
"2020-10-30 18:00:00","D","6.755","7.433","6.163","6.000","2021-06-19 05:52:21"
"2020-10-31 00:00:00","D","6.451","7.263","5.843","6.000","2021-06-19 05:52:20"
"2020-10-31 06:00:00","D","6.026","6.753","5.205","6.000","2021-06-19 05:52:21"
"2020-10-31 12:00:00","D","5.057","5.845","4.605","6.000","2021-06-19 05:52:21"
"2020-10-31 18:00:00","D","13.132","16.575","7.405","6.000","2021-06-19 05:52:21"
"2020-11-01 00:00:00","D","11.307","12.475","9.865","6.000","2021-06-19 05:52:21"
"2020-11-01 06:00:00","D","10.757","11.275","9.935","6.000","2021-06-19 05:52:21"
"2020-11-01 12:00:00","D","8.662","9.145","8.338","6.000","2021-06-19 05:52:21"
"2020-11-01 18:00:00","D","8.597","8.773","8.245","6.000","2021-06-19 05:52:21"
"2020-11-02 00:00:00","D","7.602","7.905","7.343","6.000","2021-06-19 05:52:21"
"2020-11-02 06:00:00","D","6.630","7.128","5.860","6.000","2021-06-19 05:52:20"
"2020-11-02 12:00:00","D","5.840","6.780","5.518","6.000","2021-06-19 05:52:21"
"2020-11-02 18:00:00","D","6.899","7.350","6.345","6.000","2021-06-19 05:52:20"
"2020-11-03 00:00:00","D","6.186","6.415","5.948","6.000","2021-06-19 05:52:21"
"2020-11-03 06:00:00","D","5.550","6.058","4.785","6.000","2021-06-19 05:52:20"
"2020-11-03 12:00:00","D","8.763","11.400","5.090","6.000","2021-06-19 05:52:21"
"2020-11-03 18:00:00","D","8.696","10.675","7.568","6.000","2021-06-19 05:52:20"
"2020-11-04 00:00:00","D","7.508","7.820","7.213","6.000","2021-06-19 05:52:21"
"2020-11-04 06:00:00","D","6.496","7.215","5.783","6.000","2021-06-19 05:52:21"
"2020-11-04 12:00:00","D","5.280","6.153","4.725","6.000","2021-06-19 05:52:21"
"2020-11-04 18:00:00","D","6.202","6.330","6.085","6.000","2021-06-19 05:52:21"
"2020-11-05 00:00:00","D","5.977","6.223","5.833","6.000","2021-06-19 05:52:21"
"2020-11-05 06:00:00","D","5.407","6.140","4.695","6.000","2021-06-19 05:52:21"
"2020-11-05 12:00:00","D","5.013","6.303","4.308","6.000","2021-06-19 05:52:21"
"2020-11-05 18:00:00","D","6.515","6.695","6.288","6.000","2021-06-19 05:52:21"
"2020-11-06 00:00:00","D","5.680","6.048","5.448","6.000","2021-06-19 05:52:20"
"2020-11-06 06:00:00","D","5.163","6.070","4.398","6.000","2021-06-19 05:52:21"
"2020-11-06 12:00:00","D","4.555","5.655","3.988","6.000","2021-06-19 05:52:20"
"2020-11-06 18:00:00","D","6.174","6.530","5.983","6.000","2021-06-19 05:52:21"
"2020-11-07 00:00:00","D","5.666","5.888","5.443","6.000","2021-06-19 05:52:20"
"2020-11-07 06:00:00","D","5.024","5.635","4.340","6.000","2021-06-19 05:52:21"
"2020-11-07 12:00:00","D","3.979","4.280","3.698","6.000","2021-06-19 05:52:20"
"2020-11-07 18:00:00","D","5.505","5.905","4.753","6.000","2021-06-19 05:52:21"
"2020-11-08 00:00:00","D","5.074","5.555","4.760","6.000","2021-06-19 05:52:20"
"2020-11-08 06:00:00","D","4.201","4.830","3.453","6.000","2021-06-19 05:52:21"
"2020-11-08 12:00:00","D","3.423","4.255","3.145","6.000","2021-06-19 05:52:21"
"2020-11-08 18:00:00","D","5.840","6.310","4.790","6.000","2021-06-19 05:52:21"
"2020-11-09 00:00:00","D","5.938","6.058","5.848","6.000","2021-06-19 05:52:21"
"2020-11-09 06:00:00","D","5.572","6.340","4.305","6.000","2021-06-19 05:52:21"
"2020-11-09 12:00:00","D","4.409","5.763","3.828","6.000","2021-06-19 05:52:21"
"2020-11-09 18:00:00","D","6.134","6.465","5.870","6.000","2021-06-19 05:52:21"
"2020-11-10 00:00:00","D","8.111","9.595","6.483","6.000","2021-06-19 05:52:21"
"2020-11-10 06:00:00","D","6.667","8.035","5.628","6.000","2021-06-19 05:52:20"
"2020-11-10 12:00:00","D","5.638","5.943","5.388","6.000","2021-06-19 05:52:21"
"2020-11-10 18:00:00","D","6.226","6.483","6.063","6.000","2021-06-19 05:52:20"
"2020-11-11 00:00:00","D","5.800","5.928","5.645","6.000","2021-06-19 05:52:21"
"2020-11-11 06:00:00","D","5.061","5.880","4.125","6.000","2021-06-19 05:52:20"
"2020-11-11 12:00:00","D","4.456","5.993","3.465","6.000","2021-06-19 05:52:21"
"2020-11-11 18:00:00","D","5.403","6.505","4.285","6.000","2021-06-19 05:52:20"
"2020-11-12 00:00:00","D","4.874","6.035","4.228","6.000","2021-06-19 05:52:21"
"2020-11-12 06:00:00","D","6.535","8.105","5.128","6.000","2021-06-19 05:52:21"
"2020-11-12 12:00:00","D","3.752","4.830","2.980","6.000","2021-06-19 05:52:21"
"2020-11-12 18:00:00","D","4.906","5.088","4.593","6.000","2021-06-19 05:52:21"
"2020-11-13 00:00:00","D","5.318","6.000","4.933","6.000","2021-06-19 05:52:21"
"2020-11-13 06:00:00","D","3.898","5.140","2.380","6.000","2021-06-19 05:52:21"
"2020-11-13 12:00:00","D","4.006","4.885","2.273","6.000","2021-06-19 05:52:21"
"2020-11-13 18:00:00","D","4.982","5.473","4.475","6.000","2021-06-19 05:52:21"
"2020-11-14 00:00:00","D","5.082","5.285","4.668","6.000","2021-06-19 05:52:21"
"2020-11-14 06:00:00","D","4.076","4.898","2.698","6.000","2021-06-19 05:52:21"
"2020-11-14 12:00:00","D","4.201","6.163","2.838","6.000","2021-06-19 05:52:21"
"2020-11-14 18:00:00","D","9.459","11.200","7.218","6.000","2021-06-19 05:52:21"
"2020-11-15 00:00:00","D","11.201","13.375","9.908","6.000","2021-06-19 05:52:21"
"2020-11-15 06:00:00","D","12.354","13.200","11.500","6.000","2021-06-19 05:52:21"
"2020-11-15 12:00:00","D","19.308","24.100","12.050","6.000","2021-06-19 05:52:21"
"2020-11-15 18:00:00","D","20.900","23.300","17.950","6.000","2021-06-19 05:52:21"
"2020-11-16 00:00:00","D","15.983","17.125","14.500","6.000","2021-06-19 05:52:21"
"2020-11-16 06:00:00","D","12.458","13.825","11.375","6.000","2021-06-19 05:52:21"
"2020-11-16 12:00:00","D","11.292","11.675","10.925","6.000","2021-06-19 05:52:21"
"2020-11-16 18:00:00","D","9.801","11.025","9.285","6.000","2021-06-19 05:52:21"
"2020-11-17 00:00:00","D","8.565","9.068","8.008","6.000","2021-06-19 05:52:21"
"2020-11-17 06:00:00","D","7.843","8.255","7.425","6.000","2021-06-19 05:52:21"
"2020-11-17 12:00:00","D","6.822","7.768","5.980","6.000","2021-06-19 05:52:21"
"2020-11-17 18:00:00","D","7.854","8.210","7.425","6.000","2021-06-19 05:52:21"
"2020-11-18 00:00:00","D","7.444","8.065","6.755","6.000","2021-06-19 05:52:21"
"2020-11-18 06:00:00","D","6.722","7.273","6.000","6.000","2021-06-19 05:52:21"
"2020-11-18 12:00:00","D","6.431","7.215","6.003","6.000","2021-06-19 05:52:21"
"2020-11-18 18:00:00","D","7.228","7.468","6.915","6.000","2021-06-19 05:52:21"
"2020-11-19 00:00:00","D","6.834","7.178","6.523","6.000","2021-06-19 05:52:21"
"2020-11-19 06:00:00","D","6.075","7.165","5.105","6.000","2021-06-19 05:52:21"
"2020-11-19 12:00:00","D","5.337","6.438","4.808","6.000","2021-06-19 05:52:21"
"2020-11-19 18:00:00","D","7.262","8.035","6.665","6.000","2021-06-19 05:52:21"
"2020-11-20 00:00:00","D","7.132","7.525","6.955","6.000","2021-06-19 05:52:21"
"2020-11-20 06:00:00","D","6.130","7.108","5.045","6.000","2021-06-19 05:52:21"
"2020-11-20 12:00:00","D","5.280","6.198","4.778","6.000","2021-06-19 05:52:21"
"2020-11-20 18:00:00","D","6.569","6.640","6.505","6.000","2021-06-19 05:52:21"
"2020-11-21 00:00:00","D","6.871","7.273","6.450","6.000","2021-06-19 05:52:21"
"2020-11-21 06:00:00","D","5.928","6.695","4.995","6.000","2021-06-19 05:52:21"
"2020-11-21 12:00:00","D","4.759","5.345","4.410","6.000","2021-06-19 05:52:21"
"2020-11-21 18:00:00","D","6.691","7.078","6.053","6.000","2021-06-19 05:52:21"
"2020-11-22 00:00:00","D","5.712","6.425","5.365","6.000","2021-06-19 05:52:21"
"2020-11-22 06:00:00","D","4.856","5.330","4.068","6.000","2021-06-19 05:52:21"
"2020-11-22 12:00:00","D","3.963","4.170","3.803","6.000","2021-06-19 05:52:21"
"2020-11-22 18:00:00","D","5.634","6.073","4.910","6.000","2021-06-19 05:52:21"
"2020-11-23 00:00:00","D","5.521","5.680","5.323","6.000","2021-06-19 05:52:21"
"2020-11-23 06:00:00","D","4.902","5.370","3.913","6.000","2021-06-19 05:52:21"
"2020-11-23 12:00:00","D","4.135","5.148","3.720","6.000","2021-06-19 05:52:21"
"2020-11-23 18:00:00","D","5.424","5.630","5.208","6.000","2021-06-19 05:52:21"
"2020-11-24 00:00:00","D","5.303","5.605","5.015","6.000","2021-06-19 05:52:21"
"2020-11-24 06:00:00","D","4.476","5.390","3.815","6.000","2021-06-19 05:52:21"
"2020-11-24 12:00:00","D","3.821","4.755","3.388","6.000","2021-06-19 05:52:21"
"2020-11-24 18:00:00","D","5.053","5.278","4.783","6.000","2021-06-19 05:52:21"
"2020-11-25 00:00:00","D","4.979","5.128","4.773","6.000","2021-06-19 05:52:21"
"2020-11-25 06:00:00","D","4.050","4.703","3.440","6.000","2021-06-19 05:52:21"
"2020-11-25 12:00:00","D","3.876","5.425","2.763","6.000","2021-06-19 05:52:21"
"2020-11-25 18:00:00","D","5.425","5.905","4.685","6.000","2021-06-19 05:52:21"
"2020-11-26 00:00:00","D","5.104","5.778","4.603","6.000","2021-06-19 05:52:21"
"2020-11-26 06:00:00","D","4.197","5.155","3.188","6.000","2021-06-19 05:52:21"
"2020-11-26 12:00:00","D","3.635","4.640","2.865","6.000","2021-06-19 05:52:21"
"2020-11-26 18:00:00","D","5.129","5.223","4.985","6.000","2021-06-19 05:52:21"
"2020-11-27 00:00:00","D","5.016","5.208","4.790","6.000","2021-06-19 05:52:21"
"2020-11-27 06:00:00","D","4.154","5.048","3.403","6.000","2021-06-19 05:52:21"
"2020-11-27 12:00:00","D","3.541","4.590","3.003","6.000","2021-06-19 05:52:21"
"2020-11-27 18:00:00","D","4.954","5.123","4.838","6.000","2021-06-19 05:52:21"
"2020-11-28 00:00:00","D","4.802","4.865","4.668","6.000","2021-06-19 05:52:21"
"2020-11-28 06:00:00","D","3.877","4.490","3.210","6.000","2021-06-19 05:52:21"
"2020-11-28 12:00:00","D","3.090","3.500","2.863","6.000","2021-06-19 05:52:21"
"2020-11-28 18:00:00","D","4.787","5.078","4.048","6.000","2021-06-19 05:52:21"
"2020-11-29 00:00:00","D","4.626","4.880","4.438","6.000","2021-06-19 05:52:21"
"2020-11-29 06:00:00","D","3.701","4.115","3.120","6.000","2021-06-19 05:52:21"
"2020-11-29 12:00:00","D","2.927","3.368","2.730","6.000","2021-06-19 05:52:21"
"2020-11-29 18:00:00","D","4.639","5.048","3.925","6.000","2021-06-19 05:52:21"
"2020-11-30 00:00:00","D","4.593","4.693","4.538","6.000","2021-06-19 05:52:21"
"2020-11-30 06:00:00","D","3.731","4.473","3.125","6.000","2021-06-19 05:52:21"
"2020-11-30 12:00:00","D","3.260","4.598","2.575","6.000","2021-06-19 05:52:21"
"2020-11-30 18:00:00","D","4.745","4.890","4.605","6.000","2021-06-19 05:52:21"
"2020-12-01 00:00:00","D","4.609","4.703","4.520","6.000","2021-06-19 05:52:21"
"2020-12-01 06:00:00","D","3.753","4.383","2.765","6.000","2021-06-19 05:52:21"
"2020-12-01 12:00:00","D","3.178","4.413","2.608","6.000","2021-06-19 05:52:21"
"2020-12-01 18:00:00","D","4.748","5.038","4.488","6.000","2021-06-19 05:52:21"
"2020-12-02 00:00:00","D","4.645","4.845","4.523","6.000","2021-06-19 05:52:21"
"2020-12-02 06:00:00","D","3.729","4.428","2.918","6.000","2021-06-19 05:52:21"
"2020-12-02 12:00:00","D","3.341","4.415","2.740","6.000","2021-06-19 05:52:21"
"2020-12-02 18:00:00","D","4.857","4.990","4.660","6.000","2021-06-19 05:52:21"
"2020-12-03 00:00:00","D","4.862","5.258","4.443","6.000","2021-06-19 05:52:21"
"2020-12-03 06:00:00","D","3.820","4.598","3.198","6.000","2021-06-19 05:52:21"
"2020-12-03 12:00:00","D","4.151","7.210","2.760","6.000","2021-06-19 05:52:21"
"2020-12-03 18:00:00","D","14.956","21.400","8.585","6.000","2021-06-19 05:52:21"
"2020-12-04 00:00:00","D","20.079","22.275","16.725","6.000","2021-06-19 05:52:21"
"2020-12-04 06:00:00","D","13.717","15.625","12.225","6.000","2021-06-19 05:52:21"
"2020-12-04 12:00:00","D","16.354","17.000","15.625","6.000","2021-06-19 05:52:21"
"2020-12-04 18:00:00","D","14.454","14.925","14.175","6.000","2021-06-19 05:52:21"
"2020-12-05 00:00:00","D","14.067","14.775","13.600","6.000","2021-06-19 05:52:21"
"2020-12-05 06:00:00","D","13.004","13.925","11.925","6.000","2021-06-19 05:52:21"
"2020-12-05 12:00:00","D","10.697","11.350","10.325","6.000","2021-06-19 05:52:21"
"2020-12-05 18:00:00","D","11.363","11.950","10.500","6.000","2021-06-19 05:52:21"
"2020-12-06 00:00:00","D","9.719","10.300","8.725","6.000","2021-06-19 05:52:21"
"2020-12-06 06:00:00","D","8.546","9.555","7.240","6.000","2021-06-19 05:52:21"
"2020-12-06 12:00:00","D","7.297","8.030","6.998","6.000","2021-06-19 05:52:21"
"2020-12-06 18:00:00","D","8.524","8.958","7.680","6.000","2021-06-19 05:52:21"
"2020-12-07 00:00:00","D","7.667","7.998","7.313","6.000","2021-06-19 05:52:21"
"2020-12-07 06:00:00","D","6.352","7.215","5.488","6.000","2021-06-19 05:52:21"
"2020-12-07 12:00:00","D","5.592","6.528","5.113","6.000","2021-06-19 05:52:21"
"2020-12-07 18:00:00","D","6.993","7.213","6.820","6.000","2021-06-19 05:52:21"
"2020-12-08 00:00:00","D","6.945","7.178","6.555","6.000","2021-06-19 05:52:21"
"2020-12-08 06:00:00","D","5.747","6.220","5.093","6.000","2021-06-19 05:52:21"
"2020-12-08 12:00:00","D","5.304","6.030","4.585","6.000","2021-06-19 05:52:21"
"2020-12-08 18:00:00","D","6.720","7.198","6.335","6.000","2021-06-19 05:52:21"
"2020-12-09 00:00:00","D","6.252","6.610","5.883","6.000","2021-06-19 05:52:21"
"2020-12-09 06:00:00","D","8.914","10.550","6.928","6.000","2021-06-19 05:52:21"
"2020-12-09 12:00:00","D","7.020","7.700","6.460","6.000","2021-06-19 05:52:21"
"2020-12-09 18:00:00","D","7.661","8.265","7.185","6.000","2021-06-19 05:52:21"
"2020-12-10 00:00:00","D","7.627","8.240","7.288","6.000","2021-06-19 05:52:21"
"2020-12-10 06:00:00","D","6.673","7.380","6.010","6.000","2021-06-19 05:52:21"
"2020-12-10 12:00:00","D","6.069","7.198","5.608","6.000","2021-06-19 05:52:21"
"2020-12-10 18:00:00","D","8.010","8.553","7.628","6.000","2021-06-19 05:52:21"
"2020-12-11 00:00:00","D","7.650","7.743","7.460","6.000","2021-06-19 05:52:21"
"2020-12-11 06:00:00","D","12.151","17.000","7.375","6.000","2021-06-19 05:52:21"
"2020-12-11 12:00:00","D","12.775","14.300","11.825","6.000","2021-06-19 05:52:21"
"2020-12-11 18:00:00","D","12.304","15.900","10.975","6.000","2021-06-19 05:52:21"
"2020-12-12 00:00:00","D","12.775","15.200","11.100","6.000","2021-06-19 05:52:21"
"2020-12-12 06:00:00","D","10.123","10.800","9.235","6.000","2021-06-19 05:52:21"
"2020-12-12 12:00:00","D","8.280","8.710","7.855","6.000","2021-06-19 05:52:21"
"2020-12-12 18:00:00","D","9.266","9.428","8.975","6.000","2021-06-19 05:52:21"
"2020-12-13 00:00:00","D","8.493","8.773","8.118","6.000","2021-06-19 05:52:21"
"2020-12-13 06:00:00","D","7.128","7.830","6.185","6.000","2021-06-19 05:52:21"
"2020-12-13 12:00:00","D","6.285","7.045","5.863","6.000","2021-06-19 05:52:21"
"2020-12-13 18:00:00","D","10.028","11.225","8.498","6.000","2021-06-19 05:52:21"
"2020-12-14 00:00:00","D","9.650","10.875","8.885","6.000","2021-06-19 05:52:21"
"2020-12-14 06:00:00","D","9.494","11.075","8.325","6.000","2021-06-19 05:52:21"
"2020-12-14 12:00:00","D","13.729","15.975","12.150","6.000","2021-06-19 05:52:21"
"2020-12-14 18:00:00","D","13.279","14.975","11.650","6.000","2021-06-19 05:52:21"
"2020-12-15 00:00:00","D","14.692","15.725","13.625","6.000","2021-06-19 05:52:21"
"2020-12-15 06:00:00","D","11.979","13.900","10.550","6.000","2021-06-19 05:52:21"
"2020-12-15 12:00:00","D","10.033","10.550","9.565","6.000","2021-06-19 05:52:21"
"2020-12-15 18:00:00","D","10.482","10.900","9.800","6.000","2021-06-19 05:52:21"
"2020-12-16 00:00:00","D","9.417","9.653","8.870","6.000","2021-06-19 05:52:21"
"2020-12-16 06:00:00","D","7.876","9.290","6.308","6.000","2021-06-19 05:52:21"
"2020-12-16 12:00:00","D","6.744","7.343","5.905","6.000","2021-06-19 05:52:21"
"2020-12-16 18:00:00","D","8.162","8.908","7.785","6.000","2021-06-19 05:52:21"
"2020-12-17 00:00:00","D","11.992","13.625","10.500","6.000","2021-06-19 05:52:21"
"2020-12-17 06:00:00","D","8.680","10.220","7.595","6.000","2021-06-19 05:52:21"
"2020-12-17 12:00:00","D","6.801","7.763","6.275","6.000","2021-06-19 05:52:21"
"2020-12-17 18:00:00","D","7.809","8.293","7.150","6.000","2021-06-19 05:52:21"
"2020-12-18 00:00:00","D","7.453","7.710","6.935","6.000","2021-06-19 05:52:21"
"2020-12-18 06:00:00","D","6.051","7.320","5.065","6.000","2021-06-19 05:52:21"
"2020-12-18 12:00:00","D","5.224","6.395","4.643","6.000","2021-06-19 05:52:21"
"2020-12-18 18:00:00","D","6.703","6.905","6.553","6.000","2021-06-19 05:52:21"
"2020-12-19 00:00:00","D","6.613","7.085","5.978","6.000","2021-06-19 05:52:21"
"2020-12-19 06:00:00","D","5.574","6.858","4.073","6.000","2021-06-19 05:52:21"
"2020-12-19 12:00:00","D","7.124","10.475","4.238","6.000","2021-06-19 05:52:21"
"2020-12-19 18:00:00","D","11.797","12.950","10.258","6.000","2021-06-19 05:52:21"
"2020-12-20 00:00:00","D","10.471","11.575","9.268","6.000","2021-06-19 05:52:21"
"2020-12-20 06:00:00","D","7.687","8.780","6.708","6.000","2021-06-19 05:52:21"
"2020-12-20 12:00:00","D","8.121","9.533","6.808","6.000","2021-06-19 05:52:21"
"2020-12-20 18:00:00","D","8.948","9.278","8.640","6.000","2021-06-19 05:52:21"
"2020-12-21 00:00:00","D","7.981","8.220","7.460","6.000","2021-06-19 05:52:21"
"2020-12-21 06:00:00","D","6.136","7.278","5.105","6.000","2021-06-19 05:52:21"
"2020-12-21 12:00:00","D","9.251","15.175","4.548","6.000","2021-06-19 05:52:21"
"2020-12-21 18:00:00","D","15.021","16.650","13.375","6.000","2021-06-19 05:52:21"
"2020-12-22 00:00:00","D","12.713","13.375","12.150","6.000","2021-06-19 05:52:21"
"2020-12-22 06:00:00","D","12.863","13.975","11.900","6.000","2021-06-19 05:52:21"
"2020-12-22 12:00:00","D","11.058","11.750","10.575","6.000","2021-06-19 05:52:21"
"2020-12-22 18:00:00","D","11.538","11.925","11.025","6.000","2021-06-19 05:52:21"
"2020-12-23 00:00:00","D","10.814","11.375","10.323","6.000","2021-06-19 05:52:21"
"2020-12-23 06:00:00","D","9.073","10.700","7.175","6.000","2021-06-19 05:52:21"
"2020-12-23 12:00:00","D","7.507","9.588","6.580","6.000","2021-06-19 05:52:21"
"2020-12-23 18:00:00","D","12.606","13.600","10.660","6.000","2021-06-19 05:52:21"
"2020-12-24 00:00:00","D","12.379","13.175","11.800","6.000","2021-06-19 05:52:21"
"2020-12-24 06:00:00","D","13.483","14.925","12.050","6.000","2021-06-19 05:52:21"
"2020-12-24 12:00:00","D","12.413","12.775","11.600","6.000","2021-06-19 05:52:21"
"2020-12-24 18:00:00","D","13.771","14.075","13.375","6.000","2021-06-19 05:52:21"
"2020-12-25 00:00:00","D","12.179","13.475","11.500","6.000","2021-06-19 05:52:21"
"2020-12-25 06:00:00","D","10.485","11.775","9.600","6.000","2021-06-19 05:52:21"
"2020-12-25 12:00:00","D","9.340","9.995","8.638","6.000","2021-06-19 05:52:21"
"2020-12-25 18:00:00","D","10.783","11.225","10.225","6.000","2021-06-19 05:52:21"
"2020-12-26 00:00:00","D","9.152","9.940","8.638","6.000","2021-06-19 05:52:21"
"2020-12-26 06:00:00","D","7.170","8.180","6.045","6.000","2021-06-19 05:52:21"
"2020-12-26 12:00:00","D","5.278","5.840","4.505","6.000","2021-06-19 05:52:21"
"2020-12-26 18:00:00","D","7.420","8.593","5.425","6.000","2021-06-19 05:52:21"
"2020-12-27 00:00:00","D","5.721","5.955","5.463","6.000","2021-06-19 05:52:21"
"2020-12-27 06:00:00","D","10.857","19.800","5.510","6.000","2021-06-19 05:52:21"
"2020-12-27 12:00:00","D","24.696","26.475","22.225","6.000","2021-06-19 05:52:21"
"2020-12-27 18:00:00","D","19.279","21.900","17.325","6.000","2021-06-19 05:52:21"
"2020-12-28 00:00:00","D","15.546","16.900","14.550","6.000","2021-06-19 05:52:21"
"2020-12-28 06:00:00","D","13.454","14.525","12.475","6.000","2021-06-19 05:52:21"
"2020-12-28 12:00:00","D","12.171","13.325","11.275","6.000","2021-06-19 05:52:21"
"2020-12-28 18:00:00","D","11.675","12.125","10.900","6.000","2021-06-19 05:52:21"
"2020-12-29 00:00:00","D","10.746","11.075","10.450","6.000","2021-06-19 05:52:21"
"2020-12-29 06:00:00","D","9.667","10.350","8.778","6.000","2021-06-19 05:52:21"
"2020-12-29 12:00:00","D","6.298","7.430","5.595","6.000","2021-06-19 05:52:21"
"2020-12-29 18:00:00","D","8.264","8.573","7.595","6.000","2021-06-19 05:52:21"
"2020-12-30 00:00:00","D","6.726","7.165","6.385","6.000","2021-06-19 05:52:21"
"2020-12-30 06:00:00","D","5.271","6.255","4.438","6.000","2021-06-19 05:52:21"
"2020-12-30 12:00:00","D","3.840","4.375","3.580","6.000","2021-06-19 05:52:21"
"2020-12-30 18:00:00","D","5.463","6.180","4.440","6.000","2021-06-19 05:52:21"
"2020-12-31 00:00:00","D","5.430","5.645","5.255","6.000","2021-06-19 05:52:21"
"2020-12-31 06:00:00","D","4.505","5.420","3.573","6.000","2021-06-19 05:52:21"
"2020-12-31 12:00:00","D","3.262","3.995","2.823","6.000","2021-06-19 05:52:21"
"2020-12-31 18:00:00","D","5.698","6.625","4.760","6.000","2021-06-19 05:52:21"
"2021-01-01 00:00:00","W","5.821","5.824","5.817","7.000","2023-05-29 17:11:34"
"2021-01-01 00:00:00","D","5.103","5.345","4.723","6.000","2021-06-19 05:52:21"
"2021-01-01 00:00:00","D","4.995","5.345","4.349","7.000","2023-05-29 17:11:31"
"2021-01-01 06:00:00","W","5.817","5.822","5.812","24.000","2023-05-29 17:11:34"
"2021-01-01 06:00:00","D","4.517","6.364","3.091","24.000","2023-05-29 17:11:31"
"2021-01-01 12:00:00","W","5.814","5.817","5.809","24.000","2023-05-29 17:11:34"
"2021-01-01 12:00:00","D","3.462","4.458","2.516","24.000","2023-05-29 17:11:31"
"2021-01-01 18:00:00","W","5.820","5.824","5.817","24.000","2023-05-29 17:11:34"
"2021-01-01 18:00:00","D","4.813","6.297","3.242","24.000","2023-05-29 17:11:31"
"2021-01-02 00:00:00","W","5.817","5.821","5.813","24.000","2023-05-29 17:11:34"
"2021-01-02 00:00:00","D","4.319","5.258","3.423","24.000","2023-05-29 17:11:31"
"2021-01-02 06:00:00","W","5.811","5.817","5.807","24.000","2023-05-29 17:11:34"
"2021-01-02 06:00:00","D","3.842","4.871","1.957","24.000","2023-05-29 17:11:31"
"2021-01-02 12:00:00","W","5.809","5.815","5.805","24.000","2023-05-29 17:11:34"
"2021-01-02 12:00:00","D","3.038","4.318","2.091","24.000","2023-05-29 17:11:31"
"2021-01-02 18:00:00","W","5.818","5.823","5.812","24.000","2023-05-29 17:11:34"
"2021-01-02 18:00:00","D","5.894","8.276","3.807","24.000","2023-05-29 17:11:31"
"2021-01-03 00:00:00","W","5.815","5.821","5.812","24.000","2023-05-29 17:11:34"
"2021-01-03 00:00:00","D","6.684","7.624","5.650","24.000","2023-05-29 17:11:31"
"2021-01-03 06:00:00","W","5.812","5.818","5.806","24.000","2023-05-29 17:11:34"
"2021-01-03 06:00:00","D","5.858","6.618","4.459","24.000","2023-05-29 17:11:31"
"2021-01-03 12:00:00","W","5.808","5.814","5.804","24.000","2023-05-29 17:11:34"
"2021-01-03 12:00:00","D","4.082","5.421","2.768","24.000","2023-05-29 17:11:31"
"2021-01-03 18:00:00","W","5.816","5.822","5.811","24.000","2023-05-29 17:11:34"
"2021-01-03 18:00:00","D","5.445","6.777","4.137","24.000","2023-05-29 17:11:31"
"2021-01-04 00:00:00","W","5.816","5.819","5.813","24.000","2023-05-29 17:11:34"
"2021-01-04 00:00:00","D","5.199","6.250","4.090","24.000","2023-05-29 17:11:31"
"2021-01-04 06:00:00","W","5.810","5.816","5.806","24.000","2023-05-29 17:11:34"
"2021-01-04 06:00:00","D","4.069","5.541","2.595","24.000","2023-05-29 17:11:31"
"2021-01-04 12:00:00","W","5.806","5.815","5.803","24.000","2023-05-29 17:11:34"
"2021-01-04 12:00:00","D","3.670","5.138","2.172","24.000","2023-05-29 17:11:31"
"2021-01-04 18:00:00","W","5.816","5.819","5.812","24.000","2023-05-29 17:11:34"
"2021-01-04 18:00:00","D","5.676","6.135","5.005","24.000","2023-05-29 17:11:31"
"2021-01-05 00:00:00","W","5.817","5.820","5.813","24.000","2023-05-29 17:11:34"
"2021-01-05 00:00:00","D","5.520","6.220","4.913","24.000","2023-05-29 17:11:31"
"2021-01-05 06:00:00","W","5.810","5.813","5.807","24.000","2023-05-29 17:11:34"
"2021-01-05 06:00:00","D","4.201","5.953","2.159","24.000","2023-05-29 17:11:31"
"2021-01-05 12:00:00","W","5.807","5.812","5.801","24.000","2023-05-29 17:11:34"
"2021-01-05 12:00:00","D","2.569","3.840","1.698","24.000","2023-05-29 17:11:31"
"2021-01-05 18:00:00","W","5.816","5.821","5.812","24.000","2023-05-29 17:11:34"
"2021-01-05 18:00:00","D","4.172","5.029","3.321","24.000","2023-05-29 17:11:31"
"2021-01-06 00:00:00","W","5.818","5.822","5.816","24.000","2023-05-29 17:11:34"
"2021-01-06 00:00:00","D","5.556","6.348","4.635","24.000","2023-05-29 17:11:31"
"2021-01-06 06:00:00","W","5.814","5.816","5.808","24.000","2023-05-29 17:11:34"
"2021-01-06 06:00:00","D","4.197","5.777","3.281","24.000","2023-05-29 17:11:31"
"2021-01-06 12:00:00","W","5.810","5.817","5.804","24.000","2023-05-29 17:11:34"
"2021-01-06 12:00:00","D","2.929","4.288","1.621","24.000","2023-05-29 17:11:31"
"2021-01-06 18:00:00","W","5.815","5.819","5.812","24.000","2023-05-29 17:11:34"
"2021-01-06 18:00:00","D","4.379","4.887","3.806","24.000","2023-05-29 17:11:31"
"2021-01-07 00:00:00","W","5.817","5.821","5.814","24.000","2023-05-29 17:11:34"
"2021-01-07 00:00:00","D","4.564","5.585","3.616","24.000","2023-05-29 17:11:31"
"2021-01-07 06:00:00","W","5.810","5.818","5.804","24.000","2023-05-29 17:11:34"
"2021-01-07 06:00:00","D","3.911","5.302","2.328","24.000","2023-05-29 17:11:31"
"2021-01-07 12:00:00","W","5.808","5.817","5.804","24.000","2023-05-29 17:11:34"
"2021-01-07 12:00:00","D","2.795","4.067","2.000","24.000","2023-05-29 17:11:31"
"2021-01-07 18:00:00","W","5.816","5.821","5.812","24.000","2023-05-29 17:11:34"
"2021-01-07 18:00:00","D","4.200","5.020","3.496","24.000","2023-05-29 17:11:31"
"2021-01-08 00:00:00","W","5.815","5.819","5.812","24.000","2023-05-29 17:11:34"
"2021-01-08 00:00:00","D","4.302","5.424","3.149","24.000","2023-05-29 17:11:31"
"2021-01-08 06:00:00","W","5.812","5.819","5.805","24.000","2023-05-29 17:11:34"
"2021-01-08 06:00:00","D","3.757","5.621","1.726","24.000","2023-05-29 17:11:31"
"2021-01-08 12:00:00","W","5.808","5.814","5.803","24.000","2023-05-29 17:11:34"
"2021-01-08 12:00:00","D","2.435","3.428","1.524","24.000","2023-05-29 17:11:31"
"2021-01-08 18:00:00","W","5.815","5.819","5.811","24.000","2023-05-29 17:11:34"
"2021-01-08 18:00:00","D","3.904","5.187","2.873","24.000","2023-05-29 17:11:31"
"2021-01-09 00:00:00","W","5.814","5.817","5.810","24.000","2023-05-29 17:11:34"
"2021-01-09 00:00:00","D","4.036","5.160","3.217","24.000","2023-05-29 17:11:31"
"2021-01-09 06:00:00","W","5.810","5.814","5.807","24.000","2023-05-29 17:11:34"
"2021-01-09 06:00:00","D","3.301","4.622","2.454","24.000","2023-05-29 17:11:31"
"2021-01-09 12:00:00","W","5.806","5.809","5.802","24.000","2023-05-29 17:11:34"
"2021-01-09 12:00:00","D","2.774","3.464","2.083","24.000","2023-05-29 17:11:31"
"2021-01-09 18:00:00","W","5.816","5.820","5.811","24.000","2023-05-29 17:11:34"
"2021-01-09 18:00:00","D","4.397","5.448","3.130","24.000","2023-05-29 17:11:31"
"2021-01-10 00:00:00","W","5.813","5.818","5.810","24.000","2023-05-29 17:11:34"
"2021-01-10 00:00:00","D","4.368","4.910","4.000","24.000","2023-05-29 17:11:31"
"2021-01-10 06:00:00","W","5.807","5.812","5.803","24.000","2023-05-29 17:11:34"
"2021-01-10 06:00:00","D","3.322","4.135","2.393","24.000","2023-05-29 17:11:31"
"2021-01-10 12:00:00","W","5.806","5.811","5.801","24.000","2023-05-29 17:11:34"
"2021-01-10 12:00:00","D","2.214","2.953","1.468","24.000","2023-05-29 17:11:31"
"2021-01-10 18:00:00","W","5.816","5.821","5.808","24.000","2023-05-29 17:11:35"
"2021-01-10 18:00:00","D","4.189","5.479","3.003","24.000","2023-05-29 17:11:31"
"2021-01-11 00:00:00","W","5.814","5.818","5.810","24.000","2023-05-29 17:11:35"
"2021-01-11 00:00:00","D","4.126","4.938","3.186","24.000","2023-05-29 17:11:31"
"2021-01-11 06:00:00","W","5.809","5.814","5.804","24.000","2023-05-29 17:11:35"
"2021-01-11 06:00:00","D","3.854","4.893","2.876","24.000","2023-05-29 17:11:31"
"2021-01-11 12:00:00","W","5.808","5.814","5.804","24.000","2023-05-29 17:11:35"
"2021-01-11 12:00:00","D","3.059","4.170","2.462","24.000","2023-05-29 17:11:31"
"2021-01-11 18:00:00","W","5.816","5.820","5.811","24.000","2023-05-29 17:11:35"
"2021-01-11 18:00:00","D","4.426","4.838","3.764","24.000","2023-05-29 17:11:31"
"2021-01-12 00:00:00","W","5.813","5.818","5.807","24.000","2023-05-29 17:11:35"
"2021-01-12 00:00:00","D","4.105","5.019","3.305","24.000","2023-05-29 17:11:31"
"2021-01-12 06:00:00","W","5.822","5.836","5.817","24.000","2023-05-29 17:11:35"
"2021-01-12 06:00:00","D","5.745","9.168","3.854","24.000","2023-05-29 17:11:31"
"2021-01-12 12:00:00","W","5.827","5.836","5.820","24.000","2023-05-29 17:11:35"
"2021-01-12 12:00:00","D","7.907","9.991","6.401","24.000","2023-05-29 17:11:31"
"2021-01-12 18:00:00","W","5.819","5.825","5.813","24.000","2023-05-29 17:11:35"
"2021-01-12 18:00:00","D","6.384","7.902","4.614","24.000","2023-05-29 17:11:31"
"2021-01-13 00:00:00","W","5.817","5.821","5.814","24.000","2023-05-29 17:11:35"
"2021-01-13 00:00:00","D","5.803","6.995","4.772","24.000","2023-05-29 17:11:31"
"2021-01-13 06:00:00","W","5.812","5.818","5.808","24.000","2023-05-29 17:11:35"
"2021-01-13 06:00:00","D","4.641","5.908","3.709","24.000","2023-05-29 17:11:31"
"2021-01-13 12:00:00","W","5.810","5.820","5.805","24.000","2023-05-29 17:11:35"
"2021-01-13 12:00:00","D","3.584","5.186","2.440","24.000","2023-05-29 17:11:31"
"2021-01-13 18:00:00","W","5.824","5.830","5.820","24.000","2023-05-29 17:11:35"
"2021-01-13 18:00:00","D","6.687","7.763","5.316","24.000","2023-05-29 17:11:31"
"2021-01-14 00:00:00","W","5.824","5.828","5.819","24.000","2023-05-29 17:11:35"
"2021-01-14 00:00:00","D","7.313","8.297","6.238","24.000","2023-05-29 17:11:31"
"2021-01-14 06:00:00","W","5.900","5.999","5.824","24.000","2023-05-29 17:11:35"
"2021-01-14 06:00:00","D","19.053","32.983","6.513","24.000","2023-05-29 17:11:31"
"2021-01-14 12:00:00","W","6.081","6.114","6.011","24.000","2023-05-29 17:11:35"
"2021-01-14 12:00:00","D","43.204","46.868","35.211","24.000","2023-05-29 17:11:31"
"2021-01-14 18:00:00","W","6.049","6.101","5.955","24.000","2023-05-29 17:11:35"
"2021-01-14 18:00:00","D","38.050","43.986","30.780","24.000","2023-05-29 17:11:31"
"2021-01-15 00:00:00","W","5.936","5.950","5.914","24.000","2023-05-29 17:11:35"
"2021-01-15 00:00:00","D","26.066","29.527","23.079","24.000","2023-05-29 17:11:31"
"2021-01-15 06:00:00","W","5.894","5.912","5.881","24.000","2023-05-29 17:11:35"
"2021-01-15 06:00:00","D","19.406","22.685","17.051","24.000","2023-05-29 17:11:31"
"2021-01-15 12:00:00","W","5.878","5.881","5.875","24.000","2023-05-29 17:11:35"
"2021-01-15 12:00:00","D","16.595","17.155","16.258","24.000","2023-05-29 17:11:31"
"2021-01-15 18:00:00","W","5.869","5.876","5.862","24.000","2023-05-29 17:11:35"
"2021-01-15 18:00:00","D","15.383","16.771","14.246","24.000","2023-05-29 17:11:31"
"2021-01-16 00:00:00","W","5.857","5.864","5.851","24.000","2023-05-29 17:11:35"
"2021-01-16 00:00:00","D","13.355","14.387","12.475","24.000","2023-05-29 17:11:31"
"2021-01-16 06:00:00","W","5.845","5.850","5.838","24.000","2023-05-29 17:11:35"
"2021-01-16 06:00:00","D","11.100","12.353","10.307","24.000","2023-05-29 17:11:31"
"2021-01-16 12:00:00","W","5.862","5.900","5.840","24.000","2023-05-29 17:11:35"
"2021-01-16 12:00:00","D","13.232","19.092","9.798","24.000","2023-05-29 17:11:31"
"2021-01-16 18:00:00","W","5.897","5.908","5.883","24.000","2023-05-29 17:11:35"
"2021-01-16 18:00:00","D","19.442","20.521","17.814","24.000","2023-05-29 17:11:31"
"2021-01-17 00:00:00","W","5.871","5.882","5.864","24.000","2023-05-29 17:11:35"
"2021-01-17 00:00:00","D","15.494","17.425","14.044","24.000","2023-05-29 17:11:31"
"2021-01-17 06:00:00","W","5.858","5.864","5.853","24.000","2023-05-29 17:11:35"
"2021-01-17 06:00:00","D","13.140","14.284","11.932","24.000","2023-05-29 17:11:31"
"2021-01-17 12:00:00","W","5.849","5.855","5.843","24.000","2023-05-29 17:11:35"
"2021-01-17 12:00:00","D","11.879","12.707","11.130","24.000","2023-05-29 17:11:31"
"2021-01-17 18:00:00","W","5.848","5.853","5.841","24.000","2023-05-29 17:11:35"
"2021-01-17 18:00:00","D","11.308","12.233","10.605","24.000","2023-05-29 17:11:31"
"2021-01-18 00:00:00","W","5.841","5.844","5.837","24.000","2023-05-29 17:11:35"
"2021-01-18 00:00:00","D","10.144","10.867","9.621","24.000","2023-05-29 17:11:31"
"2021-01-18 06:00:00","W","5.834","5.840","5.826","24.000","2023-05-29 17:11:35"
"2021-01-18 06:00:00","D","8.845","9.890","7.592","24.000","2023-05-29 17:11:31"
"2021-01-18 12:00:00","W","5.828","5.835","5.825","24.000","2023-05-29 17:11:35"
"2021-01-18 12:00:00","D","7.341","8.393","6.731","24.000","2023-05-29 17:11:31"
"2021-01-18 18:00:00","W","5.827","5.830","5.823","24.000","2023-05-29 17:11:35"
"2021-01-18 18:00:00","D","7.267","7.716","6.665","24.000","2023-05-29 17:11:31"
"2021-01-19 00:00:00","W","5.824","5.827","5.820","24.000","2023-05-29 17:11:35"
"2021-01-19 00:00:00","D","6.386","7.488","4.601","24.000","2023-05-29 17:11:31"
"2021-01-19 06:00:00","W","5.825","5.837","5.818","24.000","2023-05-29 17:11:35"
"2021-01-19 06:00:00","D","6.386","8.922","5.544","24.000","2023-05-29 17:11:31"
"2021-01-19 12:00:00","W","5.829","5.836","5.824","24.000","2023-05-29 17:11:35"
"2021-01-19 12:00:00","D","7.852","9.166","6.843","24.000","2023-05-29 17:11:31"
"2021-01-19 18:00:00","W","5.828","5.832","5.823","24.000","2023-05-29 17:11:35"
"2021-01-19 18:00:00","D","7.307","7.789","6.726","24.000","2023-05-29 17:11:31"
"2021-01-20 00:00:00","W","5.828","5.831","5.825","24.000","2023-05-29 17:11:35"
"2021-01-20 00:00:00","D","7.273","7.651","6.961","24.000","2023-05-29 17:11:31"
"2021-01-20 06:00:00","W","5.820","5.826","5.815","24.000","2023-05-29 17:11:35"
"2021-01-20 06:00:00","D","5.992","7.096","4.621","24.000","2023-05-29 17:11:31"
"2021-01-20 12:00:00","W","5.821","5.828","5.815","24.000","2023-05-29 17:11:35"
"2021-01-20 12:00:00","D","5.354","7.029","4.226","24.000","2023-05-29 17:11:31"
"2021-01-20 18:00:00","W","5.826","5.829","5.823","24.000","2023-05-29 17:11:35"
"2021-01-20 18:00:00","D","6.815","7.439","5.609","24.000","2023-05-29 17:11:31"
"2021-01-21 00:00:00","W","5.827","5.831","5.823","24.000","2023-05-29 17:11:35"
"2021-01-21 00:00:00","D","6.877","7.764","6.150","24.000","2023-05-29 17:11:31"
"2021-01-21 06:00:00","W","5.835","5.845","5.827","24.000","2023-05-29 17:11:35"
"2021-01-21 06:00:00","D","8.871","10.899","7.279","24.000","2023-05-29 17:11:31"
"2021-01-21 12:00:00","W","5.825","5.830","5.821","24.000","2023-05-29 17:11:35"
"2021-01-21 12:00:00","D","6.425","8.248","5.390","24.000","2023-05-29 17:11:31"
"2021-01-21 18:00:00","W","5.828","5.832","5.823","24.000","2023-05-29 17:11:35"
"2021-01-21 18:00:00","D","7.072","7.930","6.307","24.000","2023-05-29 17:11:31"
"2021-01-22 00:00:00","W","5.826","5.831","5.822","24.000","2023-05-29 17:11:35"
"2021-01-22 00:00:00","D","6.586","7.337","5.858","24.000","2023-05-29 17:11:31"
"2021-01-22 06:00:00","W","5.819","5.825","5.813","24.000","2023-05-29 17:11:35"
"2021-01-22 06:00:00","D","5.156","6.606","3.461","24.000","2023-05-29 17:11:31"
"2021-01-22 12:00:00","W","5.818","5.824","5.813","24.000","2023-05-29 17:11:35"
"2021-01-22 12:00:00","D","4.359","5.467","3.517","24.000","2023-05-29 17:11:31"
"2021-01-22 18:00:00","W","5.821","5.826","5.818","24.000","2023-05-29 17:11:35"
"2021-01-22 18:00:00","D","5.821","6.427","5.325","24.000","2023-05-29 17:11:31"
"2021-01-23 00:00:00","W","5.820","5.828","5.815","24.000","2023-05-29 17:11:35"
"2021-01-23 00:00:00","D","5.731","6.833","4.891","24.000","2023-05-29 17:11:31"
"2021-01-23 06:00:00","W","5.817","5.827","5.812","24.000","2023-05-29 17:11:35"
"2021-01-23 06:00:00","D","4.594","6.806","2.751","24.000","2023-05-29 17:11:31"
"2021-01-23 12:00:00","W","5.812","5.816","5.806","24.000","2023-05-29 17:11:35"
"2021-01-23 12:00:00","D","3.830","4.740","3.121","24.000","2023-05-29 17:11:31"
"2021-01-23 18:00:00","W","5.818","5.823","5.815","24.000","2023-05-29 17:11:35"
"2021-01-23 18:00:00","D","5.546","6.320","4.399","24.000","2023-05-29 17:11:31"
"2021-01-24 00:00:00","W","5.817","5.822","5.813","24.000","2023-05-29 17:11:35"
"2021-01-24 00:00:00","D","5.432","6.510","4.222","24.000","2023-05-29 17:11:31"
"2021-01-24 06:00:00","W","5.812","5.817","5.807","24.000","2023-05-29 17:11:35"
"2021-01-24 06:00:00","D","4.306","5.281","3.290","24.000","2023-05-29 17:11:31"
"2021-01-24 12:00:00","W","5.810","5.816","5.805","24.000","2023-05-29 17:11:35"
"2021-01-24 12:00:00","D","3.458","4.080","2.878","24.000","2023-05-29 17:11:31"
"2021-01-24 18:00:00","W","5.822","5.827","5.814","24.000","2023-05-29 17:11:35"
"2021-01-24 18:00:00","D","5.727","6.748","4.423","24.000","2023-05-29 17:11:31"
"2021-01-25 00:00:00","W","5.820","5.827","5.816","24.000","2023-05-29 17:11:35"
"2021-01-25 00:00:00","D","6.494","7.477","5.708","24.000","2023-05-29 17:11:31"
"2021-01-25 06:00:00","W","5.816","5.822","5.810","24.000","2023-05-29 17:11:35"
"2021-01-25 06:00:00","D","5.104","6.020","3.390","24.000","2023-05-29 17:11:31"
"2021-01-25 12:00:00","W","5.811","5.817","5.807","24.000","2023-05-29 17:11:35"
"2021-01-25 12:00:00","D","3.610","4.983","2.251","24.000","2023-05-29 17:11:31"
"2021-01-25 18:00:00","W","5.817","5.820","5.815","24.000","2023-05-29 17:11:35"
"2021-01-25 18:00:00","D","5.002","6.229","4.224","24.000","2023-05-29 17:11:31"
"2021-01-26 00:00:00","W","5.817","5.821","5.812","24.000","2023-05-29 17:11:35"
"2021-01-26 00:00:00","D","4.942","6.029","4.140","24.000","2023-05-29 17:11:31"
"2021-01-26 06:00:00","W","5.810","5.817","5.805","24.000","2023-05-29 17:11:35"
"2021-01-26 06:00:00","D","3.579","4.587","2.542","24.000","2023-05-29 17:11:31"
"2021-01-26 12:00:00","W","5.809","5.814","5.805","24.000","2023-05-29 17:11:35"
"2021-01-26 12:00:00","D","2.750","4.005","2.060","24.000","2023-05-29 17:11:31"
"2021-01-26 18:00:00","W","5.814","5.818","5.811","24.000","2023-05-29 17:11:35"
"2021-01-26 18:00:00","D","4.344","5.036","3.823","24.000","2023-05-29 17:11:31"
"2021-01-27 00:00:00","W","5.824","5.832","5.816","24.000","2023-05-29 17:11:35"
"2021-01-27 00:00:00","D","6.711","8.498","4.589","24.000","2023-05-29 17:11:31"
"2021-01-27 06:00:00","W","5.819","5.825","5.813","24.000","2023-05-29 17:11:35"
"2021-01-27 06:00:00","D","5.883","7.169","4.254","24.000","2023-05-29 17:11:31"
"2021-01-27 12:00:00","W","5.818","5.826","5.813","24.000","2023-05-29 17:11:35"
"2021-01-27 12:00:00","D","5.069","6.315","4.214","24.000","2023-05-29 17:11:31"
"2021-01-27 18:00:00","W","5.821","5.825","5.818","24.000","2023-05-29 17:11:35"
"2021-01-27 18:00:00","D","6.058","6.844","4.434","24.000","2023-05-29 17:11:31"
"2021-01-28 00:00:00","W","5.824","5.831","5.817","24.000","2023-05-29 17:11:35"
"2021-01-28 00:00:00","D","6.634","8.354","5.183","24.000","2023-05-29 17:11:31"
"2021-01-28 06:00:00","W","5.896","5.955","5.833","24.000","2023-05-29 17:11:35"
"2021-01-28 06:00:00","D","18.850","27.389","8.417","24.000","2023-05-29 17:11:31"
"2021-01-28 12:00:00","W","5.943","5.966","5.908","24.000","2023-05-29 17:11:35"
"2021-01-28 12:00:00","D","26.723","28.931","22.019","24.000","2023-05-29 17:11:31"
"2021-01-28 18:00:00","W","5.889","5.908","5.870","24.000","2023-05-29 17:11:35"
"2021-01-28 18:00:00","D","18.900","21.576","16.497","24.000","2023-05-29 17:11:31"
"2021-01-29 00:00:00","W","5.868","5.882","5.862","24.000","2023-05-29 17:11:35"
"2021-01-29 00:00:00","D","16.296","17.961","15.475","24.000","2023-05-29 17:11:31"
"2021-01-29 06:00:00","W","5.931","5.960","5.888","24.000","2023-05-29 17:11:35"
"2021-01-29 06:00:00","D","24.983","28.363","18.486","24.000","2023-05-29 17:11:31"
"2021-01-29 12:00:00","W","5.880","5.900","5.872","24.000","2023-05-29 17:11:35"
"2021-01-29 12:00:00","D","17.924","21.090","16.471","24.000","2023-05-29 17:11:31"
"2021-01-29 18:00:00","W","5.876","5.888","5.862","24.000","2023-05-29 17:11:35"
"2021-01-29 18:00:00","D","17.629","19.201","15.995","24.000","2023-05-29 17:11:31"
"2021-01-30 00:00:00","W","5.857","5.863","5.853","24.000","2023-05-29 17:11:35"
"2021-01-30 00:00:00","D","15.191","15.966","14.422","24.000","2023-05-29 17:11:31"
"2021-01-30 06:00:00","W","5.851","5.857","5.843","24.000","2023-05-29 17:11:35"
"2021-01-30 06:00:00","D","13.638","14.582","12.531","24.000","2023-05-29 17:11:31"
"2021-01-30 12:00:00","W","5.922","5.958","5.855","24.000","2023-05-29 17:11:35"
"2021-01-30 12:00:00","D","23.991","30.061","13.604","24.000","2023-05-29 17:11:31"
"2021-01-30 18:00:00","W","5.934","5.958","5.913","24.000","2023-05-29 17:11:35"
"2021-01-30 18:00:00","D","27.083","29.958","24.167","24.000","2023-05-29 17:11:31"
"2021-01-31 00:00:00","W","5.891","5.911","5.873","24.000","2023-05-29 17:11:35"
"2021-01-31 00:00:00","D","20.466","23.957","18.292","24.000","2023-05-29 17:11:31"
"2021-01-31 06:00:00","W","5.867","5.872","5.858","24.000","2023-05-29 17:11:35"
"2021-01-31 06:00:00","D","16.875","18.499","15.763","24.000","2023-05-29 17:11:31"
"2021-01-31 12:00:00","W","5.852","5.858","5.846","24.000","2023-05-29 17:11:35"
"2021-01-31 12:00:00","D","14.625","15.431","13.497","24.000","2023-05-29 17:11:31"
"2021-01-31 18:00:00","W","5.851","5.856","5.842","24.000","2023-05-29 17:11:35"
"2021-01-31 18:00:00","D","13.886","15.027","12.841","24.000","2023-05-29 17:11:31"
"2021-02-01 00:00:00","W","5.845","5.849","5.841","24.000","2023-05-29 17:11:35"
"2021-02-01 00:00:00","D","12.496","13.130","12.036","24.000","2023-05-29 17:11:31"
"2021-02-01 06:00:00","W","5.840","5.846","5.828","24.000","2023-05-29 17:11:35"
"2021-02-01 06:00:00","D","11.208","12.233","9.439","24.000","2023-05-29 17:11:31"
"2021-02-01 12:00:00","W","5.831","5.835","5.826","24.000","2023-05-29 17:11:35"
"2021-02-01 12:00:00","D","9.127","10.001","8.467","24.000","2023-05-29 17:11:31"
"2021-02-01 18:00:00","W","5.831","5.834","5.825","24.000","2023-05-29 17:11:35"
"2021-02-01 18:00:00","D","9.242","10.137","8.113","24.000","2023-05-29 17:11:31"
"2021-02-02 00:00:00","W","5.827","5.831","5.823","24.000","2023-05-29 17:11:35"
"2021-02-02 00:00:00","D","8.495","8.948","7.639","24.000","2023-05-29 17:11:31"
"2021-02-02 06:00:00","W","5.837","5.865","5.818","24.000","2023-05-29 17:11:35"
"2021-02-02 06:00:00","D","10.642","15.819","7.253","24.000","2023-05-29 17:11:31"
"2021-02-02 12:00:00","W","5.843","5.852","5.838","24.000","2023-05-29 17:11:35"
"2021-02-02 12:00:00","D","12.179","14.551","11.250","24.000","2023-05-29 17:11:31"
"2021-02-02 18:00:00","W","5.835","5.842","5.831","24.000","2023-05-29 17:11:35"
"2021-02-02 18:00:00","D","10.401","11.498","9.313","24.000","2023-05-29 17:11:31"
"2021-02-03 00:00:00","W","5.830","5.834","5.826","24.000","2023-05-29 17:11:35"
"2021-02-03 00:00:00","D","9.326","10.138","8.690","24.000","2023-05-29 17:11:31"
"2021-02-03 06:00:00","W","5.825","5.828","5.821","24.000","2023-05-29 17:11:35"
"2021-02-03 06:00:00","D","8.621","9.697","7.127","24.000","2023-05-29 17:11:31"
"2021-02-03 12:00:00","W","5.822","5.827","5.817","24.000","2023-05-29 17:11:35"
"2021-02-03 12:00:00","D","7.390","8.508","6.536","24.000","2023-05-29 17:11:31"
"2021-02-03 18:00:00","W","5.823","5.829","5.818","24.000","2023-05-29 17:11:35"
"2021-02-03 18:00:00","D","8.376","9.312","7.203","24.000","2023-05-29 17:11:31"
"2021-02-04 00:00:00","W","5.822","5.826","5.818","24.000","2023-05-29 17:11:35"
"2021-02-04 00:00:00","D","7.647","8.392","7.008","24.000","2023-05-29 17:11:31"
"2021-02-04 06:00:00","W","5.814","5.819","5.811","24.000","2023-05-29 17:11:35"
"2021-02-04 06:00:00","D","6.316","7.554","5.205","24.000","2023-05-29 17:11:31"
"2021-02-04 12:00:00","W","5.812","5.818","5.808","24.000","2023-05-29 17:11:35"
"2021-02-04 12:00:00","D","5.400","6.535","4.709","24.000","2023-05-29 17:11:31"
"2021-02-04 18:00:00","W","5.827","5.844","5.812","24.000","2023-05-29 17:11:35"
"2021-02-04 18:00:00","D","8.821","13.558","6.013","24.000","2023-05-29 17:11:31"
"2021-02-05 00:00:00","W","5.859","5.924","5.824","24.000","2023-05-29 17:11:35"
"2021-02-05 00:00:00","D","15.268","25.532","9.497","24.000","2023-05-29 17:11:31"
"2021-02-05 06:00:00","W","5.889","5.915","5.860","24.000","2023-05-29 17:11:35"
"2021-02-05 06:00:00","D","22.459","24.833","18.879","24.000","2023-05-29 17:11:31"
"2021-02-05 12:00:00","W","5.853","5.861","5.846","24.000","2023-05-29 17:11:35"
"2021-02-05 12:00:00","D","16.662","18.429","15.095","24.000","2023-05-29 17:11:31"
"2021-02-05 18:00:00","W","5.847","5.851","5.842","24.000","2023-05-29 17:11:35"
"2021-02-05 18:00:00","D","14.650","15.948","13.031","24.000","2023-05-29 17:11:31"
"2021-02-06 00:00:00","W","5.848","5.857","5.841","24.000","2023-05-29 17:11:35"
"2021-02-06 00:00:00","D","13.482","14.468","12.249","24.000","2023-05-29 17:11:31"
"2021-02-06 06:00:00","W","5.837","5.847","5.829","24.000","2023-05-29 17:11:35"
"2021-02-06 06:00:00","D","12.132","13.714","10.076","24.000","2023-05-29 17:11:31"
"2021-02-06 12:00:00","W","5.831","5.840","5.825","24.000","2023-05-29 17:11:35"
"2021-02-06 12:00:00","D","10.884","12.227","9.802","24.000","2023-05-29 17:11:31"
"2021-02-06 18:00:00","W","5.833","5.839","5.829","24.000","2023-05-29 17:11:35"
"2021-02-06 18:00:00","D","10.987","12.259","9.521","24.000","2023-05-29 17:11:31"
"2021-02-07 00:00:00","W","5.844","5.868","5.829","24.000","2023-05-29 17:11:35"
"2021-02-07 00:00:00","D","12.093","16.304","9.977","24.000","2023-05-29 17:11:31"
"2021-02-07 06:00:00","W","5.847","5.868","5.831","24.000","2023-05-29 17:11:35"
"2021-02-07 06:00:00","D","14.957","16.630","12.281","24.000","2023-05-29 17:11:31"
"2021-02-07 12:00:00","W","5.836","5.840","5.830","24.000","2023-05-29 17:11:35"
"2021-02-07 12:00:00","D","12.553","13.176","11.832","24.000","2023-05-29 17:11:31"
"2021-02-07 18:00:00","W","5.836","5.839","5.832","24.000","2023-05-29 17:11:35"
"2021-02-07 18:00:00","D","12.394","13.145","11.877","24.000","2023-05-29 17:11:31"
"2021-02-08 00:00:00","W","5.830","5.832","5.827","24.000","2023-05-29 17:11:35"
"2021-02-08 00:00:00","D","11.468","11.886","10.676","24.000","2023-05-29 17:11:31"
"2021-02-08 06:00:00","W","5.822","5.827","5.817","24.000","2023-05-29 17:11:35"
"2021-02-08 06:00:00","D","9.557","11.274","7.616","24.000","2023-05-29 17:11:31"
"2021-02-08 12:00:00","W","5.819","5.826","5.811","24.000","2023-05-29 17:11:35"
"2021-02-08 12:00:00","D","8.104","10.213","7.227","24.000","2023-05-29 17:11:31"
"2021-02-08 18:00:00","W","5.820","5.823","5.816","24.000","2023-05-29 17:11:35"
"2021-02-08 18:00:00","D","9.037","9.950","8.344","24.000","2023-05-29 17:11:31"
"2021-02-09 00:00:00","W","5.820","5.822","5.818","24.000","2023-05-29 17:11:35"
"2021-02-09 00:00:00","D","8.447","9.019","7.802","24.000","2023-05-29 17:11:31"
"2021-02-09 06:00:00","W","5.813","5.820","5.808","24.000","2023-05-29 17:11:35"
"2021-02-09 06:00:00","D","7.123","8.679","5.968","24.000","2023-05-29 17:11:31"
"2021-02-09 12:00:00","W","5.811","5.818","5.806","24.000","2023-05-29 17:11:35"
"2021-02-09 12:00:00","D","6.628","7.644","5.977","24.000","2023-05-29 17:11:31"
"2021-02-09 18:00:00","W","5.816","5.819","5.813","24.000","2023-05-29 17:11:35"
"2021-02-09 18:00:00","D","7.522","8.174","6.799","24.000","2023-05-29 17:11:31"
"2021-02-10 00:00:00","W","5.819","5.822","5.814","24.000","2023-05-29 17:11:35"
"2021-02-10 00:00:00","D","7.607","8.066","7.245","24.000","2023-05-29 17:11:31"
"2021-02-10 06:00:00","W","5.810","5.813","5.805","24.000","2023-05-29 17:11:35"
"2021-02-10 06:00:00","D","6.306","7.882","5.041","24.000","2023-05-29 17:11:31"
"2021-02-10 12:00:00","W","5.811","5.817","5.805","24.000","2023-05-29 17:11:35"
"2021-02-10 12:00:00","D","5.554","6.600","4.736","24.000","2023-05-29 17:11:31"
"2021-02-10 18:00:00","W","5.814","5.820","5.810","24.000","2023-05-29 17:11:35"
"2021-02-10 18:00:00","D","6.755","7.327","6.059","24.000","2023-05-29 17:11:31"
"2021-02-11 00:00:00","W","5.816","5.819","5.811","24.000","2023-05-29 17:11:35"
"2021-02-11 00:00:00","D","6.697","7.653","6.343","24.000","2023-05-29 17:11:31"
"2021-02-11 06:00:00","W","5.811","5.817","5.806","24.000","2023-05-29 17:11:35"
"2021-02-11 06:00:00","D","5.812","7.057","5.067","24.000","2023-05-29 17:11:31"
"2021-02-11 12:00:00","W","5.811","5.817","5.806","24.000","2023-05-29 17:11:35"
"2021-02-11 12:00:00","D","5.318","7.173","4.371","24.000","2023-05-29 17:11:31"
"2021-02-11 18:00:00","W","5.814","5.819","5.810","24.000","2023-05-29 17:11:35"
"2021-02-11 18:00:00","D","6.748","7.757","5.898","24.000","2023-05-29 17:11:31"
"2021-02-12 00:00:00","W","5.816","5.819","5.811","24.000","2023-05-29 17:11:35"
"2021-02-12 00:00:00","D","6.661","7.333","6.136","24.000","2023-05-29 17:11:31"
"2021-02-12 06:00:00","W","5.808","5.812","5.805","24.000","2023-05-29 17:11:35"
"2021-02-12 06:00:00","D","5.679","6.714","4.409","24.000","2023-05-29 17:11:31"
"2021-02-12 12:00:00","W","5.809","5.817","5.805","24.000","2023-05-29 17:11:35"
"2021-02-12 12:00:00","D","4.935","6.353","4.315","24.000","2023-05-29 17:11:31"
"2021-02-12 18:00:00","W","5.812","5.819","5.808","24.000","2023-05-29 17:11:35"
"2021-02-12 18:00:00","D","5.939","7.001","5.262","24.000","2023-05-29 17:11:31"
"2021-02-13 00:00:00","W","5.811","5.816","5.807","24.000","2023-05-29 17:11:35"
"2021-02-13 00:00:00","D","5.569","6.421","4.666","24.000","2023-05-29 17:11:31"
"2021-02-13 06:00:00","W","5.810","5.814","5.806","24.000","2023-05-29 17:11:35"
"2021-02-13 06:00:00","D","4.341","5.290","2.679","24.000","2023-05-29 17:11:31"
"2021-02-13 12:00:00","W","5.808","5.815","5.804","24.000","2023-05-29 17:11:35"
"2021-02-13 12:00:00","D","3.782","5.052","2.218","24.000","2023-05-29 17:11:31"
"2021-02-13 18:00:00","W","5.814","5.817","5.812","24.000","2023-05-29 17:11:35"
"2021-02-13 18:00:00","D","5.986","6.930","5.233","24.000","2023-05-29 17:11:31"
"2021-02-14 00:00:00","W","5.813","5.817","5.809","24.000","2023-05-29 17:11:35"
"2021-02-14 00:00:00","D","5.394","5.796","4.714","24.000","2023-05-29 17:11:31"
"2021-02-14 06:00:00","W","5.808","5.815","5.804","24.000","2023-05-29 17:11:35"
"2021-02-14 06:00:00","D","4.504","5.479","3.653","24.000","2023-05-29 17:11:31"
"2021-02-14 12:00:00","W","5.808","5.813","5.804","24.000","2023-05-29 17:11:35"
"2021-02-14 12:00:00","D","3.799","4.455","3.072","24.000","2023-05-29 17:11:31"
"2021-02-14 18:00:00","W","5.814","5.819","5.810","24.000","2023-05-29 17:11:35"
"2021-02-14 18:00:00","D","5.605","6.290","4.659","24.000","2023-05-29 17:11:31"
"2021-02-15 00:00:00","W","5.813","5.817","5.808","24.000","2023-05-29 17:11:35"
"2021-02-15 00:00:00","D","5.429","6.400","4.170","24.000","2023-05-29 17:11:31"
"2021-02-15 06:00:00","W","5.813","5.818","5.807","24.000","2023-05-29 17:11:35"
"2021-02-15 06:00:00","D","5.182","6.151","4.056","24.000","2023-05-29 17:11:31"
"2021-02-15 12:00:00","W","5.817","5.823","5.814","24.000","2023-05-29 17:11:35"
"2021-02-15 12:00:00","D","6.406","7.898","4.425","24.000","2023-05-29 17:11:31"
"2021-02-15 18:00:00","W","5.817","5.822","5.813","24.000","2023-05-29 17:11:35"
"2021-02-15 18:00:00","D","7.038","7.845","6.286","24.000","2023-05-29 17:11:31"
"2021-02-16 00:00:00","W","5.814","5.820","5.811","24.000","2023-05-29 17:11:35"
"2021-02-16 00:00:00","D","6.570","7.381","5.898","24.000","2023-05-29 17:11:31"
"2021-02-16 06:00:00","W","5.810","5.813","5.809","24.000","2023-05-29 17:11:35"
"2021-02-16 06:00:00","D","5.371","6.417","4.659","24.000","2023-05-29 17:11:31"
"2021-02-16 12:00:00","W","5.811","5.820","5.806","24.000","2023-05-29 17:11:35"
"2021-02-16 12:00:00","D","5.185","7.223","4.131","24.000","2023-05-29 17:11:31"
"2021-02-16 18:00:00","W","5.823","5.830","5.817","24.000","2023-05-29 17:11:35"
"2021-02-16 18:00:00","D","8.453","9.760","7.016","24.000","2023-05-29 17:11:31"
"2021-02-17 00:00:00","W","5.817","5.822","5.813","24.000","2023-05-29 17:11:35"
"2021-02-17 00:00:00","D","6.999","7.536","6.228","24.000","2023-05-29 17:11:31"
"2021-02-17 06:00:00","W","5.813","5.819","5.809","24.000","2023-05-29 17:11:35"
"2021-02-17 06:00:00","D","6.028","7.373","4.581","24.000","2023-05-29 17:11:31"
"2021-02-17 12:00:00","W","5.811","5.817","5.804","24.000","2023-05-29 17:11:35"
"2021-02-17 12:00:00","D","4.890","5.983","4.074","24.000","2023-05-29 17:11:31"
"2021-02-17 18:00:00","W","5.815","5.821","5.811","24.000","2023-05-29 17:11:35"
"2021-02-17 18:00:00","D","6.712","7.569","5.850","24.000","2023-05-29 17:11:31"
"2021-02-18 00:00:00","W","5.819","5.823","5.816","24.000","2023-05-29 17:11:35"
"2021-02-18 00:00:00","D","8.260","9.290","7.368","24.000","2023-05-29 17:11:31"
"2021-02-18 06:00:00","W","5.812","5.815","5.807","24.000","2023-05-29 17:11:35"
"2021-02-18 06:00:00","D","6.343","7.728","4.972","24.000","2023-05-29 17:11:31"
"2021-02-18 12:00:00","W","5.814","5.820","5.807","24.000","2023-05-29 17:11:35"
"2021-02-18 12:00:00","D","5.666","7.247","4.742","24.000","2023-05-29 17:11:31"
"2021-02-18 18:00:00","W","5.821","5.826","5.814","24.000","2023-05-29 17:11:35"
"2021-02-18 18:00:00","D","8.054","8.894","7.100","24.000","2023-05-29 17:11:31"
"2021-02-19 00:00:00","W","5.815","5.819","5.812","24.000","2023-05-29 17:11:35"
"2021-02-19 00:00:00","D","7.146","7.883","6.653","24.000","2023-05-29 17:11:31"
"2021-02-19 06:00:00","W","5.811","5.818","5.806","24.000","2023-05-29 17:11:35"
"2021-02-19 06:00:00","D","5.842","6.929","4.468","24.000","2023-05-29 17:11:31"
"2021-02-19 12:00:00","W","5.813","5.817","5.809","24.000","2023-05-29 17:11:35"
"2021-02-19 12:00:00","D","4.960","6.559","4.270","24.000","2023-05-29 17:11:31"
"2021-02-19 18:00:00","W","5.815","5.820","5.810","24.000","2023-05-29 17:11:35"
"2021-02-19 18:00:00","D","6.490","7.309","5.947","24.000","2023-05-29 17:11:31"
"2021-02-20 00:00:00","W","5.811","5.813","5.809","24.000","2023-05-29 17:11:35"
"2021-02-20 00:00:00","D","6.004","6.738","5.230","24.000","2023-05-29 17:11:31"
"2021-02-20 06:00:00","W","5.807","5.812","5.803","24.000","2023-05-29 17:11:35"
"2021-02-20 06:00:00","D","5.102","5.962","3.985","24.000","2023-05-29 17:11:31"
"2021-02-20 12:00:00","W","5.807","5.814","5.802","24.000","2023-05-29 17:11:35"
"2021-02-20 12:00:00","D","4.267","6.063","3.345","24.000","2023-05-29 17:11:31"
"2021-02-20 18:00:00","W","5.814","5.820","5.809","24.000","2023-05-29 17:11:35"
"2021-02-20 18:00:00","D","6.277","7.202","5.409","24.000","2023-05-29 17:11:31"
"2021-02-21 00:00:00","W","5.811","5.815","5.806","24.000","2023-05-29 17:11:35"
"2021-02-21 00:00:00","D","5.520","6.167","4.655","24.000","2023-05-29 17:11:31"
"2021-02-21 06:00:00","W","5.805","5.808","5.801","24.000","2023-05-29 17:11:35"
"2021-02-21 06:00:00","D","4.688","5.379","3.746","24.000","2023-05-29 17:11:31"
"2021-02-21 12:00:00","W","5.806","5.811","5.800","24.000","2023-05-29 17:11:35"
"2021-02-21 12:00:00","D","3.711","4.746","3.017","24.000","2023-05-29 17:11:31"
"2021-02-21 18:00:00","W","5.811","5.816","5.807","24.000","2023-05-29 17:11:35"
"2021-02-21 18:00:00","D","5.700","6.868","4.638","24.000","2023-05-29 17:11:31"
"2021-02-22 00:00:00","W","5.809","5.815","5.805","24.000","2023-05-29 17:11:35"
"2021-02-22 00:00:00","D","5.338","6.184","3.583","24.000","2023-05-29 17:11:31"
"2021-02-22 06:00:00","W","5.804","5.813","5.800","24.000","2023-05-29 17:11:35"
"2021-02-22 06:00:00","D","3.956","5.165","2.842","24.000","2023-05-29 17:11:31"
"2021-02-22 12:00:00","W","5.805","5.812","5.799","24.000","2023-05-29 17:11:35"
"2021-02-22 12:00:00","D","3.626","5.110","2.301","24.000","2023-05-29 17:11:31"
"2021-02-22 18:00:00","W","5.808","5.812","5.805","24.000","2023-05-29 17:11:35"
"2021-02-22 18:00:00","D","4.963","5.726","4.368","24.000","2023-05-29 17:11:31"
"2021-02-23 00:00:00","W","5.807","5.811","5.803","24.000","2023-05-29 17:11:35"
"2021-02-23 00:00:00","D","4.829","5.694","3.523","24.000","2023-05-29 17:11:31"
"2021-02-23 06:00:00","W","5.804","5.807","5.798","24.000","2023-05-29 17:11:35"
"2021-02-23 06:00:00","D","4.263","5.168","3.161","24.000","2023-05-29 17:11:31"
"2021-02-23 12:00:00","W","5.805","5.812","5.798","24.000","2023-05-29 17:11:35"
"2021-02-23 12:00:00","D","3.721","5.783","2.609","24.000","2023-05-29 17:11:31"
"2021-02-23 18:00:00","W","5.809","5.814","5.803","24.000","2023-05-29 17:11:35"
"2021-02-23 18:00:00","D","5.422","6.327","4.159","24.000","2023-05-29 17:11:31"
"2021-02-24 00:00:00","W","5.806","5.811","5.803","24.000","2023-05-29 17:11:35"
"2021-02-24 00:00:00","D","4.756","5.397","3.721","24.000","2023-05-29 17:11:31"
"2021-02-24 06:00:00","W","5.804","5.810","5.799","24.000","2023-05-29 17:11:35"
"2021-02-24 06:00:00","D","4.181","5.381","3.389","24.000","2023-05-29 17:11:31"
"2021-02-24 12:00:00","W","5.802","5.810","5.798","24.000","2023-05-29 17:11:35"
"2021-02-24 12:00:00","D","3.683","4.759","2.772","24.000","2023-05-29 17:11:31"
"2021-02-24 18:00:00","W","5.807","5.811","5.803","24.000","2023-05-29 17:11:35"
"2021-02-24 18:00:00","D","5.092","6.062","4.481","24.000","2023-05-29 17:11:32"
"2021-02-25 00:00:00","W","5.807","5.811","5.803","24.000","2023-05-29 17:11:35"
"2021-02-25 00:00:00","D","4.809","5.334","4.128","24.000","2023-05-29 17:11:32"
"2021-02-25 06:00:00","W","5.803","5.808","5.798","24.000","2023-05-29 17:11:35"
"2021-02-25 06:00:00","D","3.738","4.630","3.037","24.000","2023-05-29 17:11:32"
"2021-02-25 12:00:00","W","5.802","5.808","5.797","24.000","2023-05-29 17:11:35"
"2021-02-25 12:00:00","D","3.468","5.133","2.608","24.000","2023-05-29 17:11:32"
"2021-02-25 18:00:00","W","5.807","5.810","5.803","24.000","2023-05-29 17:11:35"
"2021-02-25 18:00:00","D","4.804","5.668","3.991","24.000","2023-05-29 17:11:32"
"2021-02-26 00:00:00","W","5.807","5.811","5.804","24.000","2023-05-29 17:11:35"
"2021-02-26 00:00:00","D","4.527","5.404","3.655","24.000","2023-05-29 17:11:32"
"2021-02-26 06:00:00","W","5.803","5.806","5.798","24.000","2023-05-29 17:11:35"
"2021-02-26 06:00:00","D","3.723","5.477","2.813","24.000","2023-05-29 17:11:32"
"2021-02-26 12:00:00","W","5.803","5.810","5.796","24.000","2023-05-29 17:11:35"
"2021-02-26 12:00:00","D","3.268","4.750","2.584","24.000","2023-05-29 17:11:32"
"2021-02-26 18:00:00","W","5.806","5.809","5.802","24.000","2023-05-29 17:11:35"
"2021-02-26 18:00:00","D","4.801","5.414","4.183","24.000","2023-05-29 17:11:32"
"2021-02-27 00:00:00","W","5.805","5.808","5.801","24.000","2023-05-29 17:11:35"
"2021-02-27 00:00:00","D","4.306","5.154","3.554","24.000","2023-05-29 17:11:32"
"2021-02-27 06:00:00","W","5.800","5.804","5.796","24.000","2023-05-29 17:11:35"
"2021-02-27 06:00:00","D","3.519","4.682","2.240","24.000","2023-05-29 17:11:32"
"2021-02-27 12:00:00","W","5.801","5.805","5.797","24.000","2023-05-29 17:11:35"
"2021-02-27 12:00:00","D","2.941","4.366","2.000","24.000","2023-05-29 17:11:32"
"2021-02-27 18:00:00","W","5.806","5.810","5.800","24.000","2023-05-29 17:11:35"
"2021-02-27 18:00:00","D","4.848","5.232","4.221","24.000","2023-05-29 17:11:32"
"2021-02-28 00:00:00","W","5.803","5.807","5.799","24.000","2023-05-29 17:11:35"
"2021-02-28 00:00:00","D","4.283","5.134","3.615","24.000","2023-05-29 17:11:32"
"2021-02-28 06:00:00","W","5.801","5.807","5.797","24.000","2023-05-29 17:11:35"
"2021-02-28 06:00:00","D","3.448","4.143","2.457","24.000","2023-05-29 17:11:32"
"2021-02-28 12:00:00","W","5.801","5.805","5.794","24.000","2023-05-29 17:11:35"
"2021-02-28 12:00:00","D","2.827","3.984","2.115","24.000","2023-05-29 17:11:32"
"2021-02-28 18:00:00","W","5.805","5.810","5.801","24.000","2023-05-29 17:11:35"
"2021-02-28 18:00:00","D","5.064","5.733","3.735","24.000","2023-05-29 17:11:32"
"2021-03-01 00:00:00","W","5.804","5.807","5.799","24.000","2023-05-29 17:11:35"
"2021-03-01 00:00:00","D","4.348","4.839","3.524","24.000","2023-05-29 17:11:32"
"2021-03-01 06:00:00","W","5.797","5.799","5.794","24.000","2023-05-29 17:11:35"
"2021-03-01 06:00:00","D","3.276","4.455","1.954","24.000","2023-05-29 17:11:32"
"2021-03-01 12:00:00","W","5.800","5.805","5.793","24.000","2023-05-29 17:11:35"
"2021-03-01 12:00:00","D","2.553","4.912","0.740","24.000","2023-05-29 17:11:32"
"2021-03-01 18:00:00","W","5.803","5.807","5.799","24.000","2023-05-29 17:11:35"
"2021-03-01 18:00:00","D","4.481","5.009","3.973","24.000","2023-05-29 17:11:32"
"2021-03-02 00:00:00","W","5.804","5.807","5.798","24.000","2023-05-29 17:11:35"
"2021-03-02 00:00:00","D","3.917","4.482","3.391","24.000","2023-05-29 17:11:32"
"2021-03-02 06:00:00","W","5.798","5.804","5.793","24.000","2023-05-29 17:11:35"
"2021-03-02 06:00:00","D","3.383","4.736","1.455","24.000","2023-05-29 17:11:32"
"2021-03-02 12:00:00","W","5.799","5.804","5.793","24.000","2023-05-29 17:11:35"
"2021-03-02 12:00:00","D","2.445","3.413","1.227","24.000","2023-05-29 17:11:32"
"2021-03-02 18:00:00","W","5.802","5.807","5.798","24.000","2023-05-29 17:11:35"
"2021-03-02 18:00:00","D","3.647","4.348","3.040","24.000","2023-05-29 17:11:32"
"2021-03-03 00:00:00","W","5.801","5.806","5.796","24.000","2023-05-29 17:11:35"
"2021-03-03 00:00:00","D","3.488","4.199","2.677","24.000","2023-05-29 17:11:32"
"2021-03-03 06:00:00","W","5.797","5.799","5.794","24.000","2023-05-29 17:11:35"
"2021-03-03 06:00:00","D","2.788","4.119","1.750","24.000","2023-05-29 17:11:32"
"2021-03-03 12:00:00","W","5.798","5.805","5.794","24.000","2023-05-29 17:11:35"
"2021-03-03 12:00:00","D","2.089","3.678","1.102","24.000","2023-05-29 17:11:32"
"2021-03-03 18:00:00","W","5.807","5.824","5.799","24.000","2023-05-29 17:11:35"
"2021-03-03 18:00:00","D","4.522","7.675","3.289","24.000","2023-05-29 17:11:32"
"2021-03-04 00:00:00","W","5.820","5.832","5.809","24.000","2023-05-29 17:11:35"
"2021-03-04 00:00:00","D","8.987","11.450","5.760","24.000","2023-05-29 17:11:32"
"2021-03-04 06:00:00","W","5.803","5.810","5.798","24.000","2023-05-29 17:11:35"
"2021-03-04 06:00:00","D","4.263","5.732","3.332","24.000","2023-05-29 17:11:32"
"2021-03-04 12:00:00","W","5.803","5.809","5.797","24.000","2023-05-29 17:11:35"
"2021-03-04 12:00:00","D","3.691","4.356","2.870","24.000","2023-05-29 17:11:32"
"2021-03-04 18:00:00","W","5.804","5.807","5.800","24.000","2023-05-29 17:11:35"
"2021-03-04 18:00:00","D","4.265","4.994","3.643","24.000","2023-05-29 17:11:32"
"2021-03-05 00:00:00","W","5.803","5.807","5.794","24.000","2023-05-29 17:11:35"
"2021-03-05 00:00:00","D","3.678","4.810","2.245","24.000","2023-05-29 17:11:32"
"2021-03-05 06:00:00","W","5.800","5.805","5.795","24.000","2023-05-29 17:11:35"
"2021-03-05 06:00:00","D","2.982","3.926","1.690","24.000","2023-05-29 17:11:32"
"2021-03-05 12:00:00","W","5.799","5.808","5.794","24.000","2023-05-29 17:11:35"
"2021-03-05 12:00:00","D","2.520","3.823","1.496","24.000","2023-05-29 17:11:32"
"2021-03-05 18:00:00","W","5.804","5.808","5.799","24.000","2023-05-29 17:11:35"
"2021-03-05 18:00:00","D","3.864","4.548","2.949","24.000","2023-05-29 17:11:32"
"2021-03-06 00:00:00","W","5.804","5.807","5.800","24.000","2023-05-29 17:11:35"
"2021-03-06 00:00:00","D","3.403","4.308","1.861","24.000","2023-05-29 17:11:32"
"2021-03-06 06:00:00","W","5.798","5.803","5.796","24.000","2023-05-29 17:11:35"
"2021-03-06 06:00:00","D","2.833","3.854","1.162","24.000","2023-05-29 17:11:32"
"2021-03-06 12:00:00","W","5.800","5.805","5.795","24.000","2023-05-29 17:11:35"
"2021-03-06 12:00:00","D","2.220","3.315","1.262","24.000","2023-05-29 17:11:32"
"2021-03-06 18:00:00","W","5.805","5.811","5.802","24.000","2023-05-29 17:11:35"
"2021-03-06 18:00:00","D","4.006","4.719","3.478","24.000","2023-05-29 17:11:32"
"2021-03-07 00:00:00","W","5.802","5.806","5.798","24.000","2023-05-29 17:11:35"
"2021-03-07 00:00:00","D","3.208","4.190","1.201","24.000","2023-05-29 17:11:32"
"2021-03-07 06:00:00","W","5.800","5.806","5.795","24.000","2023-05-29 17:11:35"
"2021-03-07 06:00:00","D","2.853","4.304","1.457","24.000","2023-05-29 17:11:32"
"2021-03-07 12:00:00","W","5.799","5.805","5.794","24.000","2023-05-29 17:11:35"
"2021-03-07 12:00:00","D","2.375","3.533","1.542","24.000","2023-05-29 17:11:32"
"2021-03-07 18:00:00","W","5.804","5.809","5.799","24.000","2023-05-29 17:11:35"
"2021-03-07 18:00:00","D","4.736","5.678","3.777","24.000","2023-05-29 17:11:32"
"2021-03-08 00:00:00","W","5.805","5.808","5.802","24.000","2023-05-29 17:11:35"
"2021-03-08 00:00:00","D","3.962","4.802","2.731","24.000","2023-05-29 17:11:32"
"2021-03-08 06:00:00","W","5.800","5.805","5.795","24.000","2023-05-29 17:11:35"
"2021-03-08 06:00:00","D","2.906","4.119","1.729","24.000","2023-05-29 17:11:32"
"2021-03-08 12:00:00","W","5.801","5.806","5.796","24.000","2023-05-29 17:11:35"
"2021-03-08 12:00:00","D","2.503","3.761","1.074","24.000","2023-05-29 17:11:32"
"2021-03-08 18:00:00","W","5.803","5.806","5.798","24.000","2023-05-29 17:11:35"
"2021-03-08 18:00:00","D","3.645","4.448","2.760","24.000","2023-05-29 17:11:32"
"2021-03-09 00:00:00","W","5.803","5.806","5.797","24.000","2023-05-29 17:11:35"
"2021-03-09 00:00:00","D","3.438","4.155","2.534","24.000","2023-05-29 17:11:32"
"2021-03-09 06:00:00","W","5.796","5.803","5.793","24.000","2023-05-29 17:11:35"
"2021-03-09 06:00:00","D","2.308","3.414","1.223","24.000","2023-05-29 17:11:32"
"2021-03-09 12:00:00","W","5.800","5.806","5.795","24.000","2023-05-29 17:11:35"
"2021-03-09 12:00:00","D","2.162","4.021","1.079","24.000","2023-05-29 17:11:32"
"2021-03-09 18:00:00","W","5.802","5.808","5.798","24.000","2023-05-29 17:11:35"
"2021-03-09 18:00:00","D","3.238","3.863","2.739","24.000","2023-05-29 17:11:32"
"2021-03-10 00:00:00","W","5.801","5.807","5.796","24.000","2023-05-29 17:11:35"
"2021-03-10 00:00:00","D","3.488","4.125","3.077","24.000","2023-05-29 17:11:32"
"2021-03-10 06:00:00","W","5.798","5.801","5.794","24.000","2023-05-29 17:11:35"
"2021-03-10 06:00:00","D","2.628","3.790","1.612","24.000","2023-05-29 17:11:32"
"2021-03-10 12:00:00","W","5.798","5.805","5.794","24.000","2023-05-29 17:11:35"
"2021-03-10 12:00:00","D","2.190","3.430","1.445","24.000","2023-05-29 17:11:32"
"2021-03-10 18:00:00","W","5.806","5.810","5.801","24.000","2023-05-29 17:11:35"
"2021-03-10 18:00:00","D","3.959","4.777","2.698","24.000","2023-05-29 17:11:32"
"2021-03-11 00:00:00","W","5.805","5.813","5.799","24.000","2023-05-29 17:11:35"
"2021-03-11 00:00:00","D","4.179","5.421","3.021","24.000","2023-05-29 17:11:32"
"2021-03-11 06:00:00","W","5.810","5.826","5.798","24.000","2023-05-29 17:11:35"
"2021-03-11 06:00:00","D","5.279","9.088","2.865","24.000","2023-05-29 17:11:32"
"2021-03-11 12:00:00","W","5.809","5.818","5.804","24.000","2023-05-29 17:11:35"
"2021-03-11 12:00:00","D","5.739","8.031","4.457","24.000","2023-05-29 17:11:32"
"2021-03-11 18:00:00","W","5.806","5.811","5.803","24.000","2023-05-29 17:11:35"
"2021-03-11 18:00:00","D","4.645","5.505","3.331","24.000","2023-05-29 17:11:32"
"2021-03-12 00:00:00","W","5.805","5.809","5.801","24.000","2023-05-29 17:11:35"
"2021-03-12 00:00:00","D","4.439","5.675","3.635","24.000","2023-05-29 17:11:32"
"2021-03-12 06:00:00","W","5.800","5.806","5.795","24.000","2023-05-29 17:11:35"
"2021-03-12 06:00:00","D","3.287","4.592","1.896","24.000","2023-05-29 17:11:32"
"2021-03-12 12:00:00","W","5.802","5.810","5.796","24.000","2023-05-29 17:11:35"
"2021-03-12 12:00:00","D","2.933","4.665","1.517","24.000","2023-05-29 17:11:32"
"2021-03-12 18:00:00","W","5.805","5.810","5.799","24.000","2023-05-29 17:11:35"
"2021-03-12 18:00:00","D","4.480","5.558","3.393","24.000","2023-05-29 17:11:32"
"2021-03-13 00:00:00","W","5.803","5.806","5.799","24.000","2023-05-29 17:11:35"
"2021-03-13 00:00:00","D","3.468","4.165","2.570","24.000","2023-05-29 17:11:32"
"2021-03-13 06:00:00","W","5.810","5.823","5.802","24.000","2023-05-29 17:11:35"
"2021-03-13 06:00:00","D","5.752","8.138","3.453","24.000","2023-05-29 17:11:32"
"2021-03-13 12:00:00","W","5.802","5.807","5.799","24.000","2023-05-29 17:11:35"
"2021-03-13 12:00:00","D","3.654","5.009","2.704","24.000","2023-05-29 17:11:32"
"2021-03-13 18:00:00","W","5.804","5.808","5.801","24.000","2023-05-29 17:11:35"
"2021-03-13 18:00:00","D","4.858","5.652","3.978","24.000","2023-05-29 17:11:32"
"2021-03-14 00:00:00","W","5.803","5.807","5.799","24.000","2023-05-29 17:11:35"
"2021-03-14 00:00:00","D","4.096","4.960","2.975","24.000","2023-05-29 17:11:32"
"2021-03-14 06:00:00","W","5.797","5.803","5.794","24.000","2023-05-29 17:11:35"
"2021-03-14 06:00:00","D","3.519","4.585","2.612","24.000","2023-05-29 17:11:32"
"2021-03-14 12:00:00","W","5.799","5.803","5.793","24.000","2023-05-29 17:11:35"
"2021-03-14 12:00:00","D","2.520","3.449","1.834","24.000","2023-05-29 17:11:32"
"2021-03-14 18:00:00","W","5.803","5.808","5.798","24.000","2023-05-29 17:11:35"
"2021-03-14 18:00:00","D","3.845","4.784","2.851","24.000","2023-05-29 17:11:32"
"2021-03-15 00:00:00","W","5.801","5.806","5.798","24.000","2023-05-29 17:11:35"
"2021-03-15 00:00:00","D","3.322","3.937","2.557","24.000","2023-05-29 17:11:32"
"2021-03-15 06:00:00","W","5.797","5.801","5.793","24.000","2023-05-29 17:11:35"
"2021-03-15 06:00:00","D","2.626","3.566","0.977","24.000","2023-05-29 17:11:32"
"2021-03-15 12:00:00","W","5.797","5.803","5.792","24.000","2023-05-29 17:11:35"
"2021-03-15 12:00:00","D","2.443","3.807","0.848","24.000","2023-05-29 17:11:32"
"2021-03-15 18:00:00","W","5.801","5.805","5.798","24.000","2023-05-29 17:11:35"
"2021-03-15 18:00:00","D","3.818","4.691","2.985","24.000","2023-05-29 17:11:32"
"2021-03-16 00:00:00","W","5.803","5.806","5.798","24.000","2023-05-29 17:11:35"
"2021-03-16 00:00:00","D","3.476","4.082","2.929","24.000","2023-05-29 17:11:32"
"2021-03-16 06:00:00","W","5.797","5.804","5.791","24.000","2023-05-29 17:11:35"
"2021-03-16 06:00:00","D","2.879","3.595","1.996","24.000","2023-05-29 17:11:32"
"2021-03-16 12:00:00","W","5.797","5.804","5.793","24.000","2023-05-29 17:11:35"
"2021-03-16 12:00:00","D","2.655","4.015","1.990","24.000","2023-05-29 17:11:32"
"2021-03-16 18:00:00","W","5.801","5.806","5.795","24.000","2023-05-29 17:11:35"
"2021-03-16 18:00:00","D","3.429","3.900","2.720","24.000","2023-05-29 17:11:32"
"2021-03-17 00:00:00","W","5.800","5.803","5.795","24.000","2023-05-29 17:11:35"
"2021-03-17 00:00:00","D","3.515","4.169","2.712","24.000","2023-05-29 17:11:32"
"2021-03-17 06:00:00","W","5.797","5.800","5.792","24.000","2023-05-29 17:11:35"
"2021-03-17 06:00:00","D","2.749","3.533","1.847","24.000","2023-05-29 17:11:32"
"2021-03-17 12:00:00","W","5.798","5.802","5.791","24.000","2023-05-29 17:11:35"
"2021-03-17 12:00:00","D","2.521","3.827","1.758","24.000","2023-05-29 17:11:32"
"2021-03-17 18:00:00","W","5.802","5.807","5.796","24.000","2023-05-29 17:11:35"
"2021-03-17 18:00:00","D","3.493","4.297","2.625","24.000","2023-05-29 17:11:32"
"2021-03-18 00:00:00","W","5.804","5.807","5.800","24.000","2023-05-29 17:11:35"
"2021-03-18 00:00:00","D","3.470","4.301","2.807","24.000","2023-05-29 17:11:32"
"2021-03-18 06:00:00","W","5.798","5.804","5.794","24.000","2023-05-29 17:11:35"
"2021-03-18 06:00:00","D","2.703","3.865","1.484","24.000","2023-05-29 17:11:32"
"2021-03-18 12:00:00","W","5.800","5.806","5.797","24.000","2023-05-29 17:11:35"
"2021-03-18 12:00:00","D","2.563","3.801","1.659","24.000","2023-05-29 17:11:32"
"2021-03-18 18:00:00","W","5.800","5.805","5.798","24.000","2023-05-29 17:11:35"
"2021-03-18 18:00:00","D","3.256","3.752","2.413","24.000","2023-05-29 17:11:32"
"2021-03-19 00:00:00","W","5.802","5.807","5.797","24.000","2023-05-29 17:11:35"
"2021-03-19 00:00:00","D","3.621","4.376","2.876","24.000","2023-05-29 17:11:32"
"2021-03-19 06:00:00","W","5.797","5.800","5.794","24.000","2023-05-29 17:11:35"
"2021-03-19 06:00:00","D","2.804","3.721","1.528","24.000","2023-05-29 17:11:32"
"2021-03-19 12:00:00","W","5.800","5.804","5.795","24.000","2023-05-29 17:11:35"
"2021-03-19 12:00:00","D","2.489","4.069","1.162","24.000","2023-05-29 17:11:32"
"2021-03-19 18:00:00","W","5.802","5.807","5.797","24.000","2023-05-29 17:11:35"
"2021-03-19 18:00:00","D","3.503","4.613","2.918","24.000","2023-05-29 17:11:32"
"2021-03-20 00:00:00","W","5.802","5.806","5.799","24.000","2023-05-29 17:11:35"
"2021-03-20 00:00:00","D","3.507","4.522","2.880","24.000","2023-05-29 17:11:32"
"2021-03-20 06:00:00","W","5.799","5.805","5.793","24.000","2023-05-29 17:11:35"
"2021-03-20 06:00:00","D","2.543","3.570","1.132","24.000","2023-05-29 17:11:32"
"2021-03-20 12:00:00","W","5.797","5.806","5.793","24.000","2023-05-29 17:11:35"
"2021-03-20 12:00:00","D","2.090","4.237","0.626","24.000","2023-05-29 17:11:32"
"2021-03-20 18:00:00","W","5.804","5.808","5.799","24.000","2023-05-29 17:11:35"
"2021-03-20 18:00:00","D","3.831","4.951","3.001","24.000","2023-05-29 17:11:32"
"2021-03-21 00:00:00","W","5.801","5.805","5.797","24.000","2023-05-29 17:11:35"
"2021-03-21 00:00:00","D","3.450","3.902","2.601","24.000","2023-05-29 17:11:32"
"2021-03-21 06:00:00","W","5.798","5.805","5.792","24.000","2023-05-29 17:11:35"
"2021-03-21 06:00:00","D","2.579","3.450","1.574","24.000","2023-05-29 17:11:32"
"2021-03-21 12:00:00","W","5.797","5.805","5.792","24.000","2023-05-29 17:11:35"
"2021-03-21 12:00:00","D","2.059","3.277","1.182","24.000","2023-05-29 17:11:32"
"2021-03-21 18:00:00","W","5.803","5.807","5.799","24.000","2023-05-29 17:11:35"
"2021-03-21 18:00:00","D","3.625","4.157","2.757","24.000","2023-05-29 17:11:32"
"2021-03-22 00:00:00","W","5.802","5.807","5.797","24.000","2023-05-29 17:11:35"
"2021-03-22 00:00:00","D","3.345","3.858","2.675","24.000","2023-05-29 17:11:32"
"2021-03-22 06:00:00","W","5.798","5.803","5.795","24.000","2023-05-29 17:11:35"
"2021-03-22 06:00:00","D","2.674","3.494","1.261","24.000","2023-05-29 17:11:32"
"2021-03-22 12:00:00","W","5.798","5.804","5.792","24.000","2023-05-29 17:11:35"
"2021-03-22 12:00:00","D","2.000","3.892","0.942","24.000","2023-05-29 17:11:32"
"2021-03-22 18:00:00","W","5.802","5.807","5.797","24.000","2023-05-29 17:11:35"
"2021-03-22 18:00:00","D","3.242","3.842","2.679","24.000","2023-05-29 17:11:32"
"2021-03-23 00:00:00","W","5.803","5.808","5.798","24.000","2023-05-29 17:11:35"
"2021-03-23 00:00:00","D","3.583","4.594","2.982","24.000","2023-05-29 17:11:32"
"2021-03-23 06:00:00","W","5.799","5.803","5.795","24.000","2023-05-29 17:11:35"
"2021-03-23 06:00:00","D","2.333","3.539","1.133","24.000","2023-05-29 17:11:32"
"2021-03-23 12:00:00","W","5.799","5.806","5.793","24.000","2023-05-29 17:11:35"
"2021-03-23 12:00:00","D","1.857","3.536","0.795","24.000","2023-05-29 17:11:32"
"2021-03-23 18:00:00","W","5.800","5.805","5.794","24.000","2023-05-29 17:11:35"
"2021-03-23 18:00:00","D","3.056","3.988","2.514","24.000","2023-05-29 17:11:32"
"2021-03-24 00:00:00","W","5.802","5.806","5.798","24.000","2023-05-29 17:11:35"
"2021-03-24 00:00:00","D","3.482","4.209","2.848","24.000","2023-05-29 17:11:32"
"2021-03-24 06:00:00","W","5.798","5.804","5.788","24.000","2023-05-29 17:11:35"
"2021-03-24 06:00:00","D","2.472","3.533","1.313","24.000","2023-05-29 17:11:32"
"2021-03-24 12:00:00","W","5.799","5.805","5.795","24.000","2023-05-29 17:11:35"
"2021-03-24 12:00:00","D","2.124","3.443","1.007","24.000","2023-05-29 17:11:32"
"2021-03-24 18:00:00","W","5.801","5.806","5.797","24.000","2023-05-29 17:11:35"
"2021-03-24 18:00:00","D","2.864","3.586","2.371","24.000","2023-05-29 17:11:32"
"2021-03-25 00:00:00","W","5.804","5.807","5.798","24.000","2023-05-29 17:11:35"
"2021-03-25 00:00:00","D","3.326","4.116","2.336","24.000","2023-05-29 17:11:32"
"2021-03-25 06:00:00","W","5.798","5.803","5.794","24.000","2023-05-29 17:11:35"
"2021-03-25 06:00:00","D","2.200","2.974","0.964","24.000","2023-05-29 17:11:32"
"2021-03-25 12:00:00","W","5.800","5.804","5.793","24.000","2023-05-29 17:11:35"
"2021-03-25 12:00:00","D","2.275","4.020","1.208","24.000","2023-05-29 17:11:32"
"2021-03-25 18:00:00","W","5.802","5.806","5.798","24.000","2023-05-29 17:11:35"
"2021-03-25 18:00:00","D","3.033","4.357","2.192","24.000","2023-05-29 17:11:32"
"2021-03-26 00:00:00","W","5.803","5.806","5.800","24.000","2023-05-29 17:11:35"
"2021-03-26 00:00:00","D","3.518","4.376","2.802","24.000","2023-05-29 17:11:32"
"2021-03-26 06:00:00","W","5.798","5.805","5.791","24.000","2023-05-29 17:11:35"
"2021-03-26 06:00:00","D","2.458","3.642","1.300","24.000","2023-05-29 17:11:32"
"2021-03-26 12:00:00","W","5.798","5.805","5.791","24.000","2023-05-29 17:11:35"
"2021-03-26 12:00:00","D","1.973","3.205","1.060","24.000","2023-05-29 17:11:32"
"2021-03-26 18:00:00","W","5.810","5.819","5.802","24.000","2023-05-29 17:11:35"
"2021-03-26 18:00:00","D","5.612","8.416","2.912","24.000","2023-05-29 17:11:32"
"2021-03-27 00:00:00","W","5.806","5.812","5.802","24.000","2023-05-29 17:11:35"
"2021-03-27 00:00:00","D","4.469","6.340","3.664","24.000","2023-05-29 17:11:32"
"2021-03-27 06:00:00","W","5.786","5.804","5.768","24.000","2023-05-29 17:11:35"
"2021-03-27 06:00:00","D","2.906","3.697","2.237","24.000","2023-05-29 17:11:32"
"2021-03-27 12:00:00","W","5.768","5.775","5.765","24.000","2023-05-29 17:11:35"
"2021-03-27 12:00:00","D","2.060","3.165","1.614","24.000","2023-05-29 17:11:32"
"2021-03-27 18:00:00","W","5.800","5.807","5.775","24.000","2023-05-29 17:11:35"
"2021-03-27 18:00:00","D","3.782","4.356","2.641","24.000","2023-05-29 17:11:32"
"2021-03-28 00:00:00","W","5.803","5.806","5.799","24.000","2023-05-29 17:11:35"
"2021-03-28 00:00:00","D","3.493","4.048","3.244","24.000","2023-05-29 17:11:32"
"2021-03-28 06:00:00","W","5.799","5.804","5.794","24.000","2023-05-29 17:11:35"
"2021-03-28 06:00:00","D","2.913","3.578","1.751","24.000","2023-05-29 17:11:32"
"2021-03-28 12:00:00","W","5.798","5.804","5.794","24.000","2023-05-29 17:11:35"
"2021-03-28 12:00:00","D","1.913","3.049","1.148","24.000","2023-05-29 17:11:32"
"2021-03-28 18:00:00","W","5.804","5.809","5.800","24.000","2023-05-29 17:11:35"
"2021-03-28 18:00:00","D","3.867","4.514","3.194","24.000","2023-05-29 17:11:32"
"2021-03-29 00:00:00","W","5.805","5.808","5.800","24.000","2023-05-29 17:11:35"
"2021-03-29 00:00:00","D","3.896","4.136","3.562","24.000","2023-05-29 17:11:32"
"2021-03-29 06:00:00","W","5.798","5.801","5.795","24.000","2023-05-29 17:11:35"
"2021-03-29 06:00:00","D","2.549","3.790","1.923","24.000","2023-05-29 17:11:32"
"2021-03-29 12:00:00","W","5.800","5.807","5.796","24.000","2023-05-29 17:11:35"
"2021-03-29 12:00:00","D","2.676","3.885","1.879","24.000","2023-05-29 17:11:32"
"2021-03-29 18:00:00","W","5.803","5.807","5.798","24.000","2023-05-29 17:11:35"
"2021-03-29 18:00:00","D","3.414","3.941","2.871","24.000","2023-05-29 17:11:32"
"2021-03-30 00:00:00","W","5.803","5.808","5.799","24.000","2023-05-29 17:11:35"
"2021-03-30 00:00:00","D","3.490","4.069","3.035","24.000","2023-05-29 17:11:32"
"2021-03-30 06:00:00","W","5.797","5.800","5.793","24.000","2023-05-29 17:11:35"
"2021-03-30 06:00:00","D","2.056","2.852","1.089","24.000","2023-05-29 17:11:32"
"2021-03-30 12:00:00","W","5.800","5.806","5.794","24.000","2023-05-29 17:11:35"
"2021-03-30 12:00:00","D","2.288","3.602","1.142","24.000","2023-05-29 17:11:32"
"2021-03-30 18:00:00","W","5.802","5.805","5.798","24.000","2023-05-29 17:11:35"
"2021-03-30 18:00:00","D","3.228","3.830","2.224","24.000","2023-05-29 17:11:32"
"2021-03-31 00:00:00","W","5.803","5.807","5.797","24.000","2023-05-29 17:11:35"
"2021-03-31 00:00:00","D","3.174","3.805","2.586","24.000","2023-05-29 17:11:32"
"2021-03-31 06:00:00","W","5.799","5.803","5.794","24.000","2023-05-29 17:11:35"
"2021-03-31 06:00:00","D","2.269","3.555","1.216","24.000","2023-05-29 17:11:32"
"2021-03-31 12:00:00","W","5.800","5.806","5.794","24.000","2023-05-29 17:11:35"
"2021-03-31 12:00:00","D","2.264","3.473","1.402","24.000","2023-05-29 17:11:32"
"2021-03-31 18:00:00","W","5.801","5.806","5.797","24.000","2023-05-29 17:11:35"
"2021-03-31 18:00:00","D","2.596","3.174","1.656","24.000","2023-05-29 17:11:32"
"2021-04-01 00:00:00","W","5.803","5.806","5.798","24.000","2023-05-29 17:11:35"
"2021-04-01 00:00:00","D","3.058","3.516","2.378","24.000","2023-05-29 17:11:32"
"2021-04-01 06:00:00","W","5.796","5.800","5.793","24.000","2023-05-29 17:11:35"
"2021-04-01 06:00:00","D","1.970","3.037","0.848","24.000","2023-05-29 17:11:32"
"2021-04-01 12:00:00","W","5.800","5.806","5.798","24.000","2023-05-29 17:11:35"
"2021-04-01 12:00:00","D","2.010","3.180","1.063","24.000","2023-05-29 17:11:32"
"2021-04-01 18:00:00","W","5.801","5.806","5.797","24.000","2023-05-29 17:11:35"
"2021-04-01 18:00:00","D","2.832","3.447","2.285","24.000","2023-05-29 17:11:32"
"2021-04-02 00:00:00","W","5.801","5.806","5.796","24.000","2023-05-29 17:11:35"
"2021-04-02 00:00:00","D","2.830","3.654","2.157","24.000","2023-05-29 17:11:32"
"2021-04-02 06:00:00","W","5.797","5.802","5.793","24.000","2023-05-29 17:11:35"
"2021-04-02 06:00:00","D","1.902","2.516","1.305","24.000","2023-05-29 17:11:32"
"2021-04-02 12:00:00","W","5.799","5.804","5.794","24.000","2023-05-29 17:11:35"
"2021-04-02 12:00:00","D","1.645","3.042","0.743","24.000","2023-05-29 17:11:32"
"2021-04-02 18:00:00","W","5.801","5.807","5.796","24.000","2023-05-29 17:11:35"
"2021-04-02 18:00:00","D","3.165","4.304","2.301","24.000","2023-05-29 17:11:32"
"2021-04-03 00:00:00","W","5.798","5.802","5.796","24.000","2023-05-29 17:11:35"
"2021-04-03 00:00:00","D","2.955","3.419","2.347","24.000","2023-05-29 17:11:32"
"2021-04-03 06:00:00","W","5.797","5.799","5.792","24.000","2023-05-29 17:11:35"
"2021-04-03 06:00:00","D","1.722","2.475","0.883","24.000","2023-05-29 17:11:32"
"2021-04-03 12:00:00","W","5.798","5.805","5.792","24.000","2023-05-29 17:11:35"
"2021-04-03 12:00:00","D","1.332","3.163","0.138","24.000","2023-05-29 17:11:32"
"2021-04-03 18:00:00","W","5.801","5.804","5.796","24.000","2023-05-29 17:11:35"
"2021-04-03 18:00:00","D","2.989","4.138","2.409","24.000","2023-05-29 17:11:32"
"2021-04-04 00:00:00","W","5.800","5.805","5.796","24.000","2023-05-29 17:11:35"
"2021-04-04 00:00:00","D","2.720","3.335","1.695","24.000","2023-05-29 17:11:32"
"2021-04-04 06:00:00","W","5.798","5.802","5.793","24.000","2023-05-29 17:11:35"
"2021-04-04 06:00:00","D","1.722","2.611","0.337","24.000","2023-05-29 17:11:32"
"2021-04-04 12:00:00","W","5.797","5.805","5.792","24.000","2023-05-29 17:11:35"
"2021-04-04 12:00:00","D","1.560","2.847","0.806","24.000","2023-05-29 17:11:32"
"2021-04-04 18:00:00","W","5.804","5.809","5.799","24.000","2023-05-29 17:11:35"
"2021-04-04 18:00:00","D","3.162","4.527","2.207","24.000","2023-05-29 17:11:32"
"2021-04-05 00:00:00","W","5.801","5.806","5.796","24.000","2023-05-29 17:11:35"
"2021-04-05 00:00:00","D","2.623","3.811","1.948","24.000","2023-05-29 17:11:32"
"2021-04-05 06:00:00","W","5.795","5.799","5.792","24.000","2023-05-29 17:11:35"
"2021-04-05 06:00:00","D","1.750","2.767","0.907","24.000","2023-05-29 17:11:32"
"2021-04-05 12:00:00","W","5.796","5.802","5.790","24.000","2023-05-29 17:11:35"
"2021-04-05 12:00:00","D","1.734","3.168","0.848","24.000","2023-05-29 17:11:32"
"2021-04-05 18:00:00","W","5.801","5.804","5.795","24.000","2023-05-29 17:11:35"
"2021-04-05 18:00:00","D","3.083","3.805","2.371","24.000","2023-05-29 17:11:32"
"2021-04-06 00:00:00","W","5.800","5.805","5.795","24.000","2023-05-29 17:11:35"
"2021-04-06 00:00:00","D","2.707","3.271","2.064","24.000","2023-05-29 17:11:32"
"2021-04-06 06:00:00","W","5.796","5.798","5.793","24.000","2023-05-29 17:11:35"
"2021-04-06 06:00:00","D","1.588","2.492","0.618","24.000","2023-05-29 17:11:32"
"2021-04-06 12:00:00","W","5.798","5.803","5.796","24.000","2023-05-29 17:11:35"
"2021-04-06 12:00:00","D","1.778","3.245","0.688","24.000","2023-05-29 17:11:32"
"2021-04-06 18:00:00","W","5.800","5.804","5.796","24.000","2023-05-29 17:11:35"
"2021-04-06 18:00:00","D","2.639","3.095","2.265","24.000","2023-05-29 17:11:32"
"2021-04-07 00:00:00","W","5.801","5.804","5.796","24.000","2023-05-29 17:11:35"
"2021-04-07 00:00:00","D","2.870","3.480","2.240","24.000","2023-05-29 17:11:32"
"2021-04-07 06:00:00","W","5.796","5.798","5.793","24.000","2023-05-29 17:11:35"
"2021-04-07 06:00:00","D","1.891","3.057","0.957","24.000","2023-05-29 17:11:32"
"2021-04-07 12:00:00","W","5.797","5.802","5.792","24.000","2023-05-29 17:11:35"
"2021-04-07 12:00:00","D","1.893","3.131","1.102","24.000","2023-05-29 17:11:32"
"2021-04-07 18:00:00","W","5.800","5.804","5.797","24.000","2023-05-29 17:11:35"
"2021-04-07 18:00:00","D","2.909","3.338","2.301","24.000","2023-05-29 17:11:32"
"2021-04-08 00:00:00","W","5.800","5.804","5.795","24.000","2023-05-29 17:11:35"
"2021-04-08 00:00:00","D","3.003","3.559","2.513","24.000","2023-05-29 17:11:32"
"2021-04-08 06:00:00","W","5.795","5.798","5.792","24.000","2023-05-29 17:11:35"
"2021-04-08 06:00:00","D","2.124","2.916","1.084","24.000","2023-05-29 17:11:32"
"2021-04-08 12:00:00","W","5.798","5.803","5.791","24.000","2023-05-29 17:11:35"
"2021-04-08 12:00:00","D","1.957","3.092","0.963","24.000","2023-05-29 17:11:32"
"2021-04-08 18:00:00","W","5.800","5.804","5.797","24.000","2023-05-29 17:11:35"
"2021-04-08 18:00:00","D","3.011","3.498","2.453","24.000","2023-05-29 17:11:32"
"2021-04-09 00:00:00","W","5.801","5.804","5.795","24.000","2023-05-29 17:11:35"
"2021-04-09 00:00:00","D","2.902","3.564","2.144","24.000","2023-05-29 17:11:32"
"2021-04-09 06:00:00","W","5.797","5.800","5.793","24.000","2023-05-29 17:11:35"
"2021-04-09 06:00:00","D","1.893","3.058","0.989","24.000","2023-05-29 17:11:32"
"2021-04-09 12:00:00","W","5.797","5.803","5.791","24.000","2023-05-29 17:11:35"
"2021-04-09 12:00:00","D","1.971","3.433","1.071","24.000","2023-05-29 17:11:32"
"2021-04-09 18:00:00","W","5.801","5.805","5.799","24.000","2023-05-29 17:11:35"
"2021-04-09 18:00:00","D","3.168","3.789","2.321","24.000","2023-05-29 17:11:32"
"2021-04-10 00:00:00","W","5.800","5.804","5.796","24.000","2023-05-29 17:11:35"
"2021-04-10 00:00:00","D","2.897","3.566","2.277","24.000","2023-05-29 17:11:32"
"2021-04-10 06:00:00","W","5.797","5.803","5.792","24.000","2023-05-29 17:11:35"
"2021-04-10 06:00:00","D","1.926","2.920","0.794","24.000","2023-05-29 17:11:32"
"2021-04-10 12:00:00","W","5.795","5.803","5.790","24.000","2023-05-29 17:11:35"
"2021-04-10 12:00:00","D","1.811","3.487","0.987","24.000","2023-05-29 17:11:32"
"2021-04-10 18:00:00","W","5.800","5.804","5.796","24.000","2023-05-29 17:11:35"
"2021-04-10 18:00:00","D","3.233","4.124","2.746","24.000","2023-05-29 17:11:32"
"2021-04-11 00:00:00","W","5.802","5.803","5.801","24.000","2023-05-29 17:11:35"
"2021-04-11 00:00:00","D","2.742","3.309","2.083","24.000","2023-05-29 17:11:32"
"2021-04-11 06:00:00","W","5.797","5.802","5.792","24.000","2023-05-29 17:11:35"
"2021-04-11 06:00:00","D","1.855","2.568","0.931","24.000","2023-05-29 17:11:32"
"2021-04-11 12:00:00","W","5.797","5.800","5.790","24.000","2023-05-29 17:11:35"
"2021-04-11 12:00:00","D","2.775","4.623","0.700","24.000","2023-05-29 17:11:32"
"2021-04-11 18:00:00","W","5.801","5.805","5.795","24.000","2023-05-29 17:11:35"
"2021-04-11 18:00:00","D","4.701","5.291","4.002","24.000","2023-05-29 17:11:32"
"2021-04-12 00:00:00","W","5.801","5.804","5.795","24.000","2023-05-29 17:11:35"
"2021-04-12 00:00:00","D","4.514","5.022","4.285","24.000","2023-05-29 17:11:32"
"2021-04-12 06:00:00","W","5.795","5.798","5.792","24.000","2023-05-29 17:11:35"
"2021-04-12 06:00:00","D","3.391","4.359","2.705","24.000","2023-05-29 17:11:32"
"2021-04-12 12:00:00","W","5.797","5.803","5.790","24.000","2023-05-29 17:11:35"
"2021-04-12 12:00:00","D","3.282","4.522","2.415","24.000","2023-05-29 17:11:32"
"2021-04-12 18:00:00","W","5.800","5.803","5.796","24.000","2023-05-29 17:11:35"
"2021-04-12 18:00:00","D","4.215","4.555","3.929","24.000","2023-05-29 17:11:32"
"2021-04-13 00:00:00","W","5.801","5.805","5.796","24.000","2023-05-29 17:11:35"
"2021-04-13 00:00:00","D","4.724","5.432","3.925","24.000","2023-05-29 17:11:32"
"2021-04-13 06:00:00","W","5.797","5.804","5.793","24.000","2023-05-29 17:11:35"
"2021-04-13 06:00:00","D","3.840","4.715","3.179","24.000","2023-05-29 17:11:32"
"2021-04-13 12:00:00","W","5.797","5.803","5.793","24.000","2023-05-29 17:11:35"
"2021-04-13 12:00:00","D","3.671","5.139","3.069","24.000","2023-05-29 17:11:32"
"2021-04-13 18:00:00","W","5.800","5.806","5.796","24.000","2023-05-29 17:11:35"
"2021-04-13 18:00:00","D","4.393","5.202","3.832","24.000","2023-05-29 17:11:32"
"2021-04-14 00:00:00","W","5.802","5.805","5.796","24.000","2023-05-29 17:11:35"
"2021-04-14 00:00:00","D","4.557","4.754","4.094","24.000","2023-05-29 17:11:32"
"2021-04-14 06:00:00","W","5.796","5.800","5.793","24.000","2023-05-29 17:11:35"
"2021-04-14 06:00:00","D","3.357","4.421","2.602","24.000","2023-05-29 17:11:32"
"2021-04-14 12:00:00","W","5.798","5.802","5.793","24.000","2023-05-29 17:11:35"
"2021-04-14 12:00:00","D","3.347","4.271","2.592","24.000","2023-05-29 17:11:32"
"2021-04-14 18:00:00","W","5.799","5.803","5.795","24.000","2023-05-29 17:11:35"
"2021-04-14 18:00:00","D","4.246","4.690","3.751","24.000","2023-05-29 17:11:32"
"2021-04-15 00:00:00","W","5.801","5.806","5.797","24.000","2023-05-29 17:11:35"
"2021-04-15 00:00:00","D","4.818","5.175","4.262","24.000","2023-05-29 17:11:32"
"2021-04-15 06:00:00","W","5.796","5.800","5.791","24.000","2023-05-29 17:11:35"
"2021-04-15 06:00:00","D","3.366","4.350","2.507","24.000","2023-05-29 17:11:32"
"2021-04-15 12:00:00","W","5.797","5.801","5.791","24.000","2023-05-29 17:11:35"
"2021-04-15 12:00:00","D","3.328","4.478","2.525","24.000","2023-05-29 17:11:32"
"2021-04-15 18:00:00","W","5.799","5.803","5.795","24.000","2023-05-29 17:11:35"
"2021-04-15 18:00:00","D","4.240","4.732","3.747","24.000","2023-05-29 17:11:32"
"2021-04-16 00:00:00","W","5.801","5.804","5.798","24.000","2023-05-29 17:11:35"
"2021-04-16 00:00:00","D","4.447","4.571","3.998","24.000","2023-05-29 17:11:32"
"2021-04-16 06:00:00","W","5.795","5.798","5.791","24.000","2023-05-29 17:11:35"
"2021-04-16 06:00:00","D","3.404","4.390","2.854","24.000","2023-05-29 17:11:32"
"2021-04-16 12:00:00","W","5.796","5.803","5.790","24.000","2023-05-29 17:11:35"
"2021-04-16 12:00:00","D","3.283","4.701","2.414","24.000","2023-05-29 17:11:32"
"2021-04-16 18:00:00","W","5.799","5.802","5.795","24.000","2023-05-29 17:11:35"
"2021-04-16 18:00:00","D","4.386","4.821","3.629","24.000","2023-05-29 17:11:32"
"2021-04-17 00:00:00","W","5.799","5.802","5.794","24.000","2023-05-29 17:11:35"
"2021-04-17 00:00:00","D","4.561","4.758","4.339","24.000","2023-05-29 17:11:32"
"2021-04-17 06:00:00","W","5.793","5.795","5.791","24.000","2023-05-29 17:11:35"
"2021-04-17 06:00:00","D","3.549","4.467","2.971","24.000","2023-05-29 17:11:32"
"2021-04-17 12:00:00","W","5.796","5.803","5.789","24.000","2023-05-29 17:11:35"
"2021-04-17 12:00:00","D","3.321","5.140","2.645","24.000","2023-05-29 17:11:32"
"2021-04-17 18:00:00","W","5.799","5.803","5.796","24.000","2023-05-29 17:11:35"
"2021-04-17 18:00:00","D","4.885","5.128","4.361","24.000","2023-05-29 17:11:32"
"2021-04-18 00:00:00","W","5.797","5.800","5.794","24.000","2023-05-29 17:11:35"
"2021-04-18 00:00:00","D","4.533","4.811","3.962","24.000","2023-05-29 17:11:32"
"2021-04-18 06:00:00","W","5.794","5.798","5.790","24.000","2023-05-29 17:11:35"
"2021-04-18 06:00:00","D","3.647","4.337","3.036","24.000","2023-05-29 17:11:32"
"2021-04-18 12:00:00","W","5.796","5.802","5.790","24.000","2023-05-29 17:11:35"
"2021-04-18 12:00:00","D","3.504","4.500","3.046","24.000","2023-05-29 17:11:32"
"2021-04-18 18:00:00","W","5.800","5.805","5.795","24.000","2023-05-29 17:11:35"
"2021-04-18 18:00:00","D","5.024","5.739","4.314","24.000","2023-05-29 17:11:32"
"2021-04-19 00:00:00","W","5.797","5.801","5.793","24.000","2023-05-29 17:11:35"
"2021-04-19 00:00:00","D","4.644","5.306","4.266","24.000","2023-05-29 17:11:32"
"2021-04-19 06:00:00","W","5.792","5.798","5.788","24.000","2023-05-29 17:11:35"
"2021-04-19 06:00:00","D","3.550","4.400","2.849","24.000","2023-05-29 17:11:32"
"2021-04-19 12:00:00","W","5.795","5.802","5.787","24.000","2023-05-29 17:11:35"
"2021-04-19 12:00:00","D","3.649","5.103","2.554","24.000","2023-05-29 17:11:32"
"2021-04-19 18:00:00","W","5.797","5.799","5.792","24.000","2023-05-29 17:11:35"
"2021-04-19 18:00:00","D","4.508","4.970","4.148","24.000","2023-05-29 17:11:32"
"2021-04-20 00:00:00","W","5.797","5.801","5.793","24.000","2023-05-29 17:11:35"
"2021-04-20 00:00:00","D","4.892","5.213","4.471","24.000","2023-05-29 17:11:32"
"2021-04-20 06:00:00","W","5.794","5.799","5.790","24.000","2023-05-29 17:11:35"
"2021-04-20 06:00:00","D","3.817","4.947","3.008","24.000","2023-05-29 17:11:32"
"2021-04-20 12:00:00","W","5.795","5.802","5.788","24.000","2023-05-29 17:11:35"
"2021-04-20 12:00:00","D","3.873","5.084","2.981","24.000","2023-05-29 17:11:32"
"2021-04-20 18:00:00","W","5.798","5.804","5.795","24.000","2023-05-29 17:11:35"
"2021-04-20 18:00:00","D","4.751","5.281","4.329","24.000","2023-05-29 17:11:32"
"2021-04-21 00:00:00","W","5.799","5.804","5.795","24.000","2023-05-29 17:11:35"
"2021-04-21 00:00:00","D","5.047","5.572","4.557","24.000","2023-05-29 17:11:32"
"2021-04-21 06:00:00","W","5.795","5.801","5.791","24.000","2023-05-29 17:11:35"
"2021-04-21 06:00:00","D","4.062","5.037","3.333","24.000","2023-05-29 17:11:32"
"2021-04-21 12:00:00","W","5.796","5.802","5.790","24.000","2023-05-29 17:11:35"
"2021-04-21 12:00:00","D","4.128","5.247","3.281","24.000","2023-05-29 17:11:32"
"2021-04-21 18:00:00","W","5.798","5.804","5.795","24.000","2023-05-29 17:11:35"
"2021-04-21 18:00:00","D","4.709","5.394","4.035","24.000","2023-05-29 17:11:32"
"2021-04-22 00:00:00","W","5.796","5.801","5.794","24.000","2023-05-29 17:11:35"
"2021-04-22 00:00:00","D","3.634","4.945","2.342","24.000","2023-05-29 17:11:32"
"2021-04-22 06:00:00","W","5.793","5.798","5.789","24.000","2023-05-29 17:11:35"
"2021-04-22 06:00:00","D","2.060","2.824","1.116","24.000","2023-05-29 17:11:32"
"2021-04-22 12:00:00","W","5.797","5.804","5.789","24.000","2023-05-29 17:11:35"
"2021-04-22 12:00:00","D","2.195","3.828","0.720","24.000","2023-05-29 17:11:32"
"2021-04-22 18:00:00","W","5.797","5.801","5.794","24.000","2023-05-29 17:11:35"
"2021-04-22 18:00:00","D","2.560","3.230","1.622","24.000","2023-05-29 17:11:32"
"2021-04-23 00:00:00","W","5.795","5.800","5.793","24.000","2023-05-29 17:11:35"
"2021-04-23 00:00:00","D","2.852","3.299","2.346","24.000","2023-05-29 17:11:32"
"2021-04-23 06:00:00","W","5.794","5.799","5.788","24.000","2023-05-29 17:11:35"
"2021-04-23 06:00:00","D","1.641","2.601","0.788","24.000","2023-05-29 17:11:32"
"2021-04-23 12:00:00","W","5.795","5.802","5.789","24.000","2023-05-29 17:11:35"
"2021-04-23 12:00:00","D","1.844","3.258","0.422","24.000","2023-05-29 17:11:32"
"2021-04-23 18:00:00","W","5.798","5.804","5.794","24.000","2023-05-29 17:11:35"
"2021-04-23 18:00:00","D","2.604","3.270","1.840","24.000","2023-05-29 17:11:32"
"2021-04-24 00:00:00","W","5.800","5.802","5.795","24.000","2023-05-29 17:11:35"
"2021-04-24 00:00:00","D","2.644","3.329","2.180","24.000","2023-05-29 17:11:32"
"2021-04-24 06:00:00","W","5.794","5.801","5.790","24.000","2023-05-29 17:11:35"
"2021-04-24 06:00:00","D","1.762","2.886","0.804","24.000","2023-05-29 17:11:32"
"2021-04-24 12:00:00","W","5.795","5.801","5.788","24.000","2023-05-29 17:11:35"
"2021-04-24 12:00:00","D","1.672","3.529","0.818","24.000","2023-05-29 17:11:32"
"2021-04-24 18:00:00","W","5.800","5.805","5.796","24.000","2023-05-29 17:11:35"
"2021-04-24 18:00:00","D","2.909","3.733","2.239","24.000","2023-05-29 17:11:32"
"2021-04-25 00:00:00","W","5.797","5.801","5.793","24.000","2023-05-29 17:11:35"
"2021-04-25 00:00:00","D","2.246","2.726","1.935","24.000","2023-05-29 17:11:32"
"2021-04-25 06:00:00","W","5.792","5.795","5.789","24.000","2023-05-29 17:11:35"
"2021-04-25 06:00:00","D","1.517","2.466","0.284","24.000","2023-05-29 17:11:32"
"2021-04-25 12:00:00","W","5.793","5.801","5.788","24.000","2023-05-29 17:11:35"
"2021-04-25 12:00:00","D","1.559","2.493","0.663","24.000","2023-05-29 17:11:32"
"2021-04-25 18:00:00","W","5.798","5.803","5.795","24.000","2023-05-29 17:11:35"
"2021-04-25 18:00:00","D","3.029","3.562","2.686","24.000","2023-05-29 17:11:32"
"2021-04-26 00:00:00","W","5.797","5.800","5.793","24.000","2023-05-29 17:11:35"
"2021-04-26 00:00:00","D","2.630","3.580","1.956","24.000","2023-05-29 17:11:32"
"2021-04-26 06:00:00","W","5.792","5.796","5.789","24.000","2023-05-29 17:11:35"
"2021-04-26 06:00:00","D","1.757","2.948","0.525","24.000","2023-05-29 17:11:32"
"2021-04-26 12:00:00","W","5.797","5.802","5.792","24.000","2023-05-29 17:11:35"
"2021-04-26 12:00:00","D","1.793","3.241","0.074","24.000","2023-05-29 17:11:32"
"2021-04-26 18:00:00","W","5.797","5.800","5.793","24.000","2023-05-29 17:11:35"
"2021-04-26 18:00:00","D","2.473","2.978","1.741","24.000","2023-05-29 17:11:32"
"2021-04-27 00:00:00","W","5.799","5.803","5.796","24.000","2023-05-29 17:11:35"
"2021-04-27 00:00:00","D","2.951","3.559","2.378","24.000","2023-05-29 17:11:32"
"2021-04-27 06:00:00","W","5.794","5.799","5.790","24.000","2023-05-29 17:11:35"
"2021-04-27 06:00:00","D","1.648","2.771","0.997","24.000","2023-05-29 17:11:32"
"2021-04-27 12:00:00","W","5.796","5.804","5.790","24.000","2023-05-29 17:11:35"
"2021-04-27 12:00:00","D","1.989","3.160","0.643","24.000","2023-05-29 17:11:32"
"2021-04-27 18:00:00","W","5.799","5.803","5.794","24.000","2023-05-29 17:11:35"
"2021-04-27 18:00:00","D","2.604","3.592","1.883","24.000","2023-05-29 17:11:32"
"2021-04-28 00:00:00","W","5.799","5.804","5.796","24.000","2023-05-29 17:11:35"
"2021-04-28 00:00:00","D","3.040","3.690","2.352","24.000","2023-05-29 17:11:32"
"2021-04-28 06:00:00","W","5.795","5.799","5.791","24.000","2023-05-29 17:11:35"
"2021-04-28 06:00:00","D","1.871","3.083","0.778","24.000","2023-05-29 17:11:32"
"2021-04-28 12:00:00","W","5.797","5.805","5.789","24.000","2023-05-29 17:11:35"
"2021-04-28 12:00:00","D","1.989","3.393","0.402","24.000","2023-05-29 17:11:32"
"2021-04-28 18:00:00","W","5.802","5.806","5.798","24.000","2023-05-29 17:11:35"
"2021-04-28 18:00:00","D","2.932","4.184","2.070","24.000","2023-05-29 17:11:32"
"2021-04-29 00:00:00","W","5.801","5.806","5.796","24.000","2023-05-29 17:11:35"
"2021-04-29 00:00:00","D","3.004","3.540","2.334","24.000","2023-05-29 17:11:32"
"2021-04-29 06:00:00","W","5.797","5.803","5.791","24.000","2023-05-29 17:11:35"
"2021-04-29 06:00:00","D","1.782","2.923","0.762","24.000","2023-05-29 17:11:32"
"2021-04-29 12:00:00","W","5.797","5.804","5.791","24.000","2023-05-29 17:11:35"
"2021-04-29 12:00:00","D","1.611","3.373","0.464","24.000","2023-05-29 17:11:32"
"2021-04-29 18:00:00","W","5.802","5.805","5.798","24.000","2023-05-29 17:11:35"
"2021-04-29 18:00:00","D","2.704","3.158","2.161","24.000","2023-05-29 17:11:32"
"2021-04-30 00:00:00","W","5.803","5.806","5.799","24.000","2023-05-29 17:11:35"
"2021-04-30 00:00:00","D","2.859","3.752","2.168","24.000","2023-05-29 17:11:32"
"2021-04-30 06:00:00","W","5.797","5.801","5.794","24.000","2023-05-29 17:11:35"
"2021-04-30 06:00:00","D","1.908","2.805","0.746","24.000","2023-05-29 17:11:32"
"2021-04-30 12:00:00","W","5.799","5.807","5.792","24.000","2023-05-29 17:11:35"
"2021-04-30 12:00:00","D","2.424","4.215","1.113","24.000","2023-05-29 17:11:32"
"2021-04-30 18:00:00","W","5.803","5.807","5.798","24.000","2023-05-29 17:11:35"
"2021-04-30 18:00:00","D","3.248","4.125","2.483","24.000","2023-05-29 17:11:32"
"2021-05-01 00:00:00","W","5.802","5.805","5.798","24.000","2023-05-29 17:11:35"
"2021-05-01 00:00:00","D","2.728","3.095","2.258","24.000","2023-05-29 17:11:32"
"2021-05-01 06:00:00","W","5.797","5.803","5.791","24.000","2023-05-29 17:11:35"
"2021-05-01 06:00:00","D","1.978","2.932","0.669","24.000","2023-05-29 17:11:32"
"2021-05-01 12:00:00","W","5.798","5.804","5.793","24.000","2023-05-29 17:11:35"
"2021-05-01 12:00:00","D","1.583","3.999","0.177","24.000","2023-05-29 17:11:32"
"2021-05-01 18:00:00","W","5.803","5.808","5.799","24.000","2023-05-29 17:11:35"
"2021-05-01 18:00:00","D","3.597","4.462","2.823","24.000","2023-05-29 17:11:32"
"2021-05-02 00:00:00","W","5.802","5.805","5.798","24.000","2023-05-29 17:11:35"
"2021-05-02 00:00:00","D","3.174","3.647","2.610","24.000","2023-05-29 17:11:32"
"2021-05-02 06:00:00","W","5.796","5.799","5.792","24.000","2023-05-29 17:11:35"
"2021-05-02 06:00:00","D","1.885","2.794","0.795","24.000","2023-05-29 17:11:32"
"2021-05-02 12:00:00","W","5.797","5.803","5.792","24.000","2023-05-29 17:11:35"
"2021-05-02 12:00:00","D","1.477","3.044","0.732","24.000","2023-05-29 17:11:32"
"2021-05-02 18:00:00","W","5.802","5.808","5.797","24.000","2023-05-29 17:11:35"
"2021-05-02 18:00:00","D","3.231","4.016","2.233","24.000","2023-05-29 17:11:32"
"2021-05-03 00:00:00","W","5.800","5.803","5.795","24.000","2023-05-29 17:11:35"
"2021-05-03 00:00:00","D","2.817","3.236","2.338","24.000","2023-05-29 17:11:32"
"2021-05-03 06:00:00","W","5.796","5.800","5.793","24.000","2023-05-29 17:11:35"
"2021-05-03 06:00:00","D","1.947","2.873","0.972","24.000","2023-05-29 17:11:32"
"2021-05-03 12:00:00","W","5.797","5.804","5.792","24.000","2023-05-29 17:11:35"
"2021-05-03 12:00:00","D","1.586","2.853","0.723","24.000","2023-05-29 17:11:32"
"2021-05-03 18:00:00","W","5.804","5.808","5.799","24.000","2023-05-29 17:11:35"
"2021-05-03 18:00:00","D","3.282","3.897","2.718","24.000","2023-05-29 17:11:32"
"2021-05-04 00:00:00","W","5.812","5.833","5.802","24.000","2023-05-29 17:11:35"
"2021-05-04 00:00:00","D","4.877","8.828","2.496","24.000","2023-05-29 17:11:32"
"2021-05-04 06:00:00","W","5.816","5.834","5.803","24.000","2023-05-29 17:11:35"
"2021-05-04 06:00:00","D","6.218","8.793","3.194","24.000","2023-05-29 17:11:32"
"2021-05-04 12:00:00","W","5.809","5.816","5.799","24.000","2023-05-29 17:11:35"
"2021-05-04 12:00:00","D","4.367","5.807","2.280","24.000","2023-05-29 17:11:32"
"2021-05-04 18:00:00","W","5.808","5.812","5.804","24.000","2023-05-29 17:11:35"
"2021-05-04 18:00:00","D","4.213","4.736","3.544","24.000","2023-05-29 17:11:32"
"2021-05-05 00:00:00","W","5.808","5.812","5.804","24.000","2023-05-29 17:11:35"
"2021-05-05 00:00:00","D","4.170","4.860","3.713","24.000","2023-05-29 17:11:32"
"2021-05-05 06:00:00","W","5.802","5.804","5.798","24.000","2023-05-29 17:11:35"
"2021-05-05 06:00:00","D","2.601","4.383","1.423","24.000","2023-05-29 17:11:32"
"2021-05-05 12:00:00","W","5.802","5.808","5.796","24.000","2023-05-29 17:11:35"
"2021-05-05 12:00:00","D","2.518","4.014","1.517","24.000","2023-05-29 17:11:32"
"2021-05-05 18:00:00","W","5.805","5.810","5.800","24.000","2023-05-29 17:11:35"
"2021-05-05 18:00:00","D","3.495","4.286","2.967","24.000","2023-05-29 17:11:32"
"2021-05-06 00:00:00","W","5.810","5.814","5.804","24.000","2023-05-29 17:11:35"
"2021-05-06 00:00:00","D","4.533","5.333","3.655","24.000","2023-05-29 17:11:32"
"2021-05-06 06:00:00","W","5.800","5.808","5.795","24.000","2023-05-29 17:11:35"
"2021-05-06 06:00:00","D","2.595","3.806","1.099","24.000","2023-05-29 17:11:32"
"2021-05-06 12:00:00","W","5.802","5.808","5.799","24.000","2023-05-29 17:11:35"
"2021-05-06 12:00:00","D","2.401","3.901","1.241","24.000","2023-05-29 17:11:32"
"2021-05-06 18:00:00","W","5.807","5.813","5.801","24.000","2023-05-29 17:11:35"
"2021-05-06 18:00:00","D","4.238","5.555","2.849","24.000","2023-05-29 17:11:32"
"2021-05-07 00:00:00","W","5.805","5.809","5.801","24.000","2023-05-29 17:11:35"
"2021-05-07 00:00:00","D","3.756","4.269","3.138","24.000","2023-05-29 17:11:32"
"2021-05-07 06:00:00","W","5.798","5.802","5.794","24.000","2023-05-29 17:11:35"
"2021-05-07 06:00:00","D","2.342","3.593","1.152","24.000","2023-05-29 17:11:32"
"2021-05-07 12:00:00","W","5.800","5.805","5.796","24.000","2023-05-29 17:11:35"
"2021-05-07 12:00:00","D","2.021","3.101","0.884","24.000","2023-05-29 17:11:32"
"2021-05-07 18:00:00","W","5.802","5.806","5.798","24.000","2023-05-29 17:11:35"
"2021-05-07 18:00:00","D","3.079","3.457","2.523","24.000","2023-05-29 17:11:32"
"2021-05-08 00:00:00","W","5.803","5.806","5.798","24.000","2023-05-29 17:11:35"
"2021-05-08 00:00:00","D","2.982","3.651","2.298","24.000","2023-05-29 17:11:32"
"2021-05-08 06:00:00","W","5.800","5.805","5.794","24.000","2023-05-29 17:11:35"
"2021-05-08 06:00:00","D","2.147","3.332","1.367","24.000","2023-05-29 17:11:32"
"2021-05-08 12:00:00","W","5.844","5.875","5.802","24.000","2023-05-29 17:11:35"
"2021-05-08 12:00:00","D","11.044","17.244","3.272","24.000","2023-05-29 17:11:32"
"2021-05-08 18:00:00","W","5.826","5.851","5.814","24.000","2023-05-29 17:11:35"
"2021-05-08 18:00:00","D","8.784","12.873","5.930","24.000","2023-05-29 17:11:32"
"2021-05-09 00:00:00","W","5.813","5.817","5.808","24.000","2023-05-29 17:11:35"
"2021-05-09 00:00:00","D","5.569","6.639","4.904","24.000","2023-05-29 17:11:32"
"2021-05-09 06:00:00","W","5.811","5.819","5.806","24.000","2023-05-29 17:11:35"
"2021-05-09 06:00:00","D","5.278","6.769","3.955","24.000","2023-05-29 17:11:32"
"2021-05-09 12:00:00","W","5.802","5.806","5.797","24.000","2023-05-29 17:11:35"
"2021-05-09 12:00:00","D","3.224","4.787","2.291","24.000","2023-05-29 17:11:32"
"2021-05-09 18:00:00","W","5.806","5.811","5.801","24.000","2023-05-29 17:11:35"
"2021-05-09 18:00:00","D","4.177","4.969","3.255","24.000","2023-05-29 17:11:32"
"2021-05-10 00:00:00","W","5.802","5.806","5.798","24.000","2023-05-29 17:11:35"
"2021-05-10 00:00:00","D","3.585","4.136","2.831","24.000","2023-05-29 17:11:32"
"2021-05-10 06:00:00","W","5.801","5.803","5.797","24.000","2023-05-29 17:11:35"
"2021-05-10 06:00:00","D","3.233","4.282","2.503","24.000","2023-05-29 17:11:32"
"2021-05-10 12:00:00","W","5.797","5.805","5.786","24.000","2023-05-29 17:11:35"
"2021-05-10 12:00:00","D","3.008","4.682","2.058","24.000","2023-05-29 17:11:32"
"2021-05-10 18:00:00","W","5.778","5.786","5.769","24.000","2023-05-29 17:11:35"
"2021-05-10 18:00:00","D","3.431","4.550","2.579","24.000","2023-05-29 17:11:32"
"2021-05-11 00:00:00","W","5.779","5.793","5.771","24.000","2023-05-29 17:11:35"
"2021-05-11 00:00:00","D","3.351","3.947","2.606","24.000","2023-05-29 17:11:32"
"2021-05-11 06:00:00","W","5.795","5.802","5.791","24.000","2023-05-29 17:11:35"
"2021-05-11 06:00:00","D","2.126","3.370","0.837","24.000","2023-05-29 17:11:32"
"2021-05-11 12:00:00","W","5.795","5.802","5.789","24.000","2023-05-29 17:11:35"
"2021-05-11 12:00:00","D","2.010","3.619","0.892","24.000","2023-05-29 17:11:32"
"2021-05-11 18:00:00","W","5.799","5.804","5.795","24.000","2023-05-29 17:11:35"
"2021-05-11 18:00:00","D","2.888","3.406","2.019","24.000","2023-05-29 17:11:32"
"2021-05-12 00:00:00","W","5.800","5.803","5.797","24.000","2023-05-29 17:11:35"
"2021-05-12 00:00:00","D","3.124","3.819","2.591","24.000","2023-05-29 17:11:32"
"2021-05-12 06:00:00","W","5.794","5.798","5.790","24.000","2023-05-29 17:11:35"
"2021-05-12 06:00:00","D","2.015","3.757","0.680","24.000","2023-05-29 17:11:32"
"2021-05-12 12:00:00","W","5.795","5.801","5.789","24.000","2023-05-29 17:11:35"
"2021-05-12 12:00:00","D","1.729","3.718","0.381","24.000","2023-05-29 17:11:32"
"2021-05-12 18:00:00","W","5.799","5.803","5.795","24.000","2023-05-29 17:11:35"
"2021-05-12 18:00:00","D","2.786","3.421","2.317","24.000","2023-05-29 17:11:32"
"2021-05-13 00:00:00","W","5.799","5.803","5.795","24.000","2023-05-29 17:11:35"
"2021-05-13 00:00:00","D","3.186","3.706","2.486","24.000","2023-05-29 17:11:32"
"2021-05-13 06:00:00","W","5.795","5.801","5.790","24.000","2023-05-29 17:11:35"
"2021-05-13 06:00:00","D","2.205","3.233","1.128","24.000","2023-05-29 17:11:32"
"2021-05-13 12:00:00","W","5.799","5.807","5.794","24.000","2023-05-29 17:11:35"
"2021-05-13 12:00:00","D","2.222","4.156","0.921","24.000","2023-05-29 17:11:32"
"2021-05-13 18:00:00","W","5.815","5.821","5.806","24.000","2023-05-29 17:11:35"
"2021-05-13 18:00:00","D","6.047","7.227","4.313","24.000","2023-05-29 17:11:32"
"2021-05-14 00:00:00","W","5.805","5.813","5.800","24.000","2023-05-29 17:11:35"
"2021-05-14 00:00:00","D","4.648","6.231","3.224","24.000","2023-05-29 17:11:32"
"2021-05-14 06:00:00","W","5.797","5.800","5.793","24.000","2023-05-29 17:11:35"
"2021-05-14 06:00:00","D","2.564","3.767","1.477","24.000","2023-05-29 17:11:32"
"2021-05-14 12:00:00","W","5.805","5.808","5.801","24.000","2023-05-29 17:11:35"
"2021-05-14 12:00:00","D","3.474","4.585","2.056","24.000","2023-05-29 17:11:32"
"2021-05-14 18:00:00","W","5.803","5.807","5.798","24.000","2023-05-29 17:11:35"
"2021-05-14 18:00:00","D","3.565","4.184","2.890","24.000","2023-05-29 17:11:32"
"2021-05-15 00:00:00","W","5.802","5.808","5.799","24.000","2023-05-29 17:11:35"
"2021-05-15 00:00:00","D","3.830","4.505","2.809","24.000","2023-05-29 17:11:32"
"2021-05-15 06:00:00","W","5.797","5.804","5.792","24.000","2023-05-29 17:11:35"
"2021-05-15 06:00:00","D","2.943","4.298","2.133","24.000","2023-05-29 17:11:32"
"2021-05-15 12:00:00","W","5.800","5.807","5.794","24.000","2023-05-29 17:11:35"
"2021-05-15 12:00:00","D","3.751","5.584","2.941","24.000","2023-05-29 17:11:32"
"2021-05-15 18:00:00","W","5.805","5.809","5.802","24.000","2023-05-29 17:11:35"
"2021-05-15 18:00:00","D","4.097","5.210","3.296","24.000","2023-05-29 17:11:32"
"2021-05-16 00:00:00","W","5.829","5.857","5.802","24.000","2023-05-29 17:11:35"
"2021-05-16 00:00:00","D","8.068","12.533","3.541","24.000","2023-05-29 17:11:32"
"2021-05-16 06:00:00","W","5.812","5.827","5.803","24.000","2023-05-29 17:11:35"
"2021-05-16 06:00:00","D","5.440","8.909","3.798","24.000","2023-05-29 17:11:32"
"2021-05-16 12:00:00","W","5.804","5.814","5.799","24.000","2023-05-29 17:11:35"
"2021-05-16 12:00:00","D","3.304","4.805","2.149","24.000","2023-05-29 17:11:32"
"2021-05-16 18:00:00","W","5.818","5.826","5.808","24.000","2023-05-29 17:11:35"
"2021-05-16 18:00:00","D","6.408","7.788","5.108","24.000","2023-05-29 17:11:32"
"2021-05-17 00:00:00","W","5.869","5.980","5.808","24.000","2023-05-29 17:11:35"
"2021-05-17 00:00:00","D","13.357","30.655","4.624","24.000","2023-05-29 17:11:32"
"2021-05-17 06:00:00","W","5.883","5.940","5.840","24.000","2023-05-29 17:11:35"
"2021-05-17 06:00:00","D","17.400","27.143","10.882","24.000","2023-05-29 17:11:32"
"2021-05-17 12:00:00","W","5.835","5.841","5.829","24.000","2023-05-29 17:11:35"
"2021-05-17 12:00:00","D","9.783","10.886","8.639","24.000","2023-05-29 17:11:32"
"2021-05-17 18:00:00","W","5.852","5.871","5.826","24.000","2023-05-29 17:11:35"
"2021-05-17 18:00:00","D","12.154","15.083","8.268","24.000","2023-05-29 17:11:32"
"2021-05-18 00:00:00","W","5.842","5.854","5.827","24.000","2023-05-29 17:11:35"
"2021-05-18 00:00:00","D","10.748","14.033","8.163","24.000","2023-05-29 17:11:32"
"2021-05-18 06:00:00","W","5.824","5.832","5.815","24.000","2023-05-29 17:11:35"
"2021-05-18 06:00:00","D","7.810","8.642","7.120","24.000","2023-05-29 17:11:32"
"2021-05-18 12:00:00","W","5.817","5.822","5.813","24.000","2023-05-29 17:11:35"
"2021-05-18 12:00:00","D","7.291","8.068","6.399","24.000","2023-05-29 17:11:32"
"2021-05-18 18:00:00","W","5.816","5.822","5.812","24.000","2023-05-29 17:11:35"
"2021-05-18 18:00:00","D","7.204","7.607","6.207","24.000","2023-05-29 17:11:32"
"2021-05-19 00:00:00","W","5.819","5.840","5.811","24.000","2023-05-29 17:11:35"
"2021-05-19 00:00:00","D","6.707","10.202","4.987","24.000","2023-05-29 17:11:32"
"2021-05-19 06:00:00","W","5.828","5.846","5.813","24.000","2023-05-29 17:11:35"
"2021-05-19 06:00:00","D","8.233","10.888","5.172","24.000","2023-05-29 17:11:32"
"2021-05-19 12:00:00","W","5.823","5.832","5.814","24.000","2023-05-29 17:11:35"
"2021-05-19 12:00:00","D","7.403","8.940","5.606","24.000","2023-05-29 17:11:32"
"2021-05-19 18:00:00","W","5.822","5.831","5.816","24.000","2023-05-29 17:11:35"
"2021-05-19 18:00:00","D","7.999","8.665","7.469","24.000","2023-05-29 17:11:32"
"2021-05-20 00:00:00","W","5.822","5.829","5.815","24.000","2023-05-29 17:11:35"
"2021-05-20 00:00:00","D","7.995","9.142","6.386","24.000","2023-05-29 17:11:32"
"2021-05-20 06:00:00","W","5.814","5.822","5.807","24.000","2023-05-29 17:11:35"
"2021-05-20 06:00:00","D","6.186","7.248","5.169","24.000","2023-05-29 17:11:32"
"2021-05-20 12:00:00","W","5.811","5.817","5.805","24.000","2023-05-29 17:11:35"
"2021-05-20 12:00:00","D","5.599","6.517","5.102","24.000","2023-05-29 17:11:32"
"2021-05-20 18:00:00","W","5.814","5.819","5.809","24.000","2023-05-29 17:11:35"
"2021-05-20 18:00:00","D","4.523","5.770","2.102","24.000","2023-05-29 17:11:32"
"2021-05-21 00:00:00","W","5.811","5.814","5.808","24.000","2023-05-29 17:11:35"
"2021-05-21 00:00:00","D","4.428","6.110","1.353","24.000","2023-05-29 17:11:32"
"2021-05-21 06:00:00","W","5.806","5.813","5.801","24.000","2023-05-29 17:11:35"
"2021-05-21 06:00:00","D","1.669","3.708","0.081","24.000","2023-05-29 17:11:32"
"2021-05-21 12:00:00","W","5.805","5.812","5.800","24.000","2023-05-29 17:11:35"
"2021-05-21 12:00:00","D","0.936","3.805","0.055","24.000","2023-05-29 17:11:32"
"2021-05-21 18:00:00","W","5.814","5.819","5.808","24.000","2023-05-29 17:11:35"
"2021-05-21 18:00:00","D","3.279","5.144","1.816","24.000","2023-05-29 17:11:32"
"2021-05-22 00:00:00","W","5.816","5.822","5.809","24.000","2023-05-29 17:11:36"
"2021-05-22 00:00:00","D","2.971","4.482","1.690","24.000","2023-05-29 17:11:32"
"2021-05-22 06:00:00","W","5.814","5.824","5.807","24.000","2023-05-29 17:11:36"
"2021-05-22 06:00:00","D","2.488","3.805","1.565","24.000","2023-05-29 17:11:32"
"2021-05-22 12:00:00","W","5.828","5.835","5.823","24.000","2023-05-29 17:11:36"
"2021-05-22 12:00:00","D","5.013","6.064","3.806","24.000","2023-05-29 17:11:32"
"2021-05-22 18:00:00","W","5.823","5.827","5.818","24.000","2023-05-29 17:11:36"
"2021-05-22 18:00:00","D","4.116","5.258","3.056","24.000","2023-05-29 17:11:32"
"2021-05-23 00:00:00","W","5.817","5.820","5.813","24.000","2023-05-29 17:11:36"
"2021-05-23 00:00:00","D","3.239","4.022","2.089","24.000","2023-05-29 17:11:32"
"2021-05-23 06:00:00","W","5.809","5.817","5.803","24.000","2023-05-29 17:11:36"
"2021-05-23 06:00:00","D","1.840","4.326","0.376","24.000","2023-05-29 17:11:32"
"2021-05-23 12:00:00","W","5.807","5.816","5.800","24.000","2023-05-29 17:11:36"
"2021-05-23 12:00:00","D","2.096","3.988","0.324","24.000","2023-05-29 17:11:32"
"2021-05-23 18:00:00","W","5.825","5.831","5.815","24.000","2023-05-29 17:11:36"
"2021-05-23 18:00:00","D","4.633","5.978","3.704","24.000","2023-05-29 17:11:32"
"2021-05-24 00:00:00","W","5.820","5.831","5.813","24.000","2023-05-29 17:11:36"
"2021-05-24 00:00:00","D","4.486","5.764","2.985","24.000","2023-05-29 17:11:32"
"2021-05-24 06:00:00","W","5.868","5.888","5.836","24.000","2023-05-29 17:11:36"
"2021-05-24 06:00:00","D","10.325","13.192","5.977","24.000","2023-05-29 17:11:32"
"2021-05-24 12:00:00","W","5.845","5.851","5.837","24.000","2023-05-29 17:11:36"
"2021-05-24 12:00:00","D","7.221","9.088","5.699","24.000","2023-05-29 17:11:32"
"2021-05-24 18:00:00","W","5.859","5.869","5.850","24.000","2023-05-29 17:11:36"
"2021-05-24 18:00:00","D","8.474","10.113","6.801","24.000","2023-05-29 17:11:32"
"2021-05-25 00:00:00","W","5.850","5.860","5.846","24.000","2023-05-29 17:11:36"
"2021-05-25 00:00:00","D","7.737","9.595","6.745","24.000","2023-05-29 17:11:32"
"2021-05-25 06:00:00","W","5.836","5.847","5.826","24.000","2023-05-29 17:11:36"
"2021-05-25 06:00:00","D","5.488","7.318","3.846","24.000","2023-05-29 17:11:32"
"2021-05-25 12:00:00","W","5.825","5.830","5.820","24.000","2023-05-29 17:11:36"
"2021-05-25 12:00:00","D","4.332","5.402","2.971","24.000","2023-05-29 17:11:32"
"2021-05-25 18:00:00","W","5.824","5.830","5.820","24.000","2023-05-29 17:11:36"
"2021-05-25 18:00:00","D","4.126","5.279","3.453","24.000","2023-05-29 17:11:32"
"2021-05-26 00:00:00","W","5.822","5.826","5.818","24.000","2023-05-29 17:11:36"
"2021-05-26 00:00:00","D","3.946","4.783","3.585","24.000","2023-05-29 17:11:32"
"2021-05-26 06:00:00","W","5.813","5.823","5.806","24.000","2023-05-29 17:11:36"
"2021-05-26 06:00:00","D","2.648","3.920","0.888","24.000","2023-05-29 17:11:32"
"2021-05-26 12:00:00","W","5.813","5.820","5.805","24.000","2023-05-29 17:11:36"
"2021-05-26 12:00:00","D","2.161","3.509","0.913","24.000","2023-05-29 17:11:32"
"2021-05-26 18:00:00","W","5.815","5.819","5.811","24.000","2023-05-29 17:11:36"
"2021-05-26 18:00:00","D","2.753","3.809","2.107","24.000","2023-05-29 17:11:32"
"2021-05-27 00:00:00","W","5.817","5.819","5.813","24.000","2023-05-29 17:11:36"
"2021-05-27 00:00:00","D","2.559","3.628","1.900","24.000","2023-05-29 17:11:32"
"2021-05-27 06:00:00","W","5.810","5.816","5.802","24.000","2023-05-29 17:11:36"
"2021-05-27 06:00:00","D","1.599","3.331","0.199","24.000","2023-05-29 17:11:32"
"2021-05-27 12:00:00","W","5.810","5.817","5.803","24.000","2023-05-29 17:11:36"
"2021-05-27 12:00:00","D","1.595","4.348","0.011","24.000","2023-05-29 17:11:32"
"2021-05-27 18:00:00","W","5.816","5.819","5.812","24.000","2023-05-29 17:11:36"
"2021-05-27 18:00:00","D","2.863","4.409","1.652","24.000","2023-05-29 17:11:32"
"2021-05-28 00:00:00","W","5.813","5.818","5.810","24.000","2023-05-29 17:11:36"
"2021-05-28 00:00:00","D","2.741","4.357","1.850","24.000","2023-05-29 17:11:32"
"2021-05-28 06:00:00","W","5.808","5.814","5.801","24.000","2023-05-29 17:11:36"
"2021-05-28 06:00:00","D","2.588","3.582","1.820","24.000","2023-05-29 17:11:32"
"2021-05-28 12:00:00","W","5.809","5.818","5.801","24.000","2023-05-29 17:11:36"
"2021-05-28 12:00:00","D","2.037","4.191","0.469","24.000","2023-05-29 17:11:32"
"2021-05-28 18:00:00","W","5.814","5.819","5.809","24.000","2023-05-29 17:11:36"
"2021-05-28 18:00:00","D","3.297","4.668","1.643","24.000","2023-05-29 17:11:32"
"2021-05-29 00:00:00","W","5.814","5.817","5.808","24.000","2023-05-29 17:11:36"
"2021-05-29 00:00:00","D","3.589","4.115","2.607","24.000","2023-05-29 17:11:32"
"2021-05-29 06:00:00","W","5.805","5.810","5.798","24.000","2023-05-29 17:11:36"
"2021-05-29 06:00:00","D","2.449","3.788","1.326","24.000","2023-05-29 17:11:32"
"2021-05-29 12:00:00","W","5.804","5.812","5.799","24.000","2023-05-29 17:11:36"
"2021-05-29 12:00:00","D","1.838","3.262","0.529","24.000","2023-05-29 17:11:32"
"2021-05-29 18:00:00","W","5.811","5.815","5.806","24.000","2023-05-29 17:11:36"
"2021-05-29 18:00:00","D","3.447","4.244","2.435","24.000","2023-05-29 17:11:32"
"2021-05-30 00:00:00","W","5.808","5.811","5.805","24.000","2023-05-29 17:11:36"
"2021-05-30 00:00:00","D","2.963","3.520","2.119","24.000","2023-05-29 17:11:32"
"2021-05-30 06:00:00","W","5.804","5.808","5.799","24.000","2023-05-29 17:11:36"
"2021-05-30 06:00:00","D","2.077","3.390","0.926","24.000","2023-05-29 17:11:32"
"2021-05-30 12:00:00","W","5.803","5.808","5.800","24.000","2023-05-29 17:11:36"
"2021-05-30 12:00:00","D","1.311","2.542","0.565","24.000","2023-05-29 17:11:32"
"2021-05-30 18:00:00","W","5.811","5.815","5.807","24.000","2023-05-29 17:11:36"
"2021-05-30 18:00:00","D","3.663","4.308","2.550","24.000","2023-05-29 17:11:32"
"2021-05-31 00:00:00","W","5.809","5.811","5.805","24.000","2023-05-29 17:11:36"
"2021-05-31 00:00:00","D","3.047","3.679","2.308","24.000","2023-05-29 17:11:32"
"2021-05-31 06:00:00","W","5.802","5.807","5.798","24.000","2023-05-29 17:11:36"
"2021-05-31 06:00:00","D","2.149","3.334","1.160","24.000","2023-05-29 17:11:32"
"2021-05-31 12:00:00","W","5.804","5.815","5.797","24.000","2023-05-29 17:11:36"
"2021-05-31 12:00:00","D","1.901","3.426","1.009","24.000","2023-05-29 17:11:32"
"2021-05-31 18:00:00","W","5.814","5.818","5.809","24.000","2023-05-29 17:11:36"
"2021-05-31 18:00:00","D","3.857","4.632","2.866","24.000","2023-05-29 17:11:32"
"2021-06-01 00:00:00","W","5.809","5.811","5.805","24.000","2023-05-29 17:11:36"
"2021-06-01 00:00:00","D","2.744","3.107","2.277","24.000","2023-05-29 17:11:32"
"2021-06-01 06:00:00","W","5.804","5.811","5.796","24.000","2023-05-29 17:11:36"
"2021-06-01 06:00:00","D","2.090","3.098","0.964","24.000","2023-05-29 17:11:32"
"2021-06-01 12:00:00","W","5.803","5.813","5.796","24.000","2023-05-29 17:11:36"
"2021-06-01 12:00:00","D","1.836","3.289","0.553","24.000","2023-05-29 17:11:32"
"2021-06-01 18:00:00","W","5.809","5.814","5.806","24.000","2023-05-29 17:11:36"
"2021-06-01 18:00:00","D","3.826","4.907","2.827","24.000","2023-05-29 17:11:32"
"2021-06-02 00:00:00","W","5.808","5.811","5.803","24.000","2023-05-29 17:11:36"
"2021-06-02 00:00:00","D","2.993","4.083","1.919","24.000","2023-05-29 17:11:32"
"2021-06-02 06:00:00","W","5.804","5.812","5.798","24.000","2023-05-29 17:11:36"
"2021-06-02 06:00:00","D","2.354","3.103","1.375","24.000","2023-05-29 17:11:32"
"2021-06-02 12:00:00","W","5.804","5.810","5.797","24.000","2023-05-29 17:11:36"
"2021-06-02 12:00:00","D","2.251","4.789","1.252","24.000","2023-05-29 17:11:33"
"2021-06-02 18:00:00","W","5.807","5.815","5.798","24.000","2023-05-29 17:11:36"
"2021-06-02 18:00:00","D","4.179","5.218","2.627","24.000","2023-05-29 17:11:33"
"2021-06-03 00:00:00","W","5.804","5.808","5.801","24.000","2023-05-29 17:11:36"
"2021-06-03 00:00:00","D","3.176","4.336","2.551","24.000","2023-05-29 17:11:33"
"2021-06-03 06:00:00","W","5.801","5.805","5.796","24.000","2023-05-29 17:11:36"
"2021-06-03 06:00:00","D","2.605","3.378","1.645","24.000","2023-05-29 17:11:33"
"2021-06-03 12:00:00","W","5.801","5.810","5.795","24.000","2023-05-29 17:11:36"
"2021-06-03 12:00:00","D","2.452","4.539","0.849","24.000","2023-05-29 17:11:33"
"2021-06-03 18:00:00","W","5.806","5.812","5.801","24.000","2023-05-29 17:11:36"
"2021-06-03 18:00:00","D","3.688","4.803","1.829","24.000","2023-05-29 17:11:33"
"2021-06-04 00:00:00","W","5.805","5.809","5.800","24.000","2023-05-29 17:11:36"
"2021-06-04 00:00:00","D","1.459","2.499","0.456","24.000","2023-05-29 17:11:33"
"2021-06-04 06:00:00","W","5.800","5.802","5.796","24.000","2023-05-29 17:11:36"
"2021-06-04 06:00:00","D","1.812","2.454","0.536","24.000","2023-05-29 17:11:33"
"2021-06-04 12:00:00","W","5.802","5.813","5.797","24.000","2023-05-29 17:11:36"
"2021-06-04 12:00:00","D","1.950","3.942","0.187","24.000","2023-05-29 17:11:33"
"2021-06-04 18:00:00","W","5.836","5.846","5.815","24.000","2023-05-29 17:11:36"
"2021-06-04 18:00:00","D","7.898","9.791","2.599","24.000","2023-05-29 17:11:33"
"2021-06-05 00:00:00","W","5.825","5.838","5.811","24.000","2023-05-29 17:11:36"
"2021-06-05 00:00:00","D","6.965","9.260","5.116","24.000","2023-05-29 17:11:33"
"2021-06-05 06:00:00","W","5.807","5.811","5.800","24.000","2023-05-29 17:11:36"
"2021-06-05 06:00:00","D","4.014","5.185","3.160","24.000","2023-05-29 17:11:33"
"2021-06-05 12:00:00","W","5.803","5.811","5.797","24.000","2023-05-29 17:11:36"
"2021-06-05 12:00:00","D","3.138","4.365","2.388","24.000","2023-05-29 17:11:33"
"2021-06-05 18:00:00","W","5.811","5.815","5.806","24.000","2023-05-29 17:11:36"
"2021-06-05 18:00:00","D","4.406","4.694","3.952","24.000","2023-05-29 17:11:33"
"2021-06-06 00:00:00","W","5.805","5.809","5.803","24.000","2023-05-29 17:11:36"
"2021-06-06 00:00:00","D","3.765","4.076","3.491","24.000","2023-05-29 17:11:33"
"2021-06-06 06:00:00","W","5.804","5.810","5.797","24.000","2023-05-29 17:11:36"
"2021-06-06 06:00:00","D","3.023","3.514","2.288","24.000","2023-05-29 17:11:33"
"2021-06-06 12:00:00","W","5.801","5.805","5.795","24.000","2023-05-29 17:11:36"
"2021-06-06 12:00:00","D","2.333","3.033","1.964","24.000","2023-05-29 17:11:33"
"2021-06-06 18:00:00","W","5.808","5.813","5.804","24.000","2023-05-29 17:11:36"
"2021-06-06 18:00:00","D","3.765","4.285","3.188","24.000","2023-05-29 17:11:33"
"2021-06-07 00:00:00","W","5.808","5.812","5.803","24.000","2023-05-29 17:11:36"
"2021-06-07 00:00:00","D","3.596","3.778","3.355","24.000","2023-05-29 17:11:33"
"2021-06-07 06:00:00","W","5.804","5.811","5.798","24.000","2023-05-29 17:11:36"
"2021-06-07 06:00:00","D","3.107","3.588","2.433","24.000","2023-05-29 17:11:33"
"2021-06-07 12:00:00","W","5.804","5.812","5.796","24.000","2023-05-29 17:11:36"
"2021-06-07 12:00:00","D","2.777","3.876","2.019","24.000","2023-05-29 17:11:33"
"2021-06-07 18:00:00","W","5.808","5.812","5.804","24.000","2023-05-29 17:11:36"
"2021-06-07 18:00:00","D","3.596","3.952","3.084","24.000","2023-05-29 17:11:33"
"2021-06-08 00:00:00","W","5.809","5.814","5.804","24.000","2023-05-29 17:11:36"
"2021-06-08 00:00:00","D","3.905","4.201","3.574","24.000","2023-05-29 17:11:33"
"2021-06-08 06:00:00","W","5.803","5.812","5.791","24.000","2023-05-29 17:11:36"
"2021-06-08 06:00:00","D","3.215","4.065","2.485","24.000","2023-05-29 17:11:33"
"2021-06-08 12:00:00","W","5.784","5.814","5.769","24.000","2023-05-29 17:11:36"
"2021-06-08 12:00:00","D","2.832","3.802","2.340","24.000","2023-05-29 17:11:33"
"2021-06-08 18:00:00","W","5.796","5.816","5.777","24.000","2023-05-29 17:11:36"
"2021-06-08 18:00:00","D","3.658","4.136","2.994","24.000","2023-05-29 17:11:33"
"2021-06-09 00:00:00","W","5.808","5.813","5.797","24.000","2023-05-29 17:11:36"
"2021-06-09 00:00:00","D","3.589","4.298","2.768","24.000","2023-05-29 17:11:33"
"2021-06-09 06:00:00","W","5.804","5.811","5.792","24.000","2023-05-29 17:11:36"
"2021-06-09 06:00:00","D","3.055","4.011","2.441","24.000","2023-05-29 17:11:33"
"2021-06-09 12:00:00","W","5.777","5.795","5.765","24.000","2023-05-29 17:11:36"
"2021-06-09 12:00:00","D","2.504","3.246","0.653","24.000","2023-05-29 17:11:33"
"2021-06-09 18:00:00","W","5.809","5.813","5.798","24.000","2023-05-29 17:11:36"
"2021-06-09 18:00:00","D","3.407","3.811","3.153","24.000","2023-05-29 17:11:33"
"2021-06-10 00:00:00","W","5.810","5.815","5.804","24.000","2023-05-29 17:11:36"
"2021-06-10 00:00:00","D","3.352","3.684","2.459","24.000","2023-05-29 17:11:33"
"2021-06-10 06:00:00","W","5.792","5.814","5.753","24.000","2023-05-29 17:11:36"
"2021-06-10 06:00:00","D","3.186","3.769","2.670","24.000","2023-05-29 17:11:33"
"2021-06-10 12:00:00","W","5.723","5.748","5.708","24.000","2023-05-29 17:11:36"
"2021-06-10 12:00:00","D","2.650","3.301","2.241","24.000","2023-05-29 17:11:33"
"2021-06-10 18:00:00","W","5.791","5.810","5.751","24.000","2023-05-29 17:11:36"
"2021-06-10 18:00:00","D","3.141","3.351","2.958","24.000","2023-05-29 17:11:33"
"2021-06-11 00:00:00","W","5.811","5.816","5.808","24.000","2023-05-29 17:11:36"
"2021-06-11 00:00:00","D","3.566","3.819","3.108","24.000","2023-05-29 17:11:33"
"2021-06-11 06:00:00","W","5.806","5.811","5.798","24.000","2023-05-29 17:11:36"
"2021-06-11 06:00:00","D","2.999","3.839","2.350","24.000","2023-05-29 17:11:33"
"2021-06-11 12:00:00","W","5.800","5.814","5.788","24.000","2023-05-29 17:11:36"
"2021-06-11 12:00:00","D","2.530","3.681","2.052","24.000","2023-05-29 17:11:33"
"2021-06-11 18:00:00","W","5.810","5.814","5.807","24.000","2023-05-29 17:11:36"
"2021-06-11 18:00:00","D","3.306","3.827","2.980","24.000","2023-05-29 17:11:33"
"2021-06-12 00:00:00","W","5.811","5.816","5.808","24.000","2023-05-29 17:11:36"
"2021-06-12 00:00:00","D","3.511","3.881","2.817","24.000","2023-05-29 17:11:33"
"2021-06-12 06:00:00","W","5.808","5.813","5.802","24.000","2023-05-29 17:11:36"
"2021-06-12 06:00:00","D","2.937","3.475","2.320","24.000","2023-05-29 17:11:33"
"2021-06-12 12:00:00","W","5.805","5.814","5.800","24.000","2023-05-29 17:11:36"
"2021-06-12 12:00:00","D","2.540","3.189","1.973","24.000","2023-05-29 17:11:33"
"2021-06-12 18:00:00","W","5.815","5.818","5.812","24.000","2023-05-29 17:11:36"
"2021-06-12 18:00:00","D","3.671","3.970","3.373","24.000","2023-05-29 17:11:33"
"2021-06-13 00:00:00","W","5.812","5.816","5.807","24.000","2023-05-29 17:11:36"
"2021-06-13 00:00:00","D","3.327","3.638","3.062","24.000","2023-05-29 17:11:33"
"2021-06-13 06:00:00","W","5.806","5.810","5.800","24.000","2023-05-29 17:11:36"
"2021-06-13 06:00:00","D","2.875","3.526","2.219","24.000","2023-05-29 17:11:33"
"2021-06-13 12:00:00","W","5.798","5.811","5.788","24.000","2023-05-29 17:11:36"
"2021-06-13 12:00:00","D","2.413","3.487","1.445","24.000","2023-05-29 17:11:33"
"2021-06-13 18:00:00","W","5.814","5.817","5.810","24.000","2023-05-29 17:11:36"
"2021-06-13 18:00:00","D","3.793","4.348","3.459","24.000","2023-05-29 17:11:33"
"2021-06-14 00:00:00","W","5.809","5.811","5.806","24.000","2023-05-29 17:11:36"
"2021-06-14 00:00:00","D","3.579","3.830","3.128","24.000","2023-05-29 17:11:33"
"2021-06-14 06:00:00","W","5.803","5.812","5.796","24.000","2023-05-29 17:11:36"
"2021-06-14 06:00:00","D","2.769","3.678","0.920","24.000","2023-05-29 17:11:33"
"2021-06-14 12:00:00","W","5.799","5.810","5.791","24.000","2023-05-29 17:11:36"
"2021-06-14 12:00:00","D","2.121","3.392","0.874","24.000","2023-05-29 17:11:33"
"2021-06-14 18:00:00","W","5.807","5.812","5.801","24.000","2023-05-29 17:11:36"
"2021-06-14 18:00:00","D","3.625","5.413","3.097","24.000","2023-05-29 17:11:33"
"2021-06-15 00:00:00","W","5.803","5.806","5.800","24.000","2023-05-29 17:11:36"
"2021-06-15 00:00:00","D","3.339","3.615","2.380","24.000","2023-05-29 17:11:33"
"2021-06-15 06:00:00","W","5.801","5.809","5.796","24.000","2023-05-29 17:11:36"
"2021-06-15 06:00:00","D","2.777","3.432","2.047","24.000","2023-05-29 17:11:33"
"2021-06-15 12:00:00","W","5.794","5.805","5.781","24.000","2023-05-29 17:11:36"
"2021-06-15 12:00:00","D","2.461","3.387","1.804","24.000","2023-05-29 17:11:33"
"2021-06-15 18:00:00","W","5.804","5.809","5.801","24.000","2023-05-29 17:11:36"
"2021-06-15 18:00:00","D","3.361","3.738","2.802","24.000","2023-05-29 17:11:33"
"2021-06-16 00:00:00","W","5.805","5.809","5.800","24.000","2023-05-29 17:11:36"
"2021-06-16 00:00:00","D","3.472","3.733","2.821","24.000","2023-05-29 17:11:33"
"2021-06-16 06:00:00","W","5.800","5.810","5.793","24.000","2023-05-29 17:11:36"
"2021-06-16 06:00:00","D","2.868","3.760","0.954","24.000","2023-05-29 17:11:33"
"2021-06-16 12:00:00","W","5.799","5.806","5.794","24.000","2023-05-29 17:11:36"
"2021-06-16 12:00:00","D","2.479","3.444","1.682","24.000","2023-05-29 17:11:33"
"2021-06-16 18:00:00","W","5.806","5.813","5.800","24.000","2023-05-29 17:11:36"
"2021-06-16 18:00:00","D","3.520","3.837","3.051","24.000","2023-05-29 17:11:33"
"2021-06-17 00:00:00","W","5.821","5.864","5.804","24.000","2023-05-29 17:11:36"
"2021-06-17 00:00:00","D","4.853","9.596","3.064","24.000","2023-05-29 17:11:33"
"2021-06-17 06:00:00","W","5.839","5.869","5.810","24.000","2023-05-29 17:11:36"
"2021-06-17 06:00:00","D","7.428","10.118","4.380","24.000","2023-05-29 17:11:33"
"2021-06-17 12:00:00","W","5.810","5.817","5.804","24.000","2023-05-29 17:11:36"
"2021-06-17 12:00:00","D","4.077","8.555","2.983","24.000","2023-05-29 17:11:33"
"2021-06-17 18:00:00","W","5.810","5.818","5.804","24.000","2023-05-29 17:11:36"
"2021-06-17 18:00:00","D","3.991","4.725","3.655","24.000","2023-05-29 17:11:33"
"2021-06-18 00:00:00","W","5.837","5.861","5.809","24.000","2023-05-29 17:11:36"
"2021-06-18 00:00:00","D","6.508","9.151","3.230","24.000","2023-05-29 17:11:33"
"2021-06-18 06:00:00","W","5.832","5.850","5.824","24.000","2023-05-29 17:11:36"
"2021-06-18 06:00:00","D","6.423","8.517","5.339","24.000","2023-05-29 17:11:33"
"2021-06-18 12:00:00","W","5.902","5.974","5.826","24.000","2023-05-29 17:11:36"
"2021-06-18 12:00:00","D","13.360","21.018","5.390","24.000","2023-05-29 17:11:33"
"2021-06-18 18:00:00","W","5.954","5.979","5.931","24.000","2023-05-29 17:11:36"
"2021-06-18 18:00:00","D","19.720","21.876","17.069","24.000","2023-05-29 17:11:33"
"2021-06-19 00:00:00","W","5.886","5.924","5.871","24.000","2023-05-29 17:11:36"
"2021-06-19 00:00:00","D","13.003","17.573","11.061","24.000","2023-05-29 17:11:33"
"2021-06-19 06:00:00","W","5.859","5.876","5.846","24.000","2023-05-29 17:11:36"
"2021-06-19 06:00:00","D","9.672","11.543","8.133","24.000","2023-05-29 17:11:33"
"2021-06-19 12:00:00","W","5.845","5.852","5.841","24.000","2023-05-29 17:11:36"
"2021-06-19 12:00:00","D","7.798","8.279","7.399","24.000","2023-05-29 17:11:33"
"2021-06-19 18:00:00","W","5.842","5.845","5.838","24.000","2023-05-29 17:11:36"
"2021-06-19 18:00:00","D","7.404","7.751","6.820","24.000","2023-05-29 17:11:33"
"2021-06-20 00:00:00","W","5.833","5.838","5.828","24.000","2023-05-29 17:11:36"
"2021-06-20 00:00:00","D","6.083","6.791","5.228","24.000","2023-05-29 17:11:33"
"2021-06-20 06:00:00","W","5.824","5.833","5.815","24.000","2023-05-29 17:11:36"
"2021-06-20 06:00:00","D","4.634","5.559","3.469","24.000","2023-05-29 17:11:33"
"2021-06-20 12:00:00","W","5.817","5.825","5.812","24.000","2023-05-29 17:11:36"
"2021-06-20 12:00:00","D","3.472","4.313","2.549","24.000","2023-05-29 17:11:33"
"2021-06-20 18:00:00","W","5.829","5.833","5.825","24.000","2023-05-29 17:11:36"
"2021-06-20 18:00:00","D","4.961","5.412","3.899","24.000","2023-05-29 17:11:33"
"2021-06-21 00:00:00","W","5.825","5.827","5.823","24.000","2023-05-29 17:11:36"
"2021-06-21 00:00:00","D","4.715","8.031","4.151","24.000","2023-05-29 17:11:33"
"2021-06-21 06:00:00","W","5.815","5.825","5.807","24.000","2023-05-29 17:11:36"
"2021-06-21 06:00:00","D","3.623","4.568","2.553","24.000","2023-05-29 17:11:33"
"2021-06-21 12:00:00","W","5.813","5.829","5.805","24.000","2023-05-29 17:11:36"
"2021-06-21 12:00:00","D","3.076","4.258","2.193","24.000","2023-05-29 17:11:33"
"2021-06-21 18:00:00","W","5.844","5.854","5.831","24.000","2023-05-29 17:11:36"
"2021-06-21 18:00:00","D","6.322","7.489","4.553","24.000","2023-05-29 17:11:33"
"2021-06-22 00:00:00","W","5.832","5.838","5.826","24.000","2023-05-29 17:11:36"
"2021-06-22 00:00:00","D","5.229","6.415","4.590","24.000","2023-05-29 17:11:33"
"2021-06-22 06:00:00","W","5.819","5.830","5.812","24.000","2023-05-29 17:11:36"
"2021-06-22 06:00:00","D","3.744","4.627","2.872","24.000","2023-05-29 17:11:33"
"2021-06-22 12:00:00","W","5.817","5.826","5.810","24.000","2023-05-29 17:11:36"
"2021-06-22 12:00:00","D","3.077","3.995","2.393","24.000","2023-05-29 17:11:33"
"2021-06-22 18:00:00","W","5.823","5.828","5.817","24.000","2023-05-29 17:11:36"
"2021-06-22 18:00:00","D","3.951","4.268","3.400","24.000","2023-05-29 17:11:33"
"2021-06-23 00:00:00","W","5.823","5.827","5.817","24.000","2023-05-29 17:11:36"
"2021-06-23 00:00:00","D","4.031","4.397","3.721","24.000","2023-05-29 17:11:33"
"2021-06-23 06:00:00","W","5.815","5.822","5.808","24.000","2023-05-29 17:11:36"
"2021-06-23 06:00:00","D","3.446","7.624","2.599","24.000","2023-05-29 17:11:33"
"2021-06-23 12:00:00","W","5.814","5.823","5.806","24.000","2023-05-29 17:11:36"
"2021-06-23 12:00:00","D","2.864","3.874","2.313","24.000","2023-05-29 17:11:33"
"2021-06-23 18:00:00","W","5.820","5.826","5.816","24.000","2023-05-29 17:11:36"
"2021-06-23 18:00:00","D","3.605","4.041","3.138","24.000","2023-05-29 17:11:33"
"2021-06-24 00:00:00","W","5.821","5.824","5.816","24.000","2023-05-29 17:11:36"
"2021-06-24 00:00:00","D","3.822","4.101","3.452","24.000","2023-05-29 17:11:33"
"2021-06-24 06:00:00","W","5.814","5.824","5.807","24.000","2023-05-29 17:11:36"
"2021-06-24 06:00:00","D","3.201","3.839","2.451","24.000","2023-05-29 17:11:33"
"2021-06-24 12:00:00","W","5.810","5.822","5.803","24.000","2023-05-29 17:11:36"
"2021-06-24 12:00:00","D","2.690","3.393","2.239","24.000","2023-05-29 17:11:33"
"2021-06-24 18:00:00","W","5.819","5.822","5.814","24.000","2023-05-29 17:11:36"
"2021-06-24 18:00:00","D","3.472","3.676","3.236","24.000","2023-05-29 17:11:33"
"2021-06-25 00:00:00","W","5.819","5.823","5.815","24.000","2023-05-29 17:11:36"
"2021-06-25 00:00:00","D","3.848","4.079","3.517","24.000","2023-05-29 17:11:33"
"2021-06-25 06:00:00","W","5.811","5.816","5.805","24.000","2023-05-29 17:11:36"
"2021-06-25 06:00:00","D","3.185","4.019","2.446","24.000","2023-05-29 17:11:33"
"2021-06-25 12:00:00","W","5.797","5.819","5.750","24.000","2023-05-29 17:11:36"
"2021-06-25 12:00:00","D","2.740","3.846","1.900","24.000","2023-05-29 17:11:33"
"2021-06-25 18:00:00","W","5.817","5.823","5.814","24.000","2023-05-29 17:11:36"
"2021-06-25 18:00:00","D","3.493","3.950","3.079","24.000","2023-05-29 17:11:33"
"2021-06-26 00:00:00","W","5.821","5.826","5.814","24.000","2023-05-29 17:11:36"
"2021-06-26 00:00:00","D","3.803","4.223","3.403","24.000","2023-05-29 17:11:33"
"2021-06-26 06:00:00","W","5.813","5.821","5.805","24.000","2023-05-29 17:11:36"
"2021-06-26 06:00:00","D","3.099","4.144","2.326","24.000","2023-05-29 17:11:33"
"2021-06-26 12:00:00","W","5.809","5.817","5.804","24.000","2023-05-29 17:11:36"
"2021-06-26 12:00:00","D","2.444","3.297","2.145","24.000","2023-05-29 17:11:33"
"2021-06-26 18:00:00","W","5.822","5.826","5.815","24.000","2023-05-29 17:11:36"
"2021-06-26 18:00:00","D","3.879","4.236","3.387","24.000","2023-05-29 17:11:33"
"2021-06-27 00:00:00","W","5.817","5.821","5.813","24.000","2023-05-29 17:11:36"
"2021-06-27 00:00:00","D","3.531","3.818","3.298","24.000","2023-05-29 17:11:33"
"2021-06-27 06:00:00","W","5.813","5.817","5.808","24.000","2023-05-29 17:11:36"
"2021-06-27 06:00:00","D","2.757","3.267","2.223","24.000","2023-05-29 17:11:33"
"2021-06-27 12:00:00","W","5.807","5.815","5.802","24.000","2023-05-29 17:11:36"
"2021-06-27 12:00:00","D","2.220","2.760","1.892","24.000","2023-05-29 17:11:33"
"2021-06-27 18:00:00","W","5.822","5.825","5.816","24.000","2023-05-29 17:11:36"
"2021-06-27 18:00:00","D","3.642","3.998","2.979","24.000","2023-05-29 17:11:33"
"2021-06-28 00:00:00","W","5.824","5.839","5.817","24.000","2023-05-29 17:11:36"
"2021-06-28 00:00:00","D","3.775","5.225","3.232","24.000","2023-05-29 17:11:33"
"2021-06-28 06:00:00","W","5.884","5.909","5.843","24.000","2023-05-29 17:11:36"
"2021-06-28 06:00:00","D","10.011","12.759","5.670","24.000","2023-05-29 17:11:33"
"2021-06-28 12:00:00","W","5.856","5.891","5.842","24.000","2023-05-29 17:11:36"
"2021-06-28 12:00:00","D","7.484","11.385","5.683","24.000","2023-05-29 17:11:33"
"2021-06-28 18:00:00","W","5.837","5.845","5.832","24.000","2023-05-29 17:11:36"
"2021-06-28 18:00:00","D","5.396","5.898","4.823","24.000","2023-05-29 17:11:33"
"2021-06-29 00:00:00","W","5.830","5.835","5.827","24.000","2023-05-29 17:11:36"
"2021-06-29 00:00:00","D","5.009","6.343","4.509","24.000","2023-05-29 17:11:33"
"2021-06-29 06:00:00","W","5.821","5.832","5.811","24.000","2023-05-29 17:11:36"
"2021-06-29 06:00:00","D","3.789","4.708","2.913","24.000","2023-05-29 17:11:33"
"2021-06-29 12:00:00","W","5.819","5.831","5.809","24.000","2023-05-29 17:11:36"
"2021-06-29 12:00:00","D","3.462","4.551","2.691","24.000","2023-05-29 17:11:33"
"2021-06-29 18:00:00","W","5.827","5.833","5.824","24.000","2023-05-29 17:11:36"
"2021-06-29 18:00:00","D","4.344","4.809","3.985","24.000","2023-05-29 17:11:33"
"2021-06-30 00:00:00","W","5.828","5.835","5.821","24.000","2023-05-29 17:11:36"
"2021-06-30 00:00:00","D","4.454","5.998","3.984","24.000","2023-05-29 17:11:33"
"2021-06-30 06:00:00","W","5.818","5.828","5.810","24.000","2023-05-29 17:11:36"
"2021-06-30 06:00:00","D","3.416","4.202","2.505","24.000","2023-05-29 17:11:33"
"2021-06-30 12:00:00","W","5.816","5.824","5.807","24.000","2023-05-29 17:11:36"
"2021-06-30 12:00:00","D","2.963","4.022","2.444","24.000","2023-05-29 17:11:33"
"2021-06-30 18:00:00","W","5.823","5.827","5.818","24.000","2023-05-29 17:11:36"
"2021-06-30 18:00:00","D","3.826","4.193","3.340","24.000","2023-05-29 17:11:33"
"2021-07-01 00:00:00","W","5.822","5.828","5.817","24.000","2023-05-29 17:11:36"
"2021-07-01 00:00:00","D","3.952","4.350","2.699","24.000","2023-05-29 17:11:33"
"2021-07-01 06:00:00","W","5.817","5.827","5.808","24.000","2023-05-29 17:11:36"
"2021-07-01 06:00:00","D","3.620","4.248","2.827","24.000","2023-05-29 17:11:33"
"2021-07-01 12:00:00","W","5.815","5.824","5.808","24.000","2023-05-29 17:11:36"
"2021-07-01 12:00:00","D","3.163","4.062","2.674","24.000","2023-05-29 17:11:33"
"2021-07-01 18:00:00","W","5.821","5.823","5.817","24.000","2023-05-29 17:11:36"
"2021-07-01 18:00:00","D","3.978","4.229","3.742","24.000","2023-05-29 17:11:33"
"2021-07-02 00:00:00","W","5.817","5.819","5.814","24.000","2023-05-29 17:11:36"
"2021-07-02 00:00:00","D","3.993","4.261","3.760","24.000","2023-05-29 17:11:33"
"2021-07-02 06:00:00","W","5.812","5.821","5.802","24.000","2023-05-29 17:11:36"
"2021-07-02 06:00:00","D","3.552","4.184","2.813","24.000","2023-05-29 17:11:33"
"2021-07-02 12:00:00","W","5.808","5.819","5.801","24.000","2023-05-29 17:11:36"
"2021-07-02 12:00:00","D","2.972","3.976","2.411","24.000","2023-05-29 17:11:33"
"2021-07-02 18:00:00","W","5.817","5.821","5.812","24.000","2023-05-29 17:11:36"
"2021-07-02 18:00:00","D","3.860","4.219","3.406","24.000","2023-05-29 17:11:33"
"2021-07-03 00:00:00","W","5.814","5.817","5.811","24.000","2023-05-29 17:11:36"
"2021-07-03 00:00:00","D","3.804","4.029","3.533","24.000","2023-05-29 17:11:33"
"2021-07-03 06:00:00","W","5.808","5.817","5.800","24.000","2023-05-29 17:11:36"
"2021-07-03 06:00:00","D","3.425","4.123","2.872","24.000","2023-05-29 17:11:33"
"2021-07-03 12:00:00","W","5.805","5.814","5.799","24.000","2023-05-29 17:11:36"
"2021-07-03 12:00:00","D","2.743","3.337","2.408","24.000","2023-05-29 17:11:33"
"2021-07-03 18:00:00","W","5.819","5.822","5.815","24.000","2023-05-29 17:11:36"
"2021-07-03 18:00:00","D","4.138","4.468","3.667","24.000","2023-05-29 17:11:33"
"2021-07-04 00:00:00","W","5.811","5.818","5.809","24.000","2023-05-29 17:11:36"
"2021-07-04 00:00:00","D","3.788","4.230","3.434","24.000","2023-05-29 17:11:33"
"2021-07-04 06:00:00","W","5.807","5.810","5.800","24.000","2023-05-29 17:11:36"
"2021-07-04 06:00:00","D","3.135","3.579","2.624","24.000","2023-05-29 17:11:33"
"2021-07-04 12:00:00","W","5.804","5.820","5.797","24.000","2023-05-29 17:11:36"
"2021-07-04 12:00:00","D","2.630","3.608","2.297","24.000","2023-05-29 17:11:33"
"2021-07-04 18:00:00","W","5.823","5.829","5.819","24.000","2023-05-29 17:11:36"
"2021-07-04 18:00:00","D","4.435","4.909","3.848","24.000","2023-05-29 17:11:33"
"2021-07-05 00:00:00","W","5.818","5.821","5.815","24.000","2023-05-29 17:11:36"
"2021-07-05 00:00:00","D","4.023","4.268","3.844","24.000","2023-05-29 17:11:33"
"2021-07-05 06:00:00","W","5.812","5.818","5.804","24.000","2023-05-29 17:11:36"
"2021-07-05 06:00:00","D","3.293","3.981","2.493","24.000","2023-05-29 17:11:33"
"2021-07-05 12:00:00","W","5.810","5.822","5.802","24.000","2023-05-29 17:11:36"
"2021-07-05 12:00:00","D","2.811","3.883","2.410","24.000","2023-05-29 17:11:33"
"2021-07-05 18:00:00","W","5.818","5.824","5.814","24.000","2023-05-29 17:11:36"
"2021-07-05 18:00:00","D","3.825","4.114","3.542","24.000","2023-05-29 17:11:33"
"2021-07-06 00:00:00","W","5.821","5.860","5.809","24.000","2023-05-29 17:11:36"
"2021-07-06 00:00:00","D","4.242","7.736","3.476","24.000","2023-05-29 17:11:33"
"2021-07-06 06:00:00","W","5.878","5.905","5.843","24.000","2023-05-29 17:11:36"
"2021-07-06 06:00:00","D","9.896","12.400","6.798","24.000","2023-05-29 17:11:33"
"2021-07-06 12:00:00","W","5.853","5.866","5.837","24.000","2023-05-29 17:11:36"
"2021-07-06 12:00:00","D","7.602","8.708","6.454","24.000","2023-05-29 17:11:33"
"2021-07-06 18:00:00","W","5.850","5.855","5.843","24.000","2023-05-29 17:11:36"
"2021-07-06 18:00:00","D","7.185","7.535","6.638","24.000","2023-05-29 17:11:33"
"2021-07-07 00:00:00","W","5.845","5.853","5.835","24.000","2023-05-29 17:11:36"
"2021-07-07 00:00:00","D","6.685","7.495","5.749","24.000","2023-05-29 17:11:33"
"2021-07-07 06:00:00","W","5.824","5.835","5.812","24.000","2023-05-29 17:11:36"
"2021-07-07 06:00:00","D","4.638","5.807","3.564","24.000","2023-05-29 17:11:33"
"2021-07-07 12:00:00","W","5.819","5.828","5.812","24.000","2023-05-29 17:11:36"
"2021-07-07 12:00:00","D","3.694","4.676","3.219","24.000","2023-05-29 17:11:33"
"2021-07-07 18:00:00","W","5.829","5.832","5.824","24.000","2023-05-29 17:11:36"
"2021-07-07 18:00:00","D","4.592","4.842","4.254","24.000","2023-05-29 17:11:33"
"2021-07-08 00:00:00","W","5.828","5.833","5.825","24.000","2023-05-29 17:11:36"
"2021-07-08 00:00:00","D","4.520","4.797","4.324","24.000","2023-05-29 17:11:33"
"2021-07-08 06:00:00","W","5.820","5.827","5.812","24.000","2023-05-29 17:11:36"
"2021-07-08 06:00:00","D","3.765","4.494","2.979","24.000","2023-05-29 17:11:33"
"2021-07-08 12:00:00","W","5.817","5.826","5.809","24.000","2023-05-29 17:11:36"
"2021-07-08 12:00:00","D","3.204","4.178","2.688","24.000","2023-05-29 17:11:33"
"2021-07-08 18:00:00","W","5.824","5.828","5.820","24.000","2023-05-29 17:11:36"
"2021-07-08 18:00:00","D","4.081","4.411","3.842","24.000","2023-05-29 17:11:33"
"2021-07-09 00:00:00","W","5.825","5.829","5.821","24.000","2023-05-29 17:11:36"
"2021-07-09 00:00:00","D","4.138","4.405","3.825","24.000","2023-05-29 17:11:33"
"2021-07-09 06:00:00","W","5.819","5.825","5.814","24.000","2023-05-29 17:11:36"
"2021-07-09 06:00:00","D","3.580","4.235","2.874","24.000","2023-05-29 17:11:33"
"2021-07-09 12:00:00","W","5.815","5.828","5.808","24.000","2023-05-29 17:11:36"
"2021-07-09 12:00:00","D","3.046","4.057","2.583","24.000","2023-05-29 17:11:33"
"2021-07-09 18:00:00","W","5.828","5.830","5.825","24.000","2023-05-29 17:11:36"
"2021-07-09 18:00:00","D","3.990","4.253","3.783","24.000","2023-05-29 17:11:33"
"2021-07-10 00:00:00","W","5.825","5.827","5.820","24.000","2023-05-29 17:11:36"
"2021-07-10 00:00:00","D","3.939","4.135","3.621","24.000","2023-05-29 17:11:33"
"2021-07-10 06:00:00","W","5.819","5.825","5.812","24.000","2023-05-29 17:11:36"
"2021-07-10 06:00:00","D","3.283","3.923","2.663","24.000","2023-05-29 17:11:33"
"2021-07-10 12:00:00","W","5.813","5.826","5.808","24.000","2023-05-29 17:11:36"
"2021-07-10 12:00:00","D","2.659","3.470","2.274","24.000","2023-05-29 17:11:33"
"2021-07-10 18:00:00","W","5.830","5.834","5.826","24.000","2023-05-29 17:11:36"
"2021-07-10 18:00:00","D","4.169","4.513","3.567","24.000","2023-05-29 17:11:33"
"2021-07-11 00:00:00","W","5.829","5.831","5.825","24.000","2023-05-29 17:11:36"
"2021-07-11 00:00:00","D","3.935","4.128","3.812","24.000","2023-05-29 17:11:33"
"2021-07-11 06:00:00","W","5.818","5.824","5.811","24.000","2023-05-29 17:11:36"
"2021-07-11 06:00:00","D","3.303","3.845","2.705","24.000","2023-05-29 17:11:33"
"2021-07-11 12:00:00","W","5.814","5.823","5.809","24.000","2023-05-29 17:11:36"
"2021-07-11 12:00:00","D","2.630","3.276","2.401","24.000","2023-05-29 17:11:33"
"2021-07-11 18:00:00","W","5.830","5.835","5.824","24.000","2023-05-29 17:11:36"
"2021-07-11 18:00:00","D","4.167","4.444","3.630","24.000","2023-05-29 17:11:33"
"2021-07-12 00:00:00","W","5.830","5.831","5.827","24.000","2023-05-29 17:11:36"
"2021-07-12 00:00:00","D","3.838","3.994","3.652","24.000","2023-05-29 17:11:33"
"2021-07-12 06:00:00","W","5.824","5.828","5.821","24.000","2023-05-29 17:11:36"
"2021-07-12 06:00:00","D","3.680","3.880","3.326","24.000","2023-05-29 17:11:33"
"2021-07-12 12:00:00","W","5.820","5.829","5.815","24.000","2023-05-29 17:11:36"
"2021-07-12 12:00:00","D","3.191","3.567","2.911","24.000","2023-05-29 17:11:33"
"2021-07-12 18:00:00","W","5.858","6.100","5.830","24.000","2023-05-29 17:11:36"
"2021-07-12 18:00:00","D","5.899","25.600","3.655","24.000","2023-05-29 17:11:33"
"2021-07-13 00:00:00","W","6.149","6.220","6.038","24.000","2023-05-29 17:11:36"
"2021-07-13 00:00:00","D","36.789","40.752","29.184","24.000","2023-05-29 17:11:33"
"2021-07-13 06:00:00","W","5.932","6.028","5.873","24.000","2023-05-29 17:11:36"
"2021-07-13 06:00:00","D","18.060","28.115","11.645","24.000","2023-05-29 17:11:33"
"2021-07-13 12:00:00","W","5.857","5.871","5.849","24.000","2023-05-29 17:11:36"
"2021-07-13 12:00:00","D","9.337","11.198","8.244","24.000","2023-05-29 17:11:33"
"2021-07-13 18:00:00","W","5.844","5.853","5.838","24.000","2023-05-29 17:11:36"
"2021-07-13 18:00:00","D","7.465","8.397","6.410","24.000","2023-05-29 17:11:33"
"2021-07-14 00:00:00","W","5.837","5.842","5.831","24.000","2023-05-29 17:11:36"
"2021-07-14 00:00:00","D","6.567","6.797","6.020","24.000","2023-05-29 17:11:33"
"2021-07-14 06:00:00","W","5.829","5.837","5.817","24.000","2023-05-29 17:11:36"
"2021-07-14 06:00:00","D","5.548","6.165","4.456","24.000","2023-05-29 17:11:33"
"2021-07-14 12:00:00","W","5.820","5.826","5.813","24.000","2023-05-29 17:11:36"
"2021-07-14 12:00:00","D","4.092","4.779","3.605","24.000","2023-05-29 17:11:33"
"2021-07-14 18:00:00","W","5.819","5.825","5.814","24.000","2023-05-29 17:11:36"
"2021-07-14 18:00:00","D","4.278","4.923","3.926","24.000","2023-05-29 17:11:33"
"2021-07-15 00:00:00","W","5.819","5.822","5.814","24.000","2023-05-29 17:11:36"
"2021-07-15 00:00:00","D","4.245","4.568","3.951","24.000","2023-05-29 17:11:33"
"2021-07-15 06:00:00","W","5.811","5.817","5.804","24.000","2023-05-29 17:11:36"
"2021-07-15 06:00:00","D","3.407","4.189","2.723","24.000","2023-05-29 17:11:33"
"2021-07-15 12:00:00","W","5.809","5.819","5.802","24.000","2023-05-29 17:11:36"
"2021-07-15 12:00:00","D","2.934","3.852","2.422","24.000","2023-05-29 17:11:33"
"2021-07-15 18:00:00","W","5.814","5.817","5.810","24.000","2023-05-29 17:11:36"
"2021-07-15 18:00:00","D","3.562","3.814","3.293","24.000","2023-05-29 17:11:33"
"2021-07-16 00:00:00","W","5.815","5.820","5.810","24.000","2023-05-29 17:11:36"
"2021-07-16 00:00:00","D","3.788","4.049","3.522","24.000","2023-05-29 17:11:33"
"2021-07-16 06:00:00","W","5.807","5.814","5.801","24.000","2023-05-29 17:11:36"
"2021-07-16 06:00:00","D","3.015","3.639","2.282","24.000","2023-05-29 17:11:33"
"2021-07-16 12:00:00","W","5.807","5.815","5.800","24.000","2023-05-29 17:11:36"
"2021-07-16 12:00:00","D","2.755","3.552","2.212","24.000","2023-05-29 17:11:33"
"2021-07-16 18:00:00","W","5.813","5.818","5.810","24.000","2023-05-29 17:11:36"
"2021-07-16 18:00:00","D","3.513","3.913","3.080","24.000","2023-05-29 17:11:33"
"2021-07-17 00:00:00","W","5.811","5.815","5.808","24.000","2023-05-29 17:11:36"
"2021-07-17 00:00:00","D","3.540","3.713","3.232","24.000","2023-05-29 17:11:33"
"2021-07-17 06:00:00","W","5.808","5.813","5.803","24.000","2023-05-29 17:11:36"
"2021-07-17 06:00:00","D","2.720","3.336","2.108","24.000","2023-05-29 17:11:33"
"2021-07-17 12:00:00","W","5.804","5.815","5.799","24.000","2023-05-29 17:11:36"
"2021-07-17 12:00:00","D","2.228","3.041","1.829","24.000","2023-05-29 17:11:33"
"2021-07-17 18:00:00","W","5.816","5.820","5.812","24.000","2023-05-29 17:11:36"
"2021-07-17 18:00:00","D","3.627","3.879","3.134","24.000","2023-05-29 17:11:33"
"2021-07-18 00:00:00","W","5.814","5.817","5.811","24.000","2023-05-29 17:11:36"
"2021-07-18 00:00:00","D","3.730","4.028","3.527","24.000","2023-05-29 17:11:33"
"2021-07-18 06:00:00","W","5.810","5.815","5.805","24.000","2023-05-29 17:11:36"
"2021-07-18 06:00:00","D","2.912","3.570","2.241","24.000","2023-05-29 17:11:33"
"2021-07-18 12:00:00","W","5.805","5.814","5.801","24.000","2023-05-29 17:11:36"
"2021-07-18 12:00:00","D","2.471","3.057","2.263","24.000","2023-05-29 17:11:33"
"2021-07-18 18:00:00","W","5.816","5.820","5.812","24.000","2023-05-29 17:11:36"
"2021-07-18 18:00:00","D","3.566","3.852","3.167","24.000","2023-05-29 17:11:33"
"2021-07-19 00:00:00","W","5.813","5.817","5.810","24.000","2023-05-29 17:11:36"
"2021-07-19 00:00:00","D","3.455","3.699","2.999","24.000","2023-05-29 17:11:33"
"2021-07-19 06:00:00","W","5.807","5.813","5.802","24.000","2023-05-29 17:11:36"
"2021-07-19 06:00:00","D","2.743","3.557","2.071","24.000","2023-05-29 17:11:33"
"2021-07-19 12:00:00","W","5.805","5.817","5.799","24.000","2023-05-29 17:11:36"
"2021-07-19 12:00:00","D","1.848","3.386","0.000","24.000","2023-05-29 17:11:33"
"2021-07-19 18:00:00","W","5.814","5.818","5.808","24.000","2023-05-29 17:11:36"
"2021-07-19 18:00:00","D","4.048","4.414","0.000","24.000","2023-05-29 17:11:33"
"2021-07-20 00:00:00","W","5.812","5.817","5.808","24.000","2023-05-29 17:11:36"
"2021-07-20 00:00:00","D","4.293","4.544","3.963","24.000","2023-05-29 17:11:33"
"2021-07-20 06:00:00","W","5.807","5.809","5.800","24.000","2023-05-29 17:11:36"
"2021-07-20 06:00:00","D","3.603","4.428","2.974","24.000","2023-05-29 17:11:33"
"2021-07-20 12:00:00","W","5.805","5.814","5.800","24.000","2023-05-29 17:11:36"
"2021-07-20 12:00:00","D","3.123","4.167","2.627","24.000","2023-05-29 17:11:33"
"2021-07-20 18:00:00","W","5.815","5.818","5.812","24.000","2023-05-29 17:11:36"
"2021-07-20 18:00:00","D","4.352","4.533","4.028","24.000","2023-05-29 17:11:33"
"2021-07-21 00:00:00","W","5.816","5.820","5.810","24.000","2023-05-29 17:11:36"
"2021-07-21 00:00:00","D","4.462","4.785","4.111","24.000","2023-05-29 17:11:33"
"2021-07-21 06:00:00","W","5.812","5.820","5.804","24.000","2023-05-29 17:11:36"
"2021-07-21 06:00:00","D","3.899","4.665","2.965","24.000","2023-05-29 17:11:33"
"2021-07-21 12:00:00","W","5.807","5.815","5.800","24.000","2023-05-29 17:11:36"
"2021-07-21 12:00:00","D","3.288","4.331","2.711","24.000","2023-05-29 17:11:33"
"2021-07-21 18:00:00","W","5.814","5.818","5.811","24.000","2023-05-29 17:11:36"
"2021-07-21 18:00:00","D","4.393","4.660","4.150","24.000","2023-05-29 17:11:33"
"2021-07-22 00:00:00","W","5.813","5.816","5.809","24.000","2023-05-29 17:11:36"
"2021-07-22 00:00:00","D","4.615","4.906","4.277","24.000","2023-05-29 17:11:33"
"2021-07-22 06:00:00","W","5.807","5.812","5.800","24.000","2023-05-29 17:11:36"
"2021-07-22 06:00:00","D","3.844","4.670","3.007","24.000","2023-05-29 17:11:33"
"2021-07-22 12:00:00","W","5.804","5.814","5.797","24.000","2023-05-29 17:11:36"
"2021-07-22 12:00:00","D","3.300","4.351","2.674","24.000","2023-05-29 17:11:33"
"2021-07-22 18:00:00","W","5.812","5.816","5.807","24.000","2023-05-29 17:11:36"
"2021-07-22 18:00:00","D","4.226","4.540","4.030","24.000","2023-05-29 17:11:33"
"2021-07-23 00:00:00","W","5.812","5.816","5.806","24.000","2023-05-29 17:11:36"
"2021-07-23 00:00:00","D","4.208","4.463","3.856","24.000","2023-05-29 17:11:33"
"2021-07-23 06:00:00","W","5.807","5.815","5.801","24.000","2023-05-29 17:11:36"
"2021-07-23 06:00:00","D","3.603","4.342","2.811","24.000","2023-05-29 17:11:33"
"2021-07-23 12:00:00","W","5.805","5.817","5.798","24.000","2023-05-29 17:11:36"
"2021-07-23 12:00:00","D","3.173","4.334","2.623","24.000","2023-05-29 17:11:33"
"2021-07-23 18:00:00","W","5.813","5.816","5.808","24.000","2023-05-29 17:11:36"
"2021-07-23 18:00:00","D","4.307","4.650","3.862","24.000","2023-05-29 17:11:33"
"2021-07-24 00:00:00","W","5.811","5.814","5.807","24.000","2023-05-29 17:11:36"
"2021-07-24 00:00:00","D","4.008","4.287","3.780","24.000","2023-05-29 17:11:33"
"2021-07-24 06:00:00","W","5.807","5.813","5.800","24.000","2023-05-29 17:11:36"
"2021-07-24 06:00:00","D","3.403","3.993","2.711","24.000","2023-05-29 17:11:33"
"2021-07-24 12:00:00","W","5.807","5.826","5.799","24.000","2023-05-29 17:11:36"
"2021-07-24 12:00:00","D","3.131","5.187","2.391","24.000","2023-05-29 17:11:33"
"2021-07-24 18:00:00","W","5.822","5.831","5.815","24.000","2023-05-29 17:11:36"
"2021-07-24 18:00:00","D","5.402","5.999","4.671","24.000","2023-05-29 17:11:33"
"2021-07-25 00:00:00","W","5.813","5.816","5.810","24.000","2023-05-29 17:11:36"
"2021-07-25 00:00:00","D","4.255","4.647","4.031","24.000","2023-05-29 17:11:33"
"2021-07-25 06:00:00","W","5.808","5.815","5.802","24.000","2023-05-29 17:11:36"
"2021-07-25 06:00:00","D","3.461","3.984","2.740","24.000","2023-05-29 17:11:33"
"2021-07-25 12:00:00","W","5.800","5.805","5.795","24.000","2023-05-29 17:11:36"
"2021-07-25 12:00:00","D","2.626","3.203","2.264","24.000","2023-05-29 17:11:33"
"2021-07-25 18:00:00","W","5.928","6.094","5.809","24.000","2023-05-29 17:11:36"
"2021-07-25 18:00:00","D","16.750","34.235","3.435","24.000","2023-05-29 17:11:33"
"2021-07-26 00:00:00","W","5.939","5.997","5.896","24.000","2023-05-29 17:11:36"
"2021-07-26 00:00:00","D","21.145","27.544","16.349","24.000","2023-05-29 17:11:33"
"2021-07-26 06:00:00","W","5.856","5.890","5.838","24.000","2023-05-29 17:11:36"
"2021-07-26 06:00:00","D","11.238","15.619","9.322","24.000","2023-05-29 17:11:33"
"2021-07-26 12:00:00","W","5.836","5.838","5.833","24.000","2023-05-29 17:11:36"
"2021-07-26 12:00:00","D","8.790","9.098","8.415","24.000","2023-05-29 17:11:33"
"2021-07-26 18:00:00","W","5.833","5.837","5.825","24.000","2023-05-29 17:11:36"
"2021-07-26 18:00:00","D","8.114","8.563","7.100","24.000","2023-05-29 17:11:33"
"2021-07-27 00:00:00","W","5.819","5.824","5.817","24.000","2023-05-29 17:11:36"
"2021-07-27 00:00:00","D","6.315","6.892","6.006","24.000","2023-05-29 17:11:33"
"2021-07-27 06:00:00","W","5.812","5.819","5.806","24.000","2023-05-29 17:11:36"
"2021-07-27 06:00:00","D","5.057","6.035","4.059","24.000","2023-05-29 17:11:33"
"2021-07-27 12:00:00","W","5.809","5.817","5.802","24.000","2023-05-29 17:11:36"
"2021-07-27 12:00:00","D","4.150","4.941","3.692","24.000","2023-05-29 17:11:33"
"2021-07-27 18:00:00","W","5.814","5.816","5.810","24.000","2023-05-29 17:11:36"
"2021-07-27 18:00:00","D","5.164","5.540","4.868","24.000","2023-05-29 17:11:33"
"2021-07-28 00:00:00","W","5.815","5.817","5.813","24.000","2023-05-29 17:11:36"
"2021-07-28 00:00:00","D","4.964","5.160","4.780","24.000","2023-05-29 17:11:33"
"2021-07-28 06:00:00","W","5.806","5.814","5.801","24.000","2023-05-29 17:11:36"
"2021-07-28 06:00:00","D","4.139","4.944","3.198","24.000","2023-05-29 17:11:33"
"2021-07-28 12:00:00","W","5.807","5.816","5.799","24.000","2023-05-29 17:11:36"
"2021-07-28 12:00:00","D","3.488","4.448","3.070","24.000","2023-05-29 17:11:33"
"2021-07-28 18:00:00","W","5.850","5.881","5.814","24.000","2023-05-29 17:11:36"
"2021-07-28 18:00:00","D","9.332","13.410","4.382","24.000","2023-05-29 17:11:33"
"2021-07-29 00:00:00","W","5.832","5.851","5.821","24.000","2023-05-29 17:11:36"
"2021-07-29 00:00:00","D","7.506","10.193","5.876","24.000","2023-05-29 17:11:33"
"2021-07-29 06:00:00","W","5.814","5.819","5.809","24.000","2023-05-29 17:11:36"
"2021-07-29 06:00:00","D","4.913","5.735","4.080","24.000","2023-05-29 17:11:33"
"2021-07-29 12:00:00","W","5.810","5.819","5.806","24.000","2023-05-29 17:11:36"
"2021-07-29 12:00:00","D","4.006","4.888","3.489","24.000","2023-05-29 17:11:33"
"2021-07-29 18:00:00","W","5.817","5.822","5.812","24.000","2023-05-29 17:11:36"
"2021-07-29 18:00:00","D","4.790","5.151","4.363","24.000","2023-05-29 17:11:33"
"2021-07-30 00:00:00","W","5.814","5.817","5.809","24.000","2023-05-29 17:11:36"
"2021-07-30 00:00:00","D","4.475","4.695","4.128","24.000","2023-05-29 17:11:33"
"2021-07-30 06:00:00","W","5.811","5.818","5.807","24.000","2023-05-29 17:11:36"
"2021-07-30 06:00:00","D","4.339","4.674","3.930","24.000","2023-05-29 17:11:33"
"2021-07-30 12:00:00","W","5.816","5.822","5.811","24.000","2023-05-29 17:11:36"
"2021-07-30 12:00:00","D","4.814","5.268","4.527","24.000","2023-05-29 17:11:33"
"2021-07-30 18:00:00","W","5.829","5.838","5.819","24.000","2023-05-29 17:11:36"
"2021-07-30 18:00:00","D","6.473","7.449","5.347","24.000","2023-05-29 17:11:33"
"2021-07-31 00:00:00","W","5.819","5.826","5.814","24.000","2023-05-29 17:11:36"
"2021-07-31 00:00:00","D","5.508","6.334","4.962","24.000","2023-05-29 17:11:33"
"2021-07-31 06:00:00","W","5.810","5.816","5.804","24.000","2023-05-29 17:11:36"
"2021-07-31 06:00:00","D","4.107","4.999","3.356","24.000","2023-05-29 17:11:33"
"2021-07-31 12:00:00","W","5.807","5.817","5.802","24.000","2023-05-29 17:11:36"
"2021-07-31 12:00:00","D","3.427","4.670","2.983","24.000","2023-05-29 17:11:33"
"2021-07-31 18:00:00","W","5.820","5.829","5.815","24.000","2023-05-29 17:11:36"
"2021-07-31 18:00:00","D","5.123","6.165","4.550","24.000","2023-05-29 17:11:33"
"2021-08-01 00:00:00","W","5.827","5.830","5.819","24.000","2023-05-29 17:11:36"
"2021-08-01 00:00:00","D","5.968","6.362","5.362","24.000","2023-05-29 17:11:33"
"2021-08-01 06:00:00","W","5.813","5.818","5.806","24.000","2023-05-29 17:11:36"
"2021-08-01 06:00:00","D","4.424","5.350","3.647","24.000","2023-05-29 17:11:33"
"2021-08-01 12:00:00","W","5.810","5.817","5.806","24.000","2023-05-29 17:11:36"
"2021-08-01 12:00:00","D","3.727","4.372","3.500","24.000","2023-05-29 17:11:33"
"2021-08-01 18:00:00","W","5.819","5.824","5.816","24.000","2023-05-29 17:11:36"
"2021-08-01 18:00:00","D","5.040","5.280","4.633","24.000","2023-05-29 17:11:33"
"2021-08-02 00:00:00","W","5.817","5.819","5.813","24.000","2023-05-29 17:11:36"
"2021-08-02 00:00:00","D","4.664","4.960","4.468","24.000","2023-05-29 17:11:33"
"2021-08-02 06:00:00","W","5.808","5.816","5.803","24.000","2023-05-29 17:11:36"
"2021-08-02 06:00:00","D","3.787","4.452","2.994","24.000","2023-05-29 17:11:33"
"2021-08-02 12:00:00","W","5.808","5.820","5.799","24.000","2023-05-29 17:11:36"
"2021-08-02 12:00:00","D","3.558","5.115","2.868","24.000","2023-05-29 17:11:33"
"2021-08-02 18:00:00","W","5.817","5.822","5.813","24.000","2023-05-29 17:11:36"
"2021-08-02 18:00:00","D","4.741","5.150","4.260","24.000","2023-05-29 17:11:33"
"2021-08-03 00:00:00","W","5.815","5.817","5.810","24.000","2023-05-29 17:11:36"
"2021-08-03 00:00:00","D","4.555","4.738","4.232","24.000","2023-05-29 17:11:33"
"2021-08-03 06:00:00","W","5.808","5.815","5.801","24.000","2023-05-29 17:11:36"
"2021-08-03 06:00:00","D","3.787","4.536","2.916","24.000","2023-05-29 17:11:33"
"2021-08-03 12:00:00","W","5.810","5.821","5.801","24.000","2023-05-29 17:11:36"
"2021-08-03 12:00:00","D","3.609","5.125","2.757","24.000","2023-05-29 17:11:33"
"2021-08-03 18:00:00","W","5.817","5.820","5.812","24.000","2023-05-29 17:11:36"
"2021-08-03 18:00:00","D","4.855","5.282","4.241","24.000","2023-05-29 17:11:33"
"2021-08-04 00:00:00","W","5.814","5.818","5.810","24.000","2023-05-29 17:11:36"
"2021-08-04 00:00:00","D","4.474","4.775","4.149","24.000","2023-05-29 17:11:33"
"2021-08-04 06:00:00","W","5.809","5.817","5.802","24.000","2023-05-29 17:11:36"
"2021-08-04 06:00:00","D","3.758","4.443","3.004","24.000","2023-05-29 17:11:33"
"2021-08-04 12:00:00","W","5.805","5.815","5.800","24.000","2023-05-29 17:11:36"
"2021-08-04 12:00:00","D","3.303","4.423","2.829","24.000","2023-05-29 17:11:33"
"2021-08-04 18:00:00","W","5.816","5.818","5.812","24.000","2023-05-29 17:11:36"
"2021-08-04 18:00:00","D","4.567","4.908","4.322","24.000","2023-05-29 17:11:33"
"2021-08-05 00:00:00","W","5.811","5.816","5.809","24.000","2023-05-29 17:11:36"
"2021-08-05 00:00:00","D","4.458","4.605","4.207","24.000","2023-05-29 17:11:33"
"2021-08-05 06:00:00","W","5.807","5.812","5.800","24.000","2023-05-29 17:11:36"
"2021-08-05 06:00:00","D","3.752","4.530","2.818","24.000","2023-05-29 17:11:33"
"2021-08-05 12:00:00","W","5.805","5.813","5.800","24.000","2023-05-29 17:11:36"
"2021-08-05 12:00:00","D","3.355","4.439","2.865","24.000","2023-05-29 17:11:33"
"2021-08-05 18:00:00","W","5.812","5.817","5.809","24.000","2023-05-29 17:11:36"
"2021-08-05 18:00:00","D","4.512","4.709","4.213","24.000","2023-05-29 17:11:33"
"2021-08-06 00:00:00","W","5.816","5.821","5.809","24.000","2023-05-29 17:11:36"
"2021-08-06 00:00:00","D","4.905","5.467","4.059","24.000","2023-05-29 17:11:33"
"2021-08-06 06:00:00","W","5.809","5.820","5.802","24.000","2023-05-29 17:11:36"
"2021-08-06 06:00:00","D","3.948","5.248","2.792","24.000","2023-05-29 17:11:33"
"2021-08-06 12:00:00","W","5.804","5.814","5.797","24.000","2023-05-29 17:11:36"
"2021-08-06 12:00:00","D","3.111","4.706","2.366","24.000","2023-05-29 17:11:33"
"2021-08-06 18:00:00","W","5.813","5.818","5.809","24.000","2023-05-29 17:11:36"
"2021-08-06 18:00:00","D","4.433","4.682","4.160","24.000","2023-05-29 17:11:33"
"2021-08-07 00:00:00","W","5.822","5.830","5.813","24.000","2023-05-29 17:11:36"
"2021-08-07 00:00:00","D","5.796","6.937","4.850","24.000","2023-05-29 17:11:33"
"2021-08-07 06:00:00","W","5.808","5.818","5.802","24.000","2023-05-29 17:11:36"
"2021-08-07 06:00:00","D","3.913","5.091","2.908","24.000","2023-05-29 17:11:33"
"2021-08-07 12:00:00","W","5.847","5.918","5.803","24.000","2023-05-29 17:11:36"
"2021-08-07 12:00:00","D","8.543","18.051","2.899","24.000","2023-05-29 17:11:33"
"2021-08-07 18:00:00","W","5.871","5.912","5.845","24.000","2023-05-29 17:11:36"
"2021-08-07 18:00:00","D","12.712","17.729","8.737","24.000","2023-05-29 17:11:33"
"2021-08-08 00:00:00","W","5.833","5.844","5.826","24.000","2023-05-29 17:11:36"
"2021-08-08 00:00:00","D","7.646","8.638","7.038","24.000","2023-05-29 17:11:33"
"2021-08-08 06:00:00","W","5.826","5.828","5.819","24.000","2023-05-29 17:11:36"
"2021-08-08 06:00:00","D","6.346","6.847","5.193","24.000","2023-05-29 17:11:33"
"2021-08-08 12:00:00","W","5.821","5.838","5.814","24.000","2023-05-29 17:11:36"
"2021-08-08 12:00:00","D","5.236","7.644","4.471","24.000","2023-05-29 17:11:33"
"2021-08-08 18:00:00","W","5.832","5.846","5.821","24.000","2023-05-29 17:11:36"
"2021-08-08 18:00:00","D","6.952","8.329","5.435","24.000","2023-05-29 17:11:33"
"2021-08-09 00:00:00","W","5.823","5.829","5.819","24.000","2023-05-29 17:11:36"
"2021-08-09 00:00:00","D","5.737","6.138","5.199","24.000","2023-05-29 17:11:33"
"2021-08-09 06:00:00","W","5.816","5.823","5.812","24.000","2023-05-29 17:11:36"
"2021-08-09 06:00:00","D","4.435","5.194","3.854","24.000","2023-05-29 17:11:33"
"2021-08-09 12:00:00","W","5.830","5.839","5.815","24.000","2023-05-29 17:11:36"
"2021-08-09 12:00:00","D","6.302","7.552","4.109","24.000","2023-05-29 17:11:33"
"2021-08-09 18:00:00","W","5.861","5.968","5.826","24.000","2023-05-29 17:11:36"
"2021-08-09 18:00:00","D","10.373","24.120","6.039","24.000","2023-05-29 17:11:33"
"2021-08-10 00:00:00","W","5.883","5.962","5.847","24.000","2023-05-29 17:11:36"
"2021-08-10 00:00:00","D","14.503","23.879","9.218","24.000","2023-05-29 17:11:33"
"2021-08-10 06:00:00","W","5.833","5.849","5.822","24.000","2023-05-29 17:11:36"
"2021-08-10 06:00:00","D","7.750","9.100","6.792","24.000","2023-05-29 17:11:33"
"2021-08-10 12:00:00","W","5.817","5.827","5.807","24.000","2023-05-29 17:11:36"
"2021-08-10 12:00:00","D","6.007","6.770","5.568","24.000","2023-05-29 17:11:33"
"2021-08-10 18:00:00","W","5.821","5.827","5.817","24.000","2023-05-29 17:11:36"
"2021-08-10 18:00:00","D","5.731","6.141","5.145","24.000","2023-05-29 17:11:33"
"2021-08-11 00:00:00","W","5.819","5.822","5.816","24.000","2023-05-29 17:11:36"
"2021-08-11 00:00:00","D","5.202","5.426","4.964","24.000","2023-05-29 17:11:33"
"2021-08-11 06:00:00","W","5.815","5.822","5.807","24.000","2023-05-29 17:11:36"
"2021-08-11 06:00:00","D","4.528","5.278","3.922","24.000","2023-05-29 17:11:33"
"2021-08-11 12:00:00","W","5.808","5.815","5.804","24.000","2023-05-29 17:11:36"
"2021-08-11 12:00:00","D","3.843","4.548","3.426","24.000","2023-05-29 17:11:33"
"2021-08-11 18:00:00","W","5.801","5.814","5.782","24.000","2023-05-29 17:11:36"
"2021-08-11 18:00:00","D","4.797","4.982","4.592","24.000","2023-05-29 17:11:33"
"2021-08-12 00:00:00","W","5.758","5.780","5.740","24.000","2023-05-29 17:11:36"
"2021-08-12 00:00:00","D","4.617","4.764","4.468","24.000","2023-05-29 17:11:33"
"2021-08-12 06:00:00","W","5.705","5.739","5.646","24.000","2023-05-29 17:11:36"
"2021-08-12 06:00:00","D","4.183","4.560","3.758","24.000","2023-05-29 17:11:33"
"2021-08-12 12:00:00","W","5.656","5.756","5.599","24.000","2023-05-29 17:11:36"
"2021-08-12 12:00:00","D","3.323","5.034","2.221","24.000","2023-05-29 17:11:33"
"2021-08-12 18:00:00","W","5.801","5.807","5.773","24.000","2023-05-29 17:11:36"
"2021-08-12 18:00:00","D","3.928","4.362","3.384","24.000","2023-05-29 17:11:33"
"2021-08-13 00:00:00","W","5.805","5.808","5.802","24.000","2023-05-29 17:11:36"
"2021-08-13 00:00:00","D","4.137","4.361","3.924","24.000","2023-05-29 17:11:33"
"2021-08-13 06:00:00","W","5.799","5.808","5.791","24.000","2023-05-29 17:11:36"
"2021-08-13 06:00:00","D","3.493","4.192","2.672","24.000","2023-05-29 17:11:33"
"2021-08-13 12:00:00","W","5.797","5.807","5.791","24.000","2023-05-29 17:11:36"
"2021-08-13 12:00:00","D","2.930","4.305","2.419","24.000","2023-05-29 17:11:33"
"2021-08-13 18:00:00","W","5.808","5.812","5.803","24.000","2023-05-29 17:11:36"
"2021-08-13 18:00:00","D","4.313","4.771","3.954","24.000","2023-05-29 17:11:33"
"2021-08-14 00:00:00","W","5.804","5.808","5.800","24.000","2023-05-29 17:11:36"
"2021-08-14 00:00:00","D","4.062","4.263","3.841","24.000","2023-05-29 17:11:33"
"2021-08-14 06:00:00","W","5.800","5.807","5.796","24.000","2023-05-29 17:11:36"
"2021-08-14 06:00:00","D","3.394","4.170","2.823","24.000","2023-05-29 17:11:33"
"2021-08-14 12:00:00","W","5.800","5.809","5.794","24.000","2023-05-29 17:11:36"
"2021-08-14 12:00:00","D","2.881","3.989","2.420","24.000","2023-05-29 17:11:33"
"2021-08-14 18:00:00","W","5.810","5.814","5.805","24.000","2023-05-29 17:11:36"
"2021-08-14 18:00:00","D","4.263","4.709","3.771","24.000","2023-05-29 17:11:33"
"2021-08-15 00:00:00","W","5.807","5.810","5.803","24.000","2023-05-29 17:11:36"
"2021-08-15 00:00:00","D","3.937","4.154","3.643","24.000","2023-05-29 17:11:33"
"2021-08-15 06:00:00","W","5.801","5.806","5.798","24.000","2023-05-29 17:11:36"
"2021-08-15 06:00:00","D","3.271","3.930","2.558","24.000","2023-05-29 17:11:33"
"2021-08-15 12:00:00","W","5.802","5.811","5.798","24.000","2023-05-29 17:11:36"
"2021-08-15 12:00:00","D","2.767","3.777","2.336","24.000","2023-05-29 17:11:33"
"2021-08-15 18:00:00","W","5.813","5.817","5.809","24.000","2023-05-29 17:11:36"
"2021-08-15 18:00:00","D","4.471","4.932","3.790","24.000","2023-05-29 17:11:33"
"2021-08-16 00:00:00","W","5.810","5.813","5.807","24.000","2023-05-29 17:11:36"
"2021-08-16 00:00:00","D","4.059","4.186","3.675","24.000","2023-05-29 17:11:33"
"2021-08-16 06:00:00","W","5.806","5.813","5.799","24.000","2023-05-29 17:11:36"
"2021-08-16 06:00:00","D","3.350","4.006","2.636","24.000","2023-05-29 17:11:33"
"2021-08-16 12:00:00","W","5.803","5.815","5.797","24.000","2023-05-29 17:11:36"
"2021-08-16 12:00:00","D","2.949","4.195","2.340","24.000","2023-05-29 17:11:33"
"2021-08-16 18:00:00","W","5.812","5.817","5.806","24.000","2023-05-29 17:11:36"
"2021-08-16 18:00:00","D","4.100","4.314","3.371","24.000","2023-05-29 17:11:33"
"2021-08-17 00:00:00","W","5.810","5.814","5.805","24.000","2023-05-29 17:11:36"
"2021-08-17 00:00:00","D","3.971","4.220","3.572","24.000","2023-05-29 17:11:33"
"2021-08-17 06:00:00","W","5.805","5.811","5.798","24.000","2023-05-29 17:11:36"
"2021-08-17 06:00:00","D","3.375","4.204","2.627","24.000","2023-05-29 17:11:33"
"2021-08-17 12:00:00","W","5.805","5.815","5.798","24.000","2023-05-29 17:11:36"
"2021-08-17 12:00:00","D","2.945","4.299","2.427","24.000","2023-05-29 17:11:33"
"2021-08-17 18:00:00","W","5.812","5.819","5.809","24.000","2023-05-29 17:11:36"
"2021-08-17 18:00:00","D","4.260","4.665","3.953","24.000","2023-05-29 17:11:33"
"2021-08-18 00:00:00","W","5.810","5.815","5.806","24.000","2023-05-29 17:11:36"
"2021-08-18 00:00:00","D","4.244","4.642","3.819","24.000","2023-05-29 17:11:33"
"2021-08-18 06:00:00","W","5.804","5.809","5.801","24.000","2023-05-29 17:11:36"
"2021-08-18 06:00:00","D","3.788","4.641","3.122","24.000","2023-05-29 17:11:33"
"2021-08-18 12:00:00","W","5.805","5.812","5.798","24.000","2023-05-29 17:11:36"
"2021-08-18 12:00:00","D","3.403","4.263","2.917","24.000","2023-05-29 17:11:33"
"2021-08-18 18:00:00","W","5.811","5.815","5.805","24.000","2023-05-29 17:11:36"
"2021-08-18 18:00:00","D","4.211","4.637","3.600","24.000","2023-05-29 17:11:33"
"2021-08-19 00:00:00","W","5.809","5.812","5.806","24.000","2023-05-29 17:11:36"
"2021-08-19 00:00:00","D","4.055","4.297","3.639","24.000","2023-05-29 17:11:33"
"2021-08-19 06:00:00","W","5.806","5.814","5.798","24.000","2023-05-29 17:11:36"
"2021-08-19 06:00:00","D","3.386","4.150","2.647","24.000","2023-05-29 17:11:33"
"2021-08-19 12:00:00","W","5.805","5.814","5.798","24.000","2023-05-29 17:11:36"
"2021-08-19 12:00:00","D","2.885","4.118","2.314","24.000","2023-05-29 17:11:33"
"2021-08-19 18:00:00","W","5.812","5.816","5.809","24.000","2023-05-29 17:11:36"
"2021-08-19 18:00:00","D","4.082","4.394","3.777","24.000","2023-05-29 17:11:33"
"2021-08-20 00:00:00","W","5.810","5.813","5.807","24.000","2023-05-29 17:11:36"
"2021-08-20 00:00:00","D","3.984","4.200","3.702","24.000","2023-05-29 17:11:33"
"2021-08-20 06:00:00","W","5.807","5.812","5.799","24.000","2023-05-29 17:11:36"
"2021-08-20 06:00:00","D","3.468","4.602","2.759","24.000","2023-05-29 17:11:33"
"2021-08-20 12:00:00","W","5.804","5.811","5.798","24.000","2023-05-29 17:11:36"
"2021-08-20 12:00:00","D","2.910","4.053","2.468","24.000","2023-05-29 17:11:33"
"2021-08-20 18:00:00","W","5.811","5.816","5.806","24.000","2023-05-29 17:11:36"
"2021-08-20 18:00:00","D","4.117","4.574","3.828","24.000","2023-05-29 17:11:33"
"2021-08-21 00:00:00","W","5.812","5.814","5.807","24.000","2023-05-29 17:11:36"
"2021-08-21 00:00:00","D","3.856","4.045","3.387","24.000","2023-05-29 17:11:33"
"2021-08-21 06:00:00","W","5.804","5.813","5.799","24.000","2023-05-29 17:11:36"
"2021-08-21 06:00:00","D","3.282","3.870","2.568","24.000","2023-05-29 17:11:33"
"2021-08-21 12:00:00","W","5.803","5.810","5.799","24.000","2023-05-29 17:11:36"
"2021-08-21 12:00:00","D","2.749","3.990","2.237","24.000","2023-05-29 17:11:33"
"2021-08-21 18:00:00","W","5.814","5.818","5.811","24.000","2023-05-29 17:11:36"
"2021-08-21 18:00:00","D","4.335","4.757","3.808","24.000","2023-05-29 17:11:33"
"2021-08-22 00:00:00","W","5.811","5.814","5.807","24.000","2023-05-29 17:11:36"
"2021-08-22 00:00:00","D","3.951","4.230","3.554","24.000","2023-05-29 17:11:33"
"2021-08-22 06:00:00","W","5.812","5.822","5.806","24.000","2023-05-29 17:11:36"
"2021-08-22 06:00:00","D","3.960","5.270","3.488","24.000","2023-05-29 17:11:33"
"2021-08-22 12:00:00","W","5.819","5.823","5.814","24.000","2023-05-29 17:11:36"
"2021-08-22 12:00:00","D","5.062","5.606","4.667","24.000","2023-05-29 17:11:33"
"2021-08-22 18:00:00","W","5.823","5.833","5.818","24.000","2023-05-29 17:11:36"
"2021-08-22 18:00:00","D","5.513","6.987","4.986","24.000","2023-05-29 17:11:33"
"2021-08-23 00:00:00","W","5.834","5.845","5.823","24.000","2023-05-29 17:11:36"
"2021-08-23 00:00:00","D","7.265","8.313","5.682","24.000","2023-05-29 17:11:33"
"2021-08-23 06:00:00","W","5.802","5.823","5.763","24.000","2023-05-29 17:11:36"
"2021-08-23 06:00:00","D","4.613","5.679","3.863","24.000","2023-05-29 17:11:33"
"2021-08-23 12:00:00","W","5.761","5.816","5.729","24.000","2023-05-29 17:11:36"
"2021-08-23 12:00:00","D","3.348","3.936","2.602","24.000","2023-05-29 17:11:33"
"2021-08-23 18:00:00","W","5.815","5.819","5.810","24.000","2023-05-29 17:11:36"
"2021-08-23 18:00:00","D","4.275","4.684","3.818","24.000","2023-05-29 17:11:33"
"2021-08-24 00:00:00","W","5.813","5.818","5.809","24.000","2023-05-29 17:11:36"
"2021-08-24 00:00:00","D","4.219","4.523","3.890","24.000","2023-05-29 17:11:33"
"2021-08-24 06:00:00","W","5.808","5.812","5.804","24.000","2023-05-29 17:11:36"
"2021-08-24 06:00:00","D","3.502","4.440","2.790","24.000","2023-05-29 17:11:33"
"2021-08-24 12:00:00","W","5.807","5.817","5.801","24.000","2023-05-29 17:11:36"
"2021-08-24 12:00:00","D","3.277","4.525","2.493","24.000","2023-05-29 17:11:33"
"2021-08-24 18:00:00","W","5.812","5.819","5.805","24.000","2023-05-29 17:11:36"
"2021-08-24 18:00:00","D","4.279","4.680","3.739","24.000","2023-05-29 17:11:33"
"2021-08-25 00:00:00","W","5.810","5.814","5.806","24.000","2023-05-29 17:11:36"
"2021-08-25 00:00:00","D","4.065","4.487","3.651","24.000","2023-05-29 17:11:33"
"2021-08-25 06:00:00","W","5.805","5.813","5.798","24.000","2023-05-29 17:11:36"
"2021-08-25 06:00:00","D","3.332","4.145","2.417","24.000","2023-05-29 17:11:34"
"2021-08-25 12:00:00","W","5.804","5.812","5.798","24.000","2023-05-29 17:11:36"
"2021-08-25 12:00:00","D","2.834","3.933","2.296","24.000","2023-05-29 17:11:34"
"2021-08-25 18:00:00","W","5.810","5.814","5.806","24.000","2023-05-29 17:11:36"
"2021-08-25 18:00:00","D","3.972","4.215","3.641","24.000","2023-05-29 17:11:34"
"2021-08-26 00:00:00","W","5.809","5.814","5.804","24.000","2023-05-29 17:11:36"
"2021-08-26 00:00:00","D","3.884","4.135","3.404","24.000","2023-05-29 17:11:34"
"2021-08-26 06:00:00","W","5.804","5.813","5.796","24.000","2023-05-29 17:11:36"
"2021-08-26 06:00:00","D","3.143","4.089","2.244","24.000","2023-05-29 17:11:34"
"2021-08-26 12:00:00","W","5.803","5.811","5.798","24.000","2023-05-29 17:11:36"
"2021-08-26 12:00:00","D","2.586","3.703","2.083","24.000","2023-05-29 17:11:34"
"2021-08-26 18:00:00","W","5.809","5.813","5.806","24.000","2023-05-29 17:11:36"
"2021-08-26 18:00:00","D","3.886","4.179","3.579","24.000","2023-05-29 17:11:34"
"2021-08-27 00:00:00","W","5.809","5.813","5.804","24.000","2023-05-29 17:11:36"
"2021-08-27 00:00:00","D","3.686","3.971","3.261","24.000","2023-05-29 17:11:34"
"2021-08-27 06:00:00","W","5.804","5.807","5.798","24.000","2023-05-29 17:11:36"
"2021-08-27 06:00:00","D","3.098","3.931","2.404","24.000","2023-05-29 17:11:34"
"2021-08-27 12:00:00","W","5.803","5.814","5.796","24.000","2023-05-29 17:11:36"
"2021-08-27 12:00:00","D","2.636","4.258","1.967","24.000","2023-05-29 17:11:34"
"2021-08-27 18:00:00","W","5.812","5.816","5.807","24.000","2023-05-29 17:11:36"
"2021-08-27 18:00:00","D","4.137","4.593","3.717","24.000","2023-05-29 17:11:34"
"2021-08-28 00:00:00","W","5.811","5.814","5.806","24.000","2023-05-29 17:11:36"
"2021-08-28 00:00:00","D","3.913","4.161","3.596","24.000","2023-05-29 17:11:34"
"2021-08-28 06:00:00","W","5.805","5.810","5.798","24.000","2023-05-29 17:11:36"
"2021-08-28 06:00:00","D","3.105","3.890","2.493","24.000","2023-05-29 17:11:34"
"2021-08-28 12:00:00","W","5.803","5.810","5.797","24.000","2023-05-29 17:11:36"
"2021-08-28 12:00:00","D","2.503","3.686","1.971","24.000","2023-05-29 17:11:34"
"2021-08-28 18:00:00","W","5.812","5.816","5.808","24.000","2023-05-29 17:11:36"
"2021-08-28 18:00:00","D","4.002","4.479","3.542","24.000","2023-05-29 17:11:34"
"2021-08-29 00:00:00","W","5.810","5.813","5.806","24.000","2023-05-29 17:11:36"
"2021-08-29 00:00:00","D","3.594","3.806","3.360","24.000","2023-05-29 17:11:34"
"2021-08-29 06:00:00","W","5.804","5.811","5.799","24.000","2023-05-29 17:11:36"
"2021-08-29 06:00:00","D","3.005","3.660","2.243","24.000","2023-05-29 17:11:34"
"2021-08-29 12:00:00","W","5.802","5.809","5.797","24.000","2023-05-29 17:11:36"
"2021-08-29 12:00:00","D","2.360","3.277","1.836","24.000","2023-05-29 17:11:34"
"2021-08-29 18:00:00","W","5.812","5.815","5.809","24.000","2023-05-29 17:11:36"
"2021-08-29 18:00:00","D","4.025","4.358","3.444","24.000","2023-05-29 17:11:34"
"2021-08-30 00:00:00","W","5.810","5.813","5.806","24.000","2023-05-29 17:11:36"
"2021-08-30 00:00:00","D","3.536","3.841","3.288","24.000","2023-05-29 17:11:34"
"2021-08-30 06:00:00","W","5.803","5.809","5.799","24.000","2023-05-29 17:11:36"
"2021-08-30 06:00:00","D","2.905","3.655","2.346","24.000","2023-05-29 17:11:34"
"2021-08-30 12:00:00","W","5.802","5.809","5.799","24.000","2023-05-29 17:11:36"
"2021-08-30 12:00:00","D","2.282","3.342","1.898","24.000","2023-05-29 17:11:34"
"2021-08-30 18:00:00","W","5.813","5.817","5.809","24.000","2023-05-29 17:11:36"
"2021-08-30 18:00:00","D","3.991","4.322","3.295","24.000","2023-05-29 17:11:34"
"2021-08-31 00:00:00","W","5.812","5.815","5.808","24.000","2023-05-29 17:11:36"
"2021-08-31 00:00:00","D","3.755","3.990","3.432","24.000","2023-05-29 17:11:34"
"2021-08-31 06:00:00","W","5.806","5.810","5.801","24.000","2023-05-29 17:11:36"
"2021-08-31 06:00:00","D","3.076","3.997","2.345","24.000","2023-05-29 17:11:34"
"2021-08-31 12:00:00","W","5.804","5.814","5.798","24.000","2023-05-29 17:11:36"
"2021-08-31 12:00:00","D","2.630","3.530","2.070","24.000","2023-05-29 17:11:34"
"2021-08-31 18:00:00","W","5.813","5.816","5.808","24.000","2023-05-29 17:11:36"
"2021-08-31 18:00:00","D","3.854","4.245","3.309","24.000","2023-05-29 17:11:34"
"2021-09-01 00:00:00","W","5.812","5.816","5.807","24.000","2023-05-29 17:11:36"
"2021-09-01 00:00:00","D","3.855","4.181","3.489","24.000","2023-05-29 17:11:34"
"2021-09-01 06:00:00","W","5.806","5.812","5.800","24.000","2023-05-29 17:11:36"
"2021-09-01 06:00:00","D","3.186","3.979","2.377","24.000","2023-05-29 17:11:34"
"2021-09-01 12:00:00","W","5.803","5.814","5.799","24.000","2023-05-29 17:11:36"
"2021-09-01 12:00:00","D","2.755","4.117","2.181","24.000","2023-05-29 17:11:34"
"2021-09-01 18:00:00","W","5.814","5.817","5.811","24.000","2023-05-29 17:11:36"
"2021-09-01 18:00:00","D","3.936","4.335","3.577","24.000","2023-05-29 17:11:34"
"2021-09-02 00:00:00","W","5.811","5.816","5.808","24.000","2023-05-29 17:11:36"
"2021-09-02 00:00:00","D","3.857","4.214","3.596","24.000","2023-05-29 17:11:34"
"2021-09-02 06:00:00","W","5.807","5.816","5.800","24.000","2023-05-29 17:11:36"
"2021-09-02 06:00:00","D","3.133","3.942","2.260","24.000","2023-05-29 17:11:34"
"2021-09-02 12:00:00","W","5.806","5.813","5.798","24.000","2023-05-29 17:11:36"
"2021-09-02 12:00:00","D","2.626","3.801","2.104","24.000","2023-05-29 17:11:34"
"2021-09-02 18:00:00","W","5.811","5.816","5.806","24.000","2023-05-29 17:11:36"
"2021-09-02 18:00:00","D","4.007","4.369","3.469","24.000","2023-05-29 17:11:34"
"2021-09-03 00:00:00","W","5.811","5.814","5.807","24.000","2023-05-29 17:11:36"
"2021-09-03 00:00:00","D","3.805","4.055","3.485","24.000","2023-05-29 17:11:34"
"2021-09-03 06:00:00","W","5.805","5.810","5.799","24.000","2023-05-29 17:11:36"
"2021-09-03 06:00:00","D","3.107","4.082","2.335","24.000","2023-05-29 17:11:34"
"2021-09-03 12:00:00","W","5.804","5.814","5.798","24.000","2023-05-29 17:11:36"
"2021-09-03 12:00:00","D","2.842","4.240","2.223","24.000","2023-05-29 17:11:34"
"2021-09-03 18:00:00","W","5.811","5.815","5.806","24.000","2023-05-29 17:11:36"
"2021-09-03 18:00:00","D","4.083","4.494","3.640","24.000","2023-05-29 17:11:34"
"2021-09-04 00:00:00","W","5.811","5.813","5.808","24.000","2023-05-29 17:11:36"
"2021-09-04 00:00:00","D","3.824","4.076","3.574","24.000","2023-05-29 17:11:34"
"2021-09-04 06:00:00","W","5.804","5.811","5.797","24.000","2023-05-29 17:11:36"
"2021-09-04 06:00:00","D","3.136","3.862","2.402","24.000","2023-05-29 17:11:34"
"2021-09-04 12:00:00","W","5.801","5.810","5.796","24.000","2023-05-29 17:11:36"
"2021-09-04 12:00:00","D","2.538","3.681","1.957","24.000","2023-05-29 17:11:34"
"2021-09-04 18:00:00","W","5.812","5.817","5.807","24.000","2023-05-29 17:11:36"
"2021-09-04 18:00:00","D","4.262","4.600","3.767","24.000","2023-05-29 17:11:34"
"2021-09-05 00:00:00","W","5.808","5.812","5.804","24.000","2023-05-29 17:11:36"
"2021-09-05 00:00:00","D","3.819","4.187","3.548","24.000","2023-05-29 17:11:34"
"2021-09-05 06:00:00","W","5.801","5.806","5.796","24.000","2023-05-29 17:11:36"
"2021-09-05 06:00:00","D","3.099","3.785","2.335","24.000","2023-05-29 17:11:34"
"2021-09-05 12:00:00","W","5.794","5.801","5.780","24.000","2023-05-29 17:11:36"
"2021-09-05 12:00:00","D","2.624","3.613","2.164","24.000","2023-05-29 17:11:34"
"2021-09-05 18:00:00","W","5.810","5.816","5.790","24.000","2023-05-29 17:11:36"
"2021-09-05 18:00:00","D","4.137","4.637","3.640","24.000","2023-05-29 17:11:34"
"2021-09-06 00:00:00","W","5.809","5.813","5.804","24.000","2023-05-29 17:11:36"
"2021-09-06 00:00:00","D","4.155","6.216","3.790","24.000","2023-05-29 17:11:34"
"2021-09-06 06:00:00","W","5.803","5.809","5.799","24.000","2023-05-29 17:11:36"
"2021-09-06 06:00:00","D","3.191","4.185","2.402","24.000","2023-05-29 17:11:34"
"2021-09-06 12:00:00","W","5.803","5.813","5.795","24.000","2023-05-29 17:11:36"
"2021-09-06 12:00:00","D","2.826","4.096","1.998","24.000","2023-05-29 17:11:34"
"2021-09-06 18:00:00","W","5.809","5.814","5.804","24.000","2023-05-29 17:11:36"
"2021-09-06 18:00:00","D","4.005","4.527","3.442","24.000","2023-05-29 17:11:34"
"2021-09-07 00:00:00","W","5.810","5.814","5.805","24.000","2023-05-29 17:11:36"
"2021-09-07 00:00:00","D","4.222","7.465","3.602","24.000","2023-05-29 17:11:34"
"2021-09-07 06:00:00","W","5.800","5.809","5.794","24.000","2023-05-29 17:11:36"
"2021-09-07 06:00:00","D","3.266","4.344","2.342","24.000","2023-05-29 17:11:34"
"2021-09-07 12:00:00","W","5.803","5.812","5.794","24.000","2023-05-29 17:11:36"
"2021-09-07 12:00:00","D","2.960","4.267","2.133","24.000","2023-05-29 17:11:34"
"2021-09-07 18:00:00","W","5.808","5.811","5.804","24.000","2023-05-29 17:11:36"
"2021-09-07 18:00:00","D","4.098","4.542","3.415","24.000","2023-05-29 17:11:34"
"2021-09-08 00:00:00","W","5.806","5.811","5.802","24.000","2023-05-29 17:11:36"
"2021-09-08 00:00:00","D","3.923","4.157","3.615","24.000","2023-05-29 17:11:34"
"2021-09-08 06:00:00","W","5.800","5.808","5.795","24.000","2023-05-29 17:11:36"
"2021-09-08 06:00:00","D","3.082","4.131","2.071","24.000","2023-05-29 17:11:34"
"2021-09-08 12:00:00","W","5.803","5.812","5.795","24.000","2023-05-29 17:11:36"
"2021-09-08 12:00:00","D","2.790","4.182","1.977","24.000","2023-05-29 17:11:34"
"2021-09-08 18:00:00","W","5.807","5.812","5.804","24.000","2023-05-29 17:11:36"
"2021-09-08 18:00:00","D","3.909","4.412","3.605","24.000","2023-05-29 17:11:34"
"2021-09-09 00:00:00","W","5.809","5.816","5.804","24.000","2023-05-29 17:11:36"
"2021-09-09 00:00:00","D","4.003","4.925","3.395","24.000","2023-05-29 17:11:34"
"2021-09-09 06:00:00","W","5.814","5.824","5.803","24.000","2023-05-29 17:11:36"
"2021-09-09 06:00:00","D","4.885","6.083","3.262","24.000","2023-05-29 17:11:34"
"2021-09-09 12:00:00","W","5.805","5.814","5.798","24.000","2023-05-29 17:11:36"
"2021-09-09 12:00:00","D","3.326","4.421","2.500","24.000","2023-05-29 17:11:34"
"2021-09-09 18:00:00","W","5.807","5.811","5.803","24.000","2023-05-29 17:11:36"
"2021-09-09 18:00:00","D","3.995","4.521","3.525","24.000","2023-05-29 17:11:34"
"2021-09-10 00:00:00","W","5.808","5.811","5.803","24.000","2023-05-29 17:11:36"
"2021-09-10 00:00:00","D","4.013","4.327","3.529","24.000","2023-05-29 17:11:34"
"2021-09-10 06:00:00","W","5.797","5.806","5.779","24.000","2023-05-29 17:11:36"
"2021-09-10 06:00:00","D","3.256","4.151","2.606","24.000","2023-05-29 17:11:34"
"2021-09-10 12:00:00","W","5.797","5.829","5.776","24.000","2023-05-29 17:11:36"
"2021-09-10 12:00:00","D","3.037","6.720","1.850","24.000","2023-05-29 17:11:34"
"2021-09-10 18:00:00","W","5.839","5.863","5.814","24.000","2023-05-29 17:11:36"
"2021-09-10 18:00:00","D","9.241","12.016","6.023","24.000","2023-05-29 17:11:34"
"2021-09-11 00:00:00","W","5.811","5.816","5.808","24.000","2023-05-29 17:11:36"
"2021-09-11 00:00:00","D","5.097","5.842","4.558","24.000","2023-05-29 17:11:34"
"2021-09-11 06:00:00","W","5.805","5.810","5.798","24.000","2023-05-29 17:11:36"
"2021-09-11 06:00:00","D","4.182","5.095","3.024","24.000","2023-05-29 17:11:34"
"2021-09-11 12:00:00","W","5.802","5.808","5.795","24.000","2023-05-29 17:11:36"
"2021-09-11 12:00:00","D","3.376","4.668","2.622","24.000","2023-05-29 17:11:34"
"2021-09-11 18:00:00","W","5.811","5.815","5.806","24.000","2023-05-29 17:11:36"
"2021-09-11 18:00:00","D","4.840","5.249","4.290","24.000","2023-05-29 17:11:34"
"2021-09-12 00:00:00","W","5.804","5.809","5.800","24.000","2023-05-29 17:11:36"
"2021-09-12 00:00:00","D","4.217","4.594","3.847","24.000","2023-05-29 17:11:34"
"2021-09-12 06:00:00","W","5.797","5.807","5.786","24.000","2023-05-29 17:11:36"
"2021-09-12 06:00:00","D","3.310","3.917","2.705","24.000","2023-05-29 17:11:34"
"2021-09-12 12:00:00","W","5.774","5.786","5.764","24.000","2023-05-29 17:11:36"
"2021-09-12 12:00:00","D","2.952","3.570","2.694","24.000","2023-05-29 17:11:34"
"2021-09-12 18:00:00","W","5.806","5.812","5.790","24.000","2023-05-29 17:11:36"
"2021-09-12 18:00:00","D","4.474","4.992","3.661","24.000","2023-05-29 17:11:34"
"2021-09-13 00:00:00","W","5.804","5.807","5.800","24.000","2023-05-29 17:11:36"
"2021-09-13 00:00:00","D","4.155","4.499","3.899","24.000","2023-05-29 17:11:34"
"2021-09-13 06:00:00","W","5.792","5.801","5.774","24.000","2023-05-29 17:11:36"
"2021-09-13 06:00:00","D","3.328","4.333","2.580","24.000","2023-05-29 17:11:34"
"2021-09-13 12:00:00","W","5.762","5.786","5.748","24.000","2023-05-29 17:11:36"
"2021-09-13 12:00:00","D","3.011","3.773","2.401","24.000","2023-05-29 17:11:34"
"2021-09-13 18:00:00","W","5.801","5.804","5.791","24.000","2023-05-29 17:11:36"
"2021-09-13 18:00:00","D","3.831","4.228","3.433","24.000","2023-05-29 17:11:34"
"2021-09-14 00:00:00","W","5.801","5.804","5.797","24.000","2023-05-29 17:11:36"
"2021-09-14 00:00:00","D","3.758","4.077","3.408","24.000","2023-05-29 17:11:34"
"2021-09-14 06:00:00","W","5.792","5.800","5.779","24.000","2023-05-29 17:11:36"
"2021-09-14 06:00:00","D","2.978","3.919","2.416","24.000","2023-05-29 17:11:34"
"2021-09-14 12:00:00","W","5.886","5.931","5.781","24.000","2023-05-29 17:11:36"
"2021-09-14 12:00:00","D","17.670","24.808","2.398","24.000","2023-05-29 17:11:34"
"2021-09-14 18:00:00","W","5.917","5.954","5.867","24.000","2023-05-29 17:11:36"
"2021-09-14 18:00:00","D","24.198","27.119","16.934","24.000","2023-05-29 17:11:34"
"2021-09-15 00:00:00","W","5.837","5.862","5.824","24.000","2023-05-29 17:11:36"
"2021-09-15 00:00:00","D","11.736","16.079","9.725","24.000","2023-05-29 17:11:34"
"2021-09-15 06:00:00","W","5.822","5.827","5.817","24.000","2023-05-29 17:11:36"
"2021-09-15 06:00:00","D","8.798","9.538","8.345","24.000","2023-05-29 17:11:34"
"2021-09-15 12:00:00","W","5.812","5.817","5.806","24.000","2023-05-29 17:11:36"
"2021-09-15 12:00:00","D","7.316","8.125","6.104","24.000","2023-05-29 17:11:34"
"2021-09-15 18:00:00","W","5.807","5.812","5.800","24.000","2023-05-29 17:11:36"
"2021-09-15 18:00:00","D","6.600","6.977","6.224","24.000","2023-05-29 17:11:34"
"2021-09-16 00:00:00","W","5.805","5.809","5.801","24.000","2023-05-29 17:11:36"
"2021-09-16 00:00:00","D","6.437","6.716","6.140","24.000","2023-05-29 17:11:34"
"2021-09-16 06:00:00","W","5.799","5.804","5.791","24.000","2023-05-29 17:11:36"
"2021-09-16 06:00:00","D","5.004","6.115","4.175","24.000","2023-05-29 17:11:34"
"2021-09-16 12:00:00","W","5.798","5.806","5.791","24.000","2023-05-29 17:11:36"
"2021-09-16 12:00:00","D","4.622","5.716","3.734","24.000","2023-05-29 17:11:34"
"2021-09-16 18:00:00","W","5.802","5.807","5.798","24.000","2023-05-29 17:11:36"
"2021-09-16 18:00:00","D","5.163","5.596","4.751","24.000","2023-05-29 17:11:34"
"2021-09-17 00:00:00","W","5.799","5.803","5.797","24.000","2023-05-29 17:11:36"
"2021-09-17 00:00:00","D","4.908","5.147","4.489","24.000","2023-05-29 17:11:34"
"2021-09-17 06:00:00","W","5.794","5.798","5.788","24.000","2023-05-29 17:11:36"
"2021-09-17 06:00:00","D","3.906","4.901","3.204","24.000","2023-05-29 17:11:34"
"2021-09-17 12:00:00","W","5.795","5.806","5.789","24.000","2023-05-29 17:11:36"
"2021-09-17 12:00:00","D","3.716","5.145","2.894","24.000","2023-05-29 17:11:34"
"2021-09-17 18:00:00","W","5.800","5.804","5.797","24.000","2023-05-29 17:11:36"
"2021-09-17 18:00:00","D","4.567","4.903","4.224","24.000","2023-05-29 17:11:34"
"2021-09-18 00:00:00","W","5.798","5.802","5.796","24.000","2023-05-29 17:11:36"
"2021-09-18 00:00:00","D","4.661","5.032","4.147","24.000","2023-05-29 17:11:34"
"2021-09-18 06:00:00","W","5.792","5.796","5.789","24.000","2023-05-29 17:11:36"
"2021-09-18 06:00:00","D","3.674","4.478","3.071","24.000","2023-05-29 17:11:34"
"2021-09-18 12:00:00","W","5.795","5.805","5.787","24.000","2023-05-29 17:11:36"
"2021-09-18 12:00:00","D","3.447","5.109","2.866","24.000","2023-05-29 17:11:34"
"2021-09-18 18:00:00","W","5.802","5.807","5.797","24.000","2023-05-29 17:11:36"
"2021-09-18 18:00:00","D","5.009","5.411","4.410","24.000","2023-05-29 17:11:34"
"2021-09-19 00:00:00","W","5.797","5.801","5.793","24.000","2023-05-29 17:11:36"
"2021-09-19 00:00:00","D","4.233","4.534","4.086","24.000","2023-05-29 17:11:34"
"2021-09-19 06:00:00","W","5.792","5.795","5.789","24.000","2023-05-29 17:11:36"
"2021-09-19 06:00:00","D","3.321","4.039","2.703","24.000","2023-05-29 17:11:34"
"2021-09-19 12:00:00","W","5.793","5.802","5.788","24.000","2023-05-29 17:11:36"
"2021-09-19 12:00:00","D","2.872","4.252","2.428","24.000","2023-05-29 17:11:34"
"2021-09-19 18:00:00","W","5.803","5.806","5.798","24.000","2023-05-29 17:11:36"
"2021-09-19 18:00:00","D","4.650","4.837","4.351","24.000","2023-05-29 17:11:34"
"2021-09-20 00:00:00","W","5.799","5.804","5.796","24.000","2023-05-29 17:11:36"
"2021-09-20 00:00:00","D","4.392","4.580","4.182","24.000","2023-05-29 17:11:34"
"2021-09-20 06:00:00","W","5.794","5.799","5.790","24.000","2023-05-29 17:11:36"
"2021-09-20 06:00:00","D","3.316","4.166","2.574","24.000","2023-05-29 17:11:34"
"2021-09-20 12:00:00","W","5.797","5.804","5.790","24.000","2023-05-29 17:11:36"
"2021-09-20 12:00:00","D","3.133","4.195","2.205","24.000","2023-05-29 17:11:34"
"2021-09-20 18:00:00","W","5.800","5.806","5.795","24.000","2023-05-29 17:11:36"
"2021-09-20 18:00:00","D","4.042","4.715","3.581","24.000","2023-05-29 17:11:34"
"2021-09-21 00:00:00","W","5.800","5.805","5.796","24.000","2023-05-29 17:11:36"
"2021-09-21 00:00:00","D","4.147","4.408","3.573","24.000","2023-05-29 17:11:34"
"2021-09-21 06:00:00","W","5.794","5.800","5.790","24.000","2023-05-29 17:11:36"
"2021-09-21 06:00:00","D","3.305","4.311","2.395","24.000","2023-05-29 17:11:34"
"2021-09-21 12:00:00","W","5.798","5.807","5.791","24.000","2023-05-29 17:11:36"
"2021-09-21 12:00:00","D","3.302","4.794","2.242","24.000","2023-05-29 17:11:34"
"2021-09-21 18:00:00","W","5.801","5.806","5.798","24.000","2023-05-29 17:11:36"
"2021-09-21 18:00:00","D","4.122","4.523","3.721","24.000","2023-05-29 17:11:34"
"2021-09-22 00:00:00","W","5.803","5.806","5.800","24.000","2023-05-29 17:11:36"
"2021-09-22 00:00:00","D","4.130","4.405","3.622","24.000","2023-05-29 17:11:34"
"2021-09-22 06:00:00","W","5.794","5.803","5.790","24.000","2023-05-29 17:11:36"
"2021-09-22 06:00:00","D","3.182","4.218","2.200","24.000","2023-05-29 17:11:34"
"2021-09-22 12:00:00","W","5.799","5.806","5.790","24.000","2023-05-29 17:11:36"
"2021-09-22 12:00:00","D","3.164","4.486","2.163","24.000","2023-05-29 17:11:34"
"2021-09-22 18:00:00","W","5.801","5.806","5.798","24.000","2023-05-29 17:11:36"
"2021-09-22 18:00:00","D","3.982","4.429","3.661","24.000","2023-05-29 17:11:34"
"2021-09-23 00:00:00","W","5.802","5.807","5.799","24.000","2023-05-29 17:11:36"
"2021-09-23 00:00:00","D","4.114","4.549","3.609","24.000","2023-05-29 17:11:34"
"2021-09-23 06:00:00","W","5.795","5.799","5.791","24.000","2023-05-29 17:11:36"
"2021-09-23 06:00:00","D","3.188","4.084","2.421","24.000","2023-05-29 17:11:34"
"2021-09-23 12:00:00","W","5.798","5.804","5.791","24.000","2023-05-29 17:11:36"
"2021-09-23 12:00:00","D","3.101","4.240","2.276","24.000","2023-05-29 17:11:34"
"2021-09-23 18:00:00","W","5.803","5.806","5.799","24.000","2023-05-29 17:11:36"
"2021-09-23 18:00:00","D","4.064","4.263","3.672","24.000","2023-05-29 17:11:34"
"2021-09-24 00:00:00","W","5.804","5.808","5.801","24.000","2023-05-29 17:11:36"
"2021-09-24 00:00:00","D","4.290","4.620","3.678","24.000","2023-05-29 17:11:34"
"2021-09-24 06:00:00","W","5.796","5.801","5.792","24.000","2023-05-29 17:11:36"
"2021-09-24 06:00:00","D","3.389","4.478","2.507","24.000","2023-05-29 17:11:34"
"2021-09-24 12:00:00","W","5.800","5.807","5.796","24.000","2023-05-29 17:11:36"
"2021-09-24 12:00:00","D","3.364","4.667","2.571","24.000","2023-05-29 17:11:34"
"2021-09-24 18:00:00","W","5.803","5.808","5.800","24.000","2023-05-29 17:11:36"
"2021-09-24 18:00:00","D","4.104","4.596","3.578","24.000","2023-05-29 17:11:34"
"2021-09-25 00:00:00","W","5.803","5.806","5.799","24.000","2023-05-29 17:11:36"
"2021-09-25 00:00:00","D","4.078","4.303","3.820","24.000","2023-05-29 17:11:34"
"2021-09-25 06:00:00","W","5.796","5.801","5.792","24.000","2023-05-29 17:11:36"
"2021-09-25 06:00:00","D","3.173","4.045","2.537","24.000","2023-05-29 17:11:34"
"2021-09-25 12:00:00","W","5.798","5.807","5.790","24.000","2023-05-29 17:11:36"
"2021-09-25 12:00:00","D","2.959","4.670","1.935","24.000","2023-05-29 17:11:34"
"2021-09-25 18:00:00","W","5.805","5.810","5.799","24.000","2023-05-29 17:11:36"
"2021-09-25 18:00:00","D","4.593","4.919","4.136","24.000","2023-05-29 17:11:34"
"2021-09-26 00:00:00","W","5.802","5.806","5.798","24.000","2023-05-29 17:11:36"
"2021-09-26 00:00:00","D","4.081","4.304","3.807","24.000","2023-05-29 17:11:34"
"2021-09-26 06:00:00","W","5.796","5.801","5.792","24.000","2023-05-29 17:11:36"
"2021-09-26 06:00:00","D","3.254","3.873","2.597","24.000","2023-05-29 17:11:34"
"2021-09-26 12:00:00","W","5.796","5.804","5.792","24.000","2023-05-29 17:11:36"
"2021-09-26 12:00:00","D","2.839","4.050","2.438","24.000","2023-05-29 17:11:34"
"2021-09-26 18:00:00","W","5.805","5.807","5.802","24.000","2023-05-29 17:11:36"
"2021-09-26 18:00:00","D","4.545","5.023","4.072","24.000","2023-05-29 17:11:34"
"2021-09-27 00:00:00","W","5.803","5.807","5.799","24.000","2023-05-29 17:11:36"
"2021-09-27 00:00:00","D","4.276","4.581","3.925","24.000","2023-05-29 17:11:34"
"2021-09-27 06:00:00","W","5.796","5.800","5.792","24.000","2023-05-29 17:11:36"
"2021-09-27 06:00:00","D","3.178","4.239","2.455","24.000","2023-05-29 17:11:34"
"2021-09-27 12:00:00","W","5.805","5.820","5.792","24.000","2023-05-29 17:11:36"
"2021-09-27 12:00:00","D","4.216","7.473","2.478","24.000","2023-05-29 17:11:34"
"2021-09-27 18:00:00","W","5.807","5.818","5.800","24.000","2023-05-29 17:11:36"
"2021-09-27 18:00:00","D","5.373","7.322","4.177","24.000","2023-05-29 17:11:34"
"2021-09-28 00:00:00","W","5.804","5.809","5.801","24.000","2023-05-29 17:11:36"
"2021-09-28 00:00:00","D","4.468","4.924","4.036","24.000","2023-05-29 17:11:34"
"2021-09-28 06:00:00","W","5.800","5.804","5.795","24.000","2023-05-29 17:11:36"
"2021-09-28 06:00:00","D","3.526","4.553","2.759","24.000","2023-05-29 17:11:34"
"2021-09-28 12:00:00","W","5.800","5.808","5.795","24.000","2023-05-29 17:11:36"
"2021-09-28 12:00:00","D","3.468","4.989","2.810","24.000","2023-05-29 17:11:34"
"2021-09-28 18:00:00","W","5.803","5.806","5.800","24.000","2023-05-29 17:11:36"
"2021-09-28 18:00:00","D","4.246","4.597","3.923","24.000","2023-05-29 17:11:34"
"2021-09-29 00:00:00","W","5.859","5.942","5.801","24.000","2023-05-29 17:11:36"
"2021-09-29 00:00:00","D","13.015","26.665","3.995","24.000","2023-05-29 17:11:34"
"2021-09-29 06:00:00","W","5.862","5.921","5.820","24.000","2023-05-29 17:11:36"
"2021-09-29 06:00:00","D","15.521","24.699","8.254","24.000","2023-05-29 17:11:34"
"2021-09-29 12:00:00","W","5.822","5.827","5.819","24.000","2023-05-29 17:11:36"
"2021-09-29 12:00:00","D","7.300","7.852","6.859","24.000","2023-05-29 17:11:34"
"2021-09-29 18:00:00","W","5.818","5.822","5.814","24.000","2023-05-29 17:11:36"
"2021-09-29 18:00:00","D","6.581","7.258","6.110","24.000","2023-05-29 17:11:34"
"2021-09-30 00:00:00","W","5.818","5.823","5.813","24.000","2023-05-29 17:11:36"
"2021-09-30 00:00:00","D","6.266","6.892","5.781","24.000","2023-05-29 17:11:34"
"2021-09-30 06:00:00","W","5.814","5.818","5.807","24.000","2023-05-29 17:11:36"
"2021-09-30 06:00:00","D","5.422","5.828","4.857","24.000","2023-05-29 17:11:34"
"2021-09-30 12:00:00","W","5.811","5.818","5.804","24.000","2023-05-29 17:11:36"
"2021-09-30 12:00:00","D","4.549","5.496","3.705","24.000","2023-05-29 17:11:34"
"2021-09-30 18:00:00","W","5.813","5.817","5.808","24.000","2023-05-29 17:11:36"
"2021-09-30 18:00:00","D","5.090","5.590","4.741","24.000","2023-05-29 17:11:34"
"2021-10-01 00:00:00","W","5.813","5.818","5.807","24.000","2023-05-29 17:11:36"
"2021-10-01 00:00:00","D","5.368","6.073","4.857","24.000","2023-05-29 17:11:34"
"2021-10-01 06:00:00","W","5.811","5.819","5.805","24.000","2023-05-29 17:11:36"
"2021-10-01 06:00:00","D","5.159","6.042","4.242","24.000","2023-05-29 17:11:34"
"2021-10-01 12:00:00","W","5.848","5.862","5.810","24.000","2023-05-29 17:11:36"
"2021-10-01 12:00:00","D","11.676","14.122","4.333","24.000","2023-05-29 17:11:34"
"2021-10-01 18:00:00","W","5.826","5.837","5.818","24.000","2023-05-29 17:11:36"
"2021-10-01 18:00:00","D","8.108","9.812","6.934","24.000","2023-05-29 17:11:34"
"2021-10-02 00:00:00","W","5.819","5.821","5.814","24.000","2023-05-29 17:11:36"
"2021-10-02 00:00:00","D","6.540","7.030","6.116","24.000","2023-05-29 17:11:34"
"2021-10-02 06:00:00","W","5.809","5.813","5.803","24.000","2023-05-29 17:11:36"
"2021-10-02 06:00:00","D","4.976","6.251","3.844","24.000","2023-05-29 17:11:34"
"2021-10-02 12:00:00","W","5.807","5.814","5.801","24.000","2023-05-29 17:11:36"
"2021-10-02 12:00:00","D","4.075","5.176","3.395","24.000","2023-05-29 17:11:34"
"2021-10-02 18:00:00","W","5.847","5.945","5.812","24.000","2023-05-29 17:11:36"
"2021-10-02 18:00:00","D","10.891","26.584","5.240","24.000","2023-05-29 17:11:34"
"2021-10-03 00:00:00","W","5.936","5.963","5.883","24.000","2023-05-29 17:11:36"
"2021-10-03 00:00:00","D","26.666","29.776","19.963","24.000","2023-05-29 17:11:34"
"2021-10-03 06:00:00","W","5.851","5.878","5.838","24.000","2023-05-29 17:11:36"
"2021-10-03 06:00:00","D","13.975","18.957","11.326","24.000","2023-05-29 17:11:34"
"2021-10-03 12:00:00","W","5.835","5.839","5.831","24.000","2023-05-29 17:11:36"
"2021-10-03 12:00:00","D","10.608","11.344","9.917","24.000","2023-05-29 17:11:34"
"2021-10-03 18:00:00","W","5.832","5.838","5.826","24.000","2023-05-29 17:11:36"
"2021-10-03 18:00:00","D","9.813","10.790","9.130","24.000","2023-05-29 17:11:34"
"2021-10-04 00:00:00","W","5.823","5.828","5.816","24.000","2023-05-29 17:11:36"
"2021-10-04 00:00:00","D","7.896","9.407","7.221","24.000","2023-05-29 17:11:34"
"2021-10-04 06:00:00","W","5.813","5.818","5.808","24.000","2023-05-29 17:11:36"
"2021-10-04 06:00:00","D","5.688","7.031","4.825","24.000","2023-05-29 17:11:34"
"2021-10-04 12:00:00","W","5.818","5.822","5.810","24.000","2023-05-29 17:11:36"
"2021-10-04 12:00:00","D","6.562","7.603","5.060","24.000","2023-05-29 17:11:34"
"2021-10-04 18:00:00","W","5.817","5.825","5.812","24.000","2023-05-29 17:11:36"
"2021-10-04 18:00:00","D","6.503","7.634","5.771","24.000","2023-05-29 17:11:34"
"2021-10-05 00:00:00","W","5.820","5.828","5.814","24.000","2023-05-29 17:11:36"
"2021-10-05 00:00:00","D","7.468","8.311","6.246","24.000","2023-05-29 17:11:34"
"2021-10-05 06:00:00","W","5.904","6.064","5.813","24.000","2023-05-29 17:11:36"
"2021-10-05 06:00:00","D","18.606","40.943","5.971","24.000","2023-05-29 17:11:34"
"2021-10-05 12:00:00","W","5.917","5.999","5.867","24.000","2023-05-29 17:11:36"
"2021-10-05 12:00:00","D","24.999","36.332","17.257","24.000","2023-05-29 17:11:34"
"2021-10-05 18:00:00","W","5.846","5.862","5.838","24.000","2023-05-29 17:11:36"
"2021-10-05 18:00:00","D","13.550","16.869","12.133","24.000","2023-05-29 17:11:34"
"2021-10-06 00:00:00","W","5.834","5.840","5.826","24.000","2023-05-29 17:11:36"
"2021-10-06 00:00:00","D","11.101","12.003","9.663","24.000","2023-05-29 17:11:34"
"2021-10-06 06:00:00","W","5.824","5.827","5.821","24.000","2023-05-29 17:11:36"
"2021-10-06 06:00:00","D","8.703","9.483","8.077","24.000","2023-05-29 17:11:34"
"2021-10-06 12:00:00","W","5.822","5.827","5.816","24.000","2023-05-29 17:11:36"
"2021-10-06 12:00:00","D","8.039","8.466","7.252","24.000","2023-05-29 17:11:34"
"2021-10-06 18:00:00","W","5.817","5.822","5.813","24.000","2023-05-29 17:11:36"
"2021-10-06 18:00:00","D","7.244","7.904","6.719","24.000","2023-05-29 17:11:34"
"2021-10-07 00:00:00","W","5.815","5.818","5.811","24.000","2023-05-29 17:11:36"
"2021-10-07 00:00:00","D","6.660","7.283","6.166","24.000","2023-05-29 17:11:34"
"2021-10-07 06:00:00","W","5.806","5.810","5.801","24.000","2023-05-29 17:11:36"
"2021-10-07 06:00:00","D","5.569","6.154","4.557","24.000","2023-05-29 17:11:34"
"2021-10-07 12:00:00","W","5.808","5.813","5.803","24.000","2023-05-29 17:11:36"
"2021-10-07 12:00:00","D","5.188","6.463","4.276","24.000","2023-05-29 17:11:34"
"2021-10-07 18:00:00","W","5.809","5.814","5.805","24.000","2023-05-29 17:11:36"
"2021-10-07 18:00:00","D","5.732","6.468","5.144","24.000","2023-05-29 17:11:34"
"2021-10-08 00:00:00","W","5.809","5.814","5.806","24.000","2023-05-29 17:11:36"
"2021-10-08 00:00:00","D","5.737","6.037","5.265","24.000","2023-05-29 17:11:34"
"2021-10-08 06:00:00","W","5.804","5.810","5.798","24.000","2023-05-29 17:11:36"
"2021-10-08 06:00:00","D","4.705","5.778","3.763","24.000","2023-05-29 17:11:34"
"2021-10-08 12:00:00","W","5.805","5.813","5.797","24.000","2023-05-29 17:11:36"
"2021-10-08 12:00:00","D","4.700","6.084","3.829","24.000","2023-05-29 17:11:34"
"2021-10-08 18:00:00","W","5.807","5.810","5.803","24.000","2023-05-29 17:11:36"
"2021-10-08 18:00:00","D","5.525","5.816","5.180","24.000","2023-05-29 17:11:34"
"2021-10-09 00:00:00","W","5.805","5.809","5.802","24.000","2023-05-29 17:11:36"
"2021-10-09 00:00:00","D","5.483","5.829","4.942","24.000","2023-05-29 17:11:34"
"2021-10-09 06:00:00","W","5.800","5.806","5.795","24.000","2023-05-29 17:11:36"
"2021-10-09 06:00:00","D","4.257","5.072","3.373","24.000","2023-05-29 17:11:34"
"2021-10-09 12:00:00","W","5.803","5.810","5.799","24.000","2023-05-29 17:11:36"
"2021-10-09 12:00:00","D","3.967","5.475","3.213","24.000","2023-05-29 17:11:34"
"2021-10-09 18:00:00","W","5.808","5.812","5.804","24.000","2023-05-29 17:11:36"
"2021-10-09 18:00:00","D","5.650","6.178","5.132","24.000","2023-05-29 17:11:34"
"2021-10-10 00:00:00","W","5.804","5.807","5.801","24.000","2023-05-29 17:11:36"
"2021-10-10 00:00:00","D","4.954","5.218","4.441","24.000","2023-05-29 17:11:34"
"2021-10-10 06:00:00","W","5.798","5.804","5.795","24.000","2023-05-29 17:11:36"
"2021-10-10 06:00:00","D","4.141","4.981","3.439","24.000","2023-05-29 17:11:34"
"2021-10-10 12:00:00","W","5.800","5.806","5.795","24.000","2023-05-29 17:11:36"
"2021-10-10 12:00:00","D","3.755","5.372","3.123","24.000","2023-05-29 17:11:34"
"2021-10-10 18:00:00","W","5.807","5.812","5.803","24.000","2023-05-29 17:11:36"
"2021-10-10 18:00:00","D","5.658","6.176","5.142","24.000","2023-05-29 17:11:34"
"2021-10-11 00:00:00","W","5.805","5.811","5.802","24.000","2023-05-29 17:11:36"
"2021-10-11 00:00:00","D","5.342","5.737","5.054","24.000","2023-05-29 17:11:34"
"2021-10-11 06:00:00","W","5.800","5.806","5.797","24.000","2023-05-29 17:11:36"
"2021-10-11 06:00:00","D","4.274","5.149","3.637","24.000","2023-05-29 17:11:34"
"2021-10-11 12:00:00","W","5.803","5.811","5.795","24.000","2023-05-29 17:11:36"
"2021-10-11 12:00:00","D","4.358","5.820","3.410","24.000","2023-05-29 17:11:34"
"2021-10-11 18:00:00","W","5.806","5.808","5.802","24.000","2023-05-29 17:11:36"
"2021-10-11 18:00:00","D","5.104","5.365","4.837","24.000","2023-05-29 17:11:34"
"2021-10-12 00:00:00","W","5.811","5.815","5.807","24.000","2023-05-29 17:11:36"
"2021-10-12 00:00:00","D","5.983","6.779","5.090","24.000","2023-05-29 17:11:34"
"2021-10-12 06:00:00","W","5.805","5.810","5.802","24.000","2023-05-29 17:11:36"
"2021-10-12 06:00:00","D","5.253","6.318","4.600","24.000","2023-05-29 17:11:34"
"2021-10-12 12:00:00","W","5.807","5.813","5.799","24.000","2023-05-29 17:11:36"
"2021-10-12 12:00:00","D","5.091","6.224","4.273","24.000","2023-05-29 17:11:34"
"2021-10-12 18:00:00","W","5.807","5.810","5.803","24.000","2023-05-29 17:11:36"
"2021-10-12 18:00:00","D","5.670","6.189","5.300","24.000","2023-05-29 17:11:34"
"2021-10-13 00:00:00","W","5.808","5.813","5.803","24.000","2023-05-29 17:11:36"
"2021-10-13 00:00:00","D","5.983","6.394","5.105","24.000","2023-05-29 17:11:34"
"2021-10-13 06:00:00","W","5.801","5.808","5.796","24.000","2023-05-29 17:11:36"
"2021-10-13 06:00:00","D","4.648","5.702","3.940","24.000","2023-05-29 17:11:34"
"2021-10-13 12:00:00","W","5.804","5.813","5.797","24.000","2023-05-29 17:11:36"
"2021-10-13 12:00:00","D","4.538","6.133","3.558","24.000","2023-05-29 17:11:34"
"2021-10-13 18:00:00","W","5.806","5.812","5.803","24.000","2023-05-29 17:11:36"
"2021-10-13 18:00:00","D","5.303","5.862","4.696","24.000","2023-05-29 17:11:34"
"2021-10-14 00:00:00","W","5.809","5.814","5.802","24.000","2023-05-29 17:11:36"
"2021-10-14 00:00:00","D","5.557","6.014","4.795","24.000","2023-05-29 17:11:34"
"2021-10-14 06:00:00","W","5.802","5.805","5.798","24.000","2023-05-29 17:11:36"
"2021-10-14 06:00:00","D","4.608","5.562","3.894","24.000","2023-05-29 17:11:34"
"2021-10-14 12:00:00","W","5.806","5.811","5.798","24.000","2023-05-29 17:11:36"
"2021-10-14 12:00:00","D","4.527","5.611","3.730","24.000","2023-05-29 17:11:34"
"2021-10-14 18:00:00","W","5.806","5.810","5.802","24.000","2023-05-29 17:11:36"
"2021-10-14 18:00:00","D","5.107","5.455","4.692","24.000","2023-05-29 17:11:34"
"2021-10-15 00:00:00","W","5.809","5.812","5.805","24.000","2023-05-29 17:11:36"
"2021-10-15 00:00:00","D","5.246","5.461","4.746","24.000","2023-05-29 17:11:34"
"2021-10-15 06:00:00","W","5.803","5.811","5.796","24.000","2023-05-29 17:11:36"
"2021-10-15 06:00:00","D","4.356","5.407","2.827","24.000","2023-05-29 17:11:34"
"2021-10-15 12:00:00","W","5.805","5.812","5.799","24.000","2023-05-29 17:11:36"
"2021-10-15 12:00:00","D","4.405","5.775","3.487","24.000","2023-05-29 17:11:34"
"2021-10-15 18:00:00","W","5.807","5.812","5.803","24.000","2023-05-29 17:11:36"
"2021-10-15 18:00:00","D","5.231","5.610","4.941","24.000","2023-05-29 17:11:34"
"2021-10-16 00:00:00","W","5.807","5.811","5.802","24.000","2023-05-29 17:11:36"
"2021-10-16 00:00:00","D","5.240","5.650","4.746","24.000","2023-05-29 17:11:34"
"2021-10-16 06:00:00","W","5.800","5.803","5.797","24.000","2023-05-29 17:11:36"
"2021-10-16 06:00:00","D","4.237","5.072","3.507","24.000","2023-05-29 17:11:34"
"2021-10-16 12:00:00","W","5.803","5.813","5.797","24.000","2023-05-29 17:11:36"
"2021-10-16 12:00:00","D","3.937","5.480","3.321","24.000","2023-05-29 17:11:34"
"2021-10-16 18:00:00","W","5.811","5.815","5.806","24.000","2023-05-29 17:11:36"
"2021-10-16 18:00:00","D","6.104","6.448","5.509","24.000","2023-05-29 17:11:34"
"2021-10-17 00:00:00","W","5.805","5.811","5.802","24.000","2023-05-29 17:11:36"
"2021-10-17 00:00:00","D","5.253","5.461","4.952","24.000","2023-05-29 17:11:34"
"2021-10-17 06:00:00","W","5.800","5.802","5.798","24.000","2023-05-29 17:11:36"
"2021-10-17 06:00:00","D","4.258","4.877","3.616","24.000","2023-05-29 17:11:34"
"2021-10-17 12:00:00","W","5.802","5.811","5.797","24.000","2023-05-29 17:11:36"
"2021-10-17 12:00:00","D","3.895","5.340","3.040","24.000","2023-05-29 17:11:34"
"2021-10-17 18:00:00","W","5.809","5.814","5.805","24.000","2023-05-29 17:11:36"
"2021-10-17 18:00:00","D","5.604","6.090","4.801","24.000","2023-05-29 17:11:34"
"2021-10-18 00:00:00","W","5.808","5.812","5.804","24.000","2023-05-29 17:11:36"
"2021-10-18 00:00:00","D","5.260","5.788","4.772","24.000","2023-05-29 17:11:34"
"2021-10-18 06:00:00","W","5.804","5.806","5.799","24.000","2023-05-29 17:11:36"
"2021-10-18 06:00:00","D","4.193","5.129","3.499","24.000","2023-05-29 17:11:34"
"2021-10-18 12:00:00","W","5.804","5.812","5.800","24.000","2023-05-29 17:11:36"
"2021-10-18 12:00:00","D","4.180","5.629","3.325","24.000","2023-05-29 17:11:34"
"2021-10-18 18:00:00","W","5.809","5.814","5.804","24.000","2023-05-29 17:11:36"
"2021-10-18 18:00:00","D","5.419","5.910","5.157","24.000","2023-05-29 17:11:34"
"2021-10-19 00:00:00","W","5.808","5.813","5.805","24.000","2023-05-29 17:11:36"
"2021-10-19 00:00:00","D","5.177","5.632","4.726","24.000","2023-05-29 17:11:34"
"2021-10-19 06:00:00","W","5.802","5.810","5.797","24.000","2023-05-29 17:11:36"
"2021-10-19 06:00:00","D","3.967","4.924","3.193","24.000","2023-05-29 17:11:34"
"2021-10-19 12:00:00","W","5.805","5.811","5.796","24.000","2023-05-29 17:11:36"
"2021-10-19 12:00:00","D","3.863","5.460","2.878","24.000","2023-05-29 17:11:34"
"2021-10-19 18:00:00","W","5.808","5.811","5.805","24.000","2023-05-29 17:11:36"
"2021-10-19 18:00:00","D","5.067","5.422","4.544","24.000","2023-05-29 17:11:34"
"2021-10-20 00:00:00","W","5.812","5.823","5.808","24.000","2023-05-29 17:11:36"
"2021-10-20 00:00:00","D","5.833","8.221","4.858","24.000","2023-05-29 17:11:34"
"2021-10-20 06:00:00","W","5.866","5.889","5.825","24.000","2023-05-29 17:11:36"
"2021-10-20 06:00:00","D","16.619","20.890","8.722","24.000","2023-05-29 17:11:34"
"2021-10-20 12:00:00","W","5.849","5.862","5.833","24.000","2023-05-29 17:11:36"
"2021-10-20 12:00:00","D","14.743","17.348","12.311","24.000","2023-05-29 17:11:34"
"2021-10-20 18:00:00","W","5.817","5.832","5.811","24.000","2023-05-29 17:11:36"
"2021-10-20 18:00:00","D","10.924","12.117","9.942","24.000","2023-05-29 17:11:34"
"2021-10-21 00:00:00","W","5.854","5.957","5.815","24.000","2023-05-29 17:11:36"
"2021-10-21 00:00:00","D","15.552","31.163","9.854","24.000","2023-05-29 17:11:34"
"2021-10-21 06:00:00","W","6.032","6.108","5.932","24.000","2023-05-29 17:11:36"
"2021-10-21 06:00:00","D","37.689","44.426","30.239","24.000","2023-05-29 17:11:34"
"2021-10-21 12:00:00","W","5.883","5.924","5.858","24.000","2023-05-29 17:11:36"
"2021-10-21 12:00:00","D","22.608","29.276","18.544","24.000","2023-05-29 17:11:34"
"2021-10-21 18:00:00","W","5.847","5.857","5.838","24.000","2023-05-29 17:11:36"
"2021-10-21 18:00:00","D","16.075","18.282","14.289","24.000","2023-05-29 17:11:34"
"2021-10-22 00:00:00","W","5.835","5.841","5.829","24.000","2023-05-29 17:11:36"
"2021-10-22 00:00:00","D","13.184","14.196","12.080","24.000","2023-05-29 17:11:34"
"2021-10-22 06:00:00","W","5.825","5.830","5.819","24.000","2023-05-29 17:11:36"
"2021-10-22 06:00:00","D","10.546","11.841","9.735","24.000","2023-05-29 17:11:34"
"2021-10-22 12:00:00","W","5.817","5.823","5.814","24.000","2023-05-29 17:11:36"
"2021-10-22 12:00:00","D","8.658","9.594","8.030","24.000","2023-05-29 17:11:34"
"2021-10-22 18:00:00","W","5.816","5.820","5.811","24.000","2023-05-29 17:11:36"
"2021-10-22 18:00:00","D","8.433","8.861","7.641","24.000","2023-05-29 17:11:34"
"2021-10-23 00:00:00","W","5.814","5.817","5.809","24.000","2023-05-29 17:11:36"
"2021-10-23 00:00:00","D","7.288","7.906","6.615","24.000","2023-05-29 17:11:34"
"2021-10-23 06:00:00","W","5.806","5.813","5.802","24.000","2023-05-29 17:11:36"
"2021-10-23 06:00:00","D","5.839","6.746","5.241","24.000","2023-05-29 17:11:34"
"2021-10-23 12:00:00","W","5.806","5.813","5.800","24.000","2023-05-29 17:11:36"
"2021-10-23 12:00:00","D","5.451","7.085","4.835","24.000","2023-05-29 17:11:34"
"2021-10-23 18:00:00","W","5.809","5.815","5.804","24.000","2023-05-29 17:11:36"
"2021-10-23 18:00:00","D","6.648","7.366","5.798","24.000","2023-05-29 17:11:34"
"2021-10-24 00:00:00","W","5.806","5.810","5.802","24.000","2023-05-29 17:11:36"
"2021-10-24 00:00:00","D","5.901","6.153","5.453","24.000","2023-05-29 17:11:34"
"2021-10-24 06:00:00","W","5.800","5.803","5.798","24.000","2023-05-29 17:11:36"
"2021-10-24 06:00:00","D","4.802","5.552","4.098","24.000","2023-05-29 17:11:34"
"2021-10-24 12:00:00","W","5.803","5.811","5.799","24.000","2023-05-29 17:11:37"
"2021-10-24 12:00:00","D","4.511","6.285","4.011","24.000","2023-05-29 17:11:34"
"2021-10-24 18:00:00","W","5.809","5.814","5.803","24.000","2023-05-29 17:11:37"
"2021-10-24 18:00:00","D","6.176","6.543","5.716","24.000","2023-05-29 17:11:34"
"2021-10-25 00:00:00","W","5.807","5.811","5.803","24.000","2023-05-29 17:11:37"
"2021-10-25 00:00:00","D","5.572","5.856","5.380","24.000","2023-05-29 17:11:34"
"2021-10-25 06:00:00","W","5.801","5.808","5.797","24.000","2023-05-29 17:11:37"
"2021-10-25 06:00:00","D","4.504","5.539","3.744","24.000","2023-05-29 17:11:34"
"2021-10-25 12:00:00","W","5.803","5.810","5.798","24.000","2023-05-29 17:11:37"
"2021-10-25 12:00:00","D","4.376","5.645","3.431","24.000","2023-05-29 17:11:34"
"2021-10-25 18:00:00","W","5.807","5.815","5.803","24.000","2023-05-29 17:11:37"
"2021-10-25 18:00:00","D","5.635","6.290","5.258","24.000","2023-05-29 17:11:34"
"2021-10-26 00:00:00","W","5.807","5.812","5.804","24.000","2023-05-29 17:11:37"
"2021-10-26 00:00:00","D","5.673","5.872","5.313","24.000","2023-05-29 17:11:34"
"2021-10-26 06:00:00","W","5.803","5.806","5.800","24.000","2023-05-29 17:11:37"
"2021-10-26 06:00:00","D","4.618","5.617","4.026","24.000","2023-05-29 17:11:34"
"2021-10-26 12:00:00","W","5.805","5.812","5.798","24.000","2023-05-29 17:11:37"
"2021-10-26 12:00:00","D","4.514","5.979","3.598","24.000","2023-05-29 17:11:34"
"2021-10-26 18:00:00","W","5.807","5.812","5.802","24.000","2023-05-29 17:11:37"
"2021-10-26 18:00:00","D","5.521","6.179","4.958","24.000","2023-05-29 17:11:34"
"2021-10-27 00:00:00","W","5.808","5.810","5.804","24.000","2023-05-29 17:11:37"
"2021-10-27 00:00:00","D","5.429","5.735","5.129","24.000","2023-05-29 17:11:34"
"2021-10-27 06:00:00","W","5.802","5.808","5.798","24.000","2023-05-29 17:11:37"
"2021-10-27 06:00:00","D","4.525","5.417","3.757","24.000","2023-05-29 17:11:34"
"2021-10-27 12:00:00","W","5.805","5.811","5.801","24.000","2023-05-29 17:11:37"
"2021-10-27 12:00:00","D","4.454","5.909","3.621","24.000","2023-05-29 17:11:34"
"2021-10-27 18:00:00","W","5.805","5.810","5.801","24.000","2023-05-29 17:11:37"
"2021-10-27 18:00:00","D","5.315","6.077","4.945","24.000","2023-05-29 17:11:34"
"2021-10-28 00:00:00","W","5.806","5.810","5.802","24.000","2023-05-29 17:11:37"
"2021-10-28 00:00:00","D","5.348","5.636","4.666","24.000","2023-05-29 17:11:34"
"2021-10-28 06:00:00","W","5.802","5.805","5.798","24.000","2023-05-29 17:11:37"
"2021-10-28 06:00:00","D","4.341","5.261","3.608","24.000","2023-05-29 17:11:34"
"2021-10-28 12:00:00","W","5.802","5.810","5.796","24.000","2023-05-29 17:11:37"
"2021-10-28 12:00:00","D","4.235","5.481","3.462","24.000","2023-05-29 17:11:34"
"2021-10-28 18:00:00","W","5.806","5.811","5.802","24.000","2023-05-29 17:11:37"
"2021-10-28 18:00:00","D","5.350","5.961","4.826","24.000","2023-05-29 17:11:34"
"2021-10-29 00:00:00","W","5.807","5.811","5.802","24.000","2023-05-29 17:11:37"
"2021-10-29 00:00:00","D","5.334","5.558","5.117","24.000","2023-05-29 17:11:34"
"2021-10-29 06:00:00","W","5.802","5.809","5.797","24.000","2023-05-29 17:11:37"
"2021-10-29 06:00:00","D","4.217","4.854","3.457","24.000","2023-05-29 17:11:34"
"2021-10-29 12:00:00","W","5.810","5.821","5.803","24.000","2023-05-29 17:11:37"
"2021-10-29 12:00:00","D","5.536","8.248","3.509","24.000","2023-05-29 17:11:34"
"2021-10-29 18:00:00","W","5.810","5.815","5.805","24.000","2023-05-29 17:11:37"
"2021-10-29 18:00:00","D","6.254","7.546","5.439","24.000","2023-05-29 17:11:34"
"2021-10-30 00:00:00","W","5.809","5.813","5.803","24.000","2023-05-29 17:11:37"
"2021-10-30 00:00:00","D","5.590","6.040","5.092","24.000","2023-05-29 17:11:34"
"2021-10-30 06:00:00","W","5.802","5.805","5.799","24.000","2023-05-29 17:11:37"
"2021-10-30 06:00:00","D","4.430","4.993","3.787","24.000","2023-05-29 17:11:34"
"2021-10-30 12:00:00","W","5.816","5.834","5.801","24.000","2023-05-29 17:11:37"
"2021-10-30 12:00:00","D","6.710","11.064","3.575","24.000","2023-05-29 17:11:34"
"2021-10-30 18:00:00","W","5.817","5.830","5.810","24.000","2023-05-29 17:11:37"
"2021-10-30 18:00:00","D","7.653","10.709","5.949","24.000","2023-05-29 17:11:34"
"2021-10-31 00:00:00","W","5.809","5.813","5.806","24.000","2023-05-29 17:11:37"
"2021-10-31 00:00:00","D","5.598","6.086","5.275","24.000","2023-05-29 17:11:34"
"2021-10-31 06:00:00","W","5.805","5.809","5.801","24.000","2023-05-29 17:11:37"
"2021-10-31 06:00:00","D","4.571","5.247","3.889","24.000","2023-05-29 17:11:34"
"2021-10-31 12:00:00","W","5.829","5.875","5.806","24.000","2023-05-29 17:11:37"
"2021-10-31 12:00:00","D","8.796","19.086","3.870","24.000","2023-05-29 17:11:34"
"2021-10-31 18:00:00","W","5.840","5.868","5.828","24.000","2023-05-29 17:11:37"
"2021-10-31 18:00:00","D","12.912","17.924","10.423","24.000","2023-05-29 17:11:34"
"2021-11-01 00:00:00","W","5.824","5.827","5.820","24.000","2023-05-29 17:11:37"
"2021-11-01 00:00:00","D","9.290","10.304","8.692","24.000","2023-05-29 17:11:34"
"2021-11-01 06:00:00","W","5.819","5.825","5.815","24.000","2023-05-29 17:11:37"
"2021-11-01 06:00:00","D","8.139","8.691","7.737","24.000","2023-05-29 17:11:34"
"2021-11-01 12:00:00","W","5.815","5.822","5.811","24.000","2023-05-29 17:11:37"
"2021-11-01 12:00:00","D","7.149","8.349","6.282","24.000","2023-05-29 17:11:34"
"2021-11-01 18:00:00","W","5.817","5.823","5.810","24.000","2023-05-29 17:11:37"
"2021-11-01 18:00:00","D","7.408","8.059","6.596","24.000","2023-05-29 17:11:34"
"2021-11-02 00:00:00","W","5.815","5.819","5.810","24.000","2023-05-29 17:11:37"
"2021-11-02 00:00:00","D","6.682","7.199","6.403","24.000","2023-05-29 17:11:34"
"2021-11-02 06:00:00","W","5.809","5.818","5.804","24.000","2023-05-29 17:11:37"
"2021-11-02 06:00:00","D","5.800","6.800","4.536","24.000","2023-05-29 17:11:34"
"2021-11-02 12:00:00","W","5.811","5.817","5.803","24.000","2023-05-29 17:11:37"
"2021-11-02 12:00:00","D","5.052","6.319","4.261","24.000","2023-05-29 17:11:34"
"2021-11-02 18:00:00","W","5.813","5.818","5.808","24.000","2023-05-29 17:11:37"
"2021-11-02 18:00:00","D","5.987","6.751","5.335","24.000","2023-05-29 17:11:34"
"2021-11-03 00:00:00","W","5.810","5.815","5.806","24.000","2023-05-29 17:11:37"
"2021-11-03 00:00:00","D","5.557","5.872","5.193","24.000","2023-05-29 17:11:34"
"2021-11-03 06:00:00","W","5.804","5.810","5.800","24.000","2023-05-29 17:11:37"
"2021-11-03 06:00:00","D","4.903","5.949","3.920","24.000","2023-05-29 17:11:34"
"2021-11-03 12:00:00","W","5.805","5.812","5.800","24.000","2023-05-29 17:11:37"
"2021-11-03 12:00:00","D","4.345","5.741","3.382","24.000","2023-05-29 17:11:34"
"2021-11-03 18:00:00","W","5.807","5.813","5.805","24.000","2023-05-29 17:11:37"
"2021-11-03 18:00:00","D","4.906","5.251","4.416","24.000","2023-05-29 17:11:34"
"2021-11-04 00:00:00","W","5.807","5.814","5.802","24.000","2023-05-29 17:11:37"
"2021-11-04 00:00:00","D","5.116","5.911","4.634","24.000","2023-05-29 17:11:34"
"2021-11-04 06:00:00","W","5.802","5.804","5.798","24.000","2023-05-29 17:11:37"
"2021-11-04 06:00:00","D","4.285","5.148","3.343","24.000","2023-05-29 17:11:34"
"2021-11-04 12:00:00","W","5.803","5.811","5.799","24.000","2023-05-29 17:11:37"
"2021-11-04 12:00:00","D","3.796","5.312","3.111","24.000","2023-05-29 17:11:34"
"2021-11-04 18:00:00","W","5.806","5.810","5.804","24.000","2023-05-29 17:11:37"
"2021-11-04 18:00:00","D","4.678","5.144","4.189","24.000","2023-05-29 17:11:34"
"2021-11-05 00:00:00","W","5.808","5.812","5.805","24.000","2023-05-29 17:11:37"
"2021-11-05 00:00:00","D","5.218","5.471","4.588","24.000","2023-05-29 17:11:34"
"2021-11-05 06:00:00","W","5.805","5.813","5.799","24.000","2023-05-29 17:11:37"
"2021-11-05 06:00:00","D","4.407","5.287","3.555","24.000","2023-05-29 17:11:34"
"2021-11-05 12:00:00","W","5.805","5.813","5.798","24.000","2023-05-29 17:11:37"
"2021-11-05 12:00:00","D","3.864","5.099","3.048","24.000","2023-05-29 17:11:34"
"2021-11-05 18:00:00","W","5.809","5.813","5.804","24.000","2023-05-29 17:11:37"
"2021-11-05 18:00:00","D","4.964","5.561","4.608","24.000","2023-05-29 17:11:34"
"2021-11-06 00:00:00","W","5.807","5.812","5.803","24.000","2023-05-29 17:11:37"
"2021-11-06 00:00:00","D","4.748","5.169","4.462","24.000","2023-05-29 17:11:34"
"2021-11-06 06:00:00","W","5.804","5.811","5.799","24.000","2023-05-29 17:11:37"
"2021-11-06 06:00:00","D","4.093","4.548","3.369","24.000","2023-05-29 17:11:34"
"2021-11-06 12:00:00","W","5.804","5.811","5.801","24.000","2023-05-29 17:11:37"
"2021-11-06 12:00:00","D","3.529","4.465","3.108","24.000","2023-05-29 17:11:34"
"2021-11-06 18:00:00","W","5.811","5.814","5.807","24.000","2023-05-29 17:11:37"
"2021-11-06 18:00:00","D","5.390","5.793","4.977","24.000","2023-05-29 17:11:34"
"2021-11-07 00:00:00","W","5.808","5.812","5.804","24.000","2023-05-29 17:11:37"
"2021-11-07 00:00:00","D","4.620","5.251","4.413","24.000","2023-05-29 17:11:34"
"2021-11-07 06:00:00","W","5.802","5.806","5.800","24.000","2023-05-29 17:11:37"
"2021-11-07 06:00:00","D","3.904","4.486","3.319","24.000","2023-05-29 17:11:34"
"2021-11-07 12:00:00","W","5.803","5.809","5.798","24.000","2023-05-29 17:11:37"
"2021-11-07 12:00:00","D","3.290","4.537","2.713","24.000","2023-05-29 17:11:34"
"2021-11-07 18:00:00","W","5.811","5.814","5.807","24.000","2023-05-29 17:11:37"
"2021-11-07 18:00:00","D","5.382","5.831","4.489","24.000","2023-05-29 17:11:34"
"2021-11-08 00:00:00","W","5.809","5.814","5.804","24.000","2023-05-29 17:11:37"
"2021-11-08 00:00:00","D","5.113","5.493","4.797","24.000","2023-05-29 17:11:34"
"2021-11-08 06:00:00","W","5.803","5.805","5.799","24.000","2023-05-29 17:11:37"
"2021-11-08 06:00:00","D","4.135","5.107","3.361","24.000","2023-05-29 17:11:34"
"2021-11-08 12:00:00","W","5.806","5.814","5.801","24.000","2023-05-29 17:11:37"
"2021-11-08 12:00:00","D","3.999","6.132","3.157","24.000","2023-05-29 17:11:34"
"2021-11-08 18:00:00","W","5.809","5.814","5.804","24.000","2023-05-29 17:11:37"
"2021-11-08 18:00:00","D","5.346","6.079","4.824","24.000","2023-05-29 17:11:34"
"2021-11-09 00:00:00","W","5.809","5.814","5.803","24.000","2023-05-29 17:11:37"
"2021-11-09 00:00:00","D","5.114","5.884","4.438","24.000","2023-05-29 17:11:34"
"2021-11-09 06:00:00","W","5.805","5.813","5.800","24.000","2023-05-29 17:11:37"
"2021-11-09 06:00:00","D","4.492","5.421","3.572","24.000","2023-05-29 17:11:34"
"2021-11-09 12:00:00","W","5.804","5.811","5.799","24.000","2023-05-29 17:11:37"
"2021-11-09 12:00:00","D","3.977","5.949","3.058","24.000","2023-05-29 17:11:34"
"2021-11-09 18:00:00","W","5.808","5.814","5.805","24.000","2023-05-29 17:11:37"
"2021-11-09 18:00:00","D","5.196","5.649","4.538","24.000","2023-05-29 17:11:34"
"2021-11-10 00:00:00","W","5.810","5.814","5.805","24.000","2023-05-29 17:11:37"
"2021-11-10 00:00:00","D","5.222","5.799","4.699","24.000","2023-05-29 17:11:34"
"2021-11-10 06:00:00","W","5.804","5.807","5.799","24.000","2023-05-29 17:11:37"
"2021-11-10 06:00:00","D","4.483","5.726","3.682","24.000","2023-05-29 17:11:34"
"2021-11-10 12:00:00","W","5.804","5.813","5.799","24.000","2023-05-29 17:11:37"
"2021-11-10 12:00:00","D","4.017","5.424","3.333","24.000","2023-05-29 17:11:34"
"2021-11-10 18:00:00","W","5.807","5.811","5.804","24.000","2023-05-29 17:11:37"
"2021-11-10 18:00:00","D","5.024","5.648","4.560","24.000","2023-05-29 17:11:34"
"2021-11-11 00:00:00","W","5.809","5.814","5.805","24.000","2023-05-29 17:11:37"
"2021-11-11 00:00:00","D","5.099","5.796","4.540","24.000","2023-05-29 17:11:34"
"2021-11-11 06:00:00","W","5.805","5.809","5.801","24.000","2023-05-29 17:11:37"
"2021-11-11 06:00:00","D","4.485","5.369","3.735","24.000","2023-05-29 17:11:34"
"2021-11-11 12:00:00","W","5.805","5.814","5.799","24.000","2023-05-29 17:11:37"
"2021-11-11 12:00:00","D","3.960","5.711","2.822","24.000","2023-05-29 17:11:34"
"2021-11-11 18:00:00","W","5.809","5.813","5.805","24.000","2023-05-29 17:11:37"
"2021-11-11 18:00:00","D","4.880","5.542","4.229","24.000","2023-05-29 17:11:34"
"2021-11-12 00:00:00","W","5.807","5.812","5.802","24.000","2023-05-29 17:11:37"
"2021-11-12 00:00:00","D","4.841","5.290","4.370","24.000","2023-05-29 17:11:34"
"2021-11-12 06:00:00","W","5.805","5.810","5.799","24.000","2023-05-29 17:11:37"
"2021-11-12 06:00:00","D","4.110","4.855","3.226","24.000","2023-05-29 17:11:34"
"2021-11-12 12:00:00","W","5.804","5.811","5.799","24.000","2023-05-29 17:11:37"
"2021-11-12 12:00:00","D","3.588","4.996","2.721","24.000","2023-05-29 17:11:34"
"2021-11-12 18:00:00","W","5.810","5.814","5.806","24.000","2023-05-29 17:11:37"
"2021-11-12 18:00:00","D","4.851","5.450","4.458","24.000","2023-05-29 17:11:34"
"2021-11-13 00:00:00","W","5.808","5.813","5.804","24.000","2023-05-29 17:11:37"
"2021-11-13 00:00:00","D","4.761","5.025","4.318","24.000","2023-05-29 17:11:34"
"2021-11-13 06:00:00","W","5.805","5.808","5.802","24.000","2023-05-29 17:11:37"
"2021-11-13 06:00:00","D","3.978","4.708","3.284","24.000","2023-05-29 17:11:34"
"2021-11-13 12:00:00","W","5.806","5.812","5.801","24.000","2023-05-29 17:11:37"
"2021-11-13 12:00:00","D","3.353","5.213","2.705","24.000","2023-05-29 17:11:34"
"2021-11-13 18:00:00","W","5.810","5.814","5.806","24.000","2023-05-29 17:11:37"
"2021-11-13 18:00:00","D","5.215","5.843","4.832","24.000","2023-05-29 17:11:34"
"2021-11-14 00:00:00","W","5.808","5.812","5.804","24.000","2023-05-29 17:11:37"
"2021-11-14 00:00:00","D","4.549","4.843","4.298","24.000","2023-05-29 17:11:34"
"2021-11-14 06:00:00","W","5.805","5.810","5.801","24.000","2023-05-29 17:11:37"
"2021-11-14 06:00:00","D","3.712","4.416","2.954","24.000","2023-05-29 17:11:34"
"2021-11-14 12:00:00","W","5.803","5.807","5.798","24.000","2023-05-29 17:11:37"
"2021-11-14 12:00:00","D","2.982","3.765","2.381","24.000","2023-05-29 17:11:34"
"2021-11-14 18:00:00","W","5.809","5.814","5.806","24.000","2023-05-29 17:11:37"
"2021-11-14 18:00:00","D","5.165","5.782","4.182","24.000","2023-05-29 17:11:34"
"2021-11-15 00:00:00","W","5.808","5.813","5.804","24.000","2023-05-29 17:11:37"
"2021-11-15 00:00:00","D","4.815","5.072","4.411","24.000","2023-05-29 17:11:34"
"2021-11-15 06:00:00","W","5.804","5.808","5.801","24.000","2023-05-29 17:11:37"
"2021-11-15 06:00:00","D","3.895","4.926","3.153","24.000","2023-05-29 17:11:34"
"2021-11-15 12:00:00","W","5.804","5.813","5.798","24.000","2023-05-29 17:11:37"
"2021-11-15 12:00:00","D","3.521","5.085","2.552","24.000","2023-05-29 17:11:34"
"2021-11-15 18:00:00","W","5.810","5.814","5.806","24.000","2023-05-29 17:11:37"
"2021-11-15 18:00:00","D","4.796","5.285","4.206","24.000","2023-05-29 17:11:34"
"2021-11-16 00:00:00","W","5.811","5.816","5.806","24.000","2023-05-29 17:11:37"
"2021-11-16 00:00:00","D","5.278","6.108","4.455","24.000","2023-05-29 17:11:34"
"2021-11-16 06:00:00","W","5.809","5.814","5.802","24.000","2023-05-29 17:11:37"
"2021-11-16 06:00:00","D","4.425","5.441","3.206","24.000","2023-05-29 17:11:34"
"2021-11-16 12:00:00","W","5.807","5.814","5.802","24.000","2023-05-29 17:11:37"
"2021-11-16 12:00:00","D","3.745","4.774","2.672","24.000","2023-05-29 17:11:34"
"2021-11-16 18:00:00","W","5.810","5.816","5.807","24.000","2023-05-29 17:11:37"
"2021-11-16 18:00:00","D","4.799","5.516","4.217","24.000","2023-05-29 17:11:34"
"2021-11-17 00:00:00","W","5.814","5.817","5.809","24.000","2023-05-29 17:11:37"
"2021-11-17 00:00:00","D","5.075","5.928","4.257","24.000","2023-05-29 17:11:34"
"2021-11-17 06:00:00","W","5.808","5.814","5.804","24.000","2023-05-29 17:11:37"
"2021-11-17 06:00:00","D","4.309","5.510","3.417","24.000","2023-05-29 17:11:34"
"2021-11-17 12:00:00","W","5.807","5.815","5.801","24.000","2023-05-29 17:11:37"
"2021-11-17 12:00:00","D","3.568","4.843","2.809","24.000","2023-05-29 17:11:34"
"2021-11-17 18:00:00","W","5.811","5.816","5.806","24.000","2023-05-29 17:11:37"
"2021-11-17 18:00:00","D","4.555","5.167","3.926","24.000","2023-05-29 17:11:34"
"2021-11-18 00:00:00","W","5.810","5.816","5.808","24.000","2023-05-29 17:11:37"
"2021-11-18 00:00:00","D","4.792","5.387","4.247","24.000","2023-05-29 17:11:34"
"2021-11-18 06:00:00","W","5.807","5.811","5.803","24.000","2023-05-29 17:11:37"
"2021-11-18 06:00:00","D","4.007","4.860","3.260","24.000","2023-05-29 17:11:34"
"2021-11-18 12:00:00","W","5.808","5.816","5.802","24.000","2023-05-29 17:11:37"
"2021-11-18 12:00:00","D","3.476","5.077","2.774","24.000","2023-05-29 17:11:34"
"2021-11-18 18:00:00","W","5.811","5.815","5.807","24.000","2023-05-29 17:11:37"
"2021-11-18 18:00:00","D","4.521","4.888","4.107","24.000","2023-05-29 17:11:34"
"2021-11-19 00:00:00","W","5.810","5.814","5.807","24.000","2023-05-29 17:11:37"
"2021-11-19 00:00:00","D","4.993","5.590","4.252","24.000","2023-05-29 17:11:34"
"2021-11-19 06:00:00","W","5.809","5.813","5.804","24.000","2023-05-29 17:11:37"
"2021-11-19 06:00:00","D","3.897","4.920","2.684","24.000","2023-05-29 17:11:34"
"2021-11-19 12:00:00","W","5.807","5.816","5.802","24.000","2023-05-29 17:11:37"
"2021-11-19 12:00:00","D","3.423","5.093","2.596","24.000","2023-05-29 17:11:34"
"2021-11-19 18:00:00","W","5.812","5.815","5.807","24.000","2023-05-29 17:11:37"
"2021-11-19 18:00:00","D","4.532","5.070","3.896","24.000","2023-05-29 17:11:34"
"2021-11-20 00:00:00","W","5.810","5.814","5.807","24.000","2023-05-29 17:11:37"
"2021-11-20 00:00:00","D","4.607","4.875","3.818","24.000","2023-05-29 17:11:34"
"2021-11-20 06:00:00","W","5.808","5.816","5.803","24.000","2023-05-29 17:11:37"
"2021-11-20 06:00:00","D","3.889","4.822","3.044","24.000","2023-05-29 17:11:34"
"2021-11-20 12:00:00","W","5.806","5.813","5.801","24.000","2023-05-29 17:11:37"
"2021-11-20 12:00:00","D","3.095","3.967","2.342","24.000","2023-05-29 17:11:34"
"2021-11-20 18:00:00","W","5.813","5.818","5.808","24.000","2023-05-29 17:11:37"
"2021-11-20 18:00:00","D","4.920","5.700","4.395","24.000","2023-05-29 17:11:34"
"2021-11-21 00:00:00","W","5.810","5.817","5.807","24.000","2023-05-29 17:11:37"
"2021-11-21 00:00:00","D","4.497","5.276","3.592","24.000","2023-05-29 17:11:34"
"2021-11-21 06:00:00","W","5.807","5.810","5.804","24.000","2023-05-29 17:11:37"
"2021-11-21 06:00:00","D","3.682","4.478","3.061","24.000","2023-05-29 17:11:34"
"2021-11-21 12:00:00","W","5.805","5.810","5.802","24.000","2023-05-29 17:11:37"
"2021-11-21 12:00:00","D","2.994","3.702","2.437","24.000","2023-05-29 17:11:34"
"2021-11-21 18:00:00","W","5.813","5.815","5.808","24.000","2023-05-29 17:11:37"
"2021-11-21 18:00:00","D","4.877","5.642","3.890","24.000","2023-05-29 17:11:34"
"2021-11-22 00:00:00","W","5.809","5.813","5.807","24.000","2023-05-29 17:11:37"
"2021-11-22 00:00:00","D","4.614","4.676","4.513","24.000","2023-05-29 17:11:34"
"2021-11-22 06:00:00","W","5.811","5.815","5.805","24.000","2023-05-29 17:11:37"
"2021-11-22 06:00:00","D","3.908","4.570","3.173","24.000","2023-05-29 17:11:34"
"2021-11-22 12:00:00","W","5.810","5.817","5.804","24.000","2023-05-29 17:11:37"
"2021-11-22 12:00:00","D","3.594","5.242","2.803","24.000","2023-05-29 17:11:34"
"2021-11-22 18:00:00","W","5.811","5.814","5.808","24.000","2023-05-29 17:11:37"
"2021-11-22 18:00:00","D","4.513","4.969","4.174","24.000","2023-05-29 17:11:34"
"2021-11-23 00:00:00","W","5.813","5.818","5.808","24.000","2023-05-29 17:11:37"
"2021-11-23 00:00:00","D","4.542","5.098","3.875","24.000","2023-05-29 17:11:34"
"2021-11-23 06:00:00","W","5.810","5.815","5.805","24.000","2023-05-29 17:11:37"
"2021-11-23 06:00:00","D","3.874","4.913","2.937","24.000","2023-05-29 17:11:34"
"2021-11-23 12:00:00","W","5.811","5.818","5.807","24.000","2023-05-29 17:11:37"
"2021-11-23 12:00:00","D","3.455","5.151","2.838","24.000","2023-05-29 17:11:34"
"2021-11-23 18:00:00","W","5.812","5.817","5.808","24.000","2023-05-29 17:11:37"
"2021-11-23 18:00:00","D","4.443","5.181","3.998","24.000","2023-05-29 17:11:34"
"2021-11-24 00:00:00","W","5.814","5.818","5.808","24.000","2023-05-29 17:11:37"
"2021-11-24 00:00:00","D","4.458","4.987","4.008","24.000","2023-05-29 17:11:34"
"2021-11-24 06:00:00","W","5.810","5.815","5.807","24.000","2023-05-29 17:11:37"
"2021-11-24 06:00:00","D","4.108","5.012","3.373","24.000","2023-05-29 17:11:34"
"2021-11-24 12:00:00","W","5.810","5.817","5.804","24.000","2023-05-29 17:11:37"
"2021-11-24 12:00:00","D","3.683","5.060","2.966","24.000","2023-05-29 17:11:34"
"2021-11-24 18:00:00","W","5.813","5.818","5.808","24.000","2023-05-29 17:11:37"
"2021-11-24 18:00:00","D","4.571","5.120","3.968","24.000","2023-05-29 17:11:34"
"2021-11-25 00:00:00","W","5.814","5.818","5.808","24.000","2023-05-29 17:11:37"
"2021-11-25 00:00:00","D","4.651","5.177","4.058","24.000","2023-05-29 17:11:34"
"2021-11-25 06:00:00","W","5.810","5.815","5.805","24.000","2023-05-29 17:11:37"
"2021-11-25 06:00:00","D","3.972","5.017","3.054","24.000","2023-05-29 17:11:34"
"2021-11-25 12:00:00","W","5.809","5.815","5.803","24.000","2023-05-29 17:11:37"
"2021-11-25 12:00:00","D","3.388","4.966","2.698","24.000","2023-05-29 17:11:34"
"2021-11-25 18:00:00","W","5.812","5.817","5.807","24.000","2023-05-29 17:11:37"
"2021-11-25 18:00:00","D","4.450","5.158","3.930","24.000","2023-05-29 17:11:34"
"2021-11-26 00:00:00","W","5.812","5.816","5.806","24.000","2023-05-29 17:11:37"
"2021-11-26 00:00:00","D","4.463","4.827","3.748","24.000","2023-05-29 17:11:34"
"2021-11-26 06:00:00","W","5.809","5.813","5.804","24.000","2023-05-29 17:11:37"
"2021-11-26 06:00:00","D","3.798","4.683","2.826","24.000","2023-05-29 17:11:34"
"2021-11-26 12:00:00","W","5.811","5.817","5.806","24.000","2023-05-29 17:11:37"
"2021-11-26 12:00:00","D","3.392","4.948","2.695","24.000","2023-05-29 17:11:34"
"2021-11-26 18:00:00","W","5.812","5.817","5.808","24.000","2023-05-29 17:11:37"
"2021-11-26 18:00:00","D","4.484","4.807","3.819","24.000","2023-05-29 17:11:34"
"2021-11-27 00:00:00","W","5.814","5.817","5.808","24.000","2023-05-29 17:11:37"
"2021-11-27 00:00:00","D","4.628","5.074","4.120","24.000","2023-05-29 17:11:34"
"2021-11-27 06:00:00","W","5.814","5.820","5.809","24.000","2023-05-29 17:11:37"
"2021-11-27 06:00:00","D","4.757","6.304","4.208","24.000","2023-05-29 17:11:34"
"2021-11-27 12:00:00","W","5.815","5.822","5.809","24.000","2023-05-29 17:11:37"
"2021-11-27 12:00:00","D","5.477","6.750","4.429","24.000","2023-05-29 17:11:34"
"2021-11-27 18:00:00","W","5.816","5.818","5.811","24.000","2023-05-29 17:11:37"
"2021-11-27 18:00:00","D","5.496","6.039","4.912","24.000","2023-05-29 17:11:34"
"2021-11-28 00:00:00","W","5.813","5.816","5.809","24.000","2023-05-29 17:11:37"
"2021-11-28 00:00:00","D","4.993","5.367","4.665","24.000","2023-05-29 17:11:34"
"2021-11-28 06:00:00","W","5.807","5.809","5.804","24.000","2023-05-29 17:11:37"
"2021-11-28 06:00:00","D","4.045","4.765","3.297","24.000","2023-05-29 17:11:34"
"2021-11-28 12:00:00","W","5.808","5.816","5.803","24.000","2023-05-29 17:11:37"
"2021-11-28 12:00:00","D","3.210","4.511","2.475","24.000","2023-05-29 17:11:34"
"2021-11-28 18:00:00","W","5.814","5.819","5.809","24.000","2023-05-29 17:11:37"
"2021-11-28 18:00:00","D","5.179","5.875","4.413","24.000","2023-05-29 17:11:34"
"2021-11-29 00:00:00","W","5.811","5.817","5.807","24.000","2023-05-29 17:11:37"
"2021-11-29 00:00:00","D","4.805","5.274","4.449","24.000","2023-05-29 17:11:34"
"2021-11-29 06:00:00","W","5.808","5.811","5.804","24.000","2023-05-29 17:11:37"
"2021-11-29 06:00:00","D","3.813","4.611","2.875","24.000","2023-05-29 17:11:34"
"2021-11-29 12:00:00","W","5.808","5.814","5.801","24.000","2023-05-29 17:11:37"
"2021-11-29 12:00:00","D","3.542","4.824","2.390","24.000","2023-05-29 17:11:34"
"2021-11-29 18:00:00","W","5.811","5.815","5.807","24.000","2023-05-29 17:11:37"
"2021-11-29 18:00:00","D","4.700","5.314","4.164","24.000","2023-05-29 17:11:34"
"2021-11-30 00:00:00","W","5.813","5.816","5.810","24.000","2023-05-29 17:11:37"
"2021-11-30 00:00:00","D","4.891","5.259","4.234","24.000","2023-05-29 17:11:34"
"2021-11-30 06:00:00","W","5.671","5.809","5.555","24.000","2023-05-29 17:11:37"
"2021-11-30 06:00:00","D","5.069","6.789","1.980","24.000","2023-05-29 17:11:34"
"2021-11-30 12:00:00","W","5.709","5.799","5.618","24.000","2023-05-29 17:11:37"
"2021-11-30 12:00:00","D","2.538","4.826","1.967","24.000","2023-05-29 17:11:34"
"2021-11-30 18:00:00","W","5.810","5.814","5.807","24.000","2023-05-29 17:11:37"
"2021-11-30 18:00:00","D","4.510","4.985","3.917","24.000","2023-05-29 17:11:34"
"2021-12-01 00:00:00","W","5.813","5.817","5.808","24.000","2023-05-29 17:11:37"
"2021-12-01 00:00:00","D","5.062","5.572","4.050","24.000","2023-05-29 17:11:34"
"2021-12-01 06:00:00","W","5.810","5.814","5.805","24.000","2023-05-29 17:11:37"
"2021-12-01 06:00:00","D","4.212","5.565","3.550","24.000","2023-05-29 17:11:34"
"2021-12-01 12:00:00","W","5.807","5.815","5.802","24.000","2023-05-29 17:11:37"
"2021-12-01 12:00:00","D","3.819","5.135","3.042","24.000","2023-05-29 17:11:34"
"2021-12-01 18:00:00","W","5.811","5.816","5.808","24.000","2023-05-29 17:11:37"
"2021-12-01 18:00:00","D","4.772","5.098","4.304","24.000","2023-05-29 17:11:34"
"2021-12-02 00:00:00","W","5.811","5.816","5.805","24.000","2023-05-29 17:11:37"
"2021-12-02 00:00:00","D","5.150","5.694","4.644","24.000","2023-05-29 17:11:34"
"2021-12-02 06:00:00","W","5.808","5.810","5.804","24.000","2023-05-29 17:11:37"
"2021-12-02 06:00:00","D","4.332","5.596","3.551","24.000","2023-05-29 17:11:34"
"2021-12-02 12:00:00","W","5.807","5.815","5.803","24.000","2023-05-29 17:11:37"
"2021-12-02 12:00:00","D","3.755","5.083","3.081","24.000","2023-05-29 17:11:34"
"2021-12-02 18:00:00","W","5.812","5.817","5.808","24.000","2023-05-29 17:11:37"
"2021-12-02 18:00:00","D","4.777","5.581","4.340","24.000","2023-05-29 17:11:34"
"2021-12-03 00:00:00","W","5.811","5.816","5.807","24.000","2023-05-29 17:11:37"
"2021-12-03 00:00:00","D","5.025","5.468","4.510","24.000","2023-05-29 17:11:34"
"2021-12-03 06:00:00","W","5.807","5.811","5.805","24.000","2023-05-29 17:11:37"
"2021-12-03 06:00:00","D","4.085","4.937","3.429","24.000","2023-05-29 17:11:34"
"2021-12-03 12:00:00","W","5.808","5.815","5.803","24.000","2023-05-29 17:11:37"
"2021-12-03 12:00:00","D","3.737","5.591","2.918","24.000","2023-05-29 17:11:34"
"2021-12-03 18:00:00","W","5.812","5.816","5.808","24.000","2023-05-29 17:11:37"
"2021-12-03 18:00:00","D","4.974","5.560","4.425","24.000","2023-05-29 17:11:34"
"2021-12-04 00:00:00","W","5.812","5.816","5.808","24.000","2023-05-29 17:11:37"
"2021-12-04 00:00:00","D","5.165","5.968","4.549","24.000","2023-05-29 17:11:34"
"2021-12-04 06:00:00","W","5.808","5.815","5.804","24.000","2023-05-29 17:11:37"
"2021-12-04 06:00:00","D","4.419","5.641","3.308","24.000","2023-05-29 17:11:34"
"2021-12-04 12:00:00","W","5.811","5.817","5.805","24.000","2023-05-29 17:11:37"
"2021-12-04 12:00:00","D","4.538","6.305","3.435","24.000","2023-05-29 17:11:34"
"2021-12-04 18:00:00","W","5.814","5.818","5.809","24.000","2023-05-29 17:11:37"
"2021-12-04 18:00:00","D","5.802","6.336","5.279","24.000","2023-05-29 17:11:34"
"2021-12-05 00:00:00","W","5.812","5.815","5.808","24.000","2023-05-29 17:11:37"
"2021-12-05 00:00:00","D","4.804","5.314","4.577","24.000","2023-05-29 17:11:34"
"2021-12-05 06:00:00","W","5.811","5.815","5.806","24.000","2023-05-29 17:11:37"
"2021-12-05 06:00:00","D","4.635","5.093","4.321","24.000","2023-05-29 17:11:34"
"2021-12-05 12:00:00","W","5.809","5.814","5.805","24.000","2023-05-29 17:11:37"
"2021-12-05 12:00:00","D","4.358","5.430","3.663","24.000","2023-05-29 17:11:34"
"2021-12-05 18:00:00","W","5.815","5.819","5.809","24.000","2023-05-29 17:11:37"
"2021-12-05 18:00:00","D","6.120","6.705","5.154","24.000","2023-05-29 17:11:34"
"2021-12-06 00:00:00","W","5.812","5.817","5.808","24.000","2023-05-29 17:11:37"
"2021-12-06 00:00:00","D","5.563","6.143","5.123","24.000","2023-05-29 17:11:34"
"2021-12-06 06:00:00","W","5.808","5.811","5.804","24.000","2023-05-29 17:11:37"
"2021-12-06 06:00:00","D","4.562","5.720","3.622","24.000","2023-05-29 17:11:34"
"2021-12-06 12:00:00","W","5.809","5.816","5.805","24.000","2023-05-29 17:11:37"
"2021-12-06 12:00:00","D","4.160","5.497","3.383","24.000","2023-05-29 17:11:34"
"2021-12-06 18:00:00","W","5.818","5.826","5.813","24.000","2023-05-29 17:11:37"
"2021-12-06 18:00:00","D","7.321","8.575","5.946","24.000","2023-05-29 17:11:34"
"2021-12-07 00:00:00","W","5.814","5.819","5.811","24.000","2023-05-29 17:11:37"
"2021-12-07 00:00:00","D","6.824","7.785","6.346","24.000","2023-05-29 17:11:34"
"2021-12-07 06:00:00","W","5.811","5.817","5.807","24.000","2023-05-29 17:11:37"
"2021-12-07 06:00:00","D","5.512","6.488","4.681","24.000","2023-05-29 17:11:34"
"2021-12-07 12:00:00","W","5.811","5.818","5.805","24.000","2023-05-29 17:11:37"
"2021-12-07 12:00:00","D","4.963","6.481","4.111","24.000","2023-05-29 17:11:34"
"2021-12-07 18:00:00","W","5.819","5.837","5.812","24.000","2023-05-29 17:11:37"
"2021-12-07 18:00:00","D","7.084","11.113","5.584","24.000","2023-05-29 17:11:34"
"2021-12-08 00:00:00","W","5.840","5.861","5.826","24.000","2023-05-29 17:11:37"
"2021-12-08 00:00:00","D","13.741","17.699","10.024","24.000","2023-05-29 17:11:34"
"2021-12-08 06:00:00","W","5.822","5.828","5.816","24.000","2023-05-29 17:11:37"
"2021-12-08 06:00:00","D","8.474","10.055","7.100","24.000","2023-05-29 17:11:34"
"2021-12-08 12:00:00","W","5.817","5.823","5.813","24.000","2023-05-29 17:11:37"
"2021-12-08 12:00:00","D","7.016","7.784","6.490","24.000","2023-05-29 17:11:34"
"2021-12-08 18:00:00","W","5.818","5.824","5.815","24.000","2023-05-29 17:11:37"
"2021-12-08 18:00:00","D","7.346","7.936","6.951","24.000","2023-05-29 17:11:34"
"2021-12-09 00:00:00","W","5.820","5.823","5.816","24.000","2023-05-29 17:11:37"
"2021-12-09 00:00:00","D","7.153","7.446","6.805","24.000","2023-05-29 17:11:34"
"2021-12-09 06:00:00","W","5.813","5.821","5.809","24.000","2023-05-29 17:11:37"
"2021-12-09 06:00:00","D","6.235","7.384","4.975","24.000","2023-05-29 17:11:34"
"2021-12-09 12:00:00","W","5.814","5.820","5.807","24.000","2023-05-29 17:11:37"
"2021-12-09 12:00:00","D","5.403","6.552","4.483","24.000","2023-05-29 17:11:34"
"2021-12-09 18:00:00","W","5.815","5.819","5.810","24.000","2023-05-29 17:11:37"
"2021-12-09 18:00:00","D","5.985","6.503","5.466","24.000","2023-05-29 17:11:34"
"2021-12-10 00:00:00","W","5.816","5.823","5.811","24.000","2023-05-29 17:11:37"
"2021-12-10 00:00:00","D","6.223","7.982","5.191","24.000","2023-05-29 17:11:34"
"2021-12-10 06:00:00","W","5.819","5.825","5.816","24.000","2023-05-29 17:11:37"
"2021-12-10 06:00:00","D","7.686","8.449","7.265","24.000","2023-05-29 17:11:34"
"2021-12-10 12:00:00","W","5.817","5.825","5.813","24.000","2023-05-29 17:11:37"
"2021-12-10 12:00:00","D","7.300","8.672","6.537","24.000","2023-05-29 17:11:34"
"2021-12-10 18:00:00","W","5.817","5.823","5.813","24.000","2023-05-29 17:11:37"
"2021-12-10 18:00:00","D","6.912","7.711","6.486","24.000","2023-05-29 17:11:34"
"2021-12-11 00:00:00","W","5.816","5.821","5.813","24.000","2023-05-29 17:11:37"
"2021-12-11 00:00:00","D","6.671","6.990","6.455","24.000","2023-05-29 17:11:34"
"2021-12-11 06:00:00","W","5.813","5.817","5.807","24.000","2023-05-29 17:11:37"
"2021-12-11 06:00:00","D","5.978","6.782","5.074","24.000","2023-05-29 17:11:34"
"2021-12-11 12:00:00","W","5.813","5.819","5.809","24.000","2023-05-29 17:11:37"
"2021-12-11 12:00:00","D","5.204","6.584","4.776","24.000","2023-05-29 17:11:34"
"2021-12-11 18:00:00","W","5.817","5.821","5.814","24.000","2023-05-29 17:11:37"
"2021-12-11 18:00:00","D","6.988","7.672","6.353","24.000","2023-05-29 17:11:34"
"2021-12-12 00:00:00","W","5.821","5.828","5.814","24.000","2023-05-29 17:11:37"
"2021-12-12 00:00:00","D","8.517","9.870","7.196","24.000","2023-05-29 17:11:34"
"2021-12-12 06:00:00","W","5.813","5.820","5.809","24.000","2023-05-29 17:11:37"
"2021-12-12 06:00:00","D","6.367","7.947","5.414","24.000","2023-05-29 17:11:34"
"2021-12-12 12:00:00","W","5.812","5.818","5.808","24.000","2023-05-29 17:11:37"
"2021-12-12 12:00:00","D","5.399","6.195","4.933","24.000","2023-05-29 17:11:34"
"2021-12-12 18:00:00","W","5.817","5.822","5.814","24.000","2023-05-29 17:11:37"
"2021-12-12 18:00:00","D","7.234","7.950","6.700","24.000","2023-05-29 17:11:34"
"2021-12-13 00:00:00","W","5.815","5.820","5.811","24.000","2023-05-29 17:11:37"
"2021-12-13 00:00:00","D","6.740","7.184","6.310","24.000","2023-05-29 17:11:34"
"2021-12-13 06:00:00","W","5.813","5.816","5.807","24.000","2023-05-29 17:11:37"
"2021-12-13 06:00:00","D","5.799","6.586","5.034","24.000","2023-05-29 17:11:34"
"2021-12-13 12:00:00","W","5.812","5.817","5.806","24.000","2023-05-29 17:11:37"
"2021-12-13 12:00:00","D","5.313","6.844","4.497","24.000","2023-05-29 17:11:34"
"2021-12-13 18:00:00","W","5.814","5.818","5.809","24.000","2023-05-29 17:11:37"
"2021-12-13 18:00:00","D","6.319","6.898","5.790","24.000","2023-05-29 17:11:34"
"2021-12-14 00:00:00","W","5.815","5.818","5.810","24.000","2023-05-29 17:11:37"
"2021-12-14 00:00:00","D","6.383","6.614","5.856","24.000","2023-05-29 17:11:34"
"2021-12-14 06:00:00","W","5.810","5.817","5.804","24.000","2023-05-29 17:11:37"
"2021-12-14 06:00:00","D","5.596","6.680","4.583","24.000","2023-05-29 17:11:34"
"2021-12-14 12:00:00","W","5.810","5.817","5.804","24.000","2023-05-29 17:11:37"
"2021-12-14 12:00:00","D","4.771","6.427","3.918","24.000","2023-05-29 17:11:34"
"2021-12-14 18:00:00","W","5.812","5.818","5.808","24.000","2023-05-29 17:11:37"
"2021-12-14 18:00:00","D","5.829","6.272","5.192","24.000","2023-05-29 17:11:34"
"2021-12-15 00:00:00","W","5.812","5.817","5.808","24.000","2023-05-29 17:11:37"
"2021-12-15 00:00:00","D","5.930","6.556","5.115","24.000","2023-05-29 17:11:34"
"2021-12-15 06:00:00","W","5.808","5.812","5.804","24.000","2023-05-29 17:11:37"
"2021-12-15 06:00:00","D","5.109","6.313","4.173","24.000","2023-05-29 17:11:34"
"2021-12-15 12:00:00","W","5.808","5.814","5.803","24.000","2023-05-29 17:11:37"
"2021-12-15 12:00:00","D","4.311","5.681","3.436","24.000","2023-05-29 17:11:34"
"2021-12-15 18:00:00","W","5.809","5.814","5.805","24.000","2023-05-29 17:11:37"
"2021-12-15 18:00:00","D","5.174","5.948","4.623","24.000","2023-05-29 17:11:34"
"2021-12-16 00:00:00","W","5.809","5.813","5.804","24.000","2023-05-29 17:11:37"
"2021-12-16 00:00:00","D","5.309","5.723","4.975","24.000","2023-05-29 17:11:34"
"2021-12-16 06:00:00","W","5.804","5.807","5.801","24.000","2023-05-29 17:11:37"
"2021-12-16 06:00:00","D","4.699","5.671","3.606","24.000","2023-05-29 17:11:34"
"2021-12-16 12:00:00","W","5.805","5.812","5.799","24.000","2023-05-29 17:11:37"
"2021-12-16 12:00:00","D","3.889","5.127","3.021","24.000","2023-05-29 17:11:34"
"2021-12-16 18:00:00","W","5.809","5.813","5.804","24.000","2023-05-29 17:11:37"
"2021-12-16 18:00:00","D","5.098","6.019","4.637","24.000","2023-05-29 17:11:34"
"2021-12-17 00:00:00","W","5.809","5.815","5.803","24.000","2023-05-29 17:11:37"
"2021-12-17 00:00:00","D","5.436","6.253","4.925","24.000","2023-05-29 17:11:34"
"2021-12-17 06:00:00","W","5.805","5.809","5.800","24.000","2023-05-29 17:11:37"
"2021-12-17 06:00:00","D","4.483","5.162","3.783","24.000","2023-05-29 17:11:34"
"2021-12-17 12:00:00","W","5.805","5.811","5.800","24.000","2023-05-29 17:11:37"
"2021-12-17 12:00:00","D","3.782","5.515","3.161","24.000","2023-05-29 17:11:34"
"2021-12-17 18:00:00","W","5.807","5.812","5.804","24.000","2023-05-29 17:11:37"
"2021-12-17 18:00:00","D","4.950","5.749","4.299","24.000","2023-05-29 17:11:34"
"2021-12-18 00:00:00","W","5.807","5.811","5.803","24.000","2023-05-29 17:11:37"
"2021-12-18 00:00:00","D","4.895","5.264","4.617","24.000","2023-05-29 17:11:34"
"2021-12-18 06:00:00","W","5.806","5.810","5.801","24.000","2023-05-29 17:11:37"
"2021-12-18 06:00:00","D","4.288","4.748","3.573","24.000","2023-05-29 17:11:34"
"2021-12-18 12:00:00","W","5.804","5.808","5.799","24.000","2023-05-29 17:11:37"
"2021-12-18 12:00:00","D","3.596","4.552","3.004","24.000","2023-05-29 17:11:34"
"2021-12-18 18:00:00","W","5.809","5.812","5.804","24.000","2023-05-29 17:11:37"
"2021-12-18 18:00:00","D","5.210","5.922","4.488","24.000","2023-05-29 17:11:34"
"2021-12-19 00:00:00","W","5.806","5.810","5.801","24.000","2023-05-29 17:11:37"
"2021-12-19 00:00:00","D","4.950","5.141","4.799","24.000","2023-05-29 17:11:34"
"2021-12-19 06:00:00","W","5.801","5.802","5.799","24.000","2023-05-29 17:11:37"
"2021-12-19 06:00:00","D","4.272","4.834","3.650","24.000","2023-05-29 17:11:34"
"2021-12-19 12:00:00","W","5.801","5.808","5.797","24.000","2023-05-29 17:11:37"
"2021-12-19 12:00:00","D","3.524","4.560","3.085","24.000","2023-05-29 17:11:34"
"2021-12-19 18:00:00","W","5.807","5.812","5.804","24.000","2023-05-29 17:11:37"
"2021-12-19 18:00:00","D","5.357","6.146","4.454","24.000","2023-05-29 17:11:34"
"2021-12-20 00:00:00","W","5.805","5.810","5.802","24.000","2023-05-29 17:11:37"
"2021-12-20 00:00:00","D","5.039","5.512","4.212","24.000","2023-05-29 17:11:34"
"2021-12-20 06:00:00","W","5.804","5.810","5.799","24.000","2023-05-29 17:11:37"
"2021-12-20 06:00:00","D","4.359","4.898","3.686","24.000","2023-05-29 17:11:34"
"2021-12-20 12:00:00","W","5.802","5.810","5.799","24.000","2023-05-29 17:11:37"
"2021-12-20 12:00:00","D","3.904","5.159","3.445","24.000","2023-05-29 17:11:34"
"2021-12-20 18:00:00","W","5.807","5.813","5.804","24.000","2023-05-29 17:11:37"
"2021-12-20 18:00:00","D","5.420","5.981","5.118","24.000","2023-05-29 17:11:34"
"2021-12-21 00:00:00","W","5.808","5.811","5.803","24.000","2023-05-29 17:11:37"
"2021-12-21 00:00:00","D","5.359","5.533","5.093","24.000","2023-05-29 17:11:34"
"2021-12-21 06:00:00","W","5.804","5.809","5.799","24.000","2023-05-29 17:11:37"
"2021-12-21 06:00:00","D","4.726","5.395","3.825","24.000","2023-05-29 17:11:34"
"2021-12-21 12:00:00","W","5.804","5.808","5.799","24.000","2023-05-29 17:11:37"
"2021-12-21 12:00:00","D","3.885","4.913","3.288","24.000","2023-05-29 17:11:34"
"2021-12-21 18:00:00","W","5.807","5.810","5.803","24.000","2023-05-29 17:11:37"
"2021-12-21 18:00:00","D","5.145","5.484","4.453","24.000","2023-05-29 17:11:34"
"2021-12-22 00:00:00","W","5.807","5.811","5.803","24.000","2023-05-29 17:11:37"
"2021-12-22 00:00:00","D","5.167","5.485","4.725","24.000","2023-05-29 17:11:34"
"2021-12-22 06:00:00","W","5.803","5.810","5.800","24.000","2023-05-29 17:11:37"
"2021-12-22 06:00:00","D","4.513","5.181","3.751","24.000","2023-05-29 17:11:34"
"2021-12-22 12:00:00","W","5.802","5.809","5.799","24.000","2023-05-29 17:11:37"
"2021-12-22 12:00:00","D","3.803","5.012","2.928","24.000","2023-05-29 17:11:34"
"2021-12-22 18:00:00","W","5.808","5.813","5.803","24.000","2023-05-29 17:11:37"
"2021-12-22 18:00:00","D","5.212","5.893","4.602","24.000","2023-05-29 17:11:34"
"2021-12-23 00:00:00","W","5.810","5.811","5.808","24.000","2023-05-29 17:11:37"
"2021-12-23 00:00:00","D","4.992","5.234","4.627","24.000","2023-05-29 17:11:34"
"2021-12-23 06:00:00","W","5.805","5.809","5.800","24.000","2023-05-29 17:11:37"
"2021-12-23 06:00:00","D","4.249","5.033","3.211","24.000","2023-05-29 17:11:34"
"2021-12-23 12:00:00","W","5.802","5.808","5.798","24.000","2023-05-29 17:11:37"
"2021-12-23 12:00:00","D","3.594","4.714","2.708","24.000","2023-05-29 17:11:34"
"2021-12-23 18:00:00","W","5.808","5.814","5.804","24.000","2023-05-29 17:11:37"
"2021-12-23 18:00:00","D","5.308","8.493","4.262","24.000","2023-05-29 17:11:34"
"2021-12-24 00:00:00","W","5.807","5.810","5.802","24.000","2023-05-29 17:11:37"
"2021-12-24 00:00:00","D","5.106","5.320","4.672","24.000","2023-05-29 17:11:34"
"2021-12-24 06:00:00","W","5.803","5.805","5.800","24.000","2023-05-29 17:11:37"
"2021-12-24 06:00:00","D","4.343","5.174","3.618","24.000","2023-05-29 17:11:34"
"2021-12-24 12:00:00","W","5.803","5.808","5.798","24.000","2023-05-29 17:11:37"
"2021-12-24 12:00:00","D","3.381","4.332","2.999","24.000","2023-05-29 17:11:34"
"2021-12-24 18:00:00","W","5.809","5.811","5.803","24.000","2023-05-29 17:11:37"
"2021-12-24 18:00:00","D","5.154","5.645","4.763","24.000","2023-05-29 17:11:34"
"2021-12-25 00:00:00","W","5.860","5.917","5.813","24.000","2023-05-29 17:11:37"
"2021-12-25 00:00:00","D","17.093","28.815","5.510","24.000","2023-05-29 17:11:34"
"2021-12-25 06:00:00","W","5.919","5.960","5.868","24.000","2023-05-29 17:11:37"
"2021-12-25 06:00:00","D","29.826","35.546","22.383","24.000","2023-05-29 17:11:34"
"2021-12-25 12:00:00","W","5.841","5.864","5.830","24.000","2023-05-29 17:11:37"
"2021-12-25 12:00:00","D","16.075","21.840","13.677","24.000","2023-05-29 17:11:34"
"2021-12-25 18:00:00","W","5.828","5.833","5.822","24.000","2023-05-29 17:11:37"
"2021-12-25 18:00:00","D","12.729","14.120","11.210","24.000","2023-05-29 17:11:34"
"2021-12-26 00:00:00","W","5.822","5.828","5.814","24.000","2023-05-29 17:11:37"
"2021-12-26 00:00:00","D","10.784","11.531","9.585","24.000","2023-05-29 17:11:34"
"2021-12-26 06:00:00","W","5.828","5.859","5.814","24.000","2023-05-29 17:11:37"
"2021-12-26 06:00:00","D","12.023","19.709","9.301","24.000","2023-05-29 17:11:34"
"2021-12-26 12:00:00","W","5.906","5.993","5.843","24.000","2023-05-29 17:11:37"
"2021-12-26 12:00:00","D","26.814","40.111","16.533","24.000","2023-05-29 17:11:34"
"2021-12-26 18:00:00","W","5.937","5.983","5.893","24.000","2023-05-29 17:11:37"
"2021-12-26 18:00:00","D","33.176","41.969","26.117","24.000","2023-05-29 17:11:34"
"2021-12-27 00:00:00","W","5.867","5.891","5.855","24.000","2023-05-29 17:11:37"
"2021-12-27 00:00:00","D","21.480","25.257","19.001","24.000","2023-05-29 17:11:34"
"2021-12-27 06:00:00","W","5.846","5.856","5.841","24.000","2023-05-29 17:11:37"
"2021-12-27 06:00:00","D","17.156","18.756","16.269","24.000","2023-05-29 17:11:34"
"2021-12-27 12:00:00","W","5.839","5.847","5.833","24.000","2023-05-29 17:11:37"
"2021-12-27 12:00:00","D","14.832","16.063","13.628","24.000","2023-05-29 17:11:34"
"2021-12-27 18:00:00","W","5.848","5.856","5.841","24.000","2023-05-29 17:11:37"
"2021-12-27 18:00:00","D","16.866","18.770","14.974","24.000","2023-05-29 17:11:34"
"2021-12-28 00:00:00","W","5.838","5.843","5.834","24.000","2023-05-29 17:11:37"
"2021-12-28 00:00:00","D","14.458","15.802","13.521","24.000","2023-05-29 17:11:34"
"2021-12-28 06:00:00","W","5.834","5.840","5.825","24.000","2023-05-29 17:11:37"
"2021-12-28 06:00:00","D","13.913","14.431","12.464","24.000","2023-05-29 17:11:34"
"2021-12-28 12:00:00","W","5.829","5.834","5.824","24.000","2023-05-29 17:11:37"
"2021-12-28 12:00:00","D","11.812","13.095","10.935","24.000","2023-05-29 17:11:34"
"2021-12-28 18:00:00","W","5.828","5.833","5.825","24.000","2023-05-29 17:11:37"
"2021-12-28 18:00:00","D","12.007","12.769","11.230","24.000","2023-05-29 17:11:34"
"2021-12-29 00:00:00","W","5.823","5.826","5.818","24.000","2023-05-29 17:11:37"
"2021-12-29 00:00:00","D","10.834","11.750","10.032","24.000","2023-05-29 17:11:34"
"2021-12-29 06:00:00","W","5.817","5.819","5.815","24.000","2023-05-29 17:11:37"
"2021-12-29 06:00:00","D","9.521","10.077","9.140","24.000","2023-05-29 17:11:34"
"2021-12-29 12:00:00","W","5.818","5.823","5.814","24.000","2023-05-29 17:11:37"
"2021-12-29 12:00:00","D","8.600","9.177","8.199","24.000","2023-05-29 17:11:34"
"2021-12-29 18:00:00","W","5.821","5.826","5.815","24.000","2023-05-29 17:11:37"
"2021-12-29 18:00:00","D","9.616","10.486","8.581","24.000","2023-05-29 17:11:34"
"2021-12-30 00:00:00","W","5.815","5.820","5.813","24.000","2023-05-29 17:11:37"
"2021-12-30 00:00:00","D","8.506","8.888","8.099","24.000","2023-05-29 17:11:34"
"2021-12-30 06:00:00","W","5.812","5.815","5.808","24.000","2023-05-29 17:11:37"
"2021-12-30 06:00:00","D","7.592","8.447","6.548","24.000","2023-05-29 17:11:34"
"2021-12-30 12:00:00","W","5.810","5.814","5.805","24.000","2023-05-29 17:11:37"
"2021-12-30 12:00:00","D","6.456","7.687","5.825","24.000","2023-05-29 17:11:34"
"2021-12-30 18:00:00","W","5.815","5.820","5.811","24.000","2023-05-29 17:11:37"
"2021-12-30 18:00:00","D","7.726","8.195","7.138","24.000","2023-05-29 17:11:34"
"2021-12-31 00:00:00","W","5.813","5.818","5.809","24.000","2023-05-29 17:11:37"
"2021-12-31 00:00:00","D","7.283","7.679","6.973","24.000","2023-05-29 17:11:34"
"2021-12-31 06:00:00","W","5.811","5.818","5.806","24.000","2023-05-29 17:11:37"
"2021-12-31 06:00:00","D","6.677","7.371","5.803","24.000","2023-05-29 17:11:34"
"2021-12-31 12:00:00","W","5.813","5.827","5.805","24.000","2023-05-29 17:11:37"
"2021-12-31 12:00:00","D","6.869","10.362","5.363","24.000","2023-05-29 17:11:34"
"2021-12-31 18:00:00","W","5.817","5.822","5.814","24.000","2023-05-29 17:11:37"
"2021-12-31 18:00:00","D","9.235","10.546","8.609","24.000","2023-05-29 17:11:34"
"2022-01-01 00:00:00","W","5.815","5.821","5.810","23.000","2023-05-29 17:11:37"
"2022-01-01 00:00:00","D","8.001","8.628","7.400","23.000","2023-05-29 17:11:34"