"UTC0 datetime","Variable","Value","Max Value","Min Value","%Coverage","Updated at"
"2020-01-01 00:00:00","W","0.253","0.254","0.253","6.000","2021-06-01 22:22:52"
"2020-01-01 00:00:00","D","0.877","0.883","0.874","6.000","2021-06-01 22:22:52"
"2020-01-01 06:00:00","W","0.253","0.254","0.252","6.000","2021-06-01 22:22:52"
"2020-01-01 06:00:00","D","0.873","0.884","0.862","6.000","2021-06-01 22:22:52"
"2020-01-01 12:00:00","W","0.254","0.254","0.253","6.000","2021-06-01 22:22:52"
"2020-01-01 12:00:00","D","0.876","0.882","0.866","6.000","2021-06-01 22:22:52"
"2020-01-01 18:00:00","W","0.255","0.258","0.253","6.000","2021-06-01 22:22:52"
"2020-01-01 18:00:00","D","0.894","0.930","0.872","6.000","2021-06-01 22:22:52"
"2020-01-02 00:00:00","W","0.254","0.254","0.253","6.000","2021-06-01 22:22:52"
"2020-01-02 00:00:00","D","0.879","0.889","0.873","6.000","2021-06-01 22:22:52"
"2020-01-02 06:00:00","W","0.254","0.254","0.253","6.000","2021-06-01 22:22:52"
"2020-01-02 06:00:00","D","0.879","0.884","0.873","6.000","2021-06-01 22:22:52"
"2020-01-02 12:00:00","W","0.253","0.254","0.253","6.000","2021-06-01 22:22:52"
"2020-01-02 12:00:00","D","0.876","0.877","0.875","6.000","2021-06-01 22:22:52"
"2020-01-02 18:00:00","W","0.255","0.257","0.253","6.000","2021-06-01 22:22:52"
"2020-01-02 18:00:00","D","0.893","0.919","0.876","6.000","2021-06-01 22:22:52"
"2020-01-03 00:00:00","W","0.253","0.254","0.253","6.000","2021-06-01 22:22:52"
"2020-01-03 00:00:00","D","0.873","0.879","0.865","6.000","2021-06-01 22:22:52"
"2020-01-03 06:00:00","W","0.254","0.254","0.253","6.000","2021-06-01 22:22:52"
"2020-01-03 06:00:00","D","0.877","0.886","0.873","6.000","2021-06-01 22:22:52"
"2020-01-03 12:00:00","W","0.254","0.254","0.253","6.000","2021-06-01 22:22:52"
"2020-01-03 12:00:00","D","0.878","0.885","0.865","6.000","2021-06-01 22:22:52"
"2020-01-03 18:00:00","W","0.254","0.255","0.253","6.000","2021-06-01 22:22:52"
"2020-01-03 18:00:00","D","0.886","0.899","0.873","6.000","2021-06-01 22:22:52"
"2020-01-04 00:00:00","W","0.254","0.255","0.254","6.000","2021-06-01 22:22:52"
"2020-01-04 00:00:00","D","0.883","0.892","0.878","6.000","2021-06-01 22:22:52"
"2020-01-04 06:00:00","W","0.254","0.254","0.254","6.000","2021-06-01 22:22:52"
"2020-01-04 06:00:00","D","0.882","0.883","0.877","6.000","2021-06-01 22:22:52"
"2020-01-04 12:00:00","W","0.254","0.254","0.254","1.000","2021-06-01 22:22:52"
"2020-01-04 12:00:00","D","0.885","0.894","0.871","6.000","2021-06-01 22:22:52"
"2020-01-04 18:00:00","D","0.893","0.918","0.882","6.000","2021-06-01 22:22:52"
"2020-01-05 00:00:00","W","0.254","0.254","0.253","6.000","2021-06-01 22:23:23"
"2020-01-05 00:00:00","D","0.880","0.887","0.874","6.000","2021-06-01 22:22:52"
"2020-01-05 06:00:00","W","0.254","0.254","0.253","6.000","2021-06-01 22:23:23"
"2020-01-05 06:00:00","D","0.879","0.888","0.875","6.000","2021-06-01 22:22:52"
"2020-01-05 12:00:00","W","0.254","0.254","0.254","6.000","2021-06-01 22:23:23"
"2020-01-05 12:00:00","D","0.882","0.889","0.878","6.000","2021-06-01 22:22:52"
"2020-01-05 18:00:00","W","0.255","0.258","0.253","6.000","2021-06-01 22:23:23"
"2020-01-05 18:00:00","D","0.898","0.937","0.873","6.000","2021-06-01 22:22:52"
"2020-01-06 00:00:00","W","0.252","0.252","0.252","6.000","2021-06-01 22:23:23"
"2020-01-06 00:00:00","D","0.860","0.862","0.858","6.000","2021-06-01 22:22:52"
"2020-01-06 06:00:00","W","0.252","0.252","0.252","6.000","2021-06-01 22:23:23"
"2020-01-06 06:00:00","D","0.865","0.867","0.863","6.000","2021-06-01 22:22:52"
"2020-01-06 12:00:00","W","0.253","0.254","0.252","6.000","2021-06-01 22:23:23"
"2020-01-06 12:00:00","D","0.876","0.889","0.867","6.000","2021-06-01 22:22:52"
"2020-01-06 18:00:00","W","0.256","0.258","0.254","6.000","2021-06-01 22:23:23"
"2020-01-06 18:00:00","D","0.906","0.933","0.878","6.000","2021-06-01 22:22:52"
"2020-01-07 00:00:00","W","0.254","0.255","0.253","6.000","2021-06-01 22:23:23"
"2020-01-07 00:00:00","D","0.883","0.901","0.873","6.000","2021-06-01 22:22:52"
"2020-01-07 06:00:00","W","0.254","0.254","0.253","6.000","2021-06-01 22:23:23"
"2020-01-07 06:00:00","D","0.880","0.884","0.871","6.000","2021-06-01 22:22:52"
"2020-01-07 12:00:00","W","0.254","0.255","0.254","6.000","2021-06-01 22:23:23"
"2020-01-07 12:00:00","D","0.884","0.893","0.879","6.000","2021-06-01 22:22:52"
"2020-01-07 18:00:00","W","0.256","0.258","0.254","6.000","2021-06-01 22:23:23"
"2020-01-07 18:00:00","D","0.903","0.936","0.884","6.000","2021-06-01 22:22:52"
"2020-01-08 00:00:00","W","0.254","0.255","0.253","6.000","2021-06-01 22:23:23"
"2020-01-08 00:00:00","D","0.886","0.891","0.875","6.000","2021-06-01 22:22:52"
"2020-01-08 06:00:00","W","0.254","0.254","0.254","6.000","2021-06-01 22:23:23"
"2020-01-08 06:00:00","D","0.882","0.886","0.880","6.000","2021-06-01 22:22:52"
"2020-01-08 12:00:00","W","0.255","0.258","0.254","6.000","2021-06-01 22:23:23"
"2020-01-08 12:00:00","D","0.896","0.939","0.883","6.000","2021-06-01 22:22:52"
"2020-01-08 18:00:00","W","0.256","0.258","0.254","6.000","2021-06-01 22:23:23"
"2020-01-08 18:00:00","D","0.906","0.938","0.887","6.000","2021-06-01 22:22:52"
"2020-01-09 00:00:00","W","0.255","0.256","0.254","6.000","2021-06-01 22:23:23"
"2020-01-09 00:00:00","D","0.889","0.906","0.878","6.000","2021-06-01 22:22:52"
"2020-01-09 06:00:00","W","0.254","0.254","0.254","6.000","2021-06-01 22:23:23"
"2020-01-09 06:00:00","D","0.882","0.885","0.878","6.000","2021-06-01 22:22:52"
"2020-01-09 12:00:00","W","0.255","0.257","0.254","6.000","2021-06-01 22:23:23"
"2020-01-09 12:00:00","D","0.893","0.922","0.883","6.000","2021-06-01 22:22:52"
"2020-01-09 18:00:00","W","0.257","0.259","0.255","6.000","2021-06-01 22:23:23"
"2020-01-09 18:00:00","D","0.915","0.949","0.894","6.000","2021-06-01 22:22:52"
"2020-01-10 00:00:00","W","0.255","0.255","0.255","6.000","2021-06-01 22:23:23"
"2020-01-10 00:00:00","D","0.895","0.898","0.891","6.000","2021-06-01 22:22:52"
"2020-01-10 06:00:00","W","0.255","0.255","0.254","6.000","2021-06-01 22:23:23"
"2020-01-10 06:00:00","D","0.892","0.895","0.884","6.000","2021-06-01 22:22:52"
"2020-01-10 12:00:00","W","0.255","0.258","0.254","6.000","2021-06-01 22:23:23"
"2020-01-10 12:00:00","D","0.896","0.930","0.883","6.000","2021-06-01 22:22:52"
"2020-01-10 18:00:00","W","0.256","0.259","0.254","6.000","2021-06-01 22:23:23"
"2020-01-10 18:00:00","D","0.906","0.944","0.883","6.000","2021-06-01 22:22:52"
"2020-01-11 00:00:00","W","0.255","0.256","0.254","6.000","2021-06-01 22:23:23"
"2020-01-11 00:00:00","D","0.896","0.909","0.885","6.000","2021-06-01 22:22:52"
"2020-01-11 06:00:00","W","0.255","0.255","0.254","6.000","2021-06-01 22:23:23"
"2020-01-11 06:00:00","D","0.891","0.898","0.885","6.000","2021-06-01 22:22:52"
"2020-01-11 12:00:00","W","0.255","0.255","0.254","6.000","2021-06-01 22:23:23"
"2020-01-11 12:00:00","D","0.894","0.899","0.887","6.000","2021-06-01 22:22:52"
"2020-01-11 18:00:00","W","0.256","0.258","0.254","6.000","2021-06-01 22:23:23"
"2020-01-11 18:00:00","D","0.908","0.938","0.888","6.000","2021-06-01 22:22:52"
"2020-01-12 00:00:00","W","0.255","0.255","0.254","6.000","2021-06-01 22:23:23"
"2020-01-12 00:00:00","D","0.892","0.899","0.880","6.000","2021-06-01 22:22:52"
"2020-01-12 06:00:00","W","0.255","0.255","0.255","6.000","2021-06-01 22:23:23"
"2020-01-12 06:00:00","D","0.900","0.902","0.895","6.000","2021-06-01 22:22:52"
"2020-01-12 12:00:00","W","0.255","0.256","0.255","6.000","2021-06-01 22:23:23"
"2020-01-12 12:00:00","D","0.901","0.905","0.896","6.000","2021-06-01 22:22:52"
"2020-01-12 18:00:00","W","0.256","0.258","0.255","6.000","2021-06-01 22:23:23"
"2020-01-12 18:00:00","D","0.911","0.938","0.894","6.000","2021-06-01 22:22:52"
"2020-01-13 00:00:00","W","0.255","0.256","0.255","6.000","2021-06-01 22:23:23"
"2020-01-13 00:00:00","D","0.900","0.905","0.897","6.000","2021-06-01 22:22:52"
"2020-01-13 06:00:00","W","0.255","0.256","0.255","6.000","2021-06-01 22:23:23"
"2020-01-13 06:00:00","D","0.901","0.906","0.898","6.000","2021-06-01 22:22:52"
"2020-01-13 12:00:00","W","0.256","0.258","0.255","6.000","2021-06-01 22:23:23"
"2020-01-13 12:00:00","D","0.909","0.933","0.902","6.000","2021-06-01 22:22:52"
"2020-01-13 18:00:00","W","0.251","0.253","0.250","6.000","2021-06-01 22:23:23"
"2020-01-13 18:00:00","D","0.847","0.871","0.836","6.000","2021-06-01 22:22:52"
"2020-01-14 00:00:00","W","0.251","0.252","0.251","6.000","2021-06-01 22:23:23"
"2020-01-14 00:00:00","D","0.844","0.852","0.840","6.000","2021-06-01 22:22:52"
"2020-01-14 06:00:00","W","0.251","0.251","0.250","6.000","2021-06-01 22:23:23"
"2020-01-14 06:00:00","D","0.841","0.848","0.834","6.000","2021-06-01 22:22:52"
"2020-01-14 12:00:00","W","0.251","0.253","0.251","6.000","2021-06-01 22:23:23"
"2020-01-14 12:00:00","D","0.851","0.870","0.842","6.000","2021-06-01 22:22:52"
"2020-01-14 18:00:00","W","0.253","0.255","0.252","6.000","2021-06-01 22:23:23"
"2020-01-14 18:00:00","D","0.869","0.897","0.857","6.000","2021-06-01 22:22:52"
"2020-01-15 00:00:00","W","0.252","0.253","0.251","6.000","2021-06-01 22:23:23"
"2020-01-15 00:00:00","D","0.854","0.864","0.844","6.000","2021-06-01 22:22:52"
"2020-01-15 06:00:00","W","0.252","0.252","0.251","6.000","2021-06-01 22:23:23"
"2020-01-15 06:00:00","D","0.853","0.861","0.844","6.000","2021-06-01 22:22:52"
"2020-01-15 12:00:00","W","0.251","0.252","0.251","6.000","2021-06-01 22:23:23"
"2020-01-15 12:00:00","D","0.849","0.860","0.841","6.000","2021-06-01 22:22:52"
"2020-01-15 18:00:00","W","0.253","0.255","0.252","6.000","2021-06-01 22:23:23"
"2020-01-15 18:00:00","D","0.864","0.894","0.854","6.000","2021-06-01 22:22:52"
"2020-01-16 00:00:00","W","0.252","0.253","0.252","6.000","2021-06-01 22:23:23"
"2020-01-16 00:00:00","D","0.862","0.876","0.853","6.000","2021-06-01 22:22:52"
"2020-01-16 06:00:00","W","0.252","0.252","0.251","6.000","2021-06-01 22:23:23"
"2020-01-16 06:00:00","D","0.855","0.861","0.850","6.000","2021-06-01 22:22:52"
"2020-01-16 12:00:00","W","0.252","0.253","0.251","6.000","2021-06-01 22:23:23"
"2020-01-16 12:00:00","D","0.853","0.870","0.842","6.000","2021-06-01 22:22:52"
"2020-01-16 18:00:00","W","0.253","0.256","0.251","6.000","2021-06-01 22:23:23"
"2020-01-16 18:00:00","D","0.874","0.904","0.847","6.000","2021-06-01 22:22:52"
"2020-01-17 00:00:00","W","0.252","0.252","0.251","6.000","2021-06-01 22:23:23"
"2020-01-17 00:00:00","D","0.850","0.856","0.842","6.000","2021-06-01 22:22:52"
"2020-01-17 06:00:00","W","0.252","0.252","0.251","6.000","2021-06-01 22:23:23"
"2020-01-17 06:00:00","D","0.850","0.858","0.843","6.000","2021-06-01 22:22:52"
"2020-01-17 12:00:00","W","0.252","0.255","0.251","6.000","2021-06-01 22:23:23"
"2020-01-17 12:00:00","D","0.860","0.898","0.849","6.000","2021-06-01 22:22:52"
"2020-01-17 18:00:00","W","0.253","0.255","0.252","6.000","2021-06-01 22:23:23"
"2020-01-17 18:00:00","D","0.865","0.899","0.851","6.000","2021-06-01 22:22:52"
"2020-01-18 00:00:00","W","0.252","0.253","0.251","6.000","2021-06-01 22:23:23"
"2020-01-18 00:00:00","D","0.855","0.867","0.847","6.000","2021-06-01 22:22:52"
"2020-01-18 06:00:00","W","0.251","0.252","0.251","6.000","2021-06-01 22:23:23"
"2020-01-18 06:00:00","D","0.849","0.856","0.845","6.000","2021-06-01 22:22:52"
"2020-01-18 12:00:00","W","0.252","0.255","0.251","6.000","2021-06-01 22:23:23"
"2020-01-18 12:00:00","D","0.859","0.890","0.841","6.000","2021-06-01 22:22:52"
"2020-01-18 18:00:00","W","0.253","0.256","0.251","6.000","2021-06-01 22:23:23"
"2020-01-18 18:00:00","D","0.867","0.905","0.848","6.000","2021-06-01 22:22:52"
"2020-01-19 00:00:00","W","0.253","0.253","0.252","6.000","2021-06-01 22:23:23"
"2020-01-19 00:00:00","D","0.869","0.875","0.861","6.000","2021-06-01 22:22:52"
"2020-01-19 06:00:00","W","0.253","0.253","0.252","6.000","2021-06-01 22:23:23"
"2020-01-19 06:00:00","D","0.868","0.875","0.858","6.000","2021-06-01 22:22:52"
"2020-01-19 12:00:00","W","0.255","0.257","0.252","6.000","2021-06-01 22:23:23"
"2020-01-19 12:00:00","D","0.889","0.919","0.863","6.000","2021-06-01 22:22:52"
"2020-01-19 18:00:00","W","0.256","0.258","0.253","6.000","2021-06-01 22:23:23"
"2020-01-19 18:00:00","D","0.912","0.940","0.867","6.000","2021-06-01 22:22:52"
"2020-01-20 00:00:00","W","0.251","0.252","0.251","6.000","2021-06-01 22:23:23"
"2020-01-20 00:00:00","D","0.849","0.857","0.841","6.000","2021-06-01 22:22:52"
"2020-01-20 06:00:00","W","0.251","0.252","0.251","6.000","2021-06-01 22:23:23"
"2020-01-20 06:00:00","D","0.848","0.855","0.837","6.000","2021-06-01 22:22:52"
"2020-01-20 12:00:00","W","0.253","0.256","0.252","6.000","2021-06-01 22:23:23"
"2020-01-20 12:00:00","D","0.868","0.911","0.851","6.000","2021-06-01 22:22:52"
"2020-01-20 18:00:00","W","0.254","0.257","0.252","6.000","2021-06-01 22:23:23"
"2020-01-20 18:00:00","D","0.884","0.917","0.856","6.000","2021-06-01 22:22:52"
"2020-01-21 00:00:00","W","0.255","0.256","0.253","6.000","2021-06-01 22:23:23"
"2020-01-21 00:00:00","D","0.895","0.913","0.870","6.000","2021-06-01 22:22:52"
"2020-01-21 06:00:00","W","0.255","0.257","0.253","6.000","2021-06-01 22:23:23"
"2020-01-21 06:00:00","D","0.894","0.921","0.874","6.000","2021-06-01 22:22:52"
"2020-01-21 12:00:00","W","0.257","0.260","0.254","6.000","2021-06-01 22:23:23"
"2020-01-21 12:00:00","D","0.920","0.958","0.886","6.000","2021-06-01 22:22:52"
"2020-01-21 18:00:00","W","0.265","0.271","0.261","6.000","2021-06-01 22:23:23"
"2020-01-21 18:00:00","D","1.037","1.118","0.982","6.000","2021-06-01 22:22:52"
"2020-01-22 00:00:00","W","0.258","0.265","0.254","6.000","2021-06-01 22:23:23"
"2020-01-22 00:00:00","D","0.938","1.029","0.889","6.000","2021-06-01 22:22:52"
"2020-01-22 06:00:00","W","0.255","0.256","0.254","6.000","2021-06-01 22:23:23"
"2020-01-22 06:00:00","D","0.899","0.914","0.884","6.000","2021-06-01 22:22:52"
"2020-01-22 12:00:00","W","0.256","0.257","0.255","6.000","2021-06-01 22:23:23"
"2020-01-22 12:00:00","D","0.911","0.925","0.893","6.000","2021-06-01 22:22:52"
"2020-01-22 18:00:00","W","0.254","0.256","0.253","6.000","2021-06-01 22:23:23"
"2020-01-22 18:00:00","D","0.886","0.906","0.868","6.000","2021-06-01 22:22:52"
"2020-01-23 00:00:00","W","0.255","0.256","0.253","6.000","2021-06-01 22:23:23"
"2020-01-23 00:00:00","D","0.894","0.913","0.873","6.000","2021-06-01 22:22:52"
"2020-01-23 06:00:00","W","0.256","0.256","0.256","6.000","2021-06-01 22:23:23"
"2020-01-23 06:00:00","D","0.910","0.914","0.904","6.000","2021-06-01 22:22:52"
"2020-01-23 12:00:00","W","0.256","0.256","0.254","6.000","2021-06-01 22:23:23"
"2020-01-23 12:00:00","D","0.904","0.912","0.878","6.000","2021-06-01 22:22:52"
"2020-01-23 18:00:00","W","0.255","0.256","0.252","6.000","2021-06-01 22:23:23"
"2020-01-23 18:00:00","D","0.891","0.914","0.863","6.000","2021-06-01 22:22:52"
"2020-01-24 00:00:00","W","0.255","0.257","0.254","6.000","2021-06-01 22:23:23"
"2020-01-24 00:00:00","D","0.900","0.918","0.879","6.000","2021-06-01 22:22:52"
"2020-01-24 06:00:00","W","0.254","0.255","0.253","6.000","2021-06-01 22:23:23"
"2020-01-24 06:00:00","D","0.885","0.893","0.868","6.000","2021-06-01 22:22:52"
"2020-01-24 12:00:00","W","0.255","0.256","0.253","6.000","2021-06-01 22:23:23"
"2020-01-24 12:00:00","D","0.894","0.914","0.865","6.000","2021-06-01 22:22:52"
"2020-01-24 18:00:00","W","0.256","0.257","0.255","6.000","2021-06-01 22:23:23"
"2020-01-24 18:00:00","D","0.904","0.917","0.892","6.000","2021-06-01 22:22:52"
"2020-01-25 00:00:00","W","0.255","0.256","0.254","6.000","2021-06-01 22:23:23"
"2020-01-25 00:00:00","D","0.897","0.913","0.885","6.000","2021-06-01 22:22:52"
"2020-01-25 06:00:00","W","0.254","0.256","0.253","6.000","2021-06-01 22:23:23"
"2020-01-25 06:00:00","D","0.886","0.910","0.869","6.000","2021-06-01 22:22:52"
"2020-01-25 12:00:00","W","0.256","0.257","0.255","6.000","2021-06-01 22:23:23"
"2020-01-25 12:00:00","D","0.908","0.917","0.901","6.000","2021-06-01 22:22:52"
"2020-01-25 18:00:00","W","0.256","0.259","0.254","6.000","2021-06-01 22:23:23"
"2020-01-25 18:00:00","D","0.909","0.948","0.884","6.000","2021-06-01 22:22:52"
"2020-01-26 00:00:00","W","0.255","0.256","0.254","6.000","2021-06-01 22:23:23"
"2020-01-26 00:00:00","D","0.899","0.914","0.888","6.000","2021-06-01 22:22:52"
"2020-01-26 06:00:00","W","0.255","0.255","0.254","6.000","2021-06-01 22:23:23"
"2020-01-26 06:00:00","D","0.890","0.894","0.882","6.000","2021-06-01 22:22:52"
"2020-01-26 12:00:00","W","0.256","0.256","0.255","6.000","2021-06-01 22:23:23"
"2020-01-26 12:00:00","D","0.904","0.913","0.897","6.000","2021-06-01 22:22:52"
"2020-01-26 18:00:00","W","0.254","0.256","0.253","6.000","2021-06-01 22:23:23"
"2020-01-26 18:00:00","D","0.890","0.914","0.876","6.000","2021-06-01 22:22:52"
"2020-01-27 00:00:00","W","0.254","0.256","0.253","6.000","2021-06-01 22:23:23"
"2020-01-27 00:00:00","D","0.881","0.904","0.868","6.000","2021-06-01 22:22:52"
"2020-01-27 06:00:00","W","0.253","0.254","0.252","6.000","2021-06-01 22:23:23"
"2020-01-27 06:00:00","D","0.867","0.877","0.862","6.000","2021-06-01 22:22:52"
"2020-01-27 12:00:00","W","0.256","0.257","0.254","6.000","2021-06-01 22:23:23"
"2020-01-27 12:00:00","D","0.909","0.920","0.880","6.000","2021-06-01 22:22:52"
"2020-01-27 18:00:00","W","0.257","0.257","0.256","6.000","2021-06-01 22:23:23"
"2020-01-27 18:00:00","D","0.917","0.921","0.910","6.000","2021-06-01 22:22:52"
"2020-01-28 00:00:00","W","0.256","0.257","0.255","6.000","2021-06-01 22:23:23"
"2020-01-28 00:00:00","D","0.908","0.926","0.896","6.000","2021-06-01 22:22:52"
"2020-01-28 06:00:00","W","0.255","0.256","0.254","6.000","2021-06-01 22:23:23"
"2020-01-28 06:00:00","D","0.895","0.911","0.881","6.000","2021-06-01 22:22:52"
"2020-01-28 12:00:00","W","0.255","0.257","0.252","6.000","2021-06-01 22:23:23"
"2020-01-28 12:00:00","D","0.895","0.919","0.855","6.000","2021-06-01 22:22:52"
"2020-01-28 18:00:00","W","0.257","0.258","0.256","6.000","2021-06-01 22:23:23"
"2020-01-28 18:00:00","D","0.922","0.936","0.911","6.000","2021-06-01 22:22:52"
"2020-01-29 00:00:00","W","0.258","0.258","0.257","6.000","2021-06-01 22:23:23"
"2020-01-29 00:00:00","D","0.932","0.937","0.923","6.000","2021-06-01 22:22:52"
"2020-01-29 06:00:00","W","0.258","0.258","0.258","6.000","2021-06-01 22:23:23"
"2020-01-29 06:00:00","D","0.934","0.938","0.930","6.000","2021-06-01 22:22:52"
"2020-01-29 12:00:00","W","0.258","0.258","0.257","6.000","2021-06-01 22:23:23"
"2020-01-29 12:00:00","D","0.933","0.937","0.923","6.000","2021-06-01 22:22:52"
"2020-01-29 18:00:00","W","0.258","0.258","0.257","6.000","2021-06-01 22:23:23"
"2020-01-29 18:00:00","D","0.933","0.939","0.928","6.000","2021-06-01 22:22:52"
"2020-01-30 00:00:00","W","0.258","0.258","0.258","6.000","2021-06-01 22:23:23"
"2020-01-30 00:00:00","D","0.936","0.941","0.930","6.000","2021-06-01 22:22:52"
"2020-01-30 06:00:00","W","0.258","0.258","0.258","6.000","2021-06-01 22:23:23"
"2020-01-30 06:00:00","D","0.937","0.943","0.931","6.000","2021-06-01 22:22:52"
"2020-01-30 12:00:00","W","0.259","0.259","0.258","6.000","2021-06-01 22:23:23"
"2020-01-30 12:00:00","D","0.946","0.950","0.934","6.000","2021-06-01 22:22:52"
"2020-01-30 18:00:00","W","0.258","0.259","0.258","6.000","2021-06-01 22:23:23"
"2020-01-30 18:00:00","D","0.944","0.949","0.941","6.000","2021-06-01 22:22:52"
"2020-01-31 00:00:00","W","0.259","0.259","0.258","6.000","2021-06-01 22:23:23"
"2020-01-31 00:00:00","D","0.947","0.952","0.940","6.000","2021-06-01 22:22:52"
"2020-01-31 06:00:00","W","0.259","0.259","0.259","6.000","2021-06-01 22:23:23"
"2020-01-31 06:00:00","D","0.951","0.955","0.943","6.000","2021-06-01 22:22:52"
"2020-01-31 12:00:00","W","0.259","0.259","0.259","6.000","2021-06-01 22:23:23"
"2020-01-31 12:00:00","D","0.950","0.954","0.945","6.000","2021-06-01 22:22:52"
"2020-01-31 18:00:00","W","0.259","0.259","0.258","6.000","2021-06-01 22:23:23"
"2020-01-31 18:00:00","D","0.946","0.954","0.937","6.000","2021-06-01 22:22:52"
"2020-02-01 00:00:00","W","0.259","0.259","0.259","6.000","2021-06-01 22:23:23"
"2020-02-01 00:00:00","D","0.948","0.949","0.947","6.000","2021-06-01 22:50:02"
"2020-02-01 06:00:00","W","0.259","0.259","0.259","6.000","2021-06-01 22:50:32"
"2020-02-01 06:00:00","D","0.947","0.950","0.943","6.000","2021-06-01 22:50:02"
"2020-02-01 12:00:00","W","0.259","0.259","0.259","6.000","2021-06-01 22:50:32"
"2020-02-01 12:00:00","D","0.949","0.951","0.944","6.000","2021-06-01 22:50:02"
"2020-02-01 18:00:00","W","0.259","0.259","0.258","6.000","2021-06-01 22:50:32"
"2020-02-01 18:00:00","D","0.949","0.955","0.941","6.000","2021-06-01 22:50:02"
"2020-02-02 00:00:00","W","0.258","0.259","0.258","6.000","2021-06-01 22:50:32"
"2020-02-02 00:00:00","D","0.942","0.944","0.938","6.000","2021-06-01 22:50:02"
"2020-02-02 06:00:00","W","0.259","0.259","0.258","6.000","2021-06-01 22:50:32"
"2020-02-02 06:00:00","D","0.942","0.948","0.933","6.000","2021-06-01 22:50:02"
"2020-02-02 12:00:00","W","0.259","0.260","0.258","6.000","2021-06-01 22:50:32"
"2020-02-02 12:00:00","D","0.949","0.956","0.941","6.000","2021-06-01 22:50:02"
"2020-02-02 18:00:00","W","0.259","0.259","0.259","6.000","2021-06-01 22:50:32"
"2020-02-02 18:00:00","D","0.949","0.955","0.943","6.000","2021-06-01 22:50:02"
"2020-02-03 00:00:00","W","0.259","0.259","0.258","6.000","2021-06-01 22:50:32"
"2020-02-03 00:00:00","D","0.943","0.949","0.937","6.000","2021-06-01 22:50:02"
"2020-02-03 06:00:00","W","0.259","0.259","0.259","6.000","2021-06-01 22:50:32"
"2020-02-03 06:00:00","D","0.948","0.951","0.943","6.000","2021-06-01 22:50:02"
"2020-02-03 12:00:00","W","0.258","0.260","0.256","6.000","2021-06-01 22:50:32"
"2020-02-03 12:00:00","D","0.937","0.959","0.908","6.000","2021-06-01 22:50:02"
"2020-02-03 18:00:00","W","0.255","0.256","0.255","6.000","2021-06-01 22:50:32"
"2020-02-03 18:00:00","D","0.901","0.907","0.896","6.000","2021-06-01 22:50:02"
"2020-02-04 00:00:00","W","0.255","0.255","0.255","6.000","2021-06-01 22:50:32"
"2020-02-04 00:00:00","D","0.896","0.900","0.892","6.000","2021-06-01 22:50:02"
"2020-02-04 06:00:00","W","0.254","0.254","0.253","6.000","2021-06-01 22:50:32"
"2020-02-04 06:00:00","D","0.880","0.889","0.868","6.000","2021-06-01 22:50:02"
"2020-02-04 12:00:00","W","0.255","0.256","0.253","6.000","2021-06-01 22:50:32"
"2020-02-04 12:00:00","D","0.895","0.905","0.873","6.000","2021-06-01 22:50:02"
"2020-02-04 18:00:00","W","0.255","0.256","0.255","6.000","2021-06-01 22:50:32"
"2020-02-04 18:00:00","D","0.901","0.907","0.894","6.000","2021-06-01 22:50:02"
"2020-02-05 00:00:00","W","0.255","0.256","0.255","6.000","2021-06-01 22:50:32"
"2020-02-05 00:00:00","D","0.899","0.904","0.895","6.000","2021-06-01 22:50:02"
"2020-02-05 06:00:00","W","0.255","0.255","0.254","6.000","2021-06-01 22:50:32"
"2020-02-05 06:00:00","D","0.894","0.902","0.884","6.000","2021-06-01 22:50:02"
"2020-02-05 12:00:00","W","0.255","0.256","0.253","6.000","2021-06-01 22:50:32"
"2020-02-05 12:00:00","D","0.895","0.909","0.875","6.000","2021-06-01 22:50:02"
"2020-02-05 18:00:00","W","0.256","0.256","0.254","6.000","2021-06-01 22:50:32"
"2020-02-05 18:00:00","D","0.904","0.916","0.885","6.000","2021-06-01 22:50:02"
"2020-02-06 00:00:00","W","0.254","0.255","0.253","6.000","2021-06-01 22:50:32"
"2020-02-06 00:00:00","D","0.891","0.902","0.874","6.000","2021-06-01 22:50:02"
"2020-02-06 06:00:00","W","0.253","0.254","0.252","6.000","2021-06-01 22:50:32"
"2020-02-06 06:00:00","D","0.870","0.886","0.862","6.000","2021-06-01 22:50:02"
"2020-02-06 12:00:00","W","0.254","0.255","0.253","6.000","2021-06-01 22:50:32"
"2020-02-06 12:00:00","D","0.889","0.899","0.866","6.000","2021-06-01 22:50:02"
"2020-02-06 18:00:00","W","0.255","0.257","0.254","6.000","2021-06-01 22:50:32"
"2020-02-06 18:00:00","D","0.903","0.926","0.885","6.000","2021-06-01 22:50:02"
"2020-02-07 00:00:00","W","0.255","0.257","0.253","6.000","2021-06-01 22:50:32"
"2020-02-07 00:00:00","D","0.896","0.918","0.874","6.000","2021-06-01 22:50:02"
"2020-02-07 06:00:00","W","0.254","0.255","0.253","6.000","2021-06-01 22:50:32"
"2020-02-07 06:00:00","D","0.883","0.896","0.874","6.000","2021-06-01 22:50:02"
"2020-02-07 12:00:00","W","0.255","0.256","0.254","6.000","2021-06-01 22:50:32"
"2020-02-07 12:00:00","D","0.897","0.909","0.884","6.000","2021-06-01 22:50:02"
"2020-02-07 18:00:00","W","0.255","0.256","0.253","6.000","2021-06-01 22:50:32"
"2020-02-07 18:00:00","D","0.892","0.907","0.874","6.000","2021-06-01 22:50:02"
"2020-02-08 00:00:00","W","0.255","0.257","0.253","6.000","2021-06-01 22:50:32"
"2020-02-08 00:00:00","D","0.889","0.917","0.873","6.000","2021-06-01 22:50:02"
"2020-02-08 06:00:00","W","0.254","0.254","0.253","6.000","2021-06-01 22:50:32"
"2020-02-08 06:00:00","D","0.877","0.887","0.866","6.000","2021-06-01 22:50:02"
"2020-02-08 12:00:00","W","0.256","0.256","0.253","6.000","2021-06-01 22:50:32"
"2020-02-08 12:00:00","D","0.905","0.915","0.873","6.000","2021-06-01 22:50:02"
"2020-02-08 18:00:00","W","0.256","0.257","0.255","6.000","2021-06-01 22:50:32"
"2020-02-08 18:00:00","D","0.908","0.920","0.896","6.000","2021-06-01 22:50:02"
"2020-02-09 00:00:00","W","0.256","0.257","0.255","6.000","2021-06-01 22:50:32"
"2020-02-09 00:00:00","D","0.914","0.919","0.911","3.000","2021-06-01 22:50:02"
"2020-02-09 06:00:00","W","0.255","0.256","0.254","6.000","2021-06-01 22:50:32"
"2020-02-09 06:00:00","D","0.898","0.913","0.889","6.000","2021-06-01 22:50:32"
"2020-02-09 12:00:00","W","0.256","0.257","0.254","6.000","2021-06-01 22:50:32"
"2020-02-09 12:00:00","D","0.907","0.921","0.888","6.000","2021-06-01 22:50:32"
"2020-02-09 18:00:00","W","0.256","0.257","0.254","6.000","2021-06-01 22:50:32"
"2020-02-09 18:00:00","D","0.907","0.922","0.881","6.000","2021-06-01 22:50:32"
"2020-02-10 00:00:00","W","0.256","0.258","0.253","6.000","2021-06-01 22:50:32"
"2020-02-10 00:00:00","D","0.914","0.938","0.874","6.000","2021-06-01 22:50:32"
"2020-02-10 06:00:00","W","0.255","0.256","0.255","6.000","2021-06-01 22:50:32"
"2020-02-10 06:00:00","D","0.898","0.907","0.893","6.000","2021-06-01 22:50:32"
"2020-02-10 12:00:00","W","0.256","0.257","0.254","6.000","2021-06-01 22:50:32"
"2020-02-10 12:00:00","D","0.911","0.926","0.877","6.000","2021-06-01 22:50:32"
"2020-02-10 18:00:00","W","0.257","0.258","0.256","6.000","2021-06-01 22:50:32"
"2020-02-10 18:00:00","D","0.923","0.930","0.913","6.000","2021-06-01 22:50:32"
"2020-02-11 00:00:00","W","0.257","0.257","0.256","6.000","2021-06-01 22:50:32"
"2020-02-11 00:00:00","D","0.921","0.925","0.914","6.000","2021-06-01 22:50:32"
"2020-02-11 06:00:00","W","0.256","0.257","0.255","6.000","2021-06-01 22:50:32"
"2020-02-11 06:00:00","D","0.909","0.919","0.893","6.000","2021-06-01 22:50:32"
"2020-02-11 12:00:00","W","0.256","0.257","0.255","6.000","2021-06-01 22:50:32"
"2020-02-11 12:00:00","D","0.914","0.926","0.891","6.000","2021-06-01 22:50:32"
"2020-02-11 18:00:00","W","0.257","0.257","0.256","6.000","2021-06-01 22:50:32"
"2020-02-11 18:00:00","D","0.921","0.928","0.914","6.000","2021-06-01 22:50:32"
"2020-02-12 00:00:00","W","0.257","0.257","0.256","6.000","2021-06-01 22:50:32"
"2020-02-12 00:00:00","D","0.920","0.922","0.916","6.000","2021-06-01 22:50:32"
"2020-02-12 06:00:00","W","0.257","0.257","0.256","6.000","2021-06-01 22:50:32"
"2020-02-12 06:00:00","D","0.918","0.922","0.910","6.000","2021-06-01 22:50:32"
"2020-02-12 12:00:00","W","0.257","0.257","0.256","6.000","2021-06-01 22:50:32"
"2020-02-12 12:00:00","D","0.918","0.923","0.910","6.000","2021-06-01 22:50:32"
"2020-02-12 18:00:00","W","0.257","0.257","0.256","6.000","2021-06-01 22:50:32"
"2020-02-12 18:00:00","D","0.919","0.928","0.907","6.000","2021-06-01 22:50:32"
"2020-02-13 00:00:00","W","0.257","0.258","0.257","6.000","2021-06-01 22:50:32"
"2020-02-13 00:00:00","D","0.926","0.931","0.921","6.000","2021-06-01 22:50:32"
"2020-02-13 06:00:00","W","0.257","0.258","0.257","6.000","2021-06-01 22:50:32"
"2020-02-13 06:00:00","D","0.926","0.932","0.920","6.000","2021-06-01 22:50:32"
"2020-02-13 12:00:00","W","0.257","0.257","0.257","6.000","2021-06-01 22:50:32"
"2020-02-13 12:00:00","D","0.925","0.929","0.921","6.000","2021-06-01 22:50:32"
"2020-02-13 18:00:00","W","0.257","0.257","0.257","6.000","2021-06-01 22:50:32"
"2020-02-13 18:00:00","D","0.925","0.927","0.922","6.000","2021-06-01 22:50:32"
"2020-02-14 00:00:00","W","0.258","0.258","0.257","6.000","2021-06-01 22:50:32"
"2020-02-14 00:00:00","D","0.928","0.932","0.922","6.000","2021-06-01 22:50:32"
"2020-02-14 06:00:00","W","0.257","0.258","0.255","6.000","2021-06-01 22:50:32"
"2020-02-14 06:00:00","D","0.917","0.933","0.902","6.000","2021-06-01 22:50:32"
"2020-02-14 12:00:00","W","0.256","0.258","0.255","6.000","2021-06-01 22:50:32"
"2020-02-14 12:00:00","D","0.910","0.930","0.893","6.000","2021-06-01 22:50:32"
"2020-02-14 18:00:00","W","0.258","0.258","0.256","6.000","2021-06-01 22:50:32"
"2020-02-14 18:00:00","D","0.927","0.934","0.906","6.000","2021-06-01 22:50:32"
"2020-02-15 00:00:00","W","0.257","0.258","0.257","6.000","2021-06-01 22:50:32"
"2020-02-15 00:00:00","D","0.928","0.935","0.917","6.000","2021-06-01 22:50:32"
"2020-02-15 06:00:00","W","0.256","0.257","0.255","6.000","2021-06-01 22:50:32"
"2020-02-15 06:00:00","D","0.912","0.927","0.896","6.000","2021-06-01 22:50:32"
"2020-02-15 12:00:00","W","0.258","0.259","0.255","6.000","2021-06-01 22:50:32"
"2020-02-15 12:00:00","D","0.931","0.945","0.893","6.000","2021-06-01 22:50:32"
"2020-02-15 18:00:00","W","0.258","0.258","0.256","6.000","2021-06-01 22:50:32"
"2020-02-15 18:00:00","D","0.930","0.940","0.905","6.000","2021-06-01 22:50:32"
"2020-02-16 00:00:00","W","0.258","0.258","0.257","6.000","2021-06-01 22:50:32"
"2020-02-16 00:00:00","D","0.931","0.940","0.920","6.000","2021-06-01 22:50:32"
"2020-02-16 06:00:00","W","0.256","0.257","0.256","6.000","2021-06-01 22:50:32"
"2020-02-16 06:00:00","D","0.915","0.929","0.908","6.000","2021-06-01 22:50:32"
"2020-02-16 12:00:00","W","0.258","0.259","0.255","6.000","2021-06-01 22:50:32"
"2020-02-16 12:00:00","D","0.932","0.947","0.895","6.000","2021-06-01 22:50:32"
"2020-02-16 18:00:00","W","0.258","0.258","0.257","6.000","2021-06-01 22:50:32"
"2020-02-16 18:00:00","D","0.935","0.942","0.922","6.000","2021-06-01 22:50:32"
"2020-02-17 00:00:00","W","0.258","0.259","0.258","6.000","2021-06-01 22:50:32"
"2020-02-17 00:00:00","D","0.938","0.947","0.932","6.000","2021-06-01 22:50:32"
"2020-02-17 06:00:00","W","0.258","0.258","0.257","6.000","2021-06-01 22:50:32"
"2020-02-17 06:00:00","D","0.930","0.936","0.924","6.000","2021-06-01 22:50:32"
"2020-02-17 12:00:00","W","0.259","0.259","0.258","6.000","2021-06-01 22:50:32"
"2020-02-17 12:00:00","D","0.941","0.952","0.932","6.000","2021-06-01 22:50:32"
"2020-02-17 18:00:00","W","0.259","0.259","0.258","6.000","2021-06-01 22:50:32"
"2020-02-17 18:00:00","D","0.945","0.951","0.937","6.000","2021-06-01 22:50:32"
"2020-02-18 00:00:00","W","0.259","0.259","0.258","6.000","2021-06-01 22:50:32"
"2020-02-18 00:00:00","D","0.950","0.956","0.942","6.000","2021-06-01 22:50:32"
"2020-02-18 06:00:00","W","0.259","0.259","0.258","6.000","2021-06-01 22:50:32"
"2020-02-18 06:00:00","D","0.944","0.949","0.939","6.000","2021-06-01 22:50:32"
"2020-02-18 12:00:00","W","0.259","0.259","0.258","6.000","2021-06-01 22:50:32"
"2020-02-18 12:00:00","D","0.948","0.952","0.940","6.000","2021-06-01 22:50:32"
"2020-02-18 18:00:00","W","0.259","0.259","0.259","6.000","2021-06-01 22:50:32"
"2020-02-18 18:00:00","D","0.950","0.952","0.946","6.000","2021-06-01 22:50:32"
"2020-02-19 00:00:00","W","0.259","0.259","0.259","6.000","2021-06-01 22:50:32"
"2020-02-19 00:00:00","D","0.949","0.953","0.946","6.000","2021-06-01 22:50:32"
"2020-02-19 06:00:00","W","0.258","0.259","0.258","6.000","2021-06-01 22:50:32"
"2020-02-19 06:00:00","D","0.941","0.947","0.932","6.000","2021-06-01 22:50:32"
"2020-02-19 12:00:00","W","0.259","0.260","0.258","6.000","2021-06-01 22:50:32"
"2020-02-19 12:00:00","D","0.955","0.968","0.943","6.000","2021-06-01 22:50:32"
"2020-02-19 18:00:00","W","0.260","0.260","0.258","6.000","2021-06-01 22:50:32"
"2020-02-19 18:00:00","D","0.957","0.967","0.942","6.000","2021-06-01 22:50:32"
"2020-02-20 00:00:00","W","0.259","0.260","0.258","6.000","2021-06-01 22:50:32"
"2020-02-20 00:00:00","D","0.948","0.960","0.932","6.000","2021-06-01 22:50:32"
"2020-02-20 06:00:00","W","0.258","0.259","0.257","6.000","2021-06-01 22:50:32"
"2020-02-20 06:00:00","D","0.933","0.947","0.920","6.000","2021-06-01 22:50:32"
"2020-02-20 12:00:00","W","0.260","0.262","0.259","6.000","2021-06-01 22:50:32"
"2020-02-20 12:00:00","D","0.969","0.987","0.949","6.000","2021-06-01 22:50:32"
"2020-02-20 18:00:00","W","0.260","0.261","0.259","6.000","2021-06-01 22:50:32"
"2020-02-20 18:00:00","D","0.960","0.971","0.946","6.000","2021-06-01 22:50:32"
"2020-02-21 00:00:00","W","0.259","0.260","0.258","2.000","2021-06-01 22:50:32"
"2020-02-21 00:00:00","D","0.938","0.958","0.923","6.000","2021-06-01 22:50:32"
"2020-02-21 06:00:00","D","0.924","0.931","0.913","6.000","2021-06-01 22:50:32"
"2020-02-21 12:00:00","D","0.964","0.983","0.932","6.000","2021-06-01 22:50:32"
"2020-02-21 18:00:00","D","0.957","0.971","0.932","6.000","2021-06-01 22:50:32"
"2020-02-22 00:00:00","W","0.259","0.261","0.258","6.000","2021-06-01 22:51:02"
"2020-02-22 00:00:00","D","0.951","0.971","0.932","6.000","2021-06-01 22:50:32"
"2020-02-22 06:00:00","W","0.258","0.259","0.257","6.000","2021-06-01 22:51:02"
"2020-02-22 06:00:00","D","0.934","0.946","0.922","6.000","2021-06-01 22:50:32"
"2020-02-22 12:00:00","W","0.261","0.262","0.259","6.000","2021-06-01 22:51:02"
"2020-02-22 12:00:00","D","0.971","0.987","0.945","6.000","2021-06-01 22:50:32"
"2020-02-22 18:00:00","W","0.260","0.261","0.260","6.000","2021-06-01 22:51:02"
"2020-02-22 18:00:00","D","0.967","0.977","0.958","6.000","2021-06-01 22:50:32"
"2020-02-23 00:00:00","W","0.260","0.261","0.260","6.000","2021-06-01 22:51:02"
"2020-02-23 00:00:00","D","0.967","0.971","0.961","6.000","2021-06-01 22:50:32"
"2020-02-23 06:00:00","W","0.260","0.260","0.259","6.000","2021-06-01 22:51:02"
"2020-02-23 06:00:00","D","0.958","0.966","0.949","6.000","2021-06-01 22:50:32"
"2020-02-23 12:00:00","W","0.261","0.262","0.260","6.000","2021-06-01 22:51:02"
"2020-02-23 12:00:00","D","0.975","0.990","0.965","6.000","2021-06-01 22:50:32"
"2020-02-23 18:00:00","W","0.261","0.262","0.260","6.000","2021-06-01 22:51:02"
"2020-02-23 18:00:00","D","0.973","0.985","0.963","6.000","2021-06-01 22:50:32"
"2020-02-24 00:00:00","W","0.261","0.261","0.260","6.000","2021-06-01 22:51:02"
"2020-02-24 00:00:00","D","0.973","0.976","0.969","6.000","2021-06-01 22:50:32"
"2020-02-24 06:00:00","W","0.259","0.260","0.258","6.000","2021-06-01 22:51:02"
"2020-02-24 06:00:00","D","0.948","0.959","0.932","6.000","2021-06-01 22:50:32"
"2020-02-24 12:00:00","W","0.261","0.261","0.260","6.000","2021-06-01 22:51:02"
"2020-02-24 12:00:00","D","0.974","0.983","0.965","6.000","2021-06-01 22:50:32"
"2020-02-24 18:00:00","W","0.261","0.261","0.260","6.000","2021-06-01 22:51:02"
"2020-02-24 18:00:00","D","0.970","0.980","0.961","6.000","2021-06-01 22:50:32"
"2020-02-25 00:00:00","W","0.262","0.262","0.261","6.000","2021-06-01 22:51:02"
"2020-02-25 00:00:00","D","0.982","0.990","0.973","6.000","2021-06-01 22:50:32"
"2020-02-25 06:00:00","W","0.260","0.262","0.258","6.000","2021-06-01 22:51:02"
"2020-02-25 06:00:00","D","0.961","0.986","0.937","6.000","2021-06-01 22:50:32"
"2020-02-25 12:00:00","W","0.262","0.263","0.260","6.000","2021-06-01 22:51:02"
"2020-02-25 12:00:00","D","0.988","1.000","0.966","6.000","2021-06-01 22:50:32"
"2020-02-25 18:00:00","W","0.261","0.262","0.259","6.000","2021-06-01 22:51:02"
"2020-02-25 18:00:00","D","0.975","0.985","0.955","6.000","2021-06-01 22:50:32"
"2020-02-26 00:00:00","W","0.263","0.263","0.262","6.000","2021-06-01 22:51:02"
"2020-02-26 00:00:00","D","0.997","0.999","0.992","6.000","2021-06-01 22:50:32"
"2020-02-26 06:00:00","W","0.261","0.263","0.260","6.000","2021-06-01 22:51:02"
"2020-02-26 06:00:00","D","0.980","1.001","0.965","6.000","2021-06-01 22:50:32"
"2020-02-26 12:00:00","W","0.262","0.263","0.261","6.000","2021-06-01 22:51:02"
"2020-02-26 12:00:00","D","0.994","1.007","0.974","6.000","2021-06-01 22:50:32"
"2020-02-26 18:00:00","W","0.261","0.263","0.260","6.000","2021-06-01 22:51:02"
"2020-02-26 18:00:00","D","0.981","1.004","0.962","6.000","2021-06-01 22:50:32"
"2020-02-27 00:00:00","W","0.262","0.262","0.261","6.000","2021-06-01 22:51:02"
"2020-02-27 00:00:00","D","0.984","0.997","0.971","6.000","2021-06-01 22:50:32"
"2020-02-27 06:00:00","W","0.260","0.261","0.259","6.000","2021-06-01 22:51:03"
"2020-02-27 06:00:00","D","0.962","0.976","0.952","6.000","2021-06-01 22:50:32"
"2020-02-27 12:00:00","W","0.262","0.263","0.260","6.000","2021-06-01 22:51:03"
"2020-02-27 12:00:00","D","0.989","1.005","0.962","6.000","2021-06-01 22:50:32"
"2020-02-27 18:00:00","W","0.261","0.263","0.260","6.000","2021-06-01 22:51:02"
"2020-02-27 18:00:00","D","0.978","0.999","0.969","6.000","2021-06-01 22:50:32"
"2020-02-28 00:00:00","W","0.262","0.262","0.261","6.000","2021-06-01 22:51:03"
"2020-02-28 00:00:00","D","0.984","0.993","0.972","6.000","2021-06-01 22:50:32"
"2020-02-28 06:00:00","W","0.261","0.261","0.260","6.000","2021-06-01 22:51:03"
"2020-02-28 06:00:00","D","0.970","0.976","0.961","6.000","2021-06-01 22:50:32"
"2020-02-28 12:00:00","W","0.261","0.263","0.259","6.000","2021-06-01 22:51:03"
"2020-02-28 12:00:00","D","0.982","1.001","0.954","6.000","2021-06-01 22:50:32"
"2020-02-28 18:00:00","W","0.262","0.263","0.262","6.000","2021-06-01 22:51:03"
"2020-02-28 18:00:00","D","0.993","1.000","0.987","6.000","2021-06-01 22:50:32"
"2020-02-29 00:00:00","W","0.262","0.263","0.262","6.000","2021-06-01 22:51:03"
"2020-02-29 00:00:00","D","0.995","1.005","0.990","6.000","2021-06-01 22:50:32"
"2020-02-29 06:00:00","W","0.262","0.263","0.262","6.000","2021-06-01 22:51:03"
"2020-02-29 06:00:00","D","0.991","0.998","0.984","6.000","2021-06-01 22:50:32"
"2020-02-29 12:00:00","W","0.262","0.262","0.261","6.000","2021-06-01 22:51:03"
"2020-02-29 12:00:00","D","0.990","0.996","0.982","6.000","2021-06-01 22:50:32"
"2020-02-29 18:00:00","W","0.263","0.264","0.261","6.000","2021-06-01 22:51:03"
"2020-02-29 18:00:00","D","0.997","1.012","0.972","6.000","2021-06-01 22:50:32"
"2020-03-01 00:00:00","W","0.263","0.264","0.263","6.000","2021-06-01 22:51:03"
"2020-03-01 00:00:00","D","1.010","1.014","1.007","6.000","2021-06-02 00:17:44"
"2020-03-01 06:00:00","W","0.264","0.264","0.263","6.000","2021-06-02 00:18:45"
"2020-03-01 06:00:00","D","1.013","1.020","1.005","6.000","2021-06-02 00:17:44"
"2020-03-01 12:00:00","W","0.264","0.264","0.263","6.000","2021-06-02 00:18:45"
"2020-03-01 12:00:00","D","1.010","1.017","0.998","6.000","2021-06-02 00:17:44"
"2020-03-01 18:00:00","W","0.264","0.264","0.263","6.000","2021-06-02 00:18:45"
"2020-03-01 18:00:00","D","1.012","1.018","1.005","6.000","2021-06-02 00:17:44"
"2020-03-02 00:00:00","W","0.264","0.264","0.263","6.000","2021-06-02 00:18:45"
"2020-03-02 00:00:00","D","1.015","1.019","1.010","6.000","2021-06-02 00:17:44"
"2020-03-02 06:00:00","W","0.264","0.264","0.264","6.000","2021-06-02 00:18:45"
"2020-03-02 06:00:00","D","1.019","1.023","1.013","6.000","2021-06-02 00:17:44"
"2020-03-02 12:00:00","W","0.263","0.264","0.261","6.000","2021-06-02 00:18:45"
"2020-03-02 12:00:00","D","1.005","1.023","0.976","6.000","2021-06-02 00:17:44"
"2020-03-02 18:00:00","W","0.261","0.262","0.261","6.000","2021-06-02 00:18:45"
"2020-03-02 18:00:00","D","0.977","0.988","0.972","6.000","2021-06-02 00:17:44"
"2020-03-03 00:00:00","W","0.260","0.261","0.258","6.000","2021-06-02 00:18:45"
"2020-03-03 00:00:00","D","0.959","0.977","0.931","6.000","2021-06-02 00:17:44"
"2020-03-03 06:00:00","W","0.258","0.259","0.258","6.000","2021-06-02 00:18:45"
"2020-03-03 06:00:00","D","0.940","0.946","0.933","6.000","2021-06-02 00:17:44"
"2020-03-03 12:00:00","W","0.259","0.261","0.258","6.000","2021-06-02 00:18:45"
"2020-03-03 12:00:00","D","0.952","0.974","0.931","6.000","2021-06-02 00:17:44"
"2020-03-03 18:00:00","W","0.260","0.262","0.258","6.000","2021-06-02 00:18:45"
"2020-03-03 18:00:00","D","0.959","0.984","0.939","6.000","2021-06-02 00:17:44"
"2020-03-04 00:00:00","W","0.260","0.261","0.259","6.000","2021-06-02 00:18:45"
"2020-03-04 00:00:00","D","0.966","0.976","0.948","6.000","2021-06-02 00:17:44"
"2020-03-04 06:00:00","W","0.261","0.262","0.260","6.000","2021-06-02 00:18:45"
"2020-03-04 06:00:00","D","0.979","0.989","0.969","6.000","2021-06-02 00:17:44"
"2020-03-04 12:00:00","W","0.262","0.263","0.261","6.000","2021-06-02 00:18:45"
"2020-03-04 12:00:00","D","0.994","0.998","0.990","2.000","2021-06-02 00:17:44"
"2020-03-04 18:00:00","W","0.262","0.262","0.261","6.000","2021-06-02 00:18:45"
"2020-03-04 18:00:00","D","0.985","0.991","0.982","6.000","2021-06-02 00:18:14"
"2020-03-05 00:00:00","W","0.259","0.259","0.259","6.000","2021-06-02 00:18:45"
"2020-03-05 00:00:00","D","0.948","0.950","0.946","6.000","2021-06-02 00:18:14"
"2020-03-05 06:00:00","W","0.259","0.259","0.259","6.000","2021-06-02 00:18:45"
"2020-03-05 06:00:00","D","0.949","0.956","0.943","6.000","2021-06-02 00:18:14"
"2020-03-05 12:00:00","W","0.259","0.260","0.258","6.000","2021-06-02 00:18:45"
"2020-03-05 12:00:00","D","0.946","0.957","0.932","6.000","2021-06-02 00:18:14"
"2020-03-05 18:00:00","W","0.259","0.260","0.259","6.000","2021-06-02 00:18:45"
"2020-03-05 18:00:00","D","0.955","0.960","0.951","6.000","2021-06-02 00:18:14"
"2020-03-06 00:00:00","W","0.259","0.260","0.259","6.000","2021-06-02 00:18:45"
"2020-03-06 00:00:00","D","0.954","0.959","0.950","6.000","2021-06-02 00:18:14"
"2020-03-06 06:00:00","W","0.259","0.260","0.257","6.000","2021-06-02 00:18:45"
"2020-03-06 06:00:00","D","0.945","0.958","0.929","6.000","2021-06-02 00:18:14"
"2020-03-06 12:00:00","W","0.258","0.259","0.258","6.000","2021-06-02 00:18:45"
"2020-03-06 12:00:00","D","0.938","0.944","0.933","6.000","2021-06-02 00:18:14"
"2020-03-06 18:00:00","W","0.258","0.259","0.257","6.000","2021-06-02 00:18:45"
"2020-03-06 18:00:00","D","0.936","0.954","0.921","6.000","2021-06-02 00:18:14"
"2020-03-07 00:00:00","W","0.258","0.260","0.257","6.000","2021-06-02 00:18:45"
"2020-03-07 00:00:00","D","0.942","0.963","0.926","6.000","2021-06-02 00:18:14"
"2020-03-07 06:00:00","W","0.257","0.258","0.257","6.000","2021-06-02 00:18:45"
"2020-03-07 06:00:00","D","0.926","0.930","0.919","6.000","2021-06-02 00:18:14"
"2020-03-07 12:00:00","W","0.260","0.261","0.258","6.000","2021-06-02 00:18:45"
"2020-03-07 12:00:00","D","0.960","0.979","0.930","6.000","2021-06-02 00:18:14"
"2020-03-07 18:00:00","W","0.260","0.262","0.258","6.000","2021-06-02 00:18:45"
"2020-03-07 18:00:00","D","0.955","0.987","0.942","6.000","2021-06-02 00:18:14"
"2020-03-08 00:00:00","W","0.260","0.261","0.259","6.000","2021-06-02 00:18:45"
"2020-03-08 00:00:00","D","0.961","0.981","0.946","6.000","2021-06-02 00:18:14"
"2020-03-08 06:00:00","W","0.259","0.260","0.259","6.000","2021-06-02 00:18:45"
"2020-03-08 06:00:00","D","0.950","0.959","0.943","6.000","2021-06-02 00:18:14"
"2020-03-08 12:00:00","W","0.260","0.261","0.259","6.000","2021-06-02 00:18:45"
"2020-03-08 12:00:00","D","0.964","0.977","0.947","6.000","2021-06-02 00:18:14"
"2020-03-08 18:00:00","W","0.260","0.261","0.259","6.000","2021-06-02 00:18:45"
"2020-03-08 18:00:00","D","0.962","0.979","0.945","6.000","2021-06-02 00:18:14"
"2020-03-09 00:00:00","W","0.262","0.262","0.262","6.000","2021-06-02 00:18:45"
"2020-03-09 00:00:00","D","0.989","0.994","0.984","6.000","2021-06-02 00:18:14"
"2020-03-09 06:00:00","W","0.262","0.263","0.261","6.000","2021-06-02 00:18:45"
"2020-03-09 06:00:00","D","0.982","1.000","0.970","6.000","2021-06-02 00:18:14"
"2020-03-09 12:00:00","W","0.261","0.262","0.260","6.000","2021-06-02 00:18:45"
"2020-03-09 12:00:00","D","0.978","0.990","0.959","6.000","2021-06-02 00:18:14"
"2020-03-09 18:00:00","W","0.261","0.262","0.260","6.000","2021-06-02 00:18:45"
"2020-03-09 18:00:00","D","0.974","0.993","0.961","6.000","2021-06-02 00:18:14"
"2020-03-10 00:00:00","W","0.262","0.263","0.262","6.000","2021-06-02 00:18:45"
"2020-03-10 00:00:00","D","0.994","0.999","0.990","6.000","2021-06-02 00:18:14"
"2020-03-10 06:00:00","W","0.262","0.263","0.261","6.000","2021-06-02 00:18:45"
"2020-03-10 06:00:00","D","0.983","0.999","0.975","6.000","2021-06-02 00:18:14"
"2020-03-10 12:00:00","W","0.262","0.265","0.261","6.000","2021-06-02 00:18:45"
"2020-03-10 12:00:00","D","0.987","1.036","0.973","6.000","2021-06-02 00:18:14"
"2020-03-10 18:00:00","W","0.263","0.267","0.262","6.000","2021-06-02 00:18:45"
"2020-03-10 18:00:00","D","1.010","1.062","0.989","6.000","2021-06-02 00:18:14"
"2020-03-11 00:00:00","W","0.262","0.263","0.261","6.000","2021-06-02 00:18:45"
"2020-03-11 00:00:00","D","0.993","0.998","0.983","6.000","2021-06-02 00:18:14"
"2020-03-11 06:00:00","W","0.263","0.263","0.262","6.000","2021-06-02 00:18:45"
"2020-03-11 06:00:00","D","1.001","1.007","0.997","6.000","2021-06-02 00:18:14"
"2020-03-11 12:00:00","W","0.263","0.263","0.263","6.000","2021-06-02 00:18:45"
"2020-03-11 12:00:00","D","1.005","1.011","1.000","6.000","2021-06-02 00:18:14"
"2020-03-11 18:00:00","W","0.263","0.263","0.262","6.000","2021-06-02 00:18:45"
"2020-03-11 18:00:00","D","0.997","1.000","0.993","6.000","2021-06-02 00:18:14"
"2020-03-12 00:00:00","W","0.262","0.263","0.262","6.000","2021-06-02 00:18:45"
"2020-03-12 00:00:00","D","0.995","0.999","0.991","6.000","2021-06-02 00:18:14"
"2020-03-12 06:00:00","W","0.263","0.263","0.262","6.000","2021-06-02 00:18:45"
"2020-03-12 06:00:00","D","1.000","1.005","0.993","6.000","2021-06-02 00:18:14"
"2020-03-12 12:00:00","W","0.263","0.263","0.263","6.000","2021-06-02 00:18:45"
"2020-03-12 12:00:00","D","1.005","1.008","1.001","6.000","2021-06-02 00:18:14"
"2020-03-12 18:00:00","W","0.263","0.263","0.262","6.000","2021-06-02 00:18:45"
"2020-03-12 18:00:00","D","1.004","1.010","0.994","6.000","2021-06-02 00:18:14"
"2020-03-13 00:00:00","W","0.263","0.264","0.262","6.000","2021-06-02 00:18:45"
"2020-03-13 00:00:00","D","1.007","1.014","0.996","6.000","2021-06-02 00:18:14"
"2020-03-13 06:00:00","W","0.264","0.264","0.263","6.000","2021-06-02 00:18:45"
"2020-03-13 06:00:00","D","1.013","1.015","1.010","6.000","2021-06-02 00:18:14"
"2020-03-13 12:00:00","W","0.264","0.264","0.264","6.000","2021-06-02 00:18:45"
"2020-03-13 12:00:00","D","1.017","1.019","1.013","6.000","2021-06-02 00:18:14"
"2020-03-13 18:00:00","W","0.263","0.263","0.262","6.000","2021-06-02 00:18:45"
"2020-03-13 18:00:00","D","0.997","1.001","0.989","6.000","2021-06-02 00:18:14"
"2020-03-14 00:00:00","W","0.262","0.262","0.261","6.000","2021-06-02 00:18:45"
"2020-03-14 00:00:00","D","0.989","0.994","0.982","6.000","2021-06-02 00:18:14"
"2020-03-14 06:00:00","W","0.263","0.263","0.262","6.000","2021-06-02 00:18:45"
"2020-03-14 06:00:00","D","0.997","1.000","0.991","6.000","2021-06-02 00:18:14"
"2020-03-14 12:00:00","W","0.262","0.263","0.262","6.000","2021-06-02 00:18:45"
"2020-03-14 12:00:00","D","0.994","1.004","0.985","6.000","2021-06-02 00:18:14"
"2020-03-14 18:00:00","W","0.260","0.261","0.259","6.000","2021-06-02 00:18:45"
"2020-03-14 18:00:00","D","0.964","0.978","0.954","6.000","2021-06-02 00:18:14"
"2020-03-15 00:00:00","W","0.259","0.260","0.259","6.000","2021-06-02 00:18:45"
"2020-03-15 00:00:00","D","0.955","0.960","0.951","6.000","2021-06-02 00:18:14"
"2020-03-15 06:00:00","W","0.260","0.260","0.260","6.000","2021-06-02 00:18:45"
"2020-03-15 06:00:00","D","0.961","0.966","0.957","6.000","2021-06-02 00:18:14"
"2020-03-15 12:00:00","W","0.260","0.261","0.260","6.000","2021-06-02 00:18:45"
"2020-03-15 12:00:00","D","0.968","0.974","0.962","6.000","2021-06-02 00:18:14"
"2020-03-15 18:00:00","W","0.261","0.261","0.260","2.000","2021-06-02 00:18:45"
"2020-03-15 18:00:00","D","0.968","0.971","0.962","6.000","2021-06-02 00:18:14"
"2020-03-16 00:00:00","W","0.264","0.270","0.261","6.000","2021-06-02 00:19:15"
"2020-03-16 00:00:00","D","1.013","1.108","0.975","6.000","2021-06-02 00:18:14"
"2020-03-16 06:00:00","W","0.262","0.264","0.261","6.000","2021-06-02 00:19:15"
"2020-03-16 06:00:00","D","0.995","1.024","0.970","6.000","2021-06-02 00:18:14"
"2020-03-16 12:00:00","W","0.268","0.275","0.261","6.000","2021-06-02 00:19:15"
"2020-03-16 12:00:00","D","1.069","1.180","0.975","6.000","2021-06-02 00:18:14"
"2020-03-16 18:00:00","W","0.266","0.270","0.262","6.000","2021-06-02 00:19:15"
"2020-03-16 18:00:00","D","1.048","1.105","0.991","6.000","2021-06-02 00:18:15"
"2020-03-17 00:00:00","W","0.262","0.264","0.259","6.000","2021-06-02 00:19:15"
"2020-03-17 00:00:00","D","0.987","1.020","0.955","6.000","2021-06-02 00:18:15"
"2020-03-17 06:00:00","W","0.261","0.261","0.261","6.000","2021-06-02 00:19:15"
"2020-03-17 06:00:00","D","0.977","0.980","0.972","6.000","2021-06-02 00:18:15"
"2020-03-17 12:00:00","W","0.262","0.263","0.261","6.000","2021-06-02 00:19:15"
"2020-03-17 12:00:00","D","0.991","1.005","0.980","6.000","2021-06-02 00:18:15"
"2020-03-17 18:00:00","W","0.262","0.263","0.261","6.000","2021-06-02 00:19:15"
"2020-03-17 18:00:00","D","0.991","1.005","0.979","6.000","2021-06-02 00:18:15"
"2020-03-18 00:00:00","W","0.261","0.262","0.261","6.000","2021-06-02 00:19:15"
"2020-03-18 00:00:00","D","0.983","0.986","0.982","6.000","2021-06-02 00:18:15"
"2020-03-18 06:00:00","W","0.262","0.262","0.261","6.000","2021-06-02 00:19:15"
"2020-03-18 06:00:00","D","0.983","0.986","0.978","6.000","2021-06-02 00:18:15"
"2020-03-18 12:00:00","W","0.262","0.262","0.261","6.000","2021-06-02 00:19:15"
"2020-03-18 12:00:00","D","0.983","0.986","0.978","6.000","2021-06-02 00:18:15"
"2020-03-18 18:00:00","W","0.262","0.263","0.262","6.000","2021-06-02 00:19:15"
"2020-03-18 18:00:00","D","0.993","0.998","0.987","6.000","2021-06-02 00:18:15"
"2020-03-19 00:00:00","W","0.262","0.262","0.262","6.000","2021-06-02 00:19:15"
"2020-03-19 00:00:00","D","0.992","0.997","0.986","6.000","2021-06-02 00:18:15"
"2020-03-19 06:00:00","W","0.262","0.262","0.262","6.000","2021-06-02 00:19:15"
"2020-03-19 06:00:00","D","0.993","0.997","0.989","6.000","2021-06-02 00:18:15"
"2020-03-19 12:00:00","W","0.262","0.263","0.262","6.000","2021-06-02 00:19:15"
"2020-03-19 12:00:00","D","0.995","1.003","0.988","6.000","2021-06-02 00:18:15"
"2020-03-19 18:00:00","W","0.262","0.263","0.262","6.000","2021-06-02 00:19:15"
"2020-03-19 18:00:00","D","0.997","1.003","0.991","6.000","2021-06-02 00:18:15"
"2020-03-20 00:00:00","W","0.263","0.263","0.263","6.000","2021-06-02 00:19:15"
"2020-03-20 00:00:00","D","1.006","1.011","1.001","6.000","2021-06-02 00:18:15"
"2020-03-20 06:00:00","W","0.263","0.263","0.263","6.000","2021-06-02 00:19:15"
"2020-03-20 06:00:00","D","1.004","1.006","1.000","6.000","2021-06-02 00:18:15"
"2020-03-20 12:00:00","W","0.263","0.264","0.263","6.000","2021-06-02 00:19:15"
"2020-03-20 12:00:00","D","1.009","1.013","1.004","6.000","2021-06-02 00:18:15"
"2020-03-20 18:00:00","W","0.263","0.263","0.263","6.000","2021-06-02 00:19:15"
"2020-03-20 18:00:00","D","1.007","1.010","1.000","6.000","2021-06-02 00:18:15"
"2020-03-21 00:00:00","W","0.264","0.264","0.263","6.000","2021-06-02 00:19:15"
"2020-03-21 00:00:00","D","1.015","1.020","1.010","6.000","2021-06-02 00:18:15"
"2020-03-21 06:00:00","W","0.264","0.264","0.263","6.000","2021-06-02 00:19:15"
"2020-03-21 06:00:00","D","1.012","1.016","1.006","6.000","2021-06-02 00:18:15"
"2020-03-21 12:00:00","W","0.264","0.264","0.262","6.000","2021-06-02 00:19:15"
"2020-03-21 12:00:00","D","1.012","1.020","0.992","6.000","2021-06-02 00:18:15"
"2020-03-21 18:00:00","W","0.264","0.265","0.263","6.000","2021-06-02 00:19:15"
"2020-03-21 18:00:00","D","1.021","1.035","1.010","6.000","2021-06-02 00:18:15"
"2020-03-22 00:00:00","W","0.265","0.266","0.264","6.000","2021-06-02 00:19:15"
"2020-03-22 00:00:00","D","1.035","1.050","1.019","6.000","2021-06-02 00:18:15"
"2020-03-22 06:00:00","W","0.264","0.264","0.263","6.000","2021-06-02 00:19:15"
"2020-03-22 06:00:00","D","1.014","1.019","1.010","6.000","2021-06-02 00:18:15"
"2020-03-22 12:00:00","W","0.264","0.264","0.263","6.000","2021-06-02 00:19:15"
"2020-03-22 12:00:00","D","1.017","1.023","1.009","6.000","2021-06-02 00:18:15"
"2020-03-22 18:00:00","W","0.264","0.265","0.264","6.000","2021-06-02 00:19:15"
"2020-03-22 18:00:00","D","1.022","1.029","1.013","6.000","2021-06-02 00:18:15"
"2020-03-23 00:00:00","W","0.265","0.266","0.264","6.000","2021-06-02 00:19:15"
"2020-03-23 00:00:00","D","1.028","1.050","1.015","6.000","2021-06-02 00:18:15"
"2020-03-23 06:00:00","W","0.265","0.266","0.264","6.000","2021-06-02 00:19:15"
"2020-03-23 06:00:00","D","1.032","1.043","1.024","6.000","2021-06-02 00:18:15"
"2020-03-23 12:00:00","W","0.266","0.266","0.265","6.000","2021-06-02 00:19:15"
"2020-03-23 12:00:00","D","1.039","1.051","1.029","6.000","2021-06-02 00:18:15"
"2020-03-23 18:00:00","W","0.266","0.266","0.266","6.000","2021-06-02 00:19:15"
"2020-03-23 18:00:00","D","1.046","1.053","1.042","6.000","2021-06-02 00:18:15"
"2020-03-24 00:00:00","W","0.266","0.266","0.265","6.000","2021-06-02 00:19:15"
"2020-03-24 00:00:00","D","1.038","1.046","1.028","4.000","2021-06-02 00:18:15"
"2020-03-24 06:00:00","W","0.266","0.267","0.265","6.000","2021-06-02 00:19:15"
"2020-03-24 06:00:00","D","1.042","1.057","1.035","6.000","2021-06-02 00:18:45"
"2020-03-24 12:00:00","W","0.266","0.268","0.265","6.000","2021-06-02 00:19:15"
"2020-03-24 12:00:00","D","1.043","1.072","1.031","6.000","2021-06-02 00:18:45"
"2020-03-24 18:00:00","W","0.262","0.263","0.261","6.000","2021-06-02 00:19:15"
"2020-03-24 18:00:00","D","0.987","1.004","0.976","6.000","2021-06-02 00:18:45"
"2020-03-25 00:00:00","W","0.263","0.263","0.262","6.000","2021-06-02 00:19:15"
"2020-03-25 00:00:00","D","0.998","1.003","0.994","6.000","2021-06-02 00:18:45"
"2020-03-25 06:00:00","W","0.262","0.263","0.262","6.000","2021-06-02 00:19:15"
"2020-03-25 06:00:00","D","0.993","0.999","0.986","6.000","2021-06-02 00:18:45"
"2020-03-25 12:00:00","W","0.364","0.507","0.262","6.000","2021-06-02 00:19:15"
"2020-03-25 12:00:00","D","3.113","6.624","0.997","6.000","2021-06-02 00:18:45"
"2020-03-25 18:00:00","W","0.263","0.270","0.259","6.000","2021-06-02 00:19:15"
"2020-03-25 18:00:00","D","1.009","1.097","0.951","6.000","2021-06-02 00:18:45"
"2020-03-26 00:00:00","W","0.259","0.260","0.258","6.000","2021-06-02 00:19:15"
"2020-03-26 00:00:00","D","0.950","0.962","0.940","6.000","2021-06-02 00:18:45"
"2020-03-26 06:00:00","W","0.259","0.259","0.258","6.000","2021-06-02 00:19:15"
"2020-03-26 06:00:00","D","0.944","0.951","0.939","6.000","2021-06-02 00:18:45"
"2020-03-26 12:00:00","W","0.260","0.263","0.258","6.000","2021-06-02 00:19:15"
"2020-03-26 12:00:00","D","0.962","0.999","0.940","6.000","2021-06-02 00:18:45"
"2020-03-26 18:00:00","W","0.258","0.259","0.258","6.000","2021-06-02 00:19:15"
"2020-03-26 18:00:00","D","0.940","0.946","0.934","6.000","2021-06-02 00:18:45"
"2020-03-27 00:00:00","W","0.258","0.259","0.257","6.000","2021-06-02 00:19:15"
"2020-03-27 00:00:00","D","0.937","0.947","0.923","6.000","2021-06-02 00:18:45"
"2020-03-27 06:00:00","W","0.257","0.258","0.256","6.000","2021-06-02 00:19:15"
"2020-03-27 06:00:00","D","0.919","0.931","0.905","6.000","2021-06-02 00:18:45"
"2020-03-27 12:00:00","W","0.262","0.264","0.258","6.000","2021-06-02 00:19:15"
"2020-03-27 12:00:00","D","0.983","1.020","0.942","6.000","2021-06-02 00:18:45"
"2020-03-27 18:00:00","W","0.262","0.263","0.261","6.000","2021-06-02 00:19:15"
"2020-03-27 18:00:00","D","0.989","1.004","0.972","6.000","2021-06-02 00:18:45"
"2020-03-28 00:00:00","W","0.260","0.261","0.258","6.000","2021-06-02 00:19:15"
"2020-03-28 00:00:00","D","0.958","0.982","0.934","6.000","2021-06-02 00:18:45"
"2020-03-28 06:00:00","W","0.260","0.260","0.259","6.000","2021-06-02 00:19:15"
"2020-03-28 06:00:00","D","0.955","0.961","0.949","6.000","2021-06-02 00:18:45"
"2020-03-28 12:00:00","W","0.260","0.260","0.259","6.000","2021-06-02 00:19:15"
"2020-03-28 12:00:00","D","0.959","0.963","0.949","6.000","2021-06-02 00:18:45"
"2020-03-28 18:00:00","W","0.260","0.260","0.258","6.000","2021-06-02 00:19:15"
"2020-03-28 18:00:00","D","0.955","0.962","0.941","6.000","2021-06-02 00:18:45"
"2020-03-29 00:00:00","W","0.259","0.260","0.257","6.000","2021-06-02 00:19:15"
"2020-03-29 00:00:00","D","0.945","0.959","0.922","6.000","2021-06-02 00:18:45"
"2020-03-29 06:00:00","W","0.259","0.259","0.258","6.000","2021-06-02 00:19:15"
"2020-03-29 06:00:00","D","0.945","0.955","0.936","6.000","2021-06-02 00:18:45"
"2020-03-29 12:00:00","W","0.260","0.260","0.259","6.000","2021-06-02 00:19:15"
"2020-03-29 12:00:00","D","0.957","0.963","0.954","6.000","2021-06-02 00:18:45"
"2020-03-29 18:00:00","W","0.259","0.259","0.258","6.000","2021-06-02 00:19:15"
"2020-03-29 18:00:00","D","0.948","0.953","0.938","6.000","2021-06-02 00:18:45"
"2020-03-30 00:00:00","W","0.258","0.259","0.258","6.000","2021-06-02 00:19:15"
"2020-03-30 00:00:00","D","0.939","0.946","0.933","6.000","2021-06-02 00:18:45"
"2020-03-30 06:00:00","W","0.258","0.259","0.258","6.000","2021-06-02 00:19:15"
"2020-03-30 06:00:00","D","0.942","0.947","0.932","6.000","2021-06-02 00:18:45"
"2020-03-30 12:00:00","W","0.258","0.259","0.258","6.000","2021-06-02 00:19:15"
"2020-03-30 12:00:00","D","0.943","0.954","0.930","6.000","2021-06-02 00:18:45"
"2020-03-30 18:00:00","W","0.260","0.262","0.257","6.000","2021-06-02 00:19:15"
"2020-03-30 18:00:00","D","0.959","0.987","0.929","6.000","2021-06-02 00:18:45"
"2020-03-31 00:00:00","W","0.261","0.263","0.259","6.000","2021-06-02 00:19:15"
"2020-03-31 00:00:00","D","0.976","1.006","0.954","6.000","2021-06-02 00:18:45"
"2020-03-31 06:00:00","W","0.261","0.262","0.260","6.000","2021-06-02 00:19:15"
"2020-03-31 06:00:00","D","0.979","0.991","0.965","6.000","2021-06-02 00:18:45"
"2020-03-31 12:00:00","W","0.262","0.264","0.261","6.000","2021-06-02 00:19:15"
"2020-03-31 12:00:00","D","0.996","1.014","0.980","6.000","2021-06-02 00:18:45"
"2020-03-31 18:00:00","W","0.261","0.261","0.260","6.000","2021-06-02 00:19:15"
"2020-03-31 18:00:00","D","0.972","0.977","0.966","6.000","2021-06-02 00:18:45"
"2020-04-01 00:00:00","W","0.262","0.264","0.261","6.000","2021-06-02 00:19:15"
"2020-04-01 00:00:00","D","0.987","1.016","0.972","6.000","2021-06-02 00:18:45"
"2020-04-01 06:00:00","W","0.263","0.264","0.262","6.000","2021-06-01 21:42:06"
"2020-04-01 06:00:00","D","1.003","1.023","0.987","6.000","2021-06-01 21:41:35"
"2020-04-01 12:00:00","W","0.261","0.262","0.261","6.000","2021-06-01 21:42:06"
"2020-04-01 12:00:00","D","0.980","0.986","0.971","6.000","2021-06-01 21:41:35"
"2020-04-01 18:00:00","W","0.261","0.261","0.260","6.000","2021-06-01 21:42:06"
"2020-04-01 18:00:00","D","0.972","0.978","0.968","6.000","2021-06-01 21:41:35"
"2020-04-02 00:00:00","W","0.260","0.261","0.260","6.000","2021-06-01 21:42:06"
"2020-04-02 00:00:00","D","0.964","0.972","0.960","6.000","2021-06-01 21:41:35"
"2020-04-02 06:00:00","W","0.260","0.261","0.260","6.000","2021-06-01 21:42:06"
"2020-04-02 06:00:00","D","0.968","0.974","0.964","6.000","2021-06-01 21:41:35"
"2020-04-02 12:00:00","W","0.260","0.261","0.258","6.000","2021-06-01 21:42:06"
"2020-04-02 12:00:00","D","0.958","0.974","0.937","6.000","2021-06-01 21:41:35"
"2020-04-02 18:00:00","W","0.258","0.262","0.257","6.000","2021-06-01 21:42:06"
"2020-04-02 18:00:00","D","0.941","0.992","0.928","6.000","2021-06-01 21:41:35"
"2020-04-03 00:00:00","W","0.260","0.266","0.258","6.000","2021-06-01 21:42:06"
"2020-04-03 00:00:00","D","0.969","1.039","0.933","6.000","2021-06-01 21:41:35"
"2020-04-03 06:00:00","W","0.258","0.259","0.258","6.000","2021-06-01 21:42:06"
"2020-04-03 06:00:00","D","0.936","0.943","0.931","6.000","2021-06-01 21:41:35"
"2020-04-03 12:00:00","W","0.258","0.259","0.258","6.000","2021-06-01 21:42:06"
"2020-04-03 12:00:00","D","0.938","0.944","0.931","6.000","2021-06-01 21:41:35"
"2020-04-03 18:00:00","W","0.258","0.258","0.257","6.000","2021-06-01 21:42:06"
"2020-04-03 18:00:00","D","0.934","0.940","0.929","6.000","2021-06-01 21:41:35"
"2020-04-04 00:00:00","W","0.257","0.258","0.256","6.000","2021-06-01 21:42:06"
"2020-04-04 00:00:00","D","0.918","0.935","0.912","6.000","2021-06-01 21:41:35"
"2020-04-04 06:00:00","W","0.257","0.257","0.256","6.000","2021-06-01 21:42:06"
"2020-04-04 06:00:00","D","0.919","0.925","0.910","6.000","2021-06-01 21:41:35"
"2020-04-04 12:00:00","W","0.257","0.258","0.257","6.000","2021-06-01 21:42:06"
"2020-04-04 12:00:00","D","0.927","0.937","0.922","6.000","2021-06-01 21:41:35"
"2020-04-04 18:00:00","W","0.258","0.258","0.257","6.000","2021-06-01 21:42:06"
"2020-04-04 18:00:00","D","0.929","0.934","0.918","6.000","2021-06-01 21:41:35"
"2020-04-05 00:00:00","W","0.258","0.258","0.257","6.000","2021-06-01 21:42:06"
"2020-04-05 00:00:00","D","0.930","0.939","0.921","6.000","2021-06-01 21:41:35"
"2020-04-05 06:00:00","W","0.258","0.258","0.257","6.000","2021-06-01 21:42:06"
"2020-04-05 06:00:00","D","0.930","0.934","0.925","6.000","2021-06-01 21:41:35"
"2020-04-05 12:00:00","W","0.258","0.258","0.257","6.000","2021-06-01 21:42:06"
"2020-04-05 12:00:00","D","0.932","0.938","0.925","6.000","2021-06-01 21:41:35"
"2020-04-05 18:00:00","W","0.258","0.258","0.257","6.000","2021-06-01 21:42:06"
"2020-04-05 18:00:00","D","0.931","0.934","0.923","6.000","2021-06-01 21:41:35"
"2020-04-06 00:00:00","W","0.257","0.258","0.257","6.000","2021-06-01 21:42:06"
"2020-04-06 00:00:00","D","0.926","0.931","0.921","6.000","2021-06-01 21:41:35"
"2020-04-06 06:00:00","W","0.257","0.258","0.257","6.000","2021-06-01 21:42:06"
"2020-04-06 06:00:00","D","0.928","0.930","0.924","6.000","2021-06-01 21:41:35"
"2020-04-06 12:00:00","W","0.258","0.258","0.257","6.000","2021-06-01 21:42:06"
"2020-04-06 12:00:00","D","0.930","0.936","0.925","6.000","2021-06-01 21:41:35"
"2020-04-06 18:00:00","W","0.257","0.258","0.257","6.000","2021-06-01 21:42:06"
"2020-04-06 18:00:00","D","0.931","0.936","0.926","6.000","2021-06-01 21:41:35"
"2020-04-07 00:00:00","W","0.259","0.262","0.257","6.000","2021-06-01 21:42:06"
"2020-04-07 00:00:00","D","0.953","0.984","0.922","6.000","2021-06-01 21:41:35"
"2020-04-07 06:00:00","W","0.257","0.258","0.257","6.000","2021-06-01 21:42:06"
"2020-04-07 06:00:00","D","0.929","0.935","0.924","6.000","2021-06-01 21:41:35"
"2020-04-07 12:00:00","W","0.400","0.480","0.273","6.000","2021-06-01 21:42:06"
"2020-04-07 12:00:00","D","3.800","5.771","1.164","6.000","2021-06-01 21:41:35"
"2020-04-07 18:00:00","W","0.262","0.278","0.256","6.000","2021-06-01 21:42:06"
"2020-04-07 18:00:00","D","0.986","1.224","0.906","6.000","2021-06-01 21:41:35"
"2020-04-08 00:00:00","W","0.258","0.258","0.257","6.000","2021-06-01 21:42:06"
"2020-04-08 00:00:00","D","0.930","0.942","0.922","6.000","2021-06-01 21:41:35"
"2020-04-08 06:00:00","W","0.258","0.258","0.257","6.000","2021-06-01 21:42:06"
"2020-04-08 06:00:00","D","0.934","0.939","0.924","6.000","2021-06-01 21:41:35"
"2020-04-08 12:00:00","W","0.258","0.259","0.258","6.000","2021-06-01 21:42:06"
"2020-04-08 12:00:00","D","0.941","0.947","0.938","6.000","2021-06-01 21:41:35"
"2020-04-08 18:00:00","W","0.257","0.258","0.257","6.000","2021-06-01 21:42:06"
"2020-04-08 18:00:00","D","0.930","0.941","0.924","6.000","2021-06-01 21:41:35"
"2020-04-09 00:00:00","W","0.257","0.258","0.256","6.000","2021-06-01 21:42:06"
"2020-04-09 00:00:00","D","0.918","0.930","0.911","6.000","2021-06-01 21:41:35"
"2020-04-09 06:00:00","W","0.257","0.258","0.257","6.000","2021-06-01 21:42:06"
"2020-04-09 06:00:00","D","0.927","0.932","0.923","6.000","2021-06-01 21:41:35"
"2020-04-09 12:00:00","W","0.257","0.258","0.257","6.000","2021-06-01 21:42:06"
"2020-04-09 12:00:00","D","0.929","0.937","0.923","6.000","2021-06-01 21:41:35"
"2020-04-09 18:00:00","W","0.258","0.258","0.258","6.000","2021-06-01 21:42:06"
"2020-04-09 18:00:00","D","0.934","0.938","0.930","6.000","2021-06-01 21:41:35"
"2020-04-10 00:00:00","W","0.258","0.258","0.257","6.000","2021-06-01 21:42:06"
"2020-04-10 00:00:00","D","0.933","0.936","0.929","6.000","2021-06-01 21:41:35"
"2020-04-10 06:00:00","W","0.258","0.258","0.257","6.000","2021-06-01 21:42:06"
"2020-04-10 06:00:00","D","0.927","0.932","0.918","6.000","2021-06-01 21:41:35"
"2020-04-10 12:00:00","W","0.258","0.258","0.257","6.000","2021-06-01 21:42:06"
"2020-04-10 12:00:00","D","0.932","0.937","0.926","6.000","2021-06-01 21:41:35"
"2020-04-10 18:00:00","W","0.258","0.258","0.257","6.000","2021-06-01 21:42:06"
"2020-04-10 18:00:00","D","0.931","0.938","0.922","6.000","2021-06-01 21:41:35"
"2020-04-11 00:00:00","W","0.258","0.258","0.257","6.000","2021-06-01 21:42:06"
"2020-04-11 00:00:00","D","0.933","0.937","0.927","6.000","2021-06-01 21:41:35"
"2020-04-11 06:00:00","W","0.258","0.258","0.257","6.000","2021-06-01 21:42:06"
"2020-04-11 06:00:00","D","0.933","0.941","0.925","6.000","2021-06-01 21:41:35"
"2020-04-11 12:00:00","W","0.258","0.259","0.258","6.000","2021-06-01 21:42:06"
"2020-04-11 12:00:00","D","0.942","0.950","0.937","6.000","2021-06-01 21:41:35"
"2020-04-11 18:00:00","W","0.260","0.260","0.259","6.000","2021-06-01 21:42:06"
"2020-04-11 18:00:00","D","0.955","0.961","0.945","6.000","2021-06-01 21:41:35"
"2020-04-12 00:00:00","W","0.259","0.259","0.259","6.000","2021-06-01 21:42:06"
"2020-04-12 00:00:00","D","0.947","0.952","0.943","6.000","2021-06-01 21:41:35"
"2020-04-12 06:00:00","W","0.259","0.260","0.259","6.000","2021-06-01 21:42:06"
"2020-04-12 06:00:00","D","0.953","0.957","0.946","6.000","2021-06-01 21:41:35"
"2020-04-12 12:00:00","W","0.259","0.260","0.259","6.000","2021-06-01 21:42:06"
"2020-04-12 12:00:00","D","0.954","0.960","0.948","6.000","2021-06-01 21:41:35"
"2020-04-12 18:00:00","W","0.259","0.260","0.259","6.000","2021-06-01 21:42:06"
"2020-04-12 18:00:00","D","0.952","0.958","0.944","6.000","2021-06-01 21:41:35"
"2020-04-13 00:00:00","W","0.259","0.259","0.259","6.000","2021-06-01 21:42:06"
"2020-04-13 00:00:00","D","0.951","0.955","0.947","6.000","2021-06-01 21:41:35"
"2020-04-13 06:00:00","W","0.259","0.260","0.259","6.000","2021-06-01 21:42:06"
"2020-04-13 06:00:00","D","0.954","0.959","0.951","6.000","2021-06-01 21:41:35"
"2020-04-13 12:00:00","W","0.259","0.260","0.259","6.000","2021-06-01 21:42:06"
"2020-04-13 12:00:00","D","0.954","0.957","0.951","6.000","2021-06-01 21:41:35"
"2020-04-13 18:00:00","W","0.259","0.260","0.259","6.000","2021-06-01 21:42:06"
"2020-04-13 18:00:00","D","0.953","0.958","0.950","6.000","2021-06-01 21:41:35"
"2020-04-14 00:00:00","W","0.259","0.260","0.259","6.000","2021-06-01 21:42:06"
"2020-04-14 00:00:00","D","0.951","0.959","0.943","6.000","2021-06-01 21:41:35"
"2020-04-14 06:00:00","W","0.259","0.260","0.259","6.000","2021-06-01 21:42:06"
"2020-04-14 06:00:00","D","0.950","0.956","0.945","6.000","2021-06-01 21:41:35"
"2020-04-14 12:00:00","W","0.259","0.259","0.259","6.000","2021-06-01 21:42:06"
"2020-04-14 12:00:00","D","0.951","0.952","0.950","6.000","2021-06-01 21:41:35"
"2020-04-14 18:00:00","W","0.259","0.260","0.259","6.000","2021-06-01 21:42:06"
"2020-04-14 18:00:00","D","0.955","0.961","0.949","6.000","2021-06-01 21:41:35"
"2020-04-15 00:00:00","W","0.259","0.260","0.259","6.000","2021-06-01 21:42:06"
"2020-04-15 00:00:00","D","0.955","0.962","0.951","6.000","2021-06-01 21:41:35"
"2020-04-15 06:00:00","W","0.259","0.260","0.259","6.000","2021-06-01 21:42:06"
"2020-04-15 06:00:00","D","0.955","0.960","0.952","6.000","2021-06-01 21:41:35"
"2020-04-15 12:00:00","W","0.259","0.260","0.259","6.000","2021-06-01 21:42:06"
"2020-04-15 12:00:00","D","0.957","0.966","0.951","6.000","2021-06-01 21:41:36"
"2020-04-15 18:00:00","W","0.260","0.260","0.259","6.000","2021-06-01 21:42:06"
"2020-04-15 18:00:00","D","0.958","0.966","0.948","6.000","2021-06-01 21:41:35"
"2020-04-16 00:00:00","W","0.262","0.264","0.259","6.000","2021-06-01 21:42:06"
"2020-04-16 00:00:00","D","0.983","1.017","0.951","6.000","2021-06-01 21:41:36"
"2020-04-16 06:00:00","W","0.260","0.261","0.259","6.000","2021-06-01 21:42:06"
"2020-04-16 06:00:00","D","0.965","0.982","0.954","6.000","2021-06-01 21:41:35"
"2020-04-16 12:00:00","W","0.260","0.260","0.260","6.000","2021-06-01 21:42:06"
"2020-04-16 12:00:00","D","0.960","0.963","0.958","6.000","2021-06-01 21:41:36"
"2020-04-16 18:00:00","W","0.260","0.260","0.260","6.000","2021-06-01 21:42:06"
"2020-04-16 18:00:00","D","0.962","0.964","0.961","6.000","2021-06-01 21:41:35"
"2020-04-17 00:00:00","W","0.260","0.261","0.259","6.000","2021-06-01 21:42:06"
"2020-04-17 00:00:00","D","0.963","0.972","0.957","6.000","2021-06-01 21:41:35"
"2020-04-17 06:00:00","W","0.260","0.261","0.260","6.000","2021-06-01 21:42:06"
"2020-04-17 06:00:00","D","0.964","0.971","0.961","6.000","2021-06-01 21:41:35"
"2020-04-17 12:00:00","W","0.261","0.261","0.260","6.000","2021-06-01 21:42:06"
"2020-04-17 12:00:00","D","0.971","0.977","0.968","6.000","2021-06-01 21:41:35"
"2020-04-17 18:00:00","W","0.260","0.260","0.260","6.000","2021-06-01 21:42:06"
"2020-04-17 18:00:00","D","0.966","0.969","0.960","6.000","2021-06-01 21:41:35"
"2020-04-18 00:00:00","W","0.260","0.260","0.260","6.000","2021-06-01 21:42:06"
"2020-04-18 00:00:00","D","0.962","0.968","0.957","6.000","2021-06-01 21:41:35"
"2020-04-18 06:00:00","W","0.260","0.260","0.259","6.000","2021-06-01 21:42:06"
"2020-04-18 06:00:00","D","0.960","0.969","0.954","6.000","2021-06-01 21:41:35"
"2020-04-18 12:00:00","W","0.261","0.261","0.260","6.000","2021-06-01 21:42:06"
"2020-04-18 12:00:00","D","0.970","0.974","0.962","6.000","2021-06-01 21:41:35"
"2020-04-18 18:00:00","W","0.260","0.260","0.260","6.000","2021-06-01 21:42:06"
"2020-04-18 18:00:00","D","0.966","0.969","0.964","6.000","2021-06-01 21:41:36"
"2020-04-19 00:00:00","W","0.260","0.261","0.260","6.000","2021-06-01 21:42:06"
"2020-04-19 00:00:00","D","0.966","0.974","0.960","6.000","2021-06-01 21:41:35"
"2020-04-19 06:00:00","W","0.260","0.261","0.260","6.000","2021-06-01 21:42:06"
"2020-04-19 06:00:00","D","0.966","0.970","0.961","6.000","2021-06-01 21:41:36"
"2020-04-19 12:00:00","W","0.260","0.261","0.260","6.000","2021-06-01 21:42:06"
"2020-04-19 12:00:00","D","0.970","0.976","0.965","6.000","2021-06-01 21:41:35"
"2020-04-19 18:00:00","W","0.280","0.300","0.260","6.000","2021-06-01 21:42:06"
"2020-04-19 18:00:00","D","1.258","1.565","0.970","6.000","2021-06-01 21:41:36"
"2020-04-20 00:00:00","W","0.263","0.265","0.262","6.000","2021-06-01 21:42:06"
"2020-04-20 00:00:00","D","1.007","1.032","0.990","6.000","2021-06-01 21:41:35"
"2020-04-20 06:00:00","W","0.262","0.262","0.262","6.000","2021-06-01 21:42:06"
"2020-04-20 06:00:00","D","0.988","0.991","0.985","6.000","2021-06-01 21:41:36"
"2020-04-20 12:00:00","W","0.262","0.262","0.262","6.000","2021-06-01 21:42:06"
"2020-04-20 12:00:00","D","0.992","0.994","0.985","6.000","2021-06-01 21:41:35"
"2020-04-20 18:00:00","W","0.262","0.262","0.261","6.000","2021-06-01 21:42:06"
"2020-04-20 18:00:00","D","0.984","0.990","0.977","6.000","2021-06-01 21:41:35"
"2020-04-21 00:00:00","W","0.262","0.262","0.261","6.000","2021-06-01 21:42:06"
"2020-04-21 00:00:00","D","0.984","0.989","0.982","6.000","2021-06-01 21:41:35"
"2020-04-21 06:00:00","W","0.262","0.262","0.261","6.000","2021-06-01 21:42:06"
"2020-04-21 06:00:00","D","0.983","0.987","0.977","6.000","2021-06-01 21:41:35"
"2020-04-21 12:00:00","W","0.262","0.263","0.261","6.000","2021-06-01 21:42:06"
"2020-04-21 12:00:00","D","0.991","0.999","0.980","6.000","2021-06-01 21:41:35"
"2020-04-21 18:00:00","W","0.263","0.263","0.262","6.000","2021-06-01 21:42:06"
"2020-04-21 18:00:00","D","0.999","1.008","0.987","6.000","2021-06-01 21:41:35"
"2020-04-22 00:00:00","W","0.262","0.262","0.262","6.000","2021-06-01 21:42:06"
"2020-04-22 00:00:00","D","0.990","0.993","0.984","6.000","2021-06-01 21:41:35"
"2020-04-22 06:00:00","W","0.266","0.288","0.261","6.000","2021-06-01 21:42:06"
"2020-04-22 06:00:00","D","1.095","1.635","0.977","6.000","2021-06-01 21:41:35"
"2020-04-22 12:00:00","W","0.262","0.262","0.261","6.000","2021-06-01 21:42:06"
"2020-04-22 12:00:00","D","0.984","0.989","0.977","6.000","2021-06-01 21:41:36"
"2020-04-22 18:00:00","W","0.262","0.262","0.261","6.000","2021-06-01 21:42:06"
"2020-04-22 18:00:00","D","0.986","0.993","0.981","6.000","2021-06-01 21:41:36"
"2020-04-23 00:00:00","W","0.262","0.262","0.261","6.000","2021-06-01 21:42:06"
"2020-04-23 00:00:00","D","0.983","0.987","0.979","6.000","2021-06-01 21:41:36"
"2020-04-23 06:00:00","W","0.262","0.262","0.261","6.000","2021-06-01 21:42:06"
"2020-04-23 06:00:00","D","0.987","0.992","0.981","6.000","2021-06-01 21:41:36"
"2020-04-23 12:00:00","W","0.262","0.262","0.261","6.000","2021-06-01 21:42:06"
"2020-04-23 12:00:00","D","0.986","0.994","0.979","6.000","2021-06-01 21:41:36"
"2020-04-23 18:00:00","W","0.262","0.262","0.262","6.000","2021-06-01 21:42:06"
"2020-04-23 18:00:00","D","0.985","0.985","0.985","1.000","2021-06-01 21:41:36"
"2020-04-24 00:00:00","W","0.262","0.263","0.262","6.000","2021-06-01 21:42:06"
"2020-04-24 06:00:00","W","0.262","0.262","0.261","6.000","2021-06-01 21:42:06"
"2020-04-24 12:00:00","W","0.262","0.262","0.262","6.000","2021-06-01 21:42:06"
"2020-04-24 18:00:00","W","0.261","0.262","0.261","6.000","2021-06-01 21:42:06"
"2020-04-25 00:00:00","W","0.262","0.263","0.262","6.000","2021-06-01 21:42:06"
"2020-04-25 06:00:00","W","0.262","0.262","0.261","6.000","2021-06-01 21:42:06"
"2020-04-25 12:00:00","W","0.262","0.262","0.262","6.000","2021-06-01 21:42:06"
"2020-04-25 18:00:00","W","0.262","0.263","0.262","6.000","2021-06-01 21:42:06"
"2020-04-26 00:00:00","W","0.262","0.263","0.261","6.000","2021-06-01 21:42:06"
"2020-04-26 06:00:00","W","0.263","0.263","0.262","6.000","2021-06-01 21:42:06"
"2020-04-26 12:00:00","W","0.263","0.263","0.263","6.000","2021-06-01 21:42:06"
"2020-04-26 18:00:00","W","0.263","0.264","0.262","6.000","2021-06-01 21:42:06"
"2020-04-27 00:00:00","W","0.263","0.263","0.262","6.000","2021-06-01 21:42:06"
"2020-04-27 06:00:00","W","0.263","0.264","0.263","6.000","2021-06-01 21:42:06"
"2020-04-27 12:00:00","W","0.263","0.263","0.263","6.000","2021-06-01 21:42:06"
"2020-04-27 18:00:00","W","0.262","0.264","0.260","6.000","2021-06-01 21:42:06"
"2020-04-28 00:00:00","W","0.260","0.261","0.260","6.000","2021-06-01 21:42:06"
"2020-04-28 06:00:00","W","0.260","0.261","0.260","6.000","2021-06-01 21:42:06"
"2020-04-28 12:00:00","W","0.261","0.262","0.261","6.000","2021-06-01 21:42:06"
"2020-04-28 18:00:00","W","0.261","0.261","0.261","6.000","2021-06-01 21:42:06"
"2020-04-29 00:00:00","W","0.261","0.261","0.260","6.000","2021-06-01 21:42:06"
"2020-04-29 06:00:00","W","0.261","0.261","0.260","6.000","2021-06-01 21:42:06"
"2020-04-29 06:00:00","D","0.974","0.980","0.961","6.000","2021-06-01 21:42:06"
"2020-04-29 12:00:00","W","0.262","0.262","0.261","6.000","2021-06-01 21:42:06"
"2020-04-29 12:00:00","D","0.987","0.991","0.982","6.000","2021-06-01 21:42:06"
"2020-04-29 18:00:00","W","0.261","0.261","0.261","6.000","2021-06-01 21:42:06"
"2020-04-29 18:00:00","D","0.975","0.978","0.971","6.000","2021-06-01 21:42:06"
"2020-04-30 00:00:00","W","0.261","0.261","0.260","6.000","2021-06-01 21:42:06"
"2020-04-30 00:00:00","D","0.970","0.976","0.965","6.000","2021-06-01 21:42:06"
"2020-04-30 06:00:00","W","0.261","0.261","0.260","6.000","2021-06-01 21:42:06"
"2020-04-30 06:00:00","D","0.972","0.975","0.968","6.000","2021-06-01 21:42:06"
"2020-04-30 12:00:00","W","0.261","0.261","0.261","6.000","2021-06-01 21:42:06"
"2020-04-30 12:00:00","D","0.977","0.981","0.976","6.000","2021-06-01 21:42:06"
"2020-04-30 18:00:00","W","0.261","0.261","0.260","6.000","2021-06-01 21:42:06"
"2020-04-30 18:00:00","D","0.973","0.977","0.968","6.000","2021-06-01 21:42:06"
"2020-05-01 00:00:00","W","0.261","0.261","0.260","6.000","2021-06-02 00:59:08"
"2020-05-01 00:00:00","D","0.972","0.979","0.967","6.000","2021-06-02 01:02:13"
"2020-05-01 06:00:00","W","0.261","0.262","0.261","6.000","2021-06-02 00:59:08"
"2020-05-01 06:00:00","D","0.979","0.985","0.973","6.000","2021-06-02 01:02:13"
"2020-05-01 12:00:00","W","0.261","0.261","0.260","6.000","2021-06-02 00:59:08"
"2020-05-01 12:00:00","D","0.974","0.981","0.962","6.000","2021-06-02 01:02:13"
"2020-05-01 18:00:00","W","0.261","0.262","0.261","6.000","2021-06-02 00:59:08"
"2020-05-01 18:00:00","D","0.982","0.990","0.975","6.000","2021-06-02 01:02:13"
"2020-05-02 00:00:00","W","0.261","0.261","0.260","6.000","2021-06-02 00:59:08"
"2020-05-02 00:00:00","D","0.971","0.977","0.960","6.000","2021-06-02 01:02:13"
"2020-05-02 06:00:00","W","0.261","0.261","0.261","6.000","2021-06-02 00:59:08"
"2020-05-02 06:00:00","D","0.976","0.979","0.972","6.000","2021-06-02 01:02:13"
"2020-05-02 12:00:00","W","0.262","0.262","0.261","6.000","2021-06-02 00:59:08"
"2020-05-02 12:00:00","D","0.982","0.987","0.975","6.000","2021-06-02 01:02:13"
"2020-05-02 18:00:00","W","0.260","0.261","0.260","6.000","2021-06-02 00:59:08"
"2020-05-02 18:00:00","D","0.968","0.972","0.963","6.000","2021-06-02 01:02:13"
"2020-05-03 00:00:00","W","0.260","0.260","0.260","6.000","2021-06-02 00:59:08"
"2020-05-03 00:00:00","D","0.965","0.968","0.962","6.000","2021-06-02 01:02:13"
"2020-05-03 06:00:00","W","0.261","0.261","0.260","6.000","2021-06-02 00:59:08"
"2020-05-03 06:00:00","D","0.970","0.978","0.964","6.000","2021-06-02 01:02:13"
"2020-05-03 12:00:00","W","0.261","0.261","0.261","6.000","2021-06-02 00:59:08"
"2020-05-03 12:00:00","D","0.976","0.981","0.971","6.000","2021-06-02 01:02:13"
"2020-05-03 18:00:00","W","0.260","0.261","0.260","6.000","2021-06-02 00:59:08"
"2020-05-03 18:00:00","D","0.963","0.970","0.959","6.000","2021-06-02 01:02:13"
"2020-05-04 00:00:00","W","0.260","0.260","0.259","6.000","2021-06-02 00:59:08"
"2020-05-04 00:00:00","D","0.959","0.964","0.954","6.000","2021-06-02 01:02:13"
"2020-05-04 06:00:00","W","0.260","0.261","0.260","6.000","2021-06-02 00:59:08"
"2020-05-04 06:00:00","D","0.971","0.977","0.967","6.000","2021-06-02 01:02:13"
"2020-05-04 12:00:00","W","0.261","0.261","0.260","6.000","2021-06-02 00:59:08"
"2020-05-04 12:00:00","D","0.973","0.977","0.967","6.000","2021-06-02 01:02:13"
"2020-05-04 18:00:00","W","0.260","0.261","0.260","6.000","2021-06-02 00:59:08"
"2020-05-04 18:00:00","D","0.963","0.971","0.958","6.000","2021-06-02 01:02:13"
"2020-05-05 00:00:00","W","0.260","0.260","0.260","6.000","2021-06-02 00:59:08"
"2020-05-05 00:00:00","D","0.962","0.966","0.959","6.000","2021-06-02 01:02:13"
"2020-05-05 06:00:00","W","0.261","0.261","0.260","6.000","2021-06-02 00:59:08"
"2020-05-05 06:00:00","D","0.970","0.977","0.965","6.000","2021-06-02 01:02:13"
"2020-05-05 12:00:00","W","0.261","0.262","0.261","6.000","2021-06-02 00:59:08"
"2020-05-05 12:00:00","D","0.979","0.984","0.975","6.000","2021-06-02 01:02:13"
"2020-05-05 18:00:00","W","0.261","0.261","0.260","6.000","2021-06-02 00:59:08"
"2020-05-05 18:00:00","D","0.976","0.979","0.968","6.000","2021-06-02 01:02:13"
"2020-05-06 00:00:00","W","0.261","0.261","0.260","6.000","2021-06-02 00:59:08"
"2020-05-06 00:00:00","D","0.971","0.977","0.964","6.000","2021-06-02 01:02:13"
"2020-05-06 06:00:00","W","0.261","0.262","0.261","6.000","2021-06-02 00:59:08"
"2020-05-06 06:00:00","D","0.979","0.986","0.973","6.000","2021-06-02 01:02:13"
"2020-05-06 12:00:00","W","0.261","0.262","0.261","6.000","2021-06-02 00:59:08"
"2020-05-06 12:00:00","D","0.984","0.991","0.979","6.000","2021-06-02 01:02:13"
"2020-05-06 18:00:00","W","0.261","0.261","0.260","6.000","2021-06-02 00:59:08"
"2020-05-06 18:00:00","D","0.976","0.982","0.964","6.000","2021-06-02 01:02:13"
"2020-05-07 00:00:00","W","0.261","0.261","0.260","6.000","2021-06-02 00:59:08"
"2020-05-07 00:00:00","D","0.970","0.975","0.963","6.000","2021-06-02 01:02:13"
"2020-05-07 06:00:00","W","0.261","0.261","0.260","6.000","2021-06-02 00:59:08"
"2020-05-07 06:00:00","D","0.971","0.974","0.968","6.000","2021-06-02 01:02:13"
"2020-05-07 12:00:00","W","0.261","0.262","0.261","6.000","2021-06-02 00:59:08"
"2020-05-07 12:00:00","D","0.982","0.987","0.977","6.000","2021-06-02 01:02:13"
"2020-05-07 18:00:00","W","0.261","0.261","0.261","6.000","2021-06-02 00:59:08"
"2020-05-07 18:00:00","D","0.980","0.983","0.976","6.000","2021-06-02 01:02:13"
"2020-05-08 00:00:00","W","0.261","0.262","0.261","6.000","2021-06-02 00:59:08"
"2020-05-08 00:00:00","D","0.980","0.985","0.975","6.000","2021-06-02 01:02:13"
"2020-05-08 06:00:00","W","0.262","0.262","0.261","6.000","2021-06-02 00:59:08"
"2020-05-08 06:00:00","D","0.987","0.997","0.981","6.000","2021-06-02 01:02:13"
"2020-05-08 12:00:00","W","0.262","0.263","0.262","6.000","2021-06-02 00:59:08"
"2020-05-08 12:00:00","D","0.993","0.998","0.990","6.000","2021-06-02 01:02:13"
"2020-05-08 18:00:00","W","0.262","0.263","0.262","6.000","2021-06-02 00:59:08"
"2020-05-08 18:00:00","D","0.994","1.003","0.987","6.000","2021-06-02 01:02:13"
"2020-05-09 00:00:00","W","0.262","0.262","0.262","6.000","2021-06-02 00:59:08"
"2020-05-09 00:00:00","D","0.990","0.993","0.986","6.000","2021-06-02 01:02:13"
"2020-05-09 06:00:00","W","0.262","0.263","0.262","6.000","2021-06-02 00:59:08"
"2020-05-09 06:00:00","D","0.993","0.998","0.986","6.000","2021-06-02 01:02:13"
"2020-05-09 12:00:00","W","0.262","0.263","0.262","6.000","2021-06-02 00:59:08"
"2020-05-09 12:00:00","D","0.993","1.000","0.989","6.000","2021-06-02 01:02:13"
"2020-05-09 18:00:00","W","0.263","0.265","0.262","6.000","2021-06-02 00:59:08"
"2020-05-09 18:00:00","D","1.001","1.031","0.990","6.000","2021-06-02 01:02:13"
"2020-05-10 00:00:00","W","0.262","0.263","0.261","6.000","2021-06-02 00:59:08"
"2020-05-10 00:00:00","D","0.989","1.001","0.977","6.000","2021-06-02 01:02:13"
"2020-05-10 06:00:00","W","0.262","0.264","0.262","6.000","2021-06-02 00:59:08"
"2020-05-10 06:00:00","D","0.994","1.015","0.986","6.000","2021-06-02 01:02:13"
"2020-05-10 12:00:00","W","0.264","0.265","0.263","6.000","2021-06-02 00:59:08"
"2020-05-10 12:00:00","D","1.008","1.030","0.999","6.000","2021-06-02 01:02:13"
"2020-05-10 18:00:00","W","0.263","0.264","0.262","6.000","2021-06-02 00:59:08"
"2020-05-10 18:00:00","D","1.005","1.014","0.994","6.000","2021-06-02 01:02:13"
"2020-05-11 00:00:00","W","0.263","0.264","0.263","6.000","2021-06-02 00:59:08"
"2020-05-11 00:00:00","D","1.008","1.019","1.003","6.000","2021-06-02 01:02:13"
"2020-05-11 06:00:00","W","0.263","0.264","0.263","6.000","2021-06-02 00:59:08"
"2020-05-11 06:00:00","D","1.010","1.010","1.010","1.000","2021-06-02 01:02:13"
"2020-05-11 12:00:00","W","0.264","0.264","0.264","6.000","2021-06-02 00:59:08"
"2020-05-11 18:00:00","W","0.264","0.264","0.263","6.000","2021-06-02 00:59:08"
"2020-05-12 00:00:00","W","0.264","0.264","0.263","6.000","2021-06-02 00:59:08"
"2020-05-12 06:00:00","W","0.264","0.264","0.263","6.000","2021-06-02 00:59:08"
"2020-05-12 12:00:00","W","0.264","0.265","0.263","6.000","2021-06-02 00:59:08"
"2020-05-12 18:00:00","W","0.269","0.272","0.264","6.000","2021-06-02 00:59:08"
"2020-05-12 18:00:00","D","1.084","1.130","1.021","6.000","2021-06-02 01:02:43"
"2020-05-13 00:00:00","W","0.270","0.279","0.265","6.000","2021-06-02 00:59:08"
"2020-05-13 00:00:00","D","1.120","1.299","1.028","6.000","2021-06-02 01:02:43"
"2020-05-13 06:00:00","W","0.265","0.265","0.264","6.000","2021-06-02 00:59:08"
"2020-05-13 06:00:00","D","1.027","1.035","1.015","6.000","2021-06-02 01:02:43"
"2020-05-13 12:00:00","W","0.265","0.265","0.264","6.000","2021-06-02 00:59:08"
"2020-05-13 12:00:00","D","1.025","1.030","1.022","6.000","2021-06-02 01:02:43"
"2020-05-13 18:00:00","W","0.265","0.265","0.264","6.000","2021-06-02 00:59:08"
"2020-05-13 18:00:00","D","1.027","1.029","1.023","6.000","2021-06-02 01:02:43"
"2020-05-14 00:00:00","W","0.265","0.266","0.265","6.000","2021-06-02 00:59:08"
"2020-05-14 00:00:00","D","1.031","1.044","1.026","6.000","2021-06-02 01:02:43"
"2020-05-14 06:00:00","W","0.265","0.266","0.264","6.000","2021-06-02 00:59:08"
"2020-05-14 06:00:00","D","1.032","1.052","1.016","6.000","2021-06-02 01:02:43"
"2020-05-14 12:00:00","W","0.268","0.271","0.266","6.000","2021-06-02 00:59:08"
"2020-05-14 12:00:00","D","1.068","1.111","1.040","6.000","2021-06-02 01:02:43"
"2020-05-14 18:00:00","W","0.265","0.266","0.265","6.000","2021-06-02 00:59:08"
"2020-05-14 18:00:00","D","1.037","1.039","1.033","6.000","2021-06-02 01:02:43"
"2020-05-15 00:00:00","W","0.265","0.266","0.265","6.000","2021-06-02 00:59:08"
"2020-05-15 00:00:00","D","1.034","1.040","1.032","6.000","2021-06-02 01:02:43"
"2020-05-15 06:00:00","W","0.266","0.266","0.266","6.000","2021-06-02 00:59:08"
"2020-05-15 06:00:00","D","1.046","1.049","1.042","6.000","2021-06-02 01:02:43"
"2020-05-15 12:00:00","W","0.267","0.267","0.266","6.000","2021-06-02 00:59:08"
"2020-05-15 12:00:00","D","1.051","1.059","1.042","6.000","2021-06-02 01:02:43"
"2020-05-15 18:00:00","W","0.266","0.266","0.266","6.000","2021-06-02 00:59:08"
"2020-05-15 18:00:00","D","1.049","1.052","1.044","6.000","2021-06-02 01:02:43"
"2020-05-16 00:00:00","W","0.266","0.266","0.266","6.000","2021-06-02 00:59:08"
"2020-05-16 00:00:00","D","1.048","1.051","1.044","6.000","2021-06-02 01:02:43"
"2020-05-16 06:00:00","W","0.266","0.266","0.266","6.000","2021-06-02 00:59:08"
"2020-05-16 06:00:00","D","1.043","1.046","1.040","6.000","2021-06-02 01:02:43"
"2020-05-16 12:00:00","W","0.266","0.266","0.266","6.000","2021-06-02 00:59:08"
"2020-05-16 12:00:00","D","1.044","1.048","1.040","6.000","2021-06-02 01:02:43"
"2020-05-16 18:00:00","W","0.266","0.267","0.265","6.000","2021-06-02 00:59:08"
"2020-05-16 18:00:00","D","1.044","1.057","1.038","6.000","2021-06-02 01:02:43"
"2020-05-17 00:00:00","W","0.266","0.266","0.265","6.000","2021-06-02 00:59:08"
"2020-05-17 00:00:00","D","1.040","1.046","1.036","6.000","2021-06-02 01:02:43"
"2020-05-17 06:00:00","W","0.265","0.266","0.265","6.000","2021-06-02 00:59:08"
"2020-05-17 06:00:00","D","1.033","1.039","1.026","6.000","2021-06-02 01:02:43"
"2020-05-17 12:00:00","W","0.266","0.266","0.265","6.000","2021-06-02 00:59:08"
"2020-05-17 12:00:00","D","1.040","1.042","1.038","6.000","2021-06-02 01:02:43"
"2020-05-17 18:00:00","W","0.268","0.281","0.265","6.000","2021-06-02 00:59:08"
"2020-05-17 18:00:00","D","1.077","1.265","1.035","6.000","2021-06-02 01:02:43"
"2020-05-18 00:00:00","W","0.266","0.270","0.265","6.000","2021-06-02 00:59:08"
"2020-05-18 00:00:00","D","1.050","1.103","1.032","6.000","2021-06-02 01:02:43"
"2020-05-18 06:00:00","W","0.266","0.267","0.265","6.000","2021-06-02 00:59:08"
"2020-05-18 06:00:00","D","1.041","1.062","1.032","6.000","2021-06-02 01:02:43"
"2020-05-18 12:00:00","W","0.266","0.266","0.265","6.000","2021-06-02 00:59:08"
"2020-05-18 12:00:00","D","1.042","1.048","1.037","6.000","2021-06-02 01:02:43"
"2020-05-18 18:00:00","W","0.265","0.266","0.264","6.000","2021-06-02 00:59:08"
"2020-05-18 18:00:00","D","1.032","1.047","1.022","6.000","2021-06-02 01:02:43"
"2020-05-19 00:00:00","W","0.264","0.265","0.264","6.000","2021-06-02 00:59:08"
"2020-05-19 00:00:00","D","1.018","1.027","1.013","6.000","2021-06-02 01:02:43"
"2020-05-19 06:00:00","W","0.264","0.265","0.264","6.000","2021-06-02 00:59:08"
"2020-05-19 06:00:00","D","1.024","1.029","1.020","6.000","2021-06-02 01:02:43"
"2020-05-19 12:00:00","W","0.265","0.265","0.264","6.000","2021-06-02 00:59:08"
"2020-05-19 12:00:00","D","1.031","1.038","1.022","6.000","2021-06-02 01:02:43"
"2020-05-19 18:00:00","W","0.264","0.265","0.264","6.000","2021-06-02 00:59:08"
"2020-05-19 18:00:00","D","1.022","1.026","1.015","6.000","2021-06-02 01:02:43"
"2020-05-20 00:00:00","W","0.264","0.264","0.264","6.000","2021-06-02 00:59:08"
"2020-05-20 00:00:00","D","1.020","1.024","1.015","6.000","2021-06-02 01:02:43"
"2020-05-20 06:00:00","W","0.264","0.265","0.264","6.000","2021-06-02 00:59:08"
"2020-05-20 06:00:00","D","1.023","1.027","1.018","6.000","2021-06-02 01:02:43"
"2020-05-20 12:00:00","W","0.265","0.265","0.264","6.000","2021-06-02 00:59:08"
"2020-05-20 12:00:00","D","1.027","1.031","1.024","6.000","2021-06-02 01:02:43"
"2020-05-20 18:00:00","W","0.264","0.265","0.264","6.000","2021-06-02 00:59:08"
"2020-05-20 18:00:00","D","1.025","1.031","1.021","6.000","2021-06-02 01:02:43"
"2020-05-21 00:00:00","W","0.264","0.264","0.264","6.000","2021-06-02 00:59:08"
"2020-05-21 00:00:00","D","1.022","1.024","1.019","6.000","2021-06-02 01:02:43"
"2020-05-21 06:00:00","W","0.264","0.265","0.264","6.000","2021-06-02 00:59:08"
"2020-05-21 06:00:00","D","1.025","1.032","1.022","6.000","2021-06-02 01:02:43"
"2020-05-21 12:00:00","W","0.264","0.265","0.263","6.000","2021-06-02 00:59:08"
"2020-05-21 12:00:00","D","1.022","1.037","0.998","6.000","2021-06-02 01:02:43"
"2020-05-21 18:00:00","W","0.261","0.262","0.261","6.000","2021-06-02 00:59:08"
"2020-05-21 18:00:00","D","0.980","0.986","0.974","6.000","2021-06-02 01:02:43"
"2020-05-22 00:00:00","W","0.261","0.261","0.260","6.000","2021-06-02 00:59:08"
"2020-05-22 00:00:00","D","0.973","0.977","0.970","6.000","2021-06-02 01:02:43"
"2020-05-22 06:00:00","W","0.261","0.262","0.261","6.000","2021-06-02 00:59:08"
"2020-05-22 06:00:00","D","0.980","0.988","0.977","6.000","2021-06-02 01:02:43"
"2020-05-22 12:00:00","W","0.262","0.263","0.262","6.000","2021-06-02 00:59:08"
"2020-05-22 12:00:00","D","0.993","1.000","0.987","6.000","2021-06-02 01:02:43"
"2020-05-22 18:00:00","W","0.261","0.262","0.261","6.000","2021-06-02 00:59:08"
"2020-05-22 18:00:00","D","0.980","0.985","0.971","6.000","2021-06-02 01:02:43"
"2020-05-23 00:00:00","W","0.261","0.261","0.260","6.000","2021-06-02 00:59:08"
"2020-05-23 00:00:00","D","0.970","0.975","0.962","6.000","2021-06-02 01:02:43"
"2020-05-23 06:00:00","W","0.261","0.262","0.261","6.000","2021-06-02 00:59:08"
"2020-05-23 06:00:00","D","0.979","0.986","0.971","6.000","2021-06-02 01:02:43"
"2020-05-23 12:00:00","W","0.262","0.262","0.261","6.000","2021-06-02 00:59:08"
"2020-05-23 12:00:00","D","0.986","0.991","0.979","6.000","2021-06-02 01:02:43"
"2020-05-23 18:00:00","W","0.261","0.262","0.260","6.000","2021-06-02 00:59:08"
"2020-05-23 18:00:00","D","0.980","0.987","0.969","6.000","2021-06-02 01:02:43"
"2020-05-24 00:00:00","W","0.261","0.261","0.260","6.000","2021-06-02 00:59:08"
"2020-05-24 00:00:00","D","0.972","0.978","0.967","6.000","2021-06-02 01:02:43"
"2020-05-24 06:00:00","W","0.261","0.262","0.261","6.000","2021-06-02 00:59:08"
"2020-05-24 06:00:00","D","0.979","0.984","0.971","6.000","2021-06-02 01:02:43"
"2020-05-24 12:00:00","W","0.262","0.262","0.261","6.000","2021-06-02 00:59:08"
"2020-05-24 12:00:00","D","0.985","0.987","0.982","6.000","2021-06-02 01:02:43"
"2020-05-24 18:00:00","W","0.262","0.262","0.261","6.000","2021-06-02 00:59:08"
"2020-05-24 18:00:00","D","0.988","0.997","0.983","6.000","2021-06-02 01:02:43"
"2020-05-25 00:00:00","W","0.261","0.262","0.261","6.000","2021-06-02 00:59:08"
"2020-05-25 00:00:00","D","0.979","0.986","0.972","6.000","2021-06-02 01:02:43"
"2020-05-25 06:00:00","W","0.261","0.261","0.261","6.000","2021-06-02 00:59:08"
"2020-05-25 06:00:00","D","0.975","0.979","0.971","6.000","2021-06-02 01:02:43"
"2020-05-25 12:00:00","W","0.261","0.262","0.261","3.000","2021-06-02 00:59:08"
"2020-05-25 12:00:00","D","0.985","1.003","0.975","6.000","2021-06-02 01:02:43"
"2020-05-25 18:00:00","D","0.988","0.993","0.980","6.000","2021-06-02 01:02:43"
"2020-05-26 00:00:00","W","0.262","0.262","0.261","6.000","2021-06-02 00:59:38"
"2020-05-26 00:00:00","D","0.991","0.997","0.982","6.000","2021-06-02 01:02:43"
"2020-05-26 06:00:00","W","0.262","0.264","0.261","6.000","2021-06-02 00:59:38"
"2020-05-26 06:00:00","D","0.993","1.014","0.983","6.000","2021-06-02 01:02:43"
"2020-05-26 12:00:00","W","0.262","0.262","0.261","6.000","2021-06-02 00:59:38"
"2020-05-26 12:00:00","D","0.986","0.998","0.979","6.000","2021-06-02 01:02:43"
"2020-05-26 18:00:00","W","0.262","0.262","0.261","6.000","2021-06-02 00:59:38"
"2020-05-26 18:00:00","D","0.982","0.987","0.976","6.000","2021-06-02 01:02:43"
"2020-05-27 00:00:00","W","0.262","0.262","0.261","6.000","2021-06-02 00:59:38"
"2020-05-27 00:00:00","D","0.987","0.992","0.980","6.000","2021-06-02 01:02:43"
"2020-05-27 06:00:00","W","0.262","0.263","0.261","6.000","2021-06-02 00:59:38"
"2020-05-27 06:00:00","D","0.988","0.998","0.982","6.000","2021-06-02 01:02:43"
"2020-05-27 12:00:00","W","0.262","0.262","0.262","6.000","2021-06-02 00:59:38"
"2020-05-27 12:00:00","D","0.992","0.996","0.989","6.000","2021-06-02 01:02:43"
"2020-05-27 18:00:00","W","0.262","0.263","0.261","6.000","2021-06-02 00:59:38"
"2020-05-27 18:00:00","D","0.991","0.998","0.982","6.000","2021-06-02 01:02:43"
"2020-05-28 00:00:00","W","0.262","0.262","0.261","6.000","2021-06-02 00:59:38"
"2020-05-28 00:00:00","D","0.988","0.992","0.983","6.000","2021-06-02 01:02:43"
"2020-05-28 06:00:00","W","0.262","0.263","0.262","6.000","2021-06-02 00:59:38"
"2020-05-28 06:00:00","D","0.996","1.006","0.989","6.000","2021-06-02 01:02:43"
"2020-05-28 12:00:00","W","0.263","0.263","0.263","6.000","2021-06-02 00:59:38"
"2020-05-28 12:00:00","D","1.003","1.011","0.998","6.000","2021-06-02 01:02:43"
"2020-05-28 18:00:00","W","0.263","0.263","0.263","6.000","2021-06-02 00:59:38"
"2020-05-28 18:00:00","D","1.001","1.010","0.998","6.000","2021-06-02 01:02:43"
"2020-05-29 00:00:00","W","0.263","0.263","0.262","6.000","2021-06-02 00:59:38"
"2020-05-29 00:00:00","D","1.002","1.008","0.991","6.000","2021-06-02 01:02:43"
"2020-05-29 06:00:00","W","0.263","0.264","0.263","6.000","2021-06-02 00:59:38"
"2020-05-29 06:00:00","D","1.008","1.016","1.003","6.000","2021-06-02 01:02:43"
"2020-05-29 12:00:00","W","0.264","0.264","0.264","6.000","2021-06-02 00:59:38"
"2020-05-29 12:00:00","D","1.015","1.019","1.013","6.000","2021-06-02 01:02:43"
"2020-05-29 18:00:00","W","0.263","0.264","0.263","6.000","2021-06-02 00:59:38"
"2020-05-29 18:00:00","D","1.006","1.012","1.003","6.000","2021-06-02 01:02:43"
"2020-05-30 00:00:00","W","0.263","0.263","0.262","6.000","2021-06-02 00:59:38"
"2020-05-30 00:00:00","D","1.000","1.004","0.992","6.000","2021-06-02 01:02:43"
"2020-05-30 06:00:00","W","0.264","0.264","0.263","6.000","2021-06-02 00:59:38"
"2020-05-30 06:00:00","D","1.011","1.020","0.999","6.000","2021-06-02 01:02:43"
"2020-05-30 12:00:00","W","0.264","0.264","0.264","6.000","2021-06-02 00:59:38"
"2020-05-30 12:00:00","D","1.018","1.022","1.013","6.000","2021-06-02 01:02:43"
"2020-05-30 18:00:00","W","0.263","0.264","0.263","6.000","2021-06-02 00:59:38"
"2020-05-30 18:00:00","D","1.010","1.017","1.003","6.000","2021-06-02 01:02:43"
"2020-05-31 00:00:00","W","0.263","0.264","0.263","6.000","2021-06-02 00:59:38"
"2020-05-31 00:00:00","D","1.008","1.013","1.003","6.000","2021-06-02 01:02:43"
"2020-05-31 06:00:00","W","0.264","0.264","0.263","6.000","2021-06-02 00:59:38"
"2020-05-31 06:00:00","D","1.013","1.023","1.004","6.000","2021-06-02 01:02:43"
"2020-05-31 12:00:00","W","0.263","0.265","0.262","6.000","2021-06-02 00:59:38"
"2020-05-31 12:00:00","D","1.009","1.027","0.989","6.000","2021-06-02 01:02:43"
"2020-05-31 18:00:00","W","0.261","0.261","0.260","6.000","2021-06-02 00:59:38"
"2020-05-31 18:00:00","D","0.971","0.979","0.962","6.000","2021-06-02 01:02:43"
"2020-06-01 00:00:00","W","0.260","0.261","0.260","6.000","2021-06-02 00:59:38"
"2020-06-01 00:00:00","D","0.968","0.978","0.963","6.000","2021-06-02 01:02:43"
"2020-06-01 06:00:00","W","0.261","0.261","0.261","6.000","2021-06-01 23:49:01"
"2020-06-01 06:00:00","D","0.976","0.983","0.971","6.000","2021-06-01 23:42:53"
"2020-06-01 12:00:00","W","0.261","0.261","0.261","6.000","2021-06-01 23:49:01"
"2020-06-01 12:00:00","D","0.980","0.983","0.976","6.000","2021-06-01 23:42:53"
"2020-06-01 18:00:00","W","0.261","0.261","0.260","6.000","2021-06-01 23:49:01"
"2020-06-01 18:00:00","D","0.971","0.977","0.968","6.000","2021-06-01 23:42:53"
"2020-06-02 00:00:00","W","0.261","0.261","0.260","6.000","2021-06-01 23:49:01"
"2020-06-02 00:00:00","D","0.971","0.978","0.966","6.000","2021-06-01 23:42:53"
"2020-06-02 06:00:00","W","0.261","0.261","0.261","6.000","2021-06-01 23:49:01"
"2020-06-02 06:00:00","D","0.975","0.981","0.971","6.000","2021-06-01 23:42:53"
"2020-06-02 12:00:00","W","0.262","0.262","0.261","6.000","2021-06-01 23:49:01"
"2020-06-02 12:00:00","D","0.985","0.989","0.981","6.000","2021-06-01 23:42:53"
"2020-06-02 18:00:00","W","0.261","0.262","0.261","6.000","2021-06-01 23:49:01"
"2020-06-02 18:00:00","D","0.980","0.986","0.975","6.000","2021-06-01 23:42:53"
"2020-06-03 00:00:00","W","0.261","0.262","0.261","6.000","2021-06-01 23:49:01"
"2020-06-03 00:00:00","D","0.980","0.990","0.971","6.000","2021-06-01 23:42:53"
"2020-06-03 06:00:00","W","0.262","0.262","0.261","6.000","2021-06-01 23:49:01"
"2020-06-03 06:00:00","D","0.987","0.993","0.979","6.000","2021-06-01 23:42:53"
"2020-06-03 12:00:00","W","0.262","0.262","0.262","6.000","2021-06-01 23:49:01"
"2020-06-03 12:00:00","D","0.992","0.997","0.986","6.000","2021-06-01 23:42:53"
"2020-06-03 18:00:00","W","0.261","0.262","0.261","6.000","2021-06-01 23:49:01"
"2020-06-03 18:00:00","D","0.986","0.993","0.982","6.000","2021-06-01 23:42:53"
"2020-06-04 00:00:00","W","0.261","0.262","0.261","6.000","2021-06-01 23:49:01"
"2020-06-04 00:00:00","D","0.983","0.993","0.976","6.000","2021-06-01 23:42:53"
"2020-06-04 06:00:00","W","0.262","0.263","0.262","6.000","2021-06-01 23:49:01"
"2020-06-04 06:00:00","D","0.995","1.011","0.990","6.000","2021-06-01 23:42:53"
"2020-06-04 12:00:00","W","0.266","0.270","0.263","6.000","2021-06-01 23:49:01"
"2020-06-04 12:00:00","D","1.042","1.101","1.004","6.000","2021-06-01 23:42:53"
"2020-06-04 18:00:00","W","0.265","0.269","0.262","6.000","2021-06-01 23:49:01"
"2020-06-04 18:00:00","D","1.033","1.082","0.989","6.000","2021-06-01 23:42:53"
"2020-06-05 00:00:00","W","0.262","0.262","0.262","6.000","2021-06-01 23:49:01"
"2020-06-05 00:00:00","D","0.991","0.994","0.986","6.000","2021-06-01 23:42:53"
"2020-06-05 06:00:00","W","0.264","0.265","0.263","6.000","2021-06-01 23:49:01"
"2020-06-05 06:00:00","D","1.018","1.034","1.007","6.000","2021-06-01 23:42:53"
"2020-06-05 12:00:00","W","0.263","0.264","0.262","6.000","2021-06-01 23:49:01"
"2020-06-05 12:00:00","D","0.995","1.022","0.986","6.000","2021-06-01 23:42:53"
"2020-06-05 18:00:00","W","0.263","0.264","0.263","6.000","2021-06-01 23:49:01"
"2020-06-05 18:00:00","D","1.010","1.018","0.998","6.000","2021-06-01 23:42:53"
"2020-06-06 00:00:00","W","0.263","0.264","0.262","6.000","2021-06-01 23:49:01"
"2020-06-06 00:00:00","D","1.004","1.015","0.987","6.000","2021-06-01 23:42:53"
"2020-06-06 06:00:00","W","0.265","0.265","0.264","6.000","2021-06-01 23:49:01"
"2020-06-06 06:00:00","D","1.026","1.033","1.017","6.000","2021-06-01 23:42:53"
"2020-06-06 12:00:00","W","0.263","0.265","0.262","6.000","2021-06-01 23:49:01"
"2020-06-06 12:00:00","D","1.009","1.038","0.993","6.000","2021-06-01 23:42:53"
"2020-06-06 18:00:00","W","0.263","0.263","0.262","6.000","2021-06-01 23:49:01"
"2020-06-06 18:00:00","D","1.003","1.011","0.998","6.000","2021-06-01 23:42:53"
"2020-06-07 00:00:00","W","0.262","0.264","0.261","6.000","2021-06-01 23:49:01"
"2020-06-07 00:00:00","D","0.995","1.014","0.982","6.000","2021-06-01 23:42:53"
"2020-06-07 06:00:00","W","0.264","0.265","0.263","6.000","2021-06-01 23:49:01"
"2020-06-07 06:00:00","D","1.023","1.037","1.009","6.000","2021-06-01 23:42:53"
"2020-06-07 12:00:00","W","0.263","0.265","0.262","6.000","2021-06-01 23:49:01"
"2020-06-07 12:00:00","D","1.006","1.038","0.987","6.000","2021-06-01 23:42:53"
"2020-06-07 18:00:00","W","0.263","0.263","0.262","6.000","2021-06-01 23:49:01"
"2020-06-07 18:00:00","D","1.004","1.008","0.997","6.000","2021-06-01 23:42:53"
"2020-06-08 00:00:00","W","0.263","0.264","0.261","6.000","2021-06-01 23:49:01"
"2020-06-08 00:00:00","D","0.998","1.013","0.982","6.000","2021-06-01 23:42:53"
"2020-06-08 06:00:00","W","0.264","0.265","0.264","6.000","2021-06-01 23:49:01"
"2020-06-08 06:00:00","D","1.020","1.026","1.016","6.000","2021-06-01 23:42:53"
"2020-06-08 12:00:00","W","0.267","0.272","0.264","6.000","2021-06-01 23:49:01"
"2020-06-08 12:00:00","D","1.063","1.124","1.021","6.000","2021-06-01 23:42:53"
"2020-06-08 18:00:00","W","0.265","0.267","0.265","6.000","2021-06-01 23:49:01"
"2020-06-08 18:00:00","D","1.037","1.054","1.030","6.000","2021-06-01 23:42:53"
"2020-06-09 00:00:00","W","0.265","0.266","0.265","6.000","2021-06-01 23:49:01"
"2020-06-09 00:00:00","D","1.035","1.040","1.028","6.000","2021-06-01 23:42:53"
"2020-06-09 06:00:00","W","0.265","0.266","0.265","6.000","2021-06-01 23:49:01"
"2020-06-09 06:00:00","D","1.034","1.039","1.027","6.000","2021-06-01 23:42:53"
"2020-06-09 12:00:00","W","0.265","0.266","0.265","6.000","2021-06-01 23:49:01"
"2020-06-09 12:00:00","D","1.034","1.040","1.030","6.000","2021-06-01 23:42:53"
"2020-06-09 18:00:00","W","0.265","0.265","0.264","6.000","2021-06-01 23:49:01"
"2020-06-09 18:00:00","D","1.030","1.034","1.025","6.000","2021-06-01 23:42:53"
"2020-06-10 00:00:00","W","0.265","0.266","0.265","6.000","2021-06-01 23:49:01"
"2020-06-10 00:00:00","D","1.034","1.041","1.025","6.000","2021-06-01 23:42:53"
"2020-06-10 06:00:00","W","0.265","0.266","0.265","6.000","2021-06-01 23:49:01"
"2020-06-10 06:00:00","D","1.037","1.043","1.034","6.000","2021-06-01 23:42:53"
"2020-06-10 12:00:00","W","0.266","0.266","0.265","6.000","2021-06-01 23:49:01"
"2020-06-10 12:00:00","D","1.042","1.048","1.036","6.000","2021-06-01 23:42:53"
"2020-06-10 18:00:00","W","0.265","0.266","0.265","6.000","2021-06-01 23:49:01"
"2020-06-10 18:00:00","D","1.035","1.040","1.029","6.000","2021-06-01 23:42:53"
"2020-06-11 00:00:00","W","0.266","0.266","0.265","6.000","2021-06-01 23:49:01"
"2020-06-11 00:00:00","D","1.040","1.047","1.037","6.000","2021-06-01 23:42:53"
"2020-06-11 06:00:00","W","0.266","0.266","0.265","6.000","2021-06-01 23:49:01"
"2020-06-11 06:00:00","D","1.040","1.046","1.034","6.000","2021-06-01 23:42:53"
"2020-06-11 12:00:00","W","0.266","0.266","0.265","6.000","2021-06-01 23:49:01"
"2020-06-11 12:00:00","D","1.040","1.046","1.031","6.000","2021-06-01 23:42:53"
"2020-06-11 18:00:00","W","0.265","0.266","0.265","6.000","2021-06-01 23:49:01"
"2020-06-11 18:00:00","D","1.038","1.044","1.033","6.000","2021-06-01 23:42:53"
"2020-06-12 00:00:00","W","0.265","0.266","0.265","6.000","2021-06-01 23:49:01"
"2020-06-12 00:00:00","D","1.039","1.045","1.030","6.000","2021-06-01 23:42:53"
"2020-06-12 06:00:00","W","0.266","0.266","0.265","6.000","2021-06-01 23:49:01"
"2020-06-12 06:00:00","D","1.040","1.047","1.033","6.000","2021-06-01 23:42:53"
"2020-06-12 12:00:00","W","0.266","0.266","0.265","6.000","2021-06-01 23:49:01"
"2020-06-12 12:00:00","D","1.039","1.045","1.032","6.000","2021-06-01 23:42:53"
"2020-06-12 18:00:00","W","0.265","0.266","0.265","6.000","2021-06-01 23:49:02"
"2020-06-12 18:00:00","D","1.035","1.040","1.030","6.000","2021-06-01 23:42:53"
"2020-06-13 00:00:00","W","0.266","0.266","0.265","6.000","2021-06-01 23:49:01"
"2020-06-13 00:00:00","D","1.042","1.048","1.037","6.000","2021-06-01 23:42:53"
"2020-06-13 06:00:00","W","0.266","0.266","0.266","6.000","2021-06-01 23:49:02"
"2020-06-13 06:00:00","D","1.048","1.052","1.045","6.000","2021-06-01 23:42:53"
"2020-06-13 12:00:00","W","0.266","0.266","0.266","6.000","2021-06-01 23:49:01"
"2020-06-13 12:00:00","D","1.046","1.051","1.041","6.000","2021-06-01 23:42:53"
"2020-06-13 18:00:00","W","0.266","0.266","0.265","6.000","2021-06-01 23:49:02"
"2020-06-13 18:00:00","D","1.040","1.045","1.032","6.000","2021-06-01 23:42:53"
"2020-06-14 00:00:00","W","0.266","0.267","0.266","6.000","2021-06-01 23:49:02"
"2020-06-14 00:00:00","D","1.047","1.053","1.044","6.000","2021-06-01 23:42:53"
"2020-06-14 06:00:00","W","0.266","0.266","0.266","6.000","2021-06-01 23:49:02"
"2020-06-14 06:00:00","D","1.047","1.051","1.043","6.000","2021-06-01 23:42:53"
"2020-06-14 12:00:00","W","0.266","0.266","0.265","6.000","2021-06-01 23:49:02"
"2020-06-14 12:00:00","D","1.041","1.047","1.036","6.000","2021-06-01 23:42:53"
"2020-06-14 18:00:00","W","0.266","0.266","0.265","6.000","2021-06-01 23:49:02"
"2020-06-14 18:00:00","D","1.041","1.045","1.036","6.000","2021-06-01 23:42:53"
"2020-06-15 00:00:00","W","0.266","0.266","0.266","6.000","2021-06-01 23:49:02"
"2020-06-15 00:00:00","D","1.044","1.051","1.039","6.000","2021-06-01 23:42:53"
"2020-06-15 06:00:00","W","0.266","0.266","0.265","6.000","2021-06-01 23:49:02"
"2020-06-15 06:00:00","D","1.040","1.047","1.034","6.000","2021-06-01 23:42:53"
"2020-06-15 12:00:00","W","0.266","0.266","0.265","6.000","2021-06-01 23:49:02"
"2020-06-15 12:00:00","D","1.042","1.047","1.037","6.000","2021-06-01 23:42:53"
"2020-06-15 18:00:00","W","0.266","0.266","0.265","6.000","2021-06-01 23:49:01"
"2020-06-15 18:00:00","D","1.039","1.042","1.037","6.000","2021-06-01 23:42:53"
"2020-06-16 00:00:00","W","0.266","0.266","0.265","6.000","2021-06-01 23:49:02"
"2020-06-16 00:00:00","D","1.042","1.052","1.033","6.000","2021-06-01 23:42:53"
"2020-06-16 06:00:00","W","0.266","0.266","0.266","6.000","2021-06-01 23:49:01"
"2020-06-16 06:00:00","D","1.047","1.052","1.042","6.000","2021-06-01 23:42:53"
"2020-06-16 12:00:00","W","0.266","0.267","0.263","6.000","2021-06-01 23:49:02"
"2020-06-16 12:00:00","D","1.044","1.057","1.010","6.000","2021-06-01 23:42:53"
"2020-06-16 18:00:00","W","0.261","0.261","0.260","6.000","2021-06-01 23:49:01"
"2020-06-16 18:00:00","D","0.975","0.983","0.967","6.000","2021-06-01 23:42:53"
"2020-06-17 00:00:00","W","0.261","0.262","0.261","6.000","2021-06-01 23:49:02"
"2020-06-17 00:00:00","D","0.982","0.987","0.977","6.000","2021-06-01 23:42:53"
"2020-06-17 06:00:00","W","0.263","0.263","0.262","6.000","2021-06-01 23:49:01"
"2020-06-17 06:00:00","D","1.000","1.007","0.990","6.000","2021-06-01 23:42:53"
"2020-06-17 12:00:00","W","0.263","0.263","0.262","6.000","2021-06-01 23:49:02"
"2020-06-17 12:00:00","D","1.002","1.007","0.993","6.000","2021-06-01 23:42:53"
"2020-06-17 18:00:00","W","0.262","0.262","0.261","6.000","2021-06-01 23:49:01"
"2020-06-17 18:00:00","D","0.989","0.996","0.982","6.000","2021-06-01 23:42:53"
"2020-06-18 00:00:00","W","0.262","0.262","0.261","6.000","2021-06-01 23:49:02"
"2020-06-18 00:00:00","D","0.985","0.992","0.981","6.000","2021-06-01 23:42:53"
"2020-06-18 06:00:00","W","0.262","0.263","0.262","6.000","2021-06-01 23:49:02"
"2020-06-18 06:00:00","D","0.990","1.000","0.985","6.000","2021-06-01 23:42:53"
"2020-06-18 12:00:00","W","0.262","0.262","0.262","6.000","2021-06-01 23:49:02"
"2020-06-18 12:00:00","D","0.992","0.997","0.987","6.000","2021-06-01 23:42:53"
"2020-06-18 18:00:00","W","0.262","0.262","0.261","6.000","2021-06-01 23:49:02"
"2020-06-18 18:00:00","D","0.982","0.992","0.975","6.000","2021-06-01 23:42:53"
"2020-06-19 00:00:00","W","0.262","0.262","0.261","6.000","2021-06-01 23:49:02"
"2020-06-19 00:00:00","D","0.983","0.987","0.978","6.000","2021-06-01 23:42:53"
"2020-06-19 06:00:00","W","0.261","0.262","0.261","6.000","2021-06-01 23:49:02"
"2020-06-19 06:00:00","D","0.982","0.986","0.977","6.000","2021-06-01 23:42:53"
"2020-06-19 12:00:00","W","0.262","0.262","0.261","6.000","2021-06-01 23:49:02"
"2020-06-19 12:00:00","D","0.984","0.989","0.976","6.000","2021-06-01 23:42:53"
"2020-06-19 18:00:00","W","0.261","0.261","0.261","6.000","2021-06-01 23:49:02"
"2020-06-19 18:00:00","D","0.980","0.982","0.977","6.000","2021-06-01 23:42:53"
"2020-06-20 00:00:00","W","0.261","0.261","0.261","6.000","2021-06-01 23:49:01"
"2020-06-20 00:00:00","D","0.978","0.981","0.975","6.000","2021-06-01 23:42:53"
"2020-06-20 06:00:00","W","0.262","0.262","0.261","6.000","2021-06-01 23:49:02"
"2020-06-20 06:00:00","D","0.985","0.993","0.978","6.000","2021-06-01 23:42:53"
"2020-06-20 12:00:00","W","0.262","0.262","0.262","6.000","2021-06-01 23:49:02"
"2020-06-20 12:00:00","D","0.988","0.992","0.985","6.000","2021-06-01 23:42:53"
"2020-06-20 18:00:00","W","0.261","0.261","0.260","6.000","2021-06-01 23:49:02"
"2020-06-20 18:00:00","D","0.973","0.977","0.967","6.000","2021-06-01 23:42:53"
"2020-06-21 00:00:00","W","0.261","0.261","0.260","6.000","2021-06-01 23:49:02"
"2020-06-21 00:00:00","D","0.969","0.976","0.961","6.000","2021-06-01 23:42:53"
"2020-06-21 06:00:00","W","0.261","0.262","0.261","6.000","2021-06-01 23:49:02"
"2020-06-21 06:00:00","D","0.980","0.985","0.976","6.000","2021-06-01 23:42:53"
"2020-06-21 12:00:00","W","0.262","0.262","0.261","6.000","2021-06-01 23:49:02"
"2020-06-21 12:00:00","D","0.984","0.987","0.976","6.000","2021-06-01 23:42:53"
"2020-06-21 18:00:00","W","0.261","0.261","0.260","6.000","2021-06-01 23:49:02"
"2020-06-21 18:00:00","D","0.973","0.977","0.962","6.000","2021-06-01 23:42:53"
"2020-06-22 00:00:00","W","0.260","0.260","0.260","6.000","2021-06-01 23:49:02"
"2020-06-22 00:00:00","D","0.965","0.969","0.962","6.000","2021-06-01 23:42:53"
"2020-06-22 06:00:00","W","0.261","0.261","0.260","6.000","2021-06-01 23:49:02"
"2020-06-22 06:00:00","D","0.971","0.978","0.963","6.000","2021-06-01 23:42:53"
"2020-06-22 12:00:00","W","0.261","0.261","0.260","6.000","2021-06-01 23:49:02"
"2020-06-22 12:00:00","D","0.972","0.979","0.962","6.000","2021-06-01 23:42:53"
"2020-06-22 18:00:00","W","0.260","0.261","0.260","6.000","2021-06-01 23:49:02"
"2020-06-22 18:00:00","D","0.965","0.975","0.961","6.000","2021-06-01 23:42:53"
"2020-06-23 00:00:00","W","0.260","0.260","0.259","6.000","2021-06-01 23:49:02"
"2020-06-23 00:00:00","D","0.960","0.964","0.954","6.000","2021-06-01 23:42:53"
"2020-06-23 06:00:00","W","0.261","0.262","0.260","6.000","2021-06-01 23:49:02"
"2020-06-23 06:00:00","D","0.970","0.986","0.960","6.000","2021-06-01 23:42:53"
"2020-06-23 12:00:00","W","0.263","0.266","0.259","6.000","2021-06-01 23:49:02"
"2020-06-23 12:00:00","D","1.007","1.046","0.956","6.000","2021-06-01 23:42:53"
"2020-06-23 18:00:00","W","0.261","0.264","0.258","6.000","2021-06-01 23:49:02"
"2020-06-23 18:00:00","D","0.968","1.013","0.940","6.000","2021-06-01 23:42:53"
"2020-06-24 00:00:00","W","0.261","0.264","0.260","6.000","2021-06-01 23:49:02"
"2020-06-24 00:00:00","D","0.974","1.013","0.958","6.000","2021-06-01 23:42:53"
"2020-06-24 06:00:00","W","0.260","0.260","0.260","6.000","2021-06-01 23:49:02"
"2020-06-24 06:00:00","D","0.961","0.964","0.959","6.000","2021-06-01 23:42:53"
"2020-06-24 12:00:00","W","0.261","0.262","0.260","6.000","2021-06-01 23:49:02"
"2020-06-24 12:00:00","D","0.971","0.993","0.961","6.000","2021-06-01 23:42:53"
"2020-06-24 18:00:00","W","0.261","0.262","0.259","6.000","2021-06-01 23:49:02"
"2020-06-24 18:00:00","D","0.973","0.992","0.955","6.000","2021-06-01 23:42:53"
"2020-06-25 00:00:00","W","0.264","0.265","0.262","6.000","2021-06-01 23:49:02"
"2020-06-25 00:00:00","D","1.020","1.037","0.996","6.000","2021-06-01 23:42:53"
"2020-06-25 06:00:00","W","0.266","0.266","0.266","6.000","2021-06-01 23:49:02"
"2020-06-25 06:00:00","D","1.046","1.048","1.042","6.000","2021-06-01 23:42:53"
"2020-06-25 12:00:00","W","0.263","0.266","0.262","6.000","2021-06-01 23:49:02"
"2020-06-25 12:00:00","D","1.009","1.049","0.987","6.000","2021-06-01 23:42:53"
"2020-06-25 18:00:00","W","0.262","0.264","0.258","6.000","2021-06-01 23:49:02"
"2020-06-25 18:00:00","D","0.984","1.022","0.936","6.000","2021-06-01 23:42:53"
"2020-06-26 00:00:00","W","0.261","0.262","0.259","6.000","2021-06-01 23:49:02"
"2020-06-26 06:00:00","W","0.263","0.264","0.262","6.000","2021-06-01 23:49:02"
"2020-06-26 12:00:00","W","0.262","0.264","0.261","6.000","2021-06-01 23:49:02"
"2020-06-26 12:00:00","D","0.986","1.016","0.972","6.000","2021-06-01 23:43:24"
"2020-06-26 18:00:00","W","0.262","0.263","0.260","6.000","2021-06-01 23:49:02"
"2020-06-26 18:00:00","D","0.991","1.003","0.965","6.000","2021-06-01 23:43:24"
"2020-06-27 00:00:00","W","0.260","0.261","0.259","6.000","2021-06-01 23:49:02"
"2020-06-27 00:00:00","D","0.959","0.974","0.947","6.000","2021-06-01 23:43:24"
"2020-06-27 06:00:00","W","0.262","0.262","0.261","6.000","2021-06-01 23:49:02"
"2020-06-27 06:00:00","D","0.988","0.997","0.978","6.000","2021-06-01 23:43:24"
"2020-06-27 12:00:00","W","0.260","0.263","0.258","6.000","2021-06-01 23:49:02"
"2020-06-27 12:00:00","D","0.963","1.004","0.931","6.000","2021-06-01 23:43:24"
"2020-06-27 18:00:00","W","0.259","0.260","0.258","6.000","2021-06-01 23:49:02"
"2020-06-27 18:00:00","D","0.946","0.958","0.936","6.000","2021-06-01 23:43:24"
"2020-06-28 00:00:00","W","0.260","0.261","0.259","6.000","2021-06-01 23:49:02"
"2020-06-28 00:00:00","D","0.966","0.983","0.954","6.000","2021-06-01 23:43:24"
"2020-06-28 06:00:00","W","0.261","0.261","0.260","6.000","2021-06-01 23:49:02"
"2020-06-28 06:00:00","D","0.973","0.977","0.968","6.000","2021-06-01 23:43:24"
"2020-06-28 12:00:00","W","0.260","0.261","0.258","6.000","2021-06-01 23:49:02"
"2020-06-28 12:00:00","D","0.955","0.982","0.930","6.000","2021-06-01 23:43:24"
"2020-06-28 18:00:00","W","0.258","0.259","0.256","6.000","2021-06-01 23:49:02"
"2020-06-28 18:00:00","D","0.931","0.945","0.915","6.000","2021-06-01 23:43:24"
"2020-06-29 00:00:00","W","0.259","0.259","0.258","6.000","2021-06-01 23:49:02"
"2020-06-29 00:00:00","D","0.949","0.955","0.935","6.000","2021-06-01 23:43:24"
"2020-06-29 06:00:00","W","0.260","0.260","0.260","6.000","2021-06-01 23:49:02"
"2020-06-29 06:00:00","D","0.963","0.967","0.961","6.000","2021-06-01 23:43:24"
"2020-06-29 12:00:00","W","0.260","0.262","0.260","6.000","2021-06-01 23:49:02"
"2020-06-29 12:00:00","D","0.968","0.984","0.962","6.000","2021-06-01 23:43:24"
"2020-06-29 18:00:00","W","0.264","0.266","0.262","6.000","2021-06-01 23:49:02"
"2020-06-29 18:00:00","D","1.019","1.050","0.997","6.000","2021-06-01 23:43:24"
"2020-06-30 00:00:00","W","0.261","0.265","0.260","6.000","2021-06-01 23:49:02"
"2020-06-30 00:00:00","D","0.981","1.028","0.962","6.000","2021-06-01 23:43:24"
"2020-06-30 06:00:00","W","0.262","0.263","0.261","6.000","2021-06-01 23:49:02"
"2020-06-30 06:00:00","D","0.990","1.000","0.975","6.000","2021-06-01 23:43:24"
"2020-06-30 12:00:00","W","0.261","0.263","0.259","6.000","2021-06-01 23:49:02"
"2020-06-30 12:00:00","D","0.970","0.999","0.956","6.000","2021-06-01 23:43:24"
"2020-06-30 18:00:00","W","0.262","0.264","0.260","6.000","2021-06-01 23:49:02"
"2020-06-30 18:00:00","D","0.990","1.012","0.965","6.000","2021-06-01 23:43:24"
"2020-07-01 00:00:00","W","0.259","0.263","0.258","6.000","2021-06-01 23:49:02"
"2020-07-01 00:00:00","D","0.955","1.004","0.937","6.000","2021-06-01 23:43:24"
"2020-07-01 06:00:00","W","0.260","0.261","0.260","6.000","2021-06-01 23:17:12"
"2020-07-01 06:00:00","D","0.965","0.972","0.958","6.000","2021-06-01 23:16:42"
"2020-07-01 12:00:00","W","0.261","0.264","0.258","6.000","2021-06-01 23:17:12"
"2020-07-01 12:00:00","D","0.971","1.020","0.935","6.000","2021-06-01 23:16:42"
"2020-07-01 18:00:00","W","0.264","0.265","0.264","6.000","2021-06-01 23:17:12"
"2020-07-01 18:00:00","D","1.023","1.030","1.014","6.000","2021-06-01 23:16:42"
"2020-07-02 00:00:00","W","0.262","0.264","0.262","6.000","2021-06-01 23:17:12"
"2020-07-02 00:00:00","D","0.996","1.022","0.986","6.000","2021-06-01 23:16:42"
"2020-07-02 06:00:00","W","0.263","0.264","0.263","6.000","2021-06-01 23:17:12"
"2020-07-02 06:00:00","D","1.005","1.013","0.998","6.000","2021-06-01 23:16:42"
"2020-07-02 12:00:00","W","0.263","0.264","0.263","6.000","2021-06-01 23:17:12"
"2020-07-02 12:00:00","D","1.010","1.018","0.999","6.000","2021-06-01 23:16:42"
"2020-07-02 18:00:00","W","0.262","0.263","0.261","6.000","2021-06-01 23:17:12"
"2020-07-02 18:00:00","D","0.988","0.998","0.978","6.000","2021-06-01 23:16:42"
"2020-07-03 00:00:00","W","0.262","0.262","0.261","6.000","2021-06-01 23:17:12"
"2020-07-03 00:00:00","D","0.988","0.996","0.978","6.000","2021-06-01 23:16:42"
"2020-07-03 06:00:00","W","0.263","0.263","0.262","6.000","2021-06-01 23:17:12"
"2020-07-03 06:00:00","D","0.998","1.005","0.987","6.000","2021-06-01 23:16:42"
"2020-07-03 12:00:00","W","0.262","0.263","0.262","6.000","2021-06-01 23:17:12"
"2020-07-03 12:00:00","D","0.998","1.008","0.992","6.000","2021-06-01 23:16:42"
"2020-07-03 18:00:00","W","0.262","0.262","0.261","6.000","2021-06-01 23:17:12"
"2020-07-03 18:00:00","D","0.986","0.995","0.978","6.000","2021-06-01 23:16:42"
"2020-07-04 00:00:00","W","0.262","0.263","0.261","6.000","2021-06-01 23:17:12"
"2020-07-04 00:00:00","D","0.985","0.999","0.977","6.000","2021-06-01 23:16:42"
"2020-07-04 06:00:00","W","0.262","0.263","0.262","6.000","2021-06-01 23:17:12"
"2020-07-04 06:00:00","D","0.996","1.010","0.987","6.000","2021-06-01 23:16:42"
"2020-07-04 12:00:00","W","0.262","0.263","0.262","6.000","2021-06-01 23:17:12"
"2020-07-04 12:00:00","D","0.996","1.000","0.989","6.000","2021-06-01 23:16:42"
"2020-07-04 18:00:00","W","0.262","0.262","0.261","6.000","2021-06-01 23:17:12"
"2020-07-04 18:00:00","D","0.983","0.992","0.972","6.000","2021-06-01 23:16:42"
"2020-07-05 00:00:00","W","0.261","0.261","0.261","6.000","2021-06-01 23:17:12"
"2020-07-05 00:00:00","D","0.979","0.983","0.976","6.000","2021-06-01 23:16:42"
"2020-07-05 06:00:00","W","0.262","0.263","0.262","6.000","2021-06-01 23:17:12"
"2020-07-05 06:00:00","D","0.995","1.001","0.989","6.000","2021-06-01 23:16:42"
"2020-07-05 12:00:00","W","0.262","0.262","0.262","6.000","2021-06-01 23:17:12"
"2020-07-05 12:00:00","D","0.993","0.997","0.991","6.000","2021-06-01 23:16:42"
"2020-07-05 18:00:00","W","0.262","0.262","0.261","6.000","2021-06-01 23:17:12"
"2020-07-05 18:00:00","D","0.983","0.987","0.979","6.000","2021-06-01 23:16:42"
"2020-07-06 00:00:00","W","0.261","0.262","0.260","6.000","2021-06-01 23:17:12"
"2020-07-06 00:00:00","D","0.975","0.984","0.964","6.000","2021-06-01 23:16:42"
"2020-07-06 06:00:00","W","0.262","0.263","0.261","6.000","2021-06-01 23:17:12"
"2020-07-06 06:00:00","D","0.990","1.003","0.981","6.000","2021-06-01 23:16:42"
"2020-07-06 12:00:00","W","0.263","0.263","0.262","6.000","2021-06-01 23:17:12"
"2020-07-06 12:00:00","D","0.999","1.003","0.995","6.000","2021-06-01 23:16:42"
"2020-07-06 18:00:00","W","0.262","0.262","0.261","6.000","2021-06-01 23:17:12"
"2020-07-06 18:00:00","D","0.985","0.991","0.977","6.000","2021-06-01 23:16:42"
"2020-07-07 00:00:00","W","0.261","0.261","0.260","6.000","2021-06-01 23:17:12"
"2020-07-07 00:00:00","D","0.973","0.978","0.966","6.000","2021-06-01 23:16:42"
"2020-07-07 06:00:00","W","0.262","0.263","0.262","6.000","2021-06-01 23:17:12"
"2020-07-07 06:00:00","D","0.995","1.005","0.990","6.000","2021-06-01 23:16:42"
"2020-07-07 12:00:00","W","0.263","0.263","0.261","6.000","2021-06-01 23:17:12"
"2020-07-07 12:00:00","D","0.999","1.006","0.983","6.000","2021-06-01 23:16:42"
"2020-07-07 18:00:00","W","0.262","0.262","0.261","6.000","2021-06-01 23:17:12"
"2020-07-07 18:00:00","D","0.985","0.992","0.978","6.000","2021-06-01 23:16:42"
"2020-07-08 00:00:00","W","0.261","0.262","0.261","6.000","2021-06-01 23:17:12"
"2020-07-08 00:00:00","D","0.983","0.991","0.974","6.000","2021-06-01 23:16:42"
"2020-07-08 06:00:00","W","0.263","0.264","0.261","6.000","2021-06-01 23:17:12"
"2020-07-08 06:00:00","D","0.998","1.014","0.982","6.000","2021-06-01 23:16:42"
"2020-07-08 12:00:00","W","0.264","0.264","0.263","6.000","2021-06-01 23:17:12"
"2020-07-08 12:00:00","D","1.015","1.023","1.008","6.000","2021-06-01 23:16:42"
"2020-07-08 18:00:00","W","0.263","0.264","0.263","6.000","2021-06-01 23:17:12"
"2020-07-08 18:00:00","D","1.009","1.012","1.001","6.000","2021-06-01 23:16:42"
"2020-07-09 00:00:00","W","0.263","0.264","0.262","6.000","2021-06-01 23:17:12"
"2020-07-09 00:00:00","D","1.008","1.017","0.992","6.000","2021-06-01 23:16:42"
"2020-07-09 06:00:00","W","0.264","0.264","0.263","6.000","2021-06-01 23:17:12"
"2020-07-09 06:00:00","D","1.015","1.021","1.006","6.000","2021-06-01 23:16:42"
"2020-07-09 12:00:00","W","0.264","0.265","0.263","6.000","2021-06-01 23:17:12"
"2020-07-09 12:00:00","D","1.017","1.031","1.010","6.000","2021-06-01 23:16:42"
"2020-07-09 18:00:00","W","0.263","0.263","0.263","6.000","2021-06-01 23:17:12"
"2020-07-09 18:00:00","D","1.005","1.008","1.000","6.000","2021-06-01 23:16:42"
"2020-07-10 00:00:00","W","0.263","0.264","0.263","6.000","2021-06-01 23:17:12"
"2020-07-10 00:00:00","D","1.010","1.019","1.004","6.000","2021-06-01 23:16:42"
"2020-07-10 06:00:00","W","0.264","0.265","0.264","6.000","2021-06-01 23:17:12"
"2020-07-10 06:00:00","D","1.019","1.026","1.013","6.000","2021-06-01 23:16:42"
"2020-07-10 12:00:00","W","0.265","0.265","0.264","6.000","2021-06-01 23:17:12"
"2020-07-10 12:00:00","D","1.026","1.032","1.014","6.000","2021-06-01 23:16:42"
"2020-07-10 18:00:00","W","0.264","0.265","0.263","6.000","2021-06-01 23:17:12"
"2020-07-10 18:00:00","D","1.018","1.030","1.006","6.000","2021-06-01 23:16:42"
"2020-07-11 00:00:00","W","0.263","0.264","0.262","6.000","2021-06-01 23:17:12"
"2020-07-11 00:00:00","D","1.006","1.014","0.997","6.000","2021-06-01 23:16:42"
"2020-07-11 06:00:00","W","0.264","0.265","0.264","6.000","2021-06-01 23:17:12"
"2020-07-11 06:00:00","D","1.020","1.026","1.013","6.000","2021-06-01 23:16:42"
"2020-07-11 12:00:00","W","0.265","0.265","0.264","6.000","2021-06-01 23:17:12"
"2020-07-11 12:00:00","D","1.026","1.033","1.022","6.000","2021-06-01 23:16:42"
"2020-07-11 18:00:00","W","0.264","0.264","0.263","6.000","2021-06-01 23:17:12"
"2020-07-11 18:00:00","D","1.009","1.017","1.001","6.000","2021-06-01 23:16:42"
"2020-07-12 00:00:00","W","0.263","0.264","0.262","6.000","2021-06-01 23:17:13"
"2020-07-12 00:00:00","D","1.006","1.018","0.998","6.000","2021-06-01 23:16:42"
"2020-07-12 06:00:00","W","0.264","0.265","0.264","6.000","2021-06-01 23:17:12"
"2020-07-12 06:00:00","D","1.020","1.028","1.015","6.000","2021-06-01 23:16:42"
"2020-07-12 12:00:00","W","0.264","0.264","0.263","6.000","2021-06-01 23:17:13"
"2020-07-12 12:00:00","D","1.018","1.022","1.011","6.000","2021-06-01 23:16:42"
"2020-07-12 18:00:00","W","0.264","0.264","0.263","6.000","2021-06-01 23:17:13"
"2020-07-12 18:00:00","D","1.018","1.024","1.006","6.000","2021-06-01 23:16:42"
"2020-07-13 00:00:00","W","0.264","0.265","0.263","6.000","2021-06-01 23:17:13"
"2020-07-13 00:00:00","D","1.020","1.028","1.011","6.000","2021-06-01 23:16:42"
"2020-07-13 06:00:00","W","0.264","0.265","0.264","6.000","2021-06-01 23:17:13"
"2020-07-13 06:00:00","D","1.025","1.031","1.017","6.000","2021-06-01 23:16:42"
"2020-07-13 12:00:00","W","0.265","0.265","0.265","6.000","2021-06-01 23:17:13"
"2020-07-13 12:00:00","D","1.031","1.038","1.027","6.000","2021-06-01 23:16:42"
"2020-07-13 18:00:00","W","0.265","0.265","0.264","6.000","2021-06-01 23:17:13"
"2020-07-13 18:00:00","D","1.024","1.032","1.017","6.000","2021-06-01 23:16:42"
"2020-07-14 00:00:00","W","0.264","0.264","0.263","6.000","2021-06-01 23:17:13"
"2020-07-14 00:00:00","D","1.011","1.022","1.001","6.000","2021-06-01 23:16:42"
"2020-07-14 06:00:00","W","0.265","0.265","0.264","6.000","2021-06-01 23:17:13"
"2020-07-14 06:00:00","D","1.027","1.034","1.017","6.000","2021-06-01 23:16:42"
"2020-07-14 12:00:00","W","0.265","0.265","0.264","6.000","2021-06-01 23:17:13"
"2020-07-14 12:00:00","D","1.026","1.032","1.018","6.000","2021-06-01 23:16:42"
"2020-07-14 18:00:00","W","0.266","0.271","0.264","6.000","2021-06-01 23:17:13"
"2020-07-14 18:00:00","D","1.054","1.115","1.023","6.000","2021-06-01 23:16:42"
"2020-07-15 00:00:00","W","0.265","0.267","0.264","6.000","2021-06-01 23:17:13"
"2020-07-15 00:00:00","D","1.037","1.065","1.022","6.000","2021-06-01 23:16:42"
"2020-07-15 06:00:00","W","0.265","0.266","0.265","6.000","2021-06-01 23:17:13"
"2020-07-15 06:00:00","D","1.035","1.039","1.030","6.000","2021-06-01 23:16:42"
"2020-07-15 12:00:00","W","0.266","0.266","0.266","6.000","2021-06-01 23:17:13"
"2020-07-15 12:00:00","D","1.044","1.052","1.040","6.000","2021-06-01 23:16:42"
"2020-07-15 18:00:00","W","0.265","0.265","0.264","6.000","2021-06-01 23:17:13"
"2020-07-15 18:00:00","D","1.031","1.037","1.019","6.000","2021-06-01 23:16:42"
"2020-07-16 00:00:00","W","0.265","0.266","0.264","6.000","2021-06-01 23:17:13"
"2020-07-16 00:00:00","D","1.030","1.039","1.021","6.000","2021-06-01 23:16:42"
"2020-07-16 06:00:00","W","0.266","0.266","0.265","6.000","2021-06-01 23:17:13"
"2020-07-16 06:00:00","D","1.036","1.041","1.028","6.000","2021-06-01 23:16:42"
"2020-07-16 12:00:00","W","0.266","0.266","0.265","6.000","2021-06-01 23:17:13"
"2020-07-16 12:00:00","D","1.038","1.042","1.033","6.000","2021-06-01 23:16:42"
"2020-07-16 18:00:00","W","0.263","0.265","0.262","6.000","2021-06-01 23:17:13"
"2020-07-16 18:00:00","D","1.001","1.026","0.984","6.000","2021-06-01 23:16:42"
"2020-07-17 00:00:00","W","0.261","0.262","0.261","6.000","2021-06-01 23:17:13"
"2020-07-17 00:00:00","D","0.980","0.986","0.974","6.000","2021-06-01 23:16:42"
"2020-07-17 06:00:00","W","0.262","0.262","0.261","6.000","2021-06-01 23:17:13"
"2020-07-17 06:00:00","D","0.987","0.992","0.982","6.000","2021-06-01 23:16:42"
"2020-07-17 12:00:00","W","0.262","0.263","0.262","6.000","2021-06-01 23:17:13"
"2020-07-17 12:00:00","D","0.996","0.999","0.992","6.000","2021-06-01 23:16:42"
"2020-07-17 18:00:00","W","0.262","0.262","0.261","6.000","2021-06-01 23:17:13"
"2020-07-17 18:00:00","D","0.988","0.996","0.979","6.000","2021-06-01 23:16:42"
"2020-07-18 00:00:00","W","0.262","0.262","0.261","6.000","2021-06-01 23:17:13"
"2020-07-18 00:00:00","D","0.985","0.990","0.977","6.000","2021-06-01 23:16:42"
"2020-07-18 06:00:00","W","0.262","0.263","0.261","6.000","2021-06-01 23:17:13"
"2020-07-18 06:00:00","D","0.995","1.002","0.983","6.000","2021-06-01 23:16:42"
"2020-07-18 12:00:00","W","0.263","0.263","0.262","6.000","2021-06-01 23:17:13"
"2020-07-18 12:00:00","D","0.999","1.003","0.994","6.000","2021-06-01 23:16:42"
"2020-07-18 18:00:00","W","0.262","0.262","0.261","5.000","2021-06-01 23:17:13"
"2020-07-18 18:00:00","D","0.986","0.993","0.977","6.000","2021-06-01 23:16:42"
"2020-07-19 00:00:00","W","0.261","0.262","0.261","6.000","2021-06-01 23:17:43"
"2020-07-19 00:00:00","D","0.976","0.985","0.970","6.000","2021-06-01 23:16:42"
"2020-07-19 06:00:00","W","0.262","0.262","0.261","6.000","2021-06-01 23:17:43"
"2020-07-19 06:00:00","D","0.987","0.996","0.977","6.000","2021-06-01 23:16:42"
"2020-07-19 12:00:00","W","0.263","0.263","0.262","6.000","2021-06-01 23:17:43"
"2020-07-19 12:00:00","D","0.999","1.007","0.991","6.000","2021-06-01 23:16:42"
"2020-07-19 18:00:00","W","0.261","0.262","0.260","6.000","2021-06-01 23:17:43"
"2020-07-19 18:00:00","D","0.984","0.993","0.969","6.000","2021-06-01 23:16:42"
"2020-07-20 00:00:00","W","0.261","0.261","0.261","6.000","2021-06-01 23:17:43"
"2020-07-20 00:00:00","D","0.976","0.983","0.970","6.000","2021-06-01 23:16:42"
"2020-07-20 06:00:00","W","0.262","0.262","0.261","6.000","2021-06-01 23:17:43"
"2020-07-20 06:00:00","D","0.987","0.994","0.982","6.000","2021-06-01 23:16:42"
"2020-07-20 12:00:00","W","0.262","0.262","0.262","6.000","2021-06-01 23:17:43"
"2020-07-20 12:00:00","D","0.992","0.997","0.987","6.000","2021-06-01 23:16:42"
"2020-07-20 18:00:00","W","0.262","0.262","0.261","6.000","2021-06-01 23:17:43"
"2020-07-20 18:00:00","D","0.985","0.989","0.979","6.000","2021-06-01 23:16:42"
"2020-07-21 00:00:00","W","0.261","0.262","0.261","6.000","2021-06-01 23:17:43"
"2020-07-21 00:00:00","D","0.984","0.992","0.978","6.000","2021-06-01 23:16:42"
"2020-07-21 06:00:00","W","0.262","0.263","0.262","6.000","2021-06-01 23:17:43"
"2020-07-21 06:00:00","D","0.994","1.000","0.991","6.000","2021-06-01 23:16:42"
"2020-07-21 12:00:00","W","0.263","0.263","0.262","6.000","2021-06-01 23:17:43"
"2020-07-21 12:00:00","D","0.998","1.003","0.991","6.000","2021-06-01 23:16:42"
"2020-07-21 18:00:00","W","0.262","0.262","0.262","6.000","2021-06-01 23:17:43"
"2020-07-21 18:00:00","D","0.989","0.993","0.985","6.000","2021-06-01 23:16:42"
"2020-07-22 00:00:00","W","0.262","0.262","0.261","6.000","2021-06-01 23:17:43"
"2020-07-22 00:00:00","D","0.988","0.996","0.982","6.000","2021-06-01 23:16:42"
"2020-07-22 06:00:00","W","0.263","0.263","0.262","6.000","2021-06-01 23:17:43"
"2020-07-22 06:00:00","D","1.001","1.008","0.994","6.000","2021-06-01 23:16:42"
"2020-07-22 12:00:00","W","0.264","0.264","0.263","6.000","2021-06-01 23:17:43"
"2020-07-22 18:00:00","W","0.263","0.263","0.263","6.000","2021-06-01 23:17:43"
"2020-07-22 18:00:00","D","1.001","1.004","0.999","6.000","2021-06-01 23:17:12"
"2020-07-23 00:00:00","W","0.263","0.263","0.262","6.000","2021-06-01 23:17:43"
"2020-07-23 00:00:00","D","1.002","1.008","0.994","6.000","2021-06-01 23:17:12"
"2020-07-23 06:00:00","W","0.263","0.264","0.263","6.000","2021-06-01 23:17:43"
"2020-07-23 06:00:00","D","1.013","1.023","1.006","6.000","2021-06-01 23:17:12"
"2020-07-23 12:00:00","W","0.264","0.264","0.264","6.000","2021-06-01 23:17:43"
"2020-07-23 12:00:00","D","1.019","1.024","1.012","6.000","2021-06-01 23:17:12"
"2020-07-23 18:00:00","W","0.263","0.264","0.262","6.000","2021-06-01 23:17:43"
"2020-07-23 18:00:00","D","1.004","1.017","0.993","6.000","2021-06-01 23:17:12"
"2020-07-24 00:00:00","W","0.263","0.263","0.262","6.000","2021-06-01 23:17:43"
"2020-07-24 00:00:00","D","1.003","1.011","0.991","6.000","2021-06-01 23:17:12"
"2020-07-24 06:00:00","W","0.264","0.264","0.263","6.000","2021-06-01 23:17:43"
"2020-07-24 06:00:00","D","1.015","1.020","1.008","6.000","2021-06-01 23:17:12"
"2020-07-24 12:00:00","W","0.263","0.264","0.263","6.000","2021-06-01 23:17:43"
"2020-07-24 12:00:00","D","1.010","1.014","1.008","6.000","2021-06-01 23:17:12"
"2020-07-24 18:00:00","W","0.263","0.263","0.262","6.000","2021-06-01 23:17:43"
"2020-07-24 18:00:00","D","1.000","1.006","0.990","6.000","2021-06-01 23:17:12"
"2020-07-25 00:00:00","W","0.262","0.263","0.262","6.000","2021-06-01 23:17:43"
"2020-07-25 00:00:00","D","0.995","0.999","0.991","6.000","2021-06-01 23:17:12"
"2020-07-25 06:00:00","W","0.263","0.264","0.262","6.000","2021-06-01 23:17:43"
"2020-07-25 06:00:00","D","1.010","1.020","0.996","6.000","2021-06-01 23:17:12"
"2020-07-25 12:00:00","W","0.265","0.266","0.264","6.000","2021-06-01 23:17:43"
"2020-07-25 12:00:00","D","1.031","1.045","1.020","6.000","2021-06-01 23:17:12"
"2020-07-25 18:00:00","W","0.264","0.265","0.263","6.000","2021-06-01 23:17:43"
"2020-07-25 18:00:00","D","1.020","1.029","1.005","6.000","2021-06-01 23:17:12"
"2020-07-26 00:00:00","W","0.264","0.264","0.263","6.000","2021-06-01 23:17:43"
"2020-07-26 00:00:00","D","1.013","1.018","1.010","6.000","2021-06-01 23:17:12"
"2020-07-26 06:00:00","W","0.265","0.265","0.264","6.000","2021-06-01 23:17:43"
"2020-07-26 06:00:00","D","1.027","1.035","1.019","6.000","2021-06-01 23:17:12"
"2020-07-26 12:00:00","W","0.266","0.266","0.265","6.000","2021-06-01 23:17:43"
"2020-07-26 12:00:00","D","1.039","1.044","1.034","6.000","2021-06-01 23:17:12"
"2020-07-26 18:00:00","W","0.264","0.265","0.263","6.000","2021-06-01 23:17:43"
"2020-07-26 18:00:00","D","1.016","1.029","1.004","6.000","2021-06-01 23:17:12"
"2020-07-27 00:00:00","W","0.264","0.265","0.264","6.000","2021-06-01 23:17:43"
"2020-07-27 00:00:00","D","1.021","1.030","1.012","6.000","2021-06-01 23:17:12"
"2020-07-27 06:00:00","W","0.265","0.266","0.265","6.000","2021-06-01 23:17:43"
"2020-07-27 06:00:00","D","1.037","1.045","1.030","6.000","2021-06-01 23:17:12"
"2020-07-27 12:00:00","W","0.267","0.269","0.266","6.000","2021-06-01 23:17:43"
"2020-07-27 12:00:00","D","1.061","1.094","1.045","6.000","2021-06-01 23:17:12"
"2020-07-27 18:00:00","W","0.265","0.266","0.264","6.000","2021-06-01 23:17:43"
"2020-07-27 18:00:00","D","1.028","1.040","1.019","6.000","2021-06-01 23:17:12"
"2020-07-28 00:00:00","W","0.267","0.267","0.266","6.000","2021-06-01 23:17:43"
"2020-07-28 00:00:00","D","1.052","1.062","1.044","6.000","2021-06-01 23:17:12"
"2020-07-28 06:00:00","W","0.268","0.268","0.267","6.000","2021-06-01 23:17:43"
"2020-07-28 06:00:00","D","1.066","1.072","1.060","6.000","2021-06-01 23:17:12"
"2020-07-28 12:00:00","W","0.267","0.268","0.266","6.000","2021-06-01 23:17:43"
"2020-07-28 12:00:00","D","1.058","1.069","1.042","6.000","2021-06-01 23:17:12"
"2020-07-28 18:00:00","W","0.266","0.267","0.266","6.000","2021-06-01 23:17:43"
"2020-07-28 18:00:00","D","1.048","1.057","1.040","6.000","2021-06-01 23:17:12"
"2020-07-29 00:00:00","W","0.267","0.267","0.266","6.000","2021-06-01 23:17:43"
"2020-07-29 00:00:00","D","1.055","1.066","1.039","6.000","2021-06-01 23:17:12"
"2020-07-29 06:00:00","W","0.268","0.268","0.267","6.000","2021-06-01 23:17:43"
"2020-07-29 06:00:00","D","1.071","1.080","1.064","6.000","2021-06-01 23:17:12"
"2020-07-29 12:00:00","W","0.268","0.268","0.266","6.000","2021-06-01 23:17:43"
"2020-07-29 12:00:00","D","1.069","1.080","1.051","6.000","2021-06-01 23:17:12"
"2020-07-29 18:00:00","W","0.266","0.269","0.262","6.000","2021-06-01 23:17:43"
"2020-07-29 18:00:00","D","1.050","1.082","0.991","6.000","2021-06-01 23:17:12"
"2020-07-30 00:00:00","W","0.265","0.266","0.263","6.000","2021-06-01 23:17:43"
"2020-07-30 00:00:00","D","1.027","1.051","1.002","6.000","2021-06-01 23:17:12"
"2020-07-30 06:00:00","W","0.267","0.267","0.266","6.000","2021-06-01 23:17:43"
"2020-07-30 06:00:00","D","1.055","1.066","1.047","6.000","2021-06-01 23:17:12"
"2020-07-30 12:00:00","W","0.267","0.268","0.266","6.000","2021-06-01 23:17:43"
"2020-07-30 12:00:00","D","1.061","1.074","1.048","6.000","2021-06-01 23:17:12"
"2020-07-30 18:00:00","W","0.267","0.268","0.266","6.000","2021-06-01 23:17:43"
"2020-07-30 18:00:00","D","1.056","1.080","1.044","6.000","2021-06-01 23:17:12"
"2020-07-31 00:00:00","W","0.270","0.272","0.268","6.000","2021-06-01 23:17:43"
"2020-07-31 00:00:00","D","1.092","1.127","1.067","6.000","2021-06-01 23:17:12"
"2020-07-31 06:00:00","W","0.267","0.267","0.267","6.000","2021-06-01 23:17:43"
"2020-07-31 06:00:00","D","1.060","1.063","1.056","6.000","2021-06-01 23:17:12"
"2020-07-31 12:00:00","W","0.449","0.529","0.286","6.000","2021-06-01 23:17:43"
"2020-07-31 12:00:00","D","5.181","7.311","1.352","6.000","2021-06-01 23:17:12"
"2020-07-31 18:00:00","W","0.527","0.528","0.526","6.000","2021-06-01 23:17:43"
"2020-07-31 18:00:00","D","7.239","7.289","7.214","6.000","2021-06-01 23:17:12"
"2020-08-01 00:00:00","W","0.460","0.528","0.351","6.000","2021-06-01 23:17:43"
"2020-08-01 00:00:00","D","5.449","7.289","2.692","6.000","2021-06-01 23:17:12"
"2020-08-01 06:00:00","W","0.527","0.527","0.526","6.000","2021-06-01 21:57:42"
"2020-08-01 06:00:00","D","7.227","7.239","7.206","6.000","2021-06-01 21:57:42"
"2020-08-01 12:00:00","W","0.520","0.526","0.515","6.000","2021-06-01 21:57:42"
"2020-08-01 12:00:00","D","7.007","7.220","6.859","6.000","2021-06-01 21:57:42"
"2020-08-01 18:00:00","W","0.514","0.515","0.513","6.000","2021-06-01 21:57:42"
"2020-08-01 18:00:00","D","6.822","6.846","6.799","6.000","2021-06-01 21:57:42"
"2020-08-02 00:00:00","W","0.514","0.515","0.513","6.000","2021-06-01 21:57:42"
"2020-08-02 00:00:00","D","6.823","6.856","6.793","6.000","2021-06-01 21:57:42"
"2020-08-02 06:00:00","W","0.515","0.515","0.514","6.000","2021-06-01 21:57:42"
"2020-08-02 06:00:00","D","6.841","6.859","6.829","6.000","2021-06-01 21:57:42"
"2020-08-02 12:00:00","W","0.514","0.515","0.514","6.000","2021-06-01 21:57:42"
"2020-08-02 12:00:00","D","6.825","6.840","6.807","6.000","2021-06-01 21:57:42"
"2020-08-02 18:00:00","W","0.513","0.514","0.512","6.000","2021-06-01 21:57:42"
"2020-08-02 18:00:00","D","6.777","6.815","6.755","6.000","2021-06-01 21:57:42"
"2020-08-03 00:00:00","W","0.513","0.514","0.512","6.000","2021-06-01 21:57:42"
"2020-08-03 00:00:00","D","6.786","6.813","6.758","6.000","2021-06-01 21:57:42"
"2020-08-03 06:00:00","W","0.514","0.514","0.513","6.000","2021-06-01 21:57:42"
"2020-08-03 06:00:00","D","6.806","6.815","6.799","6.000","2021-06-01 21:57:42"
"2020-08-03 12:00:00","W","0.518","0.527","0.513","6.000","2021-06-01 21:57:42"
"2020-08-03 12:00:00","D","6.953","7.247","6.783","6.000","2021-06-01 21:57:42"
"2020-08-03 18:00:00","W","0.522","0.524","0.521","6.000","2021-06-01 21:57:42"
"2020-08-03 18:00:00","D","7.089","7.137","7.054","6.000","2021-06-01 21:57:42"
"2020-08-04 00:00:00","W","0.524","0.527","0.521","6.000","2021-06-01 21:57:42"
"2020-08-04 00:00:00","D","7.150","7.242","7.043","6.000","2021-06-01 21:57:42"
"2020-08-04 06:00:00","W","0.527","0.528","0.527","6.000","2021-06-01 21:57:42"
"2020-08-04 06:00:00","D","7.256","7.281","7.233","6.000","2021-06-01 21:57:42"
"2020-08-04 12:00:00","W","0.528","0.529","0.528","6.000","2021-06-01 21:57:42"
"2020-08-04 12:00:00","D","7.282","7.317","7.267","6.000","2021-06-01 21:57:42"
"2020-08-04 18:00:00","W","0.527","0.527","0.526","6.000","2021-06-01 21:57:42"
"2020-08-04 18:00:00","D","7.229","7.250","7.206","6.000","2021-06-01 21:57:42"
"2020-08-05 00:00:00","W","0.525","0.528","0.523","6.000","2021-06-01 21:57:42"
"2020-08-05 00:00:00","D","7.182","7.264","7.126","6.000","2021-06-01 21:57:42"
"2020-08-05 06:00:00","W","0.523","0.524","0.521","6.000","2021-06-01 21:57:42"
"2020-08-05 06:00:00","D","7.113","7.159","7.062","6.000","2021-06-01 21:57:42"
"2020-08-05 12:00:00","W","0.352","0.495","0.266","6.000","2021-06-01 21:57:42"
"2020-08-05 12:00:00","D","2.818","6.245","1.048","6.000","2021-06-01 21:57:42"
"2020-08-05 18:00:00","W","0.265","0.265","0.265","6.000","2021-06-01 21:57:42"
"2020-08-05 18:00:00","D","1.030","1.036","1.026","6.000","2021-06-01 21:57:42"
"2020-08-06 00:00:00","W","0.265","0.265","0.264","6.000","2021-06-01 21:57:42"
"2020-08-06 00:00:00","D","1.026","1.032","1.023","6.000","2021-06-01 21:57:42"
"2020-08-06 06:00:00","W","0.265","0.265","0.264","6.000","2021-06-01 21:57:42"
"2020-08-06 06:00:00","D","1.026","1.033","1.019","6.000","2021-06-01 21:57:42"
"2020-08-06 12:00:00","W","0.263","0.266","0.261","6.000","2021-06-01 21:57:42"
"2020-08-06 12:00:00","D","1.009","1.049","0.977","6.000","2021-06-01 21:57:42"
"2020-08-06 18:00:00","W","0.262","0.263","0.261","6.000","2021-06-01 21:57:42"
"2020-08-06 18:00:00","D","0.994","1.000","0.978","6.000","2021-06-01 21:57:42"
"2020-08-07 00:00:00","W","0.263","0.264","0.262","6.000","2021-06-01 21:57:42"
"2020-08-07 00:00:00","D","1.005","1.015","0.996","6.000","2021-06-01 21:57:42"
"2020-08-07 06:00:00","W","0.264","0.264","0.263","6.000","2021-06-01 21:57:42"
"2020-08-07 06:00:00","D","1.017","1.024","1.011","6.000","2021-06-01 21:57:42"
"2020-08-07 12:00:00","W","0.264","0.264","0.264","6.000","2021-06-01 21:57:42"
"2020-08-07 12:00:00","D","1.020","1.023","1.014","6.000","2021-06-01 21:57:42"
"2020-08-07 18:00:00","W","0.264","0.264","0.263","6.000","2021-06-01 21:57:42"
"2020-08-07 18:00:00","D","1.019","1.022","1.005","6.000","2021-06-01 21:57:42"
"2020-08-08 00:00:00","W","0.264","0.265","0.263","6.000","2021-06-01 21:57:42"
"2020-08-08 00:00:00","D","1.019","1.038","0.999","6.000","2021-06-01 21:57:42"
"2020-08-08 06:00:00","W","0.266","0.266","0.265","6.000","2021-06-01 21:57:42"
"2020-08-08 06:00:00","D","1.045","1.048","1.038","6.000","2021-06-01 21:57:42"
"2020-08-08 12:00:00","W","0.261","0.266","0.259","6.000","2021-06-01 21:57:42"
"2020-08-08 12:00:00","D","0.983","1.049","0.955","6.000","2021-06-01 21:57:42"
"2020-08-08 18:00:00","W","0.263","0.264","0.262","6.000","2021-06-01 21:57:42"
"2020-08-08 18:00:00","D","1.006","1.023","0.992","6.000","2021-06-01 21:57:42"
"2020-08-09 00:00:00","W","0.267","0.267","0.265","6.000","2021-06-01 21:57:42"
"2020-08-09 00:00:00","D","1.052","1.062","1.033","6.000","2021-06-01 21:57:42"
"2020-08-09 06:00:00","W","0.267","0.268","0.267","6.000","2021-06-01 21:57:42"
"2020-08-09 06:00:00","D","1.067","1.073","1.060","6.000","2021-06-01 21:57:42"
"2020-08-09 12:00:00","W","0.261","0.267","0.258","6.000","2021-06-01 21:57:42"
"2020-08-09 12:00:00","D","0.973","1.067","0.937","6.000","2021-06-01 21:57:42"
"2020-08-09 18:00:00","W","0.260","0.262","0.259","6.000","2021-06-01 21:57:42"
"2020-08-09 18:00:00","D","0.962","0.987","0.944","6.000","2021-06-01 21:57:42"
"2020-08-10 00:00:00","W","0.264","0.265","0.262","6.000","2021-06-01 21:57:42"
"2020-08-10 00:00:00","D","1.018","1.033","0.997","6.000","2021-06-01 21:57:42"
"2020-08-10 06:00:00","W","0.266","0.266","0.265","6.000","2021-06-01 21:57:42"
"2020-08-10 06:00:00","D","1.045","1.052","1.033","6.000","2021-06-01 21:57:42"
"2020-08-10 12:00:00","W","0.267","0.267","0.266","6.000","2021-06-01 21:57:42"
"2020-08-10 12:00:00","D","1.060","1.065","1.053","6.000","2021-06-01 21:57:42"
"2020-08-10 18:00:00","W","0.266","0.267","0.266","6.000","2021-06-01 21:57:42"
"2020-08-10 18:00:00","D","1.052","1.059","1.046","6.000","2021-06-01 21:57:42"
"2020-08-11 00:00:00","W","0.267","0.267","0.266","6.000","2021-06-01 21:57:42"
"2020-08-11 00:00:00","D","1.054","1.065","1.042","6.000","2021-06-01 21:57:42"
"2020-08-11 06:00:00","W","0.267","0.267","0.267","6.000","2021-06-01 21:57:42"
"2020-08-11 06:00:00","D","1.061","1.067","1.056","6.000","2021-06-01 21:57:42"
"2020-08-11 12:00:00","W","0.266","0.267","0.263","6.000","2021-06-01 21:57:42"
"2020-08-11 12:00:00","D","1.046","1.066","1.004","6.000","2021-06-01 21:57:42"
"2020-08-11 18:00:00","W","0.264","0.265","0.263","6.000","2021-06-01 21:57:42"
"2020-08-11 18:00:00","D","1.014","1.028","1.007","6.000","2021-06-01 21:57:42"
"2020-08-12 00:00:00","W","0.301","0.391","0.265","6.000","2021-06-01 21:57:42"
"2020-08-12 00:00:00","D","1.728","3.718","1.037","6.000","2021-06-01 21:57:42"
"2020-08-12 06:00:00","W","0.280","0.295","0.274","6.000","2021-06-01 21:57:42"
"2020-08-12 06:00:00","D","1.251","1.477","1.166","6.000","2021-06-01 21:57:42"
"2020-08-12 12:00:00","W","0.269","0.273","0.263","6.000","2021-06-01 21:57:42"
"2020-08-12 12:00:00","D","1.083","1.147","1.007","6.000","2021-06-01 21:57:42"
"2020-08-12 18:00:00","W","0.262","0.263","0.262","6.000","2021-06-01 21:57:42"
"2020-08-12 18:00:00","D","0.996","1.004","0.994","6.000","2021-06-01 21:57:42"
"2020-08-13 00:00:00","W","0.263","0.265","0.262","6.000","2021-06-01 21:57:42"
"2020-08-13 00:00:00","D","0.998","1.034","0.984","6.000","2021-06-01 21:57:42"
"2020-08-13 06:00:00","W","0.266","0.267","0.265","6.000","2021-06-01 21:57:42"
"2020-08-13 06:00:00","D","1.039","1.056","1.033","6.000","2021-06-01 21:57:42"
"2020-08-13 12:00:00","W","0.261","0.265","0.241","6.000","2021-06-01 21:57:42"
"2020-08-13 12:00:00","D","0.980","1.038","0.720","6.000","2021-06-01 21:57:42"
"2020-08-13 18:00:00","W","0.251","0.266","0.215","6.000","2021-06-01 21:57:42"
"2020-08-13 18:00:00","D","0.859","1.040","0.438","6.000","2021-06-01 21:57:42"
"2020-08-14 00:00:00","W","0.266","0.267","0.265","6.000","2021-06-01 21:57:42"
"2020-08-14 00:00:00","D","1.049","1.065","1.033","6.000","2021-06-01 21:57:42"
"2020-08-14 06:00:00","W","0.267","0.267","0.267","6.000","2021-06-01 21:57:42"
"2020-08-14 06:00:00","D","1.061","1.066","1.055","6.000","2021-06-01 21:57:42"
"2020-08-14 12:00:00","W","0.457","0.528","0.301","6.000","2021-06-01 21:57:42"
"2020-08-14 12:00:00","D","5.343","7.298","1.629","6.000","2021-06-01 21:57:42"
"2020-08-14 18:00:00","W","0.518","0.525","0.510","6.000","2021-06-01 21:57:42"
"2020-08-14 18:00:00","D","6.951","7.169","6.685","6.000","2021-06-01 21:57:42"
"2020-08-15 00:00:00","W","0.523","0.531","0.515","6.000","2021-06-01 21:57:42"
"2020-08-15 00:00:00","D","7.107","7.383","6.851","6.000","2021-06-01 21:57:42"
"2020-08-15 06:00:00","W","0.527","0.528","0.526","6.000","2021-06-01 21:57:42"
"2020-08-15 06:00:00","D","7.239","7.272","7.203","6.000","2021-06-01 21:57:42"
"2020-08-15 12:00:00","W","0.524","0.528","0.519","6.000","2021-06-01 21:57:42"
"2020-08-15 12:00:00","D","7.135","7.289","6.982","6.000","2021-06-01 21:57:42"
"2020-08-15 18:00:00","W","0.519","0.523","0.511","6.000","2021-06-01 21:57:42"
"2020-08-15 18:00:00","D","6.975","7.106","6.704","6.000","2021-06-01 21:57:42"
"2020-08-16 00:00:00","W","0.514","0.517","0.511","6.000","2021-06-01 21:57:42"
"2020-08-16 00:00:00","D","6.823","6.903","6.706","6.000","2021-06-01 21:57:42"
"2020-08-16 06:00:00","W","0.517","0.519","0.515","6.000","2021-06-01 21:57:42"
"2020-08-16 06:00:00","D","6.918","6.980","6.851","6.000","2021-06-01 21:57:42"
"2020-08-16 12:00:00","W","0.517","0.518","0.514","6.000","2021-06-01 21:57:42"
"2020-08-16 12:00:00","D","6.895","6.947","6.813","6.000","2021-06-01 21:57:42"
"2020-08-16 18:00:00","W","0.517","0.520","0.516","6.000","2021-06-01 21:57:42"
"2020-08-16 18:00:00","D","6.928","7.023","6.884","6.000","2021-06-01 21:57:42"
"2020-08-17 00:00:00","W","0.518","0.520","0.517","6.000","2021-06-01 21:57:42"
"2020-08-17 00:00:00","D","6.950","7.015","6.909","6.000","2021-06-01 21:57:42"
"2020-08-17 06:00:00","W","0.521","0.523","0.520","6.000","2021-06-01 21:57:42"
"2020-08-17 06:00:00","D","7.062","7.106","7.018","6.000","2021-06-01 21:57:42"
"2020-08-17 12:00:00","W","0.518","0.519","0.515","6.000","2021-06-01 21:57:42"
"2020-08-17 12:00:00","D","6.939","6.971","6.857","6.000","2021-06-01 21:57:42"
"2020-08-17 18:00:00","W","0.518","0.520","0.517","6.000","2021-06-01 21:57:42"
"2020-08-17 18:00:00","D","6.938","7.018","6.903","6.000","2021-06-01 21:57:42"
"2020-08-18 00:00:00","W","0.514","0.518","0.511","6.000","2021-06-01 21:57:42"
"2020-08-18 00:00:00","D","6.822","6.960","6.717","6.000","2021-06-01 21:57:42"
"2020-08-18 06:00:00","W","0.514","0.516","0.513","6.000","2021-06-01 21:57:42"
"2020-08-18 06:00:00","D","6.824","6.898","6.790","6.000","2021-06-01 21:57:42"
"2020-08-18 12:00:00","W","0.516","0.518","0.514","6.000","2021-06-01 21:57:42"
"2020-08-18 12:00:00","D","6.890","6.955","6.810","6.000","2021-06-01 21:57:42"
"2020-08-18 18:00:00","W","0.515","0.519","0.514","6.000","2021-06-01 21:57:42"
"2020-08-18 18:00:00","D","6.844","6.969","6.807","6.000","2021-06-01 21:57:42"
"2020-08-19 00:00:00","W","0.513","0.520","0.509","6.000","2021-06-01 21:57:42"
"2020-08-19 00:00:00","D","6.784","7.021","6.669","6.000","2021-06-01 21:57:42"
"2020-08-19 06:00:00","W","0.515","0.520","0.510","6.000","2021-06-01 21:57:42"
"2020-08-19 06:00:00","D","6.851","6.998","6.695","6.000","2021-06-01 21:57:42"
"2020-08-19 12:00:00","W","0.519","0.521","0.517","6.000","2021-06-01 21:57:42"
"2020-08-19 12:00:00","D","6.974","7.040","6.928","6.000","2021-06-01 21:57:42"
"2020-08-19 18:00:00","W","0.520","0.522","0.519","6.000","2021-06-01 21:57:42"
"2020-08-19 18:00:00","D","7.017","7.095","6.966","6.000","2021-06-01 21:57:42"
"2020-08-20 00:00:00","W","0.518","0.521","0.514","6.000","2021-06-01 21:57:42"
"2020-08-20 00:00:00","D","6.933","7.040","6.804","6.000","2021-06-01 21:57:42"
"2020-08-20 06:00:00","W","0.519","0.520","0.517","6.000","2021-06-01 21:57:42"
"2020-08-20 06:00:00","D","6.980","7.010","6.914","6.000","2021-06-01 21:57:42"
"2020-08-20 12:00:00","W","0.521","0.523","0.518","6.000","2021-06-01 21:57:42"
"2020-08-20 12:00:00","D","7.038","7.117","6.952","6.000","2021-06-01 21:57:42"
"2020-08-20 18:00:00","W","0.521","0.522","0.520","6.000","2021-06-01 21:57:42"
"2020-08-20 18:00:00","D","7.059","7.097","7.010","6.000","2021-06-01 21:57:42"
"2020-08-21 00:00:00","W","0.518","0.524","0.511","6.000","2021-06-01 21:57:42"
"2020-08-21 00:00:00","D","6.957","7.137","6.723","6.000","2021-06-01 21:57:42"
"2020-08-21 06:00:00","W","0.519","0.520","0.517","6.000","2021-06-01 21:57:42"
"2020-08-21 06:00:00","D","6.981","7.032","6.922","6.000","2021-06-01 21:57:42"
"2020-08-21 12:00:00","W","0.521","0.523","0.520","6.000","2021-06-01 21:57:42"
"2020-08-21 12:00:00","D","7.043","7.103","7.012","6.000","2021-06-01 21:57:42"
"2020-08-21 18:00:00","W","0.521","0.523","0.520","6.000","2021-06-01 21:57:42"
"2020-08-21 18:00:00","D","7.047","7.117","7.007","6.000","2021-06-01 21:57:42"
"2020-08-22 00:00:00","W","0.521","0.524","0.519","6.000","2021-06-01 21:57:42"
"2020-08-22 00:00:00","D","7.049","7.142","6.982","6.000","2021-06-01 21:57:42"
"2020-08-22 06:00:00","W","0.520","0.521","0.519","6.000","2021-06-01 21:57:42"
"2020-08-22 06:00:00","D","7.011","7.032","6.979","6.000","2021-06-01 21:57:42"
"2020-08-22 12:00:00","W","0.586","0.612","0.537","6.000","2021-06-01 21:57:42"
"2020-08-22 12:00:00","D","9.272","10.171","7.578","6.000","2021-06-01 21:57:42"
"2020-08-22 18:00:00","W","0.605","0.606","0.601","6.000","2021-06-01 21:57:42"
"2020-08-22 18:00:00","D","9.892","9.950","9.790","6.000","2021-06-01 21:57:42"
"2020-08-23 00:00:00","W","0.605","0.608","0.602","6.000","2021-06-01 21:57:42"
"2020-08-23 00:00:00","D","9.903","10.008","9.795","6.000","2021-06-01 21:57:42"
"2020-08-23 06:00:00","W","0.605","0.606","0.604","6.000","2021-06-01 21:57:42"
"2020-08-23 06:00:00","D","9.908","9.933","9.876","6.000","2021-06-01 21:57:42"
"2020-08-23 12:00:00","W","0.605","0.606","0.604","6.000","2021-06-01 21:57:42"
"2020-08-23 12:00:00","D","9.921","9.962","9.887","6.000","2021-06-01 21:57:42"
"2020-08-23 18:00:00","W","0.603","0.605","0.600","6.000","2021-06-01 21:57:42"
"2020-08-23 18:00:00","D","9.828","9.899","9.724","6.000","2021-06-01 21:57:42"
"2020-08-24 00:00:00","W","0.604","0.606","0.601","6.000","2021-06-01 21:57:42"
"2020-08-24 00:00:00","D","9.863","9.944","9.781","6.000","2021-06-01 21:57:42"
"2020-08-24 06:00:00","W","0.604","0.605","0.603","6.000","2021-06-01 21:57:42"
"2020-08-24 06:00:00","D","9.872","9.907","9.839","6.000","2021-06-01 21:57:42"
"2020-08-24 12:00:00","W","0.612","0.634","0.605","6.000","2021-06-01 21:57:42"
"2020-08-24 12:00:00","D","10.148","10.897","9.919","6.000","2021-06-01 21:57:42"
"2020-08-24 18:00:00","W","0.605","0.606","0.604","6.000","2021-06-01 21:57:42"
"2020-08-24 18:00:00","D","9.918","9.962","9.879","6.000","2021-06-01 21:57:42"
"2020-08-25 00:00:00","W","0.604","0.607","0.601","6.000","2021-06-01 21:57:42"
"2020-08-25 00:00:00","D","9.888","9.984","9.790","6.000","2021-06-01 21:57:42"
"2020-08-25 06:00:00","W","0.605","0.605","0.605","1.000","2021-06-01 21:57:42"
"2020-08-25 06:00:00","D","9.893","9.916","9.859","6.000","2021-06-01 21:57:42"
"2020-08-25 12:00:00","W","0.605","0.606","0.604","6.000","2021-06-01 21:58:12"
"2020-08-25 12:00:00","D","9.917","9.962","9.893","6.000","2021-06-01 21:57:42"
"2020-08-25 18:00:00","W","0.605","0.606","0.604","6.000","2021-06-01 21:58:12"
"2020-08-25 18:00:00","D","9.928","9.956","9.870","6.000","2021-06-01 21:57:42"
"2020-08-26 00:00:00","W","0.605","0.608","0.602","6.000","2021-06-01 21:58:12"
"2020-08-26 00:00:00","D","9.907","10.025","9.821","6.000","2021-06-01 21:57:42"
"2020-08-26 06:00:00","W","0.605","0.607","0.601","6.000","2021-06-01 21:58:12"
"2020-08-26 06:00:00","D","9.895","9.973","9.781","6.000","2021-06-01 21:57:42"
"2020-08-26 12:00:00","W","0.606","0.607","0.604","6.000","2021-06-01 21:58:12"
"2020-08-26 12:00:00","D","9.945","9.985","9.893","6.000","2021-06-01 21:57:42"
"2020-08-26 18:00:00","W","0.605","0.606","0.604","6.000","2021-06-01 21:58:12"
"2020-08-26 18:00:00","D","9.920","9.956","9.896","6.000","2021-06-01 21:57:42"
"2020-08-27 00:00:00","W","0.604","0.607","0.602","6.000","2021-06-01 21:58:12"
"2020-08-27 00:00:00","D","9.883","9.982","9.813","6.000","2021-06-01 21:57:42"
"2020-08-27 06:00:00","W","0.603","0.605","0.603","6.000","2021-06-01 21:58:12"
"2020-08-27 06:00:00","D","9.858","9.902","9.836","6.000","2021-06-01 21:57:42"
"2020-08-27 12:00:00","W","0.605","0.605","0.603","6.000","2021-06-01 21:58:12"
"2020-08-27 12:00:00","D","9.897","9.923","9.850","6.000","2021-06-01 21:57:42"
"2020-08-27 18:00:00","W","0.604","0.604","0.603","6.000","2021-06-01 21:58:12"
"2020-08-27 18:00:00","D","9.876","9.896","9.850","6.000","2021-06-01 21:57:42"
"2020-08-28 00:00:00","W","0.604","0.609","0.599","6.000","2021-06-01 21:58:12"
"2020-08-28 00:00:00","D","9.871","10.056","9.721","6.000","2021-06-01 21:57:42"
"2020-08-28 06:00:00","W","0.607","0.611","0.605","6.000","2021-06-01 21:58:12"
"2020-08-28 06:00:00","D","9.976","10.122","9.905","6.000","2021-06-01 21:57:42"
"2020-08-28 12:00:00","W","0.606","0.607","0.605","6.000","2021-06-01 21:58:12"
"2020-08-28 12:00:00","D","9.939","9.990","9.903","6.000","2021-06-01 21:57:42"
"2020-08-28 18:00:00","W","0.606","0.606","0.604","6.000","2021-06-01 21:58:12"
"2020-08-28 18:00:00","D","9.937","9.959","9.893","6.000","2021-06-01 21:57:42"
"2020-08-29 00:00:00","W","0.606","0.607","0.604","6.000","2021-06-01 21:58:12"
"2020-08-29 00:00:00","D","9.925","9.966","9.879","6.000","2021-06-01 21:57:42"
"2020-08-29 06:00:00","W","0.607","0.609","0.603","6.000","2021-06-01 21:58:12"
"2020-08-29 06:00:00","D","9.963","10.056","9.853","6.000","2021-06-01 21:57:42"
"2020-08-29 12:00:00","W","0.606","0.607","0.602","6.000","2021-06-01 21:58:12"
"2020-08-29 12:00:00","D","9.931","9.985","9.815","6.000","2021-06-01 21:57:42"
"2020-08-29 18:00:00","W","0.605","0.606","0.604","6.000","2021-06-01 21:58:12"
"2020-08-29 18:00:00","D","9.915","9.950","9.887","6.000","2021-06-01 21:57:42"
"2020-08-30 00:00:00","W","0.604","0.608","0.601","6.000","2021-06-01 21:58:12"
"2020-08-30 00:00:00","D","9.895","10.002","9.787","6.000","2021-06-01 21:57:42"
"2020-08-30 06:00:00","W","0.604","0.605","0.603","6.000","2021-06-01 21:58:12"
"2020-08-30 06:00:00","D","9.881","9.907","9.856","6.000","2021-06-01 21:57:42"
"2020-08-30 12:00:00","W","0.605","0.606","0.603","6.000","2021-06-01 21:58:12"
"2020-08-30 12:00:00","D","9.908","9.954","9.854","6.000","2021-06-01 21:57:42"
"2020-08-30 18:00:00","W","0.604","0.605","0.602","6.000","2021-06-01 21:58:12"
"2020-08-30 18:00:00","D","9.865","9.919","9.809","6.000","2021-06-01 21:57:42"
"2020-08-31 00:00:00","W","0.604","0.605","0.603","6.000","2021-06-01 21:58:12"
"2020-08-31 00:00:00","D","9.872","9.922","9.853","6.000","2021-06-01 21:57:42"
"2020-08-31 06:00:00","W","0.603","0.605","0.602","6.000","2021-06-01 21:58:12"
"2020-08-31 06:00:00","D","9.856","9.905","9.807","6.000","2021-06-01 21:57:42"
"2020-08-31 12:00:00","W","0.605","0.607","0.603","6.000","2021-06-01 21:58:12"
"2020-08-31 12:00:00","D","9.912","9.970","9.836","6.000","2021-06-01 21:57:42"
"2020-08-31 18:00:00","W","0.606","0.608","0.604","6.000","2021-06-01 21:58:12"
"2020-08-31 18:00:00","D","9.944","10.001","9.867","6.000","2021-06-01 21:57:42"
"2020-09-01 00:00:00","W","0.606","0.611","0.602","6.000","2021-06-01 21:58:12"
"2020-09-01 00:00:00","D","9.944","10.122","9.804","6.000","2021-06-01 21:57:42"
"2020-09-01 06:00:00","W","0.605","0.606","0.604","6.000","2021-06-01 21:22:02"
"2020-09-01 06:00:00","D","9.919","9.962","9.864","6.000","2021-06-01 21:24:46"
"2020-09-01 12:00:00","W","0.605","0.608","0.601","6.000","2021-06-01 21:22:02"
"2020-09-01 12:00:00","D","9.906","10.002","9.777","6.000","2021-06-01 21:24:46"
"2020-09-01 18:00:00","W","0.606","0.608","0.605","6.000","2021-06-01 21:22:03"
"2020-09-01 18:00:00","D","9.947","10.002","9.920","6.000","2021-06-01 21:24:46"
"2020-09-02 00:00:00","W","0.606","0.608","0.604","6.000","2021-06-01 21:22:03"
"2020-09-02 00:00:00","D","9.943","10.025","9.864","6.000","2021-06-01 21:24:46"
"2020-09-02 06:00:00","W","0.605","0.607","0.603","6.000","2021-06-01 21:22:03"
"2020-09-02 06:00:00","D","9.893","9.970","9.844","6.000","2021-06-01 21:24:46"
"2020-09-02 12:00:00","W","0.605","0.607","0.601","6.000","2021-06-01 21:22:03"
"2020-09-02 12:00:00","D","9.911","9.982","9.771","6.000","2021-06-01 21:24:46"
"2020-09-02 18:00:00","W","0.599","0.609","0.581","6.000","2021-06-01 21:22:04"
"2020-09-02 18:00:00","D","9.686","10.036","9.080","6.000","2021-06-01 21:24:46"
"2020-09-03 00:00:00","W","0.606","0.608","0.603","6.000","2021-06-01 21:22:03"
"2020-09-03 00:00:00","D","9.950","10.025","9.853","6.000","2021-06-01 21:24:46"
"2020-09-03 06:00:00","W","0.605","0.605","0.603","6.000","2021-06-01 21:22:04"
"2020-09-03 06:00:00","D","9.903","9.924","9.856","6.000","2021-06-01 21:24:46"
"2020-09-03 12:00:00","W","0.608","0.623","0.604","6.000","2021-06-01 21:22:03"
"2020-09-03 12:00:00","D","10.014","10.537","9.866","6.000","2021-06-01 21:24:46"
"2020-09-03 18:00:00","W","0.601","0.630","0.563","6.000","2021-06-01 21:22:04"
"2020-09-03 18:00:00","D","9.788","10.788","8.525","6.000","2021-06-01 21:24:46"
"2020-09-04 00:00:00","W","0.604","0.609","0.602","6.000","2021-06-01 21:22:03"
"2020-09-04 00:00:00","D","9.876","10.057","9.801","6.000","2021-06-01 21:24:46"
"2020-09-04 06:00:00","W","0.603","0.605","0.602","6.000","2021-06-01 21:22:07"
"2020-09-04 06:00:00","D","9.855","9.922","9.801","6.000","2021-06-01 21:24:46"
"2020-09-04 12:00:00","W","0.545","0.598","0.517","6.000","2021-06-01 21:22:05"
"2020-09-04 12:00:00","D","7.861","9.660","6.925","6.000","2021-06-01 21:24:46"
"2020-09-04 18:00:00","W","0.516","0.519","0.510","6.000","2021-06-01 21:22:06"
"2020-09-04 18:00:00","D","6.874","6.977","6.682","6.000","2021-06-01 21:24:46"
"2020-09-05 00:00:00","W","0.518","0.519","0.515","6.000","2021-06-01 21:22:05"
"2020-09-05 00:00:00","D","6.949","6.996","6.862","6.000","2021-06-01 21:24:46"
"2020-09-05 06:00:00","W","0.517","0.518","0.517","6.000","2021-06-01 21:22:06"
"2020-09-05 06:00:00","D","6.932","6.946","6.919","6.000","2021-06-01 21:24:46"
"2020-09-05 12:00:00","W","0.518","0.520","0.516","6.000","2021-06-01 21:22:05"
"2020-09-05 12:00:00","D","6.963","7.004","6.898","6.000","2021-06-01 21:24:46"
"2020-09-05 18:00:00","W","0.518","0.519","0.516","6.000","2021-06-01 21:22:05"
"2020-09-05 18:00:00","D","6.939","6.996","6.892","6.000","2021-06-01 21:24:46"
"2020-09-06 00:00:00","W","0.519","0.522","0.518","6.000","2021-06-01 21:22:07"
"2020-09-06 00:00:00","D","6.982","7.093","6.941","6.000","2021-06-01 21:24:46"
"2020-09-06 06:00:00","W","0.521","0.522","0.520","6.000","2021-06-01 21:22:08"
"2020-09-06 06:00:00","D","7.039","7.084","7.012","6.000","2021-06-01 21:24:46"
"2020-09-06 12:00:00","W","0.521","0.524","0.519","6.000","2021-06-01 21:22:08"
"2020-09-06 12:00:00","D","7.064","7.140","6.979","6.000","2021-06-01 21:24:46"
"2020-09-06 18:00:00","W","0.521","0.523","0.520","6.000","2021-06-01 21:22:07"
"2020-09-06 18:00:00","D","7.052","7.120","7.007","6.000","2021-06-01 21:24:46"
"2020-09-07 00:00:00","W","0.522","0.524","0.520","6.000","2021-06-01 21:22:08"
"2020-09-07 00:00:00","D","7.073","7.142","7.026","6.000","2021-06-01 21:24:46"
"2020-09-07 06:00:00","W","0.521","0.524","0.520","6.000","2021-06-01 21:22:08"
"2020-09-07 06:00:00","D","7.052","7.140","7.021","6.000","2021-06-01 21:24:46"
"2020-09-07 12:00:00","W","0.521","0.523","0.519","6.000","2021-06-01 21:22:08"
"2020-09-07 12:00:00","D","7.049","7.131","6.985","6.000","2021-06-01 21:24:46"
"2020-09-07 18:00:00","W","0.522","0.524","0.521","6.000","2021-06-01 21:22:08"
"2020-09-07 18:00:00","D","7.093","7.134","7.050","6.000","2021-06-01 21:24:46"
"2020-09-08 00:00:00","W","0.518","0.520","0.514","6.000","2021-06-01 21:22:08"
"2020-09-08 00:00:00","D","6.946","7.010","6.821","6.000","2021-06-01 21:24:46"
"2020-09-08 06:00:00","W","0.521","0.523","0.519","6.000","2021-06-01 21:22:08"
"2020-09-08 06:00:00","D","7.038","7.128","6.996","6.000","2021-06-01 21:24:46"
"2020-09-08 12:00:00","W","0.516","0.519","0.514","6.000","2021-06-01 21:22:08"
"2020-09-08 12:00:00","D","6.886","6.968","6.802","6.000","2021-06-01 21:24:46"
"2020-09-08 18:00:00","W","0.519","0.520","0.518","6.000","2021-06-01 21:22:08"
"2020-09-08 18:00:00","D","6.978","7.029","6.947","6.000","2021-06-01 21:24:46"
"2020-09-09 00:00:00","W","0.519","0.520","0.518","6.000","2021-06-01 21:22:08"
"2020-09-09 00:00:00","D","6.986","7.021","6.958","6.000","2021-06-01 21:24:46"
"2020-09-09 06:00:00","W","0.518","0.520","0.516","6.000","2021-06-01 21:22:08"
"2020-09-09 06:00:00","D","6.948","7.007","6.887","6.000","2021-06-01 21:24:46"
"2020-09-09 12:00:00","W","0.342","0.519","0.263","6.000","2021-06-01 21:22:08"
"2020-09-09 12:00:00","D","2.660","7.007","1.002","6.000","2021-06-01 21:24:46"
"2020-09-09 18:00:00","W","0.262","0.262","0.261","6.000","2021-06-01 21:22:08"
"2020-09-09 18:00:00","D","0.991","0.997","0.979","6.000","2021-06-01 21:24:46"
"2020-09-10 00:00:00","W","0.262","0.262","0.261","6.000","2021-06-01 21:22:08"
"2020-09-10 00:00:00","D","0.990","0.997","0.983","6.000","2021-06-01 21:24:46"
"2020-09-10 06:00:00","W","0.262","0.262","0.262","6.000","2021-06-01 21:22:08"
"2020-09-10 06:00:00","D","0.991","0.997","0.987","6.000","2021-06-01 21:24:46"
"2020-09-10 12:00:00","W","0.262","0.263","0.262","6.000","2021-06-01 21:22:08"
"2020-09-10 12:00:00","D","0.993","1.000","0.991","6.000","2021-06-01 21:24:46"
"2020-09-10 18:00:00","W","0.262","0.262","0.262","6.000","2021-06-01 21:22:08"
"2020-09-10 18:00:00","D","0.991","0.997","0.988","6.000","2021-06-01 21:24:46"
"2020-09-11 00:00:00","W","0.262","0.262","0.262","6.000","2021-06-01 21:22:08"
"2020-09-11 00:00:00","D","0.993","0.996","0.987","6.000","2021-06-01 21:24:46"
"2020-09-11 06:00:00","W","0.262","0.262","0.262","6.000","2021-06-01 21:22:08"
"2020-09-11 06:00:00","D","0.992","0.994","0.989","6.000","2021-06-01 21:24:46"
"2020-09-11 12:00:00","W","0.262","0.262","0.262","6.000","2021-06-01 21:22:08"
"2020-09-11 12:00:00","D","0.991","0.993","0.990","6.000","2021-06-01 21:24:46"
"2020-09-11 18:00:00","W","0.262","0.263","0.262","6.000","2021-06-01 21:22:08"
"2020-09-11 18:00:00","D","0.996","1.003","0.993","6.000","2021-06-01 21:24:46"
"2020-09-12 00:00:00","W","0.262","0.262","0.262","6.000","2021-06-01 21:22:08"
"2020-09-12 00:00:00","D","0.992","0.997","0.984","6.000","2021-06-01 21:24:46"
"2020-09-12 06:00:00","W","0.262","0.263","0.262","6.000","2021-06-01 21:22:08"
"2020-09-12 06:00:00","D","0.996","1.003","0.991","6.000","2021-06-01 21:24:46"
"2020-09-12 12:00:00","W","0.262","0.262","0.262","6.000","2021-06-01 21:22:08"
"2020-09-12 12:00:00","D","0.990","0.993","0.986","6.000","2021-06-01 21:24:46"
"2020-09-12 18:00:00","W","0.262","0.262","0.262","6.000","2021-06-01 21:22:08"
"2020-09-12 18:00:00","D","0.991","0.993","0.989","6.000","2021-06-01 21:24:46"
"2020-09-13 00:00:00","W","0.262","0.263","0.262","6.000","2021-06-01 21:22:08"
"2020-09-13 00:00:00","D","0.994","1.000","0.988","6.000","2021-06-01 21:24:46"
"2020-09-13 06:00:00","W","0.262","0.263","0.262","6.000","2021-06-01 21:22:08"
"2020-09-13 06:00:00","D","0.996","0.999","0.993","6.000","2021-06-01 21:24:46"
"2020-09-13 12:00:00","W","0.262","0.263","0.262","6.000","2021-06-01 21:22:08"
"2020-09-13 12:00:00","D","0.993","1.001","0.986","6.000","2021-06-01 21:24:46"
"2020-09-13 18:00:00","W","0.262","0.263","0.262","6.000","2021-06-01 21:22:08"
"2020-09-13 18:00:00","D","0.992","0.998","0.986","6.000","2021-06-01 21:24:46"
"2020-09-14 00:00:00","W","0.263","0.264","0.262","6.000","2021-06-01 21:22:08"
"2020-09-14 00:00:00","D","1.002","1.013","0.991","6.000","2021-06-01 21:24:46"
"2020-09-14 06:00:00","W","0.263","0.263","0.263","6.000","2021-06-01 21:22:08"
"2020-09-14 06:00:00","D","1.005","1.005","1.005","6.000","2021-06-01 21:24:46"
"2020-09-14 12:00:00","W","0.263","0.263","0.263","6.000","2021-06-01 21:22:08"
"2020-09-14 12:00:00","D","1.005","1.005","1.005","6.000","2021-06-01 21:24:46"
"2020-09-14 18:00:00","W","0.263","0.263","0.263","6.000","2021-06-01 21:22:08"
"2020-09-14 18:00:00","D","1.005","1.005","1.005","6.000","2021-06-01 21:24:46"
"2020-09-15 00:00:00","W","0.263","0.263","0.263","6.000","2021-06-01 21:22:08"
"2020-09-15 00:00:00","D","1.005","1.005","1.005","6.000","2021-06-01 21:24:46"
"2020-09-15 06:00:00","W","0.263","0.263","0.263","6.000","2021-06-01 21:22:08"
"2020-09-15 06:00:00","D","1.005","1.005","1.005","6.000","2021-06-01 21:24:46"
"2020-09-15 12:00:00","W","0.263","0.263","0.263","6.000","2021-06-01 21:22:08"
"2020-09-15 12:00:00","D","1.005","1.006","1.001","6.000","2021-06-01 21:24:46"
"2020-09-15 18:00:00","W","0.263","0.263","0.263","6.000","2021-06-01 21:22:08"
"2020-09-15 18:00:00","D","1.003","1.007","0.998","6.000","2021-06-01 21:24:46"
"2020-09-16 00:00:00","W","0.263","0.263","0.262","6.000","2021-06-01 21:22:08"
"2020-09-16 00:00:00","D","1.001","1.005","0.994","6.000","2021-06-01 21:24:46"
"2020-09-16 06:00:00","W","0.263","0.264","0.263","6.000","2021-06-01 21:22:08"
"2020-09-16 06:00:00","D","1.008","1.014","1.005","6.000","2021-06-01 21:24:46"
"2020-09-16 12:00:00","W","0.263","0.264","0.263","6.000","2021-06-01 21:22:09"
"2020-09-16 12:00:00","D","1.008","1.016","1.004","6.000","2021-06-01 21:24:46"
"2020-09-16 18:00:00","W","0.263","0.264","0.263","6.000","2021-06-01 21:22:08"
"2020-09-16 18:00:00","D","1.005","1.013","0.999","6.000","2021-06-01 21:24:46"
"2020-09-17 00:00:00","W","0.263","0.263","0.263","6.000","2021-06-01 21:22:08"
"2020-09-17 00:00:00","D","1.007","1.011","1.005","6.000","2021-06-01 21:24:46"
"2020-09-17 06:00:00","W","0.263","0.263","0.263","6.000","2021-06-01 21:22:08"
"2020-09-17 06:00:00","D","1.008","1.010","1.006","6.000","2021-06-01 21:24:46"
"2020-09-17 12:00:00","W","0.263","0.264","0.263","6.000","2021-06-01 21:22:08"
"2020-09-17 12:00:00","D","1.010","1.016","1.005","6.000","2021-06-01 21:24:46"
"2020-09-17 18:00:00","W","0.264","0.264","0.263","6.000","2021-06-01 21:22:08"
"2020-09-17 18:00:00","D","1.012","1.018","1.007","6.000","2021-06-01 21:24:46"
"2020-09-18 00:00:00","W","0.264","0.265","0.263","6.000","2021-06-01 21:22:08"
"2020-09-18 00:00:00","D","1.016","1.029","1.007","6.000","2021-06-01 21:24:46"
"2020-09-18 06:00:00","W","0.264","0.265","0.264","6.000","2021-06-01 21:22:08"
"2020-09-18 06:00:00","D","1.020","1.030","1.013","6.000","2021-06-01 21:24:46"
"2020-09-18 12:00:00","W","0.264","0.266","0.264","6.000","2021-06-01 21:22:08"
"2020-09-18 12:00:00","D","1.020","1.039","1.013","6.000","2021-06-01 21:24:46"
"2020-09-18 18:00:00","W","0.269","0.289","0.264","6.000","2021-06-01 21:22:09"
"2020-09-18 18:00:00","D","1.092","1.393","1.015","6.000","2021-06-01 21:24:46"
"2020-09-19 00:00:00","W","0.266","0.273","0.264","6.000","2021-06-01 21:22:08"
"2020-09-19 00:00:00","D","1.045","1.146","1.019","6.000","2021-06-01 21:24:46"
"2020-09-19 06:00:00","W","0.264","0.264","0.264","6.000","2021-06-01 21:22:09"
"2020-09-19 06:00:00","D","1.018","1.020","1.016","6.000","2021-06-01 21:24:46"
"2020-09-19 12:00:00","W","0.264","0.264","0.264","6.000","2021-06-01 21:22:08"
"2020-09-19 12:00:00","D","1.016","1.020","1.014","6.000","2021-06-01 21:24:46"
"2020-09-19 18:00:00","W","0.264","0.264","0.263","6.000","2021-06-01 21:22:09"
"2020-09-19 18:00:00","D","1.012","1.018","1.006","6.000","2021-06-01 21:24:46"
"2020-09-20 00:00:00","W","0.264","0.264","0.264","6.000","2021-06-01 21:22:08"
"2020-09-20 00:00:00","D","1.019","1.021","1.014","6.000","2021-06-01 21:24:46"
"2020-09-20 06:00:00","W","0.264","0.265","0.264","6.000","2021-06-01 21:22:09"
"2020-09-20 06:00:00","D","1.021","1.026","1.015","6.000","2021-06-01 21:24:46"
"2020-09-20 12:00:00","W","0.264","0.264","0.264","6.000","2021-06-01 21:22:08"
"2020-09-20 12:00:00","D","1.020","1.025","1.014","6.000","2021-06-01 21:24:46"
"2020-09-20 18:00:00","W","0.264","0.264","0.264","6.000","2021-06-01 21:22:09"
"2020-09-20 18:00:00","D","1.020","1.023","1.016","6.000","2021-06-01 21:24:46"
"2020-09-21 00:00:00","W","0.265","0.265","0.264","6.000","2021-06-01 21:22:08"
"2020-09-21 00:00:00","D","1.026","1.032","1.022","6.000","2021-06-01 21:24:46"
"2020-09-21 06:00:00","W","0.265","0.265","0.264","6.000","2021-06-01 21:22:08"
"2020-09-21 06:00:00","D","1.025","1.032","1.020","6.000","2021-06-01 21:24:46"
"2020-09-21 12:00:00","W","0.265","0.265","0.264","6.000","2021-06-01 21:22:08"
"2020-09-21 12:00:00","D","1.025","1.030","1.019","6.000","2021-06-01 21:24:46"
"2020-09-21 18:00:00","W","0.264","0.265","0.264","6.000","2021-06-01 21:22:08"
"2020-09-21 18:00:00","D","1.023","1.028","1.019","6.000","2021-06-01 21:24:46"
"2020-09-22 00:00:00","W","0.265","0.265","0.264","6.000","2021-06-01 21:22:09"
"2020-09-22 00:00:00","D","1.026","1.032","1.023","6.000","2021-06-01 21:24:46"
"2020-09-22 06:00:00","W","0.264","0.265","0.264","6.000","2021-06-01 21:22:09"
"2020-09-22 06:00:00","D","1.021","1.025","1.019","6.000","2021-06-01 21:24:46"
"2020-09-22 12:00:00","W","0.264","0.265","0.264","6.000","2021-06-01 21:22:09"
"2020-09-22 12:00:00","D","1.024","1.031","1.020","6.000","2021-06-01 21:24:46"
"2020-09-22 18:00:00","W","0.264","0.265","0.264","6.000","2021-06-01 21:22:09"
"2020-09-22 18:00:00","D","1.024","1.030","1.016","6.000","2021-06-01 21:24:46"
"2020-09-23 00:00:00","W","0.264","0.265","0.264","6.000","2021-06-01 21:22:09"
"2020-09-23 00:00:00","D","1.024","1.031","1.018","6.000","2021-06-01 21:24:46"
"2020-09-23 06:00:00","W","0.264","0.265","0.264","6.000","2021-06-01 21:22:09"
"2020-09-23 06:00:00","D","1.023","1.026","1.021","6.000","2021-06-01 21:24:46"
"2020-09-23 12:00:00","W","0.265","0.265","0.265","6.000","2021-06-01 21:22:09"
"2020-09-23 12:00:00","D","1.026","1.027","1.025","6.000","2021-06-01 21:24:46"
"2020-09-23 18:00:00","W","0.265","0.265","0.264","6.000","2021-06-01 21:22:09"
"2020-09-23 18:00:00","D","1.025","1.033","1.017","6.000","2021-06-01 21:24:46"
"2020-09-24 00:00:00","W","0.264","0.264","0.264","6.000","2021-06-01 21:22:09"
"2020-09-24 00:00:00","D","1.022","1.024","1.018","6.000","2021-06-01 21:24:46"
"2020-09-24 06:00:00","W","0.264","0.265","0.264","6.000","2021-06-01 21:22:09"
"2020-09-24 06:00:00","D","1.025","1.032","1.019","6.000","2021-06-01 21:24:46"
"2020-09-24 12:00:00","W","0.265","0.265","0.264","6.000","2021-06-01 21:22:09"
"2020-09-24 12:00:00","D","1.028","1.035","1.021","6.000","2021-06-01 21:24:46"
"2020-09-24 18:00:00","W","0.265","0.265","0.264","6.000","2021-06-01 21:22:09"
"2020-09-24 18:00:00","D","1.028","1.033","1.020","6.000","2021-06-01 21:24:46"
"2020-09-25 00:00:00","W","0.265","0.265","0.264","6.000","2021-06-01 21:22:09"
"2020-09-25 00:00:00","D","1.029","1.032","1.023","6.000","2021-06-01 21:24:46"
"2020-09-25 06:00:00","W","0.265","0.265","0.265","6.000","2021-06-01 21:22:09"
"2020-09-25 06:00:00","D","1.031","1.035","1.027","6.000","2021-06-01 21:24:46"
"2020-09-25 12:00:00","W","0.265","0.265","0.264","6.000","2021-06-01 21:22:09"
"2020-09-25 12:00:00","D","1.029","1.036","1.023","6.000","2021-06-01 21:24:46"
"2020-09-25 18:00:00","W","0.264","0.265","0.264","6.000","2021-06-01 21:22:09"
"2020-09-25 18:00:00","D","1.022","1.027","1.017","6.000","2021-06-01 21:24:46"
"2020-09-26 00:00:00","W","0.265","0.265","0.264","6.000","2021-06-01 21:22:09"
"2020-09-26 00:00:00","D","1.027","1.036","1.019","6.000","2021-06-01 21:24:46"
"2020-09-26 06:00:00","W","0.265","0.265","0.264","6.000","2021-06-01 21:22:09"
"2020-09-26 06:00:00","D","1.026","1.033","1.020","6.000","2021-06-01 21:24:46"
"2020-09-26 12:00:00","W","0.265","0.265","0.265","6.000","2021-06-01 21:22:09"
"2020-09-26 12:00:00","D","1.034","1.037","1.031","6.000","2021-06-01 21:24:46"
"2020-09-26 18:00:00","W","0.265","0.266","0.265","6.000","2021-06-01 21:22:09"
"2020-09-26 18:00:00","D","1.034","1.040","1.029","6.000","2021-06-01 21:24:46"
"2020-09-27 00:00:00","W","0.265","0.266","0.265","6.000","2021-06-01 21:22:09"
"2020-09-27 00:00:00","D","1.038","1.045","1.034","6.000","2021-06-01 21:24:46"
"2020-09-27 06:00:00","W","0.266","0.266","0.265","6.000","2021-06-01 21:22:09"
"2020-09-27 06:00:00","D","1.041","1.045","1.037","6.000","2021-06-01 21:24:46"
"2020-09-27 12:00:00","W","0.266","0.266","0.265","6.000","2021-06-01 21:22:09"
"2020-09-27 12:00:00","D","1.040","1.045","1.038","6.000","2021-06-01 21:24:46"
"2020-09-27 18:00:00","W","0.265","0.266","0.265","6.000","2021-06-01 21:22:09"
"2020-09-27 18:00:00","D","1.035","1.039","1.031","6.000","2021-06-01 21:24:46"
"2020-09-28 00:00:00","W","0.265","0.266","0.265","6.000","2021-06-01 21:22:09"
"2020-09-28 00:00:00","D","1.036","1.039","1.033","6.000","2021-06-01 21:24:46"
"2020-09-28 06:00:00","W","0.265","0.266","0.265","6.000","2021-06-01 21:22:09"
"2020-09-28 06:00:00","D","1.035","1.042","1.028","6.000","2021-06-01 21:24:46"
"2020-09-28 12:00:00","W","0.266","0.267","0.266","6.000","2021-06-01 21:22:09"
"2020-09-28 12:00:00","D","1.049","1.054","1.041","6.000","2021-06-01 21:24:46"
"2020-09-28 18:00:00","W","0.266","0.266","0.265","6.000","2021-06-01 21:22:09"
"2020-09-28 18:00:00","D","1.042","1.051","1.034","6.000","2021-06-01 21:24:46"
"2020-09-29 00:00:00","W","0.266","0.266","0.265","6.000","2021-06-01 21:22:09"
"2020-09-29 00:00:00","D","1.040","1.045","1.033","6.000","2021-06-01 21:24:46"
"2020-09-29 06:00:00","W","0.266","0.266","0.265","6.000","2021-06-01 21:22:09"
"2020-09-29 06:00:00","D","1.039","1.044","1.033","6.000","2021-06-01 21:24:46"
"2020-09-29 12:00:00","W","0.266","0.266","0.266","6.000","2021-06-01 21:22:09"
"2020-09-29 12:00:00","D","1.043","1.047","1.039","6.000","2021-06-01 21:24:46"
"2020-09-29 18:00:00","W","0.266","0.266","0.265","6.000","2021-06-01 21:22:09"
"2020-09-29 18:00:00","D","1.041","1.048","1.036","6.000","2021-06-01 21:24:46"
"2020-09-30 00:00:00","W","0.265","0.265","0.265","6.000","2021-06-01 21:22:09"
"2020-09-30 00:00:00","D","1.031","1.036","1.028","6.000","2021-06-01 21:24:46"
"2020-09-30 06:00:00","W","0.265","0.266","0.265","6.000","2021-06-01 21:22:09"
"2020-09-30 06:00:00","D","1.035","1.039","1.032","3.000","2021-06-01 21:24:46"
"2020-09-30 12:00:00","W","0.265","0.266","0.265","6.000","2021-06-01 21:22:09"
"2020-09-30 18:00:00","W","0.265","0.266","0.265","6.000","2021-06-01 21:22:09"
"2020-09-30 18:00:00","D","1.039","1.048","1.033","6.000","2021-06-01 21:25:17"
"2020-10-01 00:00:00","W","0.266","0.267","0.265","5.000","2021-06-01 21:22:09"
"2020-10-01 00:00:00","D","1.039","1.060","1.029","5.000","2021-06-01 21:25:17"