id,name,X,Y,area,subcatchment,river,catchment,country,strahler,pfafstetter,rl1.5,rl2,rl5,rl10,rl20,rl50,rl100,rl200,rl500,n_events_obs,TP,FN,FP,recall,precision,f1
1,Schwabelweis,4477500,2882500,35525,Danube,Danube,Danube,DE,,211311,1395.000,1579.900,2034.700,2335.800,2624.600,2998.500,3278.700,3557.800,3926.100,0,0.000,0.000,0.000,,,
2,Hofkirchen,4547500,2847500,47525,Danube,Danube,Danube,DE,,211111,1862.700,2106.700,2707.300,3105.000,3486.400,3980.100,4350.000,4718.700,5205.000,0,0.000,0.000,0.000,,,
3,Pfelling,4517500,2867500,37725,Danube,Danube,Danube,DE,,211311,1425.800,1617.100,2087.900,2399.600,2698.600,3085.700,3375.700,3664.700,4045.900,0,0.000,0.000,0.000,,,
4,Barby,4452500,3207500,93975,"Elbe, below Saale",Elbe,Elbe,DE,1.000,3111,1367.500,1836.700,2991.400,3756.000,4489.400,5438.600,6150.000,6858.700,7793.800,0,0.000,0.000,0.000,,,
5,Wittenberg / Lutherstadt,4497500,3197500,61675,Elbe,Elbe,Elbe,DE,1.000,7111,990.900,1363.200,2279.500,2886.100,3468.000,4221.300,4785.700,5348.100,6090.000,0,0.000,0.000,0.000,,,
6,Malliss OP,4407500,3342500,2900,Elbe,Muritz-Elde,Elbe,DE,2.000,1141,37.300,44.500,62.300,74.000,85.300,99.900,110.900,121.800,136.100,1,1.000,0.000,0.000,1.000,1.000,1.000
8,Grosse Traenke Wehr UP,4592500,3257500,6625,Havel,Muggelspree,Elbe,DE,3.000,2211,74.700,105.900,182.500,233.300,282.000,345.000,392.300,439.300,501.400,0,0.000,0.000,0.000,,,
9,Rathenow UP,4472500,3287500,18875,Havel,Havel,Elbe,DE,2.000,2111,189.000,231.000,334.200,402.600,468.100,553.000,616.600,680.000,763.600,0,0.000,0.000,1.000,,0.000,0.000
10,Plau OP,4467500,3377500,1250,Elbe,Muritz-Elde,Elbe,DE,2.000,1141,9.400,11.100,15.500,18.300,21.100,24.600,27.300,29.900,33.400,1,1.000,0.000,0.000,1.000,1.000,1.000
11,Calbe Grizehne,4442500,3202500,23725,Saale,Saale,Elbe,DE,2.000,4111,341.800,426.400,634.700,772.500,904.800,1076.000,1204.300,1332.100,1500.800,0,0.000,0.000,0.000,,,
12,Tangermuende,4457500,3272500,97875,"Elbe, below Saale",Elbe,Elbe,DE,1.000,3111,1341.300,1803.300,2940.300,3693.100,4415.200,5349.800,6050.200,6748.100,7668.800,0,0.000,0.000,0.000,,,
13,Bernburg UP,4442500,3187500,19700,Saale,Saale,Elbe,DE,2.000,4111,294.500,368.700,551.300,672.200,788.200,938.300,1050.800,1162.800,1310.700,0,0.000,0.000,0.000,,,
14,Wittenberge,4432500,3327500,123300,Elbe,Elbe,Elbe,DE,1.000,1151,1483.900,1957.900,3124.600,3897.100,4638.000,5597.100,6315.800,7031.900,7976.600,0,0.000,0.000,0.000,,,
15,Aken,4457500,3202500,69875,"Elbe, below Mulde",Elbe,Elbe,DE,1.000,5111,1117.700,1538.000,2572.200,3257.000,3913.800,4764.100,5401.200,6036.000,6873.500,0,0.000,0.000,0.000,,,
16,Magdeburg-Strombruecke,4437500,3222500,94975,"Elbe, below Saale",Elbe,Elbe,DE,1.000,3111,1359.600,1827.400,2978.800,3741.100,4472.300,5418.800,6128.000,6834.700,7767.000,0,0.000,0.000,0.000,,,
17,Havelberg Stadt,4462500,3302500,23550,Havel,Lower Havel waterway,Elbe,DE,2.000,2111,223.200,270.400,386.800,463.800,537.700,633.300,705.000,776.400,870.600,0,0.000,0.000,1.000,,0.000,0.000
18,Halle-Trotha UP,4457500,3157500,18000,Saale,Saale,Elbe,DE,2.000,4111,290.300,363.500,543.500,662.700,777.100,925.100,1036.000,1146.500,1292.300,0,0.000,0.000,0.000,,,
19,Neu Darchau,4377500,3352500,131450,Elbe,Elbe,Elbe,DE,1.000,1131,1528.900,1997.400,3150.400,3913.700,4646.000,5593.800,6304.100,7011.800,7945.400,0,0.000,0.000,0.000,,,
21,Eisenhuettenstadt,4642500,3237500,51150,"Oder, below Neisse",Oder,Oder,DE,1.000,3111,722.400,892.200,1310.000,1586.700,1852.100,2195.600,2453.000,2709.500,3047.900,1,1.000,0.000,0.000,1.000,1.000,1.000
26,Hohensaaten-Finow,4602500,3307500,109875,"Oder, below Warta",Oder,Oder,DE,1.000,1311,1096.200,1324.800,1887.300,2259.800,2617.100,3079.600,3426.100,3771.400,4226.900,0,0.000,0.000,0.000,,,
27,Leun (Neu),4207500,3047500,3575,Lahn,Lahn,Rhine,DE,,5211,179.900,204.200,264.100,303.800,341.800,391.100,428.000,464.800,513.300,0,0.000,0.000,0.000,,,
28,Maxau,4192500,2877500,50425,Rhine,Rhine,Rhine,DE,,11111,2845.700,3083.900,3669.800,4057.800,4429.900,4911.600,5272.600,5632.200,6106.700,1,1.000,0.000,0.000,1.000,1.000,1.000
29,Raunheim,4207500,2987500,27100,Main,Main,Rhine,DE,,8111,676.600,797.400,1094.800,1291.800,1480.600,1725.100,1908.300,2090.900,2331.700,0,0.000,0.000,0.000,,,
30,Plittersdorf,4182500,2862500,48500,Rhine,Rhine,Rhine,DE,,11111,2797.100,3035.900,3623.500,4012.600,4385.800,4868.800,5230.800,5591.500,6067.300,1,1.000,0.000,0.000,1.000,1.000,1.000
31,Frankfurt-Osthafen,4222500,2997500,24775,Main,Main,Rhine,DE,,8311,638.700,753.000,1034.500,1220.900,1399.600,1631.000,1804.400,1977.200,2205.100,0,0.000,0.000,0.000,,,
32,Perl,4057500,2942500,11525,Moselle,Moselle,Rhine,DE,,4511,775.100,889.000,1169.500,1355.200,1533.400,1764.000,1936.700,2108.900,2336.000,0,0.000,0.000,1.000,,0.000,0.000
33,Plochingen,4277500,2842500,3975,Neckar,Neckar,Rhine,DE,,10311,293.400,337.100,444.900,516.200,584.700,673.300,739.600,805.800,893.000,1,0.000,1.000,0.000,0.000,,0.000
34,Schweinfurt Neuer Hafen,4332500,2982500,12825,Main,Main,Rhine,DE,,8711,421.400,487.800,651.100,759.200,863.000,997.200,1097.900,1198.100,1330.400,1,0.000,1.000,0.000,0.000,,0.000
35,Kleinheubach,4262500,2957500,21550,Main,Main,Rhine,DE,,8511,588.200,693.200,951.400,1122.400,1286.400,1498.700,1657.800,1816.300,2025.400,0,0.000,0.000,0.000,,,
36,Kaub,4162500,2992500,103525,Rhine,Rhine,Rhine,DE,,5311,3910.200,4227.400,5007.900,5524.700,6020.400,6662.100,7142.900,7622.000,8254.000,1,1.000,0.000,0.000,1.000,1.000,1.000
38,Cochem,4122500,3007500,27025,Moselle,Moselle,Rhine,DE,,4111,1562.100,1829.200,2486.600,2921.900,3339.400,3879.800,4284.800,4688.300,5220.600,1,1.000,0.000,0.000,1.000,1.000,1.000
39,Trunstadt,4372500,2982500,11950,Main,Main,Rhine,DE,,8711,405.100,466.200,616.500,716.000,811.500,935.100,1027.700,1119.900,1241.600,1,0.000,1.000,0.000,0.000,,0.000
40,Koeln,4107500,3092500,144150,Rhine,Rhine,Rhine,DE,,3511,5184.600,5765.400,7194.800,8141.200,9048.900,10224.000,11104.500,11981.800,13139.300,1,1.000,0.000,0.000,1.000,1.000,1.000
42,Kalkofen (Neu),4172500,3027500,5275,Lahn,Lahn,Rhine,DE,,5211,219.900,248.600,319.400,366.200,411.100,469.300,512.800,556.300,613.500,0,0.000,0.000,0.000,,,
43,Wuerzburg,4317500,2967500,14125,Main,Main,Rhine,DE,,8711,444.000,514.700,688.500,803.700,914.100,1057.000,1164.100,1270.800,1411.600,1,0.000,1.000,0.000,0.000,,0.000
45,Worms,4202500,2947500,68950,Rhine,Rhine,Rhine,DE,,9111,3380.700,3625.200,4226.700,4625.100,5007.100,5501.700,5872.300,6241.500,6728.600,1,1.000,0.000,0.000,1.000,1.000,1.000
46,Emmerich,4057500,3197500,159550,Rhine,Rhine,Rhine,DE,,3311,5594.400,6249.000,7859.800,8926.200,9949.200,11273.400,12265.700,13254.300,14558.700,1,1.000,0.000,0.000,1.000,1.000,1.000
47,Ruhrort,4092500,3157500,152875,Rhine,Rhine,Rhine,DE,,3311,5436.900,6070.200,7628.600,8660.500,9650.200,10931.400,11891.400,12847.900,14109.900,1,1.000,0.000,0.000,1.000,1.000,1.000
48,Rees,4067500,3192500,159400,Rhine,Rhine,Rhine,DE,,3311,5592.600,6246.800,7856.800,8922.700,9945.200,11268.700,12260.400,13248.600,14552.200,1,1.000,0.000,0.000,1.000,1.000,1.000
49,Mainz,4197500,2987500,98300,Rhine,Rhine,Rhine,DE,,7111,3843.500,4135.600,4854.600,5330.600,5787.200,6378.200,6821.100,7262.400,7844.600,1,1.000,0.000,0.000,1.000,1.000,1.000
50,Koblenz,4147500,3027500,109850,Rhine,Rhine,Rhine,DE,,5111,4018.700,4358.200,5193.600,5746.800,6277.400,6964.200,7478.900,7991.700,8668.200,1,1.000,0.000,0.000,1.000,1.000,1.000
51,St.Arnual,4102500,2902500,3900,Moselle,Saar,Rhine,DE,,4211,241.300,284.600,391.300,461.900,529.700,617.300,683.100,748.500,834.900,0,0.000,0.000,1.000,,0.000,0.000
52,Kehl-Kronenhof,4157500,2832500,39525,Rhine,Rhine,Rhine,DE,,11711,2531.800,2765.400,3340.200,3720.800,4085.900,4558.400,4912.600,5265.400,5730.900,1,1.000,0.000,1.000,1.000,0.500,0.667
53,Diez Hafen,4182500,3032500,4900,Lahn,Lahn,Rhine,DE,,5211,214.100,242.000,310.600,356.000,399.500,455.900,498.200,540.200,595.800,0,0.000,0.000,0.000,,,
54,Wesel,4087500,3172500,154150,Rhine,Rhine,Rhine,DE,,3311,5470.600,6106.300,7670.800,8706.500,9700.100,10986.100,11949.900,12910.100,14176.900,1,1.000,0.000,0.000,1.000,1.000,1.000
57,Andernach,4132500,3042500,139600,Rhine,Rhine,Rhine,DE,,3711,5088.600,5652.300,7039.600,7958.100,8839.200,9979.600,10834.200,11685.700,12809.100,1,1.000,0.000,0.000,1.000,1.000,1.000
58,Düsseldorf,4092500,3127500,147750,Rhine,Rhine,Rhine,DE,,3511,5250.500,5842.300,7298.800,8263.200,9188.200,10385.500,11282.700,12176.700,13356.100,1,1.000,0.000,0.000,1.000,1.000,1.000
59,Steinbach,4297500,2992500,17925,Main,Main,Rhine,DE,,8511,555.700,649.300,879.500,1031.900,1178.100,1367.400,1509.200,1650.500,1837.000,1,0.000,1.000,0.000,0.000,,0.000
60,Fremersdorf,4077500,2932500,7025,Moselle,Saar,Rhine,DE,,4211,414.600,479.400,639.100,744.800,846.200,977.500,1075.800,1173.800,1303.100,0,0.000,0.000,1.000,,0.000,0.000
62,Bonn,4117500,3072500,140775,Rhine,Rhine,Rhine,DE,,3511,5100.900,5666.500,7058.500,7980.100,8864.100,10008.400,10865.900,11720.200,12847.300,1,1.000,0.000,0.000,1.000,1.000,1.000
63,Speyer,4212500,2917500,53250,Rhine,Rhine,Rhine,DE,,11111,2876.600,3116.900,3708.100,4099.600,4475.100,4961.100,5325.300,5688.200,6167.000,1,1.000,0.000,0.000,1.000,1.000,1.000
64,Heidelberg UP,4227500,2922500,13900,Neckar,Neckar,Rhine,DE,,10111,743.000,840.700,1081.400,1240.700,1393.600,1591.400,1739.700,1887.400,2082.300,0,0.000,0.000,0.000,,,
67,Breisach,4142500,2777500,37575,Rhine,Rhine,Rhine,DE,,11711,2486.100,2716.800,3284.500,3660.400,4020.900,4487.600,4837.300,5185.700,5645.400,1,1.000,0.000,1.000,1.000,0.500,0.667
68,Rheinweiler,4137500,2737500,36650,Rhine,Rhine,Rhine,DE,,11711,2462.100,2692.700,3260.100,3635.800,3996.200,4462.700,4812.200,5160.500,5620.000,1,1.000,0.000,1.000,1.000,0.500,0.667
69,Erlln,4517500,3117500,5375,Mulde,Freiberger Mulde,Elbe,DE,3.000,6111,271.300,386.700,670.700,858.700,1039.100,1272.500,1447.500,1621.800,1851.700,0,0.000,0.000,0.000,,,
71,Kriebstein UP,4532500,3112500,1800,Mulde,Zschopau,Elbe,DE,4.000,6221,116.500,173.800,314.900,408.300,497.900,613.800,700.700,787.300,901.500,0,0.000,0.000,0.000,,,
73,Zwickau-Poelbitz,4497500,3072500,1025,Mulde,Zwickauer Mulde,Elbe,DE,2.000,6311,63.200,88.000,148.900,189.200,227.800,277.900,315.400,352.800,402.100,0,0.000,0.000,0.000,,,
74,Wolkenburg,4507500,3087500,1400,Mulde,Zwickauer Mulde,Elbe,DE,2.000,6311,85.500,117.600,196.700,249.000,299.200,364.100,412.800,461.300,525.300,0,0.000,0.000,0.000,,,
75,Wechselburg 1,4517500,3102500,2125,Mulde,Zwickauer Mulde,Elbe,DE,2.000,6311,139.800,191.200,317.900,401.800,482.200,586.400,664.400,742.200,844.700,0,0.000,0.000,0.000,,,
76,Riesa,4552500,3137500,54450,"Elbe, below Ohre",Elbe,Elbe,DE,1.000,9111,1014.000,1387.200,2305.500,2913.600,3496.800,4251.800,4817.500,5381.200,6124.800,0,0.000,0.000,0.000,,,
77,Muehlberg,4542500,3152500,55075,"Elbe, below Ohre",Elbe,Elbe,DE,1.000,9111,994.500,1366.700,2282.600,2889.100,3470.700,4223.700,4787.900,5350.100,6091.700,0,0.000,0.000,0.000,,,
78,Torgau,4532500,3157500,55150,"Elbe, below Ohre",Elbe,Elbe,DE,1.000,9111,980.200,1351.800,2266.200,2871.600,3452.300,4204.000,4767.300,5328.600,6069.000,0,0.000,0.000,0.000,,,
79,Lichtenwalde 1,4532500,3092500,1600,Mulde,Zschopau,Elbe,DE,4.000,6221,114.000,165.800,293.400,377.900,458.900,563.700,642.300,720.600,823.900,0,0.000,0.000,0.000,,,
80,Colditz,4517500,3112500,2325,Mulde,Zwickauer Mulde,Elbe,DE,2.000,6311,146.300,200.900,335.200,424.100,509.400,619.800,702.500,784.900,893.700,0,0.000,0.000,0.000,,,
81,Kleindalzig,4482500,3122500,2975,Saale,White Elster,Elbe,DE,3.000,4231,64.100,84.300,133.900,166.800,198.300,239.100,269.700,300.200,340.400,0,0.000,0.000,0.000,,,
82,Golzern 1,4512500,3127500,5500,Mulde,United Mulde,Elbe,DE,2.000,6111,271.800,388.200,674.600,864.200,1046.000,1281.500,1457.900,1633.600,1865.500,0,0.000,0.000,0.000,,,
83,Bad Dueben 1,4502500,3162500,6050,Mulde,United Mulde,Elbe,DE,2.000,6111,263.700,376.000,652.300,835.300,1010.800,1237.900,1408.100,1577.700,1801.500,0,0.000,0.000,0.000,,,
84,Oberthau,4477500,3142500,4950,Saale,White Elster,Elbe,DE,3.000,4211,104.200,128.600,188.800,228.600,266.900,316.300,353.400,390.300,439.100,0,0.000,0.000,0.000,,,
85,Boehlen 1,4487500,3132500,1400,Saale,Pleisse,Elbe,DE,4.000,4221,32.200,39.000,56.000,67.200,77.900,91.800,102.200,112.600,126.300,0,0.000,0.000,0.000,,,
86,Neuwiese,4617500,3157500,675,Schwarze Elster,Schwarze Elster,Elbe,DE,2.000,8111,16.500,21.200,32.700,40.400,47.700,57.200,64.200,71.300,80.600,0,0.000,0.000,0.000,,,
87,Schoena,4617500,3092500,51400,"Elbe, below Ohre",Elbe,Elbe,DE,1.000,9111,1036.500,1400.000,2294.400,2886.600,3454.600,4189.900,4740.800,5289.800,6014.000,0,0.000,0.000,0.000,,,
88,Pirna,4607500,3102500,52000,"Elbe, below Ohre",Elbe,Elbe,DE,1.000,9111,1036.000,1402.500,2304.300,2901.400,3474.200,4215.600,4771.200,5324.700,6055.000,0,0.000,0.000,0.000,,,
89,Dresden,4582500,3112500,53125,"Elbe, below Ohre",Elbe,Elbe,DE,1.000,9111,1039.300,1410.700,2324.600,2929.800,3510.200,4261.500,4824.600,5385.500,6125.600,0,0.000,0.000,0.000,,,
90,Meissen,4562500,3122500,53950,"Elbe, below Ohre",Elbe,Elbe,DE,1.000,9111,1030.800,1402.900,2318.500,2924.800,3506.300,4259.100,4823.200,5385.200,6126.700,0,0.000,0.000,0.000,,,
91,Podrosche 3,4657500,3167500,2100,Neisse,Lusatian Neisse,Oder,DE,2.000,4111,75.300,95.300,144.500,177.200,208.400,248.900,279.300,309.500,349.400,0,0.000,0.000,0.000,,,
92,Sprey,4637500,3152500,1650,Havel,Spree,Elbe,DE,3.000,2221,32.100,39.100,56.300,67.700,78.700,92.800,103.500,114.000,128.000,0,0.000,0.000,0.000,,,
93,Spreewitz,4632500,3162500,2100,Havel,Spree,Elbe,DE,3.000,2211,40.500,49.400,71.300,85.800,99.800,117.800,131.300,144.700,162.500,0,0.000,0.000,0.000,,,
94,Goerlitz,4672500,3127500,1600,Neisse,Lusatian Neisse,Oder,DE,2.000,4111,73.600,93.400,142.300,174.700,205.800,246.000,276.100,306.100,345.700,1,0.000,1.000,0.000,0.000,,0.000
95,Gornja Radgona,4772500,2642500,10200,Drava,Mur,Danube,SI,,142111,533.900,630.500,868.200,1025.600,1176.500,1371.900,1518.300,1664.200,1856.600,0,0.000,0.000,0.000,,,
96,Ptuj,4767500,2612500,13750,Drava,Drava,Danube,SI,,143151,906.200,1063.800,1451.800,1708.600,1955.000,2273.900,2512.900,2751.000,3065.100,0,0.000,0.000,0.000,,,
97,Borl,4777500,2602500,14775,Drava,Drava,Danube,SI,,143131,925.600,1082.400,1468.300,1723.800,1968.900,2286.200,2524.000,2760.800,3073.300,0,0.000,0.000,0.000,,,
98,Radovljica,4642500,2587500,900,Sava,Sava,Danube,SI,,109551,361.800,416.200,550.000,638.600,723.600,833.500,916.000,998.100,1106.400,0,0.000,0.000,0.000,,,
99,Medno,4667500,2567500,2125,Sava,Sava,Danube,SI,,109511,655.600,762.900,1027.100,1202.100,1369.900,1587.100,1749.800,1912.000,2126.000,0,0.000,0.000,0.000,,,
100,Å Entjakob,4672500,2562500,2150,Sava,Sava,Danube,SI,,109511,658.900,766.400,1030.800,1205.900,1373.900,1591.300,1754.300,1916.600,2130.700,0,0.000,0.000,0.000,,,
101,Hrastnik,4717500,2567500,5200,Sava,Sava,Danube,SI,,109311,874.100,1004.800,1326.400,1539.300,1743.500,2007.900,2206.000,2403.300,2663.700,0,0.000,0.000,0.000,,,
102,Jesenice na Dolenjskem,4767500,2542500,10675,Sava,Sava,Danube,SI,,109131,1379.100,1578.400,2068.800,2393.600,2705.100,3108.200,3410.400,3711.400,4108.600,0,0.000,0.000,0.000,,,
103,Moste,4667500,2557500,1825,Sava,Ljubljanica,Danube,SI,,109411,227.300,265.100,358.000,419.500,478.500,554.800,612.000,669.000,744.300,1,0.000,1.000,0.000,0.000,,0.000
104,Medlog,4722500,2582500,1000,Sava,Savinja,Danube,SI,,109211,241.500,283.500,386.700,455.100,520.700,605.600,669.200,732.500,816.200,0,0.000,0.000,0.000,,,
105,Laško,4727500,2572500,1675,Sava,Savinja,Danube,SI,,109211,331.900,400.600,569.600,681.500,788.900,927.800,1032.000,1135.700,1272.600,0,0.000,0.000,0.000,,,
106,Veliko Širje,4722500,2572500,1700,Sava,Savinja,Danube,SI,,109211,331.200,399.400,567.000,677.900,784.400,922.200,1025.400,1128.300,1264.000,0,0.000,0.000,0.000,,,
107,Podbočje,4747500,2547500,1875,Sava,Krka,Danube,SI,,109161,237.100,273.300,362.600,421.600,478.300,551.700,606.600,661.400,733.600,0,0.000,0.000,0.000,,,
108,Solkan,4602500,2542500,1550,Soca,Soca,Soca,SI,1.000,3,864.600,978.100,1257.400,1442.300,1619.600,1849.200,2021.300,2192.700,2418.800,0,0.000,0.000,0.000,,,
109,Bollendorf,4062500,2972500,3250,Moselle,Sauer,Rhine,DE,,4411,254.700,309.800,445.500,535.400,621.600,733.200,816.800,900.100,1010.000,1,1.000,0.000,0.000,1.000,1.000,1.000
110,Boos,4157500,2967500,2850,Nahe,Nahe,Rhine,DE,,6111,230.400,282.000,409.200,493.400,574.100,678.700,757.000,835.100,938.000,0,0.000,0.000,1.000,,0.000,0.000
111,Dietersheim,4172500,2982500,4025,Nahe,Nahe,Rhine,DE,,6111,254.900,314.800,462.300,560.000,653.700,775.000,865.800,956.400,1075.800,0,0.000,0.000,1.000,,0.000,0.000
112,Grolsheim,4172500,2977500,4000,Nahe,Nahe,Rhine,DE,,6111,255.600,315.500,462.900,560.500,654.200,775.400,866.200,956.700,1076.100,0,0.000,0.000,1.000,,0.000,0.000
113,Martinstein,4142500,2967500,1525,Nahe,Nahe,Rhine,DE,,6311,162.900,198.500,286.400,344.500,400.300,472.400,526.500,580.400,651.500,0,0.000,0.000,1.000,,0.000,0.000
114,Odenbach,4152500,2952500,1075,Nahe,Glan,Rhine,DE,,6211,75.100,91.600,132.400,159.300,185.200,218.600,243.700,268.700,301.700,0,0.000,0.000,1.000,,0.000,0.000
117,Bad Vilbel,4232500,3007500,1575,Main,Nidda,Rhine,DE,,8211,41.000,47.000,61.700,71.400,80.700,92.800,101.900,110.900,122.800,3,2.000,1.000,0.000,0.667,1.000,0.800
118,Hanau,4247500,3002500,900,Main,Kinzig,Rhine,DE,,8411,43.300,50.400,68.000,79.600,90.800,105.200,116.000,126.800,141.000,3,1.000,2.000,0.000,0.333,1.000,0.500
119,Ilbenstadt,4232500,3017500,1075,Main,Nidda,Rhine,DE,,8211,28.400,32.100,41.100,47.000,52.800,60.100,65.700,71.200,78.500,4,1.000,3.000,0.000,0.250,1.000,0.400
120,Marburg,4237500,3082500,1675,Lahn,Lahn,Rhine,DE,,5211,89.400,106.100,147.300,174.600,200.800,234.700,260.000,285.300,318.700,0,0.000,0.000,0.000,,,
122,Porttipahta,5022500,5062500,2100,Kitinen,Kitinen,Kemijoki,FI,2.000,81,136.600,157.600,209.200,243.300,276.100,318.500,350.300,382.000,423.800,0,0.000,0.000,0.000,,,
123,"Kitinen, Kokkosniva",5072500,4992500,6575,Kitinen,Kitinen,Kemijoki,FI,2.000,81,397.700,453.600,591.100,682.100,769.400,882.500,967.200,1051.600,1162.900,0,0.000,0.000,0.000,,,
124,Jumisko,5112500,4922500,1300,Jumiskonjoki,Jumiskonjoki,Kemijoki,FI,2.000,61,60.300,69.800,93.300,108.800,123.700,143.000,157.400,171.800,190.800,0,0.000,0.000,0.000,,,
125,Kemihaara,5092500,5002500,10325,"Kemijoki, headwaters",Kemijoki,Kemijoki,FI,1.000,91,571.900,680.700,948.500,1125.800,1295.800,1515.900,1680.900,1845.200,2062.000,0,0.000,0.000,0.000,,,
126,Seitakorva,5092500,4912500,28675,"Kemijoki, below Jumiskonjoki",Kemijoki,Kemijoki,FI,1.000,51,1120.600,1303.600,1753.800,2051.800,2337.800,2707.800,2985.200,3261.500,3626.000,0,0.000,0.000,0.000,,,
127,Vanttauskoski,5062500,4897500,30300,"Kemijoki, below Jumiskonjoki",Kemijoki,Kemijoki,FI,1.000,51,1141.300,1327.900,1787.200,2091.300,2383.000,2760.500,3043.400,3325.300,3697.200,0,0.000,0.000,0.000,,,
128,Vikajärvi  luusua,5037500,4917500,3150,Raudanjoki,Raudanjoki,Kemijoki,FI,2.000,41,119.000,140.900,195.000,230.700,265.000,309.400,342.700,375.900,419.600,0,0.000,0.000,0.000,,,
129,"Olkkajärvi, Permantokoski",5037500,4907500,3550,Raudanjoki,Raudanjoki,Kemijoki,FI,2.000,41,127.000,151.300,211.100,250.700,288.600,337.700,374.600,411.200,459.600,0,0.000,0.000,0.000,,,
130,"Ounasjoki, Köngäs",4947500,5047500,4625,Ounasjoki,Ounasjoki,Kemijoki,FI,2.000,23,292.200,337.600,449.400,523.400,594.300,686.200,755.000,823.600,914.100,0,0.000,0.000,0.000,,,
131,Unari  luusua,5002500,4967500,1175,Ounasjoki,Meltausjoki,Kemijoki,FI,3.000,22,44.700,50.900,66.300,76.500,86.300,98.900,108.400,117.900,130.300,0,0.000,0.000,0.000,,,
132,"Ounasjoki, Marraskoski",4997500,4932500,12900,Ounasjoki,Ounasjoki,Kemijoki,FI,2.000,21,686.000,784.900,1028.400,1189.500,1344.200,1544.300,1694.200,1843.700,2040.800,0,0.000,0.000,0.000,,,
133,Valajaskoski,5017500,4897500,49325,"Kemijoki, below Ounasjoki",Kemijoki,Kemijoki,FI,1.000,11,1923.900,2236.300,3005.000,3513.900,4002.100,4634.000,5107.600,5579.400,6201.900,0,0.000,0.000,0.000,,,
134,Isohaara,4987500,4817500,52475,"Kemijoki, below Ounasjoki",Kemijoki,Kemijoki,FI,1.000,11,1978.700,2305.100,3108.300,3640.000,4150.100,4810.300,5305.100,5798.100,6448.400,0,0.000,0.000,0.000,,,
135,"Muonionjoki, Kaaresuvanto",4832500,5082500,5875,Torne,Muonio,Torne,FI,2.000,4,266.700,297.900,374.500,425.300,474.000,537.000,584.300,631.300,693.400,1,0.000,1.000,0.000,0.000,,0.000
136,"Muonionjoki, Muonio",4887500,5042500,9250,Torne,Muonio,Torne,FI,2.000,4,380.900,420.800,518.900,584.000,646.300,727.000,787.500,847.800,927.300,0,0.000,0.000,0.000,,,
137,"Tengeliönjoki, Haapakoski",4937500,4867500,3000,Torne,Tengelionjoki,Torne,FI,2.000,2,102.900,116.300,149.300,171.200,192.100,219.300,239.600,259.900,286.600,1,0.000,1.000,0.000,0.000,,0.000
138,"Inarijoki, Karigasniemi",4942500,5212500,3050,Tana,Anarjohka,Tana,FI,2.000,4,159.700,185.300,248.400,290.200,330.200,382.100,420.900,459.600,510.700,0,0.000,0.000,0.000,,,
139,Onnelansuvanto,4972500,5282500,10650,Tana,Tana,Tana,FI,1.000,3,427.200,482.700,619.200,709.600,796.200,908.500,992.500,1076.300,1186.900,0,0.000,0.000,0.000,,,
140,"Utsjoki, Patoniva",4977500,5262500,1500,Tana,Utsjoki,Tana,FI,2.000,2,74.800,85.100,110.700,127.600,143.800,164.800,180.500,196.200,216.900,0,0.000,0.000,0.000,,,
141,Kettujoki,4992500,5172500,2250,Paatsjoki,Kettujoki,Paatsjoki,FI,2.000,4,67.400,76.100,97.400,111.500,125.100,142.600,155.800,168.900,186.100,0,0.000,0.000,0.000,,,
142,Juutuanjoki,4997500,5162500,5250,Paatsjoki,Juutuanjoki,Paatsjoki,FI,1.000,3,163.200,184.800,237.900,273.100,306.900,350.500,383.300,415.900,458.900,0,0.000,0.000,0.000,,,
143,"Ivalojoki, Pajakoski",5022500,5137500,3300,Paatsjoki,Ivalo,Paatsjoki,FI,2.000,2,257.100,303.500,417.700,493.300,565.800,659.700,730.100,800.100,892.600,0,0.000,0.000,0.000,,,
144,Kaitakoski,5062500,5187500,14575,Paatsjoki,Paatsjoki,Paatsjoki,FI,1.000,1,417.500,473.000,609.700,700.200,787.100,899.400,983.700,1067.600,1178.300,0,0.000,0.000,0.000,,,
145,Kallio 2,4907500,4957500,14450,Torne,Muonio,Torne,SE,2.000,4,621.000,704.800,911.200,1047.800,1178.800,1348.400,1475.500,1602.100,1769.200,0,0.000,0.000,0.000,,,
146,Pajala pumphus,4887500,4957500,16875,Torne,Torne,Torne,SE,1.000,5,586.000,665.500,861.300,990.900,1115.300,1276.200,1396.800,1517.000,1675.500,0,0.000,0.000,0.000,,,
147,Räktfors,4897500,4832500,17425,Kalix,Kalix,Kalix,SE,1.000,1,840.300,920.300,1117.200,1247.500,1372.600,1534.400,1655.700,1776.500,1935.900,0,0.000,0.000,0.000,,,
148,Granåker,4792500,4602500,11850,Vindel,Vindel,Umealven,SE,2.000,2,568.600,636.400,803.300,913.900,1019.900,1157.100,1259.900,1362.400,1497.600,0,0.000,0.000,0.000,,,
149,Sorsele2,4667500,4737500,6175,Vindel,Vindel,Umealven,SE,2.000,2,462.200,521.700,668.200,765.200,858.200,978.600,1068.900,1158.800,1277.400,0,0.000,0.000,4.000,,0.000,0.000
150,Klein Badelmeusel,4642500,3187500,2650,Neisse,Lusatian Neisse,Oder,DE,2.000,4111,78.800,99.100,149.100,182.200,214.000,255.100,285.900,316.600,357.100,0,0.000,0.000,0.000,,,
151,Guben 2,4647500,3212500,4050,Neisse,Lusatian Neisse,Oder,DE,2.000,4111,88.300,110.100,163.800,199.300,233.400,277.500,310.600,343.500,387.000,0,0.000,0.000,0.000,,,
152,Sachsenhausen Sohlabsturz,4542500,3297500,2575,Havel,Havel,Elbe,DE,2.000,2311,27.300,34.600,52.600,64.600,76.000,90.800,101.900,113.000,127.600,1,1.000,0.000,1.000,1.000,0.500,0.667
153,Lobith,4052500,3202500,159675,Rhine,Rhine,Rhine,NL,,3311,5597.200,6252.000,7863.400,8930.400,9953.800,11278.500,12271.200,13260.200,14565.100,1,1.000,0.000,0.000,1.000,1.000,1.000
154,Borgharen-Dorp,4022500,3097500,22050,Meuse,Meuse,Rhine,NL,,2331,1191.100,1378.600,1840.000,2145.400,2438.400,2817.700,3101.900,3385.100,3758.700,1,1.000,0.000,0.000,1.000,1.000,1.000
155,Fischerau / Ager,4602500,2777500,1225,Traun,Ager,Danube,AT,,191812,165.800,202.500,292.700,352.500,409.800,484.000,539.600,595.000,668.100,0,0.000,0.000,0.000,,,
156,Achleiten / Donau,4582500,2837500,76825,Danube,Danube,Danube,AT,,192013,3652.600,4080.400,5133.400,5830.500,6499.200,7364.800,8013.500,8659.700,9512.400,1,0.000,1.000,0.000,0.000,,0.000
158,Kienstock,4727500,2827500,95975,Danube,Danube,Danube,AT,,191311,4937.900,5700.600,7577.700,8820.400,10012.500,11555.500,12711.800,13863.900,15383.800,1,0.000,1.000,0.000,0.000,,0.000
159,Korneuburg,4792500,2817500,101800,Danube,Danube,Danube,AT,,191111,4908.300,5692.900,7624.000,8902.500,10128.900,11716.400,12905.900,14091.200,15654.900,1,0.000,1.000,0.000,0.000,,0.000
160,Linz,4632500,2807500,79650,Danube,Danube,Danube,AT,,192013,3719.500,4174.400,5294.100,6035.400,6746.400,7666.800,8356.500,9043.700,9950.400,1,0.000,1.000,0.000,0.000,,0.000
161,Wildungsmauer,4832500,2802500,103800,Danube,Danube,Danube,AT,,191111,4918.800,5703.300,7633.900,8912.100,10138.200,11725.200,12914.500,14099.400,15662.700,1,0.000,1.000,0.000,0.000,,0.000
162,Ybbs,4692500,2797500,92525,Danube,Danube,Danube,AT,,191511,4679.700,5358.900,7030.500,8137.200,9198.800,10572.900,11602.600,12628.500,13982.100,1,0.000,1.000,0.000,0.000,,0.000
163,Amlach,4587500,2637500,4900,Drava,Drava,Danube,AT,,143511,338.800,387.500,507.200,586.500,662.600,761.000,834.800,908.300,1005.300,0,0.000,0.000,0.000,,,
164,Lavamünd Ort,4692500,2627500,11100,Drava,Drava,Danube,AT,,143171,843.000,1006.000,1407.100,1672.700,1927.400,2257.200,2504.300,2750.500,3075.300,0,0.000,0.000,0.000,,,
165,Lienz-Peggetz,4532500,2637500,1975,Drava,Drava,Danube,AT,,143911,162.500,190.000,257.600,302.400,345.300,400.900,442.600,484.100,538.900,4,0.000,4.000,0.000,0.000,,0.000
166,Oberdrauburg-OWF,4547500,2632500,2275,Drava,Drava,Danube,AT,,143911,182.200,211.400,283.400,331.000,376.700,435.900,480.200,524.400,582.700,4,0.000,4.000,0.000,0.000,,0.000
167,Sachsenburg (Brücke),4577500,2637500,2650,Drava,Drava,Danube,AT,,143911,198.000,229.400,306.700,357.800,406.800,470.300,517.900,565.300,627.900,4,0.000,4.000,0.000,0.000,,0.000
168,Admont (Enns),4662500,2727500,2650,Enns,Enns,Danube,AT,,191611,268.100,313.900,426.500,501.000,572.500,665.000,734.400,803.500,894.700,1,0.000,1.000,0.000,0.000,,0.000
169,Steyr (Ortskai),4652500,2782500,5975,Enns,Enns,Danube,AT,,191611,662.500,783.300,1080.500,1277.400,1466.200,1710.500,1893.600,2076.100,2316.800,1,1.000,0.000,0.000,1.000,1.000,1.000
170,Trautenfels,4622500,2717500,1450,Enns,Enns,Danube,AT,,191611,150.100,175.100,236.500,277.100,316.100,366.600,404.400,442.100,491.900,1,0.000,1.000,0.000,0.000,,0.000
173,Federaun,4612500,2612500,1300,Drava,Gail,Danube,AT,,143411,523.200,620.500,859.800,1018.200,1170.200,1366.900,1514.300,1661.200,1854.900,0,0.000,0.000,0.000,,,
175,Gumisch,4662500,2622500,2175,Drava,Gurk,Danube,AT,,143211,62.800,73.600,100.300,117.900,134.800,156.700,173.100,189.400,211.000,0,0.000,0.000,0.000,,,
176,Launsdorf,4667500,2637500,1275,Drava,Gurk,Danube,AT,,143211,27.200,33.600,49.200,59.600,69.500,82.400,92.000,101.600,114.300,1,0.000,1.000,0.000,0.000,,0.000
177,Mölbling,4662500,2642500,925,Drava,Gurk,Danube,AT,,143211,20.400,24.800,35.900,43.200,50.100,59.200,66.000,72.700,81.700,1,0.000,1.000,0.000,0.000,,0.000
178,Brixlegg,4457500,2702500,8550,Inn,Inn,Danube,AT,,203311,565.200,630.200,790.200,896.100,997.700,1129.200,1227.700,1325.900,1455.500,2,0.000,2.000,0.000,0.000,,0.000
179,Innsbruck (oberh. Sill),4422500,2682500,5850,Inn,Inn,Danube,AT,,203331,374.100,425.600,552.400,636.400,716.900,821.200,899.300,977.100,1079.800,1,0.000,1.000,0.000,0.000,,0.000
180,Jenbach-Rotholz,4452500,2697500,7300,Inn,Inn,Danube,AT,,203331,459.600,515.900,654.500,746.300,834.400,948.300,1033.700,1118.800,1231.000,1,0.000,1.000,0.000,0.000,,0.000
181,Kajetansbrücke,4357500,2642500,2125,Inn,Inn,Danube,AT,,203331,168.700,204.000,290.900,348.500,403.700,475.100,528.700,582.000,652.400,0,0.000,0.000,0.000,,,
182,Kirchbichl-Bichlwang,4477500,2712500,9525,Inn,Inn,Danube,AT,,203311,647.100,715.500,883.800,995.200,1102.100,1240.500,1344.200,1447.500,1583.800,3,1.000,2.000,0.000,0.333,1.000,0.500
183,Magerbach,4387500,2682500,5175,Inn,Inn,Danube,AT,,203331,341.200,392.200,517.700,600.800,680.500,783.600,860.900,937.900,1039.500,0,0.000,0.000,0.000,,,
184,Perjen,4362500,2672500,3650,Inn,Inn,Danube,AT,,203331,266.300,313.500,429.700,506.600,580.400,675.900,747.500,818.800,912.900,0,0.000,0.000,0.000,,,
185,Prutz,4367500,2657500,2525,Inn,Inn,Danube,AT,,203331,184.800,222.000,313.600,374.300,432.400,507.700,564.100,620.300,694.500,0,0.000,0.000,0.000,,,
186,Telfs (Fussgängersteg),4397500,2687500,5300,Inn,Inn,Danube,AT,,203331,347.200,398.200,523.700,606.800,686.500,789.600,867.000,944.000,1045.600,0,0.000,0.000,0.000,,,
187,Lienz,4527500,2642500,1200,Drava,Isel,Danube,AT,,143921,124.500,146.700,201.200,237.400,272.000,316.900,350.500,383.900,428.100,4,0.000,4.000,0.000,0.000,,0.000
188,Stiefern,4737500,2847500,1450,Kamp,Kamp,Danube,AT,,191211,23.200,36.600,69.600,91.400,112.300,139.400,159.700,179.900,206.600,0,0.000,0.000,0.000,,,
189,Lechaschau,4367500,2702500,1000,Lech,Lech,Danube,AT,,212013,151.800,177.200,239.700,281.100,320.800,372.200,410.700,449.100,499.700,2,0.000,2.000,0.000,0.000,,0.000
190,Deutsch Brodersdorf (Straßenbrücke),4802500,2777500,1975,Leitha,Leitha,Danube,AT,,174111,55.500,65.800,91.100,107.800,123.900,144.700,160.300,175.800,196.300,0,0.000,0.000,0.000,,,
191,Deutsch Haslau,4832500,2792500,2300,Leitha,Leitha,Danube,AT,,174111,57.300,67.700,93.500,110.500,126.800,148.000,163.800,179.600,200.400,0,0.000,0.000,0.000,,,
192,Spittal (Fasan),4587500,2642500,1050,Drava,Lieser,Danube,AT,,143611,65.700,79.000,111.600,133.200,153.900,180.700,200.800,220.800,247.200,0,0.000,0.000,0.000,,,
195,Kolbnitz a. d. Tauernbahn VHP,4567500,2647500,900,Drava,Moll,Danube,AT,,143811,69.400,79.400,104.000,120.300,136.000,156.200,171.400,186.500,206.500,2,1.000,1.000,0.000,0.500,1.000,0.667
196,Möllbrücke,4572500,2647500,1025,Drava,Moell,Danube,AT,,143811,79.800,91.400,120.000,138.900,157.000,180.400,198.000,215.500,238.600,2,1.000,1.000,0.000,0.500,1.000,0.667
197,Bruck un der Mur unter Mür,4717500,2712500,6325,Drava,Mur,Danube,AT,,142511,342.300,410.000,576.800,687.100,793.000,930.100,1032.800,1135.100,1270.100,0,0.000,0.000,0.000,,,
198,Gestüthof,4642500,2677500,1725,Drava,Mur,Danube,AT,,142511,140.200,175.500,262.400,319.900,375.100,446.500,500.000,553.300,623.600,1,0.000,1.000,0.000,0.000,,0.000
199,Graz,4732500,2677500,7100,Drava,Mur,Danube,AT,,142311,374.000,450.400,638.500,763.000,882.500,1037.100,1153.000,1268.400,1420.700,0,0.000,0.000,0.000,,,
200,Mellach,4742500,2662500,7275,Drava,Mur,Danube,AT,,142311,376.900,453.500,642.200,767.100,886.900,1042.000,1158.200,1273.900,1426.700,0,0.000,0.000,0.000,,,
201,Mureck (Schreibpegel),4762500,2637500,9700,Drava,Mur,Danube,AT,,142111,527.400,623.100,858.700,1014.700,1164.300,1357.900,1503.000,1647.600,1838.400,0,0.000,0.000,0.000,,,
202,St.Georgen ob Judenburt,4662500,2687500,2375,Drava,Mur,Danube,AT,,142511,151.700,186.900,273.300,330.500,385.400,456.500,509.800,562.800,632.800,1,0.000,1.000,0.000,0.000,,0.000
203,Zeltweg,4677500,2687500,3000,Drava,Mur,Danube,AT,,142511,166.200,202.800,292.900,352.500,409.700,483.800,539.300,594.600,667.500,1,0.000,1.000,0.000,0.000,,0.000
207,Siezenheim,4542500,2742500,950,Inn,Saalach,Danube,AT,,202211,228.600,273.700,384.700,458.200,528.600,619.900,688.300,756.400,846.300,1,1.000,0.000,0.000,1.000,1.000,1.000
208,Golling,4562500,2722500,3675,Inn,Salzach,Danube,AT,,202311,403.400,462.100,606.700,702.400,794.200,913.100,1002.200,1090.900,1208.000,2,1.000,1.000,0.000,0.500,1.000,0.667
209,Oberndorf,4537500,2762500,6150,Inn,Salzach,Danube,AT,,202111,901.300,1061.400,1455.300,1716.200,1966.400,2290.200,2532.900,2774.700,3093.700,1,1.000,0.000,0.000,1.000,1.000,1.000
210,Salzburg,4552500,2747500,4625,Inn,Salzach,Danube,AT,,202311,616.700,715.200,957.700,1118.200,1272.200,1471.500,1620.800,1769.700,1966.000,1,1.000,0.000,0.000,1.000,1.000,1.000
211,Wallnerau,4552500,2692500,2275,Inn,Salzach,Danube,AT,,202311,227.600,259.100,336.800,388.100,437.400,501.200,549.100,596.700,659.600,3,1.000,2.000,0.000,0.333,1.000,0.500
212,Werfen,4562500,2707500,3050,Inn,Salzach,Danube,AT,,202311,291.700,331.400,429.200,494.000,556.100,636.500,696.700,756.700,835.900,2,1.000,1.000,0.000,0.500,1.000,0.667
213,Leibnitz,4742500,2642500,1125,Drava,Sulm,Danube,AT,,142211,197.900,240.800,346.300,416.200,483.200,570.000,635.000,699.800,785.200,0,0.000,0.000,0.000,,,
214,Raabs an der Thaya,4722500,2872500,1375,Morava,Thaya,Danube,AT,,182311,39.800,54.200,89.400,112.700,135.100,164.100,185.800,207.400,235.900,2,0.000,2.000,0.000,0.000,,0.000
215,Theresienthal,4602500,2762500,1425,Traun,Traun,Danube,AT,,191813,303.300,350.000,464.800,540.900,613.800,708.200,779.000,849.500,942.400,1,0.000,1.000,0.000,0.000,,0.000
216,Wels-Lichtenegg,4612500,2782500,3425,Traun,Traun,Danube,AT,,191811,559.500,662.200,915.000,1082.300,1242.800,1450.600,1606.400,1761.500,1966.200,0,0.000,0.000,0.000,,,
221,Greimpersdorf,4682500,2787500,1100,Ybbs,Ybbs,Danube,AT,,191411,249.800,313.900,471.500,575.800,675.900,805.400,902.500,999.200,1126.800,1,0.000,1.000,0.000,0.000,,0.000
223,Hart im Zillertal,4462500,2692500,1175,Inn,Ziller,Danube,AT,,203321,156.100,176.900,228.100,262.000,294.600,336.700,368.300,399.700,441.200,4,0.000,4.000,0.000,0.000,,0.000
225,Gisingen,4292500,2677500,1300,Ill,Ill,Rhine,AT,,15611,145.900,166.500,217.300,250.900,283.100,324.900,356.100,387.300,428.400,0,0.000,0.000,0.000,,,
226,Bangs,4282500,2677500,4650,Rhine,Rhine,Rhine,AT,,15711,508.100,563.600,700.300,790.900,877.700,990.100,1074.300,1158.200,1269.000,1,0.000,1.000,0.000,0.000,,0.000
227,Lustenau (Eisenbahnbrücke),4292500,2697500,6350,Rhine,Rhine,Rhine,AT,,15511,684.600,759.400,943.400,1065.200,1182.100,1333.300,1446.700,1559.600,1708.600,0,0.000,0.000,0.000,,,
228,Bezdan,5002500,2577500,209100,Danube,Danube,Danube,RS,,151111,5769.400,6611.900,8685.200,10057.900,11374.700,13079.100,14356.300,15628.800,17307.700,2,2.000,0.000,0.000,1.000,1.000,1.000
229,Banatska Palanka,5217500,2482500,564150,Danube,Danube,Danube,RS,,72111,11934.400,13054.200,15809.800,17634.200,19384.300,21649.600,23347.100,25038.400,27269.800,0,0.000,0.000,0.000,,,
230,Jasa Tomic,5167500,2547500,4550,Tamis,Tamis,Danube,RS,,92411,72.700,107.900,194.500,251.900,306.900,378.100,431.500,484.700,554.800,1,1.000,0.000,0.000,1.000,1.000,1.000
231,Kusic,5232500,2487500,1425,Danube,Nera,Danube,RS,,72211,55.000,66.900,96.300,115.700,134.400,158.500,176.600,194.600,218.400,1,0.000,1.000,0.000,0.000,,0.000
232,Zajecar,5307500,2387500,2125,Danube,Beli Timok,Danube,RS,,72011,57.700,79.400,132.700,168.100,202.000,245.900,278.800,311.500,354.800,2,0.000,2.000,0.000,0.000,,0.000
233,Cokonjar,5307500,2402500,3950,Danube,Veliki Timok,Danube,RS,,72011,114.400,152.800,247.200,309.800,369.700,447.400,505.600,563.500,640.000,2,0.000,2.000,0.000,0.000,,0.000
234,Jamena,5032500,2457500,63375,Sava,Sava,Danube,RS,,103111,2937.400,3224.800,3932.300,4400.600,4849.900,5431.500,5867.200,6301.400,6874.300,0,0.000,0.000,0.000,,,
235,Sremaska Mitrovica,5072500,2477500,87100,Sava,Sava,Danube,RS,,101311,3949.600,4360.100,5370.400,6039.200,6680.800,7511.300,8133.600,8753.700,9571.700,1,0.000,1.000,0.000,0.000,,0.000
236,Radalj,5047500,2412500,17850,Sava,Drina,Danube,RS,,102311,1131.200,1491.500,2378.300,2965.400,3528.600,4257.500,4803.800,5348.100,6066.100,1,0.000,1.000,1.000,0.000,0.000,0.000
237,Beli Brod,5132500,2417500,1825,Sava,Kolubara,Danube,RS,,101211,139.700,177.500,270.400,331.900,390.900,467.200,524.500,581.500,656.700,0,0.000,0.000,0.000,,,
238,Varvarin,5237500,2357500,31400,Velika Morava,Velika Morava,Danube,RS,,82111,576.700,806.100,1370.700,1744.500,2103.100,2567.300,2915.100,3261.600,3718.800,1,0.000,1.000,0.000,0.000,,0.000
239,Bagrdan,5222500,2392500,33500,Velika Morava,Velika Morava,Danube,RS,,81111,583.300,807.000,1357.400,1721.900,2071.400,2523.900,2863.000,3200.800,3646.500,2,0.000,2.000,0.000,0.000,,0.000
240,Kratovska stena,5132500,2362500,3075,Velika Morava,Zapadna Morava,Danube,RS,,82311,128.600,164.600,253.000,311.600,367.800,440.500,495.000,549.300,621.000,1,0.000,1.000,0.000,0.000,,0.000
241,Milocaj,5177500,2357500,4675,Velika Morava,Zapadna Morava,Danube,RS,,82311,150.000,196.500,311.000,386.800,459.500,553.700,624.200,694.500,787.200,1,0.000,1.000,0.000,0.000,,0.000
242,Jasika,5232500,2347500,14600,Velika Morava,Zapadna Morava,Danube,RS,,82111,353.100,466.100,744.200,928.300,1104.900,1333.500,1504.900,1675.500,1900.700,0,0.000,0.000,0.000,,,
243,Vranjski Priboj,5307500,2247500,2825,Velika Morava,Juzna Morava,Danube,RS,,83511,33.600,45.500,74.600,93.800,112.300,136.200,154.200,172.000,195.600,0,0.000,0.000,0.000,,,
244,Grdelica,5302500,2282500,3775,Velika Morava,Juzna Morava,Danube,RS,,83511,52.000,72.200,121.800,154.600,186.100,226.900,257.400,287.900,328.000,0,0.000,0.000,0.000,,,
245,Korvingrad,5282500,2312500,9450,Velika Morava,Juzna Morava,Danube,RS,,83311,167.800,244.300,432.800,557.500,677.200,832.100,948.200,1063.800,1216.400,0,0.000,0.000,0.000,,,
246,Mojsinje,5252500,2347500,15400,Velika Morava,Juzna Morava,Danube,RS,,83111,248.100,381.100,708.500,925.300,1133.200,1402.400,1604.100,1805.100,2070.200,1,0.000,1.000,0.000,0.000,,0.000
247,Doljevac,5277500,2307500,2075,Velika Morava,Toplica,Danube,RS,,83411,29.200,39.000,63.200,79.200,94.500,114.300,129.200,144.000,163.600,2,1.000,1.000,2.000,0.500,0.333,0.400
248,Pirot,5347500,2307500,1700,Danube,Nisava,Danube,RS,,83211,29.400,91.400,243.900,344.800,441.600,567.000,660.900,754.500,878.000,1,0.000,1.000,0.000,0.000,,0.000
249,Nis,5287500,2322500,4050,Velika Morava,Nisava,Danube,RS,,83211,67.300,137.600,310.800,425.400,535.400,677.700,784.400,890.700,1030.900,2,0.000,2.000,0.000,0.000,,0.000
250,Novi Sad,5087500,2507500,256375,Danube,Danube,Danube,RS,,131111,6662.000,7523.000,9641.700,11044.400,12390.000,14131.700,15436.800,16737.200,18452.900,1,1.000,0.000,0.000,1.000,1.000,1.000
251,Zemun,5142500,2472500,406800,Danube,Danube,Danube,RS,,111111,8847.600,9742.200,11943.800,13401.500,14799.700,16609.500,17965.700,19317.000,21099.700,1,1.000,0.000,0.000,1.000,1.000,1.000
252,Novi Knezevac,5097500,2607500,140675,Tisa,Tisza,Danube,RS,,121111,2658.100,3026.700,3933.700,4534.300,5110.300,5856.000,6414.800,6971.500,7706.000,0,0.000,0.000,0.000,,,
253,Senta,5102500,2582500,141250,Tisa,Tisza,Danube,RS,,121111,2664.000,3032.800,3940.200,4541.100,5117.400,5863.400,6422.400,6979.400,7714.200,0,0.000,0.000,0.000,,,
254,N.Becej brana gv,5107500,2542500,147050,Tisa,Tisza,Danube,RS,,121111,2696.800,3065.900,3974.400,4575.900,5152.900,5899.700,6459.400,7017.000,7752.700,0,0.000,0.000,0.000,,,
255,Titel,5127500,2507500,149025,Tisa,Tisza,Danube,RS,,121111,2703.300,3072.800,3982.100,4584.100,5161.600,5909.100,6469.200,7027.300,7763.600,0,0.000,0.000,0.000,,,
256,Beograd,5147500,2467500,95300,Sava,Sava,Danube,RS,,101111,4003.100,4424.600,5461.900,6148.700,6807.400,7660.200,8299.100,8935.800,9775.700,1,0.000,1.000,0.000,0.000,,0.000
257,Lopatnica lakat,5172500,2347500,7825,Velika Morava,Ibar,Danube,RS,,82211,245.100,321.700,510.300,635.200,754.900,910.000,1026.200,1141.900,1294.600,1,0.000,1.000,0.000,0.000,,0.000
258,Knjazevac,5307500,2352500,1175,Danube,Beli Timok,Danube,RS,,72011,29.100,49.800,100.900,134.600,167.000,209.000,240.400,271.700,313.100,1,0.000,1.000,0.000,0.000,,0.000
259,Drazevac,5127500,2442500,3650,Sava,Kolubara,Danube,RS,,101211,154.700,205.100,329.100,411.200,489.900,591.800,668.200,744.300,844.700,0,0.000,0.000,0.000,,,
260,Apatin,5012500,2552500,211925,Danube,Danube,Danube,RS,,151111,5768.500,6605.700,8666.000,10030.000,11338.500,13032.100,14301.300,15565.800,17234.100,1,1.000,0.000,0.000,1.000,1.000,1.000
261,Bogojevo,5032500,2532500,253300,Danube,Danube,Danube,RS,,131111,6662.100,7549.500,9733.500,11179.400,12566.500,14361.800,15707.200,17047.600,18816.100,1,1.000,0.000,0.000,1.000,1.000,1.000
262,Smederevo,5187500,2462500,520500,Danube,Danube,Danube,RS,,91111,11600.800,12620.700,15130.800,16792.600,18386.700,20450.100,21996.300,23536.900,25569.400,0,0.000,0.000,0.000,,,
263,Markovicevo,5182500,2532500,1000,Tamis,Brzava,Danube,RS,,92211,22.000,28.400,44.100,54.500,64.500,77.500,87.200,96.800,109.500,1,0.000,1.000,0.000,0.000,,0.000
264,Ljubicevski most,5197500,2457500,37650,Velika Morava,Velika Morava,Danube,RS,,81111,601.000,809.300,1321.900,1661.300,1986.800,2408.200,2724.000,3038.600,3453.600,2,1.000,1.000,0.000,0.500,1.000,0.667
265,Sint-Joris-Weert,3942500,3092500,750,Scheldt,Dyle,Scheldt,BE,,25,29.200,39.800,65.800,83.000,99.500,120.900,136.900,152.900,173.900,1,0.000,1.000,0.000,0.000,,0.000
266,Diest,3972500,3107500,1950,Scheldt,Demer,Scheldt,BE,,24,55.700,64.100,84.900,98.600,111.800,128.800,141.600,154.300,171.100,2,1.000,1.000,0.000,0.500,1.000,0.667
267,Lot,3917500,3087500,675,Scheldt,Dyle,Scheldt,BE,,22,19.000,22.400,30.800,36.400,41.800,48.800,54.000,59.200,66.000,2,0.000,2.000,0.000,0.000,,0.000
268,Overboelare,3887500,3087500,775,Scheldt,Dender,Scheldt,BE,,41,41.400,55.400,89.600,112.300,134.100,162.300,183.400,204.400,232.100,0,0.000,0.000,0.000,,,
269,Bossuit,3857500,3092500,5250,Scheldt,Scheldt,Scheldt,BE,,71,131.300,150.900,199.100,231.000,261.600,301.200,330.800,360.400,399.400,0,0.000,0.000,0.000,,,
270,Menen,3832500,3097500,3050,Scheldt,Leie,Scheldt,BE,,61,182.500,220.400,313.500,375.200,434.400,510.900,568.300,625.500,700.900,0,0.000,0.000,0.000,,,
271,Kopčany,4847500,2887500,9550,Morava,Morava,Danube,SK,,183311,262.700,328.800,491.300,599.000,702.200,835.800,936.000,1035.800,1167.400,0,0.000,0.000,0.000,,,
272,Moravský Sv. Ján,4832500,2857500,24125,Morava,Morava,Danube,SK,,181111,355.100,461.600,723.700,897.200,1063.600,1279.000,1440.400,1601.300,1813.500,1,0.000,1.000,0.000,0.000,,0.000
273,Devín,4842500,2807500,131250,Danube,Danube,Danube,SK,,175111,5184.500,5992.100,7979.600,9295.500,10557.700,12191.600,13415.900,14635.800,16245.200,1,0.000,1.000,0.000,0.000,,0.000
274,Liptovský Mikuláš,5022500,2932500,1125,Vah,Vah,Danube,SK,,163701,65.100,78.200,110.400,131.700,152.100,178.600,198.400,218.200,244.200,0,0.000,0.000,1.000,,0.000,0.000
275,Hubová,4997500,2927500,2100,Vah,Vah,Danube,SK,,163701,67.000,86.400,134.000,165.500,195.800,234.900,264.300,293.500,332.100,1,0.000,1.000,1.000,0.000,0.000,0.000
276,Dierová,4987500,2937500,2000,Vah,Orava,Danube,SK,,163601,108.800,142.500,225.500,280.500,333.200,401.400,452.500,503.400,570.600,0,0.000,0.000,0.000,,,
277,Strečno,4967500,2932500,5475,Vah,Vah,Danube,SK,,163301,210.700,259.400,379.200,458.600,534.700,633.200,707.100,780.600,877.700,0,0.000,0.000,0.000,,,
278,Šaľa,4912500,2807500,10675,Vah,Vah,Danube,SK,,163101,394.100,474.600,672.700,803.800,929.600,1092.400,1214.400,1335.900,1496.300,0,0.000,0.000,0.000,,,
279,Nitrianska Streda,4922500,2862500,2025,Vah,Nitra,Danube,SK,,162101,72.000,86.400,121.800,145.200,167.700,196.800,218.600,240.300,268.900,1,0.000,1.000,0.000,0.000,,0.000
280,Nové Zámky,4927500,2792500,3700,Vah,Nitra,Danube,SK,,162101,102.900,126.200,183.400,221.200,257.500,304.600,339.800,374.900,421.200,1,0.000,1.000,0.000,0.000,,0.000
281,Komárno,4927500,2772500,150775,Danube,Danube,Danube,SK,,171111,5280.500,6094.100,8096.600,9422.300,10694.000,12340.100,13573.600,14802.600,16424.100,1,0.000,1.000,0.000,0.000,,0.000
282,Banská Bystrica,4992500,2887500,1825,Hron,Hron,Danube,SK,,156111,84.500,105.800,158.200,192.900,226.300,269.400,301.700,333.900,376.300,1,0.000,1.000,0.000,0.000,,0.000
283,Brehy,4962500,2847500,3825,Hron,Hron,Danube,SK,,156111,212.700,245.700,326.900,380.600,432.200,498.900,548.900,598.800,664.500,1,0.000,1.000,0.000,0.000,,0.000
284,Slovenské Ďarmoty,5012500,2817500,2750,Ipel,Ipel,Danube,SK,,154111,62.800,80.400,123.700,152.300,179.800,215.400,242.000,268.600,303.600,1,0.000,1.000,0.000,0.000,,0.000
285,Lenártovce,5082500,2862500,1700,Tisa,Slana,Danube,SK,,126251,70.900,95.400,155.400,195.200,233.400,282.800,319.800,356.700,405.400,0,0.000,0.000,1.000,,0.000,0.000
286,Vlkyňa,5077500,2852500,1325,Tisa,Rimava,Danube,SK,,126241,42.100,55.900,89.800,112.200,133.700,161.500,182.400,203.200,230.600,1,0.000,1.000,0.000,0.000,,0.000
287,Chmelnica,5097500,2967500,1325,Dunajec,Poprad,Vistula,SK,3.000,6211,119.800,156.900,248.200,308.600,366.600,441.600,497.900,553.900,627.800,0,0.000,0.000,0.000,,,
288,Margecany,5122500,2927500,1050,Tisa,Hornad,Danube,SK,,126351,43.500,55.900,86.300,106.400,125.800,150.800,169.500,188.200,212.800,0,0.000,0.000,0.000,,,
289,Košické Olšany,5152500,2907500,1200,Tisa,Torysa,Danube,SK,,126321,66.000,87.800,141.200,176.600,210.600,254.600,287.500,320.300,363.600,0,0.000,0.000,0.000,,,
290,Humenné,5192500,2937500,1275,Tisa,Laborec,Danube,SK,,128223,103.000,123.600,174.300,207.900,240.200,281.900,313.200,344.300,385.400,0,0.000,0.000,0.000,,,
291,Lekárovce,5222500,2902500,2050,Tisa,Uzh,Danube,SK,,128222,240.800,281.600,382.200,448.700,512.600,595.200,657.200,718.900,800.300,1,0.000,1.000,0.000,0.000,,0.000
292,Veľké Kapušany,5212500,2892500,2350,Tisa,Latorica,Danube,SK,,128231,209.000,245.700,335.800,395.400,452.700,526.700,582.200,637.600,710.500,2,1.000,1.000,1.000,0.500,0.500,0.500
293,Hanušovce nad Toplou,5157500,2947500,1075,Tisa,Topla,Danube,SK,,128321,58.500,73.900,111.800,136.900,160.900,192.100,215.500,238.700,269.400,0,0.000,0.000,0.000,,,
294,Streda nad Bodrogom,5187500,2877500,10750,Tisa,Bodrog,Danube,SK,,128111,580.700,682.200,932.100,1097.500,1256.200,1461.600,1615.500,1768.900,1971.200,0,0.000,0.000,0.000,,,
295,Akslen,4237500,4297500,825,Lagen,Bovri,Glomma,NO,4.000,242,50.800,59.200,79.800,93.400,106.500,123.400,136.100,148.700,165.400,3,2.000,1.000,1.000,0.667,0.667,0.667
297,Bagn,4292500,4192500,2975,Drammen,Begna,Drammen,NO,,32,129.600,148.900,196.200,227.600,257.600,296.500,325.700,354.700,393.100,0,0.000,0.000,0.000,,,
298,Bergheim,4282500,4147500,4275,Drammen,Hallingdalselva,Drammen,NO,2.000,22,283.000,321.400,416.000,478.700,538.800,616.600,674.900,733.000,809.600,0,0.000,0.000,0.000,,,
299,Dølplass,4342500,4342500,2125,"Glomma, headwaters",Folla,Glomma,NO,2.000,316,117.200,144.800,212.600,257.600,300.700,356.400,398.200,439.900,494.800,1,0.000,1.000,1.000,0.000,0.000,0.000
301,Eide,4307500,4282500,7925,Lagen,Lagen,Glomma,NO,2.000,215,433.400,490.900,632.200,725.800,815.600,931.800,1018.800,1105.600,1220.000,2,2.000,0.000,0.000,1.000,1.000,1.000
302,Elverum,4407500,4202500,15450,"Glomma, headwaters",Glomma,Glomma,NO,1.000,313,753.800,890.200,1226.000,1448.300,1661.600,1937.600,2144.500,2350.500,2622.500,0,0.000,0.000,0.000,,,
303,Etna,4302500,4207500,575,Drammen,Etna,Drammen,NO,,33,72.300,85.700,118.800,140.700,161.700,188.900,209.300,229.600,256.400,0,0.000,0.000,0.000,,,
304,Faukstad,4287500,4292500,1475,Lagen,Sjoa,Glomma,NO,3.000,221,123.100,141.600,187.300,217.400,246.400,283.900,312.000,340.000,376.900,0,0.000,0.000,1.000,,0.000,0.000
307,Hummelvoll,4377500,4367500,2450,"Glomma, headwaters",Glomma,Glomma,NO,1.000,317,117.200,135.300,179.800,209.200,237.500,274.100,301.500,328.800,364.900,0,0.000,0.000,0.000,,,
308,Kistefoss,4337500,4122500,3675,Drammen,Randselva,Drammen,NO,,33,114.400,132.500,177.000,206.500,234.800,271.400,298.800,326.200,362.200,0,0.000,0.000,0.000,,,
309,Knappom,4437500,4177500,1650,"Glomma, headwaters",Flisa,Glomma,NO,2.000,312,95.400,108.800,141.900,163.800,184.800,212.000,232.400,252.700,279.500,0,0.000,0.000,0.000,,,
310,Lalm,4277500,4307500,4025,Lagen,Otta,Glomma,NO,3.000,241,185.600,212.600,279.100,323.100,365.400,420.000,461.000,501.800,555.600,1,1.000,0.000,0.000,1.000,1.000,1.000
311,Losna,4337500,4242500,11200,Lagen,Lagen,Glomma,NO,2.000,215,657.100,747.600,970.400,1117.800,1259.300,1442.400,1579.600,1716.300,1896.600,0,0.000,0.000,1.000,,0.000,0.000
312,Mjøndalen bru,4317500,4072500,17050,Drammen,Drammen,Drammen,NO,1.000,11,637.700,726.100,943.700,1087.800,1226.100,1405.000,1539.000,1672.600,1848.900,0,0.000,0.000,1.000,,0.000,0.000
314,Norsfoss,4432500,4137500,18800,"Glomma, headwaters",Glomma,Glomma,NO,1.000,311,852.300,990.400,1330.100,1555.000,1770.700,2050.000,2259.200,2467.700,2742.800,0,0.000,0.000,0.000,,,
315,Nye Stai,4377500,4267500,8925,"Glomma, headwaters",Glomma,Glomma,NO,1.000,315,511.000,614.600,869.600,1038.500,1200.400,1410.100,1567.100,1723.700,1930.100,1,0.000,1.000,1.000,0.000,0.000,0.000
316,Ofossen,4227500,4312500,1600,Lagen,Otta,Glomma,NO,3.000,243,93.200,107.300,142.000,165.000,187.100,215.700,237.100,258.400,286.500,1,1.000,0.000,0.000,1.000,1.000,1.000
317,Rosten,4292500,4302500,1825,Lagen,Lagen,Glomma,NO,2.000,251,124.200,147.400,204.500,242.200,278.500,325.400,360.500,395.600,441.800,0,0.000,0.000,0.000,,,
319,Skålfoss,4307500,4112500,5100,Drammen,Snarum,Drammen,NO,2.000,21,311.200,352.600,454.400,521.800,586.400,670.100,732.800,795.300,877.700,0,0.000,0.000,1.000,,0.000,0.000
320,Skarnes,4412500,4127500,20375,"Glomma, headwaters",Glomma,Glomma,NO,1.000,311,887.700,1024.500,1361.100,1584.000,1797.800,2074.500,2281.900,2488.600,2761.200,0,0.000,0.000,0.000,,,
323,Strømstøa,4327500,4137500,4750,Drammen,Adalselva,Drammen,NO,,32,201.500,228.900,296.500,341.100,384.000,439.500,481.100,522.500,577.200,0,0.000,0.000,0.000,,,
327,Veliko Selo,5222500,2437500,1050,Danube,Mlava,Danube,RS,,72411,38.100,46.900,68.400,82.600,96.200,113.900,127.200,140.400,157.800,1,0.000,1.000,0.000,0.000,,0.000
328,Monte Da Vinha,2842500,1917500,49825,Guadiana,Guadiana,Guadiana,PT,1.000,331,249.900,378.700,695.600,905.400,1106.700,1367.200,1562.400,1756.900,2013.600,1,1.000,0.000,0.000,1.000,1.000,1.000
330,Almourol,2742500,2012500,67500,Tagus,Tagus,Tagus,PT,1.000,311,1843.600,2398.900,3765.700,4670.700,5538.700,6662.300,7504.300,8343.200,9450.000,2,2.000,0.000,0.000,1.000,1.000,1.000
331,Tramagal,2757500,2007500,62200,Tagus,Tagus,Tagus,PT,1.000,511,1351.400,1756.300,2752.800,3412.600,4045.500,4864.700,5478.600,6090.200,6897.100,3,3.000,0.000,0.000,1.000,1.000,1.000
332,Martina,4352500,2637500,2025,Inn,Inn,Danube,CH,,203331,166.600,201.200,286.300,342.700,396.800,466.700,519.200,571.400,640.400,0,0.000,0.000,0.000,,,
333,Locarno,4222500,2557500,2850,Ticcino,Lago Maggiore,Po,CH,,6311,572.000,644.600,823.200,941.400,1054.800,1201.600,1311.600,1421.200,1565.800,0,0.000,0.000,0.000,,,
334,Bellinzona,4242500,2562500,1525,Ticcino,Ticino,Po,CH,,6311,443.700,500.600,640.700,733.500,822.400,937.600,1023.900,1109.900,1223.300,1,0.000,1.000,0.000,0.000,,0.000
335,"Bern, Schönau",4132500,2647500,2975,Aare,Aare,Rhine,CH,,12711,314.300,362.500,480.900,559.400,634.600,732.000,805.000,877.700,973.700,0,0.000,0.000,1.000,,0.000,0.000
336,"Brügg, Aegerten",4117500,2672500,8300,Aare,Aare,Rhine,CH,,12511,645.700,723.100,913.700,1039.900,1160.900,1317.600,1435.000,1551.900,1706.300,1,1.000,0.000,1.000,1.000,0.500,0.667
337,Brugg,4182500,2707500,11550,Aare,Aare,Rhine,CH,,12511,806.900,900.500,1130.900,1283.400,1429.800,1619.200,1761.100,1902.500,2089.100,1,1.000,0.000,1.000,1.000,0.500,0.667
338,Murgenthal,4157500,2687500,9950,Aare,Aare,Rhine,CH,,12511,728.600,811.600,1016.000,1151.400,1281.200,1449.200,1575.100,1700.600,1866.100,1,1.000,0.000,1.000,1.000,0.500,0.667
339,Thun,4137500,2632500,2650,Aare,Aare,Rhine,CH,,12711,287.300,333.000,445.300,519.700,591.000,683.400,752.600,821.600,912.500,0,0.000,0.000,1.000,,0.000,0.000
340,"Untersiggenthal, Stilli",4187500,2712500,17525,Aare,Aare,Rhine,CH,,12111,1373.600,1537.100,1939.500,2205.800,2461.300,2792.100,3039.900,3286.800,3612.600,1,1.000,0.000,1.000,1.000,0.500,0.667
343,Berlingen,4242500,2727500,11325,Rhine,Untersee,Rhine,CH,,15111,1078.400,1206.600,1522.000,1730.800,1931.200,2190.500,2384.800,2578.400,2833.800,1,0.000,1.000,0.000,0.000,,0.000
345,Fürstenau,4277500,2622500,1550,Hinterrhein,Hinterrhein,Rhine,CH,,15811,173.900,195.700,249.300,284.900,318.900,363.000,396.100,429.000,472.400,0,0.000,0.000,0.000,,,
347,"Baden, Limmatpromenade",4192500,2707500,2425,Aare,Limmat,Rhine,CH,,12211,260.600,287.300,352.900,396.300,438.000,491.900,532.300,572.600,625.700,2,1.000,1.000,0.000,0.500,1.000,0.667
348,"Zuerich,Unterhard",4207500,2697500,2225,Aare,Limmat,Rhine,CH,,12211,227.900,252.500,313.200,353.400,391.900,441.700,479.100,516.300,565.400,2,1.000,1.000,0.000,0.500,1.000,0.667
349,"Weesen, Biäsche",4252500,2667500,1150,Rhine,Linth,Rhine,CH,,12221,118.400,130.500,160.300,180.000,199.000,223.500,241.800,260.100,284.200,1,1.000,0.000,0.000,1.000,1.000,1.000
350,"Luzern, Geissmattbrücke",4192500,2662500,2800,Aare,Reuss,Rhine,CH,,12411,343.200,381.000,473.900,535.400,594.500,670.900,728.100,785.200,860.400,3,2.000,1.000,0.000,0.667,1.000,0.800
351,Mellingen,4192500,2697500,3425,Aare,Reuss,Rhine,CH,,12411,373.000,420.100,536.000,612.700,686.300,781.600,853.000,924.100,1018.000,1,1.000,0.000,1.000,1.000,0.500,0.667
352,"Mühlau, Hünenberg",4197500,2677500,3250,Aare,Reuss,Rhine,CH,,12411,349.800,394.400,504.000,576.500,646.100,736.200,803.700,870.900,959.700,1,1.000,0.000,1.000,1.000,0.500,0.667
353,"Basel, Rheinhalle",4142500,2717500,35800,Rhine,Rhine,Rhine,CH,,11711,2425.500,2655.000,3219.700,3593.600,3952.300,4416.600,4764.500,5111.100,5568.400,1,1.000,0.000,1.000,1.000,0.500,0.667
354,"Diepoldsau, Rietbrücke",4292500,2692500,6275,Rhine,Rhine,Rhine,CH,,15511,676.600,751.000,934.000,1055.200,1171.500,1322.000,1434.700,1547.100,1695.300,0,0.000,0.000,0.000,,,
355,Domat/Ems,4282500,2637500,3250,Rhine,Rhine,Rhine,CH,,15711,385.500,429.600,538.100,609.900,678.800,768.000,834.900,901.500,989.300,1,0.000,1.000,0.000,0.000,,0.000
356,"Neuhausen, Flurlingerbrücke",4217500,2727500,11775,Rhine,Rhine,Rhine,CH,,15111,623.300,679.300,817.200,908.500,996.100,1109.400,1194.400,1279.000,1390.700,0,0.000,0.000,3.000,,0.000,0.000
357,Rekingen,4192500,2722500,14625,Rhine,Rhine,Rhine,CH,,13111,890.600,965.300,1149.300,1271.100,1388.000,1539.200,1652.600,1765.500,1914.500,1,0.000,1.000,2.000,0.000,0.000,0.000
358,Rheinfelden (Messstation),4152500,2717500,34350,Rhine,Rhine,Rhine,CH,,11711,2346.200,2562.100,3093.300,3445.000,3782.300,4219.000,4546.200,4872.300,5302.400,1,1.000,0.000,1.000,1.000,0.500,0.667
359,Laupen,4112500,2647500,1925,Aare,Saane,Rhine,CH,,12611,200.500,224.600,283.800,323.000,360.700,409.400,445.800,482.200,530.200,1,1.000,0.000,1.000,1.000,0.500,0.667
361,Andelfingen,4227500,2722500,1750,Thur,Thur,Rhine,CH,,14111,356.500,407.600,533.500,616.800,696.800,800.300,877.800,955.100,1057.000,1,0.000,1.000,0.000,0.000,,0.000
362,Halden,4262500,2707500,1125,Thur,Thur,Rhine,CH,,14111,333.600,385.400,512.900,597.300,678.300,783.100,861.600,939.800,1043.100,1,0.000,1.000,0.000,0.000,,0.000
366,"Geneve, Bout Du Monde",4027500,2572500,1925,"Rhone, headwaters",Arve,Rhone,CH,2.000,941,326.600,359.400,440.200,493.700,545.100,611.500,661.300,710.900,776.300,0,0.000,0.000,1.000,,0.000,0.000
367,Ocourt,4097500,2692500,1250,Saone,Doubs,Rhone,CH,3.000,647,173.100,198.100,259.400,300.100,339.100,389.500,427.300,465.000,514.700,0,0.000,0.000,0.000,,,
369,Branson,4097500,2562500,3725,"Rhone, headwaters",Rhone,Rhone,CH,1.000,951,428.100,529.700,779.700,945.300,1104.000,1309.600,1463.600,1617.000,1819.500,0,0.000,0.000,0.000,,,
370,"Chancy, Aux Ripes",4007500,2567500,10375,"Rhone, headwaters",Rhone,Rhone,CH,1.000,931,597.700,668.900,844.300,960.400,1071.800,1215.900,1324.000,1431.600,1573.600,0,0.000,0.000,0.000,,,
371,Porte du Scex,4082500,2587500,5300,"Rhone, headwaters",Rhone,Rhone,CH,1.000,951,575.500,696.200,993.400,1190.200,1378.900,1623.200,1806.300,1988.700,2229.400,0,0.000,0.000,0.000,,,
372,Sion,4112500,2572500,3400,"Rhone, headwaters",Rhone,Rhone,CH,1.000,951,428.100,525.100,764.000,922.200,1073.900,1270.300,1417.400,1564.000,1757.500,0,0.000,0.000,0.000,,,
390,Bobbio,4272500,2407500,700,Trebbia,Trebbia,Po,IT,,5211,331.000,414.600,620.500,756.700,887.500,1056.700,1183.500,1309.800,1476.500,1,0.000,1.000,0.000,0.000,,0.000
391,Ponte Bacchello,4397500,2402500,1575,Secchia,Secchia,Po,IT,,1411,244.900,296.600,424.100,508.500,589.400,694.200,772.700,850.900,954.100,0,0.000,0.000,0.000,,,
393,Pontelagoscuro,4447500,2422500,71175,Po,Po,Po,IT,,1111,5344.000,6492.000,9317.300,11187.900,12982.200,15304.700,17045.100,18779.200,21067.000,0,0.000,0.000,0.000,,,
394,Lugo,4372500,2367500,925,Secchia,Secchia,Po,IT,,1411,197.800,246.100,364.700,443.200,518.600,616.100,689.200,762.000,858.100,0,0.000,0.000,0.000,,,
395,Ponte Samone,4392500,2362500,600,Panaro,Panaro,Po,IT,,1231,161.700,189.000,256.100,300.500,343.100,398.200,439.600,480.800,535.100,0,0.000,0.000,0.000,,,
396,Bomporto,4402500,2402500,1100,Panaro,Panaro,Po,IT,,1211,210.900,247.400,337.400,396.900,454.000,528.000,583.400,638.600,711.400,0,0.000,0.000,0.000,,,
398,Piacenza,4302500,2442500,41950,Po,Po,Po,IT,,5111,4139.200,5199.400,7808.400,9535.800,11192.800,13337.600,14944.800,16546.200,18658.900,0,0.000,0.000,0.000,,,
399,Cremona,4322500,2447500,51075,Po,Po,Po,IT,,3711,4699.000,5828.800,8609.200,10450.000,12215.800,14501.400,16214.200,17920.700,20172.100,0,0.000,0.000,0.000,,,
405,Ponte Veggia,4382500,2382500,1075,Secchia,Secchia,Po,IT,,1411,207.000,253.000,366.100,441.000,512.900,605.900,675.600,745.000,836.700,0,0.000,0.000,0.000,,,
408,San Donnino,4397500,2387500,875,Panaro,Tiepido,Po,IT,,1211,189.000,218.600,291.600,339.900,386.200,446.200,491.200,536.000,595.000,0,0.000,0.000,0.000,,,
410,Pioppa,4397500,2417500,1675,Secchia,Secchia,Po,IT,,1411,241.300,292.400,418.000,501.100,580.900,684.100,761.500,838.600,940.300,0,0.000,0.000,0.000,,,
424,Rivergaro,4287500,2422500,900,Trebbia,Trebbia,Po,IT,,5211,376.100,464.900,683.500,828.200,967.000,1146.700,1281.400,1415.600,1592.600,1,0.000,1.000,0.000,0.000,,0.000
426,Parma Ovest,4337500,2412500,1375,Taro,Taro,Po,IT,,3611,653.600,780.000,1091.000,1296.800,1494.300,1750.000,1941.500,2132.400,2384.200,0,0.000,0.000,0.000,,,
428,San Secondo,4342500,2422500,1450,Taro,Taro,Po,IT,,3611,654.100,775.400,1074.000,1271.800,1461.400,1706.900,1890.800,2074.100,2315.900,0,0.000,0.000,0.000,,,
429,Ponte Alto,4392500,2397500,1525,Secchia,Secchia,Po,IT,,1411,244.400,295.700,422.000,505.600,585.800,689.500,767.300,844.800,947.000,0,0.000,0.000,0.000,,,
434,Rubiera SS9,4382500,2392500,1425,Secchia,Secchia,Po,IT,,1411,241.600,294.200,423.600,509.200,591.400,697.700,777.400,856.800,961.500,0,0.000,0.000,0.000,,,
436,Spilamberto,4402500,2382500,775,Panaro,Panaro,Po,IT,,1231,174.500,202.100,269.800,314.700,357.700,413.400,455.100,496.700,551.500,0,0.000,0.000,0.000,,,
454,Parma Ponte Verdi,4347500,2407500,700,Parma,Parma,Po,IT,,3411,155.300,192.800,285.300,346.500,405.200,481.200,538.200,594.900,669.800,0,0.000,0.000,0.000,,,
457,Ampermoching,4427500,2797500,2225,Isar,Amper,Danube,DE,,211212,87.100,100.300,132.900,154.400,175.100,201.800,221.900,241.800,268.200,0,0.000,0.000,0.000,,,
458,Augsburg Oberhausen,4382500,2802500,1275,Lech,Wertach,Danube,DE,,212012,158.800,199.800,300.600,367.300,431.300,514.200,576.300,638.100,719.700,0,0.000,0.000,0.000,,,
459,Bad Kissingen,4327500,3017500,1575,Main,Franconian Saale,Rhine,DE,,8611,59.200,70.400,98.100,116.400,134.000,156.800,173.800,190.800,213.300,0,0.000,0.000,0.000,,,
460,Beilngries oberh. der Sulz,4427500,2877500,2200,Altmuhl,Altmuhl,Danube,DE,,211811,73.600,90.100,130.600,157.400,183.100,216.400,241.400,266.200,299.000,0,0.000,0.000,0.000,,,
461,Burghausen,4527500,2782500,6650,Inn,Salzach,Danube,DE,,202111,931.400,1099.800,1514.500,1789.100,2052.400,2393.300,2648.700,2903.200,3239.000,1,1.000,0.000,0.000,1.000,1.000,1.000
462,Chamerau,4527500,2897500,1350,Regen,Regen,Danube,DE,,211411,175.000,203.900,275.100,322.200,367.400,426.000,469.800,513.500,571.100,0,0.000,0.000,0.000,,,
463,Dillingen,4352500,2827500,11400,Danube,Danube,Danube,DE,,212311,542.700,612.600,784.400,898.100,1007.200,1148.400,1254.300,1359.700,1498.800,1,0.000,1.000,0.000,0.000,,0.000
464,Donauwörth,4377500,2842500,15175,Danube,Danube,Danube,DE,,212311,638.000,706.000,873.400,984.200,1090.500,1228.000,1331.100,1433.800,1569.300,1,0.000,1.000,0.000,0.000,,0.000
465,Eichstätt,4407500,2862500,1425,Altmuhl,Altmuhl,Danube,DE,,211811,31.700,40.900,63.400,78.300,92.600,111.100,125.000,138.800,157.000,0,0.000,0.000,0.000,,,
466,Fürstenfeldbruck,4412500,2782500,1350,Isar,Amper,Danube,DE,,211212,42.000,48.200,63.500,73.700,83.400,96.000,105.500,114.900,127.300,0,0.000,0.000,0.000,,,
467,Harburg,4367500,2857500,1625,Wornitz,Wornitz,Danube,DE,,212211,72.600,88.100,126.300,151.600,175.900,207.300,230.800,254.200,285.200,0,0.000,0.000,0.000,,,
468,Hüttendorf,4392500,2932500,3875,Main,Regnitz,Rhine,DE,,8831,116.200,129.900,163.700,186.000,207.500,235.200,256.000,276.700,304.100,0,0.000,0.000,0.000,,,
469,Ingolstadt Luitpoldstraße,4422500,2847500,20225,Danube,Danube,Danube,DE,,211911,943.700,1092.900,1460.100,1703.200,1936.400,2238.300,2464.500,2689.800,2987.200,0,0.000,0.000,0.000,,,
470,Inkofen,4452500,2817500,3175,Isar,Amper,Danube,DE,,211212,130.900,148.600,192.200,221.100,248.800,284.700,311.600,338.400,373.700,0,0.000,0.000,0.000,,,
471,Kelheim,4452500,2862500,23075,Danube,Danube,Danube,DE,,211911,994.500,1145.000,1515.600,1760.900,1996.300,2300.900,2529.200,2756.600,3056.700,0,0.000,0.000,0.000,,,
472,Kemmern,4382500,2987500,4150,Main,Main,Rhine,DE,,8911,200.000,229.100,300.800,348.300,393.800,452.800,497.000,541.000,599.000,1,0.000,1.000,0.000,0.000,,0.000
473,Kienhof,4507500,2902500,2150,Regen,Regen,Danube,DE,,211411,218.200,248.000,321.200,369.800,416.300,476.600,521.700,566.700,626.000,0,0.000,0.000,0.000,,,
474,Landau,4512500,2842500,8625,Isar,Isar,Danube,DE,,211211,510.700,592.900,795.300,929.300,1057.900,1224.300,1349.000,1473.200,1637.100,0,0.000,0.000,0.000,,,
475,Laufen Siegerstetter Keller,4542500,2762500,6100,Inn,Salzach,Danube,DE,,202111,898.900,1058.600,1451.700,1712.000,1961.700,2284.900,2527.000,2768.300,3086.700,1,0.000,1.000,0.000,0.000,,0.000
476,Mainleus,4417500,2997500,1175,Main,Main,Rhine,DE,,8911,70.700,82.200,110.600,129.400,147.400,170.700,188.200,205.600,228.600,1,0.000,1.000,0.000,0.000,,0.000
477,Münchshofen,4467500,2902500,4025,Naab,Naab,Danube,DE,,211611,111.800,134.700,191.200,228.500,264.400,310.800,345.500,380.200,425.900,0,0.000,0.000,0.000,,,
478,Neumühle,4392500,2922500,1825,Main,Rednitz,Rhine,DE,,8851,49.500,55.500,70.400,80.300,89.700,101.900,111.100,120.200,132.300,0,0.000,0.000,0.000,,,
479,"Neu Ulm, Bad Held",4317500,2807500,7600,Danube,Danube,Danube,DE,,212311,477.300,545.100,712.100,822.600,928.700,1065.900,1168.700,1271.200,1406.400,1,0.000,1.000,0.000,0.000,,0.000
480,Nürnberg,4397500,2927500,1225,Main,Pegnitz,Rhine,DE,,8841,34.100,38.200,48.300,55.000,61.400,69.700,75.900,82.100,90.300,0,0.000,0.000,0.000,,,
481,Oberaudorf,4482500,2722500,9725,Inn,Inn,Danube,DE,,203311,666.900,736.500,907.700,1021.000,1129.800,1270.500,1376.000,1481.000,1619.700,3,1.000,2.000,0.000,0.333,1.000,0.500
482,Passau Ingling,4577500,2827500,26100,Inn,Inn,Danube,DE,,201111,2158.700,2476.500,3258.700,3776.600,4273.400,4916.400,5398.200,5878.300,6511.700,1,0.000,1.000,0.000,0.000,,0.000
483,Plattling,4532500,2852500,9000,Isar,Isar,Danube,DE,,211211,515.200,595.800,794.000,925.300,1051.200,1214.200,1336.300,1458.000,1618.500,0,0.000,0.000,0.000,,,
484,Rosenheim o.d. Mangfallmündung,4482500,2747500,10225,Inn,Inn,Danube,DE,,203311,728.500,803.800,989.200,1111.900,1229.600,1382.000,1496.200,1609.900,1760.000,3,1.000,2.000,0.000,0.333,1.000,0.500
485,Salz,4337500,3022500,1025,Main,Franconian Saale,Rhine,DE,,8611,40.200,47.200,64.500,75.900,86.900,101.100,111.700,122.300,136.300,0,0.000,0.000,0.000,,,
486,Schwürbitz,4402500,3007500,2500,Main,Main,Rhine,DE,,8911,155.800,177.200,229.800,264.700,298.100,341.400,373.800,406.100,448.800,1,0.000,1.000,0.000,0.000,,0.000
487,Seebruck,4507500,2762500,1500,Inn,Alz,Danube,DE,,203211,123.100,139.400,179.500,206.000,231.500,264.500,289.200,313.800,346.200,0,0.000,0.000,0.000,,,
488,Unterköblitz,4477500,2937500,1975,Naab,Naab,Danube,DE,,211611,65.400,78.200,109.800,130.700,150.800,176.700,196.200,215.600,241.100,0,0.000,0.000,1.000,,0.000,0.000
489,Wasserburg,4482500,2767500,12100,Inn,Inn,Danube,DE,,203311,939.700,1051.300,1326.000,1507.900,1682.400,1908.200,2077.400,2246.000,2468.400,1,0.000,1.000,0.000,0.000,,0.000
490,Wolfsmünster,4302500,2997500,2125,Main,Franconian Saale,Rhine,DE,,8611,78.400,93.500,130.600,155.200,178.800,209.300,232.100,254.900,285.000,0,0.000,0.000,0.000,,,
491,Tokarnia,5057500,3127500,1225,Nida,Czarna Nida,Vistula,PL,3.000,5421,38.300,49.700,77.900,96.500,114.400,137.500,154.900,172.100,194.900,0,0.000,0.000,0.000,,,
492,ŻABNO,5097500,3052500,6900,Dunajec,Dunajec,Vistula,PL,2.000,6111,652.600,831.800,1272.900,1564.900,1845.000,2207.600,2479.200,2749.900,3107.100,0,0.000,0.000,0.000,,,
493,Pinczow,5062500,3097500,3400,Nida,Nida,Vistula,PL,2.000,5411,76.200,108.600,188.400,241.300,292.000,357.500,406.700,455.700,520.300,0,0.000,0.000,0.000,,,
494,Stary Sacz,5087500,2992500,2100,Dunajec,Poprad,Vistula,PL,3.000,6211,186.700,234.100,350.700,427.900,502.000,597.900,669.700,741.300,835.700,0,0.000,0.000,0.000,,,
495,Proszowki,5062500,3037500,1475,"Vistula, headwaers",Raba,Vistula,PL,2.000,7211,192.900,249.800,389.800,482.500,571.400,686.500,772.800,858.700,972.000,0,0.000,0.000,0.000,,,
496,JAROSŁAW,5222500,3072500,6975,San,San,Vistula,PL,2.000,4311,321.700,408.900,623.600,765.700,902.000,1078.500,1210.800,1342.500,1516.300,0,0.000,0.000,0.000,,,
497,NISKO,5177500,3117500,15575,San,San,Vistula,PL,2.000,4111,529.500,661.400,985.900,1200.700,1406.800,1673.500,1873.400,2072.500,2335.300,0,0.000,0.000,0.000,,,
498,Zator,4997500,3027500,1125,"Vistula, headwaers",Skawa,Vistula,PL,2.000,7411,155.500,208.300,338.400,424.400,507.000,613.900,694.000,773.800,879.100,1,0.000,1.000,0.000,0.000,,0.000
499,PUSTYNIA,4977500,3032500,2925,"Vistula, headwaers",Vistula,Vistula,PL,1.000,7511,145.900,209.200,364.800,467.800,566.700,694.600,790.400,886.000,1012.000,0,0.000,0.000,0.000,,,
500,SMOLICE,4997500,3032500,6750,"Vistula, headwaers",Vistula,Vistula,PL,1.000,7311,344.600,476.000,799.200,1013.200,1218.400,1484.100,1683.200,1881.600,2143.300,0,0.000,0.000,0.000,,,
501,POPĘDZYNKA,5072500,3057500,10650,"Vistula, headwaers",Vistula,Vistula,PL,1.000,7111,494.100,672.000,1109.700,1399.500,1677.500,2037.300,2306.900,2575.600,2930.000,0,0.000,0.000,0.000,,,
502,SZCZUCIN,5102500,3082500,24125,"Vistula, below Dunajec",Vistula,Vistula,PL,1.000,5311,1188.300,1501.000,2270.500,2780.000,3268.600,3901.200,4375.200,4847.500,5470.600,0,0.000,0.000,0.000,,,
503,SANDOMIERZ,5147500,3127500,32125,"Vistula, below Dunajec",Vistula,Vistula,PL,1.000,5111,1352.900,1710.400,2590.200,3172.700,3731.500,4454.700,4996.700,5536.700,6249.100,0,0.000,0.000,0.000,,,
504,ZAWICHOST,5152500,3142500,50650,"Vistula, below San",Vistula,Vistula,PL,1.000,3911,1780.900,2223.300,3312.100,4033.000,4724.400,5619.500,6290.200,6958.500,7840.100,0,0.000,0.000,0.000,,,
505,Rzeszow,5177500,3062500,2125,San,Wislok,Vistula,PL,3.000,4211,171.700,217.900,331.700,407.000,479.200,572.800,642.800,712.600,804.700,0,0.000,0.000,0.000,,,
506,MIELEC 2,5127500,3087500,3900,"Vistula, below Dunajec",Wisloka,Vistula,PL,2.000,5211,239.600,315.100,500.800,623.900,741.800,894.600,1009.000,1123.100,1273.500,0,0.000,0.000,0.000,,,
507,Kunow,5107500,3157500,1125,"Vistula, below San",Kamienna,Vistula,PL,2.000,3811,19.400,30.300,57.100,74.900,91.900,113.900,130.500,146.900,168.600,0,0.000,0.000,0.000,,,
508,Lochow,5112500,3327500,2475,Narew,Liwiec,Vistula,PL,4.000,2412,49.600,60.200,86.200,103.400,119.900,141.200,157.200,173.200,194.200,0,0.000,0.000,0.000,,,
509,SULEJÓW (KOPALNIA),5007500,3182500,4075,Pilica,Pilica,Vistula,PL,2.000,3411,83.800,119.600,207.600,265.800,321.700,394.100,448.300,502.300,573.600,0,0.000,0.000,0.000,,,
510,KOŚMIN,5142500,3227500,10200,Wieprz,Wieprz,Vistula,PL,2.000,3611,119.500,171.800,300.500,385.700,467.500,573.300,652.600,731.600,835.800,0,0.000,0.000,0.000,,,
511,BORKOWO,5042500,3327500,5175,Narew,Wkra,Vistula,PL,3.000,2121,80.800,105.000,164.500,203.800,241.600,290.500,327.100,363.600,411.800,0,0.000,0.000,0.000,,,
512,BURZYN,5147500,3422500,6975,Narew,Biebrza,Vistula,PL,3.000,2508,110.100,133.900,192.500,231.300,268.500,316.700,352.700,388.700,436.100,0,0.000,0.000,0.000,,,
513,Prosna,5042500,3512500,1625,Lyna,Guber,Pregolya,PL,3.000,21,46.100,60.900,97.400,121.500,144.600,174.600,197.000,219.400,248.900,0,0.000,0.000,0.000,,,
514,Sepopol,5032500,3512500,3675,Lyna,Lyna,Pregolya,PL,2.000,23,76.200,96.700,147.100,180.500,212.500,254.000,285.000,315.900,356.800,0,0.000,0.000,0.000,,,
515,STRĘKOWA GÓRA,5157500,3417500,6800,Narew,Narew,Vistula,PL,2.000,2509,88.600,114.300,177.600,219.500,259.700,311.700,350.700,389.500,440.800,0,0.000,0.000,0.000,,,
516,PIĄTNICA-ŁOMŻA,5122500,3412500,15050,Narew,Narew,Vistula,PL,2.000,2507,197.700,245.900,364.600,443.200,518.600,616.100,689.200,762.100,858.200,0,0.000,0.000,0.000,,,
517,ZAMBSKI KOŚCIELNE,5077500,3352500,25925,Narew,Narew,Vistula,PL,2.000,2503,294.900,361.200,524.500,632.500,736.200,870.400,970.900,1071.100,1203.300,0,0.000,0.000,0.000,,,
518,Bialobrzeg Blizszy,5087500,3392500,2100,Narew,Omulew,Vistula,PL,3.000,2504,26.900,40.700,74.600,97.100,118.600,146.500,167.300,188.200,215.600,0,0.000,0.000,0.000,,,
519,Makow Mazowiecki,5067500,3362500,1925,Narew,Orzyc,Vistula,PL,3.000,2502,57.100,78.400,130.800,165.500,198.800,241.900,274.200,306.300,348.800,0,0.000,0.000,0.000,,,
520,DOBRYLAS,5102500,3422500,4525,Narew,Pisa,Vistula,PL,3.000,2506,41.800,49.200,67.400,79.500,91.100,106.000,117.300,128.400,143.200,1,0.000,1.000,0.000,0.000,,0.000
521,Fasty,5187500,3417500,1925,Narew,Suprasl,Vistula,PL,3.000,2510,28.000,34.500,50.700,61.300,71.600,84.800,94.700,104.600,117.700,0,0.000,0.000,0.000,,,
522,Mieduniszki,5097500,3532500,1000,Pregolya,Angrapa,Pregolya,PL,2.000,31,33.300,44.700,72.900,91.600,109.500,132.700,150.000,167.300,190.200,0,0.000,0.000,1.000,,0.000,0.000
523,Krzyzanowice,4812500,3142500,2000,"Oder, below Easter Neisse",Widawa,Oder,PL,2.000,7541,20.800,30.900,55.700,72.200,87.900,108.300,123.600,138.800,158.900,0,0.000,0.000,0.000,,,
524,Piatnica,4752500,3142500,2050,Kaczawa,Kaczawa,Oder,PL,2.000,7411,28.000,42.600,78.700,102.500,125.400,155.100,177.300,199.400,228.600,0,0.000,0.000,0.000,,,
526,Olawa,4832500,3112500,800,"Oder, below Easter Neisse",Oslawa,Oder,PL,2.000,7561,12.900,17.800,29.900,37.900,45.500,55.500,62.900,70.300,80.100,1,0.000,1.000,0.000,0.000,,0.000
527,Opole,4877500,3092500,11050,"Oder, headwaters",Oder,Oder,PL,1.000,9311,458.000,616.900,1008.000,1266.900,1515.200,1836.700,2077.600,2317.600,2634.200,0,0.000,0.000,0.000,,,
528,OPOLE-GROSZOWICE,4882500,3082500,10975,"Oder, headwaters",Oder,Oder,PL,1.000,9311,459.000,618.100,1009.700,1268.900,1517.600,1839.500,2080.800,2321.100,2638.200,0,0.000,0.000,0.000,,,
529,DOBROSZÓW WIELKI,4687500,3192500,5375,Bobr,Bobr,Oder,PL,2.000,6111,96.200,122.100,186.000,228.400,268.900,321.500,360.900,400.100,451.800,0,0.000,0.000,0.000,,,
530,OŁAWA (MOST),4842500,3117500,20025,"Oder, below Easter Neisse",Oder,Oder,PL,1.000,7571,575.600,751.600,1184.700,1471.400,1746.500,2102.500,2369.200,2635.000,2985.700,1,0.000,1.000,0.000,0.000,,0.000
531,SKOROGOSZCZ,4857500,3102500,4625,Eastern Neisse,Eastern Neisse,Oder,PL,2.000,8111,109.000,162.500,294.100,381.200,464.800,573.000,654.100,734.900,841.500,1,0.000,1.000,0.000,0.000,,0.000
532,NOWA SÓL,4722500,3197500,37150,"Oder, below Barycz",Oder,Oder,PL,1.000,7111,640.600,812.500,1235.400,1515.400,1784.000,2131.700,2392.200,2651.800,2994.300,1,1.000,0.000,0.000,1.000,1.000,1.000
533,CIGACICE,4707500,3227500,39025,"Oder, below Barycz",Oder,Oder,PL,1.000,7111,627.900,795.600,1208.200,1481.400,1743.400,2082.600,2336.800,2590.100,2924.200,1,1.000,0.000,0.000,1.000,1.000,1.000
534,Bardo,4797500,3067500,1750,Eastern Neisse,Eastern Neisse,Oder,PL,2.000,8111,116.600,163.700,279.700,356.500,430.100,525.400,596.900,668.100,762.000,1,0.000,1.000,0.000,0.000,,0.000
535,OSETNO,4762500,3192500,4575,Barycz,Barycz,Oder,PL,2.000,7211,44.200,53.500,76.600,91.900,106.500,125.500,139.700,153.900,172.600,0,0.000,0.000,0.000,,,
536,POŁĘCKO,4652500,3227500,46350,"Oder, below Bobr",Oder,Oder,PL,1.000,5111,677.800,845.900,1259.700,1533.600,1796.300,2136.400,2391.300,2645.200,2980.200,1,1.000,0.000,0.000,1.000,1.000,1.000
538,RACIBÓRZ-MIEDONIA,4907500,3037500,6725,"Oder, headwaters",Oder,Oder,PL,1.000,9311,380.000,523.300,875.800,1109.100,1333.000,1622.800,1839.900,2056.200,2341.700,0,0.000,0.000,0.000,,,
539,ŚCINAWA,4767500,3157500,29650,"Oder, below Kaczawa",Oder,Oder,PL,1.000,7311,629.100,807.400,1246.100,1536.500,1815.100,2175.800,2446.000,2715.200,3070.500,1,0.000,1.000,0.000,0.000,,0.000
540,UJŚCIE NYSY KŁODZKIEJ,4857500,3107500,18375,"Oder, below Easter Neisse",Oder,Oder,PL,1.000,7571,563.800,739.600,1172.400,1458.900,1733.700,2089.500,2356.100,2621.700,2972.100,1,0.000,1.000,0.000,0.000,,0.000
541,Turawa,4892500,3102500,1475,"Oder, headwaters",Mala Panew,Oder,PL,2.000,9211,20.300,27.000,43.700,54.800,65.400,79.100,89.400,99.600,113.100,1,0.000,1.000,0.000,0.000,,0.000
542,Jarnoltow,4797500,3132500,1675,"Oder, below Easter Neisse",Bystrzyca,Oder,PL,2.000,7521,41.700,53.400,82.200,101.300,119.600,143.300,161.000,178.700,202.000,0,0.000,0.000,0.000,,,
543,SŁUBICE,4627500,3262500,52000,"Oder, below Neisse",Oder,Oder,PL,1.000,3111,723.500,892.300,1307.800,1583.000,1846.900,2188.400,2444.400,2699.500,3035.900,0,0.000,0.000,1.000,,0.000,0.000
544,GOZDOWICE,4607500,3307500,109775,"Oder, below Warta",Oder,Oder,PL,1.000,1311,1096.500,1325.500,1888.900,2261.900,2619.700,3082.900,3430.000,3775.800,4232.000,0,0.000,0.000,0.000,,,
545,DZIAŁOSZYN,4937500,3147500,4050,Warta,Warta,Oder,PL,2.000,2931,68.300,96.300,165.200,210.800,254.600,311.300,353.700,396.000,451.800,0,0.000,0.000,0.000,,,
546,SIERADZ,4922500,3202500,8225,Warta,Zeglina,Oder,PL,3.000,2731,123.000,157.700,243.100,299.600,353.900,424.100,476.700,529.100,598.200,0,0.000,0.000,0.000,,,
547,SŁAWSK,4872500,3262500,13750,Warta,Warta,Oder,PL,2.000,2711,117.200,151.000,234.200,289.300,342.200,410.600,461.900,513.000,580.300,0,0.000,0.000,0.000,,,
548,POZNAŃ (MOST ROCHA),4792500,3282500,25575,Warta,Warta,Oder,PL,2.000,2531,225.900,292.300,455.900,564.300,668.200,802.600,903.400,1003.800,1136.300,0,0.000,0.000,0.000,,,
549,GORZÓW WIELKOPOLSKI,4682500,3302500,53275,Warta,Warta,Oder,PL,2.000,2111,437.300,539.800,791.800,958.700,1118.700,1325.900,1481.200,1635.900,1840.000,1,0.000,1.000,0.000,0.000,,0.000
550,Dabie,4922500,3257500,1825,Warta,Ner,Oder,PL,3.000,2721,33.000,43.100,68.100,84.600,100.400,120.900,136.200,151.500,171.700,0,0.000,0.000,0.000,,,
551,NOWE DREZDENKO,4717500,3322500,16850,Warta,Notec,Oder,PL,3.000,2211,135.000,173.300,267.500,329.900,389.700,467.200,525.200,583.000,659.300,1,0.000,1.000,0.000,0.000,,0.000
552,BOGUSŁAW,4867500,3227500,4300,Warta,Prosna,Oder,PL,3.000,2611,46.000,63.000,105.000,132.800,159.500,194.000,219.800,245.600,279.600,0,0.000,0.000,1.000,,0.000,0.000
553,PIŁA,4772500,3362500,4725,Warta,Gwda,Oder,PL,4.000,2241,50.400,63.300,95.000,116.100,136.300,162.400,182.000,201.500,227.200,0,0.000,0.000,0.000,,,
554,Drawiny,4722500,3327500,3000,Warta,Drawa,Oder,PL,4.000,2221,46.000,55.000,77.300,92.000,106.100,124.400,138.000,151.700,169.700,1,0.000,1.000,0.000,0.000,,0.000
555,Podgorze,4942500,3187500,2425,Warta,Widawka,Oder,PL,3.000,2811,50.800,63.500,94.700,115.400,135.200,160.900,180.100,199.300,224.600,0,0.000,0.000,0.000,,,
556,Nemcice,4737500,3022500,4275,"Elbe, headwaters",Elbe,Elbe,CZ,1.000,15311,161.300,188.400,255.000,299.100,341.400,396.200,437.300,478.100,532.100,0,0.000,0.000,0.000,,,
557,Prelouc,4712500,3007500,6475,"Elbe, headwaters",Elbe,Elbe,CZ,1.000,15111,263.100,328.900,490.800,597.900,700.800,833.800,933.600,1032.900,1164.000,0,0.000,0.000,0.000,,,
558,Predmerice,4667500,3032500,2175,Jizera,Jizera,Elbe,CZ,2.000,14111,139.500,172.000,251.900,304.900,355.600,421.300,470.600,519.700,584.400,0,0.000,0.000,0.000,,,
559,Ceske Budejovice,4647500,2877500,1775,Vltava,Vltava,Elbe,CZ,2.000,12921,129.200,160.700,238.300,289.700,339.000,402.800,450.700,498.300,561.100,1,0.000,1.000,0.000,0.000,,0.000
560,Bechyne,4647500,2922500,3875,Vltava,Luznice,Elbe,CZ,3.000,12811,90.600,120.300,193.300,241.700,288.100,348.100,393.200,438.000,497.200,0,0.000,0.000,0.000,,,
561,Pisek,4622500,2922500,2925,Vltava,Otava,Elbe,CZ,3.000,12611,157.800,228.800,403.400,519.000,629.900,773.400,880.900,988.100,1129.500,0,0.000,0.000,0.000,,,
562,Nespeky,4652500,2982500,4075,Vltava,Sazava,Elbe,CZ,3.000,12411,106.200,183.100,372.300,497.500,617.700,773.200,889.700,1005.800,1159.000,1,0.000,1.000,0.000,0.000,,0.000
563,Bílá Hora,4567500,2967500,4775,Vltava,Berounka,Elbe,CZ,3.000,12211,138.000,185.200,301.400,378.300,452.100,547.700,619.200,690.500,784.600,0,0.000,0.000,0.000,,,
564,Beroun,4612500,2992500,8325,Vltava,Litavka,Elbe,CZ,4.000,12211,214.500,311.300,549.500,707.200,858.400,1054.200,1201.000,1347.200,1540.000,0,0.000,0.000,0.000,,,
565,Praha-Chuchle,4637500,2997500,26850,Vltava,Vltava,Elbe,CZ,2.000,12111,498.400,763.300,1415.200,1846.800,2260.800,2796.700,3198.300,3598.400,4126.300,0,0.000,0.000,0.000,,,
566,Melnik,4637500,3037500,42025,"Elbe, below Vltava",Elbe,Elbe,CZ,1.000,11111,949.600,1273.200,2069.800,2597.100,3103.000,3757.800,4248.500,4737.300,5382.300,0,0.000,0.000,0.000,,,
567,Karlovy Vary,4527500,3017500,2925,Ohre,Ohre,Elbe,CZ,2.000,10111,143.500,189.700,303.600,379.000,451.300,544.900,615.000,684.900,777.100,0,0.000,0.000,0.000,,,
568,Louny I.,4587500,3032500,5100,Ohre,Ohre,Elbe,CZ,2.000,10111,143.800,202.300,346.200,441.500,532.900,651.200,739.900,828.200,944.800,0,0.000,0.000,0.000,,,
569,Usti nad Labem,4607500,3062500,48700,"Elbe, below Ohre",Elbe,Elbe,CZ,1.000,9111,1029.100,1388.200,2271.800,2856.800,3418.000,4144.400,4688.700,5231.000,5946.500,0,0.000,0.000,0.000,,,
570,Svinov,4912500,2997500,1525,"Oder, headwaters",Oder,Oder,CZ,1.000,9711,124.500,167.000,271.600,340.900,407.300,493.300,557.800,622.000,706.700,0,0.000,0.000,0.000,,,
571,Dehylov,4907500,3007500,2025,"Oder, headwaters",Opava,Oder,CZ,2.000,9611,47.400,64.500,106.700,134.600,161.300,196.000,221.900,247.800,281.900,0,0.000,0.000,0.000,,,
572,Bohumin,4917500,3012500,4675,"Oder, headwaters",Oder,Oder,CZ,1.000,9511,296.400,406.800,678.400,858.200,1030.700,1254.000,1421.400,1588.100,1808.000,0,0.000,0.000,0.000,,,
573,Vernovice,4922500,3012500,1100,"Oder, headwaters",Olza,Oder,CZ,2.000,9411,82.000,108.400,173.300,216.300,257.500,310.800,350.800,390.600,443.100,1,0.000,1.000,0.000,0.000,,0.000
574,Olomouc,4847500,2962500,3450,Morava,Morava,Danube,CZ,,183511,104.900,132.000,198.800,243.100,285.500,340.500,381.600,422.600,476.700,0,0.000,0.000,0.000,,,
575,Dluhonice,4857500,2952500,1575,Morava,Becva,Danube,CZ,,183411,151.800,198.600,313.800,390.100,463.200,557.900,628.900,699.500,792.800,0,0.000,0.000,0.000,,,
576,Kromeriz,4857500,2937500,7200,Morava,Morava,Danube,CZ,,183311,245.900,309.500,466.000,569.600,669.000,797.700,894.100,990.100,1116.900,0,0.000,0.000,0.000,,,
577,Straznice,4852500,2892500,9150,Morava,Morava,Danube,CZ,,183311,259.500,325.000,486.100,592.800,695.100,827.500,926.800,1025.700,1156.100,0,0.000,0.000,0.000,,,
578,Travni Dvur,4792500,2872500,3450,Morava,Thaya,Danube,CZ,,182311,45.200,74.000,145.000,192.000,237.000,295.400,339.100,382.600,440.100,3,0.000,3.000,0.000,0.000,,0.000
579,Zidlochovice,4802500,2902500,4150,Morava,Svratka,Danube,CZ,,182231,54.100,75.800,129.300,164.800,198.800,242.800,275.700,308.600,351.900,0,0.000,0.000,0.000,,,
580,Ivancice,4787500,2907500,2800,Morava,Jihlava,Danube,CZ,,182221,49.100,72.900,131.600,170.400,207.600,255.800,291.900,327.900,375.400,2,1.000,1.000,0.000,0.500,1.000,0.667
581,Breclav-Ladna,4822500,2877500,12325,Morava,Thaya,Danube,CZ,,182111,81.500,139.200,281.000,375.000,465.100,581.700,669.100,756.200,871.100,4,0.000,4.000,1.000,0.000,0.000,0.000
582,Miziya,5422500,2382500,3025,Danube,Ogosta,Danube,BG,,71613,38.500,72.400,155.800,211.100,264.000,332.600,384.000,435.200,502.800,0,0.000,0.000,0.000,,,
583,Novi Iskar,5412500,2297500,3825,Danube,Iskar,Danube,BG,,71413,65.100,87.100,141.200,177.000,211.300,255.800,289.100,322.300,366.100,1,0.000,1.000,0.000,0.000,,0.000
584,Orehovica,5477500,2387500,8375,Danube,Iskar,Danube,BG,,71411,152.400,224.600,402.200,519.800,632.600,778.600,888.100,997.100,1140.900,1,1.000,0.000,0.000,1.000,1.000,1.000
585,Tarnene,5492500,2367500,2275,Danube,Vit,Danube,BG,,71211,123.600,192.700,362.600,475.200,583.100,722.800,827.500,931.800,1069.500,0,0.000,0.000,1.000,,0.000,0.000
586,Troian,5517500,2317500,550,Danube,Osam,Danube,BG,,52211,42.100,58.300,98.000,124.200,149.400,182.100,206.500,230.900,263.000,0,0.000,0.000,2.000,,0.000,0.000
587,Izgrev,5537500,2382500,2275,Danube,Osam,Danube,BG,,52211,82.900,118.800,207.200,265.700,321.900,394.500,449.000,503.200,574.800,0,0.000,0.000,2.000,,0.000,0.000
588,Sevlievo,5547500,2337500,1000,Danube,Rositsa,Danube,BG,,51821,71.300,120.900,243.100,324.000,401.600,502.100,577.400,652.400,751.300,1,0.000,1.000,0.000,0.000,,0.000
589,Karantsi,5582500,2392500,6850,Danube,Yantra,Danube,BG,,51811,182.500,275.900,505.700,657.900,803.800,992.700,1134.300,1275.400,1461.500,0,0.000,0.000,3.000,,0.000,0.000
590,Dzhuliunitsa,5607500,2362500,825,Danube,Dzhulunitsa,Danube,BG,,51841,33.100,52.500,100.100,131.600,161.800,200.900,230.200,259.500,298.000,3,1.000,2.000,2.000,0.333,0.333,0.333
591,Shirocovo,5602500,2407500,1425,Danube,Cherni Lom,Danube,BG,,51611,8.700,12.800,22.700,29.300,35.700,43.800,50.000,56.100,64.200,0,0.000,0.000,2.000,,0.000,0.000
592,Plovdiv,5532500,2237500,8025,Evros,Evros,Evros,BG,1.000,1,120.100,162.900,268.200,337.900,404.800,491.400,556.300,620.900,706.200,0,0.000,0.000,0.000,,,
593,Svilengrad,5657500,2217500,20800,Evros,Evros,Evros,BG,1.000,1,492.900,685.500,1159.300,1473.000,1774.000,2163.500,2455.400,2746.300,3130.000,1,0.000,1.000,1.000,0.000,0.000,0.000
594,Ebro En Miranda Ebro,3257500,2272500,5275,Ebro,Ebro,Ebro,ES,1.000,21111,332.500,415.900,621.200,757.200,887.600,1056.400,1182.900,1308.900,1475.200,2,2.000,0.000,0.000,1.000,1.000,1.000
595,Ebro En Castejon,3352500,2197500,25375,Ebro,Ebro,Ebro,ES,1.000,9911,1266.500,1438.600,1862.300,2142.900,2412.000,2760.300,3021.300,3281.300,3624.400,1,1.000,0.000,1.000,1.000,0.500,0.667
596,Ega En Andosilla,3337500,2222500,1425,Ega,Ega,Ebro,ES,2.000,12111,79.700,97.400,140.900,169.700,197.300,233.000,259.800,286.500,321.700,1,1.000,0.000,0.000,1.000,1.000,1.000
597,Arga En Funes,3352500,2217500,2775,Aragon,Arga,Ebro,ES,3.000,10211,474.800,559.600,768.100,906.200,1038.600,1210.100,1338.500,1466.500,1635.400,2,2.000,0.000,0.000,1.000,1.000,1.000
598,Aragon En Caparroso,3362500,2212500,5550,Aragon,Aragon,Ebro,ES,2.000,10311,325.800,424.700,668.000,829.200,983.700,1183.800,1333.700,1483.000,1680.100,0,0.000,0.000,1.000,,0.000,0.000
599,Jiloca En Daroca,3362500,2067500,2675,Jalon,Jiloca,Ebro,ES,3.000,8211,8.700,15.200,31.200,41.900,52.000,65.200,75.100,84.900,97.900,1,0.000,1.000,0.000,0.000,,0.000
600,Ebro En Zaragoza,3407500,2132500,41075,Ebro,Ebro,Ebro,ES,1.000,7111,1215.500,1385.100,1802.400,2078.700,2343.700,2686.700,2943.800,3199.900,3537.800,2,2.000,0.000,0.000,1.000,1.000,1.000
601,Gallego En Ardisa,3432500,2177500,2025,Gallego,Gallego,Ebro,ES,2.000,4111,107.200,148.200,249.000,315.700,379.800,462.700,524.800,586.700,668.300,0,0.000,0.000,0.000,,,
602,Martin En Hijar,3442500,2067500,1350,Martin,Martin,Ebro,ES,2.000,3411,2.700,7.300,18.700,26.300,33.500,42.900,49.900,56.900,66.100,0,0.000,0.000,0.000,,,
603,Cinca En Fraga,3512500,2102500,9700,Segre,Cinca,Ebro,ES,2.000,2211,192.700,246.900,380.400,468.800,553.500,663.200,745.400,827.400,935.400,0,0.000,0.000,0.000,,,
604,Segre En Seo De Urgel,3622500,2177500,1200,Segre,Segre,Ebro,ES,2.000,2911,81.700,119.700,213.100,274.900,334.300,411.000,468.600,525.900,601.500,1,0.000,1.000,0.000,0.000,,0.000
605,Segre En Seros,3522500,2092500,12900,Segre,Segre,Ebro,ES,2.000,2311,173.700,237.100,393.000,496.300,595.400,723.600,819.700,915.400,1041.700,0,0.000,0.000,0.000,,,
606,Ebro En Tortosa,3522500,2022500,85050,Ebro,Ebro,Ebro,ES,1.000,1111,1241.900,1377.000,1709.400,1929.500,2140.700,2414.000,2618.700,2822.800,3092.000,1,1.000,0.000,0.000,1.000,1.000,1.000
607,Guadalope Cola Santolea,3437500,2017500,975,Guadalope,Guadalope,Ebro,ES,2.000,3231,11.300,19.800,40.700,54.500,67.800,85.000,97.800,110.700,127.600,0,0.000,0.000,0.000,,,
608,Bergantes En Zorita,3462500,2017500,1075,Guadalope,Bergantes,Ebro,ES,3.000,3221,10.400,35.800,98.100,139.400,179.000,230.200,268.600,306.900,357.400,0,0.000,0.000,0.000,,,
610,Rioalcanadre En P.Alcofea,3477500,2142500,1300,Segre,Alcanadre,Ebro,ES,4.000,2243,39.700,53.800,88.700,111.700,133.900,162.500,184.000,205.400,233.600,0,0.000,0.000,0.000,,,
611,Najerilla En Torremontalbo,3277500,2237500,1125,Najerilla,Najerilla,Ebro,ES,2.000,16111,38.600,53.900,91.400,116.200,140.000,170.800,193.900,216.900,247.300,1,0.000,1.000,1.000,0.000,0.000,0.000
612,Jiloca En Calamocha,3367500,2047500,1925,Jalon,Jiloca,Ebro,ES,3.000,8211,6.400,9.800,18.200,23.800,29.200,36.100,41.300,46.400,53.300,1,0.000,1.000,0.000,0.000,,0.000
613,Jiloca En Morata De Jiloca,3352500,2087500,2975,Jalon,Jiloca,Ebro,ES,3.000,8211,9.000,15.000,30.000,39.900,49.300,61.600,70.800,80.000,92.100,1,0.000,1.000,0.000,0.000,,0.000
614,Gallego En Sta. Eulalia,3432500,2192500,1875,Gallego,Gallego,Ebro,ES,2.000,4111,107.400,149.700,253.700,322.500,388.600,474.100,538.200,602.000,686.200,0,0.000,0.000,0.000,,,
615,Irati En Liedena,3392500,2242500,1575,Aragon,Irati,Ebro,ES,3.000,10411,184.700,231.700,347.200,423.600,497.000,592.000,663.100,734.000,827.600,2,2.000,0.000,0.000,1.000,1.000,1.000
616,Arga En Echauri,3357500,2262500,1775,Aragon,Arga,Ebro,ES,3.000,10211,476.300,561.900,772.500,911.900,1045.700,1218.800,1348.600,1477.900,1648.400,2,2.000,0.000,0.000,1.000,1.000,1.000
617,Segre A/Abajo E.Oliana,3597500,2147500,2675,Segre,Segre,Ebro,ES,2.000,2711,89.100,149.700,298.900,397.700,492.500,615.100,707.000,798.600,919.400,0,0.000,0.000,0.000,,,
618,Jalon En Grisen,3387500,2132500,10050,Jalon,Jalon,Ebro,ES,2.000,8111,31.500,50.300,96.600,127.300,156.700,194.700,223.300,251.700,289.200,1,0.000,1.000,1.000,0.000,0.000,0.000
619,Gallego En Zaragoza,3417500,2132500,3850,Gallego,Gallego,Ebro,ES,2.000,4111,108.300,152.400,261.100,333.000,402.000,491.400,558.300,625.000,713.000,0,0.000,0.000,0.000,,,
620,Nela En Trespaderne,3227500,2292500,1075,Nela,Nela,Ebro,ES,2.000,22111,164.300,211.000,326.000,402.100,475.100,569.600,640.500,711.000,804.100,2,2.000,0.000,1.000,1.000,0.667,0.800
621,Oca En Oña,3227500,2277500,1125,Anguilas,Oca,Ebro,ES,2.000,24111,14.300,18.900,30.100,37.500,44.600,53.800,60.700,67.600,76.700,0,0.000,0.000,0.000,,,
622,Flumen En Albalatillo,3472500,2132500,1475,Segre,Flumen,Ebro,ES,5.000,2242,31.600,43.500,72.900,92.400,111.100,135.300,153.400,171.500,195.300,0,0.000,0.000,0.000,,,
623,Segre En Balaguer,3557500,2122500,7725,Segre,Segre,Ebro,ES,2.000,2511,128.500,150.300,204.100,239.700,273.900,318.100,351.200,384.200,427.700,0,0.000,0.000,1.000,,0.000,0.000
624,N. Ribagorzana A.A.Sta.Ana,3542500,2137500,1775,Segre,Noguera Ribagorzana,Ebro,ES,3.000,2411,20.500,25.000,36.300,43.700,50.800,60.100,67.000,73.900,83.000,0,0.000,0.000,3.000,,0.000,0.000
625,Guadalope En Caspe,3482500,2067500,3850,Guadalope,Guadalope,Ebro,ES,2.000,3211,18.700,54.800,143.700,202.500,258.900,332.000,386.700,441.200,513.100,0,0.000,0.000,0.000,,,
626,Aragon A.A. Yesa,3402500,2237500,2225,Aragon,Aragon,Ebro,ES,2.000,10511,166.800,247.000,444.500,575.200,700.600,862.900,984.600,1105.800,1265.700,0,0.000,0.000,0.000,,,
627,N. Pallaresa En Collegats,3582500,2172500,1525,Segre,Noguera Pallaresa,Ebro,ES,3.000,2611,55.800,62.500,79.000,89.900,100.400,113.900,124.100,134.200,147.500,0,0.000,0.000,0.000,,,
628,Guadalope A.A. Santolea,3447500,2022500,1225,Guadalope,Guadalope,Ebro,ES,2.000,3231,5.800,9.000,17.100,22.400,27.500,34.100,39.000,43.900,50.400,0,0.000,0.000,0.000,,,
629,Segre En Organya,3607500,2167500,2300,Segre,Segre,Ebro,ES,2.000,2711,145.900,227.000,426.600,558.700,685.400,849.400,972.400,1094.800,1256.400,0,0.000,0.000,0.000,,,
630,N.Ribagorzana (Montañana),3552500,2162500,1125,Segre,Noguera Ribagorzana,Ebro,ES,3.000,2411,29.700,41.600,70.900,90.400,109.000,133.100,151.100,169.100,192.900,0,0.000,0.000,0.000,,,
631,Ebro En Mendavia,3312500,2232500,12025,Ebro,Ebro,Ebro,ES,1.000,13111,598.200,708.900,981.300,1161.700,1334.700,1558.600,1726.400,1893.600,2114.200,2,2.000,0.000,0.000,1.000,1.000,1.000
632,Gallego En Anzanigo,3442500,2202500,1425,Gallego,Gallego,Ebro,ES,2.000,4111,116.700,152.200,239.500,297.200,352.700,424.400,478.200,531.700,602.400,0,0.000,0.000,0.000,,,
633,Piedra En Carenas,3332500,2097500,1500,Jalon,Piedra,Ebro,ES,3.000,8411,17.800,35.800,80.200,109.600,137.800,174.200,201.600,228.800,264.800,1,0.000,1.000,1.000,0.000,0.000,0.000
634,Jalon En Ateca,3332500,2102500,4050,Jalon,Jalon,Ebro,ES,2.000,8311,20.400,38.800,84.000,113.900,142.700,179.800,207.700,235.500,272.100,1,0.000,1.000,1.000,0.000,0.000,0.000
635,Ebro En Palazuelos,3232500,2282500,4500,Ebro,Ebro,Ebro,ES,1.000,21111,286.000,363.400,553.900,680.000,801.000,957.600,1075.000,1191.900,1346.200,2,2.000,0.000,1.000,1.000,0.667,0.800
636,Ebro En Asco,3527500,2057500,83350,Ebro,Ebro,Ebro,ES,1.000,1111,1254.700,1389.400,1720.800,1940.200,2150.600,2423.000,2627.200,2830.500,3098.900,1,1.000,0.000,0.000,1.000,1.000,1.000
637,Aragon En Cola De Yesa,3422500,2232500,1500,Aragon,Aragon,Ebro,ES,2.000,10711,182.400,248.700,411.800,519.900,623.500,757.600,858.200,958.300,1090.400,0,0.000,0.000,0.000,,,
638,Matarraña En Nonaspe,3497500,2067500,1150,Matarranya,Matarranya,Ebro,ES,2.000,1211,29.700,62.600,143.500,197.100,248.500,315.000,364.800,414.500,480.000,1,0.000,1.000,0.000,0.000,,0.000
639,Alhama En Cintruenigo,3337500,2182500,1100,Alhama,Alhama,Ebro,ES,2.000,9811,19.400,31.400,61.000,80.500,99.300,123.500,141.700,159.800,183.700,0,0.000,0.000,0.000,,,
640,R.Alcanadre En Ballobar,3497500,2117500,3300,Segre,Alcanadre,Ebro,ES,4.000,2241,81.200,108.500,175.600,220.100,262.800,318.000,359.400,400.600,455.000,0,0.000,0.000,1.000,,0.000,0.000
641,Gallego En Zuera,3427500,2147500,3250,Gallego,Gallego,Ebro,ES,2.000,4111,110.100,158.100,276.300,354.500,429.600,526.700,599.500,672.000,767.700,0,0.000,0.000,0.000,,,
642,Huerva En Zaragoza,3407500,2122500,1100,Huerva,Huerva,Ebro,ES,2.000,6111,8.700,11.000,16.600,20.400,24.000,28.700,32.200,35.600,40.200,2,0.000,2.000,0.000,0.000,,0.000
643,Arba En Tauste,3392500,2167500,2175,Arba,Arba,Ebro,ES,2.000,9211,37.500,62.100,122.700,162.800,201.200,251.000,288.300,325.500,374.500,0,0.000,0.000,0.000,,,
644,Ebro En Gelsa,3442500,2097500,47550,Ebro,Ebro,Ebro,ES,1.000,3711,1222.300,1399.700,1836.100,2125.100,2402.300,2761.100,3030.000,3297.900,3651.300,1,1.000,0.000,1.000,1.000,0.500,0.667
645,Jalon En Calatayud,3347500,2102500,7575,Jalon,Jalon,Ebro,ES,2.000,8111,30.600,51.500,102.800,136.800,169.300,211.500,243.100,274.600,316.200,1,0.000,1.000,0.000,0.000,,0.000
646,Jalon En Chodes,3357500,2117500,8025,Jalon,Jalon,Ebro,ES,2.000,8111,31.300,51.000,99.700,131.900,162.700,202.700,232.700,262.600,301.900,1,0.000,1.000,0.000,0.000,,0.000
647,Ebro En Logroño,3297500,2237500,10525,Ebro,Ebro,Ebro,ES,1.000,15111,570.400,679.300,947.400,1124.900,1295.100,1515.500,1680.700,1845.200,2062.300,2,2.000,0.000,1.000,1.000,0.667,0.800
648,Tiron En Haro,3262500,2252500,1225,Tiron,Tiron,Ebro,ES,2.000,18111,25.000,54.700,127.900,176.400,222.800,283.000,328.100,373.000,432.200,0,0.000,0.000,0.000,,,
649,Aragon En Martes,3427500,2227500,1100,Aragon,Aragon,Ebro,ES,2.000,10711,176.500,239.900,395.900,499.200,598.200,726.400,822.500,918.200,1044.500,0,0.000,0.000,0.000,,,
650,Ebro En Tudela,3362500,2177500,26500,Ebro,Ebro,Ebro,ES,1.000,9511,1240.700,1412.600,1835.700,2115.900,2384.600,2732.400,2993.000,3252.700,3595.300,1,1.000,0.000,1.000,1.000,0.500,0.667
651,Ebro En Novillas,3377500,2162500,27425,Ebro,Ebro,Ebro,ES,1.000,9311,1219.600,1390.100,1809.500,2087.200,2353.600,2698.400,2956.800,3214.200,3553.900,2,2.000,0.000,0.000,1.000,1.000,1.000
652,Ebro En Alagon,3397500,2147500,30400,Ebro,Ebro,Ebro,ES,1.000,9111,1210.900,1382.100,1803.300,2082.200,2349.700,2696.000,2955.500,3214.000,3555.100,2,2.000,0.000,0.000,1.000,1.000,1.000
653,Arba En Ejea,3402500,2182500,1075,Arba,Arba,Ebro,ES,2.000,9211,21.800,38.600,80.100,107.500,133.800,167.800,193.300,218.700,252.300,0,0.000,0.000,0.000,,,
654,Cinca Pte. Las Pilas,3512500,2162500,3825,Segre,Cinca,Ebro,ES,3.000,2251,108.200,146.100,239.200,300.900,360.000,436.500,493.900,551.000,626.400,0,0.000,0.000,0.000,,,
655,Jalon En Cetina,3322500,2102500,1975,Jalon,Jalon,Ebro,ES,2.000,8511,3.000,5.000,9.700,12.800,15.800,19.700,22.600,25.500,29.300,0,0.000,0.000,0.000,,,
659,Barcs,4897500,2562500,34625,Drava,Drava,Danube,HU,,141111,1205.400,1392.200,1852.100,2156.500,2448.600,2826.600,3109.800,3392.000,3764.400,0,0.000,0.000,0.000,,,
660,Bekes,5167500,2697500,10250,Tisa,Koros,Danube,HU,,124511,218.600,260.300,362.900,430.800,495.900,580.200,643.400,706.300,789.400,0,0.000,0.000,2.000,,0.000,0.000
661,Bekessztandras duzzaszto a.,5117500,2697500,26275,Tisa,Harmas-Koros,Danube,HU,,124111,365.800,426.400,575.600,674.300,769.000,891.600,983.400,1075.000,1195.700,0,0.000,0.000,1.000,,0.000,0.000
662,Bekessztandras duzzaszto f.,5112500,2697500,26300,Tisa,Harmas-Koros,Danube,HU,,124111,365.900,426.500,575.700,674.400,769.200,891.800,983.700,1075.200,1196.000,0,0.000,0.000,1.000,,0.000,0.000
663,Berettyoujfalu,5192500,2747500,3575,Tisa,Barcau,Danube,HU,,124421,42.100,52.800,79.200,96.600,113.400,135.100,151.300,167.500,188.900,0,0.000,0.000,0.000,,,
664,Budapest,5002500,2752500,184600,Danube,Danube,Danube,HU,,153111,5730.200,6602.400,8748.900,10170.000,11533.200,13297.700,14620.000,15937.400,17675.500,1,0.000,1.000,0.000,0.000,,0.000
665,Csenger,5267500,2827500,14975,Tisa,Somea,Danube,HU,,129211,590.100,660.600,834.200,949.200,1059.500,1202.200,1309.100,1415.700,1556.300,0,0.000,0.000,0.000,,,
666,Doboz,5177500,2687500,8100,Tisa,Koros,Danube,HU,,124511,204.700,242.300,334.700,395.900,454.600,530.500,587.500,644.200,719.000,1,0.000,1.000,3.000,0.000,0.000,0.000
667,Dombori-puszta,5002500,2632500,188375,Danube,Danube,Danube,HU,,153111,5685.800,6524.300,8587.700,9953.800,11264.300,12960.500,14231.600,15498.000,17168.800,1,0.000,1.000,1.000,0.000,0.000,0.000
668,Dravaszabolcs,4957500,2552500,37750,Drava,Drava,Danube,HU,,141111,1224.600,1404.200,1846.100,2138.600,2419.300,2782.500,3054.800,3326.000,3683.800,0,0.000,0.000,0.000,,,
670,Felsoberecki,5182500,2872500,11325,Tisa,Bodrog,Danube,HU,,128111,582.200,686.300,942.700,1112.400,1275.200,1486.000,1643.900,1801.200,2008.800,0,0.000,0.000,0.000,,,
671,Gyoma,5142500,2707500,19800,Tisa,Harmas-Koros,Danube,HU,,124311,319.800,375.100,511.100,601.100,687.500,799.300,883.100,966.600,1076.700,0,0.000,0.000,2.000,,0.000,0.000
672,Gyula,5187500,2677500,4025,Tisa,Crisul Alb,Danube,HU,,124711,132.600,161.600,232.800,279.900,325.100,383.700,427.500,471.200,528.900,1,0.000,1.000,1.000,0.000,0.000,0.000
673,Gyulavari duzzaszto f.,5182500,2682500,4400,Tisa,Crisul Alb,Danube,HU,,124711,134.300,163.700,236.000,283.900,329.800,389.300,433.900,478.200,536.800,1,0.000,1.000,1.000,0.000,0.000,0.000
674,Hatvan,5047500,2777500,1250,Tisa,Zagyva,Danube,HU,,125211,10.200,16.000,30.200,39.600,48.600,60.200,69.000,77.700,89.200,0,0.000,0.000,0.000,,,
675,Hidasnemeti,5147500,2882500,4450,Tisa,Hornad,Danube,HU,,126311,170.800,211.900,312.900,379.800,443.900,527.000,589.200,651.200,733.000,0,0.000,0.000,0.000,,,
676,Ipolytarnoc,5032500,2837500,1325,Ipel,Ipel,Danube,HU,,154111,40.100,53.300,85.900,107.500,128.200,155.000,175.100,195.100,221.500,1,0.000,1.000,0.000,0.000,,0.000
677,Jasztelek,5072500,2752500,4200,Tisa,Zagyva,Danube,HU,,125211,46.900,67.300,117.400,150.600,182.400,223.700,254.600,285.300,325.900,0,0.000,0.000,0.000,,,
678,Kiskore also,5107500,2762500,65000,Tisa,Tisza,Danube,HU,,125311,1776.700,2057.300,2747.900,3205.200,3643.800,4211.500,4636.900,5060.800,5620.000,0,0.000,0.000,0.000,,,
679,Kiskore felso,5112500,2767500,64875,Tisa,Tisza,Danube,HU,,125311,1988.700,2287.300,3022.300,3508.900,3975.700,4579.900,5032.700,5483.800,6079.000,0,0.000,0.000,0.000,,,
682,Korosszakal,5202500,2727500,2550,Tisa,Crisul Repede,Danube,HU,,124431,61.100,74.600,107.700,129.600,150.600,177.900,198.300,218.600,245.400,0,0.000,0.000,1.000,,0.000,0.000
683,Korostarcsa,5157500,2702500,10425,Tisa,Koros,Danube,HU,,124511,218.900,260.600,363.400,431.400,496.700,581.100,644.400,707.500,790.700,0,0.000,0.000,2.000,,0.000,0.000
684,Kunszentmarton,5102500,2692500,27000,Tisa,Harmas-Koros,Danube,HU,,124111,368.400,429.400,579.500,678.900,774.200,897.600,990.000,1082.100,1203.700,0,0.000,0.000,1.000,,0.000,0.000
685,Letenye,4837500,2612500,13325,Drava,Mur,Danube,HU,,142111,532.100,618.400,830.800,971.400,1106.300,1280.900,1411.700,1542.100,1714.100,0,0.000,0.000,0.000,,,
686,Mako,5127500,2622500,30075,Tisa,Mures,Danube,HU,,122111,735.200,862.400,1175.300,1382.500,1581.300,1838.500,2031.300,2223.400,2476.800,1,1.000,0.000,0.000,1.000,1.000,1.000
688,Mohacs,4997500,2577500,208825,Danube,Danube,Danube,HU,,151111,5768.000,6610.100,8682.400,10054.500,11370.600,13074.200,14350.900,15622.800,17300.900,2,2.000,0.000,0.000,1.000,1.000,1.000
689,Nagymaros,4992500,2782500,183175,Danube,Danube,Danube,HU,,153111,5734.400,6608.100,8758.100,10181.600,11547.100,13314.500,14639.000,15958.600,17699.600,1,0.000,1.000,0.000,0.000,,0.000
690,Nogradszakal,5027500,2832500,1875,Ipel,Ipel,Danube,HU,,154111,57.200,71.800,107.800,131.600,154.500,184.100,206.200,228.300,257.500,1,0.000,1.000,0.000,0.000,,0.000
691,Ortilos,4852500,2602500,31275,Drava,Drava,Danube,HU,,141111,1174.600,1371.300,1855.500,2176.100,2483.600,2881.700,3180.000,3477.200,3869.300,0,0.000,0.000,0.000,,,
692,Paks,4997500,2652500,188100,Danube,Danube,Danube,HU,,153111,5696.600,6545.800,8635.600,10019.200,11346.400,13064.300,14351.700,15634.300,17326.500,1,0.000,1.000,0.000,0.000,,0.000
693,Pocsaj,5212500,2757500,3450,Tisa,Barcau,Danube,HU,,124421,41.200,52.200,79.100,97.000,114.100,136.300,152.900,169.500,191.300,0,0.000,0.000,0.000,,,
694,Sajopuspoki,5087500,2847500,3500,Tisa,Slana,Danube,HU,,126231,116.300,154.000,246.700,308.100,366.900,443.100,500.300,557.200,632.200,0,0.000,0.000,0.000,,,
695,Sarkad,5187500,2687500,3650,Tisa,Crisul Negru,Danube,HU,,124611,83.400,103.300,152.100,184.500,215.500,255.600,285.700,315.700,355.200,4,3.000,1.000,0.000,0.750,1.000,0.857
696,Sarvar,4847500,2707500,5575,Raab,Raba,Danube,HU,,172111,88.400,107.700,155.000,186.400,216.500,255.500,284.600,313.700,352.100,0,0.000,0.000,0.000,,,
697,Siojut,4942500,2672500,5850,Sio,Sio,Danube,HU,,152311,33.100,41.000,60.400,73.300,85.600,101.600,113.600,125.500,141.200,0,0.000,0.000,0.000,,,
699,Szentgotthard,4807500,2667500,3275,Raab,Raba,Danube,HU,,172111,65.600,78.800,111.500,133.100,153.900,180.700,200.800,220.900,247.300,0,0.000,0.000,0.000,,,
700,Szolnok,5092500,2727500,72325,Tisa,Tisza,Danube,HU,,125111,1819.100,2105.700,2810.800,3277.700,3725.500,4305.200,4739.600,5172.300,5743.300,0,0.000,0.000,0.000,,,
701,Tiszabecs,5272500,2857500,9000,Tisa,Tisza,Danube,HU,,129311,879.900,1047.800,1460.800,1734.300,1996.600,2336.200,2590.600,2844.100,3178.600,0,0.000,0.000,1.000,,0.000,0.000
702,Tiszafured,5122500,2782500,62625,Tisa,Tisza,Danube,HU,,125311,1985.600,2279.200,3001.800,3480.300,3939.200,4533.200,4978.400,5421.900,6007.000,0,0.000,0.000,0.000,,,
703,Tiszapalkonya,5142500,2807500,62225,Tisa,Tisza,Danube,HU,,125311,1992.400,2286.800,3011.200,3490.800,3950.800,4546.300,4992.600,5437.200,6023.700,0,0.000,0.000,0.000,,,
704,Tiszaroff,5107500,2752500,65625,Tisa,Tisza,Danube,HU,,125311,1782.200,2063.100,2754.400,3212.100,3651.100,4219.300,4645.100,5069.400,5629.100,0,0.000,0.000,0.000,,,
705,Vac,5002500,2782500,183500,Danube,Danube,Danube,HU,,153111,5732.700,6608.000,8762.000,10188.200,11556.100,13326.900,14653.800,15975.900,17720.100,1,0.000,1.000,0.000,0.000,,0.000
706,Vasarosnameny,5232500,2857500,30400,Tisa,Tisza,Danube,HU,,129111,1426.100,1610.800,2065.100,2365.900,2654.500,3028.000,3307.800,3586.700,3954.600,0,0.000,0.000,1.000,,0.000,0.000
707,Zahony,5217500,2887500,33350,Tisa,Tisza,Danube,HU,,129111,1434.000,1620.400,2079.200,2383.000,2674.300,3051.500,3334.100,3615.700,3987.200,0,0.000,0.000,1.000,,0.000,0.000
713,Agota,5152500,2757500,3400,Tisa,Barcau,Danube,HU,,124211,39.100,49.500,75.200,92.200,108.500,129.600,145.500,161.200,182.000,1,0.000,1.000,0.000,0.000,,0.000
715,Bacsa,4897500,2767500,131675,Danube,Mosoni-Duna,Danube,HU,,171111,5102.500,5913.800,7910.600,9232.700,10500.800,12142.300,13372.300,14597.900,16214.800,1,0.000,1.000,0.000,0.000,,0.000
772,GUSIN,5092500,3262500,81900,"Vistula, below Pilica",Vistula,Vistula,PL,1.000,3311,1928.400,2372.300,3464.700,4188.000,4881.700,5779.800,6452.700,7123.200,8007.800,0,0.000,0.000,0.000,,,
773,KĘPA POLSKA,4992500,3307500,168025,"Vistula, below Narew",Vistula,Vistula,PL,1.000,1511,2627.300,3053.900,4103.800,4799.000,5465.800,6328.900,6975.600,7620.100,8470.200,0,0.000,0.000,0.000,,,
774,FRANKOPOL,5167500,3332500,30175,Narew,Bug,Vistula,PL,3.000,2415,328.600,388.400,535.800,633.300,726.900,848.000,938.800,1029.200,1148.600,0,0.000,0.000,0.000,,,
775,Bistra,5377500,2852500,1500,Tisa,Viseu,Danube,RO,,129611,94.800,106.900,136.600,156.300,175.200,199.600,217.900,236.100,260.200,3,2.000,1.000,1.000,0.667,0.667,0.667
776,Satu Mare,5277500,2827500,14925,Tisa,Somes,Danube,RO,,129211,592.300,664.300,841.500,958.800,1071.300,1217.000,1326.100,1434.800,1578.300,0,0.000,0.000,0.000,,,
777,Beclean,5387500,2777500,4375,Tisa,Somesul Mare,Danube,RO,,129221,195.800,216.200,266.500,299.800,331.700,373.000,404.000,434.900,475.600,1,1.000,0.000,7.000,1.000,0.125,0.222
778,Zerind,5192500,2687500,3625,Tisa,Crisul Negru,Danube,RO,,124611,83.300,103.100,151.900,184.200,215.200,255.300,285.300,315.300,354.800,4,3.000,1.000,0.000,0.750,1.000,0.857
779,Chisineu Cris,5202500,2667500,3525,Tisa,Crisul Alb,Danube,RO,,124711,130.400,158.400,227.300,272.900,316.700,373.300,415.800,458.100,513.900,1,0.000,1.000,1.000,0.000,0.000,0.000
780,Salard,5227500,2752500,1675,Tisa,Barcau,Danube,RO,,124421,24.700,29.800,42.300,50.600,58.500,68.800,76.500,84.200,94.300,0,0.000,0.000,0.000,,,
781,Ocna Mures,5382500,2687500,10000,Tisa,Mures,Danube,RO,,122511,416.400,491.700,676.900,799.600,917.200,1069.500,1183.600,1297.300,1447.300,1,1.000,0.000,0.000,1.000,1.000,1.000
782,Alba Iulia,5367500,2647500,17975,Tisa,Mures,Danube,RO,,122311,492.000,581.400,801.300,946.900,1086.500,1267.300,1402.800,1537.800,1715.900,1,1.000,0.000,0.000,1.000,1.000,1.000
783,Arad,5197500,2622500,27300,Tisa,Mures,Danube,RO,,122111,729.700,862.300,1188.600,1404.600,1611.900,1880.100,2081.100,2281.400,2545.600,1,1.000,0.000,0.000,1.000,1.000,1.000
784,Turda,5372500,2702500,2650,Tisa,Aries,Danube,RO,,122611,118.700,147.400,218.100,264.900,309.700,367.800,411.400,454.700,512.000,2,0.000,2.000,0.000,0.000,,0.000
785,Mihalt,5377500,2662500,6250,Tisa,Tarnava Mare,Danube,RO,,122411,58.400,72.600,107.600,130.700,153.000,181.700,203.300,224.700,253.000,0,0.000,0.000,0.000,,,
786,Sag,5192500,2567500,6400,Tamis,Timis,Danube,RO,,92511,238.500,311.900,492.700,612.300,727.100,875.700,987.100,1098.000,1244.300,0,0.000,0.000,0.000,,,
787,Podari,5412500,2452500,9325,Danube,Jiu,Danube,RO,,71811,399.600,473.000,653.500,773.000,887.700,1036.100,1147.400,1258.200,1404.400,0,0.000,0.000,0.000,,,
788,Bals,5437500,2467500,1950,Danube,Oltet,Danube,RO,,62111,190.400,267.400,456.800,582.300,702.600,858.300,975.000,1091.300,1244.700,2,0.000,2.000,0.000,0.000,,0.000
789,Alexandria,5542500,2447500,3375,Danube,Vedea,Danube,RO,,52011,167.800,247.300,443.200,572.900,697.300,858.300,979.000,1099.200,1257.800,1,0.000,1.000,0.000,0.000,,0.000
790,Calugareni,5592500,2477500,3525,Danube,Neajlov,Danube,RO,,51411,52.000,79.300,146.600,191.100,233.700,289.000,330.400,371.700,426.100,1,0.000,1.000,0.000,0.000,,0.000
791,Adancata,5612500,2547500,3750,Ialomita,Prahova,Danube,RO,,51211,243.200,330.300,544.500,686.300,822.300,998.400,1130.300,1261.800,1435.200,0,0.000,0.000,1.000,,0.000,0.000
792,Itcani,5527500,2862500,2325,Siret,Suceava,Danube,RO,,43411,235.800,307.600,484.300,601.200,713.400,858.700,967.500,1075.900,1219.000,0,0.000,0.000,0.000,,,
793,Vranceni,5612500,2712500,4175,Siret,Trotus,Danube,RO,,41611,215.600,296.700,496.300,628.500,755.300,919.400,1042.400,1164.900,1326.500,0,0.000,0.000,0.000,,,
794,Botarlau,5662500,2662500,2600,Siret,Putna,Danube,RO,,41211,256.200,362.500,624.300,797.600,963.900,1179.100,1340.300,1501.000,1713.000,0,0.000,0.000,0.000,,,
795,Tecuci,5662500,2682500,7025,Siret,Barlad,Danube,RO,,41411,225.200,330.200,588.700,759.900,924.000,1136.500,1295.700,1454.400,1663.700,1,0.000,1.000,0.000,0.000,,0.000
796,Dragesti,5602500,2772500,11825,Siret,Siret,Danube,RO,,43111,321.300,453.700,779.600,995.400,1202.300,1470.200,1671.000,1871.000,2134.800,0,0.000,0.000,1.000,,0.000,0.000
797,Radauti,5552500,2937500,9175,Prut,Prut,Danube,RO,,21111,680.400,904.400,1455.400,1820.200,2170.200,2623.200,2962.600,3300.800,3747.000,0,0.000,0.000,0.000,,,
798,Bazias,5222500,2477500,564200,Danube,Danube,Danube,RO,,72111,11931.200,13051.400,15808.400,17633.800,19384.700,21651.100,23349.400,25041.600,27274.000,0,0.000,0.000,0.000,,,
799,Hoghiz,5502500,2667500,7050,Danube,Olt,Danube,RO,,63111,257.200,320.100,474.800,577.300,675.600,802.800,898.100,993.100,1118.400,3,0.000,3.000,1.000,0.000,0.000,0.000
800,Gurahont,5267500,2652500,1725,Tisa,Crisul Alb,Danube,RO,,124711,119.400,145.500,209.600,252.100,292.900,345.600,385.100,424.500,476.500,3,0.000,3.000,1.000,0.000,0.000,0.000
801,Gataia,5212500,2547500,725,Tamis,Barzava,Danube,RO,,92211,17.000,21.700,33.300,40.900,48.300,57.800,64.900,72.000,81.400,0,0.000,0.000,0.000,,,
802,Lugoj,5247500,2582500,2800,Tamis,Timis,Danube,RO,,92511,122.300,163.800,265.900,333.500,398.400,482.300,545.200,607.900,690.600,0,0.000,0.000,0.000,,,
803,Tupilati,5572500,2807500,4025,Siret,Moldova,Danube,RO,,41111,233.100,328.000,561.400,716.000,864.300,1056.200,1200.100,1343.400,1532.400,0,0.000,0.000,0.000,,,
804,Frumosu,5512500,2797500,2850,Siret,Bistrita,Danube,RO,,42111,97.000,112.100,149.300,174.000,197.600,228.200,251.100,273.900,304.100,0,0.000,0.000,1.000,,0.000,0.000
805,Ceatal Izmail,5777500,2642500,786242,Danube,Danube,Danube,RO,,11111,12011.500,13494.300,17143.300,19559.300,21876.800,24876.500,27124.400,29364.100,32318.900,0,0.000,0.000,0.000,,,
807,Zimnicea,5557500,2407500,643722,Danube,Danube,Danube,RO,,52111,10958.500,12302.600,15610.200,17800.100,19900.800,22619.900,24657.400,26687.500,29365.900,0,0.000,0.000,0.000,,,
808,Lungoci,5677500,2657500,36300,Siret,Siret,Danube,RO,,41111,925.100,1273.000,2129.000,2695.800,3239.400,3943.100,4470.500,4995.900,5689.100,0,0.000,0.000,0.000,,,
809,Cosereni,5617500,2542500,6325,Ialomita,Ialomita,Danube,RO,,51211,318.000,437.000,729.900,923.700,1109.700,1350.400,1530.800,1710.500,1947.600,0,0.000,0.000,0.000,,,
811,Cornet,5432500,2582500,13750,Danube,Olt,Danube,RO,,63111,440.700,555.100,836.700,1023.100,1202.000,1433.500,1607.000,1779.800,2007.800,2,0.000,2.000,0.000,0.000,,0.000
813,Apatfalva,5132500,2622500,30050,Tisa,Mures,Danube,HU,,122111,736.400,863.900,1177.600,1385.200,1584.400,1842.300,2035.500,2228.100,2482.100,1,1.000,0.000,0.000,1.000,1.000,1.000
814,Bekes duzzaszto a.,5167500,2692500,10150,Tisa,Koros,Danube,HU,,124511,218.700,260.400,363.100,431.000,496.200,580.600,643.800,706.800,789.900,0,0.000,0.000,2.000,,0.000,0.000
815,Bekes duzzaszto f.,5172500,2692500,9475,Tisa,Koros,Danube,HU,,124511,213.000,253.300,352.300,417.900,480.900,562.300,623.300,684.200,764.400,0,0.000,0.000,3.000,,0.000,0.000
816,Budapest Kvassay zsilip f.,5002500,2747500,184625,Danube,Danube,Danube,HU,,153111,5727.700,6598.400,8741.300,10160.000,11520.900,13282.500,14602.500,15917.700,17652.900,1,0.000,1.000,0.000,0.000,,0.000
817,Kormend,4822500,2677500,4775,Raab,Raba,Danube,HU,,172111,82.000,99.100,141.200,169.100,195.800,230.400,256.300,282.200,316.200,0,0.000,0.000,0.000,,,
818,Korosladany hid,5162500,2712500,8775,Tisa,Crisul Repede,Danube,HU,,124411,117.600,141.200,199.200,237.600,274.500,322.200,357.900,393.500,440.500,0,0.000,0.000,0.000,,,
822,Hetin,5162500,2567500,2000,Tamis,Stari Begej,Danube,RS,,92411,15.000,21.900,39.000,50.200,61.100,75.100,85.600,96.000,109.800,1,0.000,1.000,1.000,0.000,0.000,0.000
823,Gamzigrad,5297500,2392500,1200,Danube,Crni Timok,Danube,RS,,72012,57.000,83.600,149.100,192.400,233.900,287.700,328.000,368.200,421.100,1,0.000,1.000,0.000,0.000,,0.000
824,Wilsele-Wijgmaal,3947500,3097500,875,Scheldt,Dyle,Scheldt,BE,,25,36.600,49.200,80.000,100.500,120.000,145.400,164.400,183.400,208.300,1,0.000,1.000,0.000,0.000,,0.000
825,Eppegem,3927500,3107500,1150,Scheldt,Zenne,Scheldt,BE,,22,75.700,91.300,129.800,155.400,179.800,211.500,235.200,258.900,290.100,1,0.000,1.000,0.000,0.000,,0.000
829,Räpina,5337500,4012500,1150,Narva,Vohandu jogi,Narva,EE,2.000,4,40.900,48.500,67.000,79.200,90.900,106.100,117.500,128.900,143.800,0,0.000,0.000,0.000,,,
830,Aarschot,3962500,3112500,2100,Scheldt,Demer,Scheldt,BE,,24,58.400,67.200,88.900,103.300,117.100,134.900,148.300,161.600,179.100,2,1.000,1.000,0.000,0.500,1.000,0.667
831,Prijepolje,5102500,2302500,3225,Sava,Lim,Danube,RS,,102431,246.200,300.100,432.500,520.200,604.400,713.300,794.900,876.200,983.400,0,0.000,0.000,2.000,,0.000,0.000
832,Raska,5182500,2307500,6275,Velika Morava,Ibar,Danube,RS,,82211,231.400,306.800,492.500,615.400,733.200,885.800,1000.200,1114.100,1264.400,1,1.000,0.000,0.000,1.000,1.000,1.000
833,L'Ill à Ensisheim,4122500,2747500,975,Ill,Ill,Rhine,FR,,11411,84.300,96.500,126.700,146.700,165.800,190.600,209.200,227.700,252.100,0,0.000,0.000,0.000,,,
834,Boretto,4367500,2422500,55525,Po,Po,Po,IT,,3111,4986.600,6126.800,8932.800,10790.600,12572.600,14879.200,16607.800,18330.000,20602.100,0,0.000,0.000,0.000,,,
836,Ladesic Draga,4742500,2502500,1600,Sava,Kupa,Danube,HR,,108531,579.800,648.500,817.600,929.500,1036.900,1175.900,1280.100,1383.800,1520.700,0,0.000,0.000,0.000,,,
837,Kamanje,4737500,2517500,2225,Sava,Kupa,Danube,HR,,108511,689.400,764.700,949.900,1072.500,1190.100,1342.400,1456.500,1570.200,1720.200,1,0.000,1.000,0.000,0.000,,0.000
838,Karlovac,4752500,2502500,3050,Sava,Kupa,Danube,HR,,108511,721.200,802.300,1001.900,1134.100,1260.800,1424.900,1547.800,1670.300,1831.900,1,0.000,1.000,0.000,0.000,,0.000
839,Jamnicka Kiselica,4772500,2507500,6600,Sava,Kupa,Danube,HR,,108311,956.500,1074.100,1363.500,1555.100,1738.900,1976.800,2155.000,2332.600,2567.000,1,0.000,1.000,0.000,0.000,,0.000
840,Sisinec,4787500,2502500,7050,Sava,Kupa,Danube,HR,,108311,971.800,1095.200,1399.100,1600.200,1793.100,2042.900,2230.000,2416.500,2662.500,1,0.000,1.000,0.000,0.000,,0.000
841,Farkasic,4802500,2497500,8525,Sava,Kupa,Danube,HR,,108111,1059.200,1196.600,1534.900,1758.900,1973.700,2251.800,2460.200,2667.800,2941.800,1,0.000,1.000,0.000,0.000,,0.000
842,Kostajnica,4832500,2472500,9000,Sava,Una,Danube,HR,,106111,966.100,1101.100,1433.300,1653.300,1864.300,2137.400,2342.000,2546.000,2815.000,0,0.000,0.000,0.000,,,
843,Dubica,4852500,2477500,9400,Sava,Una,Danube,HR,,106111,973.700,1110.100,1445.800,1668.100,1881.200,2157.200,2364.000,2570.000,2841.800,0,0.000,0.000,0.000,,,
844,Drenje Brdovecko,4762500,2542500,10575,Sava,Sava,Danube,HR,,109131,1373.400,1571.600,2059.400,2382.400,2692.300,3093.300,3393.800,3693.300,4088.300,0,0.000,0.000,0.000,,,
845,Zagreb,4787500,2537500,12250,Sava,Sava,Danube,HR,,109111,1560.200,1792.200,2363.200,2741.200,3103.900,3573.200,3925.000,4275.400,4737.800,0,0.000,0.000,0.000,,,
846,Rugvica,4812500,2527500,12925,Sava,Sava,Danube,HR,,109111,1543.100,1777.400,2354.200,2736.000,3102.300,3576.400,3931.700,4285.700,4752.700,0,0.000,0.000,0.000,,,
850,Jasenovac,4857500,2487500,23400,Sava,Sava,Danube,HR,,107111,1563.900,1757.100,2232.500,2547.300,2849.200,3240.000,3532.800,3824.600,4209.600,0,0.000,0.000,0.000,,,
851,Stara Gradiska,4882500,2477500,39300,Sava,Sava,Danube,HR,,105511,2202.800,2390.100,2851.100,3156.200,3449.000,3827.900,4111.800,4394.700,4768.000,0,0.000,0.000,0.000,,,
852,Davor C.S.,4907500,2472500,40825,Sava,Sava,Danube,HR,,105511,2244.100,2433.300,2899.000,3207.300,3503.000,3885.800,4172.600,4458.400,4835.500,0,0.000,0.000,0.000,,,
853,Slavonski Kobas,4917500,2472500,46100,Sava,Sava,Danube,HR,,105311,2409.100,2619.200,3136.400,3478.800,3807.300,4232.400,4551.000,4868.500,5287.300,0,0.000,0.000,0.000,,,
854,Slavonski Brod,4947500,2477500,49725,Sava,Sava,Danube,HR,,105111,2489.000,2705.200,3237.200,3589.500,3927.400,4364.800,4692.500,5019.100,5449.900,0,0.000,0.000,0.000,,,
856,Zupanja Stepenica,4997500,2482500,61425,Sava,Sava,Danube,HR,,103111,2907.700,3193.300,3896.200,4361.500,4807.900,5385.600,5818.600,6250.000,6819.100,0,0.000,0.000,0.000,,,
857,Donja Dubrava,4842500,2602500,17000,Drava,Drava,Danube,HR,,143111,767.900,921.400,1299.300,1549.500,1789.500,2100.100,2332.900,2564.800,2870.800,0,0.000,0.000,0.000,,,
858,Botovo,4852500,2597500,31300,Drava,Drava,Danube,HR,,141111,1174.300,1371.100,1855.300,2175.800,2483.300,2881.400,3179.600,3476.800,3868.900,0,0.000,0.000,0.000,,,
859,Novo Virje Skela,4867500,2582500,32150,Drava,Drava,Danube,HR,,141111,1183.100,1376.100,1851.200,2165.700,2467.400,2857.900,3150.600,3442.100,3826.800,0,0.000,0.000,0.000,,,
860,Terezino Polje,4892500,2567500,34300,Drava,Drava,Danube,HR,,141111,1202.700,1391.200,1855.200,2162.300,2457.000,2838.400,3124.200,3409.000,3784.700,0,0.000,0.000,0.000,,,
863,Donji Miholjac C.S.,4952500,2552500,37725,Drava,Drava,Danube,HR,,141111,1225.600,1406.200,1850.800,2145.200,2427.500,2793.000,3066.900,3339.800,3699.800,0,0.000,0.000,0.000,,,
864,Belisce,4982500,2542500,37900,Drava,Drava,Danube,HR,,141111,1220.600,1394.700,1823.300,2107.100,2379.300,2731.600,2995.600,3258.700,3605.800,0,0.000,0.000,0.000,,,
866,Batina,5002500,2572500,209125,Danube,Danube,Danube,HR,,151111,5767.000,6607.900,8677.400,10047.600,11361.900,13063.100,14337.900,15608.100,17283.900,2,2.000,0.000,0.000,1.000,1.000,1.000
867,Aljmas,5017500,2532500,253200,Danube,Danube,Danube,HR,,131111,6666.500,7549.900,9724.000,11163.500,12544.200,14331.500,15670.800,17005.200,18765.700,1,1.000,0.000,0.000,1.000,1.000,1.000
868,Dalj,5022500,2532500,253225,Danube,Danube,Danube,HR,,131111,6666.000,7551.100,9729.200,11171.400,12554.700,14345.300,15687.100,17024.000,18787.800,1,1.000,0.000,0.000,1.000,1.000,1.000
869,Vukovar,5022500,2517500,253950,Danube,Danube,Danube,HR,,131111,6655.900,7537.900,9708.600,11145.700,12524.300,14308.600,15645.800,16978.100,18735.700,1,1.000,0.000,0.000,1.000,1.000,1.000
870,Ilok,5052500,2502500,255550,Danube,Danube,Danube,HR,,131111,6673.800,7546.500,9694.300,11116.300,12480.300,14245.900,15569.000,16887.200,18626.400,1,1.000,0.000,0.000,1.000,1.000,1.000
876,Günzburg u. d. Günzmündung,4342500,2817500,9550,Danube,Danube,Danube,DE,,212311,510.700,579.200,747.700,859.300,966.300,1104.900,1208.700,1312.100,1448.600,1,0.000,1.000,0.000,0.000,,0.000
879,Neuburg,4402500,2847500,20125,Danube,Danube,Danube,DE,,211911,944.600,1095.200,1465.800,1711.200,1946.600,2251.300,2479.600,2707.100,3007.200,0,0.000,0.000,0.000,,,
882,Oberndorf,4467500,2872500,26525,Danube,Danube,Danube,DE,,211711,1111.600,1267.100,1649.700,1903.000,2146.000,2460.500,2696.200,2931.000,3240.800,0,0.000,0.000,0.000,,,
883,Regensburg Eiserne Brücke,4467500,2882500,32525,Danube,Danube,Danube,DE,,211611,1259.300,1428.600,1845.200,2121.100,2385.700,2728.200,2984.800,3240.600,3578.000,0,0.000,0.000,0.000,,,
884,Schwabelweis,4482500,2882500,35625,Danube,Danube,Danube,DE,,211311,1395.000,1579.700,2034.200,2335.100,2623.700,2997.300,3277.300,3556.200,3924.200,0,0.000,0.000,0.000,,,
886,Pfelling,4522500,2867500,37750,Danube,Danube,Danube,DE,,211311,1424.300,1615.100,2084.500,2395.300,2693.500,3079.400,3368.600,3656.700,4036.800,0,0.000,0.000,0.000,,,
888,Hofkirchen,4552500,2842500,47700,Danube,Danube,Danube,DE,,211111,1864.400,2107.600,2705.900,3102.100,3482.100,3973.900,4342.500,4709.700,5194.200,0,0.000,0.000,0.000,,,
891,Passau Ilzstadt,4577500,2832500,76775,Danube,Danube,Danube,DE,,192013,3652.700,4081.300,5136.200,5834.600,6504.500,7371.600,8021.400,8668.900,9523.000,1,0.000,1.000,0.000,0.000,,0.000
892,Wiblingen,4322500,2802500,2300,Iller,Iller,Danube,DE,,212411,337.400,397.700,546.200,644.500,738.700,860.800,952.200,1043.300,1163.600,1,0.000,1.000,0.000,0.000,,0.000
893,Landsberg,4387500,2767500,2325,Lech,Lech,Danube,DE,,212013,217.600,271.800,405.300,493.700,578.500,688.300,770.500,852.400,960.500,1,0.000,1.000,0.000,0.000,,0.000
894,Haunstetten,4392500,2797500,2700,Lech,Lech,Danube,DE,,212013,229.100,286.300,427.000,520.200,609.600,725.300,812.000,898.300,1012.300,0,0.000,0.000,0.000,,,
895,Augsburg u. d. Wertachmündung,4387500,2807500,4075,Lech,Lech,Danube,DE,,212013,361.800,453.900,680.500,830.500,974.400,1160.700,1300.300,1439.300,1622.800,0,0.000,0.000,0.000,,,
900,Heitzenhofen,4462500,2887500,5475,Naab,Naab,Danube,DE,,211611,143.100,170.400,237.800,282.300,325.100,380.500,421.900,463.200,517.800,0,0.000,0.000,0.000,,,
903,Marienthal,4482500,2902500,2675,Regen,Regen,Danube,DE,,211411,224.100,254.200,328.300,377.300,424.400,485.200,530.800,576.300,636.300,0,0.000,0.000,0.000,,,
904,München,4437500,2777500,2850,Isar,Isar,Danube,DE,,211213,297.400,366.600,537.000,649.800,758.000,898.100,1003.000,1107.600,1245.600,0,0.000,0.000,0.000,,,
905,Freising,4447500,2817500,3150,Isar,Amper,Danube,DE,,211212,131.400,149.400,193.700,223.000,251.200,287.600,314.900,342.100,378.000,0,0.000,0.000,0.000,,,
906,Landshut Birket,4472500,2822500,7900,Isar,Isar,Danube,DE,,211211,499.600,584.700,794.200,932.900,1065.900,1238.000,1367.100,1495.600,1665.200,0,0.000,0.000,0.000,,,
912,Mühldorf,4502500,2787500,12500,Inn,Inn,Danube,DE,,203311,955.900,1069.700,1349.700,1535.100,1712.900,1943.100,2115.600,2287.500,2514.200,1,0.000,1.000,0.000,0.000,,0.000
914,Burgkirchen,4527500,2792500,2250,Inn,Alz,Danube,DE,,203211,173.400,196.700,254.000,292.000,328.400,375.500,410.800,446.000,492.500,0,0.000,0.000,0.000,,,
919,Trunstadt,4377500,2977500,11925,Main,Main,Rhine,DE,,8711,405.700,466.500,616.200,715.300,810.400,933.400,1025.600,1117.500,1238.700,1,0.000,1.000,0.000,0.000,,0.000
920,Schweinfurt Neuer Hafen,4332500,2987500,12675,Main,Main,Rhine,DE,,8711,418.800,484.100,644.900,751.300,853.400,985.600,1084.600,1183.300,1313.500,1,0.000,1.000,0.000,0.000,,0.000
921,Würzburg,4317500,2962500,13925,Main,Main,Rhine,DE,,8711,439.400,509.400,681.500,795.500,904.800,1046.300,1152.400,1258.000,1397.400,1,0.000,1.000,0.000,0.000,,0.000
922,Steinbach,4292500,2987500,18225,Main,Main,Rhine,DE,,8511,559.600,654.000,886.400,1040.300,1187.900,1378.900,1522.100,1664.700,1852.900,1,0.000,1.000,0.000,0.000,,0.000
924,Kleinheubach,4262500,2962500,21600,Main,Main,Rhine,DE,,8511,587.600,692.600,951.100,1122.300,1286.500,1499.000,1658.200,1816.900,2026.200,0,0.000,0.000,0.000,,,
928,Pettstadt,4392500,2967500,6975,Main,Regnitz,Rhine,DE,,8811,234.900,267.400,347.500,400.500,451.400,517.200,566.600,615.700,680.600,1,0.000,1.000,0.000,0.000,,0.000
930,Alken,4142500,3022500,27925,Moselle,Moselle,Rhine,DE,,4111,1567.400,1835.100,2493.900,2930.000,3348.400,3889.900,4295.700,4700.000,5233.500,1,1.000,0.000,0.000,1.000,1.000,1.000
931,Lauffen,4257500,2877500,7950,Neckar,Neckar,Rhine,DE,,10311,411.900,464.700,594.600,680.600,763.100,869.900,949.900,1029.700,1134.900,1,0.000,1.000,1.000,0.000,0.000,0.000
932,Ziegelhausen AMS,4232500,2922500,13875,Neckar,Neckar,Rhine,DE,,10111,748.500,846.800,1088.800,1249.100,1402.800,1601.700,1750.800,1899.300,2095.300,0,0.000,0.000,0.000,,,
933,Rockenau SKA,4247500,2927500,12975,Neckar,Neckar,Rhine,DE,,10111,728.000,823.400,1058.300,1213.700,1362.900,1555.900,1700.500,1844.700,2034.800,0,0.000,0.000,0.000,,,
934,Hattingen,4127500,3147500,4225,Ruhr,Ruhr,Rhine,DE,,3411,316.300,358.300,461.500,529.900,595.500,680.300,743.900,807.300,890.900,1,1.000,0.000,0.000,1.000,1.000,1.000
936,Boxberg,4642500,3152500,675,Havel,Black Schops,Elbe,DE,4.000,2221,17.900,21.200,29.200,34.500,39.500,46.100,51.100,56.000,62.400,0,0.000,0.000,0.000,,,
940,Leisnig,4527500,3122500,2875,Mulde,Freiberger Mulde,Elbe,DE,3.000,6211,147.100,212.500,373.400,479.900,582.000,714.300,813.400,912.100,1042.400,0,0.000,0.000,0.000,,,
941,Lieske,4637500,3142500,775,Havel,Spree,Elbe,DE,3.000,2231,12.000,15.900,25.500,31.800,37.800,45.700,51.600,57.400,65.100,0,0.000,0.000,0.000,,,
945,Zittau 1,4662500,3097500,675,Neisse,Lusatian Neisse,Oder,DE,2.000,4111,43.800,56.000,86.100,106.000,125.000,149.700,168.200,186.600,210.900,1,0.000,1.000,0.000,0.000,,0.000
952,Sorbolo,4357500,2412500,725,Enza,Enza,Po,IT,,3211,184.200,218.900,304.100,360.500,414.600,484.600,537.100,589.400,658.400,0,0.000,0.000,0.000,,,
953,St. Pieter Noord,4017500,3082500,21075,Meuse,Meuse,Rhine,NL,,2331,1157.600,1341.100,1792.600,2091.600,2378.300,2749.500,3027.700,3304.800,3670.500,1,1.000,0.000,0.000,1.000,1.000,1.000
954,Embalse de Benínar,3157500,1637500,500,Adra,Lucainena,Adra,ES,1.000,1,7.000,11.600,23.100,30.600,37.900,47.300,54.300,61.300,70.500,4,1.000,3.000,1.000,0.250,0.500,0.333
956,Aljaima,3007500,1642500,2725,Guadalhorce,Guadalhorce,Guadalhorce,ES,1.000,1,133.800,205.300,381.200,497.700,609.500,754.100,862.500,970.500,1113.000,0,0.000,0.000,0.000,,,
960,Terque (Andarax),3192500,1637500,550,Andarax,Andarax,Andarax,ES,1.000,1,16.300,26.200,50.400,66.400,81.800,101.700,116.600,131.500,151.100,2,1.000,1.000,1.000,0.500,0.500,0.500
968,Corbones_Ca,2942500,1747500,1750,Corbones,Corbones,Guadalquivir,ES,2.000,361,25.400,40.900,79.100,104.300,128.500,159.900,183.400,206.800,237.700,0,0.000,0.000,0.000,,,
969,Llano de Vela,3187500,1792500,1225,Guadalimar,Guadalmena,Guadalquivir,ES,3.000,1032,13.200,33.300,82.800,115.500,146.900,187.500,218.000,248.400,288.400,0,0.000,0.000,0.000,,,
972,Genil_Ecija,2987500,1742500,8050,Genil,Genil,Guadalquivir,ES,2.000,411,185.900,275.800,497.000,643.400,783.900,965.700,1101.900,1237.700,1416.800,0,0.000,0.000,0.000,,,
973,Genil_Loja,3057500,1687500,4300,Genil,Genil,Guadalquivir,ES,2.000,411,48.800,68.500,117.000,149.100,179.900,219.700,249.600,279.300,318.600,0,0.000,0.000,1.000,,0.000,0.000
974,Cartama,3017500,1642500,2875,Guadalhorce,Guadalhorce,Guadalhorce,ES,1.000,1,149.400,227.200,418.500,545.200,666.800,824.100,941.900,1059.400,1214.300,0,0.000,0.000,0.000,,,
975,Glimar_Lina,3117500,1767500,5075,Guadalimar,Guadalimar,Guadalquivir,ES,2.000,1011,88.800,138.700,261.600,343.000,421.100,522.100,597.800,673.300,772.800,0,0.000,0.000,1.000,,0.000,0.000
976,Guadajoz_Va,3022500,1762500,2450,Guadajoz,Guadajoz,Guadalquivir,ES,2.000,611,30.200,51.900,105.100,140.400,174.200,218.000,250.800,283.500,326.600,0,0.000,0.000,0.000,,,
977,Guadalb_Men,3107500,1757500,1075,Guadalei,Guadalbullon,Guadalquivir,ES,2.000,811,24.100,39.000,75.500,99.700,122.900,153.000,175.500,198.000,227.600,0,0.000,0.000,0.000,,,
978,Guadalq_Men,3107500,1767500,16200,Grande,Guadalquivir,Guadalquivir,ES,1.000,791,129.700,192.500,347.100,449.400,547.600,674.600,769.900,864.700,989.900,0,0.000,0.000,1.000,,0.000,0.000
979,Guadiamar,2882500,1732500,900,Guadiamar,Guadiamar,Guadalquivir,ES,2.000,121,53.600,68.600,105.500,129.900,153.300,183.600,206.400,229.000,258.900,0,0.000,0.000,0.000,,,
980,San Pablo de Bujaceite,2937500,1627500,650,Guadiaro,Guadiaro,Guadiaro,ES,1.000,1,76.000,129.500,261.200,348.300,431.900,540.200,621.300,702.100,808.700,0,0.000,0.000,0.000,,,
982,Guadix,3152500,1682500,550,Guadiana menor,Guadix,Guadalquivir,ES,4.000,1222,1.700,2.500,4.600,5.900,7.300,9.000,10.200,11.500,13.200,1,0.000,1.000,0.000,0.000,,0.000
986,Terque (Nacimiento),3197500,1642500,675,Andarax,Nacimiento,Andarax,ES,2.000,2,7.900,14.500,30.900,41.700,52.100,65.500,75.600,85.600,98.800,2,0.000,2.000,1.000,0.000,0.000,0.000
988,R_Fardes,3157500,1702500,1700,Guadiana menor,Fardes,Guadalquivir,ES,3.000,1221,5.400,8.400,15.800,20.700,25.400,31.500,36.000,40.600,46.600,1,0.000,1.000,0.000,0.000,,0.000
990,Bobadilla,3012500,1677500,750,Guadalhorce,Guadalhorce,Guadalhorce,ES,1.000,1,36.600,51.200,86.900,110.600,133.300,162.700,184.800,206.700,235.700,1,0.000,1.000,0.000,0.000,,0.000
994,RHuelva_Cala_G,2897500,1772500,1000,Guadiamar,Huelva,Guadalquivir,ES,2.000,161,32.900,53.500,104.200,137.800,170.000,211.700,242.900,274.100,315.100,0,0.000,0.000,0.000,,,
997,Salado_Porc,3072500,1762500,675,Guadajoz,Arroyo del Salado de Porcuna,Guadalquivir,ES,2.000,741,7.400,12.800,26.100,34.900,43.300,54.200,62.400,70.600,81.400,0,0.000,0.000,0.000,,,
998,Trasvase de Majaceite,2947500,1637500,500,Guadiaro,Guadiaro,Guadiaro,ES,1.000,1,61.000,105.900,216.400,289.600,359.700,450.600,518.600,586.400,675.900,0,0.000,0.000,0.000,,,
1002,La Garonne à Tonneins,3547500,2417500,50325,"Garonne, below Lot",Garonne,Garonne,FR,1.000,131,2718.000,3121.700,4115.400,4773.200,5404.300,6221.100,6833.200,7443.100,8247.600,1,1.000,0.000,1.000,1.000,0.500,0.667
1003,L'Allan à Fesches-le-Châtel,4087500,2717500,650,Saone,Allaine,Rhone,FR,4.000,644,100.500,121.500,173.400,207.700,240.600,283.200,315.100,346.900,388.800,0,0.000,0.000,0.000,,,
1006,La Cure à Arcy-sur-Cure,3852500,2737500,1175,Yonne,Cure,Seine,FR,3.000,1061,56.200,65.600,88.600,103.900,118.500,137.500,151.700,165.900,184.500,1,0.000,1.000,0.000,0.000,,0.000
1007,La Brenne à Montbard,3897500,2737500,775,Yonne,Brenne,Seine,FR,4.000,1022,60.300,71.700,99.800,118.400,136.200,159.300,176.600,193.800,216.600,0,0.000,0.000,0.000,,,
1008,L'Armançon à Tronchoy,3867500,2772500,1975,Yonne,Armancon,Seine,FR,3.000,1021,114.400,133.000,178.800,209.100,238.200,275.800,304.000,332.100,369.200,0,0.000,0.000,0.000,,,
1009,La Vingeanne à Oisilly,3972500,2712500,600,Saone,Vingeanne,Rhone,FR,3.000,672,27.400,38.700,66.500,84.900,102.600,125.400,142.500,159.600,182.100,0,0.000,0.000,0.000,,,
1010,L'Ouche à Plombières-lès-Dijon,3942500,2702500,650,Saone,Ouche,Rhone,FR,3.000,652,37.900,44.200,59.500,69.700,79.400,92.000,101.400,110.900,123.300,0,0.000,0.000,0.000,,,
1011,L'Azergues à Lozanne,3907500,2542500,900,Saone,Azergues,Rhone,FR,2.000,612,59.300,81.200,135.100,170.800,205.000,249.300,282.500,315.600,359.200,2,2.000,0.000,0.000,1.000,1.000,1.000
1012,L'Ain à Pont-d'Ain,3962500,2562500,2750,Ain,Ain,Rhone,FR,2.000,811,466.000,560.600,793.300,947.400,1095.200,1286.500,1429.800,1572.600,1761.100,0,0.000,0.000,0.000,,,
1013,L'Ain à Chazey-sur-Ain,3952500,2547500,3675,Ain,Ain,Rhone,FR,2.000,811,628.200,744.800,1032.000,1222.200,1404.600,1640.600,1817.500,1993.800,2226.400,0,0.000,0.000,1.000,,0.000,0.000
1014,Usce,5182500,2322500,6850,Velika Morava,Ibar,Danube,RS,,82211,236.600,312.800,500.400,624.500,743.600,897.800,1013.300,1128.400,1280.300,1,1.000,0.000,0.000,1.000,1.000,1.000
1015,Aleksinac,5267500,2337500,14325,Velika Morava,Juzna Morava,Danube,RS,,83111,236.800,376.100,719.100,946.200,1164.100,1446.000,1657.300,1867.900,2145.600,1,0.000,1.000,0.000,0.000,,0.000
1016,Castro_Rio_G,3047500,1742500,1650,Guadajoz,Guadajoz,Guadalquivir,ES,2.000,611,9.600,21.100,49.300,67.900,85.900,109.000,126.400,143.700,166.600,0,0.000,0.000,0.000,,,
1017,Nybergsund,4447500,4237500,4375,Gota,Trysilelva / Klaralven,Gota,NO,1.000,9,222.400,247.000,307.700,347.800,386.300,436.200,473.500,510.700,559.900,0,0.000,0.000,0.000,,,
1018,Neiden,5067500,5277500,3075,Neidenelva,Neidenelva,Naatamo,NO,1.000,1,139.500,160.400,211.700,245.700,278.300,320.500,352.200,383.700,425.300,0,0.000,0.000,0.000,,,
1019,Polmak nye,4997500,5302500,13825,Tana,Tana,Tana,NO,1.000,1,558.400,628.200,800.000,913.700,1022.800,1164.000,1269.800,1375.200,1514.300,0,0.000,0.000,0.000,,,
1020,Iijärvi - luusua,5022500,5242500,800,Naatamo,Iijarvi,Naatamo,FI,1.000,1,37.700,42.400,54.100,61.800,69.200,78.800,86.000,93.200,102.600,0,0.000,0.000,0.000,,,
1021,Salzburg-Nonntal,4547500,2747500,4675,Inn,Salzach,Danube,AT,,202311,628.700,729.900,978.800,1143.700,1301.800,1506.500,1659.800,1812.600,2014.200,1,1.000,0.000,0.000,1.000,1.000,1.000
1022,Aulestad,4332500,4237500,925,Lagen,Gausa,Glomma,NO,3.000,214,103.600,122.700,169.500,200.600,230.300,268.800,297.700,326.400,364.400,0,0.000,0.000,0.000,,,
1026,Viksvatn (Hestadfjorden),4102500,4252500,500,Gaula (Sande),Gaula (Sande),Gaula_Sande,NO,1.000,1,97.400,108.300,135.100,152.800,169.800,191.900,208.400,224.900,246.600,0,0.000,0.000,0.000,,,
1030,"Vækkava, Iesjokka",4907500,5207500,2075,Tana,Lesjokka,Tana,NO,2.000,6,94.500,103.800,126.900,142.100,156.700,175.700,189.900,204.000,222.700,3,3.000,0.000,0.000,1.000,1.000,1.000
1031,Unsetåa,4377500,4317500,625,"Glomma, headwaters",Unsetaa,Glomma,NO,2.000,314,44.000,50.500,66.500,77.000,87.200,100.300,110.100,119.900,132.900,0,0.000,0.000,0.000,,,
1033,Trangen,4447500,4597500,875,Namsen,Sanddola,Namsen,NO,2.000,2,87.100,97.000,121.300,137.400,152.800,172.800,187.800,202.700,222.400,2,2.000,0.000,0.000,1.000,1.000,1.000
1036,Syrstad,4307500,4437500,2275,Orkla,Orkla,Orkla,NO,1.000,1,156.500,182.700,247.200,289.800,330.800,383.800,423.500,463.100,515.300,2,0.000,2.000,1.000,0.000,0.000,0.000
1037,Bertnem,4427500,4597500,5175,Namsen,Namsen,Namsen,NO,1.000,1,799.300,893.100,1124.000,1276.900,1423.600,1613.400,1755.600,1897.300,2084.300,1,0.000,1.000,1.000,0.000,0.000,0.000
1040,Svartfossberget,4767500,5192500,1950,Reisaelva,Reisaelva,Reisaelva,NO,1.000,1,179.800,208.500,279.100,325.800,370.700,428.700,472.200,515.500,572.700,1,0.000,1.000,0.000,0.000,,0.000
1041,Blaker,4387500,4097500,38650,"Glomma, below Lagen",Glomma,Glomma,NO,1.000,131,1527.500,1782.300,2409.500,2824.700,3223.000,3738.500,4124.900,4509.800,5017.600,0,0.000,0.000,0.000,,,
1048,Stuvane,4192500,4217500,975,Laerdalselva,Laerdalselva,Laerdalselva,NO,1.000,1,65.400,77.500,107.100,126.700,145.500,169.900,188.100,206.300,230.300,0,0.000,0.000,0.000,,,
1050,Bruhaug,4277500,4102500,3500,Lagen,Numedalslagen,Lagen,NO,1.000,1,233.200,271.500,365.700,428.100,487.900,565.400,623.400,681.200,757.500,0,0.000,0.000,0.000,,,
1056,Bulken (Vangsvatnet),4117500,4177500,1075,Vosso,Vosso,Vosso,NO,1.000,1,274.600,300.300,363.600,405.500,445.700,497.700,536.700,575.500,626.800,1,1.000,0.000,0.000,1.000,1.000,1.000
1060,Driva v/Elverhøy bru,4252500,4392500,2425,Driva,Driva,Driva,NO,1.000,1,204.900,232.100,298.900,343.200,385.600,440.600,481.700,522.800,576.900,3,1.000,2.000,0.000,0.333,1.000,0.500
1061,Driva v/Risefoss,4297500,4377500,725,Driva,Driva,Driva,NO,1.000,1,46.800,53.600,70.200,81.200,91.800,105.400,115.700,125.900,139.400,0,0.000,0.000,0.000,,,
1062,Eggafoss,4382500,4417500,675,Gaula (Melhus),Gaula (Melhus),Gaula,NO,1.000,1,119.800,137.300,180.300,208.800,236.200,271.500,298.100,324.500,359.300,1,0.000,1.000,0.000,0.000,,0.000
1068,Selfors bru,4527500,4882500,775,Beiarelva,Beiarelva,Beiarelva,NO,1.000,1,118.300,136.800,182.300,212.500,241.400,278.800,306.800,334.700,371.600,1,1.000,0.000,0.000,1.000,1.000,1.000
1075,Rauma v/Horgheim,4212500,4372500,1125,Rauma,Rauma,Rauma,NO,1.000,1,114.300,130.400,170.000,196.300,221.400,254.000,278.400,302.700,334.800,2,1.000,1.000,0.000,0.500,1.000,0.667
1076,Rathe,4342500,4472500,3050,Nea,Nea,Nea,NO,1.000,1,185.800,206.400,257.100,290.600,322.800,364.500,395.700,426.800,467.800,0,0.000,0.000,0.000,,,
1077,Polmak nye,5002500,5307500,13850,Tana,Tana,Tana,NO,1.000,1,558.700,628.400,800.100,913.700,1022.700,1163.800,1269.500,1374.900,1513.800,0,0.000,0.000,0.000,,,
1082,Øvrevatn,4647500,5102500,525,Salangs,Svartdalsbekken,Salangs,NO,1.000,1,49.900,56.800,73.800,85.100,95.900,109.900,120.300,130.800,144.600,0,0.000,0.000,0.000,,,
1083,Omnesfoss,4262500,4057500,875,Skien,Heddola,Skien,NO,3.000,34,115.700,132.100,172.400,199.200,224.800,258.000,282.900,307.700,340.400,0,0.000,0.000,4.000,,0.000,0.000
1086,Flaksvatn,4217500,3917500,1825,Tovdal,Tovdal,Tovdal,NO,,1,307.400,344.200,434.900,494.900,552.500,627.000,682.800,738.500,811.900,0,0.000,0.000,0.000,,,
1088,Fustvatn,4472500,4757500,550,Fusta,Fusta,Fusta,NO,1.000,1,103.200,112.400,135.000,149.900,164.200,182.800,196.700,210.500,228.800,0,0.000,0.000,0.000,,,
1091,Nervoll,4507500,4707500,650,Vefsna,Vefsna,Vefsna,NO,2.000,3,67.900,79.600,108.500,127.600,145.900,169.600,187.400,205.100,228.500,0,0.000,0.000,0.000,,,
1092,Nedre Sjodalsvatn,4262500,4272500,500,Lagen,Sjoa,Glomma,NO,3.000,221,56.100,63.500,81.500,93.500,105.000,119.800,130.900,142.000,156.600,1,0.000,1.000,0.000,0.000,,0.000
1099,Gaulfoss,4332500,4447500,3200,Gaula (Melhus),Gaula (Melhus),Gaula,NO,1.000,1,432.300,482.000,604.200,685.100,762.700,863.200,938.500,1013.500,1112.500,0,0.000,0.000,1.000,,0.000,0.000
1101,Masi,4857500,5197500,5675,Altaelva,Kautokeinoelva,Altaelva,NO,1.000,1,271.600,299.200,367.100,412.100,455.200,511.000,552.900,594.600,649.600,1,0.000,1.000,0.000,0.000,,0.000
1103,Gjedlakleiv,4087500,3942500,600,Bjerkreim,Bjerkreim,Bjerkreim,NO,1.000,1,177.800,193.000,230.600,255.400,279.300,310.100,333.300,356.300,386.700,0,0.000,0.000,0.000,,,
1107,Malangsfoss,4672500,5122500,2975,Malselv,Malselv,Malselv,NO,1.000,1,161.500,183.300,237.100,272.700,306.800,351.000,384.100,417.100,460.700,2,2.000,0.000,0.000,1.000,1.000,1.000
1110,Grunnfoss,4412500,4522500,900,Verdal,Helgaa,Verdal,NO,1.000,1,202.200,233.100,309.200,359.600,407.900,470.400,517.300,564.000,625.600,1,0.000,1.000,2.000,0.000,0.000,0.000
1114,Laksfors,4472500,4727500,3575,Vefsna,Vefsna,Vefsna,NO,1.000,1,516.200,564.100,682.200,760.300,835.300,932.300,1005.000,1077.400,1173.000,0,0.000,0.000,0.000,,,
1115,Kvenna,4202500,4102500,825,Skien,Kvenna,Skien,NO,3.000,36,107.900,125.000,167.000,194.700,221.400,255.900,281.700,307.500,341.500,0,0.000,0.000,0.000,,,
1118,Kråkfoss,4382500,4117500,500,"Glomma, below Lagen",Leira,Glomma,NO,2.000,121,60.900,66.700,80.700,90.100,99.000,110.600,119.300,127.900,139.300,1,1.000,0.000,0.000,1.000,1.000,1.000
1119,Kjølemo,4177500,3897500,1750,Mandal,Mandal,Mandal,NO,1.000,1,314.700,349.000,433.400,489.300,543.000,612.400,664.400,716.200,784.600,0,0.000,0.000,0.000,,,
1121,Kirkevoll bru,4272500,4062500,3850,Skien,Tinne,Skien,NO,2.000,35,279.700,317.900,412.000,474.200,533.900,611.200,669.100,726.800,802.900,0,0.000,0.000,0.000,,,
1125,Hagadrag,4252500,4037500,750,Skien,Boelva,Skien,NO,3.000,32,55.000,62.700,81.700,94.300,106.300,121.900,133.700,145.300,160.700,0,0.000,0.000,1.000,,0.000,0.000
1131,Holmfoss i Numedalslågen,4317500,4017500,5150,Lagen,Lagen,Lagen,NO,1.000,1,305.000,349.500,459.000,531.400,601.000,690.900,758.400,825.500,914.200,0,0.000,0.000,1.000,,0.000,0.000
1132,Håkkadalbrua,4397500,4547500,2125,Byaelva,Byaelva,Byaelva,NO,1.000,1,235.700,269.100,351.100,405.400,457.400,524.900,575.400,625.700,692.100,0,0.000,0.000,3.000,,0.000,0.000
1137,Hamar (Mjøsa),4377500,4187500,1200,Lagen,Mjosa,Glomma,NO,3.000,212,32.400,37.600,50.200,58.600,66.600,77.000,84.700,92.500,102.700,1,0.000,1.000,0.000,0.000,,0.000
1140,Hegra bru,4372500,4482500,1900,Stjordal,Stjordal,Stjordal,NO,1.000,1,244.000,268.900,330.200,370.800,409.700,460.100,497.800,535.400,585.100,2,2.000,0.000,0.000,1.000,1.000,1.000
1141,Heisel,4197500,3902500,3600,Otra,Otra,Otra,NO,1.000,1,403.500,439.400,527.800,586.400,642.500,715.200,769.600,823.900,895.500,0,0.000,0.000,0.000,,,
1145,Daugavpils,5342500,3757500,63700,"Daugava, below Dysna",Daugava,Daugava,LV,1.000,33,1420.700,1711.500,2427.300,2901.200,3355.800,3944.300,4385.200,4824.600,5404.200,0,0.000,0.000,0.000,,,
1148,Jēkabpils,5287500,3822500,69075,"Daugava, below Dysna",Daugava,Daugava,LV,1.000,31,1529.500,1825.100,2552.400,3033.900,3495.800,4093.600,4541.700,4988.100,5577.000,0,0.000,0.000,0.000,,,
1152,Sīļi,5322500,3807500,2750,"Daugava, below Dysna",Dubna,Daugava,LV,2.000,32,88.100,100.200,130.000,149.700,168.600,193.100,211.400,229.700,253.800,0,0.000,0.000,0.000,,,
1153,Lubāna,5327500,3872500,7150,Aiviekste,Aiviekste,Daugava,LV,2.000,21,144.800,169.200,229.000,268.700,306.700,355.900,392.800,429.500,478.000,1,0.000,1.000,0.000,0.000,,0.000
1154,Aiviekstes HES,5292500,3837500,8700,Aiviekste,Aiviekste,Daugava,LV,2.000,21,179.400,210.900,288.500,339.900,389.200,453.000,500.900,548.500,611.400,1,0.000,1.000,0.000,0.000,,0.000
1155,Lielpeči,5217500,3837500,1600,"Daugava, below Aiviekste",Ogre,Daugava,LV,2.000,14,54.800,64.200,87.400,102.800,117.500,136.600,150.900,165.200,184.000,0,0.000,0.000,0.000,,,
1157,Cardona (tunel),3632500,2127500,775,Llobregat,Cardoner,Llobregat,ES,2.000,4,20.200,34.000,68.100,90.700,112.300,140.300,161.300,182.200,209.800,0,0.000,0.000,0.000,,,
1158,Sant Sadurni d Anoia,3632500,2077500,725,Llobregat,Anoia,Llobregat,ES,2.000,2,18.200,30.800,61.700,82.200,101.900,127.400,146.400,165.400,190.500,0,0.000,0.000,0.000,,,
1159,Castellbell i el Vilar,3642500,2097500,3350,Llobregat,Llobregat,Llobregat,ES,1.000,3,94.000,144.500,268.800,351.100,430.100,532.300,608.900,685.200,785.800,0,0.000,0.000,0.000,,,
1161,Sant Joan Despi,3652500,2062500,4900,Llobregat,Llobregat,Llobregat,ES,1.000,1,161.600,229.900,397.900,509.200,615.900,754.000,857.600,960.700,1096.800,0,0.000,0.000,0.000,,,
1162,Berga (Olvan),3647500,2147500,525,Llobregat,Llobregat,Llobregat,ES,1.000,5,15.100,27.700,58.500,79.000,98.600,123.900,142.900,161.900,186.900,0,0.000,0.000,0.000,,,
1163,Balsareny,3647500,2122500,1025,Llobregat,Llobregat,Llobregat,ES,1.000,5,36.900,57.000,106.500,139.200,170.600,211.300,241.800,272.100,312.200,0,0.000,0.000,0.000,,,
1164,Suria,3637500,2117500,1025,Llobregat,Cardoner,Llobregat,ES,2.000,4,26.000,42.600,83.600,110.700,136.700,170.400,195.600,220.800,253.900,0,0.000,0.000,0.000,,,
1165,Martorell,3642500,2077500,875,Llobregat,Anoia,Llobregat,ES,2.000,2,24.200,38.100,72.300,95.000,116.700,144.800,165.900,186.900,214.600,0,0.000,0.000,0.000,,,
1168,Sant Vicenc dels Horts (Canal de la Dreta),3652500,2067500,4850,Llobregat,Llobregat,Llobregat,ES,1.000,1,154.500,222.700,390.600,501.800,608.400,746.400,849.900,952.900,1088.900,0,0.000,0.000,0.000,,,
1169,Castellbisbal (Assut de Salzers),3642500,2082500,3550,Llobregat,Llobregat,Llobregat,ES,1.000,3,105.100,158.900,291.200,378.800,462.800,571.600,653.100,734.400,841.500,0,0.000,0.000,0.000,,,
1172,Ciudad Rodrigo,2922500,2097500,1100,Agueda,Agueda,Douro,ES,2.000,10111,100.000,130.100,204.200,253.200,300.200,361.100,406.700,452.200,512.200,3,2.000,1.000,2.000,0.667,0.500,0.571
1173,Covarrubias,3207500,2207500,1200,Pisuerga,Arlanza,Douro,ES,4.000,18621,132.900,164.900,243.500,295.600,345.500,410.200,458.600,506.900,570.600,3,0.000,3.000,0.000,0.000,,0.000
1174,Peral De Arlanza,3162500,2217500,2450,Pisuerga,Arlanza,Douro,ES,4.000,18621,186.000,235.200,356.200,436.400,513.200,612.700,687.300,761.600,859.600,0,0.000,0.000,0.000,,,
1175,Villavieja De Muño,3182500,2237500,1575,Pisuerga,Arlanzon,Douro,ES,3.000,18631,47.200,58.700,86.800,105.400,123.200,146.300,163.600,180.900,203.700,0,0.000,0.000,0.000,,,
1177,Celadilla Del Río,3112500,2287500,575,Pisuerga,Carrion,Douro,ES,3.000,18411,25.600,38.300,69.500,90.100,109.900,135.600,154.800,173.900,199.100,0,0.000,0.000,0.000,,,
1178,Palencia,3127500,2227500,2275,Pisuerga,Carrion,Douro,ES,3.000,18411,75.000,101.200,165.600,208.200,249.100,302.100,341.700,381.200,433.400,0,0.000,0.000,0.000,,,
1179,Garray,3287500,2157500,1525,Douro,Douro,Douro,ES,1.000,19511,32.000,43.800,72.700,91.900,110.200,134.000,151.800,169.600,193.000,0,0.000,0.000,0.000,,,
1180,Villamarciel,3077500,2167500,36775,Douro,Douro,Douro,ES,1.000,15111,529.300,692.100,1092.800,1358.100,1612.500,1941.900,2188.800,2434.700,2759.200,0,0.000,0.000,0.000,,,
1181,Zamora,3007500,2182500,46025,Douro,Douro,Douro,ES,1.000,15111,531.300,697.000,1104.700,1374.600,1633.600,1968.700,2219.900,2470.100,2800.200,0,0.000,0.000,0.000,,,
1182,Quintanilla De Onésimo,3122500,2172500,12225,Douro,Douro,Douro,ES,1.000,19111,123.300,173.800,298.200,380.500,459.500,561.700,638.300,714.600,815.300,0,0.000,0.000,0.000,,,
1183,Las Vencías,3157500,2147500,1125,Duraton,Duraton,Douro,ES,2.000,19211,5.400,11.700,27.300,37.600,47.500,60.300,69.900,79.500,92.100,0,0.000,0.000,0.000,,,
1185,Castropepe,3032500,2232500,7000,Esla,Esla,Douro,ES,1.000,14711,361.700,462.000,708.800,872.300,1029.000,1232.000,1384.000,1535.500,1735.400,0,0.000,0.000,0.000,,,
1186,Benamariel 2,3047500,2272500,4125,Esla,Esla,Douro,ES,1.000,14911,362.600,449.700,663.900,805.700,941.700,1117.800,1249.800,1381.300,1554.700,0,0.000,0.000,0.000,,,
1187,Cebrones,3017500,2267500,3125,Esla,Orbigo,Douro,ES,3.000,14611,143.000,181.500,276.200,338.900,399.100,476.900,535.300,593.400,670.100,0,0.000,0.000,0.000,,,
1188,Cordovilla,3147500,2222500,4200,Pisuerga,Pisuerga,Douro,ES,2.000,18711,159.400,220.100,369.700,468.800,563.700,686.700,778.900,870.700,991.800,0,0.000,0.000,0.000,,,
1189,Valladolid-Pisuerga,3097500,2177500,15575,Pisuerga,Pisuerga,Douro,ES,2.000,18111,409.200,528.900,823.500,1018.600,1205.700,1447.800,1629.300,1810.100,2048.700,0,0.000,0.000,0.000,,,
1190,Herrera De Pisuerga,3152500,2272500,1525,Pisuerga,Pisuerga,Douro,ES,2.000,18711,79.200,101.900,157.500,194.400,229.700,275.500,309.700,343.900,389.000,0,0.000,0.000,0.000,,,
1191,Secos,3062500,2297500,950,Esla,Porma,Douro,ES,3.000,14921,52.300,71.800,119.900,151.700,182.200,221.700,251.300,280.800,319.800,0,0.000,0.000,0.000,,,
1192,Rabal,2882500,2247500,775,Tamega,Tamega,Douro,ES,2.000,1211,47.500,57.900,83.200,100.000,116.100,137.000,152.600,168.200,188.700,0,0.000,0.000,0.000,,,
1195,Stenudden,4667500,4842500,2375,Pitealven,Tjeggelvas,Pitealven,SE,1.000,1,159.100,177.800,224.100,254.700,284.000,322.000,350.500,378.900,416.300,0,0.000,0.000,1.000,,0.000,0.000
1196,Mörrum,4617500,3692500,3425,Morrumsan,Morrumsan,Morrumsan,SE,1.000,1,52.600,60.400,79.600,92.300,104.500,120.300,132.200,144.000,159.500,0,0.000,0.000,0.000,,,
1197,Munkedal 2,4417500,3927500,1350,Orekilsalven,Orekilsalven,Orekilsalven,SE,1.000,1,77.900,90.700,122.400,143.400,163.500,189.600,209.100,228.500,254.200,1,0.000,1.000,0.000,0.000,,0.000
1198,Ersbo,4477500,4247500,1075,Vasterdal,Goralven,Dal,SE,3.000,22,114.600,129.200,165.100,188.900,211.800,241.300,263.500,285.600,314.700,0,0.000,0.000,0.000,,,
1199,Getebro,4702500,3782500,1350,Alsteran,Alsteran,Alsteran,SE,1.000,1,23.700,27.100,35.600,41.300,46.700,53.700,58.900,64.100,71.000,0,0.000,0.000,0.000,,,
1200,Möckeln,4572500,3732500,1025,Helge a,Helge a,Helge,SE,1.000,1,34.800,38.200,46.600,52.100,57.400,64.300,69.500,74.600,81.400,1,0.000,1.000,0.000,0.000,,0.000
1201,Ytterholmen,4857500,4827500,1000,Ranealven,Livasalven,Ranealven,SE,2.000,2,53.200,61.200,81.000,94.000,106.600,122.800,135.000,147.100,163.000,0,0.000,0.000,0.000,,,
1203,Moholm,4552500,3947500,875,Gota,Tidan,Gota,SE,2.000,6,20.000,23.900,33.600,39.900,46.100,54.000,59.900,65.900,73.700,1,0.000,1.000,0.000,0.000,,0.000
1205,Sundstorp,4492500,3917500,650,Gota,Lidan,Gota,SE,2.000,4,33.700,39.400,53.300,62.600,71.400,82.900,91.400,100.000,111.300,1,0.000,1.000,0.000,0.000,,0.000
1206,Hallbosjön,4697500,3992500,2325,Nykopingsan,Vrenaan,Nykopingsan,SE,1.000,1,42.300,49.400,66.800,78.300,89.400,103.700,114.400,125.100,139.200,1,1.000,0.000,1.000,1.000,0.500,0.667
1207,Kaalasjärvi,4742500,4992500,1450,Kalix,Kaalasjarvi,Kalix,SE,1.000,1,91.100,106.700,145.000,170.400,194.700,226.200,249.800,273.300,304.300,0,0.000,0.000,0.000,,,
1209,Västersel,4737500,4507500,1450,Moalven,Moalven,Moalven,SE,1.000,1,49.600,58.100,79.100,93.000,106.300,123.500,136.400,149.200,166.200,0,0.000,0.000,0.000,,,
1210,Strömfors,4732500,4697500,875,Skelleftealven,Malan,Skelleftealven,SE,2.000,2,29.800,34.300,45.400,52.700,59.800,68.900,75.800,82.600,91.600,0,0.000,0.000,0.000,,,
1220,Nissafors 2,4542500,3822500,1150,Nissan,Nissan,Lagan,SE,1.000,1,31.800,36.400,47.900,55.500,62.800,72.200,79.300,86.400,95.700,0,0.000,0.000,0.000,,,
1223,Fyrås,4592500,4497500,2275,Indalsalven,Ammeran,Indalsalven,SE,2.000,2,90.500,103.400,135.100,156.100,176.200,202.300,221.800,241.300,267.000,0,0.000,0.000,0.000,,,
1228,Hammarby 2,4607500,4057500,900,Arbogaan,Jarlean,Arbogaan,SE,1.000,1,31.300,35.000,44.100,50.100,55.900,63.300,68.900,74.500,81.900,1,0.000,1.000,0.000,0.000,,0.000
1231,Åsbro 3,4462500,3797500,2150,Viskan,Viskan,Viskan,SE,1.000,1,126.600,140.600,175.200,198.200,220.100,248.600,269.900,291.100,319.100,0,0.000,0.000,0.000,,,
1235,Konstdalsströmmen,4692500,4207500,1025,Testeboan,Ostersjon,Testeboan,SE,1.000,1,26.100,30.500,41.300,48.400,55.200,64.100,70.700,77.300,86.100,1,0.000,1.000,1.000,0.000,0.000,0.000
1238,Hassela,4672500,4352500,650,Harmangersan,Edean,Harmangersan,SE,1.000,1,17.200,20.800,29.700,35.700,41.400,48.700,54.200,59.700,67.000,0,0.000,0.000,0.000,,,
1240,Byske,4847500,4692500,3675,Byske,Byske,Byske,SE,1.000,1,141.700,163.100,215.800,250.700,284.100,327.500,359.900,392.300,435.000,0,0.000,0.000,0.000,,,
1241,Melby,4712500,3902500,700,Vindan,Vindan,Vindan,SE,1.000,1,20.500,23.800,31.800,37.200,42.400,49.000,54.000,59.000,65.500,1,0.000,1.000,0.000,0.000,,0.000
1247,Nytorp,4657500,3892500,2500,Motala Stroem,Storan,Motala Stroem,SE,2.000,2,26.300,30.500,40.600,47.300,53.800,62.100,68.300,74.600,82.800,0,0.000,0.000,0.000,,,
1250,Fryele,4572500,3802500,1475,Lagan,Haran,Lagan,SE,2.000,2,35.400,40.500,53.100,61.500,69.500,79.800,87.600,95.300,105.500,0,0.000,0.000,0.000,,,
1253,Mariefors,4677500,3697500,800,Lyckebyan,Lyckebyan,Lyckebyan,SE,1.000,1,14.800,16.700,21.300,24.400,27.300,31.100,34.000,36.800,40.600,1,0.000,1.000,0.000,0.000,,0.000
1260,Torrböle 2,4792500,4547500,2875,Ore,Ore,Ore,SE,1.000,1,136.700,157.300,208.100,241.700,274.000,315.700,347.000,378.200,419.300,0,0.000,0.000,0.000,,,
1262,Río Miño en Pontevilar,2902500,2392500,725,Minho,Minho,Minho,ES,1.000,351,52.100,61.700,85.200,100.800,115.800,135.100,149.600,164.100,183.100,0,0.000,0.000,0.000,,,
1263,Río Miño en Cela Brazo derecho,2897500,2392500,1075,Minho,Minho,Minho,ES,1.000,351,75.200,87.200,116.800,136.400,155.100,179.400,197.700,215.800,239.700,0,0.000,0.000,0.000,,,
1264,Río Miño en Cela Brazo Izquierdo,2902500,2397500,1050,Minho,Minho,Minho,ES,1.000,351,73.500,85.300,114.200,133.400,151.800,175.600,193.400,211.200,234.600,0,0.000,0.000,0.000,,,
1266,Río Ladra en Begonte,2892500,2397500,825,Minho,Ladra,Minho,ES,2.000,341,175.200,201.300,265.500,308.000,348.700,401.500,441.000,480.400,532.400,1,1.000,0.000,0.000,1.000,1.000,1.000
1269,Río Neira en Paramo (o),2902500,2362500,800,Minho,Neira,Minho,ES,2.000,321,77.600,88.500,115.300,133.100,150.200,172.200,188.800,205.200,227.000,0,0.000,0.000,0.000,,,
1272,Río Cua en Quilos,2957500,2322500,500,Sil,Cua,Minho,ES,3.000,261,53.300,63.000,86.900,102.700,117.900,137.600,152.300,167.000,186.400,0,0.000,0.000,2.000,,0.000,0.000
1274,Río Cabrera Pte Domingo Florez,2952500,2297500,550,Sil,Cabrera,Minho,ES,3.000,241,18.600,21.500,28.600,33.300,37.800,43.700,48.000,52.400,58.200,0,0.000,0.000,0.000,,,
1279,Río Arnoia en Arnoia,2837500,2307500,750,Minho,Arnoia,Minho,ES,2.000,121,54.600,70.800,110.600,136.900,162.100,194.800,219.300,243.700,275.900,0,0.000,0.000,0.000,,,
1281,Río Limia en Ponteliñares,2852500,2277500,700,Limia,Lima,Lima,ES,1.000,1,56.600,68.400,97.400,116.600,135.100,158.900,176.800,194.600,218.100,0,0.000,0.000,0.000,,,
1284,Río Sil en Ponferrada,2972500,2317500,850,Sil,Sil,Minho,ES,2.000,271,61.000,75.300,110.700,134.100,156.500,185.600,207.300,229.000,257.600,0,0.000,0.000,1.000,,0.000,0.000
1285,Río Cua en Cacabelos,2957500,2317500,525,Sil,Cua,Minho,ES,3.000,261,55.100,65.200,90.000,106.400,122.200,142.600,157.900,173.100,193.200,0,0.000,0.000,2.000,,0.000,0.000
1289,Río Avia en Leiro,2837500,2322500,600,Minho,Avia,Minho,ES,2.000,141,68.500,78.100,101.900,117.700,132.800,152.400,167.100,181.700,201.000,1,1.000,0.000,3.000,1.000,0.250,0.400
1290,Río Avia en Ribadavia,2837500,2317500,625,Minho,Avia,Minho,ES,2.000,141,70.700,80.600,104.900,121.000,136.500,156.500,171.400,186.400,206.100,1,1.000,0.000,4.000,1.000,0.200,0.333
1291,Río Miño en Salvaterra do Miño,2807500,2297500,15550,Minho,Minho,Minho,ES,1.000,111,1085.300,1272.100,1731.900,2036.300,2328.300,2706.200,2989.400,3271.600,3643.900,0,0.000,0.000,0.000,,,
1300,Río Arnoia en Pontefreixo,2847500,2297500,550,Minho,Arnoia,Minho,ES,2.000,121,39.100,52.000,83.500,104.400,124.500,150.400,169.800,189.200,214.800,0,0.000,0.000,0.000,,,
1306,Río Sil en Matarrosa del Sil,2977500,2332500,650,Sil,Sil,Minho,ES,2.000,271,42.800,55.800,87.800,109.000,129.400,155.700,175.400,195.100,221.000,0,0.000,0.000,1.000,,0.000,0.000
1308,Crnece,4702500,2627500,12150,Drava,Drava,Danube,SI,,143171,868.400,1032.500,1436.300,1703.700,1960.200,2292.300,2541.000,2788.900,3116.000,0,0.000,0.000,0.000,,,
1311,Rahiv,5377500,2877500,1175,Tisa,Tisza,Danube,UA,,129707,152.300,181.900,254.800,303.100,349.400,409.400,454.300,499.000,558.100,0,0.000,0.000,0.000,,,
1316,Vylok,5267500,2862500,9050,Tisa,Tisza,Danube,UA,,129311,877.300,1045.800,1460.500,1735.100,1998.500,2339.400,2594.800,2849.400,3185.200,0,0.000,0.000,1.000,,0.000,0.000
1321,Mukacheve,5257500,2897500,1350,Tisa,Latorica,Danube,UA,,128231,252.200,296.800,406.700,479.500,549.200,639.600,707.300,774.700,863.700,1,0.000,1.000,0.000,0.000,,0.000
1322,Chop,5222500,2892500,2300,Tisa,Latorica,Danube,UA,,128231,220.300,259.500,355.800,419.600,480.800,560.000,619.300,678.400,756.500,2,0.000,2.000,0.000,0.000,,0.000
1324,Zaricheve,5232500,2932500,1325,Tisa,Uzh,Danube,UA,,128222,174.200,201.300,267.800,311.900,354.200,408.900,450.000,490.800,544.700,0,0.000,0.000,0.000,,,
1325,Yzgorod,5227500,2912500,1975,Tisa,Uzh,Danube,UA,,128222,245.700,286.800,387.900,454.800,519.000,602.000,664.300,726.300,808.200,1,0.000,1.000,0.000,0.000,,0.000
1327,Chernivtsi,5497500,2927500,7100,Prut,Prut,Danube,UA,,21111,604.800,767.900,1169.200,1434.900,1689.800,2019.700,2267.000,2513.300,2838.300,0,0.000,0.000,0.000,,,
1328,Usteriky,5427500,2892500,1525,Prut,Cheremosh,Danube,UA,,22111,220.900,260.800,359.000,424.100,486.500,567.200,627.700,688.000,767.600,0,0.000,0.000,0.000,,,
1330,Rozdol,5332500,3022500,5550,"Dniester, headwaters",Dniester,Dniester,UA,1.000,71,209.600,282.100,460.700,578.800,692.200,838.900,948.900,1058.500,1203.000,0,0.000,0.000,0.000,,,
1331,Zhyravne,5352500,3012500,9900,"Dniester, below Stryi",Dniester,Dniester,UA,1.000,55,564.800,706.300,1054.700,1285.300,1506.600,1793.000,2007.600,2221.400,2503.500,0,0.000,0.000,0.000,,,
1332,Galych,5387500,2997500,14950,"Dniester, below Stryi",Dniester,Dniester,UA,1.000,51,1038.000,1305.700,1964.600,2400.800,2819.200,3360.800,3766.700,4171.000,4704.500,0,0.000,0.000,0.000,,,
1334,Zalishyky,5467500,2962500,24725,"Dniester, below Stryi",Dniester,Dniester,UA,1.000,51,1279.900,1655.200,2578.500,3189.900,3776.300,4535.400,5104.200,5671.000,6418.700,0,0.000,0.000,0.000,,,
1335,Mogilyv Podilskyi,5617500,2972500,42975,"Dniester, below Seret",Dniester,Dniester,UA,1.000,31,859.800,1322.800,2462.000,3216.300,3939.800,4876.300,5578.100,6277.300,7199.800,0,0.000,0.000,0.000,,,
1337,Verhne Synyovydne,5307500,2977500,2425,Stryi,Stryi,Dniester,UA,2.000,61,379.900,465.200,675.200,814.200,947.600,1120.200,1249.600,1378.500,1548.500,0,0.000,0.000,0.000,,,
1339,Yasenytsya,5272500,2987500,1025,Stryi,Stryi,Dniester,UA,2.000,61,167.500,201.900,286.400,342.400,396.100,465.700,517.800,569.700,638.200,0,0.000,0.000,0.000,,,
1340,Zarichne,5337500,2992500,1325,"Dniester, below Stryi",Svicha,Dniester,UA,2.000,54,252.500,320.400,487.600,598.200,704.400,841.800,944.800,1047.400,1182.700,0,0.000,0.000,0.000,,,
1341,Perevozets,5382500,2992500,1500,"Dniester, below Stryi",Limnytsya,Dniester,UA,2.000,52,148.200,208.400,356.700,454.800,549.000,670.800,762.200,853.200,973.200,0,0.000,0.000,0.000,,,
1342,Chortkiv,5462500,3007500,3150,Seret,Seret,Dniester,UA,2.000,41,38.300,54.100,92.700,118.300,142.900,174.600,198.400,222.200,253.500,0,0.000,0.000,0.000,,,
1343,Lytovezh,5322500,3152500,6800,Narew,Bug,Vistula,UA,3.000,2419,111.300,135.400,194.800,234.100,271.800,320.600,357.200,393.600,441.700,0,0.000,0.000,0.000,,,
1344,Kamyanka Buzhska,5342500,3097500,2425,Narew,Bug,Vistula,UA,3.000,2419,48.100,57.100,79.100,93.600,107.600,125.700,139.200,152.700,170.500,0,0.000,0.000,1.000,,0.000,0.000
1345,Lubeshiv,5387500,3302500,2850,Pripyat,Stokhid,Dnieper,UA,3.000,674,40.400,54.700,90.100,113.600,136.000,165.100,186.900,208.600,237.300,0,0.000,0.000,0.000,,,
1346,Lutsk,5397500,3182500,7150,Pripyat,Styr,Dnieper,UA,3.000,661,84.900,105.100,154.900,187.800,219.400,260.300,290.900,321.400,361.700,0,0.000,0.000,0.000,,,
1348,Mlynok,5427500,3287500,11200,Pripyat,Styr,Dnieper,UA,3.000,661,172.000,208.200,297.200,356.100,412.600,485.800,540.600,595.200,667.300,0,0.000,0.000,0.000,,,
1349,Yampil,5477500,3112500,1425,Pripyat,Horyn,Dnieper,UA,4.000,644,21.600,27.700,43.000,53.100,62.800,75.300,84.700,94.000,106.400,0,0.000,0.000,0.000,,,
1350,Ozenin,5487500,3167500,5850,Pripyat,Horyn,Dnieper,UA,4.000,644,63.400,83.300,132.300,164.800,196.000,236.300,266.500,296.600,336.300,0,0.000,0.000,0.000,,,
1351,Derazhne,5442500,3202500,9150,Pripyat,Horyn,Dnieper,UA,4.000,644,105.100,135.700,211.100,261.000,308.900,370.900,417.300,463.600,524.600,0,0.000,0.000,0.000,,,
1353,Novograd-Volynskyi,5557500,3202500,7525,Pripyat,Sluch,Dnieper,UA,4.000,642,111.300,149.400,243.400,305.500,365.200,442.400,500.200,557.800,633.900,0,0.000,0.000,0.000,,,
1354,Sarny,5472500,3267500,13250,Pripyat,Sluch,Dnieper,UA,4.000,642,231.400,304.700,485.100,604.600,719.100,867.400,978.600,1089.300,1235.400,0,0.000,0.000,0.000,,,
1356,Chooz,3942500,3012500,10225,Meuse,Meuse,Rhine,BE,,2731,602.600,698.700,935.200,1091.900,1242.100,1436.600,1582.300,1727.500,1919.000,1,1.000,0.000,0.000,1.000,1.000,1.000
1357,Amay,3982500,3057500,16750,Meuse,Meuse,Rhine,BE,,2511,933.400,1094.000,1489.300,1750.900,2001.900,2326.800,2570.300,2812.900,3132.900,1,1.000,0.000,0.000,1.000,1.000,1.000
1358,Vise-Lixhe,4012500,3072500,20825,Meuse,Meuse,Rhine,BE,,2331,1151.100,1333.900,1784.000,2082.000,2367.800,2737.800,3015.100,3291.300,3655.800,1,1.000,0.000,0.000,1.000,1.000,1.000
1359,Angleur,4012500,3062500,3725,Meuse,Ourthe,Rhine,BE,,2411,295.300,334.000,429.200,492.200,552.700,630.900,689.600,748.000,825.100,1,1.000,0.000,0.000,1.000,1.000,1.000
1360,Salzinnes-Ronet,3947500,3052500,2900,Meuse,Sambre,Rhine,BE,,2611,148.300,175.900,243.600,288.500,331.600,387.300,429.100,470.700,525.600,1,0.000,1.000,0.000,0.000,,0.000
1361,Tournai,3852500,3077500,4975,Scheldt,Scheldt,Scheldt,BE,,71,117.500,136.800,184.400,215.900,246.100,285.200,314.500,343.700,382.200,0,0.000,0.000,0.000,,,
1362,Ballathie,3497500,3782500,4550,Tay,Tay,Tay,UK,1.000,3,550.300,641.700,866.600,1015.600,1158.400,1343.300,1481.900,1619.900,1802.100,1,1.000,0.000,1.000,1.000,0.500,0.667
1363,Boat O Brig,3532500,3892500,2850,Spey,Spey,Spey,UK,1.000,1,341.500,393.700,522.200,607.300,688.900,794.500,873.700,952.500,1056.600,0,0.000,0.000,0.000,,,
1364,Brigde of Teith,3452500,3762500,625,Teith,Teith,Forth,UK,2.000,2,114.700,145.900,222.700,273.600,322.300,385.400,432.800,479.900,542.100,1,0.000,1.000,1.000,0.000,0.000,0.000
1365,Camisky,3412500,3847500,1250,Lochy,Lochy,Lochy,UK,1.000,1,129.700,163.500,246.800,301.800,354.700,423.100,474.300,525.400,592.800,0,0.000,0.000,0.000,,,
1366,Craigforth,3457500,3757500,1175,Forth,Forth,Forth,UK,1.000,1,153.900,188.800,274.400,331.200,385.600,456.000,508.800,561.400,630.800,1,0.000,1.000,1.000,0.000,0.000,0.000
1367,Daldowie,3442500,3722500,1975,Clyde,Clyde,Clyde,UK,1.000,1,434.800,472.600,565.800,627.500,686.700,763.300,820.700,877.900,953.300,3,0.000,3.000,1.000,0.000,0.000,0.000
1368,Ellon,3597500,3867500,650,Ythan,Ythan,Ythan,UK,1.000,1,29.500,39.600,64.300,80.800,96.500,116.900,132.100,147.300,167.400,1,0.000,1.000,0.000,0.000,,0.000
1369,Forres,3507500,3907500,875,Findhor,Findhorn,Findhor,UK,1.000,1,183.000,208.400,270.800,312.100,351.800,403.100,441.500,479.800,530.400,0,0.000,0.000,1.000,,0.000,0.000
1370,Friars Carse,3452500,3642500,775,Nith,Nith,Nith,UK,1.000,1,76.000,82.800,99.500,110.600,121.300,135.000,145.300,155.600,169.200,1,0.000,1.000,1.000,0.000,0.000,0.000
1371,Kinkell Bridge,3477500,3772500,600,Earn,Earn,Tay,UK,2.000,2,103.200,120.200,162.200,189.900,216.600,251.000,276.900,302.600,336.500,1,0.000,1.000,1.000,0.000,0.000,0.000
1372,Moy Bridge,3457500,3917500,975,Conon,Conon,Conon,UK,1.000,1,124.900,156.600,234.600,286.200,335.700,399.800,447.800,495.700,558.800,0,0.000,0.000,0.000,,,
1373,Muiresk,3577500,3892500,950,Deveron,Deveron,Deveron,UK,1.000,1,155.700,197.000,298.800,366.200,430.800,514.400,577.100,639.500,721.900,1,0.000,1.000,0.000,0.000,,0.000
1374,Ness-side,3472500,3902500,1850,Ness,Ness,Ness,UK,1.000,1,143.400,177.600,262.000,317.800,371.400,440.700,492.600,544.400,612.700,0,0.000,0.000,0.000,,,
1375,Norham,3562500,3692500,4400,Tweed,Tweed,Tweed,UK,1.000,3,539.000,606.000,770.800,879.900,984.600,1120.100,1221.600,1322.800,1456.300,1,0.000,1.000,0.000,0.000,,0.000
1376,Parkhill,3582500,3857500,1275,Don,Don,Don,UK,1.000,1,140.500,171.000,246.200,295.900,343.700,405.400,451.700,497.800,558.700,1,1.000,0.000,0.000,1.000,1.000,1.000
1377,Sprouston,3542500,3677500,3375,Tweed,Tweed,Tweed,UK,1.000,3,493.400,556.800,712.900,816.300,915.500,1043.900,1140.000,1235.900,1362.300,1,0.000,1.000,0.000,0.000,,0.000
1378,Woodend,3557500,3842500,1350,Dee,Dee,Dee,UK,1.000,1,197.400,227.300,300.800,349.500,396.200,456.700,502.000,547.100,606.700,2,1.000,1.000,2.000,0.500,0.333,0.400
1399,Nava Weir,3227500,3517500,1725,Boyne,Boyne,Boyne,IE,1.000,3,115.300,139.200,198.000,236.900,274.200,322.500,358.700,394.800,442.400,1,0.000,1.000,0.000,0.000,,0.000
1400,Liscarton,3222500,3527500,625,Kells Blackwater,Blackwater (Kells),Boyne,IE,2.000,2,49.900,58.700,80.200,94.500,108.200,125.900,139.200,152.400,169.900,0,0.000,0.000,0.000,,,
1401,Slane Castle,3232500,3522500,2475,Boyne,Boyne,Boyne,IE,1.000,1,168.500,201.800,283.800,338.100,390.100,457.500,508.000,558.400,624.800,0,0.000,0.000,0.000,,,
1402,Scarawalsh,3207500,3402500,1000,Slaney,Slaney,Slaney,IE,1.000,1,100.700,119.100,164.400,194.400,223.200,260.400,288.300,316.100,352.800,1,0.000,1.000,1.000,0.000,0.000,0.000
1403,Royal Oak,3187500,3427500,2425,Barrow,Barrow,Barrow,IE,1.000,5,126.300,150.600,210.600,250.400,288.500,337.800,374.800,411.600,460.200,0,0.000,0.000,0.000,,,
1404,Levitstown,3192500,3452500,1725,Barrow,Barrow,Barrow,IE,1.000,5,92.400,109.100,150.200,177.500,203.600,237.400,262.800,288.000,321.300,0,0.000,0.000,0.000,,,
1405,Graiguenamanagh,3187500,3407500,2825,Barrow,Barrow,Barrow,IE,1.000,5,136.300,161.300,223.000,263.900,303.100,353.800,391.800,429.600,479.600,0,0.000,0.000,0.000,,,
1406,John's Bridge,3162500,3427500,1600,Nore,Nore,Barrow,IE,2.000,4,125.000,141.400,181.500,208.100,233.600,266.600,291.300,316.000,348.500,0,0.000,0.000,0.000,,,
1407,Brownsbarn,3172500,3402500,2450,Nore,Nore,Barrow,IE,2.000,4,174.900,200.300,262.700,304.000,343.700,395.000,433.400,471.700,522.200,0,0.000,0.000,1.000,,0.000,0.000
1408,Cahir Park,3112500,3402500,1625,Suir,Suir,Barrow,IE,2.000,2,109.600,122.300,153.500,174.100,193.900,219.600,238.800,257.900,283.100,0,0.000,0.000,1.000,,0.000,0.000
1409,Clonmel,3127500,3397500,2150,Suir,Suir,Barrow,IE,2.000,2,160.600,182.200,235.400,270.600,304.300,348.000,380.800,413.400,456.500,1,0.000,1.000,1.000,0.000,0.000,0.000
1410,Ballyduff,3092500,3382500,2325,Munster Blackwater,Munster Blackwater,Blackwater,IE,1.000,1,256.900,284.700,353.400,398.800,442.300,498.700,541.000,583.100,638.600,4,1.000,3.000,0.000,0.250,1.000,0.400
1411,Kilavullen,3062500,3387500,1250,Munster Blackwater,Munster Blackwater,Blackwater,IE,1.000,1,187.000,206.700,255.200,287.300,318.100,357.900,387.800,417.500,456.800,2,0.000,2.000,1.000,0.000,0.000,0.000
1412,Castleroberts,3067500,3432500,875,Maigue,Maigue,Shannon,IE,2.000,21,70.600,76.800,92.100,102.100,111.800,124.300,133.700,143.100,155.400,0,0.000,0.000,0.000,,,
1413,Annacotty,3082500,3442500,650,"Shannon, below Brosna",Mulkear,Shannon,IE,2.000,32,83.200,94.400,122.200,140.500,158.100,180.900,198.000,215.000,237.500,0,0.000,0.000,0.000,,,
1414,Ferbane,3147500,3497500,1175,Brosna,Brosna,Shannon,IE,2.000,41,69.700,81.500,110.600,129.800,148.200,172.100,190.000,207.900,231.400,1,0.000,1.000,0.000,0.000,,0.000
1415,Banagher,3127500,3492500,7950,"Shannon, below Brosna",Shannon,Shannon,IE,1.000,33,381.300,430.400,551.100,631.000,707.600,806.800,881.200,955.300,1053.000,0,0.000,0.000,0.000,,,
1416,Bellagill,3122500,3512500,1500,Suck,Suck,Shannon,IE,2.000,61,91.800,103.000,130.700,149.100,166.700,189.500,206.500,223.500,246.000,0,0.000,0.000,0.000,,,
1417,Ballymahon,3157500,3527500,1125,Inny,Inny,Shannon,IE,2.000,81,53.900,61.000,78.600,90.200,101.400,115.800,126.600,137.400,151.600,1,0.000,1.000,0.000,0.000,,0.000
1418,Cong Weir,3057500,3562500,675,Robe,Cong,Corrib,IE,2.000,4,47.400,51.700,62.100,69.000,75.700,84.300,90.700,97.100,105.600,0,0.000,0.000,0.000,,,
1419,Rahans,3082500,3607500,1925,Moy,Moy,Moy,IE,1.000,1,173.200,194.000,245.000,278.800,311.200,353.100,384.500,415.900,457.200,0,0.000,0.000,0.000,,,
1420,Butlers Bridge,3197500,3572500,775,Erne,Annalee,Erne,IE,2.000,2,49.700,58.500,80.000,94.200,107.900,125.600,138.900,152.100,169.500,0,0.000,0.000,0.000,,,
1421,Belturbet,3192500,3582500,1525,Erne,Erne,Erne,IE,1.000,1,85.600,99.300,133.000,155.400,176.800,204.500,225.300,245.900,273.200,0,0.000,0.000,0.000,,,
1423,Agroal,2747500,2032500,650,Zezere,Nabao,Tagus,PT,3.000,321,21.800,26.300,37.600,45.100,52.200,61.500,68.400,75.400,84.500,1,0.000,1.000,1.000,0.000,0.000,0.000
1428,Castelo Bom,2897500,2102500,950,Coa,Coa,Douro,PT,2.000,8111,81.500,101.400,150.300,182.700,213.700,253.900,284.100,314.100,353.700,0,0.000,0.000,0.000,,,
1430,Cidadelhe,2887500,2142500,1775,Coa,Coa,Douro,PT,2.000,8111,146.400,181.500,267.900,325.200,380.100,451.100,504.400,557.400,627.400,0,0.000,0.000,0.000,,,
1433,Escalhão,2902500,2147500,2550,Agueda,Agueda,Douro,PT,2.000,10111,168.400,232.100,388.900,492.700,592.300,721.200,817.800,914.000,1041.000,0,0.000,0.000,0.000,,,
1434,Fábrica Da Matrena,2747500,2017500,1050,Zezere,Nabao,Tagus,PT,3.000,321,36.800,44.400,63.200,75.700,87.600,103.100,114.600,126.200,141.400,1,0.000,1.000,0.000,0.000,,0.000
1435,Fragas Da Torre,2797500,2167500,650,Paiva,Paiva,Douro,PT,2.000,4111,251.400,284.800,366.900,421.300,473.400,540.900,591.500,641.900,708.400,0,0.000,0.000,1.000,,0.000,0.000
1436,Fridão,2822500,2207500,2575,Tamega,Tamega,Douro,PT,2.000,2111,483.900,549.900,712.400,820.000,923.100,1056.700,1156.800,1256.500,1388.100,1,0.000,1.000,1.000,0.000,0.000,0.000
1437,Fronhas,2787500,2087500,675,Mondego,Alva,Mondego,PT,2.000,4,101.200,117.600,157.700,184.300,209.800,242.800,267.500,292.200,324.700,1,0.000,1.000,1.000,0.000,0.000,0.000
1439,Moinho Da Gamitinha,2712500,1857500,2650,Sado,Sado,Sado,PT,1.000,1,166.400,226.700,375.200,473.600,567.900,690.000,781.500,872.600,992.900,0,0.000,0.000,0.000,,,
1441,Moinho Novo,2767500,1972500,650,Sorraia,Sor,Tagus,PT,3.000,221,44.500,55.500,82.500,100.400,117.600,139.800,156.400,173.000,194.900,1,0.000,1.000,0.000,0.000,,0.000
1443,Monte Da Ponte,2752500,1822500,750,Cobres,Cobres,Guadiana,PT,2.000,141,5.000,8.300,16.400,21.800,27.000,33.600,38.600,43.600,50.200,0,0.000,0.000,0.000,,,
1447,Nelas,2822500,2112500,1100,Mondego,Mondego,Mondego,PT,1.000,5,143.500,168.400,229.600,270.200,309.100,359.400,397.100,434.700,484.300,1,0.000,1.000,0.000,0.000,,0.000
1448,Oeiras,2762500,1802500,500,Guadiana,Ribera de Oeiras,Guadiana,PT,2.000,121,18.100,25.600,44.100,56.400,68.200,83.400,94.800,106.200,121.200,0,0.000,0.000,0.000,,,
1450,Ponte Alvalade Campilhas,2707500,1842500,675,Sado,Ribeira de Campilhas,Sado,PT,2.000,2,31.800,47.400,85.700,111.100,135.500,167.000,190.600,214.100,245.200,0,0.000,0.000,0.000,,,
1451,Ponte Alvalade Sado,2712500,1842500,625,Sado,Sado,Sado,PT,1.000,3,46.300,61.100,97.700,122.000,145.200,175.300,197.800,220.300,249.900,0,0.000,0.000,0.000,,,
1453,Ponte Cavez,2842500,2222500,1925,Tamega,Tamega,Douro,PT,2.000,2111,302.800,349.400,464.000,539.800,612.600,706.800,777.300,847.700,940.400,2,0.000,2.000,0.000,0.000,,0.000
1454,Ponte Da Barca,2797500,2267500,2100,Lima,Lima,Lima,PT,1.000,1,189.300,222.300,303.600,357.400,409.100,475.900,526.000,575.800,641.700,1,1.000,0.000,6.000,1.000,0.143,0.250
1458,Ponte Mocate,2742500,2082500,500,Mondego,Arunca,Mondego,PT,2.000,2,42.100,49.000,66.000,77.200,87.900,101.900,112.300,122.700,136.400,0,0.000,0.000,1.000,,0.000,0.000
1459,Ponte Pinelo,2947500,2212500,550,Sabor,Ribeira do Rio Macas,Douro,PT,3.000,6111,112.900,144.700,223.000,274.800,324.500,388.800,437.000,485.000,548.400,0,0.000,0.000,0.000,,,
1464,Ponte Vila Formosa,2792500,1972500,700,Sorraia,Riberia da Raia,Tagus,PT,3.000,241,54.500,70.900,111.300,138.100,163.800,197.000,221.900,246.700,279.500,2,1.000,1.000,0.000,0.500,1.000,0.667
1465,Pulo Do Lobo,2772500,1812500,61750,Guadiana,Guadiana,Guadiana,PT,1.000,131,239.500,393.800,773.600,1025.100,1266.300,1578.500,1812.400,2045.500,2353.100,1,1.000,0.000,0.000,1.000,1.000,1.000
1467,Quinta Das Laranjeiras,2897500,2172500,3450,Sabor,Sabor,Douro,PT,2.000,6111,472.300,597.200,904.400,1107.800,1303.000,1555.600,1744.800,1933.400,2182.200,0,0.000,0.000,0.000,,,
1469,Rabaçal,2802500,2267500,2075,Lima,Lima,Lima,PT,1.000,1,185.200,217.800,297.800,350.900,401.700,467.500,516.900,566.000,630.900,1,1.000,0.000,6.000,1.000,0.143,0.250
1470,Rebordelo,2902500,2232500,875,Tua,Rabacal,Douro,PT,3.000,4211,148.000,179.200,255.800,306.500,355.100,418.100,465.300,512.300,574.400,0,0.000,0.000,1.000,,0.000,0.000
1473,Segura,2877500,2022500,1000,Erges,Erges,Tagus,PT,2.000,521,235.200,283.500,402.300,480.900,556.400,654.000,727.200,800.100,896.200,1,0.000,1.000,1.000,0.000,0.000,0.000
1479,Vendinha,2782500,1887500,825,Degebe,Degebe,Guadiana,PT,2.000,321,5.600,12.600,29.700,41.100,52.000,66.100,76.600,87.200,101.000,0,0.000,0.000,0.000,,,
1480,Vinhais (QUINTA Ranca),2922500,2237500,500,Tua,Tuela,Douro,PT,3.000,4411,46.200,58.600,89.200,109.400,128.800,153.900,172.700,191.500,216.200,0,0.000,0.000,0.000,,,
1481,Ponte Juncais,2852500,2117500,625,Mondego,Mondego,Mondego,PT,1.000,5,81.600,95.500,129.900,152.700,174.600,202.900,224.000,245.200,273.000,1,0.000,1.000,0.000,0.000,,0.000
1482,Ashton Weir,3512500,3437500,650,Mersey,Mersey,Mersey,UK,1.000,3,78.200,93.600,131.700,156.900,181.000,212.300,235.800,259.100,289.900,2,2.000,0.000,0.000,1.000,1.000,1.000
1483,Bewdley,3487500,3322500,4300,"Severn, headwaters",Severn,Severn,UK,1.000,5,325.300,393.800,562.300,673.900,781.000,919.500,1023.300,1126.800,1263.300,0,0.000,0.000,0.000,,,
1484,Evesham,3507500,3287500,2275,Avon,Avon,Severn,UK,2.000,2,152.000,194.300,298.200,367.000,433.000,518.400,582.500,646.300,730.400,0,0.000,0.000,0.000,,,
1485,Montford,3452500,3367500,1950,"Severn, headwaters",Severn,Severn,UK,1.000,5,215.300,263.800,383.200,462.200,538.000,636.100,709.600,782.900,879.500,1,0.000,1.000,0.000,0.000,,0.000
1486,Tenbury,3462500,3317500,1175,Teme,Teme,Severn,UK,2.000,4,89.600,116.300,181.900,225.400,267.100,321.100,361.500,401.800,455.000,0,0.000,0.000,0.000,,,
1487,Saxons Lode,3487500,3287500,6800,"Severn, below Teme",Severn,Severn,UK,1.000,3,435.500,531.100,766.400,922.100,1071.500,1265.000,1409.900,1554.300,1744.800,0,0.000,0.000,0.000,,,
1488,Haw Bridge,3487500,3277500,9725,"Severn, below Avon",Severn,Severn,UK,1.000,1,568.300,690.400,990.900,1189.900,1380.700,1627.700,1812.900,1997.300,2240.700,0,0.000,0.000,0.000,,,
1489,Bredon,3492500,3282500,2675,Avon,Avon,Severn,UK,2.000,2,161.500,208.400,323.800,400.200,473.500,568.300,639.400,710.200,803.600,0,0.000,0.000,0.000,,,
1490,Buildwas,3482500,3352500,3700,"Severn, headwaters",Severn,Severn,UK,1.000,5,306.400,370.600,528.500,633.100,733.500,863.300,960.600,1057.600,1185.500,0,0.000,0.000,0.000,,,
1492,Shardlow,3557500,3362500,4375,Trent,Trent,Trent,UK,1.000,7,275.300,333.600,476.900,571.900,662.900,780.800,869.100,957.100,1073.200,0,0.000,0.000,0.000,,,
1493,Colwick,3572500,3372500,7550,Trent,Trent,Trent,UK,1.000,3,429.500,514.400,723.400,861.800,994.600,1166.400,1295.200,1423.500,1592.800,0,0.000,0.000,0.000,,,
1494,Kings Bromley,3527500,3357500,1325,Trent,Trent,Trent,UK,1.000,9,69.500,87.000,130.200,158.800,186.300,221.800,248.400,274.900,309.900,0,0.000,0.000,0.000,,,
1495,Drakelow,3537500,3357500,3100,Trent,Trent,Trent,UK,1.000,9,201.100,244.400,350.800,421.300,488.900,576.400,642.000,707.400,793.600,0,0.000,0.000,0.000,,,
1496,North Muskham,3602500,3382500,8275,Trent,Trent,Trent,UK,1.000,3,445.400,532.200,745.700,887.100,1022.700,1198.300,1329.800,1460.900,1633.800,0,0.000,0.000,0.000,,,
1499,Kegworth,3567500,3357500,1350,Trent,Soar,Trent,UK,2.000,4,68.900,87.000,131.600,161.100,189.500,226.100,253.600,281.000,317.100,0,0.000,0.000,0.000,,,
1503,Derby City,3552500,3372500,1175,Trent,Derwent,Trent,UK,2.000,6,77.600,98.300,149.200,182.900,215.200,257.000,288.400,319.600,360.800,2,1.000,1.000,0.000,0.500,1.000,0.667
1506,Pillings Lock,3572500,3347500,1100,Trent,Soar,Trent,UK,2.000,4,56.500,72.300,111.200,137.000,161.800,193.800,217.800,241.700,273.300,0,0.000,0.000,0.000,,,
1509,Salisbury Harnham Bridge,3497500,3172500,1250,Avon (Hampshire),Avon (Hampshire),Stour,UK,2.000,2,70.000,81.100,108.200,126.200,143.500,165.800,182.500,199.200,221.200,1,0.000,1.000,0.000,0.000,,0.000
1510,Throop,3487500,3142500,1050,Stour,Stour,Stour,UK,1.000,3,77.200,86.100,107.800,122.200,136.000,153.900,167.300,180.700,198.300,3,0.000,3.000,0.000,0.000,,0.000
1514,Wimborne A31,3482500,3142500,1025,Stour,Stour,Stour,UK,,3,75.100,83.700,104.900,118.900,132.400,149.800,162.800,175.800,192.900,3,0.000,3.000,0.000,0.000,,0.000
1519,Trews Weir,3372500,3157500,1250,Exe,Exe,Exe,UK,1.000,1,126.900,146.600,195.100,227.200,258.000,297.800,327.700,357.500,396.700,1,0.000,1.000,0.000,0.000,,0.000
1526,Bath Ultrasonic,3462500,3212500,1625,Avon (Bristol),Avon (Bristol),Avon,UK,1.000,1,79.100,89.700,115.900,133.200,149.800,171.300,187.400,203.400,224.600,1,0.000,1.000,0.000,0.000,,0.000
1527,Bathford,3467500,3212500,1600,Avon (Bristol),Avon (Bristol),Avon,UK,1.000,1,77.600,88.000,113.700,130.800,147.100,168.300,184.100,199.900,220.700,1,0.000,1.000,0.000,0.000,,0.000
1529,Kearsley,3507500,3452500,525,Mersey,Irwell,Mersey,UK,2.000,2,94.700,116.000,168.600,203.300,236.700,279.900,312.200,344.500,387.000,4,1.000,3.000,0.000,0.250,1.000,0.400
1531,Westy,3492500,3437500,2025,Mersey,Mersey,Mersey,UK,1.000,1,240.600,291.000,415.100,497.300,576.200,678.200,754.600,830.800,931.300,2,1.000,1.000,0.000,0.500,1.000,0.667
1534,Samlesbury,3492500,3482500,1125,Ribble,Ribble,Ribble,UK,1.000,1,273.100,361.400,578.800,722.700,860.700,1039.400,1173.300,1306.700,1482.700,0,0.000,0.000,1.000,,0.000,0.000
1535,New Jumbles Rock,3507500,3482500,1025,Ribble,Ribble,Ribble,UK,1.000,1,256.800,342.000,551.800,690.700,823.900,996.400,1125.600,1254.400,1424.300,0,0.000,0.000,1.000,,0.000,0.000
1536,Great Corby,3502500,3602500,1450,Eden,Eden,Eden,UK,1.000,1,254.400,315.900,467.400,567.600,663.800,788.300,881.500,974.500,1097.100,0,0.000,0.000,0.000,,,
1537,Sheepmount,3497500,3607500,2375,Eden,Eden,Eden,UK,1.000,1,419.000,502.300,707.200,842.900,973.100,1141.600,1267.800,1393.600,1559.600,0,0.000,0.000,0.000,,,
1542,Farmoor,3537500,3242500,1550,Thames,Thames,Thames,UK,1.000,95,74.700,101.600,167.900,211.700,253.800,308.300,349.100,389.800,443.500,0,0.000,0.000,0.000,,,
1543,Sutton Courtenay,3547500,3232500,3375,Thames,Thames,Thames,UK,1.000,93,124.000,164.800,265.200,331.600,395.400,477.800,539.700,601.300,682.500,0,0.000,0.000,0.000,,,
1544,Wheatley,3562500,3242500,550,Thames,Thame,Thames,UK,2.000,92,45.100,53.500,74.200,87.800,100.900,117.900,130.600,143.300,160.000,2,0.000,2.000,0.000,0.000,,0.000
1545,Reading,3557500,3207500,4625,Thames,Thames,Thames,UK,1.000,91,192.600,241.300,361.100,440.500,516.600,615.100,689.000,762.500,859.600,0,0.000,0.000,0.000,,,
1546,Newbury,3532500,3207500,550,Kennet,Kennet,Thames,UK,2.000,81,12.300,14.300,19.400,22.700,25.900,30.000,33.100,36.200,40.300,1,0.000,1.000,0.000,0.000,,0.000
1550,Maidenhead,3582500,3212500,7075,Thames,Thames,Thames,UK,1.000,71,274.000,330.800,470.700,563.300,652.100,767.100,853.300,939.100,1052.400,0,0.000,0.000,0.000,,,
1551,Windsor Park,3587500,3207500,7175,Thames,Thames,Thames,UK,1.000,71,277.200,334.400,475.200,568.400,657.800,773.500,860.200,946.600,1060.600,0,0.000,0.000,0.000,,,
1552,Hythe End,3592500,3202500,1000,Colne,Colne,Thames,UK,2.000,61,32.700,37.400,49.000,56.700,64.100,73.600,80.800,87.900,97.300,1,0.000,1.000,0.000,0.000,,0.000
1553,Staines Trading Estate,3597500,3207500,975,Colne,Colne,Thames,UK,2.000,61,30.600,34.900,45.600,52.600,59.300,68.100,74.600,81.200,89.800,1,0.000,1.000,0.000,0.000,,0.000
1554,Staines,3592500,3197500,8300,Thames,Thames,Thames,UK,1.000,53,301.500,361.100,507.800,604.900,698.100,818.600,909.000,999.000,1117.800,0,0.000,0.000,0.000,,,
1557,Hoe Stream at Woking,3587500,3182500,900,Wey,Hoe,Thames,UK,2.000,41,19.400,23.100,32.000,38.000,43.700,51.000,56.500,62.000,69.300,0,0.000,0.000,0.000,,,
1558,Guildford,3587500,3177500,775,Wey,Wey,Thames,UK,2.000,41,15.300,18.400,26.100,31.100,36.000,42.300,47.000,51.700,57.900,0,0.000,0.000,0.000,,,
1559,Weybridge,3592500,3187500,950,Wey,Wey,Thames,UK,2.000,41,20.500,24.300,33.800,40.100,46.100,53.900,59.700,65.500,73.100,0,0.000,0.000,0.000,,,
1560,Walton,3597500,3192500,9500,Thames,Thames,Thames,UK,1.000,31,331.300,393.200,545.600,646.600,743.400,868.700,962.600,1056.100,1179.600,0,0.000,0.000,0.000,,,
1564,Thames at Kingston (Backup),3592500,3192500,1050,Thames,The Bourne,Thames,UK,1.000,52,24.000,28.300,39.000,46.100,52.900,61.700,68.300,74.900,83.600,0,0.000,0.000,0.000,,,
1565,Kingston,3602500,3192500,10000,Thames,Thames,Thames,UK,1.000,31,346.200,409.400,564.800,667.700,766.400,894.200,989.900,1085.300,1211.200,0,0.000,0.000,0.000,,,
1568,"Hoddesdon, Rye Bridge",3632500,3237500,825,Lee,Lee,Thames,UK,2.000,22,23.500,27.400,36.800,43.100,49.100,56.800,62.600,68.400,76.100,4,0.000,4.000,1.000,0.000,0.000,0.000
1575,Costessey Mill Sluice,3727500,3322500,600,Yare,Wensum,Yare,UK,1.000,1,13.800,16.900,24.500,29.600,34.400,40.700,45.400,50.100,56.300,1,0.000,1.000,2.000,0.000,0.000,0.000
1589,Skelton,3592500,3487500,3250,Ouse,Ouse,Ouse,UK,1.000,7,416.400,496.100,692.100,821.800,946.300,1107.400,1228.200,1348.500,1507.200,0,0.000,0.000,0.000,,,
1592,Bywell,3562500,3602500,2225,Tyne,Tyne,Tyne,UK,1.000,1,592.900,683.900,907.700,1055.800,1197.900,1381.900,1519.700,1657.100,1838.300,1,1.000,0.000,0.000,1.000,1.000,1.000
1595,Verhnedvinsk,5432500,3767500,51775,"Daugava, below Dysna",Daugava,Daugava,BY,1.000,35,1225.000,1469.900,2072.800,2472.000,2854.800,3350.400,3721.800,4091.800,4580.000,0,0.000,0.000,0.000,,,
1598,Svetlogorsk,5637500,3462500,24500,Berezina,Berezina,Dnieper,BY,2.000,921,346.800,417.800,592.600,708.300,819.300,963.000,1070.700,1178.000,1319.600,0,0.000,0.000,0.000,,,
1604,Novoselki,5612500,3792500,1650,Daugava,Usvyacha,Daugava,BY,2.000,54,49.400,58.100,79.500,93.700,107.200,124.800,138.000,151.100,168.400,0,0.000,0.000,0.000,,,
1605,Bocheykovo,5527500,3712500,3425,Daugava,Ulla,Daugava,BY,2.000,53,80.500,101.000,151.300,184.700,216.700,258.100,289.100,320.000,360.800,0,0.000,0.000,0.000,,,
1606,Obol,5517500,3747500,2375,Daugava,Obol,Daugava,BY,2.000,52,66.000,80.100,114.700,137.700,159.700,188.200,209.500,230.800,258.800,1,0.000,1.000,0.000,0.000,,0.000
1607,Sharkovshchina,5407500,3707500,5125,Dysna,Dysna,Daugava,BY,2.000,41,119.400,147.200,215.700,261.000,304.500,360.800,402.900,445.000,500.400,0,0.000,0.000,0.000,,,
1608,Dernovichi,5457500,3767500,4600,"Daugava, below Dysna",Drissa,Daugava,BY,2.000,34,107.600,130.700,187.400,224.900,260.900,307.500,342.400,377.200,423.100,1,1.000,0.000,0.000,1.000,1.000,1.000
1609,Stolbtsy,5422500,3497500,3025,"Nemunas, headwaters",Nemunas,Nemunas,BY,1.000,531,73.300,87.700,123.000,146.400,168.900,197.900,219.700,241.400,270.000,0,0.000,0.000,1.000,,0.000,0.000
1610,Belitsa,5327500,3497500,16850,"Nemunas, headwaters",Nemunas,Nemunas,BY,1.000,511,362.200,441.100,635.200,763.700,887.000,1046.600,1166.200,1285.300,1442.500,0,0.000,0.000,1.000,,0.000,0.000
1611,Mosty,5277500,3462500,27675,"Nemunas, below Shchara",Nemunas,Nemunas,BY,1.000,371,530.500,657.100,968.500,1174.800,1372.600,1628.600,1820.500,2011.700,2263.900,0,0.000,0.000,0.000,,,
1612,Lubinyata,5337500,3542500,975,"Nemunas, headwaters",Gavya,Nemunas,BY,2.000,521,24.500,30.900,46.800,57.300,67.400,80.500,90.300,100.100,112.900,0,0.000,0.000,0.000,,,
1613,Slonim,5342500,3432500,5050,Shchara,Shchara,Nemunas,BY,2.000,411,101.800,134.100,213.600,266.200,316.600,382.000,430.900,479.700,544.000,0,0.000,0.000,0.000,,,
1614,Studenets,5277500,3447500,950,"Nemunas, below Shchara",Ross,Nemunas,BY,2.000,361,17.100,25.200,45.100,58.300,71.000,87.400,99.700,111.900,128.100,0,0.000,0.000,0.000,,,
1615,Dinevichi,5242500,3432500,625,"Nemunas, below Shchara",Svisloch,Nemunas,BY,2.000,321,11.100,16.500,29.800,38.600,47.000,58.000,66.200,74.300,85.100,0,0.000,0.000,0.000,,,
1616,Sakhkombinat,5257500,3472500,1625,"Nemunas, below Shchara",Kotra,Nemunas,BY,2.000,341,29.400,40.400,67.500,85.400,102.600,124.800,141.500,158.100,180.000,0,0.000,0.000,0.000,,,
1617,Steshitsy,5437500,3632500,1225,Neris,Neris,Nemunas,BY,2.000,271,22.100,27.300,40.200,48.700,56.900,67.500,75.500,83.400,93.800,0,0.000,0.000,0.000,,,
1618,Mikhalishki,5347500,3642500,10325,Neris,Neris,Nemunas,BY,2.000,271,148.600,186.700,280.500,342.600,402.100,479.200,537.000,594.500,670.500,0,0.000,0.000,0.000,,,
1619,Brest ,5262500,3307500,5800,Narew,Muchavets,Vistula,BY,4.000,2418,70.800,91.200,141.500,174.700,206.700,248.000,279.000,309.800,350.500,0,0.000,0.000,0.000,,,
1620,Kamenets,5257500,3347500,2150,Narew,Lesnaya,Vistula,BY,4.000,2416,23.200,34.100,60.800,78.600,95.600,117.600,134.000,150.500,172.200,0,0.000,0.000,0.000,,,
1622,Orsha,5622500,3672500,18300,"Dnieper, headwaters",Dnieper,Dnieper,BY,1.000,951,356.600,410.800,544.400,632.700,717.500,827.300,909.500,991.500,1099.600,1,1.000,0.000,1.000,1.000,0.500,0.667
1623,Mogilev,5637500,3607500,20700,"Dnieper, headwaters",Dnieper,Dnieper,BY,1.000,951,384.300,445.300,595.500,694.900,790.300,913.700,1006.200,1098.300,1219.900,0,0.000,0.000,1.000,,0.000,0.000
1624,Zhlobin,5652500,3492500,29975,"Dnieper, headwaters",Dnieper,Dnieper,BY,1.000,931,468.600,551.700,756.300,891.700,1021.700,1189.800,1315.800,1441.400,1607.000,0,0.000,0.000,0.000,,,
1625,Rechitsa,5692500,3447500,60275,"Dnieper, below Berezina",Dnieper,Dnieper,BY,1.000,911,807.500,962.600,1344.400,1597.100,1839.500,2153.300,2388.500,2622.800,2931.900,0,0.000,0.000,0.000,,,
1626,Gorodishche,5612500,3577500,2900,"Dnieper, headwaters",Drut,Dnieper,BY,2.000,941,42.400,53.200,79.800,97.400,114.300,136.100,152.500,168.800,190.400,0,0.000,0.000,0.000,,,
1627,Borisov,5512500,3612500,5425,Berezina,Berezina,Dnieper,BY,2.000,923,93.500,112.900,160.700,192.300,222.600,261.800,291.300,320.600,359.200,0,0.000,0.000,0.000,,,
1628,Bobruisk,5582500,3517500,20400,Berezina,Berezina,Dnieper,BY,2.000,921,303.500,365.900,519.500,621.200,718.800,845.100,939.700,1034.000,1158.400,0,0.000,0.000,0.000,,,
1629,Terebuty,5527500,3517500,6200,Berezina,Svisloch,Dnieper,BY,3.000,922,95.500,115.400,164.300,196.700,227.800,268.000,298.100,328.200,367.800,0,0.000,0.000,1.000,,0.000,0.000
1630,Krichev,5732500,3612500,10250,Sozh,Sozh,Dnieper,BY,2.000,871,196.100,229.300,311.000,365.000,416.900,484.000,534.300,584.500,650.600,1,1.000,0.000,0.000,1.000,1.000,1.000
1631,Slavgorod,5697500,3572500,17875,Sozh,Sozh,Dnieper,BY,2.000,851,295.600,357.800,510.900,612.300,709.500,835.400,929.700,1023.700,1147.700,0,0.000,0.000,1.000,,0.000,0.000
1632,Gomel,5727500,3457500,38775,Sozh,Sozh,Dnieper,BY,2.000,811,532.600,668.800,1003.800,1225.600,1438.300,1713.700,1920.100,2125.700,2396.900,1,1.000,0.000,0.000,1.000,1.000,1.000
1633,Mstislavl,5722500,3647500,2225,Sozh,Vihra,Dnieper,BY,3.000,872,50.400,58.000,76.700,89.000,100.900,116.200,127.700,139.200,154.300,0,0.000,0.000,0.000,,,
1634,Letyagi,5682500,3587500,4575,Sozh,Pronya,Dnieper,BY,3.000,861,72.400,89.900,132.900,161.400,188.700,224.100,250.600,277.000,311.800,0,0.000,0.000,0.000,,,
1635,Svetilovichi,5732500,3512500,5075,Sozh,Besed,Dnieper,BY,3.000,841,68.400,93.500,155.400,196.400,235.700,286.500,324.600,362.600,412.700,0,0.000,0.000,0.000,,,
1636,Dobrush,5747500,3467500,9900,Sozh,Iput,Dnieper,BY,3.000,821,126.100,164.100,257.500,319.300,378.700,455.500,513.000,570.300,646.000,1,1.000,0.000,0.000,1.000,1.000,1.000
1637,Pinsk,5417500,3332500,12650,Pripyat,Pripyat,Dnieper,BY,2.000,673,259.700,327.000,492.600,602.300,707.500,843.600,945.600,1047.300,1181.400,0,0.000,0.000,0.000,,,
1638,Chernichi,5512500,3367500,74325,Pripyat,Pripyat,Dnieper,BY,2.000,633,1302.800,1562.900,2202.900,2626.700,3033.200,3559.300,3953.600,4346.400,4864.700,0,0.000,0.000,0.000,,,
1639,Mozyr,5632500,3382500,100875,Pripyat,Pripyat,Dnieper,BY,2.000,611,1882.700,2239.200,3116.700,3697.700,4255.000,4976.300,5516.800,6055.400,6765.900,0,0.000,0.000,0.000,,,
1640,Senin,5332500,3367500,1625,Pripyat,Yaselda,Dnieper,BY,3.000,672,40.100,49.000,70.900,85.400,99.300,117.400,130.900,144.300,162.100,0,0.000,0.000,1.000,,0.000,0.000
1642,M.Vikorovichi,5472500,3332500,26900,Pripyat,Goryn,Dnieper,BY,3.000,641,389.800,505.800,791.300,980.300,1161.600,1396.300,1572.100,1747.400,1978.500,0,0.000,0.000,0.000,,,
1643,Mokrovo,5482500,3382500,2125,Pripyat,Lan,Dnieper,BY,3.000,652,65.000,75.800,102.300,119.800,136.700,158.500,174.800,191.100,212.500,0,0.000,0.000,0.000,,,
1645,Krasnoberezhie,5577500,3362500,5200,Pripyat,Ubort,Dnieper,BY,3.000,632,145.700,181.200,268.400,326.200,381.600,453.300,507.000,560.600,631.200,0,0.000,0.000,0.000,,,
1646,Daraganovo,5552500,3492500,650,Pripyat,Ptich,Dnieper,BY,3.000,621,19.900,23.800,33.600,40.100,46.300,54.300,60.300,66.300,74.300,1,1.000,0.000,0.000,1.000,1.000,1.000
1647,1-ya Slobodka,5592500,3392500,6975,Pripyat,Ptich,Dnieper,BY,3.000,621,192.100,228.500,318.000,377.300,434.100,507.700,562.800,617.800,690.300,0,0.000,0.000,0.000,,,
1652,Gjonaj,5197500,2182500,4100,White Drin,White Drin,Drin,XK,2.000,4,188.900,236.100,352.200,429.000,502.800,598.200,669.700,740.900,834.900,3,3.000,0.000,2.000,1.000,0.600,0.750
1664,Leposaviç,5202500,2277500,4725,Velika Morava,Ibar,Danube,XK,,82231,220.200,293.400,473.400,592.600,706.900,854.900,965.800,1076.300,1222.100,1,1.000,0.000,0.000,1.000,1.000,1.000
1672,Konqul,5282500,2222500,1675,Velika Morava,Binacka Morava,Danube,XK,,83511,21.300,28.400,45.700,57.200,68.300,82.500,93.200,103.900,117.900,0,0.000,0.000,0.000,,,
1675,Hani Elezit,5247500,2192500,625,Lepenac,Lepenac,Vardar,XK,2.000,2,18.600,24.900,40.400,50.600,60.400,73.100,82.600,92.100,104.600,0,0.000,0.000,1.000,,0.000,0.000
1680,Jordan - Sede Nehemya,6687500,1522500,725,Jordan / Dead Sea,Jordan,Jordan,IL,1.000,1,26.500,30.300,39.600,45.800,51.700,59.400,65.100,70.900,78.400,2,1.000,1.000,2.000,0.500,0.333,0.400
1681,Jordan - Obstacle Bridge,6697500,1507500,1475,Jordan / Dead Sea,Jordan,Jordan,IL,1.000,1,58.100,77.100,123.700,154.600,184.200,222.500,251.300,279.900,317.700,0,0.000,0.000,0.000,,,
1683,Hadera - Gan Shemu'el,6657500,1427500,625,Hadera,Hadera,Hadera,IL,1.000,1,20.400,35.900,73.800,99.000,123.100,154.400,177.800,201.100,231.800,2,0.000,2.000,0.000,0.000,,0.000
1685,Ayyalon - Shekhunat 'EZRA,6652500,1377500,775,Yarkon,Ayalon,Yarkon,IL,1.000,1,70.000,100.800,176.500,226.600,274.700,336.900,383.600,430.000,491.400,2,0.000,2.000,0.000,0.000,,0.000
1690,Besor - Reim,6647500,1292500,2650,Besor,Besor,Besor,IL,1.000,1,17.400,39.400,93.700,129.600,164.100,208.700,242.100,275.400,319.400,0,0.000,0.000,0.000,,,
1696,Mursko Sredisce,4802500,2622500,10900,Drava,Mur,Danube,HR,,142131,528.800,621.800,850.600,1002.100,1147.500,1335.600,1476.600,1617.000,1802.300,0,0.000,0.000,0.000,,,
1697,Gorican,4832500,2617500,13075,Drava,Mur,Danube,HR,,142111,532.300,620.000,835.900,978.800,1115.900,1293.400,1426.300,1558.800,1733.600,0,0.000,0.000,0.000,,,
1698,Metlika,4732500,2517500,2100,Sava,Kolpa,Danube,SI,,108521,668.700,742.100,922.600,1042.200,1156.900,1305.300,1416.600,1527.400,1673.600,1,0.000,1.000,0.000,0.000,,0.000
1700,Rozl'oty,5887500,3432500,36375,Desna,Desna,Dnieper,UA,2.000,451,593.500,717.800,1023.700,1226.200,1420.500,1671.900,1860.400,2048.100,2295.800,2,2.000,0.000,0.000,1.000,1.000,1.000
1702,Chernihiv,5777500,3357500,81425,Desna,Desna,Dnieper,UA,2.000,411,976.500,1189.200,1712.800,2059.500,2392.100,2822.500,3145.100,3466.400,3890.400,1,1.000,0.000,0.000,1.000,1.000,1.000
1703,Litky,5762500,3262500,85200,Desna,Desna,Dnieper,UA,2.000,411,978.800,1192.500,1718.500,2066.800,2400.900,2833.300,3157.300,3480.200,3906.100,1,1.000,0.000,0.000,1.000,1.000,1.000
1704,Snovs'k,5802500,3412500,7225,Desna,Snov,Dnieper,UA,3.000,421,93.000,127.400,211.900,267.800,321.500,391.000,443.000,494.900,563.300,0,0.000,0.000,0.000,,,
1705,Mutyn,5922500,3407500,25575,Desna,Seim,Dnieper,UA,3.000,441,305.900,379.700,561.400,681.700,797.100,946.500,1058.400,1169.900,1317.100,0,0.000,0.000,0.000,,,
1706,Nedanchychi,5722500,3357500,105150,"Dnieper, below Sozh",Dnieper,Dnieper,UA,1.000,711,1363.500,1647.600,2346.700,2809.600,3253.600,3828.300,4259.000,4688.100,5254.200,0,0.000,0.000,0.000,,,
1707,Reni,5737500,2657500,784045,Danube,Danube,Danube,UA,,11111,12027.200,13500.900,17127.600,19528.800,21832.000,24813.300,27047.400,29273.400,32210.100,0,0.000,0.000,0.000,,,
1708,Izmayil,5782500,2652500,790842,Danube,Danube,Danube,UA,,11111,12018.500,13501.700,17151.700,19568.300,21886.400,24887.000,27135.500,29375.800,32331.400,0,0.000,0.000,0.000,,,
1714,Ivankiv,5702500,3282500,12700,Teteriv,Teteriv,Dnieper,UA,2.000,521,155.200,241.500,454.000,594.600,729.500,904.100,1035.000,1165.400,1337.400,0,0.000,0.000,0.000,,,
1715,Ukrayinka,5667500,3252500,2600,Teteriv,Irsha,Dnieper,UA,3.000,522,36.300,59.500,116.700,154.500,190.800,237.800,273.100,308.100,354.400,0,0.000,0.000,0.000,,,
1716,K-Shevchenkivs'kyy,5842500,3142500,10300,Ros,Ros,Dnieper,UA,2.000,341,247.900,320.800,500.400,619.300,733.300,880.900,991.500,1101.700,1247.100,0,0.000,0.000,1.000,,0.000,0.000
1717,Lubny,5942500,3247500,14250,Sula,Sula,Dnieper,UA,2.000,321,128.200,173.500,285.100,359.000,429.800,521.500,590.200,658.700,749.000,0,0.000,0.000,0.000,,,
1718,Sumy,6027500,3382500,7825,Psel,Psel,Dnieper,UA,2.000,211,90.200,108.200,152.400,181.600,209.700,246.000,273.200,300.300,336.100,0,0.000,0.000,0.000,,,
1719,Hadyach,5992500,3307500,11225,Psel,Psel,Dnieper,UA,2.000,211,102.700,127.500,188.400,228.800,267.400,317.500,355.000,392.400,441.800,0,0.000,0.000,0.000,,,
1720,Zapsillya,6007500,3172500,21650,Psel,Psel,Dnieper,UA,2.000,211,148.000,192.100,300.600,372.400,441.300,530.500,597.300,663.900,751.800,0,0.000,0.000,0.000,,,
1722,Kobelyaky,6052500,3187500,13200,Vorskla,Vorskla,Dnieper,UA,2.000,181,105.000,141.300,230.600,289.700,346.400,419.800,474.800,529.600,601.900,0,0.000,0.000,0.000,,,
1723,Tsarychanka,6082500,3167500,9175,Oril,Oril,Dnieper,UA,2.000,161,50.000,71.000,122.600,156.800,189.600,232.100,263.900,295.600,337.400,0,0.000,0.000,0.000,,,
1724,Kocherizhky,6172500,3162500,19925,Samara,Samara,Dnieper,UA,2.000,141,127.800,194.000,356.800,464.600,567.900,701.800,802.100,902.000,1033.800,0,0.000,0.000,0.000,,,
1725,Kryvyy Rih,6032500,3027500,8375,Inhulets,Inhulets,Dnieper,UA,2.000,121,152.500,217.200,376.400,481.900,583.000,713.900,812.000,909.800,1038.700,0,0.000,0.000,1.000,,0.000,0.000
1726,Mariupol,6357500,3052500,1150,Kalmius,Khalchyk,Kalmius,UA,1.000,1,29.300,40.700,68.700,87.300,105.100,128.100,145.300,162.500,185.200,4,1.000,3.000,0.000,0.250,1.000,0.400
1727,Lelitka,5602500,3092500,4125,Southern Bug,Southern Bug,Bug,UA,1.000,3,71.900,112.600,212.800,279.100,342.800,425.100,486.900,548.300,629.500,0,0.000,0.000,0.000,,,
1729,Kulen Vakuf,4807500,2402500,1875,Sava,Una,Danube,BA,,106311,240.500,284.200,391.600,462.700,531.000,619.300,685.500,751.400,838.400,0,0.000,0.000,0.000,,,
1730,Ripač,4792500,2427500,2475,Sava,Una,Danube,BA,,106311,300.200,346.200,459.200,534.100,605.900,698.900,768.500,837.900,929.500,0,0.000,0.000,0.000,,,
1731,Kralje,4782500,2432500,2625,Sava,Una,Danube,BA,,106311,315.200,361.900,476.600,552.600,625.500,719.900,790.600,861.000,954.000,0,0.000,0.000,0.000,,,
1732,Bosanska Krupa,4802500,2437500,2825,Sava,Una,Danube,BA,,106311,333.900,380.600,495.700,571.800,644.900,739.400,810.300,880.900,974.000,0,0.000,0.000,0.000,,,
1733,Vrhpolje,4857500,2422500,1300,Sava,Sana,Danube,BA,,106211,176.800,204.500,272.800,318.000,361.400,417.600,459.600,501.600,556.900,0,0.000,0.000,0.000,,,
1734,Sanski Most,4847500,2432500,2075,Sava,Sana,Danube,BA,,106211,279.800,319.000,415.600,479.600,540.900,620.400,679.900,739.100,817.400,0,0.000,0.000,0.000,,,
1736,Kozluk,4902500,2387500,2150,Sava,Vrbas,Danube,BA,,105431,121.500,158.800,250.500,311.200,369.400,444.800,501.300,557.600,631.800,0,0.000,0.000,0.000,,,
1737,Raspotočje,4957500,2377500,4025,Sava,Bosna,Danube,BA,,104711,352.000,425.900,607.800,728.300,843.800,993.300,1105.400,1217.000,1364.300,4,1.000,3.000,0.000,0.250,1.000,0.400
1738,Zavidoviči n/B,4967500,2402500,4850,Sava,Bosna,Danube,BA,,104711,384.100,470.500,683.000,823.700,958.600,1133.300,1264.200,1394.600,1566.700,4,1.000,3.000,0.000,0.250,1.000,0.400
1739,Maglaj,4962500,2417500,6800,Sava,Bosna,Danube,BA,,104511,500.100,624.000,928.800,1130.600,1324.200,1574.800,1762.600,1949.700,2196.600,1,1.000,0.000,0.000,1.000,1.000,1.000
1740,Merdani,4952500,2367500,975,Sava,Lasva,Danube,BA,,104811,87.200,114.600,182.100,226.700,269.600,325.000,366.600,408.000,462.600,1,0.000,1.000,0.000,0.000,,0.000
1741,Zavidoviči n/K,4977500,2402500,1550,Sava,Krivaja,Danube,BA,,104611,145.000,184.800,282.500,347.300,409.300,489.700,549.900,609.900,689.100,2,1.000,1.000,0.000,0.500,1.000,0.667
1742,Kaloševič,4947500,2427500,700,Sava,Usora,Danube,BA,,104411,50.900,65.200,100.500,123.900,146.300,175.300,197.100,218.700,247.300,1,0.000,1.000,2.000,0.000,0.000,0.000
1743,Karanovac,4977500,2432500,1800,Sava,Spreca,Danube,BA,,104211,100.600,150.100,271.800,352.300,429.600,529.700,604.600,679.300,777.900,0,0.000,0.000,0.000,,,
1744,Goražde,5042500,2327500,6000,Sava,Drina,Danube,BA,,102511,1037.700,1295.400,1929.500,2349.400,2752.100,3273.400,3664.000,4053.200,4566.700,0,0.000,0.000,0.000,,,
1746,Mostar,4957500,2287500,3325,Neretva,Neretva,Neretva,BA,1.000,31,249.300,301.600,430.300,515.500,597.200,703.000,782.200,861.200,965.400,1,1.000,0.000,6.000,1.000,0.143,0.250
1748,Humac,4932500,2262500,2600,Neretva,Trebizat,Neretva,BA,2.000,21,300.300,348.000,465.400,543.100,617.600,714.100,786.400,858.400,953.400,0,0.000,0.000,3.000,,0.000,0.000
1795,KOPICE,4847500,3082500,3775,Eastern Neisse,Eastern Neisse,Oder,PL,2.000,8111,105.700,160.800,296.400,386.100,472.200,583.700,667.200,750.400,860.100,1,0.000,1.000,0.000,0.000,,0.000
1797,GUBIN,4642500,3217500,4275,Neisse,Lusatian Neisse,Oder,PL,2.000,4111,89.900,112.100,166.600,202.800,237.400,282.300,315.900,349.400,393.600,0,0.000,0.000,0.000,,,
1798,BABINO,5177500,3412500,3725,Narew,Narew,Vistula,PL,2.000,2511,50.600,67.700,109.800,137.700,164.400,199.100,225.000,250.900,285.000,0,0.000,0.000,0.000,,,
1799,ŻAGAŃ,4692500,3177500,4400,Bobr,Bobr,Oder,PL,2.000,6111,83.600,107.400,166.000,204.800,242.000,290.100,326.200,362.200,409.600,0,0.000,0.000,0.000,,,
1800,NOWY SĄCZ,5087500,2997500,4450,Dunajec,Dunajec,Vistula,PL,2.000,6111,471.700,603.600,928.100,1143.000,1349.100,1615.800,1815.700,2014.900,2277.700,0,0.000,0.000,0.000,,,
1801,OSOWIEC,5157500,3447500,4325,Narew,Biebrza,Vistula,PL,3.000,2508,69.900,86.600,127.600,154.700,180.700,214.400,239.600,264.800,298.000,0,0.000,0.000,0.000,,,
1802,SMUKAŁA,4852500,3367500,4450,"Vistula, below Narew",Brda,Vistula,PL,2.000,1211,67.000,99.200,178.700,231.300,281.700,347.000,395.900,444.700,509.000,0,0.000,0.000,0.000,,,
1804,CHAŁUPKI,4917500,3007500,4650,"Oder, headwaters",Oder,Oder,PL,1.000,9511,296.100,405.600,674.900,853.200,1024.200,1245.500,1411.400,1576.700,1794.800,0,0.000,0.000,0.000,,,
1805,ELGISZEWO,4912500,3362500,4950,"Vistula, below Narew",Drweca,Vistula,PL,2.000,1411,101.100,129.100,198.100,243.700,287.500,344.100,386.600,428.900,484.700,1,1.000,0.000,0.000,1.000,1.000,1.000
1806,CZCHÓW,5082500,3022500,5475,Dunajec,Dunajec,Vistula,PL,2.000,6111,553.500,709.400,1092.900,1346.900,1590.500,1905.800,2142.100,2377.500,2688.100,0,0.000,0.000,0.000,,,
1807,BURZENIN,4932500,3192500,5350,Warta,Warta,Oder,PL,2.000,2911,77.300,105.600,175.300,221.400,265.700,323.000,365.900,408.600,465.000,0,0.000,0.000,0.000,,,
1808,LAS,4992500,3032500,5575,"Vistula, headwaers",Vistula,Vistula,PL,1.000,7511,210.200,295.300,505.000,643.800,777.000,949.300,1078.500,1207.200,1377.000,0,0.000,0.000,0.000,,,
1809,NOWOGRÓD BOBRZAŃSKI,4682500,3202500,5650,Bobr,Bobr,Oder,PL,2.000,6111,99.100,125.400,190.000,232.800,273.900,327.000,366.800,406.500,458.800,0,0.000,0.000,0.000,,,
1810,ZGŁOBICE,5097500,3032500,5775,Dunajec,Dunajec,Vistula,PL,2.000,6111,570.100,731.100,1127.400,1389.800,1641.400,1967.200,2211.300,2454.500,2775.400,0,0.000,0.000,0.000,,,
1811,BIAŁOŚLIWIE,4802500,3357500,6300,Warta,Notec,Oder,PL,3.000,2251,41.500,63.000,116.000,151.100,184.700,228.300,260.900,293.500,336.400,0,0.000,0.000,0.000,,,
1812,OLZA,4917500,3017500,5850,"Oder, headwaters",Oder,Oder,PL,1.000,9311,365.900,501.400,834.700,1055.400,1267.100,1541.200,1746.500,1951.100,2221.000,1,0.000,1.000,0.000,0.000,,0.000
1814,KRZYŻANOWICE,4912500,3017500,5875,"Oder, headwaters",Oder,Oder,PL,1.000,9311,366.600,502.400,836.600,1057.900,1270.100,1544.900,1750.700,1955.900,2226.500,1,0.000,1.000,0.000,0.000,,0.000
1815,SPAŁA,5017500,3207500,5925,Pilica,Pilica,Vistula,PL,2.000,3411,55.400,78.400,135.000,172.400,208.300,254.800,289.600,324.300,370.100,0,0.000,0.000,0.000,,,
1816,UJŚCIE 1,4787500,3352500,6575,Warta,Notec,Oder,PL,3.000,2251,42.800,64.500,117.800,153.100,186.900,230.700,263.500,296.200,339.400,0,0.000,0.000,0.000,,,
1817,LUBARTÓW,5182500,3237500,6325,Wieprz,Wieprz,Vistula,PL,2.000,3611,90.000,128.000,221.400,283.200,342.600,419.400,476.900,534.200,609.900,0,0.000,0.000,0.000,,,
1818,NOWE MIASTO,5047500,3217500,6750,Pilica,Pilica,Vistula,PL,2.000,3411,63.400,86.600,143.600,181.400,217.700,264.600,299.800,334.800,381.000,0,0.000,0.000,0.000,,,
1819,CZERNICHÓW PROM,5017500,3032500,7075,"Vistula, headwaers",Vistula,Vistula,PL,1.000,7311,343.400,475.400,800.100,1015.000,1221.200,1488.200,1688.200,1887.500,2150.400,0,0.000,0.000,0.000,,,
1820,ŻUKÓW,5017500,3287500,7225,"Vistula, below Narew",Bzura,Vistula,PL,2.000,1611,163.500,219.600,357.600,448.900,536.600,650.000,735.000,819.700,931.500,0,0.000,0.000,0.000,,,
1821,KRYŁÓW,5307500,3157500,7150,Narew,Bug,Vistula,PL,3.000,2419,115.500,140.100,200.800,240.900,279.500,329.300,366.700,403.900,453.100,0,0.000,0.000,0.000,,,
1822,KRAKÓW-BIELANY,5027500,3037500,7600,"Vistula, headwaers",Vistula,Vistula,PL,1.000,7311,355.500,490.900,823.900,1044.300,1255.800,1529.600,1734.700,1939.100,2208.700,0,0.000,0.000,0.000,,,
1823,LEŻACHÓW,5217500,3082500,8250,San,San,Vistula,PL,2.000,4311,332.600,420.300,636.200,779.100,916.300,1093.700,1226.700,1359.200,1534.100,0,0.000,0.000,0.000,,,
1824,BIAŁOBRZEGI,5077500,3227500,8725,Pilica,Pilica,Vistula,PL,2.000,3411,85.600,111.500,175.100,217.200,257.600,309.900,349.100,388.100,439.700,0,0.000,0.000,0.000,,,
1825,SIEROSŁAWICE,5062500,3057500,8950,"Vistula, headwaers",Vistula,Vistula,PL,1.000,7311,379.600,521.200,869.800,1100.600,1322.000,1608.600,1823.300,2037.300,2319.600,0,0.000,0.000,0.000,,,
1826,STRZYŻÓW,5302500,3177500,9000,Narew,Bug,Vistula,PL,3.000,2419,146.900,174.100,241.200,285.500,328.100,383.200,424.400,465.600,519.800,0,0.000,0.000,0.000,,,
1828,UNIEJÓW,4922500,3242500,9075,Warta,Warta,Oder,PL,2.000,2731,69.100,92.300,149.600,187.400,223.800,270.800,306.100,341.200,387.500,0,0.000,0.000,0.000,,,
1829,KRAPKOWICE,4882500,3072500,10725,"Oder, headwaters",Oder,Oder,PL,1.000,9311,457.400,616.500,1008.200,1267.400,1516.100,1838.100,2079.300,2319.700,2636.800,0,0.000,0.000,0.000,,,
1830,CZARNKÓW,4762500,3337500,12225,Warta,Notec,Oder,PL,3.000,2231,93.900,126.200,205.700,258.400,308.900,374.300,423.300,472.100,536.500,0,0.000,0.000,0.000,,,
1831,KOŁO,4912500,3262500,12125,Warta,Warta,Oder,PL,2.000,2711,101.100,132.500,209.800,260.900,310.000,373.500,421.100,468.500,531.100,0,0.000,0.000,0.000,,,
1832,JAGODNIKI,5077500,3062500,12050,"Vistula, headwaers",Vistula,Vistula,PL,1.000,7111,516.400,698.300,1146.000,1442.400,1726.700,2094.700,2370.500,2645.200,3007.700,0,0.000,0.000,0.000,,,
1833,RZUCHÓW,5202500,3092500,12075,San,San,Vistula,PL,2.000,4111,488.900,613.800,921.000,1124.400,1319.500,1572.100,1761.300,1949.900,2198.600,0,0.000,0.000,0.000,,,
1834,DOROHUSK,5277500,3212500,12400,Narew,Bug,Vistula,PL,3.000,2419,194.100,238.800,348.600,421.300,491.000,581.300,648.900,716.300,805.200,0,0.000,0.000,0.000,,,
1835,KRZYŻ,4732500,3322500,12875,Warta,Notec,Oder,PL,3.000,2231,96.800,129.300,209.300,262.300,313.100,378.900,428.200,477.300,542.100,0,0.000,0.000,0.000,,,
1836,WŁODAWA,5257500,3247500,14250,Narew,Bug,Vistula,PL,3.000,2419,203.500,245.200,347.800,415.700,480.800,565.200,628.300,691.300,774.400,0,0.000,0.000,0.000,,,
1837,WIZNA,5137500,3407500,14300,Narew,Narew,Vistula,PL,2.000,2507,193.100,240.100,355.700,432.300,505.700,600.800,672.100,743.000,836.700,0,0.000,0.000,0.000,,,
1839,PYZDRY,4847500,3257500,15475,Warta,Warta,Oder,PL,2.000,2711,131.300,168.700,260.700,321.600,380.000,455.700,512.300,568.800,643.300,0,0.000,0.000,0.000,,,
1840,GOŚCIMIEC,4722500,3322500,16675,Warta,Notec,Oder,PL,3.000,2211,134.400,172.600,266.500,328.700,388.300,465.500,523.400,581.000,657.100,1,0.000,1.000,0.000,0.000,,0.000
1842,RADOMYŚL,5157500,3132500,16775,San,San,Vistula,PL,2.000,4111,539.800,673.400,1002.100,1219.800,1428.600,1698.800,1901.400,2103.100,2369.300,0,0.000,0.000,0.000,,,
1843,BRZEG,4852500,3112500,19875,"Oder, below Easter Neisse",Oder,Oder,PL,1.000,7571,577.900,753.900,1187.000,1473.700,1748.700,2104.800,2371.500,2637.400,2988.000,1,0.000,1.000,0.000,0.000,,0.000
1844,KARSY,5082500,3072500,19925,"Vistula, below Dunajec",Vistula,Vistula,PL,1.000,5511,1131.300,1438.000,2192.700,2692.500,3171.800,3792.300,4257.200,4720.500,5331.700,0,0.000,0.000,0.000,,,
1845,NOWOGRÓD,5107500,3412500,20200,Narew,Narew,Vistula,PL,2.000,2505,237.500,290.100,419.600,505.300,587.500,693.900,773.700,853.200,958.000,0,0.000,0.000,0.000,,,
1847,NOWA WIEŚ PODGÓRNA,4842500,3252500,20500,Warta,Warta,Oder,PL,2.000,2571,174.900,226.300,352.900,436.700,517.100,621.100,699.100,776.800,879.300,0,0.000,0.000,0.000,,,
1848,OSTROŁĘKA,5097500,3397500,21950,Narew,Narew,Vistula,PL,2.000,2505,256.100,311.300,447.100,537.000,623.300,735.000,818.600,902.000,1012.000,0,0.000,0.000,0.000,,,
1849,ŚREM,4797500,3247500,22425,Warta,Warta,Oder,PL,2.000,2551,192.400,250.800,394.500,489.600,580.900,699.000,787.500,875.700,992.100,0,0.000,0.000,0.000,,,
1850,KRZYCZEW,5242500,3312500,27650,Narew,Bug,Vistula,PL,3.000,2417,319.900,377.200,518.100,611.500,701.000,816.800,903.700,990.200,1104.300,0,0.000,0.000,0.000,,,
1851,BRZEG DOLNY,4792500,3147500,26575,"Oder, below Easter Neisse",Oder,Oder,PL,1.000,7511,623.200,801.600,1240.700,1531.400,1810.300,2171.200,2441.700,2711.200,3066.800,1,0.000,1.000,0.000,0.000,,0.000
1852,OBORNIKI,4787500,3302500,25925,Warta,Warta,Oder,PL,2.000,2531,228.600,295.700,460.700,569.900,674.700,810.300,911.900,1013.200,1146.800,0,0.000,0.000,0.000,,,
1853,MALCZYCE,4782500,3147500,26875,"Oder, below Easter Neisse",Oder,Oder,PL,1.000,7511,617.100,795.000,1232.800,1522.700,1800.800,2160.700,2430.400,2699.100,3053.700,1,0.000,1.000,0.000,0.000,,0.000
1854,KOŁO,5127500,3102500,30725,"Vistula, below Dunajec",Vistula,Vistula,PL,1.000,5111,1378.500,1736.000,2615.800,3198.300,3757.000,4480.200,5022.200,5562.100,6274.500,0,0.000,0.000,0.000,,,
1855,WRONKI,4732500,3302500,30000,Warta,Warta,Oder,PL,2.000,2511,269.100,345.200,532.600,656.700,775.700,929.800,1045.200,1160.200,1312.000,0,0.000,0.000,0.000,,,
1856,MIĘDZYCHÓD,4712500,3297500,30525,Warta,Warta,Oder,PL,2.000,2511,272.100,348.500,536.600,661.200,780.700,935.400,1051.300,1166.700,1319.100,0,0.000,0.000,0.000,,,
1857,SKWIERZYNA,4702500,3292500,30850,Warta,Warta,Oder,PL,2.000,2511,274.100,350.900,539.800,664.800,784.800,940.100,1056.500,1172.400,1325.400,0,0.000,0.000,0.000,,,
1858,GŁOGÓW,4747500,3192500,36575,"Oder, below Barycz",Oder,Oder,PL,1.000,7111,652.900,827.700,1258.000,1542.900,1816.200,2169.900,2435.000,2699.100,3047.500,1,1.000,0.000,0.000,1.000,1.000,1.000
1859,WYSZKÓW,5087500,3327500,38100,Narew,Bug,Vistula,PL,3.000,2411,422.100,500.300,692.900,820.400,942.700,1101.000,1219.700,1337.900,1493.800,0,0.000,0.000,0.000,,,
1860,NIETKÓW,4682500,3227500,39800,"Oder, below Barycz",Oder,Oder,PL,1.000,7111,624.100,789.000,1194.800,1463.400,1721.100,2054.700,2304.700,2553.700,2882.300,1,1.000,0.000,0.000,1.000,1.000,1.000
1861,ANNOPOL,5152500,3152500,51500,"Vistula, below San",Vistula,Vistula,PL,1.000,3911,1783.200,2226.000,3315.900,4037.500,4729.600,5625.600,6297.000,6965.900,7848.400,0,0.000,0.000,0.000,,,
1866,PUŁAWY-AZOTY,5147500,3217500,57650,"Vistula, below San",Vistula,Vistula,PL,1.000,3711,1781.200,2222.800,3309.300,4028.800,4718.800,5612.100,6281.400,6948.400,7828.200,0,0.000,0.000,0.000,,,
1867,DĘBLIN,5132500,3227500,68100,"Vistula, below Wieprz",Vistula,Vistula,PL,1.000,3511,1834.500,2282.900,3386.200,4116.700,4817.400,5724.300,6404.000,7081.200,7974.600,0,0.000,0.000,0.000,,,
1869,WARSZAWA-NADWILANÓWKA ŚL,5077500,3292500,84700,"Vistula, below Pilica",Vistula,Vistula,PL,1.000,3111,1927.300,2366.700,3448.200,4164.200,4851.100,5740.100,6406.300,7070.100,7945.800,0,0.000,0.000,0.000,,,
1876,MODLIN,5037500,3307500,159325,"Vistula, below Narew",Vistula,Vistula,PL,1.000,1711,2603.100,3021.200,4049.900,4731.100,5384.500,6230.200,6863.900,7495.400,8328.400,0,0.000,0.000,0.000,,,
1877,WYSZOGRÓD,5017500,3302500,159500,"Vistula, below Narew",Vistula,Vistula,PL,1.000,1711,2591.100,3007.100,4030.800,4708.600,5358.700,6200.300,6830.900,7459.300,8288.200,0,0.000,0.000,0.000,,,
1878,WŁOCŁAWEK,4937500,3322500,171250,"Vistula, below Narew",Vistula,Vistula,PL,1.000,1511,2577.200,3022.700,4119.100,4845.000,5541.300,6442.600,7118.000,7790.900,8678.700,0,0.000,0.000,0.000,,,
1879,TORUŃ,4887500,3357500,180025,"Vistula, below Narew",Vistula,Vistula,PL,1.000,1311,2683.700,3126.700,4216.900,4938.700,5631.000,6527.200,7198.800,7867.900,8750.700,0,0.000,0.000,0.000,,,
1880,FORDON,4872500,3382500,185575,"Vistula, below Narew",Vistula,Vistula,PL,1.000,1111,2751.400,3196.300,4291.200,5016.100,5711.500,6611.600,7286.100,7958.100,8844.700,0,0.000,0.000,0.000,,,
1881,CHEŁMNO,4882500,3397500,186900,"Vistula, below Narew",Vistula,Vistula,PL,1.000,1111,2759.500,3203.600,4296.500,5020.100,5714.200,6612.600,7285.800,7956.600,8841.600,0,0.000,0.000,0.000,,,
1882,GRUDZIĄDZ,4897500,3427500,189525,"Vistula, below Narew",Vistula,Vistula,PL,1.000,1111,2797.400,3240.900,4332.200,5054.800,5747.800,6645.000,7317.200,7987.100,8870.800,0,0.000,0.000,0.000,,,
1883,TCZEW,4897500,3482500,193725,"Vistula, below Narew",Vistula,Vistula,PL,1.000,1111,2845.200,3285.900,4370.400,5088.400,5777.200,6668.700,7336.700,8002.400,8880.500,0,0.000,0.000,0.000,,,
1888,BUDESTI,5622500,2487500,10775,Danube,Arges,Danube,RO,,51411,150.900,205.400,339.400,428.100,513.300,623.400,706.000,788.300,896.800,1,0.000,1.000,0.000,0.000,,0.000
1889,SLOBOZIA,5697500,2547500,9500,Ialomita,Bratul Borcea,Danube,RO,,51211,284.900,389.000,645.200,814.900,977.600,1188.300,1346.100,1503.400,1710.900,0,0.000,0.000,0.000,,,
1890,Kunino,5457500,2342500,6825,Danube,Iskur,Danube,BG,,71411,154.800,224.000,394.400,507.200,615.400,755.400,860.400,964.900,1102.900,1,1.000,0.000,0.000,1.000,1.000,1.000
1891,OANCEA,5712500,2697500,26750,Prut,Prut,Danube,RO,,21111,273.400,455.700,904.400,1201.500,1486.400,1855.300,2131.700,2407.100,2770.400,0,0.000,0.000,1.000,,0.000,0.000
1892,SIRET,5507500,2892500,1650,Siret,Siret,Danube,RO,,43511,112.500,153.500,254.500,321.400,385.500,468.600,530.800,592.800,674.600,0,0.000,0.000,0.000,,,
1893,FELSOEZSOLCA,5127500,2832500,6475,Tisa,Slana,Danube,HU,,126211,135.000,177.000,280.500,349.000,414.800,499.900,563.600,627.200,711.000,0,0.000,0.000,1.000,,0.000,0.000
1894,SZEGED,5102500,2622500,138425,Tisa,Tisza,Danube,HU,,121111,2647.200,3015.400,3921.400,4521.300,5096.700,5841.600,6399.700,6955.800,7689.500,0,0.000,0.000,0.000,,,
1895,BRATISLAVA,4852500,2807500,131325,Danube,Mosoni-Duna,Danube,SK,,175111,5184.100,5987.900,7965.900,9275.500,10531.600,12157.700,13376.100,14590.200,16191.900,1,0.000,1.000,0.000,0.000,,0.000
1896,L'Adour à Audon -  010174-010691 00:00,3457500,2357500,4125,Adour,Adour,Adour,FR,1.000,35,317.900,357.600,455.400,520.100,582.100,662.400,722.600,782.600,861.800,0,0.000,0.000,0.000,,,
1897,L'Adour à Cahuzac-Sur-Adour,3512500,2332500,1300,Adour,Adour,Adour,FR,1.000,35,103.100,128.500,191.100,232.600,272.400,323.900,362.500,400.900,451.600,0,0.000,0.000,0.000,,,
1898,Le Gave De Pau à Berenx [Pont De Berenx],3442500,2332500,2575,Les Gaves Runis,Gave de Pau,Adour,FR,3.000,22,383.100,449.600,613.200,721.600,825.500,960.100,1060.900,1161.300,1293.800,0,0.000,0.000,2.000,,0.000,0.000
1899,Le Gave D'Oloron à Escos,3432500,2317500,2550,Les Gaves Runis,Gave,Adour,FR,2.000,23,481.600,574.300,802.400,953.500,1098.400,1285.900,1426.400,1566.400,1751.200,2,2.000,0.000,0.000,1.000,1.000,1.000
1900,Le Tarn à Villemur-Sur-Tarn,3632500,2347500,9100,Tarn,Tarn,Garonne,FR,2.000,431,891.300,1115.800,1668.400,2034.300,2385.300,2839.600,3180.100,3519.200,3966.700,0,0.000,0.000,0.000,,,
1901,Le Lot à Faycelles,3687500,2417500,6850,Lot,Lot,Garonne,FR,2.000,231,564.600,754.100,1220.500,1529.300,1825.600,2209.000,2496.300,2782.600,3160.300,0,0.000,0.000,1.000,,0.000,0.000
1902,La Vezere à Campagne,3602500,2467500,3725,Vezere,Vezere,Dordogne,FR,2.000,4,334.600,386.200,513.300,597.400,678.200,782.600,860.900,938.900,1041.800,0,0.000,0.000,0.000,,,
1903,L'Isle à Abzac,3527500,2487500,3750,Isle,Isle,Dordogne,FR,2.000,2,216.900,249.300,329.200,382.000,432.700,498.400,547.600,596.600,661.200,1,1.000,0.000,0.000,1.000,1.000,1.000
1904,La Dordogne à Cenac-Et-Saint-Julien [Cenac],3627500,2452500,8625,"Dordogne, headwaters",Dordogne,Dordogne,FR,1.000,5,515.600,598.900,803.900,939.600,1069.800,1238.300,1364.600,1490.400,1656.400,2,1.000,1.000,0.000,0.500,1.000,0.667
1905,La Loire à Villerest,3857500,2562500,6725,Loire,Loire,Loire,FR,,9511,517.000,708.600,1179.900,1492.000,1791.400,2178.900,2469.200,2758.500,3140.200,1,1.000,0.000,0.000,1.000,1.000,1.000
1906,La Loire à Villerest [Pont de Villerest],3857500,2557500,6700,Loire,Loire,Loire,FR,,9511,516.600,708.000,1179.000,1490.800,1790.000,2177.100,2467.300,2756.400,3137.800,1,1.000,0.000,0.000,1.000,1.000,1.000
1907,L'Allier à Moulins,3807500,2622500,13075,Allier,Allier,Loire,FR,,8111,532.100,650.800,943.000,1136.500,1322.100,1562.400,1742.400,1921.800,2158.400,2,0.000,2.000,0.000,0.000,,0.000
1908,La Vienne à Lussac-Les-Chateaux,3607500,2627500,5625,Vienne,Vienne,Loire,FR,,4511,434.200,485.700,612.400,696.400,776.900,881.100,959.100,1036.900,1139.600,1,0.000,1.000,0.000,0.000,,0.000
1910,La Creuse à Leugny,3612500,2687500,7975,Vienne,Creuse,Loire,FR,,4211,414.500,489.800,675.400,798.200,916.000,1068.500,1182.800,1296.700,1446.900,1,0.000,1.000,0.000,0.000,,0.000
1911,La Vienne à Nouatre,3602500,2702500,20000,Vienne,Vienne,Loire,FR,,4111,941.400,1075.100,1404.300,1622.200,1831.200,2101.800,2304.500,2506.600,2773.100,1,0.000,1.000,0.000,0.000,,0.000
1912,Le Loir à Durtal,3557500,2782500,7925,Maine,Loir,Loire,FR,,2421,145.700,174.500,245.300,292.200,337.200,395.500,439.100,482.600,540.000,0,0.000,0.000,1.000,,0.000,0.000
1913,La Loire à Nevers,3807500,2672500,17650,Loire,Loire,Loire,FR,,9111,832.100,1032.300,1525.200,1851.500,2164.500,2569.600,2873.200,3175.700,3574.800,0,0.000,0.000,0.000,,,
1915,La Loire à Saumur,3567500,2732500,81425,Loire,Loire,Loire,FR,,3311,2212.800,2473.700,3115.800,3540.800,3948.600,4476.400,4871.900,5266.000,5785.800,0,0.000,0.000,2.000,,0.000,0.000
1916,La Loire [Totale] à Nantes [Saint Felix],3457500,2747500,112300,Loire,Loire,Loire,FR,,1511,2850.800,3145.600,3871.100,4351.400,4812.200,5408.600,5855.500,6300.800,6888.200,0,0.000,0.000,1.000,,0.000,0.000
1918,La Saone à Pagny-La-Ville [Lechatelet],3952500,2672500,11700,Saone,Saone,Rhone,FR,2.000,651,769.700,876.500,1139.200,1313.100,1480.000,1695.900,1857.800,2019.000,2231.800,0,0.000,0.000,0.000,,,
1919,Le Rhone à Lyon [Perrache],3922500,2532500,20700,Rhone,Rhone,Rhone,FR,1.000,711,1596.500,1813.100,2346.100,2699.000,3037.500,3475.700,3804.100,4131.200,4562.800,0,0.000,0.000,1.000,,0.000,0.000
1920,Le Rhone à Viviers,3897500,2392500,71225,"Rhone, below Isere",Rhone,Rhone,FR,1.000,331,3513.900,3899.800,4849.700,5478.600,6081.900,6862.700,7447.800,8030.800,8800.000,1,1.000,0.000,1.000,1.000,0.500,0.667
1921,Le Rhone à Viviers,3897500,2397500,71025,"Rhone, below Isere",Rhone,Rhone,FR,1.000,331,3510.200,3895.800,4844.700,5472.900,6075.500,6855.600,7440.100,8022.500,8790.900,1,1.000,0.000,1.000,1.000,0.500,0.667
1922,Le Rhone à Beaucaire,3887500,2312500,95950,Rhone,Rhone,Rhone,FR,1.000,111,4793.600,5547.000,7401.000,8628.500,9806.000,11330.100,12472.200,13610.100,15111.400,1,1.000,0.000,0.000,1.000,1.000,1.000
1923,L'Isere à Beaumont-Monteux,3922500,2447500,11850,Isere,Isere,Rhone,FR,2.000,411,701.600,782.500,981.700,1113.600,1240.100,1403.900,1526.600,1648.800,1810.100,0,0.000,0.000,1.000,,0.000,0.000
1924,L'Isere à Beaumont-Monteux,3917500,2447500,11875,Isere,Isere,Rhone,FR,2.000,411,702.000,783.200,982.800,1114.900,1241.700,1405.800,1528.800,1651.300,1812.900,0,0.000,0.000,1.000,,0.000,0.000
1925,La Durance à Saint-Paul-Les-Durance [Jouques-Cadarache],3977500,2297500,11850,Durance,Durance,Rhone,FR,2.000,211,739.300,918.300,1358.900,1650.500,1930.300,2292.400,2563.800,2834.200,3190.900,0,0.000,0.000,0.000,,,
1926,L'Yonne à Gurgy,3842500,2767500,3800,Yonne,Yonne,Seine,FR,2.000,1051,162.000,190.400,260.100,306.300,350.600,407.900,450.900,493.700,550.200,0,0.000,0.000,0.000,,,
1927,L'Armançon à Brienon-sur-Armançon,3842500,2782500,2975,Yonne,Armancon,Seine,FR,3.000,1021,138.000,159.000,210.700,244.900,277.700,320.200,352.000,383.700,425.600,0,0.000,0.000,0.000,,,
1928,L'Yonne à Courlon-sur-Yonne,3817500,2822500,10725,Yonne,Yonne,Seine,FR,2.000,1011,368.000,419.800,547.500,632.000,713.100,818.000,896.700,975.000,1078.400,0,0.000,0.000,0.000,,,
1929,Le Loing àÉpisy,3787500,2827500,3900,Loing,Loing,Seine,FR,2.000,811,73.000,90.800,134.500,163.500,191.200,227.100,254.100,280.900,316.300,1,0.000,1.000,0.000,0.000,,0.000
1930,La Marne à la Ferté-sous-Jouarre,3822500,2897500,8650,Marne,Marne,Seine,FR,2.000,611,284.000,316.600,397.000,450.200,501.200,567.300,616.800,666.100,731.200,0,0.000,0.000,1.000,,0.000,0.000
1931,La Marne à Gournay-sur-Marne,3772500,2882500,12625,Marne,Marne,Seine,FR,2.000,611,376.700,431.400,566.200,655.400,741.000,851.800,934.900,1017.600,1126.700,0,0.000,0.000,1.000,,0.000,0.000
1932,La Marne à Gournay-sur-Marne [station ultra-son],3777500,2887500,12475,Marne,Marne,Seine,FR,2.000,611,374.100,428.100,561.000,649.100,733.500,842.800,924.700,1006.300,1114.000,0,0.000,0.000,1.000,,0.000,0.000
1933,L'Aisne à Givry,3927500,2947500,2975,Oise,Aisne,Seine,FR,2.000,441,142.200,161.100,207.700,238.600,268.200,306.500,335.200,363.800,401.600,1,0.000,1.000,2.000,0.000,0.000,0.000
1934,L'Oise à Sempigny,3812500,2962500,4275,Oise,Oise,Seine,FR,2.000,431,98.500,114.700,154.500,180.800,206.100,238.800,263.300,287.800,320.000,0,0.000,0.000,1.000,,0.000,0.000
1935,La Seine à Poissy,3732500,2907500,61750,"Seine, below Oise",Seine,Seine,FR,1.000,331,1394.900,1574.100,2014.900,2306.700,2586.600,2949.000,3220.500,3491.100,3848.000,0,0.000,0.000,1.000,,0.000,0.000
1937,LAUCHA,4437500,3127500,6250,Saale,Unstrut,Elbe,DE,3.000,4411,81.400,103.100,156.400,191.700,225.600,269.500,302.300,335.100,378.300,0,0.000,0.000,0.000,,,
1938,SMALININKAI,5112500,3617500,81175,"Nemunas, below Neris",Nemunas,Nemunas,LT,1.000,151,1089.100,1344.000,1971.100,2386.300,2784.600,3300.100,3686.500,4071.400,4579.200,0,0.000,0.000,0.000,,,
1939,JONAVA,5222500,3637500,24425,Neris,Neris,Nemunas,LT,2.000,211,371.600,447.800,635.400,759.500,878.600,1032.800,1148.400,1263.500,1415.300,0,0.000,0.000,0.000,,,
1940,INTSCHEDE,4262500,3317500,38650,Weser,Weser,Weser,DE,1.000,111,1020.900,1149.900,1467.300,1677.500,1879.100,2140.000,2335.600,2530.400,2787.400,0,0.000,0.000,0.000,,,
1941,HANN.-MUENDEN,4297500,3147500,12575,Weser,Weser,Weser,DE,1.000,511,465.500,539.400,721.200,841.600,957.100,1106.600,1218.600,1330.200,1477.400,0,0.000,0.000,0.000,,,
1942,PORTA,4242500,3237500,19300,"Weser, below Diemel",Weser,Weser,DE,1.000,311,640.700,726.000,936.000,1074.900,1208.300,1380.800,1510.100,1639.000,1809.000,0,0.000,0.000,0.000,,,
1943,AELVKARLEBY KRV,4727500,4187500,28575,Dalaelven,Dalaelven,Dal,SE,1.000,11,529.900,595.500,756.900,863.800,966.400,1099.100,1198.500,1297.600,1428.400,0,0.000,0.000,0.000,,,
1944,EMSFORS BRUK,4712500,3797500,4450,Eman,Eman,Eman,SE,1.000,1,71.700,87.000,124.800,149.800,173.800,204.800,228.100,251.200,281.800,0,0.000,0.000,0.000,,,
1945,VAENERSBORG - VARGOENS KRV,4457500,3912500,48675,Gota,Gota,Gota,SE,1.000,1,598.100,726.900,1043.900,1253.700,1455.100,1715.600,1910.900,2105.500,2362.200,0,0.000,0.000,0.000,,,
1946,RAASAKKA (NEAR THE MOUTH),5037500,4767500,6525,Iijoki,Iijoki,Iijoki,FI,1.000,1,294.700,359.800,520.100,626.200,728.000,859.700,958.500,1056.800,1186.600,0,0.000,0.000,0.000,,,
1947,BERGEFORSENS KRV,4692500,4397500,25825,Indalselven,Indalselven,Indalsalven,SE,1.000,1,645.000,714.400,885.200,998.300,1106.700,1247.100,1352.300,1457.200,1595.500,0,0.000,0.000,1.000,,0.000,0.000
1948,VAAJAKOSKI (HAAPAKOSKI),5142500,4437500,17550,Kymijoki,Leppavesi-Paijanne,Kymijoki,FI,,33,247.900,275.400,343.300,388.300,431.400,487.200,529.100,570.700,625.700,1,1.000,0.000,0.000,1.000,1.000,1.000
1949,ANJALA,5232500,4282500,35625,Kymijoki,Kymijoki,Kymijoki,FI,1.000,11,432.800,467.800,554.100,611.200,666.000,736.900,790.100,843.000,912.900,2,2.000,0.000,0.000,1.000,1.000,1.000
1950,ANGABAECKS KRV,4542500,3717500,6925,Lagan,Lagan,Lagan,SE,1.000,1,149.500,170.600,222.400,256.700,289.600,332.200,364.100,395.900,437.800,0,0.000,0.000,0.000,,,
1951,SKALLBOELE KRV,4682500,4382500,11925,Ljungan,Ljungan,Ljungan,SE,1.000,1,233.500,299.500,462.100,569.700,672.900,806.500,906.700,1006.400,1138.000,0,0.000,0.000,0.000,,,
1952,LJUSNE STROEMMAR KRV,4697500,4257500,20075,Ljusnan,Ljusnan,Ljusnan,SE,1.000,1,486.900,583.100,819.700,976.400,1126.700,1321.200,1467.000,1612.200,1803.900,0,0.000,0.000,0.000,,,
1953,"BODENS KRV (+ VATTENVERK, TRANGFORS)",4857500,4787500,24775,Luleaelven,Luleaelven,Luleaelven,SE,1.000,1,737.000,816.300,1011.500,1140.700,1264.700,1425.100,1545.400,1665.100,1823.200,0,0.000,0.000,0.000,,,
1954,OEVRE STOCKHOLM,4777500,4052500,23250,Maelaren,Maelaren,Arbogaan,SE,1.000,1,279.000,337.800,482.400,578.100,669.900,788.800,877.800,966.600,1083.600,0,0.000,0.000,0.000,,,
1955,MERISKOSKI (NEAR THE MOUTH),5057500,4732500,24400,Oulujoki,Oulujoki,Oulujoki,FI,1.000,1,693.000,805.500,1082.500,1265.800,1441.800,1669.400,1840.100,2010.100,2234.300,0,0.000,0.000,0.000,,,
1956,SIKFORS KRV,4837500,4757500,10900,Pitealven,Pitealven,Pitealven,SE,1.000,1,417.200,474.300,615.000,708.100,797.400,913.000,999.600,1086.000,1199.800,0,0.000,0.000,0.000,,,
1957,KVISTFORSENS KRV,4837500,4667500,11275,Skellefteaelven,Skellefteaelven,Skelleftealven,SE,1.000,1,229.100,255.100,319.100,361.500,402.200,454.800,494.200,533.500,585.400,0,0.000,0.000,0.000,,,
1958,UMEAE,4832500,4557500,26950,Umeaelven,Umeaelven,Umealven,SE,1.000,1,958.600,1054.800,1291.700,1448.600,1599.100,1793.800,1939.700,2085.100,2277.000,0,0.000,0.000,1.000,,0.000,0.000
1959,TAINIONKOSKI,5322500,4362500,60650,Vuoksi,Vuoksi,Neva,FI,1.000,11,859.800,923.100,1078.900,1182.100,1281.100,1409.100,1505.100,1600.800,1726.900,0,0.000,0.000,0.000,,,
1960,CORROFIN,3082500,3537500,575,Clare,Clare,Corrib,IE,2.000,2,69.700,78.300,99.500,113.600,127.100,144.500,157.600,170.700,187.900,0,0.000,0.000,0.000,,,
1961,DECIN,4617500,3087500,51100,"Elbe, below Ohre",Elbe,Elbe,CZ,1.000,9111,1035.700,1398.300,2290.800,2881.800,3448.600,4182.300,4732.100,5279.900,6002.600,0,0.000,0.000,0.000,,,
1962,ZELEZNY BROD,4697500,3072500,800,Jizera,Jizera,Elbe,CZ,2.000,14111,141.100,170.400,242.300,289.900,335.500,394.700,439.000,483.100,541.300,0,0.000,0.000,0.000,,,
1963,MORAVICANY,4832500,2977500,2300,Morava,Morava,Danube,CZ,,183511,81.100,104.300,161.400,199.300,235.600,282.500,317.800,352.800,399.100,0,0.000,0.000,0.000,,,
1964,TEPLICE,4882500,2962500,1250,Morava,Becva,Danube,CZ,,183411,138.200,179.500,281.200,348.500,413.000,496.600,559.200,621.600,703.900,0,0.000,0.000,0.000,,,
1965,GLAN,4682500,3947500,12425,Motala Stroem,Motala Stroem,Motala Stroem,SE,1.000,1,139.000,159.300,209.300,242.500,274.200,315.300,346.100,376.800,417.300,1,1.000,0.000,0.000,1.000,1.000,1.000
1966,KUKKOLANKOSKI OEVRE,4957500,4827500,39975,Torne,Torneaelven,Torne,SE,1.000,1,1367.900,1554.100,2012.500,2316.000,2607.100,2983.900,3266.300,3547.600,3918.800,0,0.000,0.000,0.000,,,
1967,SCHAERDING,4572500,2822500,26050,Inn,Inn,Danube,AT,,201111,2160.300,2478.900,3262.800,3781.800,4279.600,4924.000,5406.900,5888.000,6522.800,1,0.000,1.000,0.000,0.000,,0.000
1968,SPIELFELD,4747500,2642500,9625,Drava,Mur,Danube,AT,,142111,527.400,623.100,858.600,1014.500,1164.000,1357.600,1502.700,1647.200,1837.900,0,0.000,0.000,0.000,,,
1969,FRIESACH,4727500,2692500,6825,Drava,Mur,Danube,AT,,142311,372.000,447.500,633.300,756.400,874.400,1027.200,1141.600,1255.700,1406.200,0,0.000,0.000,0.000,,,
1970,TRIER UP,4077500,2962500,23650,Moselle,Moselle,Rhine,DE,,4131,1391.900,1604.900,2129.100,2476.200,2809.100,3240.000,3562.900,3884.600,4309.100,1,1.000,0.000,0.000,1.000,1.000,1.000
1971,RETHEM,4282500,3297500,15500,Aller,Aller,Weser,DE,2.000,211,305.100,368.700,525.100,628.700,728.100,856.700,953.100,1049.200,1175.900,0,0.000,0.000,0.000,,,
1972,LETZTER HELLER,4307500,3137500,5500,Werra,Werra,Weser,DE,2.000,811,217.400,261.000,368.300,439.400,507.500,595.800,661.900,727.700,814.600,0,0.000,0.000,0.000,,,
1973,VERSEN,4137500,3292500,8425,Ems,Ems,Ems,DE,1.000,1,298.000,345.400,462.100,539.300,613.400,709.300,781.200,852.800,947.200,0,0.000,0.000,0.000,,,
1974,BERLIN MUEHLENDAMM OP,4577500,3262500,6900,Havel,Spree,Elbe,DE,3.000,2211,74.900,105.900,182.300,232.800,281.300,344.100,391.100,437.900,499.800,0,0.000,0.000,0.000,,,
1975,BAD LIEBENWERDA,4557500,3157500,3125,Schwarze Elster,Schwarze Elster,Elbe,DE,2.000,8111,49.400,63.900,99.700,123.400,146.100,175.500,197.500,219.500,248.400,0,0.000,0.000,0.000,,,
1976,KEMPTEN,4347500,2732500,950,Iller,Iller,Danube,DE,,212411,268.600,314.300,426.800,501.300,572.800,665.200,734.500,803.600,894.600,1,0.000,1.000,0.000,0.000,,0.000
1977,MEGEN DORP,4017500,3197500,29000,Meuse,Meuse,Rhine,NL,,2311,1397.900,1608.800,2128.100,2471.800,2801.600,3228.400,3548.300,3866.900,4287.400,1,1.000,0.000,0.000,1.000,1.000,1.000
1978,BRYDEKIRK,3472500,3627500,950,R. Annan,Annan,Annan,UK,1.000,1,239.200,275.600,365.200,424.500,481.400,555.100,610.300,665.300,737.800,1,1.000,0.000,0.000,1.000,1.000,1.000
1979,Caton,3492500,3512500,1000,Lune,Lune,Lune,UK,1.000,1,287.100,359.900,538.900,657.500,771.200,918.400,1028.700,1138.600,1283.600,0,0.000,0.000,1.000,,0.000,0.000
1980,DOVIKFOSS,4317500,4087500,16100,Begna,Dramselv,Drammen,NO,1.000,11,601.600,687.300,898.000,1037.500,1171.300,1344.500,1474.300,1603.600,1774.200,0,0.000,0.000,0.000,,,
1981,LANGNES,4387500,4052500,40525,"Glomma, below Lagen",Glomma,Glomma,NO,1.000,111,1554.600,1802.300,2412.000,2815.600,3202.800,3703.900,4079.500,4453.700,4947.300,0,0.000,0.000,0.000,,,
1982,KISTA,4842500,5237500,6250,Altaelva,Altaelva,Altaelva,NO,1.000,1,289.200,321.800,402.000,455.100,506.000,571.900,621.300,670.500,735.500,1,0.000,1.000,0.000,0.000,,0.000
1983,LAKE INARI OUTLET,5012500,5177500,5475,Paatsjoki,Paatsjoki,Paatsjoki,FI,1.000,3,167.900,190.100,244.600,280.700,315.400,360.200,393.800,427.300,471.400,0,0.000,0.000,0.000,,,
1984,HARJAVALTA,4967500,4302500,26300,Kokemaenjoki,Kokemaenjoki,Kokem,FI,1.000,1,430.800,483.400,613.000,698.900,781.200,887.700,967.500,1047.100,1152.000,0,0.000,0.000,0.000,,,
1985,LAKE LENTUA OUTLET,5262500,4702500,2125,Oulujoki,Oulujoki,Oulujoki,FI,2.000,2,72.000,81.800,106.000,122.000,137.400,157.300,172.300,187.100,206.700,1,0.000,1.000,0.000,0.000,,0.000
1986,JYLHAMA (VAALA),5127500,4702500,21725,Oulujoki,Oulujoki,Oulujoki,FI,1.000,1,606.500,699.700,929.300,1081.200,1227.000,1415.700,1557.100,1698.000,1883.900,0,0.000,0.000,0.000,,,
1987,KULDIGA,5047500,3822500,8250,Venta,Venta,Venta,LV,1.000,1,316.900,359.800,465.300,535.100,602.100,688.800,753.800,818.600,904.000,0,0.000,0.000,0.000,,,
1988,VALMIERA,5237500,3922500,6325,Gauja,Gauja,Gauja,LV,1.000,1,184.100,216.800,297.400,350.700,401.900,468.100,517.800,567.200,632.500,0,0.000,0.000,0.000,,,
1989,MEZOTNE,5187500,3787500,9525,Lielupe,Lielupe,Lielupe,LV,1.000,1,307.800,368.300,517.300,615.900,710.500,833.000,924.800,1016.200,1136.800,0,0.000,0.000,0.000,,,
1990,UKMERGE,5252500,3662500,5950,Neris,Sventoji,Nemunas,LT,3.000,221,137.800,167.300,239.900,288.000,334.100,393.800,438.500,483.100,541.900,2,0.000,2.000,0.000,0.000,,0.000
1991,L'Erdre [Totale] à Nantes [Saint Felix],3452500,2752500,950,Erdre,L'Erdre,Loire,FR,,1211,60.800,73.100,103.200,123.200,142.300,167.100,185.700,204.200,228.600,1,1.000,0.000,0.000,1.000,1.000,1.000
1992,La Sevre Nantaise [Totale] à Nantes [Pont-Rousseau],3452500,2737500,2375,La Sevre,La Sevre Nantaise,Loire,FR,,1411,201.800,237.800,326.400,385.000,441.200,514.000,568.600,623.000,694.700,1,1.000,0.000,0.000,1.000,1.000,1.000
1993,Hracholusky Mze,4552500,2967500,1650,Vltava,Uhlava,Elbe,CZ,4.000,12241,15.000,25.500,51.200,68.200,84.500,105.700,121.500,137.300,158.200,2,2.000,0.000,1.000,1.000,0.667,0.800
1994,Lhota Radbuza,4562500,2957500,1275,Vltava,Uhlava,Elbe,CZ,4.000,12261,55.900,77.100,129.100,163.600,196.700,239.400,271.500,303.500,345.600,0,0.000,0.000,0.000,,,
1995,PAPPILANKOSKI,4942500,4287500,1350,Kokemaenjoki-Archipelago Sea-Bothnian Sea,Eurajoki,Eurajoki,FI,1.000,1,24.600,28.300,37.400,43.500,49.300,56.800,62.500,68.100,75.500,0,0.000,0.000,0.000,,,
1996,KEPPO,4952500,4537500,4050,Lapuanjoki,Lapuanjoki,Lapuanjoki,FI,1.000,1,149.900,176.500,242.200,285.700,327.400,381.400,421.800,462.100,515.300,0,0.000,0.000,0.000,,,
1997,SAARENPAA,4987500,4612500,1050,Lestijoki,Lestijoki,Lestijoki,FI,1.000,1,54.800,67.500,98.800,119.500,139.400,165.100,184.400,203.600,228.900,0,0.000,0.000,0.000,,,
1998,TOLPANKOSKI (PYHANKOSKI),5007500,4662500,3650,Pyhtjoki,Tolpankoski,Pyhtjoki,FI,1.000,1,187.500,230.400,335.800,405.600,472.600,559.200,624.200,688.900,774.300,0,0.000,0.000,0.000,,,
1999,LUUJOKI HAARAN ALA PUOLELLE,5022500,4797500,1350,Oulujoki-Iijoki,Kuivajoki,Oulujoki-Iijoki,FI,1.000,1,103.300,121.600,166.700,196.600,225.200,262.300,290.100,317.800,354.300,0,0.000,0.000,0.000,,,
2000,SIMO,5012500,4797500,3125,Simojoki,Simojoki,Simojoki,FI,1.000,1,211.500,248.100,338.100,397.700,454.900,528.900,584.300,639.600,712.500,0,0.000,0.000,0.000,,,
2001,NIKAKOSKI (NEAR THE MOUTH),5007500,4637500,3525,Kalajoki,Kalajoki,Kalajoki,FI,1.000,1,174.800,208.800,292.400,347.800,400.900,469.600,521.100,572.500,640.200,0,0.000,0.000,0.000,,,
2002,SKATILA (LANSORSUND),4922500,4502500,4875,Kyronjoki,Kyronjoki,Kyronjoki,FI,1.000,1,233.600,276.700,382.800,453.100,520.500,607.700,673.000,738.200,824.100,1,0.000,1.000,0.000,0.000,,0.000
2003,OULUNKYLA (NEAR THE MOUTH),5147500,4207500,1875,Vantaa,Vantaanjoki,Vantaa,FI,1.000,1,101.500,117.400,156.400,182.200,206.900,239.000,263.000,287.000,318.500,0,0.000,0.000,0.000,,,
2004,"VUOSJARVI, HUOPANANKOSKI",5102500,4527500,2275,"Kymijoki, Keitele catchment",Huopanankoski,Kymijoki,FI,2.000,63,42.000,47.500,61.100,70.100,78.800,90.000,98.400,106.700,117.800,1,0.000,1.000,0.000,0.000,,0.000
2005,VAKKOLA (NEAR THE MOUTH),5177500,4242500,1275,Porvoonjoki,Porvoonjoki,Porvoonjoki,FI,1.000,1,51.600,61.000,84.000,99.200,113.800,132.700,146.900,161.000,179.600,0,0.000,0.000,0.000,,,
2006,KALTIMO,5332500,4552500,20525,Neva,Pielisjoki,Neva,FI,1.000,31,338.500,374.800,464.200,523.400,580.100,653.600,708.600,763.500,835.800,0,0.000,0.000,0.000,,,
2007,KALLAVESI-KONNUS-KARVIO,5227500,4497500,16250,Neva,Kallavesi,Neva,FI,3.000,22,292.800,329.300,419.100,478.600,535.600,609.400,664.800,719.900,792.600,0,0.000,0.000,0.000,,,
2008,HERFORS,4962500,4562500,2125,Coastal zone,Kruunupyyn,Ahtavan,FI,1.000,1,36.500,41.500,53.800,61.900,69.700,79.800,87.400,94.900,104.900,0,0.000,0.000,0.000,,,
2009,HAUKIPUDAS,5037500,4757500,11725,Iijoki,KIIMINGINJOKI,Kiiminginjoki,FI,1.000,1,451.900,527.200,712.500,835.200,952.900,1105.200,1219.400,1333.200,1483.200,0,0.000,0.000,0.000,,,
2010,MOVANAGHER,3272500,3662500,5175,Bann,Lower Bann,Bann,UK,1.000,1,289.500,335.500,448.600,523.500,595.300,688.300,758.000,827.400,919.000,0,0.000,0.000,0.000,,,
2011,NESET,4242500,4027500,3000,Moel,Neiden,Skien,NO,2.000,21,228.600,257.700,329.600,377.100,422.700,481.700,526.000,570.100,628.200,0,0.000,0.000,0.000,,,
2012,Redbrook,3452500,3252500,4100,Wye,Wye,Wye,UK,1.000,1,375.000,443.300,611.400,722.800,829.500,967.700,1071.300,1174.500,1310.600,0,0.000,0.000,0.000,,,
2013,HERRENHAUSEN,4292500,3257500,5375,Aller,Leine,Weser,DE,3.000,221,151.900,185.100,266.900,321.000,372.900,440.100,490.500,540.700,606.900,0,0.000,0.000,0.000,,,
2014,Drumnabuoy House,3212500,3647500,1850,Foyle,Mourne,Foyle,UK,1.000,1,415.100,491.800,680.400,805.200,925.000,1080.000,1196.200,1312.000,1464.700,1,0.000,1.000,1.000,0.000,0.000,0.000
2015,Nantgaredig,3352500,3287500,1150,R. Towy,Tywi,Towy,UK,1.000,1,279.000,337.000,479.900,574.500,665.200,782.700,870.700,958.400,1074.100,1,1.000,0.000,0.000,1.000,1.000,1.000
2016,ADELPHI WEIR,3507500,3447500,550,Mersey,Irwell,Mersey,UK,2.000,2,98.700,120.400,173.800,209.200,243.200,287.100,320.100,352.900,396.200,4,1.000,3.000,0.000,0.250,1.000,0.400
2018,THORVERTON,3377500,3167500,650,Exe,EXE,Exe,UK,1.000,1,85.800,99.800,134.300,157.200,179.100,207.400,228.700,249.800,277.800,2,0.000,2.000,0.000,0.000,,0.000
2019,GLAN TEIFI,3332500,3312500,900,Teifi,Teifi,Teifi,UK,1.000,1,154.400,182.600,252.100,298.200,342.300,399.500,442.300,485.000,541.300,1,0.000,1.000,0.000,0.000,,0.000
2020,BOARA PISANI,4462500,2447500,12350,Adige,Adige,Adige,IT,1.000,1,679.700,794.600,1077.400,1264.700,1444.300,1676.800,1851.000,2024.600,2253.600,0,0.000,0.000,0.000,,,
2021,La Midouze à Campagne,3462500,2367500,2475,Midouze,Midouze,Adour,FR,2.000,34,74.400,89.800,127.700,152.800,176.900,208.000,231.400,254.600,285.300,1,1.000,0.000,0.000,1.000,1.000,1.000
2022,GOCH,4047500,3187500,1275,Meuse,Niers,Rhine,DE,,2321,42.900,49.600,66.300,77.300,87.900,101.600,111.800,122.100,135.500,3,1.000,2.000,0.000,0.333,1.000,0.500
2023,CELLE,4332500,3277500,4675,Aller,Aller,Weser,DE,2.000,231,84.000,103.900,152.800,185.200,216.300,256.500,286.600,316.700,356.300,0,0.000,0.000,0.000,,,
2024,AFFOLDERN,4262500,3112500,1625,Fulda,Eder,Weser,DE,3.000,623,89.200,117.600,187.600,233.900,278.300,335.800,378.900,421.900,478.500,0,0.000,0.000,0.000,,,
2025,GREBENAU,4287500,3117500,3025,Fulda,Fulda,Weser,DE,2.000,631,110.400,130.700,180.700,213.700,245.500,286.600,317.300,348.000,388.500,0,0.000,0.000,0.000,,,
2026,KYSUCKE NOVE MESTO,4957500,2947500,1050,Vah,Kysuca,Danube,SK,,163201,176.400,219.100,324.100,393.700,460.400,546.800,611.500,676.000,761.000,0,0.000,0.000,0.000,,,
2027,ZDANA,5152500,2892500,4300,Tisa,Hornad,Danube,SK,,126311,167.700,207.600,305.900,370.900,433.300,514.100,574.600,634.900,714.400,0,0.000,0.000,0.000,,,
2028,ZALAAPATI,4867500,2647500,1650,Sio,Zala,Danube,HU,,152311,23.800,40.400,81.300,108.400,134.400,168.100,193.300,218.400,251.600,0,0.000,0.000,0.000,,,
2029,LOM,5382500,2397500,581848,Danube,Danube,Danube,BG,,71911,10489.300,11777.600,14948.000,17047.000,19060.500,21666.700,23619.700,25565.600,28132.800,0,0.000,0.000,0.000,,,
2030,STOROZHYNETS,5487500,2902500,850,Siret,Siret,Danube,UA,,43511,91.100,122.300,198.900,249.700,298.400,361.400,408.700,455.700,517.800,0,0.000,0.000,0.000,,,
2031,Tarnava Mare - BLAJ,5387500,2662500,5800,Tisa,Tarnava Mare,Danube,RO,,122411,55.800,69.300,102.400,124.400,145.500,172.700,193.100,213.500,240.300,0,0.000,0.000,0.000,,,
2032,Strei - PETRENI,5327500,2602500,1975,Tisa,Strei,Danube,RO,,122211,103.600,127.700,187.000,226.200,263.900,312.700,349.200,385.600,433.600,0,0.000,0.000,1.000,,0.000,0.000
2033,Kresna,5412500,2177500,6800,Strimonas,Strimonas,Strimonas,BG,1.000,3,68.200,98.600,173.200,222.700,270.100,331.500,377.500,423.300,483.800,0,0.000,0.000,2.000,,0.000,0.000
2034,ORADEA,5217500,2732500,2400,Tisa,Crisul Repede,Danube,RO,,124431,57.500,69.900,100.300,120.400,139.700,164.700,183.400,202.100,226.700,0,0.000,0.000,1.000,,0.000,0.000
2035,Podsused žicara,4782500,2537500,12225,Sava,Sava,Danube,HR,,109111,1561.700,1793.700,2364.700,2742.800,3105.500,3574.900,3926.700,4277.200,4739.600,0,0.000,0.000,0.000,,,
2036,Bajina Bašta,5087500,2367500,15025,Sava,Drina,Danube,BA,,102311,1057.000,1414.300,2293.700,2876.000,3434.500,4157.400,4699.100,5238.800,5950.900,1,1.000,0.000,1.000,1.000,0.500,0.667
2038,FOZ DO MOURO,2812500,2292500,15500,Minho,Minho,Minho,PT,1.000,111,1078.700,1265.100,1724.000,2027.800,2319.200,2696.500,2979.100,3260.800,3632.400,0,0.000,0.000,0.000,,,
2039,PONTE DE CANAVEZES,2807500,2192500,3250,Tamega,Tamega,Douro,PT,2.000,2111,569.000,646.700,837.800,964.400,1085.800,1242.900,1360.700,1478.000,1632.700,0,0.000,0.000,1.000,,0.000,0.000
2040,PONTE DE VOUZELA,2802500,2142500,675,Vouga,VOUGA,Vouga,PT,1.000,1,83.600,99.200,137.600,163.100,187.500,219.100,242.800,266.400,297.500,0,0.000,0.000,1.000,,0.000,0.000
2042,ABBEVILLE,3737500,3032500,5900,Somme,Somme,Somme,FR,1.000,1,184.300,222.100,315.300,377.000,436.200,512.900,570.300,627.500,702.900,0,0.000,0.000,0.000,,,
2046,MONTJEAN,3507500,2757500,110500,Loire,Loire,Loire,FR,,1511,2814.900,3106.100,3822.600,4296.900,4752.000,5341.000,5782.300,6222.100,6802.300,0,0.000,0.000,1.000,,0.000,0.000
2047,VILLENEUVE LES SORINIERES,3462500,2737500,1650,La Sevre,La Goulaine,Loire,FR,,1431,134.600,158.000,215.500,253.600,290.100,337.400,372.800,408.100,454.700,1,1.000,0.000,0.000,1.000,1.000,1.000
2051,MONTIGNAC,3627500,2482500,3175,Vezere,Vezere,Dordogne,FR,2.000,4,311.800,361.600,484.200,565.400,643.300,744.100,819.600,894.800,994.100,0,0.000,0.000,0.000,,,
2053,MAS-D'AGENAIS,3542500,2417500,50350,"Garonne, below Lot",Garonne,Garonne,FR,1.000,131,2717.500,3121.500,4115.700,4774.000,5405.400,6222.700,6835.100,7445.400,8250.400,1,1.000,0.000,1.000,1.000,0.500,0.667
2058,CORBES ROC COURBE,3802500,2382500,600,Tarn,Tarn,Garonne,FR,2.000,431,197.700,249.300,376.500,460.700,541.400,646.000,724.300,802.300,905.300,0,0.000,0.000,0.000,,,
2059,STE CROIX VOLVESTRE,3602500,2277500,4700,"Garonne, below Salat",Garonne,Garonne,FR,1.000,551,473.300,553.700,751.500,882.500,1008.100,1170.700,1292.600,1414.000,1574.200,1,1.000,0.000,1.000,1.000,0.500,0.667
2062,CARCASSONNE,3702500,2267500,2800,Aude,Orbiel,Aude,FR,1.000,1,87.600,129.800,233.600,302.400,368.300,453.700,517.700,581.400,665.500,0,0.000,0.000,0.000,,,
2064,BEZIERS-TABARKA,3762500,2282500,1300,Orb,Orb,Orb,FR,1.000,1,81.000,157.900,347.100,472.400,592.600,748.100,864.700,980.800,1134.000,0,0.000,0.000,2.000,,0.000,0.000
2065,MESCLA,4092500,2297500,2800,Var,Var,Var,FR,1.000,1,364.100,474.200,745.000,924.400,1096.400,1319.100,1485.900,1652.200,1871.500,0,0.000,0.000,0.000,,,
2072,SAUZE ST MARTIN,3872500,2387500,1925,Rhone,Ardeche,Rhone,FR,2.000,321,534.300,687.300,1063.900,1313.100,1552.300,1861.800,2093.700,2324.800,2629.700,2,1.000,1.000,2.000,0.500,0.333,0.400
2083,FOURGUENONS,4042500,2712500,925,Saone,Ognon,Rhone,FR,3.000,661,84.800,96.700,125.800,145.100,163.600,187.600,205.600,223.500,247.100,0,0.000,0.000,3.000,,0.000,0.000
2088,ZRUC NAD SAZAVOU,4692500,2972500,1400,Vltava,Sazava,Elbe,CZ,3.000,12411,69.400,103.100,186.100,241.000,293.700,361.900,413.000,464.000,531.200,2,0.000,2.000,0.000,0.000,,0.000
2089,TURICE,4662500,3032500,2225,Jizera,Jizera,Elbe,CZ,2.000,14111,140.500,173.400,254.400,308.000,359.500,426.100,476.000,525.700,591.300,0,0.000,0.000,0.000,,,
2090,DASICE,4742500,3007500,625,"Elbe, headwaters",Loucna,Elbe,CZ,2.000,15211,19.200,35.100,74.300,100.300,125.100,157.400,181.500,205.600,237.300,0,0.000,0.000,0.000,,,
2092,BANOV (BANOVSKA KESA),4932500,2802500,3100,Vah,Nitra,Danube,SK,,162101,90.700,109.700,156.400,187.300,216.900,255.300,284.100,312.700,350.500,1,0.000,1.000,0.000,0.000,,0.000
2093,IPELSKY SOKOLEC,4977500,2807500,4875,Ipel,Ipel,Danube,SK,,154111,87.600,113.500,177.200,219.400,259.900,312.200,351.500,390.600,442.100,0,0.000,0.000,0.000,,,
2094,HOLISA,5042500,2847500,725,Ipel,Ipel,Danube,SK,,154111,24.700,35.100,60.700,77.700,93.900,115.000,130.800,146.500,167.200,1,0.000,1.000,0.000,0.000,,0.000
2095,MARTIN,4972500,2922500,875,Vah,Turiec,Danube,SK,,163401,41.600,55.000,87.900,109.700,130.600,157.700,178.000,198.200,224.900,2,0.000,2.000,0.000,0.000,,0.000
2096,TURNA NAD BODVOU,5122500,2892500,675,Tisa,Bodvaj,Danube,SK,,126221,18.800,26.900,46.700,59.800,72.300,88.600,100.800,113.000,129.000,1,0.000,1.000,0.000,0.000,,0.000
2097,KOSICKE OLSANY,5152500,2912500,1175,Tisa,Torysa,Danube,SK,,126321,66.400,88.100,141.700,177.200,211.300,255.400,288.400,321.300,364.700,0,0.000,0.000,0.000,,,
2098,UDAVSKE,5192500,2947500,500,Tisa,Udava,Danube,SK,,128224,41.800,50.800,73.100,87.800,102.000,120.300,134.000,147.700,165.700,0,0.000,0.000,0.000,,,
2100,ANTISANTI,4272500,2117500,650,Tavignano,Tavignano,Tavignano,FR,1.000,1,49.800,70.900,122.800,157.100,190.100,232.700,264.700,296.600,338.600,1,0.000,1.000,1.000,0.000,0.000,0.000
2116,TRILLO,3257500,2042500,3400,Tagus,Tagus,Tagus,ES,1.000,911,37.300,45.400,65.300,78.500,91.200,107.600,119.900,132.100,148.200,2,1.000,1.000,1.000,0.500,0.500,0.500
2118,PUENTE MORENA,3102500,1867500,2450,Jabalon,Jabalon,Guadiana,ES,2.000,1411,6.900,16.100,38.800,53.800,68.200,86.900,100.900,114.800,133.200,0,0.000,0.000,0.000,,,
2119,QUINTANAR,3197500,1932500,925,Ciguela,Ciguela,Guadiana,ES,2.000,1631,2.200,9.500,27.200,39.000,50.200,64.800,75.800,86.700,101.000,0,0.000,0.000,0.000,,,
2120,EL DOCTOR,3027500,1767500,25225,Guadajoz,Guadalquivir,Guadalquivir,ES,1.000,711,203.700,301.900,543.500,703.500,856.900,1055.500,1204.300,1352.600,1548.300,0,0.000,0.000,1.000,,0.000,0.000
2122,HAMOIR(TABREUX),4002500,3042500,1600,Meuse,Ourthe,Rhine,BE,,2451,122.300,142.800,193.200,226.600,258.600,300.100,331.100,362.100,402.900,1,1.000,0.000,0.000,1.000,1.000,1.000
2125,EL CHONO,3192500,1647500,625,Andarax,Nacimiento,Andarax,ES,,2,6.900,12.200,25.300,33.900,42.200,52.900,61.000,69.000,79.500,2,0.000,2.000,1.000,0.000,0.000,0.000
2126,MARTORELL,3647500,2077500,4500,Llobregat,Llobregat,Llobregat,ES,1.000,1,127.800,191.500,348.400,452.200,551.800,680.700,777.300,873.600,1000.500,0,0.000,0.000,0.000,,,
2127,RODA DE TER,3682500,2127500,1500,Ter,Ter,Ter,ES,1.000,1,63.900,94.100,168.500,217.800,265.100,326.200,372.000,417.700,478.000,0,0.000,0.000,0.000,,,
2128,VASSBOTTEN,4412500,3972500,575,Glomma,ENNINGDALSAELVEN,Enningdalsaelven,SE,1.000,1,28.000,32.000,42.000,48.500,54.800,63.000,69.100,75.200,83.200,0,0.000,0.000,0.000,,,
2129,NEDRE ABISKOJOKK,4692500,5052500,1425,"Tornealven, section to Lainioalven",TORNETRAESK,Torne,SE,1.000,5,113.400,127.800,163.200,186.600,209.100,238.200,260.000,281.700,310.400,1,0.000,1.000,0.000,0.000,,0.000
2130,GROETSJOEN,4452500,4307500,575,Osterdal,Groetsjoen,Dal,SE,3.000,42,36.700,41.800,54.300,62.700,70.600,81.000,88.700,96.400,106.600,0,0.000,0.000,0.000,,,
2131,TOREBRO KRV (POWERSTATION),4577500,3667500,3775,Helge,Helge,Helge,SE,1.000,1,135.700,153.600,197.700,227.000,255.000,291.300,318.500,345.600,381.300,0,0.000,0.000,0.000,,,
2137,NIEMISEL,4867500,4812500,3850,Ranealven,Ranealven,Ranealven,SE,1.000,1,172.100,198.400,263.200,306.000,347.200,400.400,440.300,480.000,532.400,0,0.000,0.000,0.000,,,
2140,STEIN-KREMS,4732500,2822500,96025,Danube,Danube,Danube,AT,,191311,4936.600,5698.800,7574.500,8816.500,10007.700,11549.700,12705.200,13856.500,15375.400,1,0.000,1.000,0.000,0.000,,0.000
2142,WIEN-NUSSDORF,4792500,2812500,101825,Danube,Danube,Danube,AT,,191111,4907.700,5692.800,7625.000,8904.300,10131.500,11719.800,12910.100,14096.000,15660.700,1,0.000,1.000,0.000,0.000,,0.000
2145,LANDSCHA,4747500,2647500,8425,Drava,Mur,Danube,AT,,142311,400.100,479.500,674.800,804.100,928.100,1088.700,1209.000,1328.900,1487.000,0,0.000,0.000,0.000,,,
2146,FROHNLEITEN,4722500,2697500,6675,Drava,Mur,Danube,AT,,142311,362.700,435.900,615.800,735.000,849.300,997.300,1108.100,1218.600,1364.300,0,0.000,0.000,0.000,,,
2147,KINDTHAL,4732500,2727500,725,Drava,Muerz,Danube,AT,,142411,61.300,76.800,115.100,140.400,164.600,196.100,219.600,243.100,274.100,1,0.000,1.000,0.000,0.000,,0.000
2148,TSIMOVO,5267500,1902500,625,Arachthos,ARACHTHOS,Arachthos,GR,1.000,1,48.600,78.300,151.500,199.900,246.400,306.500,351.500,396.400,455.700,4,0.000,4.000,1.000,0.000,0.000,0.000
2149,AVLAKION,5307500,1857500,1550,Akheloos,Acheloos Potamos,Akheloos,GR,1.000,1,87.000,132.400,244.100,318.100,389.000,480.800,549.600,618.200,708.700,4,1.000,3.000,6.000,0.250,0.143,0.182
2150,SCHWAIBACH,4172500,2807500,975,Kinzig,KINZIG (TRIB. RHEIN),Rhine,DE,,11611,135.200,153.100,197.200,226.300,254.300,290.500,317.600,344.600,380.300,0,0.000,0.000,1.000,,0.000,0.000
2151,STEIN,4267500,2902500,1950,Neckar,KOCHER,Rhine,DE,,10211,220.900,259.400,354.100,416.800,477.000,554.800,613.200,671.300,748.000,0,0.000,0.000,0.000,,,
2153,RHEINFELDEN,4147500,2717500,34675,Rhine,Rhine,Rhine,DE,,11711,2361.900,2580.900,3120.000,3476.900,3819.300,4262.400,4594.500,4925.300,5361.900,1,1.000,0.000,1.000,1.000,0.500,0.667
2154,VLOTHO,4247500,3232500,17625,"Weser, below Diemel",Weser,Weser,DE,1.000,311,580.200,662.900,866.600,1001.400,1130.700,1298.100,1423.500,1548.500,1713.400,0,0.000,0.000,0.000,,,
2155,GREENE,4317500,3192500,2875,Aller,Leine,Weser,DE,3.000,221,87.200,108.300,160.300,194.700,227.700,270.400,302.400,334.300,376.400,0,0.000,0.000,0.000,,,
2156,MARKLENDORF,4307500,3282500,7800,Aller,Aller,Weser,DE,2.000,231,121.900,149.100,215.800,260.100,302.500,357.400,398.500,439.500,493.600,0,0.000,0.000,0.000,,,
2158,SCHMITTLOTHEIM,4242500,3117500,1250,Fulda,Eder,Weser,DE,3.000,623,131.900,156.000,215.500,254.800,292.600,341.500,378.100,414.600,462.700,0,0.000,0.000,0.000,,,
2159,GUNTERSHAUSEN,4282500,3122500,6425,Fulda,Fulda,Weser,DE,2.000,611,218.800,265.700,381.100,457.500,530.700,625.600,696.700,767.500,860.900,0,0.000,0.000,0.000,,,
2160,ROTENBURG,4302500,3097500,2550,Fulda,Fulda,Weser,DE,2.000,631,103.600,122.900,170.300,201.700,231.800,270.800,300.000,329.100,367.500,0,0.000,0.000,0.000,,,
2161,SCHWARMSTEDT,4292500,3277500,6375,Aller,Leine,Weser,DE,3.000,221,165.600,200.500,286.600,343.600,398.200,468.900,522.000,574.800,644.400,0,0.000,0.000,0.000,,,
2162,ALLENDORF,4312500,3132500,5425,Werra,Werra,Weser,DE,2.000,811,216.800,261.000,369.800,441.800,510.800,600.200,667.200,733.900,822.000,0,0.000,0.000,0.000,,,
2163,HELDRA,4337500,3112500,4325,Werra,Werra,Weser,DE,2.000,811,199.600,245.900,359.700,435.100,507.400,600.900,671.000,740.900,833.100,0,0.000,0.000,0.000,,,
2164,BODENWERDER,4287500,3202500,16025,"Weser, below Diemel",Weser,Weser,DE,1.000,311,537.700,616.200,809.300,937.100,1059.700,1218.400,1337.400,1455.900,1612.200,0,0.000,0.000,0.000,,,
2165,DOERVERDEN,4267500,3292500,22175,"Weser, below Diemel",Weser,Weser,DE,1.000,311,693.700,783.400,1003.900,1150.000,1290.100,1471.400,1607.300,1742.700,1921.300,0,0.000,0.000,0.000,,,
2166,KARLSHAFEN,4282500,3172500,14975,"Weser, below Diemel",Weser,Weser,DE,1.000,311,514.800,592.600,784.100,910.800,1032.400,1189.900,1307.800,1425.400,1580.400,0,0.000,0.000,0.000,,,
2167,LIEBENAU,4262500,3272500,20175,"Weser, below Diemel",Weser,Weser,DE,1.000,311,664.200,756.100,982.100,1131.800,1275.400,1461.300,1600.600,1739.300,1922.400,0,0.000,0.000,0.000,,,
2168,WAHMBECK,4292500,3167500,13050,Weser,Weser,Weser,DE,1.000,511,471.500,545.500,727.700,848.400,964.100,1113.900,1226.100,1338.000,1485.500,0,0.000,0.000,0.000,,,
2169,DALUM,4132500,3282500,4950,Ems,Ems,Ems,DE,1.000,1,197.700,237.500,335.300,400.100,462.300,542.700,603.000,663.100,742.300,0,0.000,0.000,0.000,,,
2170,GREVEN,4157500,3222500,2925,Ems,Ems,Ems,DE,1.000,1,142.000,169.700,237.900,283.100,326.500,382.600,424.600,466.500,521.800,0,0.000,0.000,1.000,,0.000,0.000
2171,RHEINE UNTERSCHLEUSE UP,4142500,3247500,3750,Ems,Ems,Ems,DE,1.000,1,172.900,209.300,298.800,358.100,415.000,488.600,543.700,598.700,671.200,0,0.000,0.000,0.000,,,
2173,BIENENBUETTEL,4352500,3342500,1450,Elbe,Ilmenau,Elbe,DE,2.000,1121,36.700,45.100,65.700,79.400,92.500,109.500,122.200,134.900,151.600,0,0.000,0.000,0.000,,,
2174,Rudolstadt,4412500,3067500,2675,Saale,Saale,Elbe,DE,2.000,4511,131.500,162.000,237.100,286.800,334.500,396.200,442.500,488.500,549.300,3,0.000,3.000,0.000,0.000,,0.000
2175,RATHENOW (HAUPTSCHLEUSE),4477500,3282500,18800,Havel,Havel,Elbe,DE,2.000,2111,189.100,231.200,334.900,403.600,469.400,554.700,618.600,682.200,766.200,0,0.000,0.000,1.000,,0.000,0.000
2176,RATHENOW HAUPTSCHLEUSE UP,4477500,3272500,18675,Havel,Havel,Elbe,DE,2.000,2111,188.500,230.600,334.400,403.100,469.000,554.300,618.200,681.900,765.900,0,0.000,0.000,1.000,,0.000,0.000
2177,KETZIN,4507500,3262500,16075,Havel,Havel,Elbe,DE,2.000,2111,171.400,211.800,311.200,377.000,440.200,521.900,583.100,644.100,724.600,0,0.000,0.000,1.000,,0.000,0.000
2178,SPREMBERG,4622500,3172500,2250,Havel,Spree,Elbe,DE,3.000,2211,44.500,55.000,80.900,98.000,114.500,135.800,151.700,167.600,188.600,0,0.000,0.000,0.000,,,
2179,Bad Suelze,4492500,3452500,625,Recknitz,Recknitz,Recknitz,DE,1.000,1,10.600,18.600,38.200,51.200,63.600,79.700,91.800,103.900,119.800,1,0.000,1.000,0.000,0.000,,0.000
2180,KLEMPENOW,4537500,3407500,1225,Peene,TOLLENSE,Peene,DE,1.000,1,20.000,26.600,42.600,53.300,63.500,76.700,86.600,96.400,109.500,2,0.000,2.000,0.000,0.000,,0.000
2181,REGENSBURG/SCHWABELWEIS,4472500,2882500,32550,Danube,Danube,Danube,DE,,211511,1258.100,1427.500,1844.200,2120.200,2384.800,2727.400,2984.200,3240.000,3577.400,0,0.000,0.000,0.000,,,
2182,Lenggries,4437500,2732500,1425,Isar,Isar,Danube,DE,,211213,162.300,204.100,306.800,374.900,440.200,524.700,588.000,651.000,734.300,0,0.000,0.000,0.000,,,
2183,BRONZOLO (BRANZOLL),4422500,2582500,6975,Adige,Adige,Adige,IT,1.000,1,402.400,473.000,646.700,761.800,872.100,1015.000,1122.000,1228.700,1369.400,1,0.000,1.000,0.000,0.000,,0.000
2184,TRENTO,4407500,2552500,9575,Adige,Adige,Adige,IT,1.000,1,527.600,622.100,854.600,1008.500,1156.200,1347.300,1490.600,1633.300,1821.500,1,0.000,1.000,0.000,0.000,,0.000
2185,ALLOGGIAMENTO IDRAULICO,4637500,2127500,1925,Pescara,ATERNO,Pescara,IT,1.000,1,98.300,131.700,213.800,268.100,320.200,387.700,438.200,488.600,555.100,2,0.000,2.000,0.000,0.000,,0.000
2186,S.SAMUELE DI CAFIERO,4837500,2042500,2800,Ofanto,OFANTO,Ofanto,IT,1.000,1,55.900,80.400,140.900,180.900,219.300,269.000,306.200,343.300,392.200,0,0.000,0.000,2.000,,0.000,0.000
2187,PASSOFONDUTO,4647500,1607500,1300,Platani,PLATANI,Platani,IT,1.000,1,66.200,106.600,205.900,271.600,334.700,416.300,477.500,538.500,618.900,0,0.000,0.000,1.000,,0.000,0.000
2188,DRASI,4672500,1577500,2025,Salso,IMERA MERIDIONALE,Salso,IT,1.000,1,113.100,174.700,326.300,426.700,523.000,647.600,741.000,834.100,956.800,1,0.000,1.000,1.000,0.000,0.000,0.000
2189,PONTE MACCARRONE,4747500,1637500,800,Simeto,Simeto,Simeto,IT,2.000,1,44.800,77.100,156.400,209.000,259.400,324.600,373.500,422.200,486.400,3,0.000,3.000,0.000,0.000,,0.000
2190,KILJAFOSS,2867500,4952500,2350,Hvita,Hvita,Hvita,IS,1.000,1,145.000,162.600,205.900,234.500,262.000,297.600,324.200,350.800,385.800,0,0.000,0.000,1.000,,0.000,0.000
2191,SELFOSS,2847500,4872500,1425,Oelfusa,Oelfusa,Oelfusa,IS,1.000,1,150.700,169.900,217.200,248.500,278.500,317.300,346.400,375.400,413.700,0,0.000,0.000,10.000,,0.000,0.000
2193,THJORSARTUN,2862500,4842500,8425,Pjorsa,Thjorsa,Pjorsa,IS,1.000,1,569.600,669.200,914.400,1076.700,1232.500,1434.000,1585.100,1735.600,1934.100,0,0.000,0.000,0.000,,,
2194,HOLL,3152500,4862500,700,Lagarfljot,Jokulsa I Fljotsdal,Lagarfljot,IS,1.000,1,92.700,106.600,140.700,163.300,185.000,213.100,234.100,255.000,282.700,0,0.000,0.000,0.000,,,
2195,GOODALABRU,3002500,4972500,725,Heradsvotn,"VESTARI-JOEKULSA, SKAGAFIROI",Heradsvotn,IS,1.000,1,41.700,49.000,67.100,79.000,90.500,105.300,116.400,127.500,142.100,0,0.000,0.000,0.000,,,
2197,ULLARFOSS,3077500,4947500,2725,Skjalfandafljot,"SVARTA, BAROARDAL",Skjalfandafljot,IS,1.000,1,240.200,293.100,423.200,509.300,592.000,698.900,779.100,858.900,964.300,0,0.000,0.000,0.000,,,
2199,LAGARFOSS,3212500,4912500,2850,Lagarfljot,Lagarfljot,Lagarfljot,IS,1.000,1,264.600,295.300,371.000,421.200,469.200,531.500,578.100,624.600,685.900,0,0.000,0.000,1.000,,0.000,0.000
2200,LITH,4012500,3197500,29175,Meuse,Meuse,Rhine,NL,,2311,1405.200,1616.500,2136.600,2481.000,2811.300,3238.900,3559.300,3878.600,4299.800,1,1.000,0.000,0.000,1.000,1.000,1.000
2201,VENLO,4042500,3182500,27025,Meuse,Meuse,Rhine,DE,,2331,1352.100,1562.200,2079.300,2421.600,2750.000,3175.100,3493.600,3811.000,4229.700,1,1.000,0.000,0.000,1.000,1.000,1.000
2203,RUNKAMPEN,4002500,3182500,875,Meuse,BRABANTSE AA,Rhine,NL,,2211,50.500,58.000,76.200,88.300,99.900,114.900,126.100,137.300,152.100,0,0.000,0.000,0.000,,,
2205,VECHTERWEERD,4057500,3242500,3725,Ijssel,Vechte,Rhine,NL,,3211,206.500,251.900,363.700,437.700,508.700,600.600,669.400,738.000,828.600,1,0.000,1.000,0.000,0.000,,0.000
2206,TRZEBIATOW,4667500,3457500,1100,Rega,REGA,Rega,PL,1.000,1,36.800,50.000,82.700,104.300,125.000,151.900,172.000,192.000,218.500,0,0.000,0.000,0.000,,,
2207,RABASZENTMIKLOS,4882500,2742500,2525,Raab,Raab,Danube,HU,,172111,33.600,49.400,88.300,114.000,138.700,170.700,194.700,218.500,250.000,0,0.000,0.000,0.000,,,
2208,KURD,4957500,2627500,2125,Sio,Kapos,Danube,HU,,152211,28.500,36.700,57.000,70.400,83.300,99.900,112.400,124.900,141.300,0,0.000,0.000,0.000,,,
2209,DUNAALMAS,4947500,2772500,171525,Danube,Danube,Danube,HU,,157111,5614.400,6479.200,8607.600,10016.800,11368.500,13118.100,14429.200,15735.500,17459.000,1,0.000,1.000,0.000,0.000,,0.000
2210,SZENDRO,5112500,2867500,1600,Tisa,Bodvaj,Danube,HU,,126221,19.700,30.300,56.500,73.800,90.400,111.800,127.900,144.000,165.100,1,0.000,1.000,1.000,0.000,0.000,0.000
2211,NOWE DREZDENKO,4712500,3322500,16900,Warta,Notec,Oder,PL,3.000,2211,135.600,173.900,268.200,330.600,390.500,468.000,526.100,584.000,660.300,1,0.000,1.000,0.000,0.000,,0.000
2212,PTUSZA,4772500,3382500,2000,Warta,Gwda,Oder,PL,4.000,2241,25.400,32.200,49.000,60.200,70.800,84.700,95.000,105.300,118.900,0,0.000,0.000,0.000,,,
2213,KOWANOWKO,4782500,3307500,2250,Warta,Welna,Oder,PL,3.000,2521,27.000,37.600,63.700,80.900,97.500,118.900,134.900,150.900,172.000,0,0.000,0.000,0.000,,,
2214,NIECHMIROW,4927500,3177500,600,Warta,Olesnica,Oder,PL,3.000,2921,6.700,9.300,15.700,19.900,24.000,29.200,33.100,37.100,42.300,1,0.000,1.000,0.000,0.000,,0.000
2215,GRABNO,4942500,3192500,800,Warta,Grabia,Oder,PL,3.000,2821,17.900,22.700,34.500,42.200,49.700,59.400,66.700,73.900,83.400,0,0.000,0.000,0.000,,,
2221,DEBE,4887500,3217500,500,Warta,Swedrnia,Oder,PL,4.000,2621,4.900,7.500,13.800,18.000,22.000,27.100,31.000,34.900,40.000,0,0.000,0.000,1.000,,0.000,0.000
2222,RASZEWY,4842500,3242500,550,Warta,Lutynia,Oder,PL,3.000,2561,5.500,8.200,14.900,19.200,23.500,28.900,33.000,37.100,42.500,0,0.000,0.000,0.000,,,
2223,KOSCIAN,4777500,3237500,1325,Warta,KANAL KOSCIANSKI,Oder,PL,2.000,2541,15.900,24.500,45.700,59.700,73.100,90.500,103.500,116.500,133.700,0,0.000,0.000,0.000,,,
2224,MOSINA,4787500,3257500,1700,Warta,KANAL MOSINSKI,Oder,PL,2.000,2541,20.100,30.600,56.400,73.500,89.900,111.100,127.000,142.800,163.700,0,0.000,0.000,0.000,,,
2225,KONOJAD,4762500,3252500,725,Warta,Mogilnica,Oder,PL,4.000,2411,8.500,12.000,20.700,26.500,32.000,39.200,44.600,49.900,57.000,1,0.000,1.000,0.000,0.000,,0.000
2230,ZAGAN,4697500,3177500,3150,Bobr,Bobr,Oder,PL,2.000,6111,63.600,83.200,131.500,163.500,194.100,233.800,263.500,293.200,332.300,0,0.000,0.000,0.000,,,
2231,SKWIERZYNA,4697500,3292500,30900,Warta,Warta,Oder,PL,2.000,2511,274.300,351.000,539.900,665.000,784.900,940.200,1056.600,1172.500,1325.400,0,0.000,0.000,0.000,,,
2232,KONIN,4882500,3267500,13225,Warta,Warta,Oder,PL,2.000,2711,113.100,146.100,227.300,281.100,332.700,399.500,449.500,499.400,565.200,0,0.000,0.000,0.000,,,
2234,NOWA WIES PODGORNA,4857500,3352500,3300,Warta,Warta,Oder,PL,2.000,2271,22.300,36.600,71.800,95.100,117.500,146.400,168.100,189.700,218.200,0,0.000,0.000,0.000,,,
2236,MIRKOW,4887500,3172500,1250,Warta,Prosna,Oder,PL,3.000,2631,15.600,22.400,39.100,50.100,60.700,74.400,84.700,95.000,108.500,0,0.000,0.000,0.000,,,
2237,DRAWSKO POMORSKIE,4702500,3377500,1075,Warta,Drawa,Oder,PL,4.000,2221,25.400,31.600,47.000,57.100,66.800,79.500,88.900,98.300,110.700,0,0.000,0.000,0.000,,,
2238,GOLENIOW,4642500,3387500,3275,"Oder, below Warta",Ina,Oder,PL,2.000,1211,52.100,63.200,90.600,108.800,126.200,148.700,165.600,182.400,204.600,2,0.000,2.000,0.000,0.000,,0.000
2239,WADOWICE,5002500,3017500,825,"Vistula, headwaers",Skawa,Vistula,PL,2.000,7411,121.300,160.800,258.000,322.300,384.100,464.000,523.800,583.500,662.200,1,0.000,1.000,0.000,0.000,,0.000
2240,NOWY SACZ,5092500,3002500,4825,Dunajec,Dunajec,Vistula,PL,2.000,6111,515.100,654.400,997.300,1224.400,1442.100,1724.000,1935.300,2145.700,2423.400,0,0.000,0.000,0.000,,,
2241,KRASNYSTAW,5242500,3177500,2975,Wieprz,Wieprz,Vistula,PL,2.000,3611,45.200,72.000,138.000,181.800,223.700,278.000,318.700,359.300,412.800,0,0.000,0.000,0.000,,,
2242,PRZEDBORZ,5012500,3142500,2475,Pilica,Pilica,Vistula,PL,2.000,3411,55.800,84.600,155.400,202.200,247.200,305.400,349.000,392.400,449.800,0,0.000,0.000,0.000,,,
2243,SURAZ,5182500,3397500,3175,Narew,Bolshoy Kemchug,Vistula,PL,2.000,2511,43.300,58.500,95.900,120.700,144.400,175.200,198.200,221.200,251.500,0,0.000,0.000,0.000,,,
2244,PTAKI,5102500,3432500,4075,Narew,Pisa,Vistula,PL,3.000,2506,36.400,41.900,55.400,64.300,72.900,84.000,92.400,100.700,111.600,1,0.000,1.000,0.000,0.000,,0.000
2245,CROOM,3067500,3427500,800,Maigue,Maigue,Shannon,IE,2.000,21,64.400,70.000,83.800,93.000,101.700,113.100,121.600,130.100,141.300,0,0.000,0.000,0.000,,,
2248,MOYSTOWN,3137500,3497500,1225,Brosna,Brosna,Shannon,IE,2.000,41,72.300,84.500,114.300,134.100,153.000,177.600,195.900,214.300,238.400,1,0.000,1.000,0.000,0.000,,0.000
2249,DARRYCAHILL,3122500,3522500,1175,Suck,Suck,Shannon,IE,2.000,61,75.700,84.800,107.100,121.800,136.000,154.300,168.100,181.800,199.800,0,0.000,0.000,0.000,,,
2252,WOLFE TONE BRIDGE,3067500,3522500,3225,Corrib,Corrib,Corrib,IE,1.000,1,219.800,239.900,289.300,322.100,353.500,394.100,424.600,454.900,495.000,0,0.000,0.000,0.000,,,
2254,BALLYCOREY,3057500,3472500,675,Shannon,Fergus,Fergus,IE,1.000,1,42.100,47.200,59.600,67.800,75.700,85.900,93.600,101.200,111.300,0,0.000,0.000,0.000,,,
2255,LISTOWEL,3017500,3437500,650,Feale,Feale,Feale,IE,1.000,1,144.300,165.400,217.300,251.700,284.600,327.300,359.300,391.100,433.200,1,0.000,1.000,0.000,0.000,,0.000
2257,CATHER PARK,3117500,3402500,1600,Suir,Suir,Barrow,IE,2.000,2,108.100,120.500,151.100,171.300,190.700,215.900,234.700,253.500,278.200,0,0.000,0.000,1.000,,0.000,0.000
2258,NEW BRIDGE,3112500,3412500,1100,Suir,Suir,Barrow,IE,2.000,2,71.500,80.000,100.700,114.400,127.600,144.600,157.400,170.100,186.900,0,0.000,0.000,1.000,,0.000,0.000
2259,ENNISCORTHY,3212500,3397500,1275,Slaney,Slaney,Slaney,IE,1.000,1,114.400,134.700,184.700,217.800,249.600,290.700,321.500,352.200,392.700,1,0.000,1.000,1.000,0.000,0.000,0.000
2260,PASS BRIDGE,3192500,3472500,1150,Barrow,BARROW,Barrow,IE,1.000,5,74.500,89.700,126.900,151.600,175.200,205.800,228.800,251.700,281.800,0,0.000,0.000,0.000,,,
2266,TRIM,3217500,3512500,1350,Boyne,Boyne,Boyne,IE,1.000,3,99.300,118.800,166.800,198.600,229.200,268.700,298.200,327.700,366.600,1,0.000,1.000,0.000,0.000,,0.000
2267,CATEZ I,4752500,2547500,9700,Sava,Krka,Danube,SI,,109151,1325.500,1511.700,1969.900,2273.300,2564.300,2941.000,3223.200,3504.500,3875.500,0,0.000,0.000,0.000,,,
2268,RADECE,4722500,2562500,7100,Sava,Sava,Danube,SI,,109171,1149.100,1319.900,1740.300,2018.700,2285.700,2631.200,2890.200,3148.300,3488.700,0,0.000,0.000,0.000,,,
2269,BOSANSKI NOVI,4822500,2457500,8300,Sava,Una,Danube,HR,,106111,922.700,1051.200,1367.400,1576.800,1777.600,2037.500,2232.300,2426.400,2682.500,0,0.000,0.000,0.000,,,
2271,SKOPJE,5262500,2172500,4650,"Vardar (Axios), above Bregalnica",VARDAR,Vardar,MK,1.000,1,132.000,175.300,281.700,352.200,419.800,507.300,572.900,638.200,724.400,0,0.000,0.000,1.000,,0.000,0.000
2272,ALYASHIV,6647500,1427500,675,Alexander,Alexander,Alexander,IL,1.000,1,23.700,40.000,80.100,106.600,132.100,165.000,189.700,214.300,246.800,2,0.000,2.000,0.000,0.000,,0.000
2273,NEAR GEDERA,6657500,1357500,575,Lakhish,SOREQ,Lakhish,IL,2.000,2,53.100,69.000,108.000,133.900,158.700,190.800,214.800,238.800,270.400,2,0.000,2.000,0.000,0.000,,0.000
2274,NEAR HATSERIM,6677500,1292500,1275,Besor,BE'ER SHEVA,Besor,IL,2.000,2,9.200,19.600,45.200,62.200,78.500,99.500,115.300,131.100,151.800,0,0.000,0.000,0.000,,,
2280,Maydown Bridge,3242500,3602500,1000,Bann,Blackwater,Bann,UK,2.000,2,144.300,164.900,215.700,249.300,281.500,323.200,354.500,385.600,426.700,1,0.000,1.000,0.000,0.000,,0.000
2284,NEWFORGE,3302500,3612500,675,Lagan BI,LAGAN,Lagan BI,UK,1.000,1,49.100,59.700,85.600,102.800,119.300,140.600,156.600,172.600,193.600,0,0.000,0.000,0.000,,,
2292,Blairstone,3447500,3717500,1725,Clyde,Clyde,Clyde,UK,1.000,1,414.500,451.000,540.800,600.300,657.400,731.200,786.600,841.700,914.500,3,0.000,3.000,1.000,0.000,0.000,0.000
2295,Linnbrane,3417500,3747500,800,Leven,Leven,Leven,UK,1.000,1,73.100,84.700,113.100,131.900,150.000,173.400,190.900,208.300,231.300,0,0.000,0.000,0.000,,,
2301,Drumlanrig,3447500,3657500,525,Nith,Nith,Nith,UK,1.000,1,48.700,53.200,64.300,71.600,78.700,87.800,94.600,101.400,110.300,0,0.000,0.000,0.000,,,
2303,BALLINLUIG,3487500,3797500,3100,Tay,Tay,Tay,UK,1.000,3,342.900,415.300,593.700,711.900,825.200,971.800,1081.700,1191.200,1335.700,0,0.000,0.000,0.000,,,
2304,PITLOCHRY,3487500,3802500,2850,Tay,Tummel,Tay,UK,1.000,3,306.700,374.300,540.700,650.800,756.400,893.100,995.600,1097.700,1232.300,0,0.000,0.000,0.000,,,
2306,Logie Mill,3557500,3802500,725,Scotland,North Esk,North Esk,UK,1.000,1,132.900,151.200,196.300,226.100,254.800,291.800,319.600,347.300,383.800,2,1.000,1.000,2.000,0.500,0.333,0.400
2308,Forteviot Bridge,3487500,3772500,800,Earn,Earn,Tay,UK,2.000,2,135.000,155.500,206.200,239.700,271.900,313.500,344.700,375.800,416.800,1,0.000,1.000,1.000,0.000,0.000,0.000
2310,Bridge Of Teith,3447500,3767500,525,Teith,Teith,Forth,UK,2.000,2,108.600,139.400,215.000,265.000,313.100,375.200,421.800,468.200,529.400,1,0.000,1.000,1.000,0.000,0.000,0.000
2317,BOLESIDE,3517500,3677500,1525,Tweed,Tweed,Tweed,UK,1.000,5,272.700,311.000,405.400,467.800,527.700,605.300,663.400,721.300,797.600,2,0.000,2.000,0.000,0.000,,0.000
2318,DRYBURGH,3527500,3677500,2150,Tweed,Tweed,Tweed,UK,1.000,5,317.700,360.900,467.400,538.000,605.600,693.200,758.800,824.100,910.400,2,0.000,2.000,0.000,0.000,,0.000
2320,Hutton Castle,3557500,3697500,525,Tweed,WHITEADDER WATER,Tweed,UK,2.000,2,64.300,78.200,112.500,135.300,157.100,185.300,206.400,227.500,255.200,1,0.000,1.000,0.000,0.000,,0.000
2322,PARK,3577500,3837500,1800,Dee,Dee,Dee,UK,1.000,1,262.100,306.300,415.100,487.100,556.100,645.500,712.500,779.300,867.400,2,1.000,1.000,0.000,0.500,1.000,0.667
2326,ORMISTONE MILL,3537500,3672500,1150,Tweed,Teviot,Tweed,UK,2.000,4,173.600,195.100,248.000,283.100,316.700,360.200,392.800,425.200,468.100,1,0.000,1.000,0.000,0.000,,0.000
2333,Ashbrook,3487500,3412500,625,Weaver,Weaver,Weaver,UK,,1,28.900,36.000,53.400,65.000,76.000,90.400,101.100,111.800,125.900,2,1.000,1.000,0.000,0.500,1.000,0.667
2337,Morwick,3582500,3637500,600,Northumbria,COQUET,Coquet,UK,1.000,1,137.300,158.300,209.900,244.100,276.900,319.300,351.100,382.800,424.600,3,0.000,3.000,0.000,0.000,,0.000
2341,Camerton,3457500,3587500,675,R. Derwent,DERWENT (TRIB. IRISH SEA),Derwent,UK,1.000,1,141.500,165.000,222.800,261.100,297.800,345.300,380.900,416.400,463.200,4,2.000,2.000,0.000,0.500,1.000,0.667
2346,Buttercrambe,3612500,3492500,1625,Ouse,Derwent,Ouse,UK,2.000,2,54.500,65.000,90.700,107.800,124.100,145.300,161.100,176.900,197.800,2,2.000,0.000,1.000,1.000,0.667,0.800
2352,SOUTH PARK,3582500,3542500,1350,Tees,Skerne,Tees,UK,1.000,1,173.000,207.600,292.900,349.300,403.500,473.600,526.100,578.400,647.500,1,1.000,0.000,1.000,1.000,0.500,0.667
2354,ADDINGHAM,3547500,3477500,600,Ouse,Aire,Ouse,UK,2.000,4,48.400,61.800,94.700,116.500,137.400,164.500,184.800,205.000,231.700,0,0.000,0.000,0.000,,,
2356,FLINT MILL WEIR,3572500,3482500,850,Ouse,Wharfe,Ouse,UK,2.000,6,172.000,204.900,285.900,339.500,390.900,457.500,507.300,557.000,622.600,1,1.000,0.000,1.000,1.000,0.500,0.667
2357,TADCASTER,3587500,3472500,1100,Ouse,Wharfe,Ouse,UK,2.000,6,176.000,210.300,294.800,350.700,404.300,473.800,525.800,577.600,646.000,1,1.000,0.000,1.000,1.000,0.500,0.667
2358,WESTWICK LODGE,3572500,3502500,875,Ouse,Ure,Ouse,UK,2.000,9,202.000,240.900,336.600,400.000,460.800,539.400,598.400,657.100,734.600,1,0.000,1.000,1.000,0.000,0.000,0.000
2359,CRAKEHILL,3582500,3507500,1425,Ouse,Swale,Ouse,UK,2.000,8,181.200,220.900,318.400,383.100,445.000,525.200,585.400,645.300,724.300,0,0.000,0.000,0.000,,,
2362,Broken Scar,3567500,3552500,850,Tees,Tees,Tees,UK,1.000,1,161.300,192.300,268.400,318.900,367.300,429.900,476.800,523.600,585.300,1,1.000,0.000,1.000,1.000,0.500,0.667
2363,Mattersey,3597500,3417500,500,Trent,Idle,Trent,UK,2.000,2,8.200,9.900,14.000,16.700,19.300,22.700,25.200,27.800,31.100,1,1.000,0.000,1.000,1.000,0.500,0.667
2364,St. Marys Bridge,3552500,3377500,1100,Trent,Derwent,Trent,UK,2.000,6,72.600,92.600,141.900,174.500,205.800,246.300,276.700,306.900,346.800,2,1.000,1.000,0.000,0.500,1.000,0.667
2365,Marston On Dove,3537500,3367500,875,Trent,Dove,Trent,UK,2.000,8,85.300,107.300,161.700,197.600,232.100,276.800,310.200,343.600,387.600,0,0.000,0.000,0.000,,,
2373,Sunderland Bridge,3572500,3572500,625,Wear,Wear,Wear,UK,1.000,1,128.200,148.700,199.000,232.300,264.200,305.600,336.600,367.500,408.200,4,1.000,3.000,1.000,0.250,0.500,0.333
2376,ABBEY HEATH,3692500,3297500,725,Great Ouse,Little Ouse,Great Ouse,UK,2.000,2,9.400,11.000,15.000,17.700,20.200,23.500,25.900,28.400,31.600,3,3.000,0.000,0.000,1.000,1.000,1.000
2378,BEDFORD,3602500,3277500,1475,Great Ouse,Bedford Ouse,Great Ouse,UK,1.000,5,68.500,80.300,109.300,128.500,147.000,170.800,188.700,206.500,230.000,1,0.000,1.000,0.000,0.000,,0.000
2379,ROXTON,3612500,3277500,1650,Great Ouse,Bedford Ouse,Great Ouse,UK,1.000,5,72.700,85.500,117.100,138.000,158.000,183.900,203.400,222.700,248.300,1,0.000,1.000,0.000,0.000,,0.000
2388,Blunham,3617500,3272500,500,Great Ouse,Ivel,Great Ouse,UK,2.000,4,11.400,13.300,18.100,21.300,24.300,28.200,31.200,34.100,38.000,4,2.000,2.000,2.000,0.500,0.500,0.500
2391,LANGHAM,3697500,3247500,625,R. Stour,STOUR (E. ENGLAND),Stour,UK,,1,19.700,23.600,33.000,39.300,45.300,53.100,58.900,64.700,72.300,0,0.000,0.000,2.000,,0.000,0.000
2403,Gunnislake,3317500,3147500,925,Tamar,TAMAR,Tamar,UK,1.000,1,149.600,170.700,222.800,257.200,290.300,333.100,365.100,397.100,439.300,2,0.000,2.000,0.000,0.000,,0.000
2405,Torrington,3332500,3192500,675,R. Torridge,TORRIDGE,Torridge,UK,1.000,1,145.500,169.100,227.200,265.600,302.500,350.200,385.900,421.600,468.600,2,0.000,2.000,0.000,0.000,,0.000
2406,UMBERLEIGH,3347500,3187500,825,Taw,Taw,Taw,UK,1.000,1,110.300,123.600,156.300,178.000,198.800,225.700,245.800,265.900,292.400,0,0.000,0.000,0.000,,,
2418,Swallowfield,3562500,3197500,500,"Thames, above Lea",BLACKWATER (S. ENGLAND),Thames,UK,2.000,72,56.300,66.000,89.900,105.700,120.900,140.500,155.200,169.900,189.300,2,0.000,2.000,0.000,0.000,,0.000
2420,Enslow Mill,3547500,3257500,650,"Thames, above Lea",Cherwell,Thames,UK,2.000,94,15.000,18.800,28.100,34.400,40.300,48.000,53.800,59.600,67.100,2,0.000,2.000,0.000,0.000,,0.000
2421,Theale,3552500,3202500,1125,Kennet,Kennet,Thames,UK,2.000,81,23.300,27.300,37.100,43.600,49.800,57.800,63.900,69.900,77.800,1,0.000,1.000,0.000,0.000,,0.000
2425,Broadlands,3517500,3162500,1050,Test,Test,Test,UK,1.000,1,24.800,28.400,37.300,43.100,48.800,56.000,61.500,67.000,74.100,0,0.000,0.000,0.000,,,
2428,HIGHBRIDGE-ALLBROOK,3522500,3152500,500,Itchen,Itchen,Itchen,UK,1.000,1,19.400,21.800,27.700,31.600,35.300,40.100,43.700,47.300,52.100,3,0.000,3.000,0.000,0.000,,0.000
2431,EYNSHAM,3542500,3242500,1575,Thames,Thames,Thames,UK,1.000,95,75.600,102.800,169.800,214.200,256.700,311.800,353.100,394.200,448.400,0,0.000,0.000,0.000,,,
2432,KINGSTON,3567500,3207500,6475,Thames,Thames,Thames,UK,1.000,73,262.000,317.600,454.500,545.100,632.100,744.600,828.900,912.900,1023.800,0,0.000,0.000,0.000,,,
2433,DAYS WEIR,3547500,3227500,3425,Thames,Thames,Thames,UK,1.000,93,125.600,166.600,267.600,334.400,398.600,481.600,543.800,605.800,687.500,0,0.000,0.000,0.000,,,
2447,Teston,3652500,3172500,1325,Medway,MEDWAY,Medway,UK,1.000,1,109.900,129.700,178.600,211.000,242.100,282.300,312.400,342.400,382.000,2,0.000,2.000,0.000,0.000,,0.000
2450,MANLEY HALL,3452500,3392500,1075,R. Dee,DEE (WALES),Dee,UK,,1,114.600,140.000,202.400,243.700,283.300,334.600,373.000,411.300,461.800,2,0.000,2.000,0.000,0.000,,0.000
2455,Dyfi Bridge,3387500,3367500,525,Afon Dyfi,DYFI,Afon Dyfi,UK,1.000,1,48.800,59.300,85.200,102.400,118.900,140.200,156.200,172.100,193.100,1,0.000,1.000,0.000,0.000,,0.000
2460,Chain Bridge,3427500,3267500,900,Usk,Usk,Usk,UK,1.000,1,259.800,345.300,555.600,694.900,828.400,1001.300,1130.900,1260.000,1430.300,1,0.000,1.000,0.000,0.000,,0.000
2471,BROOK DOWLES,3487500,3312500,4750,"Severn, headwaters",Severn,Severn,UK,1.000,5,339.900,410.500,584.300,699.400,809.800,952.700,1059.800,1166.500,1307.300,0,0.000,0.000,0.000,,,
2480,AKCASUSURLUK,5877500,2102500,21725,Kocacay,KOCASU,Kocacay,TR,1.000,1,842.800,1055.300,1578.200,1924.400,2256.500,2686.300,3008.500,3329.400,3752.800,0,0.000,0.000,0.000,,,
2481,TUNCBILEK (KUECUEKILET),5982500,2052500,1700,Kocacay,ORHANELI CAYI,Kocacay,TR,3.000,2,48.200,64.300,103.900,130.200,155.300,187.900,212.300,236.600,268.700,0,0.000,0.000,0.000,,,
2482,MANISA,5832500,1907500,15850,Gediz,Gediz,Gediz,TR,1.000,1,887.000,1087.900,1582.500,1910.000,2224.100,2630.700,2935.400,3239.000,3639.500,0,0.000,0.000,0.000,,,
2483,SOEKE,5857500,1807500,26475,Buyuk Menderes,BUYUK MENDERES,Buyuk Menderes,TR,1.000,1,1451.300,1735.300,2434.200,2896.900,3340.800,3915.300,4345.800,4774.800,5340.700,0,0.000,0.000,0.000,,,
2484,KAYIRLI,5922500,1782500,1175,Buyuk Menderes,CINE CAYI,Buyuk Menderes,TR,2.000,2,214.600,277.500,432.300,534.800,633.100,760.400,855.700,950.800,1076.100,0,0.000,0.000,0.000,,,
2487,DERECIKOEREN (DERECIKVIRAN),6022500,2142500,950,Sakarya,FILYOS CAYI,Sakarya,TR,1.000,1,34.000,50.800,92.200,119.600,145.900,179.900,205.400,230.800,264.300,0,0.000,0.000,0.000,,,
2488,KALEBOGAZI,6422500,2172500,3975,Kizilirmak,KANAK CAYI,Kizilirmak,TR,2.000,2,72.700,93.000,143.000,176.000,207.800,248.900,279.700,310.300,350.800,0,0.000,0.000,0.000,,,
2489,INOEZUEKOSACA,6442500,2397500,80000,Kizilirmak,KIZILIRMAK,Kizilirmak,TR,1.000,1,999.400,1234.300,1812.400,2195.100,2562.300,3037.500,3393.600,3748.400,4216.500,0,0.000,0.000,0.000,,,
2490,CARSAMBA,6517500,2407500,36025,Yesil,YESILIRMAK,Yesil,TR,1.000,1,998.900,1207.000,1719.100,2058.200,2383.500,2804.500,3120.000,3434.300,3849.000,0,0.000,0.000,0.000,,,
2491,SIMSIRLI,6762500,2472500,1025,Black sea coastal and small river basins,Iyidere,Iyidere,TR,1.000,1,60.000,73.100,105.400,126.700,147.200,173.700,193.600,213.400,239.500,0,0.000,0.000,0.000,,,
2492,KARSIKOEY,6892500,2592500,19950,Coruh,CORUHSUYU,Coruh,TR,1.000,1,1448.000,1736.300,2445.700,2915.400,3366.000,3949.200,4386.200,4821.700,5396.200,0,0.000,0.000,0.000,,,
2493,SOEYLEMEZ (MESCITLI),6972500,2422500,2550,KURA,ARAS RIVER,Kura,TR,2.000,25,281.800,327.200,439.000,513.000,584.000,675.900,744.800,813.400,903.900,0,0.000,0.000,0.000,,,
2494,BESKONAK,6192500,1822500,1950,Eastern Mediterranean coastal catchments and smal*,KOEPRUE,Koeprue,TR,1.000,1,203.400,261.900,406.100,501.500,593.000,711.500,800.300,888.700,1005.400,0,0.000,0.000,0.000,,,
2495,KIRKYALAN,6392500,1817500,4075,Goksu,ERMENEK CAYIR,Goksu,TR,2.000,2,442.100,579.100,916.300,1139.500,1353.700,1630.900,1838.600,2045.500,2318.600,1,0.000,1.000,0.000,0.000,,0.000
2496,KARAHACILI,6437500,1812500,11150,Goksu (southern branch),GOEKSU NEHRI,Goksu,TR,1.000,1,852.300,1091.000,1678.600,2067.700,2440.800,2923.900,3285.800,3646.500,4122.300,1,0.000,1.000,0.000,0.000,,0.000
2497,YAKAPINAR (MISIS),6572500,1922500,11275,Ceyhan,CEYHAN NEHRI,Ceyhan,TR,,1,558.500,720.300,1118.600,1382.300,1635.300,1962.700,2208.100,2452.500,2775.100,1,0.000,1.000,0.000,0.000,,0.000
2498,HIMMETLI,6582500,2032500,2475,Ceyhan,GOEKSUN (TRIB. SEYHAN),Ceyhan,TR,,1,137.500,162.900,225.300,266.700,306.300,357.700,396.100,434.400,485.000,0,0.000,0.000,0.000,,,
2499,TANIR,6632500,2117500,975,Orontes,Hurman,Orontes,TR,,1,57.400,69.000,97.400,116.200,134.300,157.700,175.200,192.600,215.600,0,0.000,0.000,0.000,,,
2500,DEMIRKOEPRUE,6652500,1872500,56275,Orontes,ASI NEHRI,Orontes,TR,1.000,1,1237.700,1566.700,2376.300,2912.300,3426.400,4092.000,4590.700,5087.600,5743.200,1,0.000,1.000,0.000,0.000,,0.000
2501,KEBAN,6767500,2212500,63350,Euphrates,Euphrates,Tigris & Euphrates,TR,1.000,11,3506.800,3924.500,4952.300,5632.900,6285.700,7130.700,7763.900,8394.800,9227.100,0,0.000,0.000,0.000,,,
2502,BAGISTAS,6722500,2277500,15275,Euphrates,Euphrates,Tigris & Euphrates,TR,1.000,13,864.100,1016.200,1390.300,1637.900,1875.500,2183.100,2413.500,2643.100,2946.000,0,0.000,0.000,0.000,,,
2503,PALU,6867500,2242500,25375,Euphrates,MURAT NEHRI,Tigris & Euphrates,TR,2.000,12,1779.600,1999.100,2539.300,2897.000,3240.000,3684.100,4016.900,4348.500,4785.900,3,0.000,3.000,0.000,0.000,,0.000
2504,ASAGI KAGDARIC,6882500,2402500,2825,Euphrates,KARASU CAYI,Tigris & Euphrates,TR,2.000,14,169.300,209.200,307.300,372.200,434.500,515.200,575.600,635.800,715.200,0,0.000,0.000,0.000,,,
2505,BESIRI,7007500,2212500,2500,Tigris,YANARSU CAYI,Tigris & Euphrates,TR,3.000,22,271.300,334.900,491.400,595.000,694.400,823.000,919.400,1015.500,1142.200,0,0.000,0.000,1.000,,0.000,0.000
2516,SOLBERGFOSS,4382500,4057500,40450,"Glomma, below Lagen",Glomma,Glomma,NO,1.000,111,1555.800,1803.900,2414.700,2819.100,3207.000,3709.000,4085.300,4460.100,4954.700,0,0.000,0.000,0.000,,,
2517,HAGA BRU,4332500,4442500,3150,Gauldalen,Gaula,Gaula,NO,1.000,1,427.900,477.500,599.700,680.600,758.100,858.600,933.800,1008.800,1107.700,0,0.000,0.000,1.000,,0.000,0.000
2520,UNKERVATN,4512500,4717500,725,Vefsna,Vefsna,Vefsna,NO,2.000,2,102.700,117.000,152.100,175.300,197.600,226.500,248.100,269.700,298.100,0,0.000,0.000,0.000,,,
2526,ORSOVA (1971:DROBATA-TURNU SEVERIN),5307500,2482500,569700,Danube,Danube,Danube,RS,,72111,11917.800,13046.900,15825.700,17665.600,19430.300,21714.700,23426.500,25132.000,27382.100,0,0.000,0.000,0.000,,,
2527,HIRSOVA,5732500,2562500,686920,Danube,Danube,Danube,RO,,51311,11305.900,12676.300,16048.800,18281.700,20423.600,23196.000,25273.500,27343.500,30074.400,0,0.000,0.000,0.000,,,
2528,NEW JERASH BRIDGE,6742500,1427500,3975,Jordan / Dead Sea,NAHR AZ ZARQA,Jordan,JO,2.000,2,112.400,183.900,359.800,476.200,587.900,732.500,840.800,948.800,1091.200,3,0.000,3.000,0.000,0.000,,0.000
2529,UTSJOKI,4977500,5282500,12375,Tana,Tenojoki,Tana,NO,1.000,1,506.300,570.600,728.800,833.600,934.100,1064.200,1161.700,1258.900,1387.000,0,0.000,0.000,0.000,,,
2532,NOVO SELO,5347500,2422500,577398,Danube,Danube,Danube,RO,,71911,10448.500,11734.600,14899.700,16995.300,19005.400,21607.300,23557.100,25499.800,28062.700,0,0.000,0.000,0.000,,,
2533,SVISTOV,5552500,2407500,643648,Danube,Rhone,Danube,BG,,52111,10959.200,12303.300,15610.900,17800.900,19901.500,22620.600,24658.100,26688.300,29366.600,0,0.000,0.000,0.000,,,
2534,RUSE,5597500,2447500,661420,Danube,Danube,Danube,RO,,51511,11145.600,12504.400,15848.400,18062.300,20186.100,22935.000,24994.900,27047.300,29755.100,0,0.000,0.000,0.000,,,
2535,SILISTRA,5697500,2497500,682920,Danube,Danube,Danube,RO,,51311,11309.800,12679.300,16049.600,18281.000,20421.400,23192.000,25268.200,27336.800,30065.900,0,0.000,0.000,0.000,,,
2536,KALSINKOSI,4972500,4302500,26275,"Kokemaenjoki, below Vanajanselka catchment",Kokemaenjoki,Kokem,FI,1.000,1,431.200,484.000,613.700,699.500,781.900,888.500,968.400,1048.100,1153.100,0,0.000,0.000,0.000,,,
2538,TUNKKARI,5002500,4557500,1400,Perhonjoki,Perhonjoki,Perhonjoki,FI,1.000,1,60.100,71.600,100.000,118.800,136.900,160.200,177.700,195.100,218.100,0,0.000,0.000,0.000,,,
2542,LOHJANJARVI-PELTOKOSKI,5087500,4197500,2225,Gulf of Finland,KARJAANJOKI,Kymijoki - Gulf of Finland,FI,1.000,1,95.800,107.600,136.700,155.900,174.400,198.300,216.200,234.100,257.700,0,0.000,0.000,0.000,,,
2543,MARINO POLE,5437500,2132500,10700,Strimonas,Struma,Strimonas,BG,2.000,1,115.500,166.100,290.400,372.700,451.700,553.900,630.500,706.800,807.400,1,1.000,0.000,1.000,1.000,0.500,0.667
2544,KHADZHIDIMOVO,5472500,2152500,2325,Nestos,Mesta,Nestos,BG,1.000,1,30.200,41.300,68.800,86.900,104.400,126.900,143.800,160.600,182.900,0,0.000,0.000,3.000,,0.000,0.000
2546,AHLERGAARDE,4247500,3647500,1075,Skern,SKJERN A,Skern,DK,1.000,1,41.600,50.200,71.400,85.500,99.000,116.400,129.500,142.500,159.700,0,0.000,0.000,0.000,,,
2548,TVILUMBRO,4302500,3682500,1250,Gudena,Gudena,Gudena,DK,1.000,1,35.100,40.300,53.400,62.000,70.200,80.900,88.900,96.900,107.500,0,0.000,0.000,0.000,,,
2551,STAVNAGER,4252500,3582500,650,Ribe,RIBE A,Ribe,DK,1.000,1,30.300,38.900,60.100,74.100,87.600,105.000,118.100,131.100,148.200,1,0.000,1.000,0.000,0.000,,0.000
2556,HOLLOESE MOELLE,4422500,3582500,750,Susa,Susa,Susa,DK,1.000,1,15.500,21.300,35.300,44.600,53.500,65.100,73.700,82.300,93.700,0,0.000,0.000,0.000,,,
2560,"BASEL, SCHIFFLAENDE",4137500,2722500,36275,Rhine,Rhine,Rhine,CH,,11711,2451.300,2681.600,3248.300,3623.500,3983.500,4449.300,4798.400,5146.300,5605.200,1,1.000,0.000,1.000,1.000,0.500,0.667
2562,"JONSCHWIL, MUEHLAU",4252500,2697500,525,Thur,Thur,Rhine,CH,,14111,171.300,194.100,250.000,287.000,322.500,368.400,402.900,437.200,482.500,1,0.000,1.000,1.000,0.000,0.000,0.000
2564,MARTINSBRUCK,4347500,2632500,1975,Inn,Inn,Danube,CH,,203331,166.300,200.600,285.300,341.400,395.100,464.700,516.900,568.800,637.400,0,0.000,0.000,0.000,,,
2565,MIZHHIR''YA (MEZHGOR'YE),5312500,2912500,625,Tisa,Tisza,Danube,UA,,129411,121.400,143.400,197.300,233.000,267.200,311.600,344.800,377.900,421.500,0,0.000,0.000,0.000,,,
2566,RAKHIV,5372500,2872500,1200,Tisa,Tisza,Danube,UA,,129711,154.200,183.200,254.500,301.600,346.900,405.500,449.400,493.100,550.800,0,0.000,0.000,0.000,,,
2568,ZILPAMUSIS,5212500,3762500,4950,Musa,MUSA,Lielupe,LT,1.000,1,123.200,144.900,198.100,233.300,267.100,310.900,343.700,376.300,419.400,0,0.000,0.000,0.000,,,
2569,KAMENKA BUGSKAYA,5347500,3097500,2400,Narew,Bug,Vistula,UA,3.000,2419,47.800,56.700,78.500,93.000,106.900,124.800,138.200,151.600,169.300,0,0.000,0.000,1.000,,0.000,0.000
2587,YENA,5212500,5082500,1850,Yena,YENA,Yena,RU,1.000,1,123.500,138.600,175.800,200.400,224.100,254.600,277.500,300.400,330.500,0,0.000,0.000,0.000,,,
2588,URA-GUBA,5212500,5277500,575,Ura,Ura,Ura,RU,1.000,1,38.000,44.800,61.500,72.600,83.300,97.100,107.400,117.700,131.300,1,0.000,1.000,0.000,0.000,,0.000
2589,"OKTIABRSKY RAILWAY,KM 1429",5242500,5237500,4325,Kola,Kola,Kola,RU,2.000,2,232.000,270.500,365.100,427.700,487.800,565.600,623.900,682.000,758.600,0,0.000,0.000,0.000,,,
2590,VERKHNETULOMSKIY GES,5202500,5192500,19950,Kola,Lotta,Kola,RU,1.000,3,973.100,1155.200,1603.400,1900.100,2184.800,2553.200,2829.300,3104.400,3467.300,0,0.000,0.000,0.000,,,
2591,PAIALKA,5367500,5037500,5400,"Teno-, Naatamo- and Paatsjoki (Finnish part)",UMBA,Umba,RU,1.000,1,294.300,342.600,461.400,540.100,615.600,713.300,786.500,859.400,955.600,0,0.000,0.000,0.000,,,
2592,PECHENGA (PETSAMO),5142500,5287500,1650,Pechenga,Pechenga,Pechenga,RU,1.000,1,131.400,151.900,202.400,235.800,267.800,309.300,340.400,371.400,412.200,0,0.000,0.000,0.000,,,
2594,KM 15.5,5167500,5282500,950,Titovka,TITOVKA,Titovka,RU,1.000,1,85.400,99.600,134.500,157.600,179.700,208.400,229.900,251.300,279.500,0,0.000,0.000,0.000,,,
2597,KANEVKA,5577500,5167500,1225,Ponoy,PONOY,Ponoy,RU,1.000,1,111.300,132.500,184.800,219.500,252.700,295.700,327.900,360.000,402.400,0,0.000,0.000,0.000,,,
2598,CHAPOMA,5597500,5057500,1550,"Teno-, Naatamo- and Paatsjoki (Finnish part)",CHAPOMA,Chapoma,RU,1.000,1,80.800,96.700,135.800,161.700,186.500,218.700,242.800,266.800,298.400,0,0.000,0.000,1.000,,0.000,0.000
2599,CHAVANGA,5547500,5027500,1025,"Teno-, Naatamo- and Paatsjoki (Finnish part)",CHAVANGA,Chavanga,RU,1.000,1,50.600,62.100,90.400,109.100,127.000,150.300,167.700,185.000,207.900,0,0.000,0.000,1.000,,0.000,0.000
2600,VARZUGA,5487500,5037500,18875,Varzuga,VARZUGA,Varzuga,RU,1.000,1,701.700,803.600,1054.600,1220.800,1380.200,1586.600,1741.200,1895.200,2098.500,0,0.000,0.000,0.000,,,
2603,KOLVITSA,5307500,5052500,1425,"Teno-, Naatamo- and Paatsjoki (Finnish part)",KOLVITSA,Kolvitsa,RU,1.000,1,40.800,47.400,63.500,74.200,84.400,97.700,107.600,117.500,130.600,1,1.000,0.000,0.000,1.000,1.000,1.000
2605,OREKULA,5177500,4017500,4850,Parnu,Parnu,Parnu,EE,1.000,1,204.900,240.600,328.400,386.600,442.400,514.600,568.700,622.600,693.700,0,0.000,0.000,0.000,,,
2606,NYUKHCHA,5577500,4772500,1225,"Teno-, Naatamo- and Paatsjoki (Finnish part)",NYUKHCHA,Nyukhcha,RU,1.000,1,69.800,80.000,105.000,121.500,137.400,158.000,173.400,188.700,209.000,0,0.000,0.000,0.000,,,
2607,MALOSHUYKA,5642500,4767500,750,"Teno-, Naatamo- and Paatsjoki (Finnish part)",MALOSHUYKA,Maloshuyka,RU,1.000,1,40.100,45.600,59.100,68.100,76.700,87.800,96.200,104.500,115.500,0,0.000,0.000,0.000,,,
2609,TARTU,5292500,4032500,8325,Emajogi,Emajogi,Narva,EE,2.000,2,204.200,246.300,349.900,418.400,484.200,569.300,633.100,696.700,780.600,0,0.000,0.000,0.000,,,
2610,OSINKINA,5472500,3932500,3175,Velikaya,Sorot,Narva,RU,3.000,6,125.700,156.400,231.800,281.800,329.700,391.700,438.200,484.600,545.700,0,0.000,0.000,0.000,,,
2611,NARVA (HEP),5342500,4152500,57875,Narva,Narva,Narva,EE,1.000,1,932.700,1049.700,1337.500,1528.100,1710.900,1947.500,2124.800,2301.500,2534.600,0,0.000,0.000,0.000,,,
2612,TOLMACHEVO,5452500,4132500,7075,Luga,LUGA,Luga,RU,1.000,1,309.500,364.300,499.200,588.500,674.200,785.100,868.200,951.000,1060.200,0,0.000,0.000,0.000,,,
2613,NOVOSARATOVKA,5427500,4332500,210225,Lake Ladoga sub-catchment,NEVA,Neva,RU,1.000,11,2978.400,3160.600,3608.700,3905.400,4190.100,4558.500,4834.600,5109.600,5472.500,0,0.000,0.000,0.000,,,
2615,DOMACHEVO,5642500,4277500,1300,Syas,DYMKA (TRIB. NEVA),Syas,RU,,1,271.100,309.300,403.400,465.600,525.400,602.700,660.600,718.300,794.500,1,0.000,1.000,0.000,0.000,,0.000
2616,OLONETS,5542500,4412500,1300,"Lake Ladoga, sub-catchment",OLONKA,Olonka,RU,,1,221.500,250.900,323.100,371.000,416.800,476.200,520.700,565.000,623.500,2,0.000,2.000,0.000,0.000,,0.000
2619,SUMSKIY POSAD,5527500,4792500,2050,"Teno-, Naatamo- and Paatsjoki (Finnish part)",SUMA (TRIB. WHITE SEA),Suma,RU,1.000,1,131.200,150.900,199.200,231.200,261.900,301.700,331.500,361.200,400.300,0,0.000,0.000,0.000,,,
2620,PUTKINSKAYA GES,5462500,4857500,30800,"Kem, below Kepa",KEM (TRIB. WHITE SEA),Kem,RU,1.000,1,1060.100,1206.800,1567.800,1806.900,2036.200,2333.000,2555.400,2777.000,3069.400,0,0.000,0.000,0.000,,,
2622,SHUYERETSKOYE,5477500,4832500,650,Teno,SHUYA,Shuya,RU,1.000,1,25.200,30.300,42.800,51.100,59.100,69.400,77.100,84.800,94.900,0,0.000,0.000,0.000,,,
2623,KNYAZHEGUBSKOYE GES,5297500,5007500,22400,Tumcha,KOVDA,Tumcha,RU,1.000,1,530.300,585.800,722.200,812.600,899.300,1011.500,1095.500,1179.300,1289.800,3,1.000,2.000,0.000,0.333,1.000,0.500
2624,PONGOMA,5432500,4892500,1675,"Teno-, Naatamo- and Paatsjoki (Finnish part)",PONGOMA,Pongoma,RU,1.000,1,87.900,112.200,171.900,211.500,249.500,298.600,335.400,372.100,420.500,0,0.000,0.000,0.000,,,
2625,NAGELMUIZA (STARINI),5197500,3852500,725,"Daugava, below Aiviekste",MAZA JUGLA,Daugava,LV,2.000,12,23.300,28.800,42.300,51.200,59.700,70.800,79.100,87.400,98.300,0,0.000,0.000,0.000,,,
2627,BELYY,5732500,3867500,1625,Mezha,Obsha,Daugava,RU,2.000,55,51.400,59.400,79.000,92.000,104.500,120.600,132.700,144.800,160.700,0,0.000,0.000,1.000,,0.000,0.000
2629,SANTAKAI,5327500,3682500,725,Neris,Vilnia,Nemunas,LT,3.000,261,20.600,23.900,32.000,37.300,42.500,49.200,54.200,59.100,65.700,0,0.000,0.000,0.000,,,
2630,VILNIUS,5307500,3617500,625,Neris,Vilnia,Nemunas,LT,3.000,241,13.700,16.300,22.900,27.200,31.300,36.700,40.700,44.700,50.000,0,0.000,0.000,0.000,,,
2632,KARTENA,5037500,3707500,1200,Minija,Minija,Nemunas,LT,2.000,121,92.600,107.100,142.700,166.300,188.900,218.200,240.100,262.000,290.800,1,0.000,1.000,0.000,0.000,,0.000
2634,KUDIRKOS NAUMIESTIS,5147500,3592500,3100,Sesupe,Sesupe,Nemunas,LT,2.000,141,78.800,94.100,131.800,156.700,180.700,211.700,234.900,258.000,288.600,0,0.000,0.000,0.000,,,
2635,DASIUNAI,5197500,3647500,5600,Nevezis,Nevezis,Nemunas,LT,2.000,161,157.000,188.300,265.300,316.300,365.200,428.500,476.000,523.200,585.600,1,1.000,0.000,1.000,1.000,0.500,0.667
2637,STOWBTSY (STOLBTSY),5427500,3497500,2925,"Nemunas, headwaters",Nemunas,Nemunas,BY,1.000,531,71.500,85.500,119.800,142.500,164.300,192.500,213.600,234.700,262.500,0,0.000,0.000,1.000,,0.000,0.000
2662,GROMOVKA,5562500,3112500,1625,Pripyat,Sluch,Dnieper,UA,4.000,642,22.800,33.500,59.900,77.300,94.100,115.800,132.000,148.200,169.500,0,0.000,0.000,0.000,,,
2664,USKOSY,5737500,3667500,2700,Sozh,Sozhenka,Dnieper,RU,3.000,873,62.500,70.800,91.300,104.800,117.700,134.500,147.100,159.600,176.200,2,1.000,1.000,1.000,0.500,0.500,0.500
2666,BESEDINA,6102500,3502500,750,Desna,Rat,Dnieper,RU,4.000,442,11.900,14.700,21.600,26.100,30.500,36.100,40.400,44.600,50.100,0,0.000,0.000,0.000,,,
2667,KRUPODERENTSY,5702500,3117500,575,Ros,Ros,Dnieper,UA,2.000,341,16.400,23.100,39.800,50.800,61.400,75.000,85.300,95.500,109.000,1,0.000,1.000,0.000,0.000,,0.000
2668,BARYSHIVKA,5812500,3247500,5450,Trubezh,Trubezh,Dnieper,UA,2.000,361,153.200,187.600,272.400,328.500,382.300,452.000,504.200,556.200,624.800,0,0.000,0.000,1.000,,0.000,0.000
2669,PEREYASLAV-KHMELNYTSKYY,5832500,3217500,7700,Trubezh,Trubezh,Dnieper,UA,2.000,361,207.000,254.400,370.900,448.000,522.100,617.900,689.600,761.200,855.500,0,0.000,0.000,1.000,,0.000,0.000
2670,NOVOGOROZHENOYE,5977500,2962500,6575,Bug,Inhul,Bug,UA,2.000,2,145.000,211.700,375.800,484.500,588.700,723.600,824.800,925.500,1058.400,0,0.000,0.000,1.000,,0.000,0.000
2674,BALTI (BELTSY),5647500,2902500,1125,Reut,Reut,Dniester,MD,2.000,21,33.200,54.000,105.400,139.300,171.900,214.100,245.800,277.300,318.800,0,0.000,0.000,0.000,,,
2679,TOKMAK,6222500,3017500,800,Azov Sea coastal areas and small basins,Molochna,Molochna,UA,1.000,1,26.800,38.700,67.900,87.200,105.700,129.700,147.700,165.600,189.200,0,0.000,0.000,0.000,,,
2681,TIKHOVSKY,6482500,2867500,47825,Kuban,Kuban,Kuban,RU,1.000,1,1018.000,1144.200,1454.600,1660.100,1857.200,2112.400,2303.600,2494.100,2745.500,0,0.000,0.000,0.000,,,
2682,KRASNODAR,6537500,2872500,45375,Kuban,Kuban,Kuban,RU,1.000,1,1002.400,1128.800,1439.600,1645.500,1842.900,2098.500,2290.000,2480.800,2732.500,0,0.000,0.000,0.000,,,
2685,GORYACHIY KLYUCH,6572500,2842500,850,Kuban,Psekoups,Kuban,RU,2.000,2,13.200,16.600,25.000,30.500,35.900,42.800,47.900,53.100,59.800,3,3.000,0.000,2.000,1.000,0.600,0.750
2687,TEBERDA,6807500,2797500,575,Kuban,Teberda,Kuban,RU,2.000,6,37.200,44.800,63.600,76.000,87.900,103.300,114.900,126.400,141.600,0,0.000,0.000,0.000,,,
2688,IMENI KOSTA KHETAGUROVA,6807500,2842500,3875,Kuban,Kuban,Kuban,RU,1.000,5,205.500,244.700,341.100,404.900,466.100,545.400,604.800,663.900,742.000,0,0.000,0.000,0.000,,,
2691,VLADIKAVKAZ (ORDZHONIKIDZE),7042500,2857500,1500,Terek,Terek,Terek,RU,1.000,31,162.400,182.100,230.700,262.900,293.800,333.700,363.700,393.500,432.900,0,0.000,0.000,0.000,,,
2692,GUERGUEBIL,7237500,2882500,1550,Terek,KAZIKUMUKHSKOYE KOYSU,Terek,RU,3.000,22,104.400,141.100,231.300,291.100,348.400,422.700,478.300,533.700,606.800,0,0.000,0.000,0.000,,,
2693,LUCHEK,7297500,2817500,1450,Caspian sea coastal catchments and small basins,KARA-SAMUR,Kara,RU,1.000,1,107.300,139.300,218.100,270.200,320.200,384.900,433.500,481.800,545.500,1,0.000,1.000,0.000,0.000,,0.000
2697,JIRKHVA (DZIRKHVA),6717500,2732500,1525,Black sea coastal and small river basins,BZIPI,Bzipi,GE,1.000,1,156.100,176.200,225.800,258.600,290.100,330.800,361.400,391.800,432.000,1,0.000,1.000,2.000,0.000,0.000,0.000
2699,KHIDMAGHALA,6877500,2657500,1175,Black sea coastal and small river basins,Supsa,Supsa,GE,1.000,1,70.200,86.200,125.600,151.600,176.600,209.000,233.300,257.400,289.300,1,0.000,1.000,0.000,0.000,,0.000
2700,KVEMO NATANEBI,6877500,2642500,625,Black sea coastal and small river basins,NATANEBI,Natanebi,GE,1.000,1,47.900,59.700,88.900,108.200,126.700,150.600,168.600,186.500,210.100,1,1.000,0.000,3.000,1.000,0.250,0.400
2702,KAPS,7072500,2607500,1000,Aras,Akhuryani Jrambar,Kura,AM,4.000,24,62.400,75.400,107.400,128.500,148.900,175.100,194.800,214.500,240.300,0,0.000,0.000,0.000,,,
2703,KORINTA,7067500,2767500,525,KURA,KSANI,Kura,GE,2.000,24,24.800,31.400,47.500,58.200,68.500,81.800,91.700,101.600,114.700,0,0.000,0.000,0.000,,,
2705,GUGARK (MEGRUT),7132500,2627500,1100,KURA,DEBEDA,Kura,AM,2.000,12,39.800,49.200,72.200,87.500,102.100,121.100,135.300,149.400,168.100,0,0.000,0.000,0.000,,,
2709,Kresna,5412500,2167500,7025,Strimonas,Strimonas,Strimonas,BG,1.000,3,71.900,103.600,181.500,233.100,282.600,346.600,394.600,442.400,505.500,0,0.000,0.000,2.000,,0.000,0.000
2710,Marino Pole,5432500,2132500,10225,Strimonas,Struma,Strimonas,BG,1.000,1,111.000,159.800,280.000,359.600,436.000,534.800,608.800,682.600,779.900,1,1.000,0.000,1.000,1.000,0.500,0.667
2711,Strumeshnitza,5412500,2127500,1650,Strimonas,Strumeshnitza,Strimonas,BG,2.000,2,14.500,21.600,39.000,50.500,61.600,75.900,86.700,97.400,111.500,0,0.000,0.000,1.000,,0.000,0.000
2712,Bobosheva,5392500,2207500,4400,Strimonas,Strimonas,Strimonas,BG,1.000,5,38.600,56.800,101.400,131.000,159.300,196.000,223.500,250.900,287.100,0,0.000,0.000,0.000,,,
2713,Ribarce,5357500,2232500,825,Strimonas,Dragovistica,Strimonas,RS,2.000,6,11.200,15.200,25.300,32.000,38.300,46.600,52.800,59.000,67.100,0,0.000,0.000,0.000,,,
2716,Dupnitza,5397500,2217500,725,Strimonas,Dzherman,Strimonas,BG,2.000,4,6.300,8.600,14.200,17.900,21.400,26.000,29.400,32.800,37.300,1,0.000,1.000,4.000,0.000,0.000,0.000
2721,Brandyl nad labem,4647500,3022500,13275,"Elbe, below Jizera",Elbe,Elbe,CZ,1.000,13111,599.900,741.200,1089.200,1319.500,1540.500,1826.500,2040.900,2254.400,2536.200,0,0.000,0.000,0.000,,,
2722,Vyss_Brott_Vitara,4642500,2847500,1150,Vltava,Vltava,Elbe,CZ,2.000,12931,56.800,68.000,95.600,113.800,131.400,154.000,171.000,188.000,210.300,1,0.000,1.000,0.000,0.000,,0.000
2723,Roudn_Malsa,4647500,2887500,3050,Vltava,Malse,Elbe,CZ,3.000,12911,169.900,231.800,384.200,485.100,581.900,707.200,801.100,894.600,1018.000,0,0.000,0.000,0.000,,,
2724,katovice_otava,4602500,2912500,1325,Vltava,Otava,Elbe,CZ,3.000,12631,75.200,107.200,186.100,238.400,288.500,353.400,402.000,450.400,514.300,0,0.000,0.000,0.000,,,
2725,herman_blanice,4622500,2912500,775,Vltava,Blanice,Elbe,CZ,4.000,12621,37.300,56.500,104.000,135.400,165.600,204.600,233.800,262.900,301.400,0,0.000,0.000,0.000,,,
2726,Miziya,5437500,2382500,975,Danube,Skat,Danube,BG,,71612,22.100,34.900,66.300,87.200,107.200,133.000,152.400,171.700,197.200,0,0.000,0.000,1.000,,0.000,0.000
2727,Stenovice Uhlava,4567500,2957500,900,Vltava,Uhlava,Elbe,CZ,4.000,12271,50.000,66.300,106.500,133.100,158.600,191.600,216.300,240.900,273.400,0,0.000,0.000,0.000,,,
2728,s.Svode,5447500,2327500,1325,Danube,Bebresh,Danube,BG,,71412,62.300,96.000,178.900,233.800,286.500,354.600,405.700,456.600,523.800,1,1.000,0.000,0.000,1.000,1.000,1.000
2729,Plzen Koterov_uslava,4572500,2957500,700,Vltava,Asslava,Elbe,CZ,4.000,12221,28.700,45.000,85.000,111.500,136.900,169.800,194.500,219.000,251.400,0,0.000,0.000,0.000,,,
2731,Sadovets ,5487500,2357500,1800,Danube,Vit,Danube,BG,,71211,120.800,187.900,353.200,462.600,567.500,703.400,805.200,906.600,1040.400,0,0.000,0.000,1.000,,0.000,0.000
2732,Lovech ,5517500,2347500,1225,Danube,Osam,Danube,BG,,52211,81.500,116.200,201.500,257.900,312.100,382.200,434.800,487.100,556.200,1,0.000,1.000,2.000,0.000,0.000,0.000
2734,Moravicany Morava,4827500,2977500,2275,Morava,Morava,Danube,CZ,,183511,81.400,104.800,162.400,200.600,237.200,284.500,320.000,355.400,402.100,0,0.000,0.000,0.000,,,
2735,Lostice Trebuvka,4817500,2982500,550,Morava,Trebuvka,Danube,CZ,,183611,28.300,38.700,64.100,81.000,97.100,118.000,133.700,149.300,169.900,1,0.000,1.000,0.000,0.000,,0.000
2736,STANCENI,5482500,2767500,1400,Tisa,Creanga,Danube,RO,,122811,112.700,130.700,175.100,204.400,232.600,269.000,296.300,323.500,359.400,1,1.000,0.000,0.000,1.000,1.000,1.000
2737,GLODENI,5432500,2727500,3900,Tisa,Mures,Danube,RO,,122711,295.600,341.000,452.800,526.800,597.800,689.700,758.600,827.200,917.700,1,1.000,0.000,2.000,1.000,0.333,0.500
2738,LUDUS,5392500,2692500,6600,Tisa,Mures,Danube,RO,,122711,341.500,403.200,555.300,656.000,752.500,877.500,971.200,1064.500,1187.600,1,1.000,0.000,0.000,1.000,1.000,1.000
2739,GELMAR,5347500,2627500,20250,Tisa,Mures,Danube,RO,,122311,575.600,685.300,955.300,1134.100,1305.500,1527.500,1693.800,1859.500,2078.100,1,1.000,0.000,0.000,1.000,1.000,1.000
2740,BRANISCA,5307500,2617500,24650,Tisa,Mures,Danube,RO,,122111,722.100,859.200,1196.500,1419.800,1634.000,1911.300,2119.100,2326.100,2599.300,1,1.000,0.000,0.000,1.000,1.000,1.000
2741,SAVARSIN,5262500,2622500,25925,Tisa,Mures,Danube,RO,,122111,731.200,867.000,1201.000,1422.200,1634.300,1909.000,2114.700,2319.800,2590.300,1,1.000,0.000,0.000,1.000,1.000,1.000
2743,RADNA,5222500,2622500,26900,Tisa,Mures,Danube,RO,,122111,733.200,867.400,1197.700,1416.500,1626.300,1897.800,2101.300,2304.100,2571.600,1,1.000,0.000,0.000,1.000,1.000,1.000
2744,BECHET,5437500,2397500,601148,Danube,Danube,Danube,BG,,71511,10614.400,11936.600,15190.400,17344.800,19411.300,22086.200,24090.600,26087.700,28722.500,0,0.000,0.000,0.000,,,
2746,OLTENITA,5642500,2472500,676895,Danube,Dadilovat,Danube,RO,,51511,11237.000,12606.900,15978.100,18210.100,20351.100,23122.400,25199.200,27268.300,29998.100,0,0.000,0.000,0.000,,,
2747,BRAILA,5717500,2632500,709545,Danube,Danube,Danube,RO,,51111,11423.100,12800.800,16191.100,18435.800,20589.000,23376.100,25464.600,27545.500,30290.900,0,0.000,0.000,0.000,,,
2748,ISACCEA,5757500,2642500,785768,Danube,Danube,Danube,UA,,11111,12022.100,13500.600,17139.100,19548.200,21859.000,24850.000,27091.400,29324.600,32270.900,0,0.000,0.000,0.000,,,
2749,Tarnava Mica - BLAJ,5392500,2667500,2050,Tisa,Tarnava Mare,Danube,RO,,122411,21.500,26.100,37.600,45.100,52.400,61.800,68.800,75.800,85.100,0,0.000,0.000,0.000,,,
2750,Janov Moravsk_dyje,4722500,2887500,525,Morava,Thaya,Danube,CZ,,182311,15.700,26.500,52.900,70.500,87.300,109.100,125.400,141.600,163.100,2,0.000,2.000,0.000,0.000,,0.000
2751,STANCA AVAL,5602500,2887500,13275,Prut,Prut,Danube,RO,,21111,242.100,468.600,1026.000,1395.100,1749.100,2207.300,2550.600,2892.700,3344.100,0,0.000,0.000,1.000,,0.000,0.000
2752,UNGHENI,5657500,2832500,21475,Prut,Prut,Danube,MD,,21111,267.700,481.800,1008.600,1357.400,1692.000,2125.000,2449.600,2772.900,3199.500,0,0.000,0.000,1.000,,0.000,0.000
2753,Vranov Hamry_dyje,4752500,2877500,2375,Morava,Thaya,Danube,CZ,,182311,39.500,68.700,140.600,188.300,233.900,293.000,337.300,381.500,439.700,2,0.000,2.000,0.000,0.000,,0.000
2754,Pt_cov_Jihlava,4757500,2912500,1175,Morava,Klapovsky potok,Danube,CZ,,182222,57.300,78.200,129.800,163.900,196.600,239.000,270.700,302.400,344.100,1,0.000,1.000,0.000,0.000,,0.000
2755,Dupnitza,5482500,2237500,1025,"Evros, above Tundzha",Evros,Evros,BG,1.000,1,12.700,17.200,28.200,35.500,42.500,51.500,58.300,65.100,74.000,2,2.000,0.000,3.000,1.000,0.400,0.571
2756,s.Rajdavica,5367500,2227500,3075,Strimonas,Strimonas,Strimonas,BG,1.000,5,25.000,36.500,64.700,83.400,101.400,124.600,142.000,159.300,182.200,0,0.000,0.000,2.000,,0.000,0.000
2757,Boboshevo,5392500,2212500,4300,Strimonas,Strimonas,Strimonas,BG,1.000,5,38.000,55.600,99.100,127.900,155.500,191.200,218.000,244.700,279.900,0,0.000,0.000,0.000,,,
2758,Mpole,5437500,2127500,10925,Strimonas,Strimonas,Strimonas,BG,1.000,1,117.600,169.400,296.900,381.400,462.400,567.300,645.800,724.100,827.400,1,1.000,0.000,1.000,1.000,0.500,0.667
2762,Kralje,4787500,2437500,2700,Sava,Una,Danube,BA,,106311,322.400,369.100,483.800,559.900,632.800,727.100,797.800,868.300,961.200,0,0.000,0.000,0.000,,,
2763,MaglajBosna,4962500,2422500,6850,Sava,Bosna,Danube,BA,,104511,501.400,625.200,930.000,1131.800,1325.300,1575.900,1763.600,1950.600,2197.400,1,1.000,0.000,0.000,1.000,1.000,1.000
2764,Reljevo,4987500,2347500,1300,Sava,Bosna,Danube,BA,,104911,120.500,137.400,179.100,206.700,233.200,267.500,293.100,318.700,352.500,2,1.000,1.000,1.000,0.500,0.500,0.500
2765,Zavidovici,4972500,2412500,6575,Sava,Bosna,Danube,BA,,104511,494.700,616.100,914.800,1112.600,1302.400,1547.900,1732.000,1915.300,2157.300,1,1.000,0.000,0.000,1.000,1.000,1.000
2766,La Meuse à Verdun [Pont Chaussée],3982500,2912500,3400,Meuse,Meuse,Rhine,FR,,2791,238.800,273.700,359.400,416.100,470.600,541.000,593.800,646.400,715.900,1,1.000,0.000,0.000,1.000,1.000,1.000
2768,La Meuse à Chooz [Trou du Diable],3952500,3017500,10500,Meuse,Meuse,Rhine,FR,,2731,617.800,718.200,965.500,1129.300,1286.300,1489.600,1642.000,1793.700,1994.000,1,1.000,0.000,0.000,1.000,1.000,1.000
2769,Le Lunain à Épisy,3782500,2827500,3600,Loing,Loing,Seine,FR,2.000,811,68.000,84.900,126.400,153.900,180.300,214.500,240.100,265.600,299.300,1,0.000,1.000,0.000,0.000,,0.000
2770,La Loire [Totale] à Nantes [Roche Maurice],3442500,2742500,115825,Loire,Loire,Loire,FR,,1111,2994.500,3299.200,4048.900,4545.200,5021.400,5637.700,6099.500,6559.700,7166.700,0,0.000,0.000,2.000,,0.000,0.000
2771,L'Adour à Saint-Vincent-De-Paul,3432500,2357500,7800,Adour,Adour,Adour,FR,1.000,33,421.500,464.600,570.800,641.000,708.500,795.700,861.100,926.200,1012.200,1,1.000,0.000,0.000,1.000,1.000,1.000
2772,Le Doubs à Neublans-Abergement,3962500,2657500,7500,Saone,Doubs,Rhone,FR,3.000,641,799.400,913.300,1193.800,1379.500,1557.600,1788.200,1961.000,2133.100,2360.200,0,0.000,0.000,2.000,,0.000,0.000
2773,Berg,4297500,2792500,4050,Danube,Danube,Danube,DE,,212511,141.800,163.600,217.200,252.700,286.800,330.900,363.900,396.800,440.200,3,0.000,3.000,2.000,0.000,0.000,0.000
2774,Wels,4637500,2797500,3775,Traun,Traun,Danube,AT,,191811,594.600,703.800,972.700,1150.800,1321.600,1542.600,1708.300,1873.300,2091.000,0,0.000,0.000,0.000,,,
2775,ZahorskaVes,4832500,2827500,25925,Morava,March,Danube,AT,,181111,380.300,490.900,763.300,943.700,1116.600,1340.500,1508.300,1675.500,1896.100,0,0.000,0.000,0.000,,,
2776,La Garonne a Verdun sur Garonne,3617500,2342500,13800,"Garonne, below Save",Garonne,Garonne,FR,1.000,511,1090.300,1302.200,1823.500,2168.700,2499.800,2928.400,3249.500,3569.500,3991.700,1,1.000,0.000,2.000,1.000,0.333,0.500
2777,Pougny,4022500,2572500,10050,"Rhone, headwaters",Rhone,Rhone,CH,1.000,931,572.100,640.400,808.600,920.000,1026.800,1165.100,1268.700,1371.900,1508.100,0,0.000,0.000,0.000,,,
2778,Duero En San Esteban - Navapalos,3227500,2142500,6425,Douro,Douro,Douro,ES,1.000,19311,62.200,82.100,131.000,163.400,194.500,234.700,264.900,294.900,334.500,0,0.000,0.000,0.000,,,
2779,Duero En Herrera De Duero,3102500,2172500,12750,Douro,Douro,Douro,ES,1.000,19111,132.600,184.900,313.700,398.900,480.700,586.600,665.900,745.000,849.300,0,0.000,0.000,0.000,,,
2780,Guadiana En Luciana,3082500,1882500,21325,Guadiana,Guadiana,Guadiana,ES,1.000,1131,72.800,134.100,284.800,384.600,480.300,604.200,697.100,789.600,911.600,0,0.000,0.000,0.000,,,
2781,Guadiana En VillanuevaDeLaSerena,2957500,1912500,35100,Guadiana,Guadiana,Guadiana,ES,1.000,911,117.000,195.300,387.800,515.300,637.600,795.900,914.500,1032.700,1188.700,0,0.000,0.000,0.000,,,
2782,Guadiana En AzudDeBadajoz,2852500,1922500,48525,Guadiana,Guadiana,Guadiana,ES,1.000,351,234.600,353.700,646.700,840.700,1026.800,1267.700,1448.300,1628.100,1865.400,1,1.000,0.000,0.000,1.000,1.000,1.000
2783,Zujar En Villanueva De La Serena,2967500,1902500,8325,Zujar,Zujar,Guadiana,ES,2.000,1011,76.300,116.300,214.500,279.600,342.000,422.800,483.300,543.600,623.200,1,0.000,1.000,0.000,0.000,,0.000
2784,Jucar En El Picazo,3282500,1907500,3250,Jucar,Jucar,Jucar,ES,1.000,93,22.800,92.100,262.700,375.600,484.000,624.200,729.300,834.000,972.100,0,0.000,0.000,0.000,,,
2785,Jucar En Alcala Del Jucar,3342500,1862500,10700,Jucar,Jucar,Jucar,ES,1.000,71,36.200,109.400,289.800,409.200,523.700,672.000,783.100,893.800,1039.800,0,0.000,0.000,0.000,,,
2786,Mijares En Villarreal,3452500,1932500,2600,Mijares,Mijares,Mijares,ES,1.000,3,13.000,26.900,61.100,83.800,105.500,133.600,154.700,175.700,203.400,1,0.000,1.000,1.000,0.000,0.000,0.000
2787,Carignano,4137500,2417500,3825,Po,Po,Po,IT,,9511,269.800,334.700,494.400,600.200,701.600,832.900,931.300,1029.300,1158.600,0,0.000,0.000,0.000,,,
2788,Palestro,4202500,2457500,3025,Sesia,Sesia,Po,IT,,9221,742.200,958.800,1491.700,1844.600,2183.100,2621.200,2949.500,3276.600,3708.200,0,0.000,0.000,0.000,,,
2789,Candoglia,4197500,2537500,1625,Ticcino,Lago di Mergozzo,Po,IT,,6211,384.800,486.000,734.900,899.700,1057.800,1262.500,1415.800,1568.600,1770.200,0,0.000,0.000,1.000,,0.000,0.000
2790,Spessa,4277500,2442500,39000,Po,Po,Po,IT,,5511,3829.600,4803.400,7199.800,8786.400,10308.400,12278.400,13754.600,15225.400,17166.000,0,0.000,0.000,0.000,,,
2791,Borgoforte,4387500,2437500,63275,Po,Po,Po,IT,,1711,5150.800,6297.400,9119.100,10987.300,12779.300,15098.900,16837.200,18569.000,20853.900,0,0.000,0.000,0.000,,,
2792,Segura En Almadenes,3307500,1762500,7475,Segura,Segura,Segura,ES,1.000,1,91.800,173.500,374.700,507.800,635.500,800.900,924.800,1048.200,1211.100,0,0.000,0.000,0.000,,,
2794,Segura En Beniel,3347500,1727500,14325,Segura,Segura,Segura,ES,1.000,1,105.400,216.200,488.800,669.400,842.500,1066.700,1234.600,1402.000,1622.800,0,0.000,0.000,0.000,,,
2795,Tajo En Trillo,3262500,2042500,3200,Tagus,Tagus,Tagus,ES,1.000,911,37.200,44.800,63.600,76.100,88.100,103.600,115.200,126.700,142.000,1,0.000,1.000,2.000,0.000,0.000,0.000
2797,Jarama En Mejorada Del Campo,3172500,2022500,6975,Jarama,Jarama,Tagus,ES,2.000,811,85.600,109.300,167.700,206.400,243.500,291.500,327.500,363.400,410.700,1,0.000,1.000,0.000,0.000,,0.000
2798,Henares En Espinillos,3182500,2027500,4000,Jarama,Henares,Tagus,ES,3.000,821,30.100,38.500,59.100,72.800,85.900,102.900,115.600,128.300,145.000,0,0.000,0.000,0.000,,,
2799,Turia o Guadalaviar En Teruel,3377500,1982500,2425,Turia,Turia,Turia,ES,1.000,1,12.800,22.000,44.700,59.800,74.200,92.900,106.900,120.900,139.300,0,0.000,0.000,0.000,,,
2800,Turia o Guadalaviar En Zagra,3367500,1927500,4050,Turia,Turia,Turia,ES,1.000,1,20.800,29.600,51.100,65.400,79.000,96.800,110.000,123.200,140.700,0,0.000,0.000,0.000,,,
2801,Turia o Guadalaviar En LaPresa,3422500,1882500,6300,Turia,Turia,Turia,ES,1.000,1,39.500,71.400,150.100,202.200,252.200,316.900,365.300,413.600,477.300,1,0.000,1.000,0.000,0.000,,0.000
2803,SazavaPorice,4647500,2982500,4250,Vltava,Sazava,Elbe,CZ,3.000,12411,106.600,183.600,373.100,498.600,619.000,774.800,891.600,1007.900,1161.400,1,0.000,1.000,0.000,0.000,,0.000
2804,Camburg,4442500,3107500,3925,Saale,Saale,Elbe,DE,2.000,4511,144.000,176.500,256.500,309.500,360.300,426.000,475.300,524.400,589.200,2,0.000,2.000,0.000,0.000,,0.000
2805,ANGERMANAELVEN,4687500,4472500,31000,Angermanelven,Sollefteae Krv,Angermanalven,SE,1.000,1,743.700,829.300,1040.000,1179.500,1313.300,1486.500,1616.300,1745.600,1916.200,0,0.000,0.000,0.000,,,
2806,Esera En Graus,3522500,2177500,900,Segre,Esera,Ebro,ES,4.000,2261,79.000,98.100,145.200,176.300,206.200,244.800,273.800,302.700,340.800,0,0.000,0.000,0.000,,,
2809,Esca En Sigues,3417500,2237500,500,Aragon,Esca,Ebro,ES,3.000,10611,78.600,101.300,157.200,194.200,229.700,275.600,310.000,344.300,389.600,0,0.000,0.000,1.000,,0.000,0.000
2810,Ega En Estella,3337500,2252500,1000,Ega,Ega,Ebro,ES,2.000,12111,67.000,82.200,119.700,144.500,168.300,199.100,222.200,245.200,275.600,1,1.000,0.000,1.000,1.000,0.500,0.667
2812,Alcanadre En Lascellas,3487500,2172500,550,Segre,Alcanadre,Ebro,ES,4.000,2243,23.300,29.400,44.200,54.100,63.500,75.700,84.900,94.000,106.000,0,0.000,0.000,0.000,,,
2813,Noguera Ribagorzana En Pont De Suert,3557500,2192500,525,Segre,Noguera Ribagorzana,Ebro,ES,3.000,2411,29.500,32.900,41.200,46.700,51.900,58.700,63.800,68.900,75.600,0,0.000,0.000,2.000,,0.000,0.000
2818,Hron,4967500,2787500,5350,Hron,Hron,Danube,sk,,156111,223.100,258.200,344.600,401.800,456.700,527.700,581.000,634.000,704.000,0,0.000,0.000,1.000,,0.000,0.000
2821,Casalecchio Chiusa,4422500,2372500,1050,Reno,Reno,Reno,IT,1.000,1,296.900,364.100,529.300,638.700,743.600,879.400,981.200,1082.600,1216.300,1,0.000,1.000,0.000,0.000,,0.000
2822,Farigliano,4152500,2372500,1450,Tanaro,Tanaro,Po,IT,,8511,304.100,395.100,619.000,767.300,909.500,1093.500,1231.500,1368.900,1550.200,0,0.000,0.000,0.000,,,
2823,Asti,4187500,2417500,4475,Tanaro,Tanaro,Po,IT,,8311,609.500,804.700,1285.200,1603.400,1908.500,2303.500,2599.500,2894.500,3283.600,0,0.000,0.000,0.000,,,
2824,Fossano,4142500,2387500,1400,Tanaro,Stura Demonte,Po,IT,,8411,244.400,317.600,497.800,617.100,731.500,879.700,990.700,1101.300,1247.200,0,0.000,0.000,0.000,,,
2825,Alessandria,4212500,2417500,2700,Tanaro,Bormida,Po,IT,,8211,534.000,751.500,1286.700,1641.000,1980.900,2420.900,2750.600,3079.100,3512.500,1,0.000,1.000,0.000,0.000,,0.000
2826,Cassine,4207500,2402500,1625,Tanaro,Bormida,Po,IT,,8211,367.300,545.400,983.900,1274.200,1552.600,1913.100,2183.100,2452.200,2807.300,1,0.000,1.000,0.000,0.000,,0.000
2827,Isola S.Antonio,4227500,2437500,25575,Po,Po,Po,IT,,7111,3192.000,4085.900,6285.900,7742.400,9139.600,10948.100,12303.300,13653.600,15435.000,0,0.000,0.000,0.000,,,
2828,CASTIGLIONE TORINESE,4147500,2447500,7575,Po,Po,Po,IT,,9511,870.000,1140.500,1806.000,2246.700,2669.300,3216.500,3626.400,4034.900,4573.900,0,0.000,0.000,0.000,,,
2829,HONE PONTE SR DORA,4142500,2507500,2825,Tanaro,Baltea,Po,IT,,8111,371.500,457.500,669.400,809.700,944.200,1118.400,1248.900,1379.000,1550.500,0,0.000,0.000,0.000,,,
2830,QUINTO VERCELLESE,4192500,2477500,1025,Sesia,Cervo,Po,IT,,9231,243.100,303.000,450.600,548.300,642.000,763.300,854.200,944.800,1064.300,0,0.000,0.000,1.000,,0.000,0.000
2832,GUADIEL MEN,3102500,1777500,750,Grande,Grande,Guadalquivir,ES,2.000,781,25.500,38.800,71.500,93.100,113.800,140.700,160.800,180.800,207.300,0,0.000,0.000,1.000,,0.000,0.000
2834,GUADALEN 5004,3137500,1782500,1350,Guadalen,Guadalen,Guadalquivir,ES,3.000,1023,53.400,66.700,99.300,120.900,141.700,168.500,188.600,208.600,235.100,1,1.000,0.000,0.000,1.000,1.000,1.000
2835,GIRIBAILE 5070,3137500,1777500,1375,Guadalimar,Guadalen,Guadalquivir,ES,3.000,1023,54.500,68.000,101.300,123.300,144.400,171.800,192.300,212.700,239.600,1,1.000,0.000,0.000,1.000,1.000,1.000
2836,RUMBLAR 5005,3107500,1782500,650,Grande,Grande,Guadalquivir,ES,2.000,781,19.600,30.300,56.700,74.200,91.000,112.700,129.000,145.200,166.600,0,0.000,0.000,1.000,,0.000,0.000
2838,YEGUAS 5049,3072500,1787500,675,Guadajoz,Yeguas,Guadalquivir,ES,2.000,761,9.200,14.500,27.700,36.300,44.700,55.500,63.500,71.600,82.200,1,1.000,0.000,0.000,1.000,1.000,1.000
2839,GUADALMELLATO 5062,3032500,1787500,1275,Guadajoz,Gato,Guadalquivir,ES,2.000,721,7.200,17.000,41.100,57.000,72.300,92.100,106.900,121.700,141.200,0,0.000,0.000,0.000,,,
2840,SanRafaelDeNavallana 5051,3032500,1782500,1300,Guadajoz,Gato,Guadalquivir,ES,2.000,721,2.200,6.100,15.800,22.100,28.200,36.100,42.100,48.000,55.800,0,0.000,0.000,0.000,,,
2841,VADOMOJON 5066,3062500,1732500,1250,Guadajoz,Guadajoz,Guadalquivir,ES,2.000,611,10.900,19.100,39.300,52.600,65.400,82.000,94.400,106.800,123.200,0,0.000,0.000,0.000,,,
2842,PUENTE NUEVO 5036,3012500,1792500,1075,Guadajoz,Guadiato,Guadalquivir,ES,2.000,541,15.200,27.300,56.900,76.600,95.400,119.800,138.100,156.300,180.300,0,0.000,0.000,0.000,,,
2843,BEMBEZAR 5012,2982500,1782500,1700,Guadajoz,Bembezar,Guadalquivir,ES,2.000,521,26.600,44.100,87.400,116.000,143.400,178.900,205.600,232.100,267.100,0,0.000,0.000,0.000,,,
2844,IZNAJAR 5026,3042500,1697500,4700,Genil,Genil,Guadalquivir,ES,2.000,411,17.600,28.000,53.600,70.500,86.800,107.800,123.600,139.300,160.000,0,0.000,0.000,0.000,,,
2845,HUESNA 5056,2937500,1772500,500,Corbones,Huesna,Guadalquivir,ES,2.000,341,10.100,16.200,31.200,41.100,50.700,63.000,72.200,81.500,93.600,0,0.000,0.000,0.000,,,
2846,EL PINTADO 5011,2922500,1802500,1175,Viar,Viar,Guadalquivir,ES,2.000,321,15.800,27.100,54.900,73.400,91.000,113.900,131.100,148.100,170.700,0,0.000,0.000,0.000,,,
2847,ALCALA DEL RIO 5035,2912500,1752500,47275,Guadiamar,Guadalquivir,Guadalquivir,ES,1.000,171,544.500,791.900,1400.900,1804.000,2190.800,2691.300,3066.500,3440.200,3933.300,0,0.000,0.000,0.000,,,
2848,ZUFRE 5054,2887500,1787500,850,Guadiamar,Huelva,Guadalquivir,ES,2.000,161,32.500,50.900,96.000,125.800,154.500,191.500,219.300,247.000,283.500,0,0.000,0.000,0.000,,,
2849,MEQUINENZA,3497500,2087500,57925,Ebro,Ebro,Ebro,ES,1.000,3111,1099.400,1261.600,1660.700,1925.000,2178.500,2506.600,2752.500,2997.400,3320.700,1,1.000,0.000,0.000,1.000,1.000,1.000
2851,GRADO I,3512500,2172500,2175,Segre,Cinca,Ebro,ES,3.000,2271,69.100,99.000,172.600,221.300,268.000,328.500,373.900,419.000,478.600,0,0.000,0.000,0.000,,,
2853,RIALB,3597500,2137500,2950,Segre,Segre,Ebro,ES,2.000,2711,89.100,149.000,296.400,394.000,487.600,608.700,699.500,790.000,909.400,0,0.000,0.000,0.000,,,
2854,ITOIZ ,3392500,2257500,525,Aragon,Irati,Ebro,ES,3.000,10411,75.500,102.300,168.200,211.800,253.700,307.900,348.500,388.900,442.300,2,2.000,0.000,0.000,1.000,1.000,1.000
2855,RIBARROJA,3512500,2072500,81000,Ebro,Ebro,Ebro,ES,1.000,1311,1245.100,1389.500,1745.000,1980.400,2206.200,2498.400,2717.500,2935.700,3223.500,1,1.000,0.000,0.000,1.000,1.000,1.000
2857,ESCALES,3557500,2182500,700,Segre,Noguera Ribagorzana,Ebro,ES,3.000,2411,25.000,28.800,38.300,44.500,50.500,58.300,64.100,69.900,77.500,0,0.000,0.000,1.000,,0.000,0.000
2858,BARASONA-JOAQUIN COSTA,3522500,2167500,1550,Segre,Esera,Ebro,ES,4.000,2261,42.600,54.700,84.600,104.400,123.300,147.900,166.300,184.600,208.800,0,0.000,0.000,1.000,,0.000,0.000
2859,ZUJAR,2982500,1897500,7625,Zujar,Zujar,Guadiana,ES,2.000,1011,70.000,105.900,194.300,252.700,308.800,381.400,435.900,490.100,561.600,0,0.000,0.000,0.000,,,
2860,ORELLANA,2977500,1902500,26425,Guadiana,Guadiana,Guadiana,ES,1.000,1111,36.400,84.500,202.800,281.100,356.200,453.500,526.400,599.000,694.800,0,0.000,0.000,0.000,,,
2861,Ciguela En Villafranca De Los Caballeros,3177500,1917500,3275,Ciguela,Ciguela,Guadiana,ES,2.000,1631,6.900,18.700,47.700,66.900,85.300,109.200,127.100,144.900,168.400,0,0.000,0.000,0.000,,,
2862,Zancara En Alcazar,3187500,1902500,5775,Ciguela,Zancara,Guadiana,ES,3.000,1621,26.400,54.300,122.800,168.200,211.700,268.100,310.300,352.400,407.900,0,0.000,0.000,0.000,,,
2863,Lempaala plus Kuokkalankoski,5057500,4322500,8625,Kokem,Kuokkalankoski,Kokem,FI,2.000,4,102.800,115.600,147.100,167.900,187.900,213.800,233.200,252.500,278.000,0,0.000,0.000,0.000,,,
2864,Vilppulankoski,5067500,4402500,2425,Kokem,Savilahti,Kokem,FI,2.000,6,69.400,78.700,101.600,116.700,131.200,150.100,164.200,178.200,196.700,1,0.000,1.000,0.000,0.000,,0.000
2865,Muroleenkoski,5052500,4377500,6150,Kokem,Kokemaenjoki,Kokem,FI,1.000,5,142.200,163.800,216.900,252.000,285.700,329.400,362.100,394.700,437.700,0,0.000,0.000,0.000,,,
2866,Hartolankoski,5002500,4307500,21450,Kokem,Liekovesi,Kokem,FI,1.000,3,315.800,354.400,449.500,512.400,572.800,651.000,709.600,767.900,844.900,0,0.000,0.000,0.000,,,
2867,Loimijoki Maurialankoski,5002500,4287500,2650,Kokem,Loimijoki,Kokem,FI,2.000,2,143.800,164.000,213.900,246.900,278.600,319.500,350.200,380.800,421.200,0,0.000,0.000,0.000,,,
2868,Lankoski,4937500,4352500,2900,Kokemaenjoki-Archipelago Sea-Bothnian Sea,Merikarvianjoki,Karvianjoki,FI,1.000,1,47.500,59.300,88.300,107.500,126.000,149.900,167.700,185.600,209.100,0,0.000,0.000,0.000,,,
2869,Perus,4917500,4397500,1225,Isojoki,LAPVAEAERTINJOKI,Isojoki,FI,1.000,1,57.100,70.900,104.900,127.300,148.900,176.800,197.800,218.600,246.100,0,0.000,0.000,0.000,,,
2870,Allmanningsforsen,4907500,4417500,925,Narpionjoki,Narpion,Narpionjoki,FI,1.000,1,60.600,74.100,107.400,129.400,150.500,177.900,198.400,218.800,245.700,1,0.000,1.000,0.000,0.000,,0.000
2871,Kauhajoen saanNpato,4962500,4442500,900,Kyronjoki,Kyronjoki,Kyronjoki,FI,1.000,1,46.100,55.600,79.000,94.500,109.400,128.600,143.000,157.400,176.400,1,0.000,1.000,0.000,0.000,,0.000
2872,Jalasjoen saanNpato,4967500,4442500,850,Kyronjoki,Kyronjoki,Kyronjoki,FI,1.000,1,43.700,52.700,75.000,89.700,103.800,122.100,135.800,149.400,167.400,1,0.000,1.000,0.000,0.000,,0.000
2873,Kaitfors,4977500,4577500,2325,Perhonjoki,Perhon,Perhonjoki,FI,1.000,1,89.900,107.200,150.000,178.400,205.600,240.800,267.100,293.400,328.100,0,0.000,0.000,0.000,,,
2874,Lankela,5022500,4707500,4100,Siikajoki,Siikajoki,Siikajoki,FI,1.000,1,152.300,188.200,276.500,334.900,391.000,463.600,518.000,572.100,643.600,0,0.000,0.000,0.000,,,
2875,Lieksanjoki Lieksankoski,5312500,4607500,8100,Neva,Lieksanjoki,Neva,FI,2.000,33,222.100,244.800,300.700,337.700,373.100,419.000,453.500,487.700,533.000,0,0.000,0.000,0.000,,,
2876,Koitajoki Lylykoski,5362500,4567500,3875,Neva,Saarilahti,Neva,FI,2.000,32,126.100,143.500,186.300,214.600,241.800,277.000,303.400,329.700,364.300,0,0.000,0.000,0.000,,,
2877,Onkivesi Viannonkoski,5187500,4557500,5800,Neva,Ahkiolahden kanava,Neva,FI,2.000,23,168.800,201.300,281.300,334.200,385.000,450.800,500.100,549.200,614.000,0,0.000,0.000,0.000,,,
2878,Kuolimo-luusua,5267500,4367500,1050,Neva,Saimaa,Neva,FI,2.000,12,46.200,51.400,64.000,72.400,80.400,90.800,98.600,106.300,116.600,0,0.000,0.000,0.000,,,
2879,Karnajarvi Kellankoski,5122500,4537500,1575,"Kymijoki, Keitele catchment",Rauskajarvi,Kymijoki,FI,3.000,62,26.500,29.800,38.000,43.400,48.700,55.400,60.400,65.500,72.100,1,0.000,1.000,0.000,0.000,,0.000
2880,Kiimasjarvi Hietamankoski,5117500,4477500,2950,"Kymijoki, Keitele catchment",Kymijoki,Kymijoki,FI,1.000,71,72.200,81.900,105.900,121.800,137.000,156.700,171.500,186.300,205.700,0,0.000,0.000,0.000,,,
2881,Hankavesi-luusua,5177500,4492500,5025,Kymijoki,Hancavesi,Kymijoki,FI,2.000,41,55.500,61.700,76.900,86.900,96.600,109.100,118.500,127.800,140.100,1,1.000,0.000,0.000,1.000,1.000,1.000
2882,Jaasjarvi-luusua,5162500,4367500,1600,Kymijoki,Tainionvirta,Kymijoki,FI,2.000,32,45.900,49.500,58.600,64.600,70.400,77.900,83.500,89.100,96.400,1,0.000,1.000,1.000,0.000,0.000,0.000
2883,Mankala,5202500,4307500,28225,Kymijoki,Kymijoki,Kymijoki,FI,1.000,31,282.700,311.400,382.200,429.100,474.000,532.200,575.800,619.300,676.600,2,2.000,0.000,0.000,1.000,1.000,1.000
2884,Verla,5212500,4322500,5825,Puulavesi - Suonne,Iso-Kamponen,Kymijoki,FI,2.000,21,130.600,140.700,165.700,182.200,198.100,218.600,233.900,249.200,269.400,1,0.000,1.000,0.000,0.000,,0.000
2885,Vaatajansuvanto,5147500,4812500,4150,Iijoki,Iijoki,Iijoki,FI,1.000,5,156.000,176.200,226.000,258.900,290.500,331.400,362.100,392.600,432.900,0,0.000,0.000,0.000,,,
2886,Jaurakkajarvi-luusua,5137500,4782500,2550,Iijoki,Jaurakkajarvi,Iijoki,FI,2.000,4,151.900,178.100,242.400,285.000,325.800,378.700,418.300,457.800,509.900,0,0.000,0.000,0.000,,,
2887,Livojoki Hanhikoski,5102500,4807500,2150,Iijoki,Livojoki,Iijoki,FI,2.000,2,125.600,147.800,202.600,238.900,273.700,318.800,352.500,386.200,430.500,0,0.000,0.000,0.000,,,
2888,Oulankajoki,5187500,4927500,2100,Oulankajoki,KOUTAJOKI,Tumcha,FI,2.000,2,171.000,198.000,264.300,308.300,350.400,405.000,445.900,486.600,540.400,0,0.000,0.000,0.000,,,
2889,Kitkajoki Kayla,5177500,4917500,1800,Oulankajoki,Kitkajoki,Tumcha,FI,2.000,2,38.800,43.500,55.200,62.900,70.300,79.900,87.100,94.200,103.700,1,0.000,1.000,0.000,0.000,,0.000
2890,TORSEBRO KRV [POWERSTATION] ON HELGE A,4577500,3672500,3600,Helge,Helge,Helge,SE,1.000,1,131.400,148.500,190.500,218.300,245.000,279.500,305.400,331.200,365.200,0,0.000,0.000,0.000,,,
2891,GRANSEL,4787500,4782500,7050,Pitealven,Pitealven,Pitealven,SE,1.000,1,328.400,368.200,466.000,530.700,592.800,673.200,733.500,793.500,872.700,0,0.000,0.000,0.000,,,
2892,GRADA KRV,4597500,4177500,12175,Osterdal,Osterdalaven,Dal,SE,2.000,41,217.700,240.500,296.600,333.700,369.300,415.400,450.000,484.400,529.800,0,0.000,0.000,0.000,,,
2893,MOCKFJaRD KRV,4597500,4167500,8625,Vasterdal,Vasterdal,Dal,SE,2.000,21,300.200,335.800,423.500,481.500,537.200,609.300,663.300,717.100,788.100,0,0.000,0.000,0.000,,,
2894,SaFFLE DAMM,4487500,4007500,4825,Glafsfjord,Byalven,Gota,SE,2.000,2,178.200,198.200,247.600,280.300,311.700,352.200,382.700,413.000,453.000,1,0.000,1.000,0.000,0.000,,0.000
2895,EDSVALLA KRV,4502500,4037500,4150,Norsa,Norsalven,Gota,SE,2.000,8,128.300,160.300,239.200,291.500,341.600,406.400,455.000,503.500,567.400,0,0.000,0.000,0.000,,,
2896,HIssMOFORS KRV,4552500,4477500,12300,Indals,Indals,Indalsalven,SE,1.000,3,266.800,295.100,364.700,410.700,454.900,512.100,555.000,597.700,654.100,0,0.000,0.000,0.000,,,
2897,HARRSELE KRV,4787500,4577500,13650,Umealven,Umealven,Umealven,SE,1.000,3,396.500,434.300,527.600,589.300,648.500,725.100,782.600,839.800,915.300,1,0.000,1.000,1.000,0.000,0.000,0.000
2898,YNGEREDSFORSEN,4492500,3777500,2625,Atran,Atran,Atran,SE,1.000,1,98.100,110.100,139.700,159.400,178.200,202.500,220.800,239.000,263.000,0,0.000,0.000,0.000,,,
2899,BJoRNA KRV,4747500,4522500,3050,Gidealven,Gide,Gidealven,SE,1.000,1,83.000,95.500,126.200,146.500,166.000,191.200,210.100,228.900,253.800,0,0.000,0.000,0.000,,,
2900,oSTAVALLSELET,4607500,4387500,5425,Ljungan,Ljungan,Ljungan,SE,1.000,1,114.000,130.400,171.000,197.900,223.700,257.000,282.000,306.900,339.800,0,0.000,0.000,1.000,,0.000,0.000
2901,NYBRO,4622500,4262500,2300,Ljusnan,Voxnan,Ljusnan,SE,2.000,2,65.900,77.300,105.400,123.900,141.800,164.800,182.100,199.400,222.100,1,0.000,1.000,0.000,0.000,,0.000
2902,DoNJE KRV,4662500,4272500,14925,Ljusnan,Ljusnan,Ljusnan,SE,1.000,3,397.500,473.300,659.800,783.300,901.700,1055.000,1169.900,1284.400,1435.400,0,0.000,0.000,0.000,,,
2903,SVEGS KRV,4552500,4332500,8550,Ljusnan,Ljusnan,Ljusnan,SE,1.000,3,277.600,325.400,443.200,521.100,595.900,692.700,765.300,837.500,932.900,0,0.000,0.000,0.000,,,
2904,Barkaldfoss,4367500,4312500,6775,"Glomma, headwaters",Glomma,Glomma,NO,1.000,315,304.200,364.300,512.100,610.000,703.900,825.400,916.500,1007.200,1126.900,1,0.000,1.000,0.000,0.000,,0.000
2905,Eikhomkilen,4232500,3987500,1050,Nidelva,Fyreselv,Nidelva,NO,2.000,2,66.100,73.400,91.300,103.200,114.600,129.300,140.400,151.400,165.900,1,1.000,0.000,0.000,1.000,1.000,1.000
2907,Rauma v-Venge,4202500,4382500,1250,Rauma,Rauma,Rauma,NO,1.000,1,126.300,143.800,186.900,215.300,242.700,278.000,304.500,330.900,365.800,2,2.000,0.000,0.000,1.000,1.000,1.000
2908,UTTERSHAUSEN,4272500,3107500,975,Fulda,Schwalm,Weser,DE,4.000,622,24.600,29.300,40.900,48.500,55.900,65.400,72.500,79.600,89.000,0,0.000,0.000,0.000,,,
2910,VILLAFRANCA PELLICE,4122500,2412500,1000,Po,Pellice,Po,IT,,9611,192.000,256.700,415.800,521.100,622.100,752.900,850.900,948.600,1077.400,0,0.000,0.000,0.000,,,
2911,NAVE DI ROSANO,4427500,2297500,4000,Arno,Sieve,Arno,IT,1.000,1,456.800,567.600,840.000,1020.400,1193.500,1417.500,1585.300,1752.600,1973.200,0,0.000,0.000,0.000,,,
2912,S GIOVANNI ALLA VENA,4372500,2282500,8050,Arno,Canale Imperiale,Arno,IT,1.000,1,682.700,815.900,1143.800,1360.900,1569.100,1838.600,2040.600,2241.900,2507.400,0,0.000,0.000,0.000,,,
2913,La Vire a Montmartin-en-Graignes,3512500,2972500,1175,Vire,Vire,Vire,FR,1.000,1,68.600,79.500,106.100,123.700,140.600,162.500,178.900,195.200,216.800,1,0.000,1.000,0.000,0.000,,0.000
2914,Le Therain a Maysel,3767500,2932500,1200,Oise,Therain,Seine,FR,3.000,421,17.700,21.000,29.200,34.600,39.700,46.400,51.400,56.400,63.000,1,0.000,1.000,0.000,0.000,,0.000
2915,L Eure a Louviers,3682500,2942500,5900,Eure,Eure,Seine,FR,2.000,211,56.000,67.200,94.600,112.700,130.100,152.700,169.600,186.400,208.600,0,0.000,0.000,0.000,,,
2916,L Essonne a Ballancourt-sur-Essonne,3762500,2857500,1875,"Seine, below Yonne",Essonne,Seine,FR,2.000,721,26.500,30.200,39.300,45.300,51.100,58.600,64.300,69.900,77.300,0,0.000,0.000,1.000,,0.000,0.000
2918,La Seine a Mery-sur-Seine [apres creation grands lacs],3862500,2842500,4025,"Seine, headwaters",Seine,Seine,FR,1.000,1131,103.600,116.600,148.700,169.900,190.200,216.600,236.300,256.000,281.900,0,0.000,0.000,0.000,,,
2919,Le Blavet a Languidic [Quellenec],3332500,2832500,2075,Blavet,Blavet,Blavet,FR,1.000,1,155.800,182.000,246.600,289.300,330.300,383.300,423.000,462.600,514.900,2,2.000,0.000,0.000,1.000,1.000,1.000
2920,La Vilaine a Rieux,3407500,2792500,10100,Vilaine,Vilaine,Vilaine,FR,1.000,1,550.700,633.000,835.400,969.400,1098.000,1264.400,1389.100,1513.300,1677.200,0,0.000,0.000,0.000,,,
2921,La Sarthe a Neuville-sur-Sarthe [Montreuil],3592500,2822500,2700,Maine,Sarthe,Loire,FR,,2451,134.700,151.700,193.800,221.600,248.300,282.800,308.700,334.500,368.500,1,1.000,0.000,0.000,1.000,1.000,1.000
2922,Le Loir a Villavard,3637500,2782500,4675,Maine,Loir,Loire,FR,,2421,50.700,62.100,90.200,108.700,126.600,149.600,166.900,184.100,206.900,0,0.000,0.000,2.000,,0.000,0.000
2923,Le Clain a Dissay,3587500,2667500,2925,Vienne,Clain,Loire,FR,,4411,88.300,108.400,158.100,191.000,222.600,263.400,294.000,324.500,364.800,0,0.000,0.000,0.000,,,
2924,Le Lay a Mareuil-sur-Lay-Dissais,3462500,2667500,1325,Lay,Lay,Lay,FR,1.000,1,72.200,85.100,116.900,137.900,158.100,184.200,203.800,223.300,249.000,0,0.000,0.000,0.000,,,
2925,Le Dropt a Loubens,3527500,2447500,1175,Dropt,Dropt,Garonne,FR,2.000,121,49.800,59.900,84.500,100.900,116.500,136.800,152.000,167.100,187.100,0,0.000,0.000,1.000,,0.000,0.000
2926,Le Gers a Layrac,3572500,2377500,1075,Gers,Gers,Garonne,FR,2.000,341,50.200,58.200,78.000,91.000,103.600,119.800,132.000,144.100,160.200,2,1.000,1.000,0.000,0.500,1.000,0.667
2927,L Herault a Agde [Bassin Rond],3792500,2267500,2650,Herault,Herault,Herault,FR,1.000,1,629.600,793.600,1197.300,1464.600,1721.000,2052.900,2301.500,2549.300,2876.200,0,0.000,0.000,0.000,,,
2928,L Aude a Moussan [Moussoulens-ecluse],3752500,2262500,4925,Aude,Aude,Aude,FR,1.000,1,455.400,675.400,1216.600,1575.000,1918.700,2363.700,2697.100,3029.300,3467.600,0,0.000,0.000,0.000,,,
2929,laufermuehle,4387500,2957500,875,Main,Aisch,Rhine,DE,,8821,57.300,70.700,103.600,125.400,146.300,173.300,193.600,213.800,240.400,1,0.000,1.000,0.000,0.000,,0.000
2930,La Sarthe a Saint-Denis-d Anjou [Beffes],3547500,2792500,7575,Maine,Sarthe,Loire,FR,,2431,322.800,362.200,459.000,523.100,584.600,664.300,723.900,783.400,861.800,1,1.000,0.000,0.000,1.000,1.000,1.000
2931,L Ill a Strasbourg [Chasseur Froid La Robertsau],4152500,2832500,4600,Ill,Ill,Rhine,FR,,11411,204.100,225.900,279.600,315.100,349.200,393.300,426.400,459.300,502.700,0,0.000,0.000,1.000,,0.000,0.000
2932,La Marne a Frignicourt [apres creation grand lac],3922500,2857500,3400,Marne,Marne,Seine,FR,2.000,631,156.700,172.200,210.200,235.300,259.500,290.700,314.100,337.400,368.200,1,0.000,1.000,1.000,0.000,0.000,0.000
2933,La Seille a Metz [pont Lothaire],4042500,2892500,1250,Moselle,Seille,Rhine,FR,,4541,60.600,75.100,110.700,134.300,157.000,186.300,208.200,230.100,259.000,0,0.000,0.000,1.000,,0.000,0.000
2934,Le Salat a Roquefort-sur-Garonne,3587500,2267500,1500,Salat,Salat,Garonne,FR,2.000,561,228.800,275.900,391.900,468.600,542.300,637.600,709.000,780.200,874.100,1,1.000,0.000,1.000,1.000,0.500,0.667
2935,L Ariege a Auterive,3627500,2297500,3600,Ariege,Ariege,Garonne,FR,2.000,541,278.300,356.200,547.900,674.800,796.500,954.000,1072.100,1189.800,1345.000,0,0.000,0.000,1.000,,0.000,0.000
2936,La Save a Larra,3617500,2332500,1075,Save,Save,Garonne,FR,2.000,521,53.100,63.500,89.300,106.300,122.700,143.800,159.700,175.500,196.300,2,1.000,1.000,1.000,0.500,0.500,0.500
2937,Le Tarn a Marsal [Pecotte],3697500,2347500,4550,Tarn,Tarn,Garonne,FR,2.000,431,636.200,786.200,1155.500,1400.000,1634.500,1938.000,2165.500,2392.100,2691.200,0,0.000,0.000,0.000,,,
2938,L Orne a Rosselange,4037500,2912500,1225,Moselle,Orne,Rhine,FR,,4521,99.800,119.900,169.300,202.100,233.400,274.100,304.500,334.900,374.900,2,1.000,1.000,0.000,0.500,1.000,0.667
2939,La Loire a Bas-en-Basset,3862500,2487500,3450,Loire,Loire,Loire,FR,,9511,353.100,502.900,871.600,1115.800,1350.000,1653.100,1880.200,2106.600,2405.100,1,1.000,0.000,1.000,1.000,0.500,0.667
2940,L Allier a Vic-le-Comte,3792500,2527500,5450,Allier,Allier,Loire,FR,,8511,347.700,445.100,685.000,843.800,996.100,1193.300,1341.000,1488.200,1682.400,1,0.000,1.000,0.000,0.000,,0.000
2941,La Dore a Saint-Gervais-sous-Meymont MaisonDuParc-GirouxDore,3822500,2532500,900,Allier,Dore,Loire,FR,,8411,60.600,78.100,121.300,149.900,177.300,212.800,239.400,265.800,300.800,0,0.000,0.000,0.000,,,
2942,La Seille a Saint-Usuge,3957500,2627500,950,Saone,Seille,Rhone,FR,3.000,621,118.900,140.600,194.100,229.400,263.400,307.300,340.200,373.000,416.200,1,0.000,1.000,0.000,0.000,,0.000
2943,La Loue [totale] a Parcey,3982500,2667500,1725,Saone,Loue,Rhone,FR,4.000,642,285.100,327.100,430.600,499.100,564.800,649.900,713.600,777.100,860.900,1,1.000,0.000,1.000,1.000,0.500,0.667
2944,La Semoy a Haulme,3952500,2987500,1350,Meuse,Semoy,Rhine,FR,,2761,153.300,182.100,252.800,299.600,344.500,402.600,446.100,489.500,546.800,2,1.000,1.000,0.000,0.500,1.000,0.667
2945,La Chiers a Carignan,3977500,2957500,1975,Meuse,Chiers,Rhine,FR,,2781,119.200,140.300,192.200,226.500,259.500,302.100,334.100,366.000,408.000,1,1.000,0.000,0.000,1.000,1.000,1.000
2946,La Moder a Schweighouse-sur-Moder [aval],4162500,2852500,750,Moder,Moder,Rhine,FR,,11211,32.400,43.200,69.900,87.500,104.400,126.300,142.700,159.000,180.600,1,0.000,1.000,1.000,0.000,0.000,0.000
2947,La Meuse a Vaucouleurs [Chalaines],4002500,2837500,1700,Meuse,Meuse,Rhine,FR,,2791,160.400,187.100,252.700,296.200,337.900,391.900,432.300,472.600,525.800,0,0.000,0.000,0.000,,,
2948,La Mayenne a Chambellay,3522500,2787500,4250,Maine,Mayenne,Loire,FR,,2431,284.800,319.500,404.900,461.400,515.700,585.900,638.500,690.900,760.100,1,1.000,0.000,0.000,1.000,1.000,1.000
2949,La Tille a Arceau [Arcelot],3952500,2697500,900,Saone,Tille,Rhone,FR,3.000,654,52.800,61.700,83.600,98.100,112.000,130.000,143.400,156.900,174.600,0,0.000,0.000,0.000,,,
2950,L Ognon a Pesmes,3982500,2697500,2100,Saone,Ognon,Rhone,FR,3.000,661,174.800,198.800,257.800,297.000,334.500,383.000,419.400,455.700,503.500,0,0.000,0.000,2.000,,0.000,0.000
2952,L Eyre a Salles,3457500,2447500,1825,Eyre,Eyre,Eyre,FR,1.000,1,45.300,53.700,74.500,88.200,101.300,118.400,131.100,143.800,160.600,1,2.000,0.000,0.000,1.000,1.000,1.000
2953,Le Cele a Orniac [Les Amis du Cele],3662500,2417500,1225,Lot,Cele,Garonne,FR,3.000,221,160.400,184.300,243.200,282.200,319.600,368.000,404.200,440.400,488.000,2,0.000,2.000,0.000,0.000,,0.000
2954,Le Lot a Lassouts [Castelnau],3752500,2407500,1775,Lot,Lot,Garonne,FR,2.000,251,138.100,206.300,374.200,485.300,591.900,729.900,833.300,936.400,1072.300,0,0.000,0.000,0.000,,,
2955,L Epte a Fourges,3707500,2922500,1525,"Seine, below Oise",Epte,Seine,FR,2.000,321,22.300,27.500,40.300,48.700,56.800,67.300,75.100,83.000,93.300,1,0.000,1.000,1.000,0.000,0.000,0.000
2956,La Moselle a Tonnoy,4037500,2837500,2050,Moselle,Moselle,Rhine,FR,,4571,400.400,459.500,604.900,701.200,793.500,913.000,1002.600,1091.800,1209.500,0,0.000,0.000,1.000,,0.000,0.000
2957,La Sauldre a Selles-sur-Cher,3692500,2722500,2100,Cher,Sauldre,Loire,FR,,6211,69.900,86.200,126.400,153.100,178.600,211.600,236.400,261.100,293.600,0,0.000,0.000,0.000,,,
2958,Le Doubs a Rochefort-sur-Nenon,3982500,2672500,5325,Saone,Doubs,Rhone,FR,3.000,643,536.700,620.900,828.000,965.100,1096.600,1266.900,1394.500,1521.600,1689.300,0,0.000,0.000,1.000,,0.000,0.000
2959,La Gartempe a Montmorillon,3622500,2637500,1875,Vienne,Gartempe,Loire,FR,,4223,115.800,132.700,174.400,201.900,228.400,262.600,288.300,313.800,347.500,1,0.000,1.000,0.000,0.000,,0.000
2960,L Arroux a Rigny-sur-Arroux,3862500,2622500,2325,Arroux,Arroux,Loire,FR,,9411,180.900,214.500,297.300,352.100,404.700,472.700,523.700,574.500,641.600,0,0.000,0.000,0.000,,,
2961,La Truyere a Sainte-Genevieve-sur-Argence [Sarrans],3742500,2437500,2575,Lot,Truyere,Garonne,FR,3.000,241,290.200,412.200,712.200,910.900,1101.500,1348.200,1533.100,1717.300,1960.300,0,0.000,0.000,0.000,,,
2962,La BaisfloodSettingsTemplate-13Feb2013-PreRunBMse a Nerac,3552500,2382500,1350,Bais,Bais,Garonne,FR,2.000,321,100.200,116.100,155.300,181.200,206.100,238.300,262.500,286.500,318.300,0,0.000,0.000,0.000,,,
2963,La Garonne [totale] a Saint-Gaudens [Valentine-recent],3562500,2267500,2350,"Garonne, headwaters",Garonne,Garonne,FR,1.000,571,176.300,222.700,336.800,412.400,484.900,578.800,649.100,719.200,811.700,1,1.000,0.000,0.000,1.000,1.000,1.000
2964,GERBERTSHAUS,4282500,2722500,850,Rhine,Schussen,Rhine,DE,,15211,76.200,98.500,153.300,189.600,224.400,269.500,303.200,336.900,381.300,0,0.000,0.000,0.000,,,
2965,GIEssEN,4292500,2722500,625,Rhine,Argen,Rhine,DE,,15411,152.000,180.900,252.000,299.000,344.200,402.600,446.400,490.000,547.600,0,0.000,0.000,0.000,,,
2966,Prijedor,4842500,2457500,3175,Sava,Sana,Danube,BA,,106211,411.900,463.900,592.000,676.700,758.100,863.300,942.200,1020.800,1124.400,0,0.000,0.000,0.000,,,
2967,Doboj,4962500,2437500,9725,Sava,Bosna,Danube,BA,,104111,600.000,768.300,1182.300,1456.400,1719.400,2059.700,2314.800,2568.900,2904.200,1,1.000,0.000,0.000,1.000,1.000,1.000
2968,Vrbanja,4897500,2432500,750,Sava,Vrbanja,Danube,BA,,105421,86.000,105.500,153.400,185.200,215.600,255.000,284.500,314.000,352.800,0,0.000,0.000,0.000,,,
2969,Brodarci,4752500,2517500,2325,Sava,Kupa,Danube,HR,,108511,685.100,762.000,951.100,1076.400,1196.500,1352.000,1468.500,1584.600,1737.700,1,0.000,1.000,0.000,0.000,,0.000
2970,Pleternica,4927500,2502500,750,Sava,Orljava,Danube,HR,,105211,46.600,62.600,102.000,128.100,153.100,185.400,209.700,233.900,265.700,0,0.000,0.000,0.000,,,
2972,Suha,4657500,2572500,575,Sava,Sora,Danube,SI,,109521,179.100,210.200,286.900,337.600,386.300,449.300,496.500,543.600,605.600,0,0.000,0.000,0.000,,,
2973,Rakovec,4762500,2557500,600,Sava,Sutla,Danube,SI,,109141,62.200,78.100,117.200,143.100,168.000,200.200,224.300,248.300,280.000,0,0.000,0.000,0.000,,,
2975,Daljan,4912500,2367500,1150,Sava,Vrbas,Danube,BA,,105451,94.300,129.500,216.200,273.500,328.600,399.800,453.200,506.400,576.600,0,0.000,0.000,0.000,,,
2976,Olovo,5012500,2372500,600,Sava,Krivaja,Danube,BA,,104611,64.600,81.300,122.300,149.500,175.600,209.300,234.600,259.800,293.100,2,1.000,1.000,0.000,0.500,1.000,0.667
2977,Cedovo,5142500,2292500,525,Sava,Vapa,Danube,RS,,102411,20.000,24.200,34.600,41.500,48.100,56.700,63.100,69.400,77.900,2,1.000,1.000,0.000,0.500,1.000,0.667
2978,Lesnica,5057500,2437500,975,Sava,Jadar,Danube,RS,,102211,66.600,96.800,171.100,220.300,267.400,328.500,374.300,419.900,480.000,1,0.000,1.000,1.000,0.000,0.000,0.000
2980,Slovac,5122500,2407500,1000,Sava,Kolubara,Danube,RS,,101211,92.300,122.400,196.200,245.100,292.000,352.700,398.200,443.500,503.400,0,0.000,0.000,0.000,,,
2983,Sil Belesar,2877500,2337500,4450,Minho,Minho,Minho,ES,1.000,311,271.400,337.400,499.800,607.400,710.500,844.100,944.100,1043.800,1175.300,1,1.000,0.000,1.000,1.000,0.500,0.667
2985,Sil San Esteban,2877500,2312500,7200,Sil,Sil,Minho,ES,2.000,211,613.700,723.600,994.100,1173.200,1345.000,1567.300,1733.900,1900.000,2119.000,0,0.000,0.000,1.000,,0.000,0.000
2986,Sil Bao,2917500,2287500,800,Sil,Bibey,Minho,ES,,221,36.400,41.900,55.500,64.400,73.100,84.200,92.600,100.900,111.800,2,2.000,0.000,1.000,1.000,0.667,0.800
2988,Fuensanta,3257500,1787500,1875,Segura,Segura,Segura,ES,1.000,1,5.000,9.200,19.500,26.300,32.800,41.200,47.500,53.800,62.200,0,0.000,0.000,0.000,,,
2989,Cenajo,3292500,1777500,2650,Segura,Segura,Segura,ES,1.000,1,4.000,7.000,14.600,19.500,24.300,30.500,35.100,39.700,45.800,0,0.000,0.000,0.000,,,
2991,Tranco de Beas,3192500,1772500,700,Guadalquivir,Guadalquivir,Guadalquivir,ES,1.000,1311,7.200,10.800,19.600,25.500,31.100,38.300,43.800,49.200,56.300,0,0.000,0.000,0.000,,,
2992,La Fernandina,3132500,1777500,2150,Guadalen,Guadalen,Guadalquivir,ES,3.000,1021,55.100,68.800,102.500,124.800,146.100,173.800,194.500,215.200,242.500,1,1.000,0.000,0.000,1.000,1.000,1.000
2993,Talarn o Tremp,3567500,2162500,2175,Segre,Noguera Pallaresa,Ebro,ES,3.000,2611,74.800,83.800,106.000,120.700,134.800,153.100,166.700,180.400,198.300,0,0.000,0.000,1.000,,0.000,0.000
2994,Mediano,3512500,2177500,2075,Segre,Cinca,Ebro,ES,3.000,2271,65.700,94.900,166.500,213.900,259.400,318.300,362.500,406.500,464.500,0,0.000,0.000,0.000,,,
2995,Canelles,3542500,2142500,1650,Segre,Noguera Ribagorzana,Ebro,ES,3.000,2411,19.100,23.700,35.300,42.900,50.300,59.700,66.800,73.900,83.300,0,0.000,0.000,3.000,,0.000,0.000
2997,Cedillo,2827500,2012500,56675,Tagus,Tagus,Tagus,ES,1.000,511,1145.000,1494.300,2354.100,2923.400,3469.500,4176.300,4705.900,5233.700,5929.900,3,2.000,1.000,1.000,0.667,0.667,0.667
2998,Valdecanas,2982500,1992500,36700,Tagus,Tagus,Tagus,ES,1.000,711,159.300,235.500,423.200,547.500,666.700,821.000,936.600,1051.800,1203.800,2,2.000,0.000,0.000,1.000,1.000,1.000
3000,Entrepenas,3242500,2027500,3850,Tagus,Tagus,Tagus,ES,1.000,911,40.200,50.400,75.700,92.400,108.500,129.200,144.800,160.300,180.700,1,1.000,0.000,1.000,1.000,0.500,0.667
3001,Atazar,3192500,2077500,975,Jarama,Jarama,Tagus,ES,2.000,831,21.300,31.700,57.100,74.000,90.100,111.100,126.700,142.400,163.000,1,0.000,1.000,1.000,0.000,0.000,0.000
3002,Buendia,3237500,2017500,3950,Tagus,Tagus,Tagus,ES,1.000,911,21.800,32.500,58.700,76.100,92.700,114.300,130.400,146.500,167.800,1,1.000,0.000,1.000,1.000,0.500,0.667
3003,Alcantara,2872500,2007500,52150,Tagus,Tagus,Tagus,ES,1.000,531,588.800,792.900,1295.000,1627.500,1946.500,2359.300,2668.700,2976.900,3383.500,3,2.000,1.000,0.000,0.667,1.000,0.800
3004,Benageber,3367500,1922500,4200,Turia,Turia,Turia,ES,1.000,1,20.900,29.600,51.200,65.500,79.200,96.900,110.200,123.500,140.900,0,0.000,0.000,0.000,,,
3005,Tous,3402500,1842500,17675,Jucar,Jucar,Jucar,ES,1.000,51,22.700,36.000,68.700,90.300,111.100,138.000,158.100,178.200,204.700,1,0.000,1.000,0.000,0.000,,0.000
3006,Contreras,3332500,1897500,3425,Cabriel,Cabriel,Jucar,ES,2.000,61,7.000,8.900,13.600,16.700,19.700,23.500,26.400,29.300,33.100,3,0.000,3.000,0.000,0.000,,0.000
3007,Alarcon,3277500,1917500,2950,Jucar,Jucar,Jucar,ES,1.000,93,144.300,241.100,479.500,637.300,788.600,984.500,1131.300,1277.600,1470.600,1,0.000,1.000,0.000,0.000,,0.000
3008,Garcia de Sola,3007500,1917500,25875,Guadiana,Guadiana,Guadiana,ES,1.000,1111,45.200,92.900,210.200,287.900,362.500,458.900,531.200,603.200,698.200,0,0.000,0.000,0.000,,,
3010,Cijara,3027500,1932500,24825,Guadiana,Guadiana,Guadiana,ES,1.000,1111,45.200,117.200,294.300,411.600,524.200,669.800,778.900,887.700,1031.200,0,0.000,0.000,0.000,,,
3011,Serena,2992500,1892500,7375,Zujar,Zujar,Guadiana,ES,2.000,1011,84.800,142.200,283.600,377.200,467.000,583.200,670.300,757.000,871.500,0,0.000,0.000,0.000,,,
3012,Cuerda del Pozo,3272500,2172500,575,Douro,Douro,Douro,ES,1.000,19511,6.200,10.000,19.400,25.600,31.500,39.200,45.000,50.700,58.300,2,2.000,0.000,0.000,1.000,1.000,1.000
3013,Cernadilla,2967500,2247500,650,Esla,Tera,Douro,ES,3.000,14411,42.000,58.200,98.000,124.400,149.700,182.500,207.000,231.500,263.700,0,0.000,0.000,2.000,,0.000,0.000
3014,Aguilar de campoo,3157500,2297500,875,Pisuerga,Pisuerga,Douro,ES,2.000,18711,44.000,57.200,89.900,111.600,132.300,159.200,179.300,199.300,225.800,0,0.000,0.000,0.000,,,
3017,Santa Teresa,3007500,2092500,2225,Tormes,Tormes,Douro,ES,2.000,12111,110.800,187.300,375.700,500.400,620.000,774.900,890.900,1006.500,1159.000,4,3.000,1.000,0.000,0.750,1.000,0.857
3019,Riano,3092500,2327500,700,Esla,Esla,Douro,ES,1.000,14931,61.000,86.800,150.300,192.300,232.700,284.800,323.900,362.900,414.300,0,0.000,0.000,1.000,,0.000,0.000
3020,Ricobayo,2997500,2192500,16250,Esla,Esla,Douro,ES,1.000,14111,353.100,471.700,763.600,956.900,1142.200,1382.200,1562.000,1741.100,1977.500,0,0.000,0.000,0.000,,,
3021,45836_Brodarevo_Lim,5112500,2287500,2750,Sava,Lim,Danube,RS,,102431,229.600,281.000,407.400,491.100,571.400,675.300,753.200,830.800,933.200,0,0.000,0.000,2.000,,0.000,0.000
3022,45842_Priboj_Lim,5087500,2322500,3550,Sava,Lim,Danube,RS,,102431,253.800,310.500,450.100,542.500,631.100,745.900,831.800,917.500,1030.500,0,0.000,0.000,2.000,,0.000,0.000
3025,Brodské,4837500,2867500,9950,Morava,Morava,Danube,SK,,183111,263.200,328.800,490.300,597.200,699.700,832.400,931.900,1031.000,1161.700,0,0.000,0.000,0.000,,,
3030,Guadiana Menor - Úbeda,3157500,1742500,7025,Guadiana menor,Guadiana menor,Guadalquivir,ES,2.000,1211,4.500,7.000,13.100,17.100,21.000,26.000,29.800,33.500,38.500,0,0.000,0.000,0.000,,,
3031,Guadaira - Sevilla,2912500,1732500,1300,Guadiamar,Guadaira,Guadalquivir,ES,2.000,141,88.200,129.300,230.500,297.600,361.800,445.000,507.400,569.500,651.400,0,0.000,0.000,0.000,,,
3032,Genil - Puente Tocón,3082500,1682500,2850,Genil,Genil,Guadalquivir,ES,2.000,411,34.600,48.900,84.400,107.800,130.300,159.500,181.300,203.000,231.700,1,0.000,1.000,1.000,0.000,0.000,0.000
3034,Guadalquivir  - Santo Tomé,3172500,1762500,975,Guadalquivir,Guadalquivir,Guadalquivir,ES,1.000,1311,8.300,12.300,22.200,28.800,35.100,43.200,49.400,55.400,63.500,0,0.000,0.000,1.000,,0.000,0.000
3035,Genil - Puente Genil,3012500,1717500,6050,Genil,Genil,Guadalquivir,ES,2.000,411,61.400,91.500,165.800,215.000,262.100,323.200,368.900,414.500,474.700,0,0.000,0.000,0.000,,,
3036,Rivera de Huelva - Cala,2902500,1772500,1025,Guadiamar,Huelva,Guadalquivir,ES,2.000,161,33.900,54.700,105.900,139.800,172.300,214.400,245.900,277.300,318.700,0,0.000,0.000,0.000,,,
3037,Corbones - Carmona,2942500,1742500,1675,Corbones,Corbones,Guadalquivir,ES,2.000,361,24.900,40.200,77.900,102.800,126.700,157.700,180.900,204.000,234.500,0,0.000,0.000,0.000,,,
3041,Guadiamar - El Guijo,2887500,1747500,650,Guadiamar,Guadiamar,Guadalquivir,ES,2.000,121,39.900,50.900,78.200,96.200,113.500,135.900,152.700,169.400,191.500,0,0.000,0.000,0.000,,,
3042,Guadalquivir - Arroyo de María,3147500,1772500,2575,Guadalimar,Guadalimar,Guadalquivir,ES,2.000,1031,53.000,97.800,208.100,281.100,351.100,441.800,509.700,577.400,666.700,0,0.000,0.000,1.000,,0.000,0.000
3043,Guarrizas - Ruinas de Puente,3132500,1787500,700,Guadalen,Guarrizas,Guadalquivir,ES,4.000,1022,2.700,4.800,9.800,13.100,16.200,20.300,23.400,26.500,30.500,0,0.000,0.000,1.000,,0.000,0.000
3046,Rivera de Huesna - Villanueva del Río y Minas,2937500,1767500,525,Corbones,Huesna,Guadalquivir,ES,2.000,341,10.900,17.200,32.900,43.200,53.100,66.000,75.600,85.200,97.800,0,0.000,0.000,0.000,,,
3047,Rivera de Huelva - Zufre,2882500,1797500,600,Guadiamar,Huelva,Guadalquivir,ES,2.000,161,25.700,39.600,73.800,96.500,118.200,146.300,167.400,188.400,216.200,0,0.000,0.000,0.000,,,
3078,Guadalhorce - Cártama,3012500,1642500,2850,Guadalhorce,Guadalhorce,Guadalhorce,ES,1.000,1,146.100,223.000,412.200,537.500,657.600,813.100,929.700,1045.800,1199.000,0,0.000,0.000,0.000,,,
3079,Guadaldeo - Órgiva,3122500,1637500,550,Guadalfeo,Guadalfeo,Guadalfeo,ES,1.000,1,12.800,20.800,40.600,53.600,66.200,82.400,94.600,106.700,122.700,1,1.000,0.000,2.000,1.000,0.333,0.500
3081,Almanzora - Cantoria,3237500,1672500,1100,Almanzora,Almanzora,Almanzora,ES,1.000,1,23.400,41.300,85.300,114.400,142.300,178.400,205.500,232.500,268.100,0,0.000,0.000,1.000,,0.000,0.000
3083,Alamo - Benalup de Sidonia,2902500,1622500,675,Barbate,Alamo,Barbate,ES,1.000,1,43.800,66.000,120.400,156.500,191.100,235.800,269.400,302.800,346.900,1,0.000,1.000,0.000,0.000,,0.000
3086,Masies de Roda (Ter i Gurri),3677500,2132500,1225,Ter,Ter,Ter,ES,1.000,1,48.700,74.800,138.900,181.400,222.200,274.900,314.400,353.800,405.700,0,0.000,0.000,0.000,,,
3087,Sortida d'Embassament de Sau (Vilanova de Sau),3697500,2127500,1800,Ter,Ter,Ter,ES,1.000,1,51.100,84.100,165.300,219.100,270.700,337.500,387.500,437.400,503.100,0,0.000,0.000,0.000,,,
3093,Gunja,5017500,2457500,63075,Sava,Sava,Danube,HR,,103111,2932.600,3219.600,3925.900,4393.600,4842.100,5422.800,5857.900,6291.400,6863.300,0,0.000,0.000,0.000,,,
3094,Rannu-Jõesuu,5252500,4027500,3575,Emajogi,Emajogi,Narva,EE,2.000,2,143.700,169.500,233.200,275.400,315.800,368.100,407.400,446.400,498.000,0,0.000,0.000,0.000,,,
3095,Tartu,5287500,4037500,8075,Emajogi,Emajogi,Narva,EE,2.000,2,197.000,237.500,336.900,402.800,466.000,547.800,609.000,670.100,750.600,0,0.000,0.000,0.000,,,
3096,Vasknarva,5332500,4117500,49625,Narva,Narva,Narva,EE,1.000,1,699.100,788.800,1009.400,1155.400,1295.600,1476.900,1612.800,1748.200,1926.900,0,0.000,0.000,0.000,,,
3097,Oore,5182500,4022500,4825,Parnu,Parnu,Parnu,EE,1.000,1,203.700,239.300,326.700,384.700,440.200,512.100,566.000,619.700,690.500,0,0.000,0.000,0.000,,,
3098,Kasari,5127500,4037500,2675,Kasari,Kasari,Kasari,EE,1.000,1,118.500,136.600,181.200,210.700,239.000,275.700,303.200,330.600,366.700,0,0.000,0.000,0.000,,,
3099,La Moselle à Saint-Mard et à Tonnoy et à Velle-sur-Moselle,4042500,2832500,2025,Moselle,Moselle,Rhine,FR,,4571,399.400,460.300,610.200,709.500,804.700,928.000,1020.300,1112.400,1233.800,0,0.000,0.000,1.000,,0.000,0.000
3100,La Moselle à Toul,4017500,2847500,3325,Moselle,Moselle,Rhine,FR,,4571,452.700,516.400,673.400,777.300,876.900,1005.900,1102.600,1198.900,1326.000,0,0.000,0.000,1.000,,0.000,0.000
3101,La Meurthe à Laneuveville-devant-Nancy [la Madeleine],4047500,2842500,2800,Moselle,Meurthe,Rhine,FR,,4561,129.300,158.800,231.200,279.200,325.200,384.700,429.400,473.800,532.500,0,0.000,0.000,1.000,,0.000,0.000
3102,La Moselle à Custines,4037500,2862500,6950,Moselle,Moselle,Rhine,FR,,4551,595.300,684.000,902.400,1047.000,1185.600,1365.100,1499.600,1633.700,1810.500,0,0.000,0.000,1.000,,0.000,0.000
3103,La Seille à Nomeny,4042500,2872500,975,Moselle,Seille,Rhine,FR,,4541,49.100,61.700,92.800,113.400,133.200,158.700,177.900,196.900,222.100,0,0.000,0.000,1.000,,0.000,0.000
3104,La Seille à Metz,4037500,2887500,1175,Moselle,Seille,Rhine,FR,,4541,57.300,71.300,105.600,128.400,150.200,178.400,199.600,220.700,248.500,0,0.000,0.000,1.000,,0.000,0.000
3105,La Moselle à Hagondange et à Hauconcourt,4042500,2907500,9400,Moselle,Moselle,Rhine,FR,,4531,678.800,781.700,1035.200,1203.000,1363.900,1572.300,1728.400,1884.000,2089.200,0,0.000,0.000,1.000,,0.000,0.000
3106,L'Orne à Rosselange,4032500,2912500,1200,Moselle,Orne,Rhine,FR,,4521,98.400,118.700,168.600,201.600,233.300,274.300,305.000,335.600,376.000,2,1.000,1.000,0.000,0.500,1.000,0.667
3107,La Moselle à Uckange,4042500,2917500,10700,Moselle,Moselle,Rhine,FR,,4511,753.100,864.600,1139.000,1320.700,1495.000,1720.600,1889.600,2058.000,2280.300,0,0.000,0.000,1.000,,0.000,0.000
3108,La Sarre à Sarreguemines et à Sarreinsming,4107500,2892500,3700,Moselle,Saar,Rhine,FR,,4211,229.100,271.700,376.300,445.600,512.100,598.200,662.600,726.900,811.600,0,0.000,0.000,1.000,,0.000,0.000
3109,La Meuse à Domrémy-la-Pucelle,4002500,2822500,1500,Meuse,Meuse,Rhine,FR,,2791,143.800,168.300,228.700,268.600,306.900,356.500,393.600,430.700,479.500,0,0.000,0.000,0.000,,,
3110,La Meuse à Commercy,3997500,2862500,2400,Meuse,Meuse,Rhine,FR,,2791,198.600,234.100,321.400,379.200,434.600,506.400,560.200,613.700,684.400,0,0.000,0.000,0.000,,,
3111,La Meuse à Saint-Mihiel,3992500,2872500,2675,Meuse,Meuse,Rhine,FR,,2791,209.600,245.300,333.100,391.300,447.100,519.300,573.400,627.300,698.400,0,0.000,0.000,0.000,,,
3112,La Meuse à Stenay,3972500,2942500,3975,Meuse,Meuse,Rhine,FR,,2791,263.300,296.700,378.900,433.300,485.500,553.100,603.700,654.200,720.700,1,1.000,0.000,0.000,1.000,1.000,1.000
3113,L'Ouanne à Charny,3802500,2777500,625,Loing,Ouanne,Seine,FR,3.000,821,13.600,18.100,29.000,36.200,43.100,52.000,58.800,65.400,74.300,0,0.000,0.000,0.000,,,
3114,Le Loing à Châlette-sur-Loing [Gué de Lancy],3782500,2797500,2425,Loing,Loing,Seine,FR,2.000,811,46.400,59.900,92.900,114.800,135.800,162.900,183.300,203.600,230.300,1,0.000,1.000,0.000,0.000,,0.000
3115,Le Loing à Épisy,3777500,2827500,3550,Loing,Loing,Seine,FR,2.000,811,67.500,84.300,125.800,153.300,179.700,213.800,239.300,264.800,298.400,1,0.000,1.000,0.000,0.000,,0.000
3116,L'Essonne à la Ferté-Alais et à Guigneville-sur-Essonne,3757500,2847500,1100,"Seine, below Yonne",Essonne,Seine,FR,2.000,721,14.600,16.700,21.900,25.300,28.600,32.900,36.000,39.200,43.400,0,0.000,0.000,2.000,,0.000,0.000
3117,La Seine à Alfortville et à Villeneuve-Saint-Georges et à Vi,3762500,2882500,43400,"Seine, below Marne",Seine,Seine,FR,1.000,511,1046.700,1176.100,1494.500,1705.300,1907.600,2169.300,2365.500,2560.900,2818.800,0,0.000,0.000,1.000,,0.000,0.000
3118,La Seine à Paris,3762500,2877500,30725,"Seine, below Yonne",Seine,Seine,FR,1.000,711,709.000,793.600,1002.000,1140.000,1272.300,1443.600,1571.900,1699.800,1868.600,0,0.000,0.000,2.000,,0.000,0.000
3120,La Seine à Plaines-Saint-Lange,3907500,2782500,775,"Seine, headwaters",Seine,Seine,FR,1.000,1133,26.100,29.400,37.400,42.700,47.800,54.300,59.300,64.200,70.700,0,0.000,0.000,0.000,,,
3121,L'Ource à Autricourt,3917500,2777500,575,"Seine, headwaters",Ource,Seine,FR,2.000,1132,19.200,21.600,27.500,31.400,35.100,39.900,43.500,47.100,51.800,0,0.000,0.000,0.000,,,
3122,La Seine à Bar-sur-Seine,3902500,2792500,2325,"Seine, headwaters",Seine,Seine,FR,1.000,1131,73.700,83.300,106.800,122.400,137.400,156.700,171.200,185.700,204.800,0,0.000,0.000,0.000,,,
3123,La Seine à Courtenot,3897500,2797500,2600,"Seine, headwaters",Seine,Seine,FR,1.000,1131,79.800,90.400,116.400,133.600,150.100,171.500,187.500,203.500,224.500,0,0.000,0.000,0.000,,,
3124,L'Aube à Bar-sur-Aube,3927500,2802500,1300,"Seine, headwaters",Aube,Seine,FR,2.000,1121,28.800,33.700,45.800,53.800,61.500,71.400,78.900,86.300,96.100,0,0.000,0.000,0.000,,,
3125,L'Aube à Arcis-sur-Aube,3887500,2842500,3575,"Seine, headwaters",Aube,Seine,FR,2.000,1121,73.200,81.500,101.900,115.500,128.500,145.300,157.900,170.400,187.000,0,0.000,0.000,0.000,,,
3127,Le Serein à Dissangis,3867500,2737500,675,Yonne,Serein,Seine,FR,3.000,1041,25.100,28.200,35.600,40.600,45.300,51.500,56.100,60.700,66.700,1,0.000,1.000,0.000,0.000,,0.000
3129,L'Armançon à Aisy-sur-Armançon [aval],3887500,2747500,1425,Yonne,Armancon,Seine,FR,3.000,1021,101.200,119.400,164.400,194.100,222.600,259.600,287.300,314.800,351.200,0,0.000,0.000,0.000,,,
3130,L'Armançon à Brienon-sur-Armançon,3847500,2782500,2900,Yonne,Armancon,Seine,FR,3.000,1021,136.600,157.600,209.000,243.100,275.800,318.100,349.800,381.400,423.100,0,0.000,0.000,0.000,,,
3131,L'Epte à Fourges,3712500,2922500,1450,"Seine, below Oise",Epte,Seine,FR,2.000,321,21.500,26.500,38.900,47.100,54.900,65.100,72.700,80.300,90.300,1,0.000,1.000,1.000,0.000,0.000,0.000
3133,L'Eure à Charpont,3692500,2877500,2000,Eure,Eure,Seine,FR,2.000,251,20.600,24.200,33.000,38.800,44.400,51.600,57.100,62.500,69.600,1,0.000,1.000,0.000,0.000,,0.000
3135,L'Avre à Muzy,3682500,2887500,875,Eure,Avre,Seine,FR,3.000,241,8.200,10.400,15.900,19.600,23.100,27.600,31.000,34.400,38.800,0,0.000,0.000,0.000,,,
3136,L'Eure à Cailly-sur-Eure,3682500,2927500,4500,Eure,Eure,Seine,FR,2.000,231,42.100,50.500,71.300,85.000,98.200,115.300,128.100,140.800,157.700,0,0.000,0.000,0.000,,,
3137,L'Iton à Normanville,3677500,2922500,1125,Eure,Iton,Seine,FR,3.000,221,11.900,14.400,20.700,24.800,28.800,33.900,37.800,41.600,46.700,0,0.000,0.000,0.000,,,
3138,L'Eure à Louviers,3677500,2937500,5875,Eure,Eure,Seine,FR,2.000,211,55.600,66.800,94.100,112.200,129.600,152.000,168.900,185.700,207.800,0,0.000,0.000,0.000,,,
3140,Le Rognon à Doulaincourt-Saucourt,3967500,2812500,600,Marne,Rognon,Seine,FR,3.000,632,30.200,33.300,40.800,45.800,50.500,56.700,61.400,66.000,72.100,0,0.000,0.000,0.000,,,
3141,La Saulx à Mognéville,3957500,2862500,500,Marne,Saulx,Seine,FR,3.000,623,17.400,19.500,24.800,28.200,31.500,35.800,39.100,42.300,46.500,1,1.000,0.000,1.000,1.000,0.500,0.667
3142,L'Ornain à Tronville-en-Barrois,3972500,2857500,700,Marne,Ornain,Seine,FR,4.000,622,25.900,28.700,35.400,39.900,44.200,49.800,54.000,58.100,63.600,0,0.000,0.000,2.000,,0.000,0.000
3143,La Saulx à Vitry-en-Perthois,3927500,2862500,2050,Marne,Saulx,Seine,FR,3.000,621,71.100,79.300,99.600,113.000,125.900,142.600,155.100,167.600,184.000,1,0.000,1.000,1.000,0.000,0.000,0.000
3144,La Marne à Châlons-en-Champagne,3907500,2887500,6250,Marne,Marne,Seine,FR,2.000,611,241.900,266.800,328.200,368.900,407.800,458.300,496.100,533.800,583.500,1,0.000,1.000,1.000,0.000,0.000,0.000
3145,L'Aire à Chevières,3952500,2927500,1025,Oise,Aire,Seine,FR,3.000,441,54.200,60.900,77.400,88.400,98.900,112.500,122.600,132.800,146.200,1,0.000,1.000,2.000,0.000,0.000,0.000
3146,L'Aisne à Mouron,3942500,2922500,2425,Oise,Aisne,Seine,FR,2.000,441,115.100,129.800,166.000,190.000,213.100,242.900,265.200,287.400,316.800,1,0.000,1.000,2.000,0.000,0.000,0.000
3147,L'Aisne à Givry,3922500,2947500,3075,Oise,Aisne,Seine,FR,2.000,441,144.600,164.400,213.200,245.500,276.500,316.600,346.600,376.600,416.100,1,0.000,1.000,1.000,0.000,0.000,0.000
3148,L'Oise à Origny-Sainte-Benoite,3852500,2992500,1200,Oise,Oise,Seine,FR,2.000,433,38.400,43.200,55.100,63.000,70.500,80.300,87.600,94.900,104.600,0,0.000,0.000,2.000,,0.000,0.000
3149,La Serre à Pont-à-Bucy,3852500,2972500,1625,Oise,Seine,Seine,FR,1.000,432,40.500,47.400,64.500,75.900,86.700,100.800,111.300,121.800,135.700,0,0.000,0.000,1.000,,0.000,0.000
3150,L'Oise à Sempigny,3817500,2962500,4200,Oise,Oise,Seine,FR,2.000,431,97.800,113.800,153.100,179.100,204.000,236.300,260.500,284.600,316.400,0,0.000,0.000,1.000,,0.000,0.000
3151,L'Orne à May-sur-Orne,3567500,2942500,2525,Orne,Orne,Orne,FR,1.000,1,116.200,128.800,159.900,180.500,200.200,225.700,244.900,263.900,289.100,1,0.000,1.000,0.000,0.000,,0.000
3152,L'Aulne à Châteauneuf-du-Faou,3297500,2877500,1200,Aulne,Aulne,Aulne,FR,1.000,1,91.600,104.900,137.600,159.200,180.000,206.900,227.000,247.100,273.600,1,1.000,0.000,0.000,1.000,1.000,1.000
3153,La Vilaine à Guichen,3447500,2832500,3175,Vilaine,Vilaine,Vilaine,FR,1.000,1,171.800,196.900,258.700,299.600,338.900,389.700,427.700,465.700,515.700,0,0.000,0.000,0.000,,,
3154,La Loire à Bas-en-Basset,3857500,2482500,3325,Loire,Loire,Loire,FR,,9511,344.300,491.000,852.100,1091.200,1320.500,1617.300,1839.800,2061.400,2353.800,1,1.000,0.000,1.000,1.000,0.500,0.667
3155,La Loire à Digoin,3862500,2612500,9400,Loire,Loire,Loire,FR,,9511,554.800,748.500,1225.300,1541.000,1843.800,2235.700,2529.400,2822.000,3208.100,1,1.000,0.000,0.000,1.000,1.000,1.000
3156,L'Arroux à Étang-sur-Arroux,3877500,2652500,1925,Loire,Arroux,Loire,FR,,9411,153.700,184.200,259.200,308.800,356.400,418.100,464.200,510.300,571.000,0,0.000,0.000,0.000,,,
3157,L'Arroux à Rigny-sur-Arroux,3867500,2627500,2275,Arroux,Arroux,Loire,FR,,9411,178.100,211.500,293.500,347.800,399.900,467.300,517.800,568.200,634.600,0,0.000,0.000,0.000,,,
3158,L'Arroux à Digoin,3862500,2617500,3125,Arroux,Arroux,Loire,FR,,9411,219.800,262.200,366.600,435.700,502.000,587.800,652.100,716.200,800.700,0,0.000,0.000,0.000,,,
3159,La Loire à Gilly-sur-Loire,3842500,2622500,13950,Loire,Loire,Loire,FR,,9311,741.700,950.100,1463.100,1802.800,2128.500,2550.200,2866.300,3181.100,3596.500,1,0.000,1.000,0.000,0.000,,0.000
3160,L'Aron à Verneuil,3832500,2657500,1525,Aron,Aron,Loire,FR,,9211,65.300,73.600,94.200,107.800,120.800,137.700,150.400,163.000,179.600,1,1.000,0.000,0.000,1.000,1.000,1.000
3161,La Loire à Nevers,3802500,2677500,18275,Loire,Loire,Loire,FR,,9111,853.200,1051.100,1538.300,1860.800,2170.200,2570.700,2870.800,3169.800,3564.300,0,0.000,0.000,0.000,,,
3162,L'Alagnon à Lempdes-sur-Allagnon,3792500,2497500,1100,Allier,Alagnon,Loire,FR,,8611,96.200,123.100,189.200,232.900,274.900,329.200,369.900,410.500,464.000,1,0.000,1.000,0.000,0.000,,0.000
3163,L'Allier à Coudes,3792500,2522500,5350,Allier,Allier,Loire,FR,,8511,344.700,442.700,683.800,843.500,996.600,1194.900,1343.400,1491.400,1686.700,1,0.000,1.000,0.000,0.000,,0.000
3164,L'Allier à Limons,3812500,2562500,7100,Allier,Allier,Loire,FR,,8511,363.500,459.700,696.300,853.000,1003.300,1197.800,1343.600,1488.800,1680.400,1,0.000,1.000,0.000,0.000,,0.000
3165,L'Allier à Saint-Yorre,3817500,2572500,8950,Allier,Allier,Loire,FR,,8311,422.400,531.300,799.300,976.800,1147.100,1367.400,1532.500,1697.100,1914.100,1,0.000,1.000,0.000,0.000,,0.000
3167,L'Allier à Châtel-de-Neuvre,3807500,2612500,12825,Allier,Allier,Loire,FR,,8111,530.600,650.400,945.200,1140.400,1327.600,1569.900,1751.500,1932.400,2171.200,2,0.000,2.000,0.000,0.000,,0.000
3168,L'Allier à Moulins,3807500,2627500,13100,Allier,Allier,Loire,FR,,8111,529.400,647.700,938.700,1131.400,1316.200,1555.500,1734.800,1913.400,2149.100,2,0.000,2.000,0.000,0.000,,0.000
3169,L'Allier à Cuffy,3792500,2667500,14300,Allier,Allier,Loire,FR,,8111,543.300,658.800,943.100,1131.300,1311.800,1545.500,1720.600,1895.000,2125.200,2,0.000,2.000,0.000,0.000,,0.000
3170,La Loire à Cours-les-Barres,3792500,2682500,32800,Loire,Loire,Loire,FR,,7111,1285.100,1557.200,2227.000,2670.400,3095.800,3646.400,4058.900,4470.000,5012.400,0,0.000,0.000,0.000,,,
3171,La Loire à Saint-Martin-sur-Ocre et à Gien,3767500,2757500,35900,Loire,Loire,Loire,FR,,7111,1312.100,1565.800,2190.200,2603.700,3000.300,3513.600,3898.300,4281.500,4787.200,0,0.000,0.000,0.000,,,
3172,La Loire à Orléans,3717500,2787500,37250,Loire,Loire,Loire,FR,,7111,1299.500,1539.000,2128.300,2518.400,2892.600,3377.000,3740.000,4101.700,4578.900,0,0.000,0.000,0.000,,,
3173,La Loire à Blois,3672500,2757500,38375,Loire,Loire,Loire,FR,,7111,1300.300,1531.500,2100.300,2476.900,2838.200,3305.800,3656.200,4005.300,4466.000,0,0.000,0.000,0.000,,,
3174,Le Cher à Saint-Amand-Montrond,3747500,2652500,3900,Cher,Cher,Loire,FR,,6511,82.200,92.000,116.300,132.400,147.800,167.700,182.700,197.600,217.200,0,0.000,0.000,0.000,,,
3175,L'Yèvre à Savigny-en-Septaine,3757500,2687500,550,Cher,Yevre,Loire,FR,,6411,13.900,15.800,20.300,23.300,26.200,29.900,32.700,35.400,39.100,1,0.000,1.000,0.000,0.000,,0.000
3176,Le Cher à Selles-sur-Cher,3692500,2717500,9275,Cher,Cher,Loire,FR,,6311,194.100,216.800,272.700,309.800,345.300,391.200,425.700,460.000,505.300,0,0.000,0.000,0.000,,,
3177,Le Cher à Châtillon-sur-Cher,3677500,2722500,12800,Cher,Cher,Loire,FR,,6111,271.800,309.200,401.100,462.000,520.400,596.000,652.600,709.100,783.500,0,0.000,0.000,0.000,,,
3178,Le Cher à Tours,3617500,2737500,13650,Cher,Cher,Loire,FR,,6111,277.700,317.400,415.300,480.100,542.200,622.700,683.000,743.000,822.300,0,0.000,0.000,0.000,,,
3179,La Loire à Langeais,3597500,2737500,56675,Loire,Loire,Loire,FR,,5311,1542.900,1764.300,2309.100,2669.800,3015.800,3463.600,3799.200,4133.600,4574.700,0,0.000,0.000,1.000,,0.000,0.000
3180,L'Indre à Saint-Cyran-du-Jambot,3647500,2697500,1775,Loire,Indre,Loire,FR,,5211,42.300,48.000,61.900,71.100,80.000,91.400,100.000,108.600,119.900,0,0.000,0.000,0.000,,,
3181,Le Clain à Poitiers,3582500,2657500,2450,Vienne,Clain,Loire,FR,,4411,75.600,92.400,133.600,160.900,187.100,220.900,246.300,271.600,305.000,0,0.000,0.000,0.000,,,
3182,La Vienne à Ingrandes,3602500,2687500,10250,Vienne,Vienne,Loire,FR,,4311,531.400,589.700,733.400,828.500,919.700,1037.700,1126.200,1214.300,1330.600,0,0.000,0.000,0.000,,,
3183,La Creuse à Ciron [Scoury],3652500,2652500,3500,Vienne,Creuse,Loire,FR,,4231,176.600,221.200,330.900,403.500,473.200,563.400,631.000,698.300,787.100,0,0.000,0.000,0.000,,,
3184,La Gartempe à Montmorillon,3622500,2632500,1825,Vienne,Gartempe,Loire,FR,,4223,114.400,131.400,173.200,200.900,227.400,261.800,287.500,313.200,347.000,1,0.000,1.000,0.000,0.000,,0.000
3185,L'Anglin à Mérigny,3627500,2657500,1625,Vienne,Anglin,Loire,FR,,4222,130.100,150.700,201.500,235.100,267.300,309.000,340.300,371.400,412.500,1,0.000,1.000,0.000,0.000,,0.000
3186,La Creuse à Leugny,3617500,2682500,7950,Vienne,Creuse,Loire,FR,,4211,414.400,490.100,676.300,799.700,918.000,1071.100,1185.900,1300.200,1451.000,1,0.000,1.000,0.000,0.000,,0.000
3187,La Vienne à Nouâtre et à Pouzay,3602500,2707500,20075,Vienne,Vienne,Loire,FR,,4111,939.800,1073.000,1401.100,1618.200,1826.500,2096.200,2298.200,2499.500,2765.200,1,0.000,1.000,0.000,0.000,,0.000
3188,La Loire à Montsoreau et à Saumur,3562500,2732500,81450,Loire,Loire,Loire,FR,,3311,2212.900,2473.700,3115.700,3540.800,3948.500,4476.200,4871.700,5265.800,5785.600,0,0.000,0.000,2.000,,0.000,0.000
3189,Le Thouet à Missé [Missé],3547500,2702500,1150,Thouet,Thouet,Loire,FR,,3211,35.800,43.800,63.500,76.600,89.100,105.400,117.500,129.600,145.600,1,0.000,1.000,0.000,0.000,,0.000
3190,La Sarthe à Neuville-sur-Sarthe et à Souillé [Montreuil],3592500,2827500,2675,Maine,Sarthe,Loire,FR,,2451,133.800,150.900,193.000,220.800,247.500,282.100,308.000,333.900,367.900,1,1.000,0.000,0.000,1.000,1.000,1.000
3191,L'Huisne à Nogent-le-Rotrou [Pont de bois],3642500,2842500,950,Maine,Huisne,Loire,FR,,2441,41.600,53.600,83.300,102.900,121.700,146.000,164.200,182.400,206.400,2,1.000,1.000,0.000,0.500,1.000,0.667
3192,L'Huisne à Montfort-le-Gesnois [La Pécardière],3607500,2817500,1925,Maine,Huisne,Loire,FR,,2441,87.900,105.400,148.400,176.900,204.200,239.600,266.100,292.500,327.400,2,1.000,1.000,0.000,0.500,1.000,0.667
3193,La Sarthe à Spay [Ecluse de Prélandon],3587500,2802500,5525,Maine,Sarthe,Loire,FR,,2431,253.100,282.300,354.300,402.000,447.700,506.900,551.300,595.500,653.800,1,1.000,0.000,0.000,1.000,1.000,1.000
3194,La Sarthe à Saint-Denis-d'Anjou [Beffes],3547500,2797500,7450,Maine,Sarthe,Loire,FR,,2431,318.800,357.700,453.200,516.500,577.200,655.800,714.700,773.300,850.700,1,1.000,0.000,0.000,1.000,1.000,1.000
3195,Le Loir à Saint-Maur-sur-le-Loir,3682500,2822500,1150,Maine,Loir,Loire,FR,,2400,11.700,14.400,21.100,25.600,29.800,35.300,39.500,43.600,49.000,2,2.000,0.000,0.000,1.000,1.000,1.000
3196,Le Loir à Flée [Port-Gautier],3607500,2777500,6575,Maine,Loir,Loire,FR,,2421,105.400,125.700,175.800,209.000,240.800,282.000,312.800,343.600,384.100,0,0.000,0.000,2.000,,0.000,0.000
3197,Le Loir à Durtal,3552500,2782500,8100,Maine,Loir,Loire,FR,,2421,149.300,178.600,250.700,298.500,344.200,403.500,447.900,492.200,550.600,0,0.000,0.000,1.000,,0.000,0.000
3198,La Mayenne à Saint-Fraimbault-de-Prières,3537500,2862500,1950,Maine,Mayenne,Loire,FR,,2431,138.100,157.500,205.300,236.900,267.300,306.500,336.000,365.300,404.000,1,1.000,0.000,0.000,1.000,1.000,1.000
3199,La Mayenne à l'Huisserie [Bonne],3522500,2822500,3675,Maine,Mayenne,Loire,FR,,2431,252.300,285.200,366.200,419.800,471.200,537.800,587.700,637.300,702.900,1,1.000,0.000,0.000,1.000,1.000,1.000
3200,L'Oudon à Châtelais [Marcillé],3502500,2802500,750,Maine,Oudon,Loire,FR,,2421,24.100,27.900,37.400,43.600,49.600,57.300,63.100,68.900,76.500,1,0.000,1.000,0.000,0.000,,0.000
3201,L'Oudon à Segré [écluse de Maingué],3512500,2787500,1475,Maine,Oudon,Loire,FR,,2421,43.500,50.900,69.000,81.000,92.500,107.400,118.500,129.700,144.300,1,1.000,0.000,0.000,1.000,1.000,1.000
3202,La Loire à Chalonnes-sur-Loire et à Ingrandes et à Montjean-,3502500,2757500,110750,Loire,Loire,Loire,FR,,1511,2818.900,3110.600,3828.300,4303.500,4759.400,5349.400,5791.500,6232.100,6813.300,0,0.000,0.000,1.000,,0.000,0.000
3203,La Sèvre Nantaise à Clisson,3467500,2727500,1400,La Sevre,Sevre,Loire,FR,,1431,118.600,139.000,189.400,222.700,254.700,296.100,327.100,358.000,398.800,1,1.000,0.000,0.000,1.000,1.000,1.000
3204,La Maine à Remouillé,3462500,2727500,625,La Sevre,Maine,Loire,FR,,1421,61.600,74.900,107.600,129.300,150.100,177.000,197.200,217.200,243.700,1,1.000,0.000,0.000,1.000,1.000,1.000
3205,La Garonne à Arlos et à Saint-Béat,3562500,2247500,700,"Garonne, headwaters",Garonne,Garonne,FR,1.000,571,54.600,67.000,97.500,117.700,137.100,162.200,181.000,199.700,224.500,0,0.000,0.000,1.000,,0.000,0.000
3206,Le Salat à Roquefort-sur-Garonne,3587500,2272500,4425,Salat,Salat,Garonne,FR,2.000,551,444.600,519.600,704.100,826.300,943.500,1095.200,1208.900,1322.200,1471.600,1,1.000,0.000,1.000,1.000,0.500,0.667
3207,La Garonne à Portet-sur-Garonne,3627500,2307500,10000,"Garonne, below Ariege",Garonne,Garonne,FR,1.000,531,849.500,1019.300,1437.200,1713.900,1979.300,2322.800,2580.300,2836.700,3175.100,1,1.000,0.000,1.000,1.000,0.500,0.667
3208,Le Tarn à Millau,3767500,2357500,2100,Tarn,Tarn,Garonne,FR,2.000,431,490.400,612.400,912.700,1111.600,1302.300,1549.100,1734.100,1918.500,2161.600,0,0.000,0.000,0.000,,,
3209,L'Aveyron à Laguépie [1],3677500,2377500,1575,Tarn,Aveyron,Garonne,FR,3.000,421,68.900,83.900,120.900,145.400,168.900,199.300,222.000,244.700,274.700,0,0.000,0.000,1.000,,0.000,0.000
3210,L'Aveyron à Montauban [Loubéjac],3627500,2372500,5300,Tarn,Aveyron,Garonne,FR,3.000,421,166.100,191.000,252.300,292.800,331.700,382.100,419.800,457.400,507.000,1,1.000,0.000,0.000,1.000,1.000,1.000
3211,La Garonne à Lamagistère,3587500,2377500,32325,"Garonne, below Tarn",Garonne,Garonne,FR,1.000,351,1948.100,2293.400,3143.000,3705.500,4245.000,4943.400,5466.800,5988.200,6676.200,1,1.000,0.000,1.000,1.000,0.500,0.667
3212,Le Célé à Orniac [Les Amis du Célé],3667500,2417500,1175,Lot,Cele,Garonne,FR,3.000,221,156.700,180.500,239.000,277.800,315.000,363.200,399.200,435.200,482.600,2,0.000,2.000,0.000,0.000,,0.000
3213,La Dordogne à Lanzac et à Souillac,3647500,2457500,8250,"Dordogne, headwaters",Dordogne,Dordogne,FR,1.000,5,498.100,579.900,781.400,914.800,1042.800,1208.400,1332.500,1456.200,1619.300,2,1.000,1.000,1.000,0.500,0.500,0.500
3214,La Dordogne à Cénac-et-Saint-Julien,3632500,2452500,8550,"Dordogne, headwaters",Dordogne,Dordogne,FR,1.000,5,511.800,594.700,798.700,933.800,1063.400,1231.100,1356.800,1482.000,1647.200,2,1.000,1.000,0.000,0.500,1.000,0.667
3215,La Vézère à Larche,3647500,2482500,2525,Vezere,Vezere,Dordogne,FR,2.000,4,264.900,307.700,413.100,482.900,549.800,636.500,701.400,766.100,851.500,1,0.000,1.000,0.000,0.000,,0.000
3216,La Vézère à Campagne,3607500,2462500,3675,Vezere,Vezere,Dordogne,FR,2.000,4,333.100,384.800,512.000,596.200,677.000,781.600,860.000,938.100,1041.100,0,0.000,0.000,0.000,,,
3217,L'Isle à Périgueux,3592500,2497500,2150,Isle,Isle,Dordogne,FR,2.000,2,148.700,167.900,215.300,246.600,276.700,315.600,344.800,373.800,412.200,1,1.000,0.000,0.000,1.000,1.000,1.000
3218,L'Isle à Abzac,3522500,2487500,3825,Isle,Isle,Dordogne,FR,2.000,2,219.300,252.200,333.200,386.800,438.300,504.800,554.700,604.400,670.000,1,1.000,0.000,0.000,1.000,1.000,1.000
3219,Le Luy à Saint-Pandelon,3432500,2352500,1050,Adour,Luy,Adour,FR,2.000,32,90.600,103.200,134.400,155.000,174.800,200.400,219.600,238.700,263.900,1,1.000,0.000,0.000,1.000,1.000,1.000
3220,Le Gave d'Oloron à Oloron-Sainte-Marie [Pont SNCF],3457500,2292500,1300,Les Gaves Runis,Gave d'Oloron,Adour,FR,2.000,23,250.700,294.700,402.800,474.400,543.100,632.000,698.600,765.000,852.500,1,1.000,0.000,1.000,1.000,0.500,0.667
3221,Le Gave d'Oloron à Escos,3432500,2322500,2600,Les Gaves Runis,Gave d'Oloron,Adour,FR,2.000,23,484.500,577.200,805.400,956.400,1101.400,1288.900,1429.500,1569.500,1754.300,2,2.000,0.000,0.000,1.000,1.000,1.000
3223,La Saône à Cendrecourt,4017500,2757500,1225,Saone,Saone,Rhone,FR,2.000,675,122.700,143.300,194.000,227.700,259.900,301.600,332.900,364.100,405.200,0,0.000,0.000,1.000,,0.000,0.000
3224,La Lanterne à Fleurey-lès-Faverney,4027500,2742500,1000,Saone,Lanterne,Rhone,FR,3.000,674,127.200,145.000,188.700,217.600,245.400,281.300,308.300,335.100,370.500,0,0.000,0.000,1.000,,0.000,0.000
3225,La Saône à Ray-sur-Saône,4012500,2727500,3775,Saone,Saone,Rhone,FR,2.000,673,375.700,428.200,557.500,643.200,725.300,831.600,911.300,990.700,1095.400,0,0.000,0.000,1.000,,0.000,0.000
3226,L'Ognon à Chassey-lès-Montbozon [Bonnal],4047500,2717500,850,Saone,Ognon,Rhone,FR,3.000,661,78.900,89.900,116.700,134.500,151.600,173.700,190.200,206.700,228.500,1,1.000,0.000,2.000,1.000,0.333,0.500
3227,L'Ognon à Beaumotte-Aubertans,4032500,2707500,1250,Saone,Ognon,Rhone,FR,3.000,661,112.000,127.700,166.200,191.700,216.200,247.800,271.500,295.200,326.400,0,0.000,0.000,2.000,,0.000,0.000
3228,L'Ognon à Pesmes,3987500,2692500,2000,Saone,Ognon,Rhone,FR,3.000,661,170.300,193.600,250.800,288.700,325.100,372.100,407.400,442.500,488.900,0,0.000,0.000,1.000,,0.000,0.000
3229,La Saône à Auxonne,3972500,2687500,8825,Saone,Saone,Rhone,FR,2.000,655,652.800,743.500,966.900,1114.800,1256.600,1440.300,1577.800,1714.900,1895.800,0,0.000,0.000,1.000,,0.000,0.000
3230,La Tille à Cessey-sur-Tille,3957500,2697500,1100,Saone,Tille,Rhone,FR,3.000,654,59.900,67.700,86.900,99.600,111.800,127.500,139.400,151.200,166.700,0,0.000,0.000,0.000,,,
3232,L'Ouche à Sainte-Marie-sur-Ouche [Pont de Pany],3927500,2702500,525,Saone,Ouche,Rhone,FR,3.000,652,31.100,36.100,48.500,56.700,64.600,74.800,82.500,90.100,100.100,0,0.000,0.000,0.000,,,
3233,La Saône à Pagny-la-Ville [Lechatelet],3957500,2672500,11650,Saone,Saone,Rhone,FR,2.000,651,770.800,877.000,1138.500,1311.600,1477.600,1692.500,1853.500,2014.000,2225.700,0,0.000,0.000,1.000,,0.000,0.000
3235,Le Doubs à Goumois,4092500,2687500,1200,Saone,Doubs,Rhone,FR,3.000,647,169.700,193.700,252.800,292.000,329.500,378.100,414.500,450.800,498.700,0,0.000,0.000,0.000,,,
3236,Le Doubs à Glère [Courclavon],4097500,2697500,1350,Saone,Doubs,Rhone,FR,3.000,647,177.800,204.200,269.200,312.300,353.600,407.100,447.100,487.000,539.700,0,0.000,0.000,0.000,,,
3237,Le Dessoubre à Saint-Hippolyte,4077500,2687500,550,Saone,Dessoubre,Rhone,FR,4.000,646,83.400,94.600,122.200,140.500,158.100,180.800,197.800,214.800,237.100,1,0.000,1.000,1.000,0.000,0.000,0.000
3238,Le Doubs à Mathay,4077500,2707500,2275,Saone,Doubs,Rhone,FR,3.000,645,269.300,307.700,402.100,464.600,524.500,602.100,660.300,718.200,794.600,0,0.000,0.000,1.000,,0.000,0.000
3239,L'Allan à Courcelles-lès-Montbéliard,4077500,2717500,1075,Saone,Allaine,Rhone,FR,4.000,644,151.900,181.000,252.500,299.800,345.200,404.000,448.000,491.900,549.800,0,0.000,0.000,0.000,,,
3240,Le Doubs à Voujeaucourt,4072500,2712500,3600,Saone,Doubs,Rhone,FR,3.000,643,405.500,472.300,636.500,745.200,849.500,984.500,1085.700,1186.500,1319.400,0,0.000,0.000,1.000,,0.000,0.000
3241,Le Doubs à Besançon,4022500,2687500,4675,Saone,Doubs,Rhone,FR,3.000,643,498.700,577.700,772.000,900.600,1024.100,1183.800,1303.500,1422.700,1580.100,0,0.000,0.000,1.000,,0.000,0.000
3242,Le Doubs à Rochefort-sur-Nenon,3982500,2677500,5225,Saone,Doubs,Rhone,FR,3.000,643,532.000,615.400,820.600,956.500,1086.800,1255.500,1381.900,1507.800,1674.000,0,0.000,0.000,1.000,,0.000,0.000
3243,La Loue à Chenecey-Buillon,4012500,2677500,1100,Saone,Loue,Rhone,FR,4.000,642,206.400,236.200,309.500,358.000,404.600,464.800,510.000,555.000,614.300,0,0.000,0.000,2.000,,0.000,0.000
3244,La Loue à Champagne-sur-Loue,4002500,2667500,1350,Saone,Loue,Rhone,FR,4.000,642,242.400,277.400,363.600,420.600,475.300,546.200,599.300,652.100,721.900,1,1.000,0.000,1.000,1.000,0.500,0.667
3245,Le Doubs à Neublans-Abergement,3967500,2657500,7475,Saone,Doubs,Rhone,FR,3.000,641,799.500,914.100,1196.000,1382.700,1561.800,1793.600,1967.300,2140.300,2368.600,0,0.000,0.000,2.000,,0.000,0.000
3246,La Dheune à Palleau,3942500,2662500,1000,Saone,Dheune,Rhone,FR,3.000,632,25.800,31.800,46.600,56.400,65.700,77.900,86.900,96.000,107.900,0,0.000,0.000,0.000,,,
3247,La Saône à Chalon-sur-Saône [port fluvial],3927500,2642500,21400,Saone,Saone,Rhone,FR,2.000,631,1511.400,1710.800,2201.600,2526.600,2838.300,3241.800,3544.200,3845.400,4242.900,0,0.000,0.000,1.000,,0.000,0.000
3248,La Saône à Tournus,3932500,2617500,23100,Saone,Saone,Rhone,FR,2.000,631,1541.000,1743.600,2242.200,2572.300,2889.000,3298.800,3606.000,3912.000,4315.700,0,0.000,0.000,1.000,,0.000,0.000
3249,La Seille à Saint-Usuge,3957500,2632500,900,Saone,Seille,Rhone,FR,3.000,621,114.100,134.700,185.500,219.200,251.400,293.200,324.500,355.700,396.800,1,0.000,1.000,0.000,0.000,,0.000
3250,La Bourbre à Tignieu-Jameyzieu,3942500,2522500,725,"Rhone, headwaters",Bourbre,Rhone,FR,2.000,921,115.000,142.100,208.800,253.000,295.400,350.200,391.300,432.300,486.300,2,0.000,2.000,0.000,0.000,,0.000
3251,La Bienne à Jeurre,3992500,2592500,575,Ain,Bienne,Rhone,FR,3.000,821,190.600,216.000,278.600,320.000,359.700,411.100,449.600,488.000,538.700,1,0.000,1.000,2.000,0.000,0.000,0.000
3252,L'Ardèche à Saint-Martin-d'Ardèche [Sauze-Saint-Martin],3872500,2377500,2225,Rhone,Ardeche,Rhone,FR,2.000,321,598.700,766.100,1178.200,1451.100,1712.800,2051.600,2305.400,2558.400,2892.100,1,1.000,0.000,1.000,1.000,0.500,0.667
3253,Le Rhône à Tarascon,3887500,2307500,95975,Rhone,Rhone,Rhone,FR,1.000,111,4788.500,5548.700,7419.600,8658.300,9846.400,11384.400,12536.900,13685.200,15200.100,1,1.000,0.000,0.000,1.000,1.000,1.000
3254,L'Agly à Estagel [Mas de Jau],3727500,2212500,975,Agly,Agly,Agly,FR,1.000,1,75.600,138.200,292.300,394.300,492.100,618.700,713.600,808.200,932.900,0,0.000,0.000,0.000,,,
3255,L'Aude à Carcassonne,3697500,2262500,1825,Aude,Aude,Aude,FR,1.000,1,48.600,70.700,125.000,161.000,195.600,240.200,273.700,307.100,351.100,0,0.000,0.000,0.000,,,
3256,L'Aude à Moussan [Moussoulens - écluse],3747500,2262500,4900,Aude,Aude,Aude,FR,1.000,1,452.900,674.200,1218.600,1579.100,1924.900,2372.500,2707.900,3042.100,3483.000,0,0.000,0.000,0.000,,,
3257,L'Hérault à Agde,3787500,2272500,2625,Herault,Herault,Herault,FR,1.000,1,626.900,789.800,1190.700,1456.200,1710.800,2040.300,2287.300,2533.400,2858.000,0,0.000,0.000,0.000,,,
3258,L'Orb à Béziers [Tabarka],3767500,2277500,1325,Orb,Orb,Orb,FR,1.000,1,84.200,163.000,356.900,485.300,608.400,767.900,887.300,1006.300,1163.400,0,0.000,0.000,2.000,,0.000,0.000
3259,Le Var à Entrevaux [Pont-levis],4062500,2322500,675,Var,Var,Var,FR,1.000,1,80.400,99.900,148.000,179.800,210.300,249.800,279.400,308.900,347.800,0,0.000,0.000,0.000,,,
3267,Faxi,2897500,4887500,2825,Tungufljot,Tungufljot,Oelfusa,IS,3.000,2,265.000,313.400,432.400,511.200,586.800,684.700,758.000,831.100,927.400,0,0.000,0.000,3.000,,0.000,0.000
3271,Above Árbugsár,3077500,5002500,1125,Fnjoska,Fnjoska,Fnjcsk,IS,1.000,1,101.700,121.500,170.200,202.500,233.500,273.500,303.600,333.500,373.000,0,0.000,0.000,0.000,,,
3272,Forsæludalur,2957500,4987500,2100,Vatnsdalsa,Vatnsdalsa,Vatnsdals,IS,1.000,1,111.800,138.900,205.700,249.800,292.200,347.100,388.200,429.200,483.300,0,0.000,0.000,0.000,,,
3278,Hróaldarstaðir,3202500,4947500,725,Sela,Sela,Sela,IS,1.000,1,71.700,85.200,118.200,140.100,161.000,188.200,208.600,228.800,255.600,0,0.000,0.000,0.000,,,
3279,Grímsstaðir,3137500,4947500,5850,Bakkahlaup,Jokulsa A Fjollum,Jkuls Fjllum,IS,1.000,1,534.500,627.200,855.500,1006.700,1151.700,1339.300,1480.000,1620.100,1805.000,0,0.000,0.000,0.000,,,
3280,Upptyppingar,3097500,4887500,1975,Bakkahlaup,Jokulsa A Fjollum,Jkuls Fjllum,IS,1.000,3,257.100,299.100,402.500,470.900,536.600,621.500,685.200,748.700,832.400,2,0.000,2.000,0.000,0.000,,0.000
3281,Lónshnjúkur,3107500,4882500,1375,Bakkahlaup,Kreppa,Jkuls Fjllum,IS,2.000,2,203.600,240.300,330.600,390.400,447.700,522.000,577.600,633.000,706.100,3,0.000,3.000,0.000,0.000,,0.000
3282,Ofan Ullarfossbrúar,3087500,4942500,925,Skjalfandafljot,Svarta,Svarta I Brdardal,IS,1.000,1,77.700,94.900,137.500,165.700,192.700,227.700,253.900,280.000,314.500,0,0.000,0.000,0.000,,,
3283,Aldeyjarfoss,3077500,4942500,2450,Skjalfandafljot,Skjalfandafljot,Skjalfandafljot,IS,1.000,1,218.800,267.400,386.900,466.000,541.900,640.200,713.800,787.100,883.900,0,0.000,0.000,0.000,,,
3284,Kjáfoss,2877500,4952500,1750,Hvi­ta,Hvi­ta,Hvita,IS,1.000,1,114.200,129.100,165.700,190.000,213.200,243.300,265.900,288.400,318.100,0,0.000,0.000,0.000,,,
3286,Haukadalsheiði,2912500,4897500,625,Sanda,Sanda,Oelfusa,IS,3.000,4,65.700,77.100,105.000,123.500,141.200,164.200,181.400,198.500,221.100,0,0.000,0.000,3.000,,0.000,0.000
3287,Dynjandi,2882500,4882500,650,Bruara,Bruara,Oelfusa,IS,2.000,2,67.500,76.700,99.400,114.500,128.900,147.500,161.500,175.400,193.800,0,0.000,0.000,6.000,,0.000,0.000
3307,Salerano sul Lambro - SP115,4272500,2467500,625,Lambro,Lambro,Po,IT,,5411,267.100,312.500,424.200,498.100,569.000,660.800,729.600,798.100,888.600,1,0.000,1.000,0.000,0.000,,0.000
3308,Gera Lario - Fuentes,4277500,2557500,2600,Adda,Adda,Po,IT,,4511,234.200,289.800,426.700,517.400,604.300,716.900,801.200,885.300,996.100,0,0.000,0.000,0.000,,,
3309,Olginate - S.Maria Lavello,4277500,2517500,4600,Adda,Adda,Po,IT,,4511,293.800,381.200,596.500,739.000,875.700,1052.600,1185.200,1317.300,1491.600,0,0.000,0.000,0.000,,,
3310,Lodi - v. X Maggio,4282500,2467500,6175,Adda,Adda,Po,IT,,4311,426.600,547.500,845.100,1042.200,1231.200,1475.800,1659.100,1841.800,2082.800,0,0.000,0.000,0.000,,,
3313,Montodine - via Bodesine,4297500,2472500,1100,Adda,Serio,Po,IT,,4211,151.000,202.300,328.800,412.500,492.800,596.800,674.700,752.300,854.700,0,0.000,0.000,0.000,,,
3314,Cene - Ponte,4307500,2517500,525,Adda,Serio,Po,IT,,4211,55.800,77.400,130.400,165.500,199.200,242.700,275.400,307.900,350.900,0,0.000,0.000,0.000,,,
3317,Capriolo - SP12,4312500,2502500,1875,Oglio,Oglio,Po,IT,,2511,54.500,66.700,96.900,116.800,135.900,160.700,179.300,197.800,222.200,0,0.000,0.000,0.000,,,
3320,Teglio - S. Giacomo,4322500,2562500,1375,Adda,Adda,Po,IT,,4511,117.100,141.200,200.300,239.400,276.900,325.500,361.900,398.200,446.000,0,0.000,0.000,0.000,,,
3321,Manerbio - v. Dante,4332500,2472500,900,Oglio,Mella,Po,IT,,2411,81.200,101.100,150.100,182.500,213.500,253.800,283.900,314.000,353.600,1,0.000,1.000,0.000,0.000,,0.000
3322,Darfo Boario Terme - Cav. Vittorio Venteto,4332500,2527500,1375,Oglio,Oglio,Po,IT,,2511,54.000,65.400,93.400,111.900,129.700,152.700,170.000,187.200,209.800,1,0.000,1.000,0.000,0.000,,0.000
3324,Capo di Ponte - v. Bona,4347500,2547500,775,Oglio,Oglio,Po,IT,,2511,34.200,41.700,60.100,72.400,84.100,99.300,110.600,122.000,136.900,1,0.000,1.000,0.000,0.000,,0.000
3325,Gavardo - SP116,4357500,2497500,975,Oglio,Chiese,Po,IT,,2211,37.400,45.900,66.800,80.700,94.000,111.200,124.100,136.900,153.800,0,0.000,0.000,0.000,,,
3328,Ponti sul Mincio - Monzambano,4377500,2477500,2450,Mincio,Mincio,Po,IT,,1611,101.100,116.800,155.500,181.200,205.800,237.600,261.500,285.200,316.600,0,0.000,0.000,0.000,,,
3333,Vigevano - SS494,4232500,2472500,7225,Ticcino,Ticino,Po,IT,,6111,627.900,762.900,1095.000,1315.000,1525.900,1799.000,2003.600,2207.500,2476.400,0,0.000,0.000,0.000,,,
3337,Miorina IDRO,4217500,2502500,6675,Ticcino,Ticino,Po,IT,,6111,599.500,729.500,1049.500,1261.400,1464.600,1727.600,1924.700,2121.100,2380.200,0,0.000,0.000,0.000,,,
3338,Orio Litta - v. Francigena,4282500,2452500,1000,Lambro,Lambro,Po,IT,,5411,359.000,426.000,590.900,700.100,804.900,940.400,1042.000,1143.300,1276.800,0,0.000,0.000,0.000,,,
3340,Brembate di Sopra - Ponte Briolo,4287500,2512500,850,Adda,Brembo,Po,IT,,4411,105.700,139.800,223.800,279.300,332.700,401.700,453.400,504.900,572.900,0,0.000,0.000,0.000,,,
3343,Pavia - Ponte Ticino SS35,4252500,2452500,7675,Ticcino,Ticino,Po,IT,,6111,642.800,779.700,1116.600,1339.600,1553.600,1830.500,2038.000,2244.800,2517.600,0,0.000,0.000,0.000,,,
3344,"Leivonvesi, Simuna",5152500,4462500,12575,Kymijoki,Kymijoki,Kymijoki,FI,2.000,41,128.900,143.600,179.900,203.800,226.800,256.600,278.900,301.200,330.500,2,2.000,0.000,0.000,1.000,1.000,1.000
3345,"Päijänne, Kalkkinen",5152500,4332500,26225,Kymijoki,Kymijoki,Kymijoki,FI,1.000,31,443.700,489.400,601.900,676.400,747.800,840.300,909.600,978.600,1069.700,2,1.000,1.000,0.000,0.500,1.000,0.667
3346,"Pielisjoki, Kaltimo",5337500,4552500,20400,Vuoksi,Vuoksi,Neva,FI,1.000,31,336.600,372.700,461.600,520.400,576.900,650.000,704.700,759.300,831.200,0,0.000,0.000,0.000,,,
3347,Merikoski,5047500,4737500,24500,Oulujoki,Oulujoki,Oulujoki,FI,1.000,1,697.300,810.600,1089.500,1274.200,1451.300,1680.600,1852.400,2023.600,2249.400,0,0.000,0.000,0.000,,,
3348,"Oulujärvi, Jylhämä",5122500,4702500,21750,Oulujoki,Oulujoki,Oulujoki,FI,1.000,1,607.100,700.500,930.300,1082.400,1228.400,1417.300,1558.800,1699.900,1886.000,0,0.000,0.000,0.000,,,
3349,"Kallavesi, Konnus + Karvio",5232500,4497500,16425,Vuoksi,Neva,Neva,FI,3.000,22,297.200,334.000,424.400,484.300,541.700,616.000,671.700,727.200,800.500,0,0.000,0.000,0.000,,,
3350,Hartolankoski,5007500,4312500,21300,Kokemaen,Kokemaen,Kokem,FI,1.000,3,313.900,352.400,446.900,509.500,569.600,647.300,705.600,763.600,840.200,0,0.000,0.000,0.000,,,
3351,"Vuoksi, Tainionkoski",5322500,4367500,60600,Vuoksi,Vuoksi,Neva,FI,1.000,11,858.000,921.000,1076.200,1178.900,1277.400,1405.000,1500.500,1595.800,1721.400,0,0.000,0.000,0.000,,,
3352,Oulunkylä,5147500,4212500,1850,Vantaa,Vantaa,Vantaa,FI,1.000,1,99.900,115.700,154.300,180.000,204.500,236.300,260.200,283.900,315.200,0,0.000,0.000,0.000,,,
3353,Keppo,4957500,4532500,4000,Lapuanjoki,Lapuanjoki,Lapuanjoki,FI,1.000,1,148.300,174.700,239.700,282.600,323.900,377.300,417.300,457.100,509.700,0,0.000,0.000,0.000,,,
3354,Skatila,4922500,4492500,4725,Kyronjoki,Kyronjoki,Kyronjoki,FI,1.000,1,227.200,269.400,373.200,442.000,507.900,593.300,657.200,721.000,805.000,1,0.000,1.000,0.000,0.000,,0.000
3355,"Nilakka, Äyskoski",5162500,4532500,2350,Kymijoki,Koskilampi,Kymijoki,fi,2.000,41,23.500,26.900,35.500,41.200,46.600,53.600,58.900,64.100,71.000,0,0.000,0.000,3.000,,0.000,0.000
4001,Permet,5202500,1962500,2900,Vjosa,Vjosa,Vjosa,AL,1.000,3,166.000,191.600,254.300,295.900,335.800,387.400,426.100,464.600,515.500,4,3.000,1.000,2.000,0.750,0.600,0.667
4004,Hormove,5182500,1957500,1275,Vjosa,Drinos,Vjosa,AL,2.000,2,65.800,74.200,95.100,108.900,122.100,139.300,152.100,164.900,181.800,3,3.000,0.000,1.000,1.000,0.750,0.857
4006,Ura_Vajgurore,5157500,2017500,2075,Seman,Seman,Seman,AL,1.000,1,303.300,416.800,696.000,880.800,1058.100,1287.600,1459.600,1631.000,1857.100,0,0.000,0.000,0.000,,,
4007,Paper,5162500,2052500,1900,Shkumbin,Shkumbin,Shkumbin,AL,1.000,1,160.000,191.600,269.300,320.700,370.000,433.900,481.800,529.400,592.300,1,0.000,1.000,3.000,0.000,0.000,0.000
4008,Librazhd,5192500,2067500,775,Shkumbin,Shkumbin,Shkumbin,AL,1.000,1,121.300,149.000,217.100,262.300,305.500,361.600,403.600,445.400,500.600,1,0.000,1.000,1.000,0.000,0.000,0.000
4009,Ndroq,5132500,2072500,675,Erzen,Erzen,Erzen,AL,1.000,1,335.500,443.600,709.600,885.700,1054.600,1273.300,1437.100,1600.400,1815.800,0,0.000,0.000,0.000,,,
4011,Ura_Gjoles,5132500,2092500,525,Ishem,Ishem,Ishem,AL,1.000,1,193.500,252.700,398.200,494.600,587.000,706.600,796.300,885.600,1003.400,0,0.000,0.000,1.000,,0.000,0.000
4013,Shoshaj,5157500,2112500,775,Mat,Mat,Mati,AL,1.000,1,77.000,87.900,114.500,132.100,149.000,170.900,187.300,203.600,225.200,4,3.000,1.000,3.000,0.750,0.500,0.600
4014,Skavice,5182500,2142500,5650,Drin,Black Drin,Drin,AL,2.000,5,166.400,188.800,244.200,280.800,316.000,361.500,395.600,429.600,474.400,1,1.000,0.000,0.000,1.000,1.000,1.000
4015,Shkoder,5107500,2157500,5275,Bojana,Bojana,Drin,AL,2.000,2,518.900,606.000,820.400,962.400,1098.600,1274.900,1407.000,1538.600,1712.200,2,1.000,1.000,5.000,0.500,0.167,0.250
4016,Bahcallek,5112500,2152500,14100,Drin,Drin,Drin,AL,1.000,3,547.600,651.100,905.800,1074.400,1236.100,1445.500,1602.300,1758.700,1964.900,2,2.000,0.000,1.000,1.000,0.667,0.800
4017,Pizzighettone - ponte Trento e Trieste,4302500,2452500,7900,Adda,Adda,Po,it,,4111,591.900,746.300,1126.200,1377.700,1619.000,1931.300,2165.400,2398.500,2706.200,0,0.000,0.000,0.000,,,
4020,Soncino - v. Brescia,4312500,2477500,2300,Oglio,Oglio,Po,it,,2511,92.400,116.600,176.400,215.900,253.900,303.000,339.800,376.500,424.900,0,0.000,0.000,0.000,,,
4110,Tevere a Villa Spada,4527500,2102500,15675,"Tiber, below Nera",Tiber,Tiber,IT,1.000,311,758.200,897.000,1238.500,1464.600,1681.400,1962.200,2172.500,2382.100,2658.700,1,0.000,1.000,3.000,0.000,0.000,0.000
4111,Tevere a Stimigliano,4532500,2132500,14425,"Tiber, below Nera",Tiber,Tiber,IT,1.000,311,719.800,860.800,1207.900,1437.600,1658.000,1943.300,2157.100,2370.100,2651.100,2,1.000,1.000,1.000,0.500,0.500,0.500
4113,Tevere a Ripetta,4527500,2092500,17250,"Tiber, below Aniene",Tiber,Tiber,IT,1.000,111,890.200,1039.400,1406.600,1649.800,1883.000,2184.900,2411.100,2636.500,2933.900,1,0.000,1.000,3.000,0.000,0.000,0.000
4114,Velino a Terria,4552500,2152500,2925,Nera,Velino,Tiber,IT,3.000,421,104.900,138.900,222.600,278.100,331.300,400.100,451.700,503.100,571.000,4,4.000,0.000,2.000,1.000,0.667,0.800
4115,Liri a Isola Liri,4617500,2072500,550,"Liri, headwaters",Liri,Liri,IT,1.000,3,33.900,53.400,101.400,133.200,163.600,203.100,232.600,262.100,300.900,2,1.000,1.000,2.000,0.500,0.333,0.400
4116,Fiora a Montalto di Castro,4452500,2142500,825,Fiora,Fiora,Fiora,IT,1.000,1,32.400,53.400,105.200,139.400,172.300,214.800,246.600,278.400,320.300,3,0.000,3.000,0.000,0.000,,0.000
4119,Tevere a Ponte del Grillo,4537500,2112500,15275,"Tiber, below Nera",Tiber,Tiber,IT,1.000,311,743.000,882.400,1225.500,1452.600,1670.400,1952.400,2163.700,2374.300,2652.100,1,0.000,1.000,3.000,0.000,0.000,0.000
4125,Fiora a Vulci,4457500,2147500,700,Fiora,Fiora,Fiora,IT,1.000,1,27.300,45.500,90.300,119.900,148.400,185.100,212.700,240.200,276.400,3,0.000,3.000,0.000,0.000,,0.000
4126,Aniene a Ponte Mammolo,4532500,2092500,1450,Aniene,Aniene,Tiber,IT,2.000,211,121.100,189.500,357.700,469.000,575.900,714.100,817.800,921.000,1057.200,0,0.000,0.000,0.000,,,
4128,Aniene a Lunghezza,4542500,2097500,1125,Aniene,Aniene,Tiber,IT,2.000,211,77.100,127.200,250.600,332.300,410.600,512.000,588.000,663.800,763.700,0,0.000,0.000,0.000,,,
4131,Tevere a Ponte Felice,4522500,2142500,13825,"Tiber, below Nera",Tiber,Tiber,IT,1.000,311,701.500,837.800,1173.100,1395.100,1608.000,1883.600,2090.200,2296.000,2567.500,2,1.000,1.000,1.000,0.500,0.500,0.500
4133,Marta a Tarquinia,4462500,2127500,1075,Marta,Marta,Marta,IT,1.000,1,51.500,80.700,152.400,199.900,245.500,304.500,348.700,392.700,450.800,1,0.000,1.000,0.000,0.000,,0.000
4140,Liri a Pontecorvo,4627500,2047500,2875,"Liri, below Sacco",Liri,Liri,IT,1.000,1,213.900,331.200,619.700,810.800,994.000,1231.200,1409.000,1586.100,1819.700,1,0.000,1.000,1.000,0.000,0.000,0.000
4141,Mignone SP45,4467500,2122500,525,Mignone,Mignone,Mignone,IT,1.000,1,28.900,41.400,72.300,92.800,112.400,137.800,156.900,175.900,200.900,1,0.000,1.000,0.000,0.000,,0.000
4142,Tevere a Foro Italico,4527500,2097500,17200,"Tiber, below Aniene",Tiber,Tiber,IT,1.000,111,888.800,1037.500,1403.400,1645.700,1878.100,2178.800,2404.200,2628.800,2925.100,1,0.000,1.000,3.000,0.000,0.000,0.000
4143,Sacco a Ceccano,4602500,2057500,1375,Sacco,Sacco,Liri,IT,2.000,2,110.100,171.800,323.700,424.300,520.800,645.700,739.300,832.500,955.500,1,0.000,1.000,0.000,0.000,,0.000
4148,Treia a Civita Castellana,4522500,2137500,500,"Tiber, below Nera",Treia,Tiber,IT,1.000,311,33.100,43.800,70.400,88.000,104.900,126.700,143.100,159.400,180.900,1,0.000,1.000,0.000,0.000,,0.000
4153,Aniene a Ponte Lucano,4552500,2097500,900,Aniene,Aniene,Tiber,IT,2.000,211,57.500,94.700,186.200,246.800,305.000,380.300,436.700,492.800,567.000,0,0.000,0.000,0.000,,,
4157,Moscarello a Borgo S.Maria,4557500,2042500,700,High Water Channel / Moscarello,Moscarello,Moscarello,IT,1.000,1,57.200,86.200,157.700,205.000,250.400,309.200,353.200,397.100,455.000,1,0.000,1.000,1.000,0.000,0.000,0.000
4160,Liri a Ceprano,4617500,2057500,850,"Liri, headwaters",Liri,Liri,IT,1.000,3,57.300,91.100,174.200,229.300,282.100,350.500,401.700,452.700,520.100,1,1.000,0.000,2.000,1.000,0.333,0.500
4172,Rio Galeria,4517500,2082500,17700,"Tiber, below Aniene",Galeria,Tiber,IT,1.000,111,907.700,1065.300,1453.100,1709.800,1956.100,2274.900,2513.700,2751.700,3065.700,0,0.000,0.000,3.000,,0.000,0.000
4174,Turano a Rocca Sinibalda,4562500,2137500,525,Nera,Turano,Tiber,IT,4.000,422,17.500,23.800,39.500,49.800,59.800,72.600,82.300,91.900,104.600,2,2.000,0.000,5.000,1.000,0.286,0.444
4182,Tevere a Porta Portese,4527500,2087500,17300,"Tiber, below Aniene",TIber,Tiber,IT,1.000,111,892.200,1042.100,1410.800,1654.900,1889.000,2192.100,2419.300,2645.600,2944.100,1,0.000,1.000,3.000,0.000,0.000,0.000
4186,Petanjci,4782500,2632500,10475,Drava,Mur,Danube,SI,,142131,532.800,629.000,865.800,1022.700,1173.100,1367.800,1513.700,1659.000,1850.800,0,0.000,0.000,0.000,,,
4189,Čentiba,4817500,2627500,900,Drava,Ledava,Danube,SI,,142121,21.300,26.200,38.500,46.600,54.400,64.500,72.100,79.600,89.600,0,0.000,0.000,0.000,,,
4192,Otiški Vrh I,4707500,2617500,625,Drava,Meza,Danube,SI,,143161,36.700,45.800,68.100,82.900,97.100,115.400,129.200,142.900,161.000,0,0.000,0.000,0.000,,,
4199,Videm,4772500,2602500,925,Drava,Dravinja,Danube,SI,,143141,42.600,53.300,79.800,97.400,114.200,136.000,152.300,168.600,190.100,0,0.000,0.000,0.000,,,
4205,Zamušani I,4782500,2607500,550,Drava,Pesnica,Danube,SI,,143121,19.900,24.800,37.000,45.100,52.800,62.900,70.400,77.800,87.700,0,0.000,0.000,0.000,,,
4211,Litija,4692500,2562500,4800,Sava,Sava,Danube,SI,,109311,862.200,993.900,1317.900,1532.400,1738.100,2004.400,2204.000,2402.900,2665.200,0,0.000,0.000,0.000,,,
4212,Čatež I,4757500,2547500,9800,Sava,Sava,Danube,SI,,109151,1328.000,1515.800,1977.900,2283.900,2577.400,2957.300,3242.000,3525.600,3899.900,0,0.000,0.000,0.000,,,
4213,Ovsiše II,4647500,2587500,975,Sava,Lipnica,Danube,SI,,109541,379.600,437.200,579.000,672.800,762.900,879.400,966.800,1053.800,1168.600,0,0.000,0.000,0.000,,,
4216,Suha I,4657500,2567500,600,Sava,Sora,Danube,SI,,109521,186.100,218.500,298.400,351.300,402.100,467.700,517.000,566.000,630.700,0,0.000,0.000,0.000,,,
4232,Rakovec,4762500,2552500,625,Sava,Sutla,Danube,SI,,109141,65.900,82.600,123.800,151.100,177.300,211.100,236.500,261.800,295.200,0,0.000,0.000,0.000,,,
4235,Petrina,4697500,2497500,525,Sava,Kupa,Danube,SI,,108531,178.000,201.600,259.800,298.200,335.200,383.000,418.800,454.400,501.500,2,0.000,2.000,0.000,0.000,,0.000
4236,Sodevci,4712500,2497500,1275,Sava,Kupa,Danube,SI,,108531,495.600,560.800,721.400,827.700,929.700,1061.700,1160.600,1259.100,1389.100,0,0.000,0.000,0.000,,,
4245,Logatec,4647500,2542500,750,Sava,Logascica,Danube,SI,,109421,103.400,119.200,157.900,183.600,208.200,240.100,264.000,287.800,319.100,0,0.000,0.000,0.000,,,
4247,Letuš I,4702500,2592500,500,Sava,Savinja,Danube,SI,,109211,144.800,168.100,225.700,263.800,300.400,347.700,383.100,418.500,465.100,0,0.000,0.000,0.000,,,
4248,Celje II - brv,4727500,2582500,1550,Sava,Savinja,Danube,SI,,109211,315.400,380.700,541.200,647.500,749.400,881.400,980.300,1078.800,1208.800,0,0.000,0.000,0.000,,,
4257,Soteska,4712500,2532500,1075,Sava,Krka,Danube,SI,,109161,165.000,188.900,247.600,286.500,323.800,372.100,408.200,444.300,491.800,0,0.000,0.000,0.000,,,
4258,Gorenja Gomila,4732500,2542500,1425,Sava,Krka,Danube,SI,,109161,199.400,228.500,300.200,347.600,393.100,452.000,496.200,540.200,598.200,0,0.000,0.000,0.000,,,
4272,Zalošče,4612500,2537500,525,Vipava,Vipava,Soca,SI,2.000,2,83.100,94.700,123.200,142.200,160.300,183.800,201.400,218.900,242.100,0,0.000,0.000,0.000,,,
4273,Miren I,4602500,2537500,675,Vipava,Vipava,Soca,SI,2.000,2,107.000,123.300,163.600,190.200,215.800,248.900,273.600,298.300,330.900,0,0.000,0.000,0.000,,,
4282,Cerkvenikov mlin,4637500,2512500,1025,Reka,Reka,Reka,SI,1.000,1,155.900,187.600,265.700,317.300,366.900,431.000,479.100,527.000,590.200,0,0.000,0.000,0.000,,,
4288,Manuel,3412500,1832500,2025,Albaida,Albaida,Jucar,ES,2.000,41,79.300,144.900,306.100,412.800,515.200,647.700,747.000,846.000,976.500,1,0.000,1.000,1.000,0.000,0.000,0.000
4289,Moixent,3382500,1817500,1075,Albaida,Canyoles,Jucar,ES,3.000,42,14.000,32.900,79.400,110.200,139.800,178.000,206.700,235.200,272.900,0,0.000,0.000,0.000,,,
4291,Cofrentes,3362500,1867500,4725,Cabriel,Cabriel,Jucar,ES,2.000,61,8.200,10.800,17.000,21.100,25.100,30.200,34.100,37.900,42.900,1,0.000,1.000,0.000,0.000,,0.000
4292,Contreras,3332500,1902500,3400,Cabriel,Cabriel,Jucar,ES,2.000,61,6.800,8.200,11.800,14.200,16.500,19.400,21.600,23.800,26.700,3,0.000,3.000,5.000,0.000,0.000,0.000
4293,E.A 139 Villora,3322500,1927500,1300,Cabriel,Cabriel,Jucar,ES,2.000,63,31.400,58.000,123.700,167.200,208.900,262.900,303.300,343.600,396.800,1,0.000,1.000,0.000,0.000,,0.000
4294,E.A 140 Huercemes,3317500,1927500,825,Cabriel,Guadazaon,Jucar,ES,3.000,62,31.100,54.900,113.500,152.300,189.500,237.700,273.800,309.800,357.200,0,0.000,0.000,0.000,,,
4298,Pajaroncillo,3322500,1952500,900,Cabriel,Cabriel,Jucar,ES,2.000,63,22.600,41.700,88.500,119.500,149.300,187.800,216.600,245.400,283.300,1,0.000,1.000,0.000,0.000,,0.000
4300,E.A. 138 Balazote,3267500,1842500,725,Arquillo,Arquillo,Jucar,ES,2.000,81,1.400,3.400,8.000,11.200,14.100,18.000,20.900,23.800,27.600,0,0.000,0.000,0.000,,,
4306,Alarcon,3277500,1912500,2975,Jucar,Jucar,Jucar,ES,1.000,93,14.200,82.400,250.300,361.400,468.100,606.100,709.500,812.600,948.500,0,0.000,0.000,0.000,,,
4307,Alcala Jucar,3332500,1862500,10650,Jucar,Jucar,Jucar,ES,1.000,71,36.200,109.600,290.000,409.400,524.000,672.300,783.500,894.200,1040.300,0,0.000,0.000,0.000,,,
4308,Antella,3397500,1842500,17350,Jucar,Jucar,Jucar,ES,1.000,51,18.400,29.200,55.600,73.100,89.900,111.600,127.900,144.200,165.600,0,0.000,0.000,0.000,,,
4309,Cuenca,3287500,1972500,1000,Jucar,Jucar,Jucar,ES,1.000,93,56.500,85.400,156.600,203.700,248.900,307.400,351.200,394.900,452.600,2,0.000,2.000,1.000,0.000,0.000,0.000
4310,Cullera,3427500,1847500,21725,Jucar,Jucar,Jucar,ES,1.000,11,225.900,341.100,624.600,812.300,992.400,1225.400,1400.100,1574.100,1803.700,1,0.000,1.000,1.000,0.000,0.000,0.000
4311,El Picazo,3277500,1902500,3300,Jucar,Tagus-Segura Water Transfer,Jucar,ES,2.000,92,22.800,89.700,254.300,363.200,467.800,603.100,704.400,805.500,938.700,0,0.000,0.000,0.000,,,
4312,Escalona,3397500,1847500,17325,Jucar,Jucar,Jucar,ES,1.000,51,18.100,28.900,55.400,72.900,89.700,111.400,127.700,144.000,165.400,0,0.000,0.000,0.000,,,
4314,Huerto Mulet,3417500,1852500,21650,Magro,Magro,Jucar,ES,2.000,21,221.900,337.400,621.600,809.800,990.300,1224.000,1399.100,1573.500,1803.700,1,0.000,1.000,1.000,0.000,0.000,0.000
4316,Los Frailes,3302500,1862500,3800,Jucar,Jucar,Jucar,ES,1.000,91,21.200,82.900,234.800,335.300,431.700,556.500,650.100,743.200,866.200,0,0.000,0.000,0.000,,,
4318,S.Lorenzo Parrilla,3267500,1947500,1875,Jucar,Jucar,Jucar,ES,1.000,93,94.400,154.400,301.800,399.500,493.100,614.400,705.200,795.700,915.100,1,0.000,1.000,0.000,0.000,,0.000
4319,Sueca,3427500,1852500,21700,Jucar,Jucar,Jucar,ES,1.000,11,225.300,341.200,626.600,815.600,996.900,1231.500,1407.300,1582.500,1813.600,1,0.000,1.000,1.000,0.000,0.000,0.000
4321,E.A. 93 Macastre,3387500,1872500,1025,Magro,Magro,Jucar,ES,2.000,21,20.500,39.000,84.700,114.900,143.900,181.400,209.500,237.500,274.400,0,0.000,0.000,0.000,,,
4322,Guadassuar,3412500,1852500,1475,Magro,Magro,Jucar,ES,2.000,21,67.600,106.900,203.500,267.500,328.900,408.400,468.000,527.300,605.600,0,0.000,0.000,0.000,,,
4323,Requena,3362500,1892500,650,Magro,Magro,Jucar,ES,2.000,21,13.000,26.400,59.500,81.300,102.300,129.500,149.800,170.100,196.800,1,0.000,1.000,0.000,0.000,,0.000
4325,Colmenar,3447500,1937500,2575,Mijares,Mijares,Mijares,ES,1.000,3,9.800,23.200,56.200,78.000,99.000,126.100,146.400,166.600,193.300,1,0.000,1.000,1.000,0.000,0.000,0.000
4327,Los Toranes,3402500,1957500,1050,Mijares,Mijares,Mijares,ES,1.000,3,18.900,37.000,81.600,111.100,139.400,176.100,203.600,230.900,267.000,1,0.000,1.000,1.000,0.000,0.000,0.000
4328,Maria Cristina,3452500,1937500,1450,Mijares,Rambla De La Viuda,Mijares,ES,2.000,2,96.300,170.100,351.700,471.900,587.300,736.600,848.500,959.900,1107.000,2,1.000,1.000,0.000,0.500,1.000,0.667
4329,Santa Quiteria (E.A. 5),3457500,1932500,4075,Mijares,Mijares,Mijares,ES,1.000,1,108.500,188.200,384.300,514.100,638.700,799.900,920.700,1041.100,1199.900,2,1.000,1.000,0.000,0.500,1.000,0.667
4334,Regajo,3422500,1927500,525,Palancia,Palancia,Palancia,ES,1.000,1,27.300,46.700,94.300,125.900,156.100,195.300,224.700,253.900,292.500,2,1.000,1.000,0.000,0.500,1.000,0.667
4336,Font En Carros,3432500,1817500,525,Serpis,Serpis,Serpis,ES,1.000,1,24.200,59.900,147.800,205.900,261.700,333.900,388.000,441.900,513.100,0,0.000,0.000,1.000,,0.000,0.000
4338,Benaguasil,3397500,1897500,5425,Turia,Turia,Turia,ES,1.000,1,12.800,25.100,55.400,75.400,94.600,119.500,138.100,156.600,181.100,1,0.000,1.000,0.000,0.000,,0.000
4339,Bugarra,3392500,1902500,5325,Turia,Turia,Turia,ES,1.000,1,12.000,22.300,47.500,64.200,80.200,101.000,116.500,132.000,152.400,1,0.000,1.000,0.000,0.000,,0.000
4343,Gea de Albarracin,3362500,1992500,800,Turia,Turia,Turia,ES,1.000,3,3.600,5.500,10.000,13.000,15.900,19.700,22.500,25.300,28.900,1,0.000,1.000,1.000,0.000,0.000,0.000
4344,La Presa,3417500,1887500,6275,Turia,Turia,Turia,ES,1.000,1,32.000,62.500,137.600,187.400,235.100,296.800,343.100,389.200,450.100,1,0.000,1.000,0.000,0.000,,0.000
4346,Repartiment,3422500,1877500,6350,Turia,Turia,Turia,ES,1.000,1,54.600,90.400,178.600,237.000,293.000,365.400,419.700,473.800,545.200,2,0.000,2.000,0.000,0.000,,0.000
4347,Teruel,3377500,1987500,2300,Turia,Turia,Turia,ES,1.000,1,11.500,20.500,42.700,57.400,71.400,89.700,103.300,116.900,134.900,0,0.000,0.000,0.000,,,
4350,Vilamarxant,3407500,1897500,6100,Turia,Turia,Turia,ES,1.000,1,20.000,44.800,105.700,146.000,184.700,234.800,272.300,309.700,359.000,2,0.000,2.000,0.000,0.000,,0.000
4351,Villalba Alta,3392500,2012500,525,Turia,Alfambra,Turia,ES,2.000,2,4.800,9.900,22.400,30.600,38.600,48.800,56.500,64.200,74.300,0,0.000,0.000,0.000,,,
4352,Zagra,3367500,1932500,3975,Turia,Turia,Turia,ES,1.000,1,20.500,29.300,50.900,65.200,78.900,96.700,110.000,123.300,140.800,0,0.000,0.000,0.000,,,
4353,Elda,3377500,1777500,1225,Vinalopo,Vinalopo,Vinalopo,ES,1.000,1,20.600,50.100,122.600,170.600,216.700,276.300,321.000,365.500,424.200,0,0.000,0.000,0.000,,,
4358,Diekirch,4047500,2977500,2125,Moselle,Sauer,Rhine,LU,,4431,172.300,209.900,302.400,363.700,422.500,498.600,555.600,612.400,687.300,1,1.000,0.000,0.000,1.000,1.000,1.000
4359,Ettelbrück,4042500,2972500,1075,Moselle,Alzette,Rhine,LU,,4441,103.100,125.600,181.100,217.900,253.200,298.800,333.000,367.100,412.100,1,1.000,0.000,0.000,1.000,1.000,1.000
4367,Mersch,4042500,2967500,750,Moselle,Alzette,Rhine,LU,,4441,74.300,91.200,132.500,159.900,186.100,220.100,245.600,271.000,304.500,1,1.000,0.000,0.000,1.000,1.000,1.000
4385,Michelau,4042500,2982500,925,Moselle,Sauer,Rhine,LU,,4451,72.900,90.100,132.300,160.200,187.000,221.600,247.600,273.500,307.700,1,0.000,1.000,0.000,0.000,,0.000
4388,Rosport,4067500,2967500,4200,Moselle,Sauer,Rhine,LU,,4411,343.500,411.800,580.000,691.400,798.200,936.400,1040.000,1143.300,1279.400,1,1.000,0.000,0.000,1.000,1.000,1.000
4391,Vianden,4047500,2987500,675,Moselle,Our,Rhine,LU,,4421,70.500,85.200,121.300,145.200,168.200,197.900,220.100,242.300,271.600,1,1.000,0.000,0.000,1.000,1.000,1.000
4409,Tevere a Ponte del Grillo (discharge),4512500,2077500,17775,"Tiber, below Aniene",Tiber,Tiber,it,1.000,111,907.900,1065.300,1452.600,1709.100,1955.200,2273.600,2512.200,2750.000,3063.700,0,0.000,0.000,3.000,,0.000,0.000
4415,Bad Hersfeld 1,4302500,3082500,2200,Fulda,Fulda,Weser,DE,2.000,631,94.700,112.500,156.300,185.300,213.100,249.100,276.100,303.000,338.400,0,0.000,0.000,0.000,,,
4416,Helmarshausen,4282500,3167500,1850,Diemel,Diemel,Weser,DE,2.000,411,49.300,60.400,87.600,105.700,123.000,145.400,162.200,179.000,201.100,0,0.000,0.000,0.000,,,
4417,Friedrichsthal,4142500,3047500,625,Wied,Wied,Rhine,DE,,3811,14.500,17.200,24.000,28.500,32.900,38.500,42.600,46.800,52.300,1,1.000,0.000,0.000,1.000,1.000,1.000
4418,Altenahr,4112500,3047500,750,Ahr,Ahr,Rhine,DE,,3611,13.700,18.100,28.900,36.000,42.800,51.600,58.300,64.900,73.600,1,1.000,0.000,0.000,1.000,1.000,1.000
4419,Kordel,4077500,2972500,900,Moselle,Kyll,Rhine,DE,,4121,153.100,183.300,257.800,307.100,354.400,415.600,461.400,507.100,567.400,2,1.000,1.000,0.000,0.500,1.000,0.667
4421,Šaštín-Stráže,4847500,2862500,675,Morava,Myjava,Danube,SK,,183211,12.800,17.000,27.300,34.100,40.700,49.200,55.500,61.800,70.200,0,0.000,0.000,0.000,,,
4422,Záhorská Ves,4827500,2827500,25900,Morava,Morava,Danube,SK,,181111,380.500,491.100,763.400,943.800,1116.700,1340.600,1508.300,1675.500,1896.000,0,0.000,0.000,0.000,,,
4430,Chalmová,4947500,2877500,600,Vah,Nitra,Danube,SK,,162301,26.000,31.700,45.800,55.000,63.900,75.500,84.100,92.700,104.100,0,0.000,0.000,0.000,,,
4433,Nadlice,4927500,2867500,600,Vah,Bebrava,Danube,SK,,162201,19.300,23.600,34.200,41.300,48.000,56.700,63.300,69.800,78.400,1,0.000,1.000,0.000,0.000,,0.000
4436,Štúrovo,4972500,2782500,177775,Danube,Danube,Danube,SK,,157111,5703.200,6575.300,8721.600,10142.600,11505.700,13270.000,14592.200,15909.500,17647.400,1,0.000,1.000,0.000,0.000,,0.000
4437,Brezno,5027500,2902500,575,Hron,Hron,Danube,SK,,156111,28.300,37.300,59.400,74.000,88.100,106.200,119.900,133.400,151.300,1,0.000,1.000,0.000,0.000,,0.000
4439,Kamenín,4967500,2792500,5125,Hron,Hron,Danube,SK,,156111,222.500,257.400,343.300,400.200,454.800,525.400,578.300,631.100,700.700,0,0.000,0.000,0.000,,,
4441,Salka,4972500,2792500,5075,Ipel,Ipel,Danube,SK,,154111,88.100,114.100,178.300,220.700,261.500,314.200,353.700,393.100,445.000,0,0.000,0.000,0.000,,,
4443,Bretka,5082500,2872500,1275,Tisa,Muran,Danube,SK,,126251,58.000,76.600,122.200,152.400,181.400,218.900,247.000,275.000,311.900,1,0.000,1.000,0.000,0.000,,0.000
4446,Rimavská Sobota-Sobôtka,5057500,2857500,575,Tisa,Rimava,Danube,SK,,126241,24.500,31.200,47.600,58.500,68.900,82.400,92.500,102.600,115.900,2,0.000,2.000,0.000,0.000,,0.000
4447,Jaklovce,5122500,2922500,725,Tisa,Hnilec,Danube,SK,,126341,31.100,36.200,49.000,57.500,65.600,76.000,83.900,91.700,102.100,0,0.000,0.000,0.000,,,
4449,Stropkov,5167500,2967500,625,Tisa,Ondava,Danube,SK,,128331,24.200,28.500,39.200,46.200,52.900,61.600,68.200,74.700,83.300,1,1.000,0.000,0.000,1.000,1.000,1.000
4450,Żywiec,4982500,2997500,1000,"Vistula, headwaers",Sola,Vistula,PL,2.000,7611,89.200,120.300,196.900,247.600,296.200,359.100,406.300,453.300,515.300,0,0.000,0.000,0.000,,,
4451,Stróża,5032500,3012500,650,"Vistula, headwaers",Raba,Vistula,PL,2.000,7211,128.700,154.000,216.300,257.500,297.000,348.200,386.500,424.700,475.100,0,0.000,0.000,0.000,,,
4452,Nowy Targ-Kowaniec,5047500,2977500,525,Dunajec,Dunajec,Vistula,PL,2.000,6311,91.300,116.100,176.900,217.200,255.800,305.800,343.300,380.600,429.800,0,0.000,0.000,0.000,,,
4453,Zatwarnica,5232500,2982500,575,San,San,Vistula,PL,2.000,4311,69.300,82.700,115.800,137.700,158.700,185.900,206.300,226.600,253.400,1,1.000,0.000,0.000,1.000,1.000,1.000
4455,Wólka Mlądzka,5092500,3287500,925,"Vistula, below Pilica",Swider,Vistula,PL,2.000,3211,23.400,30.100,46.600,57.500,68.000,81.600,91.700,101.900,115.200,0,0.000,0.000,0.000,,,
4456,Brańsk,5182500,3367500,1200,Narew,Nurzec,Vistula,PL,4.000,2414,40.900,51.100,76.200,92.800,108.700,129.300,144.700,160.100,180.400,0,0.000,0.000,0.000,,,
4457,Trzciniec,5002500,3362500,1975,Narew,Wkra,Vistula,PL,3.000,2121,36.800,46.500,70.200,86.000,101.100,120.600,135.300,149.900,169.100,0,0.000,0.000,0.000,,,
4458,Smolajny,5002500,3487500,2350,Lyna,Lyna,Pregolya,PL,2.000,23,53.600,68.600,105.600,130.100,153.600,184.000,206.800,229.500,259.400,0,0.000,0.000,0.000,,,
4459,Piwonice,4882500,3207500,2775,Warta,Prosna,Oder,PL,3.000,2631,28.800,41.000,71.000,90.900,110.000,134.600,153.100,171.600,195.900,0,0.000,0.000,1.000,,0.000,0.000
4460,Wyrzysk,4807500,3362500,600,Warta,Lobzonka,Oder,PL,4.000,2261,5.100,6.700,10.800,13.400,16.000,19.300,21.800,24.200,27.500,0,0.000,0.000,0.000,,,
4463,Castelló d'Empúries,3747500,2152500,850,Muga,Muga,Muga,ES,1.000,1,85.100,133.200,251.600,330.000,405.200,502.500,575.500,648.200,744.000,0,0.000,0.000,0.000,,,
4464,Esponellà,3722500,2147500,750,Fluvia,Fluvia,Fluvia,ES,1.000,1,32.000,59.300,126.400,170.900,213.500,268.700,310.000,351.200,405.600,1,0.000,1.000,0.000,0.000,,0.000
4466,Ripoll Santa Maria,3677500,2152500,800,Ter,Ter,Ter,ES,1.000,1,32.100,50.800,96.900,127.500,156.800,194.700,223.100,251.500,288.800,0,0.000,0.000,0.000,,,
4468,Cellera de Ter,3707500,2127500,2125,Ter,Ter,Ter,ES,1.000,1,50.400,83.500,164.900,218.800,270.500,337.400,387.600,437.500,503.500,0,0.000,0.000,0.000,,,
4469,Girona Pont de la Barca - Ter,3722500,2127500,2350,Ter,Ter,Ter,ES,1.000,1,58.100,94.500,184.000,243.300,300.200,373.800,429.000,484.000,556.500,0,0.000,0.000,0.000,,,
4471,Torroella de Montgrí,3747500,2132500,3100,Ter,Ter,Ter,ES,1.000,1,103.300,164.600,315.400,415.300,511.100,635.100,728.000,820.600,942.800,0,0.000,0.000,0.000,,,
4472,Fogars - Can Simó,3712500,2102500,750,Tordera,Tordera,Tordera,ES,1.000,1,35.800,60.000,119.600,159.000,196.800,245.800,282.500,319.100,367.300,0,0.000,0.000,0.000,,,
4473,Santa Coloma de Gramenet,3667500,2072500,1000,Besos,Besos,Besos,ES,1.000,1,128.400,161.500,243.000,296.900,348.700,415.700,465.900,515.900,581.900,0,0.000,0.000,0.000,,,
4483,Tarragona,3582500,2047500,825,Francoli,Francoli,Francoli,ES,1.000,1,37.000,63.300,127.900,170.700,211.700,264.800,304.600,344.300,396.600,2,0.000,2.000,0.000,0.000,,0.000
4484,Backa Palanka,5057500,2502500,255800,Danube,Danube,Danube,RS,,131111,6673.200,7545.500,9692.300,11113.700,12477.100,14241.900,15564.400,16882.000,18620.400,1,1.000,0.000,0.000,1.000,1.000,1.000
4485,Bratinac,5207500,2457500,1775,Danube,Mlava,Danube,RS,,72411,43.100,56.200,88.700,110.100,130.700,157.400,177.400,197.300,223.600,1,0.000,1.000,0.000,0.000,,0.000
4486,Vratarnica,5307500,2377500,1775,Danube,Beli Timok,Danube,RS,,72011,48.200,69.200,120.800,154.900,187.700,230.100,261.900,293.600,335.400,2,0.000,2.000,0.000,0.000,,0.000
4488,Cacak,5152500,2367500,3625,Velika Morava,Zapadna Morava,Danube,RS,,82311,136.100,177.000,277.600,344.200,408.100,490.800,552.800,614.600,696.100,1,0.000,1.000,0.000,0.000,,0.000
4489,Trstenik,5207500,2342500,13925,Velika Morava,Zapadna Morava,Danube,RS,,82111,350.700,461.100,732.800,912.600,1085.200,1308.500,1475.800,1642.600,1862.500,0,0.000,0.000,0.000,,,
4490,Raska,5177500,2297500,925,Velika Morava,Raska,Danube,RS,,82221,13.200,16.600,24.900,30.400,35.700,42.500,47.600,52.700,59.400,2,1.000,1.000,0.000,0.500,1.000,0.667
4492,Mataruska Banja,5177500,2347500,7875,Velika Morava,Ibar,Danube,RS,,82211,245.900,322.800,511.900,637.100,757.200,912.700,1029.200,1145.300,1298.500,1,0.000,1.000,0.000,0.000,,0.000
4497,Leixlip,3232500,3487500,1000,Liffey,Ryewater,Liffey,IE,1.000,1,51.700,67.000,104.700,129.700,153.600,184.600,207.800,231.000,261.500,1,0.000,1.000,0.000,0.000,,0.000
4498,Pass Br.,3187500,3467500,1225,Barrow,Barrow,Barrow,IE,1.000,5,76.700,91.800,129.100,153.700,177.400,208.000,231.000,253.800,284.000,0,0.000,0.000,0.000,,,
4500,Mallow Railway Br.,3067500,3387500,1325,Munster Blackwater,Blackwater,Blackwater,IE,1.000,1,192.000,212.400,262.400,295.500,327.300,368.500,399.300,430.000,470.500,2,0.000,2.000,1.000,0.000,0.000,0.000
4504,Laune Br.,2997500,3397500,550,Laune-Maine,Laune,Laune-Maine,IE,1.000,1,56.000,61.500,75.200,84.200,92.800,104.000,112.400,120.800,131.800,1,0.000,1.000,1.000,0.000,0.000,0.000
4513,Ballygaddy,3082500,3542500,550,Clare,Clare,Corrib,IE,2.000,2,66.700,75.000,95.400,108.900,121.800,138.600,151.100,163.600,180.100,0,0.000,0.000,0.000,,,
4514,Cloonacannana,3092500,3592500,525,Moy,Moy,Moy,IE,1.000,1,52.500,59.200,75.600,86.500,97.000,110.500,120.700,130.800,144.100,0,0.000,0.000,0.000,,,
4515,Ballysadare,3127500,3612500,725,Drowse,Ballysadare,Drowse,IE,1.000,1,61.100,68.400,86.400,98.300,109.700,124.500,135.600,146.600,161.200,1,0.000,1.000,0.000,0.000,,0.000
4520,Mrzlo Polje,4752500,2497500,950,Sava,Donja Mreznica,Danube,HR,,108431,131.300,147.500,187.600,214.100,239.500,272.500,297.100,321.700,354.200,1,0.000,1.000,0.000,0.000,,0.000
4521,Slunj uzvodni,4762500,2462500,1075,Sava,Korana,Danube,HR,,108421,149.500,172.300,228.300,265.400,301.000,347.100,381.600,416.000,461.400,1,0.000,1.000,0.000,0.000,,0.000
4522,Velemeric,4762500,2492500,1550,Sava,Korana,Danube,HR,,108421,187.800,217.400,290.100,338.300,384.500,444.300,489.200,533.800,592.700,1,0.000,1.000,0.000,0.000,,0.000
4523,Glina,4797500,2487500,1050,Sava,Glina,Danube,HR,,108211,101.400,117.200,156.100,181.900,206.600,238.500,262.500,286.400,317.900,1,0.000,1.000,0.000,0.000,,0.000
4524,Zelenjak,4762500,2567500,550,Sava,Sutla,Danube,HR,,109141,58.900,73.800,110.600,134.900,158.300,188.500,211.200,233.800,263.500,0,0.000,0.000,0.000,,,
4525,Kupljenovo,4772500,2557500,1125,Sava,Krapina,Danube,HR,,109121,227.700,277.800,401.000,482.600,560.900,662.200,738.100,813.700,913.500,0,0.000,0.000,0.000,,,
4526,Cazma,4832500,2537500,2350,Sava,Cesma,Danube,HR,,105631,53.200,63.400,88.400,105.000,120.900,141.500,157.000,172.300,192.600,0,0.000,0.000,0.000,,,
4527,Narta,4852500,2547500,875,Sava,Cesma,Danube,HR,,105631,19.000,22.700,31.700,37.700,43.500,50.900,56.500,62.100,69.400,0,0.000,0.000,0.000,,,
4528,Veliko Vukovje,4862500,2507500,1500,Sava,Ilova,Danube,HR,,105621,43.900,50.200,65.900,76.300,86.300,99.200,108.800,118.500,131.200,1,0.000,1.000,0.000,0.000,,0.000
4529,Pozega,4922500,2502500,650,Sava,Orljava,Danube,HR,,105211,40.500,54.100,87.500,109.600,130.800,158.200,178.800,199.200,226.300,0,0.000,0.000,0.000,,,
4530,Frkljevci,4932500,2492500,1425,Sava,Orljava,Danube,HR,,105211,64.600,86.500,140.300,176.000,210.200,254.400,287.600,320.600,364.200,0,0.000,0.000,0.000,,,
4531,Janja Lipa,4867500,2507500,550,Sava,Pakra,Danube,HR,,105621,15.800,18.000,23.400,27.000,30.400,34.800,38.100,41.400,45.700,0,0.000,0.000,0.000,,,
4533,Bilaj,4752500,2392500,1725,Sava,Lika,Danube,HR,,108433,208.800,243.700,329.500,386.300,440.800,511.400,564.300,616.900,686.400,1,0.000,1.000,1.000,0.000,0.000,0.000
4534,Covici,4742500,2427500,3050,Sava,Gacka,Danube,HR,,108432,333.700,387.300,519.200,606.400,690.200,798.600,879.800,960.700,1067.500,1,1.000,0.000,0.000,1.000,1.000,1.000
4536,Zegar nizvodni,4787500,2357500,675,Adriatic catchment,Zrmanja,Adriatic catchment,HR,1.000,1,101.800,118.600,159.900,187.200,213.500,247.400,272.800,298.200,331.600,1,0.000,1.000,1.000,0.000,0.000,0.000
4538,Skradinski Buk Gornji,4797500,2317500,2075,Krka,Krka,Krka,HR,1.000,1,254.000,306.800,436.800,522.900,605.500,712.400,792.500,872.300,977.600,0,0.000,0.000,1.000,,0.000,0.000
4541,Kamenmost,4902500,2287500,1875,Neretva,Vrljika,Neretva,HR,3.000,22,242.300,283.700,385.300,452.600,517.200,600.700,663.300,725.700,808.000,0,0.000,0.000,1.000,,0.000,0.000
4547,I15 Villar,2987500,1747500,8075,Genil,Genil,Guadalquivir,ES,2.000,411,185.500,274.900,494.800,640.400,780.100,960.900,1096.400,1231.300,1409.400,0,0.000,0.000,0.000,,,
4548, Río Piedra en Nuévalos,3332500,2087500,800,Jalon,Piedra,Ebro,ES,3.000,8431,34.700,49.200,84.900,108.500,131.200,160.500,182.500,204.400,233.200,1,0.000,1.000,0.000,0.000,,0.000
4551, Río Garona en Bossost,3557500,2232500,525,"Garonne, headwaters",Garonne,Garonne,ES,1.000,571,45.900,57.600,86.500,105.700,124.000,147.800,165.600,183.400,206.800,0,0.000,0.000,1.000,,0.000,0.000
4553, Río Valira en La Seu D´Urgell,3617500,2182500,525,Segre,Valira,Ebro,ES,3.000,2811,42.800,61.500,107.700,138.300,167.600,205.600,234.100,262.400,299.800,0,0.000,0.000,0.000,,,
4554, Río Segre en Lérida,3542500,2107500,11550,Segre,Segre,Ebro,ES,2.000,2311,161.000,199.200,293.500,355.800,415.700,493.100,551.100,609.000,685.300,0,0.000,0.000,0.000,,,
4555, Río Ebro en Arroyo,3177500,2307500,500,Ebro,Ebro,Ebro,ES,1.000,25111,27.200,31.400,41.700,48.600,55.200,63.700,70.000,76.400,84.800,0,0.000,0.000,0.000,,,
4558, Río Iregua en Islallana,3287500,2222500,600,Iregua,Iregua,Ebro,ES,2.000,14111,26.100,36.700,62.700,79.900,96.400,117.800,133.800,149.800,170.800,0,0.000,0.000,0.000,,,
4559, Río Ara en Boltaña,3502500,2202500,700,Segre,Ara,Ebro,ES,4.000,2281,63.500,90.300,156.000,199.600,241.300,295.400,335.900,376.300,429.500,1,0.000,1.000,0.000,0.000,,0.000
4563, Río Najerilla en Anguiano,3267500,2217500,625,Najerilla,Najerilla,Ebro,ES,2.000,16111,18.700,29.800,57.000,74.900,92.200,114.500,131.300,147.900,169.900,2,0.000,2.000,0.000,0.000,,0.000
4564, Río Tirón en Ochánduri,3252500,2247500,725,Tiron,Tiron,Ebro,ES,2.000,18111,13.000,24.200,51.800,70.100,87.600,110.300,127.300,144.200,166.600,0,0.000,0.000,0.000,,,
4565, Río Cinca en Escalona,3512500,2207500,800,Segre,Cinca,Ebro,ES,3.000,2291,105.600,172.400,336.700,445.500,549.900,685.000,786.200,887.100,1020.100,0,0.000,0.000,0.000,,,
4566, Río Mesa en Jaraba,3327500,2087500,550,Jalon,Mesa,Ebro,ES,4.000,8421,28.100,39.200,66.300,84.300,101.600,123.900,140.700,157.400,179.400,0,0.000,0.000,0.000,,,
4574, Río Araquil en Asiaín,3357500,2267500,800,Aragon,Araquil,Ebro,ES,4.000,10221,250.500,295.600,406.500,479.900,550.300,641.500,709.800,777.900,867.700,2,2.000,0.000,0.000,1.000,1.000,1.000
4576, Río Ega en Estella,3332500,2252500,625,Ega,Ega,Ebro,ES,2.000,12111,36.000,45.700,69.500,85.200,100.400,119.900,134.600,149.200,168.500,1,1.000,0.000,0.000,1.000,1.000,1.000
4578, Río Zadorra en Arce,3267500,2267500,1300,Zadorra,Zadorra,Ebro,ES,2.000,20111,132.900,158.000,219.800,260.700,300.000,350.800,388.800,426.800,476.800,3,2.000,1.000,1.000,0.667,0.667,0.667
4581, Río Alcanadre en Lascellas,3482500,2167500,600,Segre,Alcanadre,Ebro,ES,4.000,2243,23.700,30.000,45.800,56.200,66.200,79.100,88.800,98.400,111.100,0,0.000,0.000,0.000,,,
4583, Río Huerva en Mezalocha,3397500,2102500,725,Huerva,Huerva,Ebro,ES,2.000,6111,5.900,7.400,11.000,13.400,15.700,18.700,21.000,23.200,26.100,2,0.000,2.000,0.000,0.000,,0.000
4584, Río Martín en Oliete,3422500,2047500,575,Martin,Martin,Ebro,ES,2.000,3411,2.000,5.700,14.800,20.800,26.600,34.100,39.700,45.200,52.600,0,0.000,0.000,0.000,,,
4585, Río Huerva en Las Torcas,3392500,2087500,525,Huerva,Huerva,Ebro,ES,2.000,6111,4.500,5.500,8.100,9.800,11.400,13.500,15.100,16.700,18.800,2,0.000,2.000,0.000,0.000,,0.000
4586, Río Martín en Alcaine,3417500,2047500,550,Martin,Martin,Ebro,ES,2.000,3411,1.800,5.200,13.600,19.200,24.500,31.400,36.600,41.800,48.600,0,0.000,0.000,0.000,,,
4593, Río Aguas Vivas en Moneva,3412500,2072500,525,Aguas Vivas,Aguas Vivas,Ebro,ES,2.000,3611,10.200,19.800,43.500,59.200,74.300,93.800,108.400,122.900,142.100,0,0.000,0.000,0.000,,,
4595, Río Queiles en Tudela,3357500,2177500,500,Huecha,Queiles,Ebro,ES,2.000,9611,2.700,4.500,8.900,11.900,14.700,18.400,21.200,23.900,27.500,0,0.000,0.000,0.000,,,
4601, Río Flumen en Barbués,3457500,2157500,600,Segre,Flumen,Ebro,ES,5.000,2242,20.800,29.600,51.200,65.500,79.200,96.900,110.200,123.500,141.000,0,0.000,0.000,0.000,,,
4604, Clamor Amarga en Zaidín,3512500,2107500,750,Segre,Clamor Amarga,Ebro,ES,4.000,2221,5.600,13.400,32.700,45.400,57.700,73.500,85.300,97.200,112.800,0,0.000,0.000,0.000,,,
4611, Río Segre en Isòvol,3647500,2177500,700,Segre,Segre,Ebro,ES,2.000,2911,56.400,80.300,139.000,177.900,215.200,263.500,299.700,335.800,383.300,1,0.000,1.000,0.000,0.000,,0.000
4612, Río Ésera en Campo,3527500,2197500,625,Segre,Esera,Ebro,ES,4.000,2261,57.500,72.100,108.100,131.900,154.700,184.300,206.400,228.500,257.700,0,0.000,0.000,0.000,,,
4614, Río Irati en Aos,3392500,2252500,850,Aragon,Irati,Ebro,ES,3.000,10411,94.300,126.900,207.200,260.400,311.400,377.400,426.900,476.100,541.200,2,2.000,0.000,0.000,1.000,1.000,1.000
4622, Río Huecha en Cortes,3372500,2162500,550,Huecha,Huecha,Ebro,ES,2.000,9411,1.600,3.300,7.300,9.900,12.500,15.800,18.300,20.700,24.000,0,0.000,0.000,0.000,,,
4625, Río Arga en Burlada,3372500,2262500,525,Aragon,Arga,Ebro,ES,3.000,10231,150.600,181.900,259.200,310.300,359.400,422.900,470.400,517.800,580.400,2,2.000,0.000,0.000,1.000,1.000,1.000
4627, Río Zadorra en Vitoria-Abetxuko,3292500,2282500,675,Zadorra,Zadorra,Ebro,ES,2.000,20111,62.200,75.000,106.400,127.300,147.200,173.100,192.500,211.800,237.300,4,3.000,1.000,1.000,0.750,0.750,0.750
4628, Río Gállego en Sabiñánigo,3467500,2212500,775,Gallego,Gallego,Ebro,ES,2.000,4111,69.200,89.400,138.900,171.700,203.100,243.800,274.300,304.700,344.800,0,0.000,0.000,0.000,,,
5066,Nossen 1,4552500,3112500,600,Mulde,Freiberger Mulde,Elbe,DE,3.000,6231,25.400,32.000,48.200,58.900,69.200,82.500,92.500,102.500,115.600,0,0.000,0.000,0.000,,,
5067,Avila,3077500,2067500,625,Adaja,Adaja,Douro,ES,2.000,16111,2.700,7.000,17.800,24.900,31.800,40.600,47.200,53.800,62.600,0,0.000,0.000,0.000,,,
5069,Vegalatrave,2982500,2212500,500,Esla,Aliste,Douro,ES,3.000,14211,55.400,75.300,124.300,156.700,187.900,228.200,258.300,288.400,328.100,0,0.000,0.000,0.000,,,
5071,Sahagún,3087500,2267500,900,Esla,Cea,Douro,ES,3.000,14811,26.000,37.100,64.300,82.300,99.600,122.000,138.800,155.500,177.600,0,0.000,0.000,0.000,,,
5073,Morales del Rey,3022500,2247500,4325,Esla,Orbigo,Douro,ES,3.000,14611,213.100,268.900,406.200,497.100,584.300,697.200,781.800,866.000,977.200,0,0.000,0.000,0.000,,,
5074,Villanueva de los Infantes,3117500,2182500,900,Pisuerga,Esgueva,Douro,ES,3.000,18211,4.900,6.600,10.700,13.500,16.100,19.500,22.100,24.600,28.000,0,0.000,0.000,0.000,,,
5076,Las Omañas,3022500,2317500,500,Esla,Omana,Douro,ES,4.000,14621,41.100,54.200,86.400,107.800,128.300,154.800,174.700,194.500,220.600,0,0.000,0.000,0.000,,,
5078,Osma,3232500,2147500,1025,Ucero,Ucero,Douro,ES,2.000,19411,8.300,11.200,18.500,23.300,27.900,33.900,38.400,42.800,48.700,1,1.000,0.000,1.000,1.000,0.500,0.667
5137,Trier UP,4077500,2967500,23675,Moselle,Moselle,Rhine,DE,,4131,1391.900,1604.900,2129.400,2476.600,2809.600,3240.700,3563.800,3885.600,4310.300,1,1.000,0.000,0.000,1.000,1.000,1.000
5141,Allendorf,4317500,3127500,5275,Werra,Werra,Weser,DE,2.000,811,215.100,260.000,370.500,443.700,513.900,604.800,672.900,740.700,830.200,0,0.000,0.000,0.000,,,
5144,Porta,4247500,3237500,19450,"Weser, below Diemel",Weser,Weser,DE,1.000,311,645.400,731.600,943.700,1084.100,1218.800,1393.100,1523.800,1654.000,1825.700,0,0.000,0.000,0.000,,,
5145,Nienburg,4267500,3282500,21975,"Weser, below Diemel",Weser,Weser,DE,1.000,311,694.600,786.500,1012.900,1162.700,1306.400,1492.400,1631.800,1770.700,1954.000,0,0.000,0.000,0.000,,,
5147,Versen Wehrdurchstich,4132500,3297500,8525,Ems,Ems,Ems,DE,1.000,1,302.200,350.100,467.900,545.900,620.800,717.700,790.300,862.600,958.000,0,0.000,0.000,0.000,,,
5151,Azuer en Daimiel,3142500,1882500,1100,Guadiana,Azuer,Guadiana,ES,2.000,1541,6.000,10.500,21.700,29.100,36.200,45.400,52.200,59.100,68.100,0,0.000,0.000,0.000,,,
5152,Gigüela en Saelices,3227500,1957500,575,Ciguela,Ciguela,Guadiana,ES,2.000,1631,1.900,8.800,25.700,37.000,47.800,61.700,72.200,82.600,96.400,0,0.000,0.000,0.000,,,
5153,Gigüela en Quintanar,3197500,1937500,900,Ciguela,Ciguela,Guadiana,ES,2.000,1631,2.200,9.400,27.000,38.700,49.900,64.400,75.300,86.100,100.400,0,0.000,0.000,0.000,,,
5154,Gigüela en Villafranca,3177500,1922500,3250,Ciguela,Ciguela,Guadiana,ES,2.000,1631,6.900,18.600,47.500,66.600,84.900,108.600,126.400,144.100,167.400,0,0.000,0.000,0.000,,,
5155,Záncara en Provencio,3237500,1897500,2175,Ciguela,Zancara,Guadiana,ES,3.000,1621,10.000,31.700,85.000,120.300,154.200,198.000,230.900,263.600,306.800,0,0.000,0.000,0.000,,,
5156,Záncara en Socuéllamos,3212500,1902500,3675,Ciguela,Zancara,Guadiana,ES,3.000,1621,14.800,39.600,100.500,140.900,179.600,229.700,267.300,304.700,354.100,0,0.000,0.000,0.000,,,
5160,Bañuelos en Fernancaballero,3122500,1892500,700,Guadiana,Banuelos,Guadiana,ES,2.000,1521,5.500,8.800,16.800,22.100,27.200,33.800,38.700,43.700,50.100,0,0.000,0.000,1.000,,0.000,0.000
5161,Guadiana en Vicario,3107500,1887500,16325,Guadiana,Guadiana,Guadiana,ES,1.000,1511,48.800,98.100,219.500,299.900,376.900,476.700,551.500,626.000,724.300,0,0.000,0.000,0.000,,,
5162,Jabalón en la Cabezuela,3162500,1832500,675,Jabalon,Jabalon,Guadiana,ES,2.000,1411,2.200,4.700,11.000,15.100,19.100,24.300,28.100,32.000,37.100,0,0.000,0.000,0.000,,,
5163,Bullaque en Torre Abraham,3092500,1917500,775,Guadiana,Bullaque,Guadiana,ES,2.000,1211,3.100,7.900,19.700,27.500,35.000,44.800,52.100,59.300,68.900,1,1.000,0.000,0.000,1.000,1.000,1.000
5164,Bullaque en Luciana,3087500,1882500,2050,Guadiana,Bullaque,Guadiana,ES,2.000,1211,15.200,26.400,54.000,72.300,89.800,112.500,129.500,146.400,168.800,1,1.000,0.000,0.000,1.000,1.000,1.000
5165,Tirteafuera en Abenójar,3072500,1872500,750,Guadiana,Tirteafuera,Guadiana,ES,2.000,1121,60.500,81.700,133.800,168.400,201.500,244.300,276.400,308.400,350.600,1,0.000,1.000,1.000,0.000,0.000,0.000
5167,Guadiana en Villarubia,3142500,1897500,12050,Ciguela,Ciguela,Guadiana,ES,2.000,1611,43.100,84.100,184.900,251.700,315.700,398.600,460.700,522.600,604.200,0,0.000,0.000,0.000,,,
5169,Guadiana en Puebla de D. Rodrigo,3057500,1897500,22550,Guadiana,Guadiana,Guadiana,ES,1.000,1111,137.400,204.000,367.900,476.400,580.400,715.100,816.100,916.700,1049.300,0,0.000,0.000,0.000,,,
5174,Zújar Confluencia Guadamatilla,3002500,1862500,1625,Zujar,Zujar,Guadiana,ES,2.000,1031,115.800,198.300,401.400,535.800,664.800,831.700,956.800,1081.400,1245.800,0,0.000,0.000,0.000,,,
5175,Guadalmez en Guadalmez,3022500,1862500,2825,Zujar,Guadalmez,Guadiana,ES,3.000,1021,209.600,292.200,495.500,630.100,759.300,926.400,1051.600,1176.400,1341.100,0,0.000,0.000,0.000,,,
5179,Zújar en Zújar,2977500,1897500,7650,Zujar,Zujar,Guadiana,ES,2.000,1011,70.100,106.100,194.700,253.400,309.700,382.500,437.100,491.500,563.200,0,0.000,0.000,0.000,,,
5183,Ruecas en Hernán Cortés,2947500,1917500,1800,Ruecas,Ruecas,Guadiana,ES,2.000,811,30.700,44.800,79.600,102.600,124.700,153.200,174.600,196.000,224.100,1,1.000,0.000,0.000,1.000,1.000,1.000
5186,Búrdalo en Sta. Amalia,2932500,1917500,550,Burdalo,Burdalo,Guadiana,ES,2.000,721,11.100,17.100,32.000,41.900,51.300,63.500,72.700,81.800,93.900,1,1.000,0.000,0.000,1.000,1.000,1.000
5188,Guadiana en Valverde,2917500,1907500,39375,Guadiana,Guadiana,Guadiana,ES,1.000,711,143.100,230.300,444.900,587.000,723.200,899.700,1031.900,1163.600,1337.400,1,0.000,1.000,0.000,0.000,,0.000
5189,Matachel en los Molinos,2912500,1872500,1275,Matachel,Matachel,Guadiana,ES,2.000,611,15.100,29.800,65.900,89.900,112.800,142.500,164.800,186.900,216.200,0,0.000,0.000,0.000,,,
5196,Guadiana en Montijo,2897500,1912500,42800,Guadiana,Guadiana,Guadiana,ES,1.000,551,168.100,266.900,510.200,671.300,825.800,1025.800,1175.700,1325.000,1522.000,1,0.000,1.000,0.000,0.000,,0.000
5199,Guadajira en Guadajira,2877500,1907500,875,Guadajira,Guadajira,Guadiana,ES,2.000,541,15.200,25.300,50.300,66.800,82.600,103.100,118.500,133.800,154.000,2,0.000,2.000,1.000,0.000,0.000,0.000
5202,Albuera en Talavera,2867500,1917500,500,Guadiana,Rivera de los limonetes,Guadiana,ES,2.000,521,5.900,10.900,23.300,31.400,39.300,49.400,57.000,64.600,74.600,2,2.000,0.000,0.000,1.000,1.000,1.000
5203,Zapatón en Villar del Rey,2867500,1942500,1075,Gevora,Zapaton,Guadiana,ES,2.000,421,6.300,14.400,34.500,47.800,60.600,77.100,89.400,101.800,118.000,2,2.000,0.000,0.000,1.000,1.000,1.000
5204,Gévora en los Riscos,2852500,1947500,525,Gevora,Gevora,Guadiana,ES,3.000,431,20.100,27.300,44.900,56.500,67.700,82.100,93.000,103.800,118.000,2,2.000,0.000,0.000,1.000,1.000,1.000
5205,Gévora en Valdebotoa,2857500,1927500,2075,Gevora,Gevora,Guadiana,ES,3.000,411,34.800,50.900,90.500,116.700,141.900,174.400,198.800,223.100,255.200,2,2.000,0.000,0.000,1.000,1.000,1.000
5206,Rivilla en Badajoz,2852500,1917500,48875,Guadiana,Rivilla,Guadiana,ES,2.000,341,237.700,359.300,658.600,856.700,1046.800,1292.800,1477.200,1660.900,1903.200,1,1.000,0.000,0.000,1.000,1.000,1.000
5208,Ardila en Oliva,2847500,1847500,1750,Ardilla,Ardila,Guadiana,ES,2.000,231,11.000,17.000,31.900,41.800,51.200,63.400,72.600,81.700,93.800,0,0.000,0.000,0.000,,,
5209,Guadiana en Villanueva,2952500,1912500,35125,Guadiana,Guadiana,Guadiana,ES,1.000,911,116.700,194.900,387.300,514.700,636.900,795.100,913.600,1031.700,1187.500,0,0.000,0.000,0.000,,,
5211,Guadiana en Talavera,2872500,1917500,44950,Guadiana,Guadiana,Guadiana,ES,1.000,531,192.700,298.200,557.900,729.800,894.700,1108.100,1268.100,1427.400,1637.700,1,1.000,0.000,1.000,1.000,0.500,0.667
5212,Guadiana en Charco de los Pollos,2847500,1917500,48925,Guadiana,Guadiana,Guadiana,ES,1.000,331,237.900,359.800,659.800,858.400,1048.900,1295.400,1480.200,1664.300,1907.200,1,1.000,0.000,0.000,1.000,1.000,1.000
5213,Múrtigas en Encinasola,2837500,1837500,825,Ardilla,Murtigas,Guadiana,ES,3.000,221,8.200,13.100,25.300,33.300,41.000,51.000,58.500,66.000,75.800,0,0.000,0.000,0.000,,,
5214,Banja Luka,4892500,2432500,3450,Sava,Vrbas,Danube,BA,,105431,124.500,155.200,230.800,280.800,328.800,390.900,437.500,483.900,545.100,0,0.000,0.000,0.000,,,
5215,Delibasino Selo,4892500,2437500,4275,Sava,Vrbas,Danube,BA,,105411,193.500,238.800,350.200,423.900,494.700,586.300,654.900,723.200,813.500,0,0.000,0.000,0.000,,,
5218,Volari,4887500,2382500,600,Sava,Pliva,Danube,BA,,105441,25.400,29.800,40.500,47.600,54.400,63.200,69.800,76.400,85.100,0,0.000,0.000,0.000,,,
5220,Novi Grad nizvodno,4822500,2462500,8725,Sava,Una,Danube,BA,,106111,951.800,1084.700,1411.900,1628.600,1836.400,2105.400,2306.900,2507.700,2772.700,0,0.000,0.000,0.000,,,
5221,Prijedor,4847500,2452500,3025,Sava,Sana,Danube,BA,,106211,392.400,442.800,566.800,648.900,727.700,829.600,906.000,982.100,1082.500,0,0.000,0.000,0.000,,,
5223,Martinrive,4012500,3047500,1100,Meuse,Ambleve,Rhine,BE,,2441,112.300,129.200,170.700,198.100,224.500,258.600,284.100,309.600,343.200,1,1.000,0.000,0.000,1.000,1.000,1.000
5224,Membre Pont,3957500,2987500,1250,Meuse,Smois,Rhine,BE,,2762,146.800,173.800,240.400,284.400,326.700,381.400,422.400,463.300,517.200,2,1.000,1.000,0.000,0.500,1.000,0.667
5225,Treignes,3937500,3012500,600,Meuse,Viroin,Rhine,BE,,2741,47.800,55.800,75.500,88.600,101.100,117.300,129.400,141.600,157.500,2,0.000,2.000,0.000,0.000,,0.000
5226,Gendron,3962500,3022500,1425,Meuse,Lesse,Rhine,BE,,2721,121.600,143.500,197.400,233.100,267.400,311.700,345.000,378.100,421.800,0,0.000,0.000,0.000,,,
5228,Tabreux,4002500,3047500,1650,Meuse,Ourthe,Rhine,BE,,2451,124.100,145.000,196.600,230.700,263.400,305.800,337.600,369.200,411.000,1,1.000,0.000,0.000,1.000,1.000,1.000
5230,Chaudfontaine Pisc,4017500,3057500,700,Meuse,Vesdre,Rhine,BE,,2421,59.400,68.700,91.700,106.900,121.400,140.300,154.400,168.500,187.100,2,1.000,1.000,1.000,0.500,0.500,0.500
5231,Solre Us,3902500,3037500,1375,Meuse,Haute sambre,Rhine,BE,,2611,71.600,86.300,122.600,146.600,169.600,199.400,221.800,244.000,273.400,0,0.000,0.000,0.000,,,
5232,Lessines Us,3887500,3082500,525,Scheldt,Dender,Scheldt,BE,,41,27.500,38.000,64.000,81.200,97.700,119.100,135.100,151.100,172.100,1,0.000,1.000,0.000,0.000,,0.000
