version__origin__name,version__version,station_id,StationName,StationLon,StationLat,Alive,CAL_TYPE,Calibration ID,Catchment,Country code,DrainingArea.km2.LDD,DrainingArea.km2.Provider,EC_Catchments,EC_calib,Exclude,FixedRepPoint,HasD,HasHD,HasHWL,HasRTD,HasRTWL,HasWL,Height,LSFCalib,LisfloodX,LisfloodY,MdlStep,ModelFile,Notes,ObsID,PostProcess,Provider ID,RealTime,River
EFAS,12,1,Schwabelweis,12.13873,49.023585,1,NRT_6h,,Danube,DE,35525,35399,Danube,1,0,TRUE,1,1,1,1,1,1,324.49,FALSE,4477500,2882500,6,ID_1.mod,Oscillations in lower flow  use 3,1,TRUE,1004,TRUE,Danube
EFAS,12,2,Hofkirchen,13.115212,48.676627,1,NRT_6h,C059,Danube,DE,47525,47496,Danube,3,0,TRUE,1,1,1,1,1,1,299.6,TRUE,4547500,2847500,6,ID_2.mod,,2,TRUE,1004,TRUE,Danube
EFAS,12,3,Pfelling,12.747379,48.879843,1,NRT_6h,C362,Danube,DE,37725,37687,Danube,2,0,TRUE,1,1,1,1,1,1,310.25,FALSE,4517500,2867500,6,ID_3.mod,Use 886 which has more data almost same location Same location as 886,3,TRUE,1004,TRUE,Danube
EFAS,12,4,Barby,11.882244,51.984836,1,NRT_6h,C348,Elbe,DE,93975,94060,Elbe,3,0,TRUE,1,1,1,1,1,1,46.11,TRUE,4452500,3207500,6,ID_4.mod,,4,TRUE,1004,TRUE,Elbe
EFAS,12,5,Wittenberg / Lutherstadt,12.646309,51.856531,1,NRT_6h,C164,Elbe,DE,61675,61879,Elbe,3,0,TRUE,1,1,1,1,1,1,62.44,TRUE,4497500,3197500,6,ID_5.mod,,5,TRUE,1004,TRUE,Elbe
EFAS,12,6,Malliss OP,11.345254,53.190627,1,NRT_6h,C558,Elbe,DE,2900,2879,Elbe,0,0,TRUE,1,1,1,1,1,1,19.75,FALSE,4407500,3342500,6,ID_6.mod,unrealistic low discharge same for daily data  possibly wrong location,6,TRUE,1004,TRUE,Muritz-Elde
EFAS,12,7,Schnackenburg,11.569159,53.038253,1,,,Elbe,DE,125175,125482,Elbe,,0,FALSE,0,0,1,0,1,1,13.7,FALSE,4422500,3327500,,,No discharge data available for calibration period,7,FALSE,1004,FALSE,Elbe
EFAS,12,8,Grosse Traenke Wehr UP,13.996386,52.369055,1,HIST_24h,,Elbe,DE,6625,6170.92,Elbe,0,0,TRUE,0,1,1,1,1,1,34.8,FALSE,4592500,3257500,6,ID_8.mod,oscillations doscharge is too low compared to size of catchment possibly wrong data,8,FALSE,1004,FALSE,Muggelspree
EFAS,12,9,Rathenow UP,12.321014,52.607446,1,HIST_24h,C351,Elbe,DE,18875,19288.46,Elbe,3,0,TRUE,0,1,1,0,1,1,24.52,TRUE,4472500,3287500,24,ID_9.mod,,9,FALSE,1004,FALSE,Lower Havel
EFAS,12,10,Plau OP,12.259913,53.456704,1,NRT_6h,,Elbe,DE,1250,1230,Elbe,0,0,TRUE,1,1,1,1,1,1,60.16,FALSE,4467500,3377500,6,ID_10.mod,low quality data  very small flow a   lake,10,TRUE,1004,TRUE,Muritz-Elde
EFAS,12,11,Calbe Grizehne,11.812211,51.916414,1,NRT_6h,C169,Elbe,DE,23725,23719,Elbe,3,0,TRUE,1,1,1,1,1,1,49.36,TRUE,4442500,3202500,6,ID_11.mod,,11,TRUE,1004,TRUE,Saale
EFAS,12,12,Tangermuende,11.978054,52.541308,1,NRT_6h,C170,Elbe,DE,97875,97780,Elbe,3,0,TRUE,1,1,1,1,1,1,27.56,TRUE,4457500,3272500,6,ID_12.mod,,12,TRUE,1004,TRUE,Elbe
EFAS,12,13,Bernburg UP,11.73542,51.796794,1,NRT_6h,,Elbe,DE,19700,19660,Elbe,2,0,TRUE,1,1,1,1,1,1,55.11,FALSE,4442500,3187500,6,ID_13.mod,Few outliers removed with qc close to 11,13,TRUE,1004,TRUE,Saale
EFAS,12,14,Wittenberge,11.759441,52.985531,1,NRT_6h,C171,Elbe,DE,123300,123532,Elbe,3,0,TRUE,1,1,1,1,1,1,16.72,TRUE,4432500,3327500,6,ID_14.mod,,14,TRUE,1004,TRUE,Elbe
EFAS,12,15,Aken,12.058857,51.857869,1,NRT_6h,C349,Elbe,DE,69875,70093,Elbe,3,0,TRUE,1,1,1,1,1,1,50.2,TRUE,4457500,3202500,6,ID_15.mod,,15,TRUE,1004,TRUE,Elbe
EFAS,12,16,Magdeburg-Strombruecke,11.644332,52.1297,1,NRT_6h,,Elbe,DE,94975,94942,Elbe,2,0,TRUE,1,1,1,1,1,1,39.88,FALSE,4437500,3222500,6,ID_16.mod,Close to 4,16,TRUE,1004,TRUE,Elbe
EFAS,12,17,Havelberg Stadt,12.07804,52.824075,1,NRT_6h,,Elbe,DE,23550,23858,Elbe,1,0,TRUE,1,1,1,1,1,1,21.57,FALSE,4462500,3302500,6,ID_17.mod,Outliers exclude 2013 flood  negative values removed with qc,17,TRUE,1004,TRUE,Lower Havel waterway
EFAS,12,18,Halle-Trotha UP,11.954551,51.514254,1,NRT_6h,C350,Elbe,DE,18000,17988,Elbe,3,0,TRUE,1,1,1,1,1,1,69.34,TRUE,4457500,3157500,6,ID_18.mod,small outliers,18,TRUE,1004,TRUE,Saale
EFAS,12,19,Neu Darchau,10.8888,53.232262,1,NRT_6h,C172,Elbe,DE,131450,131950,Elbe,3,0,TRUE,1,1,1,1,1,1,5.68,TRUE,4377500,3352500,6,ID_19.mod,,19,TRUE,1004,TRUE,Elbe
EFAS,12,20,Schwedt-Oderbruecke,14.311627,53.035578,1,,,Oder,DE,112475,112950,Oder,,0,FALSE,0,0,1,0,1,1,-4.99,FALSE,4607500,3332500,,,No discharge data available for calibration period,20,FALSE,1004,FALSE,Oder
EFAS,12,21,Eisenhuettenstadt,14.687965,52.153321,1,NRT_6h,C365,Oder,DE,51150,52033,Oder,3,0,TRUE,1,1,1,1,1,1,25.17,TRUE,4642500,3237500,6,ID_21.mod,,21,TRUE,1004,TRUE,Oder
EFAS,12,22,Kienitz,14.433228,52.679839,1,,,Oder,DE,109425,109093,Oder,,0,FALSE,0,0,1,0,1,1,5.2,FALSE,4622500,3292500,,,No discharge data available for calibration period,22,FALSE,1004,FALSE,Oder
EFAS,12,23,Frankfurt (Oder),14.551714,52.357808,1,,,Oder,DE,51925,53580,Oder,,0,FALSE,0,0,1,0,1,1,17.19,FALSE,4632500,3262500,,,No discharge data available for calibration period,23,FALSE,1004,FALSE,Oder
EFAS,12,24,Stuetzkow,14.19335,52.983722,1,,,Oder,DE,112450,112143,Oder,,0,FALSE,0,0,1,0,1,1,-5,FALSE,4602500,3327500,,,No discharge data available for calibration period,24,FALSE,1004,FALSE,Oder
EFAS,12,25,Kietz,14.630298,52.577597,1,,,Oder,DE,52450,53752,Oder,,0,FALSE,0,0,1,0,1,1,8.69,FALSE,4637500,3282500,,,No discharge data available for calibration period,25,FALSE,1004,FALSE,Oder
EFAS,12,26,Hohensaaten-Finow,14.141123,52.864739,1,NRT_6h,C178,Oder,DE,109875,109564,Oder,3,0,TRUE,1,1,1,1,1,1,0.16,TRUE,4602500,3307500,6,ID_26.mod,,26,TRUE,1004,TRUE,Oder
EFAS,12,27,Leun (Neu),8.355275,50.545134,1,NRT_6h,C338,Rhine,DE,3575,3571,Rhine,3,0,TRUE,1,1,1,1,1,1,135,TRUE,4207500,3047500,6,ID_27.mod,,27,TRUE,1004,TRUE,Lahn
EFAS,12,28,Maxau,8.305614,49.038957,1,HIST_6h,,Rhine,DE,50425,50196,Rhine,1,0,TRUE,1,1,1,1,1,1,97.79,FALSE,4192500,2877500,6,ID_28.mod,Limited data period,28,TRUE,1004,TRUE,Rhine
EFAS,12,29,Raunheim,8.44832,50.01613,1,NRT_6h,,Rhine,DE,27100,27142,Rhine,0,0,TRUE,1,1,1,1,1,1,82.9,FALSE,4207500,2987500,6,ID_29.mod,oscillations jumps missing data,29,TRUE,1004,TRUE,Main
EFAS,12,30,Plittersdorf,8.135974,48.885937,1,NRT_6h,,Rhine,DE,48500,48276,Rhine,3,0,TRUE,1,1,1,1,1,1,106.76,TRUE,4182500,2862500,6,ID_30.mod,,30,TRUE,1004,TRUE,Rhine
EFAS,12,31,Frankfurt-Osthafen,8.715027,50.105711,1,NRT_6h,C211,Rhine,DE,24775,24764,Rhine,1,0,TRUE,1,1,1,1,1,1,90.64,FALSE,4222500,2997500,6,ID_31.mod,Quite large oscillations in low flow  no large flood peaks could use hist_24 instead,31,TRUE,1004,TRUE,Main
EFAS,12,32,Perl,6.369075,49.472537,1,NRT_6h,C207,Rhine,DE,11525,11522,Rhine,3,0,TRUE,1,1,1,1,1,1,138.5,TRUE,4057500,2942500,6,ID_32.mod,Use after 03-2013  Outliers removed with qcc and small oscillations zeros,32,TRUE,1004,TRUE,Moselle
EFAS,12,33,Plochingen,9.419239,48.707411,1,NRT_6h,C342,Rhine,DE,3975,3995,Rhine,3,0,TRUE,1,1,1,1,1,1,245.9,TRUE,4277500,2842500,6,ID_33.mod,,33,TRUE,1004,TRUE,Neckar
EFAS,12,34,Schweinfurt Neuer Hafen,10.220745,50.031183,1,NRT_6h,,Rhine,DE,12825,12715,Rhine,1,0,TRUE,1,1,1,1,1,1,204.04,FALSE,4332500,2982500,6,ID_34.mod,Outliers  small oscillations  zeros  qc,34,TRUE,1004,TRUE,Main
EFAS,12,35,Kleinheubach,9.233046,49.713596,1,NRT_6h,C335,Rhine,DE,21550,21505,Rhine,0,0,TRUE,1,1,1,1,1,1,119.62,FALSE,4262500,2957500,6,ID_35.mod,Wrong hydrometric zero or wrong rating curve  could use hist_24 instead,35,TRUE,1004,TRUE,Main
EFAS,12,36,Kaub,7.764994,50.085407,1,NRT_6h,C202,Rhine,DE,103525,103488,Rhine,3,0,TRUE,1,1,1,1,1,1,67.68,TRUE,4162500,2992500,6,ID_36.mod,,36,TRUE,1004,TRUE,Rhine
EFAS,12,37,Obernau,9.129109,49.933776,1,,,Rhine,DE,22275,22300,Rhine,,0,FALSE,0,0,1,0,1,1,107.8,FALSE,4257500,2977500,,,No discharge data available for calibration period,37,FALSE,1004,FALSE,Main
EFAS,12,38,Cochem,7.16831,50.143322,1,NRT_6h,C208,Rhine,DE,27025,27088,Rhine,3,0,TRUE,1,1,1,1,1,1,77,TRUE,4122500,3007500,6,ID_38.mod,,38,TRUE,1004,TRUE,Moselle
EFAS,12,39,Trunstadt,10.75524,49.92968,1,NRT_6h,,Rhine,DE,11950,12010,Rhine,3,0,TRUE,1,1,1,1,1,1,223.4,TRUE,4372500,2982500,6,ID_39.mod,Outliers  zeros removed with qc,39,TRUE,1004,TRUE,Main
EFAS,12,40,Koeln,6.963322,50.936914,1,NRT_6h,,Rhine,DE,144150,144231.54,Rhine,2,0,TRUE,1,1,1,1,1,1,34.97,FALSE,4107500,3092500,6,ID_40.mod,Few outliers removed with qc close to 58 and 62,40,TRUE,1004,TRUE,Rhine
EFAS,12,41,Oberwinter,7.215007,50.601027,1,,,Rhine,DE,140625,140738,Rhine,,0,FALSE,0,0,1,0,1,1,47.13,FALSE,4122500,3057500,,,No discharge data available for calibration period,41,FALSE,1004,FALSE,Rhine
EFAS,12,42,Kalkofen (Neu),7.889898,50.317832,1,NRT_6h,,Rhine,DE,5275,5304,Rhine,3,0,TRUE,1,1,1,1,1,1,86.39,TRUE,4172500,3027500,6,ID_42.mod,,42,TRUE,1004,TRUE,Lahn
EFAS,12,43,Wuerzburg,9.926005,49.796189,1,NRT_6h,C340,Rhine,DE,14125,14031,Rhine,2,0,TRUE,1,1,1,1,1,1,164.55,FALSE,4317500,2967500,6,ID_43.mod,Outliers  zeros removed with qc  small oscillations  close to 39 and 59,43,TRUE,1004,TRUE,Main
EFAS,12,44,Ruwer,6.70427,49.783015,1,,,Rhine,DE,23975,23883,Rhine,,0,FALSE,0,0,1,0,1,1,121,FALSE,4082500,2967500,,,No discharge data available for calibration period,44,FALSE,1004,FALSE,Moselle
EFAS,12,45,Worms,8.377548,49.631858,1,NRT_6h,C204,Rhine,DE,68950,68936,Rhine,3,0,TRUE,1,1,1,1,1,1,84.16,TRUE,4202500,2947500,6,ID_45.mod,,45,TRUE,1004,TRUE,Rhine
EFAS,12,46,Emmerich,6.245604,51.829213,1,NRT_6h,,Rhine,DE,159550,159555,Rhine,2,0,TRUE,1,1,1,1,1,1,8,FALSE,4057500,3197500,6,ID_46.mod,Close to 153,46,TRUE,1004,TRUE,Rhine
EFAS,12,47,Ruhrort,6.727942,51.455309,1,NRT_6h,,Rhine,DE,152875,153176,Rhine,3,0,TRUE,1,1,1,1,1,1,16.09,TRUE,4092500,3157500,6,ID_47.mod,,47,TRUE,1004,TRUE,Rhine
EFAS,12,48,Rees,6.395703,51.756915,1,NRT_6h,,Rhine,DE,159400,159683,Rhine,2,0,TRUE,1,1,1,1,1,1,8.73,FALSE,4067500,3192500,6,ID_48.mod,Close to 153,48,TRUE,1004,TRUE,Rhine
EFAS,12,49,Mainz,8.275352,50.003966,1,NRT_6h,C333,Rhine,DE,98300,98206,Rhine,3,0,TRUE,1,1,1,1,1,1,80.4,TRUE,4197500,2987500,6,ID_49.mod,,49,TRUE,1004,TRUE,Rhine
EFAS,12,50,Koblenz,7.60477,50.358608,1,HIST_24h,,Rhine,DE,109850,109806,Rhine,3,0,TRUE,0,1,1,0,1,1,57.67,TRUE,4147500,3027500,24,ID_50.mod,,50,FALSE,1004,FALSE,Rhine
EFAS,12,51,St.Arnual,7.022796,49.214863,1,HIST_6h,,Rhine,DE,3900,3945,Rhine,1,0,TRUE,1,1,1,1,1,1,183.25,FALSE,4102500,2902500,6,ID_51.mod,Limited data period,51,TRUE,1004,TRUE,Saar
EFAS,12,52,Kehl-Kronenhof,7.806693,48.563364,1,NRT_6h,,Rhine,DE,39525,39330,Rhine,0,0,TRUE,1,1,1,1,1,1,133,FALSE,4157500,2832500,6,ID_52.mod,Large Oscillations   change in low flow,52,TRUE,1004,TRUE,Rhine
EFAS,12,53,Diez Hafen,8.004968,50.371941,1,NRT_6h,,Rhine,DE,4900,4907,Rhine,2,0,TRUE,1,1,1,1,1,1,101.26,FALSE,4182500,3032500,6,ID_53.mod,close to 42,53,TRUE,1004,TRUE,Lahn
EFAS,12,54,Wesel,6.606833,51.646106,1,NRT_6h,,Rhine,DE,154150,154528,Rhine,1,0,TRUE,1,1,1,1,1,1,11.2,FALSE,4087500,3172500,6,ID_54.mod,Limited data period,54,TRUE,1004,TRUE,Rhine
EFAS,12,55,Bingen,7.899702,49.970312,1,,,Rhine,DE,99225,99090,Rhine,,0,FALSE,0,0,1,0,1,1,76.18,FALSE,4172500,2987500,,,No discharge data available for calibration period,55,FALSE,1004,FALSE,Rhine
EFAS,12,56,Oestrich,8.030081,50.002836,1,,,Rhine,DE,98675,98600,Rhine,,0,FALSE,0,0,1,0,1,1,77.56,FALSE,4182500,2987500,,,No discharge data available for calibration period,56,FALSE,1004,FALSE,Rhine
EFAS,12,57,Andernach,7.392084,50.443357,1,NRT_6h,,Rhine,DE,139600,139549,Rhine,2,0,TRUE,1,1,1,1,1,1,51.47,FALSE,4132500,3042500,6,ID_57.mod,Few outliers removed with qc close to 62,57,TRUE,1004,TRUE,Rhine
EFAS,12,58,Düsseldorf,6.769909,51.225463,1,NRT_6h,C203,Rhine,DE,147750,147680.43,Rhine,3,0,TRUE,1,1,1,1,1,1,24.48,TRUE,4092500,3127500,6,ID_58.mod,,58,TRUE,1004,TRUE,Rhine
EFAS,12,59,Steinbach,9.60371,50.009961,1,NRT_6h,,Rhine,DE,17925,17914.2,Rhine,3,0,TRUE,1,1,1,1,1,1,146.33,TRUE,4297500,2992500,6,ID_59.mod,,59,TRUE,1004,TRUE,Main
EFAS,12,60,Fremersdorf,6.648444,49.408914,1,NRT_6h,C214,Rhine,DE,7025,6983,Rhine,3,0,TRUE,1,1,1,1,1,1,165.5,TRUE,4077500,2932500,6,ID_60.mod,,60,TRUE,1004,TRUE,Saar
EFAS,12,61,Gundelsheim UP,9.153664,49.281374,1,,,Rhine,DE,12475,12332,Rhine,,0,FALSE,0,0,1,0,1,1,136.63,FALSE,4257500,2907500,,,No discharge data available for calibration period,61,FALSE,1004,FALSE,Neckar
EFAS,12,62,Bonn,7.10807,50.736364,1,NRT_6h,,Rhine,DE,140775,140901,Rhine,3,0,TRUE,1,1,1,1,1,1,42.66,TRUE,4117500,3072500,6,ID_62.mod,,62,TRUE,1004,TRUE,Rhine
EFAS,12,63,Speyer,8.44876,49.323786,1,NRT_6h,C334,Rhine,DE,53250,53131,Rhine,3,0,TRUE,1,1,1,1,1,1,88.51,TRUE,4212500,2917500,6,ID_63.mod,,63,TRUE,1004,TRUE,Rhine
EFAS,12,64,Heidelberg UP,8.717778,49.414661,1,HIST_24h,,Rhine,DE,13900,13783,Rhine,0,0,TRUE,0,1,1,1,1,1,103.26,FALSE,4227500,2922500,24,ID_64.mod,Almost same location as 932  wrong hydrometric zero,64,FALSE,1004,FALSE,Neckar
EFAS,12,65,Nierstein-Oppenheim,8.35244,49.864958,1,,,Rhine,DE,70500,70387,Rhine,,0,FALSE,0,0,1,0,1,1,80.19,FALSE,4202500,2972500,,,No discharge data available for calibration period,65,FALSE,1004,FALSE,Rhine
EFAS,12,66,Mannheim,8.45413,49.48476,1,,,Rhine,DE,54175,54017,Rhine,,0,FALSE,0,0,1,0,1,1,85.16,FALSE,4207500,2927500,,,No discharge data available for calibration period,66,FALSE,1004,FALSE,Rhine
EFAS,12,67,Breisach,7.572627,48.043177,1,HIST_24h,,Rhine,DE,37575,37575,Rhine,3,0,TRUE,0,1,1,1,1,1,191.85,TRUE,4142500,2777500,6,ID_67.mod,,67,FALSE,1004,FALSE,Rhine
EFAS,12,68,Rheinweiler,7.529335,47.711025,1,NRT_6h,,Rhine,DE,36650,36649,Rhine,0,0,TRUE,1,1,1,1,1,1,217.24,FALSE,4137500,2737500,6,ID_68.mod,Extremely low discharge possibly wrong location or wrong rating curve,68,TRUE,1004,TRUE,Rhine
EFAS,12,69,Erlln,12.813374,51.155168,0,HIST_24h,,Elbe,DE,5375,2983,Elbe,2,0,TRUE,0,1,1,1,1,0,133.03,FALSE,4517500,3117500,6,ID_69.mod,Moved on Elbe main stream  close to 82,69,FALSE,1007,FALSE,Freiberger Mulde
EFAS,12,71,Kriebstein UP,13.02157,51.055167,1,NRT_6h,,Elbe,DE,1800,1757,Elbe,3,0,TRUE,1,1,1,1,1,1,182.84,TRUE,4532500,3112500,6,ID_71.mod,Dam,71,TRUE,1007,TRUE,Zschopau
EFAS,12,73,Zwickau-Poelbitz,12.493595,50.740921,1,NRT_6h,,Elbe,DE,1025,1030,Elbe,3,0,TRUE,1,1,1,1,1,1,255.21,TRUE,4497500,3072500,6,ID_73.mod,,73,TRUE,1007,TRUE,Zwickauer Mulde
EFAS,12,74,Wolkenburg,12.671394,50.901464,1,NRT_6h,,Elbe,DE,1400,1416.38,Elbe,2,0,TRUE,1,1,1,1,1,1,207.78,FALSE,4507500,3087500,6,ID_74.mod,Outliers  zeros  negative values removed with qc close to 73,74,TRUE,1007,TRUE,Zwickauer Mulde
EFAS,12,75,Wechselburg 1,12.772535,51.006848,1,NRT_6h,,Elbe,DE,2125,2107,Elbe,2,0,TRUE,1,1,1,1,1,1,159.72,FALSE,4517500,3102500,6,ID_75.mod,close to 80,75,TRUE,1007,TRUE,Zwickauer Mulde
EFAS,12,76,Riesa,13.293276,51.31149,1,NRT_6h,,Elbe,DE,54450,54485,Elbe,2,0,TRUE,1,1,1,1,1,1,88.03,FALSE,4552500,3137500,6,ID_76.mod,Few outliers on 2013 flood  zeros  close to 78,76,TRUE,1007,TRUE,Elbe
EFAS,12,77,Muehlberg,13.190925,51.437427,1,HIST_24h,,Elbe,DE,55075,55030,Elbe,0,0,TRUE,0,1,1,0,1,1,81.68,FALSE,4542500,3152500,24,ID_77.mod,Extremely low discharge conpared to catchment size  Possibly wrong location or wrong data,77,FALSE,1004,FALSE,Elbe
EFAS,12,78,Torgau,13.01012,51.553713,1,NRT_6h,C163,Elbe,DE,55150,55211,Elbe,3,0,TRUE,1,1,1,1,1,1,75.18,TRUE,4532500,3157500,6,ID_78.mod,,78,TRUE,1007,TRUE,Elbe
EFAS,12,79,Lichtenwalde 1,13.020015,50.886191,1,NRT_6h,,Elbe,DE,1600,1575,Elbe,3,0,TRUE,1,1,1,1,1,1,251.91,TRUE,4532500,3092500,6,ID_79.mod,,79,TRUE,1007,TRUE,Zschopau
EFAS,12,80,Colditz,12.806467,51.121355,1,NRT_6h,,Elbe,DE,2325,2326,Elbe,3,0,TRUE,1,1,1,1,1,1,139.17,TRUE,4517500,3112500,6,ID_80.mod,,80,TRUE,1007,TRUE,Zwickauer Mulde
EFAS,12,81,Kleindalzig,12.291583,51.210414,1,NRT_6h,,Elbe,DE,2975,2891,Elbe,3,0,TRUE,1,1,1,1,1,1,119.55,TRUE,4482500,3122500,6,ID_81.mod,zeros removed with qc,81,TRUE,1007,TRUE,White Elster
EFAS,12,82,Golzern 1,12.777398,51.253004,1,NRT_6h,C165,Elbe,DE,5500,5442,Elbe,3,0,TRUE,1,1,1,1,1,1,117.7,TRUE,4512500,3127500,6,ID_82.mod,,82,TRUE,1007,TRUE,United Mulde
EFAS,12,83,Bad Dueben 1,12.580715,51.590779,1,NRT_6h,C353,Elbe,DE,6050,6171,Elbe,3,0,TRUE,1,1,1,1,1,1,81.5,TRUE,4502500,3162500,6,ID_83.mod,,83,TRUE,1007,TRUE,United Mulde
EFAS,12,84,Oberthau,12.147231,51.384405,0,NRT_6h,,Elbe,DE,4950,4939,Elbe,3,0,TRUE,0,1,1,1,1,0,87.27,TRUE,4477500,3142500,6,ID_84.mod,,84,FALSE,1007,FALSE,White Elster
EFAS,12,85,Boehlen 1,12.387218,51.211917,1,NRT_6h,,Elbe,DE,1400,1359,Elbe,3,0,TRUE,1,1,1,1,1,1,120.9,TRUE,4487500,3132500,6,ID_85.mod,,85,TRUE,1007,TRUE,Pleisse
EFAS,12,86,Neuwiese,14.197033,51.476458,1,NRT_6h,,Elbe,DE,675,669,Elbe,3,0,TRUE,1,1,0,1,1,1,109.72,TRUE,4617500,3157500,6,ID_86.mod,,86,TRUE,1007,TRUE,Blacl Elster
EFAS,12,87,Schoena,14.235233,50.875791,1,NRT_6h,,Elbe,DE,51400,51391,Elbe,3,0,TRUE,1,1,1,1,1,1,116.21,TRUE,4617500,3092500,6,ID_87.mod,,87,TRUE,1007,TRUE,Elbe
EFAS,12,88,Pirna,13.933004,50.9645,1,,,Elbe,DE,52000,52080,Elbe,,0,TRUE,0,0,1,1,1,1,108.06,FALSE,4607500,3102500,,,No discharge data available for calibration period,88,FALSE,1007,FALSE,Elbe
EFAS,12,89,Dresden,13.738831,51.054481,1,NRT_6h,C155,Elbe,DE,53125,53096,Elbe,3,0,TRUE,1,1,1,1,1,1,102.73,TRUE,4582500,3112500,6,ID_89.mod,,89,TRUE,1007,TRUE,Elbe
EFAS,12,90,Meissen,13.474611,51.164463,1,,,Elbe,DE,53950,53885,Elbe,,0,TRUE,0,0,1,1,1,1,94.84,FALSE,4562500,3122500,,,No discharge data available for calibration period,90,FALSE,1007,FALSE,Elbe
EFAS,12,91,Podrosche 3,14.946656,51.47187,1,NRT_6h,,Oder,DE,2100,2173,Oder,2,0,TRUE,1,1,0,1,1,1,120.6,FALSE,4657500,3167500,6,ID_91.mod,close to 150,91,TRUE,1007,TRUE,Lusatian Neisse
EFAS,12,92,Sprey,14.522407,51.430489,1,NRT_6h,,Elbe,DE,1650,1596,Elbe,2,0,TRUE,1,1,1,1,1,1,114.11,FALSE,4637500,3152500,6,ID_92.mod,close to 93,92,TRUE,1007,TRUE,Spree
EFAS,12,93,Spreewitz,14.404286,51.510861,1,NRT_6h,,Elbe,DE,2100,2033,Elbe,3,0,TRUE,1,1,1,1,1,1,99.03,TRUE,4632500,3162500,6,ID_93.mod,,93,TRUE,1007,TRUE,Spree
EFAS,12,94,Goerlitz,14.993189,51.161195,1,NRT_6h,,Oder,DE,1600,1621,Oder,3,0,TRUE,1,1,0,1,1,1,175.63,TRUE,4672500,3127500,6,ID_94.mod,,94,TRUE,1007,TRUE,Lusatian Neisse
EFAS,12,95,Gornja Radgona,15.9956,46.6811,1,HIST_6h,,Danube,SI,10200,10197.2,Danube,3,0,TRUE,1,1,1,1,1,1,202.34,TRUE,4772500,2642500,6,ID_95.mod,,95,TRUE,1005,TRUE,Mur
EFAS,12,96,Ptuj,15.8675,46.4169,1,HIST_6h,,Danube,SI,13750,13664.1,Danube,3,0,TRUE,1,1,1,1,1,1,214.62,TRUE,4767500,2612500,6,ID_96.mod,Dams  strongly regulated,96,TRUE,1005,TRUE,Drava
EFAS,12,97,Borl,15.9962,46.371,1,HIST_6h,,Danube,SI,14775,14661.5,Danube,0,0,TRUE,1,1,1,1,1,1,201.49,FALSE,4777500,2602500,6,ID_97.mod,Discharge is too small compared to catchment area wrong location,97,TRUE,1005,TRUE,Drava
EFAS,12,98,Radovljica,14.1654,46.34,1,HIST_6h,C371,Danube,SI,900,907.97,Danube,3,0,TRUE,1,1,1,1,1,1,408.09,TRUE,4642500,2587500,6,ID_98.mod,Use after 01-2014 oscillations in low flow,98,TRUE,1005,TRUE,Sava
EFAS,12,99,Medno,14.4405,46.1225,1,HIST_6h,,Danube,SI,2125,2201.45,Danube,3,0,TRUE,1,1,1,1,1,1,300.27,TRUE,4667500,2567500,6,ID_99.mod,Dam,99,TRUE,1005,TRUE,Sava
EFAS,12,100,Å Entjakob,14.5824,46.084,1,HIST_6h,,Danube,SI,2150,2284.8,Danube,1,0,TRUE,1,1,1,1,1,1,268.19,FALSE,4672500,2562500,6,ID_100.mod,oscillation in low flow almost same location as 99 and almost same data   use 99,100,TRUE,1005,TRUE,Sava
EFAS,12,101,Hrastnik,15.0906,46.122,1,HIST_6h,C370,Danube,SI,5200,5176.79,Danube,3,0,TRUE,1,1,1,1,1,1,193.85,TRUE,4717500,2567500,6,ID_101.mod,,101,TRUE,1005,TRUE,Sava
EFAS,12,102,Jesenice na Dolenjskem,15.6925,45.8605,1,HIST_6h,,Danube,SI,10675,10881.64,Danube,3,0,TRUE,1,1,1,1,1,1,129.43,TRUE,4767500,2542500,6,ID_102.mod,,102,TRUE,1005,TRUE,Sava
EFAS,12,103,Moste,14.5444,46.0554,1,HIST_6h,C374,Danube,SI,1825,1762.32,Danube,3,0,TRUE,1,1,1,1,1,1,281.29,TRUE,4667500,2557500,6,ID_103.mod,,103,TRUE,1005,TRUE,Ljubljanica
EFAS,12,104,Medlog,15.2204,46.2332,1,HIST_6h,,Danube,SI,1000,1037.1,Danube,3,0,TRUE,0,1,1,1,1,1,238.16,TRUE,4722500,2582500,6,ID_104.mod,,104,FALSE,1005,FALSE,Savinja
EFAS,12,105,Laško,15.2336,46.154,1,HIST_6h,,Danube,SI,1675,1663.6,Danube,3,0,TRUE,1,1,1,1,1,1,215.03,TRUE,4727500,2572500,6,ID_105.mod,,105,TRUE,1005,TRUE,Savinja
EFAS,12,106,Veliko Širje,15.1924,46.0919,1,HIST_6h,C373,Danube,SI,1700,1841.9,Danube,2,0,TRUE,1,1,1,1,1,1,189.96,FALSE,4722500,2572500,6,ID_106.mod,almost same location as 105 and almost same data   use 105,106,TRUE,1005,TRUE,Savinja
EFAS,12,107,Podbočje,15.4555,45.8644,1,HIST_6h,C372,Danube,SI,1875,2238.12,Danube,3,0,TRUE,1,1,1,1,1,1,146.32,TRUE,4747500,2547500,6,ID_107.mod,use after 02-1998,107,TRUE,1005,TRUE,Krka
EFAS,12,108,Solkan,13.65517,45.98162,1,HIST_6h,C377,Soca/Isonzo,SI,1550,1572.8,Isonzo,3,0,TRUE,1,1,1,1,1,1,51.84,TRUE,4602500,2542500,6,ID_108.mod,,108,TRUE,1005,TRUE,Soca
EFAS,12,109,Bollendorf,6.359171,49.850921,1,HIST_6h,,Rhine,DE,3250,3222,Rhine,3,0,TRUE,1,1,1,1,1,1,170,TRUE,4062500,2972500,6,ID_109.mod,,109,TRUE,1010,TRUE,Sauer
EFAS,12,110,Boos,7.720027,49.780141,1,HIST_6h,,Rhine,DE,2850,2832,Rhine,2,0,TRUE,1,1,1,1,1,1,128.06,FALSE,4157500,2967500,6,ID_110.mod,Close to 112,110,TRUE,1010,TRUE,Nahe
EFAS,12,111,Dietersheim,7.903167,49.940455,1,HIST_6h,,Rhine,DE,4025,4037,Rhine,2,0,TRUE,1,1,1,1,1,1,80.72,FALSE,4172500,2982500,6,ID_111.mod,Same as 112  use 112,111,TRUE,1010,TRUE,Nahe
EFAS,12,112,Grolsheim,7.911185,49.911398,0,HIST_6h,C332,Rhine,DE,4000,4013,Rhine,3,0,TRUE,0,1,1,1,1,0,84.63,TRUE,4172500,2977500,6,ID_112.mod,,112,FALSE,1010,FALSE,Nahe
EFAS,12,113,Martinstein,7.536,49.803795,1,HIST_6h,,Rhine,DE,1525,1468,Rhine,3,0,TRUE,1,1,1,1,1,1,164.1,TRUE,4142500,2967500,6,ID_113.mod,,113,TRUE,1010,TRUE,Nahe
EFAS,12,114,Odenbach,7.652247,49.68892,1,HIST_6h,,Rhine,DE,1075,1085.53,Rhine,3,0,TRUE,1,1,1,1,1,1,147.75,TRUE,4152500,2952500,6,ID_114.mod,,114,TRUE,1010,TRUE,Glan
EFAS,12,117,Bad Vilbel,8.741063,50.182246,1,HIST_6h,,Rhine,DE,1575,1619.3,Rhine,3,0,TRUE,1,1,1,1,1,1,102.51,TRUE,4232500,3007500,6,ID_117.mod,,117,TRUE,1009,TRUE,Nidda
EFAS,12,118,Hanau,8.94581,50.132084,1,HIST_6h,C749,Rhine,DE,900,921.2,Rhine,3,0,TRUE,1,1,1,1,1,1,101.53,TRUE,4247500,3002500,6,ID_118.mod,,118,TRUE,1009,TRUE,Kinzig
EFAS,12,119,Ilbenstadt,8.79551,50.283039,1,HIST_6h,,Rhine,DE,1075,1072.6,Rhine,2,0,TRUE,1,1,1,1,1,1,113.43,FALSE,4232500,3017500,6,ID_119.mod,Close to 117,119,TRUE,1009,TRUE,Nidda
EFAS,12,120,Marburg,8.764476,50.798714,1,HIST_6h,,Rhine,DE,1675,1666.2,Rhine,3,0,TRUE,1,1,1,1,1,1,173.67,TRUE,4237500,3082500,6,ID_120.mod,,120,TRUE,1009,TRUE,Lahn
EFAS,12,121,Faulbach,9.438863,49.784963,1,,,Rhine,DE,20675,20730,Elbe,,0,FALSE,0,0,1,0,1,1,128.29,FALSE,4282500,2962500,,,No discharge data available for calibration period,121,FALSE,1004,FALSE,Main
EFAS,12,122,Porttipahta,26.745701,67.962722,1,NRT_6h,,Kemijoki,FI,2100,4868,Kemijoki,0,0,TRUE,1,1,0,1,0,0,240,FALSE,5022500,5062500,6,ID_122.mod,dam  low data quality,122,TRUE,1011,TRUE,Kitinen
EFAS,12,123,"Kitinen, Kokkosniva",27.323837,67.222288,1,NRT_6h,C607,Kemijoki,FI,6575,9820,Kemijoki,3,0,TRUE,1,1,0,1,0,0,155,TRUE,5072500,4992500,6,ID_123.mod,oscillations in low flow  dam strongly regulated,123,TRUE,1011,TRUE,Kitinen
EFAS,12,124,Jumisko,27.781951,66.515144,1,NRT_6h,,Kemijoki,FI,1300,1283,Kemijoki,0,0,TRUE,1,1,0,1,0,0,160,FALSE,5112500,4922500,6,ID_124.mod,large oscillations low quality data,124,TRUE,1011,TRUE,Jumiskonjoki
EFAS,12,125,Kemihaara,27.785512,67.198533,0,HIST_24h,C608,Kemijoki,FI,10325,8538,Kemijoki,3,0,TRUE,0,1,1,1,0,0,155,TRUE,5092500,5002500,24,ID_125.mod,,125,FALSE,1011,FALSE,Kemijoki
EFAS,12,126,Seitakorva,27.352968,66.475673,1,NRT_6h,C243,Kemijoki,FI,28675,27424,Kemijoki,1,0,TRUE,1,1,0,1,0,0,150,FALSE,5092500,4912500,6,ID_126.mod,dam moved downstream strongly regulated large oscillations in low flow  same for daily data,126,TRUE,1011,TRUE,Kemijoki
EFAS,12,127,Vanttauskoski,26.685973,66.367788,0,HIST_24h,,Kemijoki,FI,30300,29021,Kemijoki,3,0,TRUE,0,1,0,0,0,0,86,TRUE,5062500,4897500,24,ID_127.mod,dam  oscillations moved downstream of dam,127,FALSE,1011,FALSE,Kemijoki
EFAS,12,128,Vikajärvi  luusua,26.219519,66.621822,0,HIST_24h,C609,Kemijoki,FI,3150,3017,Kemijoki,3,0,TRUE,0,1,1,0,0,0,118,TRUE,5037500,4917500,24,ID_128.mod,,128,FALSE,1011,FALSE,Raudanjoki
EFAS,12,129,"Olkkajärvi, Permantokoski",26.126963,66.492834,1,NRT_6h,,Kemijoki,FI,3550,3522,Kemijoki,1,0,TRUE,1,1,0,1,0,0,99,FALSE,5037500,4907500,6,ID_129.mod,low quality data oscillations in low flow,129,TRUE,1011,TRUE,Raudanjoki
EFAS,12,130,"Ounasjoki, Köngäs",24.844374,67.878636,0,HIST_24h,C610,Kemijoki,FI,4625,4488,Kemijoki,3,0,TRUE,0,1,1,1,0,0,189,TRUE,4947500,5047500,24,ID_130.mod,,130,FALSE,1011,FALSE,Ounasjoki
EFAS,12,131,Unari  luusua,25.747274,67.130471,0,HIST_24h,,Kemijoki,FI,1175,1198,Kemijoki,3,0,TRUE,0,1,1,1,0,0,180,TRUE,5002500,4967500,24,ID_131.mod,,131,FALSE,1011,FALSE,Meltausjoki
EFAS,12,132,"Ounasjoki, Marraskoski",25.420245,66.798477,1,NRT_6h,C242,Kemijoki,FI,12900,12303,Kemijoki,3,0,TRUE,1,1,1,1,0,0,93,TRUE,4997500,4932500,6,ID_132.mod,,132,TRUE,1011,TRUE,Ounasjoki
EFAS,12,133,Valajaskoski,25.540257,66.424052,1,NRT_6h,,Kemijoki,FI,49325,47425,Kemijoki,1,0,TRUE,1,1,0,1,0,0,74,FALSE,5017500,4897500,6,ID_133.mod,low quality data oscillations in low flow,133,TRUE,1011,TRUE,Kemijoki
EFAS,12,134,Isohaara,24.545286,65.792669,0,HIST_24h,C241,Kemijoki,FI,52475,50683,Kemijoki,3,0,TRUE,0,1,0,0,0,0,2,TRUE,4987500,4817500,24,ID_134.mod,oscillations in low flow,134,FALSE,1011,FALSE,Kemijoki
EFAS,12,135,"Muonionjoki, Kaaresuvanto",22.494588,68.442281,1,NRT_6h,,Torne,FI,5875,5732,Torne,3,0,TRUE,1,1,1,1,0,0,324,TRUE,4832500,5082500,6,ID_135.mod,,135,TRUE,1011,TRUE,Muonio
EFAS,12,136,"Muonionjoki, Muonio",23.660143,67.945748,1,NRT_6h,C625,Torne,FI,9250,9259,Torne,3,0,TRUE,1,1,1,1,0,0,233,TRUE,4887500,5042500,6,ID_136.mod,,136,TRUE,1011,TRUE,Muonio
EFAS,12,137,"Tengeliönjoki, Haapakoski",23.783981,66.381335,0,HIST_24h,,Torne,FI,3000,3089,Torne,1,0,TRUE,0,1,0,0,0,0,53,FALSE,4937500,4867500,24,ID_137.mod,oscillations,137,FALSE,1011,FALSE,Tengelionjoki
EFAS,12,138,"Inarijoki, Karigasniemi",25.844885,69.395731,1,NRT_6h,C611,Tana,FI,3050,3133,Tana,3,0,TRUE,1,1,1,1,0,0,130,TRUE,4942500,5212500,6,ID_138.mod,,138,TRUE,1011,TRUE,Anarjohka
EFAS,12,139,Onnelansuvanto,27.026975,69.911992,1,NRT_6h,C412,Tana,FI,10650,10864,Tana,3,0,TRUE,1,1,1,1,0,0,69,TRUE,4972500,5282500,6,ID_139.mod,,139,TRUE,1011,TRUE,Tana
EFAS,12,140,"Utsjoki, Patoniva",26.999533,69.783662,1,NRT_6h,,Tana,FI,1500,1520,Tana,3,0,TRUE,1,1,1,1,0,0,80,TRUE,4977500,5262500,6,ID_140.mod,,140,TRUE,1011,TRUE,Utsjoki
EFAS,12,141,Kettujoki,26.74754,68.919106,0,HIST_24h,,Paatsjoki,FI,2250,2215,Paatsjoki,3,0,TRUE,0,1,1,0,0,0,150,TRUE,4992500,5172500,24,ID_141.mod,,141,FALSE,1011,FALSE,Kettujoki
EFAS,12,142,Juutuanjoki,26.925191,68.889188,1,NRT_6h,C612,Paatsjoki,FI,5250,5160,Paatsjoki,3,0,TRUE,1,1,1,1,0,0,140,TRUE,4997500,5162500,6,ID_142.mod,,142,TRUE,1011,TRUE,Juutuanjoki
EFAS,12,143,"Ivalojoki, Pajakoski",27.274471,68.554588,1,NRT_6h,C613,Paatsjoki,FI,3300,3345,Paatsjoki,3,0,TRUE,1,1,1,1,0,0,130,TRUE,5022500,5137500,6,ID_143.mod,,143,TRUE,1011,TRUE,Ivalo
EFAS,12,144,Kaitakoski,28.448919,68.908733,0,HIST_24h,C614,Paatsjoki,FI,14575,14575,Paatsjoki,3,0,TRUE,0,1,0,0,0,0,131,TRUE,5062500,5187500,24,ID_144.mod,lake  strongly regulated,144,FALSE,1011,FALSE,Paatsjoki
EFAS,12,145,Kallio 2,23.543048,67.224893,1,HIST_6h,C627,Torne,SE,14450,14477.1,Torne,3,0,TRUE,1,1,0,1,0,0,,TRUE,4907500,4957500,6,ID_145.mod,,145,TRUE,1014,TRUE,Muonio
EFAS,12,146,Pajala pumphus,23.346358,67.225836,1,HIST_6h,,Torne,SE,16875,11038.1,Torne,3,0,TRUE,1,1,0,1,0,0,,TRUE,4887500,4957500,6,ID_146.mod,,146,TRUE,1014,TRUE,Torne
EFAS,12,147,Räktfors,22.815774,66.170645,1,HIST_6h,C239,Kalix,SE,17425,23102.9,Kalix,3,0,TRUE,1,1,0,1,0,0,,TRUE,4897500,4832500,6,ID_147.mod,,147,TRUE,1014,TRUE,Kalix
EFAS,12,148,Granåker,19.666241,64.239979,1,HIST_6h,C635,Ume,SE,11850,11846.37,Umealven,3,0,TRUE,1,1,0,1,0,0,,TRUE,4792500,4602500,6,ID_148.mod,,148,TRUE,1014,TRUE,Vindel
EFAS,12,149,Sorsele2,17.508312,65.542207,1,HIST_6h,C323,Ume,SE,6175,6054.39,Umealven,3,0,TRUE,1,1,0,1,0,0,,TRUE,4667500,4737500,6,ID_149.mod,,149,TRUE,1014,TRUE,Vindel
EFAS,12,150,Klein Badelmeusel,14.747908,51.673212,1,NRT_6h,,Oder,DE,2650,2727,Oder,3,0,TRUE,1,1,1,1,1,1,83.24,TRUE,4642500,3187500,6,ID_150.mod,,150,TRUE,1015,TRUE,Lusatian Neisse
EFAS,12,151,Guben 2,14.706919,51.969154,1,NRT_6h,C193,Oder,DE,4050,4080,Oder,2,0,TRUE,1,1,1,1,1,1,37.48,FALSE,4647500,3212500,6,ID_151.mod,Close to 150,151,TRUE,1015,TRUE,Lusatian Neisse
EFAS,12,152,Sachsenhausen Sohlabsturz,13.242927,52.77314,1,NRT_6h,C537,Elbe,DE,2575,2779,Elbe,0,0,TRUE,1,1,1,1,1,1,30.18,FALSE,4542500,3297500,6,ID_152.mod,Unrealistic small data compared to cahchment size  same for daily data  possibly wrong location,152,TRUE,1015,TRUE,Havel
EFAS,12,153,Lobith,6.108333,51.844444,1,NRT_6h,C368,Rhine,NL,159675,160800,Rhine,3,0,TRUE,1,1,1,1,1,1,13,TRUE,4052500,3202500,6,ID_153.mod,,153,TRUE,1008,TRUE,Rhine
EFAS,12,154,Borgharen-Dorp,5.6966,50.869439,0,NRT_6h,C085,Meuse,NL,22050,159555,Meuse,2,0,TRUE,0,1,1,1,1,0,,FALSE,4022500,3097500,6,ID_154.mod,Drainage area from provider is wrong  Oscillation in low flow  could use hist_24 instead  close to 953,154,FALSE,1008,FALSE,Meuse
EFAS,12,155,Fischerau / Ager,13.838047,48.085815,1,NRT_6h,,Danube,AT,1225,1256.1,Danube,0,0,TRUE,1,1,0,1,1,1,348,FALSE,4602500,2777500,6,ID_155.mod,small oscillations and change in hydrometri zero,155,TRUE,1013,TRUE,Ager
EFAS,12,156,Achleiten / Donau,13.503336,48.582691,1,NRT_6h,C360,Danube,AT,76825,76653.3,Danube,3,0,TRUE,1,1,0,1,1,1,288.04,TRUE,4582500,2837500,6,ID_156.mod,Moved to better reproduce confluence,156,TRUE,1013,TRUE,Danube
EFAS,12,157,Grein,14.857051,48.227221,0,,,Danube,AT,92225,,Danube,,0,FALSE,0,0,0,0,0,0,219.43,FALSE,4682500,2802500,,,No discharge data available for calibration period,157,FALSE,1013,FALSE,Danube
EFAS,12,158,Kienstock,15.46122,48.382792,1,NRT_6h,C325,Danube,AT,95975,95970,Danube,3,0,TRUE,1,1,0,1,1,1,194,TRUE,4727500,2827500,6,ID_158.mod,Outliers removed with qc,158,TRUE,1013,TRUE,Danube
EFAS,12,159,Korneuburg,16.332121,48.329485,1,NRT_6h,C326,Danube,AT,101800,101536.6,Danube,3,0,TRUE,1,1,0,1,1,1,159.87,TRUE,4792500,2817500,6,ID_159.mod,,159,TRUE,1013,TRUE,Danube
EFAS,12,160,Linz,14.284912,48.30692,0,HIST_24h,,Danube,AT,79650,79490.1,Danube,1,0,TRUE,0,1,0,0,0,0,247.74,FALSE,4632500,2807500,24,ID_160.mod,old data,160,FALSE,1013,FALSE,Danube
EFAS,12,161,Wildungsmauer,16.804302,48.114803,1,NRT_6h,,Danube,AT,103800,103992.7,Danube,3,0,TRUE,1,1,0,1,1,1,139.48,TRUE,4832500,2802500,6,ID_161.mod,,161,TRUE,1013,TRUE,Danube
EFAS,12,162,Ybbs,15.085603,48.180709,1,,,Danube,AT,92525,,Danube,,0,TRUE,0,0,0,1,1,1,212.22,FALSE,4692500,2797500,,,No discharge data available for calibration period,162,FALSE,1013,FALSE,Danube
EFAS,12,163,Amlach,13.52317,46.77402,1,NRT_6h,,Danube,AT,4900,4789.6,Danube,1,0,TRUE,1,0,0,1,1,1,522.79,FALSE,4587500,2637500,6,ID_163.mod,oscillations,163,TRUE,1013,TRUE,Drava
EFAS,12,164,Lavamünd Ort,14.942619,46.64062,1,NRT_6h,,Danube,AT,11100,11051.8,Danube,0,0,TRUE,1,0,0,1,1,1,338,FALSE,4692500,2627500,6,ID_164.mod,dams  large oscillations change in hydrometric zero,164,TRUE,1013,TRUE,Drave
EFAS,12,165,Lienz-Peggetz,12.784082,46.824539,1,NRT_6h,,Danube,AT,1975,1876.2,Danube,1,0,TRUE,1,1,0,1,1,1,661.43,FALSE,4532500,2637500,6,ID_165.mod,oscillations  negative values  zeros removed with qc close to 166,165,TRUE,1013,TRUE,Drava
EFAS,12,166,Oberdrauburg-OWF,12.97297,46.747615,1,NRT_6h,,Danube,AT,2275,2112,Danube,3,0,TRUE,1,1,0,1,1,1,616.08,TRUE,4547500,2632500,6,ID_166.mod,,166,TRUE,1013,TRUE,Drave
EFAS,12,167,Sachsenburg (Brücke),13.349301,46.827063,1,NRT_6h,,Danube,AT,2650,2561.4,Danube,1,0,TRUE,1,1,0,1,1,1,555.04,FALSE,4577500,2637500,6,ID_167.mod,Large outliers removed with qc low quality data,167,TRUE,1013,TRUE,Drave
EFAS,12,168,Admont (Enns),14.461733,47.581186,1,HIST_24h,C780,Danube,AT,2650,2637.5,Danube,3,0,TRUE,1,1,0,1,1,1,616.8,TRUE,4662500,2727500,24,ID_168.mod,,168,TRUE,1013,TRUE,Enns
EFAS,12,169,Steyr (Ortskai),14.424931,48.043318,1,NRT_6h,C050,Danube,AT,5975,5915.4,Danube,1,0,TRUE,1,1,0,1,1,1,283.97,FALSE,4652500,2782500,6,ID_169.mod,oscillations  change in low flow could use hist_24,169,TRUE,1013,TRUE,Enns
EFAS,12,170,Trautenfels,14.08546,47.514579,1,NRT_6h,,Danube,AT,1450,1490.3,Danube,1,0,TRUE,1,0,0,1,1,1,639.96,FALSE,4622500,2717500,6,ID_170.mod,oscillations in low flow use 168,170,TRUE,1013,TRUE,Enns
EFAS,12,171,Faak (Bundessportheim),13.91535,46.57739,1,,,Danube,AT,25,35.6,Danube,,0,FALSE,0,0,1,0,1,1,553.91,FALSE,4622500,2612500,,,No discharge data available for calibration period,171,FALSE,1013,FALSE,Lake Faak
EFAS,12,172,Fuschl am See,13.299086,47.798127,0,,,Danube,AT,25,29.5,Danube,,0,FALSE,0,0,1,0,0,0,662.4,FALSE,4567500,2747500,,,No discharge data available for calibration period,172,FALSE,1013,FALSE,Fuschlsee
EFAS,12,173,Federaun,13.814816,46.569332,1,NRT_6h,,Danube,AT,1300,1304.9,Danube,3,0,TRUE,1,1,0,1,1,1,498.54,TRUE,4612500,2612500,6,ID_173.mod,Large outliers  one remaining after qc,173,TRUE,1013,TRUE,Gail
EFAS,12,174,Grabensee,13.096325,47.99661,0,,,Danube,AT,75,64.5,Danube,,0,FALSE,0,0,0,0,0,0,501.4,FALSE,4552500,2767500,,,No discharge data available for calibration period,174,FALSE,1013,FALSE,Grabensee
EFAS,12,175,Gumisch,14.478061,46.606288,1,NRT_6h,,Danube,AT,2175,2555.4,Danube,3,0,TRUE,1,1,0,1,1,1,394.34,TRUE,4662500,2622500,6,ID_175.mod,,175,TRUE,1013,TRUE,Gurk
EFAS,12,176,Launsdorf,14.476932,46.760439,1,NRT_6h,,Danube,AT,1275,1243.1,Danube,3,0,TRUE,1,1,0,1,1,1,510,TRUE,4667500,2637500,6,ID_176.mod,,176,TRUE,1013,TRUE,Gurk
EFAS,12,177,Mölbling,14.449981,46.860144,1,NRT_6h,,Danube,AT,925,1061,Danube,2,0,TRUE,1,0,0,1,1,1,579.26,FALSE,4662500,2642500,6,ID_177.mod,use after 06-2011  close to 176,177,TRUE,1013,TRUE,Gurk
EFAS,12,178,Brixlegg,11.872916,47.43255,1,NRT_6h,,Danube,AT,8550,8503.6,Danube,0,0,TRUE,1,1,0,1,1,1,512.5,FALSE,4457500,2702500,6,ID_178.mod,large oscillations  increasing low flow,178,TRUE,1013,TRUE,Inn
EFAS,12,179,Innsbruck (oberh. Sill),11.396506,47.275613,1,NRT_6h,C327,Danube,AT,5850,5771.6,Danube,3,0,TRUE,1,1,0,1,1,1,568.46,TRUE,4422500,2682500,6,ID_179.mod,oscillations  zeros removed with sanitation strongly regulated,179,TRUE,1013,TRUE,Inn
EFAS,12,180,Jenbach-Rotholz,11.789238,47.388857,1,NRT_6h,,Danube,AT,7300,7230.7,Danube,3,0,TRUE,1,1,0,1,0,0,521.67,TRUE,4452500,2697500,6,ID_180.mod,oscillations strongly regulated,180,TRUE,1013,TRUE,Inn
EFAS,12,181,Kajetansbrücke,10.511638,46.951979,1,NRT_6h,,Danube,AT,2125,2162,Danube,2,0,TRUE,1,1,0,1,1,1,967.16,FALSE,4357500,2642500,6,ID_181.mod,Large oscillations  strongly regulated close to 184,181,TRUE,1013,TRUE,Inn
EFAS,12,182,Kirchbichl-Bichlwang,12.093312,47.522774,1,NRT_6h,,Danube,AT,9525,9310,Danube,1,0,TRUE,1,1,0,1,0,0,484,FALSE,4477500,2712500,6,ID_182.mod,oscillations,182,TRUE,1013,TRUE,Inn
EFAS,12,183,Magerbach,10.874705,47.258747,1,NRT_6h,,Danube,AT,5175,5118.8,Danube,1,0,TRUE,1,1,0,1,1,1,652.98,FALSE,4387500,2682500,6,ID_183.mod,oscillations  outliers  and  negative values removed with sanitation strongly regulated,183,TRUE,1013,TRUE,Inn
EFAS,12,184,Perjen,10.571568,47.146797,1,NRT_6h,,Danube,AT,3650,3503.1,Danube,3,0,TRUE,1,0,0,1,1,1,768.73,TRUE,4362500,2672500,6,ID_184.mod,Large oscillations  strongly regulated,184,TRUE,1013,TRUE,Inn
EFAS,12,185,Prutz,10.660908,47.076753,1,NRT_6h,,Danube,AT,2525,2461.5,Danube,2,0,TRUE,1,1,0,1,1,1,861.36,FALSE,4367500,2657500,6,ID_185.mod,large oscillations negative values removed with qc  strongly regulated close to 184,185,TRUE,1013,TRUE,Inn
EFAS,12,186,Telfs (Fussgängersteg),11.072913,47.301656,1,NRT_6h,,Danube,AT,5300,5289.7,Danube,1,0,TRUE,1,1,0,1,1,1,616.12,FALSE,4397500,2687500,6,ID_186.mod,oscillations strongly regulated,186,TRUE,1013,TRUE,Inn
EFAS,12,187,Lienz,12.766335,46.831632,1,NRT_6h,,Danube,AT,1200,1198.7,Danube,1,0,TRUE,1,1,0,1,1,1,669.29,FALSE,4527500,2642500,6,ID_187.mod,outliers negative values a zeros  larger values than daily data,187,TRUE,1013,TRUE,Isel
EFAS,12,188,Stiefern,15.690083,48.534688,1,NRT_6h,,Danube,AT,1450,1493.3,Danube,3,0,TRUE,1,1,0,1,1,1,217,TRUE,4737500,2847500,6,ID_188.mod,dam,188,TRUE,1013,TRUE,Kamp
EFAS,12,189,Lechaschau,10.709677,47.497015,1,NRT_6h,C765,Danube,AT,1000,1012.2,Danube,3,0,TRUE,1,1,0,1,1,1,836.09,TRUE,4367500,2702500,6,ID_189.mod,outliers removed with qc,189,TRUE,1013,TRUE,Lech
EFAS,12,190,Deutsch Brodersdorf (Straßenbrücke),16.477205,47.937903,0,HIST_24h,,Danube,AT,1975,,Danube,2,0,TRUE,0,1,0,1,1,0,193.04,FALSE,4802500,2777500,24,ID_190.mod,close to 191,190,FALSE,1013,FALSE,Leitha
EFAS,12,191,Deutsch Haslau,16.943102,48.04761,1,NRT_6h,,Danube,AT,2300,1982,Danube,3,0,TRUE,1,1,0,1,1,1,139.19,TRUE,4832500,2792500,6,ID_191.mod,,191,TRUE,1013,TRUE,Leitha
EFAS,12,192,Spittal (Fasan),13.494837,46.807338,1,NRT_6h,,Danube,AT,1050,1035.5,Danube,3,0,TRUE,1,1,0,1,1,1,556.19,TRUE,4587500,2642500,6,ID_192.mod,,192,TRUE,1013,TRUE,Lieser
EFAS,12,193,Mattsee,13.107359,47.971451,0,,,Danube,AT,25,10.4,Danube,,0,FALSE,0,0,1,0,0,0,501.4,FALSE,4547500,2762500,,,No discharge data available for calibration period,193,FALSE,1013,FALSE,Mattsee
EFAS,12,194,Millstatt (See),13.573447,46.800407,1,,,Danube,AT,275,286.3,Danube,,0,FALSE,0,0,1,0,1,1,587,FALSE,4592500,2642500,,,No discharge data available for calibration period,194,FALSE,1013,FALSE,Lake Millstatt
EFAS,12,195,Kolbnitz a. d. Tauernbahn VHP,13.302641,46.875108,1,NRT_6h,,Danube,AT,900,1043.8,Danube,1,0,TRUE,1,1,0,1,1,1,607,FALSE,4567500,2647500,6,ID_195.mod,oscillations moved upstream,195,TRUE,1013,TRUE,Moll
EFAS,12,196,Möllbrücke,13.370414,46.837335,1,NRT_6h,,Danube,AT,1025,1096,Danube,0,0,TRUE,1,0,0,1,1,1,555,FALSE,4572500,2647500,6,ID_196.mod,same location as 195  low quality data,196,TRUE,1013,TRUE,Moell
EFAS,12,197,Bruck un der Mur unter Mür,15.28143,47.409966,1,HIST_24h,C012,Danube,AT,6325,6214,Danube,3,0,TRUE,1,1,0,1,1,1,468.14,TRUE,4717500,2712500,24,ID_197.mod,,197,TRUE,1013,TRUE,Mur
EFAS,12,198,Gestüthof,14.209475,47.110664,1,HIST_24h,,Danube,AT,1725,1700.3,Danube,3,0,TRUE,1,1,0,1,1,1,776.3,TRUE,4642500,2677500,24,ID_198.mod,,198,TRUE,1013,TRUE,Mur
EFAS,12,199,Graz,15.450745,47.032312,1,NRT_24h,,Danube,AT,7100,7042.8,Danube,1,0,TRUE,1,0,0,1,1,1,328.67,FALSE,4732500,2677500,24,ID_199.mod,outliers,199,TRUE,1013,TRUE,Mur
EFAS,12,200,Mellach,15.492877,46.902063,1,NRT_6h,,Danube,AT,7275,7295.5,Danube,3,0,TRUE,1,0,0,1,1,1,290.8,TRUE,4742500,2662500,6,ID_200.mod,,200,TRUE,1013,TRUE,Mur
EFAS,12,201,Mureck (Schreibpegel),15.792175,46.711443,1,NRT_6h,,Danube,AT,9700,9769.9,Danube,1,0,TRUE,1,1,0,1,1,1,224.23,FALSE,4762500,2637500,6,ID_201.mod,oscillations,201,TRUE,1013,TRUE,Mur
EFAS,12,202,St.Georgen ob Judenburt,14.499123,47.211775,1,HIST_24h,,Danube,AT,2375,2367.5,Danube,2,0,TRUE,1,1,0,1,1,1,700.15,FALSE,4662500,2687500,24,ID_202.mod,close to 198,202,TRUE,1013,TRUE,Mur
EFAS,12,203,Zeltweg,14.752621,47.185059,1,NRT_6h,,Danube,AT,3000,2957.5,Danube,3,0,TRUE,1,1,0,1,1,1,646.34,TRUE,4677500,2687500,6,ID_203.mod,,203,TRUE,1013,TRUE,Mur
EFAS,12,204,Obertrum,13.073021,47.942463,0,,,Danube,AT,25,2143,Danube,,0,FALSE,0,0,1,0,0,0,501.4,FALSE,4552500,2762500,,,No discharge data available for calibration period,204,FALSE,1013,FALSE,Obertrumer See
EFAS,12,205,St.Andrä-OWF,13.897576,46.650714,1,,,Danube,AT,475,165.4,Danube,,0,FALSE,0,0,1,0,1,1,500.29,FALSE,4622500,2622500,,,No discharge data available for calibration period,205,FALSE,1013,FALSE,Lake Ossiach
EFAS,12,206,Presseggen,13.435141,46.628475,1,,,Danube,AT,775,29.6,Danube,,0,FALSE,0,0,1,0,1,1,558.78,FALSE,4582500,2617500,,,No discharge data available for calibration period,206,FALSE,1013,FALSE,Lake Pressegg
EFAS,12,207,Siezenheim,12.974216,47.811555,1,NRT_6h,,Danube,AT,950,1139.1,Danube,3,0,TRUE,1,1,0,1,1,1,415.77,TRUE,4542500,2742500,6,ID_207.mod,Moved South to avoid conflict in inflow point,207,TRUE,1013,TRUE,Saalach
EFAS,12,208,Golling,13.16345,47.595786,1,NRT_6h,,Danube,AT,3675,3555.7,Danube,3,0,TRUE,1,1,0,1,1,1,463.19,TRUE,4562500,2722500,6,ID_208.mod,,208,TRUE,1013,TRUE,Saalach
EFAS,12,209,Oberndorf,12.926735,47.939645,1,NRT_6h,,Danube,AT,6150,6120,Danube,2,0,TRUE,1,1,0,1,1,1,387.23,FALSE,4537500,2762500,6,ID_209.mod,almost same location as 475 and same data use 475,209,TRUE,1013,TRUE,Saalach
EFAS,12,210,Salzburg,13.036802,47.816323,0,NRT_6h,,Danube,AT,4625,4425.7,Danube,1,0,TRUE,0,1,0,1,1,0,408.06,FALSE,4552500,2747500,6,ID_210.mod,Outliear oscillations missing data better could use hist24,210,FALSE,1013,FALSE,Saalach
EFAS,12,211,Wallnerau,13.12021,47.310132,1,NRT_6h,,Danube,AT,2275,2143,Danube,1,0,TRUE,1,0,0,1,1,1,597.9,FALSE,4552500,2692500,6,ID_211.mod,oscillations,211,TRUE,1013,TRUE,Saalach
EFAS,12,212,Werfen,13.191103,47.479884,1,NRT_6h,,Danube,AT,3050,2953.2,Danube,3,0,TRUE,1,1,0,1,1,1,512.13,TRUE,4562500,2707500,6,ID_212.mod,,212,TRUE,1013,TRUE,Saalach
EFAS,12,213,Leibnitz,15.534549,46.771039,1,NRT_6h,,Danube,AT,1125,1102.5,Danube,3,0,TRUE,1,1,0,1,1,1,262.98,TRUE,4742500,2642500,6,ID_213.mod,large outliers removed with qc,213,TRUE,1013,TRUE,Sulm
EFAS,12,214,Raabs an der Thaya,15.499183,48.844976,1,NRT_6h,,Danube,AT,1375,1405.8,Danube,3,0,TRUE,1,1,0,1,1,1,395.44,TRUE,4722500,2872500,6,ID_214.mod,,214,TRUE,1013,TRUE,Thaya
EFAS,12,215,Theresienthal,13.799809,47.936669,1,,,Danube,AT,1425,1397.7,Danube,,0,TRUE,1,0,0,1,1,1,410,FALSE,4602500,2762500,6,ID_215.mod,Not enough discarge data available for calibration period,215,TRUE,1013,TRUE,Traun
EFAS,12,216,Wels-Lichtenegg,13.995787,48.141089,1,NRT_6h,,Danube,AT,3425,3387.1,Danube,0,0,TRUE,1,0,0,1,1,1,309,FALSE,4612500,2782500,6,ID_216.mod,low quality data outliers in low flow,216,TRUE,1013,TRUE,Traun
EFAS,12,217,Wallersee (SP),13.157707,47.91587,0,,,Danube,AT,75,109.8,Danube,,0,FALSE,0,0,1,0,0,0,504.25,FALSE,4557500,2762500,,,No discharge data available for calibration period,217,FALSE,1013,FALSE,Wallersee
EFAS,12,218,Techendorf,13.29488,46.71318,1,,,Danube,AT,50,48.4,Danube,,0,FALSE,0,0,1,0,1,1,927.92,FALSE,4577500,2627500,,,No discharge data available for calibration period,218,FALSE,1013,FALSE,Weissensee Lake
EFAS,12,219,Pörtschach am Wörther See,14.138935,46.634327,1,,,Danube,AT,100,162.1,Danube,,0,FALSE,0,0,1,0,1,1,439.01,FALSE,4637500,2622500,,,No discharge data available for calibration period,219,FALSE,1013,FALSE,Lake Worth
EFAS,12,220,St.Gilgen,13.368793,47.765893,0,,,Danube,AT,100,124.8,Danube,,0,FALSE,0,0,0,0,0,0,537.3,FALSE,4577500,2742500,,,No discharge data available for calibration period,220,FALSE,1013,FALSE,Wolfgangsee
EFAS,12,221,Greimpersdorf,14.891028,48.110874,1,NRT_6h,,Danube,AT,1100,1116.6,Danube,3,0,TRUE,1,1,0,1,1,1,261.73,TRUE,4682500,2787500,6,ID_221.mod,,221,TRUE,1013,TRUE,Ybbs
EFAS,12,222,Zell am See,12.800167,47.322755,0,,,Danube,AT,225,53.3,Danube,,0,FALSE,0,0,1,0,0,0,747.72,FALSE,4532500,2692500,,,No discharge data available for calibration period,222,FALSE,1013,FALSE,Lake Zell
EFAS,12,223,Hart im Zillertal,11.862502,47.346304,1,NRT_6h,,Danube,AT,1175,1094.7,Danube,0,0,TRUE,1,1,0,1,0,0,530.95,FALSE,4462500,2692500,6,ID_223.mod,large oscillations low quality  same for daily data,223,TRUE,1013,TRUE,Ziller
EFAS,12,224,Bregenz-Hafen,9.747829,47.506054,1,,,Rhine,AT,150,10907,Rhine,,0,FALSE,0,0,1,0,1,1,392.13,FALSE,4302500,2712500,,,No discharge data available for calibration period,224,FALSE,1013,FALSE,Lake Constance
EFAS,12,225,Gisingen,9.578855,47.260356,1,NRT_6h,,Rhine,AT,1300,1281,Rhine,0,0,TRUE,1,1,0,1,1,1,434.3,FALSE,4292500,2677500,6,ID_225.mod,large ascillationslow quality data,225,TRUE,1013,TRUE,Ill
EFAS,12,226,Bangs,9.533689,47.272002,1,NRT_6h,,Rhine,AT,4650,4647.9,Rhine,1,0,TRUE,1,1,0,1,1,1,419.93,FALSE,4282500,2677500,6,ID_226.mod,oscillations,226,TRUE,1013,TRUE,Rhine
EFAS,12,227,Lustenau (Eisenbahnbrücke),9.658374,47.447569,1,NRT_6h,,Rhine,AT,6350,6301.1,Rhine,3,0,TRUE,1,1,0,1,1,1,394.04,TRUE,4292500,2697500,6,ID_227.mod,oscillations,227,TRUE,1013,TRUE,Rhine
EFAS,12,228,Bezdan,18.859776,45.854141,1,NRT_6h,,Danube,RS,209100,210250,Danube,2,0,TRUE,1,1,1,1,1,1,80.64,FALSE,5002500,2577500,6,ID_228.mod,zeros  same location as 866,228,TRUE,1020,TRUE,Danube
EFAS,12,229,Banatska Palanka,21.340262,44.826209,1,NRT_6h,,Danube,RS,564150,568648,Danube,0,0,TRUE,0,0,1,1,1,1,62.85,FALSE,5217500,2482500,,,no data all zeros,229,FALSE,1020,FALSE,Danube
EFAS,12,230,Jasa Tomic,20.856642,45.431594,1,NRT_6h,,Danube,RS,4550,5334,Danube,0,0,TRUE,1,1,1,1,1,1,73.46,FALSE,5167500,2547500,6,ID_230.mod,Removed because of error in LDD,230,TRUE,1020,TRUE,Tamis
EFAS,12,231,Kusic,21.485225,44.870834,1,NRT_6h,,Danube,RS,1425,1337,Danube,3,0,TRUE,1,1,1,1,1,1,91,TRUE,5232500,2487500,6,ID_231.mod,,231,TRUE,1020,TRUE,Nera
EFAS,12,232,Zajecar,22.293443,43.892142,1,NRT_6h,,Danube,RS,2125,2150,Danube,3,0,TRUE,1,1,1,1,1,1,124.41,TRUE,5307500,2387500,6,ID_232.mod,,232,TRUE,1020,TRUE,Beli Timok
EFAS,12,233,Cokonjar,22.355994,44.011722,1,NRT_6h,,Danube,RS,3950,3945,Danube,3,0,TRUE,1,1,1,1,1,1,97.05,TRUE,5307500,2402500,6,ID_233.mod,,233,TRUE,1020,TRUE,Veliki Timok
EFAS,12,234,Jamena,19.084006,44.877743,1,NRT_6h,,Danube,RS,63375,64073,Danube,3,0,TRUE,1,1,1,1,1,1,72.44,TRUE,5032500,2457500,6,ID_234.mod,zeros,234,TRUE,1020,TRUE,Sava
EFAS,12,235,Sremaska Mitrovica,19.60019,44.965672,1,NRT_6h,C810,Danube,RS,87100,87996,Danube,3,0,TRUE,1,1,1,1,1,1,72.22,TRUE,5072500,2477500,6,ID_235.mod,,235,TRUE,1020,TRUE,Sava
EFAS,12,236,Radalj,19.14799,44.41907,1,NRT_6h,C871,Danube,RS,17850,17490,Danube,3,0,TRUE,1,1,1,1,1,1,129.47,TRUE,5047500,2412500,6,ID_236.mod,dam  moved station downstream,236,TRUE,1020,TRUE,Drina
EFAS,12,237,Beli Brod,20.199508,44.371198,1,NRT_6h,,Danube,RS,1825,1896,Danube,3,0,TRUE,1,1,1,1,1,1,99.32,TRUE,5132500,2417500,6,ID_237.mod,,237,TRUE,1020,TRUE,Kolubara
EFAS,12,238,Varvarin,21.373063,43.724576,1,NRT_6h,,Danube,RS,31400,31548,Danube,3,0,TRUE,1,1,1,1,1,1,126.13,TRUE,5237500,2357500,6,ID_238.mod,zeros,238,TRUE,1020,TRUE,Velika Morava
EFAS,12,239,Bagrdan,21.195798,44.070498,1,NRT_6h,,Danube,RS,33500,33446,Danube,3,0,TRUE,1,1,1,1,1,1,100.94,TRUE,5222500,2392500,6,ID_239.mod,zeros,239,TRUE,1020,TRUE,Velika Morava
EFAS,12,240,Kratovska stena,20.118569,43.87126,1,NRT_6h,,Danube,RS,3075,3077,Danube,3,0,TRUE,1,1,1,1,1,1,290.44,TRUE,5132500,2362500,6,ID_240.mod,,240,TRUE,1020,TRUE,Zapadna Morava
EFAS,12,241,Milocaj,20.627096,43.775839,1,NRT_6h,,Danube,RS,4675,4658,Danube,2,0,TRUE,1,1,1,1,1,1,194.27,FALSE,5177500,2357500,6,ID_241.mod,Small oscillations   zeros removed with qc close to 240,241,TRUE,1020,TRUE,Zapadna Morava
EFAS,12,242,Jasika,21.295077,43.608124,1,NRT_6h,C867,Danube,RS,14600,14721,Danube,3,0,TRUE,1,1,1,1,1,1,138.56,TRUE,5232500,2347500,6,ID_242.mod,,242,TRUE,1020,TRUE,Zapadna Morava
EFAS,12,243,Vranjski Priboj,22.012318,42.600342,1,NRT_6h,,Danube,RS,2825,2775,Danube,3,0,TRUE,1,1,1,1,1,1,349.98,TRUE,5307500,2247500,6,ID_243.mod,,243,TRUE,1020,TRUE,Juzna Morava
EFAS,12,244,Grdelica,22.061887,42.890972,1,NRT_6h,C864,Danube,RS,3775,3782,Danube,2,0,TRUE,1,1,1,1,1,1,251.63,FALSE,5302500,2282500,6,ID_244.mod,oscillations  outliers removed with qc close to 243,244,TRUE,1020,TRUE,Juzna Morava
EFAS,12,245,Korvingrad,21.838303,43.219521,1,NRT_6h,,Danube,RS,9450,9396,Danube,3,0,TRUE,1,1,1,1,1,1,188.09,TRUE,5282500,2312500,6,ID_245.mod,oscillations   08-2010 to 11-2010  zeros removed with qc,245,TRUE,1020,TRUE,Juzna Morava
EFAS,12,246,Mojsinje,21.485787,43.63055,1,NRT_6h,C863,Danube,RS,15400,15390,Danube,3,0,TRUE,1,1,1,1,1,1,136.28,TRUE,5252500,2347500,6,ID_246.mod,small oscillations  outliers  zeros  removed with qc,246,TRUE,1020,TRUE,Juzna Morava
EFAS,12,247,Doljevac,21.830671,43.20241,1,NRT_6h,,Danube,RS,2075,2052,Danube,3,0,TRUE,1,1,1,1,1,1,190.41,TRUE,5277500,2307500,6,ID_247.mod,,247,TRUE,1020,TRUE,Toplica
EFAS,12,248,Pirot,22.588755,43.159234,1,NRT_6h,,Danube,RS,1700,1745,Danube,3,0,TRUE,1,1,1,1,1,1,364.27,TRUE,5347500,2307500,6,ID_248.mod,,248,TRUE,1020,TRUE,Nisava
EFAS,12,249,Nis,21.90196,43.326211,1,NRT_6h,C865,Danube,RS,4050,3870,Danube,3,0,TRUE,1,1,1,1,1,1,187.88,TRUE,5287500,2322500,6,ID_249.mod,,249,TRUE,1020,TRUE,Nisava
EFAS,12,250,Novi Sad,19.855473,45.254979,1,NRT_6h,,Danube,RS,256375,254085,Danube,0,0,TRUE,1,1,1,1,1,1,71.73,FALSE,5087500,2507500,6,ID_250.mod,no data,250,TRUE,1020,TRUE,Danube
EFAS,12,251,Zemun,20.412392,44.849016,1,NRT_6h,,Danube,RS,406800,412762,Danube,0,0,TRUE,0,0,1,1,1,1,67.87,FALSE,5142500,2472500,,,no data,251,FALSE,1020,FALSE,Danube
EFAS,12,252,Novi Knezevac,20.088536,46.048984,1,NRT_6h,,Danube,RS,140675,140130,Danube,0,0,TRUE,0,0,1,1,1,1,73.57,FALSE,5097500,2607500,6,ID_252.mod,only few low quality data,252,FALSE,1020,FALSE,Tisza
EFAS,12,253,Senta,20.094575,45.931324,1,NRT_6h,C817,Danube,RS,141250,141715,Danube,1,0,TRUE,0,1,1,1,1,1,72.8,FALSE,5102500,2582500,6,ID_253.mod,extremely low quality data  could use Hist24,253,FALSE,1020,FALSE,Tisza
EFAS,12,254,N.Becej brana gv,20.120245,45.576443,1,NRT_6h,,Danube,RS,147050,145415,Danube,0,0,TRUE,0,0,1,1,1,1,71,FALSE,5107500,2542500,,,no data,254,FALSE,1020,FALSE,Tisza
EFAS,12,255,Titel,20.315521,45.205855,1,NRT_6h,,Danube,RS,149025,157174,Danube,0,0,TRUE,0,0,1,1,1,1,69.7,FALSE,5127500,2507500,,,no data,255,FALSE,1020,FALSE,Tisza
EFAS,12,256,Beograd,20.449554,44.815276,1,,,Danube,RS,95300,95719,Danube,,0,TRUE,0,0,1,1,1,1,68.28,FALSE,5147500,2467500,,,No discharge data available for calibration period,256,FALSE,1020,FALSE,Sava
EFAS,12,257,Lopatnica lakat,20.563451,43.659922,1,NRT_6h,C862,Danube,RS,7825,7818,Danube,3,0,TRUE,1,1,1,1,1,1,224.68,TRUE,5172500,2347500,6,ID_257.mod,,257,TRUE,1020,TRUE,Ibar
EFAS,12,258,Knjazevac,22.259299,43.576355,1,NRT_6h,,Danube,RS,1175,1242,Danube,3,0,TRUE,1,1,1,1,1,1,211.63,TRUE,5307500,2352500,6,ID_258.mod,,258,TRUE,1020,TRUE,Beli Timok
EFAS,12,259,Drazevac,20.215636,44.596265,1,NRT_6h,,Danube,RS,3650,3588,Danube,0,0,TRUE,1,1,1,1,1,1,71.24,FALSE,5127500,2442500,6,ID_259.mod,no data,259,TRUE,1020,TRUE,Kolubara
EFAS,12,260,Apatin,18.969079,45.67535,1,NRT_24h,,Danube,RS,211925,211139,Danube,0,0,TRUE,0,0,1,1,1,1,78.84,FALSE,5012500,2552500,,,extremely low quality data  unusable,260,FALSE,1020,FALSE,Danube
EFAS,12,261,Bogojevo,19.078749,45.53004,1,NRT_6h,C860,Danube,RS,253300,251593,Danube,3,0,TRUE,1,1,1,1,1,1,77.46,TRUE,5032500,2532500,6,ID_261.mod,moved downstream of meander  outliers  zeros,261,TRUE,1020,TRUE,Danube
EFAS,12,262,Smederevo,20.921219,44.66692,1,NRT_6h,C781,Danube,RS,520500,525820,Danube,1,0,TRUE,0,1,1,1,1,1,65.36,FALSE,5187500,2462500,6,ID_262.mod,few data could  use hist24,262,FALSE,1020,FALSE,Danube
EFAS,12,263,Markovicevo,21.03038,45.326954,1,NRT_6h,,Danube,RS,1000,1111,Danube,3,0,TRUE,1,1,1,1,1,1,76.9,TRUE,5182500,2532500,6,ID_263.mod,,263,TRUE,1020,TRUE,Brzava
EFAS,12,264,Ljubicevski most,21.131837,44.585387,1,NRT_6h,C061,Danube,RS,37650,37320,Danube,3,0,TRUE,1,1,1,1,1,1,73.42,TRUE,5197500,2457500,6,ID_264.mod,,264,TRUE,1020,TRUE,Velika Morava
EFAS,12,265,Sint-Joris-Weert,4.642503,50.8029,0,HIST_24h,,Scheldt,BE,750,,Scheldt,3,0,TRUE,0,1,1,1,1,0,28.5,TRUE,3942500,3092500,24,ID_265.mod,,265,FALSE,1022,FALSE,Dyle
EFAS,12,266,Diest,5.041367,50.991268,0,NRT_6h,,Scheldt,BE,1950,1950,Scheldt,2,0,TRUE,0,1,1,1,1,0,20.5,FALSE,3972500,3107500,6,ID_266.mod,Close to 830,266,FALSE,1022,FALSE,Demer
EFAS,12,267,Lot,4.279647,50.765746,0,HIST_24h,,Scheldt,BE,675,659.24,Scheldt,3,0,TRUE,0,1,1,1,1,0,26,TRUE,3917500,3087500,24,ID_267.mod,,267,FALSE,1022,FALSE,Dyle
EFAS,12,268,Overboelare,3.867334,50.762012,1,NRT_6h,,Scheldt,BE,775,785,Scheldt,3,0,TRUE,1,1,1,1,1,1,17.5,TRUE,3887500,3087500,6,ID_268.mod,,268,TRUE,1022,TRUE,Dender
EFAS,12,269,Bossuit,3.402525,50.741192,0,NRT_6h,,Scheldt,BE,5250,5227,Scheldt,2,0,TRUE,0,1,1,1,1,0,12,FALSE,3857500,3092500,6,ID_269.mod,negative values  removed with qc  oscillations regulated close to 1361,269,FALSE,1022,FALSE,Scheldt
EFAS,12,270,Menen,3.126709,50.791197,1,NRT_6h,,Scheldt,BE,3050,2986.2,Scheldt,1,0,TRUE,1,1,1,1,1,1,12,FALSE,3832500,3097500,6,ID_270.mod,large oscillations  negative values could  use hist24,270,TRUE,1022,TRUE,Leie
EFAS,12,271,Kopčany,17.106502,48.817054,0,HIST_6h,,Danube,SK,9550,9629.32,Danube,3,0,TRUE,0,1,1,1,1,0,156.39,TRUE,4847500,2887500,6,ID_271.mod,,271,FALSE,1018,FALSE,Morava
EFAS,12,272,Moravský Sv. Ján,16.935429,48.602278,1,HIST_6h,C320,Danube,SK,24125,24129.3,Danube,3,0,TRUE,1,1,1,1,1,1,146.24,TRUE,4832500,2857500,6,ID_272.mod,,272,TRUE,1018,TRUE,Morava
EFAS,12,273,Devín,16.977317,48.173299,1,HIST_6h,,Danube,SK,131250,131244,Danube,2,0,TRUE,1,1,1,1,1,1,132.87,FALSE,4842500,2807500,6,ID_273.mod,close to 1895,273,TRUE,1018,TRUE,Danube
EFAS,12,274,Liptovský Mikuláš,19.603513,49.086364,1,HIST_6h,C446,Danube,SK,1125,1107.21,Danube,3,0,TRUE,1,1,1,1,1,1,567.68,TRUE,5022500,2932500,6,ID_274.mod,,274,TRUE,1018,TRUE,Vah
EFAS,12,275,Hubová,19.188057,49.120388,1,HIST_6h,,Danube,SK,2100,2133.2,Danube,3,0,TRUE,1,1,1,1,1,1,444.7,TRUE,4997500,2927500,6,ID_275.mod,dam oscillations regulated  Moved South-East to avoid conflict in inflow point,275,TRUE,1018,TRUE,Vah
EFAS,12,276,Dierová,19.172762,49.182981,1,HIST_6h,,Danube,SK,2000,1966.75,Danube,3,0,TRUE,1,1,1,1,1,1,439.05,TRUE,4987500,2937500,6,ID_276.mod,dam,276,TRUE,1018,TRUE,Orava
EFAS,12,277,Strečno,18.864047,49.172511,1,HIST_6h,,Danube,SK,5475,5453.25,Danube,0,0,TRUE,1,1,1,1,1,1,353.4,FALSE,4967500,2932500,6,ID_277.mod,large oscillations,277,TRUE,1018,TRUE,Vah
EFAS,12,278,Šaľa,17.881949,48.161217,1,HIST_6h,C060,Danube,SK,10675,11217.61,Danube,0,0,TRUE,1,1,1,1,1,1,109.23,FALSE,4912500,2807500,6,ID_278.mod,low quality data  same for daily data  large oscillations,278,TRUE,1018,TRUE,Vah
EFAS,12,279,Nitrianska Streda,18.172555,48.523948,1,HIST_6h,,Danube,SK,2025,2093.71,Danube,3,0,TRUE,1,1,1,1,1,1,158.25,TRUE,4922500,2862500,6,ID_279.mod,,279,TRUE,1018,TRUE,Nitra
EFAS,12,280,Nové Zámky,18.174321,47.978552,1,HIST_6h,,Danube,SK,3700,4063.66,Danube,1,0,TRUE,1,1,1,1,1,1,108.73,FALSE,4927500,2792500,6,ID_280.mod,oscillations,280,TRUE,1018,TRUE,Nitra
EFAS,12,281,Komárno,18.127812,47.754313,1,HIST_6h,,Danube,SK,150775,151961.6,Danube,3,0,TRUE,1,1,1,1,1,1,103.4,TRUE,4927500,2772500,6,ID_281.mod,,281,TRUE,1018,TRUE,Danube
EFAS,12,282,Banská Bystrica,19.140372,48.731088,1,HIST_6h,C448,Danube,SK,1825,1766.48,Danube,3,0,TRUE,1,1,1,1,1,1,334.29,TRUE,4992500,2887500,6,ID_282.mod,,282,TRUE,1018,TRUE,Hron
EFAS,12,283,Brehy,18.64624,48.406726,1,HIST_6h,C015,Danube,SK,3825,3821.38,Danube,3,0,TRUE,1,1,1,1,1,1,194.27,TRUE,4962500,2847500,6,ID_283.mod,,283,TRUE,1018,TRUE,Hron
EFAS,12,284,Slovenské Ďarmoty,19.297626,48.087161,1,HIST_6h,,Danube,SK,2750,2768,Danube,3,0,TRUE,1,1,1,1,1,1,136.11,TRUE,5012500,2817500,6,ID_284.mod,,284,TRUE,1018,TRUE,Ipel
EFAS,12,285,Lenártovce,20.313416,48.30507,1,HIST_6h,C754,Danube,SK,1700,1829.65,Danube,3,0,TRUE,1,1,1,1,1,1,150.41,TRUE,5082500,2862500,6,ID_285.mod,Moved North to avoid conflict in inflow point,285,TRUE,1018,TRUE,Slana
EFAS,12,286,Vlkyňa,20.301721,48.285404,1,HIST_6h,,Danube,SK,1325,1377.41,Danube,3,0,TRUE,1,1,1,1,1,1,150.63,TRUE,5077500,2852500,6,ID_286.mod,,286,TRUE,1018,TRUE,Rimava
EFAS,12,287,Chmelnica,20.730146,49.289177,1,HIST_6h,,Vistula,SK,1325,1262.41,Vistula,3,0,TRUE,1,1,1,1,1,1,507.37,TRUE,5097500,2967500,6,ID_287.mod,,287,TRUE,1018,TRUE,Poprad
EFAS,12,288,Margecany,20.972338,48.909548,1,HIST_6h,,Danube,SK,1050,1132.78,Danube,3,0,TRUE,1,1,1,1,1,1,329.35,TRUE,5122500,2927500,6,ID_288.mod,,288,TRUE,1018,TRUE,Hornad
EFAS,12,289,Košické Olšany,21.336383,48.733426,1,HIST_6h,,Danube,SK,1200,1298.3,Danube,3,0,TRUE,1,1,1,1,1,1,185.7,TRUE,5152500,2907500,6,ID_289.mod,,289,TRUE,1018,TRUE,Torysa
EFAS,12,290,Humenné,21.912382,48.928054,1,HIST_6h,,Danube,SK,1275,1272.4,Danube,3,0,TRUE,1,1,1,1,1,1,143.6,TRUE,5192500,2937500,6,ID_290.mod,,290,TRUE,1018,TRUE,Laborec
EFAS,12,291,Lekárovce,22.156619,48.605475,1,HIST_6h,,Danube,SK,2050,1989.41,Danube,0,0,TRUE,1,1,1,1,1,1,98.92,FALSE,5222500,2902500,6,ID_291.mod,moved but LDD is wrong,291,TRUE,1018,TRUE,Uzh
EFAS,12,292,Veľké Kapušany,22.051758,48.500766,1,HIST_6h,C770,Danube,SK,2350,2915.46,Danube,0,0,TRUE,1,1,1,1,1,1,93.7,FALSE,5212500,2892500,6,ID_292.mod,wrong LDD,292,TRUE,1018,TRUE,Latorica
EFAS,12,293,Hanušovce nad Toplou,21.519206,49.032598,1,HIST_6h,,Danube,SK,1075,1050.05,Danube,3,0,TRUE,1,1,1,1,1,1,160.4,TRUE,5157500,2947500,6,ID_293.mod,,293,TRUE,1018,TRUE,Topla
EFAS,12,294,Streda nad Bodrogom,21.748243,48.395088,1,HIST_6h,C034,Danube,SK,10750,11474.25,Danube,2,0,TRUE,1,1,1,1,1,1,91.48,FALSE,5187500,2877500,6,ID_294.mod,Same location as 670,294,TRUE,1018,TRUE,Bodrog
EFAS,12,295,Akslen,8.44987,61.802936,1,NRT_6h,,Glomma,NO,825,796.26,Glomma,3,0,TRUE,1,1,0,1,0,0,475,TRUE,4237500,4297500,6,ID_295.mod,,295,TRUE,1002,TRUE,Bovri
EFAS,12,296,Atnasjoe,10.222119,61.851939,1,,,Glomma,NO,375,463.2,Glomma,,0,TRUE,1,1,0,1,0,0,701,FALSE,4332500,4307500,6,ID_296.mod,Provider upArea too small to be included in calibration,296,TRUE,1002,TRUE,Atna
EFAS,12,297,Bagn,9.567188,60.801327,0,NRT_6h,,Drammen,NO,2975,2976.54,Drammen,1,0,TRUE,0,1,0,1,0,0,210,FALSE,4292500,4192500,6,ID_297.mod,oscillations many outliers difficult to remove use after 05-2011,297,FALSE,1002,FALSE,Begna
EFAS,12,298,Bergheim,9.231315,60.471919,1,NRT_6h,,Drammen,NO,4275,4248.54,Drammen,3,0,TRUE,1,1,0,1,0,0,152,TRUE,4282500,4147500,6,ID_298.mod,,298,TRUE,1002,TRUE,Hallingdalselva
EFAS,12,299,Dølplass,10.451065,62.19223,1,NRT_6h,,Glomma,NO,2125,2012.95,Glomma,3,0,TRUE,1,1,0,1,0,0,529,TRUE,4342500,4342500,6,ID_299.mod,,299,TRUE,1002,TRUE,Folla
EFAS,12,300,Eggedal,9.434388,60.151761,1,,,Drammen,NO,300,309.77,Drammen,,0,TRUE,1,1,0,1,0,0,170,FALSE,4287500,4117500,6,ID_300.mod,Provider upArea too small to be included in calibration,300,TRUE,1002,TRUE,Simoa
EFAS,12,301,Eide,9.722482,61.613981,0,NRT_6h,,Glomma,NO,7925,7969.43,Glomma,3,0,TRUE,0,1,0,1,0,0,241,TRUE,4307500,4282500,6,ID_301.mod,,301,FALSE,1002,FALSE,Lagen
EFAS,12,302,Elverum,11.560652,60.874212,1,NRT_6h,C234,Glomma,NO,15450,15447.49,Glomma,3,0,TRUE,1,1,0,1,0,0,180,TRUE,4407500,4202500,6,ID_302.mod,,302,TRUE,1002,TRUE,Glomma
EFAS,12,303,Etna,9.626174,60.951902,1,NRT_6h,,Drammen,NO,575,570.17,Drammen,3,0,TRUE,1,1,0,1,0,0,399,TRUE,4302500,4207500,6,ID_303.mod,,303,TRUE,1002,TRUE,Etna
EFAS,12,304,Faukstad,9.424945,61.709489,0,NRT_6h,,Glomma,NO,1475,1480.08,Glomma,3,0,TRUE,0,1,0,1,0,0,353.3,TRUE,4287500,4292500,6,ID_304.mod,,304,FALSE,1002,FALSE,Sjoa
EFAS,12,305,Fiskum,9.78916,59.697542,1,,,Drammen,NO,75,51.6,Drammen,,0,TRUE,1,1,0,1,0,0,84,FALSE,4307500,4067500,6,ID_305.mod,Provider upArea too small to be included in calibration,305,TRUE,1002,TRUE,Fiskum
EFAS,12,306,Fura,11.326164,60.886225,1,,,Glomma,NO,50,39.69,Glomma,,0,TRUE,1,1,0,1,0,0,349,FALSE,4392500,4197500,6,ID_306.mod,Provider upArea too small to be included in calibration,306,TRUE,1002,TRUE,Fura
EFAS,12,307,Hummelvoll,11.120534,62.448055,1,NRT_6h,,Glomma,NO,2450,2421.08,Glomma,3,0,TRUE,1,1,0,1,0,0,592,TRUE,4377500,4367500,6,ID_307.mod,,307,TRUE,1002,TRUE,Glomma
EFAS,12,308,Kistefoss,10.361305,60.221812,1,NRT_6h,C644,Drammen,NO,3675,3704.53,Drammen,3,0,TRUE,1,1,0,1,0,0,120,TRUE,4337500,4122500,6,ID_308.mod,lake strongly regulated,308,TRUE,1002,TRUE,Randselva
EFAS,12,309,Knappom,12.047125,60.64117,1,NRT_6h,,Glomma,NO,1650,1646,Glomma,3,0,TRUE,1,1,0,1,0,0,170,TRUE,4437500,4177500,6,ID_309.mod,,309,TRUE,1002,TRUE,Flisa
EFAS,12,310,Lalm,9.274604,61.817372,1,NRT_6h,C395,Glomma,NO,4025,3982.36,Glomma,3,0,TRUE,1,1,0,1,0,0,355,TRUE,4277500,4307500,6,ID_310.mod,,310,TRUE,1002,TRUE,Otta
EFAS,12,311,Losna,10.277532,61.333385,1,NRT_6h,C235,Glomma,NO,11200,11212.94,Glomma,3,0,TRUE,1,1,0,1,0,0,179,TRUE,4337500,4242500,6,ID_311.mod,,311,TRUE,1002,TRUE,Lagen
EFAS,12,312,Mjøndalen bru,10.007267,59.752922,0,NRT_6h,,Drammen,NO,17050,16992.02,Drammen,1,0,TRUE,0,0,0,1,0,0,20,FALSE,4317500,4072500,6,ID_312.mod,oscillations,312,FALSE,1002,FALSE,Drammen
EFAS,12,313,Narsjø,11.478783,62.361318,1,,,Glomma,NO,125,119.13,Glomma,,0,TRUE,1,1,0,1,0,0,737,FALSE,4397500,4362500,6,ID_313.mod,Provider upArea too small to be included in calibration,313,TRUE,1002,TRUE,Nora
EFAS,12,314,Norsfoss,12.035517,60.339025,0,NRT_6h,,Glomma,NO,18800,18932.64,Glomma,3,0,TRUE,0,1,0,1,0,0,165.3,TRUE,4432500,4137500,6,ID_314.mod,,314,FALSE,1002,FALSE,Glomma
EFAS,12,315,Nye Stai,11.042726,61.466519,0,NRT_6h,,Glomma,NO,8925,8950,Glomma,3,0,TRUE,0,1,0,1,0,0,240,TRUE,4377500,4267500,6,ID_315.mod,Large outliers maybe left after qc,315,FALSE,1002,FALSE,Glomma
EFAS,12,316,Ofossen,8.313763,61.882597,0,NRT_6h,,Glomma,NO,1600,1584.73,Glomma,3,0,TRUE,0,1,0,1,0,0,400,TRUE,4227500,4312500,6,ID_316.mod,,316,FALSE,1002,FALSE,Otta
EFAS,12,317,Rosten,9.405153,61.858567,1,NRT_6h,,Glomma,NO,1825,1833.91,Glomma,3,0,TRUE,1,1,0,1,0,0,319,TRUE,4292500,4302500,6,ID_317.mod,,317,TRUE,1002,TRUE,Lagen
EFAS,12,318,Rudi,10.057384,61.55955,0,,,Glomma,NO,300,369.96,Glomma,,0,TRUE,0,1,0,1,0,0,246,FALSE,4322500,4277500,6,ID_318.mod,Provider upArea too small to be included in calibration,318,FALSE,1002,FALSE,Frya
EFAS,12,319,Skålfoss,9.833348,60.078672,0,NRT_6h,C643,Drammen,NO,5100,5126.72,Drammen,3,0,TRUE,0,1,0,1,0,0,120.3,TRUE,4307500,4112500,6,ID_319.mod,,319,FALSE,1002,FALSE,Snarum
EFAS,12,320,Skarnes,11.67747,60.254316,0,NRT_6h,C394,Glomma,NO,20375,20296.2,Glomma,3,0,TRUE,0,1,0,1,0,0,129.4,TRUE,4412500,4127500,6,ID_320.mod,,320,FALSE,1002,FALSE,Glomma
EFAS,12,322,Storeskar,8.335151,60.891562,1,,,Drammen,NO,100,119.43,Drammen,,0,TRUE,1,1,0,1,0,0,895,FALSE,4227500,4202500,6,ID_322.mod,Provider upArea too small to be included in calibration,322,TRUE,1002,TRUE,Hemsil
EFAS,12,323,Strømstøa,10.138882,60.314604,1,NRT_6h,C645,Drammen,NO,4750,4631.48,Drammen,3,0,TRUE,1,1,0,1,0,0,150,TRUE,4327500,4137500,6,ID_323.mod,dam but not in lsf,323,TRUE,1002,TRUE,Adalselva
EFAS,12,324,Sundbyfoss,10.123378,59.517291,1,,,Drammen,NO,125,74.68,Drammen,,0,TRUE,1,1,0,1,0,0,54,FALSE,4327500,4047500,6,ID_324.mod,Provider upArea too small to be included in calibration,324,TRUE,1002,TRUE,Lianelva
EFAS,12,325,Vinde-elv,9.075593,61.151746,0,,,Drammen,NO,300,269.34,Drammen,,0,TRUE,0,1,0,1,0,0,560,FALSE,4272500,4232500,6,ID_325.mod,Provider upArea too small to be included in calibration,325,FALSE,1002,FALSE,Vinda
EFAS,12,326,Vismunda,10.562095,60.958454,0,,,Glomma,NO,200,190.73,Glomma,,0,TRUE,0,1,0,1,0,0,190,FALSE,4347500,4207500,6,ID_326.mod,Provider upArea too small to be included in calibration,326,FALSE,1002,FALSE,Vismunda
EFAS,12,327,Veliko Selo,21.299877,44.49455,1,NRT_6h,,Danube,RS,1050,1124,Danube,3,0,TRUE,1,1,1,1,1,1,92.55,TRUE,5222500,2437500,6,ID_327.mod,,327,TRUE,1020,TRUE,Mlava
EFAS,12,328,Monte Da Vinha,-7.085033,38.8321,0,HIST_24h,,Guadiana,PT,49825,49865,Guadiana,3,0,TRUE,0,1,0,0,0,0,154.3,TRUE,2842500,1917500,24,ID_328.mod,Outliers and missing data  use after 05-2000,328,FALSE,1023,FALSE,Guadiana
EFAS,12,329,Ermida Corgo (Inag),-7.74667,41.23103,0,,,Douro,PT,300,309,Duero,,0,TRUE,0,1,0,0,0,0,-999,FALSE,2842500,2192500,24,ID_329.mod,Provider upArea too small to be included in calibration,329,FALSE,1023,FALSE,Corgo
EFAS,12,330,Almourol,-8.375,39.461,0,HIST_24h,,Tagus,PT,67500,67482,Tajo,3,0,TRUE,0,1,0,0,0,0,12.2,TRUE,2742500,2012500,24,ID_330.mod,,330,FALSE,1023,FALSE,Tagus
EFAS,12,331,Tramagal,-8.226,39.452,0,HIST_24h,,Tagus,PT,62200,62148,Tajo,3,0,TRUE,0,1,0,0,0,0,17.54,TRUE,2757500,2007500,24,ID_331.mod,,331,FALSE,1023,FALSE,Tagus
EFAS,12,332,Martina,10.465434,46.885786,1,NRT_6h,C425,Danube,CH,2025,1945,Danube,2,0,TRUE,1,1,1,1,1,1,1030,FALSE,4352500,2637500,6,ID_332.mod,oscillations strongly regulated  close to 184,332,TRUE,1003,TRUE,Inn
EFAS,12,333,Locarno,8.804286,46.163631,1,HIST_24h,C427,Po,CH,2850,6562,Po,2,0,TRUE,0,1,1,0,1,1,193,FALSE,4222500,2557500,24,ID_333.mod,End 06-2004  close to 334,333,FALSE,1003,FALSE,Lago Maggiore
EFAS,12,334,Bellinzona,9.03202,46.20877,1,NRT_6h,C426,Po,CH,1525,1515,Po,3,0,TRUE,1,1,1,1,1,1,220,TRUE,4242500,2562500,6,ID_334.mod,oscillation in low flow,334,TRUE,1003,TRUE,Ticino
EFAS,12,335,"Bern, Schönau",7.447957,46.933093,1,NRT_6h,C416,Rhine,CH,2975,2945,Rhine,3,0,TRUE,1,1,1,1,1,1,502,TRUE,4132500,2647500,6,ID_335.mod,,335,TRUE,1003,TRUE,Aare
EFAS,12,336,"Brügg, Aegerten",7.283394,47.122066,1,NRT_6h,,Rhine,CH,8300,8293,Rhine,3,0,TRUE,1,1,1,1,1,1,428,TRUE,4117500,2672500,6,ID_336.mod,outliers  negative values removed with qc,336,TRUE,1003,TRUE,Aare
EFAS,12,337,Brugg,8.194892,47.482538,1,NRT_6h,,Rhine,CH,11550,11726,Rhine,3,0,TRUE,1,1,1,1,1,1,332,TRUE,4182500,2707500,6,ID_337.mod,,337,TRUE,1003,TRUE,Aare
EFAS,12,338,Murgenthal,7.830621,47.266591,1,NRT_6h,C213,Rhine,CH,9950,10119,Rhine,3,0,TRUE,1,1,1,1,1,1,399,TRUE,4157500,2687500,6,ID_338.mod,,338,TRUE,1003,TRUE,Aare
EFAS,12,339,Thun,7.611825,46.764569,1,NRT_6h,,Rhine,CH,2650,2466,Rhine,2,0,TRUE,1,1,1,1,1,1,548,FALSE,4137500,2632500,6,ID_339.mod,lake moved station downstream  close to 335,339,TRUE,1003,TRUE,Aare
EFAS,12,340,"Untersiggenthal, Stilli",8.234809,47.516629,1,NRT_6h,C212,Rhine,CH,17525,17601,Rhine,3,0,TRUE,1,1,1,1,1,1,326,TRUE,4187500,2712500,6,ID_340.mod,Moved South to avoid conflict in inflow point,340,TRUE,1003,TRUE,Aare
EFAS,12,341,"Ligerz, Klein Twann",7.153092,47.091683,1,,,Rhine,CH,7825,8281,Rhine,,0,FALSE,0,0,1,0,1,1,429,FALSE,4102500,2667500,,,No discharge data available for calibration period,341,FALSE,1003,FALSE,Bielersee
EFAS,12,342,Romanshorn,9.381006,47.564785,1,,,Rhine,CH,75,10922,Rhine,,0,FALSE,0,0,1,0,1,1,396,FALSE,4272500,2717500,,,No discharge data available for calibration period,342,FALSE,1003,FALSE,Obersee
EFAS,12,343,Berlingen,9.017593,47.675461,1,NRT_6h,,Rhine,CH,11325,11487,Rhine,3,0,TRUE,1,0,1,1,1,1,395,TRUE,4242500,2727500,6,ID_343.mod,two small outliers after qs,343,TRUE,1003,TRUE,Untersee
EFAS,12,344,Ringgenberg,7.89824,46.701346,1,,,Rhine,CH,750,1127,Rhine,,0,FALSE,0,0,1,0,1,1,564,FALSE,4162500,2622500,,,No discharge data available for calibration period,344,FALSE,1003,FALSE,Brienzersee
EFAS,12,345,Fürstenau,9.447353,46.715082,1,NRT_6h,,Rhine,CH,1550,1575,Rhine,0,0,TRUE,1,1,1,1,1,1,650,FALSE,4277500,2622500,6,ID_345.mod,low quality data  dam regulated,345,TRUE,1003,TRUE,Hinterrhein
EFAS,12,346,"Neuchatel, Port",6.933559,46.991077,0,,,Rhine,CH,1575,2671,Rhine,,0,FALSE,0,0,1,0,1,0,429,FALSE,4087500,2657500,,,No discharge data available for calibration period,346,FALSE,1003,FALSE,Lac de Neuchatel
EFAS,12,347,"Baden, Limmatpromenade",8.309418,47.475706,1,NRT_6h,,Rhine,CH,2425,2396,Rhine,3,0,TRUE,1,1,1,1,1,1,351,TRUE,4192500,2707500,6,ID_347.mod,,347,TRUE,1003,TRUE,Limmat
EFAS,12,348,"Zuerich,Unterhard",8.525453,47.390585,1,NRT_6h,,Rhine,CH,2225,2176,Rhine,2,0,TRUE,1,1,1,1,1,1,400,FALSE,4207500,2697500,6,ID_348.mod,lake  close to 347,348,TRUE,1003,TRUE,Limmat
EFAS,12,349,"Weesen, Biäsche",9.088424,47.131563,1,NRT_6h,,Rhine,CH,1150,1061,Rhine,3,0,TRUE,1,1,1,1,1,1,419,TRUE,4252500,2667500,6,ID_349.mod,,349,TRUE,1003,TRUE,Linth
EFAS,12,350,"Luzern, Geissmattbrücke",8.298489,47.054009,1,NRT_6h,,Rhine,CH,2800,2251,Rhine,3,0,TRUE,1,1,1,1,1,1,432,TRUE,4192500,2662500,6,ID_350.mod,after 06-2012  outliers removed with qc,350,TRUE,1003,TRUE,Reuss
EFAS,12,351,Mellingen,8.271283,47.42103,1,NRT_6h,C421,Rhine,CH,3425,3382,Rhine,3,0,TRUE,1,1,1,1,1,1,345,TRUE,4192500,2697500,6,ID_351.mod,after 06-2012,351,TRUE,1003,TRUE,Reuss
EFAS,12,352,"Mühlau, Hünenberg",8.396131,47.222351,1,NRT_6h,,Rhine,CH,3250,2904,Rhine,2,0,TRUE,1,1,1,1,1,1,390,FALSE,4197500,2677500,6,ID_352.mod,after 06-2012    lake  close to 351,352,TRUE,1003,TRUE,Reuss
EFAS,12,353,"Basel, Rheinhalle",7.61667,47.559432,1,NRT_6h,C417,Rhine,CH,35800,35897,Rhine,3,0,TRUE,1,1,1,1,1,1,246,TRUE,4142500,2717500,6,ID_353.mod,,353,TRUE,1003,TRUE,Rhine
EFAS,12,354,"Diepoldsau, Rietbrücke",9.640909,47.383068,1,NRT_6h,C201,Rhine,CH,6275,6119,Rhine,2,0,TRUE,1,1,1,1,1,1,410,FALSE,4292500,2692500,6,ID_354.mod,oscillations  in low flow close to 227,354,TRUE,1003,TRUE,Rhine
EFAS,12,355,Domat/Ems,9.456125,46.837667,1,NRT_6h,C419,Rhine,CH,3250,3229,Rhine,3,0,TRUE,1,1,1,1,1,1,575,TRUE,4282500,2637500,6,ID_355.mod,oscillations in low flow,355,TRUE,1003,TRUE,Rhine
EFAS,12,356,"Neuhausen, Flurlingerbrücke",8.625871,47.682331,1,NRT_6h,C418,Rhine,CH,11775,11887,Rhine,3,0,TRUE,1,1,1,1,1,1,383,TRUE,4217500,2727500,6,ID_356.mod,Outliers  zeros  negative values removed with qc,356,TRUE,1003,TRUE,Rhine
EFAS,12,357,Rekingen,8.329848,47.570622,1,NRT_6h,C200,Rhine,CH,14625,14718,Rhine,3,0,TRUE,1,1,1,1,1,1,323,TRUE,4192500,2722500,6,ID_357.mod,,357,TRUE,1003,TRUE,Rhine
EFAS,12,358,Rheinfelden (Messstation),7.799905,47.560715,1,NRT_6h,,Rhine,CH,34350,34526,Rhine,2,0,TRUE,1,1,1,1,1,1,262,FALSE,4152500,2717500,6,ID_358.mod,Close to 353,358,TRUE,1003,TRUE,Rhine
EFAS,12,359,Laupen,7.234397,46.908623,1,NRT_6h,,Rhine,CH,1925,1861,Rhine,0,0,TRUE,1,1,1,1,1,1,480,FALSE,4112500,2647500,6,ID_359.mod,dams strongly regulated very large oscillations,359,TRUE,1003,TRUE,Saane
EFAS,12,360,"Spiez, Kraftwerk BKW",7.664559,46.69674,1,,,Rhine,CH,1350,2454,Rhine,,0,FALSE,0,0,1,0,1,1,558,FALSE,4142500,2622500,,,No discharge data available for calibration period,360,FALSE,1003,FALSE,Thunersee
EFAS,12,361,Andelfingen,8.681994,47.596521,1,NRT_6h,C422,Rhine,CH,1750,1696,Rhine,3,0,TRUE,1,1,1,1,1,1,356,TRUE,4227500,2722500,6,ID_361.mod,,361,TRUE,1003,TRUE,Thur
EFAS,12,362,Halden,9.21156,47.505789,1,NRT_6h,,Rhine,CH,1125,1085,Rhine,3,0,TRUE,1,1,1,1,1,1,456,TRUE,4262500,2707500,6,ID_362.mod,,362,TRUE,1003,TRUE,Thur
EFAS,12,363,Luzern,8.319827,47.054881,1,,,Rhine,CH,2175,2238,Rhine,,0,FALSE,0,0,1,0,1,1,434,FALSE,4197500,2657500,,,No discharge data available for calibration period,363,FALSE,1003,FALSE,Vierwaldstattersee
EFAS,12,364,Murg,9.210032,47.113377,1,,,Rhine,CH,325,1061,Rhine,,0,FALSE,0,0,1,0,1,1,419,FALSE,4262500,2667500,,,No discharge data available for calibration period,364,FALSE,1003,FALSE,Walensee
EFAS,12,365,"Zürich, Zürichhorn",8.550468,47.354771,1,,,Rhine,CH,2050,1829,Rhine,,0,FALSE,0,0,1,0,1,1,406,FALSE,4212500,2692500,,,No discharge data available for calibration period,365,FALSE,1003,FALSE,Zurichsee
EFAS,12,366,"Geneve, Bout Du Monde",6.159361,46.180286,1,NRT_6h,,Rhone,CH,1925,1976,Rhone,3,0,TRUE,1,1,1,1,1,1,380,TRUE,4027500,2572500,6,ID_366.mod,,366,TRUE,1003,TRUE,Arve
EFAS,12,367,Ocourt,7.075075,47.35042,1,NRT_6h,,Rhone,CH,1250,1230,Rhone,3,0,TRUE,1,1,1,1,1,1,417,TRUE,4097500,2692500,6,ID_367.mod,after 06-2012   zeros removed with qc,367,TRUE,1003,TRUE,Doubs
EFAS,12,368,St. Prex,6.461138,46.482796,1,,,Rhone,CH,50,7999,Rhone,,0,FALSE,0,0,1,0,1,1,372,FALSE,4047500,2602500,,,No discharge data available for calibration period,368,FALSE,1003,FALSE,Lac Leman
EFAS,12,369,Branson,7.091272,46.125659,1,NRT_6h,,Rhone,CH,3725,3752,Rhone,0,0,TRUE,1,1,1,1,1,1,457,FALSE,4097500,2562500,6,ID_369.mod,after 06-2012 Large oscillations,369,TRUE,1003,TRUE,Rhône
EFAS,12,370,"Chancy, Aux Ripes",5.970734,46.152975,1,NRT_6h,,Rhone,CH,10375,10323,Rhone,0,0,TRUE,1,1,1,1,1,1,336,FALSE,4007500,2567500,6,ID_370.mod,large obscillations   low quality data,370,TRUE,1003,TRUE,Rhone
EFAS,12,371,Porte du Scex,6.88861,46.349566,1,NRT_6h,C423,Rhone,CH,5300,5244,Rhone,0,0,TRUE,1,1,1,1,1,1,377,FALSE,4082500,2587500,6,ID_371.mod,Large obscillations,371,TRUE,1003,TRUE,Rhone
EFAS,12,372,Sion,7.3579,46.21909,1,NRT_6h,,Rhone,CH,3400,3373,Rhone,1,0,TRUE,1,1,1,1,1,1,484,FALSE,4112500,2572500,6,ID_372.mod,Low flow is wrong  could use hist24,372,TRUE,1003,TRUE,Rhone
EFAS,12,374,Ca' Dolfin,12.435183,44.935962,0,,,Po,IT,71600,,Po,,0,FALSE,0,0,0,0,0,0,9,FALSE,4512500,2427500,,,No discharge data available for calibration period,374,FALSE,1016,FALSE,Po di Tolle
EFAS,12,375,Ca' Venier,12.331097,44.957861,0,,,Po,IT,71550,,Po,,0,FALSE,0,0,0,0,0,0,9,FALSE,4507500,2432500,,,No discharge data available for calibration period,375,FALSE,1016,FALSE,Po di Maistra
EFAS,12,376,Cavanella,12.151948,45.027844,0,,,Po,IT,71450,,Po,,0,FALSE,0,0,0,0,0,0,7,FALSE,4492500,2437500,,,No discharge data available for calibration period,376,FALSE,1016,FALSE,Po di Venezia
EFAS,12,377,Porto Tolle,12.303133,44.948231,0,,,Po,IT,71525,,Po,,0,FALSE,0,0,0,0,0,0,14,FALSE,4502500,2427500,,,No discharge data available for calibration period,377,FALSE,1016,FALSE,Po di Gnocca
EFAS,12,378,Parma idro,10.325665,44.809955,0,,,Po,IT,725,,Po,,0,FALSE,0,0,0,0,0,0,57,FALSE,4347500,2412500,,,No discharge data available for calibration period,378,FALSE,1016,FALSE,Parma
EFAS,12,379,Vigoleno,9.916907,44.82072,1,,,Po,IT,100,,Po,,0,TRUE,0,0,0,1,1,1,189,FALSE,4312500,2412500,,,No discharge data available for calibration period,379,FALSE,1016,FALSE,Stirone
EFAS,12,380,Borgotaro,9.84219,44.514057,1,NRT_6h,,Po,IT,400,,Po,3,0,TRUE,0,1,1,1,1,1,354,TRUE,4307500,2377500,6,ID_380.mod,,380,FALSE,1016,FALSE,Taro
EFAS,12,381,Farini,9.569663,44.712114,1,NRT_6h,,Po,IT,250,,Po,0,0,TRUE,0,1,1,1,1,1,436,FALSE,4287500,2402500,6,ID_381.mod,Missing data  small LDD uparea,381,FALSE,1016,FALSE,Nure
EFAS,12,382,Corniglio,10.099499,44.487276,1,,,Po,IT,150,,Po,,0,TRUE,0,1,1,1,1,1,544,FALSE,4332500,2377500,6,ID_382.mod,Not enough discarge data available for calibration period,382,FALSE,1016,FALSE,Parma
EFAS,12,383,Ferriere idro,9.498643,44.643676,1,NRT_6h,,Po,IT,100,,Po,0,0,TRUE,0,1,1,1,1,1,629,FALSE,4282500,2392500,6,ID_383.mod,low data quality  small LDD uparea,383,FALSE,1016,FALSE,Nure
EFAS,12,384,Compiano,10.352731,44.524367,1,NRT_6h,,Po,IT,125,,Po,0,0,TRUE,0,1,1,1,1,1,296,FALSE,4352500,2377500,6,ID_384.mod,Low quality data Moved on affluent,384,FALSE,1016,FALSE,Tassobio
EFAS,12,385,Rivalta RE,10.599173,44.655464,1,,,Po,IT,125,,Po,,0,FALSE,0,0,0,0,1,1,94,FALSE,4367500,2392500,,,No discharge data available for calibration period,385,FALSE,1016,FALSE,Crostolo
EFAS,12,386,Berceto Baganza,9.993069,44.503582,1,NRT_6h,,Po,IT,25,,Po,0,0,TRUE,0,0,0,1,1,1,803,FALSE,4322500,2377500,6,ID_386.mod,few Low quality data small LDD uparea,386,FALSE,1016,FALSE,Baganza
EFAS,12,387,Ponte dell'Olio,9.643822,44.873783,1,,,Po,IT,350,,Po,,0,FALSE,0,0,0,0,1,1,207,FALSE,4292500,2417500,,,No discharge data available for calibration period,387,FALSE,1016,FALSE,Nure
EFAS,12,388,Ponte Lamberti,9.812113,44.650996,1,NRT_6h,,Po,IT,350,,Po,0,0,TRUE,0,0,0,1,1,1,341,FALSE,4307500,2392500,6,ID_388.mod,Low quality data,388,FALSE,1016,FALSE,Ceno
EFAS,12,389,Pradella,9.737732,44.474762,1,NRT_6h,,Po,IT,325,,Po,0,0,TRUE,0,0,0,1,1,1,422,FALSE,4302500,2372500,6,ID_389.mod,Large change in rating curve  use 380  small LDD uparea,389,FALSE,1016,FALSE,Taro
EFAS,12,390,Bobbio,9.383694,44.755103,1,NRT_6h,,Po,IT,700,,Po,3,0,TRUE,0,1,1,1,1,1,272,TRUE,4272500,2407500,6,ID_390.mod,,390,FALSE,1016,FALSE,Trebbia
EFAS,12,391,Ponte Bacchello,10.98734,44.747546,1,NRT_6h,,Po,IT,1575,,Po,2,0,TRUE,0,1,1,1,1,1,38,FALSE,4397500,2402500,6,ID_391.mod,close to 410,391,FALSE,1016,FALSE,Secchia
EFAS,12,392,Varano,9.905313,44.682705,0,,,Po,IT,400,,Po,,0,FALSE,0,0,0,0,1,0,259,FALSE,4312500,2397500,,,No discharge data available for calibration period,392,FALSE,1016,FALSE,Ceno
EFAS,12,393,Pontelagoscuro,11.608072,44.888296,1,NRT_6h,C140,Po,IT,71175,70091,Po,3,0,TRUE,1,1,1,1,1,1,8,TRUE,4447500,2422500,6,ID_393.mod,,393,TRUE,1016,TRUE,Po
EFAS,12,394,Lugo,10.653639,44.433441,1,NRT_6h,,Po,IT,925,,Po,3,0,TRUE,0,0,0,1,1,1,247,TRUE,4372500,2367500,6,ID_394.mod,,394,FALSE,1016,FALSE,Secchia
EFAS,12,395,Ponte Samone,10.922664,44.356595,1,NRT_6h,,Po,IT,600,,Po,3,0,TRUE,0,0,0,1,1,1,226,TRUE,4392500,2362500,6,ID_395.mod,,395,FALSE,1016,FALSE,Panaro
EFAS,12,396,Bomporto,11.045084,44.727163,1,NRT_6h,C689,Po,IT,1100,,Po,3,0,TRUE,0,1,1,1,1,1,32,TRUE,4402500,2402500,6,ID_396.mod,,396,FALSE,1016,FALSE,Panaro
EFAS,12,397,Trebbia Valsigiara,9.330116,44.640245,1,NRT_6h,,Po,IT,250,,Po,0,0,TRUE,0,1,1,1,1,1,462,FALSE,4267500,2392500,6,ID_397.mod,small LDD uparea,397,FALSE,1016,FALSE,Trebbia
EFAS,12,398,Piacenza,9.705535,45.060519,1,NRT_6h,C468,Po,IT,41950,42030,Po,3,0,TRUE,1,1,1,1,1,1,55,TRUE,4302500,2442500,6,ID_398.mod,,398,TRUE,1016,TRUE,Po
EFAS,12,399,Cremona,9.995033,45.128596,0,HIST_24h,C138,Po,IT,51075,,Po,3,0,TRUE,0,1,0,0,0,0,38,TRUE,4322500,2447500,24,ID_399.mod,Located manually,399,FALSE,1016,FALSE,Po
EFAS,12,400,Polesella,11.756259,44.959259,0,,,Po,IT,71225,,Po,,0,FALSE,0,0,0,0,1,0,9,FALSE,4457500,2427500,,,No discharge data available for calibration period,400,FALSE,1016,FALSE,Po
EFAS,12,401,Ariano,12.122145,44.942901,1,,,Po,IT,71375,,Po,,0,FALSE,0,0,0,0,1,1,4,FALSE,4487500,2432500,,,No discharge data available for calibration period,401,FALSE,1016,FALSE,Po
EFAS,12,402,Ponte Cavola,10.52302,44.409339,1,NRT_6h,,Po,IT,375,,Po,1,0,TRUE,0,0,0,1,1,1,367,FALSE,4362500,2367500,6,ID_402.mod,Exclude from 02-2017 for change to hydro zero,402,FALSE,1016,FALSE,Secchia
EFAS,12,403,Solignano,9.985977,44.615581,0,,,Po,IT,600,,Po,,0,FALSE,0,0,0,0,1,0,235,FALSE,4317500,2387500,,,No discharge data available for calibration period,403,FALSE,1016,FALSE,Taro
EFAS,12,404,Bardi idro,9.733152,44.620757,0,,,Po,IT,200,,Po,,0,FALSE,0,0,0,0,0,0,381,FALSE,4297500,2392500,,,No discharge data available for calibration period,404,FALSE,1016,FALSE,Ceno
EFAS,12,405,Ponte Veggia,10.770793,44.548592,1,,,Po,IT,1075,,Po,,0,TRUE,0,0,0,1,1,1,122,FALSE,4382500,2382500,6,ID_405.mod,Not enough discarge data available for calibration period,405,FALSE,1016,FALSE,Secchia
EFAS,12,406,Ponte Val di Sasso,10.818805,44.272581,1,,,Po,IT,275,,Po,,0,FALSE,0,0,0,0,1,1,367,FALSE,4387500,2352500,,,No discharge data available for calibration period,406,FALSE,1016,FALSE,Scoltenna
EFAS,12,407,Ponte Dolo,10.613663,44.373776,1,,,Po,IT,300,,Po,,0,TRUE,0,0,0,1,1,1,339,FALSE,4372500,2362500,,,No discharge data available for calibration period,407,FALSE,1016,FALSE,Dolo
EFAS,12,408,San Donnino,10.962309,44.588553,1,NRT_6h,,Po,IT,875,,Po,0,0,TRUE,0,0,0,1,1,1,44,FALSE,4397500,2387500,6,ID_408.mod,Wrong LDD,408,FALSE,1016,FALSE,Tiepido
EFAS,12,409,Camposanto,11.135092,44.786696,1,,,Po,IT,1150,,Po,,0,FALSE,0,0,0,0,1,1,28,FALSE,4412500,2407500,,,No discharge data available for calibration period,409,FALSE,1016,FALSE,Panaro
EFAS,12,410,Pioppa,10.964897,44.856755,1,NRT_6h,,Po,IT,1675,,Po,3,0,TRUE,0,0,0,1,1,1,32,TRUE,4397500,2417500,6,ID_410.mod,,410,FALSE,1016,FALSE,Secchia
EFAS,12,411,Navicello,10.995307,44.66995,1,,,Po,IT,1075,,Po,,0,FALSE,0,0,0,0,1,1,36,FALSE,4402500,2397500,,,No discharge data available for calibration period,411,FALSE,1016,FALSE,Panaro
EFAS,12,412,Gatta,10.464939,44.402599,1,NRT_6h,,Po,IT,225,,Po,0,0,TRUE,0,0,0,1,1,1,397,FALSE,4347500,2362500,6,ID_412.mod,Moved upstream of concluence  low quality data  small LDD uparea,412,FALSE,1016,FALSE,Secchia
EFAS,12,413,Selvanizza,10.235787,44.439781,1,NRT_6h,,Po,IT,100,,Po,0,0,TRUE,0,0,0,1,1,1,474,FALSE,4337500,2372500,6,ID_413.mod,Moved on right affluent   low quality data small LDD uparea,413,FALSE,1016,FALSE,Cedra
EFAS,12,414,Currada,10.385704,44.545713,0,,,Po,IT,450,,Po,,0,FALSE,0,0,0,0,0,0,243,FALSE,4352500,2382500,,,No discharge data available for calibration period,414,FALSE,1016,FALSE,Enza
EFAS,12,415,Langhirano idro,10.273863,44.612393,1,,,Po,IT,325,,Po,,0,FALSE,0,0,0,0,1,1,263,FALSE,4342500,2387500,,,No discharge data available for calibration period,415,FALSE,1016,FALSE,Parma
EFAS,12,416,Parma Ponte Nuovo,10.31883,44.790114,1,NRT_6h,,Po,IT,250,,Po,0,0,TRUE,0,0,0,1,1,1,65,FALSE,4342500,2407500,6,ID_416.mod,Moved on affluent   low quality data slamm LDD uparea,416,FALSE,1016,FALSE,Baganza
EFAS,12,417,San Giorgio Piacentino,9.73786,44.96474,0,,,Po,IT,425,,Po,,0,FALSE,0,0,0,0,1,0,94,FALSE,4302500,2427500,,,No discharge data available for calibration period,417,FALSE,1016,FALSE,Nure
EFAS,12,418,Marzolara,10.171386,44.634852,1,NRT_6h,,Po,IT,150,,Po,0,0,TRUE,0,0,0,1,1,1,309,FALSE,4332500,2392500,6,ID_418.mod,small LDD upareaLow quality  few data,418,FALSE,1016,FALSE,Baganza
EFAS,12,419,Pianello Val Tidone idro,9.440624,44.964274,1,,,Po,IT,225,,Po,,0,FALSE,0,0,0,0,1,1,154,FALSE,4277500,2427500,,,No discharge data available for calibration period,419,FALSE,1016,FALSE,Tidone
EFAS,12,420,Rottofreno,9.529765,45.056681,1,NRT_6h,,Po,IT,375,,Po,0,0,TRUE,0,0,0,1,1,1,65,FALSE,4282500,2437500,6,ID_420.mod,Change in hydrometric zero,420,FALSE,1016,FALSE,Tidone
EFAS,12,421,Salsominore,9.405315,44.632711,1,NRT_6h,,Po,IT,225,,Po,0,0,TRUE,0,0,0,1,1,1,408,FALSE,4272500,2392500,6,ID_421.mod,Exclude from 10-2015 to 05-2016 for change in hydrometric zero  small LDD uparea,421,FALSE,1016,FALSE,Aveto
EFAS,12,422,Saliceto,9.866951,44.992099,1,NRT_6h,,Po,IT,300,,Po,0,0,TRUE,0,0,0,1,1,1,57,FALSE,4312500,2432500,6,ID_422.mod,Error in LDD  draining also Riglio,422,FALSE,1016,FALSE,Chiavenna
EFAS,12,423,Ciriano,9.813531,44.908826,1,NRT_6h,,Po,IT,150,,Po,0,0,TRUE,0,0,0,1,1,1,116,FALSE,4307500,2422500,6,ID_423.mod,Very low quality data small LDD uparea,423,FALSE,1016,FALSE,Torrente Chero
EFAS,12,424,Rivergaro,9.582107,44.900392,1,NRT_6h,,Po,IT,900,,Po,1,0,TRUE,0,0,0,1,1,1,148,FALSE,4287500,2422500,6,ID_424.mod,Exclude from 10-2015 to 05-2016 for change in hydrometric zero,424,FALSE,1016,FALSE,Trebbia
EFAS,12,425,Tornolo,9.630549,44.49151,1,NRT_6h,,Po,IT,150,,Po,0,0,TRUE,0,0,0,1,1,1,491,FALSE,4292500,2377500,6,ID_425.mod,Close to 380  small LDD uparea,425,FALSE,1016,FALSE,Taro
EFAS,12,426,Parma Ovest,10.224643,44.822626,1,NRT_6h,,Po,IT,1375,,Po,0,0,TRUE,0,0,0,1,1,1,64,FALSE,4337500,2412500,6,ID_426.mod,Low quality data and wrong LDD  use 428,426,FALSE,1016,FALSE,Taro
EFAS,12,427,Noceto,10.169464,44.80862,1,,,Po,IT,25,,Po,,0,FALSE,0,0,0,0,1,1,80,FALSE,4332500,2407500,,,No discharge data available for calibration period,427,FALSE,1016,FALSE,Recchio
EFAS,12,428,San Secondo,10.254303,44.916891,1,NRT_6h,,Po,IT,1450,,Po,3,0,TRUE,0,0,0,1,1,1,42,TRUE,4342500,2422500,6,ID_428.mod,,428,FALSE,1016,FALSE,Taro
EFAS,12,429,Ponte Alto,10.899344,44.669669,1,NRT_6h,,Po,IT,1525,,Po,2,0,TRUE,0,0,0,1,1,1,43,FALSE,4392500,2397500,6,ID_429.mod,Closr to 391,429,FALSE,1016,FALSE,Secchia
EFAS,12,430,Rossenna,14.34494,46.06228,1,NRT_6h,,Po,IT,200,,Po,0,1,FALSE,0,0,0,1,1,1,250,FALSE,4377500,2367500,,,DO NOT USE  Same as 4242  small LDD uparea,430,FALSE,1016,FALSE,Rosenna
EFAS,12,431,Pievepelago idro,10.630172,44.215298,1,NRT_6h,,Po,IT,150,,Po,0,0,TRUE,0,0,0,1,1,1,737,FALSE,4372500,2347500,6,ID_431.mod,small LDD uparea,431,FALSE,1016,FALSE,Scoltenna
EFAS,12,432,Fanano,10.799092,44.203858,1,NRT_6h,,Po,IT,75,,Po,0,0,TRUE,0,0,0,1,1,1,512,FALSE,4382500,2342500,6,ID_432.mod,Exclude after 06-2015  small LDD uparea,432,FALSE,1016,FALSE,Leo
EFAS,12,433,Modena Naviglio,10.947561,44.679461,1,NRT_6h,,Po,IT,25,,Po,0,0,TRUE,0,0,0,1,1,1,32,FALSE,4392500,2392500,6,ID_433.mod,Wrong LDD,433,FALSE,1016,FALSE,Naviglio
EFAS,12,434,Rubiera SS9,10.795542,44.650392,1,NRT_6h,,Po,IT,1425,,Po,0,0,TRUE,0,1,1,1,1,1,57,FALSE,4382500,2392500,6,ID_434.mod,Low quality data,434,FALSE,1016,FALSE,Secchia
EFAS,12,435,Gorzano,10.880881,44.512882,1,NRT_6h,,Po,IT,50,,Po,0,0,TRUE,0,0,0,1,1,1,150,FALSE,4392500,2377500,6,ID_435.mod,Low quality data small LDD uparea,435,FALSE,1016,FALSE,Panaro
EFAS,12,436,Spilamberto,11.029999,44.533978,1,NRT_6h,,Po,IT,775,,Po,0,0,TRUE,0,0,0,1,1,1,72,FALSE,4402500,2382500,6,ID_436.mod,Low quality data  use 395,436,FALSE,1016,FALSE,Panaro
EFAS,12,437,Fiumalbo,10.649172,44.179338,1,NRT_6h,,Po,IT,125,,Po,0,0,TRUE,0,0,0,1,1,1,944,FALSE,4372500,2342500,6,ID_437.mod,Low quality data small LDD uparea,437,FALSE,1016,FALSE,Acquicciola
EFAS,12,438,Cadelbosco,10.58119,44.778796,1,NRT_6h,,Po,IT,350,,Po,0,0,TRUE,0,0,0,1,1,1,38,FALSE,4367500,2407500,6,ID_438.mod,oscillations small LDD area,438,FALSE,1016,FALSE,Crostolo
EFAS,12,439,Puianello,10.567929,44.624019,1,NRT_6h,,Po,IT,100,,Po,0,0,TRUE,0,0,0,1,1,1,136,FALSE,4367500,2387500,6,ID_439.mod,small LDD uparea,439,FALSE,1016,FALSE,Crostolo
EFAS,12,440,Rubiera Tresinaro,10.789997,44.648039,1,,,Po,IT,225,,Po,,0,FALSE,0,0,0,0,1,1,54,FALSE,4377500,2387500,,,No discharge data available for calibration period,440,FALSE,1016,FALSE,Tresinaro
EFAS,12,441,Selvanizza Enza,10.237433,44.437944,0,,,Po,IT,75,,Po,,0,FALSE,0,0,0,0,1,0,483,FALSE,4337500,2367500,,,No discharge data available for calibration period,441,FALSE,1016,FALSE,Enza
EFAS,12,442,Lonza,10.325267,44.466965,0,NRT_6h,,Po,IT,50,,Po,0,0,TRUE,0,0,0,1,1,0,381,FALSE,4347500,2367500,6,ID_442.mod,Few data low quality,442,FALSE,1016,FALSE,Lonza
EFAS,12,443,Vetto,10.329979,44.493422,1,NRT_6h,,Po,IT,425,,Po,3,0,TRUE,0,0,0,1,1,1,342,TRUE,4347500,2377500,6,ID_443.mod,,443,FALSE,1016,FALSE,Enza
EFAS,12,444,Gatta Secchiello,10.47181,44.400736,0,,,Po,IT,350,,Po,,0,FALSE,0,0,0,0,0,0,396,FALSE,4357500,2367500,,,No discharge data available for calibration period,444,FALSE,1016,FALSE,Secchiello
EFAS,12,445,Ponte Nibbiano,9.33253,44.905152,1,,,Po,IT,150,,Po,,0,TRUE,0,0,0,1,1,1,278,FALSE,4267500,2422500,,,No discharge data available for calibration period,445,FALSE,1016,FALSE,Tidone
EFAS,12,446,Veggiola,9.722441,44.869712,1,,,Po,IT,75,,Po,,0,TRUE,0,0,0,1,1,1,202,FALSE,4297500,2417500,,,No discharge data available for calibration period,446,FALSE,1016,FALSE,Riglio
EFAS,12,447,Lugagnano,9.831999,44.819875,1,,,Po,IT,150,,Po,,0,FALSE,0,0,0,0,1,1,216,FALSE,4307500,2412500,,,No discharge data available for calibration period,447,FALSE,1016,FALSE,Arda
EFAS,12,448,Montanaro,9.797352,44.942519,1,NRT_6h,,Po,IT,100,,Po,0,0,TRUE,0,0,0,1,1,1,87,FALSE,4302500,2422500,6,ID_448.mod,Use until 07-2015    small LDD uparea,448,FALSE,1016,FALSE,Riglio
EFAS,12,449,Case Bonini,9.775866,44.751978,1,NRT_6h,,Po,IT,100,,Po,0,0,TRUE,0,0,0,1,1,1,349,FALSE,4302500,2402500,6,ID_449.mod,Exclude 01-2016 02-2016    small LDD uparea,449,FALSE,1016,FALSE,Arda
EFAS,12,450,Castellina di Soragna,10.110137,44.916141,1,NRT_6h,,Po,IT,250,,Po,0,0,TRUE,0,0,0,1,1,1,53,FALSE,4327500,2422500,6,ID_450.mod,small LDD uparea,450,FALSE,1016,FALSE,Stirone
EFAS,12,451,Toccalmatto,10.10614,44.882871,1,NRT_6h,,Po,IT,225,,Po,0,0,TRUE,0,0,0,1,1,1,61,FALSE,4327500,2417500,6,ID_451.mod,Wrong LDD,451,FALSE,1016,FALSE,Rovacchia
EFAS,12,452,Fornovo,10.095785,44.695469,1,,,Po,IT,1175,,Po,,0,FALSE,0,0,0,0,1,1,142,FALSE,4327500,2397500,,,No discharge data available for calibration period,452,FALSE,1016,FALSE,Taro
EFAS,12,453,Salsomaggiore sul Ghiara,9.98511,44.814967,1,NRT_6h,,Po,IT,50,,Po,0,0,TRUE,0,0,0,1,1,1,154,FALSE,4322500,2412500,6,ID_453.mod,Low quality data small LDD uparea,453,FALSE,1016,FALSE,Ghiara
EFAS,12,454,Parma Ponte Verdi,10.324681,44.805476,1,NRT_6h,,Po,IT,700,,Po,3,0,TRUE,0,0,0,1,1,1,58,TRUE,4347500,2407500,6,ID_454.mod,,454,FALSE,1016,FALSE,Parma
EFAS,12,455,Cabanne,9.346466,44.4952,1,NRT_6h,,Po,IT,50,,Po,0,0,TRUE,0,0,0,1,1,1,848,FALSE,4267500,2377500,6,ID_455.mod,small LDD uparea,455,FALSE,1016,FALSE,Aveto
EFAS,12,456,Ca' de' Caroli,10.67689,44.595499,1,NRT_6h,,Po,IT,200,,Po,0,0,TRUE,0,0,0,1,1,1,98,FALSE,4372500,2387500,6,ID_456.mod,Low quality data small LDD uparea,456,FALSE,1016,FALSE,Tresinaro
EFAS,12,457,Ampermoching,11.4916,48.297,1,NRT_6h,,Danube,DE,2225,2188.55,Danube,3,0,TRUE,1,1,1,1,1,1,464.07,TRUE,4427500,2797500,6,ID_457.mod,,457,TRUE,1025,TRUE,Amper
EFAS,12,458,Augsburg Oberhausen,10.881891,48.378353,1,HIST_6h,,Danube,DE,1275,1256.9,Danube,3,0,TRUE,1,1,1,1,1,1,464.09,TRUE,4382500,2802500,24,ID_458.mod,,458,TRUE,1025,TRUE,Wertach
EFAS,12,459,Bad Kissingen,10.073379,50.180128,1,NRT_6h,,Rhine,DE,1575,1576.22,Rhine,2,0,TRUE,1,1,1,1,1,1,192.2,FALSE,4327500,3017500,6,ID_459.mod,close to 490,459,TRUE,1025,TRUE,Franconian Saale
EFAS,12,460,Beilngries oberh. der Sulz,11.4783,49.0285,1,NRT_6h,,Danube,DE,2200,2251.2,Danube,2,0,TRUE,1,1,1,1,1,1,362.66,FALSE,4427500,2877500,6,ID_460.mod,outlier? close to 465,460,TRUE,1025,TRUE,Altmuhl
EFAS,12,461,Burghausen,12.8341,48.1585,1,NRT_6h,C057,Danube,DE,6650,6649,Danube,3,0,TRUE,1,1,1,1,1,1,351.62,TRUE,4527500,2782500,6,ID_461.mod,,461,TRUE,1025,TRUE,Salzach
EFAS,12,462,Chamerau,12.746633,49.181157,1,HIST_6h,,Danube,DE,1350,1356.53,Danube,3,0,TRUE,1,1,1,1,1,1,371.28,TRUE,4527500,2897500,24,ID_462.mod,,462,TRUE,1025,TRUE,Regen
EFAS,12,463,Dillingen,10.5005,48.5684,1,NRT_6h,,Danube,DE,11400,11349.87,Danube,3,0,TRUE,1,1,1,1,1,1,415,TRUE,4352500,2827500,6,ID_463.mod,,463,TRUE,1025,TRUE,Danube
EFAS,12,464,Donauwörth,10.8014,48.7107,1,NRT_6h,,Danube,DE,15175,15091.96,Danube,3,0,TRUE,1,1,1,1,1,1,394.78,TRUE,4377500,2842500,6,ID_464.mod,,464,TRUE,1025,TRUE,Danube
EFAS,12,465,Eichstätt,11.200333,48.883072,1,NRT_6h,C358,Danube,DE,1425,1396.81,Danube,3,0,TRUE,1,1,1,1,1,1,382.19,TRUE,4407500,2862500,6,ID_465.mod,,465,TRUE,1025,TRUE,Altmuhl
EFAS,12,466,Fürstenfeldbruck,11.261473,48.177101,1,HIST_6h,,Danube,DE,1350,1230.25,Danube,2,0,TRUE,1,1,1,1,1,1,514.23,FALSE,4412500,2782500,24,ID_466.mod,close to 457,466,TRUE,1025,TRUE,Amper
EFAS,12,467,Harburg,10.692216,48.783017,1,NRT_6h,C442,Danube,DE,1625,1568.62,Danube,3,0,TRUE,1,1,1,1,1,1,400.65,TRUE,4367500,2857500,6,ID_467.mod,,467,TRUE,1025,TRUE,Wornitz
EFAS,12,468,Hüttendorf,10.9736,49.5461,1,NRT_6h,C706,Rhine,DE,3875,3864.37,Rhine,3,0,TRUE,1,1,1,1,1,1,273.72,TRUE,4392500,2932500,6,ID_468.mod,,468,TRUE,1025,TRUE,Regnitz
EFAS,12,469,Ingolstadt Luitpoldstraße,11.426,48.7574,1,NRT_6h,C357,Danube,DE,20225,20001,Danube,3,0,TRUE,1,1,1,1,1,1,360.35,TRUE,4422500,2847500,6,ID_469.mod,,469,TRUE,1025,TRUE,Danube
EFAS,12,470,Inkofen,11.8652,48.4607,1,NRT_6h,,Danube,DE,3175,3075.62,Danube,3,0,TRUE,1,1,1,1,1,1,415.58,TRUE,4452500,2817500,6,ID_470.mod,,470,TRUE,1025,TRUE,Amper
EFAS,12,471,Kelheim,11.8643,48.9166,1,NRT_6h,,Danube,DE,23075,23019.24,Danube,3,0,TRUE,1,1,1,1,1,1,337.1,TRUE,4452500,2862500,6,ID_471.mod,,471,TRUE,1025,TRUE,Danube
EFAS,12,472,Kemmern,10.8741,49.951,1,NRT_6h,C707,Rhine,DE,4150,4223.84,Rhine,3,0,TRUE,1,1,1,1,1,1,230.22,TRUE,4382500,2987500,6,ID_472.mod,,472,TRUE,1025,TRUE,Main
EFAS,12,473,Kienhof,12.4951,49.1903,1,NRT_6h,C445,Danube,DE,2150,2174.12,Danube,2,0,TRUE,1,1,1,1,1,1,354.12,FALSE,4507500,2902500,6,ID_473.mod,close to 903,473,TRUE,1025,TRUE,Regen
EFAS,12,474,Landau,12.692566,48.675294,1,NRT_6h,C363,Danube,DE,8625,8391.54,Danube,2,0,TRUE,1,1,1,1,1,1,333.65,FALSE,4512500,2842500,6,ID_474.mod,close to 483,474,TRUE,1025,TRUE,Isar
EFAS,12,475,Laufen Siegerstetter Keller,12.933,47.9397,1,NRT_6h,,Danube,DE,6100,6112.11,Danube,2,0,TRUE,1,1,1,1,1,1,387.05,FALSE,4542500,2762500,6,ID_475.mod,close to 461,475,TRUE,1025,TRUE,Salzach
EFAS,12,476,Mainleus,11.373051,50.099504,1,NRT_6h,,Rhine,DE,1175,1165.55,Rhine,2,0,TRUE,1,1,1,1,1,1,284.56,FALSE,4417500,2997500,6,ID_476.mod,Close to 486,476,TRUE,1025,TRUE,Main
EFAS,12,477,Münchshofen,12.084,49.234,1,NRT_6h,,Danube,DE,4025,4007.77,Danube,3,0,TRUE,1,1,1,1,1,1,344.01,TRUE,4467500,2902500,6,ID_477.mod,,477,TRUE,1025,TRUE,Naab
EFAS,12,478,Neumühle,10.99117,49.436077,1,NRT_6h,,Rhine,DE,1825,1846.64,Rhine,3,0,TRUE,1,1,1,1,1,1,28747,TRUE,4392500,2922500,6,ID_478.mod,lake,478,TRUE,1025,TRUE,Rednitz
EFAS,12,479,"Neu Ulm, Bad Held",9.9867,48.3892,1,NRT_6h,,Danube,DE,7600,7587.88,Danube,3,0,TRUE,1,1,1,1,1,1,464.92,TRUE,4317500,2807500,6,ID_479.mod,,479,TRUE,1025,TRUE,Danube
EFAS,12,480,Nürnberg,11.052531,49.45582,1,NRT_6h,,Rhine,DE,1225,1197.58,Rhine,3,0,TRUE,1,1,1,1,1,1,288.8,TRUE,4397500,2927500,6,ID_480.mod,,480,TRUE,1025,TRUE,Pegnitz
EFAS,12,481,Oberaudorf,12.1961,47.644,1,NRT_6h,C058,Danube,DE,9725,9714.85,Danube,2,0,TRUE,1,1,1,1,1,1,464,FALSE,4482500,2722500,6,ID_481.mod,oscillations close to 484,481,TRUE,1025,TRUE,Inn
EFAS,12,482,Passau Ingling,13.444142,48.561512,1,NRT_6h,C056,Danube,DE,26100,26062.72,Danube,2,0,TRUE,1,1,1,1,1,1,289.19,FALSE,4577500,2827500,6,ID_482.mod,exclude peak in 06-2013 for problems to the river gauge  close to 1967,482,TRUE,1025,TRUE,Inn
EFAS,12,483,Plattling,12.8835,48.771,1,NRT_6h,,Danube,DE,9000,8435.03,Danube,3,0,TRUE,1,1,1,1,1,1,316.31,TRUE,4532500,2852500,6,ID_483.mod,,483,TRUE,1025,TRUE,Isar
EFAS,12,484,Rosenheim o.d. Mangfallmündung,12.143314,47.854474,1,NRT_6h,,Danube,DE,10225,10180.59,Danube,2,0,TRUE,1,1,1,1,1,1,440,FALSE,4482500,2747500,6,ID_484.mod,close to 489,484,TRUE,1025,TRUE,Inn
EFAS,12,485,Salz,10.192633,50.31,1,NRT_6h,,Rhine,DE,1025,1041.76,Rhine,2,0,TRUE,1,1,1,1,1,1,221.62,FALSE,4337500,3022500,6,ID_485.mod,Close to 459,485,TRUE,1025,TRUE,Franconian Saale
EFAS,12,486,Schwürbitz,11.1512,50.165,1,NRT_6h,,Rhine,DE,2500,2418.68,Rhine,3,0,TRUE,1,1,1,1,1,1,263.5,TRUE,4402500,3007500,6,ID_486.mod,,486,TRUE,1025,TRUE,Main
EFAS,12,487,Seebruck,12.480662,47.934545,1,NRT_6h,,Danube,DE,1500,1399.32,Danube,3,0,TRUE,1,1,1,1,1,1,517.34,TRUE,4507500,2762500,6,ID_487.mod,lake moved station downstream,487,TRUE,1025,TRUE,Alz
EFAS,12,488,Unterköblitz,12.154,49.5356,1,NRT_6h,,Danube,DE,1975,2010.38,Danube,3,0,TRUE,1,1,1,1,1,1,369.63,TRUE,4477500,2937500,6,ID_488.mod,,488,TRUE,1025,TRUE,Naab
EFAS,12,489,Wasserburg,12.2343,48.0593,1,NRT_6h,C364,Danube,DE,12100,11980.37,Danube,3,0,TRUE,1,1,1,1,1,1,420.45,TRUE,4482500,2767500,6,ID_489.mod,Oscillations,489,TRUE,1025,TRUE,Inn
EFAS,12,490,Wolfsmünster,9.7356,50.0877,1,NRT_6h,C709,Rhine,DE,2125,2120.89,Rhine,3,0,TRUE,1,1,1,1,1,1,155.38,TRUE,4302500,2997500,6,ID_490.mod,,490,TRUE,1025,TRUE,Franconian Saale
EFAS,12,491,Tokarnia,20.4531,50.7742,0,HIST_24h,,Vistula,PL,1225,,Vistula,3,0,TRUE,0,1,1,0,0,0,213.1,TRUE,5057500,3127500,24,ID_491.mod,,491,FALSE,1024,FALSE,Czarna Nida
EFAS,12,492,ŻABNO,20.863611,50.131944,1,HIST_24h,C225,Vistula,PL,6900,6740.66,Vistula,3,0,TRUE,1,1,1,1,1,1,172.43,TRUE,5097500,3052500,6,ID_492.mod,,492,TRUE,1024,TRUE,Dunajec
EFAS,12,493,Pinczow,20.5208,50.5139,0,HIST_24h,C564,Vistula,PL,3400,,Vistula,3,0,TRUE,0,1,1,0,0,0,185.58,TRUE,5062500,3097500,24,ID_493.mod,,493,FALSE,1024,FALSE,Nida
EFAS,12,494,Stary Sacz,20.66,49.5686,0,HIST_24h,C549,Vistula,PL,2100,,Vistula,1,0,TRUE,0,1,1,0,0,0,297.57,FALSE,5087500,2992500,24,ID_494.mod,Large outliers Moved on affluent,494,FALSE,1024,FALSE,Poprad
EFAS,12,495,Proszowki,20.4336,49.9961,0,HIST_24h,C539,Vistula,PL,1475,1470,Vistula,3,0,TRUE,0,1,1,0,0,0,187.16,TRUE,5062500,3037500,24,ID_495.mod,dam,495,FALSE,1024,FALSE,Raba
EFAS,12,496,JAROSŁAW,22.702778,50.021111,1,HIST_24h,,Vistula,PL,6975,7028.16,Vistula,3,0,TRUE,1,1,1,1,1,1,172.21,TRUE,5222500,3072500,6,ID_496.mod,,496,TRUE,1024,TRUE,San
EFAS,12,497,NISKO,22.192778,50.52,1,HIST_24h,C223,Vistula,PL,15575,15578.39,Vistula,3,0,TRUE,1,1,1,1,1,1,149.67,TRUE,5177500,3117500,6,ID_497.mod,,497,TRUE,1024,TRUE,San
EFAS,12,498,Zator,19.4456,49.9992,0,HIST_24h,C538,Vistula,PL,1125,,Vistula,3,0,TRUE,0,1,1,0,0,0,221.67,TRUE,4997500,3027500,24,ID_498.mod,Moved on affluent,498,FALSE,1024,FALSE,Skawa
EFAS,12,499,PUSTYNIA,19.236389,50.063611,1,HIST_24h,,Vistula,PL,2925,3945.78,Vistula,3,0,TRUE,1,1,1,1,1,1,223.42,TRUE,4977500,3032500,24,ID_499.mod,,499,TRUE,1024,TRUE,Vistula
EFAS,12,500,SMOLICE,19.460278,50.031111,1,HIST_24h,C544,Vistula,PL,6750,6796.18,Vistula,3,0,TRUE,0,1,1,1,1,1,214.1,TRUE,4997500,3032500,24,ID_500.mod,,500,FALSE,1024,FALSE,Vistula
EFAS,12,501,POPĘDZYNKA,20.549444,50.141389,1,HIST_24h,,Vistula,PL,10650,10691.14,Vistula,3,0,TRUE,1,1,1,1,1,1,173.44,TRUE,5072500,3057500,6,ID_501.mod,,501,TRUE,1024,TRUE,Vistula
EFAS,12,502,SZCZUCIN,21.077222,50.326944,1,HIST_24h,,Vistula,PL,24125,23876.38,Vistula,3,0,TRUE,1,1,1,1,1,1,159.15,TRUE,5102500,3082500,6,ID_502.mod,,502,TRUE,1024,TRUE,Vistula
EFAS,12,503,SANDOMIERZ,21.746111,50.6725,1,HIST_24h,C217,Vistula,PL,32125,31809.9,Vistula,3,0,TRUE,1,1,1,1,1,1,139.15,TRUE,5147500,3127500,6,ID_503.mod,,503,TRUE,1024,TRUE,Vistula
EFAS,12,504,ZAWICHOST,21.862778,50.805833,1,HIST_24h,,Vistula,PL,50650,50654.57,Vistula,3,0,TRUE,1,1,1,1,1,1,133.38,TRUE,5152500,3142500,6,ID_504.mod,,504,TRUE,1024,TRUE,Vistula
EFAS,12,505,Rzeszow,22.0156,50.0397,0,HIST_24h,C563,Vistula,PL,2125,,Vistula,3,0,TRUE,0,1,1,0,0,0,193.21,TRUE,5177500,3062500,24,ID_505.mod,,505,FALSE,1024,FALSE,Wislok
EFAS,12,506,MIELEC 2,21.430556,50.278889,1,HIST_24h,C224,Vistula,PL,3900,3891.69,Vistula,3,0,TRUE,1,1,1,1,1,1,161.41,TRUE,5127500,3087500,6,ID_506.mod,,506,TRUE,1024,TRUE,WISLOKA
EFAS,12,507,Kunow,21.2789,50.9619,0,HIST_24h,,Vistula,PL,1125,,Vistula,3,0,TRUE,0,1,1,0,0,0,176.11,TRUE,5107500,3157500,24,ID_507.mod,,507,FALSE,1024,FALSE,Kamienna
EFAS,12,508,Lochow,21.6783,52.51,0,HIST_24h,C555,Vistula,PL,2475,2462,Vistula,3,0,TRUE,0,1,1,0,0,0,95.01,TRUE,5112500,3327500,24,ID_508.mod,,508,FALSE,1024,FALSE,Liwiec
EFAS,12,509,SULEJÓW (KOPALNIA),19.88611,51.34361,1,HIST_24h,,Vistula,PL,4075,3927.69,Vistula,3,0,TRUE,1,1,1,1,1,1,166.32,TRUE,5007500,3182500,6,ID_509.mod,,509,TRUE,1024,TRUE,Pilica
EFAS,12,510,KOŚMIN,22.001389,51.573056,1,HIST_24h,C222,Vistula,PL,10200,10292.67,Vistula,3,0,TRUE,1,1,1,1,1,1,115,TRUE,5142500,3227500,6,ID_510.mod,,510,TRUE,1024,TRUE,Wieprz
EFAS,12,511,BORKOWO,20.665556,52.561667,1,HIST_24h,C546,Vistula,PL,5175,5133.19,Vistula,3,0,TRUE,1,1,1,1,1,1,75.31,TRUE,5042500,3327500,6,ID_511.mod,,511,TRUE,1024,TRUE,Wkra
EFAS,12,512,BURZYN,22.459444,53.273889,1,HIST_24h,C550,Vistula,PL,6975,6928.92,Vistula,3,0,TRUE,1,1,1,1,1,1,98.84,TRUE,5147500,3422500,6,ID_512.mod,,512,TRUE,1024,TRUE,Biebrza
EFAS,12,513,Prosna,21.086667,54.2336,0,HIST_24h,C536,Pregolya,PL,1625,,Pregolya,3,0,TRUE,0,1,1,0,0,0,29.37,TRUE,5042500,3512500,24,ID_513.mod,,513,FALSE,1024,FALSE,Guber
EFAS,12,514,Sepopol,21.005278,54.2664,0,HIST_24h,C554,Pregolya,PL,3675,,Pregolya,3,0,TRUE,0,1,1,0,0,0,26.98,TRUE,5032500,3512500,24,ID_514.mod,Moved upstream of confluence,514,FALSE,1024,FALSE,Lyna
EFAS,12,515,STRĘKOWA GÓRA,22.538889,53.219722,1,HIST_24h,C543,Vistula,PL,6800,7205.5,Vistula,3,0,TRUE,1,1,1,1,1,1,99.17,TRUE,5157500,3417500,6,ID_515.mod,Moved on the other affluent  Moved East to avoid conflict in inclow point,515,TRUE,1024,TRUE,Narew
EFAS,12,516,PIĄTNICA-ŁOMŻA,22.093333,53.193333,1,HIST_24h,,Vistula,PL,15050,15347.46,Vistula,3,0,TRUE,1,1,1,1,1,1,95.34,TRUE,5122500,3412500,6,ID_516.mod,,516,TRUE,1024,TRUE,Narew
EFAS,12,517,ZAMBSKI KOŚCIELNE,21.206111,52.756111,1,HIST_24h,C218,Vistula,PL,25925,27807.5,Vistula,3,0,TRUE,1,1,1,1,1,1,79.02,TRUE,5077500,3352500,6,ID_517.mod,,517,TRUE,1024,TRUE,Narew
EFAS,12,518,Bialobrzeg Blizszy,21.478889,53.1083,0,HIST_24h,C545,Vistula,PL,2100,,Vistula,3,0,TRUE,0,1,1,0,0,0,94.41,TRUE,5087500,3392500,24,ID_518.mod,,518,FALSE,1024,FALSE,Omulew
EFAS,12,519,Makow Mazowiecki,21.106944,52.8592,0,HIST_24h,C565,Vistula,PL,1925,,Vistula,1,0,TRUE,0,1,1,0,0,0,90.87,FALSE,5067500,3362500,24,ID_519.mod,Large outliers,519,FALSE,1024,FALSE,Orzyc
EFAS,12,520,DOBRYLAS,21.866944,53.284722,1,HIST_24h,C556,Vistula,PL,4525,4082.38,Vistula,3,0,TRUE,1,1,1,1,1,1,98.1,TRUE,5102500,3422500,6,ID_520.mod,,520,TRUE,1024,TRUE,Pisa
EFAS,12,521,Fasty,23.025833,53.1786,0,HIST_24h,,Vistula,PL,1925,,Vistula,3,0,TRUE,0,1,1,0,0,0,109.51,TRUE,5187500,3417500,24,ID_521.mod,,521,FALSE,1024,FALSE,Suprasl
EFAS,12,522,Mieduniszki,21.980278,54.3264,0,HIST_24h,,Pregolya,PL,1000,,Pregolya,3,0,TRUE,0,1,1,0,0,0,86.72,TRUE,5097500,3532500,24,ID_522.mod,,522,FALSE,1024,FALSE,Angrapa
EFAS,12,523,Krzyzanowice,17.048333,51.171111,0,HIST_24h,,Oder,PL,2000,,Oder,1,0,TRUE,0,1,1,0,0,0,115,FALSE,4812500,3142500,24,ID_523.mod,Large outliers,523,FALSE,1024,FALSE,Widawa
EFAS,12,524,Piatnica,16.198611,51.227778,0,HIST_24h,,Oder,PL,2050,,Oder,1,0,TRUE,0,1,1,0,0,0,117,FALSE,4752500,3142500,24,ID_524.mod,Difficolt to locate,524,FALSE,1024,FALSE,Kaczawa
EFAS,12,526,Olawa,17.292778,50.947778,0,HIST_24h,,Oder,PL,800,,Oder,3,0,TRUE,0,1,1,0,0,0,129,TRUE,4832500,3112500,24,ID_526.mod,Moved on affluent,526,FALSE,1024,FALSE,Osława
EFAS,12,527,Opole,17.920278,50.669444,0,,,Oder,PL,11050,,Oder,,0,TRUE,0,1,1,0,0,0,157,FALSE,4877500,3092500,,,No discharge data available for calibration period,527,FALSE,1024,FALSE,Oder
EFAS,12,528,OPOLE-GROSZOWICE,17.939444,50.634444,1,,,Oder,PL,10975,10934.98,Oder,,0,TRUE,0,1,1,0,1,1,147.12,FALSE,4882500,3082500,,,No discharge data available for calibration period,528,FALSE,1024,FALSE,Oder
EFAS,12,529,DOBROSZÓW WIELKI,15.256667,51.774444,1,,,Oder,PL,5375,5364.52,Oder,,0,TRUE,1,1,1,1,1,1,74.05,FALSE,4687500,3192500,6,ID_529.mod,Not enough discarge data available for calibration period,529,TRUE,1024,TRUE,Bobr
EFAS,12,530,OŁAWA (MOST),17.306389,50.946389,1,HIST_24h,C182,Oder,PL,20025,19791.25,Oder,3,0,TRUE,1,1,1,1,1,1,121.98,TRUE,4842500,3117500,24,ID_530.mod,Moved East to avoid conflict in inflow point,530,TRUE,1024,TRUE,Oder
EFAS,12,531,SKOROGOSZCZ,17.675,50.761944,1,HIST_24h,C190,Oder,PL,4625,4489.48,Oder,3,0,TRUE,1,1,1,1,1,1,139.85,TRUE,4857500,3102500,6,ID_531.mod,,531,TRUE,1024,TRUE,Eastern Neisse
EFAS,12,532,NOWA SÓL,15.721667,51.802222,1,HIST_24h,,Oder,PL,37150,36839.82,Oder,3,0,TRUE,1,1,1,1,1,1,58.82,TRUE,4722500,3197500,6,ID_532.mod,,532,TRUE,1024,TRUE,Oder
EFAS,12,533,CIGACICE,15.6075,52.033056,1,HIST_24h,,Oder,PL,39025,39900.85,Oder,3,0,TRUE,1,1,1,1,1,1,47.4,TRUE,4707500,3227500,6,ID_533.mod,,533,TRUE,1024,TRUE,Oder
EFAS,12,534,Bardo,16.741111,50.503611,0,HIST_24h,,Oder,PL,1750,,Oder,3,0,TRUE,0,1,1,0,0,0,256,TRUE,4797500,3067500,24,ID_534.mod,,534,FALSE,1024,FALSE,Nysa Klodzka
EFAS,12,535,OSETNO,16.4625,51.631667,1,HIST_24h,C547,Oder,PL,4575,4579.55,Oder,0,0,TRUE,1,1,1,1,1,1,77.5,FALSE,4762500,3192500,6,ID_535.mod,low discharge maybe wrong LDD,535,TRUE,1024,TRUE,Barycz
EFAS,12,536,POŁĘCKO,14.892222,52.052778,1,HIST_24h,C180,Oder,PL,46350,47164.75,Oder,3,0,TRUE,1,1,1,1,1,1,32.62,TRUE,4652500,3227500,6,ID_536.mod,,536,TRUE,1024,TRUE,Oder
EFAS,12,537,Korzensko,16.8725,51.539167,0,HIST_24h,,Oder,PL,1150,,Oder,0,1,FALSE,0,1,1,0,0,0,89,FALSE,4797500,3182500,,,DO NOT USE Wrong LDD,537,FALSE,1024,FALSE,Orla
EFAS,12,538,RACIBÓRZ-MIEDONIA,18.230833,50.122778,1,HIST_24h,C183,Oder,PL,6725,6728.54,Oder,3,0,TRUE,1,1,1,1,1,1,176.28,TRUE,4907500,3037500,6,ID_538.mod,,538,TRUE,1024,TRUE,Oder
EFAS,12,539,ŚCINAWA,16.443333,51.408889,1,HIST_24h,C181,Oder,PL,29650,29611.72,Oder,3,0,TRUE,1,1,1,1,1,1,86.72,TRUE,4767500,3157500,6,ID_539.mod,,539,TRUE,1024,TRUE,Oder
EFAS,12,540,UJŚCIE NYSY KŁODZKIEJ,17.661944,50.818889,1,,,Oder,PL,18375,13436.07,Oder,,0,TRUE,0,1,1,0,1,1,135.54,FALSE,4857500,3107500,,,No discharge data available for calibration period,540,FALSE,1024,FALSE,Oder
EFAS,12,541,Turawa,18.079167,50.738889,0,HIST_24h,C189,Oder,PL,1475,,Oder,0,0,TRUE,0,1,1,0,0,0,166,FALSE,4892500,3102500,24,ID_541.mod,Low quality data,541,FALSE,1024,FALSE,Mala Panew
EFAS,12,542,Jarnoltow,16.842778,51.121944,0,HIST_24h,C191,Oder,PL,1675,,Oder,3,0,TRUE,0,1,1,0,0,0,95,TRUE,4797500,3132500,24,ID_542.mod,,542,FALSE,1024,FALSE,Bystrzyca
EFAS,12,543,SŁUBICE,14.556111,52.348333,1,HIST_24h,C179,Oder,PL,52000,53511.26,Oder,2,0,TRUE,1,1,1,1,1,1,17.45,FALSE,4627500,3262500,6,ID_543.mod,Close to 21,543,TRUE,1024,TRUE,Oder
EFAS,12,544,GOZDOWICE,14.317778,52.764167,1,HIST_24h,,Oder,PL,109775,109795.07,Oder,2,0,TRUE,1,1,1,1,1,1,3.02,FALSE,4607500,3307500,6,ID_544.mod,Close to 26,544,TRUE,1024,TRUE,Oder
EFAS,12,545,DZIAŁOSZYN,18.873333,51.11,1,HIST_24h,C540,Oder,PL,4050,4093.63,Oder,3,0,TRUE,1,1,1,1,1,1,172.58,TRUE,4937500,3147500,6,ID_545.mod,,545,TRUE,1024,TRUE,Warta
EFAS,12,546,SIERADZ,18.7425,51.599444,1,HIST_24h,,Oder,PL,8225,8156.15,Oder,3,0,TRUE,1,1,1,1,1,1,125.09,TRUE,4922500,3202500,6,ID_546.mod,,546,TRUE,1024,TRUE,Zeglina
EFAS,12,547,SŁAWSK,18.134722,52.198611,1,HIST_24h,C197,Oder,PL,13750,13759.46,Oder,3,0,TRUE,1,1,1,1,1,1,75.77,TRUE,4872500,3262500,6,ID_547.mod,,547,TRUE,1024,TRUE,Warta
EFAS,12,548,POZNAŃ (MOST ROCHA),16.942778,52.398611,1,HIST_24h,C196,Oder,PL,25575,25908.89,Oder,3,0,TRUE,1,1,1,1,1,1,49.46,TRUE,4792500,3282500,6,ID_548.mod,use data after 1997,548,TRUE,1024,TRUE,Warta
EFAS,12,549,GORZÓW WIELKOPOLSKI,15.253056,52.73,1,HIST_24h,C194,Oder,PL,53275,52362.12,Oder,3,0,TRUE,1,1,1,1,1,1,15.51,TRUE,4682500,3302500,6,ID_549.mod,use data after 1997,549,TRUE,1024,TRUE,Warta
EFAS,12,550,Dabie,18.825278,52.085278,0,HIST_24h,C542,Oder,PL,1825,,Oder,3,0,TRUE,0,1,1,0,0,0,93,TRUE,4922500,3257500,24,ID_550.mod,,550,FALSE,1024,FALSE,Ner
EFAS,12,551,NOWE DREZDENKO,15.837778,52.850833,1,HIST_24h,C199,Oder,PL,16850,15916.27,Oder,3,0,TRUE,1,1,1,1,1,1,24.21,TRUE,4717500,3322500,6,ID_551.mod,,551,TRUE,1024,TRUE,Notec
EFAS,12,552,BOGUSŁAW,17.954722,51.898889,1,HIST_24h,,Oder,PL,4300,4282.38,Oder,3,0,TRUE,1,1,1,1,1,1,87.9,TRUE,4867500,3227500,6,ID_552.mod,,552,TRUE,1024,TRUE,Prosna
EFAS,12,553,PIŁA,16.740278,53.151389,1,HIST_24h,C557,Oder,PL,4725,4712.57,Oder,0,0,TRUE,1,1,1,1,1,1,54.38,FALSE,4772500,3362500,6,ID_553.mod,low quality data  flow is too small compared to catchment size possibly wrong location,553,TRUE,1024,TRUE,Gwda
EFAS,12,554,Drawiny,15.977778,52.885556,0,HIST_24h,,Oder,PL,3000,,Oder,3,0,TRUE,0,1,1,0,0,0,30,TRUE,4722500,3327500,24,ID_554.mod,,554,FALSE,1024,FALSE,Drawa
EFAS,12,555,Podgorze,18.943333,51.465,0,HIST_24h,C541,Oder,PL,2425,,Oder,3,0,TRUE,0,1,1,0,0,0,140,TRUE,4942500,3187500,24,ID_555.mod,,555,FALSE,1024,FALSE,Widawka
EFAS,12,556,Nemcice,15.808156,50.09454,0,HIST_24h,C559,Elbe,CZ,4275,4300.51,Elbe,3,0,TRUE,0,1,0,0,0,0,216.91,TRUE,4737500,3022500,24,ID_556.mod,Moved North to avoid conflict in inflow point,556,FALSE,1019,FALSE,Labe
EFAS,12,557,Prelouc,15.573471,50.044538,0,HIST_24h,,Elbe,CZ,6475,6435.02,Elbe,3,0,TRUE,0,1,0,0,0,0,204.57,TRUE,4712500,3007500,24,ID_557.mod,,557,FALSE,1019,FALSE,Labe
EFAS,12,558,Predmerice,14.776067,50.248377,0,HIST_24h,,Elbe,CZ,2175,2158.71,Elbe,3,0,TRUE,0,1,0,0,0,0,174,TRUE,4667500,3032500,24,ID_558.mod,Same as 2089  different time period,558,FALSE,1019,FALSE,Jizera
EFAS,12,559,Ceske Budejovice,14.463986,48.980737,0,HIST_24h,C560,Elbe,CZ,1775,2849.82,Elbe,3,0,TRUE,0,1,0,0,0,0,377.95,TRUE,4647500,2877500,24,ID_559.mod,,559,FALSE,1019,FALSE,Vltava
EFAS,12,560,Bechyne,14.471184,49.288757,1,HIST_24h,C159,Elbe,CZ,3875,4055.13,Elbe,3,0,TRUE,1,1,0,1,1,0,354.07,TRUE,4647500,2922500,6,ID_560.mod,,560,TRUE,1019,TRUE,Luznice
EFAS,12,561,Pisek,14.145395,49.31291,1,HIST_24h,C315,Elbe,CZ,2925,2913.93,Elbe,3,0,TRUE,1,1,0,1,1,0,353.9,TRUE,4622500,2922500,6,ID_561.mod,,561,TRUE,1019,TRUE,Otava
EFAS,12,562,Nespeky,14.650837,49.859529,1,HIST_24h,,Elbe,CZ,4075,4038.25,Elbe,3,0,TRUE,1,1,0,1,1,0,259.38,TRUE,4652500,2982500,6,ID_562.mod,,562,TRUE,1019,TRUE,Sazava
EFAS,12,563,Bílá Hora,13.4043,49.76665,0,HIST_24h,,Elbe,CZ,4775,4017.5,Elbe,3,0,TRUE,0,1,0,0,0,0,297.89,TRUE,4567500,2967500,24,ID_563.mod,,563,FALSE,1019,FALSE,Berounka
EFAS,12,564,Beroun,14.06619,49.955888,1,HIST_24h,C161,Elbe,CZ,8325,628.96,Elbe,3,0,TRUE,1,1,0,1,1,0,218.27,TRUE,4612500,2992500,6,ID_564.mod,Wrong upstream area from provider  moved on main stream,564,TRUE,1019,TRUE,Litavka
EFAS,12,565,Praha-Chuchle,14.397527,50.026446,1,HIST_24h,C160,Elbe,CZ,26850,26730.71,Elbe,3,0,TRUE,1,1,0,1,1,0,186.61,TRUE,4637500,2997500,6,ID_565.mod,,565,TRUE,1019,TRUE,Vltava
EFAS,12,566,Melnik,14.470824,50.351966,0,HIST_24h,,Elbe,CZ,42025,41837.98,Elbe,3,0,TRUE,0,1,0,0,0,0,152.73,TRUE,4637500,3037500,24,ID_566.mod,,566,FALSE,1019,FALSE,Labe
EFAS,12,567,Karlovy Vary,12.883837,50.237485,0,HIST_24h,,Elbe,CZ,2925,2861.17,Elbe,3,0,TRUE,0,1,0,0,0,0,365.89,TRUE,4527500,3017500,24,ID_567.mod,,567,FALSE,1019,FALSE,Ohre
EFAS,12,568,Louny I.,13.804808,50.357499,1,HIST_24h,C162,Elbe,CZ,5100,4962.3,Elbe,3,0,TRUE,1,1,0,1,1,0,171.45,TRUE,4587500,3032500,6,ID_568.mod,Regulated,568,TRUE,1019,TRUE,Ohre
EFAS,12,569,Usti nad Labem,14.042806,50.653028,1,HIST_24h,C156,Elbe,CZ,48700,48540.85,Elbe,3,0,TRUE,1,1,0,1,1,0,130.95,TRUE,4607500,3062500,6,ID_569.mod,,569,TRUE,1019,TRUE,Labe
EFAS,12,570,Svinov,18.217288,49.819936,0,HIST_24h,C185,Oder,CZ,1525,1613.73,Oder,3,0,TRUE,0,1,0,0,0,0,204.13,TRUE,4912500,2997500,24,ID_570.mod,,570,FALSE,1019,FALSE,Oder
EFAS,12,571,Dehylov,18.177844,49.878817,0,HIST_24h,C186,Oder,CZ,2025,2038.8,Oder,3,0,TRUE,0,1,0,0,0,0,211.2,TRUE,4907500,3007500,24,ID_571.mod,Moved North to avoid conflict in inflow point,571,FALSE,1019,FALSE,Opava
EFAS,12,572,Bohumin,18.327264,49.919651,1,HIST_24h,C184,Oder,CZ,4675,4665.47,Oder,3,0,TRUE,1,1,0,1,1,0,193.79,TRUE,4917500,3012500,6,ID_572.mod,,572,TRUE,1019,TRUE,Oder
EFAS,12,573,Vernovice,18.419473,49.930486,0,,,Oder,CZ,1100,1071.19,Oder,,0,TRUE,0,1,0,0,0,0,196.54,FALSE,4922500,3012500,,,Not enough discarge data available for calibration period,573,FALSE,1019,FALSE,Olza
EFAS,12,574,Olomouc,17.26133,49.576874,1,HIST_24h,,Danube,CZ,3450,3323.94,Danube,3,0,TRUE,1,1,0,1,1,0,204.63,TRUE,4847500,2962500,6,ID_574.mod,,574,TRUE,1019,TRUE,Morava
EFAS,12,575,Dluhonice,17.408543,49.449116,0,HIST_24h,,Danube,CZ,1575,1592.69,Danube,3,0,TRUE,0,1,0,0,0,0,199.71,TRUE,4857500,2952500,24,ID_575.mod,,575,FALSE,1019,FALSE,Becva
EFAS,12,576,Kromeriz,17.39939,49.301911,1,HIST_24h,,Danube,CZ,7200,7030.31,Danube,3,0,TRUE,1,1,0,1,1,0,183.17,TRUE,4857500,2937500,6,ID_576.mod,,576,TRUE,1019,TRUE,Morava
EFAS,12,577,Straznice,17.298601,48.933061,1,HIST_24h,C051,Danube,CZ,9150,9145,Danube,2,0,TRUE,1,1,0,1,1,0,163.28,FALSE,4852500,2892500,6,ID_577.mod,Almost same location as 271 and same data but daily  use 271,577,TRUE,1019,TRUE,Morava
EFAS,12,578,Travni Dvur,16.437896,48.790547,1,HIST_24h,C775,Danube,CZ,3450,3531.36,Danube,3,0,TRUE,1,1,0,1,1,0,172.64,TRUE,4792500,2872500,6,ID_578.mod,,578,TRUE,1019,TRUE,Thaya
EFAS,12,579,Zidlochovice,16.616741,49.035525,1,HIST_24h,C055,Danube,CZ,4150,3940,Danube,3,0,TRUE,1,1,0,1,1,0,177.89,TRUE,4802500,2902500,6,ID_579.mod,,579,TRUE,1019,TRUE,Svratka
EFAS,12,580,Ivancice,16.411488,49.083013,1,HIST_24h,C444,Danube,CZ,2800,2682.17,Danube,3,0,TRUE,1,1,0,1,1,0,194.01,TRUE,4787500,2907500,6,ID_580.mod,dam,580,TRUE,1019,TRUE,Jihlava
EFAS,12,581,Breclav-Ladna,16.858672,48.79945,1,HIST_24h,C319,Danube,CZ,12325,12279.97,Danube,3,0,TRUE,1,1,0,1,1,0,157.38,TRUE,4822500,2877500,6,ID_581.mod,dam,581,TRUE,1019,TRUE,Thaya
EFAS,12,582,Miziya,23.8258,43.6919,1,HIST_24h,C772,Danube,BG,3025,3112,Danube,3,0,TRUE,1,1,0,1,1,1,26.32,TRUE,5422500,2382500,24,ID_582.mod,Moved West to avoid conflict in inflow point,582,TRUE,1026,TRUE,Ogosta
EFAS,12,583,Novi Iskar,23.3598,42.8292,1,NRT_24h,,Danube,BG,3825,3662,Danube,3,0,TRUE,1,1,0,1,1,1,502.63,TRUE,5412500,2297500,24,ID_583.mod,,583,TRUE,1026,TRUE,Iskar
EFAS,12,584,Orehovica,24.3589,43.5878,1,HIST_24h,,Danube,BG,8375,8366,Danube,3,0,TRUE,1,1,0,1,1,1,31.2,TRUE,5477500,2387500,24,ID_584.mod,,584,TRUE,1026,TRUE,Iskar
EFAS,12,585,Tarnene,24.5192,43.4056,1,HIST_24h,C774,Danube,BG,2275,2236,Danube,0,0,TRUE,1,1,0,1,1,1,58.24,FALSE,5492500,2367500,24,ID_585.mod,not congruent with 2731 after 12-2001,585,TRUE,1026,TRUE,Vit
EFAS,12,586,Troian,24.7097,42.9172,1,,,Danube,BG,550,458.1,Danube,,0,TRUE,1,1,0,1,1,1,353.1,FALSE,5517500,2317500,24,ID_586.mod,Provider upArea too small to be included in calibration,586,TRUE,1026,TRUE,Osam
EFAS,12,587,Izgrev,25.0528,43.4555,1,HIST_24h,C773,Danube,BG,2275,2154,Danube,3,0,TRUE,1,1,0,1,1,1,40.32,TRUE,5537500,2382500,24,ID_587.mod,,587,TRUE,1026,TRUE,Osam
EFAS,12,588,Sevlievo,25.1086,42.9958,1,HIST_24h,,Danube,BG,1000,958,Danube,3,0,TRUE,1,1,0,1,1,1,196.24,TRUE,5547500,2337500,24,ID_588.mod,,588,TRUE,1026,TRUE,Rositsa
EFAS,12,589,Karantsi,25.6672,43.3803,1,HIST_24h,C785,Danube,BG,6850,6860,Danube,3,0,TRUE,1,1,0,1,1,1,30.9,TRUE,5582500,2392500,24,ID_589.mod,,589,TRUE,1026,TRUE,Yantra
EFAS,12,590,Dzhuliunitsa,25.9059,43.133,1,HIST_24h,,Danube,BG,825,882,Danube,3,0,TRUE,1,1,0,1,1,1,62.02,TRUE,5607500,2362500,24,ID_590.mod,,590,TRUE,1026,TRUE,Dzhulunitsa
EFAS,12,591,Shirocovo,25.9458,43.5529,1,NRT_24h,,Danube,BG,1425,1383,Danube,3,0,TRUE,1,1,0,1,1,1,92.81,TRUE,5602500,2407500,24,ID_591.mod,negative data,591,TRUE,1026,TRUE,Cherni Lom
EFAS,12,592,Plovdiv,24.7388,42.1545,1,NRT_24h,,Maritsa\Evros,BG,8025,7926,Evros,3,0,TRUE,1,1,0,1,1,1,155.08,TRUE,5532500,2237500,24,ID_592.mod,,592,TRUE,1026,TRUE,Maritsa\Evros
EFAS,12,593,Svilengrad,26.1961,41.7609,1,HIST_24h,,Maritsa\Evros,BG,20800,20857,Evros,0,0,TRUE,1,1,0,1,1,1,46.63,FALSE,5657500,2217500,24,ID_593.mod,Few data,593,TRUE,1026,TRUE,Maritsa\Evros
EFAS,12,594,Ebro En Miranda Ebro,-2.955462,42.687636,1,HIST_24h,C531,Ebro,ES,5275,5481,Ebro,3,0,TRUE,1,1,1,1,1,1,458.84,TRUE,3257500,2272500,24,ID_594.mod,,594,TRUE,1012,TRUE,Ebro
EFAS,12,595,Ebro En Castejon,-1.694672,42.180075,1,NRT_6h,C114,Ebro,ES,25375,25194,Ebro,3,0,TRUE,1,1,1,1,1,1,264.83,TRUE,3352500,2197500,6,ID_595.mod,,595,TRUE,1012,TRUE,Ebro
EFAS,12,596,Ega En Andosilla,-1.948857,42.374073,1,NRT_6h,C283,Ebro,ES,1425,1445,Ebro,3,0,TRUE,1,1,1,1,1,1,304.13,TRUE,3337500,2222500,6,ID_596.mod,,596,TRUE,1012,TRUE,Ega
EFAS,12,597,Arga En Funes,-1.801186,42.314788,1,NRT_6h,C284,Ebro,ES,2775,2759,Ebro,3,0,TRUE,1,1,1,1,1,1,283.66,TRUE,3352500,2217500,6,ID_597.mod,,597,TRUE,1012,TRUE,Arga
EFAS,12,598,Aragon En Caparroso,-1.650487,42.343265,1,NRT_6h,C285,Ebro,ES,5550,5469,Ebro,3,0,TRUE,1,1,1,1,1,1,302.33,TRUE,3362500,2212500,6,ID_598.mod,,598,TRUE,1012,TRUE,Aragon
EFAS,12,599,Jiloca En Daroca,-1.41935,41.106339,1,NRT_6h,,Ebro,ES,2675,2202,Ebro,0,0,TRUE,1,1,1,1,1,1,750,FALSE,3362500,2067500,6,ID_599.mod,strongly regulated but no dam in lsf,599,TRUE,1012,TRUE,Jiloca
EFAS,12,600,Ebro En Zaragoza,-0.881001,41.658572,1,NRT_6h,C115,Ebro,ES,41075,40434,Ebro,3,0,TRUE,1,1,1,1,1,1,200.62,TRUE,3407500,2132500,6,ID_600.mod,,600,TRUE,1012,TRUE,Ebro
EFAS,12,601,Gallego En Ardisa,-0.752565,42.174677,1,NRT_6h,C287,Ebro,ES,2025,2040,Ebro,0,0,TRUE,1,1,1,1,1,1,390,FALSE,3432500,2177500,6,ID_601.mod,Wrong LDD station is downstream of dam,601,TRUE,1012,TRUE,Gallego
EFAS,12,602,Martin En Hijar,-0.453206,41.174519,1,NRT_6h,C289,Ebro,ES,1350,1419,Ebro,3,0,TRUE,1,1,1,1,1,1,260.07,TRUE,3442500,2067500,6,ID_602.mod,,602,TRUE,1012,TRUE,Martin
EFAS,12,603,Cinca En Fraga,0.323398,41.551916,1,NRT_6h,C290,Ebro,ES,9700,9612,Ebro,3,0,TRUE,1,1,1,1,1,1,101.04,TRUE,3512500,2102500,6,ID_603.mod,,603,TRUE,1012,TRUE,Cinca
EFAS,12,604,Segre En Seo De Urgel,1.459801,42.352442,1,NRT_6h,,Ebro,ES,1200,1233,Ebro,2,0,TRUE,1,1,1,1,1,1,672.06,FALSE,3622500,2177500,6,ID_604.mod,Close to 629,604,TRUE,1012,TRUE,Segre
EFAS,12,605,Segre En Seros,0.416323,41.45158,1,NRT_6h,C117,Ebro,ES,12900,12782,Ebro,3,0,TRUE,1,1,1,1,1,1,87.26,TRUE,3522500,2092500,6,ID_605.mod,,605,TRUE,1012,TRUE,Segre
EFAS,12,606,Ebro En Tortosa,0.520716,40.813296,1,NRT_6h,C118,Ebro,ES,85050,84230,Ebro,3,0,TRUE,1,1,1,1,1,1,25,TRUE,3522500,2022500,6,ID_606.mod,Dams oscillations,606,TRUE,1012,TRUE,Ebro
EFAS,12,607,Guadalope Cola Santolea,-0.36836,40.739821,0,HIST_24h,,Ebro,ES,975,1002,Ebro,3,0,TRUE,0,1,1,0,0,0,584,TRUE,3437500,2017500,24,ID_607.mod,Moved upstream of dam,607,FALSE,1012,FALSE,Guadalope
EFAS,12,608,Bergantes En Zorita,-0.155649,40.778878,1,NRT_6h,C291,Ebro,ES,1075,1038,Ebro,3,0,TRUE,1,1,1,1,1,1,540.32,TRUE,3462500,2017500,6,ID_608.mod,,608,TRUE,1012,TRUE,Bergantes
EFAS,12,609,Guatizalema P.Alcofea,-0.127798,41.909218,1,,,Ebro,ES,350,362,Ebro,,0,TRUE,1,1,1,1,1,1,317.06,FALSE,3477500,2147500,6,ID_609.mod,Provider upArea too small to be included in calibration,609,TRUE,1012,TRUE,Guatizalema
EFAS,12,610,Rioalcanadre En P.Alcofea,-0.125338,41.912731,1,NRT_6h,,Ebro,ES,1300,7665,Ebro,3,0,TRUE,1,1,1,1,1,1,316.43,TRUE,3477500,2142500,6,ID_610.mod,Wrong area from provider,610,TRUE,1012,TRUE,Alcanadre
EFAS,12,611,Najerilla En Torremontalbo,-2.68401,42.498307,1,NRT_6h,C292,Ebro,ES,1125,1090,Ebro,3,0,TRUE,1,1,1,1,1,1,425.35,TRUE,3277500,2237500,6,ID_611.mod,,611,TRUE,1012,TRUE,Najerilla
EFAS,12,612,Jiloca En Calamocha,-1.300512,40.924081,1,NRT_6h,C294,Ebro,ES,1925,1498,Ebro,0,0,TRUE,1,1,1,1,1,1,872.43,FALSE,3367500,2047500,6,ID_612.mod,strongly regulated but no dam in lsf,612,TRUE,1012,TRUE,Jiloca
EFAS,12,613,Jiloca En Morata De Jiloca,-1.58451,41.251626,1,NRT_6h,C296,Ebro,ES,2975,2502,Ebro,3,0,TRUE,1,1,1,1,1,1,635.79,TRUE,3352500,2087500,6,ID_613.mod,Low data quality  dam?,613,TRUE,1012,TRUE,Jiloca
EFAS,12,614,Gallego En Sta. Eulalia,-0.750966,42.271258,1,NRT_6h,,Ebro,ES,1875,1901,Ebro,3,0,TRUE,1,1,1,1,1,1,427,TRUE,3432500,2192500,6,ID_614.mod,,614,TRUE,1012,TRUE,Gallego
EFAS,12,615,Irati En Liedena,-1.29483,42.623685,1,NRT_6h,C298,Ebro,ES,1575,1546,Ebro,3,0,TRUE,1,1,1,1,1,1,410.77,TRUE,3392500,2242500,6,ID_615.mod,,615,TRUE,1012,TRUE,Irati
EFAS,12,616,Arga En Echauri,-1.789863,42.790801,1,NRT_6h,,Ebro,ES,1775,1756,Ebro,3,0,TRUE,1,1,1,1,1,1,377.55,TRUE,3357500,2262500,6,ID_616.mod,,616,TRUE,1012,TRUE,Arga
EFAS,12,617,Segre A/Abajo E.Oliana,1.292847,42.089524,1,NRT_6h,C519,Ebro,ES,2675,2700,Ebro,3,0,TRUE,1,1,1,1,1,1,440,TRUE,3597500,2147500,6,ID_617.mod,Dam oscillations,617,TRUE,1012,TRUE,Segre
EFAS,12,618,Jalon En Grisen,-1.175651,41.732907,1,NRT_6h,C301,Ebro,ES,10050,9694,Ebro,3,0,TRUE,1,1,1,1,1,1,250,TRUE,3387500,2132500,6,ID_618.mod,,618,TRUE,1012,TRUE,Jalon
EFAS,12,619,Gallego En Zaragoza,-0.841816,41.669308,1,NRT_6h,C116,Ebro,ES,3850,4008,Ebro,3,0,TRUE,1,1,1,1,1,1,194.34,TRUE,3417500,2132500,6,ID_619.mod,,619,TRUE,1012,TRUE,Gallego
EFAS,12,620,Nela En Trespaderne,-3.40162,42.802417,1,NRT_6h,C303,Ebro,ES,1075,1093,Ebro,3,0,TRUE,1,1,1,1,1,1,545.29,TRUE,3227500,2292500,6,ID_620.mod,,620,TRUE,1012,TRUE,Nela
EFAS,12,621,Oca En Oña,-3.41388,42.735292,1,NRT_6h,C304,Ebro,ES,1125,1051,Ebro,3,0,TRUE,1,1,1,1,1,1,575.62,TRUE,3227500,2277500,6,ID_621.mod,,621,TRUE,1012,TRUE,Oca
EFAS,12,622,Flumen En Albalatillo,-0.181336,41.758431,1,NRT_6h,,Ebro,ES,1475,1499,Ebro,3,0,TRUE,1,1,1,1,1,1,244.47,TRUE,3472500,2132500,6,ID_622.mod,,622,TRUE,1012,TRUE,Flumen
EFAS,12,623,Segre En Balaguer,0.807173,41.793029,1,NRT_6h,,Ebro,ES,7725,7796,Ebro,3,0,TRUE,1,1,1,1,1,1,210,TRUE,3557500,2122500,6,ID_623.mod,,623,TRUE,1012,TRUE,Segre
EFAS,12,624,N. Ribagorzana A.A.Sta.Ana,0.578476,41.877014,1,NRT_6h,C518,Ebro,ES,1775,1757,Ebro,3,0,TRUE,1,1,1,1,1,1,300,TRUE,3542500,2137500,6,ID_624.mod,Dam oscillations,624,TRUE,1012,TRUE,Noguera Ribagorzana
EFAS,12,625,Guadalope En Caspe,0.012879,41.21049,1,NRT_6h,C306,Ebro,ES,3850,3845,Ebro,3,0,TRUE,1,1,1,1,1,1,147,TRUE,3482500,2067500,6,ID_625.mod,,625,TRUE,1012,TRUE,Guadalope
EFAS,12,626,Aragon A.A. Yesa,-1.210999,42.61594,1,NRT_6h,C516,Ebro,ES,2225,2191,Ebro,3,0,TRUE,1,1,1,1,1,1,423,TRUE,3402500,2237500,6,ID_626.mod,,626,TRUE,1012,TRUE,Aragon
EFAS,12,627,N. Pallaresa En Collegats,1.034106,42.274679,1,HIST_24h,,Ebro,ES,1525,1518,Ebro,0,0,TRUE,1,1,1,1,1,1,540.04,FALSE,3582500,2172500,6,ID_627.mod,Few old data,627,TRUE,1012,TRUE,Noguera Pallaresa
EFAS,12,628,Guadalope A.A. Santolea,-0.313887,40.777755,1,NRT_6h,C521,Ebro,ES,1225,1236,Ebro,3,0,TRUE,1,1,1,1,1,1,540,TRUE,3447500,2022500,6,ID_628.mod,,628,TRUE,1012,TRUE,Guadalope
EFAS,12,629,Segre En Organya,1.343341,42.229438,1,NRT_6h,,Ebro,ES,2300,2384,Ebro,3,0,TRUE,1,1,1,1,1,1,541.05,TRUE,3607500,2167500,6,ID_629.mod,,629,TRUE,1012,TRUE,Segre
EFAS,12,630,N.Ribagorzana (Montañana),0.694587,42.150305,1,NRT_6h,,Ebro,ES,1125,1068,Ebro,3,0,TRUE,1,1,0,1,1,1,528.99,TRUE,3552500,2162500,6,ID_630.mod,,630,TRUE,1012,TRUE,Noguera Ribagorzana
EFAS,12,631,Ebro En Mendavia,-2.205411,42.41571,1,NRT_6h,,Ebro,ES,12025,12010,Ebro,3,0,TRUE,1,1,1,1,1,1,325,TRUE,3312500,2232500,6,ID_631.mod,,631,TRUE,1012,TRUE,Ebro
EFAS,12,632,Gallego En Anzanigo,-0.651457,42.404171,1,NRT_6h,C307,Ebro,ES,1425,1391,Ebro,3,0,TRUE,1,1,1,1,1,1,580,TRUE,3442500,2202500,6,ID_632.mod,,632,TRUE,1012,TRUE,Gallego
EFAS,12,633,Piedra En Carenas,-1.798645,41.266454,1,NRT_6h,C520,Ebro,ES,1500,1478,Ebro,3,0,TRUE,1,1,1,1,1,1,640,TRUE,3332500,2097500,6,ID_633.mod,,633,TRUE,1012,TRUE,Piedra
EFAS,12,634,Jalon En Ateca,-1.800571,41.322951,1,NRT_6h,,Ebro,ES,4050,3619,Ebro,3,0,TRUE,1,1,1,1,1,1,610,TRUE,3332500,2102500,6,ID_634.mod,,634,TRUE,1012,TRUE,Jalon
EFAS,12,635,Ebro En Palazuelos,-3.343153,42.791702,1,NRT_6h,,Ebro,ES,4500,4530,Ebro,3,0,TRUE,1,1,1,1,1,1,531.55,TRUE,3232500,2282500,6,ID_635.mod,,635,TRUE,1012,TRUE,Ebro
EFAS,12,636,Ebro En Asco,0.569761,41.185938,1,NRT_6h,,Ebro,ES,83350,82245,Ebro,3,0,TRUE,1,1,1,1,1,1,40,TRUE,3527500,2057500,6,ID_636.mod,Moved downstream of dams  Dam oscillations,636,TRUE,1012,TRUE,Ebro
EFAS,12,637,Aragon En Cola De Yesa,-0.998637,42.609706,0,HIST_24h,C310,Ebro,ES,1500,1471,Ebro,0,0,TRUE,0,1,1,0,0,0,497,FALSE,3422500,2232500,24,ID_637.mod,Close to 649 but not consistent  older data,637,FALSE,1012,FALSE,Aragon
EFAS,12,638,Matarraña En Nonaspe,0.171587,41.195372,1,NRT_6h,,Ebro,ES,1150,1260,Ebro,3,0,TRUE,1,1,1,1,1,1,212.01,TRUE,3497500,2067500,6,ID_638.mod,Manually swapped to nrt6 data because hist6 data are actually not there.,638,TRUE,1012,TRUE,Matarranya
EFAS,12,639,Alhama En Cintruenigo,-1.811868,42.079921,1,NRT_6h,,Ebro,ES,1100,1120,Ebro,3,0,TRUE,1,1,1,1,1,1,379.28,TRUE,3337500,2182500,6,ID_639.mod,,639,TRUE,1012,TRUE,Alhama
EFAS,12,640,R.Alcanadre En Ballobar,0.195275,41.6204,1,NRT_6h,C313,Ebro,ES,3300,3390,Ebro,3,0,TRUE,1,1,1,1,1,1,150,TRUE,3497500,2117500,6,ID_640.mod,,640,TRUE,1012,TRUE,Alcanadre
EFAS,12,641,Gallego En Zuera,-0.785065,41.822767,1,NRT_6h,,Ebro,ES,3250,3276,Ebro,2,0,TRUE,1,1,1,1,1,1,274,FALSE,3427500,2147500,6,ID_641.mod,Close to 619,641,TRUE,1012,TRUE,Gallego
EFAS,12,642,Huerva En Zaragoza,-0.897818,41.637059,1,NRT_6h,,Ebro,ES,1100,1017,Ebro,3,0,TRUE,1,1,1,1,1,1,214.07,TRUE,3407500,2122500,6,ID_642.mod,Moved West to avoid conflict in inflow point,642,TRUE,1012,TRUE,Huerva
EFAS,12,643,Arba En Tauste,-1.280026,41.912961,1,NRT_6h,,Ebro,ES,2175,2193,Ebro,3,0,TRUE,1,1,1,1,1,1,243.31,TRUE,3392500,2167500,6,ID_643.mod,,643,TRUE,1012,TRUE,Arba
EFAS,12,644,Ebro En Gelsa,-0.476091,41.398134,1,,,Ebro,ES,47550,47133,Ebro,,0,TRUE,1,0,0,1,1,1,150,FALSE,3442500,2097500,,,No discharge data available for calibration period,644,FALSE,1012,TRUE,Ebro
EFAS,12,645,Jalon En Calatayud,-1.633044,41.35486,1,NRT_6h,,Ebro,ES,7575,6841,Ebro,2,0,TRUE,1,1,1,1,1,1,520,FALSE,3347500,2102500,6,ID_645.mod,Close to 646,645,TRUE,1012,TRUE,Jalon
EFAS,12,646,Jalon En Chodes,-1.461174,41.494452,1,NRT_6h,,Ebro,ES,8025,7561,Ebro,3,0,TRUE,1,1,1,1,1,1,390,TRUE,3357500,2117500,6,ID_646.mod,,646,TRUE,1012,TRUE,Jalon
EFAS,12,647,Ebro En Logroño,-2.44567,42.470961,1,NRT_6h,,Ebro,ES,10525,1037,Ebro,2,0,TRUE,1,0,0,1,1,1,359,FALSE,3297500,2237500,6,ID_647.mod,Moved on Ebro main stream  close to 631,647,TRUE,1012,TRUE,Ebro
EFAS,12,648,Tiron En Haro,-2.877185,42.578981,1,NRT_6h,C314,Ebro,ES,1225,1239,Ebro,3,0,TRUE,1,1,1,1,1,1,458,TRUE,3262500,2252500,6,ID_648.mod,,648,TRUE,1012,TRUE,Tiron
EFAS,12,649,Aragon En Martes,-0.88283,42.591487,1,NRT_6h,,Ebro,ES,1100,1083,Ebro,3,0,TRUE,1,1,1,1,1,1,554,TRUE,3427500,2227500,6,ID_649.mod,,649,TRUE,1012,TRUE,Aragon
EFAS,12,650,Ebro En Tudela,-1.60033,42.067089,1,,,Ebro,ES,26500,2534,Ebro,,0,TRUE,1,0,0,1,1,1,252,FALSE,3362500,2177500,,,No discharge data available for calibration period,650,FALSE,1012,TRUE,Ebro
EFAS,12,651,Ebro En Novillas,-1.386049,41.929713,1,,,Ebro,ES,27425,2721,Ebro,,0,TRUE,0,0,0,1,1,1,239,FALSE,3377500,2162500,,,No discharge data available for calibration period,651,FALSE,1012,FALSE,Ebro
EFAS,12,652,Ebro En Alagon,-1.136851,41.791087,1,,,Ebro,ES,30400,3017,Ebro,,0,TRUE,0,0,0,1,1,1,211,FALSE,3397500,2147500,,,No discharge data available for calibration period,652,FALSE,1012,FALSE,Ebro
EFAS,12,653,Arba En Ejea,-1.150894,42.117427,1,NRT_6h,,Ebro,ES,1075,1046,Ebro,2,0,TRUE,1,1,1,1,1,1,318,FALSE,3402500,2182500,6,ID_653.mod,Close to 643 lower quality,653,TRUE,1012,TRUE,Arba
EFAS,12,654,Cinca Pte. Las Pilas,0.213411,42.06669,1,,,Ebro,ES,3825,3743,Ebro,,0,TRUE,1,0,0,1,1,1,336,FALSE,3512500,2162500,,,No discharge data available for calibration period,654,FALSE,1012,TRUE,Cinca
EFAS,12,655,Jalon En Cetina,-1.956817,41.298495,1,,C286,Ebro,ES,1975,1905,Ebro,,0,TRUE,1,1,1,1,1,1,673,FALSE,3322500,2102500,,,Not enough discarge data available for calibration period,655,FALSE,1012,TRUE,Noguera Pallaresa
EFAS,12,656,Adony,18.8816,47.112,1,,,Danube,HU,186325,186732,Danube,,0,FALSE,0,0,1,0,1,1,,FALSE,4992500,2707500,,,No discharge data available for calibration period,656,FALSE,1017,FALSE,Danube
EFAS,12,657,Agerdomajor,22.4201,47.763,1,HIST_24h,C758,Danube,HU,200,1974,Danube,1,0,TRUE,1,1,1,1,1,1,,FALSE,5247500,2812500,6,ID_657.mod,use after 01-1992  possible worng location or wrong area from provider,657,TRUE,1017,TRUE,Kraszna
EFAS,12,658,Ant,21.451856,46.666487,1,,,Danube,HU,325,4300,Danube,,0,TRUE,0,0,1,1,1,1,,FALSE,5192500,2682500,,,No discharge data available for calibration period,658,FALSE,1017,FALSE,Crisul Negru
EFAS,12,659,Barcs,17.4422,45.9514,1,NRT_24h,,Danube,HU,34625,33977,Danube,3,0,TRUE,1,1,1,1,1,1,,TRUE,4897500,2562500,6,ID_659.mod,,659,TRUE,1017,TRUE,Drava
EFAS,12,660,Bekes,21.1419,46.7856,1,NRT_24h,,Danube,HU,10250,9011,Danube,3,0,TRUE,1,1,1,1,1,1,,TRUE,5167500,2697500,6,ID_660.mod,,660,TRUE,1017,TRUE,Koros
EFAS,12,661,Bekessztandras duzzaszto a.,20.4976,46.8909,1,NRT_24h,,Danube,HU,26275,26647,Danube,0,0,TRUE,1,0,1,1,1,1,,FALSE,5117500,2697500,24,ID_661.mod,Low quality data,661,TRUE,1017,TRUE,Harmas-Koros
EFAS,12,662,Bekessztandras duzzaszto f.,20.4985,46.8918,1,,,Danube,HU,26300,26647,Danube,,0,TRUE,0,0,1,1,1,1,,FALSE,5112500,2697500,,,No discharge data available for calibration period,662,FALSE,1017,FALSE,Harmas-Koros
EFAS,12,663,Berettyoujfalu,21.5394,47.2077,1,NRT_24h,,Danube,HU,3575,3712,Danube,0,0,TRUE,1,1,1,1,1,1,,FALSE,5192500,2747500,6,ID_663.mod,wrong location  not consistent with 693,663,TRUE,1017,TRUE,Barcau
EFAS,12,664,Budapest,19.0483,47.4949,1,NRT_24h,,Danube,HU,184600,184893,Danube,3,0,TRUE,1,1,1,1,1,1,,TRUE,5002500,2752500,24,ID_664.mod,,664,TRUE,1017,TRUE,Danube
EFAS,12,665,Csenger,22.6924,47.841,1,HIST_24h,,Danube,HU,14975,15283,Danube,0,0,TRUE,1,1,1,1,1,1,,FALSE,5267500,2827500,6,ID_665.mod,two yrs of data only,665,TRUE,1017,TRUE,Somea
EFAS,12,666,Doboz,21.2221,46.7262,1,,,Danube,HU,8100,8922,Danube,,0,TRUE,0,0,1,1,1,1,,FALSE,5177500,2687500,,,No discharge data available for calibration period,666,FALSE,1017,FALSE,Koros
EFAS,12,667,Dombori-puszta,18.8957,46.4227,1,NRT_24h,,Danube,HU,188375,189538,Danube,3,0,TRUE,1,1,1,1,1,1,,TRUE,5002500,2632500,6,ID_667.mod,,667,TRUE,1017,TRUE,Danube
EFAS,12,668,Dravaszabolcs,18.2017,45.7841,1,NRT_24h,,Danube,HU,37750,35764,Danube,2,0,TRUE,1,1,1,1,1,1,,FALSE,4957500,2552500,6,ID_668.mod,close to 863,668,TRUE,1017,TRUE,Drava
EFAS,12,669,Dunafoldvar,18.9304,46.8094,1,,,Danube,HU,187775,188700,Danube,,0,FALSE,0,0,1,0,1,1,,FALSE,5002500,2672500,,,No discharge data available for calibration period,669,FALSE,1017,FALSE,Danube
EFAS,12,670,Felsoberecki,21.692,48.3566,1,NRT_24h,,Danube,HU,11325,12886,Danube,3,0,TRUE,1,1,1,1,1,1,,TRUE,5182500,2872500,24,ID_670.mod,,670,TRUE,1017,TRUE,Bodrog
EFAS,12,671,Gyoma,20.8443,46.9449,1,NRT_24h,,Danube,HU,19800,19715,Danube,3,0,TRUE,1,1,1,1,1,1,,TRUE,5142500,2707500,6,ID_671.mod,,671,TRUE,1017,TRUE,Harmas-Koros
EFAS,12,672,Gyula,21.2968,46.6648,1,HIST_24h,C037,Danube,HU,4025,4251,Danube,2,0,TRUE,1,1,1,1,1,1,,FALSE,5187500,2677500,6,ID_672.mod,Moved upstream  Same as 673,672,TRUE,1017,TRUE,Crisul Alb
EFAS,12,673,Gyulavari duzzaszto f.,21.3105,46.6425,1,NRT_24h,,Danube,HU,4400,4250,Danube,3,0,TRUE,1,0,1,1,1,1,,TRUE,5182500,2682500,24,ID_673.mod,,673,TRUE,1017,TRUE,Crisul Alb
EFAS,12,674,Hatvan,19.6826,47.662,1,NRT_24h,,Danube,HU,1250,1222,Danube,3,0,TRUE,1,1,1,1,1,1,,TRUE,5047500,2777500,6,ID_674.mod,,674,TRUE,1017,TRUE,Zagyva
EFAS,12,675,Hidasnemeti,21.2285,48.4975,1,NRT_24h,,Danube,HU,4450,4515,Danube,3,0,TRUE,1,1,1,1,1,1,,TRUE,5147500,2882500,24,ID_675.mod,,675,TRUE,1017,TRUE,Hornad
EFAS,12,676,Ipolytarnoc,19.606,48.2362,1,NRT_24h,,Danube,HU,1325,1123,Danube,0,0,TRUE,1,1,1,1,1,1,,FALSE,5032500,2837500,6,ID_676.mod,Use 690 seems to have better data,676,TRUE,1017,TRUE,Dobroda
EFAS,12,677,Jasztelek,19.9938,47.4838,1,HIST_24h,C031,Danube,HU,4200,4207,Danube,3,0,TRUE,1,1,1,1,1,1,,TRUE,5072500,2752500,6,ID_677.mod,,677,TRUE,1017,TRUE,Zagyva
EFAS,12,678,Kiskore also,20.5165,47.4927,1,NRT_24h,,Danube,HU,65000,65670,Danube,3,0,TRUE,1,1,1,1,1,1,,TRUE,5107500,2762500,6,ID_678.mod,Moved upstream of dam,678,TRUE,1017,TRUE,Tisza
EFAS,12,679,Kiskore felso,20.5169,47.4941,1,,,Danube,HU,64875,65670,Danube,,0,TRUE,0,0,1,1,1,1,,FALSE,5112500,2767500,,,No discharge data available for calibration period,679,FALSE,1017,FALSE,Tisza
EFAS,12,680,Kisorveto,20.63,46.94,0,,,Danube,HU,25850,,Danube,,0,FALSE,0,0,0,0,0,0,,FALSE,5127500,2707500,,,No discharge data available for calibration period,680,FALSE,1017,FALSE,Koros
EFAS,12,681,Komarom,18.1122,47.7507,0,,,Danube,HU,150750,,Danube,,0,FALSE,0,0,0,0,0,0,,FALSE,4922500,2772500,,,No discharge data available for calibration period,681,FALSE,1017,FALSE,Danube
EFAS,12,682,Korosszakal,21.6081,47.0116,1,NRT_24h,,Danube,HU,2550,2489,Danube,3,0,TRUE,1,1,1,1,1,1,,TRUE,5202500,2727500,6,ID_682.mod,,682,TRUE,1017,TRUE,Crișul Repede
EFAS,12,683,Korostarcsa,21.0327,46.8838,1,,,Danube,HU,10425,10384,Danube,,0,TRUE,0,0,1,1,1,1,,FALSE,5157500,2702500,,,No discharge data available for calibration period,683,FALSE,1017,FALSE,Koros
EFAS,12,684,Kunszentmarton,20.2725,46.8481,1,NRT_24h,,Danube,HU,27000,27354,Danube,3,0,TRUE,1,1,1,1,1,1,,TRUE,5102500,2692500,6,ID_684.mod,,684,TRUE,1017,TRUE,Harmas-Koros
EFAS,12,685,Letenye,16.6944,46.4202,1,NRT_24h,,Danube,HU,13325,13033,Danube,3,0,TRUE,1,1,1,1,1,1,,TRUE,4837500,2612500,6,ID_685.mod,,685,TRUE,1017,TRUE,Mur
EFAS,12,686,Mako,20.4556,46.2026,1,HIST_24h,,Danube,HU,30075,30149,Danube,0,0,TRUE,1,1,1,1,1,1,,FALSE,5127500,2622500,24,ID_686.mod,two yrs data,686,TRUE,1017,TRUE,Mures
EFAS,12,687,Mezobereny,21.1033,46.8445,1,,,Danube,HU,75,10127,Danube,,0,FALSE,0,0,1,0,1,1,,FALSE,5167500,2702500,,,No discharge data available for calibration period,687,FALSE,1017,FALSE,Koros
EFAS,12,688,Mohacs,18.6946,45.9928,1,HIST_24h,C757,Danube,HU,208825,209064,Danube,2,0,TRUE,1,1,1,1,1,1,,FALSE,4997500,2577500,6,ID_688.mod,almost same location as 228 but shorter period  use 228,688,TRUE,1017,TRUE,Danube
EFAS,12,689,Nagymaros,18.9611,47.7886,1,HIST_24h,,Danube,HU,183175,183534,Danube,0,0,TRUE,1,1,1,1,1,1,,FALSE,4992500,2782500,24,ID_689.mod,Use 705,689,TRUE,1017,TRUE,Danube
EFAS,12,690,Nogradszakal,19.5296,48.191,1,NRT_24h,,Danube,HU,1875,1850,Danube,3,0,TRUE,1,1,1,1,1,1,,TRUE,5027500,2832500,24,ID_690.mod,,690,TRUE,1017,TRUE,Ipel
EFAS,12,691,Ortilos,16.8867,46.2979,1,NRT_24h,,Danube,HU,31275,30969,Danube,3,0,TRUE,1,1,1,1,1,1,,TRUE,4852500,2602500,6,ID_691.mod,,691,TRUE,1017,TRUE,Drava
EFAS,12,692,Paks,18.8692,46.6268,1,,,Danube,HU,188100,189092,Danube,,0,TRUE,1,1,1,1,1,1,,FALSE,4997500,2652500,24,ID_692.mod,No discharge data available for calibration period,692,TRUE,1017,TRUE,Danube
EFAS,12,693,Pocsaj,21.7975,47.2784,1,NRT_24h,,Danube,HU,3450,3502,Danube,3,0,TRUE,1,1,1,1,1,1,,TRUE,5212500,2757500,6,ID_693.mod,,693,TRUE,1017,TRUE,Barcau
EFAS,12,694,Sajopuspoki,20.3401,48.2825,1,NRT_24h,,Danube,HU,3500,3224,Danube,3,0,TRUE,1,1,1,1,1,1,,TRUE,5087500,2847500,6,ID_694.mod,,694,TRUE,1017,TRUE,Slana
EFAS,12,695,Sarkad,21.424,46.6982,1,NRT_24h,,Danube,HU,3650,4302,Danube,3,0,TRUE,1,1,1,1,1,1,0,TRUE,5187500,2687500,6,ID_695.mod,Moved downstream,695,TRUE,1017,TRUE,Crisul Negru
EFAS,12,696,Sarvar,16.9538,47.2467,1,NRT_24h,,Danube,HU,5575,5566,Danube,3,0,TRUE,1,1,1,1,1,1,0,TRUE,4847500,2707500,6,ID_696.mod,,696,TRUE,1017,TRUE,Raba
EFAS,12,697,Siojut,18.1404,46.8826,1,,,Danube,HU,5850,5884,Danube,,0,TRUE,1,1,1,1,1,1,0,FALSE,4942500,2672500,24,ID_697.mod,No discharge data available for calibration period,697,TRUE,1017,TRUE,Sio
EFAS,12,698,Szarvas,20.5603,46.913,1,,,Danube,HU,26150,25958,Danube,,0,FALSE,0,0,1,0,1,1,0,FALSE,5122500,2702500,,,No discharge data available for calibration period,698,FALSE,1017,FALSE,Harmas-Koros
EFAS,12,699,Szentgotthard,16.2759,46.9573,1,HIST_24h,,Danube,HU,3275,3084,Danube,0,0,TRUE,1,1,1,1,1,1,0,FALSE,4807500,2667500,6,ID_699.mod,few data  use 817,699,TRUE,1017,TRUE,Raba
EFAS,12,700,Szolnok,20.1888,47.1695,1,HIST_24h,,Danube,HU,72325,73113,Danube,0,0,TRUE,1,1,1,1,1,1,0,FALSE,5092500,2727500,6,ID_700.mod,two yrs of data only,700,TRUE,1017,TRUE,Tisza
EFAS,12,701,Tiszabecs,22.8288,48.1034,1,HIST_24h,,Danube,HU,9000,9707,Danube,0,0,TRUE,1,1,1,1,1,1,0,FALSE,5272500,2857500,6,ID_701.mod,two yrs of data only,701,TRUE,1017,TRUE,Tisza
EFAS,12,702,Tiszafured,20.7268,47.6408,1,,,Danube,HU,62625,63440,Danube,,0,TRUE,0,0,1,1,1,1,0,FALSE,5122500,2782500,,,No discharge data available for calibration period,702,FALSE,1017,FALSE,Tisza
EFAS,12,703,Tiszapalkonya,21.0582,47.8934,1,HIST_24h,,Danube,HU,62225,62730,Danube,0,0,TRUE,1,1,1,1,1,1,0,FALSE,5142500,2807500,6,ID_703.mod,two yrs of data only,703,TRUE,1017,TRUE,Tisza
EFAS,12,704,Tiszaroff,20.4415,47.3891,1,,,Danube,HU,65625,66020,Danube,,0,TRUE,0,0,1,1,1,1,0,FALSE,5107500,2752500,,,No discharge data available for calibration period,704,FALSE,1017,FALSE,Tisza
EFAS,12,705,Vac,19.123,47.7799,1,NRT_24h,,Danube,HU,183500,183787,Danube,0,0,TRUE,1,1,1,1,1,1,0,FALSE,5002500,2782500,24,ID_705.mod,Close to 664 but not consistent,705,TRUE,1017,TRUE,Danube
EFAS,12,706,Vasarosnameny,22.3394,48.1268,1,NRT_24h,,Danube,HU,30400,29057,Danube,3,0,TRUE,1,1,1,1,1,1,0,TRUE,5232500,2857500,6,ID_706.mod,,706,TRUE,1017,TRUE,Tisza
EFAS,12,707,Zahony,22.1728,48.4131,1,NRT_24h,,Danube,HU,33350,32782,Danube,3,0,TRUE,1,1,1,1,1,1,0,TRUE,5217500,2887500,6,ID_707.mod,,707,TRUE,1017,TRUE,Tisza
EFAS,12,708,Remete,21.312869,46.700142,0,,,Danube,HU,3675,,Danube,,0,FALSE,0,0,0,0,0,0,0,FALSE,5182500,2687500,,,No discharge data available for calibration period,708,FALSE,1017,FALSE,Crisul Negru
EFAS,12,709,Szeghalom Foki-hid,21.1828,46.9875,0,,,Danube,HU,8550,,Danube,,0,FALSE,0,0,0,0,0,0,0,FALSE,5167500,2717500,,,No discharge data available for calibration period,709,FALSE,1017,FALSE,Crisul Repede
EFAS,12,710,Borz,20.9461,47.1899,0,,,Danube,HU,5175,,Danube,,0,FALSE,0,0,0,0,0,0,0,FALSE,5147500,2737500,,,No discharge data available for calibration period,710,FALSE,1017,FALSE,Hortobagy-Berettyo
EFAS,12,711,Korakaspuszta,18.49,47.25,0,,,Danube,HU,400,,Danube,,0,FALSE,0,0,0,0,0,0,0,FALSE,4962500,2717500,,,No discharge data available for calibration period,711,FALSE,1017,FALSE,Patkai Vitzarozo (Lake)
EFAS,12,712,Ragyogohid,17.0129,47.3481,0,,,Danube,HU,6475,,Danube,,0,FALSE,0,0,0,0,0,0,0,FALSE,4852500,2717500,,,No discharge data available for calibration period,712,FALSE,1017,FALSE,Raba
EFAS,12,713,Agota,21.0221,47.3779,1,NRT_24h,,Danube,HU,3400,3134,Danube,0,0,TRUE,1,1,1,1,1,1,0,FALSE,5152500,2757500,24,ID_713.mod,Its a small affluent impossible to locate,713,TRUE,1017,TRUE,Barcau
EFAS,12,714,Repcelak-Ujhid,17.0611,47.4272,0,,,Danube,HU,1125,,Danube,,0,FALSE,0,0,0,0,0,0,0,FALSE,4852500,2727500,,,No discharge data available for calibration period,714,FALSE,1017,FALSE,Kis-Raba
EFAS,12,715,Bacsa,17.6763,47.7251,1,,,Danube,HU,131675,17732,Danube,,0,TRUE,0,1,1,0,1,1,0,FALSE,4897500,2767500,6,ID_715.mod,Not enough discarge data available for calibration period,715,FALSE,1017,FALSE,Mosoni-Duna
EFAS,12,716,Belsobocs also,20.9749,48.0466,0,,,Danube,HU,5425,,Danube,,0,FALSE,0,0,0,0,0,0,0,FALSE,5137500,2832500,,,No discharge data available for calibration period,716,FALSE,1017,FALSE,Hernad
EFAS,12,717,Belsobocs felso,20.975,48.0467,0,,,Danube,HU,5400,,Danube,,0,FALSE,0,0,0,0,0,0,0,FALSE,5132500,2832500,,,No discharge data available for calibration period,717,FALSE,1017,FALSE,Hernad
EFAS,12,718,Taktafoldvar,21.22,48.13,0,,,Danube,HU,500,,Danube,,0,FALSE,0,0,0,0,0,0,0,FALSE,5152500,2842500,,,No discharge data available for calibration period,718,FALSE,1017,FALSE,Takta
EFAS,12,772,GUSIN,21.254444,51.892778,1,HIST_6h,C548,Vistula,PL,81900,81844.16,Vistula,3,0,TRUE,1,1,1,1,1,1,91.73,TRUE,5092500,3262500,24,ID_772.mod,,772,TRUE,1024,TRUE,Vistula
EFAS,12,773,KĘPA POLSKA,19.963333,52.431389,1,HIST_6h,C551,Vistula,PL,168025,168357.53,Vistula,3,0,TRUE,1,1,1,1,1,1,57.25,TRUE,4992500,3307500,24,ID_773.mod,,773,TRUE,1024,TRUE,Vistula
EFAS,12,774,FRANKOPOL,22.560833,52.415,1,HIST_6h,C220,Vistula,PL,30175,30636.63,Vistula,3,0,TRUE,1,1,1,1,1,1,109.59,TRUE,5167500,3332500,24,ID_774.mod,,774,TRUE,1024,TRUE,Bug
EFAS,12,775,Bistra,24.1931,47.863,1,NRT_6h,C760,Danube,RO,1500,1547,Danube,3,0,TRUE,1,1,0,1,1,1,1020,TRUE,5377500,2852500,6,ID_775.mod,outlier  negative values removed with qc,775,TRUE,1001,TRUE,Viseu
EFAS,12,776,Satu Mare,22.876,47.786444,1,HIST_24h,C410,Danube,RO,14925,15385,Danube,3,0,TRUE,1,1,0,1,1,1,537,TRUE,5277500,2827500,6,ID_776.mod,,776,TRUE,1001,TRUE,Somes
EFAS,12,777,Beclean,24.151194,47.177167,1,NRT_6h,,Danube,RO,4375,,Danube,3,0,TRUE,1,1,0,1,1,1,711,TRUE,5387500,2777500,6,ID_777.mod,,777,TRUE,1001,TRUE,Somesul Mare
EFAS,12,778,Zerind,21.515611,46.627167,1,HIST_24h,C759,Danube,RO,3625,3702,Danube,2,0,TRUE,1,1,0,1,1,1,351,FALSE,5192500,2687500,6,ID_778.mod,close to 695,778,TRUE,1001,TRUE,Crisul Negru
EFAS,12,779,Chisineu Cris,21.509667,46.519528,1,HIST_24h,,Danube,RO,3525,,Danube,2,0,TRUE,1,1,0,1,1,1,351,FALSE,5202500,2667500,6,ID_779.mod,close to 673,779,TRUE,1001,TRUE,Crisul Alb
EFAS,12,780,Salard,22.028167,47.231528,1,NRT_6h,,Danube,RO,1675,,Danube,3,0,TRUE,1,1,0,1,1,1,254,TRUE,5227500,2752500,6,ID_780.mod,,780,TRUE,1001,TRUE,Barcau
EFAS,12,781,Ocna Mures,23.852694,46.395333,1,HIST_24h,C039,Danube,RO,10000,,Danube,3,0,TRUE,1,1,0,1,1,1,703,TRUE,5382500,2687500,6,ID_781.mod,Use untill 01-2017 better use daily data,781,TRUE,1001,TRUE,Mures
EFAS,12,782,Alba Iulia,23.581361,46.036056,1,HIST_24h,C408,Danube,RO,17975,18055,Danube,3,0,TRUE,1,1,0,1,1,1,625,TRUE,5367500,2647500,6,ID_782.mod,,782,TRUE,1001,TRUE,Mures
EFAS,12,783,Arad,21.320806,46.159889,1,NRT_6h,C041,Danube,RO,27300,27280,Danube,1,0,TRUE,1,1,0,1,1,1,618,FALSE,5197500,2622500,6,ID_783.mod,negative values  preblems with river gauge  could use hist24  close to 2743,783,TRUE,1001,TRUE,Mures
EFAS,12,784,Turda,23.784444,46.566278,1,HIST_24h,,Danube,RO,2650,,Danube,3,0,TRUE,1,1,0,1,1,1,897,TRUE,5372500,2702500,6,ID_784.mod,,784,TRUE,1001,TRUE,Aries
EFAS,12,785,Mihalt,23.730167,46.171611,1,NRT_6h,,Danube,RO,6250,,Danube,3,0,TRUE,1,1,0,1,1,1,532,TRUE,5377500,2662500,6,ID_785.mod,,785,TRUE,1001,TRUE,Tarnava Mare
EFAS,12,786,Sag,21.1781,45.6462,1,HIST_24h,C409,Danube,RO,6400,4493,Danube,3,0,TRUE,1,1,0,1,1,1,477,TRUE,5192500,2567500,6,ID_786.mod,,786,TRUE,1001,TRUE,Timis
EFAS,12,787,Podari,23.78675,44.260139,1,NRT_6h,C018,Danube,RO,9325,9334,Danube,3,0,TRUE,1,1,0,1,1,1,446,TRUE,5412500,2452500,6,ID_787.mod,negative values,787,TRUE,1001,TRUE,Jiu
EFAS,12,788,Bals,24.098889,44.348333,1,HIST_24h,,Danube,RO,1950,,Danube,3,0,TRUE,1,1,0,1,1,1,414,TRUE,5437500,2467500,24,ID_788.mod,,788,TRUE,1001,TRUE,Oltet
EFAS,12,789,Alexandria,25.318806,43.986778,1,HIST_24h,,Danube,RO,3375,,Danube,3,0,TRUE,1,1,0,1,1,1,195,TRUE,5542500,2447500,24,ID_789.mod,,789,TRUE,1001,TRUE,Vedea
EFAS,12,790,Calugareni,25.996917,44.171167,1,HIST_24h,,Danube,RO,3525,,Danube,3,0,TRUE,1,1,0,1,1,1,130,TRUE,5592500,2477500,24,ID_790.mod,,790,TRUE,1001,TRUE,Neajlov
EFAS,12,791,Adancata,26.460583,44.755833,1,HIST_24h,,Danube,RO,3750,,Danube,3,0,TRUE,1,1,0,1,1,1,549,TRUE,5612500,2547500,6,ID_791.mod,,791,TRUE,1001,TRUE,Prahova
EFAS,12,792,Itcani,26.234639,47.672778,1,HIST_24h,,Danube,RO,2325,,Danube,3,0,TRUE,1,1,0,1,1,1,629,TRUE,5527500,2862500,24,ID_792.mod,,792,TRUE,1001,TRUE,Suceava
EFAS,12,793,Vranceni,26.89525,46.209667,1,NRT_6h,,Danube,RO,4175,,Danube,0,0,TRUE,1,1,0,1,1,1,734,FALSE,5612500,2712500,6,ID_793.mod,low quality,793,TRUE,1001,TRUE,Trotus
EFAS,12,794,Botarlau,27.386417,45.632194,1,NRT_6h,,Danube,RO,2600,,Danube,3,0,TRUE,1,1,0,1,1,1,554,TRUE,5662500,2662500,6,ID_794.mod,negative values,794,TRUE,1001,TRUE,Putna
EFAS,12,795,Tecuci,27.4403,45.8446,1,HIST_24h,,Danube,RO,7025,,Danube,0,0,TRUE,1,1,0,1,1,1,220,FALSE,5662500,2682500,24,ID_795.mod,wrong location  it must be an affluent,795,TRUE,1001,TRUE,Barlad
EFAS,12,796,Dragesti,26.945444,46.723639,1,NRT_6h,C028,Danube,RO,11825,11899,Danube,3,0,TRUE,1,1,0,1,1,1,525,TRUE,5602500,2772500,6,ID_796.mod,negative values  removed with qc,796,TRUE,1001,TRUE,Siret
EFAS,12,797,Radauti,26.824,48.238806,1,HIST_24h,C021,Danube,RO,9175,9074,Danube,3,0,TRUE,1,1,0,1,1,1,529,TRUE,5552500,2937500,24,ID_797.mod,,797,TRUE,1001,TRUE,Prut
EFAS,12,798,Bazias,21.3901,44.8087,1,HIST_24h,C403,Danube,RO,564200,570896,Danube,3,0,TRUE,0,1,0,1,1,1,-999,TRUE,5222500,2477500,24,ID_798.mod,,798,FALSE,1001,FALSE,Danube
EFAS,12,799,Hoghiz,25.301083,45.991889,1,HIST_24h,C404,Danube,RO,7050,7225,Danube,3,0,TRUE,1,1,0,1,1,1,797,TRUE,5502500,2667500,24,ID_799.mod,,799,TRUE,1001,TRUE,Olt
EFAS,12,800,Gurahont,22.34225,46.277722,1,HIST_24h,,Danube,RO,1725,,Danube,3,0,TRUE,1,1,0,1,1,1,515,TRUE,5267500,2652500,6,ID_800.mod,,800,TRUE,1001,TRUE,Crisul Alb
EFAS,12,801,Gataia,21.4342,45.439,1,NRT_6h,,Danube,RO,725,,Danube,2,0,TRUE,1,1,0,1,1,1,359,FALSE,5212500,2547500,6,ID_801.mod,negative values  close to 263,801,TRUE,1001,TRUE,Barzava
EFAS,12,802,Lugoj,21.9073,45.6837,1,NRT_6h,,Danube,RO,2800,,Danube,3,0,TRUE,1,1,0,1,1,1,666,TRUE,5247500,2582500,6,ID_802.mod,negative values,802,TRUE,1001,TRUE,Timis
EFAS,12,803,Tupilati,26.648111,47.084639,1,HIST_24h,,Danube,RO,4025,,Danube,3,0,TRUE,1,1,0,1,1,1,703,TRUE,5572500,2807500,24,ID_803.mod,,803,TRUE,1001,TRUE,Moldova
EFAS,12,804,Frumosu,25.861917,47.142472,1,HIST_24h,,Danube,RO,2850,,Danube,3,0,TRUE,1,1,0,1,1,1,1172,TRUE,5512500,2797500,6,ID_804.mod,low quality  use hist_24 instead,804,TRUE,1001,TRUE,Bistrita
EFAS,12,805,Ceatal Izmail,28.8,45.180222,0,HIST_24h,C406,Danube,RO,786242,807000,Danube,3,0,TRUE,0,1,0,0,0,0,-999,TRUE,5777500,2642500,24,ID_805.mod,,805,FALSE,1001,FALSE,Ialomita
EFAS,12,806,Harsova,27.8928,44.6797,0,,,Danube,RO,687095,,Danube,,0,FALSE,0,0,0,0,0,0,-999,FALSE,5727500,2562500,,,No discharge data available for calibration period,806,FALSE,1001,FALSE,Danube
EFAS,12,807,Zimnicea,25.357306,43.630194,0,HIST_24h,C405,Danube,RO,643722,658400,Danube,3,0,TRUE,0,1,0,0,0,0,-999,TRUE,5557500,2407500,24,ID_807.mod,,807,FALSE,1001,FALSE,Danube
EFAS,12,808,Lungoci,27.509972,45.556611,0,HIST_24h,C029,Danube,RO,36300,36030,Danube,3,0,TRUE,0,1,0,0,0,0,-999,TRUE,5677500,2657500,24,ID_808.mod,dams   obscillations in low flow,808,FALSE,1001,FALSE,Siret
EFAS,12,809,Cosereni,26.571694,44.696972,0,HIST_24h,C407,Danube,RO,6325,6265,Danube,3,0,TRUE,0,1,0,0,0,0,-999,TRUE,5617500,2542500,24,ID_809.mod,,809,FALSE,1001,FALSE,Ialomita
EFAS,12,810,Teleormanu,25.460861,43.952222,0,,,Danube,RO,1250,,Danube,,0,FALSE,0,0,0,0,0,0,-999,FALSE,5552500,2442500,,,No discharge data available for calibration period,810,FALSE,1001,FALSE,Teleorman
EFAS,12,811,Cornet,24.297222,45.385111,0,HIST_24h,C019,Danube,RO,13750,13733,Danube,3,0,TRUE,0,1,0,0,0,0,-999,TRUE,5432500,2582500,24,ID_811.mod,dams regulated small oscillations,811,FALSE,1001,FALSE,Olt
EFAS,12,812,Fata Motrului,23.292278,44.599694,0,,,Danube,RO,1875,,Danube,,0,FALSE,0,0,0,0,0,0,-999,FALSE,5372500,2482500,,,No discharge data available for calibration period,812,FALSE,1001,FALSE,Motru
EFAS,12,813,Apatfalva,20.5469,46.1785,1,,,Danube,HU,30050,28585,Danube,,0,TRUE,0,0,1,1,1,1,81.15,FALSE,5132500,2622500,,,No discharge data available for calibration period,813,FALSE,1017,FALSE,Mures
EFAS,12,814,Bekes duzzaszto a.,21.1554,46.7622,1,NRT_24h,,Danube,HU,10150,8983,Danube,0,0,TRUE,1,0,1,1,1,1,81.32,FALSE,5167500,2692500,24,ID_814.mod,same location as 660  use 660,814,TRUE,1017,TRUE,Koros
EFAS,12,815,Bekes duzzaszto f.,21.1565,46.7618,1,,,Danube,HU,9475,8983,Danube,,0,TRUE,0,0,1,1,1,1,81.32,FALSE,5172500,2692500,,,No discharge data available for calibration period old station,815,FALSE,1017,FALSE,Koros
EFAS,12,816,Budapest Kvassay zsilip f.,19.0688,47.4615,1,,,Danube,HU,184625,185006,Danube,,0,TRUE,0,0,1,1,1,1,94.76,FALSE,5002500,2747500,,,No discharge data available for calibration period,816,FALSE,1017,FALSE,Danube
EFAS,12,817,Kormend,16.6106,47.0064,1,NRT_24h,,Danube,HU,4775,4734,Danube,3,0,TRUE,1,1,1,1,1,1,184.15,TRUE,4822500,2677500,6,ID_817.mod,,817,TRUE,1017,TRUE,Raba
EFAS,12,818,Korosladany hid,21.0822,46.953,1,NRT_24h,,Danube,HU,8775,8985,Danube,3,0,TRUE,1,1,1,1,1,1,80.98,TRUE,5162500,2712500,6,ID_818.mod,,818,TRUE,1017,TRUE,Crisul Repede
EFAS,12,819,Szob,18.8598,47.8158,1,,,Danube,HU,183000,183340,Danube,,0,FALSE,0,0,1,0,1,1,100.98,FALSE,4982500,2782500,,,No discharge data available for calibration period,819,FALSE,1017,FALSE,Danube
EFAS,12,820,Tass zsilip a.,18.9766,47.0324,1,,,Danube,HU,187300,188257,Danube,,0,FALSE,0,0,1,0,1,1,89.28,FALSE,5002500,2697500,,,No discharge data available for calibration period,820,FALSE,1017,FALSE,Danube
EFAS,12,821,Tunyogmatolcs,22.4533,47.9837,1,,,Danube,HU,15125,15522,Danube,,0,FALSE,0,0,1,0,1,1,106.21,FALSE,5247500,2842500,,,No discharge data available for calibration period,821,FALSE,1017,FALSE,Somes
EFAS,12,822,Hetin,20.798278,45.652777,1,NRT_6h,,Danube,RS,2000,2271,Danube,3,0,TRUE,1,1,1,1,1,1,76.69,TRUE,5162500,2567500,6,ID_822.mod,uncertain location,822,TRUE,1020,TRUE,Stari Begej
EFAS,12,823,Gamzigrad,22.173151,43.924319,1,HIST_24h,,Danube,RS,1200,1213,Danube,3,0,TRUE,0,1,1,1,1,1,152.2,TRUE,5297500,2392500,24,ID_823.mod,,823,FALSE,1020,FALSE,Crni Timok
EFAS,12,824,Wilsele-Wijgmaal,4.706311,50.925234,0,,,Scheldt,BE,875,899.9,Scheldt,,0,TRUE,0,0,0,1,0,0,15,FALSE,3947500,3097500,6,ID_824.mod,Not enough discarge data available for calibration period,824,FALSE,1022,FALSE,Dyle
EFAS,12,825,Eppegem,4.455651,50.960522,1,,,Scheldt,BE,1150,1083.6,Scheldt,,0,TRUE,1,1,0,1,0,0,,FALSE,3927500,3107500,6,ID_825.mod,Not enough discarge data available for calibration period,825,TRUE,1022,TRUE,Zenne
EFAS,12,826,Mehikoorma,27.475556,58.2325,1,,,Narva,EE,31775,43895,Narva,,0,FALSE,0,0,0,0,1,1,28,FALSE,5337500,4027500,,,No discharge data available for calibration period,826,FALSE,1028,FALSE,Lake Peipus
EFAS,12,827,Mustvee,26.951111,58.8475,1,,,Narva,EE,175,43895,Narva,,0,FALSE,0,0,0,0,1,1,28,FALSE,5292500,4087500,,,No discharge data available for calibration period Possibley wrong uparea,827,FALSE,1028,FALSE,Mustvee
EFAS,12,828,Praaga,27.233333,58.433333,1,,,Narva,EE,9825,43895,Narva,,0,FALSE,0,0,0,0,1,1,28,FALSE,5317500,4047500,,,No discharge data available for calibration period,828,FALSE,1028,FALSE,Emajogi
EFAS,12,829,Räpina,27.45446,58.09556,1,,,Narva,EE,1150,1130,Narva,,0,TRUE,1,1,1,1,1,1,30.79,FALSE,5337500,4012500,6,ID_829.mod,No discharge data available for calibration period,829,TRUE,1028,TRUE,Vohandu jogi
EFAS,12,830,Aarschot,4.822323,50.987652,1,NRT_6h,,Scheldt,BE,2100,2146.42,Scheldt,3,0,TRUE,1,1,0,1,0,0,,TRUE,3962500,3112500,6,ID_830.mod,,830,TRUE,1022,TRUE,Demer
EFAS,12,831,Prijepolje,19.637294,43.381888,1,NRT_6h,C782,Danube,RS,3225,3160,Danube,3,0,TRUE,1,1,1,1,1,1,443.37,TRUE,5102500,2302500,6,ID_831.mod,,831,TRUE,1020,TRUE,Lim
EFAS,12,832,Raska,20.613816,43.296433,1,NRT_6h,,Danube,RS,6275,6270,Danube,2,0,TRUE,1,1,1,1,1,1,392.54,FALSE,5182500,2307500,6,ID_832.mod,Oscillations  close to 257,832,TRUE,1020,TRUE,Ibar
EFAS,12,833,L'Ill à Ensisheim,7.348209,47.866887,1,NRT_6h,,Rhine,FR,975,1038,Rhine,3,0,TRUE,1,0,0,1,1,1,214,TRUE,4122500,2747500,6,ID_833.mod,,833,TRUE,1021,TRUE,Ill
EFAS,12,834,Boretto,10.558932,44.906332,1,NRT_6h,C464,Po,IT,55525,55183,Po,3,0,TRUE,1,1,1,1,1,1,30,TRUE,4367500,2422500,6,ID_834.mod,,834,TRUE,1016,TRUE,Po
EFAS,12,836,Ladesic Draga,15.367278,45.479444,1,NRT_6h,,Danube,HR,1600,1445,Danube,3,0,TRUE,1,1,1,1,1,1,147.84,TRUE,4742500,2502500,6,ID_836.mod,,836,TRUE,1031,TRUE,Kupa
EFAS,12,837,Kamanje,15.392528,45.637917,1,NRT_6h,,Danube,HR,2225,2047,Danube,3,0,TRUE,1,1,1,1,1,1,123.83,TRUE,4737500,2517500,6,ID_837.mod,moved downstream,837,TRUE,1031,TRUE,Kupa
EFAS,12,838,Karlovac,15.551444,45.496361,0,,,Danube,HR,3050,3461,Danube,,0,TRUE,0,0,1,1,1,1,103.17,FALSE,4752500,2502500,,,No discharge data available for calibration period,838,FALSE,1031,FALSE,Kupa
EFAS,12,839,Jamnicka Kiselica,15.8575,45.548611,1,NRT_6h,C453,Danube,HR,6600,6895,Danube,2,0,TRUE,1,1,1,1,1,1,100.79,FALSE,4772500,2507500,6,ID_839.mod,close to 840,839,TRUE,1031,TRUE,Kupa
EFAS,12,840,Sisinec,16.077194,45.4485,1,NRT_6h,,Danube,HR,7050,7364,Danube,3,0,TRUE,1,1,1,1,1,1,94.81,TRUE,4787500,2502500,6,ID_840.mod,,840,TRUE,1031,TRUE,Kupa
EFAS,12,841,Farkasic,16.152694,45.483278,1,NRT_6h,C454,Danube,HR,8525,8992,Danube,3,0,TRUE,1,1,1,1,1,1,93.82,TRUE,4802500,2497500,6,ID_841.mod,moved downstream of confluence,841,TRUE,1031,TRUE,Kupa
EFAS,12,842,Kostajnica,16.548722,45.222389,1,NRT_6h,,Danube,HR,9000,8876,Danube,3,0,TRUE,1,1,1,1,1,1,103.2,TRUE,4832500,2472500,6,ID_842.mod,,842,TRUE,1031,TRUE,Una
EFAS,12,843,Dubica,16.809306,45.185722,1,,,Danube,HR,9400,9368,Danube,,0,TRUE,0,1,1,1,1,1,94.17,FALSE,4852500,2477500,6,ID_843.mod,Not enough discarge data available for calibration period,843,FALSE,1031,FALSE,Una
EFAS,12,844,Drenje Brdovecko,15.688028,45.862333,1,NRT_6h,,Danube,HR,10575,10750,Danube,0,0,TRUE,1,1,1,1,1,1,132.75,FALSE,4762500,2542500,6,ID_844.mod,same location as 102 but data are not the same Moved a bit upstream   use 102,844,TRUE,1031,TRUE,Sava
EFAS,12,845,Zagreb,15.953306,45.7845,1,NRT_6h,C023,Danube,HR,12250,12450,Danube,3,0,TRUE,1,1,1,1,1,1,112.26,TRUE,4787500,2537500,6,ID_845.mod,,845,TRUE,1031,TRUE,Sava
EFAS,12,846,Rugvica,16.228278,45.743722,1,HIST_24h,C459,Danube,HR,12925,12730,Danube,3,0,TRUE,0,1,1,0,1,1,95.61,TRUE,4812500,2527500,24,ID_846.mod,,846,FALSE,1031,FALSE,Sava
EFAS,12,847,Dubrovcak Lijevi,16.336,45.647694,0,,,Danube,HR,12950,12750,Danube,,0,FALSE,0,0,1,0,1,1,94.53,FALSE,4812500,2522500,,,No discharge data available for calibration period,847,FALSE,1031,FALSE,Sava
EFAS,12,848,Crnac,16.415722,45.451778,1,HIST_24h,,Danube,HR,22775,22852,Danube,0,1,FALSE,0,1,1,0,1,1,91.34,FALSE,4827500,2502500,,,DO NOT USE Wrong LDD,848,FALSE,1031,FALSE,Sava
EFAS,12,849,Gusce,16.582583,45.421944,0,,,Danube,HR,22925,23284,Danube,,0,FALSE,0,0,1,0,1,1,89.14,FALSE,4837500,2502500,,,No discharge data available for calibration period,849,FALSE,1031,FALSE,Sava
EFAS,12,850,Jasenovac,16.907472,45.266806,1,NRT_6h,C024,Danube,HR,23400,38953,Danube,1,0,TRUE,1,1,1,1,1,1,86.82,FALSE,4857500,2487500,6,ID_850.mod,Moved on Sava Moved on main stream  wrong LDD cannot be located correctly on river,850,TRUE,1031,TRUE,Sava
EFAS,12,851,Stara Gradiska,17.249944,45.15025,1,NRT_6h,,Danube,HR,39300,40262,Danube,3,0,TRUE,1,1,1,1,1,1,85.47,TRUE,4882500,2477500,6,ID_851.mod,,851,TRUE,1031,TRUE,Sava
EFAS,12,852,Davor C.S.,17.539556,45.128028,1,NRT_6h,C025,Danube,HR,40825,47179,Danube,3,0,TRUE,1,1,1,1,1,1,82.59,TRUE,4907500,2472500,6,ID_852.mod,,852,TRUE,1031,TRUE,Sava
EFAS,12,853,Slavonski Kobas,17.737833,45.098861,1,NRT_6h,,Danube,HR,46100,48744,Danube,3,0,TRUE,1,1,1,1,1,1,82.69,TRUE,4917500,2472500,6,ID_853.mod,,853,TRUE,1031,TRUE,Sava
EFAS,12,854,Slavonski Brod,18.004778,45.152944,1,NRT_6h,C463,Danube,HR,49725,50858,Danube,3,0,TRUE,1,1,1,1,1,1,81.8,TRUE,4947500,2477500,6,ID_854.mod,,854,TRUE,1031,TRUE,Sava
EFAS,12,855,Slavonski Samac,18.473111,45.06575,0,,,Danube,HR,61075,62288,Danube,,0,FALSE,0,0,1,0,1,1,80.7,FALSE,4987500,2477500,,,No discharge data available for calibration period,855,FALSE,1031,FALSE,Sava
EFAS,12,856,Zupanja Stepenica,18.686667,45.073472,1,NRT_6h,C026,Danube,HR,61425,62891,Danube,3,0,TRUE,1,1,1,1,1,1,76.28,TRUE,4997500,2482500,6,ID_856.mod,,856,TRUE,1031,TRUE,Sava
EFAS,12,857,Donja Dubrava,16.816639,46.309028,1,NRT_6h,,Danube,HR,17000,16770,Danube,1,0,TRUE,1,1,1,1,1,1,129.7,FALSE,4842500,2602500,6,ID_857.mod,dams  oscillations,857,TRUE,1031,TRUE,Drava
EFAS,12,858,Botovo,16.939111,46.242361,1,NRT_6h,,Danube,HR,31300,31038,Danube,1,0,TRUE,1,1,1,1,1,1,121.55,FALSE,4852500,2597500,6,ID_858.mod,obscillations  close to 691  use 691,858,TRUE,1031,TRUE,Drava
EFAS,12,859,Novo Virje Skela,17.15275,46.110167,1,NRT_6h,,Danube,HR,32150,31803,Danube,1,0,TRUE,1,1,1,1,1,1,108.86,FALSE,4867500,2582500,6,ID_859.mod,oscillations,859,TRUE,1031,TRUE,Drava
EFAS,12,860,Terezino Polje,17.461778,45.944528,1,NRT_6h,,Danube,HR,34300,33916,Danube,1,0,TRUE,1,1,1,1,1,1,100.67,FALSE,4892500,2567500,6,ID_860.mod,oscillations Moved upstream close to 659,860,TRUE,1031,TRUE,Drava
EFAS,12,861,Vrbovka,17.715083,45.829889,0,,,Danube,HR,35425,35029,Danube,,0,FALSE,0,0,1,0,1,0,93.21,FALSE,4922500,2557500,,,No discharge data available for calibration period,861,FALSE,1031,FALSE,Drava
EFAS,12,862,Podravska Moslavina,17.981222,45.790528,0,,,Danube,HR,35775,36162,Danube,,0,FALSE,0,0,1,0,1,0,90.94,FALSE,4942500,2552500,,,No discharge data available for calibration period,862,FALSE,1031,FALSE,Drava
EFAS,12,863,Donji Miholjac C.S.,18.172444,45.774639,1,NRT_6h,,Danube,HR,37725,37142,Danube,2,0,TRUE,1,1,1,1,1,1,88.57,FALSE,4952500,2552500,6,ID_863.mod,close to 864,863,TRUE,1031,TRUE,Drava
EFAS,12,864,Belisce,18.4185,45.688472,1,NRT_6h,,Danube,HR,37900,38500,Danube,3,0,TRUE,1,1,1,1,1,1,83.99,TRUE,4982500,2542500,6,ID_864.mod,,864,TRUE,1031,TRUE,Drava
EFAS,12,865,Osijek,18.701833,45.560944,0,,,Danube,HR,39975,39982,Danube,,0,FALSE,0,0,1,0,1,1,81.48,FALSE,4997500,2532500,,,No discharge data available for calibration period,865,FALSE,1031,FALSE,Drava
EFAS,12,866,Batina,18.854944,45.847306,1,NRT_6h,,Danube,HR,209125,210250,Danube,3,0,TRUE,1,1,1,1,1,1,80.45,TRUE,5002500,2572500,6,ID_866.mod,,866,TRUE,1031,TRUE,Danube
EFAS,12,867,Aljmas,18.951333,45.53125,1,NRT_6h,,Danube,HR,253200,251573,Danube,2,0,TRUE,1,1,1,1,1,1,78.08,FALSE,5017500,2532500,6,ID_867.mod,close to 261,867,TRUE,1031,TRUE,Danube
EFAS,12,868,Dalj,18.995028,45.491028,1,NRT_6h,,Danube,HR,253225,252208,Danube,1,0,TRUE,1,1,1,1,1,1,75.2,FALSE,5022500,2532500,6,ID_868.mod,seems inconsistent with 867 and 261 and has low quality data  use 261,868,TRUE,1031,TRUE,Danube
EFAS,12,869,Vukovar,19.002056,45.355417,1,NRT_6h,,Danube,HR,253950,253147,Danube,2,0,TRUE,1,1,1,1,1,1,76.19,FALSE,5022500,2517500,6,ID_869.mod,lake  outliers  moved station downstream  close to 261,869,TRUE,1031,TRUE,Danube
EFAS,12,870,Ilok,19.37825,45.230444,1,NRT_6h,,Danube,HR,255550,253737,Danube,3,0,TRUE,1,1,1,1,1,1,73.97,TRUE,5052500,2502500,6,ID_870.mod,outliers removed after qc,870,TRUE,1031,TRUE,Danube
EFAS,12,876,Günzburg u. d. Günzmündung,10.285,48.4654,1,NRT_6h,,Danube,DE,9550,9399.96,Danube,0,0,TRUE,1,0,0,1,1,1,43864,FALSE,4342500,2817500,6,ID_876.mod,wrong hydrometric zero or wrong rating curve,876,TRUE,1025,TRUE,Danube
EFAS,12,879,Neuburg,11.1787,48.7393,1,NRT_6h,,Danube,DE,20125,19910.1,Danube,1,0,TRUE,1,0,0,1,1,1,37549,FALSE,4402500,2847500,6,ID_879.mod,oscillations use 464 and 469,879,TRUE,1025,TRUE,Danube
EFAS,12,882,Oberndorf,12.0149,48.947,1,NRT_6h,C361,Danube,DE,26525,26512.49,Danube,2,0,TRUE,1,1,0,1,1,1,33115,FALSE,4467500,2872500,6,ID_882.mod,samll oscillations use 471,882,TRUE,1025,TRUE,Danube
EFAS,12,883,Regensburg Eiserne Brücke,12.1025,49.0213,1,NRT_6h,,Danube,DE,32525,32495,Danube,3,0,TRUE,1,0,0,1,1,1,32550,TRUE,4467500,2882500,6,ID_883.mod,,883,TRUE,1025,TRUE,Danube
EFAS,12,884,Schwabelweis,12.1387,49.0236,1,NRT_6h,,Danube,DE,35625,35449.63,Danube,0,0,TRUE,1,0,0,1,1,1,32449,FALSE,4482500,2882500,6,ID_884.mod,low quality data same location as 1,884,TRUE,1025,TRUE,Danube
EFAS,12,885,Straubing,12.5737,48.8856,1,,,Danube,DE,37075,37026.36,Danube,,0,FALSE,0,0,0,0,1,1,31145,FALSE,4507500,2867500,,,No discharge data available for calibration period,885,FALSE,1025,FALSE,Danube
EFAS,12,886,Pfelling,12.7472,48.8798,1,NRT_6h,,Danube,DE,37750,37757.18,Danube,3,0,TRUE,1,0,0,1,1,1,30816,TRUE,4522500,2867500,6,ID_886.mod,,886,TRUE,1025,TRUE,Danube
EFAS,12,887,Deggendorf,12.9606,48.8258,1,,,Danube,DE,38125,38160.08,Danube,,0,FALSE,0,0,0,0,1,1,30700,FALSE,4537500,2862500,,,No discharge data available for calibration period,887,FALSE,1025,FALSE,Danube
EFAS,12,888,Hofkirchen,13.1152,48.6766,1,NRT_6h,,Danube,DE,47700,47609.56,Danube,2,0,TRUE,1,0,0,1,1,1,29960,FALSE,4552500,2842500,6,ID_888.mod,almost same as 2 almost same location,888,TRUE,1025,TRUE,Danube
EFAS,12,889,Vilshofen,13.1824,48.6372,1,,,Danube,DE,49400,47739.06,Danube,,0,FALSE,0,0,0,0,1,1,29707,FALSE,4557500,2842500,,,No discharge data available for calibration period,889,FALSE,1025,FALSE,Danube
EFAS,12,890,Passau,13.4587,48.5763,1,,,Danube,DE,76800,49716.33,Danube,,0,FALSE,0,0,0,0,1,1,28646,FALSE,4577500,2837500,,,No discharge data available for calibration period,890,FALSE,1025,FALSE,Danube
EFAS,12,891,Passau Ilzstadt,13.4782,48.5752,1,NRT_6h,,Danube,DE,76775,76643.21,Danube,2,0,TRUE,1,0,0,1,1,1,28623,FALSE,4577500,2832500,6,ID_891.mod,almost same location as 156 and same data  use 156,891,TRUE,1025,TRUE,Danube
EFAS,12,892,Wiblingen,9.9874,48.3708,1,NRT_6h,C053,Danube,DE,2300,2040.21,Danube,3,0,TRUE,1,1,0,1,1,1,46824,TRUE,4322500,2802500,6,ID_892.mod,,892,TRUE,1025,TRUE,Iller
EFAS,12,893,Landsberg,10.8751,48.0415,1,NRT_6h,,Danube,DE,2325,2286.94,Danube,2,0,TRUE,1,0,0,1,1,1,58228,FALSE,4387500,2767500,6,ID_893.mod,dam or lake  close to 894,893,TRUE,1025,TRUE,Lech
EFAS,12,894,Haunstetten,10.9457,48.3163,1,NRT_6h,,Danube,DE,2700,2348.75,Danube,3,0,TRUE,1,0,0,1,1,1,49156,TRUE,4392500,2797500,6,ID_894.mod,dam,894,TRUE,1025,TRUE,Lech
EFAS,12,895,Augsburg u. d. Wertachmündung,10.888,48.4081,1,NRT_6h,C047,Danube,DE,4075,3802.87,Danube,3,0,TRUE,1,1,0,1,1,1,45678,TRUE,4387500,2807500,6,ID_895.mod,low quality data,895,TRUE,1025,TRUE,Lech
EFAS,12,900,Heitzenhofen,11.9363,49.1183,1,NRT_6h,C443,Danube,DE,5475,5431.64,Danube,3,0,TRUE,1,1,0,1,1,1,33364,TRUE,4462500,2887500,6,ID_900.mod,,900,TRUE,1025,TRUE,Naab
EFAS,12,902,Nittenau,12.2749,49.1997,1,,,Danube,DE,2600,2527.5,Danube,,0,FALSE,0,0,0,0,1,1,34352,FALSE,4487500,2902500,,,No discharge data available for calibration period,902,FALSE,1025,FALSE,Regen
EFAS,12,903,Marienthal,12.1756,49.223,1,NRT_6h,,Danube,DE,2675,2590.4,Danube,3,0,TRUE,1,0,0,1,1,1,33700,TRUE,4482500,2902500,6,ID_903.mod,,903,TRUE,1025,TRUE,Regen
EFAS,12,904,München,11.5969,48.1455,1,NRT_6h,,Danube,DE,2850,2814,Danube,3,0,TRUE,1,0,0,1,1,1,50036,TRUE,4437500,2777500,6,ID_904.mod,,904,TRUE,1025,TRUE,Isar
EFAS,12,905,Freising,11.7522,48.3982,1,NRT_6h,,Danube,DE,3150,3037.65,Danube,0,0,TRUE,1,0,0,1,1,1,43964,FALSE,4447500,2817500,6,ID_905.mod,Inconsistent with upstream or downstream data  mayby wrong coords,905,TRUE,1025,TRUE,Isar
EFAS,12,906,Landshut Birket,12.1332,48.5275,1,NRT_6h,,Danube,DE,7900,7915.42,Danube,3,0,TRUE,1,0,0,1,1,1,38865,TRUE,4472500,2822500,6,ID_906.mod,,906,TRUE,1025,TRUE,Isar
EFAS,12,912,Mühldorf,12.5287,48.239,1,NRT_6h,,Danube,DE,12500,12409.28,Danube,0,0,TRUE,1,0,0,1,1,1,37123,FALSE,4502500,2787500,6,ID_912.mod,wrong location or wrong rating curve,912,TRUE,1025,TRUE,Inn
EFAS,12,913,Passau,13.4656,48.5734,1,,,Danube,DE,26125,26071.79,Danube,,0,FALSE,0,0,0,0,1,1,28919,FALSE,4572500,2832500,,,No discharge data available for calibration period,913,FALSE,1025,FALSE,Inn
EFAS,12,914,Burgkirchen,12.7311,48.1716,1,NRT_6h,,Danube,DE,2250,2221.95,Danube,0,0,TRUE,1,0,0,1,1,1,39690,FALSE,4527500,2792500,6,ID_914.mod,wrong location or wrong rating curve,914,TRUE,1025,TRUE,Alz
EFAS,12,919,Trunstadt,10.7551,49.9295,1,NRT_6h,,Rhine,DE,11925,11984.97,Rhine,0,0,TRUE,1,0,0,1,1,1,22340,FALSE,4377500,2977500,6,ID_919.mod,Same location as 39 different data doubts on data  low flow,919,TRUE,1025,TRUE,Main
EFAS,12,920,Schweinfurt Neuer Hafen,10.2208,50.0312,1,NRT_6h,,Rhine,DE,12675,12689.93,Rhine,0,0,TRUE,1,0,0,1,1,1,20116,FALSE,4332500,2987500,6,ID_920.mod,Wrong hydrometric zero or rating curve same 34,920,TRUE,1025,TRUE,Main
EFAS,12,921,Würzburg,9.9258,49.7961,1,NRT_6h,,Rhine,DE,13925,13995.76,Rhine,0,0,TRUE,1,1,0,1,1,1,16445,FALSE,4317500,2962500,6,ID_921.mod,Wrong hydrometric zero or rating curve same as 43,921,TRUE,1025,TRUE,Main
EFAS,12,922,Steinbach,9.6037,50.01,1,NRT_6h,,Rhine,DE,18225,17878.46,Rhine,0,0,TRUE,1,0,0,1,1,1,14633,FALSE,4292500,2987500,6,ID_922.mod,same location as 59  Wrong hydrometric zero or rating curve,922,TRUE,1025,TRUE,Main
EFAS,12,923,Faulbach,9.4386,49.785,1,,,Rhine,DE,20750,20703.2,Rhine,,0,FALSE,0,0,0,0,1,1,12828,FALSE,4277500,2962500,,,No discharge data available for calibration period,923,FALSE,1025,FALSE,Main
EFAS,12,924,Kleinheubach,9.2246,49.7164,1,NRT_6h,,Rhine,DE,21600,21491.16,Rhine,0,0,TRUE,1,0,0,1,1,1,11962,FALSE,4262500,2962500,6,ID_924.mod,same location as 35  Wrong hydrometric zero or rating curve,924,TRUE,1025,TRUE,Main
EFAS,12,925,Obernau,9.121,49.9372,1,,,Rhine,DE,22350,22289.25,Rhine,,0,FALSE,0,0,0,0,1,1,10780,FALSE,4257500,2982500,,,No discharge data available for calibration period,925,FALSE,1025,FALSE,Main
EFAS,12,926,Krotzenburg,8.9535,50.0797,1,,,Rhine,DE,23350,23374,Rhine,,0,FALSE,0,0,0,0,1,1,9813,FALSE,4247500,2997500,,,No discharge data available for calibration period,926,FALSE,1025,FALSE,Main
EFAS,12,928,Pettstadt,10.9489,49.8328,1,NRT_6h,,Rhine,DE,6975,6991,Rhine,1,0,TRUE,1,0,0,1,1,1,23708,FALSE,4392500,2967500,6,ID_928.mod,Oscillations,928,TRUE,1025,TRUE,Regnitz
EFAS,12,930,Alken,7.445633,50.250872,1,NRT_6h,,Rhine,DE,27925,27960,Rhine,2,0,TRUE,1,1,1,1,1,0,70.5,FALSE,4142500,3022500,6,ID_930.mod,Close to 38 lower quality,930,TRUE,1004,TRUE,Moselle
EFAS,12,931,Lauffen,9.159831,49.072307,1,NRT_6h,C209,Rhine,DE,7950,7916,Rhine,3,0,TRUE,1,1,1,1,1,1,159.41,TRUE,4257500,2877500,6,ID_931.mod,Outliers removed with qc,931,TRUE,1004,TRUE,Neckar
EFAS,12,932,Ziegelhausen AMS,8.761891,49.416498,1,NRT_6h,,Rhine,DE,13875,13783,Rhine,3,0,TRUE,1,1,1,1,1,0,105.87,TRUE,4232500,2922500,6,ID_932.mod,,932,TRUE,1004,TRUE,Neckar
EFAS,12,933,Rockenau SKA,9.005064,49.43823,1,NRT_6h,C341,Rhine,DE,12975,1271,Rhine,2,0,TRUE,1,1,1,1,1,1,119.74,FALSE,4247500,2927500,6,ID_933.mod,Moved on main stream  close to 932,933,TRUE,1004,TRUE,Neckar
EFAS,12,934,Hattingen,7.160984,51.399742,1,NRT_6h,,Rhine,DE,4225,4117.94,Rhine,3,0,TRUE,1,1,1,1,1,1,60.37,TRUE,4127500,3147500,6,ID_934.mod,,934,TRUE,1004,TRUE,Ruhr
EFAS,12,935,Adorf 1,12.258153,50.329422,1,,,Elbe,DE,325,170.36,Elbe,,0,TRUE,1,1,0,1,1,1,436.1,FALSE,4477500,3032500,6,ID_935.mod,Provider upArea too small to be included in calibration,935,TRUE,1007,TRUE,White Elster
EFAS,12,936,Boxberg,14.574662,51.405541,1,NRT_6h,,Elbe,DE,675,639,Elbe,3,0,TRUE,1,1,0,1,1,1,118.94,TRUE,4642500,3152500,6,ID_936.mod,,936,TRUE,1007,TRUE,Black Schops
EFAS,12,937,Cotta,13.692342,51.053655,0,,,Elbe,DE,400,373.94,Elbe,,0,TRUE,0,0,0,1,1,0,112.03,FALSE,4582500,3107500,6,ID_937.mod,Provider upArea too small to be included in calibration,937,FALSE,1007,FALSE,United Weisseritz
EFAS,12,938,Dohna,13.853691,50.95386,1,,,Elbe,DE,250,198.66,Elbe,,0,TRUE,1,1,0,1,1,1,136.2,FALSE,4592500,3097500,6,ID_938.mod,Provider upArea too small to be included in calibration,938,TRUE,1007,TRUE,Muglitz
EFAS,12,939,Großdittmannsdorf,13.772949,51.198357,1,,,Elbe,DE,350,300,Elbe,,0,TRUE,1,1,0,1,1,1,148.02,FALSE,4582500,3127500,6,ID_939.mod,Provider upArea too small to be included in calibration,939,TRUE,1007,TRUE,Great Roder
EFAS,12,940,Leisnig,12.948648,51.1593,1,NRT_6h,,Elbe,DE,2875,2877.56,Elbe,2,0,TRUE,1,0,0,1,1,1,143.66,FALSE,4527500,3122500,6,ID_940.mod,Exclude 2013 peak for problems to the hydrometer  close to 71,940,TRUE,1007,TRUE,Freiberger Mulde
EFAS,12,941,Lieske,14.530304,51.330587,1,NRT_6h,,Elbe,DE,775,775,Elbe,3,0,TRUE,1,1,0,1,1,1,129.51,TRUE,4637500,3142500,6,ID_941.mod,dam,941,TRUE,1007,TRUE,Spree
EFAS,12,942,Merzdorf,13.252925,51.314985,1,,,Elbe,DE,200,211,Elbe,,0,TRUE,1,1,0,1,1,1,96.54,FALSE,4547500,3137500,6,ID_942.mod,Provider upArea too small to be included in calibration,942,TRUE,1007,TRUE,Dollnitz
EFAS,12,943,Mylau,12.272236,50.610932,1,,,Elbe,DE,225,155,Elbe,,0,TRUE,1,1,0,1,1,1,306.69,FALSE,4482500,3057500,6,ID_943.mod,Provider upArea too small to be included in calibration,943,TRUE,1007,TRUE,Goltzsch
EFAS,12,944,Porschdorf 1,14.13404,50.94191,1,,,Elbe,DE,300,267,Elbe,,0,TRUE,1,1,0,1,1,1,126.96,FALSE,4612500,3102500,6,ID_944.mod,Provider upArea too small to be included in calibration,944,TRUE,1007,TRUE,Lachsbach
EFAS,12,945,Zittau 1,14.836675,50.89652,1,NRT_6h,,Oder,DE,675,686,Oder,3,0,TRUE,1,1,0,1,1,1,225.55,TRUE,4662500,3097500,6,ID_945.mod,,945,TRUE,1007,TRUE,Lusatian Neisse
EFAS,12,946,Diest Ringbrug,5.041367,50.991268,0,,,Scheldt,BE,1925,1950,Scheldt,,0,FALSE,0,0,0,0,0,0,,FALSE,3977500,3107500,,,No discharge data available for calibration period,946,FALSE,1022,FALSE,Demer
EFAS,12,947,Lot,4.279647,50.765746,0,,,Scheldt,BE,825,659.24,Scheldt,,0,FALSE,0,0,0,0,0,0,,FALSE,3917500,3092500,,,No discharge data available for calibration period,947,FALSE,1022,FALSE,Zenne
EFAS,12,948,Overboelare,3.867334,50.762012,0,,,Scheldt,BE,825,785,Scheldt,,0,FALSE,0,0,0,0,0,0,,FALSE,3892500,3092500,,,No discharge data available for calibration period,948,FALSE,1022,FALSE,Dender
EFAS,12,949,Bossuit -HIC,3.402525,50.741192,0,,,Scheldt,BE,5175,5227,Scheldt,,0,FALSE,0,0,0,0,0,0,,FALSE,3852500,3087500,,,No discharge data available for calibration period,949,FALSE,1022,FALSE,Scheldt
EFAS,12,950,Menen-HIC,3.126709,50.791197,0,,,Scheldt,BE,3100,2986.2,Scheldt,,0,FALSE,0,0,0,0,0,0,,FALSE,3837500,3097500,,,No discharge data available for calibration period,950,FALSE,1022,FALSE,Leie
EFAS,12,951,Leipzig-Thekla,12.43556,51.381549,1,,,Elbe,DE,325,315,Elbe,,0,TRUE,1,1,0,1,1,1,109.84,FALSE,4492500,3147500,6,ID_951.mod,Provider upArea too small to be included in calibration,951,TRUE,1007,TRUE,Parthe
EFAS,12,952,Sorbolo,10.454047,44.843971,1,NRT_6h,,Po,IT,725,,Po,3,0,TRUE,0,1,1,1,1,1,34,TRUE,4357500,2412500,6,ID_952.mod,,952,FALSE,1016,FALSE,Enza
EFAS,12,953,St. Pieter Noord,5.697333,50.830306,1,NRT_6h,,Meuse,NL,21075,21100,Meuse,3,0,TRUE,1,1,1,1,1,1,46,TRUE,4017500,3082500,6,ID_953.mod,Small Oscillations,953,TRUE,1008,TRUE,Meuse
EFAS,12,954,Embalse de Benínar,-3.030587,36.91996,1,,,Adra,ES,500,460,Adra,,0,TRUE,1,1,1,1,1,1,399,FALSE,3157500,1637500,6,ID_954.mod,No discharge data available for calibration period,954,TRUE,1030,TRUE,Lucainena
EFAS,12,955,Aguascebas_G,-3.019751,38.074391,1,,,Guadalquivir,ES,75,109,Guadalquivir,,0,TRUE,1,1,1,1,1,1,487,FALSE,3182500,1762500,6,ID_955.mod,Provider upArea too small to be included in calibration,955,TRUE,1030,TRUE,Arroyo de las Aguascebas Grande
EFAS,12,956,Aljaima,-4.665221,36.727673,1,,,Guadalhorce,ES,2725,2547,Guadalhorce,,0,TRUE,1,1,1,1,1,1,40,FALSE,3007500,1642500,6,ID_956.mod,No discharge data available for calibration period,956,TRUE,1030,TRUE,Guadalhorce
EFAS,12,957,Cantoria,-2.170965,37.346767,0,,,Almanzora,ES,1550,1100,Almanzora,,0,FALSE,0,0,1,0,1,0,354,FALSE,3242500,1672500,,,No discharge data available for calibration period,957,FALSE,1030,FALSE,Almanzora
EFAS,12,958,Serón,-2.518309,37.350451,1,,,Almanzora,ES,250,244,Almanzora,,0,FALSE,0,0,1,0,1,1,769,FALSE,3207500,1677500,,,No discharge data available for calibration period,958,FALSE,1030,FALSE,Almanzora
EFAS,12,959,Almz_Seron_MI,-2.518309,37.350451,0,,,Almanzora,ES,250,244,Almanzora,,1,FALSE,0,0,1,0,1,0,769,FALSE,3207500,1677500,,,No discharge data available for calibration period,959,FALSE,1030,FALSE,Almanzora
EFAS,12,960,Terque (Andarax),-2.589002,36.980968,1,,,Andarax,ES,550,504,Andarax,,0,TRUE,1,1,1,1,1,1,278,FALSE,3192500,1637500,6,ID_960.mod,No discharge data available for calibration period,960,TRUE,1030,TRUE,Andarax
EFAS,12,961,Azud de las Buitreras,-5.336959,36.580227,0,,,Guadiaro,ES,475,482,Guadiaro,,0,FALSE,0,0,1,0,1,0,343,FALSE,2947500,1642500,,,No discharge data available for calibration period Moved upstream,961,FALSE,1030,FALSE,Guadiaro
EFAS,12,962,Azud de Paredones,-4.717174,36.860232,1,,,Guadalhorce,ES,1975,1825,Guadalhorce,,0,FALSE,0,0,1,0,1,1,130,FALSE,3007500,1662500,,,No discharge data available for calibration period,962,FALSE,1030,FALSE,Guadalhorce
EFAS,12,963,Azud de Vélez,-3.52291,36.827401,1,,,Guadalfeo,ES,1125,1057,Guadalfeo,,0,FALSE,0,0,0,0,1,1,112,FALSE,3112500,1637500,,,No discharge data available for calibration period,963,FALSE,1030,FALSE,Guadalfeo
EFAS,12,964,Azud del Vínculo,-3.545791,36.782487,1,,,Guadalfeo,ES,1250,1188,Guadalfeo,,0,FALSE,0,0,0,0,1,1,72,FALSE,3107500,1632500,,,No discharge data available for calibration period,964,FALSE,1030,FALSE,Guadalfeo
EFAS,12,965,Salto del Negro,-4.204654,36.847034,1,,,Velez,ES,175,182,Velez,,0,TRUE,1,1,1,1,1,1,146,FALSE,3052500,1647500,6,ID_965.mod,No discharge data available for calibration period,965,TRUE,1030,TRUE,Benamargosa
EFAS,12,966,Cabra_Santa,-4.757841,37.498122,1,,,Guadalquivir,ES,425,441,Guadalquivir,,0,TRUE,1,1,1,1,1,1,200,FALSE,3017500,1727500,6,ID_966.mod,Provider upArea too small to be included in calibration,966,TRUE,1030,TRUE,Cabra
EFAS,12,967,Casariche_G,-4.762001,37.295152,1,,,Guadalquivir,ES,200,164,Guadalquivir,,0,TRUE,1,1,1,1,1,1,283,FALSE,3012500,1707500,6,ID_967.mod,Provider upArea too small to be included in calibration,967,TRUE,1030,TRUE,Yeguas
EFAS,12,968,Corbones_Ca,-5.606802,37.563713,1,NRT_6h,C495,Guadalquivir,ES,1750,1377,Guadalquivir,3,0,TRUE,1,1,0,1,1,1,35,TRUE,2942500,1747500,6,ID_968.mod,,968,TRUE,1030,TRUE,Corbones
EFAS,12,969,Llano de Vela,-2.943061,38.317616,1,NRT_6h,C499,Guadalquivir,ES,1225,1240,Guadalquivir,0,0,TRUE,1,1,1,1,1,1,489,FALSE,3187500,1792500,6,ID_969.mod,low quality data,969,TRUE,1030,TRUE,Guadalmena
EFAS,12,970,Jubrique,-5.246434,36.567127,1,,,Guadiaro,ES,200,161,Guadiaro,,0,TRUE,1,1,1,1,1,1,252,FALSE,2952500,1637500,6,ID_970.mod,No discharge data available for calibration period,970,TRUE,1030,TRUE,Genal
EFAS,12,971,Genil_Canales_G,-3.492912,37.162625,1,,,Guadalquivir,ES,175,178,Guadalquivir,,0,TRUE,1,1,1,1,1,1,783,FALSE,3122500,1667500,6,ID_971.mod,Provider upArea too small to be included in calibration,971,TRUE,1030,TRUE,Genil
EFAS,12,972,Genil_Ecija,-5.077749,37.558053,1,HIST_6h,C494,Guadalquivir,ES,8050,8028,Guadalquivir,3,0,TRUE,1,1,1,1,1,1,104,TRUE,2987500,1742500,6,ID_972.mod,oscillations  otliers removed with qc,972,TRUE,1030,TRUE,Genil
EFAS,12,973,Genil_Loja,-4.166639,37.175136,1,HIST_24h,C493,Guadalquivir,ES,4300,4220,Guadalquivir,3,0,TRUE,1,1,1,1,1,1,443,TRUE,3057500,1687500,6,ID_973.mod,oscillations use hist24,973,TRUE,1030,TRUE,Genil
EFAS,12,974,Cartama,-4.613625,36.729351,0,,,Guadalhorce,ES,2875,2651,Guadalhorce,,0,TRUE,0,0,1,1,1,0,28,FALSE,3017500,1642500,,,No discharge data available for calibration period,974,FALSE,1030,FALSE,Guadalhorce
EFAS,12,975,Glimar_Lina,-3.636667,38.016432,1,HIST_6h,,Guadalquivir,ES,5075,5131,Guadalquivir,3,0,TRUE,1,1,1,1,1,1,256,TRUE,3117500,1767500,6,ID_975.mod,low quality data oscillations,975,TRUE,1030,TRUE,Guadalimar
EFAS,12,976,Guadajoz_Va,-4.804498,37.820362,1,HIST_6h,,Guadalquivir,ES,2450,2420,Guadalquivir,1,0,TRUE,1,1,1,1,1,1,94,FALSE,3022500,1762500,6,ID_976.mod,hydrometric zero,976,TRUE,1030,TRUE,Guadajoz
EFAS,12,977,Guadalb_Men,-3.78081,37.974215,1,HIST_6h,,Guadalquivir,ES,1075,1111,Guadalquivir,3,0,TRUE,1,1,1,1,1,1,240,TRUE,3107500,1757500,6,ID_977.mod,,977,TRUE,1030,TRUE,Guadalbullon
EFAS,12,978,Guadalq_Men,-3.79918,37.98415,1,HIST_6h,,Guadalquivir,ES,16200,16166,Guadalquivir,3,0,TRUE,1,1,1,1,1,1,240,TRUE,3107500,1767500,6,ID_978.mod,,978,TRUE,1030,TRUE,Guadalquivir
EFAS,12,979,Guadiamar,-6.259868,37.302926,1,HIST_6h,C496,Guadalquivir,ES,900,960,Guadalquivir,3,0,TRUE,1,1,1,1,1,1,21,TRUE,2882500,1732500,6,ID_979.mod,outliers removed with qc,979,TRUE,1030,TRUE,Guadiamar
EFAS,12,980,San Pablo de Bujaceite,-5.40676,36.469895,1,,,Guadiaro,ES,650,634,Guadiaro,,0,TRUE,1,1,1,1,1,1,47,FALSE,2937500,1627500,6,ID_980.mod,No discharge data available for calibration period,980,TRUE,1030,TRUE,Guadiaro
EFAS,12,981,Guadiel_Men,-3.777835,38.031113,1,,,Guadalquivir,ES,325,341,Guadalquivir,,0,TRUE,1,1,1,1,1,1,250,FALSE,3112500,1772500,6,ID_981.mod,Provider upArea too small to be included in calibration,981,TRUE,1030,TRUE,Guadiel
EFAS,12,982,Guadix,-3.143015,37.319261,1,,,Guadalquivir,ES,550,492,Guadalquivir,,0,TRUE,0,1,1,1,1,1,880,FALSE,3152500,1682500,,,Provider upArea too small to be included in calibration,982,FALSE,1030,FALSE,Guadix
EFAS,12,983,Jimena,-5.452256,36.427402,1,,,Guadiaro,ES,275,245,Guadiaro,,0,TRUE,1,1,1,1,1,1,37,FALSE,2932500,1622500,6,ID_983.mod,No discharge data available for calibration period,983,TRUE,1030,TRUE,Hozgarganta
EFAS,12,984,Jontoya_G,-3.75132,37.760138,1,,,Guadalquivir,ES,325,269,Guadalquivir,,0,TRUE,1,1,1,1,1,1,393,FALSE,3107500,1737500,6,ID_984.mod,Provider upArea too small to be included in calibration,984,TRUE,1030,TRUE,Jaen
EFAS,12,985,La_Puebla_G,-5.289921,37.139915,1,,,Guadalquivir,ES,475,476,Guadalquivir,,0,TRUE,1,0,0,1,1,1,180,FALSE,2962500,1702500,6,ID_985.mod,No discharge data available for calibration period,985,TRUE,1030,TRUE,Corbones
EFAS,12,986,Terque (Nacimiento),-2.588979,36.983077,1,,,Andarax,ES,675,664,Andarax,,0,TRUE,1,1,1,1,1,1,278,FALSE,3197500,1642500,6,ID_986.mod,No discharge data available for calibration period,986,TRUE,1030,TRUE,Nacimiento
EFAS,12,987,Ptollano_G,-4.01907,38.65919,1,,,Guadalquivir,ES,225,228,Guadalquivir,,0,TRUE,1,0,1,1,1,1,664,FALSE,3097500,1842500,6,ID_987.mod,Provider upArea too small to be included in calibration,987,TRUE,1030,TRUE,Ojailen
EFAS,12,988,R_Fardes,-3.105173,37.534783,1,HIST_6h,,Guadalquivir,ES,1700,1685,Guadalquivir,0,0,TRUE,1,1,1,1,1,1,658,FALSE,3157500,1702500,6,ID_988.mod,Low quality data  jumps in low flow,988,TRUE,1030,TRUE,Fardes
EFAS,12,989,Archidona,-4.45547,37.082079,1,,,Guadalhorce,ES,325,328,Guadalhorce,,0,FALSE,0,0,1,0,1,1,586,FALSE,3032500,1677500,,,No discharge data available for calibration period,989,FALSE,1030,FALSE,Guadalhorce
EFAS,12,990,Bobadilla,-4.695745,37.040024,1,,,Guadalhorce,ES,750,761,Guadalhorce,,0,TRUE,1,1,1,1,1,1,379,FALSE,3012500,1677500,6,ID_990.mod,Discharge data older than calibration period,990,TRUE,1030,TRUE,Guadalhorce
EFAS,12,991,Las Millanas,-4.881222,36.701408,1,,,Guadalhorce,ES,100,38,Guadalhorce,,0,TRUE,1,1,1,1,1,1,207,FALSE,2987500,1642500,6,ID_991.mod,No discharge data available for calibration period,991,TRUE,1030,TRUE,Grande
EFAS,12,992,Teba,-4.928403,36.931486,1,,,Guadalhorce,ES,200,202,Guadalhorce,,0,TRUE,1,1,1,1,1,1,399,FALSE,2987500,1672500,6,ID_992.mod,No discharge data available for calibration period,992,TRUE,1030,TRUE,Guadalteba
EFAS,12,993,Ardales,-4.849238,36.886736,1,,,Guadalhorce,ES,275,211,Guadalhorce,,0,TRUE,1,1,1,1,1,1,350,FALSE,2997500,1662500,6,ID_993.mod,No discharge data available for calibration period,993,TRUE,1030,TRUE,Turon
EFAS,12,994,RHuelva_Cala_G,-6.133146,37.668754,1,,,Guadalquivir,ES,1000,1010,Guadalquivir,,0,TRUE,1,0,0,1,1,1,80,FALSE,2897500,1772500,6,ID_994.mod,Not enough discarge data available for calibration period,994,TRUE,1030,TRUE,Rivera de Huelva
EFAS,12,995,Almegíjar,-3.300575,36.894472,1,,,Guadalfeo,ES,175,179,Guadalfeo,,0,FALSE,0,0,1,0,1,1,570,FALSE,3132500,1637500,,,No discharge data available for calibration period,995,FALSE,1030,FALSE,Guadalfeo
EFAS,12,996,Cazulas,-3.689539,36.812514,1,,,Verde,ES,75,43,Verde,,0,TRUE,1,1,1,1,1,1,170,FALSE,3097500,1637500,6,ID_996.mod,No discharge data available for calibration period,996,TRUE,1030,TRUE,Verde
EFAS,12,997,Salado_Porc,-4.214072,37.875804,1,HIST_6h,,Guadalquivir,ES,675,670,Guadalquivir,1,0,TRUE,1,1,1,1,1,1,229,FALSE,3072500,1762500,6,ID_997.mod,outliers,997,TRUE,1030,TRUE,Arroyo del Salado de Porcuna
EFAS,12,998,Trasvase de Majaceite,-5.337874,36.57886,1,,,Guadiaro,ES,500,482,Guadiaro,,0,TRUE,1,1,1,1,1,1,343,FALSE,2947500,1637500,6,ID_998.mod,No discharge data available for calibration period,998,TRUE,1030,TRUE,Guadiaro
EFAS,12,999,Río Trevélez,-3.268798,36.985944,0,,,Guadalfeo,ES,100,77,Guadalfeo,,0,FALSE,0,0,1,0,1,0,1413,FALSE,3137500,1647500,,,No discharge data available for calibration period,999,FALSE,1030,FALSE,Trevelez
EFAS,12,1000,Viboras_Pant_G,-4.066099,37.642354,1,,,Guadalquivir,ES,225,208,Guadalquivir,,0,TRUE,1,1,1,1,1,1,446,FALSE,3077500,1732500,6,ID_1000.mod,Provider upArea too small to be included in calibration,1000,TRUE,1030,TRUE,Viboras
EFAS,12,1001,Pontenure,9.771238,45.009485,1,,,Po,IT,450,,Po,,0,FALSE,0,0,0,0,1,1,71,FALSE,4302500,2432500,,,No discharge data available for calibration period,1001,FALSE,1016,FALSE,Nure
EFAS,12,1002,La Garonne à Tonneins,0.301146,44.38893,1,HIST_24h,C069,Garonne,FR,50325,51500,Garonne,3,0,TRUE,1,1,0,1,0,0,,TRUE,3547500,2417500,6,ID_1002.mod,,1002,TRUE,1021,TRUE,Garonne
EFAS,12,1003,L'Allan à Fesches-le-Châtel,6.880831,47.523274,1,NRT_24h,,Rhône,FR,650,725,Rhone,3,0,TRUE,1,1,0,1,0,0,321,TRUE,4087500,2717500,6,ID_1003.mod,,1003,TRUE,1021,TRUE,Allaine
EFAS,12,1004,La Loue à Vuillafans,6.227223,47.055503,1,,,Rhône,FR,400,478,Rhone,,0,TRUE,1,1,0,1,0,0,350,FALSE,4032500,2667500,6,ID_1004.mod,Provider upArea too small to be included in calibration,1004,TRUE,1021,TRUE,Loue
EFAS,12,1005,Le Beuvron à Ouagne [Champmoreau],3.494032,47.414435,1,,,Seine,FR,300,263,Seine,,0,TRUE,1,1,0,1,0,0,160,FALSE,3832500,2722500,6,ID_1005.mod,Provider upArea too small to be included in calibration,1005,TRUE,1021,TRUE,Beuvron
EFAS,12,1006,La Cure à Arcy-sur-Cure,3.756716,47.602645,1,NRT_24h,,Seine,FR,1175,1182,Seine,1,0,TRUE,1,1,0,1,0,0,120,FALSE,3852500,2737500,6,ID_1006.mod,after may 2015,1006,TRUE,1021,TRUE,Cure
EFAS,12,1007,La Brenne à Montbard,4.323838,47.623213,1,NRT_24h,,Seine,FR,775,732,Seine,1,0,TRUE,1,1,0,1,0,0,203,FALSE,3897500,2737500,6,ID_1007.mod,missing periods,1007,TRUE,1021,TRUE,Brenne
EFAS,12,1008,L'Armançon à Tronchoy,3.93892,47.91354,1,NRT_24h,,Seine,FR,1975,1983,Seine,1,0,TRUE,1,1,0,1,0,0,125,FALSE,3867500,2772500,6,ID_1008.mod,after 02-2016,1008,TRUE,1021,TRUE,Armançon
EFAS,12,1009,La Vingeanne à Oisilly,5.367214,47.42158,1,NRT_24h,,Rhône,FR,600,609,Rhone,3,0,TRUE,1,1,0,1,0,0,200,TRUE,3972500,2712500,6,ID_1009.mod,,1009,TRUE,1021,TRUE,Vingeanne
EFAS,12,1010,L'Ouche à Plombières-lès-Dijon,4.980953,47.332537,1,NRT_24h,,Rhône,FR,650,651,Rhone,3,0,TRUE,1,1,0,1,0,0,243,TRUE,3942500,2702500,6,ID_1010.mod,,1010,TRUE,1021,TRUE,Ouche
EFAS,12,1011,L'Azergues à Lozanne,4.687614,45.858588,1,NRT_24h,,Rhône,FR,900,792,Rhone,3,0,TRUE,1,1,0,1,0,0,194,TRUE,3907500,2542500,6,ID_1011.mod,,1011,TRUE,1021,TRUE,Azergues
EFAS,12,1012,L'Ain à Pont-d'Ain,5.336422,46.047081,1,NRT_24h,,Rhône,FR,2750,2760,Rhone,1,0,TRUE,1,1,0,1,0,0,235,FALSE,3962500,2562500,6,ID_1012.mod,dam,1012,TRUE,1021,TRUE,Ain
EFAS,12,1013,L'Ain à Chazey-sur-Ain,5.234015,45.906383,1,HIST_24h,C723,Rhône,FR,3675,3630,Rhone,3,0,TRUE,1,1,0,1,0,0,210,TRUE,3952500,2547500,24,ID_1013.mod,,1013,TRUE,1021,TRUE,Ain
EFAS,12,1014,Usce,20.621409,43.465178,1,,,Danube,RS,6850,6883,Danube,,0,TRUE,1,1,1,1,1,1,329.89,FALSE,5182500,2322500,24,ID_1014.mod,Not enough discarge data available for calibration period,1014,TRUE,1020,TRUE,Ibar
EFAS,12,1015,Aleksinac,21.710311,43.527509,1,NRT_6h,,Danube,RS,14325,14284,Danube,3,0,TRUE,1,1,1,1,1,1,157.63,TRUE,5267500,2337500,6,ID_1015.mod,,1015,TRUE,1020,TRUE,Juzna Morava
EFAS,12,1016,Castro_Rio_G,-4.503507,37.690909,1,NRT_6h,,Guadalquivir,ES,1650,1655,Guadalquivir,0,0,TRUE,1,0,0,1,1,1,205,FALSE,3047500,1742500,6,ID_1016.mod,low quality data,1016,TRUE,1030,TRUE,Guadajoz
EFAS,12,1017,Nybergsund,12.322496,61.259078,1,NRT_6h,C398,Gota,NO,4375,4420.24,Gota,3,0,TRUE,1,1,0,1,0,0,353,TRUE,4447500,4237500,6,ID_1017.mod,,1017,TRUE,1002,TRUE,Trysilelva / Klaralven
EFAS,12,1018,Neiden,29.321311,69.700744,0,,,Neidenelva,NO,3075,2948.5,Neidenelva,,0,TRUE,0,1,0,0,0,0,25,FALSE,5067500,5277500,,,No discharge data available for calibration period,1018,FALSE,1002,FALSE,Neidenelva
EFAS,12,1019,Polmak nye,28.016008,70.070345,0,HIST_24h,C254,Tana,NO,13825,14158.06,Tana,2,0,TRUE,0,1,0,0,0,0,52,FALSE,4997500,5302500,24,ID_1019.mod,same location as 1077,1019,FALSE,1002,FALSE,Tana
EFAS,12,1020,Iijärvi - luusua,28.037857,69.509454,1,NRT_6h,,Naatamo,FI,800,744,Naatamo,3,0,TRUE,1,1,1,1,0,0,193,TRUE,5022500,5242500,6,ID_1020.mod,,1020,TRUE,1011,TRUE,Iijarvi
EFAS,12,1021,Salzburg-Nonntal,13.053879,47.798051,1,NRT_6h,,Danube,AT,4675,4393.9,Danube,3,0,TRUE,1,0,0,1,1,1,413.07,TRUE,4547500,2747500,6,ID_1021.mod,,1021,TRUE,1013,TRUE,Salzach
EFAS,12,1022,Aulestad,10.270885,61.215377,1,NRT_6h,,Glomma,NO,925,866.36,Glomma,3,0,TRUE,1,1,0,1,0,0,199,TRUE,4332500,4237500,6,ID_1022.mod,,1022,TRUE,1002,TRUE,Gausa
EFAS,12,1023,Austbygdåi,8.826927,59.995225,1,,,Skien,NO,300,343.6,Skien,,0,TRUE,1,1,0,1,0,0,201,FALSE,4257500,4102500,6,ID_1023.mod,Provider upArea too small to be included in calibration,1023,TRUE,1002,TRUE,Austbygdai
EFAS,12,1024,Austenå,8.100525,58.839633,1,,,Tovdal,NO,350,276.42,Tovdal,,0,TRUE,1,1,0,1,0,0,228,FALSE,4212500,3972500,6,ID_1024.mod,Provider upArea too small to be included in calibration,1024,TRUE,1002,TRUE,Storana
EFAS,12,1025,Vistdal,7.960779,62.697735,1,,,Visa,NO,50,66.52,Visa,,0,TRUE,1,1,0,1,0,0,46,FALSE,4217500,4397500,6,ID_1025.mod,Provider upArea too small to be included in calibration,1025,TRUE,1002,TRUE,Visa
EFAS,12,1026,Viksvatn (Hestadfjorden),5.886256,61.333056,1,NRT_6h,,Gaula (Sande),NO,500,508.13,Gaula_Sande,3,0,TRUE,1,1,0,1,0,0,143,TRUE,4102500,4252500,6,ID_1026.mod,,1026,TRUE,1002,TRUE,Gaula (Sande)
EFAS,12,1027,Veravatn,12.326543,63.789341,1,,,Verdal,NO,175,175.38,Verdal,,0,TRUE,1,1,0,1,0,0,361,FALSE,4437500,4522500,6,ID_1027.mod,Provider upArea too small to be included in calibration,1027,TRUE,1002,TRUE,Helgaa
EFAS,12,1028,Vassvatn,13.180769,66.392626,1,,,Kjerringaga,NO,25,16.33,Kjerringaga,,0,TRUE,1,1,0,1,0,0,108,FALSE,4462500,4812500,6,ID_1028.mod,Provider upArea too small to be included in calibration,1028,TRUE,1002,TRUE,Kjerringaga
EFAS,12,1029,Valen (Laksvatnet),8.961427,63.579602,1,,,Lakselva (Fillan),NO,50,39.28,Lakselva,,0,TRUE,1,1,0,1,0,0,8,FALSE,4267500,4497500,6,ID_1029.mod,Provider upArea too small to be included in calibration,1029,TRUE,1002,TRUE,Lakselva (Fillan)
EFAS,12,1030,"Vækkava, Iesjokka",24.938337,69.426393,1,NRT_6h,,Tana,NO,2075,2079.25,Tana,3,0,TRUE,1,1,0,1,0,0,178,TRUE,4907500,5207500,6,ID_1030.mod,,1030,TRUE,1002,TRUE,Lesjokka
EFAS,12,1031,Unsetåa,11.083512,61.94611,1,NRT_6h,,Glomma,NO,625,618.36,Glomma,3,0,TRUE,1,1,0,1,0,0,338,TRUE,4377500,4317500,6,ID_1031.mod,,1031,TRUE,1002,TRUE,Unsetaa
EFAS,12,1032,Ulvåa v/Storhølen,8.117797,62.280493,1,,,Rauma,NO,400,435.51,Rauma,,0,TRUE,1,1,0,1,0,0,489,FALSE,4222500,4352500,6,ID_1032.mod,Provider upArea too small to be included in calibration,1032,TRUE,1002,TRUE,Ulvaa
EFAS,12,1033,Trangen,12.481649,64.430467,1,NRT_6h,,Namsen,NO,875,852.39,Namsen,3,0,TRUE,1,1,0,1,0,0,138,TRUE,4447500,4597500,6,ID_1033.mod,,1033,TRUE,1002,TRUE,Sanddola
EFAS,12,1034,Båtsfjord,29.711877,70.56361,1,,,Storelva (Batsfjord),NO,25,21.93,Storelva,,0,TRUE,1,1,0,1,0,0,142,FALSE,5052500,5372500,6,ID_1034.mod,Provider upArea too small to be included in calibration,1034,TRUE,1002,TRUE,Storelva
EFAS,12,1035,Tora,7.866356,62.007722,1,,,Glomma,NO,275,262.27,Glomma,,0,TRUE,1,1,0,1,0,0,717,FALSE,4207500,4327500,6,ID_1035.mod,Provider upArea too small to be included in calibration,1035,TRUE,1002,TRUE,Tora
EFAS,12,1036,Syrstad,9.727708,63.032252,1,NRT_6h,C652,Orkla,NO,2275,2278.13,Orkla,3,0,TRUE,1,1,0,1,0,0,140,TRUE,4307500,4437500,6,ID_1036.mod,outlier  oscillations,1036,TRUE,1002,TRUE,Orkla
EFAS,12,1037,Bertnem,12.058677,64.468065,1,NRT_6h,C397,Namsen,NO,5175,5161.54,Namsen,3,0,TRUE,1,1,0,1,0,0,7,TRUE,4427500,4597500,6,ID_1037.mod,outlier removed with qc,1037,TRUE,1002,TRUE,Namsen
EFAS,12,1038,Bjørnegårdssvingen,10.508387,59.893394,1,,,Sandvikselva,NO,175,190.19,Sandvikselva,,0,TRUE,1,1,0,1,0,0,5,FALSE,4347500,4087500,6,ID_1038.mod,Provider upArea too small to be included in calibration,1038,TRUE,1002,TRUE,Sandviskelva
EFAS,12,1039,Svarttjørnbekken,10.649444,63.320321,1,,,Vikelva,NO,25,3.42,Vikelva,,0,TRUE,1,1,0,1,0,0,280,FALSE,4352500,4467500,6,ID_1039.mod,Provider upArea too small to be included in calibration,1039,TRUE,1002,TRUE,Vikelva
EFAS,12,1040,Svartfossberget,21.381661,69.52854,1,NRT_6h,,Reisaelva,NO,1950,1932.29,Reisaelva,3,0,TRUE,1,1,0,1,0,0,90,TRUE,4767500,5192500,6,ID_1040.mod,,1040,TRUE,1002,TRUE,Reisaelva
EFAS,12,1041,Blaker,11.299323,60.004052,1,NRT_6h,,Glomma,NO,38650,38588.11,Glomma,3,0,TRUE,1,1,0,1,0,0,90,TRUE,4387500,4097500,6,ID_1041.mod,Negative discharge  and zeros,1041,TRUE,1002,TRUE,Glomma
EFAS,12,1042,Svartavatn,5.899998,60.653592,1,,,Vosso,NO,75,72.3,Vosso,,0,TRUE,1,1,0,1,0,0,219,FALSE,4097500,4182500,6,ID_1042.mod,Provider upArea too small to be included in calibration,1042,TRUE,1002,TRUE,Tysse
EFAS,12,1043,Bøyumselv,6.742684,61.4487,1,,,Storelvi,NO,150,40.42,Storelvi,,0,TRUE,1,1,0,1,0,0,40,FALSE,4147500,4262500,6,ID_1043.mod,Provider upArea too small to be included in calibration,1043,TRUE,1002,TRUE,Storelvi
EFAS,12,1044,Brekke bru,7.113903,60.850348,0,,,Flamselvi,NO,275,268.16,Flamselvi,,0,TRUE,0,1,0,1,0,0,16,FALSE,4162500,4197500,6,ID_1044.mod,Provider upArea too small to be included in calibration,1044,FALSE,1002,FALSE,Flamselvi
EFAS,12,1047,Sula,8.101555,61.170782,1,,,Laerdalselva,NO,100,30.32,Laerdalselva,,0,TRUE,1,1,0,1,0,0,1006,FALSE,4217500,4232500,6,ID_1047.mod,Provider upArea too small to be included in calibration,1047,TRUE,1002,TRUE,Laerdalselva
EFAS,12,1048,Stuvane,7.619074,61.044155,1,NRT_6h,,Laerdalselva,NO,975,994.19,Laerdalselva,3,0,TRUE,1,1,0,1,0,0,73,TRUE,4192500,4217500,6,ID_1048.mod,,1048,TRUE,1002,TRUE,Laerdalselva
EFAS,12,1049,Strandå,14.876697,67.539246,1,,,Elv i strandvassbotn,NO,75,23.62,Elv i strandvassbotn,,0,TRUE,1,1,0,1,0,0,15,FALSE,4532500,4942500,6,ID_1049.mod,Provider upArea too small to be included in calibration,1049,TRUE,1002,TRUE,Elv i strandvassbotn
EFAS,12,1050,Bruhaug,9.235398,60.030147,1,NRT_6h,,Lagen,NO,3500,3461.42,Lagen,1,0,TRUE,1,1,0,1,0,0,200,FALSE,4277500,4102500,6,ID_1050.mod,outlier removed with qc dam  close to 2906,1050,TRUE,1002,TRUE,Numedalslagen
EFAS,12,1051,Stortorp,11.517756,59.35952,1,,,Glomma,NO,150,87.13,Glomma,,0,TRUE,1,1,0,1,0,0,111,FALSE,4407500,4027500,6,ID_1051.mod,Provider upArea too small to be included in calibration,1051,TRUE,1002,TRUE,Rakkestadelva
EFAS,12,1052,Brustuen,8.296029,61.726232,1,,,Glomma,NO,250,253.93,Glomma,,0,TRUE,1,1,0,1,0,0,665,FALSE,4227500,4292500,6,ID_1052.mod,Provider upArea too small to be included in calibration,1052,TRUE,1002,TRUE,Bovri
EFAS,12,1053,Stordalsvatn,6.010889,59.682936,1,,,Etneelva,NO,125,130.61,Etneelva,,0,TRUE,1,1,0,1,0,0,51,FALSE,4097500,4072500,6,ID_1053.mod,Provider upArea too small to be included in calibration,1053,TRUE,1002,TRUE,Stordalselva
EFAS,12,1054,Støafoss,11.718125,64.017613,1,,,Byaelva,NO,450,476.58,Byaelva,,0,TRUE,1,1,0,1,0,0,78,FALSE,4407500,4547500,6,ID_1054.mod,Provider upArea too small to be included in calibration,1054,TRUE,1002,TRUE,Ogna
EFAS,12,1055,Songedalsåi,7.985102,59.299855,1,,,Nidelva,NO,125,65.52,Nidelva,,0,TRUE,1,1,0,1,0,0,555,FALSE,4207500,4022500,6,ID_1055.mod,Provider upArea too small to be included in calibration,1055,TRUE,1002,TRUE,Songedalsai
EFAS,12,1056,Bulken (Vangsvatnet),6.292537,60.628683,1,NRT_6h,C390,Vosso,NO,1075,1092.04,Vosso,3,0,TRUE,1,1,0,1,0,0,47,TRUE,4117500,4177500,6,ID_1056.mod,,1056,TRUE,1002,TRUE,Vosso
EFAS,12,1057,Søgne,7.835108,58.09098,1,,,Sogneelva,NO,275,203.58,Sogneelva,,0,TRUE,1,1,0,1,0,0,6,FALSE,4192500,3887500,6,ID_1057.mod,Provider upArea too small to be included in calibration,1057,TRUE,1002,TRUE,Sogneelva
EFAS,12,1058,Djupadalsvatn,6.380724,59.2807,1,,,Vormo,NO,25,45.34,Vormo,,0,TRUE,1,1,0,1,0,0,338,FALSE,4112500,4027500,6,ID_1058.mod,Provider upArea too small to be included in calibration,1058,TRUE,1002,TRUE,Vormo
EFAS,12,1059,Djupevad,5.844408,59.817436,1,,,Handalandselva,NO,50,31.9,Handalandselva,,0,TRUE,1,1,0,1,0,0,88,FALSE,4087500,4087500,6,ID_1059.mod,Provider upArea too small to be included in calibration,1059,TRUE,1002,TRUE,Handalandselva
EFAS,12,1060,Driva v/Elverhøy bru,8.694089,62.64874,1,NRT_6h,,Driva,NO,2425,2437.41,Driva,3,0,TRUE,1,1,0,1,0,0,34,TRUE,4252500,4392500,6,ID_1060.mod,,1060,TRUE,1002,TRUE,Driva
EFAS,12,1061,Driva v/Risefoss,9.592639,62.511384,1,NRT_6h,,Driva,NO,725,745.38,Driva,3,0,TRUE,1,1,0,1,0,0,556,TRUE,4297500,4377500,6,ID_1061.mod,,1061,TRUE,1002,TRUE,Driva
EFAS,12,1062,Eggafoss,11.18388,62.890107,1,NRT_6h,,Gaula (Melhus),NO,675,654.24,Gaula,3,0,TRUE,1,1,0,1,0,0,285,TRUE,4382500,4417500,6,ID_1062.mod,,1062,TRUE,1002,TRUE,Gaula (Melhus)
EFAS,12,1063,Sogndalsvatn,7.006808,61.297838,1,,,Sogndalselvi,NO,125,110.93,Sogndalselvi,,0,TRUE,1,1,0,1,0,0,395,FALSE,4162500,4247500,6,ID_1063.mod,Provider upArea too small to be included in calibration,1063,TRUE,1002,TRUE,Sogndalselvi
EFAS,12,1064,Sneisvatn,15.705442,68.407429,1,,,Sneiselva,NO,25,29.25,Sneiselva,,0,TRUE,1,1,0,1,0,0,18,FALSE,4557500,5042500,6,ID_1064.mod,Provider upArea too small to be included in calibration,1064,TRUE,1002,TRUE,Sneiselva
EFAS,12,1065,Skogsfjordvatn,19.104124,69.980926,1,,,Skogsfjordelva,NO,125,136.01,Skogsfjordelva,,0,TRUE,1,1,0,1,0,0,19,FALSE,4672500,5227500,6,ID_1065.mod,Provider upArea too small to be included in calibration,1065,TRUE,1002,TRUE,Skogsfjordelva
EFAS,12,1066,Skjerdalselv,5.93555,61.815639,1,,,Storelva (Hunviksfjorden),NO,50,23.76,Storelva,,0,TRUE,1,1,0,1,0,0,291,FALSE,4107500,4307500,6,ID_1066.mod,Provider upArea too small to be included in calibration,1066,TRUE,1002,TRUE,Storelva ( (Hunviksfjorden)
EFAS,12,1067,Skarsvatn,14.982533,67.083737,1,,,Lakselva (Misvaer),NO,200,145.39,Lakselva,,0,TRUE,1,1,0,1,0,0,162,FALSE,4537500,4892500,6,ID_1067.mod,Provider upArea too small to be included in calibration,1067,TRUE,1002,TRUE,Lakselva (Misvaer)
EFAS,12,1068,Selfors bru,14.698448,66.996977,1,NRT_6h,,Beiarelva,NO,775,788.34,Beiarelva,3,0,TRUE,1,1,0,1,0,0,10,TRUE,4527500,4882500,6,ID_1068.mod,,1068,TRUE,1002,TRUE,Beiarelva
EFAS,12,1069,Sandvenvatn,6.548137,60.013893,1,,,Opo,NO,425,470.22,Opo,,0,TRUE,1,1,0,1,0,0,87,FALSE,4127500,4107500,6,ID_1069.mod,Provider upArea too small to be included in calibration,1069,TRUE,1002,TRUE,Sandvinvadnet
EFAS,12,1070,Salsvatn,11.454362,64.705377,1,,,Moelva,NO,475,431.9,Moelva,,0,TRUE,1,1,0,1,0,0,9,FALSE,4392500,4622500,6,ID_1070.mod,Provider upArea too small to be included in calibration,1070,TRUE,1002,TRUE,Salsvatnet
EFAS,12,1071,Sæternbekken,10.566451,59.942939,1,,,Sandvikselva,NO,50,6.23,Sandvikselva,,0,TRUE,1,1,0,1,0,0,102,FALSE,4352500,4092500,6,ID_1071.mod,Provider upArea too small to be included in calibration,1071,TRUE,1002,TRUE,Overland
EFAS,12,1072,Røykenes,5.441903,60.248812,1,,,Oselva,NO,75,50.09,Oselva,,0,TRUE,1,1,0,1,0,0,53,FALSE,4067500,4137500,6,ID_1072.mod,Provider upArea too small to be included in calibration,1072,TRUE,1002,TRUE,Teinebekken
EFAS,12,1073,Rinna,9.407097,62.984953,1,,,Surna,NO,125,86.23,Surna,,0,TRUE,1,1,0,1,0,0,467,FALSE,4292500,4432500,6,ID_1073.mod,Provider upArea too small to be included in calibration,1073,TRUE,1002,TRUE,Rinna
EFAS,12,1074,Rysna,8.715961,61.168526,1,,,Drammen,NO,75,50.76,Drammen,,0,TRUE,1,1,0,1,0,0,614,FALSE,4252500,4232500,6,ID_1074.mod,Provider upArea too small to be included in calibration,1074,TRUE,1002,TRUE,Rysna
EFAS,12,1075,Rauma v/Horgheim,7.78144,62.473214,1,NRT_6h,,Rauma,NO,1125,1099.42,Rauma,3,0,TRUE,1,1,0,1,0,0,61,TRUE,4212500,4372500,6,ID_1075.mod,negative values,1075,TRUE,1002,TRUE,Rauma
EFAS,12,1076,Rathe,10.390233,63.384904,1,NRT_6h,,Nea,NO,3050,3057.88,Nea,3,0,TRUE,1,1,0,1,0,0,14,TRUE,4342500,4472500,6,ID_1076.mod,Dam strongly regulated,1076,TRUE,1002,TRUE,Nea
EFAS,12,1077,Polmak nye,28.016008,70.070345,1,NRT_6h,,Tana,NO,13850,14158.06,Tana,3,0,TRUE,1,1,0,1,0,0,10,TRUE,5002500,5307500,6,ID_1077.mod,,1077,TRUE,1002,TRUE,Tana
EFAS,12,1078,Øyungen,11.081687,64.243779,1,,,Argards,NO,250,239.07,Argards,,0,TRUE,1,1,0,1,0,0,103,FALSE,4372500,4572500,6,ID_1078.mod,Provider upArea too small to be included in calibration,1078,TRUE,1002,TRUE,Meung
EFAS,12,1079,Øyeren v/Mørkfoss,11.225661,59.659555,1,,,Glomma,NO,40350,40441.59,Glomma,,0,FALSE,0,0,1,0,1,1,90,FALSE,4392500,4062500,,,No discharge data available for calibration period,1079,FALSE,1002,FALSE,Glomma
EFAS,12,1080,Øye ndf.,6.931252,62.06818,1,,,Bygda,NO,200,138.78,Bygda,,0,TRUE,1,1,0,1,0,0,147,FALSE,4157500,4332500,6,ID_1080.mod,Provider upArea too small to be included in calibration,1080,TRUE,1002,TRUE,Bygda
EFAS,12,1081,Øvstevatn (Litlevatnet),17.489689,68.347855,1,,,Hakvik,NO,50,28.44,Hakvik,,0,TRUE,1,1,0,1,0,0,275,FALSE,4632500,5042500,6,ID_1081.mod,Provider upArea too small to be included in calibration,1081,TRUE,1002,TRUE,Hakvik
EFAS,12,1082,Øvrevatn,17.941075,68.857619,1,NRT_6h,,Salangs,NO,525,526.02,Salangs,3,0,TRUE,1,1,0,1,0,0,8,TRUE,4647500,5102500,6,ID_1082.mod,,1082,TRUE,1002,TRUE,Svartdalsbekken
EFAS,12,1083,Omnesfoss,8.993231,59.611714,1,NRT_6h,,Skien,NO,875,807.71,Skien,3,0,TRUE,1,1,0,1,0,0,61,TRUE,4262500,4057500,6,ID_1083.mod,,1083,TRUE,1002,TRUE,Heddola
EFAS,12,1084,Farstadelva v/Farstad,7.161429,62.973625,1,,,Farstad,NO,25,24.23,Farstad,,0,TRUE,1,1,0,1,0,0,11,FALSE,4177500,4432500,6,ID_1084.mod,Provider upArea too small to be included in calibration,1084,TRUE,1002,TRUE,Farstad
EFAS,12,1085,Fetvatn (Fitjavatnet),6.592888,62.3325,1,,,Velledals,NO,100,88.95,Velledals,,0,TRUE,1,1,0,1,0,0,1,FALSE,4142500,4362500,6,ID_1085.mod,Provider upArea too small to be included in calibration,1085,TRUE,1002,TRUE,Velledals
EFAS,12,1086,Flaksvatn,8.203061,58.330464,1,NRT_6h,,Tovdal,NO,1825,1780.66,Tovdal,3,0,TRUE,1,1,0,1,0,0,19,TRUE,4217500,3917500,6,ID_1086.mod,,1086,TRUE,1002,TRUE,Tovdal
EFAS,12,1087,Nordre Osa,11.74337,61.412745,1,,,Glomma,NO,425,447.09,Glomma,,0,TRUE,1,1,0,1,0,0,457,FALSE,4412500,4257500,6,ID_1087.mod,Provider upArea too small to be included in calibration,1087,TRUE,1002,TRUE,Northern osa
EFAS,12,1088,Fustvatn,13.307593,65.905237,1,NRT_6h,,Fusta,NO,550,525.69,Fusta,3,0,TRUE,1,1,0,1,0,0,39,TRUE,4472500,4757500,6,ID_1088.mod,,1088,TRUE,1002,TRUE,Fusta
EFAS,12,1089,Nigardsbrevatn,7.241906,61.666554,1,,,Jostedola,NO,75,65.29,Jostedola,,0,TRUE,1,1,0,1,0,0,285,FALSE,4172500,4287500,6,ID_1089.mod,Provider upArea too small to be included in calibration,1089,TRUE,1002,TRUE,Breelvi
EFAS,12,1090,Nessedalselv,6.278385,61.159871,1,,,Nesselvi,NO,75,30.08,Nesselvi,,0,TRUE,1,1,0,1,0,0,289,FALSE,4122500,4232500,6,ID_1090.mod,Provider upArea too small to be included in calibration,1090,TRUE,1002,TRUE,Nesselvi
EFAS,12,1091,Nervoll,13.986036,65.437572,1,NRT_6h,,Vefsna,NO,650,653.36,Vefsna,3,0,TRUE,1,1,0,1,0,0,345,TRUE,4507500,4707500,6,ID_1091.mod,,1091,TRUE,1002,TRUE,Vefsna
EFAS,12,1092,Nedre Sjodalsvatn,8.927067,61.560274,1,,,Glomma,NO,500,479.97,Glomma,,0,TRUE,1,1,0,1,0,0,940,FALSE,4262500,4272500,6,ID_1092.mod,Provider upArea too small to be included in calibration,1092,TRUE,1002,TRUE,Sjoa
EFAS,12,1093,Nautsundvatn,5.38535,61.252896,1,,,Guddals,NO,275,218.96,Guddals,,0,TRUE,1,1,0,1,0,0,45,FALSE,4072500,4247500,6,ID_1093.mod,Provider upArea too small to be included in calibration,1093,TRUE,1002,TRUE,Guddals
EFAS,12,1094,Myrkdalsvatn,6.501574,60.79921,1,,,Vosso,NO,225,158.28,Vosso,,0,TRUE,1,1,0,1,0,0,229,FALSE,4132500,4192500,6,ID_1094.mod,Provider upArea too small to be included in calibration,1094,TRUE,1002,TRUE,Vosso
EFAS,12,1095,Myglevatn ndf.,7.584991,58.445887,1,,,Mandal,NO,175,182.2,Mandal,,0,TRUE,1,1,0,1,0,0,252,FALSE,4177500,3932500,6,ID_1095.mod,Provider upArea too small to be included in calibration,1095,TRUE,1002,TRUE,Kosana
EFAS,12,1096,Møska (Skolandsvatnet),7.066229,58.160565,1,,,Lygna,NO,75,121.41,Lygna,,0,TRUE,1,1,0,1,0,0,8,FALSE,4147500,3902500,6,ID_1096.mod,Provider upArea too small to be included in calibration,1096,TRUE,1002,TRUE,Moska
EFAS,12,1097,Mørsvik bru,15.87357,67.715712,1,,,Marsvik,NO,25,31.23,Marsvik,,0,TRUE,1,1,0,1,0,0,76,FALSE,4572500,4967500,6,ID_1097.mod,Provider upArea too small to be included in calibration,1097,TRUE,1002,TRUE,Marsvik
EFAS,12,1098,Mevatnet,12.538049,65.365533,1,,,Sausvatn,NO,150,108.47,Sausvatn,,0,TRUE,1,1,0,1,0,0,15,FALSE,4437500,4697500,6,ID_1098.mod,Provider upArea too small to be included in calibration,1098,TRUE,1002,TRUE,Mevatnet
EFAS,12,1099,Gaulfoss,10.229018,63.108479,1,NRT_6h,C396,Gaula (Melhus),NO,3200,3086.41,Gaula,3,0,TRUE,1,1,0,1,0,0,54,TRUE,4332500,4447500,6,ID_1099.mod,,1099,TRUE,1002,TRUE,Gaula (Melhus)
EFAS,12,1100,Gisnås,9.915029,62.704658,1,,,Orkla,NO,75,94.48,Orkla,,0,TRUE,1,1,0,1,0,0,582,FALSE,4312500,4402500,6,ID_1100.mod,Provider upArea too small to be included in calibration,1100,TRUE,1002,TRUE,Gisna
EFAS,12,1101,Masi,23.635036,69.420041,1,NRT_6h,C401,Altaelva,NO,5675,5620.81,Altaelva,3,0,TRUE,1,1,0,1,0,0,0,TRUE,4857500,5197500,6,ID_1101.mod,,1101,TRUE,1002,TRUE,Kautokeinoelva
EFAS,12,1102,Manndalen bru,20.525619,69.523891,1,,,Manndal,NO,250,200.48,Manndal,,0,TRUE,1,1,0,1,0,0,20,FALSE,4737500,5182500,6,ID_1102.mod,Provider upArea too small to be included in calibration,1102,TRUE,1002,TRUE,Manndal
EFAS,12,1103,Gjedlakleiv,6.066195,58.573402,1,NRT_6h,,Bjerkreim,NO,600,635.15,Bjerkreim,3,0,TRUE,1,1,0,1,0,0,49,TRUE,4087500,3942500,6,ID_1103.mod,,1103,TRUE,1002,TRUE,Bjerkreim
EFAS,12,1104,Gjerstad,9.033272,58.883605,1,,,Gjerstad,NO,250,236.23,Gjerstad,,0,TRUE,1,1,0,1,0,0,50,FALSE,4262500,3977500,6,ID_1104.mod,Provider upArea too small to be included in calibration,1104,TRUE,1002,TRUE,Gjerstad
EFAS,12,1105,Gjuvå,8.794498,59.755175,0,,,Skien,NO,225,33.1,Skien,,0,TRUE,0,1,0,1,0,0,459,FALSE,4252500,4072500,6,ID_1105.mod,Provider upArea too small to be included in calibration,1105,FALSE,1002,FALSE,Gjuva
EFAS,12,1106,Grosettjern,8.320615,59.835548,1,,,Skien,NO,25,6.6,Skien,,0,TRUE,1,1,0,1,0,0,939,FALSE,4227500,4087500,6,ID_1106.mod,Provider upArea too small to be included in calibration,1106,TRUE,1002,TRUE,Grosetae
EFAS,12,1107,Malangsfoss,18.658337,69.034928,1,NRT_6h,C400,Malselv,NO,2975,3110.65,Malselv,3,0,TRUE,1,1,0,1,0,0,23,TRUE,4672500,5122500,6,ID_1107.mod,,1107,TRUE,1002,TRUE,Malselv
EFAS,12,1108,Magnor,12.187285,59.954641,1,,,Gota,NO,375,359.95,Gota,,0,TRUE,1,1,0,1,0,0,127,FALSE,4442500,4097500,6,ID_1108.mod,Provider upArea too small to be included in calibration,1108,TRUE,1002,TRUE,Vrang
EFAS,12,1109,Lovatn,6.88967,61.858694,1,,,Loelva,NO,275,234.88,Loelva,,0,TRUE,1,1,0,1,0,0,52,FALSE,4157500,4312500,6,ID_1109.mod,Provider upArea too small to be included in calibration,1109,TRUE,1002,TRUE,Loelva
EFAS,12,1110,Grunnfoss,11.809693,63.79118,1,NRT_6h,,Verdal,NO,900,880.37,Verdal,3,0,TRUE,1,1,0,1,0,0,38,TRUE,4412500,4522500,6,ID_1110.mod,,1110,TRUE,1002,TRUE,Helgaa
EFAS,12,1111,Lislefjødd,7.419619,59.608831,1,,,Otra,NO,25,19.01,Otra,,0,TRUE,1,1,0,1,0,0,890,FALSE,4177500,4057500,6,ID_1111.mod,Provider upArea too small to be included in calibration,1111,TRUE,1002,TRUE,Lislefjoddanne
EFAS,12,1112,Lilleelv,8.702689,58.435358,1,,,Nidelva,NO,25,39.32,Nidelva,,0,TRUE,1,1,0,1,0,0,17,FALSE,4242500,3927500,6,ID_1112.mod,Provider upArea too small to be included in calibration,1112,TRUE,1002,TRUE,Lillelva
EFAS,12,1113,Leirbotnvatn,23.55344,70.106674,1,,,Leirbotn,NO,150,135.47,Leirbotn,,0,TRUE,1,1,0,1,0,0,161,FALSE,4837500,5267500,6,ID_1113.mod,Provider upArea too small to be included in calibration,1113,TRUE,1002,TRUE,Leirbotn
EFAS,12,1114,Laksfors,13.291557,65.621554,1,NRT_6h,C399,Vefsna,NO,3575,3653.4,Vefsna,3,0,TRUE,1,1,0,1,0,0,40,TRUE,4472500,4727500,6,ID_1114.mod,,1114,TRUE,1002,TRUE,Vefsna
EFAS,12,1115,Kvenna,7.865456,60.01842,1,NRT_6h,,Skien,NO,825,822.26,Skien,3,0,TRUE,1,1,0,1,0,0,937,TRUE,4202500,4102500,6,ID_1115.mod,,1115,TRUE,1002,TRUE,Kvenna
EFAS,12,1116,Kvarstadseter,10.893342,61.178474,1,,,Glomma,NO,375,377.09,Glomma,,0,TRUE,1,1,0,1,0,0,669,FALSE,4367500,4232500,6,ID_1116.mod,Provider upArea too small to be included in calibration,1116,TRUE,1002,TRUE,Asta
EFAS,12,1117,Krinsvatn (Kringsvatnet),10.231909,63.80409,1,,,Nordelva,NO,250,206.61,Nordelva,,0,TRUE,1,1,0,1,0,0,87,FALSE,4332500,4522500,6,ID_1117.mod,Provider upArea too small to be included in calibration,1117,TRUE,1002,TRUE,Nordelva
EFAS,12,1118,Kråkfoss,11.080104,60.133446,1,,,Glomma,NO,500,432.35,Glomma,,0,TRUE,1,1,0,1,0,0,105,FALSE,4382500,4117500,6,ID_1118.mod,Provider upArea too small to be included in calibration,1118,TRUE,1002,TRUE,Leira
EFAS,12,1119,Kjølemo,7.52813,58.120242,1,NRT_6h,C649,Mandal,NO,1750,1757.7,Mandal,3,0,TRUE,1,1,0,1,0,0,10,TRUE,4177500,3897500,6,ID_1119.mod,,1119,TRUE,1002,TRUE,Mandal
EFAS,12,1120,Kjeldstad i Garbergelva,11.1311,63.266168,1,,,Nea,NO,200,145,Nea,,0,TRUE,1,1,0,1,0,0,200,FALSE,4377500,4462500,6,ID_1120.mod,Provider upArea too small to be included in calibration,1120,TRUE,1002,TRUE,Garbergselva
EFAS,12,1121,Kirkevoll bru,9.037621,59.69003,1,NRT_6h,,Skien,NO,3850,3845.4,Skien,0,0,TRUE,1,1,0,1,0,0,180,FALSE,4272500,4062500,6,ID_1121.mod,low quality data dam but not in lsf,1121,TRUE,1002,TRUE,Tinne
EFAS,12,1122,Karpelva,30.384121,69.659911,1,,,Karpelva,NO,200,128.89,Karpelva,,0,TRUE,1,1,0,1,0,0,20,FALSE,5107500,5287500,6,ID_1122.mod,Provider upArea too small to be included in calibration,1122,TRUE,1002,TRUE,Karpelva
EFAS,12,1123,Junkerdalselv,15.410688,66.814798,1,,,Saltelva,NO,400,421.98,Saltelva,,0,TRUE,1,1,0,1,0,0,117,FALSE,4562500,4867500,6,ID_1123.mod,Provider upArea too small to be included in calibration,1123,TRUE,1002,TRUE,Junkerdal
EFAS,12,1124,Gryta,10.800458,59.987177,1,,,Aker,NO,25,7.03,Aker,,0,TRUE,1,1,0,1,0,0,165,FALSE,4367500,4097500,6,ID_1124.mod,Provider upArea too small to be included in calibration,1124,TRUE,1002,TRUE,Grytebekken
EFAS,12,1125,Hagadrag,8.87476,59.432011,1,NRT_6h,,Skien,NO,750,726.98,Skien,0,0,TRUE,1,1,0,1,0,0,115,FALSE,4252500,4037500,6,ID_1125.mod,low quality data,1125,TRUE,1002,TRUE,Boelva
EFAS,12,1126,Jondalselv,9.554798,59.707344,1,,,Lågen,NO,125,125.9,LÃ¥gen,,0,TRUE,1,1,0,1,0,0,229,FALSE,4292500,4067500,6,ID_1126.mod,Provider upArea too small to be included in calibration,1126,TRUE,1002,TRUE,Jondalselva
EFAS,12,1127,Jogla,6.938071,58.957659,1,,,Ana,NO,25,31.12,Ana,,0,TRUE,1,1,0,1,0,0,612,FALSE,4147500,3987500,6,ID_1127.mod,Provider upArea too small to be included in calibration,1127,TRUE,1002,TRUE,Jogla
EFAS,12,1128,Hugdal bru,10.246435,62.994066,1,NRT_6h,,Gaula (Melhus),NO,475,546.17,Gaula,3,0,TRUE,1,1,0,1,0,0,130,TRUE,4332500,4432500,6,ID_1128.mod,,1128,TRUE,1002,TRUE,Sogna
EFAS,12,1129,Hovefoss,5.752138,61.53279,1,,,Nausta,NO,250,234.13,Nausta,,0,TRUE,1,1,0,1,0,0,20,FALSE,4092500,4277500,6,ID_1129.mod,Provider upArea too small to be included in calibration,1129,TRUE,1002,TRUE,Nausta
EFAS,12,1130,Hørte,9.133699,59.431419,1,,,Skien,NO,175,156.65,Skien,,0,TRUE,1,1,0,1,0,0,96,FALSE,4272500,4037500,6,ID_1130.mod,Provider upArea too small to be included in calibration,1130,TRUE,1002,TRUE,Horte
EFAS,12,1131,Holmfoss i Numedalslågen,9.993582,59.189643,1,NRT_6h,,Lagen,NO,5150,5201.8,Lagen,3,0,TRUE,1,1,0,1,0,0,12,TRUE,4317500,4017500,6,ID_1131.mod,,1131,TRUE,1002,TRUE,Lagen
EFAS,12,1132,Håkkadalbrua,11.503843,64.020191,1,NRT_6h,,Byaelva,NO,2125,2141.01,Byaelva,3,0,TRUE,1,1,0,1,0,0,6,TRUE,4397500,4547500,6,ID_1132.mod,,1132,TRUE,1002,TRUE,Byaelva
EFAS,12,1133,Hølervatn,9.45899,60.709622,1,,,Drammen,NO,100,79.75,Drammen,,0,TRUE,1,1,0,1,0,0,780,FALSE,4292500,4177500,6,ID_1133.mod,Provider upArea too small to be included in calibration,1133,TRUE,1002,TRUE,Holera
EFAS,12,1134,Halsnes,22.941637,70.026436,1,,,Halselva,NO,225,144.89,Halselva,,0,TRUE,1,1,0,1,0,0,30,FALSE,4817500,5257500,6,ID_1134.mod,Provider upArea too small to be included in calibration,1134,TRUE,1002,TRUE,Halselva
EFAS,12,1135,Hølen,6.744957,60.358853,1,,,Kinso,NO,300,232.73,Kinso,,0,TRUE,1,1,0,1,0,0,120,FALSE,4142500,4142500,6,ID_1135.mod,Provider upArea too small to be included in calibration,1135,TRUE,1002,TRUE,Kinso
EFAS,12,1136,Høggås bru,11.358312,63.492923,1,,,Stjordal,NO,475,494.72,Stjordal,,0,TRUE,1,1,0,1,0,0,98,FALSE,4387500,4487500,6,ID_1136.mod,Provider upArea too small to be included in calibration,1136,TRUE,1002,TRUE,Forra
EFAS,12,1137,Hamar (Mjøsa),11.043171,60.791462,1,,,Glomma,NO,1200,16567.91,Glomma,,0,TRUE,0,0,1,1,1,1,90,FALSE,4377500,4187500,,,No discharge data available for calibration period Possible wrong uparea,1137,FALSE,1002,FALSE,Mjosa
EFAS,12,1138,Haugland,5.647619,58.692892,1,,,Haelva,NO,225,139.35,Haelva,,0,TRUE,1,1,0,1,0,0,16,FALSE,4067500,3962500,6,ID_1138.mod,Provider upArea too small to be included in calibration,1138,TRUE,1002,TRUE,Haelva
EFAS,12,1139,Høgfoss,10.856104,59.55161,1,,,Mosse,NO,375,299.29,Mosse,,0,TRUE,1,1,0,1,0,0,47,FALSE,4367500,4047500,6,ID_1139.mod,Provider upArea too small to be included in calibration,1139,TRUE,1002,TRUE,Hobolelva
EFAS,12,1140,Hegra bru,11.1156,63.461762,1,NRT_6h,C650,Stjørdal,NO,1900,1873.48,Stjordal,3,0,TRUE,1,1,0,1,0,0,10,TRUE,4372500,4482500,6,ID_1140.mod,,1140,TRUE,1002,TRUE,Stjørdal
EFAS,12,1141,Heisel,7.951435,58.247549,1,NRT_6h,C391,Otra,NO,3600,3687.09,Otra,3,0,TRUE,1,1,0,1,0,0,18,TRUE,4197500,3902500,6,ID_1141.mod,,1141,TRUE,1002,TRUE,Otra
EFAS,12,1142,Helleland,6.150288,58.533599,1,,,Storana,NO,200,184.72,Storana,,0,TRUE,1,1,0,1,0,0,86,FALSE,4097500,3942500,6,ID_1142.mod,Provider upArea too small to be included in calibration,1142,TRUE,1002,TRUE,Storana
EFAS,12,1143,Piedruja,27.4532,55.7948,1,,,Daugava,LV,61825,62200,Daugava,,0,FALSE,0,0,1,0,1,1,95.92,FALSE,5402500,3762500,,,No discharge data available for calibration period,1143,FALSE,1027,FALSE,Daugava
EFAS,12,1144,Krāslava,27.167,55.8896,1,,,Daugava,LV,62350,63900,Daugava,,0,FALSE,0,0,1,0,1,1,95.21,FALSE,5382500,3772500,,,No discharge data available for calibration period,1144,FALSE,1027,FALSE,Daugava
EFAS,12,1145,Daugavpils,26.5211,55.8613,1,HIST_24h,C438,Daugava,LV,63700,64500,Daugava,3,0,TRUE,1,1,1,1,1,1,85.81,TRUE,5342500,3757500,24,ID_1145.mod,,1145,TRUE,1027,TRUE,Daugava
EFAS,12,1146,Vaikuļāni,26.3748,55.9954,1,,,Daugava,LV,64150,65700,Daugava,,0,FALSE,0,0,1,0,1,1,84.81,FALSE,5332500,3772500,,,No discharge data available for calibration period,1146,FALSE,1027,FALSE,Daugava
EFAS,12,1147,Jersika,26.1966,56.2558,1,,,Daugava,LV,65350,66900,Daugava,,0,FALSE,0,0,1,0,1,1,81.25,FALSE,5317500,3797500,,,No discharge data available for calibration period,1147,FALSE,1027,FALSE,Daugava
EFAS,12,1148,Jēkabpils,25.8915,56.4976,1,NRT_24h,,Daugava,LV,69075,70500,Daugava,3,0,TRUE,1,1,1,1,1,1,74.55,TRUE,5287500,3822500,24,ID_1148.mod,,1148,TRUE,1027,TRUE,Daugava
EFAS,12,1149,Zeļķi,25.7595,56.5495,1,,,Daugava,LV,69700,72260,Daugava,,0,FALSE,0,0,1,0,1,1,69.22,FALSE,5282500,3822500,,,No discharge data available for calibration period,1149,FALSE,1027,FALSE,Daugava
EFAS,12,1150,Pļaviņas,25.7299,56.6166,1,,,Daugava,LV,79100,80900,Daugava,,0,FALSE,0,0,1,0,1,1,62.1,FALSE,5277500,3827500,,,No discharge data available for calibration period,1150,FALSE,1027,FALSE,Daugava
EFAS,12,1151,Andrejosta,24.0939,56.9608,1,,,Daugava,LV,82750,84400,Daugava,,0,FALSE,0,0,1,0,1,1,-1.41,FALSE,5172500,3847500,,,No discharge data available for calibration period,1151,FALSE,1027,FALSE,Daugava
EFAS,12,1152,Sīļi,26.3459,56.3414,1,,,Daugava,LV,2750,2060,Daugava,,0,TRUE,0,1,1,1,1,1,90.08,FALSE,5322500,3807500,,,Not enough discarge data available for calibration period,1152,FALSE,1027,FALSE,Dubna
EFAS,12,1153,Lubāna,26.7151,56.9057,1,,,Daugava,LV,7150,6510,Daugava,,0,TRUE,0,1,1,1,1,1,87.92,FALSE,5327500,3872500,,,Not enough discarge data available for calibration period,1153,FALSE,1027,FALSE,Aiviekste
EFAS,12,1154,Aiviekstes HES,25.9316,56.6393,1,NRT_24h,,Daugava,LV,8700,8640,Daugava,3,0,TRUE,1,1,1,1,1,1,76.6,TRUE,5292500,3837500,24,ID_1154.mod,,1154,TRUE,1027,TRUE,Aiviekste
EFAS,12,1155,Lielpeči,24.7153,56.8051,1,NRT_24h,,Daugava,LV,1600,1660,Daugava,3,0,TRUE,1,1,1,1,1,1,30.04,TRUE,5217500,3837500,24,ID_1155.mod,,1155,TRUE,1027,TRUE,Ogre
EFAS,12,1156,Ogre,24.6417,56.8126,1,,,Daugava,LV,1625,1675,Daugava,,0,FALSE,0,0,1,0,1,1,19.91,FALSE,5212500,3837500,,,No discharge data available for calibration period,1156,FALSE,1027,FALSE,Ogre
EFAS,12,1157,Cardona (tunel),1.696075,41.920666,1,,,Llobregat,ES,775,649.96,Llobregat,,0,TRUE,1,1,1,1,1,1,395,FALSE,3632500,2127500,6,ID_1157.mod,Not enough discarge data available for calibration period,1157,TRUE,1037,TRUE,Cardener
EFAS,12,1158,Sant Sadurni d Anoia,1.788188,41.443497,1,,,Llobregat,ES,725,720.03,Llobregat,,0,TRUE,1,1,1,1,1,1,122,FALSE,3632500,2077500,6,ID_1158.mod,Not enough discarge data available for calibration period,1158,TRUE,1037,TRUE,Anoia
EFAS,12,1159,Castellbell i el Vilar,1.858397,41.646562,1,,,Llobregat,ES,3350,3326.85,Llobregat,,0,TRUE,1,1,1,1,1,1,186,FALSE,3642500,2097500,6,ID_1159.mod,Not enough discarge data available for calibration period,1159,TRUE,1037,TRUE,Llobregat
EFAS,12,1160,Sant Quinti de Mediona,1.6641,41.458697,1,,,Llobregat,ES,100,68.58,Llobregat,,0,TRUE,1,1,1,1,1,1,300,FALSE,3622500,2077500,6,ID_1160.mod,Provider upArea too small to be included in calibration,1160,TRUE,1037,TRUE,Mediona
EFAS,12,1161,Sant Joan Despi,2.0466,41.351811,1,,,Llobregat,ES,4900,4907.79,Llobregat,,0,TRUE,1,1,1,1,1,1,7,FALSE,3652500,2062500,6,ID_1161.mod,Not enough discarge data available for calibration period,1161,TRUE,1037,TRUE,Llobregat
EFAS,12,1162,Berga (Olvan),1.878476,42.084908,1,,,Llobregat,ES,525,545,Llobregat,,0,TRUE,1,1,1,1,1,1,495,FALSE,3647500,2147500,6,ID_1162.mod,Not enough discarge data available for calibration period,1162,TRUE,1037,TRUE,Llobregat
EFAS,12,1163,Balsareny,1.880218,41.859536,1,,,Llobregat,ES,1025,1022.12,Llobregat,,0,TRUE,1,1,1,1,1,1,300,FALSE,3647500,2122500,6,ID_1163.mod,Not enough discarge data available for calibration period,1163,TRUE,1037,TRUE,Llobregat
EFAS,12,1164,Suria,1.762734,41.813513,1,,,Llobregat,ES,1025,964.13,Llobregat,,0,TRUE,1,1,1,1,1,1,278,FALSE,3637500,2117500,6,ID_1164.mod,Not enough discarge data available for calibration period,1164,TRUE,1037,TRUE,Llobregat
EFAS,12,1165,Martorell,1.929287,41.477702,1,,,Llobregat,ES,875,904,Llobregat,,0,TRUE,1,1,1,1,1,1,,FALSE,3642500,2077500,6,ID_1165.mod,Not enough discarge data available for calibration period,1165,TRUE,1037,TRUE,Anoia
EFAS,12,1166,Sallent,1.917165,41.787629,1,,,Llobregat,ES,450,452.56,Llobregat,,0,TRUE,1,0,0,1,1,1,245,FALSE,3652500,2112500,6,ID_1166.mod,Provider upArea too small to be included in calibration,1166,TRUE,1037,TRUE,Riera Gavarresa
EFAS,12,1167,Guardiola de Bergueda,1.869706,42.214386,1,,,Llobregat,ES,350,332.58,Llobregat,,0,TRUE,1,1,1,1,1,1,692,FALSE,3647500,2157500,6,ID_1167.mod,Provider upArea too small to be included in calibration,1167,TRUE,1037,TRUE,Llobregat
EFAS,12,1168,Sant Vicenc dels Horts (Canal de la Dreta),2.022151,41.388761,1,,,Llobregat,ES,4850,4842,Llobregat,,0,TRUE,1,1,1,1,1,1,,FALSE,3652500,2067500,6,ID_1168.mod,Not enough discarge data available for calibration period,1168,TRUE,1037,TRUE,Llobregat
EFAS,12,1169,Castellbisbal (Assut de Salzers),1.93309,41.484601,1,,,Llobregat,ES,3550,3580,Llobregat,,0,TRUE,1,1,1,1,1,1,,FALSE,3642500,2082500,6,ID_1169.mod,Not enough discarge data available for calibration period,1169,TRUE,1037,TRUE,Llobregat
EFAS,12,1170,Santa Maria de Merles,1.958984,41.989693,0,,,Llobregat,ES,175,172.07,Llobregat,,0,TRUE,0,0,0,1,1,0,,FALSE,3652500,2132500,6,ID_1170.mod,Provider upArea too small to be included in calibration,1170,FALSE,1037,FALSE,Riera de Merles
EFAS,12,1171,Deutsch Brodersdorf (Messseilbahn),16.477126,47.938708,0,,,Danube,AT,1925,1598.9,Danube,,0,FALSE,0,0,0,0,0,0,192.56,FALSE,4797500,2772500,,,No discharge data available for calibration period  Wrong LDD do not use,1171,FALSE,1013,FALSE,Leitha
EFAS,12,1172,Ciudad Rodrigo,-6.563164,40.603763,1,NRT_6h,,Douro,ES,1100,1087.92,Duero,3,0,TRUE,1,0,0,1,1,1,610,TRUE,2922500,2097500,6,ID_1172.mod,,1172,TRUE,1039,TRUE,Agueda
EFAS,12,1173,Covarrubias,-3.50869,42.053928,1,NRT_6h,,Douro,ES,1200,1208.93,Duero,3,0,TRUE,1,0,0,1,1,1,881,TRUE,3207500,2207500,6,ID_1173.mod,,1173,TRUE,1039,TRUE,Arlanza
EFAS,12,1174,Peral De Arlanza,-4.073131,42.078778,1,NRT_6h,,Douro,ES,2450,2420.85,Duero,3,0,TRUE,1,1,0,1,1,1,770,TRUE,3162500,2217500,6,ID_1174.mod,,1174,TRUE,1039,TRUE,Arlanza
EFAS,12,1175,Villavieja De Muño,-3.890926,42.267335,1,NRT_6h,,Douro,ES,1575,1689.99,Duero,3,0,TRUE,1,0,0,1,1,1,,TRUE,3182500,2237500,6,ID_1175.mod,,1175,TRUE,1039,TRUE,Arlanzon
EFAS,12,1176,Cascantes,-5.636518,42.759658,1,,,Douro,ES,450,408.5,Duero,,0,TRUE,1,0,0,1,1,1,920,FALSE,3047500,2322500,6,ID_1176.mod,Provider upArea too small to be included in calibration,1176,TRUE,1039,TRUE,Bernesga
EFAS,12,1177,Celadilla Del Río,-4.798545,42.609241,1,,,Douro,ES,575,496.64,Duero,,0,TRUE,1,0,0,1,1,1,979,FALSE,3112500,2287500,6,ID_1177.mod,Provider upArea too small to be included in calibration,1177,TRUE,1039,TRUE,Carrion
EFAS,12,1178,Palencia,-4.555042,42.050824,1,NRT_6h,,Douro,ES,2275,2255.19,Duero,3,0,TRUE,1,0,0,1,1,1,740,TRUE,3127500,2227500,6,ID_1178.mod,,1178,TRUE,1039,TRUE,Carrion
EFAS,12,1179,Garray,-2.454961,41.797096,1,NRT_6h,,Douro,ES,1525,1458.86,Duero,3,0,TRUE,1,0,0,1,1,1,1022,TRUE,3287500,2157500,6,ID_1179.mod,,1179,TRUE,1039,TRUE,Douro
EFAS,12,1180,Villamarciel,-4.930566,41.504113,1,NRT_6h,C112,Douro,ES,36775,36595.1,Duero,3,0,TRUE,1,1,0,1,1,1,670,TRUE,3077500,2167500,6,ID_1180.mod,,1180,TRUE,1039,TRUE,Douro
EFAS,12,1181,Zamora,-5.7189,41.514432,1,NRT_6h,C113,Douro,ES,46025,46225.45,Duero,3,0,TRUE,1,1,0,1,1,1,628,TRUE,3007500,2182500,6,ID_1181.mod,,1181,TRUE,1039,TRUE,Douro
EFAS,12,1182,Quintanilla De Onésimo,-4.3615,41.628441,1,,,Douro,ES,12225,12219.89,Duero,,0,TRUE,1,0,0,1,1,1,721,FALSE,3122500,2172500,6,ID_1182.mod,Not enough discarge data available for calibration period,1182,TRUE,1039,TRUE,Douro
EFAS,12,1183,Las Vencías,-3.967552,41.434021,1,NRT_6h,,Douro,ES,1125,1120.78,Duero,3,0,TRUE,1,0,0,1,1,1,809,TRUE,3157500,2147500,6,ID_1183.mod,,1183,TRUE,1039,TRUE,Duraton
EFAS,12,1184,Segovia,-4.147769,40.950641,1,,,Douro,ES,325,252.19,Duero,,0,TRUE,1,0,0,1,1,1,900,FALSE,3132500,2097500,6,ID_1184.mod,Provider upArea too small to be included in calibration,1184,TRUE,1039,TRUE,Eresma
EFAS,12,1185,Castropepe,-5.636551,41.974286,1,NRT_6h,,Douro,ES,7000,6781.84,Duero,3,0,TRUE,1,0,0,1,1,1,703,TRUE,3032500,2232500,6,ID_1185.mod,,1185,TRUE,1039,TRUE,Esla
EFAS,12,1186,Benamariel 2,-5.564858,42.366741,1,NRT_6h,,Douro,ES,4125,3964.57,Duero,3,0,TRUE,1,1,0,1,1,1,757,TRUE,3047500,2272500,6,ID_1186.mod,,1186,TRUE,1039,TRUE,Esla
EFAS,12,1187,Cebrones,-5.829247,42.248466,1,NRT_6h,,Douro,ES,3125,3168.18,Duero,3,0,TRUE,1,0,0,1,1,1,754,TRUE,3017500,2267500,6,ID_1187.mod,,1187,TRUE,1039,TRUE,Orbigo
EFAS,12,1188,Cordovilla,-4.249515,42.113855,1,NRT_6h,,Douro,ES,4200,4218.4,Duero,3,0,TRUE,1,0,0,1,1,1,740,TRUE,3147500,2222500,6,ID_1188.mod,,1188,TRUE,1039,TRUE,Pisuerga
EFAS,12,1189,Valladolid-Pisuerga,-4.732359,41.661169,1,NRT_6h,,Douro,ES,15575,15561.58,Duero,3,0,TRUE,1,0,0,1,1,1,690,TRUE,3097500,2177500,6,ID_1189.mod,,1189,TRUE,1039,TRUE,Pisuerga
EFAS,12,1190,Herrera De Pisuerga,-4.305101,42.559606,1,NRT_6h,,Douro,ES,1525,1493.13,Duero,3,0,TRUE,1,0,0,1,1,1,826,TRUE,3152500,2272500,6,ID_1190.mod,,1190,TRUE,1039,TRUE,Pisuerga
EFAS,12,1191,Secos,-5.4051,42.601108,1,NRT_6h,,Douro,ES,950,950.43,Duero,3,0,TRUE,1,0,0,1,1,1,820,TRUE,3062500,2297500,6,ID_1191.mod,,1191,TRUE,1039,TRUE,Porma
EFAS,12,1192,Rabal,-7.435275,41.848632,1,NRT_6h,,Douro,ES,775,776,Duero,3,0,TRUE,1,0,0,1,1,1,369,TRUE,2882500,2247500,6,ID_1192.mod,,1192,TRUE,1039,TRUE,Tamega
EFAS,12,1193,Puebla De Sanabria,-6.631703,42.056436,1,NRT_6h,,Douro,ES,450,426,Duero,3,0,TRUE,1,0,0,1,1,1,900,TRUE,2952500,2257500,6,ID_1193.mod,,1193,TRUE,1039,TRUE,Tera
EFAS,12,1194,Tormes,-5.529785,40.35617,1,NRT_6h,,Douro,ES,825,900,Duero,3,0,TRUE,1,0,0,1,1,1,992,TRUE,3007500,2057500,6,ID_1194.mod,,1194,TRUE,1039,TRUE,Tormes
EFAS,12,1195,Stenudden,17.659015,66.535512,1,HIST_6h,,Pite,SE,2375,2420.2,Pitealven,3,0,TRUE,1,1,0,1,0,0,,TRUE,4667500,4842500,6,ID_1195.mod,,1195,TRUE,1014,TRUE,Tjeggelvas
EFAS,12,1196,Mörrum,14.749482,56.194506,1,HIST_6h,C618,Morrumsan,SE,3425,3360.5,Morrumsan,3,0,TRUE,1,1,0,1,0,0,,TRUE,4617500,3692500,6,ID_1196.mod,,1196,TRUE,1014,TRUE,Morrumsan
EFAS,12,1197,Munkedal 2,11.684053,58.464167,1,HIST_6h,,Orekilsalven,SE,1350,1334.5,Orekilsalven,3,0,TRUE,1,1,0,1,0,0,,TRUE,4417500,3927500,6,ID_1197.mod,,1197,TRUE,1014,TRUE,Orekilsalven
EFAS,12,1198,Ersbo,13.008137,61.309466,1,HIST_6h,,Dal,SE,1075,1103.23,Dalalven,3,0,TRUE,1,1,0,1,0,0,,TRUE,4477500,4247500,6,ID_1198.mod,,1198,TRUE,1014,TRUE,Goralven
EFAS,12,1199,Getebro,16.162713,57.009086,1,HIST_6h,,Alsteran,SE,1350,1332.7,Alsteran,3,0,TRUE,1,1,0,1,0,0,,TRUE,4702500,3782500,6,ID_1199.mod,,1199,TRUE,1014,TRUE,Alsteran
EFAS,12,1200,Möckeln,14.122144,56.663968,1,HIST_6h,,Helge a,SE,1025,1026,Helge,3,0,TRUE,1,1,0,1,0,0,,TRUE,4572500,3732500,6,ID_1200.mod,,1200,TRUE,1014,TRUE,Helge a
EFAS,12,1201,Ytterholmen,21.807666,66.170754,1,HIST_6h,,Ranealven,SE,1000,1012,Ranealven,3,0,TRUE,1,1,0,1,0,0,,TRUE,4857500,4827500,6,ID_1201.mod,,1201,TRUE,1014,TRUE,Livasalven
EFAS,12,1202,Kukasjärvi,23.319707,66.113414,1,,,Kukasjarvi,SE,450,494.3,Kukasjarvi,,0,TRUE,1,1,0,1,0,0,,FALSE,4927500,4832500,6,ID_1202.mod,Provider upArea too small to be included in calibration,1202,TRUE,1014,TRUE,Kukasjarvi
EFAS,12,1203,Moholm,14.055477,58.60064,1,HIST_6h,,Gota,SE,875,1134.68,Gota,3,0,TRUE,1,1,0,1,0,0,,TRUE,4552500,3947500,6,ID_1203.mod,,1203,TRUE,1014,TRUE,Tidan
EFAS,12,1204,Tänndalen,12.34812,62.536841,1,,,Ljusnan,SE,250,226.6,Ljusnan,,0,TRUE,1,1,0,1,0,0,,FALSE,4442500,4382500,6,ID_1204.mod,Provider upArea too small to be included in calibration,1204,TRUE,1014,TRUE,Tannan
EFAS,12,1205,Sundstorp,13.04062,58.321865,1,HIST_6h,,Gota,SE,650,687.7,Gota,3,0,TRUE,1,1,0,1,0,0,,TRUE,4492500,3917500,6,ID_1205.mod,,1205,TRUE,1014,TRUE,Lidan
EFAS,12,1206,Hallbosjön,16.699135,58.859044,0,HIST_6h,,Nykopingsan,SE,2325,1992.3,Nykopingsan,3,0,TRUE,0,1,0,1,0,0,,TRUE,4697500,3992500,6,ID_1206.mod,,1206,FALSE,1014,FALSE,Vrenaan
EFAS,12,1207,Kaalasjärvi,19.975596,67.766094,1,HIST_6h,,Kalix,SE,1450,1472.5,Torne,3,0,TRUE,1,1,0,1,0,0,,TRUE,4742500,4992500,6,ID_1207.mod,,1207,TRUE,1014,TRUE,Kaalasjarvi
EFAS,12,1208,Simlången,13.124522,56.715738,1,,,Fyllean,SE,300,259.7,Fyllean,,0,TRUE,1,1,0,1,0,0,,FALSE,4512500,3737500,6,ID_1208.mod,Provider upArea too small to be included in calibration,1208,TRUE,1014,TRUE,Fyllean
EFAS,12,1209,Västersel,18.298032,63.433359,1,HIST_6h,C620,Moalven,SE,1450,1465.2,Moalven,3,0,TRUE,1,1,0,1,0,0,,TRUE,4737500,4507500,6,ID_1209.mod,,1209,TRUE,1014,TRUE,Moalven
EFAS,12,1210,Strömfors,18.954126,65.129289,1,HIST_6h,,Skelleftealven,SE,875,678.7,Skelleftealven,3,0,TRUE,1,1,0,1,0,0,,TRUE,4732500,4697500,6,ID_1210.mod,,1210,TRUE,1014,TRUE,Malan
EFAS,12,1211,Brusafors,15.575989,57.618936,0,,,Eman,SE,200,240.4,Eman,,0,TRUE,0,1,0,1,0,0,,FALSE,4652500,3847500,6,ID_1211.mod,Provider upArea too small to be included in calibration,1211,FALSE,1014,FALSE,Brusaan
EFAS,12,1212,Tängvattnet,14.833825,65.83726,1,,,Ume,SE,200,194.7,Umealven,,0,TRUE,1,1,0,1,0,0,,FALSE,4542500,4752500,6,ID_1212.mod,Provider upArea too small to be included in calibration,1212,TRUE,1014,TRUE,Tangvattnet
EFAS,12,1213,Långsjön,21.593775,65.921829,1,,,Lule,SE,175,42.6,Luleaeleven,,0,TRUE,1,1,0,1,0,0,,FALSE,4847500,4802500,6,ID_1213.mod,Provider upArea too small to be included in calibration,1213,TRUE,1014,TRUE,Langsjonbacken
EFAS,12,1214,Mertajärvi,22.178699,68.364322,1,,,Torne,SE,350,390.8,Torne,,0,TRUE,1,1,0,1,0,0,,FALSE,4822500,5072500,6,ID_1214.mod,Provider upArea too small to be included in calibration,1214,TRUE,1014,TRUE,Idijoki
EFAS,12,1215,Stormyra,18.326082,59.201999,1,,,Stormyra,SE,25,4,Stormyra,,0,TRUE,1,1,0,1,0,0,,FALSE,4797500,4037500,6,ID_1215.mod,Provider upArea too small to be included in calibration,1215,TRUE,1014,TRUE,Stormyra
EFAS,12,1216,Skällnora,17.978692,59.485021,1,,,Oxundaan,SE,75,58.5,Fyris,,0,TRUE,1,1,0,1,0,0,,FALSE,4777500,4067500,6,ID_1216.mod,Provider upArea too small to be included in calibration,1216,TRUE,1014,TRUE,Oxundaan
EFAS,12,1217,Liffedarve,18.197039,57.480809,0,,,Ida,SE,100,95.8,Ida,,0,TRUE,0,1,0,1,0,0,,FALSE,4812500,3847500,6,ID_1217.mod,Provider upArea too small to be included in calibration,1217,FALSE,1014,FALSE,Ida
EFAS,12,1218,Svedala,13.237192,55.505648,1,,,Sege a,SE,50,52.2,Sege a,,0,TRUE,1,1,0,1,0,0,,FALSE,4527500,3602500,6,ID_1218.mod,Provider upArea too small to be included in calibration,1218,TRUE,1014,TRUE,Sege a
EFAS,12,1219,Arödån,11.934793,58.244437,1,,,Arod a,SE,25,22.9,Arod a,,0,TRUE,1,1,0,1,0,0,,FALSE,4432500,3907500,6,ID_1219.mod,Provider upArea too small to be included in calibration,1219,TRUE,1014,TRUE,Arod a
EFAS,12,1220,Nissafors 2,13.628377,57.418558,0,HIST_6h,,Nissan,SE,1150,825.8,Lagan,3,0,TRUE,1,1,0,1,0,0,,TRUE,4542500,3822500,6,ID_1220.mod,,1220,FALSE,1014,FALSE,Nissan
EFAS,12,1221,Nolsjön nedre,14.304954,58.792351,0,,,Gota,SE,25,18.3,Gota,,0,TRUE,0,1,0,1,0,0,,FALSE,4567500,3972500,6,ID_1221.mod,Provider upArea too small to be included in calibration,1221,FALSE,1014,FALSE,Mossan
EFAS,12,1222,Källstorp 2,16.138696,56.696285,1,,,Ljungbyan,SE,250,342.4,Ljungbyan,,0,TRUE,1,1,0,1,0,0,,FALSE,4692500,3747500,6,ID_1222.mod,Provider upArea too small to be included in calibration,1222,TRUE,1014,TRUE,Ljungbyan
EFAS,12,1223,Fyrås,15.389521,63.516985,1,HIST_6h,,Indalsalven,SE,2275,2428.4,Indalsalven,3,0,TRUE,1,1,0,1,0,0,,TRUE,4592500,4497500,6,ID_1223.mod,,1223,TRUE,1014,TRUE,Ammeran
EFAS,12,1224,Krokbräcke,11.357886,58.625769,1,,,Anrasalven,SE,25,8.4,Anrasalven,,0,TRUE,1,1,0,1,0,0,,FALSE,4402500,3947500,6,ID_1224.mod,Provider upArea too small to be included in calibration,1224,TRUE,1014,TRUE,Angebacken
EFAS,12,1225,Ellinge,13.282289,55.809649,1,,,Kavlingean,SE,100,150.7,Kavlingean,,0,TRUE,1,1,0,1,0,0,,FALSE,4532500,3637500,6,ID_1225.mod,Provider upArea too small to be included in calibration,1225,TRUE,1014,TRUE,Braan
EFAS,12,1226,Tånemölla,13.594465,55.449733,1,,,Skivarpsan,SE,175,102,Skivarpsan,,0,TRUE,1,1,0,1,0,0,,FALSE,4547500,3597500,6,ID_1226.mod,Provider upArea too small to be included in calibration,1226,TRUE,1014,TRUE,Skivarpsan
EFAS,12,1227,Bivarödsmölla,14.161645,56.178922,1,,,Helge a,SE,175,208.9,Helge a,,0,TRUE,1,1,0,1,0,0,,FALSE,4582500,3687500,6,ID_1227.mod,Provider upArea too small to be included in calibration,1227,TRUE,1014,TRUE,Bivarodsan
EFAS,12,1228,Hammarby 2,15.113585,59.534358,1,HIST_6h,,Arbogaan,SE,900,891.4,Arbogaan,3,0,TRUE,1,1,0,1,0,0,,TRUE,4607500,4057500,6,ID_1228.mod,,1228,TRUE,1014,TRUE,Jarlean
EFAS,12,1229,Ryttarbacken,15.99515,58.488348,1,,,Lillan,SE,25,7.3,Lillan,,0,TRUE,1,1,0,1,0,0,,FALSE,4672500,3942500,6,ID_1229.mod,Provider upArea too small to be included in calibration,1229,TRUE,1014,TRUE,Hestadbacken
EFAS,12,1230,Gredeby,15.521707,56.220787,1,,,Nattrabyan,SE,475,437.7,Nattrabyan,,0,TRUE,1,1,0,1,0,0,,FALSE,4662500,3692500,6,ID_1230.mod,Provider upArea too small to be included in calibration,1230,TRUE,1014,TRUE,Nattrabyan
EFAS,12,1231,Åsbro 3,12.31002,57.239762,1,HIST_6h,C619,Viskan,SE,2150,2160.2,Viskan,3,0,TRUE,1,1,0,1,0,0,,TRUE,4462500,3797500,6,ID_1231.mod,,1231,TRUE,1014,TRUE,Viskan
EFAS,12,1232,Krokfors kvarn,11.815609,58.7811,1,,,Orekilsalven,SE,125,116.2,Orekilsalven,,0,TRUE,1,1,0,1,0,0,,FALSE,4422500,3972500,6,ID_1232.mod,Provider upArea too small to be included in calibration,1232,TRUE,1014,TRUE,Toftedalsan
EFAS,12,1233,Åkesta Kvarn,16.472449,59.674269,1,HIST_6h,,Svartan,SE,250,727.92,Arbogaan,0,0,TRUE,1,1,0,1,0,0,,FALSE,4687500,4077500,6,ID_1233.mod,remove from calib - Error in LDD,1233,TRUE,1014,TRUE,Svartan
EFAS,12,1234,Kringlan,14.792247,59.693756,1,,,Arbogaan,SE,275,294.5,Arbogaan,,0,TRUE,1,1,0,1,0,0,,FALSE,4592500,4072500,6,ID_1234.mod,Provider upArea too small to be included in calibration,1234,TRUE,1014,TRUE,Rastalven
EFAS,12,1235,Konstdalsströmmen,16.809291,60.861162,1,HIST_6h,,Testeboan,SE,1025,989.8,Testeboan,3,0,TRUE,1,1,0,1,0,0,,TRUE,4692500,4207500,6,ID_1235.mod,,1235,TRUE,1014,TRUE,Ostersjon
EFAS,12,1236,Vattholma 2,17.730636,60.019625,1,,,Fyris,SE,225,293.8,Fyris,,0,TRUE,1,1,0,1,0,0,,FALSE,4752500,4132500,6,ID_1236.mod,Provider upArea too small to be included in calibration,1236,TRUE,1014,TRUE,Fyris
EFAS,12,1237,Ransta,17.393286,59.757926,1,,,Fyris,SE,200,197.1,Fyris,,0,TRUE,1,1,0,1,0,0,,FALSE,4737500,4097500,6,ID_1237.mod,Provider upArea too small to be included in calibration,1237,TRUE,1014,TRUE,Saevaan
EFAS,12,1238,Hassela,16.784631,62.087329,1,HIST_6h,,Harmangersan,SE,650,651.2,Harmangersan,3,0,TRUE,1,1,0,1,0,0,,TRUE,4672500,4352500,6,ID_1238.mod,,1238,TRUE,1014,TRUE,Edean
EFAS,12,1239,Skirknäs,16.199466,65.751683,1,,,Ume,SE,400,418.4,Umealven,,0,TRUE,1,1,0,1,0,0,,FALSE,4607500,4747500,6,ID_1239.mod,Provider upArea too small to be included in calibration,1239,TRUE,1014,TRUE,juktan
EFAS,12,1240,Byske,21.183086,64.955664,1,HIST_6h,,Byske,SE,3675,3620.2,Byske,3,0,TRUE,1,1,0,1,0,0,,TRUE,4847500,4692500,6,ID_1240.mod,,1240,TRUE,1014,TRUE,Byske
EFAS,12,1241,Melby,16.60152,58.044554,1,,,Vindan,SE,700,260.3,Vindan,,0,TRUE,1,1,0,1,0,0,,FALSE,4712500,3902500,6,ID_1241.mod,Provider upArea too small to be included in calibration  Wrong LDD Do not use,1241,TRUE,1014,TRUE,Vindan
EFAS,12,1242,Grea,12.989455,60.337511,1,,,Gota,SE,325,309.1,Gota,,0,TRUE,1,1,0,1,0,0,,FALSE,4487500,4142500,6,ID_1242.mod,Provider upArea too small to be included in calibration,1242,TRUE,1014,TRUE,Mangslidalven
EFAS,12,1243,Kvarntorp,13.135291,59.556879,1,,,Gota,SE,25,10.9,Gota,,0,TRUE,1,1,0,1,0,0,,FALSE,4497500,4057500,6,ID_1243.mod,Provider upArea too small to be included in calibration,1243,TRUE,1014,TRUE,Lerbodaalven
EFAS,12,1244,Boasjöbäck,15.210879,56.431185,1,,,Ronneby,SE,75,56.6,Ronneby,,0,TRUE,1,1,0,1,0,0,,FALSE,4642500,3717500,6,ID_1244.mod,Provider upArea too small to be included in calibration,1244,TRUE,1014,TRUE,Ronneby
EFAS,12,1245,Ärrarp,12.85686,56.277048,1,,,Ronne,SE,150,261.4,Ronne,,0,TRUE,1,1,0,1,0,0,,FALSE,4497500,3692500,6,ID_1245.mod,Provider upArea too small to be included in calibration  Possibly wrong location,1245,TRUE,1014,TRUE,Rossjoholmsan
EFAS,12,1246,Göstad,15.845245,58.592083,1,,,Motala strom,SE,75,84.9,Motala strom,,0,TRUE,1,1,0,1,0,0,,FALSE,4657500,3957500,6,ID_1246.mod,Provider upArea too small to be included in calibration,1246,TRUE,1014,TRUE,Torpan
EFAS,12,1247,Nytorp,15.657765,58.033214,1,,,Motala strom,SE,2500,344.79,Motala strom,,0,TRUE,1,1,0,1,0,0,,FALSE,4657500,3892500,6,ID_1247.mod,Provider upArea too small to be included in calibration  Wrong location or wrong uparea from provider,1247,TRUE,1014,TRUE,Storan
EFAS,12,1248,Lissbro,14.529541,56.824005,1,,,Morrumsan,SE,25,97.1,Morrumsan,,0,TRUE,1,1,0,1,0,0,,FALSE,4597500,3752500,6,ID_1248.mod,Provider upArea too small to be included in calibration,1248,TRUE,1014,TRUE,Pukastrom
EFAS,12,1249,Pepparforsen,12.673666,57.096706,1,,,Atran,SE,350,383.5,Atran,,0,TRUE,1,1,0,1,0,0,,FALSE,4482500,3782500,6,ID_1249.mod,Provider upArea too small to be included in calibration,1249,TRUE,1014,TRUE,Hogvadsan
EFAS,12,1250,Fryele,14.128626,57.264825,1,HIST_6h,,Lagan,SE,1475,593.8,Lagan,3,0,TRUE,1,1,0,1,0,0,,TRUE,4572500,3802500,6,ID_1250.mod,Moved on Haran river,1250,TRUE,1014,TRUE,Haran
EFAS,12,1251,Hörsne,18.598741,57.558613,1,,,Gothemsan,SE,400,349,Gothemsan,,0,TRUE,1,1,0,1,0,0,,FALSE,4827500,3857500,6,ID_1251.mod,Provider upArea too small to be included in calibration,1251,TRUE,1014,TRUE,Gothemsan
EFAS,12,1252,Risnäs,17.554225,62.695863,1,,,Gadean,SE,100,117.7,Gadean,,0,TRUE,1,1,0,1,0,0,,FALSE,4712500,4417500,6,ID_1252.mod,Provider upArea too small to be included in calibration,1252,TRUE,1014,TRUE,Gokdalsb.
EFAS,12,1253,Mariefors,15.680153,56.223295,1,HIST_6h,,Lyckebyan,SE,800,801.3,Lyckebyan,3,0,TRUE,1,1,0,1,0,0,,TRUE,4677500,3697500,6,ID_1253.mod,small oscillations,1253,TRUE,1014,TRUE,Lyckebyan
EFAS,12,1254,Saxbro,17.80546,59.116137,1,,,Saxbroan,SE,75,78.5,Saxbroan,,0,TRUE,1,1,0,1,0,0,,FALSE,4767500,4032500,6,ID_1254.mod,Provider upArea too small to be included in calibration,1254,TRUE,1014,TRUE,Saxbroan
EFAS,12,1255,Skogsliden,16.9138,61.364289,1,,,Lotan,SE,225,229,Lotan,,0,TRUE,1,1,0,1,0,0,,FALSE,4692500,4267500,6,ID_1255.mod,Provider upArea too small to be included in calibration,1255,TRUE,1014,TRUE,Tronoan
EFAS,12,1256,Nordmark 2,14.074379,59.845336,1,,,Gota,SE,175,160.9,Gota,,0,TRUE,1,1,0,1,0,0,,FALSE,4547500,4087500,6,ID_1256.mod,Provider upArea too small to be included in calibration,1256,TRUE,1014,TRUE,Nordmarksaelven
EFAS,12,1257,Dalkarlså,20.850843,64.037191,1,,,Dalkarlsan,SE,275,250.4,Dalkarlsan,,0,TRUE,1,1,0,1,0,0,,FALSE,4852500,4587500,6,ID_1257.mod,Provider upArea too small to be included in calibration,1257,TRUE,1014,TRUE,Dalkarlsan
EFAS,12,1258,Hyttingsheden,15.274096,60.425064,0,,,Dal,SE,25,48.8,Dalalven,,0,FALSE,0,0,0,0,0,0,,FALSE,4607500,4157500,,,No discharge data available for calibration period,1258,FALSE,1014,FALSE,Hyttingsan
EFAS,12,1259,Hällered,12.732361,57.788361,1,,,Rolfsan,SE,50,42.2,Rolfsan,,0,TRUE,1,1,0,1,0,0,,FALSE,4487500,3857500,6,ID_1259.mod,Provider upArea too small to be included in calibration,1259,TRUE,1014,TRUE,Soran
EFAS,12,1260,Torrböle 2,19.594259,63.702914,1,HIST_6h,C621,Ore,SE,2875,2859,Ore,3,0,TRUE,1,1,0,1,0,0,,TRUE,4792500,4547500,6,ID_1260.mod,,1260,TRUE,1014,TRUE,Ore
EFAS,12,1261,Río Azumara en Beguntillo,-7.374179,43.171701,1,,,Minho,ES,125,94.65,Minho,,0,TRUE,1,1,1,1,1,1,442,FALSE,2917500,2392500,6,ID_1261.mod,Provider upArea too small to be included in calibration,1261,TRUE,1036,TRUE,Azumara
EFAS,12,1262,Río Miño en Pontevilar,-7.548022,43.168156,1,NRT_6h,,Minho,ES,725,743.34,Minho,2,0,TRUE,1,1,1,1,1,1,392.14,FALSE,2902500,2392500,6,ID_1262.mod,close to 1263,1262,TRUE,1036,TRUE,Minho
EFAS,12,1263,Río Miño en Cela Brazo derecho,-7.60459,43.13946,1,NRT_6h,,Minho,ES,1075,1004.71,Minho,3,0,TRUE,1,1,1,1,1,1,385.78,TRUE,2897500,2392500,6,ID_1263.mod,,1263,TRUE,1036,TRUE,Minho
EFAS,12,1264,Río Miño en Cela Brazo Izquierdo,-7.600311,43.138858,1,NRT_6h,,Minho,ES,1050,1004.71,Minho,2,0,TRUE,1,1,1,1,1,1,385.74,FALSE,2902500,2397500,6,ID_1264.mod,Location coincides with 1263 and data are very simular  use 1263,1264,TRUE,1036,TRUE,Minho
EFAS,12,1265,Río Parga en Guitiriz,-7.793757,43.17197,1,,,Minho,ES,300,304.02,Minho,,0,TRUE,1,1,1,1,1,1,403.23,FALSE,2882500,2402500,6,ID_1265.mod,Provider upArea too small to be included in calibration,1265,TRUE,1036,TRUE,Parga
EFAS,12,1266,Río Ladra en Begonte,-7.690334,43.148537,1,NRT_6h,,Minho,ES,825,830.27,Minho,3,0,TRUE,1,1,1,1,1,1,392.47,TRUE,2892500,2397500,6,ID_1266.mod,,1266,TRUE,1036,TRUE,Ladra
EFAS,12,1267,Río Narla en Gondai,-7.64663,43.066749,1,,,Minho,ES,175,191.89,Minho,,0,TRUE,1,1,1,1,1,1,383.42,FALSE,2892500,2387500,6,ID_1267.mod,Provider upArea too small to be included in calibration,1267,TRUE,1036,TRUE,Narla
EFAS,12,1268,Río Sarria en Pobra de S. Xulian,-7.443045,42.85938,1,,,Minho,ES,325,306.41,Minho,,0,TRUE,1,1,1,1,1,1,369.59,FALSE,2907500,2357500,6,ID_1268.mod,Provider upArea too small to be included in calibration,1268,TRUE,1036,TRUE,Sarria
EFAS,12,1269,Río Neira en Paramo (o),-7.527617,42.871826,1,NRT_6h,,Minho,ES,800,832.06,Minho,3,0,TRUE,1,1,1,1,1,1,348.65,TRUE,2902500,2362500,6,ID_1269.mod,,1269,TRUE,1036,TRUE,Neira
EFAS,12,1270,Río Boeza en Boeza,-6.292437,42.685026,1,,,Minho,ES,125,106.19,Minho,,0,TRUE,1,1,1,1,1,1,831.27,FALSE,2992500,2317500,6,ID_1270.mod,Provider upArea too small to be included in calibration,1270,TRUE,1036,TRUE,Boeza
EFAS,12,1271,Río Cua en Fabero,-6.648396,42.757989,1,,,Minho,ES,250,219.98,Minho,,0,TRUE,1,1,1,1,1,1,631.61,FALSE,2967500,2332500,6,ID_1271.mod,Provider upArea too small to be included in calibration,1271,TRUE,1036,TRUE,Cua
EFAS,12,1272,Río Cua en Quilos,-6.73201,42.646038,1,,,Minho,ES,500,495.99,Minho,,0,TRUE,1,1,1,1,1,1,509.46,FALSE,2957500,2322500,6,ID_1272.mod,Provider upArea too small to be included in calibration,1272,TRUE,1036,TRUE,Cua
EFAS,12,1273,Río Burbia Villafranca Bierzo,-6.817058,42.6059,1,,,Minho,ES,475,434.54,Minho,,0,TRUE,1,1,1,1,1,1,487.49,FALSE,2947500,2322500,6,ID_1273.mod,Provider upArea too small to be included in calibration,1273,TRUE,1036,TRUE,Burbia
EFAS,12,1274,Río Cabrera Pte Domingo Florez,-6.810488,42.414624,1,NRT_6h,,Minho,ES,550,558.27,Minho,3,0,TRUE,1,1,1,1,1,1,375.51,TRUE,2952500,2297500,6,ID_1274.mod,,1274,TRUE,1036,TRUE,Cabrera
EFAS,12,1275,Río Lor en Parada,-7.347266,42.462007,1,,,Minho,ES,350,366.99,Minho,,0,TRUE,1,1,1,1,1,1,230.61,FALSE,2902500,2317500,6,ID_1275.mod,Provider upArea too small to be included in calibration,1275,TRUE,1036,TRUE,Lor
EFAS,12,1276,Río Cabe en Incio,-7.347906,42.644812,1,,,Minho,ES,25,35.29,Minho,,0,TRUE,1,1,1,1,1,1,526.54,FALSE,2907500,2332500,6,ID_1276.mod,Provider upArea too small to be included in calibration,1276,TRUE,1036,TRUE,Cabe
EFAS,12,1277,Río Cabe en Monforte de Lemos,-7.47839,42.555159,1,,,Minho,ES,375,352.71,Minho,,0,TRUE,1,1,1,1,1,1,310.44,FALSE,2897500,2327500,6,ID_1277.mod,Provider upArea too small to be included in calibration,1277,TRUE,1036,TRUE,Cabe
EFAS,12,1278,Río Arenteiro en Carballiño,-8.081266,42.436826,1,,,Minho,ES,175,133.34,Minho,,0,TRUE,1,1,1,1,1,1,369.91,FALSE,2847500,2327500,6,ID_1278.mod,Provider upArea too small to be included in calibration,1278,TRUE,1036,TRUE,Arenteiro
EFAS,12,1279,Río Arnoia en Arnoia,-8.137386,42.251714,1,NRT_6h,,Minho,ES,750,738.26,Minho,3,0,TRUE,1,1,1,1,1,1,71.7,TRUE,2837500,2307500,6,ID_1279.mod,,1279,TRUE,1036,TRUE,Arnoia
EFAS,12,1280,Río Louro en Tui,-8.636252,42.066639,1,,,Minho,ES,125,148.3,Minho,,0,TRUE,1,1,1,1,1,1,5.41,FALSE,2792500,2302500,6,ID_1280.mod,Provider upArea too small to be included in calibration,1280,TRUE,1036,TRUE,Louro
EFAS,12,1281,Río Limia en Ponteliñares,-7.883539,42.021176,1,NRT_6h,,Limia,ES,700,693.02,Lima,3,0,TRUE,1,1,1,1,1,1,610.78,TRUE,2852500,2277500,6,ID_1281.mod,,1281,TRUE,1036,TRUE,Limia
EFAS,12,1282,Río Burbia en Veguellina,-6.779123,42.708026,1,,,Minho,ES,150,117.81,Minho,,0,TRUE,1,1,1,1,1,1,660.42,FALSE,2952500,2332500,6,ID_1282.mod,Provider upArea too small to be included in calibration,1282,TRUE,1036,TRUE,Burbia
EFAS,12,1283,Río Sarria en Sarria,-7.414247,42.76206,1,,,Minho,ES,175,155.72,Minho,,0,TRUE,1,1,1,1,1,1,428.36,FALSE,2907500,2347500,6,ID_1283.mod,Provider upArea too small to be included in calibration,1283,TRUE,1036,TRUE,Sarria
EFAS,12,1284,Río Sil en Ponferrada,-6.591935,42.551744,1,NRT_6h,C822,Minho,ES,850,832.39,Minho,2,0,TRUE,1,1,1,1,1,1,505.23,FALSE,2972500,2317500,6,ID_1284.mod,dam close to 1306,1284,TRUE,1036,TRUE,Sil
EFAS,12,1285,Río Cua en Cacabelos,-6.72819,42.599382,1,NRT_6h,,Minho,ES,525,549.61,Minho,3,0,TRUE,1,1,1,1,1,1,474.05,TRUE,2957500,2317500,6,ID_1285.mod,,1285,TRUE,1036,TRUE,Cua
EFAS,12,1286,Río Barredos en Camponaraya,-6.666933,42.578719,1,,,Minho,ES,100,82.42,Minho,,0,TRUE,1,1,1,1,1,1,492.05,FALSE,2962500,2317500,6,ID_1286.mod,Provider upArea too small to be included in calibration,1286,TRUE,1036,TRUE,Barredos
EFAS,12,1287,Río Selmo en Oencia,-6.90795,42.553571,1,,,Minho,ES,150,134.54,Minho,,0,TRUE,1,1,1,1,1,1,487.82,FALSE,2937500,2312500,6,ID_1287.mod,Provider upArea too small to be included in calibration,1287,TRUE,1036,TRUE,Selmo
EFAS,12,1288,Río Bibei en Porto,-6.896229,42.166386,1,,,Minho,ES,75,70.49,Minho,,0,TRUE,1,1,1,1,1,1,1196.91,FALSE,2932500,2272500,6,ID_1288.mod,Provider upArea too small to be included in calibration,1288,TRUE,1036,TRUE,Bibei
EFAS,12,1289,Río Avia en Leiro,-8.119089,42.372906,1,NRT_6h,,Minho,ES,600,576.01,Minho,3,0,TRUE,1,1,1,1,1,1,82.5,TRUE,2837500,2322500,6,ID_1289.mod,,1289,TRUE,1036,TRUE,Avia
EFAS,12,1290,Río Avia en Ribadavia,-8.141906,42.290153,1,NRT_6h,,Minho,ES,625,670.83,Minho,0,0,TRUE,1,1,1,1,1,1,72.66,FALSE,2837500,2317500,6,ID_1290.mod,Location uncertain low quality data,1290,TRUE,1036,TRUE,Avia
EFAS,12,1291,Río Miño en Salvaterra do Miño,-8.493114,42.08093,1,,,Minho,ES,15550,15551.84,Minho,,0,TRUE,1,1,1,1,1,1,7.02,FALSE,2807500,2297500,6,ID_1291.mod,Not enough discarge data available for calibration period  Extremely large oscillations,1291,TRUE,1036,TRUE,Minho
EFAS,12,1292,Río Tea en Mondariz,-8.457608,42.237113,1,,,Minho,ES,150,155.06,Minho,,0,TRUE,1,1,1,1,1,1,63.89,FALSE,2812500,2312500,6,ID_1292.mod,Provider upArea too small to be included in calibration,1292,TRUE,1036,TRUE,Tea
EFAS,12,1293,Río Uma en Ponteareas,-8.504293,42.159757,1,,,Minho,ES,75,56.61,Minho,,0,TRUE,1,1,1,1,1,1,26.39,FALSE,2807500,2307500,6,ID_1293.mod,Provider upArea too small to be included in calibration,1293,TRUE,1036,TRUE,Uma
EFAS,12,1294,Río Louro en Porriño,-8.624673,42.161803,1,,,Minho,ES,100,57.08,Minho,,0,TRUE,1,1,1,1,1,1,22.99,FALSE,2792500,2307500,6,ID_1294.mod,Provider upArea too small to be included in calibration,1294,TRUE,1036,TRUE,Louro
EFAS,12,1295,Río Caldo en Bubaces,-8.106621,41.864948,1,,,Limia,ES,25,34.9,Lima,,0,TRUE,1,1,1,1,1,1,380.43,FALSE,2827500,2262500,6,ID_1295.mod,Provider upArea too small to be included in calibration,1295,TRUE,1036,TRUE,Caldo
EFAS,12,1296,Río Barxas en Regueiro,-8.197626,42.153997,1,,,Minho,ES,25,24.8,Minho,,0,TRUE,1,1,1,1,1,1,53.15,FALSE,2827500,2292500,6,ID_1296.mod,Provider upArea too small to be included in calibration,1296,TRUE,1036,TRUE,Barxas
EFAS,12,1297,Río Anllo en Redemuiños,-7.495702,43.304542,1,,,Minho,ES,100,91.43,Minho,,0,TRUE,1,1,1,1,1,1,429.49,FALSE,2912500,2407500,6,ID_1297.mod,Provider upArea too small to be included in calibration,1297,TRUE,1036,TRUE,Anllo
EFAS,12,1298,Río Tea en Bouza do Viso,-8.506525,42.104234,1,,,Minho,ES,400,400.1,Minho,,0,TRUE,1,1,1,1,1,1,14.55,FALSE,2802500,2302500,6,ID_1298.mod,Provider upArea too small to be included in calibration,1298,TRUE,1036,TRUE,Tea
EFAS,12,1299,Río Ferreira en Guntín,-7.705213,42.884156,1,,,Minho,ES,125,166.08,Minho,,0,TRUE,1,1,1,1,1,1,409.45,FALSE,2882500,2372500,6,ID_1299.mod,Provider upArea too small to be included in calibration,1299,TRUE,1036,TRUE,Ferreira
EFAS,12,1300,Río Arnoia en Pontefreixo,-7.969976,42.201118,1,NRT_6h,,Minho,ES,550,532.58,Minho,2,0,TRUE,1,1,1,1,1,1,315.93,FALSE,2847500,2297500,6,ID_1300.mod,Close to 1279,1300,TRUE,1036,TRUE,Arnoia
EFAS,12,1301,Río Limia en Xinzo de Limia,-7.736348,42.06066,1,,,Limia,ES,325,293.13,Lima,,0,TRUE,1,1,1,1,1,1,619.86,FALSE,2862500,2277500,6,ID_1301.mod,Provider upArea too small to be included in calibration,1301,TRUE,1036,TRUE,Limia
EFAS,12,1302,Río Neira en Neira do Rei,-7.211811,42.919604,1,,,Minho,ES,100,114.65,Minho,,0,TRUE,1,1,1,1,1,1,534.86,FALSE,2927500,2362500,6,ID_1302.mod,Provider upArea too small to be included in calibration,1302,TRUE,1036,TRUE,Neira
EFAS,12,1303,Río Labrada en Fraga,-7.744692,43.268149,1,,,Minho,ES,100,96.98,Minho,,0,TRUE,1,1,1,1,1,1,415.43,FALSE,2892500,2412500,6,ID_1303.mod,Provider upArea too small to be included in calibration,1303,TRUE,1036,TRUE,Labrada
EFAS,12,1304,Río Ladra en Ínsua,-7.688232,43.286507,1,,,Minho,ES,175,82.17,Minho,,0,TRUE,1,1,1,1,1,1,412.24,FALSE,2897500,2412500,6,ID_1304.mod,Provider upArea too small to be included in calibration,1304,TRUE,1036,TRUE,Ladra
EFAS,12,1305,Río Tremor en Almagarinos,-6.219462,42.707549,1,,,Minho,ES,50,39.78,Minho,,0,TRUE,1,1,1,1,1,1,920.16,FALSE,3002500,2322500,6,ID_1305.mod,Provider upArea too small to be included in calibration,1305,TRUE,1036,TRUE,Tremor
EFAS,12,1306,Río Sil en Matarrosa del Sil,-6.529674,42.758462,1,NRT_6h,,Minho,ES,650,641.51,Minho,3,0,TRUE,1,1,1,1,1,1,696.93,TRUE,2977500,2332500,6,ID_1306.mod,,1306,TRUE,1036,TRUE,Sil
EFAS,12,1308,Crnece,15.018159,46.586993,1,HIST_6h,,Danube,SI,12150,12059.98,Danube,0,0,TRUE,1,1,1,1,1,1,46.59,FALSE,4702500,2627500,6,ID_1308.mod,dams  large oscillations,1308,TRUE,1005,TRUE,Drava
EFAS,12,1310,Overboelare,3.866822,50.761733,0,,,Scheldt,BE,800,785,Scheldt,,0,FALSE,0,0,1,0,0,0,,FALSE,3887500,3092500,,,No discharge data available for calibration period,1310,FALSE,1022,FALSE,Dender
EFAS,12,1311,Rahiv,24.212222,48.061111,1,HIST_24h,,Danube,UA,1175,1070,Danube,3,0,TRUE,1,1,1,1,1,1,429.73,TRUE,5377500,2877500,24,ID_1311.mod,,1311,TRUE,1044,TRUE,Tisza
EFAS,12,1312,Dilove,24.179438,47.938611,1,,,Danube,UA,1300,1190,Danube,,0,FALSE,0,0,1,0,1,1,345.96,FALSE,5372500,2862500,,,No discharge data available for calibration period,1312,FALSE,1044,FALSE,Tisza
EFAS,12,1313,V. Bychkiv,22.466389,48.903022,1,,,Danube,UA,675,3330,Danube,,0,FALSE,0,0,1,0,1,1,294.78,FALSE,5232500,2942500,,,No discharge data available for calibration period,1313,FALSE,1044,FALSE,Uzh
EFAS,12,1314,Tyachiv,23.577156,48.005556,1,,,Danube,UA,6675,6470,Danube,,0,FALSE,0,0,1,0,1,1,209.06,FALSE,5327500,2857500,,,No discharge data available for calibration period,1314,FALSE,1044,FALSE,Tisza
EFAS,12,1315,Hust,23.248333,48.182777,1,,,Danube,UA,8725,7690,Danube,,0,FALSE,0,0,1,0,1,1,155.85,FALSE,5302500,2872500,,,No discharge data available for calibration period,1315,FALSE,1044,FALSE,Tisza
EFAS,12,1316,Vylok,22.84,48.097222,1,HIST_24h,,Danube,UA,9050,9140,Danube,3,0,TRUE,1,1,1,1,1,1,115.15,TRUE,5267500,2862500,24,ID_1316.mod,,1316,TRUE,1044,TRUE,Tisza
EFAS,12,1317,Chop,22.186667,48.416389,1,,,Danube,UA,33325,33000,Danube,,0,FALSE,0,0,1,0,1,1,92.35,FALSE,5222500,2887500,,,No discharge data available for calibration period,1317,FALSE,1044,FALSE,Tisza
EFAS,12,1318,Neresnytsya,23.769167,48.114722,1,,,Danube,UA,1200,1100,Danube,,0,FALSE,0,0,1,0,1,1,298.38,FALSE,5337500,2872500,,,No discharge data available for calibration period,1318,FALSE,1044,FALSE,Teresva
EFAS,12,1319,Hust,23.272778,48.180278,1,,,Danube,UA,1150,1130,Danube,,0,FALSE,0,0,1,0,1,1,156.41,FALSE,5307500,2877500,,,No discharge data available for calibration period,1319,FALSE,1044,FALSE,Rika
EFAS,12,1320,Verhni Remety,23.905833,48.250278,1,,,Danube,UA,775,1100,Danube,,0,FALSE,0,0,1,0,1,1,114.32,FALSE,5347500,2887500,,,No discharge data available for calibration period,1320,FALSE,1044,FALSE,Krasna
EFAS,12,1321,Mukacheve,22.718056,48.443611,1,HIST_24h,,Danube,UA,1350,1360,Danube,3,0,TRUE,1,1,1,1,1,1,115.6,TRUE,5257500,2897500,24,ID_1321.mod,,1321,TRUE,1044,TRUE,Latorica
EFAS,12,1322,Chop,22.213611,48.455,1,HIST_24h,,Danube,UA,2300,2870,Danube,3,0,TRUE,1,1,1,1,1,1,96.58,TRUE,5222500,2892500,24,ID_1322.mod,,1322,TRUE,1044,TRUE,Latorica
EFAS,12,1323,V. Bereznyi,22.466389,48.898056,1,,,Danube,UA,950,1280,Danube,,0,FALSE,0,0,1,0,1,1,196.26,FALSE,5232500,2937500,,,No discharge data available for calibration period,1323,FALSE,1044,FALSE,Uzh
EFAS,12,1324,Zaricheve,22.501389,48.771111,1,HIST_24h,,Danube,UA,1325,1280,Danube,2,0,TRUE,1,1,1,1,1,1,154.56,FALSE,5232500,2932500,24,ID_1324.mod,close to 1325,1324,TRUE,1044,TRUE,Uzh
EFAS,12,1325,Yzgorod,22.299722,48.621944,1,HIST_24h,,Danube,UA,1975,1970,Danube,3,0,TRUE,1,1,1,1,1,1,112.38,TRUE,5227500,2912500,24,ID_1325.mod,,1325,TRUE,1044,TRUE,Uzh
EFAS,12,1326,Kolomiya,25.018056,48.524167,1,,,Danube,UA,1275,1130,Danube,,0,FALSE,0,0,1,0,1,1,274.74,FALSE,5422500,2937500,,,No discharge data available for calibration period,1326,FALSE,1044,FALSE,Prut
EFAS,12,1327,Chernivtsi,25.920556,48.311111,1,HIST_24h,,Danube,UA,7100,6890,Danube,3,0,TRUE,1,1,1,1,1,1,155.89,TRUE,5497500,2927500,24,ID_1327.mod,,1327,TRUE,1044,TRUE,Prut
EFAS,12,1328,Usteriky,25.011944,48.116389,1,HIST_24h,,Danube,UA,1525,1500,Danube,3,0,TRUE,1,1,1,1,1,1,474.09,TRUE,5427500,2892500,24,ID_1328.mod,,1328,TRUE,1044,TRUE,Cheremosh
EFAS,12,1329,Kuty,25.183611,48.250278,1,,,Danube,UA,2175,2150,Danube,,0,FALSE,0,0,1,0,1,1,326.16,FALSE,5437500,2907500,,,No discharge data available for calibration period,1329,FALSE,1044,FALSE,Cheremosh
EFAS,12,1330,Rozdol,24.072222,49.433611,1,HIST_24h,,Dniester,UA,5550,5700,Dniester,3,0,TRUE,1,1,1,1,1,1,243.18,TRUE,5332500,3022500,24,ID_1330.mod,,1330,TRUE,1044,TRUE,Dniester
EFAS,12,1331,Zhyravne,24.294444,49.256389,1,HIST_24h,,Dniester,UA,9900,9910,Dniester,3,0,TRUE,0,1,1,0,1,1,231.52,TRUE,5352500,3012500,24,ID_1331.mod,,1331,FALSE,1044,FALSE,Dniester
EFAS,12,1332,Galych,24.743056,49.126389,1,HIST_24h,,Dniester,UA,14950,14700,Dniester,3,0,TRUE,1,1,1,1,1,1,211.26,TRUE,5387500,2997500,24,ID_1332.mod,,1332,TRUE,1044,TRUE,Dniester
EFAS,12,1333,Nyzniv,25.111667,48.950833,1,,,Dniester,UA,20950,20400,Dniester,,0,FALSE,0,0,1,0,1,1,190.36,FALSE,5417500,2982500,,,No discharge data available for calibration period,1333,FALSE,1044,FALSE,Dniester
EFAS,12,1334,Zalishyky,25.734167,48.636667,1,HIST_24h,,Dniester,UA,24725,24600,Dniester,3,0,TRUE,1,1,1,1,1,1,140.69,TRUE,5467500,2962500,24,ID_1334.mod,,1334,TRUE,1044,TRUE,Dniester
EFAS,12,1335,Mogilyv Podilskyi,27.801389,48.4375,1,HIST_24h,,Dniester,UA,42975,43000,Dniester,3,0,TRUE,1,1,1,1,1,1,58.17,TRUE,5617500,2972500,24,ID_1335.mod,,1335,TRUE,1044,TRUE,Dniester
EFAS,12,1336,Mayaky,30.262849,46.412289,1,,,Dniester,UA,72700,72000,Dniester,,0,FALSE,0,0,1,0,1,1,-1.11,FALSE,5857500,2802500,,,No discharge data available for calibration period,1336,FALSE,1044,FALSE,Dniester
EFAS,12,1337,Verhne Synyovydne,23.607778,49.104444,1,HIST_24h,,Dniester,UA,2425,2400,Dniester,3,0,TRUE,1,1,1,1,1,1,369.62,TRUE,5307500,2977500,24,ID_1337.mod,,1337,TRUE,1044,TRUE,Stryi
EFAS,12,1338,Stryi,23.858333,49.241667,1,,,Dniester,UA,2750,2720,Dniester,,0,FALSE,0,0,1,0,1,1,291.3,FALSE,5322500,2997500,,,No discharge data available for calibration period,1338,FALSE,1044,FALSE,Stryi
EFAS,12,1339,Yasenytsya,23.153688,49.204646,1,HIST_24h,,Dniester,UA,1025,1020,Dniester,3,0,TRUE,1,1,1,1,1,1,518,TRUE,5272500,2987500,24,ID_1339.mod,,1339,TRUE,1044,TRUE,Stryi
EFAS,12,1340,Zarichne,24.088611,49.176389,1,HIST_24h,,Dniester,UA,1325,1280,Dniester,3,0,TRUE,1,1,1,1,1,1,278.5,TRUE,5337500,2992500,24,ID_1340.mod,,1340,TRUE,1044,TRUE,Svicha
EFAS,12,1341,Perevozets,24.551667,49.078333,1,HIST_24h,,Dniester,UA,1500,1490,Dniester,3,0,TRUE,1,1,1,1,1,1,236.03,TRUE,5382500,2992500,24,ID_1341.mod,,1341,TRUE,1044,TRUE,Limnytsya
EFAS,12,1342,Chortkiv,25.799722,49.008889,1,HIST_24h,,Dniester,UA,3150,3170,Dniester,3,0,TRUE,1,1,1,1,1,1,208.85,TRUE,5462500,3007500,24,ID_1342.mod,,1342,TRUE,1044,TRUE,Seret
EFAS,12,1343,Lytovezh,24.185,50.618611,1,HIST_24h,,Vistula,UA,6800,6740,Vistula,3,0,TRUE,1,1,1,1,1,1,180.92,TRUE,5322500,3152500,24,ID_1343.mod,,1343,TRUE,1044,TRUE,Western Bug
EFAS,12,1344,Kamyanka Buzhska,24.373889,50.096667,1,HIST_24h,,Vistula,UA,2425,2350,Vistula,3,0,TRUE,1,1,1,1,1,1,201.79,TRUE,5342500,3097500,24,ID_1344.mod,,1344,TRUE,1044,TRUE,Western Bug
EFAS,12,1345,Lubeshiv,25.513333,51.755278,1,HIST_24h,,Dnieper,UA,2850,2970,Dnieper,3,0,TRUE,1,1,1,1,1,1,141.82,TRUE,5387500,3302500,24,ID_1345.mod,,1345,TRUE,1044,TRUE,Stokhid
EFAS,12,1346,Lutsk,25.313056,50.743889,1,HIST_24h,,Dnieper,UA,7150,7200,Dnieper,3,0,TRUE,1,1,1,1,1,1,172.87,TRUE,5397500,3182500,24,ID_1346.mod,,1346,TRUE,1044,TRUE,Styr
EFAS,12,1347,Kolky,25.671389,51.108333,1,,,Dnieper,UA,9050,9050,Dnieper,,0,FALSE,0,0,1,0,1,1,167.03,FALSE,5407500,3227500,,,No discharge data available for calibration period,1347,FALSE,1044,FALSE,Styr
EFAS,12,1348,Mlynok,25.935556,51.618056,1,HIST_24h,,Dnieper,UA,11200,10900,Dnieper,1,0,TRUE,1,1,1,1,1,1,146.93,FALSE,5427500,3287500,24,ID_1348.mod,moved on mainstream,1348,TRUE,1044,TRUE,Styr
EFAS,12,1349,Yampil,26.2475,49.965278,1,HIST_24h,,Dnieper,UA,1425,1400,Dnieper,3,0,TRUE,1,1,1,1,1,1,238.45,TRUE,5477500,3112500,24,ID_1349.mod,,1349,TRUE,1044,TRUE,Horyn
EFAS,12,1350,Ozenin,26.54,50.426389,1,HIST_24h,,Dnieper,UA,5850,5860,Dnieper,3,0,TRUE,1,1,1,1,1,1,185.07,TRUE,5487500,3167500,24,ID_1350.mod,,1350,TRUE,1044,TRUE,Horyn
EFAS,12,1351,Derazhne,26.054444,50.861667,1,HIST_24h,,Dnieper,UA,9150,9160,Dnieper,3,0,TRUE,1,1,1,1,1,1,162,TRUE,5442500,3202500,24,ID_1351.mod,,1351,TRUE,1044,TRUE,Horyn
EFAS,12,1352,Dubrovytsya,26.569444,50.563333,1,,,Dnieper,UA,6225,12000,Dnieper,,0,FALSE,0,0,1,0,1,1,137.84,FALSE,5482500,3182500,,,No discharge data available for calibration period,1352,FALSE,1044,FALSE,Horyn
EFAS,12,1353,Novograd-Volynskyi,27.637222,50.585556,1,HIST_24h,,Dnieper,UA,7525,7460,Dnieper,3,0,TRUE,1,1,1,1,1,1,186.6,TRUE,5557500,3202500,24,ID_1353.mod,,1353,TRUE,1044,TRUE,Sluch
EFAS,12,1354,Sarny,26.648333,51.341389,1,HIST_24h,,Dnieper,UA,13250,13300,Dnieper,3,0,TRUE,1,1,1,1,1,1,144.19,TRUE,5472500,3267500,24,ID_1354.mod,,1354,TRUE,1044,TRUE,Sluch
EFAS,12,1355,Plauen,13.702577,51.030901,0,,,Elbe,DE,375,366,Elbe,,0,TRUE,0,0,0,1,1,0,123.93,FALSE,4577500,3107500,6,ID_1355.mod,Provider upArea too small to be included in calibration,1355,FALSE,1007,FALSE,United Weisseritz
EFAS,12,1356,Chooz,4.806518,50.092132,1,HIST_24h,C086,Meuse,BE,10225,10120,Meuse,3,0,TRUE,1,1,0,1,0,0,,TRUE,3942500,3012500,24,ID_1356.mod,,1356,TRUE,1046,TRUE,Meuse
EFAS,12,1357,Amay,5.31777,50.536474,1,HIST_24h,,Meuse,BE,16750,16416,Meuse,3,0,TRUE,1,1,0,1,0,0,,TRUE,3982500,3057500,24,ID_1357.mod,,1357,TRUE,1046,TRUE,Meuse
EFAS,12,1358,Vise-Lixhe,5.690309,50.725894,1,HIST_24h,,Meuse,BE,20825,20440,Meuse,2,0,TRUE,1,1,0,1,0,0,,FALSE,4012500,3072500,24,ID_1358.mod,Close to 953 older data,1358,TRUE,1046,TRUE,Meuse
EFAS,12,1359,Angleur,5.612297,50.611474,1,HIST_24h,,Meuse,BE,3725,3607,Meuse,3,0,TRUE,1,1,0,1,0,0,,TRUE,4012500,3062500,24,ID_1359.mod,,1359,TRUE,1046,TRUE,Ourthe
EFAS,12,1360,Salzinnes-Ronet,4.832911,50.460043,1,HIST_24h,,Meuse,BE,2900,2841,Meuse,3,0,TRUE,1,1,0,1,0,0,,TRUE,3947500,3052500,24,ID_1360.mod,,1360,TRUE,1046,TRUE,Sambre
EFAS,12,1361,Tournai,3.390781,50.608515,1,HIST_24h,,Scheldt,BE,4975,4922,Scheldt,3,0,TRUE,1,1,0,1,0,0,,TRUE,3852500,3077500,24,ID_1361.mod,,1361,TRUE,1046,TRUE,Scheldt
EFAS,12,1362,Ballathie,-3.38696,56.51441,0,HIST_24h,C637,Tay,UK,4550,4587,Tay,3,0,TRUE,1,1,0,1,1,1,26.16,TRUE,3497500,3782500,6,ID_1362.mod,,1362,FALSE,1045,FALSE,Tay
EFAS,12,1363,Boat O Brig,-3.14039,57.55104,0,HIST_24h,C673,Spey,UK,2850,2861.2,Spey,3,0,TRUE,1,1,0,1,1,1,43.05,TRUE,3532500,3892500,6,ID_1363.mod,,1363,FALSE,1045,FALSE,Spey
EFAS,12,1364,Brigde of Teith,-4.05557,56.18573,0,,,Forth,UK,625,517.7,Forth,,0,TRUE,1,0,0,1,1,1,14.84,FALSE,3452500,3762500,6,ID_1364.mod,Not enough discarge data available for calibration period,1364,FALSE,1045,FALSE,Teith
EFAS,12,1365,Camisky,-5.04652,56.87847,0,,,Lochy,UK,1250,1252,Lochy,,0,TRUE,1,0,0,1,1,1,13.28,FALSE,3412500,3847500,6,ID_1365.mod,Not enough discarge data available for calibration period,1365,FALSE,1045,FALSE,Lochy
EFAS,12,1366,Craigforth,-3.97022,56.1361,0,,,Forth,UK,1175,1036,Forth,,0,TRUE,1,0,0,1,1,1,3.67,FALSE,3457500,3757500,6,ID_1366.mod,Not enough discarge data available for calibration period,1366,FALSE,1045,FALSE,Forth
EFAS,12,1367,Daldowie,-4.12195,55.82999,0,HIST_24h,C672,Clyde,UK,1975,1903.1,Clyde,2,0,TRUE,1,1,0,1,1,1,7.48,FALSE,3442500,3722500,6,ID_1367.mod,close to 2292,1367,FALSE,1045,FALSE,Clyde
EFAS,12,1368,Ellon,-2.09002,57.36377,0,,,Ythan,UK,650,523,Ythan,,0,TRUE,1,0,0,1,1,1,3.81,FALSE,3597500,3867500,6,ID_1368.mod,Not enough discarge data available for calibration period,1368,FALSE,1045,FALSE,Ythan
EFAS,12,1369,Forres,-3.64408,57.60477,0,HIST_24h,,Findhor,UK,875,781.9,Findhor,3,0,TRUE,1,1,0,1,1,1,9.5,TRUE,3507500,3907500,6,ID_1369.mod,,1369,FALSE,1045,FALSE,Findhorn
EFAS,12,1370,Friars Carse,-3.69075,55.14868,0,,,Nith,UK,775,799,Nith,,0,TRUE,1,0,0,1,1,1,19.84,FALSE,3452500,3642500,6,ID_1370.mod,Not enough discarge data available for calibration period,1370,FALSE,1045,FALSE,Nith
EFAS,12,1371,Kinkell Bridge,-3.72699,56.33019,0,,,Earn,UK,600,590.5,Earn,,0,TRUE,1,0,0,1,1,1,15.33,FALSE,3477500,3772500,6,ID_1371.mod,Not enough discarge data available for calibration period,1371,FALSE,1045,FALSE,Earn
EFAS,12,1372,Moy Bridge,-4.53997,57.55658,0,HIST_24h,C383,Conon,UK,975,961.8,Conon,3,0,TRUE,1,1,0,1,1,1,10.03,TRUE,3457500,3917500,6,ID_1372.mod,lake regulated,1372,FALSE,1045,FALSE,Conon
EFAS,12,1373,Muiresk,-2.49353,57.53767,0,HIST_24h,,Deveron,UK,950,954.9,Deveron,3,0,TRUE,1,1,0,1,1,1,10.03,TRUE,3577500,3892500,6,ID_1373.mod,,1373,FALSE,1045,FALSE,Deveron
EFAS,12,1374,Ness-side,-4.25985,57.45454,0,,,Ness,UK,1850,1839.1,Ness,,0,TRUE,1,0,0,1,1,1,6.81,FALSE,3472500,3902500,6,ID_1374.mod,Not enough discarge data available for calibration period,1374,FALSE,1045,FALSE,Ness
EFAS,12,1375,Norham,-2.16337,55.72269,0,HIST_24h,C655,Tweed,UK,4400,4390,Tweed,3,0,TRUE,1,1,0,1,1,1,2.8,TRUE,3562500,3692500,6,ID_1375.mod,,1375,FALSE,1045,FALSE,Tweed
EFAS,12,1376,Parkhill,-2.18759,57.21832,0,HIST_24h,,Don,UK,1275,1273,Don,3,0,TRUE,1,1,0,1,1,1,32.44,TRUE,3582500,3857500,6,ID_1376.mod,,1376,FALSE,1045,FALSE,Don
EFAS,12,1377,Sprouston,-2.39482,55.61161,0,,,Tweed,UK,3375,3330,Tweed,,0,TRUE,1,0,0,1,1,1,24.5,FALSE,3542500,3677500,6,ID_1377.mod,Not enough discarge data available for calibration period,1377,FALSE,1045,FALSE,Tweed
EFAS,12,1378,Woodend,-2.60357,57.05013,0,HIST_24h,,Dee,UK,1350,1370,Dee,3,0,TRUE,1,1,0,1,1,1,70.49,TRUE,3557500,3842500,6,ID_1378.mod,,1378,FALSE,1045,FALSE,Dee
EFAS,12,1399,Nava Weir,-6.672058,53.643559,1,HIST_24h,C259,Boyne,IE,1725,1658.19,Boyne,2,0,TRUE,1,1,0,1,1,1,,FALSE,3227500,3517500,6,ID_1399.mod,close to 2266,1399,TRUE,1029,TRUE,Boyne
EFAS,12,1400,Liscarton,-6.720332,53.663269,1,HIST_24h,C260,Boyne,IE,625,699.75,Boyne,3,0,TRUE,1,1,0,1,1,1,,TRUE,3222500,3527500,6,ID_1400.mod,,1400,TRUE,1029,TRUE,Blackwater (Kells)
EFAS,12,1401,Slane Castle,-6.562423,53.707212,1,HIST_24h,C261,Boyne,IE,2475,2460.27,Boyne,3,0,TRUE,1,1,0,1,1,1,,TRUE,3232500,3522500,6,ID_1401.mod,,1401,TRUE,1029,TRUE,Boyne
EFAS,12,1402,Scarawalsh,-6.550222,52.548513,1,HIST_24h,C659,Slaney,IE,1000,1030.75,Slaney,3,0,TRUE,1,1,0,1,1,1,,TRUE,3207500,3402500,6,ID_1402.mod,,1402,TRUE,1029,TRUE,Slaney
EFAS,12,1403,Royal Oak,-6.981458,52.700198,1,HIST_24h,C660,Barrow,IE,2425,2419.4,Barrow,3,0,TRUE,1,1,0,1,1,1,,TRUE,3187500,3427500,6,ID_1403.mod,,1403,TRUE,1029,TRUE,Barrow
EFAS,12,1404,Levitstown,-6.949797,52.935378,1,HIST_24h,C264,Barrow,IE,1725,1697.28,Barrow,3,0,TRUE,1,1,0,1,1,1,,TRUE,3192500,3452500,6,ID_1404.mod,,1404,TRUE,1029,TRUE,Barrow
EFAS,12,1405,Graiguenamanagh,-6.950884,52.540754,1,HIST_24h,C661,Barrow,IE,2825,2778.15,Barrow,3,0,TRUE,1,1,0,1,1,1,,TRUE,3187500,3407500,6,ID_1405.mod,,1405,TRUE,1029,TRUE,Barrow
EFAS,12,1406,John's Bridge,-7.250433,52.653392,1,HIST_24h,C662,Barrow,IE,1600,1644.07,Barrow,3,0,TRUE,1,1,0,1,1,1,,TRUE,3162500,3427500,6,ID_1406.mod,,1406,TRUE,1029,TRUE,Nore
EFAS,12,1407,Brownsbarn,-7.0917,52.50077,1,HIST_24h,C663,Barrow,IE,2450,2418.27,Barrow,3,0,TRUE,1,1,0,1,1,1,,TRUE,3172500,3402500,6,ID_1407.mod,,1407,TRUE,1029,TRUE,Nore
EFAS,12,1408,Cahir Park,-7.922937,52.357673,1,HIST_24h,C268,Suir,IE,1625,1582.69,Suir,3,0,TRUE,1,1,0,1,1,1,,TRUE,3112500,3402500,6,ID_1408.mod,,1408,TRUE,1029,TRUE,Suir
EFAS,12,1409,Clonmel,-7.694598,52.351525,1,HIST_24h,C664,Suir,IE,2150,2143.67,Suir,3,0,TRUE,1,1,1,1,1,1,,TRUE,3127500,3397500,24,ID_1409.mod,,1409,TRUE,1029,TRUE,Suir
EFAS,12,1410,Ballyduff,-8.051952,52.144345,1,HIST_24h,C665,Munster Blackwater,IE,2325,2333.69,Munster,3,0,TRUE,1,1,1,1,1,1,,TRUE,3092500,3382500,6,ID_1410.mod,,1410,TRUE,1029,TRUE,Munster Blackwater
EFAS,12,1411,Kilavullen,-8.515394,52.149198,1,HIST_24h,C666,Munster Blackwater,IE,1250,1256.7,Munster,3,0,TRUE,1,1,0,1,1,1,,TRUE,3062500,3387500,6,ID_1411.mod,,1411,TRUE,1029,TRUE,Munster Blackwater
EFAS,12,1412,Castleroberts,-8.767416,52.543441,1,HIST_24h,C272,Maigue,IE,875,806.04,Shannon,3,0,TRUE,1,1,0,1,1,1,,TRUE,3067500,3432500,6,ID_1412.mod,,1412,TRUE,1029,TRUE,Maigue
EFAS,12,1413,Annacotty,-8.529147,52.669276,1,HIST_24h,C273,Shannon,IE,650,647.56,Shannon,3,0,TRUE,1,1,0,1,1,1,,TRUE,3082500,3442500,6,ID_1413.mod,,1413,TRUE,1029,TRUE,Mulkear
EFAS,12,1414,Ferbane,-7.828063,53.269937,1,HIST_24h,C667,Shannon,IE,1175,1162.76,Shannon,3,0,TRUE,1,1,0,1,1,1,,TRUE,3147500,3497500,6,ID_1414.mod,,1414,TRUE,1029,TRUE,Brosna
EFAS,12,1415,Banagher,-7.993647,53.193787,1,HIST_6h,,Shannon,IE,7950,7980.41,Shannon,3,0,TRUE,1,1,1,1,1,1,,TRUE,3127500,3492500,6,ID_1415.mod,low flow is missing peaks are there,1415,TRUE,1029,TRUE,Shannon
EFAS,12,1416,Bellagill,-8.238554,53.361687,1,HIST_24h,C276,Shannon,IE,1500,1207.22,Shannon,3,0,TRUE,1,1,0,1,1,1,,TRUE,3122500,3512500,6,ID_1416.mod,moved downstream,1416,TRUE,1029,TRUE,Suck
EFAS,12,1417,Ballymahon,-7.757923,53.562867,1,HIST_24h,C277,Shannon,IE,1125,1098.78,Shannon,3,0,TRUE,1,1,0,1,1,1,,TRUE,3157500,3527500,6,ID_1417.mod,,1417,TRUE,1029,TRUE,Inny
EFAS,12,1418,Cong Weir,-9.28876,53.538599,1,HIST_24h,C279,Corrib,IE,675,890.93,Clare,3,0,TRUE,1,1,0,1,1,1,,TRUE,3057500,3562500,6,ID_1418.mod,lake moved station upstream,1418,TRUE,1029,TRUE,Cong
EFAS,12,1419,Rahans,-9.157683,54.103927,1,HIST_24h,C670,Moy,IE,1925,1974.76,Moy,3,0,TRUE,1,1,0,1,1,1,,TRUE,3082500,3607500,6,ID_1419.mod,,1419,TRUE,1029,TRUE,Moy
EFAS,12,1420,Butlers Bridge,-7.377088,54.041879,1,HIST_24h,C281,Erne,IE,775,771.73,Erne,3,0,TRUE,1,1,0,1,1,1,,TRUE,3197500,3572500,6,ID_1420.mod,,1420,TRUE,1029,TRUE,Annalee
EFAS,12,1421,Belturbet,-7.450869,54.097058,1,HIST_24h,C282,Erne,IE,1525,1491.76,Erne,3,0,TRUE,1,1,0,1,1,1,,TRUE,3192500,3582500,6,ID_1421.mod,,1421,TRUE,1029,TRUE,Erne
EFAS,12,1422,Açude Do Arrabalde,-8.812,39.752,0,,,Lis,PT,275,238.62,Lis,,0,TRUE,0,1,0,0,0,0,25,FALSE,2717500,2047500,24,ID_1422.mod,Provider upArea too small to be included in calibration,1422,FALSE,1023,FALSE,Lis
EFAS,12,1423,Agroal,-8.437,39.679,0,HIST_24h,,Tagus,PT,650,608.49,Tajo,2,0,TRUE,0,1,0,0,0,0,88,FALSE,2747500,2032500,24,ID_1423.mod,close to 1434,1423,FALSE,1023,FALSE,Nabao
EFAS,12,1424,Albernoa,-7.965,37.853,0,,,Guadiana,PT,175,169.84,Guadiana,,0,TRUE,0,1,0,0,0,0,131,FALSE,2742500,1822500,24,ID_1424.mod,Provider upArea too small to be included in calibration,1424,FALSE,1023,FALSE,Cobres
EFAS,12,1426,Azibo (RIO),-6.804,41.406,0,,,Douro,PT,275,282.68,Duero,,0,TRUE,0,1,0,0,0,0,224,FALSE,2922500,2197500,24,ID_1426.mod,Provider upArea too small to be included in calibration,1426,FALSE,1023,FALSE,Azibo
EFAS,12,1427,Bodega,-7.699,37.162,0,,,Ribeiras do Algarve,PT,125,133.64,Ribeiras do Algarve,,0,TRUE,0,1,0,0,0,0,16,FALSE,2752500,1752500,,,Provider upArea too small to be included in calibration,1427,FALSE,1023,FALSE,Ribeira de Alportel
EFAS,12,1428,Castelo Bom,-6.907,40.628,0,HIST_24h,,Douro,PT,950,944.16,Duero,3,0,TRUE,0,1,0,0,0,0,580,TRUE,2897500,2102500,24,ID_1428.mod,,1428,FALSE,1023,FALSE,Coa
EFAS,12,1429,Castro Daire,-7.932,40.891,0,,,Douro,PT,300,288.17,Duero,,0,TRUE,0,1,0,0,0,0,464,FALSE,2822500,2157500,24,ID_1429.mod,Provider upArea too small to be included in calibration,1429,FALSE,1023,FALSE,Paiva
EFAS,12,1430,Cidadelhe,-7.101,40.915,0,HIST_24h,,Douro,PT,1775,1743.1,Duero,3,0,TRUE,0,1,0,0,0,0,251,TRUE,2887500,2142500,24,ID_1430.mod,,1430,FALSE,1023,FALSE,Coa
EFAS,12,1431,Couto De Andreiros,-7.604,39.269,0,,,Tagus,PT,250,244.53,Tajo,,0,TRUE,0,1,0,0,0,0,208,FALSE,2812500,1972500,24,ID_1431.mod,Provider upArea too small to be included in calibration,1431,FALSE,1023,FALSE,Ribeira da Raia
EFAS,12,1432,Cunhas,-7.851,41.53,0,,,Douro,PT,350,337.28,Duero,,0,TRUE,0,1,0,0,0,0,222,FALSE,2847500,2227500,24,ID_1432.mod,Provider upArea too small to be included in calibration,1432,FALSE,1023,FALSE,Beca
EFAS,12,1433,Escalhão,-6.875,40.961,0,HIST_24h,,Douro,PT,2550,2537.08,Duero,3,0,TRUE,0,1,0,0,0,0,171,TRUE,2902500,2147500,24,ID_1433.mod,,1433,FALSE,1023,FALSE,Agueda
EFAS,12,1434,Fábrica Da Matrena,-8.379,39.532,0,HIST_24h,,Tagus,PT,1050,1047.15,Tajo,3,0,TRUE,0,1,0,0,0,0,50,TRUE,2747500,2017500,24,ID_1434.mod,,1434,FALSE,1023,FALSE,Nabao
EFAS,12,1435,Fragas Da Torre,-8.18,40.941,0,HIST_24h,,Douro,PT,650,646.74,Duero,3,0,TRUE,0,1,0,0,0,0,165,TRUE,2797500,2167500,24,ID_1435.mod,,1435,FALSE,1023,FALSE,Paiva
EFAS,12,1436,Fridão,-8.023,41.322,0,HIST_24h,,Douro,PT,2575,2616.41,Duero,3,0,TRUE,0,1,0,0,0,0,111,TRUE,2822500,2207500,24,ID_1436.mod,,1436,FALSE,1023,FALSE,Tamega
EFAS,12,1437,Fronhas,-8.164,40.246,0,HIST_24h,,Mondego,PT,675,640.85,Mondego,0,0,TRUE,0,1,0,0,0,0,118,FALSE,2787500,2087500,24,ID_1437.mod,Low quality data,1437,FALSE,1023,FALSE,Alva
EFAS,12,1438,Gimonde,-6.696,41.798,0,,,Douro,PT,425,405.59,Duero,,0,TRUE,0,1,0,0,0,0,508,FALSE,2942500,2232500,24,ID_1438.mod,Provider upArea too small to be included in calibration,1438,FALSE,1023,FALSE,Sabor
EFAS,12,1439,Moinho Da Gamitinha,-8.404,38.063,0,HIST_24h,,Sado,PT,2650,2713.16,Sado,3,0,TRUE,0,1,0,0,0,0,31,TRUE,2712500,1857500,24,ID_1439.mod,,1439,FALSE,1023,FALSE,Sado
EFAS,12,1440,Moinho Da Ponte Nova,-7.505,41.04,0,,,Douro,PT,425,439.92,Duero,,0,TRUE,0,1,0,0,0,0,452,FALSE,2852500,2162500,24,ID_1440.mod,Provider upArea too small to be included in calibration,1440,FALSE,1023,FALSE,Tavora
EFAS,12,1441,Moinho Novo,-8.029,39.228,0,HIST_24h,,Tagus,PT,650,647.05,Tajo,3,0,TRUE,0,1,0,0,0,0,99,TRUE,2767500,1972500,24,ID_1441.mod,,1441,FALSE,1023,FALSE,Sor
EFAS,12,1442,Monforte,-7.446,39.055,0,,,Tagus,PT,150,141.46,Tajo,,0,TRUE,0,1,0,0,0,0,233,FALSE,2817500,1947500,24,ID_1442.mod,Provider upArea too small to be included in calibration,1442,FALSE,1023,FALSE,Ribeira Grande
EFAS,12,1443,Monte Da Ponte,-7.859,37.836,0,HIST_24h,,Guadiana,PT,750,719.08,Guadiana,0,0,TRUE,0,1,0,0,0,0,103,FALSE,2752500,1822500,24,ID_1443.mod,Low quality data change in hydrometric zero,1443,FALSE,1023,FALSE,Cobres
EFAS,12,1444,Monte Dos Fortes,-7.624,37.342,0,,,Guadiana,PT,275,284.29,Guadiana,,0,TRUE,0,1,0,0,0,0,74,FALSE,2757500,1772500,24,ID_1444.mod,Provider upArea too small to be included in calibration,1444,FALSE,1023,FALSE,Ribeira de Odeleite
EFAS,12,1445,Monte Pisão,-7.274,39.111,0,,,Guadiana,PT,225,221.27,Guadiana,,0,TRUE,0,1,0,0,0,0,252,FALSE,2832500,1952500,24,ID_1445.mod,Provider upArea too small to be included in calibration,1445,FALSE,1023,FALSE,Caia
EFAS,12,1446,Murça,-7.463,41.401,0,,,Douro,PT,275,261.4,Duero,,0,TRUE,0,1,0,0,0,0,393,FALSE,2867500,2207500,24,ID_1446.mod,Provider upArea too small to be included in calibration,1446,FALSE,1023,FALSE,Tinhela
EFAS,12,1447,Nelas,-7.823,40.503,0,HIST_24h,,Mondego,PT,1100,1125.54,Mondego,3,0,TRUE,0,1,0,0,0,0,177,TRUE,2822500,2112500,24,ID_1447.mod,,1447,FALSE,1023,FALSE,Mondego
EFAS,12,1448,Oeiras,-7.712,37.664,0,,,Guadiana,PT,500,467.53,Guadiana,,0,TRUE,0,1,0,0,0,0,59,FALSE,2762500,1802500,24,ID_1448.mod,Provider upArea too small to be included in calibration,1448,FALSE,1023,FALSE,Ribera de Oeiras
EFAS,12,1449,Ponte Águeda,-8.448,40.571,0,,,Vouga,PT,400,404.28,Vouga,,0,TRUE,0,1,0,0,0,0,12,FALSE,2762500,2127500,24,ID_1449.mod,Provider upArea too small to be included in calibration,1449,FALSE,1023,FALSE,Agueda
EFAS,12,1450,Ponte Alvalade Campilhas,-8.404,37.932,0,HIST_24h,,Sado,PT,675,698.32,Sado,3,0,TRUE,0,1,0,0,0,0,45,TRUE,2707500,1842500,24,ID_1450.mod,,1450,FALSE,1023,FALSE,Ribeira de Campilhas
EFAS,12,1451,Ponte Alvalade Sado,-8.383,37.941,0,HIST_24h,,Sado,PT,625,669.75,Sado,3,0,TRUE,0,1,0,0,0,0,49,TRUE,2712500,1842500,24,ID_1451.mod,Moved on Sado Moved South to avoid conflict in inflow,1451,FALSE,1023,FALSE,Sado
EFAS,12,1452,Ponte Cabouco,-8.372,40.178,0,HIST_24h,,Mondego,PT,450,502.81,Mondego,3,0,TRUE,0,1,0,0,0,0,30,TRUE,2767500,2087500,24,ID_1452.mod,,1452,FALSE,1023,FALSE,Ceira
EFAS,12,1453,Ponte Cavez,-7.893,41.513,0,HIST_24h,,Douro,PT,1925,1995.99,Duero,2,0,TRUE,0,1,0,0,0,0,211,FALSE,2842500,2222500,24,ID_1453.mod,close to 1436,1453,FALSE,1023,FALSE,Tamega
EFAS,12,1454,Ponte Da Barca,-8.421,41.809,0,HIST_24h,,Lima,PT,2100,1728.77,Lima,3,0,TRUE,0,1,0,0,0,0,29,TRUE,2797500,2267500,24,ID_1454.mod,Moved downstream of confluence oscillations regulated,1454,FALSE,1023,FALSE,Lima
EFAS,12,1455,Ponte Figueira,-7.056,40.784,0,,,Douro,PT,250,273.33,Duero,,0,TRUE,0,1,0,0,0,0,502,FALSE,2892500,2117500,24,ID_1455.mod,Provider upArea too small to be included in calibration,1455,FALSE,1023,FALSE,Ribeira das Cabras
EFAS,12,1458,Ponte Mocate,-8.637,40.082,0,,,Mondego,PT,500,465.61,Mondego,,0,TRUE,0,1,0,0,0,0,7,FALSE,2742500,2082500,24,ID_1458.mod,Provider upArea too small to be included in calibration,1458,FALSE,1023,FALSE,Arunca
EFAS,12,1459,Ponte Pinelo,-6.578,41.644,0,HIST_24h,,Douro,PT,550,543.72,Duero,3,0,TRUE,0,1,0,0,0,0,500,TRUE,2947500,2212500,24,ID_1459.mod,,1459,FALSE,1023,FALSE,Ribeira do Rio Macas
EFAS,12,1460,Ponte Redonda,-8.378,40.546,0,,,Vouga,PT,225,151.6,Vouga,,0,TRUE,0,1,0,0,0,0,75,FALSE,2772500,2127500,24,ID_1460.mod,Provider upArea too small to be included in calibration  Moved,1460,FALSE,1023,FALSE,Agueda
EFAS,12,1461,Ponte Ribeira Pernes,-8.66,39.39,0,,,Tagus,PT,175,162.85,Tajo,,0,TRUE,0,1,0,0,0,0,37,FALSE,2722500,2007500,24,ID_1461.mod,Provider upArea too small to be included in calibration,1461,FALSE,1023,FALSE,Alviela
EFAS,12,1462,Ponte Rodoviária,-8.174,37.124,0,,,Ribeiras do Algarve,PT,325,324.58,Ribeiras do Algarve,,0,TRUE,0,1,0,0,0,0,23,FALSE,2707500,1762500,24,ID_1462.mod,Provider upArea too small to be included in calibration,1462,FALSE,1023,FALSE,Ribeira da Quarteira
EFAS,12,1463,Ponte Vale Maior,-8.461,40.693,0,,,Vouga,PT,200,189.7,Vouga,,0,TRUE,0,1,0,0,0,0,32,FALSE,2772500,2152500,24,ID_1463.mod,Provider upArea too small to be included in calibration,1463,FALSE,1023,FALSE,Caima
EFAS,12,1464,Ponte Vila Formosa,-7.784,39.216,0,HIST_24h,,Tagus,PT,700,664.81,Tajo,3,0,TRUE,0,1,0,0,0,0,139,TRUE,2792500,1972500,24,ID_1464.mod,,1464,FALSE,1023,FALSE,Riberia da Raia
EFAS,12,1465,Pulo Do Lobo,-7.633,37.803,0,HIST_24h,,Guadiana,PT,61750,61884.92,Guadiana,3,0,TRUE,0,1,0,0,0,0,28,TRUE,2772500,1812500,24,ID_1465.mod,,1465,FALSE,1023,FALSE,Guadiana
EFAS,12,1466,Quinta Castelo Borges,-7.64,41.144,0,,,Douro,PT,175,172.4,Duero,,0,TRUE,0,1,0,0,0,0,110,FALSE,2847500,2172500,24,ID_1466.mod,Provider upArea too small to be included in calibration,1466,FALSE,1023,FALSE,Tedo
EFAS,12,1467,Quinta Das Laranjeiras,-7.059,41.208,0,HIST_24h,,Douro,PT,3450,3487.49,Duero,3,0,TRUE,0,1,0,0,0,0,152,TRUE,2897500,2172500,24,ID_1467.mod,,1467,FALSE,1023,FALSE,Sabor
EFAS,12,1468,Quinta Rape,-7.513,40.889,0,,,Douro,PT,175,171.55,Duero,,0,TRUE,0,1,0,0,0,0,577,FALSE,2852500,2142500,24,ID_1468.mod,Provider upArea too small to be included in calibration,1468,FALSE,1023,FALSE,Tavora
EFAS,12,1469,Rabaçal,-8.381,41.814,0,HIST_24h,,Lima,PT,2075,1697.74,Lima,2,0,TRUE,0,1,0,0,0,0,26,FALSE,2802500,2267500,24,ID_1469.mod,dam  moved station downstream  close to 1454,1469,FALSE,1023,FALSE,Lima
EFAS,12,1470,Rebordelo,-7.174,41.749,0,HIST_24h,,Douro,PT,875,868.61,Duero,3,0,TRUE,0,1,0,0,0,0,359,TRUE,2902500,2232500,24,ID_1470.mod,,1470,FALSE,1023,FALSE,Rabacal
EFAS,12,1471,Ribeiro,-8.398,40.566,0,,,Vouga,PT,225,204.67,Vouga,,0,TRUE,0,1,0,0,0,0,24,FALSE,2777500,2132500,24,ID_1471.mod,Provider upArea too small to be included in calibration Moved,1471,FALSE,1023,FALSE,Alfusqueiro
EFAS,12,1472,Secarias,-8.037,40.249,0,HIST_24h,,Mondego,PT,475,512.16,Mondego,3,0,TRUE,0,1,0,0,0,0,152,TRUE,2802500,2092500,24,ID_1472.mod,,1472,FALSE,1023,FALSE,Alva
EFAS,12,1473,Segura,-6.983,39.815,0,HIST_24h,,Tagus,PT,1000,981.66,Tajo,3,0,TRUE,0,1,0,0,0,0,184,TRUE,2877500,2022500,24,ID_1473.mod,,1473,FALSE,1023,FALSE,Erges
EFAS,12,1474,Tenência (PORTO Das Areias),-7.486,37.364,0,,,Guadiana,PT,400,396.89,Guadiana,,0,TRUE,0,1,0,0,0,0,9,FALSE,2772500,1767500,24,ID_1474.mod,Provider upArea too small to be included in calibration,1474,FALSE,1023,FALSE,Ribeira da Foupana
EFAS,12,1475,Torrão Do Alentejo,-8.229,38.299,0,,,Sado,PT,475,468.35,Sado,,0,TRUE,0,1,0,0,0,0,58,FALSE,2727500,1877500,24,ID_1475.mod,Provider upArea too small to be included in calibration,1475,FALSE,1023,FALSE,Ribeira do Xarrama
EFAS,12,1476,Vale De Mendiz,-7.536,41.235,0,,,Douro,PT,250,246.17,Duero,,0,TRUE,0,1,0,0,0,0,176,FALSE,2857500,2187500,24,ID_1476.mod,Provider upArea too small to be included in calibration,1476,FALSE,1023,FALSE,Pinhao
EFAS,12,1477,Vale Trevo,-7.138,40.908,0,,,Douro,PT,425,405.4,Duero,,0,TRUE,0,1,0,0,0,0,338,FALSE,2882500,2142500,24,ID_1477.mod,Provider upArea too small to be included in calibration,1477,FALSE,1023,FALSE,Ribeira de Massueime
EFAS,12,1478,Vascão,-7.579,37.52,0,,,Guadiana,PT,400,409.89,Guadiana,,0,TRUE,0,1,0,0,0,0,49,FALSE,2767500,1782500,24,ID_1478.mod,Provider upArea too small to be included in calibration,1478,FALSE,1023,FALSE,Ribeira do Vascao
EFAS,12,1479,Vendinha,-7.678,38.46,0,HIST_24h,,Guadiana,PT,825,821.31,Guadiana,3,0,TRUE,0,1,0,0,0,0,162,TRUE,2782500,1887500,24,ID_1479.mod,,1479,FALSE,1023,FALSE,Rio Degebe
EFAS,12,1480,Vinhais (QUINTA Ranca),-6.995,41.81,0,,,Douro,PT,500,478.54,Duero,,0,TRUE,0,1,0,0,0,0,441,FALSE,2922500,2237500,24,ID_1480.mod,Provider upArea too small to be included in calibration,1480,FALSE,1023,FALSE,Rio Tuela
EFAS,12,1481,Ponte Juncais,-7.521,40.612,0,HIST_24h,,Mondego,PT,625,606.6,Mondego,2,0,TRUE,0,1,0,0,0,0,335,FALSE,2852500,2117500,24,ID_1481.mod,close to 1447,1481,FALSE,1023,FALSE,Mondego
EFAS,12,1482,Ashton Weir,-2.344072,53.438308,1,HIST_24h,,Mersey,UK,650,660,Mersey,3,0,TRUE,1,1,1,1,1,1,,TRUE,3512500,3437500,6,ID_1482.mod,,1482,TRUE,1038,TRUE,Mersey
EFAS,12,1483,Bewdley,-2.322438,52.383563,1,HIST_24h,C624,Severn,UK,4300,4325,Severn,3,0,TRUE,1,1,1,1,1,1,,TRUE,3487500,3322500,6,ID_1483.mod,,1483,TRUE,1038,TRUE,Severn
EFAS,12,1484,Evesham,-1.942876,52.092165,1,HIST_24h,C679,Severn,UK,2275,2210,Severn,3,0,TRUE,0,1,1,1,1,1,,TRUE,3507500,3287500,6,ID_1484.mod,,1484,FALSE,1038,FALSE,Avon
EFAS,12,1485,Montford,-2.872198,52.724474,1,,,Severn,UK,1950,2025,Severn,,0,TRUE,1,1,1,1,1,1,,FALSE,3452500,3367500,6,ID_1485.mod,Not enough discarge data available for calibration period,1485,TRUE,1038,TRUE,Severn
EFAS,12,1486,Tenbury,-2.591539,52.313207,1,HIST_24h,,Severn,UK,1175,1134.4,Severn,3,0,TRUE,0,1,1,0,1,1,,TRUE,3462500,3317500,6,ID_1486.mod,,1486,FALSE,1038,FALSE,Teme
EFAS,12,1487,Saxons Lode,-2.200744,52.049661,1,,,Severn,UK,6800,6850,Severn,,0,TRUE,1,1,1,1,1,1,,FALSE,3487500,3287500,6,ID_1487.mod,Not enough discarge data available for calibration period,1487,TRUE,1038,TRUE,Severn
EFAS,12,1488,Haw Bridge,-2.227065,51.948918,1,,,Severn,UK,9725,9895,Severn,,0,TRUE,0,1,1,0,1,1,,FALSE,3487500,3277500,,,No discharge data available for calibration period,1488,FALSE,1038,FALSE,Severn
EFAS,12,1489,Bredon,-2.116566,52.03494,1,,,Severn,UK,2675,2674,Severn,,0,TRUE,1,1,1,1,1,1,,FALSE,3492500,3282500,6,ID_1489.mod,Not enough discarge data available for calibration period,1489,TRUE,1038,TRUE,Avon
EFAS,12,1490,Buildwas,-2.524962,52.636354,1,,,Severn,UK,3700,3717,Severn,,0,TRUE,1,1,1,1,1,1,,FALSE,3482500,3352500,6,ID_1490.mod,Not enough discarge data available for calibration period,1490,TRUE,1038,TRUE,Severn
EFAS,12,1491,Kidderminster,-2.250478,52.388952,0,,,Severn,UK,350,324,Severn,,0,TRUE,0,1,1,1,1,0,,FALSE,3492500,3322500,,,Provider upArea too small to be included in calibration,1491,FALSE,1038,FALSE,Stour
EFAS,12,1492,Shardlow,-1.335368,52.865431,1,,,Trent,UK,4375,4400,Trent,,0,TRUE,1,1,1,1,1,1,,FALSE,3557500,3362500,6,ID_1492.mod,Not enough discarge data available for calibration period,1492,TRUE,1038,TRUE,Trent
EFAS,12,1493,Colwick,-1.07772,52.952707,1,HIST_24h,C654,Trent,UK,7550,7486,Trent,3,0,TRUE,0,1,1,0,1,1,,TRUE,3572500,3372500,24,ID_1493.mod,,1493,FALSE,1038,FALSE,Trent
EFAS,12,1494,Kings Bromley,-1.805399,52.75692,1,,,Trent,UK,1325,1229,Trent,,0,TRUE,1,1,1,1,1,1,,FALSE,3527500,3357500,6,ID_1494.mod,Not enough discarge data available for calibration period,1494,TRUE,1038,TRUE,Trent
EFAS,12,1495,Drakelow,-1.647106,52.780647,1,,,Trent,UK,3100,3072,Trent,,0,TRUE,0,1,1,0,1,1,,FALSE,3537500,3357500,,,No discharge data available for calibration period,1495,FALSE,1038,FALSE,Trent
EFAS,12,1496,North Muskham,-0.803653,53.131855,1,,,Trent,UK,8275,8231,Trent,,0,TRUE,1,1,1,1,1,1,,FALSE,3602500,3382500,6,ID_1496.mod,Not enough discarge data available for calibration period,1496,TRUE,1038,TRUE,Trent
EFAS,12,1497,Syston,-1.091508,52.706226,1,,,Trent,UK,450,413.8,Trent,,0,TRUE,1,1,1,1,1,1,,FALSE,3577500,3347500,6,ID_1497.mod,Provider upArea too small to be included in calibration,1497,TRUE,1038,TRUE,Wreake
EFAS,12,1498,Twyford Bridge,-0.952008,53.26962,1,,,Trent,UK,300,128.2,Trent,,0,TRUE,1,1,1,1,1,1,,FALSE,3592500,3402500,6,ID_1498.mod,Provider upArea too small to be included in calibration,1498,TRUE,1038,TRUE,Poulter
EFAS,12,1499,Kegworth,-1.273539,52.831898,1,,,Trent,UK,1350,1292,Trent,,0,TRUE,1,1,1,1,1,1,,FALSE,3567500,3357500,6,ID_1499.mod,Not enough discarge data available for calibration period,1499,TRUE,1038,TRUE,Soar
EFAS,12,1500,Bescot,-1.983428,52.560205,1,,,Trent,UK,150,169,Trent,,0,TRUE,1,1,1,1,1,1,,FALSE,3512500,3337500,6,ID_1500.mod,Provider upArea too small to be included in calibration,1500,TRUE,1038,TRUE,Tame
EFAS,12,1501,Littlethorpe,-1.201273,52.571268,1,,,Trent,UK,175,183.9,Trent,,0,TRUE,1,1,1,1,1,1,,FALSE,3562500,3332500,6,ID_1501.mod,Provider upArea too small to be included in calibration,1501,TRUE,1038,TRUE,Soar
EFAS,12,1502,Darlaston,-2.171867,52.916247,1,,,Trent,UK,175,195.2,Trent,,0,TRUE,1,1,1,1,1,1,,FALSE,3507500,3382500,6,ID_1502.mod,Provider upArea too small to be included in calibration,1502,TRUE,1038,TRUE,Trent
EFAS,12,1503,Derby City,-1.475443,52.92726,1,,,Trent,UK,1175,1054,Trent,,0,TRUE,1,1,1,1,1,1,,FALSE,3552500,3372500,6,ID_1503.mod,Not enough discarge data available for calibration period,1503,TRUE,1038,TRUE,Derwent
EFAS,12,1504,South Wigston,-1.13453,52.573856,1,,,Trent,UK,125,113,Trent,,0,TRUE,1,1,1,1,1,1,,FALSE,3572500,3327500,6,ID_1504.mod,Provider upArea too small to be included in calibration,1504,TRUE,1038,TRUE,Sence
EFAS,12,1505,Blyth,-1.053244,53.377166,1,,,Trent,UK,250,231,Trent,,0,TRUE,1,1,1,1,1,1,,FALSE,3587500,3417500,6,ID_1505.mod,Provider upArea too small to be included in calibration,1505,TRUE,1038,TRUE,Ryton
EFAS,12,1506,Pillings Lock,-1.164067,52.758541,1,,,Trent,UK,1100,1108.36,Trent,,0,TRUE,1,1,1,1,1,1,,FALSE,3572500,3347500,6,ID_1506.mod,Not enough discarge data available for calibration period,1506,TRUE,1038,TRUE,Soar
EFAS,12,1507,Sandiacre,-1.283492,52.921584,1,,,Trent,UK,225,182.2,Trent,,0,TRUE,0,1,1,0,1,1,,FALSE,3567500,3372500,6,ID_1507.mod,Provider upArea too small to be included in calibration,1507,FALSE,1038,FALSE,Erewash
EFAS,12,1508,Lenton,-1.183337,52.948176,1,,,Trent,UK,125,111,Trent,,0,TRUE,1,1,1,1,1,1,,FALSE,3572500,3377500,6,ID_1508.mod,Provider upArea too small to be included in calibration,1508,TRUE,1038,TRUE,Leen
EFAS,12,1509,Salisbury Harnham Bridge,-1.794461,51.061234,1,,,Avon (Hampshire),UK,1250,,Avon,,0,TRUE,1,1,1,1,0,0,,FALSE,3497500,3172500,6,ID_1509.mod,Not enough discarge data available for calibration period  It cannot be located correctly  Do not use,1509,TRUE,1038,TRUE,Avon (Hampshire)
EFAS,12,1510,Throop,-1.84203,50.763832,1,HIST_24h,,Stour,UK,1050,1073,Stour,3,0,TRUE,0,1,1,0,1,1,,TRUE,3487500,3142500,6,ID_1510.mod,,1510,FALSE,1038,FALSE,Stour
EFAS,12,1511,Loverley Farm,-1.99157,50.876605,1,,,Stour,UK,125,,Stour,,0,TRUE,1,1,1,1,1,1,,FALSE,3482500,3152500,6,ID_1511.mod,Not enough discarge data available for calibration period,1511,TRUE,1038,TRUE,Allen
EFAS,12,1512,Wincanton A303,-2.41251,51.048996,1,,,Stour,UK,25,,Stour,,0,TRUE,1,1,1,1,0,0,,FALSE,3457500,3177500,6,ID_1512.mod,Not enough discarge data available for calibration period,1512,TRUE,1038,TRUE,Cale
EFAS,12,1513,Sturminster Marshall Maggs Bridge,-2.083074,50.796983,1,,,Stour,UK,25,,Stour,,0,TRUE,1,1,1,1,0,0,,FALSE,3462500,3452500,6,ID_1513.mod,Not enough discarge data available for calibration period,1513,TRUE,1038,TRUE,Winterborne
EFAS,12,1514,Wimborne A31,-1.971312,50.789681,1,,,Stour,UK,1025,,Stour,,0,TRUE,1,1,1,1,0,0,,FALSE,3482500,3142500,6,ID_1514.mod,Not enough discarge data available for calibration period,1514,TRUE,1038,TRUE,Stour
EFAS,12,1515,Huntingford Bridge,-2.26953,51.067397,1,,,Stour,UK,50,,Stour,,0,TRUE,1,1,1,1,0,0,,FALSE,3467500,3177500,6,ID_1515.mod,Not enough discarge data available for calibration period,1515,TRUE,1038,TRUE,Shreen water
EFAS,12,1516,Bridport North Mills,-2.758202,50.739107,0,,,Brit,UK,25,,Brit,,0,FALSE,0,0,0,0,0,0,,FALSE,3427500,3152500,,,No discharge data available for calibration period Almost same location as 1518 no data available,1516,FALSE,1038,FALSE,Brit
EFAS,12,1517,Bridport Magdalen Lane,-2.767024,50.732602,1,,,Brit,UK,100,,Brit,,0,TRUE,1,1,1,1,0,0,,FALSE,3422500,3147500,6,ID_1517.mod,Not enough discarge data available for calibration period,1517,TRUE,1038,TRUE,Simene
EFAS,12,1518,Bridport East Bridge,-2.752023,50.732016,1,,,Brit,UK,75,,Brit,,0,TRUE,1,1,1,1,0,0,,FALSE,3427500,3147500,6,ID_1518.mod,Not enough discarge data available for calibration period,1518,TRUE,1038,TRUE,Asker
EFAS,12,1519,Trews Weir,-3.528346,50.716697,1,,,Exe,UK,1250,,Exe,,0,TRUE,1,1,1,1,0,0,,FALSE,3372500,3157500,6,ID_1519.mod,Not enough discarge data available for calibration period,1519,TRUE,1038,TRUE,Exe
EFAS,12,1520,Withy Bridge,-3.454771,50.751957,1,,,Clyst,UK,75,,Clyst,,0,TRUE,1,1,1,1,0,0,,FALSE,3377500,3157500,6,ID_1520.mod,Not enough discarge data available for calibration period,1520,TRUE,1038,TRUE,Clyst
EFAS,12,1521,Bovey Parke,-3.682939,50.595655,1,,,Teign,UK,125,,Teign,,0,TRUE,1,1,1,1,0,0,,FALSE,3357500,3142500,6,ID_1521.mod,Not enough discarge data available for calibration period,1521,TRUE,1038,TRUE,Bovey
EFAS,12,1522,Chudleigh Bridge,-3.61596,50.595093,1,,,Teign,UK,225,,Teign,,0,TRUE,1,1,1,1,0,0,,FALSE,3362500,3147500,6,ID_1522.mod,Not enough discarge data available for calibration period,1522,TRUE,1038,TRUE,Teign
EFAS,12,1523,Tamarstone Bridge,-4.438867,50.823636,1,,,Tamar,UK,75,,Tamar,,0,TRUE,1,1,1,1,0,0,,FALSE,3312500,3177500,6,ID_1523.mod,Not enough discarge data available for calibration period,1523,TRUE,1038,TRUE,Tamar
EFAS,12,1524,Loe Bar,-5.291913,50.08378,0,,,Cober,UK,75,,Cober,,0,TRUE,0,1,1,1,0,0,,FALSE,3237500,3112500,6,ID_1524.mod,Not enough discarge data available for calibration period,1524,FALSE,1038,FALSE,Cober
EFAS,12,1525,Langport Great Bow,-2.83502,51.037586,0,,,Parrett,UK,825,,Parrett,,0,FALSE,0,0,0,0,0,0,,FALSE,3427500,3182500,,,No discharge data available for calibration period,1525,FALSE,1038,FALSE,Parrett
EFAS,12,1526,Bath Ultrasonic,-2.379307,51.384327,1,,,Avon (Bristol),UK,1625,,Avon,,0,TRUE,1,1,1,1,0,0,,FALSE,3462500,3212500,6,ID_1526.mod,Not enough discarge data available for calibration period,1526,TRUE,1038,TRUE,Avon (Bristol)
EFAS,12,1527,Bathford,-2.310449,51.401613,1,,,Avon (Bristol),UK,1600,1552,Avon,,0,TRUE,0,1,1,0,1,1,,FALSE,3467500,3212500,,,No discharge data available for calibration period,1527,FALSE,1038,FALSE,Avon (Bristol)
EFAS,12,1528,Frome Rodden Bridge,-2.308252,51.230803,1,,,Avon (Bristol),UK,275,,Avon,,0,TRUE,1,1,1,1,0,0,,FALSE,3467500,3197500,6,ID_1528.mod,Not enough discarge data available for calibration period,1528,TRUE,1038,TRUE,Frome
EFAS,12,1529,Kearsley,-2.371963,53.546445,1,,,Mersey,UK,525,,Mersey,,0,TRUE,1,1,1,1,1,1,,FALSE,3507500,3452500,6,ID_1529.mod,Not enough discarge data available for calibration period,1529,TRUE,1038,TRUE,Irwell
EFAS,12,1530,Broomstairs,-2.095579,53.454855,1,,,Trent,UK,125,113,Trent,,0,TRUE,1,1,1,1,1,1,,FALSE,3522500,3442500,,,Provider upArea too small to be included in calibration,1530,FALSE,1038,TRUE,Tame
EFAS,12,1531,Westy,-2.560365,53.390658,1,,,Mersey,UK,2025,2030,Mersey,,0,TRUE,1,1,1,1,1,1,,FALSE,3492500,3437500,6,ID_1531.mod,Not enough discarge data available for calibration period,1531,TRUE,1038,TRUE,Mersey
EFAS,12,1532,Wanes Blades,-2.793103,53.607043,1,,,Ribble,UK,225,198,Ribble,,0,TRUE,1,1,1,1,1,1,,FALSE,3477500,3462500,6,ID_1532.mod,Provider upArea too small to be included in calibration,1532,TRUE,1038,TRUE,Douglas
EFAS,12,1533,Wigan,-2.625999,53.54925,1,,,Ribble,UK,50,55.3,Ribble,,0,TRUE,1,1,1,1,1,1,,FALSE,3487500,3462500,6,ID_1533.mod,Provider upArea too small to be included in calibration,1533,TRUE,1038,TRUE,Douglas
EFAS,12,1534,Samlesbury,-2.624715,53.76911,1,HIST_24h,,Ribble,UK,1125,1145,Ribble,3,0,TRUE,0,1,1,0,1,1,,TRUE,3492500,3482500,6,ID_1534.mod,,1534,FALSE,1038,FALSE,Ribble
EFAS,12,1535,New Jumbles Rock,-2.453518,53.833695,1,,,Ribble,UK,1025,1053,Ribble,,0,TRUE,0,1,1,0,1,1,,FALSE,3507500,3482500,,,No discharge data available for calibration period,1535,FALSE,1038,FALSE,Ribble
EFAS,12,1536,Great Corby,-2.830743,54.890119,1,,,Eden,UK,1450,1373,Eden,,0,TRUE,0,1,1,0,1,1,,FALSE,3502500,3602500,,,No discharge data available for calibration period,1536,FALSE,1038,FALSE,Eden
EFAS,12,1537,Sheepmount,-2.952852,54.90486,1,HIST_24h,C676,Eden,UK,2375,2286.5,Eden,3,0,TRUE,0,1,1,0,1,1,,TRUE,3497500,3607500,6,ID_1537.mod,,1537,FALSE,1038,FALSE,Eden
EFAS,12,1538,Water Eaton,-1.826539,51.64017,1,,,Thames,UK,75,84.1,Thames,,0,TRUE,1,1,1,1,1,1,,FALSE,3507500,3232500,6,ID_1538.mod,Provider upArea too small to be included in calibration,1538,TRUE,1038,TRUE,Ray
EFAS,12,1539,Belmont,-2.752202,52.045084,1,,,Wye,UK,1925,1895.9,Wye,,0,FALSE,0,0,1,0,1,1,,FALSE,3452500,3292500,,,No discharge data available for calibration period,1539,FALSE,1038,FALSE,Wye
EFAS,12,1540,Fairford,-1.783971,51.709394,1,,,Thames,UK,175,130,Thames,,0,TRUE,1,1,1,1,1,1,,FALSE,3512500,3242500,6,ID_1540.mod,Provider upArea too small to be included in calibration,1540,TRUE,1038,TRUE,Coln
EFAS,12,1541,Worsham,-1.564378,51.793689,1,,,Thames,UK,300,296,Thames,,0,TRUE,1,1,1,1,1,1,,FALSE,3517500,3252500,6,ID_1541.mod,Provider upArea too small to be included in calibration,1541,TRUE,1038,TRUE,Windrush
EFAS,12,1542,Farmoor,-1.366384,51.757544,1,,,Thames,UK,1550,1608.5,Thames,,0,TRUE,1,1,1,1,1,1,,FALSE,3537500,3242500,6,ID_1542.mod,Not enough discarge data available for calibration period,1542,TRUE,1038,TRUE,Thames
EFAS,12,1543,Sutton Courtenay,-1.254167,51.647821,1,HIST_24h,,Thames,UK,3375,3414,Thames,0,0,TRUE,1,1,1,1,1,1,,FALSE,3547500,3232500,6,ID_1543.mod,same location as 2433 almost same data  use 2433,1543,TRUE,1038,TRUE,Thames
EFAS,12,1544,Wheatley,-1.115198,51.740637,1,,,Thames,UK,550,533.8,Thames,,0,TRUE,1,1,1,1,1,1,,FALSE,3562500,3242500,6,ID_1544.mod,Not enough discarge data available for calibration period,1544,TRUE,1038,TRUE,Thame
EFAS,12,1545,Reading,-0.967884,51.461325,1,,,Thames,UK,4625,4633.7,Thames,,0,TRUE,1,1,1,1,1,1,,FALSE,3557500,3207500,6,ID_1545.mod,Not enough discarge data available for calibration period,1545,TRUE,1038,TRUE,Thames
EFAS,12,1546,Newbury,-1.323874,51.401605,1,,,Thames,UK,550,548.1,Thames,,0,TRUE,1,1,1,1,1,1,,FALSE,3532500,3207500,6,ID_1546.mod,Not enough discarge data available for calibration period,1546,TRUE,1038,TRUE,Kennet
EFAS,12,1547,Farnborough,-0.739058,51.29741,1,,,Thames,UK,25,35.5,Thames,,0,TRUE,1,1,1,1,1,1,,FALSE,3572500,3182500,6,ID_1547.mod,Provider upArea too small to be included in calibration,1547,TRUE,1038,TRUE,Blackwater
EFAS,12,1548,River Whitewater at Holdshot Farm,-0.940772,51.335871,1,,,Thames,UK,200,,Thames,,0,TRUE,1,1,1,1,1,1,,FALSE,3562500,3192500,6,ID_1548.mod,Not enough discarge data available for calibration period,1548,TRUE,1038,TRUE,Whitewater
EFAS,12,1549,Taplow,-0.697199,51.529307,1,,,Thames,UK,25,,Thames,,0,TRUE,1,1,1,1,1,1,,FALSE,3577500,3212500,6,ID_1549.mod,Not enough discarge data available for calibration period Moved on affluent,1549,TRUE,1038,TRUE,Jubilee
EFAS,12,1550,Maidenhead,-0.702103,51.524146,1,,,Thames,UK,7075,,Thames,,0,TRUE,1,1,1,1,1,1,,FALSE,3582500,3212500,6,ID_1550.mod,Not enough discarge data available for calibration period,1550,TRUE,1038,TRUE,Thames
EFAS,12,1551,Windsor Park,-0.589124,51.485795,1,,,Thames,UK,7175,7046,Thames,,0,TRUE,1,1,1,1,1,1,,FALSE,3587500,3207500,6,ID_1551.mod,Not enough discarge data available for calibration period,1551,TRUE,1038,TRUE,Thames
EFAS,12,1552,Hythe End,-0.535292,51.440219,1,,,Thames,UK,1000,,Thames,,0,TRUE,1,1,1,1,1,1,,FALSE,3592500,3202500,6,ID_1552.mod,Not enough discarge data available for calibration period,1552,TRUE,1038,TRUE,Colne
EFAS,12,1553,Staines Trading Estate,-0.512241,51.437123,1,,,Thames,UK,975,,Thames,,0,TRUE,1,1,1,1,1,1,,FALSE,3597500,3207500,6,ID_1553.mod,Not enough discarge data available for calibration period Moved upstream of 1552 very difficult to locate,1553,TRUE,1038,TRUE,Colne
EFAS,12,1554,Staines,-0.512248,51.431611,1,,,Thames,UK,8300,8120,Thames,,0,TRUE,1,1,1,1,1,1,,FALSE,3592500,3197500,6,ID_1554.mod,Not enough discarge data available for calibration period,1554,TRUE,1038,TRUE,Thames
EFAS,12,1555,Chertsey Bourne,-0.539779,51.402823,1,,,Thames,UK,50,,Thames,,0,TRUE,1,1,1,1,1,1,,FALSE,3587500,3197500,6,ID_1555.mod,Not enough discarge data available for calibration period Moved on affluent,1555,TRUE,1038,TRUE,The Bourne
EFAS,12,1556,Bramley,-0.57032,51.206896,1,,,Thames,UK,100,109.5,Thames,,0,TRUE,1,1,1,1,1,1,,FALSE,3587500,3167500,6,ID_1556.mod,Provider upArea too small to be included in calibration,1556,TRUE,1038,TRUE,Cranleigh Waters / Bramley Wey
EFAS,12,1557,Hoe Stream at Woking,-0.537112,51.306994,1,,,Thames,UK,900,,Thames,,0,TRUE,0,1,1,0,1,0,,FALSE,3587500,3182500,,,No discharge data available for calibration period,1557,FALSE,1038,FALSE,Hoe
EFAS,12,1558,Guildford,-0.578011,51.236036,1,,,Thames,UK,775,689.6,Thames,,0,TRUE,1,1,1,1,1,1,,FALSE,3587500,3177500,6,ID_1558.mod,Not enough discarge data available for calibration period,1558,TRUE,1038,TRUE,Wey
EFAS,12,1559,Weybridge,-0.466322,51.37248,1,,,Thames,UK,950,1008,Thames,,0,TRUE,1,1,1,1,1,1,,FALSE,3592500,3187500,6,ID_1559.mod,Not enough discarge data available for calibration period Small affluent impossible to locate,1559,TRUE,1038,TRUE,Wey
EFAS,12,1560,Walton,-0.421389,51.3919,1,,,Thames,UK,9500,9291.5,Thames,,0,TRUE,1,1,1,1,1,1,,FALSE,3597500,3192500,6,ID_1560.mod,Not enough discarge data available for calibration period,1560,TRUE,1038,TRUE,Thames
EFAS,12,1561,Gatwick Airport,-0.19953,51.144764,1,,,Thames,UK,25,31.8,Thames,,0,TRUE,1,1,1,1,1,1,,FALSE,3607500,3162500,6,ID_1561.mod,Provider upArea too small to be included in calibration,1561,TRUE,1038,TRUE,Mole
EFAS,12,1562,Leatherhead,-0.336089,51.294985,1,,,Thames,UK,375,,Thames,,0,TRUE,1,1,1,1,1,1,,FALSE,3602500,3182500,6,ID_1562.mod,Not enough discarge data available for calibration period,1562,TRUE,1038,TRUE,Mole
EFAS,12,1563,Esher,-0.377493,51.381714,1,,,Thames,UK,425,469.6,Thames,,0,TRUE,1,1,1,1,1,1,,FALSE,3597500,3187500,6,ID_1563.mod,Provider upArea too small to be included in calibration,1563,TRUE,1038,TRUE,Mole
EFAS,12,1564,Thames at Kingston (Backup),-0.478405,51.374211,1,,,Thames,UK,1050,,Thames,,0,TRUE,1,1,1,1,1,1,,FALSE,3592500,3192500,6,ID_1564.mod,Not enough discarge data available for calibration period,1564,TRUE,1038,TRUE,The Bourne
EFAS,12,1565,Kingston,-0.308869,51.415005,1,HIST_24h,C653,Thames,UK,10000,9948,Thames,3,0,TRUE,1,1,1,1,1,1,,TRUE,3602500,3192500,6,ID_1565.mod,,1565,TRUE,1038,TRUE,Thames
EFAS,12,1566,Longley Road,-0.173411,51.421965,1,,,Thames,UK,200,,Thames,,0,TRUE,1,1,1,1,1,1,,FALSE,3617500,3192500,6,ID_1566.mod,Not enough discarge data available for calibration period,1566,TRUE,1038,TRUE,Graveney
EFAS,12,1567,"Roydon, Glen Faba",0.015113,51.764828,1,,,Thames,UK,275,280.2,Thames,,0,TRUE,1,1,1,1,1,1,,FALSE,3637500,3232500,6,ID_1567.mod,Provider upArea too small to be included in calibration,1567,TRUE,1038,TRUE,Stort
EFAS,12,1568,"Hoddesdon, Rye Bridge",0.006126,51.770008,1,,,Thames,UK,825,758.3,Thames,,0,TRUE,1,1,1,1,1,1,,FALSE,3632500,3237500,6,ID_1568.mod,Not enough discarge data available for calibration period,1568,TRUE,1038,TRUE,Lee
EFAS,12,1569,River Lee At Feildes Weir (Gauged),0.01362,51.76417,1,,,Thames,UK,1125,1036,Thames,,0,TRUE,0,1,1,0,1,1,,FALSE,3632500,3232500,,,No discharge data available for calibration period,1569,FALSE,1038,FALSE,Lee
EFAS,12,1570,Feildes Weir Navigation,0.013634,51.758384,1,,,Thames,UK,1175,,Thames,,1,FALSE,1,1,1,1,1,1,,FALSE,3632500,3227500,,,DO NOT USE Not enough discarge data available for calibration period Same as 1572  Do not use,1570,FALSE,1038,FALSE,Lee
EFAS,12,1571,Feildes Weir Flood Relief,0.01427,51.758225,1,,,Thames,UK,1175,,Thames,,1,FALSE,1,1,1,1,1,1,,FALSE,3632500,3227500,,,DO NOT USE Not enough discarge data available for calibration period Same as 1572  Do not use,1571,FALSE,1038,FALSE,Lee
EFAS,12,1572,Feildes Weir Ultrasonic,0.014057,51.758232,1,,,Thames,UK,1175,,Thames,,0,TRUE,1,1,0,1,0,0,,FALSE,3632500,3227500,6,ID_1572.mod,Not enough discarge data available for calibration period Same as 1570 1571,1572,TRUE,1038,TRUE,Lee
EFAS,12,1573,Lea Bridge,-0.051025,51.567832,1,,,Thames,UK,1400,1364,Thames,,0,TRUE,1,1,1,1,1,1,,FALSE,3627500,3212500,6,ID_1573.mod,Not enough discarge data available for calibration period,1573,TRUE,1038,TRUE,Lee
EFAS,12,1574,Geldharts Mill,-0.922807,52.271031,1,,,Nene,UK,125,,Nene,,0,TRUE,1,1,1,1,1,1,,FALSE,3577500,3302500,6,ID_1574.mod,Not enough discarge data available for calibration period,1574,TRUE,1038,TRUE,Nene - Brampton Branch
EFAS,12,1575,Costessey Mill Sluice,1.218212,52.668256,1,,,Yare,UK,600,,Yare,,0,TRUE,1,1,1,1,1,1,,FALSE,3727500,3322500,6,ID_1575.mod,Not enough discarge data available for calibration period,1575,TRUE,1038,TRUE,Wensum
EFAS,12,1576,Burton Coggles,-0.536693,52.823395,1,,,Welland,UK,75,,Welland,,0,TRUE,1,1,1,1,1,1,,FALSE,3612500,3352500,6,ID_1576.mod,Not enough discarge data available for calibration period,1576,TRUE,1038,TRUE,West Glen
EFAS,12,1577,Ryhall Ps,-0.461996,52.684377,1,,,Welland,UK,150,,Welland,,0,TRUE,1,1,0,1,0,0,,FALSE,3617500,3337500,6,ID_1577.mod,Not enough discarge data available for calibration period Same coordinates as 1583 Very low quality data this stations must be excluded  Do not use,1577,TRUE,1038,TRUE,Gwash
EFAS,12,1578,Irnham,-0.460655,52.833221,1,,,Welland,UK,75,,Welland,,0,TRUE,1,1,1,1,1,1,,FALSE,3617500,3352500,6,ID_1578.mod,Not enough discarge data available for calibration period,1578,TRUE,1038,TRUE,East Glen
EFAS,12,1579,St Andrews Bypass,-0.907242,52.248411,1,,,Nene,UK,275,,Nene,,0,TRUE,0,1,1,0,1,1,,FALSE,3577500,3297500,,,No discharge data available for calibration period,1579,FALSE,1038,FALSE,Nene - Brampton Branch
EFAS,12,1580,Tinwell Gs,-0.498408,52.64221,1,,,Welland,UK,500,,Welland,,0,TRUE,1,1,1,1,0,0,,FALSE,3612500,3332500,6,ID_1580.mod,Not enough discarge data available for calibration period,1580,TRUE,1038,TRUE,Welland
EFAS,12,1581,North Brook Gs Empingham,-0.586211,52.669363,1,,,Welland,UK,125,,Welland,,0,TRUE,1,1,1,1,0,0,,FALSE,3607500,3337500,6,ID_1581.mod,Not enough discarge data available for calibration period,1581,TRUE,1038,TRUE,North Brook
EFAS,12,1582,Barrowden Gs,-0.602096,52.588637,1,,,Welland,UK,400,,Welland,,0,TRUE,1,1,0,1,0,0,,FALSE,3607500,3327500,6,ID_1582.mod,Not enough discarge data available for calibration period,1582,TRUE,1038,TRUE,Welland
EFAS,12,1583,Belmesthorpe Gs Gsm,-0.466665,52.675258,1,,,Welland,UK,150,,Welland,,0,TRUE,1,1,0,1,0,0,,FALSE,3612500,3337500,6,ID_1583.mod,Not enough discarge data available for calibration period,1583,TRUE,1038,TRUE,Gwash
EFAS,12,1584,Chapel St Leonards Gs,0.330271,53.228157,1,,,Anglian,UK,200,,Anglian,,0,TRUE,1,1,0,1,0,0,,FALSE,3677500,3387500,6,ID_1584.mod,Not enough discarge data available for calibration period,1584,TRUE,1038,TRUE,Anglian
EFAS,12,1585,Eye Brook Gs Caldecott,-0.737853,52.538917,1,,,Welland,UK,75,,Welland,,0,TRUE,1,1,0,1,0,0,,FALSE,3592500,3327500,,,Not enough discarge data available for calibration period,1585,FALSE,1038,TRUE,Eye brook
EFAS,12,1586,King Street Gs Stowe,-0.360954,52.681746,1,,,Welland,UK,175,,Welland,,0,TRUE,1,1,0,1,0,0,,FALSE,3622500,3337500,6,ID_1586.mod,Not enough discarge data available for calibration period,1586,TRUE,1038,TRUE,Greatford cut
EFAS,12,1587,Doncaster,-1.141573,53.529564,1,,,Ouse,UK,1300,1256.2,Ouse,,0,FALSE,0,0,1,0,1,1,,FALSE,3582500,3432500,,,No discharge data available for calibration period,1587,FALSE,1038,FALSE,Don
EFAS,12,1588,Beal Weir Bridge,-1.198257,53.723209,1,,,Ouse,UK,1975,1932.1,Ouse,,0,FALSE,0,0,1,0,1,1,,FALSE,3587500,3457500,,,No discharge data available for calibration period,1588,FALSE,1038,FALSE,Aire
EFAS,12,1589,Skelton,-1.135153,53.991515,1,HIST_24h,C677,Ouse,UK,3250,3315,Ouse,3,0,TRUE,0,1,1,0,1,1,,TRUE,3592500,3487500,24,ID_1589.mod,,1589,FALSE,1038,FALSE,Ouse
EFAS,12,1590,Low Moor,-1.439612,54.488525,1,,,Tees,UK,1325,1264,Tees,,0,FALSE,0,0,1,0,1,1,,FALSE,3582500,3547500,,,No discharge data available for calibration period,1590,FALSE,1038,FALSE,Tees
EFAS,12,1591,Chester-Le-Street,-1.560716,54.854785,1,,,Wear,UK,1075,1008.3,Wear,,0,FALSE,0,0,1,0,1,1,,FALSE,3582500,3587500,,,No discharge data available for calibration period,1591,FALSE,1038,FALSE,Wear
EFAS,12,1592,Bywell,-1.940633,54.94992,1,HIST_24h,C675,Tyne,UK,2225,2175.6,Tyne,3,0,TRUE,0,1,1,0,1,1,,TRUE,3562500,3602500,24,ID_1592.mod,,1592,FALSE,1038,FALSE,Tyne
EFAS,12,1593,Reaverhill,-2.148665,55.053183,1,,,Tyne,UK,1025,1007.5,Tyne,,0,FALSE,0,0,1,0,1,1,,FALSE,3547500,3617500,,,No discharge data available for calibration period,1593,FALSE,1038,FALSE,North Tyne
EFAS,12,1594,Surazh,30.70915,55.40743,1,,,Daugava,BY,25475,20300,Daugava,,0,FALSE,0,0,0,0,1,1,135.96,FALSE,5612500,3777500,,,No discharge data available for calibration period Cannot be located correctly,1594,FALSE,1053,FALSE,Daugava
EFAS,12,1595,Verhnedvinsk,27.92141,55.75909,1,,,Daugava,BY,51775,52900,Daugava,,0,TRUE,0,0,0,1,1,1,99.38,FALSE,5432500,3767500,,,No discharge data available for calibration period,1595,FALSE,1053,FALSE,Daugava
EFAS,12,1596,Loev,30.80438,51.94884,1,,,Dnieper,BY,103850,102000,Dnieper,,0,FALSE,0,0,0,0,1,1,108.03,FALSE,5727500,3407500,,,No discharge data available for calibration period,1596,FALSE,1053,FALSE,Dnieper
EFAS,12,1597,Berezino,29.00313,53.81961,1,,,Dnieper,BY,11150,10800,Dnieper,,0,FALSE,0,0,0,0,1,1,143.49,FALSE,5552500,3577500,,,No discharge data available for calibration period,1597,FALSE,1053,FALSE,Berezina
EFAS,12,1598,Svetlogorsk,29.7139,52.65137,1,,,Dnieper,BY,24500,23300,Dnieper,,0,TRUE,0,0,0,1,1,1,120.37,FALSE,5637500,3462500,,,No discharge data available for calibration period,1598,FALSE,1053,FALSE,Berezina
EFAS,12,1599,Petrikov,28.48592,52.11078,1,,,Dnieper,BY,83350,87800,Dnieper,,0,FALSE,0,0,0,0,1,1,112.55,FALSE,5572500,3382500,,,No discharge data available for calibration period,1599,FALSE,1053,FALSE,Pripyat
EFAS,12,1600,Narovlya,29.51138,51.80179,1,,,Dnieper,BY,102200,103000,Dnieper,,0,FALSE,0,0,0,0,1,1,109.09,FALSE,5647500,3367500,,,No discharge data available for calibration period,1600,FALSE,1053,FALSE,Pripyat
EFAS,12,1601,Pinsk,26.10141,52.10793,1,,,Dnieper,BY,2475,,Dnieper,,0,FALSE,0,0,0,0,1,1,132.29,FALSE,5412500,3342500,,,No discharge data available for calibration period,1601,FALSE,1053,FALSE,Pina
EFAS,12,1602,Lopatino,25.98977,52.2548,1,,,Dnieper,BY,5075,,Dnieper,,0,FALSE,0,0,0,0,1,1,132.38,FALSE,5402500,3357500,,,No discharge data available for calibration period,1602,FALSE,1053,FALSE,Styr
EFAS,12,1603,Korotichi,27.5471,52.00525,1,,,Dnieper,BY,3100,4690,Dnieper,,0,FALSE,0,0,0,0,1,1,121,FALSE,5512500,3357500,,,No discharge data available for calibration period Possibly wrong uparea,1603,FALSE,1053,FALSE,Stviga
EFAS,12,1604,Novoselki,30.84156,55.55732,1,,,Daugava,BY,1650,2150,Daugava,,0,TRUE,1,0,0,1,1,1,141.2,FALSE,5612500,3792500,24,ID_1604.mod,Not enough discarge data available for calibration period,1604,TRUE,1053,TRUE,Usvyacha
EFAS,12,1605,Bocheykovo,29.15428,55.01528,1,,,Daugava,BY,3425,3330,Daugava,,0,TRUE,1,0,0,1,1,1,119.52,FALSE,5527500,3712500,24,ID_1605.mod,Not enough discarge data available for calibration period  Wrong coord or wrong uparea from provider,1605,TRUE,1053,TRUE,Ulla
EFAS,12,1606,Obol,29.28028,55.35479,1,,,Daugava,BY,2375,2520,Daugava,,0,TRUE,1,0,0,1,1,1,119.66,FALSE,5517500,3747500,24,ID_1606.mod,Not enough discarge data available for calibration period,1606,TRUE,1053,TRUE,Obol
EFAS,12,1607,Sharkovshchina,27.44664,55.35716,1,,,Daugava,BY,5125,4720,Daugava,,0,TRUE,1,0,0,1,1,1,116.52,FALSE,5407500,3707500,24,ID_1607.mod,Not enough discarge data available for calibration period,1607,TRUE,1053,TRUE,Dysna
EFAS,12,1608,Dernovichi,28.44777,55.70762,1,,,Daugava,BY,4600,4580,Daugava,,0,TRUE,1,0,0,1,1,1,109.5,FALSE,5457500,3767500,24,ID_1608.mod,Not enough discarge data available for calibration period,1608,TRUE,1053,TRUE,Drissa
EFAS,12,1609,Stolbtsy,26.71434,53.47973,1,,,Neman,BY,3025,3070,Nemunas,,0,TRUE,1,0,0,1,1,1,145.05,FALSE,5422500,3497500,24,ID_1609.mod,Not enough discarge data available for calibration period,1609,TRUE,1053,TRUE,Neman
EFAS,12,1610,Belitsa,25.31799,53.63797,1,,,Neman,BY,16850,16700,Nemunas,,0,TRUE,1,0,0,1,1,1,116.03,FALSE,5327500,3497500,24,ID_1610.mod,Not enough discarge data available for calibration period,1610,TRUE,1053,TRUE,Neman
EFAS,12,1611,Mosty,24.52003,53.40779,1,,,Neman,BY,27675,25600,Nemunas,,0,TRUE,1,0,0,1,1,1,104.8,FALSE,5277500,3462500,24,ID_1611.mod,Not enough discarge data available for calibration period,1611,TRUE,1053,TRUE,Neman
EFAS,12,1612,Lubinyata,25.6437,53.98995,1,,,Neman,BY,975,920,Nemunas,,0,TRUE,1,0,0,1,1,1,133.46,FALSE,5337500,3542500,24,ID_1612.mod,Not enough discarge data available for calibration period,1612,TRUE,1053,TRUE,Gavya
EFAS,12,1613,Slonim,25.32512,53.10178,1,,,Neman,BY,5050,4860,Nemunas,,0,TRUE,1,0,0,1,1,1,128.88,FALSE,5342500,3432500,24,ID_1613.mod,Not enough discarge data available for calibration period,1613,TRUE,1053,TRUE,Shchara
EFAS,12,1614,Studenets,24.41512,53.29579,1,,,Neman,BY,950,974,Nemunas,,0,TRUE,1,0,0,1,1,1,117.32,FALSE,5277500,3447500,24,ID_1614.mod,Not enough discarge data available for calibration period,1614,TRUE,1053,TRUE,Ross
EFAS,12,1615,Dinevichi,23.86211,53.23898,1,,,Neman,BY,625,700,Nemunas,,0,TRUE,1,0,0,1,1,1,118.13,FALSE,5242500,3432500,24,ID_1615.mod,Not enough discarge data available for calibration period,1615,TRUE,1053,TRUE,Svisloch
EFAS,12,1616,Sakhkombinat,24.19165,53.58253,1,,,Neman,BY,1625,2000,Nemunas,,0,TRUE,1,0,0,1,1,1,101.84,FALSE,5257500,3472500,24,ID_1616.mod,Not enough discarge data available for calibration period  Wrong LDD do not use,1616,TRUE,1053,TRUE,Kotra
EFAS,12,1617,Steshitsy,27.39286,54.56296,1,,,Neman,BY,1225,1230,Nemunas,,0,TRUE,1,0,0,1,1,1,159.06,FALSE,5437500,3632500,24,ID_1617.mod,Not enough discarge data available for calibration period,1617,TRUE,1053,TRUE,Neris
EFAS,12,1618,Mikhalishki,26.16599,54.81492,1,,,Neman,BY,10325,10300,Nemunas,,0,TRUE,1,0,0,1,1,1,118.22,FALSE,5347500,3642500,24,ID_1618.mod,Not enough discarge data available for calibration period,1618,TRUE,1053,TRUE,Neris
EFAS,12,1619,Brest ,23.82874,52.08842,1,,,Vistula,BY,5800,6590,Vistula,,0,TRUE,1,0,0,1,1,1,129.9,FALSE,5262500,3307500,24,ID_1619.mod,Not enough discarge data available for calibration period,1619,TRUE,1053,TRUE,Muchavets
EFAS,12,1620,Kamenets,23.80496,52.40544,1,,,Vistula,BY,2150,1920,Vistula,,0,TRUE,1,0,0,1,1,1,138.63,FALSE,5257500,3347500,24,ID_1620.mod,Not enough discarge data available for calibration period,1620,TRUE,1053,TRUE,Lesnaya
EFAS,12,1621,Nemerzha,24.03678,52.84137,1,,,Vistula,BY,325,326,Vistula,,0,TRUE,1,0,0,1,1,1,149.07,FALSE,5247500,3397500,24,ID_1621.mod,Provider upArea too small to be included in calibration,1621,TRUE,1053,TRUE,Narev
EFAS,12,1622,Orsha,30.43048,54.5073,1,,,Dnieper,BY,18300,18000,Dnieper,,0,TRUE,1,0,0,1,1,1,148.96,FALSE,5622500,3672500,24,ID_1622.mod,Not enough discarge data available for calibration period,1622,TRUE,1053,TRUE,Dnieper
EFAS,12,1623,Mogilev,30.39505,53.97999,1,,,Dnieper,BY,20700,20800,Dnieper,,0,TRUE,1,0,0,1,1,1,138.4,FALSE,5637500,3607500,24,ID_1623.mod,Not enough discarge data available for calibration period,1623,TRUE,1053,TRUE,Dnieper
EFAS,12,1624,Zhlobin,30.04568,52.92921,1,,,Dnieper,BY,29975,30300,Dnieper,,0,TRUE,1,0,0,1,1,1,122.65,FALSE,5652500,3492500,24,ID_1624.mod,Not enough discarge data available for calibration period,1624,TRUE,1053,TRUE,Dnieper
EFAS,12,1625,Rechitsa,30.44987,52.35576,1,,,Dnieper,BY,60275,58200,Dnieper,,0,TRUE,1,0,0,1,1,1,114.47,FALSE,5692500,3447500,24,ID_1625.mod,Not enough discarge data available for calibration period,1625,TRUE,1053,TRUE,Dnieper
EFAS,12,1626,Gorodishche,29.82023,53.73259,1,,,Dnieper,BY,2900,2850,Dnieper,,0,TRUE,1,0,0,1,1,1,145.41,FALSE,5612500,3577500,24,ID_1626.mod,Not enough discarge data available for calibration period,1626,TRUE,1053,TRUE,Drut
EFAS,12,1627,Borisov,28.50157,54.23517,1,,,Dnieper,BY,5425,5690,Dnieper,,0,TRUE,1,0,0,1,1,1,150.46,FALSE,5512500,3612500,24,ID_1627.mod,Not enough discarge data available for calibration period,1627,TRUE,1053,TRUE,Berezina
EFAS,12,1628,Bobruisk,29.24917,53.17798,1,,,Berezina,BY,20400,20300,Dnieper,,0,TRUE,1,0,0,1,1,1,132.17,FALSE,5582500,3517500,24,ID_1628.mod,Not enough discarge data available for calibration period,1628,TRUE,1053,TRUE,Berezina
EFAS,12,1629,Terebuty,28.3717,53.39266,1,,,Dnieper,BY,6200,,Dnieper,,0,TRUE,1,0,0,1,1,1,146.38,FALSE,5527500,3517500,24,ID_1629.mod,Not enough discarge data available for calibration period,1629,TRUE,1053,TRUE,Svisloch
EFAS,12,1630,Krichev,31.74431,53.70468,1,,,Dnieper,BY,10250,10200,Dnieper,,0,TRUE,1,0,0,1,1,1,138.95,FALSE,5732500,3612500,24,ID_1630.mod,Not enough discarge data available for calibration period,1630,TRUE,1053,TRUE,Sozh
EFAS,12,1631,Slavgorod,31.01301,53.44214,1,,,Dnieper,BY,17875,17700,Dnieper,,0,TRUE,1,0,0,1,1,1,128.19,FALSE,5697500,3572500,24,ID_1631.mod,Not enough discarge data available for calibration period,1631,TRUE,1053,TRUE,Sozh
EFAS,12,1632,Gomel,31.0817,52.46142,1,,,Dnieper,BY,38775,38900,Dnieper,,0,TRUE,1,0,0,1,1,1,113.91,FALSE,5727500,3457500,24,ID_1632.mod,Not enough discarge data available for calibration period  Wrong coords or wrong uparea from provider,1632,TRUE,1053,TRUE,Sozh
EFAS,12,1633,Mstislavl,31.76049,54.02544,1,,,Dnieper,BY,2225,2200,Dnieper,,0,TRUE,1,0,0,1,1,1,150.24,FALSE,5722500,3647500,24,ID_1633.mod,Not enough discarge data available for calibration period,1633,TRUE,1053,TRUE,Vihra
EFAS,12,1634,Letyagi,30.93714,53.60703,1,,,Dnieper,BY,4575,4570,Dnieper,,0,TRUE,1,0,0,1,1,1,132.12,FALSE,5682500,3587500,24,ID_1634.mod,Not enough discarge data available for calibration period,1634,TRUE,1053,TRUE,Pronya
EFAS,12,1635,Svetilovichi,31.32391,52.79352,1,,,Dnieper,BY,5075,5010,Dnieper,,0,TRUE,1,0,0,1,1,1,122.29,FALSE,5732500,3512500,24,ID_1635.mod,Not enough discarge data available for calibration period,1635,TRUE,1053,TRUE,Besed
EFAS,12,1636,Dobrush,31.30855,52.40803,1,,,Dnieper,BY,9900,10100,Dnieper,,0,TRUE,1,0,0,1,1,1,119.04,FALSE,5747500,3467500,24,ID_1636.mod,Not enough discarge data available for calibration period,1636,TRUE,1053,TRUE,Iput
EFAS,12,1637,Pinsk,26.15771,52.07437,1,,,Dnieper,BY,12650,,Dnieper,,0,TRUE,1,0,0,1,1,1,133.18,FALSE,5417500,3332500,24,ID_1637.mod,Not enough discarge data available for calibration period,1637,TRUE,1053,TRUE,Pripyat
EFAS,12,1638,Chernichi,27.83026,52.0793,1,,,Dnieper,BY,74325,74000,Dnieper,,0,TRUE,1,0,0,1,1,1,119.23,FALSE,5512500,3367500,24,ID_1638.mod,Not enough discarge data available for calibration period,1638,TRUE,1053,TRUE,Pripyat
EFAS,12,1639,Mozyr,29.25131,52.05513,1,,,Dnieper,BY,100875,101000,Dnieper,,0,TRUE,1,0,0,1,1,1,110.93,FALSE,5632500,3382500,24,ID_1639.mod,Not enough discarge data available for calibration period,1639,TRUE,1053,TRUE,Pripyat
EFAS,12,1640,Senin,25.00122,52.54073,1,,,Dnieper,BY,1625,5110,Dnieper,,0,TRUE,1,0,0,1,1,1,134.39,FALSE,5332500,3367500,24,ID_1640.mod,Not enough discarge data available for calibration period,1640,TRUE,1053,TRUE,Yaselda
EFAS,12,1641,Dyatlovichi,26.34513,52.01293,1,,,Dnieper,BY,425,1100,Dnieper,,0,TRUE,1,0,0,1,1,1,134.96,FALSE,5457500,3352500,24,ID_1641.mod,Not enough discarge data available for calibration period  Wrong coords from provider of wrong uparea,1641,TRUE,1053,TRUE,Tsna
EFAS,12,1642,M.Vikorovichi,26.87467,51.86428,1,,,Dnieper,BY,26900,27000,Dnieper,,0,TRUE,1,0,0,1,1,1,129.67,FALSE,5472500,3332500,24,ID_1642.mod,Not enough discarge data available for calibration period,1642,TRUE,1053,TRUE,Goryn
EFAS,12,1643,Mokrovo,27.2519,52.23644,1,,,Dnieper,BY,2125,2160,Dnieper,,0,TRUE,1,0,0,1,1,1,127.5,FALSE,5482500,3382500,24,ID_1643.mod,Not enough discarge data available for calibration period,1643,TRUE,1053,TRUE,Lan
EFAS,12,1644,Lenin,27.49868,52.3301,1,,,Dnieper,BY,250,4480,Dnieper,,0,TRUE,1,0,0,1,1,1,129.97,FALSE,5497500,3372500,24,ID_1644.mod,Not enough discarge data available for calibration period,1644,TRUE,1053,TRUE,Slutch
EFAS,12,1645,Krasnoberezhie,28.44565,51.8765,1,,,Dnieper,BY,5200,5260,Dnieper,,0,TRUE,1,0,0,1,1,1,126.26,FALSE,5577500,3362500,24,ID_1645.mod,Not enough discarge data available for calibration period,1645,TRUE,1053,TRUE,Ubort
EFAS,12,1646,Daraganovo,28.48316,53.16984,1,,,Pripyat,BY,650,2030,Dnieper,,0,TRUE,1,0,0,1,1,1,150,FALSE,5552500,3492500,24,ID_1646.mod,Not enough discarge data available for calibration period  Wrong LDD,1646,TRUE,1053,TRUE,Ptich
EFAS,12,1647,1-ya Slobodka,28.81718,52.30104,1,,,Dnieper,BY,6975,9160,Dnieper,,0,TRUE,1,0,0,1,1,1,117.42,FALSE,5592500,3392500,24,ID_1647.mod,Not enough discarge data available for calibration period,1647,TRUE,1053,TRUE,Ptich
EFAS,12,1648,Trimeristis,23.332239,41.273213,0,,,Strimonas,GR,11050,6759,Strimonas,,0,FALSE,1,0,0,0,0,1,,FALSE,5437500,2117500,,,No discharge data available for calibration period,1648,FALSE,1051,FALSE,Strimonas
EFAS,12,1649,Chrysoupoli,24.742885,40.991277,0,,,Nestos,GR,6200,6200,Nestos,,0,FALSE,1,0,0,0,0,0,,FALSE,5557500,2107500,,,No discharge data available for calibration period,1649,FALSE,1051,FALSE,Nestos
EFAS,12,1650,Therapion,26.18599,41.572622,0,,,Martisa\Evros,GR,5250,,Evros,,0,FALSE,1,0,0,0,0,1,60.55,FALSE,5662500,2197500,,,No discharge data available for calibration period,1650,FALSE,1051,FALSE,Arda
EFAS,12,1651,Kastanies,26.455876,41.655097,0,,,Martisa\Evros,GR,5600,,Evros,,0,FALSE,1,0,0,0,0,1,,FALSE,5682500,2207500,,,No discharge data available for calibration period,1651,FALSE,1051,FALSE,Martisa\Evros
EFAS,12,1652,Gjonaj,20.649397,42.254275,1,,,Drin-Bojana,XK,4100,3951,Drin-Bojana,,0,TRUE,1,0,0,0,1,1,306,FALSE,5197500,2182500,,,No discharge data available for calibration period,1652,FALSE,1048,TRUE,White Drin
EFAS,12,1653,Këpuz,20.530772,42.50705,1,,,Drin-Bojana,XK,2350,2116,Drin-Bojana,,0,TRUE,1,0,0,0,1,1,355,FALSE,5187500,2217500,,,No discharge data available for calibration period,1653,FALSE,1048,TRUE,White Drin
EFAS,12,1654,Gjakovë,20.420861,42.369539,0,,,,XK,425,455,Drin-Bojana,,0,FALSE,1,0,0,0,0,1,341,FALSE,5182500,2197500,,,No discharge data available for calibration period,1654,FALSE,1048,FALSE,
EFAS,12,1655,Deqan,20.254911,42.550194,0,,,,XK,150,114,Drin-Bojana,,0,FALSE,1,0,0,0,0,1,678,FALSE,5162500,2217500,,,No discharge data available for calibration period,1655,FALSE,1048,FALSE,
EFAS,12,1656,Grykë,20.250233,42.661642,1,,,Drin-Bojana,XK,275,264,Drin-Bojana,,0,TRUE,1,0,0,0,1,1,581,FALSE,5162500,2232500,,,No discharge data available for calibration period,1656,FALSE,1048,TRUE,Pec Bistrica
EFAS,12,1657,Drelaj,20.142061,42.700447,0,,,,XK,125,160,Drin-Bojana,,0,FALSE,1,0,0,0,0,1,965,FALSE,5147500,2232500,,,No discharge data available for calibration period,1657,FALSE,1048,FALSE,
EFAS,12,1658,Vllashnje,20.652089,42.193153,0,,,,XK,225,561,Drin-Bojana,,0,FALSE,1,0,0,0,0,1,313,FALSE,5202500,2182500,,,No discharge data available for calibration period,1658,FALSE,1048,FALSE,
EFAS,12,1659,Prizren,20.773903,42.1943,0,,,,XK,150,158,Drin-Bojana,,0,FALSE,1,0,0,0,0,1,525,FALSE,5207500,2187500,,,No discharge data available for calibration period,1659,FALSE,1048,FALSE,
EFAS,12,1660,Piranë,20.674975,42.287828,0,,,,XK,525,512,Drin-Bojana,,0,FALSE,1,0,0,0,0,1,299,FALSE,5202500,2197500,,,No discharge data available for calibration period,1660,FALSE,1048,FALSE,
EFAS,12,1661,Këpuz,20.564428,42.521783,0,,,,XK,325,336,Drin-Bojana,,0,FALSE,1,0,0,0,0,1,366,FALSE,5192500,2217500,,,No discharge data available for calibration period,1661,FALSE,1048,FALSE,
EFAS,12,1662,Klinë,20.577356,42.615167,0,,,,XK,450,423,Drin-Bojana,,0,FALSE,1,0,0,0,0,1,380,FALSE,5192500,2232500,,,No discharge data available for calibration period,1662,FALSE,1048,FALSE,
EFAS,12,1663,Berkovë,20.521225,42.677544,0,,,,XK,400,432,Drin-Bojana,,0,FALSE,1,0,0,0,0,1,401,FALSE,5182500,2237500,,,No discharge data available for calibration period,1663,FALSE,1048,FALSE,
EFAS,12,1664,Leposaviç,20.799481,43.097431,1,HIST_24h,,Ibar,XK,4725,4701,Danube,3,0,TRUE,1,0,0,0,1,1,456,TRUE,5202500,2277500,24,ID_1664.mod,,1664,FALSE,1048,TRUE,Ibar
EFAS,12,1665,Prelez,20.750494,42.903236,0,,,IBRI,XK,1150,1109,Danube,,0,FALSE,1,0,0,0,0,1,557,FALSE,5192500,2267500,,,No discharge data available for calibration period,1665,FALSE,1048,FALSE,Ibri
EFAS,12,1666,Vragoli,21.061711,42.609031,0,,,,XK,675,666.5,Danube,,0,FALSE,1,0,0,0,0,1,536,FALSE,5227500,2227500,,,No discharge data available for calibration period,1666,FALSE,1048,FALSE,
EFAS,12,1667,Nedakovc,20.990214,42.798047,1,,,Ibar,XK,2625,2590,Ibar,,0,FALSE,0,0,0,0,1,1,517,FALSE,5222500,2252500,,,No discharge data available for calibration period,1667,FALSE,1048,FALSE,Sitnica
EFAS,12,1668,Caralevë,20.990158,42.456608,0,,,,XK,25,43.5,Danube,,0,FALSE,0,0,0,0,0,1,631,FALSE,5222500,2217500,,,No discharge data available for calibration period,1668,FALSE,1048,FALSE,
EFAS,12,1669,Drenas,20.899722,42.616981,0,,,,XK,325,326.3,Danube,,0,FALSE,1,0,0,0,0,1,573,FALSE,5212500,2232500,,,No discharge data available for calibration period,1669,FALSE,1048,FALSE,
EFAS,12,1670,Milloshev,21.076647,42.726336,0,,,,XK,900,923,Danube,,0,FALSE,1,0,0,0,0,1,534,FALSE,5232500,2252500,,,No discharge data available for calibration period,1670,FALSE,1048,FALSE,
EFAS,12,1671,Lluzhan,21.168183,42.819692,0,,,,XK,750,694,Danube,,0,FALSE,1,0,0,0,0,1,565,FALSE,5232500,2257500,,,No discharge data available for calibration period,1671,FALSE,1048,FALSE,
EFAS,12,1672,Konqul,21.666678,42.495056,1,,,Danube,XK,1675,1639,Binacka Morava,,0,TRUE,1,0,0,0,1,1,428,FALSE,5282500,2222500,,,No discharge data available for calibration period,1672,FALSE,1048,TRUE,Binacka Morava
EFAS,12,1673,Viti,21.359478,42.317822,0,,,,XK,100,111.2,Danube,,0,FALSE,1,0,0,0,0,1,506,FALSE,5257500,2202500,,,No discharge data available for calibration period,1673,FALSE,1048,FALSE,
EFAS,12,1674,Domarovc,21.6321,42.510153,0,,,,XK,600,612.5,Danube,,0,FALSE,1,0,0,0,0,1,429,FALSE,5277500,2232500,,,No discharge data available for calibration period,1674,FALSE,1048,FALSE,
EFAS,12,1675,Hani Elezit,21.297417,42.141464,1,,,Lepenac,XK,625,621.5,Lepenac,,0,TRUE,1,0,0,0,1,1,354,FALSE,5247500,2192500,,,No discharge data available for calibration period,1675,FALSE,1048,TRUE,Lepenac
EFAS,12,1676,Brod,21.133378,42.272697,0,,,,XK,225,241,Vardar,,0,TRUE,1,1,0,0,0,1,642,FALSE,5232500,2197500,,,Provider upArea too small to be included in calibration,1676,FALSE,1048,FALSE,
EFAS,12,1677,Kaçanik,21.256661,42.229339,0,,,,XK,550,214,Vardar,,0,FALSE,1,0,0,0,0,1,478,FALSE,5247500,2197500,,,No discharge data available for calibration period  Wrong uparea from provider or wrong location,1677,FALSE,1048,FALSE,
EFAS,12,1678,Mlikë,20.645119,42.032392,0,,,,XK,75,75.3,Drin-Bojana,,0,FALSE,1,0,0,0,0,1,943,FALSE,5202500,2162500,,,No discharge data available for calibration period,1678,FALSE,1048,FALSE,
EFAS,12,1679,Senir - Ma'yan Barukh,35.624602,33.237125,1,,,Jordan / Dead Sea,IL,600,608,Jordan,,0,FALSE,0,0,0,0,1,1,96.24,FALSE,6692500,1527500,,,No discharge data available for calibration period,1679,FALSE,1052,FALSE,Snir
EFAS,12,1680,Jordan - Sede Nehemya,35.61475,33.182266,1,HIST_6h,,Jordan / Dead Sea,IL,725,860,Jordan,3,0,TRUE,0,1,0,0,1,1,72.46,TRUE,6687500,1522500,6,ID_1680.mod,,1680,FALSE,1052,FALSE,Jordan
EFAS,12,1681,Jordan - Obstacle Bridge,35.631834,33.040368,1,HIST_6h,,Jordan / Dead Sea,IL,1475,1404,Jordan,3,0,TRUE,0,1,0,0,1,1,58.71,TRUE,6697500,1507500,6,ID_1681.mod,,1681,FALSE,1052,FALSE,Jordan
EFAS,12,1682,Qishon - The Quarry,35.098325,32.723307,1,,,Kishon,IL,700,695,Kishon,,0,FALSE,0,0,0,0,1,1,143,FALSE,6667500,1457500,,,No discharge data available for calibration period,1682,FALSE,1052,FALSE,Kishon
EFAS,12,1683,Hadera - Gan Shemu'el,34.952961,32.439029,1,HIST_6h,,Hadera,IL,625,579,Hadera,3,0,TRUE,0,1,0,0,1,1,17,TRUE,6657500,1427500,6,ID_1683.mod,,1683,FALSE,1052,FALSE,Hadera
EFAS,12,1684,Alexander - Elyashiv,34.905152,32.373695,1,,,Alexander,IL,475,488,Alexander,,0,FALSE,0,0,0,0,1,1,4.81,FALSE,6657500,1417500,,,No discharge data available for calibration period,1684,FALSE,1052,FALSE,Alexander
EFAS,12,1685,Ayyalon - Shekhunat 'EZRA,34.792061,32.041924,1,HIST_6h,,Yarkon,IL,775,629,Yarkon,3,0,TRUE,0,1,0,0,1,1,18,TRUE,6652500,1377500,6,ID_1685.mod,,1685,FALSE,1052,FALSE,Ayalon
EFAS,12,1686,Soreq - Yavne,34.754782,31.870838,0,,,Sorek,IL,600,615,Sorek,,0,FALSE,1,0,0,0,0,0,24.25,FALSE,6657500,1362500,,,No discharge data available for calibration period,1686,FALSE,1052,FALSE,Sorek
EFAS,12,1687,Arugot - Up Highway 90,35.390428,31.457764,0,,,Arugot / Dead Sea,IL,250,235,Jordan,,0,FALSE,1,0,0,0,0,0,-375,FALSE,6687500,1307500,,,No discharge data available for calibration period,1687,FALSE,1052,FALSE,Arugot
EFAS,12,1688,Lakhish-Ad Halom Park,34.672294,31.786795,1,HIST_6h,,Lakhish,IL,1025,996,Lakhish,3,0,TRUE,0,1,0,0,1,1,18.56,TRUE,6647500,1347500,6,ID_1688.mod,,1688,FALSE,1052,FALSE,Lakhish
EFAS,12,1689,Shiqma - Beror Hayil,34.625037,31.548973,1,,,Shikma,IL,425,376,Shikma,,0,FALSE,0,0,0,0,1,1,56,FALSE,6657500,1322500,,,No discharge data available for calibration period,1689,FALSE,1052,FALSE,Shikma
EFAS,12,1690,Besor - Reim,34.45055,31.387053,1,HIST_6h,,Besor,IL,2650,2586,Besor,3,0,TRUE,0,1,0,0,1,1,35,TRUE,6647500,1292500,6,ID_1690.mod,,1690,FALSE,1052,FALSE,Besor
EFAS,12,1691,Tzin - Arava Road,35.299524,30.947315,0,,,Zin / Dead Sea,IL,1275,1276,Jordan,,0,FALSE,1,0,0,0,0,0,-257,FALSE,6727500,1277500,,,No discharge data available for calibration period,1691,FALSE,1052,FALSE,Zin
EFAS,12,1692,Neqarot - Arava Road,35.208209,30.648023,0,,,Paran / Dead Sea,IL,950,955,Jordan,,0,FALSE,1,0,0,0,0,0,-53,FALSE,6732500,1247500,,,No discharge data available for calibration period,1692,FALSE,1052,FALSE,Nekarot
EFAS,12,1693,Paran - The Bottleneck,34.97558,30.325152,0,,,Paran / Dead Sea,IL,3375,3372,Jordan,,0,FALSE,1,0,0,0,0,0,226,FALSE,6717500,1202500,,,No discharge data available for calibration period,1693,FALSE,1052,FALSE,Paran
EFAS,12,1694,Hiyon - 40 Road,35.004758,30.197555,1,HIST_6h,,Hiyon,IL,150,754,Jordan,0,0,TRUE,0,1,0,0,1,1,286,FALSE,6682500,1257500,6,ID_1694.mod,small LDD uparea,1694,FALSE,1052,FALSE,Hiyon
EFAS,12,1695,Karlovac,15.564306,45.489639,0,,,Danube,HR,2525,2738,Danube,,0,FALSE,0,0,1,0,1,1,103.36,FALSE,4757500,2497500,,,No discharge data available for calibration period,1695,FALSE,1031,FALSE,Korana
EFAS,12,1696,Mursko Sredisce,16.443556,46.514667,1,,,Danube,HR,10900,10891,Danube,,0,TRUE,1,1,1,1,1,1,156.29,FALSE,4802500,2622500,6,ID_1696.mod,Not enough discarge data available for calibration period,1696,TRUE,1031,TRUE,Mur
EFAS,12,1697,Gorican,16.693,46.419556,1,,,Danube,HR,13075,13148,Danube,,0,TRUE,1,1,1,1,1,1,138.59,FALSE,4832500,2617500,6,ID_1697.mod,Not enough discarge data available for calibration period,1697,TRUE,1031,TRUE,Mur
EFAS,12,1698,Metlika,15.32294,45.63482,1,HIST_6h,,Danube,SI,2100,1966.3,Danube,2,0,TRUE,1,1,1,1,1,1,126.96,FALSE,4732500,2517500,6,ID_1698.mod,close to 837,1698,TRUE,1005,TRUE,Kolpa
EFAS,12,1699,Novgood Siverskyi,33.263943,52.015238,1,,,Dnieper,UA,33675,33500,Dnieper,,0,FALSE,0,0,1,0,1,1,119.98,FALSE,5887500,3467500,,,No discharge data available for calibration period,1699,FALSE,1044,FALSE,Desna
EFAS,12,1700,Rozl'oty,33.170417,51.69984,1,HIST_24h,,Dnieper,UA,36375,36300,Dnieper,3,0,TRUE,1,1,1,1,1,1,115.38,TRUE,5887500,3432500,24,ID_1700.mod,,1700,TRUE,1044,TRUE,Desna
EFAS,12,1701,Makoshyne,32.345181,51.451851,1,,,Dnieper,UA,67925,67700,Dnieper,,0,FALSE,0,0,1,0,1,1,108.76,FALSE,5847500,3387500,,,No discharge data available for calibration period,1701,FALSE,1044,FALSE,Desna
EFAS,12,1702,Chernihiv,31.308572,51.476281,1,HIST_24h,,Dnieper,UA,81425,81400,Dnieper,3,0,TRUE,1,1,1,1,1,1,102.44,TRUE,5777500,3357500,24,ID_1702.mod,,1702,TRUE,1044,TRUE,Desna
EFAS,12,1703,Litky,30.724795,50.698998,1,HIST_24h,,Dnieper,UA,85200,88500,Dnieper,3,0,TRUE,1,1,1,1,1,1,92.22,TRUE,5762500,3262500,24,ID_1703.mod,,1703,TRUE,1044,TRUE,Desna
EFAS,12,1704,Snovs'k,31.928082,51.837297,1,HIST_24h,,Dnieper,UA,7225,7140,Dnieper,3,0,TRUE,1,1,1,1,1,1,113.26,TRUE,5802500,3412500,24,ID_1704.mod,,1704,TRUE,1044,TRUE,Snov
EFAS,12,1705,Mutyn,33.481293,51.414381,1,HIST_24h,,Dnieper,UA,25575,25600,Dnieper,3,0,TRUE,1,1,1,1,1,1,119.41,TRUE,5922500,3407500,24,ID_1705.mod,,1705,TRUE,1044,TRUE,Seim
EFAS,12,1706,Nedanchychi,30.587199,51.50007,1,HIST_24h,,Dnieper,UA,105150,103000,Dnieper,3,0,TRUE,1,1,1,1,1,1,100.58,TRUE,5722500,3357500,24,ID_1706.mod,,1706,TRUE,1044,TRUE,Dnieper
EFAS,12,1707,Reni,28.261159,45.459174,1,,,Danube,UA,784045,811000,Danube,,0,TRUE,1,1,1,1,1,1,0.36,FALSE,5737500,2657500,24,ID_1707.mod,Not enough discarge data available for calibration period,1707,TRUE,1044,TRUE,Danube
EFAS,12,1708,Izmayil,28.832233,45.327926,1,,,Danube,UA,790842,813000,Danube,,0,TRUE,1,1,1,1,1,1,-0.18,FALSE,5782500,2652500,24,ID_1708.mod,No discharge data available for calibration period,1708,TRUE,1044,TRUE,Danube
EFAS,12,1709,Kiliya,29.266701,45.432801,1,,,Danube,UA,794968,816000,Danube,,0,FALSE,0,0,1,0,1,1,-0.33,FALSE,5812500,2672500,,,No discharge data available for calibration period,1709,FALSE,1044,FALSE,Danube
EFAS,12,1710,Chuhuyiv,36.712112,49.833279,1,,,Don,UA,,10300,Don,,1,FALSE,0,1,1,0,1,1,84.06,FALSE,6192500,3317500,,,Out of XDOM,1710,FALSE,1044,FALSE,Seversky Donets
EFAS,12,1711,Lysychans'k,38.440411,48.922934,1,,,Don,UA,,52400,Don,,1,FALSE,1,1,1,1,1,1,42.7,FALSE,6347500,3267500,,,Out of XDOM  Not enough discarge data available for calibration period,1711,FALSE,1044,FALSE,Seversky Donets
EFAS,12,1712,Kup'yans'k,37.617164,49.713103,1,,,Don,UA,,12700,Don,,1,FALSE,0,1,1,0,1,1,66.04,FALSE,6257500,3327500,,,Out of XDOM No discharge data available for calibration period,1712,FALSE,1044,FALSE,Oskol / Oskil
EFAS,12,1713,Novoselivka,38.89133,49.265439,1,,,Don,UA,,6370,Don,,1,FALSE,0,1,1,0,1,1,48.22,FALSE,6362500,3317500,,,Out of XDOM No discharge data available for calibration period,1713,FALSE,1044,FALSE,Aidar
EFAS,12,1714,Ivankiv,29.908118,50.931181,1,HIST_24h,,Dnieper,UA,12700,12400,Dnieper,3,0,TRUE,1,1,1,1,1,1,108.53,TRUE,5702500,3282500,24,ID_1714.mod,,1714,TRUE,1044,TRUE,Teteriv
EFAS,12,1715,Ukrayinka,29.354698,50.754622,1,,,Dnieper,UA,2600,2840,Dnieper,,0,TRUE,0,1,1,0,1,1,129.42,FALSE,5667500,3252500,24,ID_1715.mod,Discharge data older than calibration period,1715,FALSE,1044,FALSE,Irsha
EFAS,12,1716,K-Shevchenkivs'kyy,31.293778,49.410423,1,HIST_24h,,Dnieper,UA,10300,10300,Dnieper,0,0,TRUE,1,1,1,1,1,1,85.57,FALSE,5842500,3142500,24,ID_1716.mod,unrealistic small discharge,1716,TRUE,1044,TRUE,Ros
EFAS,12,1717,Lubny,33.013361,50.007083,1,HIST_24h,,Dnieper,UA,14250,14200,Dnieper,3,0,TRUE,0,1,1,0,1,1,83.42,TRUE,5942500,3247500,24,ID_1717.mod,,1717,FALSE,1044,FALSE,Sula
EFAS,12,1718,Sumy,34.803272,50.905902,1,HIST_24h,,Dnieper,UA,7825,7770,Dnieper,3,0,TRUE,1,1,1,1,1,1,121.48,TRUE,6027500,3382500,24,ID_1718.mod,,1718,TRUE,1044,TRUE,Psel
EFAS,12,1719,Hadyach,34.008604,50.363316,1,,,Dnieper,UA,11225,11300,Dnieper,,0,TRUE,1,1,1,1,1,1,95.49,FALSE,5992500,3307500,24,ID_1719.mod,No discharge data available for calibration period,1719,TRUE,1044,TRUE,Psel
EFAS,12,1720,Zapsillya,33.573446,49.211238,1,HIST_24h,,Dnieper,UA,21650,21800,Dnieper,3,0,TRUE,1,1,1,1,1,1,62.63,TRUE,6007500,3172500,24,ID_1720.mod,,1720,TRUE,1044,TRUE,Psel
EFAS,12,1721,Poltava,34.589798,49.58131,1,,,Dnieper,UA,10825,9370,Dnieper,,0,FALSE,0,0,1,0,1,1,73.73,FALSE,6062500,3237500,,,No discharge data available for calibration period,1721,FALSE,1044,FALSE,Vorskla
EFAS,12,1722,Kobelyaky,34.210403,49.143856,1,HIST_24h,,Dnieper,UA,13200,13500,Dnieper,3,0,TRUE,1,1,1,1,1,1,63.02,TRUE,6052500,3187500,24,ID_1722.mod,,1722,TRUE,1044,TRUE,Vorskla
EFAS,12,1723,Tsarychanka,34.500148,48.944795,1,HIST_24h,,Dnieper,UA,9175,9100,Dnieper,3,0,TRUE,1,1,1,1,1,1,57.09,TRUE,6082500,3167500,24,ID_1723.mod,,1723,TRUE,1044,TRUE,Oril
EFAS,12,1724,Kocherizhky,35.659976,48.659443,1,HIST_24h,,Dnieper,UA,19925,19800,Dnieper,3,0,TRUE,1,1,1,1,1,1,52.46,TRUE,6172500,3162500,24,ID_1724.mod,,1724,TRUE,1044,TRUE,Samara
EFAS,12,1725,Kryvyy Rih,33.337148,47.897315,1,,,Dnieper,UA,8375,8600,Dnieper,,0,TRUE,0,1,1,0,1,1,27.57,FALSE,6032500,3027500,24,ID_1725.mod,No discharge data available for calibration period,1725,FALSE,1044,FALSE,Inhulets
EFAS,12,1726,Mariupol,37.540834,47.123477,1,,,Kalmius,UA,1150,12500,Kalmius,,0,TRUE,0,1,1,0,1,1,1.51,FALSE,6357500,3052500,24,ID_1726.mod,No discharge data available for calibration period,1726,FALSE,1044,FALSE,Khalchyk
EFAS,12,1727,Lelitka,27.898869,49.554394,1,HIST_24h,,Southern Bug,UA,4125,4000,Bug,3,0,TRUE,1,1,1,1,1,1,243.87,TRUE,5602500,3092500,24,ID_1727.mod,,1727,TRUE,1044,TRUE,Southern Bug
EFAS,12,1728,Martin Brod uzv.,16.14133,44.48007,1,,,Danube,BA,325,,Danube,,0,TRUE,1,0,0,1,1,1,362.96,FALSE,4812500,2392500,6,ID_1728.mod,Not enough discarge data available for calibration period,1728,TRUE,1059,TRUE,Una
EFAS,12,1729,Kulen Vakuf,16.088889,44.5625,1,,,Danube,BA,1875,1562,Danube,,0,TRUE,1,0,0,1,1,1,300.23,FALSE,4807500,2402500,6,ID_1729.mod,Not enough discarge data available for calibration period,1729,TRUE,1059,TRUE,Una
EFAS,12,1730,Ripač,15.948333,44.772222,1,,,Danube,BA,2475,,Danube,,0,TRUE,1,0,0,1,1,1,225,FALSE,4792500,2427500,6,ID_1730.mod,Not enough discarge data available for calibration period,1730,TRUE,1059,TRUE,Una
EFAS,12,1731,Kralje,15.845833,44.834444,1,,,Danube,BA,2625,3639,Danube,,0,TRUE,1,0,0,1,1,1,208.84,FALSE,4782500,2432500,6,ID_1731.mod,Not enough discarge data available for calibration period  Error in LDD part of catchment is missing,1731,TRUE,1059,TRUE,Una
EFAS,12,1732,Bosanska Krupa,16.153056,44.884722,1,,,Danube,BA,2825,3865,Danube,,0,TRUE,1,0,0,1,1,1,150,FALSE,4802500,2437500,6,ID_1732.mod,Not enough discarge data available for calibration period Error in LDD part of catchment is missing,1732,TRUE,1059,TRUE,Una
EFAS,12,1733,Vrhpolje,16.736633,44.689542,1,,,Danube,BA,1300,,Danube,,0,TRUE,1,0,0,1,1,1,132.6,FALSE,4857500,2422500,6,ID_1733.mod,Not enough discarge data available for calibration period,1733,TRUE,1059,TRUE,Sana
EFAS,12,1734,Sanski Most,16.666111,44.766389,1,HIST_24h,C804,Danube,BA,2075,2008,Danube,3,0,TRUE,1,1,0,1,1,1,156.04,TRUE,4847500,2432500,6,ID_1734.mod,,1734,TRUE,1059,TRUE,Sana
EFAS,12,1735,Gornji Vakuf,17.584167,43.940278,1,,,Danube,BA,225,208,Danube,,0,TRUE,1,0,0,1,1,1,664.33,FALSE,4932500,2342500,6,ID_1735.mod,Provider upArea too small to be included in calibration,1735,TRUE,1059,TRUE,Vrbas
EFAS,12,1736,Kozluk,17.273611,44.34,1,HIST_24h,C806,Danube,BA,2150,3161,Danube,3,0,TRUE,1,1,0,1,1,1,342.51,TRUE,4902500,2387500,6,ID_1736.mod,moved upstream of dam,1736,TRUE,1059,TRUE,Vrbas
EFAS,12,1737,Raspotočje,17.926944,44.189722,1,,,Danube,BA,4025,4053,Danube,,0,TRUE,1,0,0,1,1,1,312.62,FALSE,4957500,2377500,6,ID_1737.mod,Not enough discarge data available for calibration period,1737,TRUE,1059,TRUE,Bosna
EFAS,12,1738,Zavidoviči n/B,18.143455,44.440292,1,,,Danube,BA,4850,4939,Danube,,0,TRUE,1,0,0,1,1,1,200.72,FALSE,4967500,2402500,,,No discharge data available for calibration period,1738,FALSE,1059,TRUE,Bosna
EFAS,12,1739,Maglaj,18.099722,44.565278,1,,,Danube,BA,6800,6540,Danube,,0,TRUE,1,0,0,1,1,1,164.8,FALSE,4962500,2417500,6,ID_1739.mod,Not enough discarge data available for calibration period,1739,TRUE,1059,TRUE,Bosna
EFAS,12,1740,Merdani,17.9125,44.134722,1,HIST_24h,C807,Danube,BA,975,950,Danube,3,0,TRUE,1,1,0,1,1,1,357.59,TRUE,4952500,2367500,24,ID_1740.mod,,1740,TRUE,1059,TRUE,Lasva
EFAS,12,1741,Zavidoviči n/K,18.162778,44.436111,1,,,Danube,BA,1550,1387,Danube,,0,TRUE,1,0,0,1,1,1,204.31,FALSE,4977500,2402500,6,ID_1741.mod,Not enough discarge data available for calibration period,1741,TRUE,1059,TRUE,Krivaja
EFAS,12,1742,Kaloševič,17.904282,44.646552,1,,,Danube,BA,700,633,Danube,,0,TRUE,1,0,0,1,1,1,177.63,FALSE,4947500,2427500,6,ID_1742.mod,Not enough discarge data available for calibration period,1742,TRUE,1059,TRUE,Usora
EFAS,12,1743,Karanovac,18.273611,44.696111,1,,,Danube,BA,1800,1828,Danube,,0,TRUE,1,0,0,1,1,1,150.05,FALSE,4977500,2432500,6,ID_1743.mod,Not enough discarge data available for calibration period,1743,TRUE,1059,TRUE,Spreca
EFAS,12,1744,Goražde,18.973333,43.666667,1,,,Danube,BA,6000,5876,Danube,,0,TRUE,1,0,0,1,1,1,337.48,FALSE,5042500,2327500,6,ID_1744.mod,Not enough discarge data available for calibration period,1744,TRUE,1059,TRUE,Drina
EFAS,12,1745,Grebnice,18.534722,45.043333,1,,,Danube,BA,61375,,Danube,,0,FALSE,0,0,0,0,1,1,77.52,FALSE,4992500,2477500,,,No discharge data available for calibration period,1745,FALSE,1059,FALSE,Sava
EFAS,12,1746,Mostar,17.810278,43.348056,1,,,Neretva,BA,3325,3085,Neretva,,0,TRUE,1,0,0,1,1,1,40.29,FALSE,4957500,2287500,6,ID_1746.mod,Not enough discarge data available for calibration period  dam,1746,TRUE,1059,TRUE,Neretva
EFAS,12,1747,Gabela,17.699167,43.060833,1,,,Neretva,BA,12725,,Neretva,,0,FALSE,0,0,0,0,1,1,0.78,FALSE,4947500,2247500,,,No discharge data available for calibration period,1747,FALSE,1059,FALSE,Neretva
EFAS,12,1748,Humac,17.522778,43.183611,1,,,Neretva,BA,2600,907,Neretva,,0,TRUE,1,0,0,1,1,1,64.88,FALSE,4932500,2262500,6,ID_1748.mod,Not enough discarge data available for calibration period Big difference with area from provider,1748,TRUE,1059,TRUE,Trebizat
EFAS,12,1749,Karaotok,17.753611,43.058611,1,,,Neretva,BA,2425,,Neretva,,0,FALSE,0,0,0,0,1,1,0.5,FALSE,4952500,2247500,,,No discharge data available for calibration period,1749,FALSE,1059,FALSE,Krupa
EFAS,12,1750,Kosta Khetagurova,41.9,43.81666,0,,,Kuban,RU,3900,,Kuban,,0,FALSE,1,0,0,0,0,1,812.06,FALSE,6802500,2842500,,,No discharge data available for calibration period,1750,FALSE,1060,FALSE,Kuban
EFAS,12,1751,Degtjarevskiy,41.93333,44.55,0,,,Kuban,RU,7625,,Kuban,,0,FALSE,1,0,0,0,0,1,337.2,FALSE,6777500,2917500,,,No discharge data available for calibration period,1751,FALSE,1060,FALSE,Kuban
EFAS,12,1752,Nevinnomysk,41.933333,44.633333,0,,,Kuban,RU,11050,,Kuban,,0,FALSE,0,0,0,0,0,1,309.3,FALSE,6772500,2927500,,,No discharge data available for calibration period,1752,FALSE,1060,FALSE,Kuban
EFAS,12,1753,Uspenskoe,41.41666,44.83333,0,,,Kuban,RU,13025,,Kuban,,0,FALSE,1,0,0,0,0,1,202.09,FALSE,6727500,2932500,,,No discharge data available for calibration period,1753,FALSE,1060,FALSE,Kuban
EFAS,12,1754,Armavir,41.15,45,0,,,Kuban,RU,16825,,Kuban,,0,FALSE,1,0,0,0,0,1,158.98,FALSE,6697500,2942500,,,No discharge data available for calibration period,1754,FALSE,1060,FALSE,Kuban
EFAS,12,1755,Ladozhskaja,39.93333,45.3,0,,,Kuban,RU,20075,,Kuban,,0,FALSE,1,0,0,0,0,1,35.11,FALSE,6602500,2932500,,,No discharge data available for calibration period,1755,FALSE,1060,FALSE,Kuban
EFAS,12,1756,Verkhniy Uchkulan,42.03333,43.43333,0,,,Kuban,RU,250,,Kuban,,0,FALSE,1,0,0,0,0,1,1509,FALSE,6832500,2807500,,,No discharge data available for calibration period,1756,FALSE,1060,FALSE,Uchkulan
EFAS,12,1757,Khurzuk,42.13333,43.43333,0,,,Kuban,RU,625,,Kuban,,0,FALSE,1,0,0,0,0,1,1443.89,FALSE,6837500,2812500,,,No discharge data available for calibration period,1757,FALSE,1060,FALSE,Ullu-Kam
EFAS,12,1758,Teberda,41.73333,43.45,0,,,Kuban,RU,550,,Kuban,,0,FALSE,1,0,0,0,0,1,1304,FALSE,6812500,2797500,,,No discharge data available for calibration period,1758,FALSE,1060,FALSE,Teberda
EFAS,12,1759,Marukha,41.63333,43.75,0,,,Kuban,RU,325,,Kuban,,0,FALSE,1,0,0,0,0,1,1058.54,FALSE,6787500,2827500,,,No discharge data available for calibration period,1759,FALSE,1060,FALSE,Marukha
EFAS,12,1760,Khasaut-Grecheskoe,41.66666,43.68333,0,,,Kuban,RU,575,,Kuban,,0,FALSE,1,0,0,0,0,1,1117.15,FALSE,6792500,2822500,,,No discharge data available for calibration period,1760,FALSE,1060,FALSE,Aksaut
EFAS,12,1761,Arkhyz,41.283333,43.533333,0,,,Kuban,RU,500,,Kuban,,0,FALSE,1,0,0,0,0,1,1433.02,FALSE,6772500,2792500,,,No discharge data available for calibration period,1761,FALSE,1060,FALSE,Bolshoy Zelenchuk
EFAS,12,1762,Zelenchukskaja,41.56666,43.86666,0,,,Kuban,RU,925,,Kuban,,0,FALSE,1,0,0,0,0,1,919.34,FALSE,6777500,2837500,,,No discharge data available for calibration period,1762,FALSE,1060,FALSE,Bolshoy Zelenchuk
EFAS,12,1763,Udobnaja,41.51666,44.18333,0,,,Kuban,RU,1375,,Kuban,,0,FALSE,1,0,0,0,0,1,548.86,FALSE,6762500,2867500,,,No discharge data available for calibration period,1763,FALSE,1060,FALSE,Urup
EFAS,12,1764,Kaladzhinskaja,40.88333,44.31666,0,,,Kuban,RU,1775,,Kuban,,0,FALSE,0,0,0,0,0,1,431.34,FALSE,6712500,2862500,,,No discharge data available for calibration period,1764,FALSE,1060,FALSE,Laba
EFAS,12,1765,Doguzhiev,39.76666,45.13333,0,,,Kuban,RU,25,,Kuban,,0,FALSE,1,0,0,0,0,1,36.95,FALSE,6597500,2912500,,,No discharge data available for calibration period,1765,FALSE,1060,FALSE,Laba
EFAS,12,1766,Burnoe,40.71666,44.01666,0,,,Kuban,RU,1125,,Kuban,,0,FALSE,1,0,0,0,0,1,724.31,FALSE,6712500,2822500,,,No discharge data available for calibration period,1766,FALSE,1060,FALSE,Malaja Laba
EFAS,12,1767,Aziatskiy most,40.96666,43.95,0,,,Kuban,RU,1275,,Kuban,,0,FALSE,1,0,0,0,0,1,821.01,FALSE,6732500,2827500,,,No discharge data available for calibration period,1767,FALSE,1060,FALSE,Bolshaja Laba
EFAS,12,1768,Voznesenskaja,41.03333,44.55,0,,,Kuban,RU,650,,Kuban,,0,FALSE,1,0,0,0,0,1,365.46,FALSE,6712500,2892500,,,No discharge data available for calibration period,1768,FALSE,1060,FALSE,Chamlyk
EFAS,12,1769,Dondukovskaja,40.35,44.9,0,,,Kuban,RU,1300,,Kuban,,0,FALSE,1,0,0,0,0,1,134.49,FALSE,6647500,2902500,,,No discharge data available for calibration period,1769,FALSE,1060,FALSE,Fars
EFAS,12,1770,Guzeripl,40.13333,44,0,,,Kuban,RU,600,,Kuban,,0,FALSE,1,0,0,0,0,1,659.35,FALSE,6667500,2802500,,,No discharge data available for calibration period,1770,FALSE,1060,FALSE,Belaja
EFAS,12,1771,Kamennomostskiy,40.18333,44.28333,0,,,Kuban,RU,50,,Kuban,,0,FALSE,1,0,0,0,0,1,373.09,FALSE,6662500,2837500,,,No discharge data available for calibration period,1771,FALSE,1060,FALSE,Belaja
EFAS,12,1772,Grozniy,40.13333,44.53333,0,,,Kuban,RU,2200,,Kuban,,0,FALSE,1,0,0,0,0,1,232,FALSE,6647500,2857500,,,No discharge data available for calibration period,1772,FALSE,1060,FALSE,Belaja
EFAS,12,1773,Nizhegorodskaja,39.91666,44.26666,0,,,Kuban,RU,325,,Kuban,,0,FALSE,1,0,0,0,0,1,381.04,FALSE,6642500,2827500,,,No discharge data available for calibration period,1773,FALSE,1060,FALSE,Kurdzhips
EFAS,12,1774,Apsheronsk,39.73333,44.5,0,,,Kuban,RU,1600,,Kuban,,0,FALSE,1,0,0,0,0,1,180.4,FALSE,6617500,2842500,,,No discharge data available for calibration period,1774,FALSE,1060,FALSE,Pshekha
EFAS,12,1775,Khadyzhensk,39.53333,44.41666,0,,,Kuban,RU,725,,Kuban,,0,FALSE,1,0,0,0,0,1,100.86,FALSE,6607500,2827500,,,No discharge data available for calibration period,1775,FALSE,1060,FALSE,Pshish
EFAS,12,1776,Gorjachiy klyuch,39.1,44.63333,0,,,Kuban,RU,800,,Kuban,,0,FALSE,1,0,0,0,0,1,58.06,FALSE,6567500,2837500,,,No discharge data available for calibration period,1776,FALSE,1060,FALSE,Psekups
EFAS,12,1777,Gabukay,39.45,44.8,0,,,Kuban,RU,250,,Kuban,,0,FALSE,0,0,0,0,0,1,33.15,FALSE,6587500,2867500,,,No discharge data available for calibration period,1777,FALSE,1060,FALSE,Pshish
EFAS,12,1778,Arkhipo-Osipovka,38.55,44.383333,0,,,Vulan,RU,250,,Vulan,,0,FALSE,1,0,0,0,0,1,-2.64,FALSE,6537500,2797500,,,No discharge data available for calibration period,1778,FALSE,1060,FALSE,Vulan
EFAS,12,1779,Mamedova Schel,39.3,43.95,0,,,Kuapse,RU,50,,Kuapse,,0,FALSE,1,0,0,0,0,1,26.44,FALSE,6612500,2772500,,,No discharge data available for calibration period,1779,FALSE,1060,FALSE,Kuapse
EFAS,12,1780,Dagomys,39.65,43.666667,0,,,Dagomys,RU,100,,Dagomys,,0,FALSE,1,0,0,0,0,1,10,FALSE,6647500,2752500,,,No discharge data available for calibration period,1780,FALSE,1060,FALSE,Zapadnyi Dagomys
EFAS,12,1781,Sochi,39.716667,43.583333,0,,,Sochi,RU,375,,Sochi,,0,FALSE,1,0,0,0,0,1,1.67,FALSE,6657500,2747500,,,No discharge data available for calibration period,1781,FALSE,1060,FALSE,Sochi
EFAS,12,1782,Krasnaja Poljana,40.216667,43.683333,0,,,Mzymta,RU,575,,Mzymta,,0,FALSE,1,0,0,0,0,1,463,FALSE,6687500,2772500,,,No discharge data available for calibration period,1782,FALSE,1060,FALSE,Mzymta
EFAS,12,1783,Kazachiy Brod,39.983333,43.5,0,,,Mzymta,RU,925,,Mzymta,,0,FALSE,1,0,0,0,0,1,68.12,FALSE,6677500,2747500,,,No discharge data available for calibration period,1783,FALSE,1060,FALSE,Mzymta
EFAS,12,1784,Labinsk,40.716667,44.633333,0,,,Kuban,RU,5100,,Kuban,,0,FALSE,0,0,0,0,0,1,262.9,FALSE,6682500,2887500,,,No discharge data available for calibration period,1784,FALSE,1060,FALSE,Laba
EFAS,12,1785,Bzhedukhovskaja,39.667,44.85,0,,,Kuban,RU,1425,,Kuban,,0,FALSE,1,0,0,0,0,1,43.75,FALSE,6602500,2877500,,,No discharge data available for calibration period,1785,FALSE,1060,FALSE,Pshish
EFAS,12,1786,Assokolay,39.433,44.733,0,,,Kuban,RU,100,,Kuban,,0,FALSE,0,0,0,0,0,1,39,FALSE,6587500,2857500,,,No discharge data available for calibration period,1786,FALSE,1060,FALSE,Marta
EFAS,12,1787,Smolenskaja,38.8,44.8,0,,,Kuban,RU,25,,Kuban,,0,FALSE,1,0,0,0,0,1,31.1,FALSE,6537500,2847500,,,No discharge data available for calibration period,1787,FALSE,1060,FALSE,Afips
EFAS,12,1788,Severskaja,38.667,44.85,0,,,Kuban,RU,225,,Kuban,,0,FALSE,1,0,0,0,0,1,38.97,FALSE,6527500,2847500,,,No discharge data available for calibration period,1788,FALSE,1060,FALSE,Ubinka
EFAS,12,1789,Krymsk,38,44.933,0,,,Kuban,RU,375,,Kuban,,0,FALSE,1,0,0,0,0,1,15.36,FALSE,6477500,2837500,,,No discharge data available for calibration period,1789,FALSE,1060,FALSE,Adagum
EFAS,12,1790,Chernigorskoe,39.767,44.95,0,,,Kuban,RU,5875,,Kuban,,0,FALSE,0,0,0,0,0,1,294.02,FALSE,6602500,2887500,,,No discharge data available for calibration period,1790,FALSE,1060,FALSE,Pshekha
EFAS,12,1791,Urup,41.15,43.867,0,,,Kuban,RU,525,,Kuban,,0,FALSE,0,0,0,0,0,1,1023.96,FALSE,6747500,2822500,,,No discharge data available for calibration period,1791,FALSE,1060,FALSE,Urup
EFAS,12,1792,Tikhovskiy,38.217,45.183,0,,,Kuban,RU,47800,,Kuban,,0,FALSE,1,0,0,0,0,1,5.3,FALSE,6487500,2867500,,,No discharge data available for calibration period,1792,FALSE,1060,FALSE,Kuban
EFAS,12,1793,Temryuk,37.386944,45.270278,0,,,Kuban,RU,100,,Kuban,,0,FALSE,1,0,0,0,0,1,-0.45,FALSE,6417500,2852500,,,No discharge data available for calibration period,1793,FALSE,1060,FALSE,Kuban
EFAS,12,1794,Slavjansk-na-Kubani,38.133,45.267,0,,,Kuban,RU,175,,Kuban,,0,FALSE,1,0,0,0,0,1,4.4,FALSE,6472500,2877500,,,No discharge data available for calibration period,1794,FALSE,1060,FALSE,Kuban
EFAS,12,1795,KOPICE,17.479167,50.645833,1,,,Oder,PL,3775,3774.2,Oder,,0,TRUE,1,1,1,1,1,1,154.25,FALSE,4847500,3082500,6,ID_1795.mod,Not enough discarge data available for calibration period,1795,TRUE,1024,TRUE,Eastern Neisse
EFAS,12,1796,NAKŁO ZACHÓD,17.56222,53.12361,1,,,Oder,PL,4750,4036.23,Oder,,0,FALSE,0,0,1,0,1,1,49.4,FALSE,4832500,3362500,,,No discharge data available for calibration period,1796,FALSE,1024,FALSE,Notec
EFAS,12,1797,GUBIN,14.706944,51.971944,1,,,Oder,PL,4275,4087.16,Oder,,0,TRUE,1,1,1,1,1,1,37.61,FALSE,4642500,3217500,6,ID_1797.mod,Not enough discarge data available for calibration period,1797,TRUE,1024,TRUE,Lusatian Neisse
EFAS,12,1798,BABINO,22.9425,53.154167,1,,,Vistula,PL,3725,4240.53,Vistula,,0,TRUE,1,0,1,1,1,1,104.06,FALSE,5177500,3412500,6,ID_1798.mod,Not enough discarge data available for calibration period,1798,TRUE,1024,TRUE,Narew
EFAS,12,1799,ŻAGAŃ,15.315833,51.618056,1,,,Oder,PL,4400,4255.04,Oder,,0,TRUE,1,1,1,1,1,1,91.91,FALSE,4692500,3177500,6,ID_1799.mod,Not enough discarge data available for calibration period,1799,TRUE,1024,TRUE,Bobr
EFAS,12,1800,NOWY SĄCZ,20.687222,49.627222,1,,,Vistula,PL,4450,4337.31,Vistula,,0,TRUE,1,1,1,1,1,1,275.67,FALSE,5087500,2997500,6,ID_1800.mod,Not enough discarge data available for calibration period,1800,TRUE,1024,TRUE,Dunajec
EFAS,12,1801,OSOWIEC,22.638889,53.483056,1,,,Vistula,PL,4325,4369.16,Vistula,,0,TRUE,1,1,1,1,1,1,103.53,FALSE,5157500,3447500,6,ID_1801.mod,Not enough discarge data available for calibration period,1801,TRUE,1024,TRUE,Biebrza
EFAS,12,1802,SMUKAŁA,17.96306,53.18806,1,,,Vistula,PL,4450,4455.21,Vistula,,0,TRUE,1,1,1,1,1,1,39.67,FALSE,4852500,3367500,6,ID_1802.mod,Not enough discarge data available for calibration period,1802,TRUE,1024,TRUE,Brda
EFAS,12,1803,OSJAKÓW,18.785278,51.285278,1,,,Oder,PL,4575,4459.72,Oder,,0,FALSE,0,0,1,0,1,1,150.51,FALSE,4932500,3172500,,,No discharge data available for calibration period,1803,FALSE,1024,FALSE,Warta
EFAS,12,1804,CHAŁUPKI,18.328889,49.922778,1,,,Oder,PL,4650,4663.69,Oder,,0,TRUE,1,1,1,1,1,1,192.59,FALSE,4917500,3007500,6,ID_1804.mod,Not enough discarge data available for calibration period,1804,TRUE,1024,TRUE,Oder
EFAS,12,1805,ELGISZEWO,18.928056,53.060833,1,,,Vistula,PL,4950,5019.48,Vistula,,0,TRUE,1,1,1,1,1,1,45.69,FALSE,4912500,3362500,6,ID_1805.mod,Not enough discarge data available for calibration period,1805,TRUE,1024,TRUE,Drweca
EFAS,12,1806,CZCHÓW,20.681944,49.816389,1,,,Vistula,PL,5475,5317.19,Vistula,,0,TRUE,1,1,1,1,1,1,222.39,FALSE,5082500,3022500,6,ID_1806.mod,Not enough discarge data available for calibration period,1806,TRUE,1024,TRUE,Dunajec
EFAS,12,1807,BURZENIN,18.838611,51.458333,1,,,Oder,PL,5350,5430.48,Oder,,0,TRUE,1,1,1,1,1,1,138.35,FALSE,4932500,3192500,6,ID_1807.mod,Not enough discarge data available for calibration period,1807,TRUE,1024,TRUE,Warta
EFAS,12,1808,LAS,19.3825,50.035556,1,,,Vistula,PL,5575,5526.64,Vistula,,0,TRUE,1,1,1,1,1,1,217.37,FALSE,4992500,3032500,,,Not enough discarge data available for calibration period,1808,FALSE,1024,TRUE,Vistula
EFAS,12,1809,NOWOGRÓD BOBRZAŃSKI,15.237778,51.798611,1,,,Oder,PL,5650,5581.11,Oder,,0,TRUE,1,1,1,1,1,1,72.42,FALSE,4682500,3202500,6,ID_1809.mod,No discharge data available for calibration period,1809,TRUE,1024,TRUE,Bobr
EFAS,12,1810,ZGŁOBICE,20.878889,49.975,1,,,Vistula,PL,5775,5647.44,Vistula,,0,TRUE,1,1,1,1,1,1,189.6,FALSE,5097500,3032500,6,ID_1810.mod,Not enough discarge data available for calibration period,1810,TRUE,1024,TRUE,Dunajec
EFAS,12,1811,BIAŁOŚLIWIE,17.124722,53.073611,1,,,Oder,PL,6300,5726.64,Oder,,0,TRUE,1,1,1,1,1,1,46.66,FALSE,4802500,3357500,,,No discharge data available for calibration period,1811,FALSE,1024,TRUE,Notec
EFAS,12,1812,OLZA,18.326389,49.951389,1,,,Oder,PL,5850,5829.95,Oder,,0,TRUE,1,1,1,1,1,1,186,FALSE,4917500,3017500,6,ID_1812.mod,Not enough discarge data available for calibration period,1812,TRUE,1024,TRUE,Oder
EFAS,12,1813,STARY RADUSZEC,15.078611,52.036389,1,,,Oder,PL,5900,5873.4,Oder,,0,FALSE,0,0,1,0,1,1,35.45,FALSE,4672500,3222500,,,No discharge data available for calibration period,1813,FALSE,1024,FALSE,Bobr
EFAS,12,1814,KRZYŻANOWICE,18.288056,49.994444,1,,,Oder,PL,5875,5874.78,Oder,,0,TRUE,1,1,1,1,1,1,184.66,FALSE,4912500,3017500,6,ID_1814.mod,Not enough discarge data available for calibration period,1814,TRUE,1024,TRUE,Oder
EFAS,12,1815,SPAŁA,20.133056,51.535,1,,,Vistula,PL,5925,5969.69,Vistula,,0,TRUE,1,1,1,1,1,1,146.5,FALSE,5017500,3207500,6,ID_1815.mod,Not enough discarge data available for calibration period,1815,TRUE,1024,TRUE,Pilica
EFAS,12,1816,UJŚCIE 1,16.730278,53.054722,1,,,Oder,PL,6575,6307.46,Oder,,0,TRUE,1,1,1,1,1,1,45.46,FALSE,4787500,3352500,6,ID_1816.mod,Not enough discarge data available for calibration period,1816,TRUE,1024,TRUE,Notec
EFAS,12,1817,LUBARTÓW,22.643611,51.498056,1,,,Vistula,PL,6325,6389.88,Vistula,,0,TRUE,1,1,1,1,1,1,140.2,FALSE,5182500,3237500,6,ID_1817.mod,Not enough discarge data available for calibration period,1817,TRUE,1024,TRUE,Wieprz
EFAS,12,1818,NOWE MIASTO,20.573333,51.609167,1,,,Vistula,PL,6750,6716.71,Vistula,,0,TRUE,1,1,1,1,1,1,128.17,FALSE,5047500,3217500,6,ID_1818.mod,Not enough discarge data available for calibration period,1818,TRUE,1024,TRUE,Pilica
EFAS,12,1819,CZERNICHÓW PROM,19.663056,49.981389,1,,,Vistula,PL,7075,7054.61,Vistula,,0,TRUE,1,1,1,1,1,1,203.67,FALSE,5017500,3032500,6,ID_1819.mod,Not enough discarge data available for calibration period,1819,TRUE,1024,TRUE,Vistula
EFAS,12,1820,ŻUKÓW,20.268889,52.261944,1,,,Vistula,PL,7225,7071.76,Vistula,,0,TRUE,1,1,1,1,1,1,67.41,FALSE,5017500,3287500,6,ID_1820.mod,Not enough discarge data available for calibration period,1820,TRUE,1024,TRUE,Bzura
EFAS,12,1821,KRYŁÓW,24.0625,50.677222,1,,,Vistula,PL,7150,7152.8,Vistula,,0,TRUE,1,1,1,1,1,1,177.57,FALSE,5307500,3157500,6,ID_1821.mod,Not enough discarge data available for calibration period,1821,TRUE,1024,TRUE,Bug
EFAS,12,1822,KRAKÓW-BIELANY,19.843333,50.040278,1,,,Vistula,PL,7600,7633.91,Vistula,,0,TRUE,1,0,1,1,1,1,197.49,FALSE,5027500,3037500,,,Not enough discarge data available for calibration period,1822,FALSE,1024,TRUE,Vistula
EFAS,12,1823,LEŻACHÓW,22.603333,50.140278,1,,,Vistula,PL,8250,8348.1,Vistula,,0,TRUE,1,1,1,1,1,1,166.47,FALSE,5217500,3082500,6,ID_1823.mod,Not enough discarge data available for calibration period,1823,TRUE,1024,TRUE,San
EFAS,12,1824,BIAŁOBRZEGI,20.951389,51.657778,1,,,Vistula,PL,8725,8664.61,Vistula,,0,TRUE,1,1,1,1,1,1,111.99,FALSE,5077500,3227500,6,ID_1824.mod,Not enough discarge data available for calibration period,1824,TRUE,1024,TRUE,Pilica
EFAS,12,1825,SIEROSŁAWICE,20.456667,50.131944,1,,,Vistula,PL,8950,8961.16,Vistula,,0,TRUE,1,1,1,1,1,1,176.25,FALSE,5062500,3057500,6,ID_1825.mod,Not enough discarge data available for calibration period,1825,TRUE,1024,TRUE,Vistula
EFAS,12,1826,STRZYŻÓW,24.035833,50.839444,1,,,Vistula,PL,9000,8991.27,Vistula,,0,TRUE,1,1,1,1,1,1,171.68,FALSE,5302500,3177500,6,ID_1826.mod,Not enough discarge data available for calibration period,1826,TRUE,1024,TRUE,Bug
EFAS,12,1827,KOŹLE,18.147778,50.3525,1,,,Oder,PL,9100,9040.07,Oder,,0,FALSE,0,0,1,0,1,1,162.5,FALSE,4902500,3057500,,,No discharge data available for calibration period,1827,FALSE,1024,FALSE,Oder
EFAS,12,1828,UNIEJÓW,18.781944,51.978056,1,,,Oder,PL,9075,9183.44,Oder,,0,TRUE,1,1,1,1,1,1,102.25,FALSE,4922500,3242500,6,ID_1828.mod,Not enough discarge data available for calibration period,1828,TRUE,1024,TRUE,Warta
EFAS,12,1829,KRAPKOWICE,17.968889,50.477778,1,,,Oder,PL,10725,10715.7,Oder,,0,TRUE,0,0,1,1,1,1,155.51,FALSE,4882500,3072500,,,No discharge data available for calibration period,1829,FALSE,1024,FALSE,Oder
EFAS,12,1830,CZARNKÓW,16.555556,52.908889,1,,,Oder,PL,12225,11872.85,Oder,,0,TRUE,0,0,1,1,1,1,38.32,FALSE,4762500,3337500,,,No discharge data available for calibration period,1830,FALSE,1024,FALSE,Notec
EFAS,12,1831,KOŁO,18.635278,52.195833,1,,,Oder,PL,12125,12001.67,Oder,,0,TRUE,1,1,1,1,1,1,88.09,FALSE,4912500,3262500,6,ID_1831.mod,No discharge data available for calibration period,1831,TRUE,1024,TRUE,Warta
EFAS,12,1832,JAGODNIKI,20.681944,50.200556,1,,,Vistula,PL,12050,12052.39,Vistula,,0,TRUE,0,1,1,0,1,1,170.02,FALSE,5077500,3062500,,,No discharge data available for calibration period,1832,FALSE,1024,FALSE,Vistula
EFAS,12,1833,RZUCHÓW,22.501944,50.246944,1,,,Vistula,PL,12075,12177.34,Vistula,,0,TRUE,1,1,1,1,1,1,161.66,FALSE,5202500,3092500,6,ID_1833.mod,Not enough discarge data available for calibration period,1833,TRUE,1024,TRUE,San
EFAS,12,1834,DOROHUSK,23.806944,51.184444,1,,,Vistula,PL,12400,12407.59,Vistula,,0,TRUE,1,1,1,1,1,1,166.65,FALSE,5277500,3212500,6,ID_1834.mod,Not enough discarge data available for calibration period,1834,TRUE,1024,TRUE,Bug
EFAS,12,1835,KRZYŻ,16.001667,52.861944,1,,,Oder,PL,12875,12574.62,Oder,,0,TRUE,1,1,1,1,1,1,26.63,FALSE,4732500,3322500,6,ID_1835.mod,Not enough discarge data available for calibration period,1835,TRUE,1024,TRUE,Notec
EFAS,12,1836,WŁODAWA,23.566389,51.551389,1,,,Vistula,PL,14250,14301.8,Vistula,,0,TRUE,1,1,1,1,1,1,151.52,FALSE,5257500,3247500,6,ID_1836.mod,Not enough discarge data available for calibration period,1836,TRUE,1024,TRUE,Bug
EFAS,12,1837,WIZNA,22.408333,53.201111,1,,,Vistula,PL,14300,14390.66,Vistula,,0,TRUE,1,1,1,1,1,1,97.47,FALSE,5137500,3407500,6,ID_1837.mod,Not enough discarge data available for calibration period,1837,TRUE,1024,TRUE,Narew
EFAS,12,1838,LĄD,17.886389,52.203889,1,,,Oder,PL,14275,14578.99,Oder,,0,FALSE,0,0,1,0,1,1,72.58,FALSE,4862500,3257500,,,No discharge data available for calibration period,1838,FALSE,1024,FALSE,Warta
EFAS,12,1839,PYZDRY,17.695278,52.167778,1,,,Oder,PL,15475,15743.34,Oder,,0,TRUE,1,1,1,1,1,1,68.45,FALSE,4847500,3257500,6,ID_1839.mod,Not enough discarge data available for calibration period,1839,TRUE,1024,TRUE,Warta
EFAS,12,1840,GOŚCIMIEC,15.640556,52.776111,1,,,Oder,PL,16675,16561.03,Oder,,0,TRUE,1,1,1,1,1,1,20.6,FALSE,4722500,3322500,6,ID_1840.mod,Not enough discarge data available for calibration period,1840,TRUE,1024,TRUE,Notec
EFAS,12,1841,SANTOK,15.418611,52.74,1,,,Oder,PL,17600,16769.53,Oder,,0,FALSE,0,0,1,0,1,1,18.82,FALSE,4692500,3307500,,,No discharge data available for calibration period,1841,FALSE,1024,FALSE,Notec
EFAS,12,1842,RADOMYŚL,21.930833,50.673611,1,,,Vistula,PL,16775,16837.9,Vistula,,0,TRUE,1,1,1,1,1,1,138.78,FALSE,5157500,3132500,6,ID_1842.mod,Not enough discarge data available for calibration period,1842,TRUE,1024,TRUE,San
EFAS,12,1843,BRZEG,17.469444,50.865556,1,,,Oder,PL,19875,19694.88,Oder,,0,TRUE,0,0,1,1,1,1,129.2,FALSE,4852500,3112500,,,Not enough discarge data available for calibration period,1843,FALSE,1024,FALSE,Oder
EFAS,12,1844,KARSY,20.774722,50.275,1,,,Vistula,PL,19925,19835.48,Vistula,,0,TRUE,1,1,1,1,1,1,165.71,FALSE,5082500,3072500,6,ID_1844.mod,Not enough discarge data available for calibration period,1844,TRUE,1024,TRUE,Vistula
EFAS,12,1845,NOWOGRÓD,21.865278,53.226667,1,,,Vistula,PL,20200,20168.94,Vistula,,0,TRUE,1,1,1,1,1,1,94.01,FALSE,5107500,3412500,6,ID_1845.mod,Not enough discarge data available for calibration period,1845,TRUE,1024,TRUE,Narew
EFAS,12,1846,TRESTNO,17.146944,51.082222,1,,,Oder,PL,21200,20387.3,Oder,,0,FALSE,0,0,1,0,1,1,114.52,FALSE,4827500,3127500,,,No discharge data available for calibration period,1846,FALSE,1024,FALSE,Oder
EFAS,12,1847,NOWA WIEŚ PODGÓRNA,17.590833,52.1425,1,,,Oder,PL,20500,20755.91,Oder,,0,TRUE,1,1,1,1,1,1,67.04,FALSE,4842500,3252500,6,ID_1847.mod,Not enough discarge data available for calibration period,1847,TRUE,1024,TRUE,Warta
EFAS,12,1848,OSTROŁĘKA,21.562778,53.083889,1,,,Vistula,PL,21950,21920.99,Vistula,,0,TRUE,1,1,1,1,1,1,89.44,FALSE,5097500,3397500,6,ID_1848.mod,Not enough discarge data available for calibration period,1848,TRUE,1024,TRUE,Narew
EFAS,12,1849,ŚREM,17.016944,52.093611,1,,,Oder,PL,22425,22402.13,Oder,,0,TRUE,1,1,1,1,1,1,57.84,FALSE,4797500,3247500,6,ID_1849.mod,Not enough discarge data available for calibration period,1849,TRUE,1024,TRUE,Warta
EFAS,12,1850,KRZYCZEW,23.499167,52.146944,1,,,Vistula,PL,27650,25595.3,Vistula,,0,TRUE,1,1,1,1,1,1,125.09,FALSE,5242500,3312500,6,ID_1850.mod,Not enough discarge data available for calibration period,1850,TRUE,1024,TRUE,Bug
EFAS,12,1851,BRZEG DOLNY,16.726667,51.260833,1,,,Oder,PL,26575,26448.79,Oder,,0,TRUE,0,0,1,1,1,1,97.73,FALSE,4792500,3147500,,,Not enough discarge data available for calibration period,1851,FALSE,1024,FALSE,Oder
EFAS,12,1852,OBORNIKI,16.813333,52.643611,1,,,Oder,PL,25925,26777.14,Oder,,0,TRUE,1,1,1,1,1,1,41.95,FALSE,4787500,3302500,6,ID_1852.mod,Not enough discarge data available for calibration period,1852,TRUE,1024,TRUE,Warta
EFAS,12,1853,MALCZYCE,16.493889,51.225833,1,,,Oder,PL,26875,26820.35,Oder,,0,TRUE,1,1,1,1,1,1,93.03,FALSE,4782500,3147500,6,ID_1853.mod,Not enough discarge data available for calibration period,1853,TRUE,1024,TRUE,Oder
EFAS,12,1854,KOŁO,21.511111,50.504722,1,,,Vistula,PL,30725,30668.67,Vistula,,0,TRUE,1,1,1,1,1,1,146.72,FALSE,5127500,3102500,6,ID_1854.mod,Not enough discarge data available for calibration period,1854,TRUE,1024,TRUE,Vistula
EFAS,12,1855,WRONKI,16.38,52.711389,1,,,Oder,PL,30000,30680.88,Oder,,0,TRUE,1,1,1,1,1,1,36.63,FALSE,4732500,3302500,6,ID_1855.mod,Not enough discarge data available for calibration period,1855,TRUE,1024,TRUE,Warta
EFAS,12,1856,MIĘDZYCHÓD,15.886111,52.604167,1,,,Oder,PL,30525,31536.29,Oder,,0,TRUE,1,1,1,1,1,1,29.13,FALSE,4712500,3297500,6,ID_1856.mod,No discharge data available for calibration period,1856,TRUE,1024,TRUE,Warta
EFAS,12,1857,SKWIERZYNA,15.501111,52.602222,1,,,Oder,PL,30850,32052.58,Oder,,0,TRUE,1,1,1,1,1,1,21.82,FALSE,4702500,3292500,6,ID_1857.mod,Not enough discarge data available for calibration period,1857,TRUE,1024,TRUE,Warta
EFAS,12,1858,GŁOGÓW,16.092778,51.668056,1,,,Oder,PL,36575,36403.37,Oder,,0,TRUE,1,1,1,1,1,1,67.89,FALSE,4747500,3192500,6,ID_1858.mod,Not enough discarge data available for calibration period,1858,TRUE,1024,TRUE,Oder
EFAS,12,1859,WYSZKÓW,21.452778,52.588333,1,,,Vistula,PL,38100,38394.24,Vistula,,0,TRUE,1,1,1,1,1,1,81.48,FALSE,5087500,3327500,6,ID_1859.mod,Not enough discarge data available for calibration period,1859,TRUE,1024,TRUE,Bug
EFAS,12,1860,NIETKÓW,15.3475,52.046389,1,,,Oder,PL,39800,40420.7,Oder,,0,TRUE,1,1,1,1,1,1,42.11,FALSE,4682500,3227500,6,ID_1860.mod,Not enough discarge data available for calibration period,1860,TRUE,1024,TRUE,Oder
EFAS,12,1861,ANNOPOL,21.833889,50.886111,1,,,Vistula,PL,51500,51498.57,Vistula,,0,TRUE,1,1,1,1,1,1,130.94,FALSE,5152500,3152500,6,ID_1861.mod,Not enough discarge data available for calibration period,1861,TRUE,1024,TRUE,Vistula
EFAS,12,1862,BIAŁA GÓRA,14.729167,52.093611,1,,,Oder,PL,50875,51899.69,Oder,,0,FALSE,0,0,1,0,1,1,27.93,FALSE,4642500,3232500,,,No discharge data available for calibration period Moved,1862,FALSE,1024,FALSE,Oder
EFAS,12,1863,SANTOK,15.398889,52.734444,1,,,Oder,PL,53250,52316.19,Oder,,0,FALSE,0,0,1,0,1,1,16.88,FALSE,4687500,3307500,,,No discharge data available for calibration period,1863,FALSE,1024,FALSE,Warta
EFAS,12,1864,ŚWIERKOCIN,15,52.65,1,,,Oder,PL,54275,52726.33,Oder,,0,FALSE,0,0,1,0,1,1,11.04,FALSE,4662500,3292500,,,No discharge data available for calibration period,1864,FALSE,1024,FALSE,Warta
EFAS,12,1865,KOSTRZYN,14.662222,52.581944,1,,,Oder,PL,52125,53089.07,Oder,,0,FALSE,0,0,1,0,1,1,8.78,FALSE,4632500,3282500,,,No discharge data available for calibration period,1865,FALSE,1024,FALSE,Warta
EFAS,12,1866,PUŁAWY-AZOTY,21.945278,51.445278,1,,,Vistula,PL,57650,57668.06,Vistula,,0,TRUE,1,1,1,1,1,1,113.2,FALSE,5147500,3217500,6,ID_1866.mod,Not enough discarge data available for calibration period,1866,TRUE,1024,TRUE,Vistula
EFAS,12,1867,DĘBLIN,21.826389,51.562778,1,,,Vistula,PL,68100,68316.77,Vistula,,0,TRUE,1,1,1,1,1,1,109.15,FALSE,5132500,3227500,6,ID_1867.mod,Not enough discarge data available for calibration period,1867,TRUE,1024,TRUE,Vistula
EFAS,12,1868,ORZECHOWO,20.864444,52.488056,1,,,Vistula,PL,68650,69087.13,Vistula,,0,FALSE,0,0,1,0,1,1,69.94,FALSE,5052500,3317500,,,No discharge data available for calibration period,1868,FALSE,1024,FALSE,Narew
EFAS,12,1869,WARSZAWA-NADWILANÓWKA ŚL,21.102778,52.190833,1,,,Vistula,PL,84700,84630.04,Vistula,,0,TRUE,1,1,1,1,1,1,76.68,FALSE,5077500,3292500,6,ID_1869.mod,Not enough discarge data available for calibration period,1869,TRUE,1024,TRUE,Vistula
EFAS,12,1870,WARSZAWA,21.0325,52.248056,0,,,Vistula,PL,84825,84945.16,Vistula,,0,FALSE,0,0,0,0,0,0,76.08,FALSE,5067500,3297500,,,No discharge data available for calibration period,1870,FALSE,1024,FALSE,Vistula
EFAS,12,1871,KOSTRZYN,14.606111,52.599167,1,,,Oder,PL,108050,108172.39,Oder,,0,FALSE,0,0,1,0,1,1,8.2,FALSE,4632500,3287500,,,No discharge data available for calibration period,1871,FALSE,1024,FALSE,Oder
EFAS,12,1872,BIELINEK,14.155278,52.929722,1,,,Oder,PL,112200,110006.26,Oder,,0,FALSE,0,0,1,0,1,1,-1.09,FALSE,4602500,3317500,,,No discharge data available for calibration period,1872,FALSE,1024,FALSE,Row Glowny
EFAS,12,1873,WIDUCHOWA,14.382222,53.122222,1,,,Oder,PL,113850,110585.7,Oder,,0,FALSE,0,0,1,0,1,1,-5.16,FALSE,4612500,3337500,,,No discharge data available for calibration period,1873,FALSE,1024,FALSE,Oder
EFAS,12,1874,GRYFINO,14.48444,53.25694,1,,,Oder,PL,114325,111041.07,Oder,,0,FALSE,0,0,1,0,1,1,-5.11,FALSE,4617500,3352500,,,No discharge data available for calibration period,1874,FALSE,1024,FALSE,Oder
EFAS,12,1875,SZCZECIN (MOST DŁUGI),14.561111,53.422222,1,,,Oder,PL,114900,114972.69,Oder,,0,FALSE,0,0,1,0,1,1,-5.12,FALSE,4627500,3382500,,,No discharge data available for calibration period,1875,FALSE,1024,FALSE,Oder
EFAS,12,1876,MODLIN,20.659722,52.430556,1,,,Vistula,PL,159325,159723.73,Vistula,,0,TRUE,1,1,1,1,1,1,66.51,FALSE,5037500,3307500,6,ID_1876.mod,Not enough discarge data available for calibration period,1876,TRUE,1024,TRUE,Vistula
EFAS,12,1877,WYSZOGRÓD,20.193056,52.384722,1,,,Vistula,PL,159500,160090.52,Vistula,,0,TRUE,1,1,1,1,1,1,60.28,FALSE,5017500,3302500,6,ID_1877.mod,Not enough discarge data available for calibration period,1877,TRUE,1024,TRUE,Vistula
EFAS,12,1878,WŁOCŁAWEK,19.069167,52.663333,1,,,Vistula,PL,171250,171764.12,Vistula,,0,TRUE,1,1,1,1,1,1,41.17,FALSE,4937500,3322500,6,ID_1878.mod,Not enough discarge data available for calibration period,1878,TRUE,1024,TRUE,Vistula
EFAS,12,1879,TORUŃ,18.6075,53.008056,1,,,Vistula,PL,180025,180390.23,Vistula,,0,TRUE,1,1,1,1,1,1,31.96,FALSE,4887500,3357500,6,ID_1879.mod,Not enough discarge data available for calibration period,1879,TRUE,1024,TRUE,Vistula
EFAS,12,1880,FORDON,18.17,53.14639,1,,,Vistula,PL,185575,186219.05,Vistula,,0,TRUE,1,1,1,1,1,1,24.74,FALSE,4872500,3382500,6,ID_1880.mod,Not enough discarge data available for calibration period,1880,TRUE,1024,TRUE,Vistula
EFAS,12,1881,CHEŁMNO,18.416667,53.369167,1,,,Vistula,PL,186900,186816.28,Vistula,,0,TRUE,1,1,1,1,1,1,18.92,FALSE,4882500,3397500,6,ID_1881.mod,Not enough discarge data available for calibration period,1881,TRUE,1024,TRUE,Vistula
EFAS,12,1882,GRUDZIĄDZ,18.745556,53.490278,1,,,Vistula,PL,189525,189715.02,Vistula,,0,TRUE,1,1,1,1,1,1,13.81,FALSE,4897500,3427500,6,ID_1882.mod,Not enough discarge data available for calibration period,1882,TRUE,1024,TRUE,Vistula
EFAS,12,1883,TCZEW,18.80556,54.08722,1,,,Vistula,PL,193725,193923.06,Vistula,,0,TRUE,1,1,1,1,1,1,-0.56,FALSE,4897500,3482500,6,ID_1883.mod,Not enough discarge data available for calibration period,1883,TRUE,1024,TRUE,Vistula
EFAS,12,1884,GDAŃSK GŁOWA - DREWNICA,18.951667,54.267222,1,,,Vistula,PL,193775,193946.36,Vistula,,0,FALSE,0,0,1,0,1,1,-5.06,FALSE,4902500,3492500,,,No discharge data available for calibration period,1884,FALSE,1024,FALSE,Vistula
EFAS,12,1885,GDAŃSK PRZEGALINA,18.923889,54.308611,1,,,Vistula,PL,193800,193950.76,Vistula,,0,FALSE,0,0,1,0,1,1,-5.08,FALSE,4902500,3497500,,,No discharge data available for calibration period,1885,FALSE,1024,FALSE,Vistula
EFAS,12,1886,GDAŃSK ŚWIBNO,18.935278,54.335278,1,,,Vistula,PL,193850,193957.95,Vistula,,0,FALSE,0,0,1,0,1,1,-5.08,FALSE,4902500,3502500,,,No discharge data available for calibration period,1886,FALSE,1024,FALSE,Vistula
EFAS,12,1887,GDAŃSK UJŚCIE WISŁY,18.942778,54.352778,1,,,Vistula,PL,193875,193959.27,Vistula,,0,FALSE,0,0,1,0,1,1,-5.08,FALSE,4902500,3507500,,,No discharge data available for calibration period,1887,FALSE,1024,FALSE,Vistula
EFAS,12,1888,BUDESTI,26.433333,44.216667,0,HIST_24h,C008,Arges,RO,10775,10000,Danube,1,0,TRUE,0,1,0,0,0,0,,FALSE,5622500,2487500,24,ID_1888.mod,use until 12-1994 low quality,1888,FALSE,1062,FALSE,Arges
EFAS,12,1889,SLOBOZIA,27.4,44.55,0,HIST_24h,C016,Ialomita,RO,9500,9425,Danube,3,0,TRUE,0,1,0,0,0,0,,TRUE,5697500,2547500,24,ID_1889.mod,,1889,FALSE,1062,FALSE,Bratul Borcea
EFAS,12,1890,Kunino,24.002778,43.188889,0,HIST_24h,C017,Iskur,BG,6825,7300,Danube,3,0,TRUE,0,1,0,0,0,0,,TRUE,5457500,2342500,24,ID_1890.mod,,1890,FALSE,1062,FALSE,Iskur
EFAS,12,1891,OANCEA,28.116667,45.916667,0,HIST_24h,C020,Prut,RO,26750,26800,Danube,3,0,TRUE,0,1,0,0,0,0,,TRUE,5712500,2697500,24,ID_1891.mod,,1891,FALSE,1062,FALSE,Prut
EFAS,12,1892,SIRET,26.033333,47.9,0,HIST_24h,C030,Siret,RO,1650,1725,Danube,3,0,TRUE,0,1,0,0,0,0,,TRUE,5507500,2892500,24,ID_1892.mod,,1892,FALSE,1062,FALSE,Siret
EFAS,12,1893,FELSOEZSOLCA,20.84,48.11,0,HIST_24h,C032,Tisza,HU,6475,6825,Danube,3,0,TRUE,0,1,0,0,0,0,,TRUE,5127500,2832500,24,ID_1893.mod,,1893,FALSE,1062,FALSE,Slana
EFAS,12,1894,SZEGED,20.16,46.25,0,HIST_24h,C045,Tisza,HU,138425,138408,Danube,3,0,TRUE,0,1,0,0,0,0,,TRUE,5102500,2622500,24,ID_1894.mod,,1894,FALSE,1062,FALSE,Tisza
EFAS,12,1895,BRATISLAVA,17.1,48.14,0,HIST_24h,C046,Upper Danube,SK,131325,131331,Danube,3,0,TRUE,0,1,0,0,0,0,,TRUE,4852500,2807500,24,ID_1895.mod,,1895,FALSE,1062,FALSE,Mosoni-Duna
EFAS,12,1896,L'Adour à Audon -  010174-010691 00:00,-0.836511,43.789316,0,HIST_24h,C063,Adour,FR,4125,4100,Adour,3,0,TRUE,0,1,0,0,0,0,,TRUE,3457500,2357500,24,ID_1896.mod,,1896,FALSE,1062,FALSE,Adour
EFAS,12,1897,L'Adour à Cahuzac-Sur-Adour,-0.019438,43.640856,0,HIST_24h,C064,Adour,FR,1300,1290,Adour,3,0,TRUE,0,1,0,0,0,0,,TRUE,3512500,2332500,24,ID_1897.mod,,1897,FALSE,1062,FALSE,Adour
EFAS,12,1898,Le Gave De Pau à Berenx [Pont De Berenx],-0.853243,43.508747,0,HIST_24h,C065,Adour,FR,2575,2575,Adour,3,0,TRUE,0,1,0,0,0,0,,TRUE,3442500,2332500,24,ID_1898.mod,,1898,FALSE,1062,FALSE,Gave de Pau
EFAS,12,1899,Le Gave D'Oloron à Escos,-0.994605,43.439513,0,HIST_24h,C066,Adour,FR,2550,2456,Adour,3,0,TRUE,0,1,0,0,0,0,,TRUE,3432500,2317500,24,ID_1899.mod,,1899,FALSE,1062,FALSE,Gave
EFAS,12,1900,Le Tarn à Villemur-Sur-Tarn,1.495663,43.88042,0,HIST_24h,C068,Garonne,FR,9100,9100,Garonne,3,0,TRUE,0,1,0,0,0,0,,TRUE,3632500,2347500,24,ID_1900.mod,,1900,FALSE,1062,FALSE,Tarn
EFAS,12,1901,Le Lot à Faycelles,2.015668,44.556526,0,HIST_24h,C070,Garonne,FR,6850,6840,Garonne,3,0,TRUE,0,1,0,0,0,0,,TRUE,3687500,2417500,24,ID_1901.mod,Dams upstream,1901,FALSE,1062,FALSE,Lot
EFAS,12,1902,La Vezere à Campagne,0.959606,44.903932,0,HIST_24h,C071,Dordogne,FR,3725,3736,Garonne,3,0,TRUE,0,1,0,0,0,0,,TRUE,3602500,2467500,24,ID_1902.mod,,1902,FALSE,1062,FALSE,Vezere
EFAS,12,1903,L'Isle à Abzac,-0.12619,45.021805,0,HIST_24h,C072,Dordogne,FR,3750,3752,Garonne,3,0,TRUE,0,1,0,0,0,0,,TRUE,3527500,2487500,24,ID_1903.mod,,1903,FALSE,1062,FALSE,Isle
EFAS,12,1904,La Dordogne à Cenac-Et-Saint-Julien [Cenac],1.204299,44.805232,0,HIST_24h,C073,Dordogne,FR,8625,8705,Garonne,3,0,TRUE,0,1,0,0,0,0,,TRUE,3627500,2452500,24,ID_1904.mod,Dams upstream,1904,FALSE,1062,FALSE,Dordogne
EFAS,12,1905,La Loire à Villerest,4.044108,46.004406,0,HIST_24h,C074,Loire,FR,6725,6585,Loire,3,0,TRUE,0,1,0,0,0,0,,TRUE,3857500,2562500,24,ID_1905.mod,dam  moved station downstream,1905,FALSE,1062,FALSE,Loire
EFAS,12,1906,La Loire à Villerest [Pont de Villerest],4.046217,45.995861,0,HIST_24h,,Loire,FR,6700,6585,Loire,0,0,TRUE,0,1,0,0,0,0,,FALSE,3857500,2557500,24,ID_1906.mod,Same as 1905 - Dam  moved downstream of dam,1906,FALSE,1062,FALSE,Loire
EFAS,12,1907,L'Allier à Moulins,3.325648,46.561451,0,HIST_24h,C075,Loire,FR,13075,12980,Loire,3,0,TRUE,0,1,0,0,0,0,,TRUE,3807500,2622500,24,ID_1907.mod,After 1994,1907,FALSE,1062,FALSE,Allier
EFAS,12,1908,La Vienne à Lussac-Les-Chateaux,0.701612,46.404555,0,HIST_24h,C076,Loire,FR,5625,5535,Loire,3,0,TRUE,0,1,0,0,0,0,,TRUE,3607500,2627500,24,ID_1908.mod,,1908,FALSE,1062,FALSE,Vienne
EFAS,12,1910,La Creuse à Leugny,0.703829,46.909608,0,HIST_24h,C078,Loire,FR,7975,8020,Loire,3,0,TRUE,0,1,0,0,0,0,,TRUE,3612500,2687500,24,ID_1910.mod,,1910,FALSE,1062,FALSE,Creuse
EFAS,12,1911,La Vienne à Nouatre,0.544893,47.049725,0,HIST_24h,C079,Loire,FR,20000,19920,Loire,3,0,TRUE,0,1,0,0,0,0,,TRUE,3602500,2702500,24,ID_1911.mod,,1911,FALSE,1062,FALSE,Vienne
EFAS,12,1912,Le Loir à Durtal,-0.244677,47.668413,0,HIST_24h,C080,Loire,FR,7925,7920,Loire,3,0,TRUE,0,1,0,0,0,0,,TRUE,3557500,2782500,24,ID_1912.mod,,1912,FALSE,1062,FALSE,Loire
EFAS,12,1913,La Loire à Nevers,3.164963,46.983065,0,HIST_24h,C081,Loire,FR,17650,17570,Loire,3,0,TRUE,0,1,0,0,0,0,,TRUE,3807500,2672500,24,ID_1913.mod,,1913,FALSE,1062,FALSE,Loire
EFAS,12,1915,La Loire à Saumur,-0.075445,47.262417,0,HIST_24h,C083,Loire,FR,81425,81200,Loire,3,0,TRUE,0,1,0,0,0,0,,TRUE,3567500,2732500,24,ID_1915.mod,,1915,FALSE,1062,FALSE,Loire
EFAS,12,1916,La Loire [Totale] à Nantes [Saint Felix],-1.539713,47.211599,0,HIST_24h,C084,Loire,FR,112300,111570,Loire,3,0,TRUE,0,1,0,0,0,0,,TRUE,3457500,2747500,24,ID_1916.mod,,1916,FALSE,1062,FALSE,Loire
EFAS,12,1918,La Saone à Pagny-La-Ville [Lechatelet],5.149568,47.066696,0,HIST_24h,C092,Rhone,FR,11700,11673,Rhone,3,0,TRUE,0,1,0,0,0,0,,TRUE,3952500,2672500,24,ID_1918.mod,,1918,FALSE,1062,FALSE,Saone
EFAS,12,1919,Le Rhone à Lyon [Perrache],4.830951,45.748116,0,HIST_24h,C095,Rhone,FR,20700,20300,Rhone,3,0,TRUE,0,1,0,0,0,0,,TRUE,3922500,2532500,24,ID_1919.mod,seems regulated,1919,FALSE,1062,FALSE,Rhone
EFAS,12,1920,Le Rhone à Viviers,4.700911,44.481317,0,HIST_24h,C097,Rhone,FR,71225,70900,Rhone,3,0,TRUE,0,1,0,0,0,0,,TRUE,3897500,2392500,24,ID_1920.mod,,1920,FALSE,1062,FALSE,Rhone
EFAS,12,1921,Le Rhone à Viviers,4.700254,44.481538,0,HIST_24h,,Rhone,FR,71025,70900,Rhone,0,0,TRUE,0,1,0,0,0,0,,FALSE,3897500,2397500,24,ID_1921.mod,same location as 1920 less data,1921,FALSE,1062,FALSE,Rhone
EFAS,12,1922,Le Rhone à Beaucaire,4.652875,43.787707,0,HIST_24h,C098,Rhone,FR,95950,95590,Rhone,3,0,TRUE,0,1,0,0,0,0,,TRUE,3887500,2312500,24,ID_1922.mod,Dam,1922,FALSE,1062,FALSE,Rhone
EFAS,12,1923,L'Isere à Beaumont-Monteux,4.913408,45.017178,0,HIST_24h,C099,Rhone,FR,11850,11800,Rhone,3,0,TRUE,0,1,0,0,0,0,,TRUE,3922500,2447500,24,ID_1923.mod,,1923,FALSE,1062,FALSE,Isere
EFAS,12,1924,L'Isere à Beaumont-Monteux,4.914976,45.016503,0,HIST_24h,,Rhone,FR,11875,11800,Rhone,0,0,TRUE,0,1,0,0,0,0,,FALSE,3917500,2447500,24,ID_1924.mod,Same location as 1923 but less data and lower quality,1924,FALSE,1062,FALSE,Isere
EFAS,12,1925,La Durance à Saint-Paul-Les-Durance [Jouques-Cadarache],5.7397,43.719792,0,HIST_24h,C100,Rhone,FR,11850,11700,Rhone,3,0,TRUE,0,1,0,0,0,0,,TRUE,3977500,2297500,24,ID_1925.mod,dams upsttream,1925,FALSE,1062,FALSE,Durance
EFAS,12,1926,L'Yonne à Gurgy,3.535478,47.878302,0,HIST_24h,C101,Seine,FR,3800,3807,Seine,3,0,TRUE,0,1,0,0,0,0,,TRUE,3842500,2767500,24,ID_1926.mod,,1926,FALSE,1062,FALSE,Yonne
EFAS,12,1927,L'Armançon à Brienon-sur-Armançon,3.613256,47.985507,0,HIST_24h,C102,Seine,FR,2975,2982,Seine,3,0,TRUE,0,1,0,0,0,0,,TRUE,3842500,2782500,24,ID_1927.mod,,1927,FALSE,1062,FALSE,Armancon
EFAS,12,1928,L'Yonne à Courlon-sur-Yonne,3.157618,48.330989,0,HIST_24h,C103,Seine,FR,10725,10700,Seine,3,0,TRUE,0,1,0,0,0,0,,TRUE,3817500,2822500,24,ID_1928.mod,,1928,FALSE,1062,FALSE,Yonne
EFAS,12,1929,Le Loing àÉpisy,2.788472,48.3377,0,HIST_24h,C104,Seine,FR,3900,3900,Seine,3,0,TRUE,0,1,0,0,0,0,,TRUE,3787500,2827500,24,ID_1929.mod,,1929,FALSE,1062,FALSE,Loing
EFAS,12,1930,La Marne à la Ferté-sous-Jouarre,3.12157,48.945001,0,HIST_24h,C105,Seine,FR,8650,8818,Seine,3,0,TRUE,0,1,0,0,0,0,,TRUE,3822500,2897500,24,ID_1930.mod,,1930,FALSE,1062,FALSE,Marne
EFAS,12,1931,La Marne à Gournay-sur-Marne,2.573855,48.860672,0,HIST_24h,C106,Seine,FR,12625,12660,Seine,3,0,TRUE,0,1,0,0,0,0,,TRUE,3772500,2882500,24,ID_1931.mod,,1931,FALSE,1062,FALSE,Marne
EFAS,12,1932,La Marne à Gournay-sur-Marne [station ultra-son],2.570154,48.864661,0,,,Seine,FR,12475,12660,Seine,,0,TRUE,0,1,0,0,0,0,,FALSE,3777500,2887500,,,Not enough discarge data available for calibration period,1932,FALSE,1062,FALSE,Marne
EFAS,12,1933,L'Aisne à Givry,4.538226,49.491722,0,HIST_24h,C107,Seine,FR,2975,2940,Seine,3,0,TRUE,0,1,0,0,0,0,,TRUE,3927500,2947500,24,ID_1933.mod,,1933,FALSE,1062,FALSE,Aisne
EFAS,12,1934,L'Oise à Sempigny,2.993793,49.560102,0,HIST_24h,C108,Seine,FR,4275,4290,Seine,3,0,TRUE,0,1,0,0,0,0,,TRUE,3812500,2962500,24,ID_1934.mod,,1934,FALSE,1062,FALSE,Oise
EFAS,12,1935,La Seine à Poissy,2.038168,48.937237,0,HIST_24h,C109,Seine,FR,61750,61820,Seine,3,0,TRUE,0,1,0,0,0,0,,TRUE,3732500,2907500,24,ID_1935.mod,,1935,FALSE,1062,FALSE,Seine
EFAS,12,1937,LAUCHA,11.68,51.22,0,HIST_24h,C167,Elbe,DE,6250,6218,Elbe,3,0,TRUE,0,1,0,0,0,0,,TRUE,4437500,3127500,24,ID_1937.mod,,1937,FALSE,1062,FALSE,Unstrut
EFAS,12,1938,SMALININKAI,22.57,55.07,0,HIST_24h,C175,Nemnus,LT,81175,81200,Nemunas,3,0,TRUE,0,1,0,0,0,0,,TRUE,5112500,3617500,24,ID_1938.mod,,1938,FALSE,1062,FALSE,Nemunas
EFAS,12,1939,JONAVA,24.28,55.08,0,HIST_24h,C177,Nemnus,LT,24425,24500,Nemunas,3,0,TRUE,0,1,0,0,0,0,,TRUE,5222500,3637500,24,ID_1939.mod,,1939,FALSE,1062,FALSE,Neris
EFAS,12,1940,INTSCHEDE,9.12,52.96,0,HIST_24h,C227,Weser,DE,38650,37720,Weser,3,0,TRUE,0,1,0,0,0,0,,TRUE,4262500,3317500,24,ID_1940.mod,,1940,FALSE,1062,FALSE,Weser
EFAS,12,1941,HANN.-MUENDEN,9.64,51.42,0,HIST_24h,C228,Weser,DE,12575,12442,Weser,3,0,TRUE,0,1,0,0,0,0,,TRUE,4297500,3147500,24,ID_1941.mod,,1941,FALSE,1062,FALSE,Weser
EFAS,12,1942,PORTA,8.92,52.24,0,HIST_24h,C229,Weser,DE,19300,19162,Weser,3,0,TRUE,0,1,0,0,0,0,,TRUE,4242500,3237500,24,ID_1942.mod,,1942,FALSE,1062,FALSE,Weser
EFAS,12,1943,AELVKARLEBY KRV,17.44,60.56,0,HIST_24h,C231,Dalaelven,SE,28575,28921,Dalalven,3,0,TRUE,0,1,0,0,0,0,,TRUE,4727500,4187500,24,ID_1943.mod,lake,1943,FALSE,1062,FALSE,Dalaelven
EFAS,12,1944,EMSFORS BRUK,16.45,57.14,0,HIST_24h,C232,Eman,SE,4450,4446,Eman,3,0,TRUE,0,1,0,0,0,0,,TRUE,4712500,3797500,24,ID_1944.mod,,1944,FALSE,1062,FALSE,Eman
EFAS,12,1945,VAENERSBORG - VARGOENS KRV,12.37,58.36,0,HIST_24h,C236,Gota,SE,48675,46886,Gota,1,0,TRUE,0,1,0,0,0,0,,FALSE,4457500,3912500,24,ID_1945.mod,lake  and dam  moved downstream extremely regulated extremely large oscillations,1945,FALSE,1062,FALSE,Gota
EFAS,12,1946,RAASAKKA (NEAR THE MOUTH),25.43,65.32,0,HIST_24h,C237,Iijoki,FI,6525,14191,Iijoki,0,0,TRUE,0,1,0,0,0,0,,FALSE,5037500,4767500,24,ID_1946.mod,wrong LDD,1946,FALSE,1062,FALSE,Iijoki
EFAS,12,1947,BERGEFORSENS KRV,17.39,62.52,0,HIST_24h,C238,Indalselven,SE,25825,25761,Indalsalven,3,0,TRUE,0,1,0,0,0,0,,TRUE,4692500,4397500,24,ID_1947.mod,oscillations strongly regulated,1947,FALSE,1062,FALSE,Indalselven
EFAS,12,1948,VAAJAKOSKI (HAAPAKOSKI),25.88,62.23,0,HIST_24h,C244,Kymijoki,FI,17550,17684,Kymijoki,3,0,TRUE,0,1,0,0,0,0,,TRUE,5142500,4437500,24,ID_1948.mod,,1948,FALSE,1062,FALSE,Leppavesi-Paijanne
EFAS,12,1949,ANJALA,26.82,60.7,0,HIST_24h,C245,Kymijoki,FI,35625,36275,Kymijoki,3,0,TRUE,0,1,0,0,0,0,,TRUE,5232500,4282500,24,ID_1949.mod,,1949,FALSE,1062,FALSE,Kymijoki
EFAS,12,1950,ANGABAECKS KRV,13.51,56.49,0,HIST_24h,C246,Lagan,SE,6925,5480,Lagan,3,0,TRUE,0,1,0,0,0,0,,TRUE,4542500,3717500,24,ID_1950.mod,oscillations  strongly regulated,1950,FALSE,1062,FALSE,Lagan
EFAS,12,1951,SKALLBOELE KRV,16.96,62.36,0,HIST_24h,C247,Ljungan,SE,11925,12088,Ljungan,3,0,TRUE,0,1,0,0,0,0,,TRUE,4682500,4382500,24,ID_1951.mod,,1951,FALSE,1062,FALSE,Ljungan
EFAS,12,1952,LJUSNE STROEMMAR KRV,17.08,61.21,0,HIST_24h,C248,Ljusnan,SE,20075,19817,Ljusnan,3,0,TRUE,0,1,0,0,0,0,,TRUE,4697500,4257500,24,ID_1952.mod,oscillations  strongly regulated,1952,FALSE,1062,FALSE,Ljusnan
EFAS,12,1953,"BODENS KRV (+ VATTENVERK, TRANGFORS)",21.67,65.81,0,HIST_24h,C249,Luleaelven,SE,24775,24924,Luleaelven,3,0,TRUE,0,1,0,0,0,0,,TRUE,4857500,4787500,24,ID_1953.mod,large oscillations strongly regulated,1953,FALSE,1062,FALSE,Luleaelven
EFAS,12,1954,OEVRE STOCKHOLM,18.08,59.3,0,HIST_24h,C250,Maelaren,SE,23250,22639,Arbogaan,3,0,TRUE,0,1,0,0,0,0,,TRUE,4777500,4052500,24,ID_1954.mod,lake  strongly regulated moved downstream,1954,FALSE,1062,FALSE,Maelaren
EFAS,12,1955,MERISKOSKI (NEAR THE MOUTH),25.52,65.02,0,HIST_24h,C251,Oulujoki,FI,24400,22841,Oulujoki,1,0,TRUE,0,1,0,0,0,0,,FALSE,5057500,4732500,24,ID_1955.mod,large obscillations seems strongly regulated,1955,FALSE,1062,FALSE,Oulujoki
EFAS,12,1956,SIKFORS KRV,21.21,65.53,0,HIST_24h,C252,Piteaelven,SE,10900,10816,Pitealven,3,0,TRUE,0,1,0,0,0,0,,TRUE,4837500,4757500,24,ID_1956.mod,,1956,FALSE,1062,FALSE,Piteaelven
EFAS,12,1957,KVISTFORSENS KRV,20.86,64.74,0,HIST_24h,C253,Skellefteaelven,SE,11275,11309,Skelleftealven,3,0,TRUE,0,1,0,0,0,0,,TRUE,4837500,4667500,24,ID_1957.mod,oscillations  strongly regulated,1957,FALSE,1062,FALSE,Skellefteaelven
EFAS,12,1958,UMEAE,20.25,63.83,0,HIST_24h,C255,Umeaelven,SE,26950,26939,Umealven,3,0,TRUE,0,1,0,0,0,0,,TRUE,4832500,4557500,24,ID_1958.mod,oscillations in low flow  strongly regulated,1958,FALSE,1062,FALSE,Umeaelven
EFAS,12,1959,TAINIONKOSKI,28.78,61.22,0,HIST_24h,C258,Vuoksi,FI,60650,61061,Neva,0,0,TRUE,0,1,0,0,0,0,,FALSE,5322500,4362500,24,ID_1959.mod,dam low quality data very large oscillations,1959,FALSE,1062,FALSE,Vuoksi
EFAS,12,1960,CORROFIN,-8.8639,53.43756,0,HIST_24h,C278,Clare,IE,575,750,Clare,3,0,TRUE,0,1,0,0,0,0,,TRUE,3082500,3537500,24,ID_1960.mod,,1960,FALSE,1062,FALSE,Clare
EFAS,12,1961,DECIN,14.23,50.79,0,HIST_24h,C316,Elbe,CZ,51100,51123,Elbe,2,0,TRUE,0,1,0,0,0,0,,FALSE,4617500,3087500,24,ID_1961.mod,close to 87,1961,FALSE,1062,FALSE,Elbe
EFAS,12,1962,ZELEZNY BROD,15.28,50.64,0,HIST_24h,C317,Elbe,CZ,800,791,Elbe,3,0,TRUE,0,1,0,0,0,0,,TRUE,4697500,3072500,24,ID_1962.mod,,1962,FALSE,1062,FALSE,Jizera
EFAS,12,1963,MORAVICANY,16.96,49.75,0,HIST_24h,C318,Morava,CZ,2300,1559,Danube,3,0,TRUE,0,1,0,0,0,0,,TRUE,4832500,2977500,24,ID_1963.mod,Moved South to avoid conflict in inflow point,1963,FALSE,1062,FALSE,Morava
EFAS,12,1964,TEPLICE,17.75,49.53,0,HIST_24h,C321,Morava,CZ,1250,1275,Danube,2,0,TRUE,0,1,0,0,0,0,,FALSE,4882500,2962500,24,ID_1964.mod,close to 575,1964,FALSE,1062,FALSE,Becva
EFAS,12,1965,GLAN,16.17,58.63,0,HIST_24h,C322,LakeVatternCatchment,SE,12425,15500,LakeVatternCatchment,3,0,TRUE,0,1,0,0,0,0,,TRUE,4682500,3947500,24,ID_1965.mod,Moved on main stream oscillations  strongly regulated,1965,FALSE,1062,FALSE,Motala Stroem
EFAS,12,1966,KUKKOLANKOSKI OEVRE,24.06,65.98,0,HIST_24h,C324,Torne,SE,39975,33930,Torne,3,0,TRUE,0,1,0,0,0,0,,TRUE,4957500,4827500,24,ID_1966.mod,,1966,FALSE,1062,FALSE,Torneaelven
EFAS,12,1967,SCHAERDING,13.44,48.43,0,HIST_24h,C328,Inn,AT,26050,25664,Danube,3,0,TRUE,0,1,0,0,0,0,,TRUE,4572500,2822500,24,ID_1967.mod,,1967,FALSE,1062,FALSE,Inn
EFAS,12,1968,SPIELFELD,15.63,46.71,0,HIST_24h,C329,Mur,AT,9625,9480,Danube,2,0,TRUE,0,1,0,0,0,0,,FALSE,4747500,2642500,24,ID_1968.mod,close to 95,1968,FALSE,1062,FALSE,Mur
EFAS,12,1969,FRIESACH,15.31,47.16,0,HIST_24h,C330,Mur,AT,6825,6792,Danube,3,0,TRUE,0,1,0,0,0,0,,TRUE,4727500,2692500,24,ID_1969.mod,,1969,FALSE,1062,FALSE,Mur
EFAS,12,1970,TRIER UP,6.62,49.73,0,HIST_24h,C343,Mosel,DE,23650,23857,Rhine,3,0,TRUE,0,1,0,0,0,0,,TRUE,4077500,2962500,24,ID_1970.mod,,1970,FALSE,1062,FALSE,Moselle
EFAS,12,1971,RETHEM,9.38,52.78,0,HIST_24h,C344,Weser,DE,15500,14730,Weser,3,0,TRUE,0,1,0,0,0,0,,TRUE,4282500,3297500,24,ID_1971.mod,,1971,FALSE,1062,FALSE,Aller
EFAS,12,1972,LETZTER HELLER,9.7,51.4,0,HIST_24h,C346,Weser,DE,5500,5487,Weser,3,0,TRUE,0,1,0,0,0,0,,TRUE,4307500,3137500,24,ID_1972.mod,,1972,FALSE,1062,FALSE,Werra
EFAS,12,1973,VERSEN,7.24,52.74,0,HIST_24h,C347,Ems,DE,8425,8369,Ems,3,0,TRUE,0,1,0,0,0,0,,TRUE,4137500,3292500,24,ID_1973.mod,,1973,FALSE,1062,FALSE,Ems
EFAS,12,1974,BERLIN MUEHLENDAMM OP,13.85,52.46,0,HIST_24h,C354,Havel,DE,6900,9707,Elbe,3,0,TRUE,0,1,0,0,0,0,,TRUE,4577500,3262500,24,ID_1974.mod,Seems regulated,1974,FALSE,1062,FALSE,Spree
EFAS,12,1975,BAD LIEBENWERDA,13.39,51.51,0,HIST_24h,C355,Elbe,DE,3125,3184,Elbe,3,0,TRUE,0,1,0,0,0,0,,TRUE,4557500,3157500,24,ID_1975.mod,,1975,FALSE,1062,FALSE,Schwarze Elster
EFAS,12,1976,KEMPTEN,10.31,47.73,0,HIST_24h,C356,Danube,DE,950,955,Danube,3,0,TRUE,0,1,0,0,0,0,,TRUE,4347500,2732500,24,ID_1976.mod,,1976,FALSE,1062,FALSE,Iller
EFAS,12,1977,MEGEN DORP,5.54,51.82,0,HIST_24h,C367,Maas,NL,29000,28980,Meuse,3,0,TRUE,0,1,0,0,0,0,,TRUE,4017500,3197500,24,ID_1977.mod,,1977,FALSE,1062,FALSE,Meuse
EFAS,12,1978,BRYDEKIRK,-3.27,55.02,0,HIST_24h,C380,R. Annan,UK,950,925,Annan,3,0,TRUE,0,1,0,0,0,0,,TRUE,3472500,3627500,24,ID_1978.mod,,1978,FALSE,1062,FALSE,Annan
EFAS,12,1979,Caton,-2.72,54.081,0,HIST_24h,C386,Lune,UK,1000,983,Lune,3,0,TRUE,0,1,0,0,0,0,,TRUE,3492500,3512500,24,ID_1979.mod,,1979,FALSE,1062,FALSE,Lune
EFAS,12,1980,DOVIKFOSS,9.9,59.88,0,HIST_24h,C392,Begna,NO,16100,16120,Drammen,3,0,TRUE,0,1,0,0,0,0,,TRUE,4317500,4087500,24,ID_1980.mod,lake,1980,FALSE,1062,FALSE,Dramselv
EFAS,12,1981,LANGNES,11.11,59.6,0,HIST_24h,C393,Glomma,NO,40525,40540,Glomma,3,0,TRUE,0,1,0,0,0,0,,TRUE,4387500,4052500,24,ID_1981.mod,,1981,FALSE,1062,FALSE,Glama
EFAS,12,1982,KISTA,23.51,69.82,0,HIST_24h,C402,Altaelva,NO,6250,6187,Altaelva,3,0,TRUE,0,1,0,0,0,0,,TRUE,4842500,5237500,24,ID_1982.mod,,1982,FALSE,1062,FALSE,Altaelva
EFAS,12,1983,LAKE INARI OUTLET,27.15,68.9,0,HIST_24h,C411,Pasvikely,FI,5475,14575,Paatsjoki,0,0,TRUE,0,1,0,0,0,0,,FALSE,5012500,5177500,24,ID_1983.mod,Regulated but no dam in lsf,1983,FALSE,1062,FALSE,Paatsjoki
EFAS,12,1984,HARJAVALTA,22.07,61.2,0,HIST_24h,C413,Kokemaenjoki,FI,26300,26117,Kokem,3,0,TRUE,0,1,0,0,0,0,,TRUE,4967500,4302500,24,ID_1984.mod,Moved on main stream  oscillations strongly regulated catchment with weekly pattern,1984,FALSE,1062,FALSE,Kokemaenjoki
EFAS,12,1985,LAKE LENTUA OUTLET,29.58,64.2,0,HIST_24h,C414,Oulujoki,FI,2125,2045,Oulujoki,3,0,TRUE,0,1,0,0,0,0,,TRUE,5262500,4702500,24,ID_1985.mod,,1985,FALSE,1062,FALSE,Oulujoki
EFAS,12,1986,JYLHAMA (VAALA),26.78,64.57,0,HIST_24h,C415,Oulujoki,FI,21725,19839,Oulujoki,3,0,TRUE,0,1,0,0,0,0,,TRUE,5127500,4702500,24,ID_1986.mod,large oscillations seems strongly regulated,1986,FALSE,1062,FALSE,Oulujoki
EFAS,12,1987,KULDIGA,21.98,56.96,0,HIST_24h,C436,Venta,LV,8250,8320,Venta,3,0,TRUE,0,1,0,0,0,0,,TRUE,5047500,3822500,24,ID_1987.mod,,1987,FALSE,1062,FALSE,Venta
EFAS,12,1988,VALMIERA,25.4,57.55,0,HIST_24h,C437,Gauja,LV,6325,6280,Gauja,3,0,TRUE,0,1,0,0,0,0,,TRUE,5237500,3922500,24,ID_1988.mod,,1988,FALSE,1062,FALSE,Gauja
EFAS,12,1989,MEZOTNE,24.05,56.44,0,HIST_24h,C439,Lielupe,LV,9525,9390,Lielupe,3,0,TRUE,0,1,0,0,0,0,,TRUE,5187500,3787500,24,ID_1989.mod,,1989,FALSE,1062,FALSE,Lielupe
EFAS,12,1990,UKMERGE,24.75,55.25,0,HIST_24h,C440,Vilnya / Neris,LT,5950,5975,Nemunas,3,0,TRUE,0,1,0,0,0,0,,TRUE,5252500,3662500,24,ID_1990.mod,,1990,FALSE,1062,FALSE,Sventoji
EFAS,12,1991,L'Erdre [Totale] à Nantes [Saint Felix],-1.541161,47.213351,0,HIST_24h,C487,L'Erdre,FR,950,975,Loire,3,0,TRUE,0,1,0,0,0,0,,TRUE,3452500,2752500,24,ID_1991.mod,,1991,FALSE,1062,FALSE,L'Erdre
EFAS,12,1992,La Sevre Nantaise [Totale] à Nantes [Pont-Rousseau],-1.545791,47.195182,0,HIST_24h,C488,Loire-Atlantique,FR,2375,2360,Loire,3,0,TRUE,0,1,0,0,0,0,,TRUE,3452500,2737500,24,ID_1992.mod,,1992,FALSE,1062,FALSE,La Sevre Nantaise
EFAS,12,1993,Hracholusky Mze,13.176111,49.791111,0,HIST_24h,C561,Elbe,CZ,1650,1850,Elbe,3,0,TRUE,0,1,0,0,0,0,,TRUE,4552500,2967500,24,ID_1993.mod,dams,1993,FALSE,1062,FALSE,Uhlava
EFAS,12,1994,Lhota Radbuza,13.327778,49.689167,0,HIST_24h,C562,Elbe,CZ,1275,1275,Elbe,3,0,TRUE,0,1,0,0,0,0,,TRUE,4562500,2957500,24,ID_1994.mod,,1994,FALSE,1062,FALSE,Uhlava
EFAS,12,1995,PAPPILANKOSKI,21.73,61.2,0,HIST_24h,C566,Kokemaenjoki-Archipelago Sea-Bothnian Sea,FI,1350,1342,Kokem,3,0,TRUE,0,1,0,0,0,0,,TRUE,4942500,4287500,24,ID_1995.mod,,1995,FALSE,1062,FALSE,Eurajoki
EFAS,12,1996,KEPPO,22.7,63.37,0,HIST_24h,C567,Lapuanjoki,FI,4050,4060,Lapuanjoki,3,0,TRUE,0,1,0,0,0,0,,TRUE,4952500,4537500,24,ID_1996.mod,,1996,FALSE,1062,FALSE,Lapuanjoki
EFAS,12,1997,SAARENPAA,23.77,63.97,0,HIST_24h,C568,Lestijoki,FI,1050,1053,Lestijoki,3,0,TRUE,0,1,0,0,0,0,,TRUE,4987500,4612500,24,ID_1997.mod,,1997,FALSE,1062,FALSE,Lestijoki
EFAS,12,1998,TOLPANKOSKI (PYHANKOSKI),24.4,64.37,0,HIST_24h,C569,Pyhtjoki,FI,3650,3727,Pyhtjoki,3,0,TRUE,0,1,0,0,0,0,,TRUE,5007500,4662500,24,ID_1998.mod,,1998,FALSE,1062,FALSE,Tolpankoski
EFAS,12,1999,LUUJOKI HAARAN ALA PUOLELLE,25.28,65.62,0,HIST_24h,C570,Oulujoki-Iijoki,FI,1350,1352,Oulujoki-Iijoki,3,0,TRUE,0,1,0,0,0,0,,TRUE,5022500,4797500,24,ID_1999.mod,,1999,FALSE,1062,FALSE,Kuivajoki
EFAS,12,2000,SIMO,25.1,65.67,0,HIST_24h,C571,Simojoki,FI,3125,3141,Simojoki,3,0,TRUE,0,1,0,0,0,0,,TRUE,5012500,4797500,24,ID_2000.mod,,2000,FALSE,1062,FALSE,Simojoki
EFAS,12,2001,NIKAKOSKI (NEAR THE MOUTH),24.12,64.2,0,HIST_24h,C572,Kalajoki,FI,3525,3513,Kalajoki,3,0,TRUE,0,1,0,0,0,0,,TRUE,5007500,4637500,24,ID_2001.mod,,2001,FALSE,1062,FALSE,Kalajoki
EFAS,12,2002,SKATILA (LANSORSUND),21.85,63.13,0,HIST_24h,C573,Kyronjoki,FI,4875,4936,Kyronjoki,3,0,TRUE,0,1,0,0,0,0,,TRUE,4922500,4502500,24,ID_2002.mod,,2002,FALSE,1062,FALSE,Kyronjoki
EFAS,12,2003,OULUNKYLA (NEAR THE MOUTH),24.98,60.23,0,HIST_24h,C574,Vantaa,FI,1875,1895,Vantaa,3,0,TRUE,0,1,0,0,0,0,,TRUE,5147500,4207500,24,ID_2003.mod,,2003,FALSE,1062,FALSE,Vantaanjoki
EFAS,12,2004,"VUOSJARVI, HUOPANANKOSKI",25.53,63.05,0,HIST_24h,C576,"Kymijoki, Keitele catchment",FI,2275,2255,Kymijoki,3,0,TRUE,0,1,0,0,0,0,,TRUE,5102500,4527500,24,ID_2004.mod,,2004,FALSE,1062,FALSE,Huopanankoski
EFAS,12,2005,VAKKOLA (NEAR THE MOUTH),25.62,60.47,0,HIST_24h,C577,Porvoonjoki,FI,1275,1337,Porvoonjoki,3,0,TRUE,0,1,0,0,0,0,,TRUE,5177500,4242500,24,ID_2005.mod,,2005,FALSE,1062,FALSE,Porvoonjoki
EFAS,12,2006,KALTIMO,30.13,62.78,0,HIST_24h,C578,Neva,FI,20525,20489,Neva,3,0,TRUE,0,1,0,0,0,0,,TRUE,5332500,4552500,24,ID_2006.mod,outliers  removed with qc,2006,FALSE,1062,FALSE,Pielisjoki
EFAS,12,2007,KALLAVESI-KONNUS-KARVIO,27.77,62.53,0,HIST_24h,C579,Neva,FI,16250,16252,Neva,3,0,TRUE,0,1,0,0,0,0,,TRUE,5227500,4497500,24,ID_2007.mod,,2007,FALSE,1062,FALSE,Kallavesi
EFAS,12,2008,HERFORS,23.08,63.67,0,HIST_24h,C590,Coastal zone,FI,2125,848692.88,Coastal_zone,3,0,TRUE,0,1,0,0,0,0,,TRUE,4962500,4562500,24,ID_2008.mod,Wrong upstream area from provider,2008,FALSE,1062,FALSE,Kruunupyyn
EFAS,12,2009,HAUKIPUDAS,25.4,65.2,0,HIST_24h,C603,Iijoki,FI,11725,11698,Kiiminginjoki,0,0,TRUE,0,1,0,0,0,0,,FALSE,5037500,4757500,24,ID_2009.mod,wrong LDD,2009,FALSE,1062,FALSE,KIIMINGINJOKI
EFAS,12,2010,MOVANAGHER,-6.547,54.977,0,HIST_24h,C622,Bann,UK,5175,5340,Bann,3,0,TRUE,0,1,0,0,0,0,,TRUE,3272500,3662500,24,ID_2010.mod,Changed lat lon coord after check with provider. Now location is correct,2010,FALSE,1062,FALSE,Lower Bann
EFAS,12,2011,NESET,8.53,59.37,0,HIST_24h,C623,Moel,NO,3000,3035,Skien,3,0,TRUE,0,1,0,0,0,0,,TRUE,4242500,4027500,24,ID_2011.mod,,2011,FALSE,1062,FALSE,Neiden
EFAS,12,2012,Redbrook,-2.684,51.795,0,HIST_24h,C656,Wye,UK,4100,4145,Wye,3,0,TRUE,0,1,0,0,0,0,,TRUE,3452500,3252500,24,ID_2012.mod,,2012,FALSE,1062,FALSE,Wye
EFAS,12,2013,HERRENHAUSEN,9.67,52.38,0,HIST_24h,C657,Weser,DE,5375,5428,Weser,2,0,TRUE,0,1,0,0,0,0,,FALSE,4292500,3257500,24,ID_2013.mod,close to 2161,2013,FALSE,1062,FALSE,Leine
EFAS,12,2014,Drumnabuoy House,-7.456,54.816,0,HIST_24h,C671,Foyle,UK,1850,1860,Foyle,3,0,TRUE,0,1,0,0,0,0,,TRUE,3212500,3647500,24,ID_2014.mod,,2014,FALSE,1062,FALSE,Mourne
EFAS,12,2015,Nantgaredig,-4.2,51.863,0,HIST_24h,C678,R. Towy,UK,1150,1117,Towy,3,0,TRUE,0,1,0,0,0,0,,TRUE,3352500,3287500,24,ID_2015.mod,,2015,FALSE,1062,FALSE,Tywi
EFAS,12,2016,ADELPHI WEIR,-2.41,53.44,0,HIST_24h,C680,Mersey,UK,550,559.4,Mersey,3,0,TRUE,0,1,0,0,0,0,,TRUE,3507500,3447500,24,ID_2016.mod,,2016,FALSE,1062,FALSE,IRWELL
EFAS,12,2017,LEVEN BRIDGE,-1.31,54.5,0,,C681,Lower Tyne,UK,175,196.3,Lower Tyne,,0,TRUE,0,1,0,0,0,0,,FALSE,3592500,3542500,24,ID_2017.mod,Provider upArea too small to be included in calibration,2017,FALSE,1062,FALSE,LEVEN (N. ENGLAND)
EFAS,12,2018,THORVERTON,-3.51,50.8,0,HIST_24h,C682,Exe,UK,650,600.9,Exe,3,0,TRUE,0,1,0,0,0,0,,TRUE,3377500,3167500,24,ID_2018.mod,,2018,FALSE,1062,FALSE,EXE
EFAS,12,2019,GLAN TEIFI,-4.56,52.04,0,HIST_24h,C683,Teifi,UK,900,893.6,Teifi,3,0,TRUE,0,1,0,0,0,0,,TRUE,3332500,3312500,24,ID_2019.mod,,2019,FALSE,1062,FALSE,TEIFI
EFAS,12,2020,BOARA PISANI,11.82,45.1,0,,C688,Adige,IT,12350,12229,Adige,,0,TRUE,0,1,0,0,0,0,,FALSE,4462500,2447500,,,Discharge data older than calibration period,2020,FALSE,1062,FALSE,Adige
EFAS,12,2021,La Midouze à Campagne,-0.659244,43.90752,0,HIST_24h,C719,Adour,FR,2475,2541,Adour,3,0,TRUE,0,1,0,0,0,0,,TRUE,3462500,2367500,24,ID_2021.mod,,2021,FALSE,1062,FALSE,Midouze
EFAS,12,2022,GOCH,6.15,51.68,0,HIST_24h,C746,Meuse / Maas,DE,1275,1319,Meuse,0,0,TRUE,0,1,0,0,0,0,,FALSE,4047500,3187500,24,ID_2022.mod,extremely low discharge,2022,FALSE,1062,FALSE,Niers
EFAS,12,2023,CELLE,10.06,52.62,0,HIST_24h,C750,Weser,DE,4675,4855,Weser,3,0,TRUE,0,1,0,0,0,0,,TRUE,4332500,3277500,24,ID_2023.mod,,2023,FALSE,1062,FALSE,Aller
EFAS,12,2024,AFFOLDERN,9.08,51.16,0,HIST_24h,C751,Weser,DE,1625,1667,Weser,3,0,TRUE,0,1,0,0,0,0,,TRUE,4262500,3112500,24,ID_2024.mod,dams,2024,FALSE,1062,FALSE,Eder
EFAS,12,2025,GREBENAU,9.49,51.19,0,HIST_24h,C752,Weser,DE,3025,3000,Weser,3,0,TRUE,0,1,0,0,0,0,,TRUE,4287500,3117500,24,ID_2025.mod,,2025,FALSE,1062,FALSE,Fulda
EFAS,12,2026,KYSUCKE NOVE MESTO,18.78,49.29,0,HIST_24h,C753,Danube,SK,1050,1036.61,Danube,3,0,TRUE,0,1,0,0,0,0,,TRUE,4957500,2947500,24,ID_2026.mod,,2026,FALSE,1062,FALSE,Kysuca
EFAS,12,2027,ZDANA,21.34,48.6,0,HIST_24h,C755,Danube,SK,4300,4389.88,Danube,2,0,TRUE,0,1,0,0,0,0,,FALSE,5152500,2892500,24,ID_2027.mod,close to 675,2027,FALSE,1062,FALSE,Hornad
EFAS,12,2028,ZALAAPATI,17.11,46.73,0,HIST_24h,C756,Danube,HU,1650,1596.67,Danube,3,0,TRUE,0,1,0,0,0,0,,TRUE,4867500,2647500,24,ID_2028.mod,,2028,FALSE,1062,FALSE,Zala
EFAS,12,2029,LOM,23.24,43.84,0,HIST_24h,C761,Danube,BG,581848,585869.22,Danube,3,0,TRUE,0,1,0,0,0,0,,TRUE,5382500,2397500,24,ID_2029.mod,,2029,FALSE,1062,FALSE,Danube
EFAS,12,2030,STOROZHYNETS,25.71,48.16,0,HIST_24h,C762,Danube,UA,850,841.92,Danube,3,0,TRUE,0,1,0,0,0,0,,TRUE,5487500,2902500,24,ID_2030.mod,,2030,FALSE,1062,FALSE,Siret
EFAS,12,2031,Tarnava Mare - BLAJ,23.920442,46.170901,0,HIST_24h,C776,Danube,RO,5800,3775,Danube,2,0,TRUE,0,1,0,0,0,0,,FALSE,5387500,2662500,24,ID_2031.mod,moved downstream of confluence  close to 785,2031,FALSE,1062,FALSE,Tarnava Mare
EFAS,12,2032,Strei - PETRENI,23.033333,45.8,0,HIST_24h,C777,Danube,RO,1975,1750,Danube,3,0,TRUE,0,1,0,0,0,0,,TRUE,5327500,2602500,24,ID_2032.mod,dams,2032,FALSE,1062,FALSE,Strei
EFAS,12,2033,Kresna,23.152778,41.841667,0,HIST_24h,C783,Strimonas,BG,6800,16885.48,Strimonas,0,0,TRUE,0,1,0,0,0,0,,FALSE,5412500,2177500,24,ID_2033.mod,Wrong drainage area from provider  Showed problems with precipitation in long term run,2033,FALSE,1062,FALSE,Strimonas
EFAS,12,2034,ORADEA,21.933333,47.05,0,HIST_24h,C786,Danube,RO,2400,6002.52,Danube,2,0,TRUE,0,1,0,0,0,0,,FALSE,5217500,2732500,24,ID_2034.mod,Wrong area from provider  dam  close to 682,2034,FALSE,1062,FALSE,Crisul Repede
EFAS,12,2035,Podsused žicara,15.84,45.81,0,HIST_24h,C794,Danube,HR,12225,12316,Danube,2,0,TRUE,0,1,1,0,0,0,,FALSE,4782500,2537500,24,ID_2035.mod,Close to 845 with old data  use 845,2035,FALSE,1062,FALSE,Sava
EFAS,12,2036,Bajina Bašta,19.55,43.98,0,HIST_24h,C868,Danube,BA,15025,6298.27,Danube,3,0,TRUE,0,1,1,0,0,1,,TRUE,5087500,2367500,24,ID_2036.mod,Moved on main stream  dam,2036,FALSE,1062,FALSE,Dunav
EFAS,12,2037,Pancevo,20.64,44.87,0,,C870,Danube,RS,16725,14797,Danube,,0,FALSE,0,0,1,0,0,1,,FALSE,5162500,2477500,,,No discharge data available for calibration period It is on a small Danube affluent,2037,FALSE,1062,FALSE,Tamis
EFAS,12,2038,FOZ DO MOURO,-8.38,42.08,0,,,Mino,PT,15500,15457,Minho,,0,TRUE,0,1,0,0,0,0,,FALSE,2812500,2292500,,,Discharge data older than calibration period,2038,FALSE,1062,FALSE,MINHO
EFAS,12,2039,PONTE DE CANAVEZES,-8.17,41.2,0,,,"Duoro, below Tormes",PT,3250,3180,Duero,,0,TRUE,0,1,0,0,0,0,,FALSE,2807500,2192500,,,Discharge data older than calibration period,2039,FALSE,1062,FALSE,TAMEGA
EFAS,12,2040,PONTE DE VOUZELA,-8.12,40.72,0,HIST_24h,,Vouga,PT,675,649,Vouga,0,0,TRUE,0,1,0,0,0,0,,FALSE,2802500,2142500,,,Old data and not enough data after 1990,2040,FALSE,1062,FALSE,VOUGA
EFAS,12,2041,M.DOS PACHECOS,-8.47,37.3,0,,,Arade,PT,450,386,Arade,,0,TRUE,0,1,0,0,0,0,,FALSE,2687500,1777500,,,Provider upArea too small to be included in calibration,2041,FALSE,1062,FALSE,ODELOUCA
EFAS,12,2042,ABBEVILLE,1.83,50.1,0,,,Somme,FR,5900,5560,Somme,,0,TRUE,0,1,0,0,0,0,,FALSE,3737500,3032500,,,Discharge data older than calibration period,2042,FALSE,1062,FALSE,SOMME
EFAS,12,2043,SOMBRUN,0,43.48,0,,,Adour,FR,75,84.3,Adour,,0,TRUE,0,1,0,0,0,0,,FALSE,3512500,2317500,,,Provider upArea too small to be included in calibration,2043,FALSE,1062,FALSE,LOUET
EFAS,12,2044,LE THEIL,3.7,48.5,0,,,"Seine, above Yonne",FR,50,104,Seine,,0,TRUE,0,1,0,0,0,0,,FALSE,3857500,2842500,,,Provider upArea too small to be included in calibration,2044,FALSE,1062,FALSE,ORGEVAL
EFAS,12,2045,MELARCHEZ,3.11,48.52,0,,,"Seine, above Yonne",FR,25,7,Seine,,0,TRUE,0,1,0,0,0,0,,FALSE,3812500,2847500,,,Provider upArea too small to be included in calibration,2045,FALSE,1062,FALSE,FOSSE ROGNON
EFAS,12,2046,MONTJEAN,-0.83,47.38,0,,,"Loire, below Maine",FR,110500,110000,Loire,,0,TRUE,0,1,0,0,0,0,,FALSE,3507500,2757500,,,Discharge data older than calibration period,2046,FALSE,1062,FALSE,LOIRE
EFAS,12,2047,VILLENEUVE LES SORINIERES,-1.33,47.2,0,HIST_24h,,"Loire, below Maine",FR,1650,8703.72,Loire,0,0,TRUE,0,1,0,0,0,0,,FALSE,3462500,2737500,24,ID_2047_202009091730.mod,Impossible to locate,2047,FALSE,1062,FALSE,La Goulaine
EFAS,12,2048,CHAMPVALLON,3.35,47.93,0,,,Yonne,FR,150,131,Seine,,0,TRUE,0,1,0,0,0,0,,FALSE,3822500,2777500,24,ID_2048.mod,Provider upArea too small to be included in calibration,2048,FALSE,1062,FALSE,THOLON
EFAS,12,2049,TOUCY,3.3,47.73,0,,,Loing,FR,200,153,Seine,,0,TRUE,0,1,0,0,0,0,,FALSE,3817500,2757500,24,ID_2049.mod,Provider upArea too small to be included in calibration,2049,FALSE,1062,FALSE,OUANNE
EFAS,12,2050,VANDENESSE,3.76,46.91,0,,,"Loire, above Allier",FR,125,115,Loire,,0,TRUE,0,1,0,0,0,0,,FALSE,3847500,2662500,24,ID_2050_202009091730.mod,Provider upArea too small to be included in calibration,2050,FALSE,1062,FALSE,DRAGNE
EFAS,12,2051,MONTIGNAC,1.1,45.2,0,,,"Dordogne, above Isle",FR,3175,3125,Dordogne,,0,TRUE,0,1,0,0,0,0,,FALSE,3627500,2482500,,,Discharge data older than calibration period,2051,FALSE,1062,FALSE,VEZERE
EFAS,12,2052,ST DENIS-PRES-MARTEL,1.4,44.32,0,,,Aveyron-Garonne,FR,50,202,Garonne,,0,TRUE,0,1,0,0,0,0,,FALSE,3632500,2392500,,,Provider upArea too small to be included in calibration,2052,FALSE,1062,FALSE,TOURMENTE
EFAS,12,2053,MAS-D'AGENAIS,0.23,44.42,0,,,"Garonne, below Lot",FR,50350,52000,Garonne,,0,TRUE,0,1,0,0,0,0,,FALSE,3542500,2417500,,,Discharge data older than calibration period,2053,FALSE,1062,FALSE,GARONNE
EFAS,12,2054,ALLOS,6.629378,44.239193,0,,,Durance,FR,25,34.6,Durance,,0,TRUE,0,1,0,0,0,0,,FALSE,4057500,2352500,,,Provider upArea too small to be included in calibration,2054,FALSE,1062,FALSE,CHADOULIN
EFAS,12,2055,SEILH,1.35,43.7,0,,,"Garonne, section Ariege - Tarn",FR,150,192,Garonne,,0,TRUE,0,1,0,0,0,0,,FALSE,3622500,2322500,24,ID_2055.mod,Provider upArea too small to be included in calibration,2055,FALSE,1062,FALSE,AUSSONNELLE
EFAS,12,2056,HERMET,3.36,44.19,0,,,"Tarn, above Aveyron",FR,200,125,Garonne,,0,TRUE,0,1,0,0,0,0,,FALSE,3787500,2367500,24,ID_2056.mod,Provider upArea too small to be included in calibration,2056,FALSE,1062,FALSE,CHAPOUROUX
EFAS,12,2057,FLORAC,3.6,44.31,0,,,"Tarn, above Aveyron",FR,125,125,Garonne,,0,TRUE,0,1,0,0,0,0,,FALSE,3807500,2372500,,,Provider upArea too small to be included in calibration,2057,FALSE,1062,FALSE,MIMENTE
EFAS,12,2058,CORBES ROC COURBE,3.58,44.4,0,HIST_24h,,"Tarn, above Aveyron",FR,600,9721.68,Garonne,1,0,TRUE,0,1,0,0,0,0,,FALSE,3802500,2382500,,,Wrong area from provider  missing data,2058,FALSE,1062,FALSE,Le Tarn
EFAS,12,2059,STE CROIX VOLVESTRE,1.17,43.13,0,HIST_24h,,"Garonne, above Ariege",FR,4700,5746.79,Garonne,0,0,TRUE,0,1,0,0,0,0,,FALSE,3602500,2277500,24,ID_2059_202009091731.mod,Wrong location - Data not on main stream,2059,FALSE,1062,FALSE,Riviere le Volp
EFAS,12,2060,ST JEAN DE JEANNE,2.26,44.4,0,HIST_24h,,Aveyron,FR,125,5198.53,Garonne,1,0,TRUE,0,1,0,0,0,0,,FALSE,3697500,2397500,24,ID_2060_202009091731.mod,Wrong area from provider  Moved on affluent,2060,FALSE,1062,FALSE,Alzou
EFAS,12,2061,VILLEPINTE,2.5,43.17,0,,,Aude,FR,50,216,Aude,,0,TRUE,0,1,0,0,0,0,,FALSE,3707500,2257500,,,Provider upArea too small to be included in calibration,2061,FALSE,1062,FALSE,RUISSEAU FRESQUEL
EFAS,12,2062,CARCASSONNE,2.4,43.3,0,HIST_24h,,Aude,FR,2800,5272.26,Aude,3,0,TRUE,0,1,0,0,0,0,,TRUE,3702500,2267500,24,ID_2062_202009091731.mod,,2062,FALSE,1062,FALSE,Orbiel
EFAS,12,2063,VALESCURE,6.2,43.15,0,,,Rhone and Coastal Mediterranean,FR,25,9.4,Rhone,,0,TRUE,0,1,0,0,0,0,,FALSE,4007500,2237500,,,Provider upArea too small to be included in calibration,2063,FALSE,1062,FALSE,REAL COLLOBRIER
EFAS,12,2064,BEZIERS-TABARKA,3.2,43.4,0,,,Rhone and Coastal Mediterranean,FR,1300,1330,Rhone,,0,TRUE,0,1,0,0,0,0,,FALSE,3762500,2282500,,,Discharge data older than calibration period,2064,FALSE,1062,FALSE,ORB
EFAS,12,2065,MESCLA,6.9,43.75,0,,,Loup,FR,2800,1827,Loup,,0,TRUE,0,1,0,0,0,0,,FALSE,4092500,2297500,,,Discharge data older than calibration period,2065,FALSE,1062,FALSE,VAR
EFAS,12,2066,LAUZON,5.88,43.92,0,,,Durance,FR,125,175,Durance,,0,TRUE,0,1,0,0,0,0,,FALSE,3987500,2322500,24,ID_2066.mod,Provider upArea too small to be included in calibration,2066,FALSE,1062,FALSE,BRILLANNE
EFAS,12,2067,BEAUCAIRE,4.67,43.92,0,,,"Rhone, below Durance",FR,25,95590,Rhone,,0,TRUE,0,1,0,0,0,0,,FALSE,3892500,2327500,,,Discharge data older than calibration period,2067,FALSE,1062,FALSE,RHONE
EFAS,12,2068,FOUX D'ALLOS,6.569065,44.293325,0,,,Durance,FR,25,10.2,Durance,,0,TRUE,0,1,0,0,0,0,,FALSE,4052500,2357500,,,Provider upArea too small to be included in calibration,2068,FALSE,1062,FALSE,VERDON
EFAS,12,2069,SOYANS,5.01,44.63,0,,,"Rhone, section Isere - Durance",FR,200,186,Rhone,,0,TRUE,0,1,0,0,0,0,,FALSE,3927500,2402500,24,ID_2069_202009091731.mod,Provider upArea too small to be included in calibration,2069,FALSE,1062,FALSE,ROUBION
EFAS,12,2070,SOUSPIERRE,4.96,44.53,0,,,"Rhone, section Isere - Durance",FR,75,85,Rhone,,0,TRUE,0,1,0,0,0,0,,FALSE,3917500,2397500,24,ID_2070_202009091731.mod,Provider upArea too small to be included in calibration,2070,FALSE,1062,FALSE,JABRON RIVIERE
EFAS,12,2071,TISONECHE,4.31,44.5,0,HIST_24h,,"Ardeche, Ceze",FR,125,3449.31,Rhone,1,0,TRUE,0,1,0,0,0,0,,FALSE,3867500,2392500,24,ID_2071_202009091731.mod,Wrong area from provider  Moved on small affluent,2071,FALSE,1062,FALSE,Ruisseau du Bulien
EFAS,12,2072,SAUZE ST MARTIN,4,44.5,0,,,"Ardeche, Ceze",FR,1925,2240,Rhone,,0,TRUE,0,1,0,0,0,0,,FALSE,3872500,2387500,,,Discharge data older than calibration period,2072,FALSE,1062,FALSE,ARDECHE
EFAS,12,2073,ST. UZE,4.85,45.18,0,,,"Rhone, section Saone - Isere",FR,275,232,Rhone,,0,TRUE,0,1,0,0,0,0,,FALSE,3917500,2467500,24,ID_2073.mod,Provider upArea too small to be included in calibration,2073,FALSE,1062,FALSE,GALAURE
EFAS,12,2074,CHATILLON,4.61,45.88,0,,,"Saone, below Doubs",FR,375,336,Rhone,,0,TRUE,0,1,0,0,0,0,,FALSE,3902500,2547500,24,ID_2074_202009091733.mod,Provider upArea too small to be included in calibration,2074,FALSE,1062,FALSE,AZERGUES
EFAS,12,2075,VERRINES,4.8,45.29,0,,,"Rhone, section Saone - Isere",FR,125,95,Rhone,,0,TRUE,0,1,0,0,0,0,,FALSE,3917500,2482500,24,ID_2075.mod,Provider upArea too small to be included in calibration,2075,FALSE,1062,FALSE,MARE
EFAS,12,2076,NEZELLE,4.53,45.63,0,,,"Loire, above Allier",FR,100,61,Loire,,0,TRUE,0,1,0,0,0,0,,FALSE,3892500,2517500,24,ID_2076_202009091733.mod,Provider upArea too small to be included in calibration,2076,FALSE,1062,FALSE,COISE
EFAS,12,2077,BEAUJEU,4.35,46.9,0,,,"Loire, above Allier",FR,25,54.5,Loire,,0,TRUE,0,1,0,0,0,0,,FALSE,3892500,2657500,24,ID_2077_202009091738.mod,Provider upArea too small to be included in calibration,2077,FALSE,1062,FALSE,ARDIERES
EFAS,12,2078,CASSET,6.48,44.98,0,,,Durance,FR,100,78.5,Durance,,0,TRUE,0,1,0,0,0,0,,FALSE,4042500,2437500,24,ID_2078.mod,Provider upArea too small to be included in calibration,2078,FALSE,1062,FALSE,GUISANE
EFAS,12,2079,ST. LAURENT DU PONT,5.73,45.88,0,,,"Rhone, above Saone",FR,50,89,Rhone,,0,TRUE,0,1,0,0,0,0,,FALSE,3987500,2542500,24,ID_2079.mod,Provider upArea too small to be included in calibration,2079,FALSE,1062,FALSE,RUISSEAU LE GUIERS MORT
EFAS,12,2080,ST. RAMBERT,5.43,45.95,0,,,"Rhone, above Saone",FR,300,232,Rhone,,0,TRUE,0,1,0,0,0,0,,FALSE,3967500,2547500,24,ID_2080_202009091738.mod,Provider upArea too small to be included in calibration,2080,FALSE,1062,FALSE,ALBARINE
EFAS,12,2081,MONTAGNAT,5.28,46.17,0,,,"Saone, below Doubs",FR,75,84.4,Rhone,,0,TRUE,0,1,0,0,0,0,,FALSE,3957500,2572500,24,ID_2081_202009091738.mod,Provider upArea too small to be included in calibration,2081,FALSE,1062,FALSE,REYSSOUZE
EFAS,12,2082,VETRAZ - MONTHOUX,6.27,46.17,0,,,"Rhone, above Saone",FR,150,160,Rhone,,0,TRUE,0,1,0,0,0,0,,FALSE,4037500,2567500,,,Provider upArea too small to be included in calibration,2082,FALSE,1062,FALSE,TORRENT LA MENOGE
EFAS,12,2083,FOURGUENONS,6.4,47.48,0,HIST_24h,,"Saone, above Doubs",FR,925,11831.1,Rhone,0,0,TRUE,0,1,0,0,0,0,,FALSE,4042500,2712500,24,ID_2083_202009091735.mod,Small affluent area from provider is wrong extremely low data,2083,FALSE,1062,FALSE,Ognon
EFAS,12,2084,ST. GEOIRES EN VALDAINE,5.49,46.9,0,,,"Saone, below Doubs",FR,25,41,Rhone,,0,TRUE,0,1,0,0,0,0,,FALSE,3977500,2652500,,,Provider upArea too small to be included in calibration,2084,FALSE,1062,FALSE,AINSON
EFAS,12,2085,PLANCHER-BAS,6.73,47.73,0,,,Doubs,FR,50,33,Rhone,,0,TRUE,0,1,0,0,0,0,,FALSE,4077500,2742500,,,Provider upArea too small to be included in calibration,2085,FALSE,1062,FALSE,RAHIN
EFAS,12,2086,CHAUX,6.87,47.7,0,,,Doubs,FR,50,25.4,Rhone,,0,TRUE,0,1,0,0,0,0,,FALSE,4087500,2737500,,,Provider upArea too small to be included in calibration,2086,FALSE,1062,FALSE,ROSEMONTOISE
EFAS,12,2087,ALTKIRCH,7.23,47.63,0,,,Ill,FR,200,233,Rhine,,0,TRUE,0,1,0,0,0,0,,FALSE,4112500,2727500,,,Provider upArea too small to be included in calibration,2087,FALSE,1062,FALSE,ILL
EFAS,12,2088,ZRUC NAD SAZAVOU,15.1,49.74,0,HIST_24h,,Vltava,CZ,1400,1421,Elbe,3,0,TRUE,0,1,0,0,0,0,,TRUE,4692500,2972500,24,ID_2088.mod,,2088,FALSE,1062,FALSE,SAZAVA
EFAS,12,2089,TURICE,14.78,50.24,0,HIST_24h,,"Labe, above Vltava",CZ,2225,2159,Elbe,2,0,TRUE,0,1,0,0,0,0,,FALSE,4662500,3032500,24,ID_2089.mod,same as 558 different time period,2089,FALSE,1062,FALSE,JIZERA
EFAS,12,2090,DASICE,15.91,50.04,0,HIST_24h,,"Labe, above Vltava",CZ,625,624,Elbe,3,0,TRUE,0,1,0,0,0,0,,TRUE,4742500,3007500,24,ID_2090.mod,,2090,FALSE,1062,FALSE,LOUCNA
EFAS,12,2091,NEKOR,16.55,50.07,0,,,"Labe, above Vltava",CZ,225,182,Labe,,0,TRUE,0,1,0,0,0,0,,FALSE,4787500,3017500,24,ID_2091.mod,Provider upArea too small to be included in calibration,2091,FALSE,1062,FALSE,DIVOKA ORLICE
EFAS,12,2092,BANOV (BANOVSKA KESA),18.2,48.05,0,,,Slovakia - Nitra,SK,3100,3103,Nitra,,0,TRUE,0,1,0,0,0,0,,FALSE,4932500,2802500,,,Discharge data older than calibration period,2092,FALSE,1062,FALSE,NITRA
EFAS,12,2093,IPELSKY SOKOLEC,18.82,48.04,0,HIST_24h,,Slovakia - Ipel,SK,4875,4838,Danube,0,0,TRUE,0,1,0,0,0,0,,FALSE,4977500,2807500,24,ID_2093.mod,short period with old data,2093,FALSE,1062,FALSE,IPEL
EFAS,12,2094,HOLISA,19.74,48.29,0,HIST_24h,,Slovakia - Ipel,SK,725,686,Danube,3,0,TRUE,0,1,0,0,0,0,,TRUE,5042500,2847500,24,ID_2094.mod,,2094,FALSE,1062,FALSE,IPEL
EFAS,12,2095,MARTIN,18.91,49.06,0,HIST_24h,,Slovakia - Vah,SK,875,827,Danube,3,0,TRUE,0,1,0,0,0,0,,TRUE,4972500,2922500,24,ID_2095.mod,,2095,FALSE,1062,FALSE,TURIEC
EFAS,12,2096,TURNA NAD BODVOU,20.89,48.59,0,HIST_24h,,Slovakia - Slana,SK,675,663,Danube,3,0,TRUE,0,1,0,0,0,0,,TRUE,5122500,2892500,24,ID_2096.mod,,2096,FALSE,1062,FALSE,BODVAJ
EFAS,12,2097,KOSICKE OLSANY,21.33,48.73,0,HIST_24h,,Slovakia - Hornad,SK,1175,1298,Danube,2,0,TRUE,0,1,0,0,0,0,,FALSE,5152500,2912500,24,ID_2097.mod,same location as 289 but different data   use 289,2097,FALSE,1062,FALSE,TORYSA
EFAS,12,2098,UDAVSKE,21.96,48.98,0,,,Slovakia - Bodrog,SK,500,211,Bodrog,,0,TRUE,0,1,0,0,0,0,,FALSE,5192500,2947500,,,Provider upArea too small to be included in calibration,2098,FALSE,1062,FALSE,UDAVA
EFAS,12,2099,ADIDOVCE,22.05,49.01,0,,,Slovakia - Bodrog,SK,200,176,Bodrog,,0,TRUE,0,1,0,0,0,0,,FALSE,5197500,2947500,,,Provider upArea too small to be included in calibration,2099,FALSE,1062,FALSE,UDAVA
EFAS,12,2100,ANTISANTI,9.35,42.16,0,,,Tavignano,FR,650,566,Tavignano,,0,TRUE,0,1,0,0,0,0,,FALSE,4272500,2117500,,,Discharge data older than calibration period,2100,FALSE,1062,FALSE,TAVIGNANO
EFAS,12,2101,PONTE LECCIA,9.2,42.45,0,,,Golo,FR,475,366,Golo,,0,TRUE,0,1,0,0,0,0,,FALSE,4257500,2147500,,,Provider upArea too small to be included in calibration,2101,FALSE,1062,FALSE,ASCO
EFAS,12,2102,COAST,32.42,35.04,0,,,Cyprus,CY,250,195,Khrysokhou,,0,TRUE,0,1,0,0,0,0,,FALSE,6357500,1627500,24,ID_2102.mod,Provider upArea too small to be included in calibration,2102,FALSE,1062,FALSE,"KHRYSOKHOU, STAVROU TIS PSOKAS"
EFAS,12,2103,AKHELIA,32.48,34.74,0,,,Cyprus,CY,275,210,Ezousas,,0,TRUE,0,1,0,0,0,0,,FALSE,6372500,1602500,24,ID_2103.mod,Provider upArea too small to be included in calibration,2103,FALSE,1062,FALSE,EZOUSAS
EFAS,12,2106,LIMNITIS SAW MILL,32.72,35.08,0,,,Cyprus,CY,75,48.7,Limnitis,,0,TRUE,0,1,0,0,0,0,,FALSE,6382500,1642500,24,ID_2106.mod,Provider upArea too small to be included in calibration,2106,FALSE,1062,FALSE,LIMNITI
EFAS,12,2107,EVRYKHOU,32.9,35.04,0,,,Cyprus,CY,100,63,Karyotis,,0,TRUE,0,1,0,0,0,0,,FALSE,6397500,1642500,24,ID_2107.mod,Provider upArea too small to be included in calibration,2107,FALSE,1062,FALSE,KARYOTIS
EFAS,12,2108,VYZAKIA,33.01,35.07,0,,,Cyprus,CY,75,81,Elias,,0,TRUE,0,1,0,0,0,0,,FALSE,6407500,1647500,24,ID_2108.mod,Provider upArea too small to be included in calibration,2108,FALSE,1062,FALSE,ELIAS
EFAS,12,2109,PHINIKARIA,33.1,34.75,0,,,Cyprus,CY,225,110,Yermasoyia,,0,TRUE,0,1,0,0,0,0,,FALSE,6422500,1612500,24,ID_2109.mod,Provider upArea too small to be included in calibration,2109,FALSE,1062,FALSE,YERMASOYIA
EFAS,12,2110,MALOUNDA,33.18,35.03,0,,,Cyprus,CY,150,90,Akakiou,,0,TRUE,0,1,0,0,0,0,,FALSE,6422500,1652500,24,ID_2110.mod,Provider upArea too small to be included in calibration,2110,FALSE,1062,FALSE,AKAKIOU
EFAS,12,2111,KALAVASOS,33.3,34.76,0,,,Cyprus,CY,225,130,Vasilikos,,0,TRUE,0,1,0,0,0,0,,FALSE,6442500,1622500,24,ID_2111.mod,Provider upArea too small to be included in calibration,2111,FALSE,1062,FALSE,VASILIKOS
EFAS,12,2112,NEAR THE COAST,33.31,34.71,0,,,Cyprus,CY,25,150,Vasilikos,,0,TRUE,0,1,0,0,0,0,,FALSE,6442500,1617500,,,Provider upArea too small to be included in calibration,2112,FALSE,1062,FALSE,VASILIKOS
EFAS,12,2113,NISOU,33.39,35.02,0,,,Cyprus,CY,125,91,Yialias,,0,TRUE,0,1,0,0,0,0,,FALSE,6442500,1652500,24,ID_2113.mod,Provider upArea too small to be included in calibration,2113,FALSE,1062,FALSE,YIALIAS
EFAS,12,2114,AYIA ANNA,33.48,34.94,0,,,Cyprus,CY,100,94,Tremithos,,0,TRUE,0,1,0,0,0,0,,FALSE,6452500,1647500,24,ID_2114_202009091738.mod,Provider upArea too small to be included in calibration,2114,FALSE,1062,FALSE,TREMITHOS
EFAS,12,2115,KITI DAM,33.57,34.85,0,,,Cyprus,CY,175,150,Tremithos,,0,TRUE,0,1,0,0,0,0,,FALSE,6462500,1642500,24,ID_2115.mod,Provider upArea too small to be included in calibration,2115,FALSE,1062,FALSE,TREMITHOS
EFAS,12,2116,TRILLO,-2.58,40.7,0,,,"Tejo, above Henares",ES,3400,3253,Tajo,,0,TRUE,0,1,0,0,0,0,,FALSE,3257500,2042500,,,Discharge data older than calibration period,2116,FALSE,1062,FALSE,TEJO
EFAS,12,2117,PERALEJOS,-1.93,40.6,0,,,"Tejo, above Henares",ES,450,410,Tajo,,0,TRUE,0,1,0,0,0,0,,FALSE,3312500,2022500,,,Provider upArea too small to be included in calibration,2117,FALSE,1062,FALSE,TEJO
EFAS,12,2118,PUENTE MORENA,-4.02,38.88,0,,,"Guadiana, above Zujar",ES,2450,2337,Guadiana,,0,TRUE,0,1,0,0,0,0,,FALSE,3102500,1867500,,,Discharge data older than calibration period,2118,FALSE,1062,FALSE,JABALON
EFAS,12,2119,QUINTANAR,-3.08,39.63,0,,,"Guadiana, above Zujar",ES,925,995,Guadiana,,0,TRUE,0,1,0,0,0,0,,FALSE,3197500,1932500,,,Discharge data older than calibration period,2119,FALSE,1062,FALSE,CIGUELA
EFAS,12,2120,EL DOCTOR,-4.72,37.87,0,,,"Guadalquivir, section Guadalimar - Genil",ES,25225,28,Guadalquivir,,0,TRUE,0,1,0,0,0,0,,FALSE,3027500,1767500,,,Provider upArea too small to be included in calibration,2120,FALSE,1062,FALSE,GUARDAL
EFAS,12,2121,PINOS PUENTE,-3.77,37.27,0,,,Genil,ES,300,382,Guadalquivir,,0,TRUE,0,1,0,0,0,0,,FALSE,3097500,1687500,,,Provider upArea too small to be included in calibration,2121,FALSE,1062,FALSE,VELILLAS
EFAS,12,2122,HAMOIR(TABREUX),5.53,50.42,0,,,Maas,BE,1600,1607,Meuse,,0,TRUE,0,1,0,0,0,0,,FALSE,4002500,3042500,,,Discharge data older than calibration period,2122,FALSE,1062,FALSE,OURTHE
EFAS,12,2123,PITARQUE,-0.6,40.63,0,,,"Ebro, section Huerva - Cinca",ES,250,284,Ebro,,0,TRUE,0,1,0,0,0,0,,FALSE,3422500,2012500,,,Provider upArea too small to be included in calibration,2123,FALSE,1062,FALSE,PORTANETE
EFAS,12,2124,LECINA DE BARCABO,0.05,42.22,0,,,Cinca,ES,100,110,Ebro,,0,TRUE,0,1,0,0,0,0,,FALSE,3497500,2177500,,,Provider upArea too small to be included in calibration,2124,FALSE,1062,FALSE,VERO
EFAS,12,2125,EL CHONO,-2.63,37.08,0,,,Nacimiento,ES,625,616,Nacimiento,,0,TRUE,0,1,0,0,0,0,,FALSE,3192500,1647500,,,Discharge data older than calibration period,2125,FALSE,1062,FALSE,NACIMIENTO
EFAS,12,2126,MARTORELL,1.95,41.47,0,,,Cardoner,ES,4500,4561,Llobregat,,0,TRUE,0,1,0,0,0,0,,FALSE,3647500,2077500,,,Discharge data older than calibration period,2126,FALSE,1062,FALSE,LLOBREGAT
EFAS,12,2127,RODA DE TER,2.32,41.98,0,,,Ter,ES,1500,1390,Ter,,0,TRUE,0,1,0,0,0,0,,FALSE,3682500,2127500,,,Discharge data older than calibration period,2127,FALSE,1062,FALSE,TER
EFAS,12,2128,VASSBOTTEN,11.54,58.88,0,HIST_24h,,Glomma,SE,575,624.1,Enningdalsaelven,3,0,TRUE,0,1,0,0,0,0,,TRUE,4412500,3972500,24,ID_2128.mod,,2128,FALSE,1062,FALSE,ENNINGDALSAELVEN
EFAS,12,2129,NEDRE ABISKOJOKK,18.81,68.36,0,HIST_24h,,"Tornealven, section to Lainioalven",SE,1425,3294,Torne,3,0,TRUE,0,1,0,0,0,0,,TRUE,4692500,5052500,24,ID_2129.mod,,2129,FALSE,1062,FALSE,TORNETRAESK
EFAS,12,2130,GROETSJOEN,12.44,61.81,0,HIST_24h,,Osterdalalven,SE,575,565,Dalalven,3,0,TRUE,0,1,0,0,0,0,,TRUE,4452500,4307500,24,ID_2130.mod,,2130,FALSE,1062,FALSE,GROETSJOEN
EFAS,12,2131,TOREBRO KRV (POWERSTATION),14.13,56.1,0,HIST_24h,,Helge,SE,3775,4661.68,Helge,0,0,TRUE,0,1,0,0,0,0,,FALSE,4577500,3667500,24,ID_2131.mod,same data as 2890  use 2890,2131,FALSE,1062,FALSE,Helge A
EFAS,12,2132,VELEN 2,14.31,58.71,0,,,Vattern Lake catchment,SE,50,45,Vattern Lake catchment,,0,TRUE,0,1,0,0,0,0,,FALSE,4567500,3962500,24,ID_2132.mod,Provider upArea too small to be included in calibration,2132,FALSE,1062,FALSE,MOSSAN
EFAS,12,2133,ANKARVATTNET,14.22,64.88,0,,,Faxalven,SE,400,427.8,Faxalven,,0,TRUE,0,1,0,0,0,0,,FALSE,4522500,4647500,24,ID_2133.mod,Provider upArea too small to be included in calibration,2133,FALSE,1062,FALSE,ANKARVATTNET
EFAS,12,2134,NEDRE JOVATTNET,15.05,65.74,0,,,"Umealven, above Vindelalven",SE,350,356.1,Umealven,,0,TRUE,0,1,0,0,0,0,,FALSE,4552500,4742500,24,ID_2134.mod,Provider upArea too small to be included in calibration,2134,FALSE,1062,FALSE,JOVATTSAN
EFAS,12,2135,STORSILLRET,16.29,62.66,0,,,Holmsjon,SE,175,164,Ljungan,,0,TRUE,0,1,0,0,0,0,,FALSE,4642500,4412500,24,ID_2135.mod,Provider upArea too small to be included in calibration,2135,FALSE,1062,FALSE,KASSJOEAN
EFAS,12,2136,SOLLEFTEAE KRV,17.27,63.17,0,HIST_24h,,"Angermanalven, below Faxalven",SE,200,1104.31,Angermanalven,0,0,TRUE,0,1,0,0,0,0,,FALSE,4692500,4467500,24,ID_2136.mod,Moved downstream of confluence  strongly regulated  Possibly wrong location,2136,FALSE,1062,FALSE,Angerman
EFAS,12,2137,NIEMISEL,21.97,66.02,0,HIST_24h,,Kalixalv,SE,3850,3780.8,Ranealven,3,0,TRUE,0,1,0,0,0,0,,TRUE,4867500,4812500,24,ID_2137.mod,,2137,FALSE,1062,FALSE,RANEAELVEN
EFAS,12,2138,MELLAU,9.88,47.35,0,,,"Rhine, above Aare",AT,225,228.6,Rhine,,0,TRUE,0,1,0,0,0,0,,FALSE,4312500,2692500,24,ID_2138.mod,Provider upArea too small to be included in calibration,2138,FALSE,1062,FALSE,BREGENZER ACH
EFAS,12,2139,NEUDORF BEI ILZ,15.94,47.08,0,,,"Raab, Raba",AT,150,190.1,Raba,,0,TRUE,0,1,0,0,0,0,,FALSE,4767500,2682500,24,ID_2139.mod,Provider upArea too small to be included in calibration,2139,FALSE,1062,FALSE,ILZBACH
EFAS,12,2140,STEIN-KREMS,15.58,48.4,0,,,"Danube, section Enns - Morava",AT,96025,96044.8,Danube,,0,TRUE,0,1,0,0,0,0,,FALSE,4732500,2822500,,,Discharge data older than calibration period,2140,FALSE,1062,FALSE,DANUBE RIVER
EFAS,12,2141,IMBACH,15.56,48.44,0,,,"Danube, section Enns - Morava",AT,375,305.9,Danube,,0,TRUE,0,1,0,0,0,0,,FALSE,4732500,2827500,24,ID_2141.mod,Provider upArea too small to be included in calibration,2141,FALSE,1062,FALSE,KREMS
EFAS,12,2142,WIEN-NUSSDORF,16.3,48.25,0,HIST_24h,,"Danube, section Enns - Morava",AT,101825,101700,Danube,0,0,TRUE,0,1,0,0,0,0,,FALSE,4792500,2812500,,,same location as 159 few data,2142,FALSE,1062,FALSE,DANUBE RIVER
EFAS,12,2143,VENT,10.91,46.86,0,,,"Inn, above Salzach",AT,150,164.7,Danube,,0,TRUE,0,1,0,0,0,0,,FALSE,4392500,2637500,24,ID_2143.mod,Provider upArea too small to be included in calibration,2143,FALSE,1062,FALSE,VENTER ACHE
EFAS,12,2144,HAGING,13.45,48.27,0,,,Inn,AT,200,164.9,Danube,,0,TRUE,0,1,0,0,0,0,,FALSE,4577500,2802500,24,ID_2144.mod,Provider upArea too small to be included in calibration,2144,FALSE,1062,FALSE,ANTIESEN
EFAS,12,2145,LANDSCHA,15.56,46.75,0,,,Mura,AT,8425,8339.6,Danube,,0,TRUE,0,1,0,0,0,0,,FALSE,4747500,2647500,,,Discharge data older than calibration period,2145,FALSE,1062,FALSE,MUR
EFAS,12,2146,FROHNLEITEN,15.31,47.26,0,,,Mura,AT,6675,6548,Danube,,0,TRUE,0,1,0,0,0,0,,FALSE,4722500,2697500,,,Discharge data older than calibration period,2146,FALSE,1062,FALSE,MUR
EFAS,12,2147,KINDTHAL,15.47,47.52,0,HIST_24h,,Mura,AT,725,727.7,Danube,3,0,TRUE,0,1,0,0,0,0,,TRUE,4732500,2727500,24,ID_2147.mod,,2147,FALSE,1062,FALSE,MUERZ
EFAS,12,2148,TSIMOVO,20.98,39.58,0,,,Arachthos,GR,625,640,Arachthos,,0,TRUE,0,1,0,0,0,0,,FALSE,5267500,1902500,,,Discharge data older than calibration period,2148,FALSE,1062,FALSE,ARACHTHOS
EFAS,12,2149,AVLAKION,21.38,39.15,0,,,Akheloos,GR,1550,1349,Akheloos,,0,TRUE,0,1,0,0,0,0,,FALSE,5307500,1857500,,,Discharge data older than calibration period,2149,FALSE,1062,FALSE,ACHELOOS POTAMOS
EFAS,12,2150,SCHWAIBACH,8.03,48.39,0,HIST_24h,,"Rhine, section Ill - Neckar",DE,975,954,Rhine,3,0,TRUE,0,1,0,0,0,0,,TRUE,4172500,2807500,24,ID_2150.mod,,2150,FALSE,1062,FALSE,KINZIG (TRIB. RHEIN)
EFAS,12,2151,STEIN,9.28,49.25,0,HIST_24h,,Neckar,DE,1950,1929,Rhine,3,0,TRUE,0,1,0,0,0,0,,TRUE,4267500,2902500,24,ID_2151.mod,,2151,FALSE,1062,FALSE,KOCHER
EFAS,12,2152,NEUENSTADT,9.34,49.23,0,,,Neckar,DE,75,141,Rhine,,0,TRUE,0,1,0,0,0,0,,FALSE,4277500,2897500,,,Provider upArea too small to be included in calibration,2152,FALSE,1062,FALSE,BRETTACH
EFAS,12,2153,RHEINFELDEN,7.79,47.56,0,HIST_24h,,"Rhine, section Aare - Ill",DE,34675,34550,Rhine,0,0,TRUE,0,1,0,0,0,0,,FALSE,4147500,2717500,24,ID_2153.mod,Same as 358 but old daily data  use 358,2153,FALSE,1062,FALSE,RHINE RIVER
EFAS,12,2154,VLOTHO,8.86,52.17,0,HIST_24h,,Weser,DE,17625,17618,Weser,2,0,TRUE,0,1,0,0,0,0,,FALSE,4247500,3232500,24,ID_2154.mod,Close to 1942,2154,FALSE,1062,FALSE,WESER
EFAS,12,2155,GREENE,9.94,51.86,0,,,Leine,DE,2875,2916,Weser,,0,TRUE,0,1,0,0,0,0,,FALSE,4317500,3192500,,,Discharge data older than calibration period,2155,FALSE,1062,FALSE,LEINE
EFAS,12,2156,MARKLENDORF,9.7,52.68,0,HIST_24h,,Aller,DE,7800,7209,Weser,3,0,TRUE,0,1,0,0,0,0,,TRUE,4307500,3282500,24,ID_2156.mod,,2156,FALSE,1062,FALSE,ALLER
EFAS,12,2157,HELMINGHAUSEN,8.73,51.38,0,,,Weser,DE,200,103,Weser,,0,TRUE,0,1,0,0,0,0,,FALSE,4237500,3142500,24,ID_2157.mod,Provider upArea too small to be included in calibration,2157,FALSE,1062,FALSE,DIEMEL
EFAS,12,2158,SCHMITTLOTHEIM,8.89,51.15,0,HIST_24h,,Fulda,DE,1250,1202,Weser,3,0,TRUE,0,1,0,0,0,0,,TRUE,4242500,3117500,24,ID_2158.mod,,2158,FALSE,1062,FALSE,EDER
EFAS,12,2159,GUNTERSHAUSEN,9.46,51.22,0,HIST_24h,,Fulda,DE,6425,6366,Weser,3,0,TRUE,0,1,0,0,0,0,,TRUE,4282500,3122500,24,ID_2159.mod,,2159,FALSE,1062,FALSE,FULDA
EFAS,12,2160,ROTENBURG,9.72,51,0,HIST_24h,,Fulda,DE,2550,2523,Weser,2,0,TRUE,0,1,0,0,0,0,,FALSE,4302500,3097500,24,ID_2160.mod,Close to 2025,2160,FALSE,1062,FALSE,FULDA
EFAS,12,2161,SCHWARMSTEDT,9.6,52.68,0,HIST_24h,,Aller,DE,6375,6443,Weser,3,0,TRUE,0,1,0,0,0,0,,TRUE,4292500,3277500,24,ID_2161.mod,,2161,FALSE,1062,FALSE,LEINE
EFAS,12,2162,ALLENDORF,9.98,51.27,0,HIST_24h,,Weser,DE,5425,15522.54,Weser,2,0,TRUE,0,1,0,0,0,0,,FALSE,4312500,3132500,24,ID_2162.mod,Drainage area from provider is wrong  close to 1972,2162,FALSE,1062,FALSE,Werra
EFAS,12,2163,HELDRA,10.19,51.12,0,HIST_24h,,Weser,DE,4325,4302,Weser,3,0,TRUE,0,1,0,0,0,0,,TRUE,4337500,3112500,24,ID_2163.mod,,2163,FALSE,1062,FALSE,WERRA
EFAS,12,2164,BODENWERDER,9.51,51.97,0,HIST_24h,,Weser,DE,16025,15924,Weser,3,0,TRUE,0,1,0,0,0,0,,TRUE,4287500,3202500,24,ID_2164_202009091756.mod,,2164,FALSE,1062,FALSE,WESER
EFAS,12,2165,DOERVERDEN,9.21,52.85,0,HIST_24h,,Aller,DE,22175,22110,Weser,3,0,TRUE,0,1,0,0,0,0,,TRUE,4267500,3292500,24,ID_2165.mod,,2165,FALSE,1062,FALSE,WESER
EFAS,12,2166,KARLSHAFEN,9.43,51.64,0,HIST_24h,,Weser,DE,14975,14794,Weser,3,0,TRUE,0,1,0,0,0,0,,TRUE,4282500,3172500,24,ID_2166.mod,,2166,FALSE,1062,FALSE,WESER
EFAS,12,2167,LIEBENAU,9.11,52.59,0,HIST_24h,,Weser,DE,20175,19910,Weser,3,0,TRUE,0,1,0,0,0,0,,TRUE,4262500,3272500,24,ID_2167.mod,,2167,FALSE,1062,FALSE,WESER
EFAS,12,2168,WAHMBECK,9.52,51.62,0,HIST_24h,,Weser,DE,13050,12996,Weser,2,0,TRUE,0,1,0,0,0,0,,FALSE,4292500,3167500,24,ID_2168.mod,Close to 2166,2168,FALSE,1062,FALSE,WESER
EFAS,12,2169,DALUM,7.24,52.59,0,HIST_24h,,Ems,DE,4950,4981,Ems,3,0,TRUE,0,1,0,0,0,0,,TRUE,4132500,3282500,24,ID_2169.mod,,2169,FALSE,1062,FALSE,EMS
EFAS,12,2170,GREVEN,7.6,52.09,0,HIST_24h,,Ems,DE,2925,2842,Ems,3,0,TRUE,0,1,0,0,0,0,,TRUE,4157500,3222500,24,ID_2170.mod,,2170,FALSE,1062,FALSE,EMS
EFAS,12,2171,RHEINE UNTERSCHLEUSE UP,7.43,52.28,0,HIST_24h,,Ems,DE,3750,3740,Ems,3,0,TRUE,0,1,0,0,0,0,,TRUE,4142500,3247500,24,ID_2171.mod,,2171,FALSE,1062,FALSE,EMS
EFAS,12,2172,TREIA,9.31,54.51,0,,,Eider,DE,475,481,Eider,,0,TRUE,0,1,0,0,0,0,,FALSE,4277500,3492500,24,ID_2172.mod,Provider upArea too small to be included in calibration,2172,FALSE,1062,FALSE,TREENE
EFAS,12,2173,BIENENBUETTEL,10.46,53.15,0,HIST_24h,,"Elbe, below Havel",DE,1450,1434,Elbe,0,0,TRUE,0,1,0,0,0,0,,FALSE,4352500,3342500,24,ID_2173.mod,big change in hydrometric zero or rating curve iin 2005,2173,FALSE,1062,FALSE,ILMENAU
EFAS,12,2174,Rudolstadt,11.3352,50.7193,0,HIST_24h,,Saale,DE,2675,2678,Elbe,3,0,TRUE,0,1,0,0,0,0,,TRUE,4412500,3067500,24,ID_2174.mod,,2174,FALSE,1062,FALSE,SAALE
EFAS,12,2175,RATHENOW (HAUPTSCHLEUSE),12.33,52.6,0,HIST_24h,,"Havel, below Spree",DE,18800,19246,Elbe,2,0,TRUE,0,1,0,0,0,0,,FALSE,4477500,3282500,24,ID_2175.mod,Close to 9,2175,FALSE,1062,FALSE,HAVEL
EFAS,12,2176,RATHENOW HAUPTSCHLEUSE UP,12.31,52.6,0,HIST_24h,,"Havel, below Spree",DE,18675,8639.26,Elbe,2,0,TRUE,0,1,0,0,0,0,,FALSE,4477500,3272500,24,ID_2176.mod,Moved on main stream  close to 9,2176,FALSE,1062,FALSE,Havel
EFAS,12,2177,KETZIN,12.85,52.48,0,HIST_24h,,"Havel, below Spree",DE,16075,16173,Elbe,3,0,TRUE,0,1,0,0,0,0,,TRUE,4507500,3262500,24,ID_2177.mod,,2177,FALSE,1062,FALSE,HAVEL
EFAS,12,2178,SPREMBERG,14.37,51.57,0,,,Spree,DE,2250,2092,Elbe,,0,TRUE,0,1,0,0,0,0,,FALSE,4622500,3172500,,,Discharge data older than calibration period,2178,FALSE,1062,FALSE,SPREE
EFAS,12,2179,Bad Suelze,12.665,54.1199,0,HIST_24h,,Recknitz,DE,625,951.89,Recknitz,3,0,TRUE,0,1,0,0,0,0,,TRUE,4492500,3452500,24,ID_2179.mod,,2179,FALSE,1062,FALSE,Recknitz
EFAS,12,2180,KLEMPENOW,13.31,53.79,0,HIST_24h,,Peene,DE,1225,1403,Peene,3,0,TRUE,0,1,0,0,0,0,,TRUE,4537500,3407500,24,ID_2180.mod,,2180,FALSE,1062,FALSE,TOLLENSE
EFAS,12,2181,REGENSBURG/SCHWABELWEIS,12.14,49.01,0,HIST_24h,,"Danube, section Naab - Isar",DE,32550,5704.88,Danube,2,0,TRUE,0,1,0,0,0,0,,FALSE,4472500,2882500,24,ID_2181.mod,moved on danube main stream  same as 883,2181,FALSE,1062,FALSE,Donau
EFAS,12,2182,Lenggries,11.5732,47.6849,0,,,Isar,DE,1425,-999,Danube,,0,TRUE,0,1,0,0,0,0,,FALSE,4437500,2732500,24,ID_2182.mod,No discharge data available for calibration period,2182,FALSE,1062,FALSE,ISAR
EFAS,12,2183,BRONZOLO (BRANZOLL),11.31,46.4,0,HIST_24h,,Adige,IT,6975,6926,Adige,0,0,TRUE,0,1,0,0,0,0,,FALSE,4422500,2582500,,,Old data and not enough data after 1990,2183,FALSE,1062,FALSE,ADIGE
EFAS,12,2184,TRENTO,11.13,46.06,0,,,Adige,IT,9575,9763,Adige,,0,TRUE,0,1,0,0,0,0,,FALSE,4407500,2552500,,,Discharge data older than calibration period,2184,FALSE,1062,FALSE,ADIGE
EFAS,12,2185,ALLOGGIAMENTO IDRAULICO,13.83,42.17,0,,,Pescara,IT,1925,1961,Pescara,,0,TRUE,0,1,0,0,0,0,,FALSE,4637500,2127500,,,Discharge data older than calibration period,2185,FALSE,1062,FALSE,ATERNO
EFAS,12,2186,S.SAMUELE DI CAFIERO,16.14,41.3,0,,,Ofanto,IT,2800,2716,Ofanto,,0,TRUE,0,1,0,0,0,0,,FALSE,4837500,2042500,,,Discharge data older than calibration period,2186,FALSE,1062,FALSE,OFANTO
EFAS,12,2187,PASSOFONDUTO,13.67,37.47,0,,,Platani,IT,1300,1237,Platani,,0,TRUE,0,1,0,0,0,0,,FALSE,4647500,1607500,,,Discharge data older than calibration period,2187,FALSE,1062,FALSE,PLATANI
EFAS,12,2188,DRASI,13.94,37.17,0,,,Salso,IT,2025,1782,Salso,,0,TRUE,0,1,0,0,0,0,,FALSE,4672500,1577500,,,Discharge data older than calibration period,2188,FALSE,1062,FALSE,IMERA MERIDIONALE
EFAS,12,2189,PONTE MACCARRONE,14.79,37.65,0,,,Simeto,IT,800,648,Simeto,,0,TRUE,0,1,0,0,0,0,,FALSE,4747500,1637500,,,Discharge data older than calibration period,2189,FALSE,1062,FALSE,SIMETO
EFAS,12,2190,KILJAFOSS,-21.41,64.69,0,HIST_24h,,Hvita,IS,2350,3665.28,Hvita,3,0,TRUE,0,1,0,0,0,0,,TRUE,2867500,4952500,24,ID_2190.mod,,2190,FALSE,1062,FALSE,HVITA
EFAS,12,2191,SELFOSS,-21,63.93,0,HIST_24h,,OELFUSA,IS,1425,5662,OELFUSA,0,0,TRUE,0,1,0,0,0,0,,FALSE,2847500,4872500,24,ID_2191.mod,Remove from calib - wrong LDD,2191,FALSE,1062,FALSE,OELFUSA
EFAS,12,2192,EFSTADALSBRU,-20.51,64.26,0,,,Sog and Hvita,IS,300,219,Sog and Hvita,,0,TRUE,0,1,0,0,0,0,,FALSE,2887500,4892500,24,ID_2192.mod,Provider upArea too small to be included in calibration,2192,FALSE,1062,FALSE,"BRUARA, BISKUPSTUNGUM"
EFAS,12,2193,THJORSARTUN,-20.63,63.93,0,HIST_24h,,Pjorsa,IS,8425,7314,Pjorsa,3,0,TRUE,0,1,0,0,0,0,,TRUE,2862500,4842500,24,ID_2193.mod,Moved to cope with wrong LDD,2193,FALSE,1062,FALSE,THJORSA
EFAS,12,2194,HOLL,-15.08,64.98,0,HIST_24h,,Lagarfljot,IS,700,558,Lagarfljot,3,0,TRUE,0,1,0,0,0,0,,TRUE,3152500,4862500,24,ID_2194.mod,,2194,FALSE,1062,FALSE,JOEKULSA I FLJOTSDAL
EFAS,12,2195,GOODALABRU,-19.08,65.33,0,HIST_24h,,Heradsvotn,IS,725,844,Heradsvotn,3,0,TRUE,0,1,0,0,0,0,,TRUE,3002500,4972500,24,ID_2195.mod,,2195,FALSE,1062,FALSE,"VESTARI-JOEKULSA, SKAGAFIROI"
EFAS,12,2196,BRU,-17.65,63.94,0,,,Northeast Atlantic Ocean coastal catchments and sm,IS,275,226,Bru,,0,TRUE,0,1,0,0,0,0,,FALSE,2997500,4802500,24,ID_2196.mod,Provider upArea too small to be included in calibration,2196,FALSE,1062,FALSE,"DJUPA, FLJOTSHVERFI"
EFAS,12,2197,ULLARFOSS,-17.31,65.39,0,HIST_24h,,Kaldakinn (Skjaltandatfljot in upper section),IS,2725,527,Kaldakinn,0,0,TRUE,0,1,0,0,0,0,,FALSE,3077500,4947500,24,ID_2197.mod,Moved hopefully to right river  few data,2197,FALSE,1062,FALSE,"SVARTA, BAROARDAL"
EFAS,12,2198,REYKJAFOSS,-19.38,65.49,0,,,Heradsvotn,IS,375,396,Heradsvotn,,0,TRUE,0,1,0,0,0,0,,FALSE,2997500,4992500,24,ID_2198.mod,Provider upArea too small to be included in calibration,2198,FALSE,1062,FALSE,"SVARTA, SKAGAFIROI"
EFAS,12,2199,LAGARFOSS,-14.36,65.5,0,HIST_24h,,LAGARFLJOT,IS,2850,2819,Lagarfljot,1,0,TRUE,0,1,0,0,0,0,,FALSE,3212500,4912500,24,ID_2199.mod,strongly regulated but no dam in lsf,2199,FALSE,1062,FALSE,LAGARFLJOT
EFAS,12,2200,LITH,5.45,51.82,0,HIST_24h,,Maas,NL,29175,29000,Meuse,2,0,TRUE,0,1,0,0,0,0,,FALSE,4012500,3197500,24,ID_2200.mod,Close to 1977  older data,2200,FALSE,1062,FALSE,MEUSE
EFAS,12,2201,VENLO,6.17,51.68,0,HIST_24h,,Maas,DE,27025,26040,Meuse,3,0,TRUE,0,1,0,0,0,0,,TRUE,4042500,3182500,24,ID_2201.mod,Drainage area from provider is wrong,2201,FALSE,1062,FALSE,MEUSE
EFAS,12,2202,BUNDE,5.74,50.9,0,,,Maas,NL,22100,-999,Meuse,,1,FALSE,0,1,0,0,0,0,,FALSE,4022500,3102500,24,ID_2202_202009091759.mod,DO NOT USE Station is on a navigation channel EFCC-2120 No discharge data available for calibration period,2202,FALSE,1062,FALSE,JULIANAKANAAL
EFAS,12,2203,RUNKAMPEN,5.38,51.68,0,,,Maas,NL,875,750,Meuse,,0,TRUE,0,1,0,0,0,0,,FALSE,4002500,3182500,,,Discharge data older than calibration period,2203,FALSE,1062,FALSE,BRABANTSE AA
EFAS,12,2204,SMEERMAAS,5.68,50.88,0,,,Maas,NL,21675,-999,Meuse,,1,FALSE,0,1,0,0,0,0,,FALSE,4017500,3092500,24,ID_2204_202009091807.mod,DO NOT USE EFCC-2120 station is on controlled channel  No discharge data available for calibration period,2204,FALSE,1062,FALSE,ZUID-WILLEMSVAART
EFAS,12,2205,VECHTERWEERD,6.33,52.25,0,,,Ijssel,NL,3725,3600,Rhine,,0,TRUE,0,1,0,0,0,0,,FALSE,4057500,3242500,,,Discharge data older than calibration period,2205,FALSE,1062,FALSE,VECHTE
EFAS,12,2206,TRZEBIATOW,15.26,54.06,0,,,Rega,PL,1100,2628,Rega,,0,TRUE,0,1,0,0,0,0,,FALSE,4667500,3457500,,,Discharge data older than calibration period,2206,FALSE,1062,FALSE,REGA
EFAS,12,2207,RABASZENTMIKLOS,17.41,47.53,0,HIST_24h,,"Raab, Raba",HU,2525,2710,Danube,1,0,TRUE,0,1,0,0,0,0,,FALSE,4882500,2742500,24,ID_2207.mod,Wrong?,2207,FALSE,1062,FALSE,MARCAL
EFAS,12,2208,KURD,18.31,46.45,0,HIST_24h,,Zala-Balaton-Sio,HU,2125,2119,Danube,3,0,TRUE,0,1,0,0,0,0,,TRUE,4957500,2627500,24,ID_2208.mod,use after 01-1992,2208,FALSE,1062,FALSE,KAPOS
EFAS,12,2209,DUNAALMAS,18.33,47.73,0,HIST_24h,,Danube,HU,171525,171720,Danube,3,0,TRUE,0,1,0,0,0,0,,TRUE,4947500,2772500,24,ID_2209.mod,,2209,FALSE,1062,FALSE,DANUBE RIVER
EFAS,12,2210,SZENDRO,20.73,48.4,0,HIST_24h,,Sajo,HU,1600,1496,Danube,3,0,TRUE,0,1,0,0,0,0,,TRUE,5112500,2867500,24,ID_2210.mod,dams  use it after 01-1992  moved station downstream,2210,FALSE,1062,FALSE,BODVAJ
EFAS,12,2211,NOWE DREZDENKO,15.81,52.86,0,,,Notec,PL,16900,15970,Oder,,0,TRUE,0,1,0,0,0,0,,FALSE,4712500,3322500,,,Discharge data older than calibration period,2211,FALSE,1062,FALSE,NOTEC
EFAS,12,2212,PTUSZA,16.8,53.36,0,,,Gwda,PL,2000,2052,Gwda,,0,TRUE,0,1,0,0,0,0,,FALSE,4772500,3382500,,,Discharge data older than calibration period,2212,FALSE,1062,FALSE,GWDA
EFAS,12,2213,KOWANOWKO,16.85,52.66,0,,,"Warta, above Notec",PL,2250,2597,Oder,,0,TRUE,0,1,0,0,0,0,,FALSE,4782500,3307500,,,Discharge data older than calibration period,2213,FALSE,1062,FALSE,WELNA
EFAS,12,2214,NIECHMIROW,18.75,51.41,0,,,"Warta, above Prosna",PL,600,592,Oder,,0,TRUE,0,1,0,0,0,0,,FALSE,4927500,3177500,,,Discharge data older than calibration period,2214,FALSE,1062,FALSE,OLESNICA
EFAS,12,2215,GRABNO,18.96,51.46,0,,,"Warta, above Prosna",PL,800,811,Oder,,0,TRUE,0,1,0,0,0,0,,FALSE,4942500,3192500,,,Discharge data older than calibration period,2215,FALSE,1062,FALSE,GRABIA
EFAS,12,2216,PECNIEW,18.66,51.75,0,,,"Warta, above Prosna",PL,300,370,Oder,,0,TRUE,0,1,0,0,0,0,,FALSE,4922500,3222500,,,Provider upArea too small to be included in calibration,2216,FALSE,1062,FALSE,BRODNIA
EFAS,12,2217,SAMARZEWO,17.75,52.25,0,,,"Warta, above Prosna",PL,375,360,Oder,,0,TRUE,0,1,0,0,0,0,,FALSE,4842500,3272500,,,Provider upArea too small to be included in calibration,2217,FALSE,1062,FALSE,WRZESNICA
EFAS,12,2218,OPATOW,18.15,51.21,0,,,Prosna,PL,125,128,Oder,,0,TRUE,0,1,0,0,0,0,,FALSE,4887500,3152500,,,Provider upArea too small to be included in calibration,2218,FALSE,1062,FALSE,POMIANKA
EFAS,12,2219,KUSNICA SKAKAWSKA,18.11,51.25,0,,,Prosna,PL,225,246,Oder,,0,TRUE,0,1,0,0,0,0,,FALSE,4887500,3157500,,,Provider upArea too small to be included in calibration,2219,FALSE,1062,FALSE,NIESOB
EFAS,12,2220,OLOBOK,18.08,51.65,0,,,Prosna,PL,250,447,Oder,,0,TRUE,0,1,0,0,0,0,,FALSE,4872500,3202500,,,Provider upArea too small to be included in calibration,2220,FALSE,1062,FALSE,OLOBOK
EFAS,12,2221,DEBE,18.21,51.75,0,,,Prosna,PL,500,492,Oder,,0,TRUE,0,1,0,0,0,0,,FALSE,4887500,3217500,,,Provider upArea too small to be included in calibration,2221,FALSE,1062,FALSE,SWEDRNIA
EFAS,12,2222,RASZEWY,17.65,52.11,0,,,Prosna,PL,550,534,Oder,,0,TRUE,0,1,0,0,0,0,,FALSE,4842500,3242500,,,Discharge data older than calibration period,2222,FALSE,1062,FALSE,LUTYNIA
EFAS,12,2223,KOSCIAN,16.63,52.11,0,,,"Warta, above Notec",PL,1325,1247,Oder,,0,TRUE,0,1,0,0,0,0,,FALSE,4777500,3237500,,,Discharge data older than calibration period,2223,FALSE,1062,FALSE,KANAL KOSCIANSKI
EFAS,12,2224,MOSINA,16.85,52.25,0,,,"Warta, above Notec",PL,1700,2492,Oder,,0,TRUE,0,1,0,0,0,0,,FALSE,4787500,3257500,,,Discharge data older than calibration period,2224,FALSE,1062,FALSE,KANAL MOSINSKI
EFAS,12,2225,KONOJAD,16.53,52.16,0,,,"Warta, above Notec",PL,725,663,Oder,,0,TRUE,0,1,0,0,0,0,,FALSE,4762500,3252500,,,Discharge data older than calibration period,2225,FALSE,1062,FALSE,MOGILNICA
EFAS,12,2226,GLUSZYNA,16.93,52.36,0,,,"Warta, above Notec",PL,275,369,Oder,,0,TRUE,0,1,0,0,0,0,,FALSE,4797500,3267500,,,Provider upArea too small to be included in calibration,2226,FALSE,1062,FALSE,KOPLA
EFAS,12,2227,WAGROWIEC,17.2,52.75,0,,,"Warta, above Notec",PL,150,232,Oder,,0,TRUE,0,1,0,0,0,0,,FALSE,4812500,3322500,,,Provider upArea too small to be included in calibration,2227,FALSE,1062,FALSE,STRUGA GULANIECKA
EFAS,12,2228,RYCZYWOL,16.83,52.81,0,,,"Warta, above Notec",PL,275,276,Oder,,0,TRUE,0,1,0,0,0,0,,FALSE,4782500,3317500,,,Provider upArea too small to be included in calibration,2228,FALSE,1062,FALSE,FLINTA
EFAS,12,2229,SZAMOTULY,16.63,52.58,0,,,"Warta, above Notec",PL,475,395,Oder,,0,TRUE,0,1,0,0,0,0,,FALSE,4767500,3297500,,,Provider upArea too small to be included in calibration,2229,FALSE,1062,FALSE,SAMA
EFAS,12,2230,ZAGAN,15.31,51.61,0,,,Kwisa,PL,3150,4254,Oder,,0,TRUE,0,1,0,0,0,0,,FALSE,4697500,3177500,,,Discharge data older than calibration period  Wrong location  Do not use,2230,FALSE,1062,FALSE,BOBR
EFAS,12,2231,SKWIERZYNA,15.5,52.6,0,,,"Warta, above Notec",PL,30900,32054,Oder,,0,TRUE,0,1,0,0,0,0,,FALSE,4697500,3292500,,,Discharge data older than calibration period,2231,FALSE,1062,FALSE,WARTA
EFAS,12,2232,KONIN,18.26,52.21,0,,,"Warta, above Prosna",PL,13225,13351,Oder,,0,TRUE,0,1,0,0,0,0,,FALSE,4882500,3267500,,,Discharge data older than calibration period,2232,FALSE,1062,FALSE,WARTA
EFAS,12,2233,PORAJ,19.21,50.66,0,,,"Warta, above Prosna",PL,425,390,Oder,,0,TRUE,0,1,0,0,0,0,,FALSE,4972500,3102500,,,Provider upArea too small to be included in calibration,2233,FALSE,1062,FALSE,WARTA
EFAS,12,2234,NOWA WIES PODGORNA,18.1,52.96,0,,,Notec,PL,3300,20767,Oder,,0,TRUE,0,1,0,0,0,0,,FALSE,4857500,3352500,,,Discharge data older than calibration period,2234,FALSE,1062,FALSE,WARTA
EFAS,12,2235,NIWKI,18.66,50.75,0,,,"Warta, above Prosna",PL,225,218,Oder,,0,TRUE,0,1,0,0,0,0,,FALSE,4937500,3112500,,,Provider upArea too small to be included in calibration,2235,FALSE,1062,FALSE,LISWARTA
EFAS,12,2236,MIRKOW,18.15,51.32,0,,,Prosna,PL,1250,1255,Oder,,0,TRUE,0,1,0,0,0,0,,FALSE,4887500,3172500,,,Discharge data older than calibration period,2236,FALSE,1062,FALSE,PROSNA
EFAS,12,2237,DRAWSKO POMORSKIE,15.8,53.3,0,,,Notec,PL,1075,602,Oder,,0,TRUE,0,1,0,0,0,0,,FALSE,4702500,3377500,,,Discharge data older than calibration period,2237,FALSE,1062,FALSE,DRAWA
EFAS,12,2238,GOLENIOW,14.81,53.56,0,,,"Oder, below Warta",PL,3275,2163,Oder,,0,TRUE,0,1,0,0,0,0,,FALSE,4642500,3387500,,,Discharge data older than calibration period,2238,FALSE,1062,FALSE,INA
EFAS,12,2239,WADOWICE,19.48,49.88,0,,,Vistula,PL,825,836,Vistula,,0,TRUE,0,1,0,0,0,0,,FALSE,5002500,3017500,,,Discharge data older than calibration period,2239,FALSE,1062,FALSE,SKAWA
EFAS,12,2240,NOWY SACZ,20.71,49.63,0,,,Dunajec,PL,4825,4341,Vistula,,0,TRUE,0,1,0,0,0,0,,FALSE,5092500,3002500,,,Discharge data older than calibration period Old stations,2240,FALSE,1062,FALSE,DUNAJEC
EFAS,12,2241,KRASNYSTAW,23.18,50.98,0,,,Wieprz,PL,2975,3003,Vistula,,0,TRUE,0,1,0,0,0,0,,FALSE,5242500,3177500,,,Discharge data older than calibration period,2241,FALSE,1062,FALSE,WIEPRZ
EFAS,12,2242,PRZEDBORZ,19.88,51.08,0,,,Pilica,PL,2475,2535,Vistula,,0,TRUE,0,1,0,0,0,0,,FALSE,5012500,3142500,,,Discharge data older than calibration period,2242,FALSE,1062,FALSE,PILICA
EFAS,12,2243,SURAZ,22.95,52.95,0,,,Narew,PL,3175,7800,Vistula,,0,TRUE,0,1,0,0,0,0,,FALSE,5182500,3397500,,,Discharge data older than calibration period,2243,FALSE,1062,FALSE,BOLSHOY KEMCHUG
EFAS,12,2244,PTAKI,21.8,53.4,0,,,"Narew, above Bug",PL,4075,3561,Vistula,,0,TRUE,0,1,0,0,0,0,,FALSE,5102500,3432500,,,Discharge data older than calibration period,2244,FALSE,1062,FALSE,PISA
EFAS,12,2245,CROOM,-8.71,52.51,0,HIST_24h,,Shannon,IE,800,770.2,Shannon,2,0,TRUE,0,1,0,0,0,0,,FALSE,3067500,3427500,24,ID_2245.mod,Same location as 1412,2245,FALSE,1062,FALSE,MAIGUE
EFAS,12,2246,RATHKEALE,-8.93,52.52,0,,,Shannon,IE,450,438.8,Deel,,0,TRUE,0,1,0,0,0,0,,FALSE,3052500,3432500,24,ID_2246.mod,Provider upArea too small to be included in calibration,2246,FALSE,1062,FALSE,DEEL
EFAS,12,2247,GRANGE BRIDGE,-9.02,52.46,0,,,Shannon,IE,350,366.3,Deel,,0,TRUE,0,1,0,0,0,0,,FALSE,3042500,3427500,24,ID_2247.mod,Provider upArea too small to be included in calibration,2247,FALSE,1062,FALSE,DEEL
EFAS,12,2248,MOYSTOWN,-7.91,53.26,0,HIST_24h,,Shannon,IE,1225,1180.2,Shannon,2,0,TRUE,0,1,0,0,0,0,,FALSE,3137500,3497500,24,ID_2248.mod,close to 1414,2248,FALSE,1062,FALSE,BROSNA
EFAS,12,2249,DARRYCAHILL,-8.23,53.38,0,HIST_24h,,Shannon,IE,1175,1050,Shannon,2,0,TRUE,0,1,0,0,0,0,,FALSE,3122500,3522500,24,ID_2249.mod,close to 1416,2249,FALSE,1062,FALSE,SUCK
EFAS,12,2250,BOYLE ABBEY BRIDGE,-8.3,53.96,0,HIST_24h,,Shannon,IE,475,527.3,Shannon,0,0,TRUE,0,1,0,0,0,0,,FALSE,3142500,3582500,24,ID_2250.mod,same location as 2251 but different data  cannot locate  use 2251,2250,FALSE,1062,FALSE,BOYLE
EFAS,12,2251,TINACARRA,-8.37,53.96,0,HIST_24h,,Shannon,IE,450,519.9,Shannon,3,0,TRUE,0,1,0,0,0,0,,TRUE,3137500,3582500,24,ID_2251.mod,,2251,FALSE,1062,FALSE,BOYLE
EFAS,12,2252,WOLFE TONE BRIDGE,-9.04,53.26,0,HIST_24h,,Clare,IE,3225,3136.1,Clare,3,0,TRUE,0,1,0,0,0,0,,TRUE,3067500,3522500,24,ID_2252.mod,dam,2252,FALSE,1062,FALSE,CORRIB
EFAS,12,2253,DROMAHAIR,-8.3,54.23,0,,,Shannon,IE,275,263.7,Bonet,,0,TRUE,0,1,0,0,0,0,,FALSE,3142500,3607500,24,ID_2253.mod,Provider upArea too small to be included in calibration,2253,FALSE,1062,FALSE,BONET
EFAS,12,2254,BALLYCOREY,-8.98,52.85,0,HIST_24h,,Shannon,IE,675,511.4,Fergus,3,0,TRUE,0,1,0,0,0,0,,TRUE,3057500,3472500,24,ID_2254.mod,Moved downstream of confluence,2254,FALSE,1062,FALSE,FERGUS
EFAS,12,2255,LISTOWEL,-9.48,52.44,0,HIST_24h,,Feale,IE,650,646.8,Feale,3,0,TRUE,0,1,0,0,0,0,,TRUE,3017500,3437500,24,ID_2255.mod,,2255,FALSE,1062,FALSE,FEALE
EFAS,12,2256,CURRANURE,-8.73,51.75,0,,,R. Bandon,IE,375,423.7,Bandon,,0,TRUE,0,1,0,0,0,0,,FALSE,3042500,3347500,24,ID_2256.mod,Provider upArea too small to be included in calibration,2256,FALSE,1062,FALSE,BANDON
EFAS,12,2257,CATHER PARK,-7.92,52.37,0,HIST_24h,,Suir & Barrow,IE,1600,1582.7,Suir,2,0,TRUE,0,1,0,0,0,0,,FALSE,3117500,3402500,24,ID_2257.mod,same location as 1408 and almost same data   use 1408,2257,FALSE,1062,FALSE,SUIR
EFAS,12,2258,NEW BRIDGE,-8.05,52.45,0,HIST_24h,,Suir & Barrow,IE,1100,1090.3,Suir,2,0,TRUE,0,1,0,0,0,0,,FALSE,3112500,3412500,24,ID_2258.mod,it could be on the wrong catchment,2258,FALSE,1062,FALSE,SUIR
EFAS,12,2259,ENNISCORTHY,-6.55,52.5,0,HIST_24h,,Slaney,IE,1275,1319.9,Slaney,2,0,TRUE,0,1,0,0,0,0,,FALSE,3212500,3397500,24,ID_2259.mod,close to 1402,2259,FALSE,1062,FALSE,SLANE
EFAS,12,2260,PASS BRIDGE,-7.06,53.14,0,HIST_24h,,Suir & Barrow,IE,1150,1063.6,Barrow,3,0,TRUE,0,1,0,0,0,0,,TRUE,3192500,3472500,24,ID_2260.mod,,2260,FALSE,1062,FALSE,BARROW
EFAS,12,2261,PORTARLINGTON,-7.19,53.16,0,,,Suir & Barrow,IE,450,405.5,Suir & Barrow,,0,TRUE,0,1,0,0,0,0,,FALSE,3187500,3472500,24,ID_2261.mod,Provider upArea too small to be included in calibration,2261,FALSE,1062,FALSE,BARROW
EFAS,12,2262,MANSFIELDSTOWN,-6.49,53.9,0,,,R. Glyde,IE,325,345.8,Glyde,,0,TRUE,0,1,0,0,0,0,,FALSE,3247500,3542500,24,ID_2262.mod,Provider upArea too small to be included in calibration,2262,FALSE,1062,FALSE,GLYDE
EFAS,12,2263,KILCOLGAN,-8.86,53.2,0,,,R. Dunkellin,IE,350,354.1,Dunkellin,,0,TRUE,0,1,0,0,0,0,,FALSE,3077500,3507500,24,ID_2263.mod,Provider upArea too small to be included in calibration,2263,FALSE,1062,FALSE,DUNKELLIN
EFAS,12,2264,CHARLEVILLE WEIR,-8.68,52.35,0,,,Blackwater,IE,300,309.1,Blackwater,,0,TRUE,0,1,0,0,0,0,,FALSE,3067500,3417500,24,ID_2264.mod,Provider upArea too small to be included in calibration,2264,FALSE,1062,FALSE,DEE (IRELAND)
EFAS,12,2265,CROGHAN,-7.27,53.34,0,,,Suir & Barrow,IE,275,479.3,Suir & Barrow,,0,TRUE,0,1,0,0,0,0,,FALSE,3192500,3482500,24,ID_2265.mod,Provider upArea too small to be included in calibration,2265,FALSE,1062,FALSE,LITTLE BROSNA
EFAS,12,2266,TRIM,-6.79,53.55,0,HIST_24h,,Boyne,IE,1350,1361.8,Boyne,3,0,TRUE,0,1,0,0,0,0,,TRUE,3217500,3512500,24,ID_2266.mod,,2266,FALSE,1062,FALSE,BOYNE
EFAS,12,2267,CATEZ I,15.6,45.89,0,HIST_24h,,"Sava, above Kupa",SI,9700,10186,Danube,3,0,TRUE,0,1,0,0,0,0,,TRUE,4752500,2547500,24,ID_2267.mod,moved upstream of dam,2267,FALSE,1062,FALSE,SAVA
EFAS,12,2268,RADECE,15.18,46.06,0,HIST_24h,,"Sava, above Kupa",SI,7100,7084,Danube,3,0,TRUE,0,1,0,0,0,0,,TRUE,4722500,2562500,24,ID_2268.mod,,2268,FALSE,1062,FALSE,SAVA
EFAS,12,2269,BOSANSKI NOVI,16.38,45.07,0,HIST_24h,,Una,HR,8300,8507,Danube,0,0,TRUE,0,1,0,0,0,0,,FALSE,4822500,2457500,,,Few old data,2269,FALSE,1062,FALSE,UNA
EFAS,12,2270,LOG CEZSOSKI,13.6,46.32,0,,,Isonzo,SI,300,325,Isonzo,,0,TRUE,0,1,0,0,0,0,,FALSE,4597500,2587500,24,ID_2270.mod,Provider upArea too small to be included in calibration,2270,FALSE,1062,FALSE,SOCA / INSONZO
EFAS,12,2271,SKOPJE,21.43,41.98,0,HIST_24h,,"Vardar (Axios), above Bregalnica",MK,4650,4650,Vardar,0,0,TRUE,0,1,0,0,0,0,,FALSE,5262500,2172500,,,few data,2271,FALSE,1062,FALSE,VARDAR
EFAS,12,2272,ALYASHIV,34.86,32.4,0,HIST_24h,,Alexander,IL,675,953,Alexander,0,0,TRUE,0,1,0,0,0,0,,FALSE,6647500,1427500,24,ID_2272.mod,Old data and not enough data after 1990,2272,FALSE,1062,FALSE,ALEXANDER
EFAS,12,2273,NEAR GEDERA,34.77,31.79,0,,,Lakhish,IL,575,492,Lakhish,,0,TRUE,0,1,0,0,0,0,,FALSE,6657500,1357500,24,ID_2273.mod,Provider upArea too small to be included in calibration,2273,FALSE,1062,FALSE,SOREQ
EFAS,12,2274,NEAR HATSERIM,34.76,31.2,0,HIST_24h,,Besor,IL,1275,1216,Besor,0,0,TRUE,0,1,0,0,0,0,,FALSE,6677500,1292500,24,ID_2274.mod,Not enough data in calibration period,2274,FALSE,1062,FALSE,BE'ER SHEVA
EFAS,12,2275,AGAN NAHARAYIM,35.58,32.63,0,,,Jordan / Dead Sea,JO,53050,-999,Jordan,,0,TRUE,0,1,0,0,0,0,,FALSE,6707500,1467500,24,ID_2275.mod,No discharge data available for calibration period,2275,FALSE,1062,FALSE,JORDAN RIVER
EFAS,12,2276,CAMOWEN TERRACE,-7.29,54.61,0,,,Foyle,UK,175,276.6,Foyle,,0,TRUE,0,1,0,0,0,0,,FALSE,3222500,3632500,24,ID_2276.mod,Provider upArea too small to be included in calibration,2276,FALSE,1062,FALSE,CAMOWEN
EFAS,12,2277,Burndennet,-7.416,54.893,0,,,Foyle,UK,175,148.3,Foyle,,0,TRUE,0,1,0,0,0,0,,FALSE,3217500,3667500,24,ID_2277.mod,Provider upArea too small to be included in calibration,2277,FALSE,1062,FALSE,BURN DENNET
EFAS,12,2278,Drumrainey Bridge,-7.683,54.313,0,,,Erne,UK,150,166.3,Erne,,0,TRUE,0,1,0,0,0,0,,FALSE,3182500,3607500,24,ID_2278.mod,Provider upArea too small to be included in calibration,2278,FALSE,1062,FALSE,SILLEES
EFAS,12,2279,Moyola New Bridge,-6.513,54.757,0,,,Bann,UK,275,304.3,Bann,,0,TRUE,0,1,0,0,0,0,,FALSE,3267500,3637500,24,ID_2279.mod,Provider upArea too small to be included in calibration,2279,FALSE,1062,FALSE,MOYOLA
EFAS,12,2280,Maydown Bridge,-6.734,54.413,0,HIST_24h,,Bann,UK,1000,970.2,Bann,3,0,TRUE,0,1,0,0,0,0,,TRUE,3242500,3602500,24,ID_2280.mod,,2280,FALSE,1062,FALSE,BLACKWATER (N. IRELAND)
EFAS,12,2281,Mountmill Bridge,-6.334,54.22,0,,,Newry Canal,UK,150,120.3,Newry Canal,,0,TRUE,0,1,0,0,0,0,,FALSE,3267500,3577500,24,ID_2281.mod,Provider upArea too small to be included in calibration,2281,FALSE,1062,FALSE,CLANRYE
EFAS,12,2282,Seneirl Bridge,-6.518,55.168,0,,,North Eastern,UK,325,299.2,Bush,,0,TRUE,0,1,0,0,0,0,,FALSE,3277500,3682500,24,ID_2282.mod,Provider upArea too small to be included in calibration,2282,FALSE,1062,FALSE,BUSH
EFAS,12,2283,Antrim,-6.221,54.719,0,,,Bann,UK,250,277.6,Bann,,0,TRUE,0,1,0,0,0,0,,FALSE,3287500,3627500,24,ID_2283.mod,Provider upArea too small to be included in calibration,2283,FALSE,1062,FALSE,SIX-MILE WATER
EFAS,12,2284,NEWFORGE,-5.9,54.6,0,,,Lagan BI,UK,675,491.6,Lagan BI,,0,TRUE,0,1,0,0,0,0,,FALSE,3302500,3612500,24,ID_2284.mod,Provider upArea too small to be included in calibration,2284,FALSE,1062,FALSE,LAGAN
EFAS,12,2285,Comber,-5.743,54.558,0,,,Lagan BI,UK,75,61.8,Enler,,0,TRUE,0,1,0,0,0,0,,FALSE,3312500,3607500,24,ID_2285.mod,Provider upArea too small to be included in calibration,2285,FALSE,1062,FALSE,ENLER
EFAS,12,2286,POOLEWE,-5.6,57.76,0,,,Scotland,UK,450,441.1,Ewe,,0,TRUE,0,1,0,0,0,0,,FALSE,3397500,3952500,24,ID_2286.mod,Provider upArea too small to be included in calibration,2286,FALSE,1062,FALSE,EWE
EFAS,12,2287,NEW KELSO,-5.43,57.43,0,,,Scotland,UK,125,137.8,Carron,,0,TRUE,0,1,0,0,0,0,,FALSE,3402500,3912500,24,ID_2287.mod,Provider upArea too small to be included in calibration,2287,FALSE,1062,FALSE,CARRON (N. SCOTLAND)
EFAS,12,2288,Shielfoot,-5.82,56.765,0,,,Scotland,UK,300,256,Shiel,,0,TRUE,0,1,0,0,0,0,,FALSE,3362500,3847500,24,ID_2288.mod,Provider upArea too small to be included in calibration,2288,FALSE,1062,FALSE,SHIEL
EFAS,12,2289,Claggan,-5.087,56.821,0,,,Lochy,UK,50,69.2,Lochy,,0,TRUE,0,1,0,0,0,0,,FALSE,3407500,3837500,24,ID_2289.mod,Provider upArea too small to be included in calibration,2289,FALSE,1062,FALSE,NEVIS
EFAS,12,2290,Glen Orchy,-4.857,56.438,0,,,Scotland,UK,275,251.2,Orchy,,0,TRUE,0,1,0,0,0,0,,FALSE,3412500,3797500,24,ID_2290.mod,Provider upArea too small to be included in calibration,2290,FALSE,1062,FALSE,ORCHY
EFAS,12,2291,Glen Falloch,-4.717,56.34,0,,,Leven,UK,50,80.3,Leven,,0,TRUE,0,1,0,0,0,0,,FALSE,3417500,3787500,24,ID_2291.mod,Provider upArea too small to be included in calibration,2291,FALSE,1062,FALSE,FALLOCH
EFAS,12,2292,Blairstone,-4.068,55.797,0,HIST_24h,,Clyde,UK,1725,1704.2,Clyde,3,0,TRUE,0,1,0,0,0,0,,TRUE,3447500,3717500,24,ID_2292.mod,,2292,FALSE,1062,FALSE,CLYDE (SCOTLAND)
EFAS,12,2293,Maidencots,-3.696,55.515,0,,,Clyde,UK,100,110.3,Clyde,,0,TRUE,0,1,0,0,0,0,,FALSE,3457500,3682500,24,ID_2293.mod,Provider upArea too small to be included in calibration,2293,FALSE,1062,FALSE,DUNEATON
EFAS,12,2294,Dalinlongart,-4.978,55.996,0,,,Scotland,UK,25,30.8,Little Eachaig,,0,TRUE,0,1,0,0,0,0,,FALSE,3392500,3747500,24,ID_2294.mod,Provider upArea too small to be included in calibration,2294,FALSE,1062,FALSE,LITTLE EACHAIG
EFAS,12,2295,Linnbrane,-4.575,55.989,0,HIST_24h,,Leven,UK,800,784.3,Leven,3,0,TRUE,0,1,0,0,0,0,,TRUE,3417500,3747500,24,ID_2295.mod,lake moved station downstream,2295,FALSE,1062,FALSE,LEVEN (SCOTLAND)
EFAS,12,2296,Shewalton,-4.627,55.598,0,,,R. Irvine,UK,325,380.7,Irvine,,0,TRUE,0,1,0,0,0,0,,FALSE,3407500,3702500,24,ID_2296.mod,Provider upArea too small to be included in calibration,2296,FALSE,1062,FALSE,IRVINE
EFAS,12,2297,Robstone,-4.806,55.259,0,,,Scotland,UK,275,245.5,Girvan,,0,TRUE,0,1,0,0,0,0,,FALSE,3387500,3667500,24,ID_2297.mod,Provider upArea too small to be included in calibration,2297,FALSE,1062,FALSE,GIRVAN
EFAS,12,2298,Airyhemming,-4.839,54.901,0,,,Solway Tweed,UK,150,171,Luce,,0,TRUE,0,1,0,0,0,0,,FALSE,3377500,3632500,24,ID_2298.mod,Provider upArea too small to be included in calibration,2298,FALSE,1062,FALSE,LUCE
EFAS,12,2299,Newton Stewart,-4.48,54.957,0,,,Solway Tweed,UK,400,368,Cree,,0,TRUE,0,1,0,0,0,0,,FALSE,3402500,3632500,24,ID_2299.mod,Provider upArea too small to be included in calibration,2299,FALSE,1062,FALSE,CREE (SCOTLAND)
EFAS,12,2300,Dalbeatie,-3.839,54.93,0,,,Solway Tweed,UK,175,199,Urr,,0,TRUE,0,1,0,0,0,0,,FALSE,3437500,3622500,24,ID_2300.mod,Provider upArea too small to be included in calibration,2300,FALSE,1062,FALSE,URR
EFAS,12,2301,Drumlanrig,-3.798,55.275,0,,,Nith,UK,525,471,Nith,,0,TRUE,0,1,0,0,0,0,,FALSE,3447500,3657500,24,ID_2301.mod,Provider upArea too small to be included in calibration,2301,FALSE,1062,FALSE,NITH (SCOTLAND)
EFAS,12,2302,Redhall,-3.449,55.167,0,,,R. Annan,UK,75,76.1,Annan,,0,TRUE,0,1,0,0,0,0,,FALSE,3467500,3647500,24,ID_2302.mod,Provider upArea too small to be included in calibration,2302,FALSE,1062,FALSE,KINNEL WATER
EFAS,12,2303,BALLINLUIG,-3.65,56.63,0,HIST_24h,,Tay,UK,3100,6190.82,Tay,0,0,TRUE,0,1,0,0,0,0,,FALSE,3487500,3797500,,,almost no data,2303,FALSE,1062,FALSE,Tay
EFAS,12,2304,PITLOCHRY,-3.72,56.7,0,HIST_24h,,Tay,UK,2850,6190.82,Tay,3,0,TRUE,0,1,0,0,0,0,,TRUE,3487500,3802500,24,ID_2304.mod,,2304,FALSE,1062,FALSE,Tummel
EFAS,12,2305,Comrie Bridge,-3.978,56.614,0,,,Tay,UK,375,391.1,Tay,,0,TRUE,0,1,0,0,0,0,,FALSE,3462500,3807500,24,ID_2305.mod,Provider upArea too small to be included in calibration,2305,FALSE,1062,FALSE,LYON
EFAS,12,2306,Logie Mill,-2.492,56.767,0,HIST_24h,,Scotland,UK,725,732,Scotland,3,0,TRUE,0,1,0,0,0,0,,TRUE,3557500,3802500,24,ID_2306.mod,,2306,FALSE,1062,FALSE,NORTH ESK (SCOTLAND)
EFAS,12,2307,Kemback,-2.946,56.331,0,,,R. Eden,UK,300,307.4,Eden,,0,TRUE,0,1,0,0,0,0,,FALSE,3522500,3762500,24,ID_2307.mod,Provider upArea too small to be included in calibration,2307,FALSE,1062,FALSE,EDEN (SCOTLAND)
EFAS,12,2308,Forteviot Bridge,-3.547,56.347,0,HIST_24h,,Tay,UK,800,782.2,Tay,3,0,TRUE,0,1,0,0,0,0,,TRUE,3487500,3772500,24,ID_2308.mod,,2308,FALSE,1062,FALSE,EARN
EFAS,12,2309,Cultybraggan,-4.001,56.36,0,,,Tay,UK,150,99.5,Tay,,0,TRUE,0,1,0,0,0,0,,FALSE,3462500,3777500,24,ID_2309.mod,Provider upArea too small to be included in calibration,2309,FALSE,1062,FALSE,RUCHILL WATER
EFAS,12,2310,Bridge Of Teith,-4.055,56.185,0,HIST_24h,,Teith,UK,525,517.7,Teith,3,0,TRUE,0,1,0,0,0,0,,TRUE,3447500,3767500,24,ID_2310.mod,lake,2310,FALSE,1062,FALSE,TEITH
EFAS,12,2311,Kinbuck,-3.949,56.225,0,,,Teith,UK,150,161,Teith,,0,TRUE,0,1,0,0,0,0,,FALSE,3462500,3762500,24,ID_2311.mod,Provider upArea too small to be included in calibration,2311,FALSE,1062,FALSE,ALLAN WATER
EFAS,12,2312,Balnaan Bridge,-3.698,57.302,0,,,Spey,UK,275,272.2,Spey,,0,TRUE,0,1,0,0,0,0,,FALSE,3497500,3877500,24,ID_2312.mod,Provider upArea too small to be included in calibration,2312,FALSE,1062,FALSE,DULNAIN
EFAS,12,2313,Headswood,-3.874,56.017,0,,,Scotland,UK,125,122.3,Carron,,0,TRUE,0,1,0,0,0,0,,FALSE,3462500,3742500,24,ID_2313.mod,Provider upArea too small to be included in calibration,2313,FALSE,1062,FALSE,CARRON (S. SCOTLAND)
EFAS,12,2314,Condorrat,-4.019,55.929,0,,,Clyde,UK,25,33.9,Clyde,,0,TRUE,0,1,0,0,0,0,,FALSE,3452500,3732500,24,ID_2314.mod,Provider upArea too small to be included in calibration,2314,FALSE,1062,FALSE,LUGGIE WATER
EFAS,12,2315,Craigiehall,-3.338,55.963,0,,,Scotland,UK,350,369,Almond,,0,TRUE,0,1,0,0,0,0,,FALSE,3492500,3727500,24,ID_2315.mod,Provider upArea too small to be included in calibration,2315,FALSE,1062,FALSE,ALMOND
EFAS,12,2316,Lennoxlove,-2.783,55.936,0,,,R. Tyne,UK,100,64,Tyne,,0,TRUE,0,1,0,0,0,0,,FALSE,3527500,3717500,24,ID_2316.mod,Provider upArea too small to be included in calibration,2316,FALSE,1062,FALSE,GIFFORD WATER
EFAS,12,2317,BOLESIDE,-2.8,55.59,0,HIST_24h,,Tweed,UK,1525,1500,Tweed,3,0,TRUE,0,1,0,0,0,0,,TRUE,3517500,3677500,24,ID_2317.mod,,2317,FALSE,1062,FALSE,TWEED (SCOTLAND)
EFAS,12,2318,DRYBURGH,-2.65,55.58,0,,,Tweed,UK,2150,4936.53,Tweed,,0,TRUE,0,1,0,0,0,0,,FALSE,3527500,3677500,,,Discharge data older than calibration period,2318,FALSE,1062,FALSE,Tweed
EFAS,12,2319,Lyne Station,-3.257,55.648,0,,,Tweed,UK,125,175,Tweed,,0,TRUE,0,1,0,0,0,0,,FALSE,3487500,3697500,24,ID_2319.mod,Provider upArea too small to be included in calibration,2319,FALSE,1062,FALSE,LYNE WATER
EFAS,12,2320,Hutton Castle,-2.19,55.788,0,HIST_24h,,Tweed,UK,525,503,Tweed,3,0,TRUE,0,1,0,0,0,0,,TRUE,3557500,3697500,24,ID_2320.mod,,2320,FALSE,1062,FALSE,WHITEADDER WATER
EFAS,12,2321,Invergairn,-3.067,57.061,0,,,Dee,UK,100,150,Dee,,0,TRUE,0,1,0,0,0,0,,FALSE,3527500,3852500,24,ID_2321.mod,Provider upArea too small to be included in calibration,2321,FALSE,1062,FALSE,GAIRN
EFAS,12,2322,PARK,-2.33,57.08,0,HIST_24h,,Dee,UK,1800,1844,Dee,3,0,TRUE,0,1,0,0,0,0,,TRUE,3577500,3837500,24,ID_2322.mod,,2322,FALSE,1062,FALSE,DEE (SCOTLAND)
EFAS,12,2323,Inverugie,-1.831,57.527,0,,,Scotland,UK,375,325,Ugie,,0,TRUE,0,1,0,0,0,0,,FALSE,3617500,3882500,24,ID_2323.mod,Provider upArea too small to be included in calibration,2323,FALSE,1062,FALSE,UGIE
EFAS,12,2324,Mill Of Tore,-4.575,57.334,0,,,Ness,UK,125,105.9,Ness,,0,TRUE,0,1,0,0,0,0,,FALSE,3447500,3892500,24,ID_2324.mod,Provider upArea too small to be included in calibration,2324,FALSE,1062,FALSE,ENRICK
EFAS,12,2325,Glenmeannie,-4.863,57.533,0,,,Orrin & Black Water,UK,150,120.5,Orrin & Black Water,,0,TRUE,0,1,0,0,0,0,,FALSE,3437500,3917500,24,ID_2325.mod,Provider upArea too small to be included in calibration,2325,FALSE,1062,FALSE,MEIG
EFAS,12,2326,ORMISTONE MILL,-2.47,55.54,0,HIST_24h,,Tweed,UK,1150,4936.53,Tweed,3,0,TRUE,0,1,0,0,0,0,,TRUE,3537500,3672500,24,ID_2326.mod,moved on affluent,2326,FALSE,1062,FALSE,Teviot
EFAS,12,2327,Jedburgh,-2.546,55.485,0,,,Tweed,UK,125,139,Tweed,,0,TRUE,0,1,0,0,0,0,,FALSE,3532500,3662500,24,ID_2327.mod,Provider upArea too small to be included in calibration,2327,FALSE,1062,FALSE,JED WATER
EFAS,12,2328,Hawick,-2.756,55.435,0,,,Tweed,UK,375,323,Tweed,,0,TRUE,0,1,0,0,0,0,,FALSE,3517500,3662500,24,ID_2328.mod,Provider upArea too small to be included in calibration,2328,FALSE,1062,FALSE,TEVIOT
EFAS,12,2329,Easter Turnaig,-4.7,57.962,0,,,Thurso,UK,325,330.7,Thurso,,0,TRUE,0,1,0,0,0,0,,FALSE,3457500,3962500,24,ID_2329.mod,Provider upArea too small to be included in calibration,2329,FALSE,1062,FALSE,OYKEL
EFAS,12,2330,Halladale,-3.902,58.479,0,,,Scotland,UK,225,204.6,Halladale,,0,TRUE,0,1,0,0,0,0,,FALSE,3512500,4007500,24,ID_2330.mod,Provider upArea too small to be included in calibration,2330,FALSE,1062,FALSE,HALLADALE
EFAS,12,2331,Little Assynt,-5.151,58.175,0,,,Scotland,UK,150,137.5,Inver,,0,TRUE,0,1,0,0,0,0,,FALSE,3437500,3992500,24,ID_2331.mod,Provider upArea too small to be included in calibration,2331,FALSE,1062,FALSE,INVER
EFAS,12,2332,Wilmslow,-2.225,53.33,0,,,Mersey,UK,75,72.5,Mersey,,0,TRUE,0,1,0,0,0,0,,FALSE,3512500,3422500,24,ID_2332.mod,Provider upArea too small to be included in calibration,2332,FALSE,1062,FALSE,BOLLIN
EFAS,12,2333,Ashbrook,-2.494,53.166,0,HIST_24h,,Weaver,UK,625,622,Weaver,3,0,TRUE,0,1,0,0,0,0,,TRUE,3487500,3412500,24,ID_2333.mod,,2333,FALSE,1062,FALSE,WEAVER
EFAS,12,2334,Marshfield Bridge,-2.487,53.093,0,,,Weaver,UK,125,92.7,Weaver,,0,TRUE,0,1,0,0,0,0,,FALSE,3482500,3397500,24,ID_2334.mod,Provider upArea too small to be included in calibration,2334,FALSE,1062,FALSE,WISTASTON BROOK
EFAS,12,2335,Featherstone,-2.512,54.943,0,,,Tyne,UK,350,321.9,Tyne,,0,TRUE,0,1,0,0,0,0,,FALSE,3522500,3607500,24,ID_2335.mod,Provider upArea too small to be included in calibration,2335,FALSE,1062,FALSE,SOUTH TYNE
EFAS,12,2336,Hartford Bridge,-1.619,55.114,0,,,Lower Tyne,UK,300,269.4,Lower Tyne,,0,TRUE,0,1,0,0,0,0,,FALSE,3582500,3617500,24,ID_2336.mod,Provider upArea too small to be included in calibration,2336,FALSE,1062,FALSE,BLYTH
EFAS,12,2337,Morwick,-1.631,55.333,0,HIST_24h,,Northumbria,UK,600,569.8,Northumbria,3,0,TRUE,0,1,0,0,0,0,,TRUE,3582500,3637500,24,ID_2337.mod,,2337,FALSE,1062,FALSE,COQUET
EFAS,12,2338,Rowanburnfoot,-2.916,55.074,0,,,Esk,UK,375,319,Esk,,0,TRUE,0,1,0,0,0,0,,FALSE,3502500,3627500,24,ID_2338.mod,Provider upArea too small to be included in calibration,2338,FALSE,1062,FALSE,LIDDEL WATER
EFAS,12,2339,Coalburn,-2.481,55.093,0,,,Tyne,UK,75,1.5,Tyne,,0,TRUE,0,1,0,0,0,0,,FALSE,3527500,3622500,24,ID_2339.mod,Provider upArea too small to be included in calibration,2339,FALSE,1062,FALSE,COAL BURN
EFAS,12,2340,Bullgill,-3.404,54.732,0,,,R. Derwent,UK,175,96,Ellen,,0,TRUE,0,1,0,0,0,0,,FALSE,3462500,3592500,24,ID_2340.mod,Provider upArea too small to be included in calibration,2340,FALSE,1062,FALSE,ELLEN
EFAS,12,2341,Camerton,-3.491,54.66,0,HIST_24h,,R. Derwent,UK,675,663,Derwent,3,0,TRUE,0,1,0,0,0,0,,TRUE,3457500,3587500,24,ID_2341.mod,,2341,FALSE,1062,FALSE,DERWENT (TRIB. IRISH SEA)
EFAS,12,2342,Southwaite Bridge,-3.347,54.64,0,,,R. Derwent,UK,175,116.6,Derwent,,0,TRUE,0,1,0,0,0,0,,FALSE,3462500,3582500,24,ID_2342.mod,Provider upArea too small to be included in calibration,2342,FALSE,1062,FALSE,COCKER
EFAS,12,2343,Newby Bridge Fms,-2.972,54.268,0,,,North West,UK,250,247,Leven,,0,TRUE,0,1,0,0,0,0,,FALSE,3482500,3537500,24,ID_2343.mod,Provider upArea too small to be included in calibration,2343,FALSE,1062,FALSE,LEVEN (TRIB. IRISH SEA)
EFAS,12,2344,Foston Mill,-0.333,53.977,0,,,R. Hull,UK,125,57.2,Hull,,0,TRUE,0,1,0,0,0,0,,FALSE,3647500,3477500,24,ID_2344.mod,Provider upArea too small to be included in calibration,2344,FALSE,1062,FALSE,FOSTON BECK
EFAS,12,2345,Boynton,-0.261,54.092,0,,,Humber,UK,225,240,Humber,,0,TRUE,0,1,0,0,0,0,,FALSE,3652500,3492500,24,ID_2345.mod,Provider upArea too small to be included in calibration,2345,FALSE,1062,FALSE,GYPSEY RACE
EFAS,12,2346,Buttercrambe,-0.884,54.019,0,HIST_24h,,Ouse,UK,1625,1586,Ouse,3,0,TRUE,0,1,0,0,0,0,,TRUE,3612500,3492500,24,ID_2346.mod,,2346,FALSE,1062,FALSE,DERWENT (TRIB. NORTH SEA)
EFAS,12,2347,Kirkby Mills,-0.918,54.26,0,,,Ouse,UK,100,59.2,Ouse,,0,TRUE,0,1,0,0,0,0,,FALSE,3612500,3517500,24,ID_2347.mod,Provider upArea too small to be included in calibration,2347,FALSE,1062,FALSE,DOVE (TRIB. NORTH SEA)
EFAS,12,2348,Kildwick Bridge,-1.98,53.907,0,,,Ouse,UK,325,282.3,Ouse,,0,TRUE,0,1,0,0,0,0,,FALSE,3537500,3487500,24,ID_2348.mod,Provider upArea too small to be included in calibration,2348,FALSE,1062,FALSE,AIRE
EFAS,12,2349,Galgate,-2.792,53.992,0,,,Lune,UK,50,28.5,Lune,,0,TRUE,0,1,0,0,0,0,,FALSE,3487500,3507500,24,ID_2349.mod,Provider upArea too small to be included in calibration,2349,FALSE,1062,FALSE,CONDER
EFAS,12,2350,U/S A6,-2.742,53.858,0,,,North West,UK,50,32,Brock,,0,TRUE,0,1,0,0,0,0,,FALSE,3487500,3487500,24,ID_2350.mod,Provider upArea too small to be included in calibration,2350,FALSE,1062,FALSE,BROCK
EFAS,12,2351,Sedgwick,-2.754,54.28,0,,,North West,UK,250,209,Kent,,0,TRUE,0,1,0,0,0,0,,FALSE,3497500,3537500,24,ID_2351.mod,Provider upArea too small to be included in calibration,2351,FALSE,1062,FALSE,KENT
EFAS,12,2352,SOUTH PARK,-1.56,54.51,0,HIST_24h,,R. Tees,UK,1350,1327.81,Tees,0,0,TRUE,0,1,0,0,0,0,,FALSE,3582500,3542500,24,ID_2352.mod,wrong location it is a small affluent,2352,FALSE,1062,FALSE,River Skerne
EFAS,12,2353,RUTHERFORD BRIDGE,-1.95,54.5,0,,,R. Tees,UK,100,86.1,Tees,,0,TRUE,0,1,0,0,0,0,,FALSE,3552500,3552500,24,ID_2353.mod,Provider upArea too small to be included in calibration,2353,FALSE,1062,FALSE,GRETA
EFAS,12,2354,ADDINGHAM,-1.86,53.94,0,HIST_24h,,Ouse,UK,600,11021.81,Ouse,2,0,TRUE,0,1,0,0,0,0,,FALSE,3547500,3477500,24,ID_2354.mod,Drainage area from provider is wrong  close to 2356,2354,FALSE,1062,FALSE,Wharfe
EFAS,12,2355,Low Houses,-2.257,54.29,0,,,Ouse,UK,25,10.2,Ouse,,0,TRUE,0,1,0,0,0,0,,FALSE,3527500,3532500,24,ID_2355.mod,Provider upArea too small to be included in calibration,2355,FALSE,1062,FALSE,SNAIZEHOLME BECK
EFAS,12,2356,FLINT MILL WEIR,-1.36,53.92,0,HIST_24h,,Ouse,UK,850,758.9,Ouse,3,0,TRUE,0,1,0,0,0,0,,TRUE,3572500,3482500,24,ID_2356.mod,,2356,FALSE,1062,FALSE,WHARFE
EFAS,12,2357,TADCASTER,-1.27,53.88,0,HIST_24h,,Ouse,UK,1100,11021.81,Ouse,2,0,TRUE,0,1,0,0,0,0,,FALSE,3587500,3472500,24,ID_2357.mod,It is on the affluent - Wrong location or wrong area from provider  close to 2356,2357,FALSE,1062,FALSE,Wharfe
EFAS,12,2358,WESTWICK LODGE,-1.46,54.1,0,HIST_24h,,Ouse,UK,875,914.6,Ouse,3,0,TRUE,0,1,0,0,0,0,,TRUE,3572500,3502500,24,ID_2358.mod,Moved West to avoid conflict in inflow point,2358,FALSE,1062,FALSE,URE
EFAS,12,2359,CRAKEHILL,-1.35,54.15,0,HIST_24h,,Ouse,UK,1425,1363,Ouse,3,0,TRUE,0,1,0,0,0,0,,TRUE,3582500,3507500,24,ID_2359.mod,,2359,FALSE,1062,FALSE,SWALE
EFAS,12,2360,Hunsingor Weir,-1.347,53.971,0,,,Ouse,UK,450,484.3,Ouse,,0,TRUE,0,1,0,0,0,0,,FALSE,3577500,3487500,24,ID_2360.mod,Provider upArea too small to be included in calibration,2360,FALSE,1062,FALSE,NIDD
EFAS,12,2361,Preston Le Skerne,-1.548,54.608,0,,,R. Tees,UK,225,147,Tees,,0,TRUE,0,1,0,0,0,0,,FALSE,3577500,3557500,24,ID_2361.mod,Provider upArea too small to be included in calibration,2361,FALSE,1062,FALSE,SKERNE
EFAS,12,2362,Broken Scar,-1.6,54.518,0,HIST_24h,,R. Tees,UK,850,818.4,Tees,3,0,TRUE,0,1,0,0,0,0,,TRUE,3567500,3552500,24,ID_2362.mod,,2362,FALSE,1062,FALSE,TEES
EFAS,12,2363,Mattersey,-0.962,53.398,0,HIST_24h,,Trent,UK,500,529,Trent,3,0,TRUE,0,1,0,0,0,0,,TRUE,3597500,3417500,24,ID_2363.mod,,2363,FALSE,1062,FALSE,IDLE
EFAS,12,2364,St. Marys Bridge,-1.472,52.927,0,HIST_24h,,Trent,UK,1100,1054,Trent,3,0,TRUE,0,1,0,0,0,0,,TRUE,3552500,3377500,24,ID_2364.mod,,2364,FALSE,1062,FALSE,DERWENT (TRIB. TRENT)
EFAS,12,2365,Marston On Dove,-1.651,52.856,0,HIST_24h,,Trent,UK,875,883.2,Trent,3,0,TRUE,0,1,0,0,0,0,,TRUE,3537500,3367500,24,ID_2365.mod,,2365,FALSE,1062,FALSE,DOVE (TRIB. TRENT)
EFAS,12,2366,Izaak Walton,-1.782,53.055,0,,,Trent,UK,275,83,Trent,,0,TRUE,0,1,0,0,0,0,,FALSE,3532500,3392500,24,ID_2366.mod,Provider upArea too small to be included in calibration,2366,FALSE,1062,FALSE,DOVE (TRIB. TRENT)
EFAS,12,2367,Polesworth,-1.611,52.627,0,,,Trent,UK,450,368,Trent,,0,TRUE,0,1,0,0,0,0,,FALSE,3537500,3342500,24,ID_2367.mod,Provider upArea too small to be included in calibration,2367,FALSE,1062,FALSE,ANKER
EFAS,12,2368,Calthorpe Park,-1.895,52.46,0,,,Trent,UK,100,74,Trent,,0,TRUE,0,1,0,0,0,0,,FALSE,3517500,3327500,24,ID_2368.mod,Provider upArea too small to be included in calibration,2368,FALSE,1062,FALSE,REA
EFAS,12,2369,Great Bridgford,-2.174,52.84,0,,,Trent,UK,175,163,Trent,,0,TRUE,0,1,0,0,0,0,,FALSE,3507500,3372500,24,ID_2369.mod,Provider upArea too small to be included in calibration,2369,FALSE,1062,FALSE,SOW
EFAS,12,2370,BURN HILL,-1.6,54.74,0,,,Wear,UK,200,178.5,Wear,,0,TRUE,0,1,0,0,0,0,,FALSE,3577500,3577500,24,ID_2370.mod,Provider upArea too small to be included in calibration,2370,FALSE,1062,FALSE,BROWNEY
EFAS,12,2371,BEDBURN,-1.82,54.68,0,,,Wear,UK,100,74.9,Wear,,0,TRUE,0,1,0,0,0,0,,FALSE,3557500,3572500,24,ID_2371.mod,Provider upArea too small to be included in calibration,2371,FALSE,1062,FALSE,BEDBURN BECK
EFAS,12,2372,Woodhouse Mill,-1.351,53.366,0,,,Ouse,UK,375,352.2,Ouse,,0,TRUE,0,1,0,0,0,0,,FALSE,3567500,3422500,24,ID_2372.mod,Provider upArea too small to be included in calibration,2372,FALSE,1062,FALSE,ROTHER (N. ENGLAND)
EFAS,12,2373,Sunderland Bridge,-1.59,54.733,0,HIST_24h,,Wear,UK,625,657.8,Wear,3,0,TRUE,0,1,0,0,0,0,,TRUE,3572500,3572500,24,ID_2373.mod,,2373,FALSE,1062,FALSE,WEAR
EFAS,12,2374,LOUTH,0.01,53.37,0,HIST_24h,,Humber,UK,125,489300,Humber,0,0,TRUE,0,1,0,0,0,0,,FALSE,3662500,3412500,24,ID_2374.mod,Drainage area from provider is wrong  small LDD uparea,2374,FALSE,1062,FALSE,DARLING RIVER
EFAS,12,2375,WHITE BRIDGE,-0.53,52.58,0,HIST_24h,,Nene,UK,125,3004.92,Nene,1,0,TRUE,0,1,0,0,0,0,,FALSE,3612500,3322500,24,ID_2375.mod,Wrong upstream area from provider  Data are for a small river,2375,FALSE,1062,FALSE,Welland
EFAS,12,2376,ABBEY HEATH,0.72,52.43,0,HIST_24h,,Great Ouse,UK,725,688.5,Great_Ouse,3,0,TRUE,0,1,0,0,0,0,,TRUE,3692500,3297500,24,ID_2376.mod,,2376,FALSE,1062,FALSE,LITTLE OUSE
EFAS,12,2377,HARROWDEN OLD MILL,-0.68,52.33,0,,,Nene,UK,225,194,Nene,,0,TRUE,0,1,0,0,0,0,,FALSE,3597500,3302500,24,ID_2377.mod,Provider upArea too small to be included in calibration,2377,FALSE,1062,FALSE,ISE BROOK
EFAS,12,2378,BEDFORD,-0.46,52.13,0,HIST_24h,,Great Ouse,UK,1475,1460,Great_Ouse,3,0,TRUE,0,1,0,0,0,0,,TRUE,3602500,3277500,24,ID_2378.mod,,2378,FALSE,1062,FALSE,BEDFORD OUSE
EFAS,12,2379,ROXTON,-0.3,52.17,0,HIST_24h,,Great Ouse,UK,1650,1660,Great_Ouse,2,0,TRUE,0,1,0,0,0,0,,FALSE,3612500,3277500,24,ID_2379.mod,close to 2378,2379,FALSE,1062,FALSE,BEDFORD OUSE
EFAS,12,2380,Old Mill Bridge,-0.555,52.408,0,,,Nene,UK,25,74.3,Nene,,0,TRUE,0,1,0,0,0,0,,FALSE,3602500,3307500,24,ID_2380.mod,Provider upArea too small to be included in calibration,2380,FALSE,1062,FALSE,HARPERS BROOK
EFAS,12,2381,Fosters Bridge,-0.58,52.616,0,,,Welland,UK,75,68.9,Welland,,0,TRUE,0,1,0,0,0,0,,FALSE,3607500,3332500,24,ID_2381.mod,Provider upArea too small to be included in calibration,2381,FALSE,1062,FALSE,CHATER
EFAS,12,2382,Kates Bridge And King Street Bridge,-0.362,52.72,0,,,Welland,UK,175,341.9,Welland,,0,TRUE,0,1,0,0,0,0,,FALSE,3622500,3342500,24,ID_2382.mod,Provider upArea too small to be included in calibration,2382,FALSE,1062,FALSE,GLEN
EFAS,12,2383,Partney Mill,0.098,53.187,0,,,Witham,UK,100,61.6,Witham,,0,TRUE,0,1,0,0,0,0,,FALSE,3662500,3387500,24,ID_2383.mod,Provider upArea too small to be included in calibration,2383,FALSE,1062,FALSE,LYMN
EFAS,12,2384,Goulceby Bridge,-0.13,53.298,0,,,Witham,UK,125,62.5,Witham,,0,TRUE,0,1,0,0,0,0,,FALSE,3647500,3402500,24,ID_2384.mod,Provider upArea too small to be included in calibration,2384,FALSE,1062,FALSE,BAIN
EFAS,12,2385,Claypole Mill,-0.745,53.022,0,,,Witham,UK,350,297.9,Witham,,0,TRUE,0,1,0,0,0,0,,FALSE,3602500,3377500,24,ID_2385.mod,Provider upArea too small to be included in calibration,2385,FALSE,1062,FALSE,WITHAM
EFAS,12,2386,Dernford,0.142,52.134,0,,,Great Ouse,UK,200,198,Great Ouse,,0,TRUE,0,1,0,0,0,0,,FALSE,3647500,3267500,24,ID_2386.mod,Provider upArea too small to be included in calibration,2386,FALSE,1062,FALSE,CAM
EFAS,12,2387,Meagre Farm,-0.308,52.254,0,,,Great Ouse,UK,200,137.5,Great Ouse,,0,TRUE,0,1,0,0,0,0,,FALSE,3617500,3287500,24,ID_2387.mod,Provider upArea too small to be included in calibration,2387,FALSE,1062,FALSE,KYM
EFAS,12,2388,Blunham,-0.315,52.144,0,HIST_24h,,Great Ouse,UK,500,541.3,Great_Ouse,3,0,TRUE,0,1,0,0,0,0,,TRUE,3617500,3272500,24,ID_2388.mod,,2388,FALSE,1062,FALSE,IVEL
EFAS,12,2389,SPRINGFIELD,0.48,51.74,0,,,Chelmer,UK,200,190.3,Chelmer,,0,TRUE,0,1,0,0,0,0,,FALSE,3667500,3227500,24,ID_2389.mod,Provider upArea too small to be included in calibration,2389,FALSE,1062,FALSE,CHELMER
EFAS,12,2390,RUSHES LOCK,0.6,51.75,0,HIST_24h,,Coastal zone,UK,1025,848692.88,Coastal_zone,0,0,TRUE,0,1,0,0,0,0,,FALSE,3677500,3222500,24,ID_2390.mod,Drainage area from provider is wrong  small affluent,2390,FALSE,1062,FALSE,Chelmer
EFAS,12,2391,LANGHAM,0.94,51.97,0,HIST_24h,,R. Stour,UK,625,578,Stour,3,0,TRUE,0,1,0,0,0,0,,TRUE,3697500,3247500,24,ID_2391.mod,,2391,FALSE,1062,FALSE,STOUR (E. ENGLAND)
EFAS,12,2392,Stowmarket,1.01,52.18,0,,,Anglian,UK,150,128.9,Anglian,,0,TRUE,0,1,0,0,0,0,,FALSE,3707500,3267500,24,ID_2392.mod,Provider upArea too small to be included in calibration,2392,FALSE,1062,FALSE,GIPPING
EFAS,12,2393,Ingworth,1.253,52.819,0,,,Yare,UK,175,164.7,Yare,,0,TRUE,0,1,0,0,0,0,,FALSE,3732500,3337500,24,ID_2393.mod,Provider upArea too small to be included in calibration,2393,FALSE,1062,FALSE,BURE
EFAS,12,2394,Castle Rising,0.492,52.798,0,,,Anglian,UK,100,47.7,Anglian,,0,TRUE,0,1,0,0,0,0,,FALSE,3682500,3342500,24,ID_2394.mod,Provider upArea too small to be included in calibration,2394,FALSE,1062,FALSE,BABINGLEY
EFAS,12,2395,NEEDHAM MILL,1.28,52.38,0,,,R. Waveney (upper),UK,375,370,Waveney,,0,TRUE,0,1,0,0,0,0,,FALSE,3727500,3287500,24,ID_2395.mod,Provider upArea too small to be included in calibration,2395,FALSE,1062,FALSE,WAVENEY
EFAS,12,2396,LEXDEN,0.85,51.9,0,,,Anglian,UK,275,238.2,Anglian,,0,TRUE,0,1,0,0,0,0,,FALSE,3692500,3237500,24,ID_2396.mod,Provider upArea too small to be included in calibration,2396,FALSE,1062,FALSE,COLNE
EFAS,12,2397,Budbridge,-1.249,50.648,0,,,South East,UK,75,22.5,Yar,,0,TRUE,0,1,0,0,0,0,,FALSE,3527500,3117500,24,ID_2397.mod,Provider upArea too small to be included in calibration,2397,FALSE,1062,FALSE,EASTERN YAR
EFAS,12,2398,AUSTINS BRIDGE,-3.76,50.48,0,,,R. Dart,UK,275,247.6,Dart,,0,TRUE,0,1,0,0,0,0,,FALSE,3352500,3132500,24,ID_2398.mod,Provider upArea too small to be included in calibration,2398,FALSE,1062,FALSE,DART
EFAS,12,2399,Bellever,-3.897,50.581,0,,,R. Dart,UK,25,21.5,Dart,,0,TRUE,0,1,0,0,0,0,,FALSE,3342500,3147500,24,ID_2399.mod,Provider upArea too small to be included in calibration,2399,FALSE,1062,FALSE,EAST DART
EFAS,12,2400,Tregony,-4.917,50.265,0,,,UK South West,UK,150,87,Fal,,0,TRUE,0,1,0,0,0,0,,FALSE,3267500,3127500,24,ID_2400.mod,Provider upArea too small to be included in calibration,2400,FALSE,1062,FALSE,FAL
EFAS,12,2401,Denby,-4.795,50.479,0,,,UK South West,UK,200,208.8,Camel,,0,TRUE,0,1,0,0,0,0,,FALSE,3282500,3147500,24,ID_2401.mod,Provider upArea too small to be included in calibration,2401,FALSE,1062,FALSE,CAMEL
EFAS,12,2402,Restormel,-4.678,50.43,0,,,UK South West,UK,175,169.1,Fowey,,0,TRUE,0,1,0,0,0,0,,FALSE,3287500,3132500,24,ID_2402.mod,Provider upArea too small to be included in calibration,2402,FALSE,1062,FALSE,FOWEY
EFAS,12,2403,Gunnislake,-4.221,50.53,0,HIST_24h,,R. Tamar,UK,925,916.9,Tamar,3,0,TRUE,0,1,0,0,0,0,,TRUE,3317500,3147500,24,ID_2403.mod,,2403,FALSE,1062,FALSE,TAMAR
EFAS,12,2404,Tinhay,-4.266,50.647,0,,,R. Tamar,UK,100,112.7,Tamar,,0,TRUE,0,1,0,0,0,0,,FALSE,3322500,3152500,24,ID_2404.mod,Provider upArea too small to be included in calibration,2404,FALSE,1062,FALSE,THRUSHEL
EFAS,12,2405,Torrington,-4.135,50.946,0,HIST_24h,,R. Torridge,UK,675,663,Torridge,3,0,TRUE,0,1,0,0,0,0,,TRUE,3332500,3192500,24,ID_2405.mod,,2405,FALSE,1062,FALSE,TORRIDGE
EFAS,12,2406,UMBERLEIGH,-3.98,51,0,HIST_24h,,Taw,UK,825,826.2,Taw,3,0,TRUE,0,1,0,0,0,0,,TRUE,3347500,3187500,24,ID_2406.mod,,2406,FALSE,1062,FALSE,TAW
EFAS,12,2407,Wood Mill,-3.391,50.843,0,,,Exe,UK,175,226.1,Exe,,0,TRUE,0,1,0,0,0,0,,FALSE,3387500,3172500,24,ID_2407.mod,Provider upArea too small to be included in calibration,2407,FALSE,1062,FALSE,CULM
EFAS,12,2408,Whitford,-3.046,50.752,0,,,UK South West,UK,300,288.5,Axe,,0,TRUE,0,1,0,0,0,0,,FALSE,3407500,3152500,24,ID_2408.mod,Provider upArea too small to be included in calibration,2408,FALSE,1062,FALSE,AXE
EFAS,12,2409,Dotton,-3.293,50.688,0,,,UK South West,UK,225,202.5,Otter,,0,TRUE,0,1,0,0,0,0,,FALSE,3387500,3152500,24,ID_2409.mod,Provider upArea too small to be included in calibration,2409,FALSE,1062,FALSE,OTTER
EFAS,12,2410,Bishops Hull,-3.132,51.018,0,,,Parrett,UK,350,202,Parrett,,0,TRUE,0,1,0,0,0,0,,FALSE,3407500,3182500,24,ID_2410.mod,Provider upArea too small to be included in calibration,2410,FALSE,1062,FALSE,TONE (S. ENGLAND)
EFAS,12,2411,Currypool Farm,-3.114,51.137,0,,,Parrett,UK,50,15.7,Parrett,,0,TRUE,0,1,0,0,0,0,,FALSE,3407500,3197500,24,ID_2411.mod,Provider upArea too small to be included in calibration,2411,FALSE,1062,FALSE,CURRYPOOL STREAM
EFAS,12,2412,Lovington,-2.585,51.084,0,,,Parrett,UK,200,135.2,Parrett,,0,TRUE,0,1,0,0,0,0,,FALSE,3442500,3182500,24,ID_2412.mod,Provider upArea too small to be included in calibration,2412,FALSE,1062,FALSE,BRUE
EFAS,12,2413,Broadwey,-2.473,50.653,0,,,UK South West,UK,25,7,Wey,,0,TRUE,0,1,0,0,0,0,,FALSE,3442500,3137500,24,ID_2413.mod,Provider upArea too small to be included in calibration,2413,FALSE,1062,FALSE,WEY
EFAS,12,2414,Baggs Mill,-2.123,50.687,0,,,UK South West,UK,150,183.1,Piddle,,0,TRUE,0,1,0,0,0,0,,FALSE,3467500,3137500,24,ID_2414.mod,Provider upArea too small to be included in calibration,2414,FALSE,1062,FALSE,PIDDLE
EFAS,12,2415,Shalford,-0.568,51.22,0,,,"Thames, above Lea",UK,50,59,Thames,,0,TRUE,0,1,0,0,0,0,,FALSE,3592500,3177500,24,ID_2415.mod,Provider upArea too small to be included in calibration,2415,FALSE,1062,FALSE,TILLINGBOURNE
EFAS,12,2416,Hedsor,-0.707,51.572,0,,,"Thames, above Lea",UK,125,137.3,Thames,,0,TRUE,0,1,0,0,0,0,,FALSE,3582500,3222500,24,ID_2416.mod,Provider upArea too small to be included in calibration,2416,FALSE,1062,FALSE,WYE (S. ENGLAND)
EFAS,12,2417,Hansteads,-0.334,51.701,0,,,"Thames, above Lea",UK,125,132,Thames,,0,TRUE,0,1,0,0,0,0,,FALSE,3607500,3232500,24,ID_2417.mod,Provider upArea too small to be included in calibration,2417,FALSE,1062,FALSE,VER
EFAS,12,2418,Swallowfield,-0.95,51.377,0,,,"Thames, above Lea",UK,500,354.8,Thames,,0,TRUE,0,1,0,0,0,0,,FALSE,3562500,3197500,24,ID_2418.mod,Provider upArea too small to be included in calibration,2418,FALSE,1062,FALSE,BLACKWATER (S. ENGLAND)
EFAS,12,2419,Ewelme,-1.073,51.619,0,,,"Thames, above Lea",UK,50,13.4,Thames,,0,TRUE,0,1,0,0,0,0,,FALSE,3557500,3227500,24,ID_2419.mod,Provider upArea too small to be included in calibration,2419,FALSE,1062,FALSE,EWELME BROOK
EFAS,12,2420,Enslow Mill,-1.3,51.861,0,HIST_24h,,"Thames, above Lea",UK,650,551.7,Thames,3,0,TRUE,0,1,0,0,0,0,,TRUE,3547500,3257500,24,ID_2420.mod,,2420,FALSE,1062,FALSE,CHERWELL
EFAS,12,2421,Theale,-1.066,51.432,0,HIST_24h,,"Thames, above Lea",UK,1125,1033.4,Thames,3,0,TRUE,0,1,0,0,0,0,,TRUE,3552500,3202500,24,ID_2421.mod,,2421,FALSE,1062,FALSE,KENNET
EFAS,12,2422,Shaw,-1.324,51.41,0,,,"Thames, above Lea",UK,275,234.1,Thames,,0,TRUE,0,1,0,0,0,0,,FALSE,3537500,3207500,24,ID_2422.mod,Provider upArea too small to be included in calibration,2422,FALSE,1062,FALSE,LAMBOURN
EFAS,12,2423,Bibury,-1.823,51.754,0,,,"Thames, above Lea",UK,125,106.7,Thames,,0,TRUE,0,1,0,0,0,0,,FALSE,3507500,3247500,24,ID_2423.mod,Provider upArea too small to be included in calibration,2423,FALSE,1062,FALSE,COLN
EFAS,12,2424,Princes Marsh,-0.899,51.037,0,,,Arun,UK,50,37.2,Arun,,0,TRUE,0,1,0,0,0,0,,FALSE,3562500,3162500,24,ID_2424.mod,Provider upArea too small to be included in calibration,2424,FALSE,1062,FALSE,ROTHER (S. ENGLAND)
EFAS,12,2425,Broadlands,-1.496,50.968,0,HIST_24h,,Test,UK,1050,1040,Test,3,0,TRUE,0,1,0,0,0,0,,TRUE,3517500,3162500,24,ID_2425.mod,,2425,FALSE,1062,FALSE,TEST
EFAS,12,2426,North Fareham,-1.166,50.863,0,,,South East,UK,125,111,Wallington,,0,TRUE,0,1,0,0,0,0,,FALSE,3537500,3142500,24,ID_2426.mod,Provider upArea too small to be included in calibration,2426,FALSE,1062,FALSE,WALLINGTON
EFAS,12,2427,Mislingford,-1.162,50.923,0,,,South East,UK,125,72.8,Meon,,0,TRUE,0,1,0,0,0,0,,FALSE,3537500,3147500,24,ID_2427.mod,Provider upArea too small to be included in calibration,2427,FALSE,1062,FALSE,MEON
EFAS,12,2428,HIGHBRIDGE-ALLBROOK,-1.33,50.99,0,HIST_24h,,Coastal zone,UK,500,848692.88,Coastal_zone,3,0,TRUE,0,1,0,0,0,0,,TRUE,3522500,3152500,24,ID_2428.mod,Drainage area from provider is wrong,2428,FALSE,1062,FALSE,Itchen
EFAS,12,2429,Isfield,0.077,50.951,0,,,R. Ouse,UK,75,87.8,Ouse,,0,TRUE,0,1,0,0,0,0,,FALSE,3627500,3142500,24,ID_2429.mod,Provider upArea too small to be included in calibration,2429,FALSE,1062,FALSE,UCK
EFAS,12,2430,Tilley Bridge,0.363,50.891,0,,,South East,UK,50,16.9,Nunningham,,0,TRUE,0,1,0,0,0,0,,FALSE,3647500,3132500,24,ID_2430.mod,Provider upArea too small to be included in calibration,2430,FALSE,1062,FALSE,NUNNINGHAM STREAM
EFAS,12,2431,EYNSHAM,-1.36,51.77,0,HIST_24h,,"Thames, above Lea",UK,1575,10515.18,Thames,3,0,TRUE,0,1,0,0,0,0,,TRUE,3542500,3242500,24,ID_2431.mod,Moved on affluent,2431,FALSE,1062,FALSE,Thames
EFAS,12,2432,KINGSTON,-0.8,51.44,0,HIST_24h,,"Thames, above Lea",UK,6475,9948,Thames,3,0,TRUE,0,1,0,0,0,0,,TRUE,3567500,3207500,24,ID_2432.mod,,2432,FALSE,1062,FALSE,THAMES
EFAS,12,2433,DAYS WEIR,-1.18,51.64,0,HIST_24h,,"Thames, above Lea",UK,3425,3444.7,Thames,3,0,TRUE,0,1,0,0,0,0,,TRUE,3547500,3227500,24,ID_2433.mod,,2433,FALSE,1062,FALSE,THAMES
EFAS,12,2434,Wilton,-1.86,51.076,0,,,Avon,UK,225,220.6,Avon,,0,TRUE,0,1,0,0,0,0,,FALSE,3492500,3172500,24,ID_2434.mod,Provider upArea too small to be included in calibration,2434,FALSE,1062,FALSE,NADDER
EFAS,12,2435,AMESBURY,-1.78,51.17,0,,,Avon,UK,300,323.7,Avon,,0,TRUE,0,1,0,0,0,0,,FALSE,3502500,3182500,24,ID_2435.mod,Provider upArea too small to be included in calibration,2435,FALSE,1062,FALSE,AVON (S. ENGLAND)
EFAS,12,2436,Upavon,-1.809,51.302,0,,,Avon,UK,75,85.7,Avon,,0,TRUE,0,1,0,0,0,0,,FALSE,3497500,3202500,24,ID_2436.mod,Provider upArea too small to be included in calibration,2436,FALSE,1062,FALSE,EAST AVON
EFAS,12,2437,PANSHANGER PARK,-0.14,51.8,0,,,River Lea,UK,150,133.9,Lea,,0,TRUE,0,1,0,0,0,0,,FALSE,3622500,3237500,24,ID_2437.mod,Provider upArea too small to be included in calibration,2437,FALSE,1062,FALSE,MIMRAM
EFAS,12,2438,Frenchay,-2.523,51.492,0,,,Avon,UK,200,148.9,Avon,,0,TRUE,0,1,0,0,0,0,,FALSE,3457500,3227500,24,ID_2438.mod,Provider upArea too small to be included in calibration,2438,FALSE,1062,FALSE,FROME (BRISTOL)
EFAS,12,2439,Bitton,-2.459,51.426,0,,,Avon,UK,50,47.9,Avon,,0,TRUE,0,1,0,0,0,0,,FALSE,3462500,3222500,24,ID_2439.mod,Provider upArea too small to be included in calibration,2439,FALSE,1062,FALSE,BOYD
EFAS,12,2440,HAWLEY,0.23,51.42,0,,,Thames,UK,250,191.4,Thames,,0,TRUE,0,1,0,0,0,0,,FALSE,3642500,3192500,24,ID_2440.mod,Provider upArea too small to be included in calibration,2440,FALSE,1062,FALSE,DARENT
EFAS,12,2441,Colindeep Lane,-0.243,51.591,0,,,"Thames, above Lea",UK,25,29,Thames,,0,TRUE,0,1,0,0,0,0,,FALSE,3612500,3217500,24,ID_2441.mod,Provider upArea too small to be included in calibration,2441,FALSE,1062,FALSE,SILK STREAM
EFAS,12,2442,Wimbledon Common,-0.251,51.431,0,,,"Thames, above Lea",UK,25,43.5,Thames,,0,TRUE,0,1,0,0,0,0,,FALSE,3612500,3197500,24,ID_2442.mod,Provider upArea too small to be included in calibration,2442,FALSE,1062,FALSE,BEVERLEY BROOK
EFAS,12,2443,Kinnersley Manor,-0.193,51.201,0,,,"Thames, above Lea",UK,175,142,Thames,,0,TRUE,0,1,0,0,0,0,,FALSE,3612500,3172500,24,ID_2443.mod,Provider upArea too small to be included in calibration,2443,FALSE,1062,FALSE,MOLE
EFAS,12,2444,Albany Park,-0.035,51.668,0,,,River Lea,UK,50,42.2,Lea,,0,TRUE,0,1,0,0,0,0,,FALSE,3627500,3222500,24,ID_2444.mod,Provider upArea too small to be included in calibration,2444,FALSE,1062,FALSE,TURKEY BROOK
EFAS,12,2445,Redbridge,0.042,51.576,0,,,Thames,UK,325,303.3,Thames,,0,TRUE,0,1,0,0,0,0,,FALSE,3632500,3207500,24,ID_2445.mod,Provider upArea too small to be included in calibration,2445,FALSE,1062,FALSE,RODING
EFAS,12,2446,STILE BRIDGE,0.52,51.2,0,,,Medway,UK,250,277.1,Medway,,0,TRUE,0,1,0,0,0,0,,FALSE,3662500,3162500,24,ID_2446.mod,Provider upArea too small to be included in calibration,2446,FALSE,1062,FALSE,BEULT
EFAS,12,2447,Teston,0.448,51.25,0,HIST_24h,,Medway,UK,1325,1256.1,Medway,3,0,TRUE,0,1,0,0,0,0,,TRUE,3652500,3172500,24,ID_2447.mod,,2447,FALSE,1062,FALSE,MEDWAY
EFAS,12,2448,Hendal Bridge,0.174,51.109,0,,,Medway,UK,75,53.7,Medway,,0,TRUE,0,1,0,0,0,0,,FALSE,3637500,3157500,24,ID_2448.mod,Provider upArea too small to be included in calibration,2448,FALSE,1062,FALSE,ERIDGE STREAM
EFAS,12,2449,HORTON,1.03,51.26,0,,,Great Stour,UK,400,345,Great Stour,,0,TRUE,0,1,0,0,0,0,,FALSE,3697500,3167500,24,ID_2449.mod,Provider upArea too small to be included in calibration,2449,FALSE,1062,FALSE,GREAT STOUR
EFAS,12,2450,MANLEY HALL,-2.96,52.96,0,HIST_24h,,R. Dee,UK,1075,1013.1,Dee,3,0,TRUE,0,1,0,0,0,0,,TRUE,3452500,3392500,24,ID_2450.mod,,2450,FALSE,1062,FALSE,DEE (WALES)
EFAS,12,2451,New Inn,-3.673,52.863,0,,,R. Dee,UK,150,53.9,Dee,,0,TRUE,0,1,0,0,0,0,,FALSE,3407500,3392500,24,ID_2451.mod,Provider upArea too small to be included in calibration,2451,FALSE,1062,FALSE,DEE (WALES)
EFAS,12,2452,Pont-Y-Capel,-2.991,53.08,0,,,R. Dee,UK,275,227.1,Dee,,0,TRUE,0,1,0,0,0,0,,FALSE,3457500,3407500,24,ID_2452.mod,Provider upArea too small to be included in calibration,2452,FALSE,1062,FALSE,ALYN
EFAS,12,2453,Pencaenewydd,-4.381,52.937,0,,,Western Wales,UK,75,18.1,Erch,,0,TRUE,0,1,0,0,0,0,,FALSE,3362500,3407500,24,ID_2453.mod,Provider upArea too small to be included in calibration,2453,FALSE,1062,FALSE,ERCH
EFAS,12,2454,Beddgelert,-4.099,53.009,0,,,Western Wales,UK,75,68.6,Glaslyn,,0,TRUE,0,1,0,0,0,0,,FALSE,3382500,3412500,24,ID_2454.mod,Provider upArea too small to be included in calibration,2454,FALSE,1062,FALSE,GLASLYN
EFAS,12,2455,Dyfi Bridge,-3.853,52.6,0,,,Afon Dyfi,UK,525,471.3,Afon Dyfi,,0,TRUE,0,1,0,0,0,0,,FALSE,3387500,3367500,24,ID_2455.mod,Provider upArea too small to be included in calibration,2455,FALSE,1062,FALSE,DYFI
EFAS,12,2456,Pont Llolwyn,-4.07,52.376,0,,,Western Wales,UK,175,169.6,Ystwyth,,0,TRUE,0,1,0,0,0,0,,FALSE,3367500,3342500,24,ID_2456.mod,Provider upArea too small to be included in calibration,2456,FALSE,1062,FALSE,YSTWYTH
EFAS,12,2457,Felin Mynachdy,-4.168,51.881,0,,,R. Towy,UK,400,297.8,Towy,,0,TRUE,0,1,0,0,0,0,,FALSE,3352500,3292500,24,ID_2457.mod,Provider upArea too small to be included in calibration,2457,FALSE,1062,FALSE,COTHI
EFAS,12,2458,Keepers Lodge,-3.556,51.492,0,,,Western Wales,UK,50,62.5,Ewenny,,0,TRUE,0,1,0,0,0,0,,FALSE,3387500,3242500,24,ID_2458.mod,Provider upArea too small to be included in calibration,2458,FALSE,1062,FALSE,EWENNY
EFAS,12,2459,Llanedeyrn,-3.117,51.532,0,,,Rhymney,UK,200,178.7,Rhymney,,0,TRUE,0,1,0,0,0,0,,FALSE,3417500,3237500,24,ID_2459.mod,Provider upArea too small to be included in calibration,2459,FALSE,1062,FALSE,RHYMNEY
EFAS,12,2460,Chain Bridge,-2.949,51.745,0,HIST_24h,,Usk,UK,900,911.7,Usk,3,0,TRUE,0,1,0,0,0,0,,TRUE,3427500,3267500,24,ID_2460.mod,,2460,FALSE,1062,FALSE,USK
EFAS,12,2461,Pontaryscir,-3.451,51.963,0,,,Usk,UK,50,62.8,Usk,,0,TRUE,0,1,0,0,0,0,,FALSE,3402500,3297500,24,ID_2461.mod,Provider upArea too small to be included in calibration,2461,FALSE,1062,FALSE,YSCIR
EFAS,12,2462,DDOL FARM,-3.5,52.3,0,,,Wye,UK,200,174,Wye,,0,TRUE,0,1,0,0,0,0,,FALSE,3407500,3327500,24,ID_2462.mod,Provider upArea too small to be included in calibration,2462,FALSE,1062,FALSE,WYE (WALES)
EFAS,12,2463,Cefn Brwyn,-3.723,52.439,0,,,Severn,UK,25,10.5,Severn,,0,TRUE,0,1,0,0,0,0,,FALSE,3392500,3347500,24,ID_2463.mod,Provider upArea too small to be included in calibration,2463,FALSE,1062,FALSE,WYE (WALES)
EFAS,12,2464,Yarkhill,-2.562,52.082,0,,,Severn,UK,200,144,Severn,,0,TRUE,0,1,0,0,0,0,,FALSE,3462500,3292500,24,ID_2464.mod,Provider upArea too small to be included in calibration,2464,FALSE,1062,FALSE,FROME
EFAS,12,2465,Byton,-2.932,52.276,0,,,Wye,UK,250,203.3,Severn,,0,TRUE,0,1,0,0,0,0,,FALSE,3442500,3317500,24,ID_2465.mod,Provider upArea too small to be included in calibration,2465,FALSE,1062,FALSE,LUGG
EFAS,12,2466,Pont-Y-Gwyddel,-3.57,53.233,0,,,Clwyd,UK,250,194,Clwyd,,0,TRUE,0,1,0,0,0,0,,FALSE,3422500,3432500,24,ID_2466.mod,Provider upArea too small to be included in calibration,2466,FALSE,1062,FALSE,ELWY
EFAS,12,2467,Plynlimon Flume,-3.689,52.47,0,,,Severn,UK,25,8.7,Severn,,0,TRUE,0,1,0,0,0,0,,FALSE,3397500,3347500,24,ID_2467.mod,Provider upArea too small to be included in calibration,2467,FALSE,1062,FALSE,SEVERN (CENTRAL ENGLAND)
EFAS,12,2468,ABERCYNON,-3.33,51.65,0,,,Taff,UK,75,106,Taff,,0,TRUE,0,1,0,0,0,0,,FALSE,3397500,3262500,24,ID_2468.mod,Provider upArea too small to be included in calibration,2468,FALSE,1062,FALSE,CYNON
EFAS,12,2469,Wedderburn Bridge,-2.324,51.907,0,,,Severn,UK,250,293,Severn,,0,TRUE,0,1,0,0,0,0,,FALSE,3477500,3272500,24,ID_2469.mod,Provider upArea too small to be included in calibration,2469,FALSE,1062,FALSE,LEADON
EFAS,12,2470,Braystones,-3.528,54.44,0,,,North West,UK,250,125.5,Ehen,,0,TRUE,0,1,0,0,0,0,,FALSE,3447500,3562500,24,ID_2470.mod,Provider upArea too small to be included in calibration,2470,FALSE,1062,FALSE,EHEN
EFAS,12,2471,BROOK DOWLES,-2.34,52.38,0,HIST_24h,,Severn,UK,4750,10492.17,Severn,0,0,TRUE,0,1,0,0,0,0,,FALSE,3487500,3312500,24,ID_2471.mod,wrong location it is on a small affluent,2471,FALSE,1062,FALSE,Severn
EFAS,12,2472,BURCOTE,-2.36,52.55,0,,,Severn,UK,250,258,Severn,,0,TRUE,0,1,0,0,0,0,,FALSE,3487500,3342500,24,ID_2472.mod,Provider upArea too small to be included in calibration,2472,FALSE,1062,FALSE,WORFE
EFAS,12,2473,YEATON,-2.84,52.77,0,,,Severn,UK,150,180.8,Severn,,0,TRUE,0,1,0,0,0,0,,FALSE,3457500,3372500,24,ID_2473.mod,Provider upArea too small to be included in calibration,2473,FALSE,1062,FALSE,PERRY
EFAS,12,2474,LLANYBLODWEL,-3.11,52.79,0,,,Severn,UK,225,229,Severn,,0,TRUE,0,1,0,0,0,0,,FALSE,3437500,3382500,24,ID_2474.mod,Provider upArea too small to be included in calibration,2474,FALSE,1062,FALSE,TANAT
EFAS,12,2475,RODINGTON,-2.61,52.72,0,,,Severn,UK,275,259,Severn,,0,TRUE,0,1,0,0,0,0,,FALSE,3472500,3367500,24,ID_2475.mod,Provider upArea too small to be included in calibration,2475,FALSE,1062,FALSE,RODEN
EFAS,12,2476,STARETON,-1.51,52.34,0,,,Severn,UK,300,347,Severn,,0,TRUE,0,1,0,0,0,0,,FALSE,3542500,3307500,24,ID_2476.mod,Provider upArea too small to be included in calibration,2476,FALSE,1062,FALSE,AVON (CENTRAL ENGLAND)
EFAS,12,2477,Hookagate,-2.79,52.678,0,,,Severn,UK,175,178,Severn,,0,TRUE,0,1,0,0,0,0,,FALSE,3457500,3362500,24,ID_2477.mod,Provider upArea too small to be included in calibration,2477,FALSE,1062,FALSE,REA BROOK
EFAS,12,2478,MERIC KOEP,26.41,41.19,0,,,"Evros, section Tundzha - Ergene",TR,100,27251,Evros,,0,TRUE,0,1,0,0,0,0,,FALSE,5692500,2157500,,,Discharge data older than calibration period,2478,FALSE,1062,FALSE,MARITSA
EFAS,12,2479,BABAESKI,27.09,41.44,0,,,Ergene,TR,475,478,Evros,,0,TRUE,0,1,0,0,0,0,,FALSE,5742500,2197500,,,Provider upArea too small to be included in calibration,2479,FALSE,1062,FALSE,SEYTAN DERESI
EFAS,12,2480,AKCASUSURLUK,28.43,40.29,0,,,Kocacay,TR,21725,21611,Kocacay,,0,TRUE,0,1,0,0,0,0,,FALSE,5877500,2102500,,,Discharge data older than calibration period,2480,FALSE,1062,FALSE,KOCASU
EFAS,12,2481,TUNCBILEK (KUECUEKILET),29.47,39.62,0,,,Kocacay,TR,1700,1622,Kocacay,,0,TRUE,0,1,0,0,0,0,,FALSE,5982500,2052500,,,Discharge data older than calibration period,2481,FALSE,1062,FALSE,ORHANELI CAYI
EFAS,12,2482,MANISA,27.43,38.61,0,,,Gediz,TR,15850,15616,Gediz,,0,TRUE,0,1,0,0,0,0,,FALSE,5832500,1907500,,,Discharge data older than calibration period,2482,FALSE,1062,FALSE,GEDIZ
EFAS,12,2483,SOEKE,27.41,37.75,0,,,Buyuk Menderes,TR,26475,23889,Buyuk Menderes,,0,TRUE,0,1,0,0,0,0,,FALSE,5857500,1807500,,,Discharge data older than calibration period,2483,FALSE,1062,FALSE,BUYUK MENDERES
EFAS,12,2484,KAYIRLI,28.12,37.42,0,,,Buyuk Menderes,TR,1175,948,Buyuk Menderes,,0,TRUE,0,1,0,0,0,0,,FALSE,5922500,1782500,,,Discharge data older than calibration period,2484,FALSE,1062,FALSE,CINE CAYI
EFAS,12,2485,MAHMUD SEVKET PASA,29.18,41.15,0,,,Black sea coastal and small river basins,TR,25,23.1,Yeniciftlik Deresi,,0,TRUE,0,1,0,0,0,0,,FALSE,5917500,2207500,,,Provider upArea too small to be included in calibration,2485,FALSE,1062,FALSE,YENICIFTLIK DERESI
EFAS,12,2486,BOTBASI,30.52,40.97,0,,,SAKARYA,TR,50,55322,Sakarya,,0,TRUE,0,1,0,0,0,0,,FALSE,6032500,2217500,,,Discharge data older than calibration period,2486,FALSE,1062,FALSE,SAKARYA NEHRI
EFAS,12,2487,DERECIKOEREN (DERECIKVIRAN),30.2,40.3,0,,,SAKARYA,TR,950,13300,Sakarya,,0,TRUE,0,1,0,0,0,0,,FALSE,6022500,2142500,,,Discharge data older than calibration period,2487,FALSE,1062,FALSE,FILYOS CAYI
EFAS,12,2488,KALEBOGAZI,34.75,39.5,0,,,KIZILIRMAK,TR,3975,2918,Kizilirmak,,0,TRUE,0,1,0,0,0,0,,FALSE,6422500,2172500,,,Discharge data older than calibration period,2488,FALSE,1062,FALSE,KANAK CAYI
EFAS,12,2489,INOEZUEKOSACA,35.83,41.36,0,,,KIZILIRMAK,TR,80000,75121,Kizilirmak,,0,TRUE,0,1,0,0,0,0,,FALSE,6442500,2397500,,,Discharge data older than calibration period,2489,FALSE,1062,FALSE,KIZILIRMAK
EFAS,12,2490,CARSAMBA,36.72,41.19,0,,,Yesil,TR,36025,35958,Yesil,,0,TRUE,0,1,0,0,0,0,,FALSE,6517500,2407500,,,Discharge data older than calibration period,2490,FALSE,1062,FALSE,YESILIRMAK
EFAS,12,2491,SIMSIRLI,39.71,40.78,0,,,Black sea coastal and small river basins,TR,1025,855,Iyidere,,0,TRUE,0,1,0,0,0,0,,FALSE,6762500,2472500,,,Discharge data older than calibration period,2491,FALSE,1062,FALSE,IYIDERE
EFAS,12,2492,KARSIKOEY,41.71,41.45,0,,,Coruh,TR,19950,19654,Coruh,,0,TRUE,0,1,0,0,0,0,,FALSE,6892500,2592500,,,Discharge data older than calibration period,2492,FALSE,1062,FALSE,CORUHSUYU
EFAS,12,2493,SOEYLEMEZ (MESCITLI),41.8,39.76,0,,,KURA,TR,2550,2549,Kura,,0,TRUE,0,1,0,0,0,0,,FALSE,6972500,2422500,,,Discharge data older than calibration period,2493,FALSE,1062,FALSE,ARAS RIVER
EFAS,12,2494,BESKONAK,31.19,37.14,0,,,Eastern Mediterranean coastal catchments and smal*,TR,1950,1942,Koeprue,,0,TRUE,0,1,0,0,0,0,,FALSE,6192500,1822500,,,Discharge data older than calibration period,2494,FALSE,1062,FALSE,KOEPRUE
EFAS,12,2495,KIRKYALAN,33.33,36.56,0,,,Goksu (southern branch),TR,4075,3500,Goksu,,0,TRUE,0,1,0,0,0,0,,FALSE,6392500,1817500,,,Discharge data older than calibration period,2495,FALSE,1062,FALSE,ERMENEK CAYIR
EFAS,12,2496,KARAHACILI,33.83,36.41,0,,,Goksu (southern branch),TR,11150,10044,Goksu,,0,TRUE,0,1,0,0,0,0,,FALSE,6437500,1812500,,,Discharge data older than calibration period,2496,FALSE,1062,FALSE,GOEKSU NEHRI
EFAS,12,2497,YAKAPINAR (MISIS),35.6,36.95,0,,,Ceyhan,TR,11275,20466,Ceyhan,,0,TRUE,0,1,0,0,0,0,,FALSE,6572500,1922500,,,Discharge data older than calibration period,2497,FALSE,1062,FALSE,CEYHAN NEHRI
EFAS,12,2498,HIMMETLI,36.08,37.9,0,,,Ceyhan,TR,2475,2597,Ceyhan,,0,TRUE,0,1,0,0,0,0,,FALSE,6582500,2032500,,,Discharge data older than calibration period,2498,FALSE,1062,FALSE,GOEKSUN (TRIB. SEYHAN)
EFAS,12,2499,TANIR,36.91,38.41,0,,,Orontes,TR,975,915,Orontes,,0,TRUE,0,1,0,0,0,0,,FALSE,6632500,2117500,,,Discharge data older than calibration period,2499,FALSE,1062,FALSE,HURMAN
EFAS,12,2500,DEMIRKOEPRUE,36.3,36.28,0,,,Orontes,TR,56275,16170,Orontes,,0,TRUE,0,1,0,0,0,0,,FALSE,6652500,1872500,,,Discharge data older than calibration period,2500,FALSE,1062,FALSE,ASI NEHRI
EFAS,12,2501,KEBAN,38.73,38.79,0,,,TIGRIS & EUPHRATES,TR,63350,63835,TIGRIS & EUPHRATES,,0,TRUE,0,1,0,0,0,0,,FALSE,6767500,2212500,,,Discharge data older than calibration period,2501,FALSE,1062,FALSE,EUPHRATES
EFAS,12,2502,BAGISTAS,38.48,39.45,0,,,TIGRIS & EUPHRATES,TR,15275,15562,TIGRIS & EUPHRATES,,0,TRUE,0,1,0,0,0,0,,FALSE,6722500,2277500,,,Discharge data older than calibration period,2502,FALSE,1062,FALSE,EUPHRATES
EFAS,12,2503,PALU,39.92,38.69,0,,,TIGRIS & EUPHRATES,TR,25375,25447,TIGRIS & EUPHRATES,,0,TRUE,0,1,0,0,0,0,,FALSE,6867500,2242500,,,Discharge data older than calibration period,2503,FALSE,1062,FALSE,MURAT NEHRI
EFAS,12,2504,ASAGI KAGDARIC,40.76,39.95,0,,,TIGRIS & EUPHRATES,TR,2825,2886,TIGRIS & EUPHRATES,,0,TRUE,0,1,0,0,0,0,,FALSE,6882500,2402500,,,Discharge data older than calibration period,2504,FALSE,1062,FALSE,KARASU CAYI
EFAS,12,2505,BESIRI,41.29,37.91,0,,,TIGRIS & EUPHRATES,TR,2500,2450,TIGRIS & EUPHRATES,,0,TRUE,0,1,0,0,0,0,,FALSE,7007500,2212500,,,Discharge data older than calibration period,2505,FALSE,1062,FALSE,YANARSU CAYI
EFAS,12,2506,KARPELV,30.67,69.67,0,,,Finnmark,NO,75,124,Finnmark,,0,TRUE,0,1,0,0,0,0,,FALSE,5117500,5302500,24,ID_2506.mod,Provider upArea too small to be included in calibration,2506,FALSE,1062,FALSE,KARPELV
EFAS,12,2507,ENGESETVATN,6.62,62.53,0,,,Moere and Romsdal,NO,75,41.7,Moere and Romsdal,,0,TRUE,0,1,0,0,0,0,,FALSE,4147500,4387500,24,ID_2507.mod,Provider upArea too small to be included in calibration,2507,FALSE,1062,FALSE,ENGESETELV
EFAS,12,2508,HOGGAS BRU,11.32,63.49,0,,,Stjordalselva,NO,450,491,Stjordal,,0,TRUE,0,1,0,0,0,0,,FALSE,4392500,4487500,24,ID_2508.mod,Provider upArea too small to be included in calibration,2508,FALSE,1062,FALSE,STJORDALSELVA
EFAS,12,2509,KRINSVATN,10.23,63.79,0,,,Nordelva,NO,150,205,Nordelva,,0,TRUE,0,1,0,0,0,0,,FALSE,4337500,4522500,24,ID_2509.mod,Provider upArea too small to be included in calibration,2509,FALSE,1062,FALSE,NORDELVA
EFAS,12,2510,HOLEN,6.74,60.38,0,,,West,NO,325,229,Kinso,,0,TRUE,0,1,0,0,0,0,,FALSE,4137500,4147500,24,ID_2510.mod,Provider upArea too small to be included in calibration,2510,FALSE,1062,FALSE,KINSO
EFAS,12,2511,ROYKENES,5.43,60.25,0,,,Oselva,NO,50,50,Oselva,,0,TRUE,0,1,0,0,0,0,,FALSE,4072500,4142500,24,ID_2511.mod,Provider upArea too small to be included in calibration,2511,FALSE,1062,FALSE,OSELV
EFAS,12,2512,NAUSTA,5.39,61.25,0,,,Guddals,NO,300,220,Guddals,,0,TRUE,0,1,0,0,0,0,,FALSE,4072500,4252500,24,ID_2512.mod,Provider upArea too small to be included in calibration,2512,FALSE,1062,FALSE,NAUSTA
EFAS,12,2513,HORNINDALSVATN,6.09,61.92,0,,,West,NO,425,378,West,,0,TRUE,0,1,0,0,0,0,,FALSE,4112500,4317500,24,ID_2513.mod,Provider upArea too small to be included in calibration,2513,FALSE,1062,FALSE,EIDSELV
EFAS,12,2514,TINGVATN,7.23,58.4,0,,,Lygna,NO,300,266,Lygna,,0,TRUE,0,1,0,0,0,0,,FALSE,4157500,3927500,24,ID_2514.mod,Provider upArea too small to be included in calibration,2514,FALSE,1062,FALSE,LYGNA
EFAS,12,2515,HOGFOSS,10.77,59.55,0,,,Glomma,NO,150,297,Glomma,,0,TRUE,0,1,0,0,0,0,,FALSE,4362500,4047500,24,ID_2515.mod,Provider upArea too small to be included in calibration,2515,FALSE,1062,FALSE,HOBOLELV
EFAS,12,2516,SOLBERGFOSS,11.15,59.63,0,HIST_24h,,Glomma,NO,40450,40540,Glomma,2,0,TRUE,0,1,0,0,0,0,,FALSE,4382500,4057500,24,ID_2516.mod,same location and data as 1981  use 1981,2516,FALSE,1062,FALSE,GLAMA
EFAS,12,2517,HAGA BRU,10.17,63.04,0,HIST_24h,,Gauldalen,NO,3150,3062,Gaula,2,0,TRUE,0,1,0,0,0,0,,FALSE,4332500,4442500,24,ID_2517.mod,close to 1099,2517,FALSE,1062,FALSE,GAULA
EFAS,12,2518,SELBUSJO,11.06,63.27,0,,,Nea,NO,175,-999,Nea,,0,TRUE,0,1,0,0,0,0,,FALSE,4382500,4462500,,,No discharge data available for calibration period,2518,FALSE,1062,FALSE,NEA
EFAS,12,2519,OEYUNGEN,11.08,64.25,0,,,Argards,NO,200,237,Argards,,0,TRUE,0,1,0,0,0,0,,FALSE,4372500,4567500,24,ID_2519.mod,Provider upArea too small to be included in calibration,2519,FALSE,1062,FALSE,ARGARDSELV
EFAS,12,2520,UNKERVATN,14.22,65.5,0,HIST_24h,,Vefsna,NO,725,756,Vefsna,0,0,TRUE,0,1,0,0,0,0,,FALSE,4512500,4717500,,,few old data,2520,FALSE,1062,FALSE,VEFSNA
EFAS,12,2521,KOBBVATN,16,67.6,0,,,Nordland,NO,400,386,Nordland,,0,TRUE,0,1,0,0,0,0,,FALSE,4577500,4952500,24,ID_2521.mod,Provider upArea too small to be included in calibration,2521,FALSE,1062,FALSE,KOBBELV
EFAS,12,2522,Bayelva (Svalbard),11.8375,78.9344,0,,,,NO,,31,BAYELVA,,1,FALSE,0,1,0,0,0,0,,FALSE,4362500,5497500,,,Out of XDOM  Provider upArea too small to be included in calibration,2522,FALSE,1062,FALSE,BAYELVA
EFAS,12,2523,De Geerdalen (Svalbard),16.2865,78.3352,0,,,,NO,,79,DE GEERELVA,,1,FALSE,0,1,0,0,0,0,,FALSE,4467500,5497500,,,Out of XDOM  Provider upArea too small to be included in calibration,2523,FALSE,1062,FALSE,DE GEERELVA
EFAS,12,2524,MEVATN,17.78,69.23,0,,,Troms,NO,175,178,Troms,,0,TRUE,0,1,0,0,0,0,,FALSE,4632500,5137500,24,ID_2524.mod,Provider upArea too small to be included in calibration,2524,FALSE,1062,FALSE,"LAKSELVA (NO, TROMS)"
EFAS,12,2525,SKOGANVARRE,25.03,69.5,0,HIST_24h,,Tana,NO,175,941,Tana,0,0,TRUE,0,1,0,0,0,0,,FALSE,4917500,5217500,24,ID_2525.mod,Wrong location? Wrong area?,2525,FALSE,1062,FALSE,"LAKSELVA (NO, FINNMARK)"
EFAS,12,2526,ORSOVA (1971:DROBATA-TURNU SEVERIN),22.42,44.7,0,HIST_24h,,"Danube, Velika Morava - Timok",RS,569700,576232,Danube,0,0,TRUE,0,1,0,0,0,0,,FALSE,5307500,2482500,,,few data,2526,FALSE,1062,FALSE,DANUBE RIVER
EFAS,12,2527,HIRSOVA,27.94,44.68,0,HIST_24h,,"Danube, section Arges - Ialom",RO,686920,15995.12,Danube,1,0,TRUE,0,1,0,0,0,0,,FALSE,5732500,2562500,24,ID_2527.mod,moved on danube main stream  there is a big jump in data  I think they moved the station to the affluent at one point,2527,FALSE,1062,FALSE,Danube
EFAS,12,2528,NEW JERASH BRIDGE,35.87,32.2,0,,,Jordan / Dead Sea,JO,3975,-999,Jordan,,0,TRUE,0,1,0,0,0,0,,FALSE,6742500,1427500,,,Discharge data older than calibration period,2528,FALSE,1062,FALSE,NAHR AZ ZARQA
EFAS,12,2529,UTSJOKI,27.02,69.92,0,HIST_24h,,Tana,NO,12375,16054.97,Tana,0,0,TRUE,0,1,0,0,0,0,,FALSE,4977500,5282500,24,ID_2529.mod,few old data  use 139,2529,FALSE,1062,FALSE,Tenojoki
EFAS,12,2530,ETTELBRUCK,6.17,49.83,0,,,Sauer,LU,2125,1072,Rhine,,1,FALSE,0,1,0,0,0,0,,FALSE,4047500,2977500,,,DO NOT USE  replace with 4358 Discharge data older than calibration period,2530,FALSE,1062,FALSE,ALZETTE
EFAS,12,2531,ESCH (FRONTIERE),5.98,49.49,0,,,Sauer,LU,25,21.4,Rhine,,0,TRUE,0,1,0,0,0,0,,FALSE,4027500,2937500,,,Provider upArea too small to be included in calibration,2531,FALSE,1062,FALSE,ALZETTE
EFAS,12,2532,NOVO SELO,22.82,44.16,0,HIST_24h,,"Danube, section Timok - Jiu",RO,577398,584900,Danube,3,0,TRUE,0,1,0,0,0,0,,TRUE,5347500,2422500,24,ID_2532.mod,,2532,FALSE,1062,FALSE,DANUBE RIVER
EFAS,12,2533,SVISTOV,25.35,43.63,0,HIST_24h,,"Danube, section Olt - Yantra",BG,643648,658340,Danube,0,0,TRUE,0,1,0,0,0,0,,FALSE,5552500,2407500,24,ID_2533.mod,Same as 803 less data  use 807,2533,FALSE,1062,FALSE,DANUBE RIVER
EFAS,12,2534,RUSE,25.95,43.86,0,HIST_24h,,"Danube, section Lom - Arges",RO,661420,669900,Danube,3,0,TRUE,0,1,0,0,0,0,,TRUE,5597500,2447500,24,ID_2534.mod,,2534,FALSE,1062,FALSE,DANUBE RIVER
EFAS,12,2535,SILISTRA,27.26,44.13,0,HIST_24h,,"Danube, section Arges - Ialom",RO,682920,689700,Danube,3,0,TRUE,0,1,0,0,0,0,,TRUE,5697500,2497500,24,ID_2535.mod,,2535,FALSE,1062,FALSE,DANUBE RIVER
EFAS,12,2536,KALSINKOSI,22.12,61.35,0,HIST_24h,,"Kokemaenjoki, below Vanajanselka catchment",FI,26275,26025,Kokem,0,0,TRUE,0,1,0,0,0,0,,FALSE,4972500,4302500,24,ID_2536.mod,few old data,2536,FALSE,1062,FALSE,KOKEMAENJOKI
EFAS,12,2537,ETELAJ-POHJAJ-LANKOSKI,21.73,61.67,0,HIST_24h,,Coastal zone,FI,175,848692.88,Coastal_zone,0,0,TRUE,0,1,0,0,0,0,,FALSE,4937500,4332500,24,ID_2537.mod,Wrong upstream area from provider  small LDD uparea,2537,FALSE,1062,FALSE,Pohjajoki
EFAS,12,2538,TUNKKARI,23.75,63.48,0,HIST_24h,,Perhonjoki,FI,1400,1416,Perhonjoki,3,0,TRUE,0,1,0,0,0,0,,TRUE,5002500,4557500,24,ID_2538.mod,,2538,FALSE,1062,FALSE,PERHONJOKI
EFAS,12,2539,LAKE LESTIJARVI OUTLET,24.7,63.92,0,,,Kalajoki,FI,50,363,Kalajoki,,0,TRUE,0,1,0,0,0,0,,FALSE,5042500,4612500,24,ID_2539.mod,Provider upArea too small to be included in calibration,2539,FALSE,1062,FALSE,LESTIJOKI
EFAS,12,2542,LOHJANJARVI-PELTOKOSKI,23.83,60.15,0,HIST_24h,,Kymijoki-Gulf of Finland,FI,2225,1935,Kymijoki_Finland,1,0,TRUE,0,1,0,0,0,0,,FALSE,5087500,4197500,24,ID_2542.mod,strongly regulated catchment but no dam in lsf,2542,FALSE,1062,FALSE,KARJAANJOKI
EFAS,12,2543,MARINO POLE,23.35,41.41,0,,,Strimonas,BG,10700,10243,Strimonas,,0,TRUE,0,1,0,0,0,0,,FALSE,5437500,2132500,,,Discharge data older than calibration period,2543,FALSE,1062,FALSE,STRUMA
EFAS,12,2544,KHADZHIDIMOVO,23.86,41.52,0,,,Nestos,BG,2325,2260,Nestos,,0,TRUE,0,1,0,0,0,0,,FALSE,5472500,2152500,,,Discharge data older than calibration period,2544,FALSE,1062,FALSE,MESTA (NESTOS)
EFAS,12,2545,AARUP,8.49,56.89,0,,,Jutland and Funen,DK,100,105,Jutland and Funen,,0,TRUE,0,1,0,0,0,0,,FALSE,4227500,3757500,24,ID_2545.mod,Provider upArea too small to be included in calibration,2545,FALSE,1062,FALSE,ARUP A
EFAS,12,2546,AHLERGAARDE,8.72,55.95,0,HIST_24h,,Skern,DK,1075,1040,Skern,3,0,TRUE,0,1,0,0,0,0,,TRUE,4247500,3647500,24,ID_2546.mod,,2546,FALSE,1062,FALSE,SKJERN A
EFAS,12,2547,AASTEDBRO,9.62,55.9,0,,,GUDENA,DK,200,187,GUDENA,,0,TRUE,0,1,0,0,0,0,,FALSE,4297500,3642500,24,ID_2547.mod,Provider upArea too small to be included in calibration,2547,FALSE,1062,FALSE,GUDENA
EFAS,12,2548,TVILUMBRO,9.67,56.24,0,HIST_24h,,Gudena,DK,1250,1290,Gudena,3,0,TRUE,0,1,0,0,0,0,,TRUE,4302500,3682500,24,ID_2548.mod,,2548,FALSE,1062,FALSE,GUDENA
EFAS,12,2549,ASTED BRO,10.13,57.45,0,,,Uggerby,DK,175,151,Uggerby,,0,TRUE,0,1,0,0,0,0,,FALSE,4327500,3817500,24,ID_2549.mod,Provider upArea too small to be included in calibration,2549,FALSE,1062,FALSE,UGGERBY A
EFAS,12,2550,ELKAER BRO,9.92,57.16,0,,,Rya,DK,75,106,Rya,,0,TRUE,0,1,0,0,0,0,,FALSE,4317500,3782500,24,ID_2550.mod,Provider upArea too small to be included in calibration,2550,FALSE,1062,FALSE,LINDHOLM A
EFAS,12,2551,STAVNAGER,8.88,55.32,0,HIST_24h,,Ribe,DK,650,680,Ribe,3,0,TRUE,0,1,0,0,0,0,,TRUE,4252500,3582500,24,ID_2551.mod,,2551,FALSE,1062,FALSE,RIBE A
EFAS,12,2552,SKIBBY,10.04,56.14,0,,,Lyngbygd,DK,225,120,Lyngbygd,,0,TRUE,0,1,0,0,0,0,,FALSE,4322500,3672500,24,ID_2552.mod,Provider upArea too small to be included in calibration,2552,FALSE,1062,FALSE,ARHUS A
EFAS,12,2553,LINDENBORG BRO,10.03,56.9,0,,,Rya,DK,325,214,Rya,,0,TRUE,0,1,0,0,0,0,,FALSE,4322500,3757500,24,ID_2553.mod,Provider upArea too small to be included in calibration,2553,FALSE,1062,FALSE,LINDENBORG A
EFAS,12,2554,LILLE LINDE,12.22,55.33,0,,,Zealand,DK,175,131,Zealand,,0,TRUE,0,1,0,0,0,0,,FALSE,4457500,3582500,24,ID_2554.mod,Provider upArea too small to be included in calibration,2554,FALSE,1062,FALSE,TRYGGEVAELDE A
EFAS,12,2555,BROMOELLE,11.39,55.61,0,,,Amose,DK,325,288,Amose,,0,TRUE,0,1,0,0,0,0,,FALSE,4412500,3607500,24,ID_2555.mod,Provider upArea too small to be included in calibration,2555,FALSE,1062,FALSE,AMOSE A
EFAS,12,2556,HOLLOESE MOELLE,11.68,55.3,0,HIST_24h,,Susa,DK,750,753,Susa,3,0,TRUE,0,1,0,0,0,0,,TRUE,4422500,3582500,24,ID_2556.mod,,2556,FALSE,1062,FALSE,SUSA
EFAS,12,2557,NEAR BROBY,10.21,55.25,0,,,Odense,DK,300,302,Odense,,0,TRUE,0,1,0,0,0,0,,FALSE,4337500,3567500,24,ID_2557.mod,Provider upArea too small to be included in calibration,2557,FALSE,1062,FALSE,ODENSE A
EFAS,12,2558,BREDEBRO,8.83,55.06,0,,,Brede,DK,300,292,Brede,,0,TRUE,0,1,0,0,0,0,,FALSE,4247500,3552500,24,ID_2558.mod,Provider upArea too small to be included in calibration,2558,FALSE,1062,FALSE,BREDE A
EFAS,12,2559,BASEL(ST.ALBAN),7.600927,47.555132,0,,,"Rhine, section Aare - Ill",CH,25,35901,Rhine,,0,TRUE,0,1,0,0,0,0,,FALSE,4137500,2717500,,,Discharge data older than calibration period,2559,FALSE,1062,FALSE,RHINE RIVER
EFAS,12,2560,"BASEL, SCHIFFLAENDE",7.588587,47.559815,0,HIST_24h,,"Rhine, section Aare - Ill",CH,36275,35905,Rhine,0,0,TRUE,0,1,0,0,0,0,,FALSE,4137500,2722500,24,ID_2560.mod,Same as 353 but old data  use 353,2560,FALSE,1062,FALSE,RHINE RIVER
EFAS,12,2561,EMMENMATT,7.74,46.96,0,,,Aare,CH,450,443,Rhine,,0,TRUE,0,1,0,0,0,0,,FALSE,4147500,2652500,24,ID_2561.mod,Provider upArea too small to be included in calibration,2561,FALSE,1062,FALSE,EMME
EFAS,12,2562,"JONSCHWIL, MUEHLAU",9.06,47.4,0,,,"Rhine, above Aare",CH,525,493,Rhine,,0,TRUE,0,1,0,0,0,0,,FALSE,4252500,2697500,24,ID_2562.mod,Provider upArea too small to be included in calibration,2562,FALSE,1062,FALSE,THUR (CH)
EFAS,12,2563,"ST. GALLEN, BRUGGEN/AU",9.31,47.4,0,,,"Rhine, above Aare",CH,275,261,Rhine,,0,TRUE,0,1,0,0,0,0,,FALSE,4272500,2697500,24,ID_2563.mod,Provider upArea too small to be included in calibration,2563,FALSE,1062,FALSE,SITTER
EFAS,12,2564,MARTINSBRUCK,10.47,46.89,0,HIST_24h,,"Inn, above Salzach",CH,1975,1945,Danube,0,0,TRUE,0,1,0,0,0,0,,FALSE,4347500,2632500,24,ID_2564.mod,Low quality data,2564,FALSE,1062,FALSE,INN
EFAS,12,2565,MIZHHIR''YA (MEZHGOR'YE),23.51,48.52,0,,,Tisza,UA,625,873,Danube,,0,TRUE,0,1,0,0,0,0,,FALSE,5312500,2912500,,,Discharge data older than calibration period,2565,FALSE,1062,FALSE,RIKA
EFAS,12,2566,RAKHIV,24.2,48.05,0,,,Tisza,UA,1200,1070,Danube,,0,TRUE,0,1,0,0,0,0,,FALSE,5372500,2872500,,,Discharge data older than calibration period,2566,FALSE,1062,FALSE,TISZA
EFAS,12,2567,LE PRESE,10.08,46.3,0,,,Adda,CH,150,169,Po,,0,TRUE,0,1,0,0,0,0,,FALSE,4327500,2577500,24,ID_2567.mod,Provider upArea too small to be included in calibration,2567,FALSE,1062,FALSE,POSCHIAVINO
EFAS,12,2568,ZILPAMUSIS,24.45,56.1,0,HIST_24h,,Musa,LT,4950,5007,Lielupe,3,0,TRUE,0,1,0,0,0,0,,TRUE,5212500,3762500,24,ID_2568.mod,,2568,FALSE,1062,FALSE,MUSA
EFAS,12,2569,KAMENKA BUGSKAYA,24.35,50.1,0,,,"Bug, above Mukhavyets",UA,2400,2260,Vistula,,0,TRUE,0,1,0,0,0,0,,FALSE,5347500,3097500,,,Discharge data older than calibration period  Same as 1344,2569,FALSE,1062,FALSE,BUG
EFAS,12,2570,POROG,38.48,63.83,0,HIST_24h,,Mosha,RU,,55770,Mosha,,1,FALSE,0,1,0,0,0,0,,FALSE,5682500,4807500,,,Out of XDOM,2570,FALSE,1062,FALSE,ONEGA
EFAS,12,2571,KODINA,39.62,63.72,0,HIST_24h,,"Onega, section Mosha - Chekuyevo",RU,,1800,Onega,,1,FALSE,0,1,0,0,0,0,,FALSE,5742500,4817500,,,Out of XDOM,2571,FALSE,1062,FALSE,KODINA
EFAS,12,2572,SOUKHIE POROGUI,39.48,64.31,0,,,"Teno-, Naatamo- and Paatsjoki (Finnish part)",RU,,1190,Teno,,1,FALSE,0,1,0,0,0,0,,FALSE,5707500,4877500,,,Out of XDOM  Discharge data older than calibration period,2572,FALSE,1062,FALSE,SOLZA
EFAS,12,2573,UST-PINEGA,41.91,64.15,0,HIST_24h,,Coastal zone,RU,,848692.88,Dvina,,1,FALSE,0,1,0,0,0,0,,FALSE,5817500,4912500,,,Out of XDOM,2573,FALSE,1062,FALSE,Northern Dvina
EFAS,12,2574,PATRAKEYEVSKAYA,40.5,64.96,0,,,"Teno-, Naatamo- and Paatsjoki (Finnish part)",RU,,305,Teno,,1,FALSE,0,1,0,0,0,0,,FALSE,5717500,4962500,,,Out of XDOM  Provider upArea too small to be included in calibration,2574,FALSE,1062,FALSE,MUDYUGA
EFAS,12,2575,KULOGORY,43.48,64.71,0,,,Northern Dvina,RU,,36700,Dvina,,1,FALSE,0,1,0,0,0,0,,FALSE,5857500,5002500,,,Out of XDOM  Discharge data older than calibration period,2575,FALSE,1062,FALSE,PINEGA
EFAS,12,2576,MALONISOGORSKAYA,45.61,65.03,0,HIST_24h,,"Menzen, partial section (border area)",RU,,56400,Menzen,,1,FALSE,0,1,0,0,0,0,,FALSE,5922500,5082500,,,Out of XDOM,2576,FALSE,1062,FALSE,MEZEN
EFAS,12,2577,KULOY,43.53,64.96,0,HIST_24h,,Kuloy,RU,,3040,Kuloy,,1,FALSE,0,1,0,0,0,0,,FALSE,5842500,5027500,,,Out of XDOM,2577,FALSE,1062,FALSE,KULOY (TRIB. MEZENSKAYA GUBA)
EFAS,12,2578,IGUMNOVO (IGUMKOVO),45.03,65.81,0,HIST_24h,,Peza sub-catchment,RU,,12000,Peza,,1,FALSE,0,1,0,0,0,0,,FALSE,5852500,5142500,,,Out of XDOM,2578,FALSE,1062,FALSE,PEZA
EFAS,12,2579,BOROVSKAYA (BOROVAYA),51.86,65.24,0,,,PECHORA,RU,,4890,PECHORA,,1,FALSE,0,1,0,0,0,0,,FALSE,6152500,5257500,,,Out of XDOM  Discharge data older than calibration period,2579,FALSE,1062,FALSE,PIZHMA
EFAS,12,2580,VOLOKOVAYA,48.21,66.5,0,HIST_24h,,"Pesha, lower section (partial)",RU,,2780,Pesha,,1,FALSE,0,1,0,0,0,0,,FALSE,5932500,5282500,,,Out of XDOM,2580,FALSE,1062,FALSE,PESHA
EFAS,12,2581,OKSINO,52.2,67.6,0,HIST_24h,,PECHORA,RU,,312000,PECHORA,,1,FALSE,0,1,0,0,0,0,,FALSE,6002500,5477500,,,Out of XDOM,2581,FALSE,1062,FALSE,PECHORA
EFAS,12,2582,UST-TSILMA,52.09,65.44,0,HIST_24h,,PECHORA,RU,,312763.33,PECHORA,,1,FALSE,0,1,0,0,0,0,,FALSE,6147500,5282500,,,Out of XDOM,2582,FALSE,1062,FALSE,Tsilma
EFAS,12,2583,YAKSHA (YAKSHINSKAYA),56.84,61.81,0,,,PECHORA,RU,,9620,PECHORA,,1,FALSE,0,1,0,0,0,0,,FALSE,6587500,5097500,,,Out of XDOM  Discharge data older than calibration period,2583,FALSE,1062,FALSE,PECHORA
EFAS,12,2584,CHUKHLEM,50.18,61.22,0,,,NORTHERN DVINA(SEVERNAYA DVINA),RU,,123,Dvina,,1,FALSE,0,1,0,0,0,0,,FALSE,6352500,4837500,,,Out of XDOM  Provider upArea too small to be included in calibration,2584,FALSE,1062,FALSE,YEGUL
EFAS,12,2585,IZVAIL,54.47,63.03,0,,,PECHORA,RU,,1150,PECHORA,,1,FALSE,0,1,0,0,0,0,,FALSE,6407500,5132500,,,Out of XDOM  Discharge data older than calibration period,2585,FALSE,1062,FALSE,IZHMA (TRIB. PECHORA)
EFAS,12,2586,NOVOE,39.67,59.12,0,,,Tosnja,RU,,179,Tosnja,,1,FALSE,0,1,0,0,0,0,,FALSE,5967500,4352500,,,Out of XDOM  Provider upArea too small to be included in calibration,2586,FALSE,1062,FALSE,YEMA
EFAS,12,2587,YENA,31.15,67.6,0,,,Yena,RU,1850,1600,Yena,,0,TRUE,0,1,0,0,0,0,,FALSE,5212500,5082500,,,Discharge data older than calibration period,2587,FALSE,1062,FALSE,YENA
EFAS,12,2588,URA-GUBA,32.8,69.28,0,,,Barents sea coastal catchments and small basins,RU,575,1020,Ura,,0,TRUE,0,1,0,0,0,0,,FALSE,5212500,5277500,,,Discharge data older than calibration period,2588,FALSE,1062,FALSE,URA
EFAS,12,2589,"OKTIABRSKY RAILWAY,KM 1429",33.01,68.88,0,,,Kola,RU,4325,3780,Kola,,0,TRUE,0,1,0,0,0,0,,FALSE,5242500,5237500,,,Discharge data older than calibration period,2589,FALSE,1062,FALSE,KOLA
EFAS,12,2590,VERKHNETULOMSKIY GES,31.79,68.6,0,HIST_24h,,Kola,RU,19950,10450.6,Kola,1,0,TRUE,0,1,0,0,0,0,,FALSE,5202500,5192500,24,ID_2590.mod,Moved down stream  obscillations strogly regulated but no dam in lsf,2590,FALSE,1062,FALSE,Lotta
EFAS,12,2591,PAIALKA,34.3,66.67,0,,,"Teno-, Naatamo- and Paatsjoki (Finnish part)",RU,5400,6250,Teno,,0,TRUE,0,1,0,0,0,0,,FALSE,5367500,5037500,,,Discharge data older than calibration period,2591,FALSE,1062,FALSE,UMBA
EFAS,12,2592,PECHENGA (PETSAMO),31.22,69.55,0,,,Pechenga,RU,1650,1680,Pechenga,,0,TRUE,0,1,0,0,0,0,,FALSE,5142500,5287500,,,Discharge data older than calibration period,2592,FALSE,1062,FALSE,PECHENGA
EFAS,12,2593,LUOSTARI (YLAELUOSTARI),31,69.43,0,,,Pechenga,RU,25,142,Pechenga,,0,TRUE,0,1,0,0,0,0,,FALSE,5137500,5272500,,,Provider upArea too small to be included in calibration,2593,FALSE,1062,FALSE,NAMA-JOKI
EFAS,12,2594,KM 15.5,31.92,69.55,0,,,Titovka,RU,950,942,Titovka,,0,TRUE,0,1,0,0,0,0,,FALSE,5167500,5282500,,,Discharge data older than calibration period,2594,FALSE,1062,FALSE,TITOVKA
EFAS,12,2595,NEAR THE MOUTH,33.07,69.03,0,,,Kola,RU,75,22.8,Kola,,0,TRUE,0,1,0,0,0,0,,FALSE,5237500,5252500,,,Provider upArea too small to be included in calibration,2595,FALSE,1062,FALSE,RADIO-URUYEGE
EFAS,12,2596,SEREBRYANSKIY GES 1,35.58,68.81,0,HIST_24h,,Voronja,RU,8825,9997.78,Voronja,3,0,TRUE,0,1,0,0,0,0,,TRUE,5332500,5272500,24,ID_2596.mod,oscillations strongly regulated,2596,FALSE,1062,FALSE,Voronja
EFAS,12,2597,KANEVKA,39.66,67.13,0,HIST_24h,,Ponoy,RU,1225,10200,Ponoy,0,0,TRUE,0,1,0,0,0,0,,FALSE,5577500,5167500,24,ID_2597.mod,Remove from calib - Wrong LDD,2597,FALSE,1062,FALSE,PONOY
EFAS,12,2598,CHAPOMA,38.86,66.1,0,,,"Teno-, Naatamo- and Paatsjoki (Finnish part)",RU,1550,1090,Teno,,0,TRUE,0,1,0,0,0,0,,FALSE,5597500,5057500,,,Discharge data older than calibration period,2598,FALSE,1062,FALSE,CHAPOMA
EFAS,12,2599,CHAVANGA,37.75,66.11,0,,,"Teno-, Naatamo- and Paatsjoki (Finnish part)",RU,1025,1180,Teno,,0,TRUE,0,1,0,0,0,0,,FALSE,5547500,5027500,,,Discharge data older than calibration period,2599,FALSE,1062,FALSE,CHAVANGA
EFAS,12,2600,VARZUGA,36.61,66.4,0,HIST_24h,,Varzuga,RU,18875,7940,Varzuga,3,0,TRUE,0,1,0,0,0,0,,TRUE,5487500,5037500,24,ID_2600.mod,Moved on main stream,2600,FALSE,1062,FALSE,VARZUGA
EFAS,12,2601,KUZREKA,34.8,66.61,0,,,"Teno-, Naatamo- and Paatsjoki (Finnish part)",RU,75,250,Teno,,0,TRUE,0,1,0,0,0,0,,FALSE,5402500,5027500,,,Provider upArea too small to be included in calibration,2601,FALSE,1062,FALSE,KUZREKA
EFAS,12,2602,OLENITSA,35.31,66.46,0,,,"Teno-, Naatamo- and Paatsjoki (Finnish part)",RU,375,374,Teno,,0,TRUE,0,1,0,0,0,0,,FALSE,5427500,5022500,,,Provider upArea too small to be included in calibration,2602,FALSE,1062,FALSE,OLENITSA
EFAS,12,2603,KOLVITSA,32.98,67.08,0,,,"Teno-, Naatamo- and Paatsjoki (Finnish part)",RU,1425,1260,Teno,,0,TRUE,0,1,0,0,0,0,,FALSE,5307500,5052500,,,Discharge data older than calibration period,2603,FALSE,1062,FALSE,KOLVITSA
EFAS,12,2604,PAIUBA,24.97,59.38,0,,,Pirita,EE,75,84.3,Pirita,,0,TRUE,0,1,0,0,0,0,,FALSE,5167500,4122500,,,Provider upArea too small to be included in calibration,2604,FALSE,1062,FALSE,LEVAJOKI
EFAS,12,2605,OREKULA,24.77,58.47,0,,,Parnu,EE,4850,5180,Parnu,,0,TRUE,0,1,0,0,0,0,,FALSE,5177500,4017500,,,Discharge data older than calibration period,2605,FALSE,1062,FALSE,PAERNU JOGI
EFAS,12,2606,NYUKHCHA,36.25,63.92,0,,,"Teno-, Naatamo- and Paatsjoki (Finnish part)",RU,1225,1350,Teno,,0,TRUE,0,1,0,0,0,0,,FALSE,5577500,4772500,,,Discharge data older than calibration period,2606,FALSE,1062,FALSE,NYUKHCHA
EFAS,12,2607,MALOSHUYKA,37.45,63.71,0,,,"Teno-, Naatamo- and Paatsjoki (Finnish part)",RU,750,481,Teno,,0,TRUE,0,1,0,0,0,0,,FALSE,5642500,4767500,,,Provider upArea too small to be included in calibration,2607,FALSE,1062,FALSE,MALOSHUYKA
EFAS,12,2608,VONGUDA,38.52,63.86,0,,,Mosha,RU,,374,Mosha,,1,FALSE,0,1,0,0,0,0,,FALSE,5687500,4812500,,,Out of XDOM  Provider upArea too small to be included in calibration,2608,FALSE,1062,FALSE,VONGUDA
EFAS,12,2609,TARTU,26.73,58.36,0,,,Emajogi,EE,8325,7850,Narva,,0,TRUE,0,1,0,0,0,0,,FALSE,5292500,4032500,,,Discharge data older than calibration period,2609,FALSE,1062,FALSE,EMAJOGI
EFAS,12,2610,OSINKINA,29.23,57.1,0,,,Velikaya,RU,3175,3170,Narva,,0,TRUE,0,1,0,0,0,0,,FALSE,5472500,3932500,,,Discharge data older than calibration period,2610,FALSE,1062,FALSE,SOROT
EFAS,12,2611,NARVA (HEP),28.19,59.37,0,HIST_24h,,Narva,EE,57875,56000,Narva,0,0,TRUE,0,1,0,0,0,0,,FALSE,5342500,4152500,,,Old data and not enough data after 199-,2611,FALSE,1062,FALSE,NARVA JOGI
EFAS,12,2612,TOLMACHEVO,29.9,58.85,0,,,Luga,RU,7075,5990,Luga,,0,TRUE,0,1,0,0,0,0,,FALSE,5452500,4132500,,,Discharge data older than calibration period,2612,FALSE,1062,FALSE,LUGA
EFAS,12,2613,NOVOSARATOVKA,30.52,59.83,0,HIST_24h,,Lake Ladoga sub-catchment,RU,210225,281000,Neva,3,0,TRUE,0,1,0,0,0,0,,TRUE,5427500,4332500,24,ID_2613.mod,Moved to cope with error in LDD,2613,FALSE,1062,FALSE,NEVA
EFAS,12,2614,PODSOSONYE,31.06,57.63,0,,,Polist,RU,300,138,Polist,,0,TRUE,0,1,0,0,0,0,,FALSE,5557500,4022500,,,Provider upArea too small to be included in calibration,2614,FALSE,1062,FALSE,PEREKHODA
EFAS,12,2615,DOMACHEVO,33.81,59.56,0,,,Syas,RU,1300,112,Syas,,0,TRUE,0,1,0,0,0,0,,FALSE,5642500,4277500,,,Provider upArea too small to be included in calibration,2615,FALSE,1062,FALSE,DYMKA (TRIB. NEVA)
EFAS,12,2616,OLONETS,32.96,60.98,0,,,"Lake Ladoga, sub-catchment",RU,1300,2120,Olonka,,0,TRUE,0,1,0,0,0,0,,FALSE,5542500,4412500,,,Discharge data older than calibration period,2616,FALSE,1062,FALSE,OLONKA
EFAS,12,2617,XII GES,34.3,60.93,0,,,Verkhne Svirskoye Vod.,RU,75,67100,Svir,,0,TRUE,0,1,0,0,0,0,,FALSE,5612500,4427500,,,Discharge data older than calibration period,2617,FALSE,1062,FALSE,SVIR
EFAS,12,2618,MEDVEZH'YEGORSK,34.46,62.91,0,,,Ozero Onezhskoye sub-catchment,RU,475,735,Ozero,,0,TRUE,0,1,0,0,0,0,,FALSE,5542500,4637500,,,Discharge data older than calibration period,2618,FALSE,1062,FALSE,KUMSA
EFAS,12,2619,SUMSKIY POSAD,35.41,64.25,0,,,"Teno-, Naatamo- and Paatsjoki (Finnish part)",RU,2050,1990,Teno,,0,TRUE,0,1,0,0,0,0,,FALSE,5527500,4792500,,,Discharge data older than calibration period,2619,FALSE,1062,FALSE,SUMA (TRIB. WHITE SEA)
EFAS,12,2620,PUTKINSKAYA GES,34.62,64.95,0,,,"Kem, below Kepa",RU,30800,28700,Kem,,0,TRUE,0,1,0,0,0,0,,FALSE,5462500,4857500,,,Discharge data older than calibration period,2620,FALSE,1062,FALSE,KEM (TRIB. WHITE SEA)
EFAS,12,2621,KEM,34.56,64.95,0,,,"Kem, below Kepa",RU,450,2860,Kem,,0,TRUE,0,1,0,0,0,0,,FALSE,5462500,4852500,,,Discharge data older than calibration period,2621,FALSE,1062,FALSE,KEM (TRIB. YENISEI)
EFAS,12,2622,SHUYERETSKOYE,34.75,64.71,0,,,"Teno-, Naatamo- and Paatsjoki (Finnish part)",RU,650,934,Teno,,0,TRUE,0,1,0,0,0,0,,FALSE,5477500,4832500,,,Discharge data older than calibration period,2622,FALSE,1062,FALSE,SHUYA
EFAS,12,2623,KNYAZHEGUBSKOYE GES,32.34,66.77,0,HIST_24h,,Tumcha,RU,22400,25900,Tumcha,3,0,TRUE,0,1,0,0,0,0,,TRUE,5297500,5007500,24,ID_2623.mod,large oscillations  strongly regulated,2623,FALSE,1062,FALSE,KOVDA
EFAS,12,2624,PONGOMA,34.41,65.34,0,,,"Teno-, Naatamo- and Paatsjoki (Finnish part)",RU,1675,1220,Teno,,0,TRUE,0,1,0,0,0,0,,FALSE,5432500,4892500,,,Discharge data older than calibration period,2624,FALSE,1062,FALSE,PONGOMA
EFAS,12,2625,NAGELMUIZA (STARINI),24.44,56.98,0,,,Ogre,LV,725,492,Daugava,,0,TRUE,0,1,0,0,0,0,,FALSE,5197500,3852500,,,Provider upArea too small to be included in calibration,2625,FALSE,1062,FALSE,MAZA JUGLA
EFAS,12,2626,YANKOVO - 1,29.2,55.5,0,,,"Zakhodni Dzvina, section Kasplya - Dzisna",BY,400,618,Daugava,,0,TRUE,0,1,0,0,0,0,,FALSE,5512500,3757500,,,Discharge data older than calibration period,2626,FALSE,1062,FALSE,POLOTA
EFAS,12,2627,BELYY,32.93,55.83,0,,,Mezha,RU,1625,1590,Mezha,,0,TRUE,0,1,0,0,0,0,,FALSE,5732500,3867500,,,Discharge data older than calibration period,2627,FALSE,1062,FALSE,OBSHA
EFAS,12,2628,RUSAKI,26.8,55.18,0,,,Disna,BY,350,462,Daugava,,0,TRUE,0,1,0,0,0,0,,FALSE,5382500,3682500,,,Provider upArea too small to be included in calibration,2628,FALSE,1062,FALSE,MYADELKA
EFAS,12,2629,SANTAKAI,25.97,55.18,0,,,"Neris, above Sventoji",LT,725,164,Nemunas,,0,TRUE,0,1,0,0,0,0,,FALSE,5327500,3682500,24,ID_2629.mod,Provider upArea too small to be included in calibration,2629,FALSE,1062,FALSE,VILNIA
EFAS,12,2630,VILNIUS,25.31,54.68,0,HIST_24h,,"Neris, above Sventoji",LT,625,623,Nemunas,3,0,TRUE,0,1,0,0,0,0,,TRUE,5307500,3617500,24,ID_2630.mod,,2630,FALSE,1062,FALSE,VILNIA
EFAS,12,2631,MIKUZIAI,21.35,55.5,0,,,Minija,LT,275,258,Minija,,0,TRUE,0,1,0,0,0,0,,FALSE,5042500,3647500,24,ID_2631.mod,Provider upArea too small to be included in calibration,2631,FALSE,1062,FALSE,VEIVIRAZAS
EFAS,12,2632,KARTENA,21.47,55.92,0,HIST_24h,,Minija,LT,1200,1220,Minija,3,0,TRUE,0,1,0,0,0,0,,TRUE,5037500,3707500,24,ID_2632.mod,,2632,FALSE,1062,FALSE,MINIJA
EFAS,12,2633,KALVARIJA,23.23,54.4,0,,,Sheshule,LT,425,444,Nemunas,,0,TRUE,0,1,0,0,0,0,,FALSE,5172500,3557500,24,ID_2633.mod,Provider upArea too small to be included in calibration,2633,FALSE,1062,FALSE,SESUPE - SHESHUPE
EFAS,12,2634,KUDIRKOS NAUMIESTIS,22.86,54.77,0,HIST_24h,,Sheshule,LT,3100,3180,Nemunas,3,0,TRUE,0,1,0,0,0,0,,TRUE,5147500,3592500,24,ID_2634.mod,,2634,FALSE,1062,FALSE,SESUPE - SHESHUPE
EFAS,12,2635,DASIUNAI,23.85,55.16,0,HIST_24h,,Nevezis,LT,5600,5510,Nemunas,3,0,TRUE,0,1,0,0,0,0,,TRUE,5197500,3647500,24,ID_2635.mod,,2635,FALSE,1062,FALSE,NEVEZIS
EFAS,12,2636,MOLCHAD,25.7,53.31,0,,,"Neman, above Shchara",BY,250,211,Nemunas,,0,TRUE,0,1,0,0,0,0,,FALSE,5357500,3467500,,,Provider upArea too small to be included in calibration,2636,FALSE,1062,FALSE,MOLCHAD
EFAS,12,2637,STOWBTSY (STOLBTSY),26.74,53.47,0,,,"Neman, above Shchara",BY,2925,3070,Nemunas,,0,TRUE,0,1,0,0,0,0,,FALSE,5427500,3497500,,,Discharge data older than calibration period,2637,FALSE,1062,FALSE,NEMUNAS - NEMAN
EFAS,12,2638,RYBINSKAYA GES,38.72,58.18,0,HIST_24h,,VOLGA,RU,,150000,Volga,,1,FALSE,0,1,0,0,0,0,,FALSE,5962500,4232500,,,Out of XDOM,2638,FALSE,1062,FALSE,VOLGA
EFAS,12,2639,YELTSY,33.83,56.66,0,,,"Volga, above Osuga, Sezha and Gzhat",RU,,9130,Volga,,1,FALSE,0,1,0,0,0,0,,FALSE,5752500,3967500,,,Out of XDOM  Discharge data older than calibration period,2639,FALSE,1062,FALSE,VOLGA
EFAS,12,2640,ZHILINO (KOSTOMAROVO),36.08,52.98,0,,,VOLGA,RU,,4900,Volga,,1,FALSE,0,1,0,0,0,0,,FALSE,6027500,3632500,,,Out of XDOM  Discharge data older than calibration period,2640,FALSE,1062,FALSE,OKA (TRIB. VOLGA)
EFAS,12,2641,MUROM,42.04,55.56,0,HIST_24h,,VOLGA,RU,,188000,Volga,,1,FALSE,0,1,0,0,0,0,,FALSE,6267500,4052500,,,Out of XDOM,2641,FALSE,1062,FALSE,OKA (TRIB. VOLGA)
EFAS,12,2642,BARSUKI,37.49,54.26,0,,,VOLGA,RU,,755,Volga,,1,FALSE,0,1,0,0,0,0,,FALSE,6062500,3797500,,,Out of XDOM  Discharge data older than calibration period,2642,FALSE,1062,FALSE,MOSKVA
EFAS,12,2643,SPAS-ZAGORYE,36.59,55.04,0,,,VOLGA,RU,,3640,Volga,,1,FALSE,0,1,0,0,0,0,,FALSE,5977500,3857500,,,Out of XDOM  Discharge data older than calibration period,2643,FALSE,1062,FALSE,PROTVA
EFAS,12,2644,KNYAZHYA,46.04,55.53,0,,,VOLGA,RU,,54400,Volga,,1,FALSE,0,1,0,0,0,0,,FALSE,6487500,4162500,,,Out of XDOM  Discharge data older than calibration period,2644,FALSE,1062,FALSE,SURA (TRIB. VOLGA)
EFAS,12,2645,BORTNIKOVO,40.83,57.29,0,,,VOLGA,RU,,739,Volga,,1,FALSE,0,1,0,0,0,0,,FALSE,6117500,4192500,,,Out of XDOM  Discharge data older than calibration period,2645,FALSE,1062,FALSE,SOLONITSA
EFAS,12,2646,KLOPOVO-GORODISHCHE,41.88,57.46,0,,,VOLGA,RU,,339,Volga,,1,FALSE,0,1,0,0,0,0,,FALSE,6162500,4237500,,,Out of XDOM  Provider upArea too small to be included in calibration,2646,FALSE,1062,FALSE,SHOSHA
EFAS,12,2647,VYRYPAYEVKA,48.28,54.25,0,,,VOLGA,RU,,3600,Volga,,1,FALSE,0,1,0,0,0,0,,FALSE,6682500,4107500,,,Out of XDOM  Discharge data older than calibration period,2647,FALSE,1062,FALSE,SVIYAGA
EFAS,12,2648,NABEREZHNYYE CHELNY,52.42,55.75,0,,,VOLGA,RU,,370000,Volga,,1,FALSE,0,1,0,0,0,0,,FALSE,6807500,4397500,,,Out of XDOM  Discharge data older than calibration period,2648,FALSE,1062,FALSE,KAMA (TRIB. VOLGA)
EFAS,12,2649,TATARSKAYA DYMSKAYA,52.96,54.35,0,,,VOLGA,RU,,520,Volga,,1,FALSE,0,1,0,0,0,0,,FALSE,6922500,4282500,,,Out of XDOM  Discharge data older than calibration period,2649,FALSE,1062,FALSE,DYMKA (TRIB. KAMA)
EFAS,12,2650,UFA,55.99,54.54,0,HIST_24h,,VOLGA,RU,,100000,Volga,,1,FALSE,0,1,0,0,0,0,,FALSE,7067500,4417500,,,Out of XDOM,2650,FALSE,1062,FALSE,BELAYA (TRIB. KAMA)
EFAS,12,2651,OSHIB,54.87,59.22,0,,,VOLGA,RU,,836,Volga,,1,FALSE,0,1,0,0,0,0,,FALSE,6687500,4802500,,,Out of XDOM  Discharge data older than calibration period,2651,FALSE,1062,FALSE,VELVA
EFAS,12,2652,STAROUTKINSK,59.33,57.22,0,,,VOLGA,RU,,5450,Volga,,1,FALSE,0,1,0,0,0,0,,FALSE,7027500,4787500,,,Out of XDOM  Discharge data older than calibration period,2652,FALSE,1062,FALSE,CHUSOVAYA
EFAS,12,2653,PETRETSOVO,57.23,61.28,0,,,NORTHERN DVINA(SEVERNAYA DVINA),RU,,2830,Dvina,,1,FALSE,0,1,0,0,0,0,,FALSE,6642500,5067500,,,Out of XDOM  Discharge data older than calibration period,2653,FALSE,1062,FALSE,KOLVA (TRIB. KAMA)
EFAS,12,2654,NIZHNE-ITKULOVO,56.31,53.38,0,,,VOLGA,RU,,141,Volga,,1,FALSE,0,1,0,0,0,0,,FALSE,7162500,4322500,,,Out of XDOM  Provider upArea too small to be included in calibration,2654,FALSE,1062,FALSE,SELEUK
EFAS,12,2655,VOLGOGRAD POWER PLANT,44.58,48.8,0,HIST_24h,,VOLGA,RU,,1360000,Volga,,1,FALSE,0,1,0,0,0,0,,FALSE,6757500,3442500,,,Out of XDOM,2655,FALSE,1062,FALSE,VOLGA
EFAS,12,2656,SYZRAN,48.47,53.17,0,,,VOLGA,RU,,352,Volga,,1,FALSE,0,1,0,0,0,0,,FALSE,6752500,4012500,,,Out of XDOM  Provider upArea too small to be included in calibration,2656,FALSE,1062,FALSE,KRYMZA
EFAS,12,2657,RAZDORSKAYA,40.64,47.54,0,HIST_24h,,Don,RU,,378000,Don,,1,FALSE,0,1,0,0,0,0,,FALSE,6552500,3187500,,,Out of XDOM,2657,FALSE,1062,FALSE,DON
EFAS,12,2658,KAZANSKAYA,41.14,49.79,0,,,Don,RU,,102000,Don,,1,FALSE,0,1,0,0,0,0,,FALSE,6487500,3432500,,,Out of XDOM  Discharge data older than calibration period,2658,FALSE,1062,FALSE,DON
EFAS,12,2659,BOGURAYEV,40.67,48.14,0,,,Don,RU,,722,Don,,1,FALSE,0,1,0,0,0,0,,FALSE,6527500,3252500,,,Out of XDOM  Discharge data older than calibration period,2659,FALSE,1062,FALSE,LIKHAYA
EFAS,12,2660,CHUTANOVKA,42.74,52.6,0,,,Don,RU,,5560,Don,,1,FALSE,0,1,0,0,0,0,,FALSE,6452500,3767500,,,Out of XDOM  Discharge data older than calibration period,2660,FALSE,1062,FALSE,VORONA
EFAS,12,2661,SHUMILINSKAYA,41.44,49.96,0,,,Don,RU,,572,Don,,1,FALSE,0,1,0,0,0,0,,FALSE,6497500,3462500,,,Out of XDOM  Discharge data older than calibration period,2661,FALSE,1062,FALSE,PESKOVATKA
EFAS,12,2662,GROMOVKA,27.3,49.8,0,,,Sluch,UA,1625,2480,Dnieper,,0,TRUE,0,1,0,0,0,0,,FALSE,5562500,3112500,,,Discharge data older than calibration period,2662,FALSE,1062,FALSE,SLUCH
EFAS,12,2663,GORODKOVKA,29,49.91,0,,,Teteriv,UA,375,312,Dnieper,,0,TRUE,0,1,0,0,0,0,,FALSE,5667500,3152500,,,Provider upArea too small to be included in calibration,2663,FALSE,1062,FALSE,GUYVA
EFAS,12,2664,USKOSY,32.06,54.14,0,,,Sozh,RU,2700,2600,Dnieper,,0,TRUE,0,1,0,0,0,0,,FALSE,5737500,3667500,,,Discharge data older than calibration period,2664,FALSE,1062,FALSE,SOZHENKA
EFAS,12,2665,SHIRKOVO,35.52,51.41,0,,,Dnieper,RU,300,530,Dnieper,,0,TRUE,0,1,0,0,0,0,,FALSE,6052500,3442500,,,Discharge data older than calibration period,2665,FALSE,1062,FALSE,PRUTISHCHE
EFAS,12,2666,BESEDINA,36.42,51.68,0,,,Dnieper,RU,750,630,Dnieper,,0,TRUE,0,1,0,0,0,0,,FALSE,6102500,3502500,,,Discharge data older than calibration period,2666,FALSE,1062,FALSE,RAT (TRIB. DESNA)
EFAS,12,2667,KRUPODERENTSY,29.33,49.5,0,,,Rostavista,UA,575,618,Dnieper,,0,TRUE,0,1,0,0,0,0,,FALSE,5702500,3117500,,,Discharge data older than calibration period,2667,FALSE,1062,FALSE,ROS
EFAS,12,2668,BARYSHIVKA,31.33,50.36,0,,,Trubizh,UA,5450,1990,Dnieper,,0,TRUE,0,1,0,0,0,0,,FALSE,5812500,3247500,,,Discharge data older than calibration period,2668,FALSE,1062,FALSE,TRUBEZH
EFAS,12,2669,PEREYASLAV-KHMELNYTSKYY,31.46,50.08,0,,,Trubizh,UA,7700,3430,Dnieper,,0,TRUE,0,1,0,0,0,0,,FALSE,5832500,3217500,,,Discharge data older than calibration period,2669,FALSE,1062,FALSE,TRUBEZH
EFAS,12,2670,NOVOGOROZHENOYE,32.35,47.51,0,,,Southern Bug,UA,6575,6670,Bug,,0,TRUE,0,1,0,0,0,0,,FALSE,5977500,2962500,,,Discharge data older than calibration period,2670,FALSE,1062,FALSE,INHUL
EFAS,12,2671,DNEPR POWER PLANT,35.15,47.92,0,,,Dnieper,UA,50,463000,Dnieper,,0,TRUE,0,1,0,0,0,0,,FALSE,6162500,3072500,,,Discharge data older than calibration period,2671,FALSE,1062,FALSE,DNEPR
EFAS,12,2672,KIEV (KYYIV),30.51,50.43,0,,,"Dnepr, Desna - Trubizh",UA,50,328000,Dnieper,,0,TRUE,0,1,0,0,0,0,,FALSE,5757500,3237500,,,Discharge data older than calibration period,2672,FALSE,1062,FALSE,DNEPR
EFAS,12,2673,KAKHOVSKOYE VODOKHRANILISHCHE GES,33.18,46.77,0,,,Dnieper,UA,25,482000,Dnieper,,0,TRUE,0,1,0,0,0,0,,FALSE,6062500,2902500,,,Discharge data older than calibration period,2673,FALSE,1062,FALSE,DNEPR
EFAS,12,2674,BALTI (BELTSY),27.92,47.76,0,,,Reut,MD,1125,1040,Reut,,0,TRUE,0,1,0,0,0,0,,FALSE,5647500,2902500,,,Discharge data older than calibration period,2674,FALSE,1062,FALSE,RAUTEL
EFAS,12,2675,TIGHINA (BENDERY),29.47,46.83,0,,,"Dnestr, below Reut",MD,25,66100,Dnesstr,,0,TRUE,0,1,0,0,0,0,,FALSE,5787500,2827500,,,Discharge data older than calibration period,2675,FALSE,1062,FALSE,DNIESTR
EFAS,12,2676,BASHTANOVKA,33.9,44.68,0,,,Black sea coastal and small river basins,UA,350,321,Kacha,,0,TRUE,0,1,0,0,0,0,,FALSE,6182500,2697500,,,Provider upArea too small to be included in calibration,2676,FALSE,1062,FALSE,KACHA (TRIB. BLACK SEA)
EFAS,12,2677,YALTA,34.16,44.5,0,,,Black sea coastal and small river basins,UA,75,49.7,Derekoy,,0,TRUE,0,1,0,0,0,0,,FALSE,6207500,2687500,,,Provider upArea too small to be included in calibration,2677,FALSE,1062,FALSE,DEREKOY
EFAS,12,2678,PIONERSKOE,34.2,44.88,0,,,Azov Sea coastal areas and small basins,UA,250,261,Salhyr,,0,TRUE,0,1,0,0,0,0,,FALSE,6197500,2727500,,,Provider upArea too small to be included in calibration,2678,FALSE,1062,FALSE,SALHYR
EFAS,12,2679,TOKMAK,35.7,47.25,0,,,Azov Sea coastal areas and small basins,UA,800,760,Molochna,,0,TRUE,0,1,0,0,0,0,,FALSE,6222500,3017500,,,Discharge data older than calibration period,2679,FALSE,1062,FALSE,MOLOCHNA
EFAS,12,2680,NOVOSELOVKA,38.14,48.15,0,,,Azov Sea coastal areas and small basins,UA,,582,Krynka,,1,FALSE,0,1,0,0,0,0,,FALSE,6357500,3177500,,,Out of XDOM  Discharge data older than calibration period,2680,FALSE,1062,FALSE,KRYNKA
EFAS,12,2681,TIKHOVSKY,38.22,45.19,0,HIST_24h,,KUBAN,RU,47825,48100,Kuban,3,0,TRUE,0,1,0,0,0,0,,TRUE,6482500,2867500,24,ID_2681.mod,seems regulated but no dam in lsf,2681,FALSE,1062,FALSE,KUBAN
EFAS,12,2682,KRASNODAR,38.97,45.03,0,HIST_24h,,KUBAN,RU,45375,45900,Kuban,0,0,TRUE,0,1,0,0,0,0,,FALSE,6537500,2872500,,,few data,2682,FALSE,1062,FALSE,KUBAN
EFAS,12,2683,KRYMSK,37.98,44.92,0,,,KUBAN,RU,350,328,Kuban,,0,TRUE,0,1,0,0,0,0,,FALSE,6477500,2832500,,,Provider upArea too small to be included in calibration,2683,FALSE,1062,FALSE,ADAGUM
EFAS,12,2684,SEVERSKAYA,38.67,44.85,0,,,KUBAN,RU,200,201,Kuban,,0,TRUE,0,1,0,0,0,0,,FALSE,6527500,2842500,,,Provider upArea too small to be included in calibration,2684,FALSE,1062,FALSE,UBINKA
EFAS,12,2685,GORYACHIY KLYUCH,39.13,44.63,0,,,KUBAN,RU,850,765,Kuban,,0,TRUE,0,1,0,0,0,0,,FALSE,6572500,2842500,,,Discharge data older than calibration period,2685,FALSE,1062,FALSE,PSEKOUPS
EFAS,12,2686,KRASNO-OKTIABRSKIY,40.09,44.3,0,,,KUBAN,RU,1800,765,Kuban,,0,TRUE,0,1,0,0,0,0,,FALSE,6657500,2837500,,,Discharge data older than calibration period,2686,FALSE,1062,FALSE,KURDZHIPS
EFAS,12,2687,TEBERDA,41.74,43.44,0,,,KUBAN,RU,575,504,Kuban,,0,TRUE,0,1,0,0,0,0,,FALSE,6807500,2797500,,,Discharge data older than calibration period,2687,FALSE,1062,FALSE,TEBERDA
EFAS,12,2688,IMENI KOSTA KHETAGUROVA,41.91,43.8,0,,,KUBAN,RU,3875,3800,Kuban,,0,TRUE,0,1,0,0,0,0,,FALSE,6807500,2842500,,,Discharge data older than calibration period,2688,FALSE,1062,FALSE,KUBAN
EFAS,12,2689,SVETLOGRAD,42.85,45.33,0,,,,RU,,4540,Kalaus,,1,FALSE,0,1,0,0,0,0,,FALSE,6802500,3032500,,,Out of XDOM  Discharge data older than calibration period,2689,FALSE,1062,FALSE,KALAUS
EFAS,12,2690,ALEKSANDRIYSKAYA,43.34,44.22,0,,,,RU,,3630,Kuma,,1,FALSE,0,1,0,0,0,0,,FALSE,6892500,2932500,,,Out of XDOM  Discharge data older than calibration period,2690,FALSE,1062,FALSE,KUMA (TRIB. CASPIAN SEA)
EFAS,12,2691,VLADIKAVKAZ (ORDZHONIKIDZE),44.66,43.03,0,,,Terek,RU,1500,1490,Terek,,0,TRUE,0,1,0,0,0,0,,FALSE,7042500,2857500,,,Discharge data older than calibration period,2691,FALSE,1062,FALSE,TEREK (TERGI)
EFAS,12,2692,GUERGUEBIL,46.96,42.38,0,,,Terek,RU,1550,1850,Terek,,0,TRUE,0,1,0,0,0,0,,FALSE,7237500,2882500,,,Discharge data older than calibration period,2692,FALSE,1062,FALSE,KAZIKUMUKHSKOYE KOYSU
EFAS,12,2693,LUCHEK,47.3,41.61,0,,,Caspian sea coastal catchments and small basins,RU,1450,481,Kara,,0,TRUE,0,1,0,0,0,0,,FALSE,7297500,2817500,,,Provider upArea too small to be included in calibration,2693,FALSE,1062,FALSE,KARA-SAMUR
EFAS,12,2694,TAT'YANOVKA,39.4,43.95,0,,,Black sea coastal and small river basins,RU,275,255,Psezuapse,,0,TRUE,0,1,0,0,0,0,,FALSE,6617500,2777500,,,Provider upArea too small to be included in calibration,2694,FALSE,1062,FALSE,PSEZUAPSE
EFAS,12,2695,SOLOKHAUL,39.67,43.79,0,,,Black sea coastal and small river basins,RU,425,423,Shakhe,,0,TRUE,0,1,0,0,0,0,,FALSE,6642500,2767500,,,Provider upArea too small to be included in calibration,2695,FALSE,1062,FALSE,SHAKHE
EFAS,12,2696,PLASTUNKA,39.82,43.68,0,,,Black sea coastal and small river basins,RU,275,238,Sochi,,0,TRUE,0,1,0,0,0,0,,FALSE,6657500,2762500,,,Provider upArea too small to be included in calibration,2696,FALSE,1062,FALSE,SOCHI
EFAS,12,2697,JIRKHVA (DZIRKHVA),40.37,43.23,0,,,Black sea coastal and small river basins,GE,1525,1410,Bzipi,,0,TRUE,0,1,0,0,0,0,,FALSE,6717500,2732500,,,Discharge data older than calibration period,2697,FALSE,1062,FALSE,BZIPI
EFAS,12,2698,LECHAKHARE,41.89,42.31,0,,,Rioni,GE,300,310,Rioni,,0,TRUE,0,1,0,0,0,0,,FALSE,6867500,2697500,,,Provider upArea too small to be included in calibration,2698,FALSE,1062,FALSE,KHOBI
EFAS,12,2699,KHIDMAGHALA,41.79,42.04,0,,,Black sea coastal and small river basins,GE,1175,1100,Supsa,,0,TRUE,0,1,0,0,0,0,,FALSE,6877500,2657500,,,Discharge data older than calibration period,2699,FALSE,1062,FALSE,SUPSA
EFAS,12,2700,KVEMO NATANEBI,41.8,41.92,0,,,Black sea coastal and small river basins,GE,625,469,Natanebi,,0,TRUE,0,1,0,0,0,0,,FALSE,6877500,2642500,,,Provider upArea too small to be included in calibration,2700,FALSE,1062,FALSE,NATANEBI
EFAS,12,2701,NAMOKHVANI,42.7,42.42,0,,,Rioni,GE,3550,3450,Rioni,,0,TRUE,0,1,0,0,0,0,,FALSE,6927500,2727500,,,Discharge data older than calibration period,2701,FALSE,1062,FALSE,RIONI
EFAS,12,2702,KAPS,43.71,40.86,0,,,KURA,AM,1000,839,KURA,,0,TRUE,0,1,0,0,0,0,,FALSE,7072500,2607500,,,Discharge data older than calibration period,2702,FALSE,1062,FALSE,AKHURYANI JRAMBAR
EFAS,12,2703,KORINTA,44.48,42.18,0,,,KURA,GE,525,461,KURA,,0,TRUE,0,1,0,0,0,0,,FALSE,7067500,2767500,,,Provider upArea too small to be included in calibration,2703,FALSE,1062,FALSE,KSANI
EFAS,12,2704,ZEMO MLETA (MLETI),44.49,42.43,0,,,KURA,GE,175,107,KURA,,0,TRUE,0,1,0,0,0,0,,FALSE,7057500,2792500,,,Provider upArea too small to be included in calibration,2704,FALSE,1062,FALSE,ARAGVI
EFAS,12,2705,GUGARK (MEGRUT),44.53,40.8,0,,,KURA,AM,1100,1070,KURA,,0,TRUE,0,1,0,0,0,0,,FALSE,7132500,2627500,,,Discharge data older than calibration period,2705,FALSE,1062,FALSE,DEBEDA
EFAS,12,2706,ZURNABAD,46.24,40.5,0,,,KURA,AZ,375,332,KURA,,0,TRUE,0,1,0,0,0,0,,FALSE,7277500,2662500,,,Provider upArea too small to be included in calibration,2706,FALSE,1062,FALSE,GANDZHACHAY
EFAS,12,2707,EYVAZLI,46.39,39.43,0,,,KURA,AZ,2200,2020,KURA,,0,TRUE,0,1,0,0,0,0,,FALSE,7337500,2562500,,,Discharge data older than calibration period,2707,FALSE,1062,FALSE,VOROTAN
EFAS,12,2708,SURRA,48.52,40.07,0,,,KURA,AZ,25,178000,KURA,,0,TRUE,0,1,0,0,0,0,,FALSE,7462500,2712500,,,Discharge data older than calibration period,2708,FALSE,1062,FALSE,KURA
EFAS,12,2709,Kresna,23.1555,41.7842,0,HIST_24h,,Strimonas,BG,7025,16885.48,Strimonas,3,0,TRUE,0,1,0,0,0,0,,TRUE,5412500,2167500,24,ID_2709.mod,,2709,FALSE,1062,FALSE,Strimonas
EFAS,12,2710,Marino Pole,23.3192,41.4169,0,HIST_24h,,Strimonas,BG,10225,10243,Strimonas,3,0,TRUE,0,1,0,0,0,0,,TRUE,5432500,2132500,24,ID_2710.mod,,2710,FALSE,1062,FALSE,STRUMA
EFAS,12,2711,Strumeshnitza,23.0194,41.3939,0,HIST_24h,,Strimonas,BG,1650,16885.48,Strimonas,3,0,TRUE,0,1,0,0,0,0,,TRUE,5412500,2127500,24,ID_2711.mod,Wrong area from provider,2711,FALSE,1062,FALSE,Strumeshnitza
EFAS,12,2712,Bobosheva,23.0005,42.1542,0,HIST_24h,,Strimonas,BG,4400,16885.48,Strimonas,3,0,TRUE,0,1,0,0,0,0,,TRUE,5392500,2207500,24,ID_2712.mod,Wrong area from provider,2712,FALSE,1062,FALSE,Strimonas
EFAS,12,2713,Ribarce,22.533,42.4177,0,HIST_24h,,Strimonas,RS,825,16885.48,Strimonas,0,0,TRUE,0,1,1,0,0,1,,FALSE,5357500,2232500,24,ID_2713.mod,Wrong area from provider  after 2002 data are not consistent with upstream stations,2713,FALSE,1062,FALSE,Dragovistica
EFAS,12,2714,Ribarce,22.523,42.4161,0,HIST_24h,,Strimonas,RS,100,16885.48,Strimonas,0,0,TRUE,0,1,1,0,0,1,,FALSE,5342500,2227500,24,ID_2714.mod,Wrong area from provider moved on affluent small LDD uparea,2714,FALSE,1062,FALSE,Dragovistica
EFAS,12,2715,Bosiljgrad,22.4686,42.4963,0,HIST_24h,,Strimonas,RS,450,16885.48,Strimonas,3,0,TRUE,0,1,1,0,0,1,,TRUE,5342500,2237500,24,ID_2715.mod,Wrong area from provider  moved on affluent,2715,FALSE,1062,FALSE,Dragovistica
EFAS,12,2716,Dupnitza,23.1203,42.2678,0,HIST_24h,,Strimonas,BG,725,16885.48,Strimonas,3,0,TRUE,0,1,0,0,0,0,,TRUE,5397500,2217500,24,ID_2716.mod,Wrong area from provider,2716,FALSE,1062,FALSE,Dzherman
EFAS,12,2717,Jaromer_labe,15.9275,50.342778,0,,,"Elbe, above Vltava",CZ,1875,13415.17,Elbe,,0,FALSE,0,0,0,0,0,0,,FALSE,4742500,3042500,,,No discharge data available for calibration period,2717,FALSE,1062,FALSE,Metuje
EFAS,12,2718,Tyniste nad Orlic,16.07,50.148889,0,,,"Elbe, above Vltava",CZ,1650,13415.17,Elbe,,0,FALSE,0,0,0,0,0,0,,FALSE,4752500,3022500,,,No discharge data available for calibration period,2718,FALSE,1062,FALSE,Brodec
EFAS,12,2719,Dasice_loucn,15.908333,50.0375,0,,,"Elbe, above Vltava",CZ,600,13415.17,Elbe,,0,FALSE,0,0,0,0,0,0,,FALSE,4747500,3007500,,,No discharge data available for calibration period,2719,FALSE,1062,FALSE,Loucn
EFAS,12,2720,Nemosice_Chrudim,15.792778,50.016944,0,,,"Elbe, above Vltava",CZ,850,13415.17,Elbe,,0,FALSE,0,0,0,0,0,0,,FALSE,4742500,3002500,,,No discharge data available for calibration period,2720,FALSE,1062,FALSE,Chrudimka
EFAS,12,2721,Brandyl nad labem,14.668611,50.189167,0,HIST_24h,,"Elbe, above Vltava",CZ,13275,13415.17,Elbe,3,0,TRUE,0,1,0,0,0,0,,TRUE,4647500,3022500,24,ID_2721.mod,,2721,FALSE,1062,FALSE,Elbe
EFAS,12,2722,Vyss_Brott_Vitara,14.306389,48.625833,0,HIST_24h,,"Vltava, above SazavaBlanice",CZ,1150,13286.74,Elbe,3,0,TRUE,0,1,0,0,0,0,,TRUE,4642500,2847500,24,ID_2722.mod,Wrong area from provider  lake,2722,FALSE,1062,FALSE,Vltava
EFAS,12,2723,Roudn_Malsa,14.491944,48.935833,0,HIST_24h,,"Vltava, above SazavaBlanice",CZ,3050,13286.74,Elbe,0,0,TRUE,0,1,0,0,0,0,,FALSE,4647500,2887500,24,ID_2723.mod,Wrong area from provider  wrong location or wrong rating curve,2723,FALSE,1062,FALSE,Malse
EFAS,12,2724,katovice_otava,13.833056,49.270833,0,HIST_24h,,"Vltava, above SazavaBlanice",CZ,1325,13286.74,Elbe,3,0,TRUE,0,1,0,0,0,0,,TRUE,4602500,2912500,24,ID_2724.mod,Wrong area from provider,2724,FALSE,1062,FALSE,Otava
EFAS,12,2725,herman_blanice,14.133333,49.246389,0,HIST_24h,,"Vltava, above SazavaBlanice",CZ,775,13286.74,Elbe,3,0,TRUE,0,1,0,0,0,0,,TRUE,4622500,2912500,24,ID_2725.mod,Wrong area from provider  moved on affluent,2725,FALSE,1062,FALSE,Blanice
EFAS,12,2726,Miziya,23.8612,43.685,0,HIST_24h,,Danube,BG,975,4522.94,Danube,3,0,TRUE,0,1,0,0,0,0,,TRUE,5437500,2382500,24,ID_2726.mod,Moved before confluence,2726,FALSE,1062,FALSE,Skat
EFAS,12,2727,Stenovice Uhlava,13.402778,49.6775,0,HIST_24h,,Berounka,CZ,900,8784.04,Elbe,0,0,TRUE,0,1,0,0,0,0,,FALSE,4567500,2957500,24,ID_2727.mod,Same location as 563  less data and uncertain location Wrong uparea from provider or wrong metadata,2727,FALSE,1062,FALSE,Uhlava
EFAS,12,2728,s.Svode,23.8823,43.0262,0,HIST_24h,,Iskar,BG,1325,8395.2,Danube,3,0,TRUE,0,1,0,0,0,0,,TRUE,5447500,2327500,24,ID_2728.mod,Wrong area from provider,2728,FALSE,1062,FALSE,Bebresh
EFAS,12,2729,Plzen Koterov_uslava,13.424167,49.713611,0,HIST_24h,,Berounka,CZ,700,8784.04,Elbe,3,0,TRUE,0,1,0,0,0,0,,TRUE,4572500,2957500,24,ID_2729.mod,Moved upstream of confluence,2729,FALSE,1062,FALSE,Asslava
EFAS,12,2730,Bejanovo ,24.4089,43.2331,0,HIST_24h,,Vit,BG,450,3323.31,Danube,3,0,TRUE,0,1,0,0,0,0,,TRUE,5487500,2347500,24,ID_2730.mod,moved on affluent,2730,FALSE,1062,FALSE,Kamenka
EFAS,12,2731,Sadovets ,24.372222,43.294444,0,HIST_24h,,Vit,BG,1800,3323.31,Danube,3,0,TRUE,0,1,0,0,0,0,,TRUE,5487500,2357500,24,ID_2731.mod,,2731,FALSE,1062,FALSE,Vit
EFAS,12,2732,Lovech ,24.722222,43.141667,0,HIST_24h,,"Danube, section Olt - Yantra",BG,1225,5497.6,Danube,3,0,TRUE,0,1,0,0,0,0,,TRUE,5517500,2347500,24,ID_2732.mod,Wrong area from provider,2732,FALSE,1062,FALSE,Osum
EFAS,12,2733,Raskov Morava,16.912778,50.041111,0,HIST_24h,,"Morava, above March",CZ,425,9809.42,Danube,3,0,TRUE,0,1,0,0,0,0,,TRUE,4812500,3012500,24,ID_2733.mod,Wrong area from provider,2733,FALSE,1062,FALSE,Morava
EFAS,12,2734,Moravicany Morava,16.9775,49.755833,0,HIST_24h,,"Morava, above March",CZ,2275,9809.42,Danube,0,0,TRUE,0,1,0,0,0,0,,FALSE,4827500,2977500,24,ID_2734.mod,Wrong area from provider  same data as 1963 but shorter period  use 1963,2734,FALSE,1062,FALSE,Morava
EFAS,12,2735,Lostice Trebuvka,16.9325,49.744722,0,HIST_24h,,"Morava, above March",CZ,550,9809.42,Danube,3,0,TRUE,0,1,0,0,0,0,,TRUE,4817500,2982500,24,ID_2735.mod,Moved on affluent - Wrong area from provider,2735,FALSE,1062,FALSE,Trebuvka
EFAS,12,2736,STANCENI,25.466667,46.966667,0,HIST_24h,,"Mures, above Tirnava",RO,1400,10878.22,Danube,3,0,TRUE,0,1,0,0,0,0,,TRUE,5482500,2767500,24,ID_2736.mod,Wrong area from provider,2736,FALSE,1062,FALSE,Creanga
EFAS,12,2737,GLODENI,24.616667,46.65,0,HIST_24h,,"Mures, above Tirnava",RO,3900,10878.22,Danube,3,0,TRUE,0,1,0,0,0,0,,TRUE,5432500,2727500,24,ID_2737.mod,,2737,FALSE,1062,FALSE,Mures
EFAS,12,2738,LUDUS,24.1,46.483333,0,HIST_24h,,"Mures, above Tirnava",RO,6600,10878.22,Danube,3,0,TRUE,0,1,0,0,0,0,,TRUE,5392500,2692500,24,ID_2738.mod,,2738,FALSE,1062,FALSE,Paraul de Campie
EFAS,12,2739,GELMAR,23.216667,45.916667,0,HIST_24h,,"Mures, below Tirnava",RO,20250,11851.5,Danube,3,0,TRUE,0,1,0,0,0,0,,TRUE,5347500,2627500,24,ID_2739.mod,,2739,FALSE,1062,FALSE,Mures
EFAS,12,2740,BRANISCA,22.783333,45.933333,0,HIST_24h,,"Mures, below Tirnava",RO,24650,11851.5,Danube,3,0,TRUE,0,1,0,0,0,0,,TRUE,5307500,2617500,24,ID_2740.mod,Moved on main stream,2740,FALSE,1062,FALSE,Mures
EFAS,12,2741,SAVARSIN,22.216667,46,0,HIST_24h,,"Mures, below Tirnava",RO,25925,11851.5,Danube,3,0,TRUE,0,1,0,0,0,0,,TRUE,5262500,2622500,24,ID_2741.mod,Moved on main stream,2741,FALSE,1062,FALSE,Mures
EFAS,12,2742,Hrvatsko,14.71,45.53,0,HIST_24h,,Kupa,HR,475,8799.96,Danube,3,0,TRUE,0,1,1,0,0,1,,TRUE,4692500,2502500,24,ID_2742.mod,Wrong area from provider,2742,FALSE,1062,FALSE,Kupa
EFAS,12,2743,RADNA,21.683333,46.083333,0,HIST_24h,,"Mures, below Tirnava",RO,26900,11851.5,Danube,3,0,TRUE,0,1,0,0,0,0,,TRUE,5222500,2622500,24,ID_2743.mod,Moved on main stream,2743,FALSE,1062,FALSE,Mures
EFAS,12,2744,BECHET,23.95,43.75,0,HIST_24h,,Danube-Jiu,BG,601148,799.71,Danube,3,0,TRUE,0,1,0,0,0,0,,TRUE,5437500,2397500,24,ID_2744.mod,moved on main stream,2744,FALSE,1062,FALSE,Donau
EFAS,12,2745,TURNU MAGURELE,24.883333,43.7,0,HIST_24h,,"Danube, section Olt - Yantra",BG,2925,5497.6,Danube,0,1,FALSE,0,1,0,0,0,0,,FALSE,5512500,2402500,24,ID_2745_202009091923.mod,cannot be located on wrong LDD,2745,FALSE,1062,FALSE,Donau
EFAS,12,2746,OLTENITA,26.066667,44.066667,0,HIST_24h,,"Danube, section Lom - Arges",RO,676895,3498.76,Danube,3,0,TRUE,0,1,0,0,0,0,,TRUE,5642500,2472500,24,ID_2746.mod,moved on danube station coords are wrong,2746,FALSE,1062,FALSE,Dadilovat
EFAS,12,2747,BRAILA,27.983333,45.283333,0,HIST_24h,,"Danube, sector Ialomita - Siret",RO,709545,5699.53,Danube,3,0,TRUE,0,1,0,0,0,0,,TRUE,5717500,2632500,24,ID_2747.mod,moved on danube,2747,FALSE,1062,FALSE,Donau
EFAS,12,2748,ISACCEA,28.483333,45.283333,0,HIST_24h,,"Danube, sector Oz. Kagul",UA,785768,805700,Danube,2,0,TRUE,0,1,0,0,0,0,,FALSE,5757500,2642500,24,ID_2748.mod,moved on danube  close to 805,2748,FALSE,1062,FALSE,Donau
EFAS,12,2749,Tarnava Mica - BLAJ,23.911238,46.18589,0,HIST_24h,,Tirnava,RO,2050,6151.31,Danube,1,0,TRUE,0,1,0,0,0,0,,FALSE,5392500,2667500,24,ID_2749.mod,moved upstream of confluence but could be on wrong branch,2749,FALSE,1062,FALSE,Tarnava Mare
EFAS,12,2750,Janov Moravsk_dyje,15.436667,48.993333,0,HIST_24h,,Dyje,CZ,525,4678.82,Danube,3,0,TRUE,0,1,0,0,0,0,,TRUE,4722500,2887500,24,ID_2750.mod,Wrong area from provider,2750,FALSE,1062,FALSE,Dyje
EFAS,12,2751,STANCA AVAL,27.216667,47.816667,0,HIST_24h,,Prut,RO,13275,28389.96,Danube,3,0,TRUE,0,1,0,0,0,0,,TRUE,5602500,2887500,24,ID_2751.mod,Wrong area from provider  dam,2751,FALSE,1062,FALSE,Prut
EFAS,12,2752,UNGHENI,27.783333,47.216667,0,HIST_24h,,Prut,MD,21475,28389.96,Danube,3,0,TRUE,0,1,0,0,0,0,,TRUE,5657500,2832500,24,ID_2752.mod,strongly regulated,2752,FALSE,1062,FALSE,Prut
EFAS,12,2753,Vranov Hamry_dyje,15.820556,48.895,0,HIST_24h,,Dyje,CZ,2375,4678.82,Danube,3,0,TRUE,0,1,0,0,0,0,,TRUE,4752500,2877500,24,ID_2753.mod,dam,2753,FALSE,1062,FALSE,Dyje
EFAS,12,2754,Pt_cov_Jihlava,15.936667,49.215278,0,HIST_24h,,Jihlava,CZ,1175,6931.37,Danube,3,0,TRUE,0,1,0,0,0,0,,TRUE,4757500,2912500,24,ID_2754.mod,Wrong area from provider,2754,FALSE,1062,FALSE,Klapovsky potok
EFAS,12,2755,Dupnitza,24.016667,42.272222,0,HIST_24h,,"Maritsa (Evros), above Tundzha",BG,1025,21508.94,Evros,0,0,TRUE,0,1,0,0,0,0,,FALSE,5482500,2237500,24,ID_2755.mod,Moved on main stream  unrealistic small discharge mayby wrong location or wrong LDD,2755,FALSE,1062,FALSE,Maritsa
EFAS,12,2756,s.Rajdavica,22.702778,42.397222,0,HIST_24h,,Strimonas,BG,3075,16885.48,Strimonas,0,0,TRUE,0,1,0,0,0,0,,FALSE,5367500,2227500,24,ID_2756.mod,Wrong drainage area from provider  Showed problems with precipitation in long term run,2756,FALSE,1062,FALSE,Strimonas
EFAS,12,2757,Boboshevo,23,42.15,0,HIST_24h,,Strimonas,BG,4300,16885.48,Strimonas,2,0,TRUE,0,1,0,0,0,0,,FALSE,5392500,2212500,24,ID_2757.mod,Wrong area from provider  same location as 2712,2757,FALSE,1062,FALSE,Strimonas
EFAS,12,2758,Mpole,23.32,41.42,0,HIST_24h,,Strimonas,BG,10925,16885.48,Strimonas,0,0,TRUE,0,1,0,0,0,0,,FALSE,5437500,2127500,24,ID_2758.mod,same data as 2757 with 0 and less data,2758,FALSE,1062,FALSE,Strimonas
EFAS,12,2759,Slankamen,20.27,45.14,0,,,Dunav,RS,405975,2399.65,Danube,,0,FALSE,0,0,1,0,0,1,,FALSE,5127500,2502500,,,Possibly wrong uparea or coords No discharge data available for calibration period,2759,FALSE,1062,FALSE,Donau
EFAS,12,2760,V. Gradište,21.53,44.77,0,,,"Danube, Velika Morava - Timok",RS,565750,7023.66,Danube,,0,FALSE,0,0,1,0,0,1,,FALSE,5232500,2477500,,,No discharge data available for calibration period,2760,FALSE,1062,FALSE,Donau
EFAS,12,2761,Beljin,19.95,44.63,0,,,"Sava, below Drina",RS,89375,5399.36,Danube,,0,FALSE,0,0,1,0,0,1,,FALSE,5107500,2442500,,,No discharge data available for calibration period,2761,FALSE,1062,FALSE,Sava
EFAS,12,2762,Kralje,15.853333,44.835278,0,,,Una,BA,2700,9073.65,Danube,,0,TRUE,0,1,1,0,0,1,,FALSE,4787500,2437500,,,No discharge data available for calibration period,2762,FALSE,1062,FALSE,Una
EFAS,12,2763,MaglajBosna,18.104167,44.569722,0,,,Bosna,BA,6850,10897.23,Danube,,0,TRUE,0,1,1,0,0,1,,FALSE,4962500,2422500,24,ID_2763.mod,No discharge data available for calibration period,2763,FALSE,1062,FALSE,Bosna
EFAS,12,2764,Reljevo,18.329444,43.887778,0,HIST_24h,,Bosna,BA,1300,10897.23,Danube,3,0,TRUE,0,1,1,0,0,1,,TRUE,4987500,2347500,24,ID_2764.mod,Wrong area from provider,2764,FALSE,1062,FALSE,Bosna
EFAS,12,2765,Zavidovici,18.147222,44.44,0,,,Bosna,BA,6575,10897.23,Danube,,0,TRUE,0,1,1,0,0,1,,FALSE,4972500,2412500,24,ID_2765.mod,No discharge data available for calibration period,2765,FALSE,1062,FALSE,Bosna
EFAS,12,2766,La Meuse à Verdun [Pont Chaussée],5.386711,49.162089,0,HIST_24h,,Maas,FR,3400,33614.07,Meuse,0,0,TRUE,0,1,0,0,0,0,,FALSE,3982500,2912500,24,ID_2766.mod,Drainage area from provider is wrong  low quality data  wrong hidrometric zero,2766,FALSE,1062,FALSE,Meuse
EFAS,12,2767,La Meuse à Verdun [Pont Chaussée],5.367517,49.162818,0,HIST_24h,,Maas,FR,25,33614.07,Meuse,1,0,TRUE,0,1,0,0,0,0,,FALSE,3977500,2902500,24,ID_2767.mod,Drainage area from provider is wrong  Data are from a tiny subcatchment,2767,FALSE,1062,FALSE,Meuse
EFAS,12,2768,La Meuse à Chooz [Trou du Diable],4.782582,50.08905,0,HIST_24h,,Maas,FR,10500,33614.07,Meuse,0,0,TRUE,0,1,0,0,0,0,,FALSE,3952500,3017500,24,ID_2768.mod,Drainage area from provider is wrong  almost same location as 1356  less data,2768,FALSE,1062,FALSE,Meuse
EFAS,12,2769,Le Lunain à Épisy,2.774509,48.328968,0,HIST_24h,,Loing,FR,3600,4352.64,Seine,0,0,TRUE,0,1,0,0,0,0,,FALSE,3782500,2827500,24,ID_2769.mod,Extremely low data - wrong location,2769,FALSE,1062,FALSE,Loing
EFAS,12,2770,La Loire [Totale] à Nantes [Roche Maurice],-1.62435,47.194309,0,HIST_24h,,"Loire, below Maine",FR,115825,8703.72,Loire,3,0,TRUE,0,1,0,0,0,0,,TRUE,3442500,2742500,24,ID_2770.mod,Moved on Loire main stream,2770,FALSE,1062,FALSE,Loire
EFAS,12,2771,L'Adour à Saint-Vincent-De-Paul,-0.999911,43.733604,0,HIST_24h,,Adour,FR,7800,9421.21,Adour,3,0,TRUE,0,1,0,0,0,0,,TRUE,3432500,2357500,24,ID_2771.mod,,2771,FALSE,1062,FALSE,Adour
EFAS,12,2772,Le Doubs à Neublans-Abergement,5.350733,46.922498,0,HIST_24h,,"Saone, below Doubs",FR,7500,9802.48,Rhone,3,0,TRUE,0,1,0,0,0,0,,TRUE,3962500,2657500,24,ID_2772.mod,,2772,FALSE,1062,FALSE,Doubs
EFAS,12,2773,Berg,9.751025,48.245744,0,HIST_24h,C048,Upper Danube,DE,4050,3975,Danube,3,0,TRUE,0,1,0,0,0,0,,TRUE,4297500,2792500,24,ID_2773.mod,,2773,FALSE,1062,FALSE,Donau
EFAS,12,2774,Wels,14.259087,48.208864,0,HIST_24h,C052,Upper Danube,AT,3775,3950,Danube,3,0,TRUE,0,1,0,0,0,0,,TRUE,4637500,2797500,24,ID_2774.mod,,2774,FALSE,1062,FALSE,Traun
EFAS,12,2775,ZahorskaVes,16.847868,48.394257,0,HIST_24h,C054,Upper Danube,AT,25925,26550,Danube,3,0,TRUE,0,1,0,0,0,0,,TRUE,4832500,2827500,24,ID_2775.mod,,2775,FALSE,1062,FALSE,March
EFAS,12,2776,La Garonne a Verdun sur Garonne,1.253316,43.821974,0,HIST_24h,C067,Garonne,FR,13800,13730,Garonne,3,0,TRUE,0,1,0,0,0,0,,TRUE,3617500,2342500,24,ID_2776.mod,,2776,FALSE,1062,FALSE,Garonne
EFAS,12,2777,Pougny,6.006196,46.191003,0,HIST_24h,C094,Rhone,CH,10050,9800,Rhone,0,0,TRUE,0,1,0,0,0,0,,FALSE,4022500,2572500,24,ID_2777.mod,Lake  Extremely low quality data,2777,FALSE,1062,FALSE,Rhone
EFAS,12,2778,Duero En San Esteban - Navapalos,-3.124271,41.526366,0,HIST_24h,C110,Duero,ES,6425,6398,Duero,3,0,TRUE,0,1,0,0,0,0,,TRUE,3227500,2142500,24,ID_2778.mod,,2778,FALSE,1062,FALSE,Duero
EFAS,12,2779,Duero En Herrera De Duero,-4.659339,41.585396,0,HIST_24h,C111,Duero,ES,12750,12740,Duero,3,0,TRUE,0,1,0,0,0,0,,TRUE,3102500,2172500,24,ID_2779.mod,,2779,FALSE,1062,FALSE,Duero
EFAS,12,2780,Guadiana En Luciana,-4.298699,38.980045,0,HIST_24h,C119,Guadiana,ES,21325,21072,Guadiana,3,0,TRUE,0,1,0,0,0,0,,TRUE,3082500,1882500,24,ID_2780.mod,,2780,FALSE,1062,FALSE,Guadiana
EFAS,12,2781,Guadiana En VillanuevaDeLaSerena,-5.774949,39.023483,0,HIST_24h,C120,Guadiana,ES,35100,34771,Guadiana,3,0,TRUE,0,1,0,0,0,0,,TRUE,2957500,1912500,24,ID_2781.mod,,2781,FALSE,1062,FALSE,Guadiana
EFAS,12,2782,Guadiana En AzudDeBadajoz,-6.982046,38.908316,0,HIST_24h,C121,Guadiana,ES,48525,48530,Guadiana,2,0,TRUE,0,1,0,0,0,0,,FALSE,2852500,1922500,24,ID_2782.mod,Close to 328 older data,2782,FALSE,1062,FALSE,Guadiana
EFAS,12,2783,Zujar En Villanueva De La Serena,-5.584071,38.962838,0,HIST_24h,C122,Guadiana,ES,8325,8508,Guadiana,0,0,TRUE,0,1,0,0,0,0,,FALSE,2967500,1902500,24,ID_2783.mod,extremely low quality data,2783,FALSE,1062,FALSE,Zujar
EFAS,12,2784,Jucar En El Picazo,-2.113476,39.463511,0,HIST_24h,C125,Jucar,ES,3250,3248,Jucar,3,0,TRUE,0,1,0,0,0,0,,TRUE,3282500,1907500,24,ID_2784.mod,Dam,2784,FALSE,1062,FALSE,Jucar
EFAS,12,2785,Jucar En Alcala Del Jucar,-1.419982,39.182738,0,HIST_24h,C126,Jucar,ES,10700,10785,Jucar,3,0,TRUE,0,1,0,0,0,0,,TRUE,3342500,1862500,24,ID_2785.mod,,2785,FALSE,1062,FALSE,Jucar
EFAS,12,2786,Mijares En Villarreal,-0.145363,39.963287,0,HIST_24h,C127,Mijares,ES,2600,2504,Mijares,3,0,TRUE,0,1,0,0,0,0,,TRUE,3452500,1932500,24,ID_2786.mod,Moved downstream  dam low,2786,FALSE,1062,FALSE,Mijares
EFAS,12,2787,Carignano,7.680941,44.888394,0,HIST_24h,C130,Po,IT,3825,3775,Po,3,0,TRUE,0,1,0,0,0,0,,TRUE,4137500,2417500,24,ID_2787.mod,,2787,FALSE,1062,FALSE,Po
EFAS,12,2788,Palestro,8.556035,45.264705,0,HIST_24h,C131,Po,IT,3025,2825,Po,3,0,TRUE,0,1,0,0,0,0,,TRUE,4202500,2457500,24,ID_2788.mod,,2788,FALSE,1062,FALSE,Sesia
EFAS,12,2789,Candoglia,8.473748,45.939429,0,HIST_24h,C133,Po,IT,1625,1650,Po,3,0,TRUE,0,1,0,0,0,0,,TRUE,4197500,2537500,24,ID_2789.mod,,2789,FALSE,1062,FALSE,Lago di Mergozzo
EFAS,12,2790,Spessa,9.321514,45.092155,0,HIST_24h,C136,Po,IT,39000,38950,Po,3,0,TRUE,0,1,0,0,0,0,,TRUE,4277500,2442500,24,ID_2790.mod,Use after 01-1991 for change to hydrometric zero,2790,FALSE,1062,FALSE,Po
EFAS,12,2791,Borgoforte,10.779306,45.046386,0,HIST_24h,C139,Po,IT,63275,63675,Po,3,0,TRUE,0,1,0,0,0,0,,TRUE,4387500,2437500,24,ID_2791.mod,,2791,FALSE,1062,FALSE,Po
EFAS,12,2792,Segura En Almadenes,-1.548164,38.253592,0,HIST_24h,C142,Segura,ES,7475,7111,Segura,3,0,TRUE,0,1,0,0,0,0,,TRUE,3307500,1762500,24,ID_2792.mod,Dam,2792,FALSE,1062,FALSE,Segura
EFAS,12,2793,Segura En Contraparada,-1.221693,38.018463,0,HIST_24h,C144,Segura,ES,10800,11175,Segura,0,1,FALSE,0,1,0,0,0,0,,FALSE,3332500,1727500,,,DO NOT USE Wrong location wrong upstream area not consistent with upstream station,2793,FALSE,1062,FALSE,Segura
EFAS,12,2794,Segura En Beniel,-0.99713,38.044746,0,HIST_24h,C145,Segura,ES,14325,13478,Segura,3,0,TRUE,0,1,0,0,0,0,,TRUE,3347500,1727500,24,ID_2794.mod,unrealistic small discharge,2794,FALSE,1062,FALSE,Segura
EFAS,12,2795,Tajo En Trillo,-2.586965,40.682699,0,HIST_24h,C146,Tejo,ES,3200,3253,Tajo,3,0,TRUE,0,1,0,0,0,0,,TRUE,3262500,2042500,24,ID_2795.mod,,2795,FALSE,1062,FALSE,Tajo
EFAS,12,2796,Tajo En LaPortusa,-4.199871,39.865939,0,HIST_24h,C147,Tejo,ES,27150,27159,Tajo,0,1,FALSE,0,1,0,0,0,0,,FALSE,3112500,1977500,,,DO NOT USE low quality data - wrong location,2796,FALSE,1062,FALSE,Tajo
EFAS,12,2797,Jarama En Mejorada Del Campo,-3.489346,40.425179,0,HIST_24h,C148,Tejo,ES,6975,7005,Tajo,3,0,TRUE,0,1,0,0,0,0,,TRUE,3172500,2022500,24,ID_2797.mod,,2797,FALSE,1062,FALSE,Jarama
EFAS,12,2798,Henares En Espinillos,-3.431364,40.43318,0,HIST_24h,C149,Tejo,ES,4000,4031,Tajo,3,0,TRUE,0,1,0,0,0,0,,TRUE,3182500,2027500,24,ID_2798.mod,,2798,FALSE,1062,FALSE,Henares
EFAS,12,2799,Turia o Guadalaviar En Teruel,-1.097356,40.360934,0,HIST_24h,C152,Turia,ES,2425,2357,Turia,3,0,TRUE,0,1,0,0,0,0,,TRUE,3377500,1982500,24,ID_2799.mod,,2799,FALSE,1062,FALSE,Turia o Guadalviar
EFAS,12,2800,Turia o Guadalaviar En Zagra,-1.127365,39.855836,0,HIST_24h,C153,Turia,ES,4050,4052,Turia,3,0,TRUE,0,1,0,0,0,0,,TRUE,3367500,1927500,24,ID_2800.mod,,2800,FALSE,1062,FALSE,Turia o Guadalviar
EFAS,12,2801,Turia o Guadalaviar En LaPresa,-0.484318,39.517086,0,HIST_24h,C154,Turia,ES,6300,6294,Turia,3,0,TRUE,0,1,0,0,0,0,,TRUE,3422500,1882500,24,ID_2801.mod,,2801,FALSE,1062,FALSE,Turia o Guadalviar
EFAS,12,2802,Brandys,14.64374,50.175246,0,HIST_24h,C157,Elbe,CZ,13050,13075,Elbe,2,1,FALSE,0,1,0,0,0,0,,FALSE,4652500,3017500,,,DO NOT USE Same as 2721,2802,FALSE,1062,FALSE,Labe
EFAS,12,2803,SazavaPorice,14.613328,49.861266,0,HIST_24h,C158,Elbe,CZ,4250,4125,Elbe,2,0,TRUE,0,1,0,0,0,0,,FALSE,4647500,2982500,24,ID_2803.mod,Moved a bit downstream  Close to 562,2803,FALSE,1062,FALSE,Sazava
EFAS,12,2804,Camburg,11.733439,51.065776,0,HIST_24h,C166,Elbe,DE,3925,3850,Elbe,3,0,TRUE,0,1,0,0,0,0,,TRUE,4442500,3107500,24,ID_2804.mod,,2804,FALSE,1062,FALSE,Saale
EFAS,12,2805,ANGERMANAELVEN,17.257818,63.18478,0,HIST_24h,C230,Angermanelven,SE,31000,30638,Angermanalven,3,0,TRUE,0,1,0,0,0,0,,TRUE,4687500,4472500,24,ID_2805.mod,obscillations strongly regulated moved downstream of confluence,2805,FALSE,1062,FALSE,Sollefteae Krv
EFAS,12,2806,Esera En Graus,0.328942,42.240219,0,HIST_24h,C288,Ebro,ES,900,893,Ebro,3,0,TRUE,0,1,0,0,0,0,,TRUE,3522500,2177500,24,ID_2806.mod,,2806,FALSE,1062,FALSE,Esera
EFAS,12,2807,Pancrudo En Navarrete Del Rio,-1.259262,40.935155,0,,C293,Ebro,ES,300,364,Ebro,,0,TRUE,0,1,0,0,0,0,,FALSE,3377500,2047500,24,ID_2807.mod,Provider upArea too small to be included in calibration,2807,FALSE,1062,FALSE,Pancrudo
EFAS,12,2808,Isabena En Capella,0.396107,42.20123,0,,C295,Ebro,ES,425,426,Ebro,,0,TRUE,0,1,0,0,0,0,,FALSE,3532500,2172500,24,ID_2808.mod,Provider upArea too small to be included in calibration,2808,FALSE,1062,FALSE,Isabena
EFAS,12,2809,Esca En Sigues,-1.027335,42.646365,0,HIST_24h,C297,Ebro,ES,500,506,Ebro,3,0,TRUE,0,1,0,0,0,0,,TRUE,3417500,2237500,24,ID_2809.mod,,2809,FALSE,1062,FALSE,Esca
EFAS,12,2810,Ega En Estella,-2.017633,42.669733,0,HIST_24h,C299,Ebro,ES,1000,943,Ebro,3,0,TRUE,0,1,0,0,0,0,,TRUE,3337500,2252500,24,ID_2810.mod,,2810,FALSE,1062,FALSE,Ega
EFAS,12,2811,Ayuda En Berantevilla,-2.828458,42.706506,0,,C300,Ebro,ES,325,307,Ebro,,0,TRUE,0,1,0,0,0,0,,FALSE,3267500,2272500,24,ID_2811.mod,Provider upArea too small to be included in calibration,2811,FALSE,1062,FALSE,Ayuda
EFAS,12,2812,Alcanadre En Lascellas,-0.135708,42.103395,0,HIST_24h,C302,Ebro,ES,550,501,Ebro,3,0,TRUE,0,1,0,0,0,0,,TRUE,3487500,2172500,24,ID_2812.mod,,2812,FALSE,1062,FALSE,Alcanadre
EFAS,12,2813,Noguera Ribagorzana En Pont De Suert,0.728473,42.414159,0,HIST_24h,C308,Ebro,ES,525,558,Ebro,3,0,TRUE,0,1,0,0,0,0,,TRUE,3557500,2192500,24,ID_2813.mod,,2813,FALSE,1062,FALSE,Noguera Ribagorzana
EFAS,12,2814,Bayas En Miranda De Ebro,-2.898363,42.743215,0,,C309,Ebro,ES,250,318,Ebro,,0,TRUE,0,1,0,0,0,0,,FALSE,3272500,2267500,24,ID_2814.mod,Provider upArea too small to be included in calibration,2814,FALSE,1062,FALSE,Bayas
EFAS,12,2815,Algas En Batea,0.210038,41.091954,0,,C311,Ebro,ES,325,335,Ebro,,0,TRUE,0,1,0,0,0,0,,FALSE,3497500,2057500,24,ID_2815.mod,Provider upArea too small to be included in calibration,2815,FALSE,1062,FALSE,Algas
EFAS,12,2816,Manubles En Ateca,-1.821495,41.370969,0,,C312,Ebro,ES,450,446,Ebro,,0,TRUE,0,1,0,0,0,0,,FALSE,3332500,2107500,24,ID_2816.mod,Provider upArea too small to be included in calibration,2816,FALSE,1062,FALSE,Manubles
EFAS,12,2818,Hron,18.657613,47.859835,0,HIST_24h,C449,Danube,sk,5350,5325,Danube,3,0,TRUE,0,1,0,0,0,0,,TRUE,4967500,2787500,24,ID_2818.mod,,2818,FALSE,1062,FALSE,Hron
EFAS,12,2819,Kupari ,14.688432,45.53115,0,,C450,Sava,HR,250,375,Danube,,0,TRUE,0,1,0,0,0,0,,FALSE,4687500,2507500,24,ID_2819.mod,Provider upArea too small to be included in calibration,2819,FALSE,1062,FALSE,Kupa
EFAS,12,2820,Donja Suvaja,16.110005,44.400003,0,,C455,Sava,HR,150,400,Danube,,0,TRUE,0,1,0,0,0,0,,FALSE,4807500,2387500,24,ID_2820.mod,Provider upArea too small to be included in calibration,2820,FALSE,1062,FALSE,Una
EFAS,12,2821,Casalecchio Chiusa,11.272775,44.455488,0,HIST_24h,C465,Reno,IT,1050,1050,Reno,3,0,TRUE,0,1,0,0,0,0,,TRUE,4422500,2372500,24,ID_2821.mod,,2821,FALSE,1062,FALSE,Reno
EFAS,12,2822,Farigliano,7.885694,44.486889,0,HIST_24h,C466,Po,IT,1450,1150,Po,3,0,TRUE,0,1,0,0,0,0,,TRUE,4152500,2372500,24,ID_2822.mod,,2822,FALSE,1062,FALSE,Tanaro
EFAS,12,2823,Asti,8.24944,44.899441,0,HIST_24h,C471,Po,IT,4475,4800,Po,3,0,TRUE,0,1,0,0,0,0,,TRUE,4187500,2417500,24,ID_2823.mod,,2823,FALSE,1062,FALSE,Tanaro
EFAS,12,2824,Fossano,7.695741,44.527959,0,HIST_24h,C472,Po,IT,1400,1850,Po,3,0,TRUE,0,1,0,0,0,0,,TRUE,4142500,2387500,24,ID_2824.mod,,2824,FALSE,1062,FALSE,Stura Demonte
EFAS,12,2825,Alessandria,8.629642,44.860026,0,HIST_24h,C473,Po,IT,2700,2350,Po,3,0,TRUE,0,1,0,0,0,0,,TRUE,4212500,2417500,24,ID_2825.mod,,2825,FALSE,1062,FALSE,Bormida
EFAS,12,2826,Cassine,8.568805,44.769048,0,HIST_24h,C475,Po,IT,1625,1550,Po,3,0,TRUE,0,1,0,0,0,0,,TRUE,4207500,2402500,24,ID_2826.mod,,2826,FALSE,1062,FALSE,Bormida
EFAS,12,2827,Isola S.Antonio,8.81525,45.042593,0,HIST_24h,C476,Po,IT,25575,25875,Po,3,0,TRUE,0,1,0,0,0,0,,TRUE,4227500,2437500,24,ID_2827.mod,,2827,FALSE,1062,FALSE,Po
EFAS,12,2828,CASTIGLIONE TORINESE,7.798389,45.116352,0,HIST_24h,C481,Po,IT,7575,7600,Po,3,0,TRUE,0,1,0,0,0,0,,TRUE,4147500,2447500,24,ID_2828.mod,,2828,FALSE,1062,FALSE,Po
EFAS,12,2829,HONE PONTE SR DORA,7.714561,45.610386,0,HIST_24h,C482,Po,IT,2825,2825,Po,3,0,TRUE,0,1,0,0,0,0,,TRUE,4142500,2507500,24,ID_2829.mod,after 11-2001,2829,FALSE,1062,FALSE,Baltea
EFAS,12,2830,QUINTO VERCELLESE,8.361251,45.397058,0,HIST_24h,C483,Po,IT,1025,975,Po,3,0,TRUE,0,1,0,0,0,0,,TRUE,4192500,2477500,24,ID_2830.mod,,2830,FALSE,1062,FALSE,Cervo
EFAS,12,2831,GUADALB MEN,-3.791365,37.953926,0,HIST_24h,C490,Guadalquivir,ES,1000,900,Guadalquivir,0,1,FALSE,0,1,0,0,0,0,,FALSE,3107500,1752500,,,DO NOT USE same location as 977  use 977,2831,FALSE,1062,FALSE,Guadalquivir
EFAS,12,2832,GUADIEL MEN,-3.87477,38.079369,0,HIST_24h,C491,Guadalquivir,ES,750,1175,Guadalquivir,3,0,TRUE,0,1,0,0,0,0,,TRUE,3102500,1777500,24,ID_2832.mod,,2832,FALSE,1062,FALSE,Guadalquivir
EFAS,12,2833,NEGRATIN 5043,-3.025459,37.558294,0,,C497,Guadalquivir,ES,150,179,Guadalquivir,,0,TRUE,0,1,0,0,0,0,,FALSE,3172500,1702500,24,ID_2833.mod,Provider upArea too small to be included in calibration,2833,FALSE,1062,FALSE,Guadiana Menor o Baza
EFAS,12,2834,GUADALEN 5004,-3.491787,38.180532,0,,C498,Guadalquivir,ES,1350,275,Guadalquivir,,0,TRUE,0,1,0,0,0,0,,FALSE,3137500,1782500,24,ID_2834.mod,Provider upArea too small to be included in calibration  Relocated using SAHI UTM coords,2834,FALSE,1062,FALSE,Guadalen
EFAS,12,2835,GIRIBAILE 5070,-3.47386,38.091386,0,HIST_24h,C500,Guadalquivir,ES,1375,834,Guadalquivir,3,0,TRUE,0,1,0,0,0,0,,TRUE,3137500,1777500,24,ID_2835.mod,dam strongly regulated,2835,FALSE,1062,FALSE,Guadalimar
EFAS,12,2836,RUMBLAR 5005,-3.781153,38.184778,0,,C501,Guadalquivir,ES,650,180,Guadalquivir,,0,TRUE,0,1,0,0,0,0,,FALSE,3107500,1782500,24,ID_2836.mod,Provider upArea too small to be included in calibration  Relocated using SAHI UTM coords,2836,FALSE,1062,FALSE,Grande
EFAS,12,2837,JANDULA 5007,-3.967831,38.249216,0,,C502,Guadalquivir,ES,225,338,Guadalquivir,,0,TRUE,0,1,0,0,0,0,,FALSE,3147500,1737500,24,ID_2837.mod,Provider upArea too small to be included in calibration  Relocated using SAHI UTM coords,2837,FALSE,1062,FALSE,Jandula o Fresneda
EFAS,12,2838,YEGUAS 5049,-4.16378,38.08246,0,,C503,Guadalquivir,ES,675,249,Guadalquivir,,0,TRUE,0,1,0,0,0,0,,FALSE,3072500,1787500,24,ID_2838.mod,Provider upArea too small to be included in calibration  Relocated using SAHI UTM coords,2838,FALSE,1062,FALSE,Yeguas o Pradillo
EFAS,12,2839,GUADALMELLATO 5062,-4.686114,38.094679,0,,C504,Guadalquivir,ES,1275,111,Guadalquivir,,0,TRUE,0,1,0,0,0,0,,FALSE,3032500,1787500,24,ID_2839.mod,Provider upArea too small to be included in calibration  Relocated using SAHI UTM coords,2839,FALSE,1062,FALSE,Cuzna o Guadalmellato
EFAS,12,2840,SanRafaelDeNavallana 5051,-4.666652,38.005816,0,,C505,Guadalquivir,ES,1300,111,Guadalquivir,,0,TRUE,0,1,0,0,0,0,,FALSE,3032500,1782500,24,ID_2840.mod,Provider upArea too small to be included in calibration  Relocated using SAHI UTM coords,2840,FALSE,1062,FALSE,Cuzna o Guadalmellato
EFAS,12,2841,VADOMOJON 5066,-4.246675,37.656771,0,,C506,Guadalquivir,ES,1250,154,Guadalquivir,,0,TRUE,0,1,0,0,0,0,,FALSE,3062500,1732500,24,ID_2841.mod,Provider upArea too small to be included in calibration  Relocated using SAHI UTM coords,2841,FALSE,1062,FALSE,Guadajoz o Almedinilla
EFAS,12,2842,PUENTE NUEVO 5036,-4.909571,38.059714,0,HIST_24h,C507,Guadalquivir,ES,1075,985,Guadalquivir,3,0,TRUE,0,1,0,0,0,0,,TRUE,3012500,1792500,24,ID_2842.mod,dam strongly regulated moved downstream of dam,2842,FALSE,1062,FALSE,Guadiato
EFAS,12,2843,BEMBEZAR 5012,-5.224231,37.917559,0,,C508,Guadalquivir,ES,1700,210,Guadalquivir,,0,TRUE,0,1,0,0,0,0,,FALSE,2982500,1782500,24,ID_2843.mod,Provider upArea too small to be included in calibration  Relocated according to SAHI coords,2843,FALSE,1062,FALSE,Bembezar
EFAS,12,2844,IZNAJAR 5026,-4.33832,37.275335,0,,C509,Guadalquivir,ES,4700,89,Guadalquivir,,0,TRUE,0,1,0,0,0,0,,FALSE,3042500,1697500,24,ID_2844.mod,Provider upArea too small to be included in calibration  Relocated using SAHI UTM coords,2844,FALSE,1062,FALSE,Genil
EFAS,12,2845,HUESNA 5056,-5.704285,37.74673,0,,C510,Guadalquivir,ES,500,276,Guadalquivir,,0,TRUE,0,1,0,0,0,0,,FALSE,2937500,1772500,24,ID_2845.mod,Provider upArea too small to be included in calibration  Relocated according to SAHI coords,2845,FALSE,1062,FALSE,Huesna
EFAS,12,2846,EL PINTADO 5011,-5.93366,37.984473,0,,C511,Guadalquivir,ES,1175,264,Guadalquivir,,0,TRUE,0,1,0,0,0,0,,FALSE,2922500,1802500,24,ID_2846.mod,Provider upArea too small to be included in calibration  Relocated according to SAHI coords,2846,FALSE,1062,FALSE,Viar
EFAS,12,2847,ALCALA DEL RIO 5035,-5.939868,37.522842,0,HIST_24h,C512,Guadalquivir,ES,47275,197,Guadalquivir,3,0,TRUE,0,1,0,0,0,0,,TRUE,2912500,1752500,24,ID_2847.mod,Provider upArea too small to be included in calibration  Relocated according to SAHI coords  stationis on main stream Area from provider is wrong,2847,FALSE,1062,FALSE,Guadalquivir
EFAS,12,2848,ZUFRE 5054,-6.301549,37.829396,0,,C513,Guadalquivir,ES,850,231,Guadalquivir,,0,TRUE,0,1,0,0,0,0,,FALSE,2887500,1787500,24,ID_2848.mod,Provider upArea too small to be included in calibration  Relocated according to SAHI coords,2848,FALSE,1062,FALSE,Huelva
EFAS,12,2849,MEQUINENZA,0.226562,41.366495,0,HIST_24h,C514,Ebro,ES,57925,56597,Ebro,3,0,TRUE,0,1,0,0,0,0,,TRUE,3497500,2087500,24,ID_2849.mod,,2849,FALSE,1062,FALSE,Ebro
EFAS,12,2850,EBRO,-4.064674,42.952672,0,,C515,Ebro,ES,450,467,Ebro,,0,TRUE,0,1,0,0,0,0,,FALSE,3177500,2312500,24,ID_2850.mod,Provider upArea too small to be included in calibration,2850,FALSE,1062,FALSE,Ebro
EFAS,12,2851,GRADO I,0.216233,42.183843,0,HIST_24h,C517,Ebro,ES,2175,2137,Ebro,3,0,TRUE,0,1,0,0,0,0,,TRUE,3512500,2172500,24,ID_2851.mod,,2851,FALSE,1062,FALSE,Cina
EFAS,12,2852,SAN LORENZO MONGAY,0.870469,41.882158,0,HIST_24h,C522,Ebro,ES,7150,6845,Ebro,0,1,FALSE,0,1,0,0,0,0,,FALSE,3562500,2132500,,,DO NOT USE Wrong location  Station cannnot be located downstream of confluence and upstream of dam,2852,FALSE,1062,FALSE,Segre
EFAS,12,2853,RIALB,1.282134,41.964312,0,HIST_24h,C523,Ebro,ES,2950,2958,Ebro,2,0,TRUE,0,1,0,0,0,0,,FALSE,3597500,2137500,24,ID_2853.mod,Close to 617 older data,2853,FALSE,1062,FALSE,Segre
EFAS,12,2854,ITOIZ ,-1.362908,42.791203,0,,C524,Ebro,ES,525,491,Ebro,,0,TRUE,0,1,0,0,0,0,,FALSE,3392500,2257500,24,ID_2854.mod,Provider upArea too small to be included in calibration,2854,FALSE,1062,FALSE,Irati
EFAS,12,2855,RIBARROJA,0.424956,41.249437,0,HIST_24h,C525,Ebro,ES,81000,81045,Ebro,2,0,TRUE,0,1,0,0,0,0,,FALSE,3512500,2072500,24,ID_2855.mod,close to 636,2855,FALSE,1062,FALSE,Ebro
EFAS,12,2856,LA SOTONERA,-0.681719,42.092101,0,,C526,Ebro,ES,350,329,Ebro,,0,TRUE,0,1,0,0,0,0,,FALSE,3437500,2177500,24,ID_2856.mod,Provider upArea too small to be included in calibration,2856,FALSE,1062,FALSE,Soton
EFAS,12,2857,ESCALES,0.742327,42.324605,0,HIST_24h,C527,Ebro,ES,700,731,Ebro,2,0,TRUE,0,1,0,0,0,0,,FALSE,3557500,2182500,24,ID_2857.mod,Dam  close to 630,2857,FALSE,1062,FALSE,Noguera Ribagorzana
EFAS,12,2858,BARASONA-JOAQUIN COSTA,0.343322,42.150719,0,HIST_24h,C528,Ebro,ES,1550,1484,Ebro,3,0,TRUE,0,1,0,0,0,0,,TRUE,3522500,2167500,24,ID_2858.mod,,2858,FALSE,1062,FALSE,Esera
EFAS,12,2859,ZUJAR,-5.460529,38.936943,0,HIST_24h,C529,Guadiana,ES,7625,7548,Guadiana,3,0,TRUE,0,1,0,0,0,0,,TRUE,2982500,1897500,24,ID_2859.mod,,2859,FALSE,1062,FALSE,Zujar
EFAS,12,2860,ORELLANA,-5.527559,38.972043,0,HIST_24h,C530,Guadiana,ES,26425,26175,Guadiana,1,0,TRUE,0,1,0,0,0,0,,FALSE,2977500,1902500,24,ID_2860.mod,dam strongly regulated with missing data,2860,FALSE,1062,FALSE,Guadiana
EFAS,12,2861,Ciguela En Villafranca De Los Caballeros,-3.331709,39.394215,0,HIST_24h,C532,Guadiana,ES,3275,2557,Guadiana,3,0,TRUE,0,1,0,0,0,0,,TRUE,3177500,1917500,24,ID_2861.mod,,2861,FALSE,1062,FALSE,Ciguela
EFAS,12,2862,Zancara En Alcazar,-3.199345,39.320892,0,HIST_24h,C533,Guadiana,ES,5775,5506,Guadiana,0,0,TRUE,0,1,0,0,0,0,,FALSE,3187500,1902500,24,ID_2862.mod,low quality data almost zero everywhere,2862,FALSE,1062,FALSE,Zancara
EFAS,12,2863,Lempaala plus Kuokkalankoski,23.709272,61.316362,0,HIST_24h,C580,Kokem,FI,8625,8589,Kokem,3,0,TRUE,0,1,0,0,0,0,,TRUE,5057500,4322500,24,ID_2863.mod,dams upstream,2863,FALSE,1062,FALSE,Kuokkalankoski
EFAS,12,2864,Vilppulankoski,24.509573,62.019155,0,HIST_24h,C581,Kokem,FI,2425,2356,Kokem,3,0,TRUE,0,1,0,0,0,0,,TRUE,5067500,4402500,24,ID_2864.mod,,2864,FALSE,1062,FALSE,Savilahti
EFAS,12,2865,Muroleenkoski,23.943,61.844542,0,HIST_24h,C582,Kokem,FI,6150,6175,Kokem,3,0,TRUE,0,1,0,0,0,0,,TRUE,5052500,4377500,24,ID_2865.mod,,2865,FALSE,1062,FALSE,KOKEMAENJOKI
EFAS,12,2866,Hartolankoski,22.867266,61.348144,0,HIST_24h,C583,Kokem,FI,21450,21447,Kokem,0,0,TRUE,0,1,0,0,0,0,,FALSE,5002500,4307500,24,ID_2866.mod,large oscillations low quality data,2866,FALSE,1062,FALSE,Liekovesi
EFAS,12,2867,Loimijoki Maurialankoski,22.687069,61.135463,0,HIST_24h,C584,Kokem,FI,2650,2717,Kokem,3,0,TRUE,0,1,0,0,0,0,,TRUE,5002500,4287500,24,ID_2867.mod,,2867,FALSE,1062,FALSE,Loimijoki
EFAS,12,2868,Lankoski,21.71189,61.811318,0,HIST_24h,C585,Kokemaenjoki-Archipelago Sea-Bothnian Sea,FI,2900,2971,Kokemaenjoki,3,0,TRUE,0,1,0,0,0,0,,TRUE,4937500,4352500,24,ID_2868.mod,,2868,FALSE,1062,FALSE,Merikarvianjoki
EFAS,12,2869,Perus,21.580896,62.232447,0,HIST_24h,C586,Isojoki,FI,1225,1155,Isojoki,3,0,TRUE,0,1,0,0,0,0,,TRUE,4917500,4397500,24,ID_2869.mod,,2869,FALSE,1062,FALSE,LAPVAEAERTINJOKI
EFAS,12,2870,Allmanningsforsen,21.379813,62.47615,0,HIST_24h,C587,Narpionjoki,FI,925,1022,Narpionjoki,3,0,TRUE,0,1,0,0,0,0,,TRUE,4907500,4417500,24,ID_2870.mod,,2870,FALSE,1062,FALSE,Narpion
EFAS,12,2871,Kauhajoen saanNpato,22.403072,62.577491,0,HIST_24h,C588,Kyronjoki,FI,900,1072,Kyronjoki,0,0,TRUE,0,1,0,0,0,0,,FALSE,4962500,4442500,24,ID_2871.mod,low quality data there is no low flow  same location as 2872 but different station  impossible to locate,2871,FALSE,1062,FALSE,Kyronjoki
EFAS,12,2872,Jalasjoen saanNpato,22.498434,62.56955,0,HIST_24h,C589,Kyronjoki,FI,850,1055,Kyronjoki,0,0,TRUE,0,1,0,0,0,0,,FALSE,4967500,4442500,24,ID_2872.mod,low quality data there is no low flow,2872,FALSE,1062,FALSE,Kyronjoki
EFAS,12,2873,Kaitfors,23.392623,63.685009,0,HIST_24h,C591,Perhonjoki,FI,2325,2519,Perhonjoki,3,0,TRUE,0,1,0,0,0,0,,TRUE,4977500,4577500,24,ID_2873.mod,,2873,FALSE,1062,FALSE,Perhon
EFAS,12,2874,Lankela,24.874574,64.748215,0,HIST_24h,C592,Siikajoki,FI,4100,4109,Siikajoki,3,0,TRUE,0,1,0,0,0,0,,TRUE,5022500,4707500,24,ID_2874.mod,,2874,FALSE,1062,FALSE,Siikajoki
EFAS,12,2875,Lieksanjoki Lieksankoski,30.010207,63.330069,0,HIST_24h,C593,Neva,FI,8100,8307,Neva,3,0,TRUE,0,1,0,0,0,0,,TRUE,5312500,4607500,24,ID_2875.mod,,2875,FALSE,1062,FALSE,Lieksanjoki
EFAS,12,2876,Koitajoki Lylykoski,30.775389,62.802288,0,HIST_24h,C594,Neva,FI,3875,3892,Neva,3,0,TRUE,0,1,0,0,0,0,,TRUE,5362500,4567500,24,ID_2876.mod,,2876,FALSE,1062,FALSE,Saarilahti
EFAS,12,2877,Onkivesi Viannonkoski,27.241472,63.20596,0,HIST_24h,C595,Neva,FI,5800,5876,Neva,3,0,TRUE,0,1,0,0,0,0,,TRUE,5187500,4557500,24,ID_2877.mod,,2877,FALSE,1062,FALSE,Ahkiolahden kanava
EFAS,12,2878,Kuolimo-luusua,27.719976,61.29192,0,HIST_24h,C596,Neva,FI,1050,1075,Neva,3,0,TRUE,0,1,0,0,0,0,,TRUE,5267500,4367500,24,ID_2878.mod,,2878,FALSE,1062,FALSE,Saimaa
EFAS,12,2879,Karnajarvi Kellankoski,25.891912,63.168787,0,HIST_24h,C597,"Kymijoki, Keitele catchment",FI,1575,1713,Kymijoki,3,0,TRUE,0,1,0,0,0,0,,TRUE,5122500,4537500,24,ID_2879.mod,,2879,FALSE,1062,FALSE,Rauskajarvi
EFAS,12,2880,Kiimasjarvi Hietamankoski,25.588085,62.600214,0,HIST_24h,C598,"Kymijoki, Keitele catchment",FI,2950,3061,Kymijoki,3,0,TRUE,0,1,0,0,0,0,,TRUE,5117500,4477500,24,ID_2880.mod,use from 01-2004,2880,FALSE,1062,FALSE,Kymijoki
EFAS,12,2881,Hankavesi-luusua,26.698406,62.618265,0,HIST_24h,C599,Kymijoki sub-catchment,FI,5025,4986,Kymijoki,3,0,TRUE,0,1,0,0,0,0,,TRUE,5177500,4492500,24,ID_2881.mod,,2881,FALSE,1062,FALSE,Hancavesi
EFAS,12,2882,Jaasjarvi-luusua,26.04135,61.581902,0,HIST_24h,C600,Kymijoki,FI,1600,1600,Kymijoki,3,0,TRUE,0,1,0,0,0,0,,TRUE,5162500,4367500,24,ID_2882.mod,,2882,FALSE,1062,FALSE,Tainionvirta
EFAS,12,2883,Mankala,26.270702,60.909629,0,HIST_24h,C601,Kymijoki,FI,28225,28349,Kymijoki,3,0,TRUE,0,1,0,0,0,0,,TRUE,5202500,4307500,24,ID_2883.mod,,2883,FALSE,1062,FALSE,Kymijoki
EFAS,12,2884,Verla,26.630072,61.052783,0,HIST_24h,C602,"Kymijoki, sub-catchment Puulavesi - Suonne",FI,5825,5776,Kymijoki,3,0,TRUE,0,1,0,0,0,0,,TRUE,5212500,4322500,24,ID_2884.mod,,2884,FALSE,1062,FALSE,Iso-Kamponen
EFAS,12,2885,Vaatajansuvanto,27.961943,65.499746,0,HIST_24h,C604,Iijoki,FI,4150,4101,Iijoki,3,0,TRUE,0,1,0,0,0,0,,TRUE,5147500,4812500,24,ID_2885.mod,,2885,FALSE,1062,FALSE,Iijoki
EFAS,12,2886,Jaurakkajarvi-luusua,27.652766,65.207284,0,HIST_24h,C605,Iijoki,FI,2550,2588,Iijoki,3,0,TRUE,0,1,0,0,0,0,,TRUE,5137500,4782500,24,ID_2886.mod,,2886,FALSE,1062,FALSE,Jaurakkajarvi
EFAS,12,2887,Livojoki Hanhikoski,26.83632,65.481038,0,HIST_24h,C606,Iijoki,FI,2150,2151,Iijoki,3,0,TRUE,0,1,0,0,0,0,,TRUE,5102500,4807500,24,ID_2887.mod,,2887,FALSE,1062,FALSE,Livojoki
EFAS,12,2888,Oulankajoki,29.394421,66.367311,0,HIST_24h,C615,Oulankajoki,FI,2100,2113,Oulankajoki,3,0,TRUE,0,1,0,0,0,0,,TRUE,5187500,4927500,24,ID_2888.mod,,2888,FALSE,1062,FALSE,KOUTAJOKI
EFAS,12,2889,Kitkajoki Kayla,29.115034,66.305802,0,HIST_24h,C616,Oulankajoki,FI,1800,1900,Oulankajoki,0,0,TRUE,0,1,0,0,0,0,,FALSE,5177500,4917500,24,ID_2889.mod,it is a small affluent possibly wrong code,2889,FALSE,1062,FALSE,Kitkajoki
EFAS,12,2890,TORSEBRO KRV [POWERSTATION] ON HELGE A,14.120339,56.090179,0,HIST_24h,C617,Helge,SE,3600,3616,Helge,3,0,TRUE,0,1,0,0,0,0,,TRUE,4577500,3672500,24,ID_2890.mod,obscillations  strongly regulated,2890,FALSE,1062,FALSE,Helge
EFAS,12,2891,GRANSEL,20.393281,65.83194,0,HIST_24h,C626,Pitealven,SE,7050,7024,Pitealven,3,0,TRUE,0,1,0,0,0,0,,TRUE,4787500,4782500,24,ID_2891.mod,,2891,FALSE,1062,FALSE,Pite
EFAS,12,2892,GRADA KRV,15.038276,60.60948,0,HIST_24h,C628,Dalklven,SE,12175,12354,Dalalven,3,0,TRUE,0,1,0,0,0,0,,TRUE,4597500,4177500,24,ID_2892.mod,lake oscillations,2892,FALSE,1062,FALSE,Osterdalaven
EFAS,12,2893,MOCKFJaRD KRV,14.927358,60.478016,0,HIST_24h,C629,Dalaven,SE,8625,8660,Dalalven,3,0,TRUE,0,1,0,0,0,0,,TRUE,4597500,4167500,24,ID_2893.mod,,2893,FALSE,1062,FALSE,Vasterdal
EFAS,12,2894,SaFFLE DAMM,12.899704,59.092813,0,HIST_24h,C630,Glafsfjord,SE,4825,4793,Gota,3,0,TRUE,0,1,0,0,0,0,,TRUE,4487500,4007500,24,ID_2894.mod,,2894,FALSE,1062,FALSE,Byalven
EFAS,12,2895,EDSVALLA KRV,13.193451,59.446488,0,HIST_24h,C631,Norsa,SE,4150,4167,Gota,3,0,TRUE,0,1,0,0,0,0,,TRUE,4502500,4037500,24,ID_2895.mod,Strongly regulated,2895,FALSE,1062,FALSE,Norsalven
EFAS,12,2896,HIssMOFORS KRV,14.502377,63.335376,0,HIST_24h,C632,Indals,SE,12300,12353,Indalsalven,3,0,TRUE,0,1,0,0,0,0,,TRUE,4552500,4477500,24,ID_2896.mod,lake  oscillations strongly regulated,2896,FALSE,1062,FALSE,Indals
EFAS,12,2897,HARRSELE KRV,19.519375,64.016155,0,HIST_24h,C633,Umeliven,SE,13650,13624,Umealven,3,0,TRUE,0,1,0,0,0,0,,TRUE,4787500,4577500,24,ID_2897.mod,large oscillations regulated,2897,FALSE,1062,FALSE,Umeliven
EFAS,12,2898,YNGEREDSFORSEN,12.739571,57.026513,0,HIST_24h,C634,Atran,SE,2625,2606,Atran,3,0,TRUE,0,1,0,0,0,0,,TRUE,4492500,3777500,24,ID_2898.mod,,2898,FALSE,1062,FALSE,Atran
EFAS,12,2899,BJoRNA KRV,18.564553,63.571375,0,HIST_24h,C636,Gidealven,SE,3050,3013,Gidealven,3,0,TRUE,0,1,0,0,0,0,,TRUE,4747500,4522500,24,ID_2899.mod,,2899,FALSE,1062,FALSE,Gide
EFAS,12,2900,oSTAVALLSELET,15.434929,62.446484,0,HIST_24h,C638,Ljungan,SE,5425,5393,Ljungan,3,0,TRUE,0,1,0,0,0,0,,TRUE,4607500,4387500,24,ID_2900.mod,obscillations regulated,2900,FALSE,1062,FALSE,Ljungan
EFAS,12,2901,NYBRO,15.52966,61.358824,0,HIST_24h,C639,Ljusnan,SE,2300,2448,Ljusnan,3,0,TRUE,0,1,0,0,0,0,,TRUE,4622500,4262500,24,ID_2901.mod,,2901,FALSE,1062,FALSE,Voxnan
EFAS,12,2902,DoNJE KRV,16.382509,61.414357,0,HIST_24h,C640,Ljusnan,SE,14925,14930,Ljusnan,3,0,TRUE,0,1,0,0,0,0,,TRUE,4662500,4272500,24,ID_2902.mod,obscillations  strongly regulated,2902,FALSE,1062,FALSE,Ljusnan
EFAS,12,2903,SVEGS KRV,14.312913,62.031505,0,HIST_24h,C641,Ljusnan,SE,8550,8558,Ljusnan,3,0,TRUE,0,1,0,0,0,0,,TRUE,4552500,4332500,24,ID_2903.mod,,2903,FALSE,1062,FALSE,Ljusnan
EFAS,12,2904,Barkaldfoss,10.882679,61.956225,0,HIST_24h,C642,Glomma,NO,6775,7020,Glomma,3,0,TRUE,0,1,0,0,0,0,,TRUE,4367500,4312500,24,ID_2904.mod,,2904,FALSE,1062,FALSE,Glomma
EFAS,12,2905,Eikhomkilen,8.379349,58.933859,0,HIST_24h,C646,Nidelva,NO,1050,1075,Nidelva,3,0,TRUE,0,1,0,0,0,0,,TRUE,4232500,3987500,24,ID_2905.mod,dam regulated,2905,FALSE,1062,FALSE,Fyreselv
EFAS,12,2906,Holmfoss i NumedalslAgen,10.026171,59.168309,0,HIST_24h,C647,Lagen,NO,5175,5188,Lagen,2,1,FALSE,0,1,0,0,0,0,,FALSE,4317500,4012500,,,DO NOT USE Same location as 1131,2906,FALSE,1062,FALSE,Numedalslagen
EFAS,12,2907,Rauma v-Venge,7.708302,62.527131,0,HIST_24h,C651,Rauma,NO,1250,1272,Rauma,2,0,TRUE,0,1,0,0,0,0,,FALSE,4202500,4382500,24,ID_2907.mod,close to 1075,2907,FALSE,1062,FALSE,Rauma
EFAS,12,2908,UTTERSHAUSEN,9.307951,51.076658,0,HIST_24h,C658,Weser,DE,975,1000,Weser,3,0,TRUE,0,1,0,0,0,0,,TRUE,4272500,3107500,24,ID_2908.mod,,2908,FALSE,1062,FALSE,SCHWALM (DE-HE)
EFAS,12,2909,PARK ON DEE [SCOTLAND],-2.312548,57.062947,0,HIST_24h,C674,Dee,UK,1775,1863,Dee,0,1,FALSE,0,1,0,0,0,0,,FALSE,3572500,3837500,,,DO NOT USE same location as 2322 and same data  use 2322,2909,FALSE,1062,FALSE,Dee
EFAS,12,2910,VILLAFRANCA PELLICE,7.495517,44.793934,0,HIST_24h,C685,Po,IT,1000,998,Po,3,0,TRUE,0,1,0,0,0,0,,TRUE,4122500,2412500,24,ID_2910.mod,,2910,FALSE,1062,FALSE,Pellice
EFAS,12,2911,NAVE DI ROSANO,11.443693,43.776682,0,HIST_24h,C686,Arno,IT,4000,4148,Arno,3,0,TRUE,0,1,0,0,0,0,,TRUE,4427500,2297500,24,ID_2911.mod,missing data,2911,FALSE,1062,FALSE,Sieve
EFAS,12,2912,S GIOVANNI ALLA VENA,10.575392,43.694966,0,HIST_24h,C687,Arno,IT,8050,8054,Arno,3,0,TRUE,0,1,0,0,0,0,,TRUE,4372500,2282500,24,ID_2912.mod,after 01-2002,2912,FALSE,1062,FALSE,Canale Imperiale
EFAS,12,2913,La Vire a Montmartin-en-Graignes,-1.15543,49.267208,0,HIST_24h,C690,Vire,FR,1175,1248,Vire,3,0,TRUE,0,1,0,0,0,0,,TRUE,3512500,2972500,24,ID_2913.mod,,2913,FALSE,1062,FALSE,Vire
EFAS,12,2914,Le Therain a Maysel,2.384058,49.247373,0,HIST_24h,C691,Seine,FR,1200,1234,Seine,3,0,TRUE,0,1,0,0,0,0,,TRUE,3767500,2932500,24,ID_2914.mod,,2914,FALSE,1062,FALSE,Therain
EFAS,12,2915,L Eure a Louviers,1.14757,49.201576,0,HIST_24h,C692,Seine,FR,5900,5968,Seine,3,0,TRUE,0,1,0,0,0,0,,TRUE,3682500,2942500,24,ID_2915.mod,,2915,FALSE,1062,FALSE,Eure
EFAS,12,2916,L Essonne a Ballancourt-sur-Essonne,2.358866,48.522901,0,HIST_24h,C693,Seine,FR,1875,1950,Seine,0,0,TRUE,0,1,0,0,0,0,,FALSE,3762500,2857500,24,ID_2916.mod,Extremely low data - possibly wrong code,2916,FALSE,1062,FALSE,Essonne
EFAS,12,2917,La Meurthe a Malzeville,6.146498,48.719132,0,HIST_24h,C694,Rhine,FR,3100,3103,Rhine,1,1,FALSE,0,1,0,0,0,0,,FALSE,4042500,2857500,,,DO NOT USE uncertaion location maybe downstream of confluence,2917,FALSE,1062,FALSE,Meurthe
EFAS,12,2918,La Seine a Mery-sur-Seine [apres creation grands lacs],3.854593,48.525768,0,HIST_24h,C695,Seine,FR,4025,4017,Seine,3,0,TRUE,0,1,0,0,0,0,,TRUE,3862500,2842500,24,ID_2918.mod,,2918,FALSE,1062,FALSE,Seine
EFAS,12,2919,Le Blavet a Languidic [Quellenec],-3.215897,47.856604,0,HIST_24h,C696,Blavet,FR,2075,2057,Blavet,3,0,TRUE,0,1,0,0,0,0,,TRUE,3332500,2832500,24,ID_2919.mod,,2919,FALSE,1062,FALSE,Blavet
EFAS,12,2920,La Vilaine a Rieux,-2.129208,47.573685,0,HIST_24h,C697,Vilaine,FR,10100,10205,Vilaine,3,0,TRUE,0,1,0,0,0,0,,TRUE,3407500,2792500,24,ID_2920.mod,,2920,FALSE,1062,FALSE,Vilaine
EFAS,12,2921,La Sarthe a Neuville-sur-Sarthe [Montreuil],0.194769,48.079971,0,HIST_24h,C698,Loire,FR,2700,2732,Loire,3,0,TRUE,0,1,0,0,0,0,,TRUE,3592500,2822500,24,ID_2921.mod,,2921,FALSE,1062,FALSE,Sarthe
EFAS,12,2922,Le Loir a Villavard,0.925532,47.780739,0,HIST_24h,C699,Loire,FR,4675,4712,Loire,3,0,TRUE,0,1,0,0,0,0,,TRUE,3637500,2782500,24,ID_2922.mod,,2922,FALSE,1062,FALSE,Loir
EFAS,12,2923,Le Clain a Dissay,0.389265,46.692635,0,HIST_24h,C700,Loire,FR,2925,2920,Loire,3,0,TRUE,0,1,0,0,0,0,,TRUE,3587500,2667500,24,ID_2923.mod,,2923,FALSE,1062,FALSE,Clain
EFAS,12,2924,Le Lay a Mareuil-sur-Lay-Dissais,-1.228343,46.535026,0,HIST_24h,C701,Lay,FR,1325,1270,Lay,3,0,TRUE,0,1,0,0,0,0,,TRUE,3462500,2667500,24,ID_2924.mod,,2924,FALSE,1062,FALSE,Lay
EFAS,12,2925,Le Dropt a Loubens,-0.074122,44.60831,0,HIST_24h,C702,Garonne,FR,1175,1222,Garonne,3,0,TRUE,0,1,0,0,0,0,,TRUE,3527500,2447500,24,ID_2925.mod,,2925,FALSE,1062,FALSE,Dropt
EFAS,12,2926,Le Gers a Layrac,0.64751,44.086153,0,HIST_24h,C703,Garonne,FR,1075,1227,Garonne,3,0,TRUE,0,1,0,0,0,0,,TRUE,3572500,2377500,24,ID_2926.mod,,2926,FALSE,1062,FALSE,Gers
EFAS,12,2927,L Herault a Agde [Bassin Rond],3.494228,43.3094,0,HIST_24h,C704,Hrrault,FR,2650,2625,Hrrault,3,0,TRUE,0,1,0,0,0,0,,TRUE,3792500,2267500,24,ID_2927.mod,,2927,FALSE,1062,FALSE,Herault
EFAS,12,2928,L Aude a Moussan [Moussoulens-ecluse],2.948327,43.22787,0,HIST_24h,C705,Aude,FR,4925,4920,Aude,3,0,TRUE,0,1,0,0,0,0,,TRUE,3752500,2262500,24,ID_2928.mod,,2928,FALSE,1062,FALSE,Aude
EFAS,12,2929,laufermuehle,10.922193,49.726396,0,HIST_24h,C708,Rhine,DE,875,999,Rhine,3,0,TRUE,0,1,0,0,0,0,,TRUE,4387500,2957500,24,ID_2929.mod,,2929,FALSE,1062,FALSE,Aisch
EFAS,12,2930,La Sarthe a Saint-Denis-d Anjou [Beffes],-0.358431,47.802286,0,HIST_24h,C710,Loire,FR,7575,7528,Loire,3,0,TRUE,0,1,0,0,0,0,,TRUE,3547500,2792500,24,ID_2930.mod,,2930,FALSE,1062,FALSE,Sarthe
EFAS,12,2931,L Ill a Strasbourg [Chasseur Froid La Robertsau],7.782404,48.628755,0,HIST_24h,C711,Rhine,FR,4600,4587,Rhine,0,0,TRUE,0,1,0,0,0,0,,FALSE,4152500,2832500,24,ID_2931.mod,very high base flow  uncertain location,2931,FALSE,1062,FALSE,Ill
EFAS,12,2932,La Marne a Frignicourt [apres creation grand lac],4.58277,48.698993,0,HIST_24h,C712,Seine,FR,3400,3356,Seine,3,0,TRUE,0,1,0,0,0,0,,TRUE,3922500,2857500,24,ID_2932.mod,,2932,FALSE,1062,FALSE,Marne
EFAS,12,2933,La Seille a Metz [pont Lothaire],6.186792,49.08071,0,HIST_24h,C713,Rhine,FR,1250,1356,Rhine,3,0,TRUE,0,1,0,0,0,0,,TRUE,4042500,2892500,24,ID_2933.mod,,2933,FALSE,1062,FALSE,Seille
EFAS,12,2934,Le Salat a Roquefort-sur-Garonne,0.988203,43.11856,0,HIST_24h,C714,Garonne,FR,1500,1575,Garonne,3,0,TRUE,0,1,0,0,0,0,,TRUE,3587500,2267500,24,ID_2934.mod,,2934,FALSE,1062,FALSE,Salat
EFAS,12,2935,L Ariege a Auterive,1.443247,43.384603,0,HIST_24h,C715,Garonne,FR,3600,3516,Garonne,3,0,TRUE,0,1,0,0,0,0,,TRUE,3627500,2297500,24,ID_2935.mod,,2935,FALSE,1062,FALSE,Ariege
EFAS,12,2936,La Save a Larra,1.26692,43.732449,0,HIST_24h,C716,Garonne,FR,1075,1149,Garonne,3,0,TRUE,0,1,0,0,0,0,,TRUE,3617500,2332500,24,ID_2936.mod,,2936,FALSE,1062,FALSE,Save
EFAS,12,2937,Le Tarn a Marsal [Pecotte],2.297397,43.950786,0,HIST_24h,C717,Garonne,FR,4550,5271,Garonne,3,0,TRUE,0,1,0,0,0,0,,TRUE,3697500,2347500,24,ID_2937.mod,,2937,FALSE,1062,FALSE,Tarn
EFAS,12,2938,L Orne a Rosselange,6.104225,49.257952,0,HIST_24h,C718,Rhine,FR,1225,1275,Rhine,3,0,TRUE,0,1,0,0,0,0,,TRUE,4037500,2912500,24,ID_2938.mod,,2938,FALSE,1062,FALSE,Orne
EFAS,12,2939,La Loire a Bas-en-Basset,4.094039,45.28938,0,HIST_24h,C720,Loire,FR,3450,3435,Loire,3,0,TRUE,0,1,0,0,0,0,,TRUE,3862500,2487500,24,ID_2939.mod,From 1997,2939,FALSE,1062,FALSE,Loire
EFAS,12,2940,L Allier a Vic-le-Comte,3.219762,45.643421,0,HIST_24h,C721,Loire,FR,5450,5432,Loire,3,0,TRUE,0,1,0,0,0,0,,TRUE,3792500,2527500,24,ID_2940.mod,,2940,FALSE,1062,FALSE,Allier
EFAS,12,2941,La Dore a Saint-Gervais-sous-Meymont MaisonDuParc-GirouxDore,3.602955,45.667302,0,HIST_24h,C722,Loire,FR,900,946,Loire,3,0,TRUE,0,1,0,0,0,0,,TRUE,3822500,2532500,24,ID_2941.mod,,2941,FALSE,1062,FALSE,Dore
EFAS,12,2942,La Seille a Saint-Usuge,5.251982,46.656225,0,HIST_24h,C724,Rhone,FR,950,1013,Rhone,3,0,TRUE,0,1,0,0,0,0,,TRUE,3957500,2627500,24,ID_2942.mod,,2942,FALSE,1062,FALSE,Seille
EFAS,12,2943,La Loue [totale] a Parcey,5.48196,47.026807,0,HIST_24h,C725,Rhone,FR,1725,1655,Rhone,3,0,TRUE,0,1,0,0,0,0,,TRUE,3982500,2667500,24,ID_2943.mod,,2943,FALSE,1062,FALSE,Loue
EFAS,12,2944,La Semoy a Haulme,4.798989,49.880885,0,HIST_24h,C726,Meuse / Maas,FR,1350,1353,Meuse,3,0,TRUE,0,1,0,0,0,0,,TRUE,3952500,2987500,24,ID_2944.mod,,2944,FALSE,1062,FALSE,Semoy
EFAS,12,2945,La Chiers a Carignan,5.173206,49.627177,0,HIST_24h,C727,Meuse / Maas,FR,1975,1993,Meuse,3,0,TRUE,0,1,0,0,0,0,,TRUE,3977500,2957500,24,ID_2945.mod,,2945,FALSE,1062,FALSE,Chiers
EFAS,12,2946,La Moder a Schweighouse-sur-Moder [aval],7.842416,48.80991,0,HIST_24h,C728,Rhine,FR,750,772,Rhine,3,0,TRUE,0,1,0,0,0,0,,TRUE,4162500,2852500,24,ID_2946.mod,,2946,FALSE,1062,FALSE,Moder
EFAS,12,2947,La Meuse a Vaucouleurs [Chalaines],5.679463,48.611887,0,HIST_24h,C729,Meuse / Maas,FR,1700,1774,Meuse,3,0,TRUE,0,1,0,0,0,0,,TRUE,4002500,2837500,24,ID_2947.mod,,2947,FALSE,1062,FALSE,Meuse
EFAS,12,2948,La Mayenne a Chambellay,-0.670515,47.681422,0,HIST_24h,C730,Loire,FR,4250,4226,Loire,3,0,TRUE,0,1,0,0,0,0,,TRUE,3522500,2787500,24,ID_2948.mod,,2948,FALSE,1062,FALSE,Mayenne
EFAS,12,2949,La Tille a Arceau [Arcelot],5.19065,47.329841,0,HIST_24h,C731,Rhone,FR,900,882,Rhone,2,0,TRUE,0,1,0,0,0,0,,FALSE,3952500,2697500,24,ID_2949.mod,Close to 1010 older data,2949,FALSE,1062,FALSE,Tille
EFAS,12,2950,L Ognon a Pesmes,5.524549,47.29903,0,HIST_24h,C732,Rhone,FR,2100,2198,Rhone,3,0,TRUE,0,1,0,0,0,0,,TRUE,3982500,2697500,24,ID_2950.mod,,2950,FALSE,1062,FALSE,Ognon
EFAS,12,2951,La Sioule a Saint-Priest-des-Champs [Fades-Besserve],2.78942,45.976609,0,HIST_24h,C733,Loire,FR,1350,1804,Loire,3,0,TRUE,0,1,0,0,0,0,,TRUE,3767500,2567500,24,ID_2951.mod,Dams,2951,FALSE,1062,FALSE,Sioule
EFAS,12,2952,L Eyre a Salles,-0.893333,44.5709,0,HIST_24h,C734,Eyre,FR,1825,1895,Eyre,3,0,TRUE,0,1,0,0,0,0,,TRUE,3457500,2447500,24,ID_2952.mod,,2952,FALSE,1062,FALSE,Eyre
EFAS,12,2953,Le Cele a Orniac [Les Amis du Cele],1.711526,44.539539,0,HIST_24h,C735,Garonne,FR,1225,1345,Garonne,3,0,TRUE,0,1,0,0,0,0,,TRUE,3662500,2417500,24,ID_2953.mod,,2953,FALSE,1062,FALSE,Cele
EFAS,12,2954,Le Lot a Lassouts [Castelnau],2.855056,44.488718,0,HIST_24h,C736,Garonne,FR,1775,1782,Garonne,3,0,TRUE,0,1,0,0,0,0,,TRUE,3752500,2407500,24,ID_2954.mod,Upstream of dam,2954,FALSE,1062,FALSE,Lot
EFAS,12,2955,L Epte a Fourges,1.648132,49.104454,0,HIST_24h,C737,Seine,FR,1525,1490,Seine,3,0,TRUE,0,1,0,0,0,0,,TRUE,3707500,2922500,24,ID_2955.mod,,2955,FALSE,1062,FALSE,Epte
EFAS,12,2956,La Moselle a Tonnoy,6.227946,48.541815,0,HIST_24h,C738,Rhine,FR,2050,2044,Rhine,3,0,TRUE,0,1,0,0,0,0,,TRUE,4037500,2837500,24,ID_2956.mod,,2956,FALSE,1062,FALSE,Moselle
EFAS,12,2957,La Sauldre a Selles-sur-Cher,1.676272,47.297789,0,HIST_24h,C739,Loire,FR,2100,2300,Loire,3,0,TRUE,0,1,0,0,0,0,,TRUE,3692500,2722500,24,ID_2957.mod,,2957,FALSE,1062,FALSE,Sauldre
EFAS,12,2958,Le Doubs a Rochefort-sur-Nenon,5.53994,47.119367,0,HIST_24h,C740,Rhone,FR,5325,5308,Rhone,3,0,TRUE,0,1,0,0,0,0,,TRUE,3982500,2672500,24,ID_2958.mod,,2958,FALSE,1062,FALSE,Doubs
EFAS,12,2959,La Gartempe a Montmorillon,0.897636,46.419949,0,HIST_24h,C741,Loire,FR,1875,2162,Loire,3,0,TRUE,0,1,0,0,0,0,,TRUE,3622500,2637500,24,ID_2959.mod,After 1999,2959,FALSE,1062,FALSE,Gartempe
EFAS,12,2960,L Arroux a Rigny-sur-Arroux,4.020361,46.549583,0,HIST_24h,C742,Loire,FR,2325,2300,Loire,3,0,TRUE,0,1,0,0,0,0,,TRUE,3862500,2622500,24,ID_2960.mod,After 1997,2960,FALSE,1062,FALSE,Arroux
EFAS,12,2961,La Truyere a Sainte-Genevieve-sur-Argence [Sarrans],2.74635,44.84312,0,HIST_24h,C743,Garonne,FR,2575,2565,Garonne,3,0,TRUE,0,1,0,0,0,0,,TRUE,3742500,2437500,24,ID_2961.mod,Upstream of dam,2961,FALSE,1062,FALSE,Truyere
EFAS,12,2962,La BaisfloodSettingsTemplate-13Feb2013-PreRunBMse a Nerac,0.32284,44.14693,0,HIST_24h,C744,Garonne,FR,1350,1337,Garonne,3,0,TRUE,0,1,0,0,0,0,,TRUE,3552500,2382500,24,ID_2962.mod,,2962,FALSE,1062,FALSE,Bais
EFAS,12,2963,La Garonne [totale] a Saint-Gaudens [Valentine-recent],0.744538,43.09666,0,HIST_24h,C745,Garonne,FR,2350,2285,Garonne,3,0,TRUE,0,1,0,0,0,0,,TRUE,3562500,2267500,24,ID_2963.mod,,2963,FALSE,1062,FALSE,Garonne
EFAS,12,2964,GERBERTSHAUS,9.554292,47.660208,0,HIST_24h,C747,Rhine,DE,850,847,Rhine,3,0,TRUE,0,1,0,0,0,0,,TRUE,4282500,2722500,24,ID_2964.mod,,2964,FALSE,1062,FALSE,SCHUSSEN
EFAS,12,2965,GIEssEN,9.621145,47.61546,0,HIST_24h,C748,Rhine,DE,625,654,Rhine,3,0,TRUE,0,1,0,0,0,0,,TRUE,4292500,2722500,24,ID_2965.mod,,2965,FALSE,1062,FALSE,ARGEN
EFAS,12,2966,Prijedor,16.703856,44.97385,0,HIST_24h,C790,Danube,BA,3175,3191,Danube,3,0,TRUE,0,1,0,0,0,0,,TRUE,4842500,2457500,24,ID_2966.mod,,2966,FALSE,1062,FALSE,Sana
EFAS,12,2967,Doboj,18.095683,44.744472,0,HIST_24h,C792,Danube,BA,9725,9618,Danube,3,0,TRUE,0,1,0,0,0,0,,TRUE,4962500,2437500,24,ID_2967.mod,,2967,FALSE,1062,FALSE,Bosna
EFAS,12,2968,Vrbanja,17.272778,44.747431,0,HIST_24h,C793,Danube,BA,750,778,Danube,3,0,TRUE,0,1,0,0,0,0,,TRUE,4897500,2432500,24,ID_2968.mod,,2968,FALSE,1062,FALSE,Vrbanja
EFAS,12,2969,Brodarci,15.533889,45.544444,0,HIST_24h,C797,Danube,HR,2325,3405,Danube,3,0,TRUE,0,1,0,0,0,0,,TRUE,4752500,2517500,24,ID_2969.mod,Moved upstream because of error in LDD,2969,FALSE,1062,FALSE,Kupa
EFAS,12,2970,Pleternica,17.752702,45.361186,0,HIST_24h,C798,Danube,HR,750,745,Danube,3,0,TRUE,0,1,0,0,0,0,,TRUE,4927500,2502500,24,ID_2970.mod,,2970,FALSE,1062,FALSE,Orljava
EFAS,12,2971,Litija I,14.823056,46.055556,0,HIST_24h,C799,Danube,SI,4800,4821.43,Danube,2,1,FALSE,0,1,0,0,0,0,,FALSE,4692500,2562500,,,DO NOT USE replaced with 4211,2971,FALSE,1062,FALSE,Sava
EFAS,12,2972,Suha,14.299349,46.194366,0,HIST_24h,C800,Danube,SI,575,566.34,Danube,3,0,TRUE,0,1,0,0,0,0,,TRUE,4657500,2572500,24,ID_2972.mod,,2972,FALSE,1062,FALSE,Sora
EFAS,12,2973,Rakovec,15.705278,45.920833,0,HIST_24h,C801,Danube,SI,600,559.99,Danube,3,0,TRUE,0,1,0,0,0,0,,TRUE,4762500,2557500,24,ID_2973.mod,,2973,FALSE,1062,FALSE,Sotla
EFAS,12,2974,Nazarje,14.9524,46.3212,0,,C802,Danube,SI,125,457.3,Danube,,0,TRUE,0,1,0,0,0,0,,FALSE,4702500,2587500,24,ID_2974.mod,Provider upArea too small to be included in calibration,2974,FALSE,1062,FALSE,Savinja
EFAS,12,2975,Daljan,17.39651,44.158531,0,HIST_24h,C805,Danube,BA,1150,1034,Danube,3,0,TRUE,0,1,0,0,0,0,,TRUE,4912500,2367500,24,ID_2975.mod,,2975,FALSE,1062,FALSE,Vrbas
EFAS,12,2976,Olovo,18.57989,44.12575,0,HIST_24h,C808,Danube,BA,600,737,Danube,3,0,TRUE,0,1,0,0,0,0,,TRUE,5012500,2372500,24,ID_2976.mod,,2976,FALSE,1062,FALSE,Krivaja
EFAS,12,2977,Cedovo,20.064127,43.303417,0,HIST_24h,C812,Danube,RS,525,501,Danube,3,0,TRUE,0,1,0,0,0,0,,TRUE,5142500,2292500,24,ID_2977.mod,,2977,FALSE,1062,FALSE,Vapa
EFAS,12,2978,Lesnica,19.279444,44.633056,0,HIST_24h,C813,Danube,RS,975,959,Danube,3,0,TRUE,0,1,0,0,0,0,,TRUE,5057500,2437500,24,ID_2978.mod,,2978,FALSE,1062,FALSE,Jadar
EFAS,12,2979,Valjevo,19.892222,44.268889,0,,C814,Danube,RS,325,340,Danube,,0,TRUE,0,1,0,0,0,0,,FALSE,5107500,2402500,24,ID_2979.mod,Provider upArea too small to be included in calibration,2979,FALSE,1062,FALSE,Kolubara
EFAS,12,2980,Slovac,20.085,44.338333,0,HIST_24h,C815,Danube,RS,1000,995,Danube,3,0,TRUE,0,1,0,0,0,0,,TRUE,5122500,2407500,24,ID_2980.mod,,2980,FALSE,1062,FALSE,Kolubara
EFAS,12,2981,Cemanov most,20.024614,44.480881,0,,C816,Danube,RS,425,384.6,Danube,,0,TRUE,0,1,0,0,0,0,,FALSE,5117500,2427500,24,ID_2981.mod,Provider upArea too small to be included in calibration,2981,FALSE,1062,FALSE,Tamnava
EFAS,12,2982,Sil Las Portas,-7.208151,42.116495,0,,C818,Miio,ES,225,168,Minho,,0,TRUE,0,1,0,0,0,0,,FALSE,2907500,2272500,24,ID_2982.mod,Provider upArea too small to be included in calibration,2982,FALSE,1062,FALSE,Mino
EFAS,12,2983,Sil Belesar,-7.71133,42.630588,0,HIST_24h,C819,Miio,ES,4450,4358,Minho,3,0,TRUE,0,1,0,0,0,0,,TRUE,2877500,2337500,24,ID_2983.mod,Dam  moved stations downstream,2983,FALSE,1062,FALSE,Mino
EFAS,12,2984,Sil Los Peares,-7.685909,42.469292,0,HIST_24h,C820,Miio,ES,4550,4578,Minho,0,1,FALSE,0,1,0,0,0,0,,FALSE,2877500,2322500,,,DO NOT USE Dam  it  could not be moved downstteam,2984,FALSE,1062,FALSE,Mino
EFAS,12,2985,Sil San Esteban,-7.648744,42.415802,0,HIST_24h,C821,Miio,ES,7200,7216,Minho,3,0,TRUE,0,1,0,0,0,0,,TRUE,2877500,2312500,24,ID_2985.mod,,2985,FALSE,1062,FALSE,Mino
EFAS,12,2986,Sil Bao,-7.166023,42.248405,0,HIST_24h,C823,Miio,ES,800,728,Minho,3,0,TRUE,0,1,0,0,0,0,,TRUE,2917500,2287500,24,ID_2986.mod,Moved downstream of dam,2986,FALSE,1062,FALSE,Mino
EFAS,12,2987,La BrenaII,-5.042149,37.829511,0,HIST_24h,C824,Guadalquivir,ES,1575,1494,Guadalquivir,0,1,FALSE,0,1,0,0,0,0,,FALSE,2997500,1772500,,,DO NOT USE low quality data - dam  it cannot be moved to right location,2987,FALSE,1062,FALSE,Guadalquivir
EFAS,12,2988,Fuensanta,-2.20657,38.393193,0,HIST_24h,C825,Segura,ES,1875,1208,Segura,1,0,TRUE,0,1,0,0,0,0,,FALSE,3257500,1787500,24,ID_2988.mod,Moved downstream of dam strongly regulated with change in low flow,2988,FALSE,1062,FALSE,Segura
EFAS,12,2989,Cenajo,-1.774701,38.36735,0,HIST_24h,C826,Segura,ES,2650,2602,Segura,3,0,TRUE,0,1,0,0,0,0,,TRUE,3292500,1777500,24,ID_2989.mod,Moved downstream of dam  strongly regulated with little change in low flow,2989,FALSE,1062,FALSE,Segura
EFAS,12,2990,La Pedrera,-0.874571,38.034454,0,,C827,Segura,ES,75,35,Segura,,0,TRUE,0,1,0,0,0,0,,FALSE,3362500,1727500,24,ID_2990.mod,Provider upArea too small to be included in calibration,2990,FALSE,1062,FALSE,Segura
EFAS,12,2991,Tranco de Beas,-2.794799,38.175741,0,HIST_24h,C828,Guadalquivir,ES,700,518,Guadalquivir,3,0,TRUE,0,1,0,0,0,0,,TRUE,3192500,1772500,24,ID_2991.mod,dam strongly regulated  moved downstream of dam,2991,FALSE,1062,FALSE,Guadalquivir
EFAS,12,2992,La Fernandina,-3.569279,38.181435,0,HIST_24h,C829,Guadalquivir,ES,2150,660,Guadalquivir,3,0,TRUE,0,1,0,0,0,0,,TRUE,3132500,1777500,24,ID_2992.mod,strongly regulated moved downstream of dam,2992,FALSE,1062,FALSE,Guadalquivir
EFAS,12,2993,Talarn o Tremp,0.914121,42.18171,0,HIST_24h,C830,Ebro,ES,2175,2056,Ebro,3,0,TRUE,0,1,0,0,0,0,,TRUE,3567500,2162500,24,ID_2993.mod,Moved downstream of dam,2993,FALSE,1062,FALSE,Ebro
EFAS,12,2994,Mediano,0.21298,42.314513,0,HIST_24h,C831,Ebro,ES,2075,1837,Ebro,1,0,TRUE,0,1,0,0,0,0,,FALSE,3512500,2177500,24,ID_2994.mod,Moved downstream of dam  oscillations  close to 2851,2994,FALSE,1062,FALSE,Cinca
EFAS,12,2995,Canelles,0.612674,41.978211,0,HIST_24h,C832,Ebro,ES,1650,1634,Ebro,0,0,TRUE,0,1,0,0,0,0,,FALSE,3542500,2142500,24,ID_2995.mod,dam extremely large oscillations,2995,FALSE,1062,FALSE,Ebro
EFAS,12,2996,Burguillo,-4.532696,40.426688,0,HIST_24h,C833,Tajo,ES,1075,1049,Tajo,3,0,TRUE,0,1,0,0,0,0,,TRUE,3097500,2042500,24,ID_2996.mod,dam  moved downstream regulated,2996,FALSE,1062,FALSE,Tajo
EFAS,12,2997,Cedillo,-7.539228,39.665933,0,HIST_24h,C834,Tajo,ES,56675,56657,Tajo,3,0,TRUE,0,1,0,0,0,0,,TRUE,2827500,2012500,24,ID_2997.mod,,2997,FALSE,1062,FALSE,Tajo
EFAS,12,2998,Valdecanas,-5.610622,39.77982,0,HIST_24h,C835,Tajo,ES,36700,36550,Tajo,3,0,TRUE,0,1,0,0,0,0,,TRUE,2982500,1992500,24,ID_2998.mod,moved downstream of dam  strongly regulated,2998,FALSE,1062,FALSE,Tajo
EFAS,12,2999,Gabriel y Galan,-6.131809,40.223179,0,HIST_24h,C836,Tajo,ES,2425,1856,Tajo,3,0,TRUE,0,1,0,0,0,0,,TRUE,2947500,2042500,24,ID_2999.mod,moved downstream of dam  strongly regulated,2999,FALSE,1062,FALSE,Tajo
EFAS,12,3000,Entrepenas,-2.748917,40.494504,0,HIST_24h,C837,Tajo,ES,3850,3842,Tajo,0,0,TRUE,0,1,0,0,0,0,,FALSE,3242500,2027500,24,ID_3000.mod,large oscillations  regulated,3000,FALSE,1062,FALSE,Tajo
EFAS,12,3001,Atazar,-3.472207,40.913985,0,HIST_24h,C838,Tajo,ES,975,925,Tajo,3,0,TRUE,0,1,0,0,0,0,,TRUE,3192500,2077500,24,ID_3001.mod,dam  moved downstream of dam strongly regulated,3001,FALSE,1062,FALSE,Tajo
EFAS,12,3002,Buendia,-2.782521,40.400581,0,HIST_24h,C839,Tajo,ES,3950,3318,Tajo,3,0,TRUE,0,1,0,0,0,0,,TRUE,3237500,2017500,24,ID_3002.mod,Moved on Tajo main stream strongly regulated,3002,FALSE,1062,FALSE,Tajo
EFAS,12,3003,Alcantara,-6.883205,39.73241,0,HIST_24h,C840,Tajo,ES,52150,51990,Tajo,3,0,TRUE,0,1,0,0,0,0,,TRUE,2872500,2007500,24,ID_3003.mod,moved downstream of dam  strongly regulated,3003,FALSE,1062,FALSE,Tajo
EFAS,12,3004,Benageber,-1.097511,39.728378,0,HIST_24h,C841,Jucar,ES,4200,4217,Turia,2,0,TRUE,0,1,0,0,0,0,,FALSE,3367500,1922500,24,ID_3004.mod,Catchment is Turia  strongly regulated  close to 2800,3004,FALSE,1062,FALSE,Jucar
EFAS,12,3005,Tous,-0.649394,39.134775,0,HIST_24h,C842,Jucar,ES,17675,17821,Jucar,3,0,TRUE,0,1,0,0,0,0,,TRUE,3402500,1842500,24,ID_3005.mod,dam,3005,FALSE,1062,FALSE,Jucar
EFAS,12,3006,Contreras,-1.501528,39.545416,0,HIST_24h,C843,Jucar,ES,3425,3266,Jucar,3,0,TRUE,0,1,0,0,0,0,,TRUE,3332500,1897500,24,ID_3006.mod,moved downstrem of dam  strongly regulated,3006,FALSE,1062,FALSE,Jucar
EFAS,12,3007,Alarcon,-2.11078,39.566461,0,HIST_24h,C844,Jucar,ES,2950,2937,Jucar,0,0,TRUE,0,1,0,0,0,0,,FALSE,3277500,1917500,24,ID_3007.mod,dam strongly regulated data are not consistent with 2874  possibly another dam,3007,FALSE,1062,FALSE,Jucar
EFAS,12,3008,Garcia de Sola,-5.18347,39.146226,0,HIST_24h,C846,Guadiana,ES,25875,25851,Guadiana,3,0,TRUE,0,1,0,0,0,0,,TRUE,3007500,1917500,24,ID_3008.mod,strongly regulated with missing data,3008,FALSE,1062,FALSE,Guadiana
EFAS,12,3009,Alange,-6.266843,38.789254,0,HIST_24h,C848,Guadiana,ES,2575,2545,Guadiana,0,1,FALSE,0,1,0,0,0,0,,FALSE,2912500,1897500,,,DO NOT USE It's on the affluent  low quality data -dam  it cannot be moved to right location,3009,FALSE,1062,FALSE,Guadiana
EFAS,12,3010,Cijara,-5.013543,39.375046,0,HIST_24h,C849,Guadiana,ES,24825,24467,Guadiana,3,0,TRUE,0,1,0,0,0,0,,TRUE,3027500,1932500,24,ID_3010.mod,moved dowstream of dam strongly regulated,3010,FALSE,1062,FALSE,Guadiana
EFAS,12,3011,Serena,-5.412923,38.913998,0,HIST_24h,C850,Guadiana,ES,7375,7323,Guadiana,0,0,TRUE,0,1,0,0,0,0,,FALSE,2992500,1892500,24,ID_3011.mod,strongly regulated cannot be located in right place  close to 2859,3011,FALSE,1062,FALSE,Guadiana
EFAS,12,3012,Cuerda del Pozo,-2.703613,41.877664,0,HIST_24h,C851,Duero,ES,575,545,Duero,3,0,TRUE,0,1,0,0,0,0,,TRUE,3272500,2172500,24,ID_3012.mod,moved downstream of dam  strongly regulated,3012,FALSE,1062,FALSE,Duero
EFAS,12,3013,Cernadilla,-6.457666,42.021568,0,HIST_24h,C852,Duero,ES,650,576,Duero,3,0,TRUE,0,1,0,0,0,0,,TRUE,2967500,2247500,24,ID_3013.mod,Moved downstream of dam,3013,FALSE,1062,FALSE,Duero
EFAS,12,3014,Aguilar de campoo,-4.347137,42.815032,0,HIST_24h,C853,Duero,ES,875,545,Duero,2,0,TRUE,0,1,0,0,0,0,,FALSE,3157500,2297500,24,ID_3014.mod,Moved downstream of dam close to 1190,3014,FALSE,1062,FALSE,Duero
EFAS,12,3015,Barrios de Luna,-5.862348,42.851661,0,,C854,Duero,ES,450,489,Duero,,0,TRUE,0,1,0,0,0,0,,FALSE,3032500,2332500,24,ID_3015.mod,Provider upArea too small to be included in calibration,3015,FALSE,1062,FALSE,Duero
EFAS,12,3016,Porma,-5.29214,42.931031,0,,C855,Duero,ES,200,249,Duero,,0,TRUE,0,1,0,0,0,0,,FALSE,3082500,2332500,24,ID_3016.mod,Provider upArea too small to be included in calibration,3016,FALSE,1062,FALSE,Duero
EFAS,12,3017,Santa Teresa,-5.600457,40.668758,0,HIST_24h,C856,Duero,ES,2225,1849,Duero,3,0,TRUE,0,1,0,0,0,0,,TRUE,3007500,2092500,24,ID_3017.mod,Moved downstream of dam,3017,FALSE,1062,FALSE,Duero
EFAS,12,3018,Almendra,-6.318979,41.273595,0,HIST_24h,C857,Duero,ES,7100,6924,Duero,0,0,TRUE,0,1,0,0,0,0,,FALSE,2957500,2167500,24,ID_3018.mod,moved downstream of dam  extremely large oscillations,3018,FALSE,1062,FALSE,Duero
EFAS,12,3019,Riano,-5.083421,42.935662,0,HIST_24h,C858,Duero,ES,700,595,Duero,3,0,TRUE,0,1,0,0,0,0,,TRUE,3092500,2327500,24,ID_3019.mod,moved downstream of dam  strongly regulated,3019,FALSE,1062,FALSE,Duero
EFAS,12,3020,Ricobayo,-5.984065,41.529205,0,HIST_24h,C859,Duero,ES,16250,16017,Duero,3,0,TRUE,0,1,0,0,0,0,,TRUE,2997500,2192500,24,ID_3020.mod,,3020,FALSE,1062,FALSE,Esla
EFAS,12,3021,45836_Brodarevo_Lim,19.720081,43.233145,0,HIST_24h,C872,Danube,RS,2750,2762,Danube,2,0,TRUE,0,1,0,0,0,0,,FALSE,5112500,2287500,24,ID_3021.mod,close to 831,3021,FALSE,1062,FALSE,Lim
EFAS,12,3022,45842_Priboj_Lim,19.523649,43.581616,0,HIST_24h,C873,Danube,RS,3550,3684,Danube,3,0,TRUE,0,1,0,0,0,0,,TRUE,5087500,2322500,24,ID_3022.mod,dams,3022,FALSE,1062,FALSE,Lim
EFAS,12,3023,45838_Prijepolje_Milesevka,19.636986,43.381675,0,,C875,Danube,RS,125,155,Danube,,0,TRUE,0,1,0,0,0,0,,FALSE,5097500,2302500,24,ID_3023.mod,Provider upArea too small to be included in calibration. It is on a small affluent.,3023,FALSE,1062,FALSE,Milesevka
EFAS,12,3024,45890_Zavlaka_Jadar,19.49097,44.449612,0,,C876,Danube,RS,250,313,Danube,,0,TRUE,0,1,0,0,0,0,,FALSE,5082500,2412500,24,ID_3024.mod,Provider upArea too small to be included in calibration,3024,FALSE,1062,FALSE,Jadar
EFAS,12,3025,Brodské,16.99282,48.68823,1,,,Danube,SK,9950,9872,Danube,,0,TRUE,1,0,0,1,1,1,150,FALSE,4837500,2867500,24,ID_3025.mod,,3025,TRUE,1018,TRUE,Morava
EFAS,12,3026,Jandulilla - Hornos del Vidrio,-3.359482,37.746274,1,,,Guadalquivir,ES,175,136,Guadalquivir,,0,TRUE,1,0,0,1,1,1,697,FALSE,3142500,1732500,24,ID_3026.mod,,3026,TRUE,1030,TRUE,Jandulilla
EFAS,12,3027,Dílar - Dílar,-3.551716,37.064807,1,,,Guadalquivir,ES,50,41,Guadalquivir,,0,TRUE,1,0,0,1,1,1,956,FALSE,3112500,1662500,24,ID_3027.mod,,3027,TRUE,1030,TRUE,Dílar
EFAS,12,3028,Anzur - Puente de los Piedros,-4.603382,37.370154,1,,,Guadalquivir,ES,300,314,Guadalquivir,,0,TRUE,1,0,0,1,1,1,256,FALSE,3027500,1712500,24,ID_3028.mod,,3028,TRUE,1030,TRUE,Anzur
EFAS,12,3029,Huesna - El Pedroso,-5.732803,37.853511,1,,,Guadalquivir,ES,325,297,Guadalquivir,,0,TRUE,1,0,0,1,1,1,291,FALSE,2937500,1782500,24,ID_3029.mod,,3029,TRUE,1030,TRUE,Rivera del Huesna
EFAS,12,3030,Guadiana Menor - Úbeda,-3.211682,37.881613,1,,,Guadalquivir,ES,7025,6349,Guadalquivir,,0,TRUE,1,0,0,1,1,1,383,FALSE,3157500,1742500,24,ID_3030.mod,,3030,TRUE,1030,TRUE,Guadiana menor
EFAS,12,3031,Guadaira - Sevilla,-5.904187,37.361206,1,,,Guadalquivir,ES,1300,1239,Guadalquivir,,0,TRUE,1,1,0,1,1,1,16,FALSE,2912500,1732500,6,ID_3031.mod,,3031,TRUE,1030,TRUE,Guadaira
EFAS,12,3032,Genil - Puente Tocón,-3.941493,37.202213,1,,,Guadalquivir,ES,2850,2944,Guadalquivir,,0,TRUE,1,0,0,1,1,1,510,FALSE,3082500,1682500,24,ID_3032.mod,,3032,TRUE,1030,TRUE,Genil
EFAS,12,3033,El Partido - Almonte,-6.460466,37.195558,1,,,Guadalquivir,ES,325,217,Guadalquivir,,0,TRUE,1,0,0,1,1,1,17,FALSE,2862500,1727500,24,ID_3033.mod,,3033,TRUE,1030,TRUE,Partido
EFAS,12,3034,Guadalquivir  - Santo Tomé,-3.093304,38.034852,1,,,Guadalquivir,ES,975,360,Guadalquivir,,0,TRUE,1,0,0,1,1,1,403,FALSE,3172500,1762500,6,ID_3034.mod,,3034,TRUE,1030,TRUE,Guadalquivir
EFAS,12,3035,Genil - Puente Genil,-4.775444,37.381963,1,,,Guadalquivir,ES,6050,282,Guadalquivir,,0,TRUE,1,0,0,1,1,1,165,FALSE,3012500,1717500,6,ID_3035.mod,,3035,TRUE,1030,TRUE,Genil
EFAS,12,3036,Rivera de Huelva - Cala,-6.13316,37.668739,1,,,Guadalquivir,ES,1025,1010,Guadalquivir,,0,TRUE,1,0,1,1,1,1,80,FALSE,2902500,1772500,6,ID_3036.mod,Same location as 994,3036,TRUE,1030,TRUE,Rivera de Huelva
EFAS,12,3037,Corbones - Carmona,-5.575114,37.480098,1,,,Guadalquivir,ES,1675,1377,Guadalquivir,,0,TRUE,1,0,0,1,1,1,35,FALSE,2942500,1742500,6,ID_3037.mod,,3037,TRUE,1030,TRUE,Corbones
EFAS,12,3038,Monachil - Monachil,-3.472671,37.115231,1,,,Guadalquivir,ES,50,48,Guadalquivir,,0,TRUE,1,0,0,1,1,1,1254,FALSE,3122500,1662500,6,ID_3038.mod,,3038,TRUE,1030,TRUE,Monachil
EFAS,12,3039,Frío - Loja,-4.207232,37.156051,1,,,Guadalquivir,ES,225,100,Guadalquivir,,0,TRUE,1,0,0,1,1,1,492,FALSE,3057500,1682500,6,ID_3039.mod,,3039,TRUE,1030,TRUE,Frío
EFAS,12,3040,Tíscar - Vadillo,-3.023948,37.773364,1,,,Guadalquivir,ES,25,13,Guadalquivir,,0,TRUE,1,0,0,1,1,1,909,FALSE,3172500,1732500,6,ID_3040.mod,,3040,TRUE,1030,TRUE,Vadillo
EFAS,12,3041,Guadiamar - El Guijo,-6.21501,37.436421,1,,,Guadalquivir,ES,650,672,Guadalquivir,,0,TRUE,1,0,0,1,1,1,31,FALSE,2887500,1747500,6,ID_3041.mod,,3041,TRUE,1030,TRUE,Guadiamar
EFAS,12,3042,Guadalquivir - Arroyo de María,-2.835848,38.178933,1,,,Guadalquivir,ES,2575,583,Guadalquivir,,0,TRUE,1,0,0,1,1,1,538,FALSE,3147500,1772500,6,ID_3042.mod,,3042,TRUE,1030,TRUE,Guadalquivir
EFAS,12,3043,Guarrizas - Ruinas de Puente,-3.536358,38.138852,1,,,Guadalquivir,ES,700,334,Guadalquivir,,0,TRUE,1,0,0,1,1,1,285,FALSE,3132500,1787500,6,ID_3043.mod,,3043,TRUE,1030,TRUE,Guarrizas
EFAS,12,3044,Guadalquivir - Cerrada del Utrero,-2.928231,37.930804,1,,,Guadalquivir,ES,100,65,Guadalquivir,,0,TRUE,1,0,0,1,1,1,815,FALSE,3182500,1747500,6,ID_3044.mod,,3044,TRUE,1030,TRUE,Guadalquivir
EFAS,12,3045,Colomera - Molino del Tuerto,-3.702719,37.351012,1,,,Guadalquivir,ES,300,246,Guadalquivir,,0,TRUE,1,0,0,1,1,1,684,FALSE,3102500,1697500,6,ID_3045.mod,,3045,TRUE,1030,TRUE,Colomera
EFAS,12,3046,Rivera de Huesna - Villanueva del Río y Minas,-5.737245,37.64599,1,,,Guadalquivir,ES,525,678,Guadalquivir,,0,TRUE,1,0,1,1,1,1,22,FALSE,2937500,1767500,6,ID_3046.mod,,3046,TRUE,1030,TRUE,Rivera de Huesna
EFAS,12,3047,Rivera de Huelva - Zufre,-6.397996,37.877261,1,,,Guadalquivir,ES,600,548,Guadalquivir,,0,TRUE,1,0,0,1,1,1,279,FALSE,2882500,1797500,6,ID_3047.mod,,3047,TRUE,1030,TRUE,Rivera de Huelva
EFAS,12,3048,Guadiamar - Gerena,-6.189454,37.523935,1,,,Guadalquivir,ES,250,240,Guadalquivir,,0,FALSE,0,0,0,0,1,1,52,FALSE,2892500,1757500,,,,3048,FALSE,1030,FALSE,Guadiamar
EFAS,12,3049,Madrefuentes - Palma del Río,-5.355421,37.662077,1,,,Guadalquivir,ES,475,370,Guadalquivir,,0,TRUE,1,0,0,1,1,1,62,FALSE,2967500,1757500,6,ID_3049.mod,,3049,TRUE,1030,TRUE,Arroyo de Madre Fuentes
EFAS,12,3050,Baza - Baza,-2.710364,37.520418,1,,,Guadalquivir,ES,675,471,Guadalquivir,,0,FALSE,0,0,1,0,1,1,737,FALSE,3192500,1697500,,,,3050,FALSE,1030,FALSE,Baza
EFAS,12,3051,Guadalmena - Génave,-2.785353,38.514417,1,,,Guadalquivir,ES,950,760,Guadalquivir,,0,FALSE,0,0,1,0,1,1,659,FALSE,3202500,1807500,,,,3051,FALSE,1030,FALSE,Guadalmena
EFAS,12,3052,Guadalbullón - Cambil,-3.62653,37.681515,1,,,Guadalquivir,ES,350,211,Guadalquivir,,0,FALSE,0,0,1,0,1,1,641,FALSE,3117500,1732500,,,,3052,FALSE,1030,FALSE,Guadalbullón
EFAS,12,3053,Eliche - Villares,-3.819436,37.693807,1,,,Guadalquivir,ES,50,14.57,Guadalquivir,,0,FALSE,0,0,1,0,1,1,597,FALSE,3097500,1737500,,,,3053,FALSE,1030,FALSE,Eliche
EFAS,12,3054,Arroyo Blanco - Écija,-5.061675,37.500758,1,,,Guadalquivir,ES,650,290,Guadalquivir,,0,FALSE,0,0,1,0,1,1,106,FALSE,2987500,1732500,,,,3054,FALSE,1030,FALSE,Blanco
EFAS,12,3055,Siete Arroyos - Villaverde del Río,-5.881009,37.593313,1,,,Guadalquivir,ES,125,92.47,Guadalquivir,,0,FALSE,0,0,1,0,1,1,15,FALSE,2917500,1762500,,,,3055,FALSE,1030,FALSE,Siete Arroyos
EFAS,12,3056,Guadaira - Arahal,-5.617036,37.229723,1,,,Guadalquivir,ES,300,324.52,Guadalquivir,,0,FALSE,0,0,1,0,1,1,64,FALSE,2937500,1712500,,,,3056,FALSE,1030,FALSE,Guadaira
EFAS,12,3057,Viar - Puebla del Maestre,-6.048335,38.10417,1,,,Guadalquivir,ES,525,447,Guadalquivir,,0,FALSE,0,0,1,0,1,1,390,FALSE,2917500,1817500,,,,3057,FALSE,1030,FALSE,Viar
EFAS,12,3058,Guadalquivir - Sevilla,-6.016169,37.392164,1,,,Guadalquivir,ES,49700,48548,Guadalquivir,,0,FALSE,0,0,1,0,1,1,5,FALSE,2902500,1737500,,,,3058,FALSE,1030,FALSE,Guadalquivir
EFAS,12,3059,Guadalquivir - Andújar,-4.061731,38.032735,1,,,Guadalquivir,ES,17600,16825,Guadalquivir,,0,FALSE,0,0,1,0,1,1,195,FALSE,3087500,1777500,,,,3059,FALSE,1030,FALSE,Guadalquivir
EFAS,12,3060,Guadalquivir - Mogón,-3.036243,38.069474,1,,,Guadalquivir,ES,950,867,Guadalquivir,,0,FALSE,0,0,1,0,1,1,424,FALSE,3177500,1762500,,,,3060,FALSE,1030,FALSE,Guadalquivir
EFAS,12,3061,Guadalquivir - Córdoba (Casillas),-4.800226,37.851825,1,,,Guadalquivir,ES,25400,24704,Guadalquivir,,0,FALSE,0,0,1,0,1,1,92,FALSE,3017500,1767500,,,,3061,FALSE,1030,FALSE,Guadalquivir
EFAS,12,3062,Cuzna - Obejo,-4.819446,38.210558,1,,,Guadalquivir,ES,250,279,Guadalquivir,,0,FALSE,0,0,1,0,1,1,392,FALSE,3022500,1807500,,,,3062,FALSE,1030,FALSE,Cuzna
EFAS,12,3063,Bembézar - Hornachuelos,-5.401948,38.05361,1,,,Guadalquivir,ES,875,875,Guadalquivir,,0,FALSE,0,0,1,0,1,1,202,FALSE,2967500,1802500,,,,3063,FALSE,1030,FALSE,Bembézar
EFAS,12,3064,Montesina - Hornachuelos,-5.401638,38.054133,1,,,Guadalquivir,ES,75,129,Guadalquivir,,0,FALSE,0,0,1,0,1,1,208,FALSE,2972500,1807500,,,Difficult to locate  possibly wrong location,3064,FALSE,1030,FALSE,Arroyo de Montesina
EFAS,12,3065,Salado - Alcaudete,-4.187855,37.552475,1,,,Guadalquivir,ES,250,276,Guadalquivir,,0,FALSE,0,0,1,0,1,1,393,FALSE,3062500,1722500,,,,3065,FALSE,1030,FALSE,Salado
EFAS,12,3066,San Juan - Alcaudete,-4.040556,37.54167,1,,,Guadalquivir,ES,250,209,Guadalquivir,,0,FALSE,0,0,1,0,1,1,529,FALSE,3077500,1722500,,,,3066,FALSE,1030,FALSE,San Juan
EFAS,12,3067,Jándula - Hoyo,-3.954718,38.40111,1,,,Guadalquivir,ES,2025,1793,Guadalquivir,,0,FALSE,0,0,1,0,1,1,410,FALSE,3102500,1812500,,,,3067,FALSE,1030,FALSE,Jándula
EFAS,12,3068,Guadalbacar - Constantina,-5.539718,37.830831,1,,,Guadalquivir,ES,50,39,Guadalquivir,,0,FALSE,0,0,1,0,1,1,322,FALSE,2952500,1777500,,,,3068,FALSE,1030,FALSE,Guadalbacar
EFAS,12,3069,Huesna - Cazalla de la Sierra,-5.705003,37.931671,1,,,Guadalquivir,ES,200,156.6,Guadalquivir,,0,FALSE,0,0,1,0,1,1,409,FALSE,2942500,1792500,,,,3069,FALSE,1030,FALSE,Huesna
EFAS,12,3070,Rivera de Cala - Almadén de la Plata,-6.147497,37.880277,1,,,Guadalquivir,ES,325,335,Guadalquivir,,0,FALSE,0,0,1,0,1,1,362,FALSE,2902500,1797500,,,,3070,FALSE,1030,FALSE,Rivera de Cala
EFAS,12,3071,Guadalimar - Villacarrillo,-3.147226,38.159443,1,,,Guadalquivir,ES,2250,2373,Guadalquivir,,0,FALSE,0,0,1,0,1,1,421,FALSE,3167500,1777500,,,,3071,FALSE,1030,FALSE,Guadalimar
EFAS,12,3072,Guadalén - Aldeaquemada,-3.22667,38.412782,1,,,Guadalquivir,ES,500,453,Guadalquivir,,0,FALSE,0,0,1,0,1,1,548,FALSE,3162500,1802500,,,,3072,FALSE,1030,FALSE,Guadalén
EFAS,12,3073,Guadalbullón - Puente de Guadalla,-3.74333,37.776943,1,,,Guadalquivir,ES,850,461,Guadalquivir,,0,FALSE,0,0,1,0,1,1,381,FALSE,3107500,1742500,,,,3073,FALSE,1030,FALSE,Guadalbullón
EFAS,12,3074,Eliche - Puente de la Sierra,-3.764188,37.720514,1,,,Guadalquivir,ES,125,100,Guadalquivir,,0,FALSE,0,0,1,0,1,1,433,FALSE,3102500,1737500,,,,3074,FALSE,1030,FALSE,Eliche
EFAS,12,3075,Quiebrajano - Puente de la Sierra,-3.762664,37.720163,1,,,Guadalquivir,ES,175,168,Guadalquivir,,0,FALSE,0,0,1,0,1,1,431,FALSE,3107500,1732500,,,,3075,FALSE,1030,FALSE,Quiebrajano
EFAS,12,3076,Guadalquivir - Alcolea,-4.650277,37.941945,1,,,Guadalquivir,ES,25075,24314,Guadalquivir,,0,FALSE,0,0,0,0,1,1,110,FALSE,3032500,1772500,,,,3076,FALSE,1030,FALSE,Guadalquivir
EFAS,12,3077,Genil - El Judío,-5.205688,37.659423,1,,,Guadalquivir,ES,8150,8098,Guadalquivir,,0,FALSE,0,0,1,0,1,1,66,FALSE,2977500,1752500,,,,3077,FALSE,1030,FALSE,Genil
EFAS,12,3078,Guadalhorce - Cártama,-4.614008,36.728772,1,,,Guadalhorce,ES,2850,2660,Guadalhorce,,0,TRUE,1,1,0,1,1,1,28,FALSE,3012500,1642500,6,ID_3078.mod,,3078,TRUE,1030,TRUE,Guadalhorce
EFAS,12,3079,Guadaldeo - Órgiva,-3.4155,36.884,1,,,Guadalfeo,ES,550,538,Guadalfeo,,0,TRUE,1,1,0,1,1,1,328,FALSE,3122500,1637500,6,ID_3079.mod,,3079,TRUE,1030,TRUE,Guadalfeo
EFAS,12,3080,Ízbor - Restábal,-2.801504,36.880334,1,,,Guadalfeo,ES,25,266,Guadalfeo,,0,TRUE,1,1,0,1,1,1,518,FALSE,3177500,1632500,6,ID_3080.mod,,3080,TRUE,1030,TRUE,Izbor
EFAS,12,3081,Almanzora - Cantoria,-2.171013,37.347157,1,,,Almanzora,ES,1100,1070,Almanzora,,0,TRUE,1,1,0,1,1,1,354,FALSE,3237500,1672500,6,ID_3081.mod,,3081,TRUE,1030,TRUE,Almanzora
EFAS,12,3082,Guadalete - Jeréz,-6.093256,36.643016,1,,,Guadalete,ES,25,185,Guadalete,,0,FALSE,0,0,0,0,1,1,6,FALSE,2882500,1657500,,,Possibly wrong location,3082,FALSE,1030,FALSE,Guadalete
EFAS,12,3083,Alamo - Benalup de Sidonia,-5.791495,36.360334,1,,,Barbate,ES,675,307.5,Barbate,,0,TRUE,1,1,0,1,1,1,16,FALSE,2902500,1622500,6,ID_3083.mod,It cannot be located in the right location because of LDD,3083,TRUE,1030,TRUE,Álamo
EFAS,12,3084,Guadalete - Junta de los Ríos,-5.858495,36.693629,1,,,Guadalete,ES,2425,2397,Guadalete,,0,FALSE,0,0,0,0,1,1,28,FALSE,2902500,1662500,,,,3084,FALSE,1030,FALSE,Guadalete
EFAS,12,3085,Guadalete - Barca del Florida,-5.924623,36.649172,1,,,Guadalete,ES,2550,2498,Guadalete,,0,FALSE,0,0,0,0,1,1,17,FALSE,2897500,1657500,,,,3085,FALSE,1030,FALSE,Guadalete
EFAS,12,3086,Masies de Roda (Ter i Gurri),2.289947,41.983734,1,,,Ter,ES,1225,1387.05,Ter,,0,TRUE,1,1,0,1,0,0,,FALSE,3677500,2132500,6,ID_3086.mod,,3086,TRUE,1037,TRUE,Ter
EFAS,12,3087,Sortida d'Embassament de Sau (Vilanova de Sau),2.413554,41.968625,1,,,Ter,ES,1800,1564,Ter,,0,TRUE,1,1,0,1,0,0,,FALSE,3697500,2127500,6,ID_3087.mod,Between two dams,3087,TRUE,1037,TRUE,Ter
EFAS,12,3088,Druskininkai,23.980247,54.019475,1,,,Neman,LT,37550,37400,Neman,,0,FALSE,0,0,1,0,1,1,,FALSE,5232500,3522500,,,,3088,FALSE,1061,FALSE,Neman
EFAS,12,3089,Nemajūnai,24.074033,54.55437,1,,,Neman,LT,43025,42900,Neman,,0,FALSE,0,0,1,0,1,1,,FALSE,5227500,3582500,,,,3089,FALSE,1061,FALSE,Neman
EFAS,12,3090,Smalininkai,22.58805,55.072787,1,,,Neman,LT,81075,81200,Neman,,0,FALSE,0,0,1,0,1,1,,FALSE,5122500,3622500,,,,3090,FALSE,1061,FALSE,Neman
EFAS,12,3091,Rusnė,21.380829,55.296119,1,,,Neman,LT,92475,,Neman,,0,FALSE,0,0,1,0,1,1,,FALSE,5042500,3632500,,,,3091,FALSE,1061,FALSE,Atmata
EFAS,12,3092,Guadahortuna - Dehesa Guadix,-3.117525,37.594122,1,,,Guadalquivir,ES,425,403,Guadalquivir,,0,TRUE,1,1,1,1,1,1,665,FALSE,3162500,1712500,24,ID_3092.mod,,3092,TRUE,1030,TRUE,Guadahortuna
EFAS,12,3093,Gunja,18.811694,44.881661,1,,,Sava,HR,63075,,Sava,,0,TRUE,1,1,1,1,1,1,74.32,FALSE,5017500,2457500,24,ID_3093.mod,,3093,TRUE,1031,TRUE,Sava
EFAS,12,3094,Rannu-Jõesuu,26.134176,58.385563,1,,,Narva,EE,3575,3370,Narva,,0,TRUE,1,1,1,1,1,1,33.19,FALSE,5252500,4027500,24,ID_3094.mod,Location must be checked for lake  not sure if upstream or downstream,3094,TRUE,1028,TRUE,Emajõgi
EFAS,12,3095,Tartu,26.726115,58.380004,1,,,Narva,EE,8075,7840,Narva,,0,TRUE,1,1,1,1,1,1,29.79,FALSE,5287500,4037500,24,ID_3095.mod,,3095,TRUE,1028,TRUE,Emajõgi
EFAS,12,3096,Vasknarva,27.740289,59.000848,1,,,Narva,EE,49625,47800,Narva,,0,TRUE,1,1,1,1,1,1,29.18,FALSE,5332500,4117500,24,ID_3096.mod,,3096,TRUE,1028,TRUE,Narva
EFAS,12,3097,Oore,24.767508,58.463073,1,,,Pärnu,EE,4825,5160,Pärnu,,0,TRUE,1,1,1,1,1,1,5.62,FALSE,5182500,4022500,6,ID_3097.mod,,3097,TRUE,1028,TRUE,Pärnu
EFAS,12,3098,Kasari,23.996693,58.726413,1,,,Kasari,EE,2675,2640,Kasari,,0,TRUE,1,1,1,1,1,1,2.86,FALSE,5127500,4037500,6,ID_3098.mod,,3098,TRUE,1028,TRUE,Kasari
EFAS,12,3099,La Moselle à Saint-Mard et à Tonnoy et à Velle-sur-Moselle,6.260221,48.536107,1,,,Rhine,FR,2025,1976,Rhine,,0,TRUE,1,1,0,1,0,0,231,FALSE,4042500,2832500,6,ID_3099.mod,,3099,TRUE,1021,TRUE,Moselle
EFAS,12,3100,La Moselle à Toul,5.896397,48.669768,1,,,Rhine,FR,3325,3338,Rhine,,0,TRUE,1,1,0,1,0,0,201,FALSE,4017500,2847500,6,ID_3100.mod,,3100,TRUE,1021,TRUE,Moselle
EFAS,12,3101,La Meurthe à Laneuveville-devant-Nancy [la Madeleine],6.272221,48.642509,1,,,Rhine,FR,2800,2780,Rhine,,0,TRUE,1,1,0,1,0,0,200,FALSE,4047500,2842500,6,ID_3101.mod,,3101,TRUE,1021,TRUE,Meurthe
EFAS,12,3102,La Moselle à Custines,6.121749,48.789672,1,,,Rhine,FR,6950,6830,Rhine,,0,TRUE,1,1,0,1,0,0,184,FALSE,4037500,2862500,6,ID_3102.mod,,3102,TRUE,1021,TRUE,Moselle
EFAS,12,3103,La Seille à Nomeny,6.227783,48.888275,1,,,Rhine,FR,975,925,Rhine,,0,TRUE,1,1,0,1,0,0,181,FALSE,4042500,2872500,6,ID_3103.mod,,3103,TRUE,1021,TRUE,Seille
EFAS,12,3104,La Seille à Metz,6.188145,49.100772,1,,,Rhine,FR,1175,1280,Rhine,,0,TRUE,1,1,0,1,0,0,163,FALSE,4037500,2887500,6,ID_3104.mod,,3104,TRUE,1021,TRUE,Seille
EFAS,12,3105,La Moselle à Hagondange et à Hauconcourt,6.19741,49.22325,1,,,Rhine,FR,9400,9387,Rhine,,0,TRUE,1,1,0,1,0,0,155,FALSE,4042500,2907500,6,ID_3105.mod,,3105,TRUE,1021,TRUE,Moselle
EFAS,12,3106,L'Orne à Rosselange,6.072002,49.256391,1,,,Rhine,FR,1200,1226,Rhine,,0,TRUE,1,1,0,1,0,0,164,FALSE,4032500,2912500,6,ID_3106.mod,Same location as 2938,3106,TRUE,1021,TRUE,Orne
EFAS,12,3107,La Moselle à Uckange,6.172723,49.316716,1,,,Rhine,FR,10700,10770,Rhine,,0,TRUE,1,1,0,1,0,0,150,FALSE,4042500,2917500,6,ID_3107.mod,,3107,TRUE,1021,TRUE,Moselle
EFAS,12,3108,La Sarre à Sarreguemines et à Sarreinsming,7.10676,49.086789,1,,,Rhine,FR,3700,1760,Rhine,,0,TRUE,1,1,0,1,0,0,195,FALSE,4107500,2892500,6,ID_3108.mod,,3108,TRUE,1021,TRUE,Saar
EFAS,12,3109,La Meuse à Domrémy-la-Pucelle,5.676026,48.439998,1,,,Meuse,FR,1500,1031,Meuse,,0,TRUE,1,1,0,1,0,0,267,FALSE,4002500,2822500,6,ID_3109.mod,,3109,TRUE,1021,TRUE,Meuse
EFAS,12,3110,La Meuse à Commercy,5.60296,48.768316,1,,,Meuse,FR,2400,2290,Meuse,,0,TRUE,1,1,0,1,0,0,227,FALSE,3997500,2862500,6,ID_3110.mod,,3110,TRUE,1021,TRUE,Meuse
EFAS,12,3111,La Meuse à Saint-Mihiel,5.530631,48.870991,1,,,Meuse,FR,2675,2540,Meuse,,0,TRUE,1,1,0,1,0,0,219,FALSE,3992500,2872500,6,ID_3111.mod,,3111,TRUE,1021,TRUE,Meuse
EFAS,12,3112,La Meuse à Stenay,5.178844,49.494346,1,,,Meuse,FR,3975,3904,Meuse,,0,TRUE,1,1,0,1,0,0,162,FALSE,3972500,2942500,6,ID_3112.mod,,3112,TRUE,1021,TRUE,Meuse
EFAS,12,3113,L'Ouanne à Charny,3.091287,47.885566,1,,,Seine,FR,625,562,Seine,,0,TRUE,1,1,0,1,0,0,133,FALSE,3802500,2777500,6,ID_3113.mod,,3113,TRUE,1021,TRUE,Ouanne
EFAS,12,3114,Le Loing à Châlette-sur-Loing [Gué de Lancy],2.727359,48.035488,1,,,Seine,FR,2425,,Seine,,0,TRUE,1,1,0,1,0,0,,FALSE,3782500,2797500,6,ID_3114.mod,,3114,TRUE,1021,TRUE,Loing
EFAS,12,3115,Le Loing à Épisy,2.78725,48.336698,1,,,Seine,FR,3550,3900,Seine,,0,TRUE,1,1,0,1,0,0,48,FALSE,3777500,2827500,6,ID_3115.mod,Same location as 1929,3115,TRUE,1021,TRUE,Loing
EFAS,12,3116,L'Essonne à la Ferté-Alais et à Guigneville-sur-Essonne,2.347596,48.464367,1,,,Seine,FR,1100,901,Seine,,0,TRUE,1,1,0,1,0,0,52,FALSE,3757500,2847500,6,ID_3116.mod,,3116,TRUE,1021,TRUE,Essonne
EFAS,12,3117,La Seine à Alfortville et à Villeneuve-Saint-Georges et à Vi,2.418298,48.780242,1,,,Seine,FR,43400,30800,Seine,,0,TRUE,1,1,0,1,0,0,30,FALSE,3762500,2882500,6,ID_3117.mod,,3117,TRUE,1021,TRUE,Seine
EFAS,12,3118,La Seine à Paris,2.36551,48.84469,1,,,Seine,FR,30725,43800,Seine,,0,TRUE,1,1,0,1,0,0,26,FALSE,3762500,2877500,6,ID_3118.mod,,3118,TRUE,1021,TRUE,Seine
EFAS,12,3119,La Seine à Nod-sur-Seine,4.570344,47.764483,1,,,Seine,FR,450,371,Seine,,0,TRUE,1,1,0,1,0,0,248,FALSE,3912500,2752500,6,ID_3119.mod,,3119,TRUE,1021,TRUE,Seine
EFAS,12,3120,La Seine à Plaines-Saint-Lange,4.480821,47.99581,1,,,Seine,FR,775,704,Seine,,0,TRUE,1,1,0,1,0,0,179,FALSE,3907500,2782500,6,ID_3120.mod,,3120,TRUE,1021,TRUE,Seine
EFAS,12,3121,L'Ource à Autricourt,4.615055,47.998637,1,,,Seine,FR,575,548,Seine,,0,TRUE,1,1,0,1,0,0,198,FALSE,3917500,2777500,6,ID_3121.mod,,3121,TRUE,1021,TRUE,Ource
EFAS,12,3122,La Seine à Bar-sur-Seine,4.377626,48.116842,1,,,Seine,FR,2325,2340,Seine,,0,TRUE,1,1,0,1,0,0,148,FALSE,3902500,2792500,6,ID_3122.mod,,3122,TRUE,1021,TRUE,Seine
EFAS,12,3123,La Seine à Courtenot,4.336367,48.137521,1,,,Seine,FR,2600,2380,Seine,,0,TRUE,1,1,0,1,0,0,127,FALSE,3897500,2797500,6,ID_3123.mod,,3123,TRUE,1021,TRUE,Seine
EFAS,12,3124,L'Aube à Bar-sur-Aube,4.735131,48.219113,1,,,Seine,FR,1300,1280,Seine,,0,TRUE,1,1,0,1,0,0,169,FALSE,3927500,2802500,6,ID_3124.mod,,3124,TRUE,1021,TRUE,Aube
EFAS,12,3125,L'Aube à Arcis-sur-Aube,4.140193,48.537881,1,,,Seine,FR,3575,3590,Seine,,0,TRUE,1,1,0,1,0,0,84,FALSE,3887500,2842500,6,ID_3125.mod,,3125,TRUE,1021,TRUE,Aube
EFAS,12,3126,Le Cousin à Avallon,3.894375,47.482526,1,,,Seine,FR,325,347,Seine,,0,TRUE,1,1,0,1,0,0,170,FALSE,3862500,2727500,6,ID_3126.mod,,3126,TRUE,1021,TRUE,Cousin
EFAS,12,3127,Le Serein à Dissangis,3.984727,47.605673,1,,,Seine,FR,675,636,Seine,,0,TRUE,1,1,0,1,0,0,194,FALSE,3867500,2737500,6,ID_3127.mod,,3127,TRUE,1021,TRUE,Serein
EFAS,12,3128,L'Armançon à Quincy-le-Vicomte,4.262589,47.608724,1,,,Seine,FR,475,483,Seine,,0,TRUE,1,1,0,1,0,0,205,FALSE,3887500,2737500,6,ID_3128.mod,,3128,TRUE,1021,TRUE,Armançon
EFAS,12,3129,L'Armançon à Aisy-sur-Armançon [aval],4.232505,47.66795,1,,,Seine,FR,1425,1350,Seine,,0,TRUE,1,1,0,1,0,0,194,FALSE,3887500,2747500,6,ID_3129.mod,,3129,TRUE,1021,TRUE,Armançon
EFAS,12,3130,L'Armançon à Brienon-sur-Armançon,3.612875,47.985808,1,,,Seine,FR,2900,2982,Seine,,0,TRUE,1,1,0,1,0,0,85,FALSE,3847500,2782500,6,ID_3130.mod,Same location as 1927,3130,TRUE,1021,TRUE,Armançon
EFAS,12,3131,L'Epte à Fourges,1.644817,49.119502,1,,,Seine,FR,1450,1403,Seine,,0,TRUE,1,1,0,1,0,0,23,FALSE,3712500,2922500,6,ID_3131.mod,,3131,TRUE,1021,TRUE,Epte
EFAS,12,3132,L'Eure à Saint-Luperce,1.29119,48.449155,1,,,Seine,FR,375,330,Seine,,0,TRUE,1,1,0,1,0,0,154,FALSE,3677500,2852500,6,ID_3132.mod,,3132,TRUE,1021,TRUE,Eure
EFAS,12,3133,L'Eure à Charpont,1.442181,48.700855,1,,,Seine,FR,2000,2050,Seine,,0,TRUE,1,1,0,1,0,0,81,FALSE,3692500,2877500,6,ID_3133.mod,,3133,TRUE,1021,TRUE,Eure
EFAS,12,3134,L'Avre à Acon,1.104792,48.761918,1,,,Seine,FR,475,495,Seine,,0,TRUE,1,1,0,1,0,0,120,FALSE,3667500,2887500,6,ID_3134.mod,,3134,TRUE,1021,TRUE,Avre
EFAS,12,3135,L'Avre à Muzy,1.328197,48.760591,1,,,Seine,FR,875,880,Seine,,0,TRUE,1,1,0,1,0,0,81,FALSE,3682500,2887500,6,ID_3135.mod,,3135,TRUE,1021,TRUE,Avre
EFAS,12,3136,L'Eure à Cailly-sur-Eure,1.208807,49.11438,1,,,Seine,FR,4500,4598,Seine,,0,TRUE,1,1,0,1,0,0,21,FALSE,3682500,2927500,6,ID_3136.mod,,3136,TRUE,1021,TRUE,Eure
EFAS,12,3137,L'Iton à Normanville,1.150897,49.08057,1,,,Seine,FR,1125,1031,Seine,,0,TRUE,1,1,0,1,0,0,46,FALSE,3677500,2922500,6,ID_3137.mod,,3137,TRUE,1021,TRUE,Iton
EFAS,12,3138,L'Eure à Louviers,1.17692,49.224073,1,,,Seine,FR,5875,5935,Seine,,0,TRUE,1,1,0,1,0,0,11,FALSE,3677500,2937500,6,ID_3138.mod,,3138,TRUE,1021,TRUE,Eure
EFAS,12,3139,La Marne à Marnay-sur-Marne,5.248551,48.012031,1,,,Seine,FR,375,360,Seine,,0,TRUE,1,1,0,1,0,0,290,FALSE,3967500,2777500,6,ID_3139.mod,,3139,TRUE,1021,TRUE,Marne
EFAS,12,3140,Le Rognon à Doulaincourt-Saucourt,5.165235,48.343833,1,,,Seine,FR,600,614,Seine,,0,TRUE,1,1,0,1,0,0,206,FALSE,3967500,2812500,6,ID_3140.mod,,3140,TRUE,1021,TRUE,Rognon
EFAS,12,3141,La Saulx à Mognéville,4.999609,48.784962,1,,,Seine,FR,500,477,Seine,,0,TRUE,1,1,0,1,0,0,139,FALSE,3957500,2862500,6,ID_3141.mod,,3141,TRUE,1021,TRUE,Saulx
EFAS,12,3142,L'Ornain à Tronville-en-Barrois,5.282439,48.721626,1,,,Seine,FR,700,672,Seine,,0,TRUE,1,1,0,1,0,0,212,FALSE,3972500,2857500,6,ID_3142.mod,,3142,TRUE,1021,TRUE,Ornain
EFAS,12,3143,La Saulx à Vitry-en-Perthois,4.62633,48.746156,1,,,Seine,FR,2050,2100,Seine,,0,TRUE,1,1,0,1,0,0,94,FALSE,3927500,2862500,6,ID_3143.mod,,3143,TRUE,1021,TRUE,Saulx
EFAS,12,3144,La Marne à Châlons-en-Champagne,4.353718,48.950952,1,,,Seine,FR,6250,6280,Seine,,0,TRUE,1,1,0,1,0,0,77,FALSE,3907500,2887500,6,ID_3144.mod,,3144,TRUE,1021,TRUE,Marne
EFAS,12,3145,L'Aire à Chevières,4.903254,49.334071,1,,,Seine,FR,1025,1000,Seine,,0,TRUE,1,1,0,1,0,0,125,FALSE,3952500,2927500,6,ID_3145.mod,,3145,TRUE,1021,TRUE,Aire
EFAS,12,3146,L'Aisne à Mouron,4.782841,49.308089,1,,,Seine,FR,2425,2280,Seine,,0,TRUE,1,1,0,1,0,0,102,FALSE,3942500,2922500,6,ID_3146.mod,,3146,TRUE,1021,TRUE,Aisne
EFAS,12,3147,L'Aisne à Givry,4.538602,49.491463,1,,,Seine,FR,3075,2940,Seine,,0,TRUE,1,1,0,1,0,0,76,FALSE,3922500,2947500,6,ID_3147.mod,Same location as 1933,3147,TRUE,1021,TRUE,Aisne
EFAS,12,3148,L'Oise à Origny-Sainte-Benoite,3.481797,49.839589,1,,,Seine,FR,1200,1200,Seine,,0,TRUE,1,1,0,1,0,0,70,FALSE,3852500,2992500,,,,3148,FALSE,1021,TRUE,Oise
EFAS,12,3149,La Serre à Pont-à-Bucy,3.483903,49.692261,1,,,Seine,FR,1625,1637,Seine,,0,TRUE,1,1,0,1,0,0,52,FALSE,3852500,2972500,6,ID_3149.mod,,3149,TRUE,1021,TRUE,Seine
EFAS,12,3150,L'Oise à Sempigny,2.993738,49.560148,1,,,Seine,FR,4200,4316,Seine,,0,TRUE,1,1,0,1,0,0,34,FALSE,3817500,2962500,6,ID_3150.mod,Same location as 1934,3150,TRUE,1021,TRUE,Oise
EFAS,12,3151,L'Orne à May-sur-Orne,-0.386364,49.10963,1,,,Orne,FR,2525,2506,Orne,,0,TRUE,1,1,0,1,0,0,4,FALSE,3567500,2942500,6,ID_3151.mod,,3151,TRUE,1021,TRUE,Orne
EFAS,12,3152,L'Aulne à Châteauneuf-du-Faou,-3.861535,48.165034,1,,,Aulne,FR,1200,1224.8,Aulne,,0,TRUE,1,1,0,1,0,0,33,FALSE,3297500,2877500,6,ID_3152.mod,,3152,TRUE,1021,TRUE,Aulne
EFAS,12,3153,La Vilaine à Guichen,-1.755066,47.992902,1,,,Vilaine,FR,3175,3299.4,Vilaine,,0,TRUE,1,1,0,1,0,0,14,FALSE,3447500,2832500,6,ID_3153.mod,,3153,TRUE,1021,TRUE,Vilaine
EFAS,12,3154,La Loire à Bas-en-Basset,4.11799,45.295229,1,,,Loire,FR,3325,3234,Loire,,0,TRUE,1,1,0,1,0,0,450,FALSE,3857500,2482500,24,ID_3154.mod,,3154,TRUE,1021,TRUE,Loire
EFAS,12,3155,La Loire à Digoin,3.983034,46.478171,1,,,Loire,FR,9400,9315,Loire,,0,TRUE,1,1,0,1,0,0,227,FALSE,3862500,2612500,6,ID_3155.mod,,3155,TRUE,1021,TRUE,Loire
EFAS,12,3156,L'Arroux à Étang-sur-Arroux,4.192478,46.851457,1,,,Loire,FR,1925,1798,Loire,,0,TRUE,1,1,0,1,0,0,273,FALSE,3877500,2652500,6,ID_3156.mod,,3156,TRUE,1021,TRUE,Arroux
EFAS,12,3157,L'Arroux à Rigny-sur-Arroux,4.034506,46.534576,1,,,Loire,FR,2275,2277,Loire,,0,TRUE,1,1,0,1,0,0,237,FALSE,3867500,2627500,6,ID_3157.mod,,3157,TRUE,1021,TRUE,Arroux
EFAS,12,3158,L'Arroux à Digoin,3.98925,46.494963,1,,,Loire,FR,3125,3166,Loire,,0,TRUE,1,1,0,1,0,0,255,FALSE,3862500,2617500,6,ID_3158.mod,,3158,TRUE,1021,TRUE,Arroux
EFAS,12,3159,La Loire à Gilly-sur-Loire,3.766206,46.538025,1,,,Loire,FR,13950,13007,Loire,,0,TRUE,1,1,0,1,0,0,215,FALSE,3842500,2622500,6,ID_3159.mod,,3159,TRUE,1021,TRUE,Loire
EFAS,12,3160,L'Aron à Verneuil,3.575826,46.851902,1,,,Loire,FR,1525,1465,Loire,,0,TRUE,1,1,0,1,0,0,196,FALSE,3832500,2657500,6,ID_3160.mod,,3160,TRUE,1021,TRUE,Aron
EFAS,12,3161,La Loire à Nevers,3.165328,46.98281,1,,,Loire,FR,18275,17570,Loire,,0,TRUE,1,1,0,1,0,0,175,FALSE,3802500,2677500,6,ID_3161.mod,,3161,TRUE,1021,TRUE,Loire
EFAS,12,3162,L'Alagnon à Lempdes-sur-Allagnon,3.265549,45.383598,1,,,Loire,FR,1100,984,Loire,,0,TRUE,1,1,0,1,0,0,450,FALSE,3792500,2497500,6,ID_3162.mod,,3162,TRUE,1021,TRUE,Alagnon
EFAS,12,3163,L'Allier à Coudes,3.210561,45.615018,1,,,Loire,FR,5350,5317,Loire,,0,TRUE,1,1,0,1,0,0,335,FALSE,3792500,2522500,6,ID_3163.mod,,3163,TRUE,1021,TRUE,Allier
EFAS,12,3164,L'Allier à Limons,3.4478,45.969474,1,,,Loire,FR,7100,7005,Loire,,0,TRUE,1,1,0,1,0,0,278,FALSE,3812500,2562500,24,ID_3164.mod,,3164,TRUE,1021,TRUE,Allier
EFAS,12,3165,L'Allier à Saint-Yorre,3.459131,46.062202,1,,,Loire,FR,8950,8940,Loire,,0,TRUE,1,1,0,1,0,0,260,FALSE,3817500,2572500,6,ID_3165.mod,,3165,TRUE,1021,TRUE,Allier
EFAS,12,3166,La Sioule à Saint-Pourçain-sur-Sioule,3.296518,46.309255,1,,,Loire,FR,2475,2458,Loire,,0,TRUE,1,1,0,1,0,0,238,FALSE,3802500,2602500,24,ID_3166.mod,,3166,TRUE,1021,TRUE,Sioule
EFAS,12,3167,L'Allier à Châtel-de-Neuvre,3.316926,46.402198,1,,,Loire,FR,12825,12430,Loire,,0,TRUE,1,1,0,1,0,0,225,FALSE,3807500,2612500,6,ID_3167.mod,,3167,TRUE,1021,TRUE,Allier
EFAS,12,3168,L'Allier à Moulins,3.325954,46.561116,1,,,Loire,FR,13100,12980,Loire,,0,TRUE,1,1,0,1,0,0,210,FALSE,3807500,2627500,24,ID_3168.mod,,3168,TRUE,1021,TRUE,Allier
EFAS,12,3169,L'Allier à Cuffy,3.06984,46.946582,1,,,Loire,FR,14300,14310,Loire,,0,TRUE,1,1,0,1,0,0,175,FALSE,3792500,2667500,6,ID_3169.mod,,3169,TRUE,1021,TRUE,Allier
EFAS,12,3170,La Loire à Cours-les-Barres,3.072115,47.015994,1,,,Loire,FR,32800,32610,Loire,,0,TRUE,1,1,0,1,0,0,170,FALSE,3792500,2682500,24,ID_3170.mod,,3170,TRUE,1021,TRUE,Loire
EFAS,12,3171,La Loire à Saint-Martin-sur-Ocre et à Gien,2.631805,47.683651,1,,,Loire,FR,35900,35500,Loire,,0,TRUE,1,1,0,1,0,0,125,FALSE,3767500,2757500,24,ID_3171.mod,,3171,TRUE,1021,TRUE,Loire
EFAS,12,3172,La Loire à Orléans,1.904788,47.897325,1,,,Loire,FR,37250,36970,Loire,,0,TRUE,1,1,0,1,0,0,95,FALSE,3717500,2787500,24,ID_3172.mod,,3172,TRUE,1021,TRUE,Loire
EFAS,12,3173,La Loire à Blois,1.335144,47.584956,1,,,Loire,FR,38375,38320,Loire,,0,TRUE,1,1,0,1,0,0,70,FALSE,3672500,2757500,6,ID_3173.mod,,3173,TRUE,1021,TRUE,Loire
EFAS,12,3174,Le Cher à Saint-Amand-Montrond,2.490613,46.725912,1,,,Loire,FR,3900,3492,Loire,,0,TRUE,1,1,0,1,0,0,155,FALSE,3747500,2652500,6,ID_3174.mod,,3174,TRUE,1021,TRUE,Cher
EFAS,12,3175,L'Yèvre à Savigny-en-Septaine,2.563284,47.050103,1,,,Loire,FR,550,531,Loire,,0,TRUE,1,1,0,1,0,0,141,FALSE,3757500,2687500,6,ID_3175.mod,,3175,TRUE,1021,TRUE,Yèvre
EFAS,12,3176,Le Cher à Selles-sur-Cher,1.53313,47.273184,1,,,Loire,FR,9275,9252,Loire,,0,TRUE,1,1,0,1,0,0,75,FALSE,3692500,2717500,6,ID_3176.mod,Difficult to locate  It may be on the wrong branch,3176,TRUE,1021,TRUE,Cher
EFAS,12,3177,Le Cher à Châtillon-sur-Cher,1.488145,47.270253,1,,,Loire,FR,12800,11540,Loire,,0,TRUE,1,1,0,1,0,0,74,FALSE,3677500,2722500,6,ID_3177.mod,,3177,TRUE,1021,TRUE,Cher
EFAS,12,3178,Le Cher à Tours,0.678007,47.373101,1,,,Loire,FR,13650,13615,Loire,,0,TRUE,1,1,0,1,0,0,47,FALSE,3617500,2737500,24,ID_3178.mod,,3178,TRUE,1021,TRUE,Cher
EFAS,12,3179,La Loire à Langeais,0.405312,47.319856,1,,,Loire,FR,56675,56480,Loire,,0,TRUE,1,1,0,1,0,0,36,FALSE,3597500,2737500,6,ID_3179.mod,,3179,TRUE,1021,TRUE,Loire
EFAS,12,3180,L'Indre à Saint-Cyran-du-Jambot,1.127072,47.016875,1,,,Loire,FR,1775,1712,Loire,,0,TRUE,1,1,0,1,0,0,85,FALSE,3647500,2697500,6,ID_3180.mod,,3180,TRUE,1021,TRUE,Indre
EFAS,12,3181,Le Clain à Poitiers,0.351309,46.577964,1,,,Loire,FR,2450,2120,Loire,,0,TRUE,1,1,0,1,0,0,69,FALSE,3582500,2657500,6,ID_3181.mod,,3181,TRUE,1021,TRUE,Clain
EFAS,12,3182,La Vienne à Ingrandes,0.563578,46.877071,1,,,Loire,FR,10250,10100,Loire,,0,TRUE,1,1,0,1,0,0,44,FALSE,3602500,2687500,6,ID_3182.mod,,3182,TRUE,1021,TRUE,Vienne
EFAS,12,3183,La Creuse à Ciron [Scoury],1.289218,46.632486,1,,,Loire,FR,3500,3340,Loire,,0,TRUE,1,1,0,1,0,0,90,FALSE,3652500,2652500,6,ID_3183.mod,Same location as 1909,3183,TRUE,1021,TRUE,Creuse
EFAS,12,3184,La Gartempe à Montmorillon,0.869247,46.423275,1,,,Loire,FR,1825,1870,Loire,,0,TRUE,1,1,0,1,0,0,90,FALSE,3622500,2632500,6,ID_3184.mod,,3184,TRUE,1021,TRUE,Gartempe
EFAS,12,3185,L'Anglin à Mérigny,0.924295,46.630508,1,,,Loire,FR,1625,1630,Loire,,0,TRUE,1,1,0,1,0,0,82,FALSE,3627500,2657500,6,ID_3185.mod,,3185,TRUE,1021,TRUE,Anglin
EFAS,12,3186,La Creuse à Leugny,0.703836,46.909535,1,,,Loire,FR,7950,8020,Loire,,0,TRUE,1,1,0,1,0,0,48,FALSE,3617500,2682500,6,ID_3186.mod,,3186,TRUE,1021,TRUE,Creuse
EFAS,12,3187,La Vienne à Nouâtre et à Pouzay,0.544853,47.050101,1,,,Loire,FR,20075,19900,Loire,,0,TRUE,1,1,0,1,0,0,40,FALSE,3602500,2707500,6,ID_3187.mod,,3187,TRUE,1021,TRUE,Vienne
EFAS,12,3188,La Loire à Montsoreau et à Saumur,-0.075431,47.262418,1,,,Loire,FR,81450,81200,Loire,,0,TRUE,1,1,0,1,0,0,24,FALSE,3562500,2732500,6,ID_3188.mod,,3188,TRUE,1021,TRUE,Loire
EFAS,12,3189,Le Thouet à Missé [Missé],-0.191248,46.952497,1,,,Loire,FR,1150,997,Loire,,0,TRUE,1,0,0,1,0,0,50,FALSE,3547500,2702500,24,ID_3189.mod,,3189,TRUE,1021,TRUE,Thouet
EFAS,12,3190,La Sarthe à Neuville-sur-Sarthe et à Souillé [Montreuil],0.205748,48.090072,1,,,Loire,FR,2675,2716,Loire,,0,TRUE,1,1,0,1,0,0,47,FALSE,3592500,2827500,6,ID_3190.mod,Same location as 2921,3190,TRUE,1021,TRUE,Sarthe
EFAS,12,3191,L'Huisne à Nogent-le-Rotrou [Pont de bois],0.813875,48.318504,1,,,Loire,FR,950,827,Loire,,0,TRUE,1,1,0,1,0,0,102,FALSE,3642500,2842500,6,ID_3191.mod,,3191,TRUE,1021,TRUE,Huisne
EFAS,12,3192,L'Huisne à Montfort-le-Gesnois [La Pécardière],0.405295,48.0416,1,,,Loire,FR,1925,1890,Loire,,0,TRUE,1,1,0,1,0,0,56,FALSE,3607500,2817500,6,ID_3192.mod,,3192,TRUE,1021,TRUE,Huisne
EFAS,12,3193,La Sarthe à Spay [Ecluse de Prélandon],0.144725,47.912676,1,,,Loire,FR,5525,5420,Loire,,0,TRUE,1,1,0,1,0,0,39,FALSE,3587500,2802500,6,ID_3193.mod,,3193,TRUE,1021,TRUE,Sarthe
EFAS,12,3194,La Sarthe à Saint-Denis-d'Anjou [Beffes],-0.385898,47.80316,1,,,Loire,FR,7450,7380,Loire,,0,TRUE,1,1,0,1,0,0,22,FALSE,3547500,2797500,6,ID_3194.mod,,3194,TRUE,1021,TRUE,Sarthe
EFAS,12,3195,Le Loir à Saint-Maur-sur-le-Loir,1.417772,48.151658,1,,,Loire,FR,1150,1160,Loire,,0,TRUE,1,1,0,1,0,0,116,FALSE,3682500,2822500,6,ID_3195.mod,,3195,TRUE,1021,TRUE,Loir
EFAS,12,3196,Le Loir à Flée [Port-Gautier],0.479906,47.710702,1,,,Loire,FR,6575,5940,Loire,,0,TRUE,1,1,0,1,0,0,46,FALSE,3607500,2777500,6,ID_3196.mod,,3196,TRUE,1021,TRUE,Loir
EFAS,12,3197,Le Loir à Durtal,-0.245142,47.669492,1,,,Loire,FR,8100,7920,Loire,,0,TRUE,1,1,0,1,0,0,21,FALSE,3552500,2782500,24,ID_3197.mod,,3197,TRUE,1021,TRUE,Loir
EFAS,12,3198,La Mayenne à Saint-Fraimbault-de-Prières,-0.583991,48.350061,1,,,Loire,FR,1950,1851,Loire,,0,TRUE,1,1,0,1,0,0,85,FALSE,3537500,2862500,24,ID_3198.mod,,3198,TRUE,1021,TRUE,Mayenne
EFAS,12,3199,La Mayenne à l'Huisserie [Bonne],-0.74096,48.012217,1,,,Loire,FR,3675,2890,Loire,,0,TRUE,1,1,0,1,0,0,41,FALSE,3522500,2822500,6,ID_3199.mod,,3199,TRUE,1021,TRUE,Mayenne
EFAS,12,3200,L'Oudon à Châtelais [Marcillé],-0.926737,47.774061,1,,,Loire,FR,750,734,Loire,,0,TRUE,1,1,0,1,0,0,30,FALSE,3502500,2802500,6,ID_3200.mod,,3200,TRUE,1021,TRUE,Oudon
EFAS,12,3201,L'Oudon à Segré [écluse de Maingué],-0.86798,47.685769,1,,,Loire,FR,1475,1310,Loire,,0,TRUE,1,1,0,1,0,0,21,FALSE,3512500,2787500,6,ID_3201.mod,,3201,TRUE,1021,TRUE,Oudon
EFAS,12,3202,La Loire à Chalonnes-sur-Loire et à Ingrandes et à Montjean-,-0.861217,47.392308,1,,,Loire,FR,110750,109930,Loire,,0,TRUE,1,1,0,1,0,0,10,FALSE,3502500,2757500,6,ID_3202.mod,,3202,TRUE,1021,TRUE,Loire
EFAS,12,3203,La Sèvre Nantaise à Clisson,-1.278173,47.08664,1,,,Loire,FR,1400,1390,Loire,,0,TRUE,1,1,0,1,0,0,10,FALSE,3467500,2727500,6,ID_3203.mod,,3203,TRUE,1021,TRUE,Sèvre
EFAS,12,3204,La Maine à Remouillé,-1.371323,47.055701,1,,,Loire,FR,625,597,Loire,,0,TRUE,1,1,0,1,0,0,14,FALSE,3462500,2727500,6,ID_3204.mod,,3204,TRUE,1021,TRUE,Maine
EFAS,12,3205,La Garonne à Arlos et à Saint-Béat,0.691934,42.915618,1,,,Garonne,FR,700,640,Garonne,,0,TRUE,1,1,0,1,0,0,500,FALSE,3562500,2247500,6,ID_3205.mod,,3205,TRUE,1021,TRUE,Garonne
EFAS,12,3206,Le Salat à Roquefort-sur-Garonne,0.973924,43.154442,1,,,Garonne,FR,4425,1570,Garonne,,0,TRUE,1,1,0,1,0,0,270,FALSE,3587500,2272500,6,ID_3206.mod,,3206,TRUE,1021,TRUE,Salat
EFAS,12,3207,La Garonne à Portet-sur-Garonne,1.415133,43.526474,1,,,Garonne,FR,10000,9980,Garonne,,0,TRUE,1,1,0,1,0,0,147,FALSE,3627500,2307500,6,ID_3207.mod,,3207,TRUE,1021,TRUE,Garonne
EFAS,12,3208,Le Tarn à Millau,3.075559,44.09229,1,,,Garonne,FR,2100,2170,Garonne,,0,TRUE,1,1,0,1,0,0,349,FALSE,3767500,2357500,6,ID_3208.mod,,3208,TRUE,1021,TRUE,Tarn
EFAS,12,3209,L'Aveyron à Laguépie [1],1.973646,44.151835,1,,,Garonne,FR,1575,1582,Garonne,,0,TRUE,1,1,0,1,0,0,149,FALSE,3677500,2377500,6,ID_3209.mod,,3209,TRUE,1021,TRUE,Aveyron
EFAS,12,3210,L'Aveyron à Montauban [Loubéjac],1.340485,44.091557,1,,,Garonne,FR,5300,5170,Garonne,,0,TRUE,1,1,0,1,0,0,73,FALSE,3627500,2372500,6,ID_3210.mod,,3210,TRUE,1021,TRUE,Aveyron
EFAS,12,3211,La Garonne à Lamagistère,0.831297,44.121072,1,,,Garonne,FR,32325,32350,Garonne,,0,TRUE,1,1,0,1,0,0,60,FALSE,3587500,2377500,6,ID_3211.mod,,3211,TRUE,1021,TRUE,Garonne
EFAS,12,3212,Le Célé à Orniac [Les Amis du Célé],1.679107,44.520195,1,,,Garonne,FR,1175,1194,Garonne,,0,TRUE,1,1,0,1,0,0,140,FALSE,3667500,2417500,6,ID_3212.mod,,3212,TRUE,1021,TRUE,Célé
EFAS,12,3213,La Dordogne à Lanzac et à Souillac,1.484326,44.882463,1,,,Dordogne,FR,8250,8030,Dordogne,,0,TRUE,1,1,0,1,0,0,86,FALSE,3647500,2457500,6,ID_3213.mod,,3213,TRUE,1021,TRUE,Dordogne
EFAS,12,3214,La Dordogne à Cénac-et-Saint-Julien,1.204447,44.805387,1,,,Dordogne,FR,8550,8705,Dordogne,,0,TRUE,1,1,0,1,0,0,65,FALSE,3632500,2452500,6,ID_3214.mod,,3214,TRUE,1021,TRUE,Dordogne
EFAS,12,3215,La Vézère à Larche,1.41579,45.123328,1,,,Dordogne,FR,2525,2485,Dordogne,,0,TRUE,1,1,0,1,0,0,90,FALSE,3647500,2482500,24,ID_3215.mod,,3215,TRUE,1021,TRUE,Vézère
EFAS,12,3216,La Vézère à Campagne,0.95908,44.90371,1,,,Dordogne,FR,3675,3736,Dordogne,,0,TRUE,1,1,0,1,0,0,51,FALSE,3607500,2462500,6,ID_3216.mod,,3216,TRUE,1021,TRUE,Vézère
EFAS,12,3217,L'Isle à Périgueux,0.70106,45.185031,1,,,Dordogne,FR,2150,2123,Dordogne,,0,TRUE,1,1,0,1,0,0,79,FALSE,3592500,2497500,6,ID_3217.mod,,3217,TRUE,1021,TRUE,Isle
EFAS,12,3218,L'Isle à Abzac,-0.126056,45.021916,1,,,Dordogne,FR,3825,3752,Dordogne,,0,TRUE,1,1,0,1,0,0,6,FALSE,3522500,2487500,6,ID_3218.mod,,3218,TRUE,1021,TRUE,Isle
EFAS,12,3219,Le Luy à Saint-Pandelon,-1.042208,43.676692,1,,,Adour,FR,1050,1150,Adour,,0,TRUE,1,1,0,1,0,0,8,FALSE,3432500,2352500,6,ID_3219.mod,,3219,TRUE,1021,TRUE,Luy
EFAS,12,3220,Le Gave d'Oloron à Oloron-Sainte-Marie [Pont SNCF],-0.608087,43.199542,1,,,Adour,FR,1300,1100,Adour,,0,TRUE,1,1,0,1,0,0,204,FALSE,3457500,2292500,6,ID_3220.mod,,3220,TRUE,1021,TRUE,Gave d'Oloron
EFAS,12,3221,Le Gave d'Oloron à Escos,-0.993193,43.440915,1,,,Adour,FR,2600,2456,Adour,,0,TRUE,1,1,0,1,0,0,30,FALSE,3432500,2322500,24,ID_3221.mod,,3221,TRUE,1021,TRUE,Gave d'Oloron
EFAS,12,3222,Le Coney à Fontenoy-le-Château,6.194862,47.972645,1,,,Rhône,FR,375,317,Rhône,,0,TRUE,1,1,0,1,0,0,252,FALSE,4037500,2767500,6,ID_3222.mod,,3222,TRUE,1021,TRUE,Côney
EFAS,12,3223,La Saône à Cendrecourt,5.931345,47.857526,1,,,Rhône,FR,1225,1130,Rhône,,0,TRUE,1,1,0,1,0,0,214,FALSE,4017500,2757500,24,ID_3223.mod,,3223,TRUE,1021,TRUE,Saône
EFAS,12,3224,La Lanterne à Fleurey-lès-Faverney,6.076205,47.748351,1,,,Rhône,FR,1000,1020,Rhône,,0,TRUE,1,1,0,1,0,0,211,FALSE,4027500,2742500,6,ID_3224.mod,,3224,TRUE,1021,TRUE,Lanterne
EFAS,12,3225,La Saône à Ray-sur-Saône,5.826135,47.576528,1,,,Rhône,FR,3775,3740,Rhône,,0,TRUE,1,1,0,1,0,0,195,FALSE,4012500,2727500,6,ID_3225.mod,,3225,TRUE,1021,TRUE,Saône
EFAS,12,3226,L'Ognon à Chassey-lès-Montbozon [Bonnal],6.354169,47.507826,1,,,Rhône,FR,850,866,Rhône,,0,TRUE,1,1,0,1,0,0,250,FALSE,4047500,2717500,6,ID_3226.mod,,3226,TRUE,1021,TRUE,Ognon
EFAS,12,3227,L'Ognon à Beaumotte-Aubertans,6.180888,47.415856,1,,,Rhône,FR,1250,1250,Rhône,,0,TRUE,1,1,0,1,0,0,229,FALSE,4032500,2707500,,,,3227,FALSE,1021,TRUE,Ognon
EFAS,12,3228,L'Ognon à Pesmes,5.545014,47.2932,1,,,Rhône,FR,2000,2038,Rhône,,0,TRUE,1,1,0,1,0,0,185,FALSE,3987500,2692500,6,ID_3228.mod,Same location as 2950,3228,TRUE,1021,TRUE,Ognon
EFAS,12,3229,La Saône à Auxonne,5.378926,47.190486,1,,,Rhône,FR,8825,8746,Rhône,,0,TRUE,1,1,0,1,0,0,179,FALSE,3972500,2687500,6,ID_3229.mod,,3229,TRUE,1021,TRUE,Saône
EFAS,12,3230,La Tille à Cessey-sur-Tille,5.217469,47.28005,1,,,Rhône,FR,1100,884,Rhône,,0,TRUE,1,1,0,1,0,0,201,FALSE,3957500,2697500,6,ID_3230.mod,,3230,TRUE,1021,TRUE,Tille
EFAS,12,3231,L'Ouche à la Bussière-sur-Ouche,4.725801,47.210036,1,,,Rhône,FR,300,313,Rhône,,0,TRUE,1,1,0,1,0,0,310,FALSE,3922500,2692500,6,ID_3231.mod,,3231,TRUE,1021,TRUE,Ouche
EFAS,12,3232,L'Ouche à Sainte-Marie-sur-Ouche [Pont de Pany],4.813163,47.296718,1,,,Rhône,FR,525,442,Rhône,,0,TRUE,1,1,0,1,0,0,277,FALSE,3927500,2702500,6,ID_3232.mod,,3232,TRUE,1021,TRUE,Ouche
EFAS,12,3233,La Saône à Pagny-la-Ville [Lechatelet],5.149229,47.066768,1,,,Rhône,FR,11650,11673,Rhône,,0,TRUE,1,1,0,1,0,0,175,FALSE,3957500,2672500,6,ID_3233.mod,Same location as 1918,3233,TRUE,1021,TRUE,Saône
EFAS,12,3234,Le Doubs à la Cluse-et-Mijoux [Pontarlier amont],6.364644,46.881345,1,,,Rhône,FR,350,350,Rhône,,0,TRUE,1,1,0,1,0,0,840,FALSE,4042500,2647500,6,ID_3234.mod,,3234,TRUE,1021,TRUE,Doubs
EFAS,12,3235,Le Doubs à Goumois,6.950476,47.271632,1,,,Rhône,FR,1200,910,Rhône,,0,TRUE,1,1,0,1,0,0,487,FALSE,4092500,2687500,6,ID_3235.mod,,3235,TRUE,1021,TRUE,Doubs
EFAS,12,3236,Le Doubs à Glère [Courclavon],7.025987,47.343959,1,,,Rhône,FR,1350,1057,Rhône,,0,TRUE,1,1,0,1,0,0,410,FALSE,4097500,2697500,6,ID_3236.mod,,3236,TRUE,1021,TRUE,Doubs
EFAS,12,3237,Le Dessoubre à Saint-Hippolyte,6.794073,47.305234,1,,,Rhône,FR,550,615,Rhône,,0,TRUE,1,1,0,1,0,0,380,FALSE,4077500,2687500,6,ID_3237.mod,,3237,TRUE,1021,TRUE,Dessoubre
EFAS,12,3238,Le Doubs à Mathay,6.785873,47.440379,1,,,Rhône,FR,2275,1943,Rhône,,0,TRUE,1,1,0,1,0,0,332,FALSE,4077500,2707500,6,ID_3238.mod,,3238,TRUE,1021,TRUE,Doubs
EFAS,12,3239,L'Allan à Courcelles-lès-Montbéliard,6.772997,47.500559,1,,,Rhône,FR,1075,1109,Rhône,,0,TRUE,1,1,0,1,0,0,310,FALSE,4077500,2717500,6,ID_3239.mod,,3239,TRUE,1021,TRUE,Allaine
EFAS,12,3240,Le Doubs à Voujeaucourt,6.761441,47.478613,1,,,Rhône,FR,3600,3274,Rhône,,0,TRUE,1,1,0,1,0,0,305,FALSE,4072500,2712500,6,ID_3240.mod,,3240,TRUE,1021,TRUE,Doubs
EFAS,12,3241,Le Doubs à Besançon,6.029962,47.24027,1,,,Rhône,FR,4675,4379,Rhône,,0,TRUE,1,1,0,1,0,0,236,FALSE,4022500,2687500,6,ID_3241.mod,,3241,TRUE,1021,TRUE,Doubs
EFAS,12,3242,Le Doubs à Rochefort-sur-Nenon,5.562374,47.122798,1,,,Rhône,FR,5225,4777,Rhône,,0,TRUE,1,1,0,1,0,0,201,FALSE,3982500,2677500,6,ID_3242.mod,,3242,TRUE,1021,TRUE,Doubs
EFAS,12,3243,La Loue à Chenecey-Buillon,5.95707,47.139354,1,,,Rhône,FR,1100,1160,Rhône,,0,TRUE,1,1,0,1,0,0,275,FALSE,4012500,2677500,6,ID_3243.mod,,3243,TRUE,1021,TRUE,Loue
EFAS,12,3244,La Loue à Champagne-sur-Loue,5.814987,47.043547,1,,,Rhône,FR,1350,1509,Rhône,,0,TRUE,1,1,0,1,0,0,237,FALSE,4002500,2667500,6,ID_3244.mod,,3244,TRUE,1021,TRUE,Loue
EFAS,12,3245,Le Doubs à Neublans-Abergement,5.350732,46.922498,1,,,Rhône,FR,7475,7230,Rhône,,0,TRUE,1,1,0,1,0,0,181,FALSE,3967500,2657500,,,,3245,FALSE,1021,TRUE,Doubs
EFAS,12,3246,La Dheune à Palleau,5.029408,46.951906,1,,,Rhône,FR,1000,992,Rhône,,0,TRUE,1,1,0,1,0,0,177,FALSE,3942500,2662500,6,ID_3246.mod,,3246,TRUE,1021,TRUE,Dheune
EFAS,12,3247,La Saône à Chalon-sur-Saône [port fluvial],4.875042,46.788004,1,,,Rhône,FR,21400,20807,Rhône,,0,TRUE,1,1,0,1,0,0,170,FALSE,3927500,2642500,6,ID_3247.mod,,3247,TRUE,1021,TRUE,Saône
EFAS,12,3248,La Saône à Tournus,4.917981,46.555478,1,,,Rhône,FR,23100,22740,Rhône,,0,TRUE,1,1,0,1,0,0,170,FALSE,3932500,2617500,6,ID_3248.mod,,3248,TRUE,1021,TRUE,Saône
EFAS,12,3249,La Seille à Saint-Usuge,5.258385,46.674098,1,,,Rhône,FR,900,937,Rhône,,0,TRUE,1,1,0,1,0,0,178,FALSE,3957500,2632500,6,ID_3249.mod,Same location as 2942,3249,TRUE,1021,TRUE,Seille
EFAS,12,3250,La Bourbre à Tignieu-Jameyzieu,5.159145,45.715244,1,,,Rhône,FR,725,703,Rhône,,0,TRUE,1,1,0,1,0,0,202,FALSE,3942500,2522500,,,,3250,FALSE,1021,TRUE,Bourbre
EFAS,12,3251,La Bienne à Jeurre,5.706158,46.362724,1,,,Rhône,FR,575,650,Rhône,,0,TRUE,1,1,0,1,0,0,319,FALSE,3992500,2592500,6,ID_3251.mod,,3251,TRUE,1021,TRUE,Bienne
EFAS,12,3252,L'Ardèche à Saint-Martin-d'Ardèche [Sauze-Saint-Martin],4.551118,44.314004,1,,,Rhône,FR,2225,2258,Rhône,,0,TRUE,1,1,0,1,0,0,46,FALSE,3872500,2377500,6,ID_3252.mod,Best possible location because of error in LDD,3252,TRUE,1021,TRUE,Ardèche
EFAS,12,3253,Le Rhône à Tarascon,4.651961,43.786927,1,,,Rhône,FR,95975,95590,Rhône,,0,TRUE,1,1,0,1,0,0,6,FALSE,3887500,2307500,6,ID_3253.mod,Same location as 1922,3253,TRUE,1021,TRUE,Rhône
EFAS,12,3254,L'Agly à Estagel [Mas de Jau],2.728947,42.778247,1,,,Agly,FR,975,903,Agly,,0,TRUE,1,1,0,1,0,0,59,FALSE,3727500,2212500,6,ID_3254.mod,,3254,TRUE,1021,TRUE,Agly
EFAS,12,3255,L'Aude à Carcassonne,2.360641,43.214209,1,,,Aude,FR,1825,1839,Aude,,0,TRUE,1,1,0,1,0,0,97,FALSE,3697500,2262500,6,ID_3255.mod,,3255,TRUE,1021,TRUE,Aude
EFAS,12,3256,L'Aude à Moussan [Moussoulens - écluse],2.960898,43.245063,1,,,Aude,FR,4900,4838,Aude,,0,TRUE,1,1,0,1,0,0,8,FALSE,3747500,2262500,6,ID_3256.mod,,3256,TRUE,1021,TRUE,Aude
EFAS,12,3257,L'Hérault à Agde,3.477855,43.325977,1,,,Hérault,FR,2625,2550,Hérault,,0,TRUE,1,1,0,1,0,0,2,FALSE,3787500,2272500,6,ID_3257.mod,,3257,TRUE,1021,TRUE,Hérault
EFAS,12,3258,L'Orb à Béziers [Tabarka],3.175992,43.370693,1,,,Orb,FR,1325,1330,Orb,,0,TRUE,1,1,0,1,0,0,9,FALSE,3767500,2277500,6,ID_3258.mod,,3258,TRUE,1021,TRUE,Orb
EFAS,12,3259,Le Var à Entrevaux [Pont-levis],6.810134,43.949356,1,,,Var,FR,675,676,Var,,0,TRUE,1,1,0,1,0,0,465,FALSE,4062500,2322500,6,ID_3259.mod,,3259,TRUE,1021,TRUE,Var
EFAS,12,3260,Alpana,42.8486,42.5612,1,,,Rioni,GE,3175,2830,Black Sea,,0,FALSE,0,0,0,0,1,1,358.7,FALSE,6927500,2747500,,,,3260,FALSE,1064,FALSE,Rioni
EFAS,12,3261,Kokhi,41.8981,41.8023,1,,,Black Sea,GE,225,191,Black Sea,,0,FALSE,0,0,0,0,1,1,74.5,FALSE,6892500,2632500,,,,3261,FALSE,1064,FALSE,Kintrishi
EFAS,12,3262,Keda,41.9232,41.5932,1,,,"Black Sea,  Chorokhi",GE,1475,1360,"Black Sea,  Chorokhi",,0,FALSE,0,0,0,0,1,1,171.64,FALSE,6902500,2612500,,,,3262,FALSE,1064,FALSE,Acharistskali
EFAS,12,3263,Tbilisi,44.7872,41.7163,1,,,Kura,GE,21675,21100,Caspian Sea,,0,FALSE,0,0,0,0,1,1,388,FALSE,7112500,2732500,,,,3263,FALSE,1064,FALSE,Kura
EFAS,12,3264,Tbilisi Svanidze,44.7447,41.7149,1,,,Kura,GE,225,178,"Caspian Sea, Mtkvari (Kura)",,0,FALSE,0,0,0,0,1,1,449.5,FALSE,7107500,2727500,,,,3264,FALSE,1064,FALSE,Vere
EFAS,12,3265,Strekkur,-21.603311,64.710783,1,,,Hvíta,IS,450,506,Nordur,,0,TRUE,1,1,0,1,0,0,18,FALSE,2867500,4962500,6,ID_3265.mod,,3265,TRUE,1065,TRUE,Nordura
EFAS,12,3266,Haukadalsvatn,-21.67351,65.05,1,,,Haukadalsa,IS,250,168,Haukadals,,0,TRUE,1,1,0,1,0,0,32,FALSE,2882500,4997500,6,ID_3266.mod,,3266,TRUE,1065,TRUE,Haukadalsa
EFAS,12,3267,Faxi,-20.33323,64.23079,1,,,Oelfusa,IS,2825,201,Tungufljct,,0,TRUE,1,0,0,1,0,0,68,FALSE,2897500,4887500,,,,3267,FALSE,1065,TRUE,Tungufljot
EFAS,12,3268,Below Djúpárdalur,-17.636142,63.951039,1,,,Nupsvoetn,IS,250,310.7,Djlp,,0,TRUE,1,0,0,1,0,0,52,FALSE,2997500,4807500,,,,3268,FALSE,1065,TRUE,Djupa
EFAS,12,3269,Geithellur,-14.597423,64.594398,1,,,Geithellnaa,IS,175,189,Geithellna,,0,TRUE,1,1,0,1,0,0,17,FALSE,3157500,4822500,6,ID_3269.mod,Moved upstream because of error in LDD,3269,TRUE,1065,TRUE,Geithellnaa
EFAS,12,3270,Flögubrú,-15.59652,66.19809,1,,,Sanda,IS,300,268,Sand,,0,TRUE,1,0,0,1,0,0,,FALSE,3187500,4997500,,,,3270,FALSE,1065,TRUE,Sanda
EFAS,12,3271,Above Árbugsár,-17.89667,65.8507,1,,,Fnjoska,IS,1125,1132,Fnjcsk,,0,TRUE,1,1,0,1,0,0,44,FALSE,3077500,5002500,6,ID_3271.mod,,3271,TRUE,1065,TRUE,Fnjoska
EFAS,12,3272,Forsæludalur,-20.10668,65.30184,1,,,Vatnsdalsa,IS,2100,487,Vatnsdals,,0,TRUE,1,0,0,1,0,0,70,FALSE,2957500,4987500,,,,3272,FALSE,1065,TRUE,Vatnsdalsa
EFAS,12,3273,Óp,-21.75128,66.07032,1,,,Hvala,IS,125,178,Hval,,0,TRUE,1,1,0,1,0,0,25,FALSE,2927500,5102500,6,ID_3273.mod,,3273,TRUE,1065,TRUE,Hvala
EFAS,12,3274,Dynjandi,-23.208075,65.737139,1,,,Dynjandisa,IS,75,42.8,Dynjandis,,0,TRUE,1,0,0,1,0,0,,FALSE,2857500,5097500,,,,3274,FALSE,1065,TRUE,Dynjandisa
EFAS,12,3275,Vatnsfjörður-brú (bridge),-23.127039,65.588094,1,,,Vatnsdalsa,IS,50,102,Vatnsdals,,0,TRUE,1,1,0,1,0,0,,FALSE,2852500,5077500,6,ID_3275.mod,,3275,TRUE,1065,TRUE,Vatnsdalsa
EFAS,12,3276,Nauteyri,-22.328048,64.907893,1,,,Haffjardara,IS,50,42.7,Ever,,0,TRUE,1,0,0,1,0,0,25,FALSE,2847500,4997500,,,,3276,FALSE,1065,TRUE,Haffjardara
EFAS,12,3277,Viðvíkursveit,-19.291766,64.786257,1,,,Oelfusa,IS,150,303,Hjaltadals,,0,TRUE,1,0,0,1,0,0,50,FALSE,2967500,4922500,,,,3277,FALSE,1065,TRUE,Hjaltadalsa
EFAS,12,3278,Hróaldarstaðir,-14.89243,65.811,1,,,Sela,IS,725,728,Sel,,0,TRUE,1,0,0,1,0,0,20,FALSE,3202500,4947500,,,,3278,FALSE,1065,TRUE,Sela
EFAS,12,3279,Grímsstaðir,-16.189687,65.62335,1,,,Bakkahlaup,IS,5850,5178,Jkuls Fjllum,,0,TRUE,1,1,0,1,0,0,360,FALSE,3137500,4947500,6,ID_3279.mod,Difficulet to locate  It may be in the wrong catchment,3279,TRUE,1065,TRUE,Jökulsá á Fjöllum
EFAS,12,3280,Upptyppingar,-16.21222,65.060963,1,,,Bakkahlaup,IS,1975,1966,Jkuls Fjllum,,0,TRUE,1,0,0,1,0,0,562,FALSE,3097500,4887500,,,Difficulet to locate  It may be in the wrong catchment,3280,FALSE,1065,TRUE,Jökulsá á Fjöllum
EFAS,12,3281,Lónshnjúkur,-16.142383,65.048361,1,,,Bakkahlaup,IS,1375,817,Kreppa,,0,TRUE,1,1,0,1,0,0,665,FALSE,3107500,4882500,6,ID_3281.mod,,3281,TRUE,1065,TRUE,Kreppa
EFAS,12,3282,Ofan Ullarfossbrúar,-17.304333,65.393953,1,,,Skjalfandafljot,IS,925,717,Svart  ¡ Brdardal,,0,TRUE,1,0,0,1,0,0,311,FALSE,3087500,4942500,,,Difficult to locate  may be in the wrong catchment,3282,FALSE,1065,TRUE,Svarta
EFAS,12,3283,Aldeyjarfoss,-17.34677,65.371098,1,,,Skjalfandafljot,IS,2450,1863,Skj lfandafljct,,0,TRUE,1,0,0,1,0,0,261,FALSE,3077500,4942500,,,,3283,FALSE,1065,TRUE,Skjalfandafljot
EFAS,12,3284,Kjáfoss,-21.410563,64.692513,1,,,Hvíta,IS,1750,1699,Hvit  i Borgarfirdi,,0,TRUE,1,0,0,1,0,0,18,FALSE,2877500,4952500,,,,3284,FALSE,1065,TRUE,Hvíta
EFAS,12,3285,Selfoss,-21.00667,63.938008,1,,,Oelfusa,IS,1400,5661,lfus,,1,FALSE,1,0,0,1,0,0,12,FALSE,2852500,4872500,,,DO NOT USE Error in LDD  uparea is not correct  do not use,3285,FALSE,1065,FALSE,Oelfusa
EFAS,12,3286,Haukadalsheiði,-20.068964,64.405302,1,,,Oelfusa,IS,625,581,Sand,,0,TRUE,1,0,0,1,0,0,255,FALSE,2912500,4897500,,,,3286,FALSE,1065,TRUE,Sanda
EFAS,12,3287,Dynjandi,-20.559147,64.16014,1,,,Oelfusa,IS,650,640,Brlar,,0,TRUE,1,0,0,1,0,0,57,FALSE,2882500,4882500,,,,3287,FALSE,1065,TRUE,Bruara
EFAS,12,3288,Tungufoss/Krappi,-20.102076,63.800913,1,,,Holsa,IS,675,420,Eystri Rang,,1,FALSE,1,0,0,1,0,0,,FALSE,2882500,4837500,,,DO NOT USE Errors in the LDD,3288,FALSE,1065,FALSE,Eystri-Ranga
EFAS,12,3289,Emstrur,-19.417004,63.780546,1,,,Markarfljot,IS,475,470,Markarfljct,,0,TRUE,1,0,0,1,0,0,,FALSE,2912500,4822500,,,,3289,FALSE,1065,TRUE,Markarfljot
EFAS,12,3290,Flathylur,-18.09311,63.84557,1,,,Thjorsa,IS,250,113,Geirlands,,0,TRUE,1,0,0,1,0,0,48,FALSE,3022500,4902500,,,,3290,FALSE,1065,TRUE,Geirlandsá
EFAS,12,3291,Eyjólfsstaðir,-14.486027,64.752894,1,,,Fossa,IS,125,113,Foss,,0,TRUE,1,1,0,1,0,0,40,FALSE,3177500,4832500,6,ID_3291.mod,,3291,TRUE,1065,TRUE,Fossa
EFAS,12,3292,Syðri Bægisá,-18.4083,65.66891,0,,,Thjorsa,IS,50,37,Bgis,,0,FALSE,1,0,0,0,0,0,110,FALSE,3002500,4892500,,,,3292,FALSE,1065,FALSE,Bægisa
EFAS,12,3293,Lainate SP109,9.048193,45.574093,1,,,Po,IT,125,78,Po,,0,TRUE,0,1,1,0,1,1,160,FALSE,4247500,2497500,,,,3293,FALSE,1063,FALSE,Lura
EFAS,12,3295,Como - Villa Geno,9.079909,45.820254,1,,,Po,IT,150,386,Po,,0,FALSE,0,0,0,0,1,1,200,FALSE,4247500,2522500,,,,3295,FALSE,1063,FALSE,Lago di Como
EFAS,12,3296,Porlezza - via Porto Letizia,9.11588,46.036284,1,,,Po,IT,175,622,Po,,0,FALSE,0,0,0,0,1,1,272,FALSE,4252500,2547500,,,,3296,FALSE,1063,FALSE,Lago di Porlezza
EFAS,12,3297,Paderno Dugnano - Palazzolo,9.158978,45.582806,1,,,Po,IT,275,187,Po,,0,FALSE,0,0,0,0,1,1,168,FALSE,4257500,2497500,,,,3297,FALSE,1063,FALSE,Seveso
EFAS,12,3298,Paderno Dugnano - Palazzolo Parco Borghetto,9.157733,45.583137,1,,,Po,IT,225,187,Po,,0,TRUE,1,0,0,1,0,0,168,FALSE,4252500,2502500,6,ID_3298.mod,,3298,TRUE,1063,TRUE,Seveso
EFAS,12,3299,Milano - Niguarda,9.192224,45.525802,1,,,Po,IT,300,201,Po,,0,FALSE,0,0,0,0,1,1,139,FALSE,4257500,2492500,,,,3299,FALSE,1063,FALSE,Seveso
EFAS,12,3300,Caslino d'Erba - v. 4 novembre,9.232373,45.83539,1,,,Po,IT,75,53,Po,,0,TRUE,0,1,1,0,1,1,427,FALSE,4262500,2527500,,,,3300,FALSE,1063,FALSE,Lambro
EFAS,12,3301,Milano - v. Feltre,9.248739,45.491635,1,,,Po,IT,425,428,Po,,0,TRUE,0,1,1,0,1,1,127,FALSE,4262500,2487500,,,,3301,FALSE,1063,FALSE,Lambro
EFAS,12,3302,Costa Masnaga - Lambrugo,9.249238,45.763107,1,,,Po,IT,200,170,Po,,0,TRUE,0,1,1,0,1,1,248,FALSE,4262500,2517500,,,,3302,FALSE,1063,FALSE,Lambro
EFAS,12,3303,Bosisio Parini - Imbarcadero,9.286919,45.80353,1,,,Po,IT,25,94,Po,,0,FALSE,0,0,0,0,1,1,266,FALSE,4267500,2522500,,,,3303,FALSE,1063,FALSE,Eupilio
EFAS,12,3304,Lesmo - Peregallo,9.299105,45.635187,1,,,Po,IT,325,261,Po,,0,TRUE,0,1,1,0,1,1,180,FALSE,4267500,2502500,,,,3304,FALSE,1063,FALSE,Lambro
EFAS,12,3305,Valmadrera - Malgrate,9.374638,45.855865,1,,,Po,IT,4525,4206,Po,,0,FALSE,0,0,0,0,1,1,222,FALSE,4272500,2527500,,,,3305,FALSE,1063,FALSE,Lario
EFAS,12,3306,Chiavenna - Inferno,9.376529,46.325447,1,,,Po,IT,200,192,Po,,0,TRUE,0,1,1,0,1,1,403,FALSE,4272500,2582500,,,,3306,FALSE,1063,FALSE,Liro
EFAS,12,3307,Salerano sul Lambro - SP115,9.380739,45.300346,1,,,Po,IT,625,968,Po,,0,TRUE,0,1,1,0,1,1,74,FALSE,4272500,2467500,,,,3307,FALSE,1063,FALSE,Lambro
EFAS,12,3308,Gera Lario - Fuentes,9.412275,46.150332,1,,,Po,IT,2600,2360,Po,,0,TRUE,0,1,1,0,1,1,199,FALSE,4277500,2557500,,,,3308,FALSE,1063,FALSE,Adda
EFAS,12,3309,Olginate - S.Maria Lavello,9.430145,45.789444,1,,,Po,IT,4600,4341,Po,,0,TRUE,0,1,1,0,1,1,198,FALSE,4277500,2517500,,,,3309,FALSE,1063,FALSE,Adda
EFAS,12,3310,Lodi - v. X Maggio,9.508697,45.319083,1,,,Po,IT,6175,5493,Po,,0,TRUE,0,1,1,0,1,1,64,FALSE,4282500,2467500,,,,3310,FALSE,1063,FALSE,Adda
EFAS,12,3311,Camerata Cornello - via Orbrembo 37,9.65846,45.898521,1,,,Po,IT,475,395,Po,,0,TRUE,0,1,1,0,1,1,450,FALSE,4292500,2532500,,,,3311,FALSE,1063,FALSE,Brembo
EFAS,12,3312,Montodine - ponte,9.711196,45.283076,1,,,Po,IT,1125,1158,Po,,0,FALSE,0,0,0,0,1,1,63,FALSE,4297500,2467500,,,,3312,FALSE,1063,FALSE,Serio
EFAS,12,3313,Montodine - via Bodesine,9.711158,45.283089,1,,,Po,IT,1100,1158,Po,,0,TRUE,1,0,0,1,0,0,61,FALSE,4297500,2472500,6,ID_3313.mod,,3313,TRUE,1063,TRUE,Serio
EFAS,12,3314,Cene - Ponte,9.821533,45.784207,1,,,Po,IT,525,463,Po,,0,TRUE,0,1,1,0,1,1,361,FALSE,4307500,2517500,,,,3314,FALSE,1063,FALSE,Serio
EFAS,12,3315,Sondrio - Ponte Eifell,9.864065,46.168467,1,,,Po,IT,325,324,Po,,0,TRUE,0,1,1,0,1,1,300,FALSE,4312500,2567500,,,,3315,FALSE,1063,FALSE,Mallero
EFAS,12,3316,Lanzada - Ganda,9.884505,46.270224,1,,,Po,IT,125,114,Po,,0,FALSE,0,0,0,0,1,1,988,FALSE,4312500,2572500,,,,3316,FALSE,1063,FALSE,Lanterna
EFAS,12,3317,Capriolo - SP12,9.91613,45.647807,1,,,Po,IT,1875,1851,Po,,0,TRUE,0,1,1,0,1,1,178,FALSE,4312500,2502500,,,,3317,FALSE,1063,FALSE,Oglio
EFAS,12,3318,Gandellino - Grabiasca,9.947878,46.007675,1,,,Po,IT,125,92,Po,,0,TRUE,0,1,1,0,1,1,738,FALSE,4317500,2542500,,,,3318,FALSE,1063,FALSE,Serio
EFAS,12,3319,Sarnico - v. Roma,9.956889,45.665942,1,,,Po,IT,1800,1800,Po,,0,FALSE,0,0,0,0,1,1,197,FALSE,4317500,2507500,,,,3319,FALSE,1063,FALSE,Sebino
EFAS,12,3320,Teglio - S. Giacomo,10.038479,46.158277,1,,,Po,IT,1375,1087,Po,,0,TRUE,0,1,1,0,1,1,357,FALSE,4322500,2562500,,,,3320,FALSE,1063,FALSE,Adda
EFAS,12,3321,Manerbio - v. Dante,10.145552,45.359753,1,,,Po,IT,900,859,Po,,0,TRUE,0,1,1,0,1,1,60,FALSE,4332500,2472500,,,,3321,FALSE,1063,FALSE,Mella
EFAS,12,3322,Darfo Boario Terme - Cav. Vittorio Venteto,10.173593,45.876549,1,,,Po,IT,1375,1349,Po,,0,TRUE,0,1,1,0,1,1,205,FALSE,4332500,2527500,,,,3322,FALSE,1063,FALSE,Oglio
EFAS,12,3323,Bovegno - ponte Zigole,10.263183,45.781384,1,,,Po,IT,125,86,Po,,0,TRUE,0,1,1,0,1,1,572,FALSE,4342500,2517500,,,,3323,FALSE,1063,FALSE,Mella
EFAS,12,3324,Capo di Ponte - v. Bona,10.341906,46.030392,1,,,Po,IT,775,784,Po,,0,TRUE,0,1,1,0,1,1,366,FALSE,4347500,2547500,,,,3324,FALSE,1063,FALSE,Oglio
EFAS,12,3325,Gavardo - SP116,10.441085,45.592359,1,,,Po,IT,975,550,Po,,0,TRUE,0,1,1,0,1,1,205,FALSE,4357500,2497500,,,,3325,FALSE,1063,FALSE,Chiese
EFAS,12,3326,Idro - SS 237,10.46242,45.737702,1,,,Po,IT,600,614,Po,,0,FALSE,0,0,0,0,1,1,388,FALSE,4362500,2517500,,,,3326,FALSE,1063,FALSE,Eridio
EFAS,12,3327,Manerba del Garda - Dusano,10.566635,45.543701,1,,,Po,IT,2200,2247,Po,,0,FALSE,0,0,0,0,1,1,73,FALSE,4372500,2492500,,,,3327,FALSE,1063,FALSE,Benaco
EFAS,12,3328,Ponti sul Mincio - Monzambano,10.706296,45.392642,1,,,Po,IT,2450,2267,Po,,0,TRUE,0,1,1,0,1,1,62,FALSE,4377500,2477500,,,,3328,FALSE,1063,FALSE,Mincio
EFAS,12,3329,Sesto Calende - alzaia,8.637501,45.724123,1,,,Po,IT,6575,6689,Po,,0,FALSE,0,0,0,0,1,1,58,FALSE,4217500,2512500,,,,3329,FALSE,1063,FALSE,Verbano
EFAS,12,3330,Luino - v. Piero Chiara,8.742723,46.004143,1,,,Po,IT,775,6681,Po,,0,FALSE,0,0,0,0,1,1,205,FALSE,4222500,2542500,,,Possibly wrong uparea,3330,FALSE,1063,FALSE,Verbano
EFAS,12,3331,Cavaria con Premezzo - v. Cantalupa,8.807698,45.689496,1,,,Po,IT,100,32,Po,,0,TRUE,0,1,1,0,1,1,274,FALSE,4227500,2507500,,,,3331,FALSE,1063,FALSE,Arno
EFAS,12,3332,Gambolò - via Roma,8.863333,45.247793,1,,,Po,IT,350,349,Po,,0,TRUE,0,1,1,0,1,1,101,FALSE,4232500,2462500,,,,3332,FALSE,1063,FALSE,Terdoppio
EFAS,12,3333,Vigevano - SS494,8.879676,45.341426,1,,,Po,IT,7225,7228,Po,,0,TRUE,0,1,1,0,1,1,94,FALSE,4232500,2472500,,,,3333,FALSE,1063,FALSE,Ticino
EFAS,12,3334,Castellanza - C.so G. Matteotti,8.907454,45.607182,1,,,Po,IT,250,150,Po,,0,TRUE,0,1,1,0,1,1,206,FALSE,4237500,2502500,,,,3334,FALSE,1063,FALSE,Olona
EFAS,12,3335,Valdisotto-Cepina,10.355093,46.42424,1,,,Po,IT,550,456,Po,,0,FALSE,0,0,1,0,1,1,1125,FALSE,4347500,2592500,,,,3335,FALSE,1063,FALSE,Adda
EFAS,12,3336,Lavenone - Galleria Agricoltori - fiume,10.450603,45.735017,1,,,Po,IT,650,220,Po,,0,FALSE,0,0,0,0,1,1,370,FALSE,4357500,2512500,,,,3336,FALSE,1063,FALSE,Chiese
EFAS,12,3337,Miorina IDRO,8.64893,45.69667,1,,,Po,IT,6675,6059,Po,,0,TRUE,1,0,0,1,1,1,198,FALSE,4217500,2502500,6,ID_3337.mod,,3337,TRUE,1063,TRUE,Ticino
EFAS,12,3338,Orio Litta - v. Francigena,9.5321,45.165721,1,,,Po,IT,1000,1968,Po,,0,TRUE,1,0,0,1,1,1,63,FALSE,4282500,2452500,6,ID_3338.mod,,3338,TRUE,1063,TRUE,Lambro
EFAS,12,3339,Molteno - Cimitero,9.3071,45.783019,1,,,Po,IT,50,33,Po,,0,TRUE,0,1,1,0,1,1,278,FALSE,4267500,2517500,,,,3339,FALSE,1063,FALSE,Bevera
EFAS,12,3340,Brembate di Sopra - Ponte Briolo,9.587392,45.710222,1,,,Po,IT,850,769,Po,,0,TRUE,0,1,1,0,1,1,260,FALSE,4287500,2512500,,,,3340,FALSE,1063,FALSE,Brembo
EFAS,12,3341,Castiglione Olona - v. XXIV Maggio,8.866109,45.758705,1,,,Po,IT,150,105,Po,,0,TRUE,0,1,1,0,1,1,268,FALSE,4232500,2517500,,,,3341,FALSE,1063,FALSE,Olona
EFAS,12,3342,Cantù - Asnago,9.100373,45.718532,1,,,Po,IT,75,48,Po,,0,FALSE,0,0,0,0,1,1,244,FALSE,4252500,2512500,,,,3342,FALSE,1063,FALSE,Seveso
EFAS,12,3343,Pavia - Ponte Ticino SS35,9.146664,45.180622,1,,,Po,IT,7675,7256,Po,,0,TRUE,0,1,1,0,1,1,69,FALSE,4252500,2452500,,,,3343,FALSE,1063,FALSE,Ticino
EFAS,12,3344,"Leivonvesi, Simuna",26.174166,62.380283,1,,,Kymijoki,FI,12575,6889,Kymijoki,,0,TRUE,1,0,0,1,0,0,,FALSE,5152500,4462500,24,ID_3344.mod,,3344,TRUE,1011,TRUE,Kymijoki
EFAS,12,3345,"Päijänne, Kalkkinen",25.594065,61.281601,1,,,Kymijoki,FI,26225,26459,Kymijoki,,0,TRUE,1,0,0,1,0,0,,FALSE,5152500,4332500,24,ID_3345.mod,,3345,TRUE,1011,TRUE,Kymijoki
EFAS,12,3346,"Pielisjoki, Kaltimo",30.13076,62.769832,1,,,Vuoksi,FI,20400,20816,Vuoksi,,0,TRUE,1,0,0,1,0,0,,FALSE,5337500,4552500,24,ID_3346.mod,,3346,TRUE,1011,TRUE,Vuoksi
EFAS,12,3347,Merikoski,25.47342,65.022637,1,,,Oulujoki,FI,24500,22841,Oulujoki,,0,TRUE,1,0,0,1,0,0,,FALSE,5047500,4737500,24,ID_3347.mod,,3347,TRUE,1011,TRUE,Oulujoki
EFAS,12,3348,"Oulujärvi, Jylhämä",26.781505,64.572061,1,,,Oulujoki,FI,21750,19839,Oulujoki,,0,TRUE,1,0,0,1,0,0,,FALSE,5122500,4702500,24,ID_3348.mod,,3348,TRUE,1011,TRUE,Oulujoki
EFAS,12,3349,"Kallavesi, Konnus + Karvio",27.76858,62.549906,1,,,Vuoksi,FI,16425,16270,Vuoksi,,0,TRUE,1,0,0,1,0,0,,FALSE,5232500,4497500,24,ID_3349.mod,,3349,TRUE,1011,TRUE,Neva
EFAS,12,3350,Hartolankoski,22.846334,61.328589,1,,,Kokemaen,FI,21300,21207,Kokemaen,,0,TRUE,1,0,0,1,0,0,,FALSE,5007500,4312500,24,ID_3350.mod,,3350,TRUE,1011,TRUE,Kokemaen
EFAS,12,3351,"Vuoksi, Tainionkoski",28.783904,61.210672,1,,,Vuoksi,FI,60600,61061,Vuoksi,,0,TRUE,1,0,0,1,0,0,,FALSE,5322500,4367500,24,ID_3351.mod,,3351,TRUE,1011,TRUE,Vuoksi
EFAS,12,3352,Oulunkylä,24.984273,60.237813,1,,,Vantaa,FI,1850,1680,Vantaa,,0,TRUE,1,0,0,1,0,0,,FALSE,5147500,4212500,24,ID_3352.mod,,3352,TRUE,1011,TRUE,Vantaa
EFAS,12,3353,Keppo,22.698491,63.361479,1,,,Lapuanjoki,FI,4000,3949,Lapuanjoki,,0,TRUE,1,0,0,1,0,0,,FALSE,4957500,4532500,24,ID_3353.mod,,3353,TRUE,1011,TRUE,Lapuanjoki
EFAS,12,3354,Skatila,21.884198,63.091975,1,,,Kyrönjoki,FI,4725,4833,Kyrönjoki,,0,TRUE,1,0,0,1,0,0,,FALSE,4922500,4492500,24,ID_3354.mod,,3354,TRUE,1011,TRUE,Kyrönjoki
EFAS,12,3355,"Nilakka, Äyskoski",26.678069,63.01178,0,,,Kymijoki,fi,2350,2157,Kymijoki,,0,TRUE,0,1,0,0,0,0,,FALSE,5162500,4532500,24,ID_3355.mod,,3355,FALSE,1011,FALSE,Koskilampi
EFAS,12,4001,Permet,20.354,40.2405,0,HIST_24h,,Vjosa,AL,2900,2820,Vjosa,3,0,TRUE,1,1,0,0,0,0,218.18,TRUE,5202500,1962500,24,ID_4001.mod,,4001,FALSE,1049,FALSE,Vjosa
EFAS,12,4002,Pocem,19.7279,40.4934,0,,,Vjosa,AL,5800,5571,Vjosa,,0,FALSE,0,0,0,0,0,0,48.38,FALSE,5147500,1987500,,,No data,4002,FALSE,1049,FALSE,Vjosa
EFAS,12,4003,Ura_Leklit,20.0555,40.2591,0,HIST_24h,,Vjosa,AL,1325,1302,Vjosa,1,0,TRUE,1,1,0,0,0,0,133.38,FALSE,5177500,1962500,24,ID_4003.mod,There is a shift in time between qts and precip,4003,FALSE,1049,FALSE,Drinos
EFAS,12,4004,Hormove,20.0818,40.233,0,HIST_24h,,Vjosa,AL,1275,1280,Vjosa,3,0,TRUE,1,1,0,0,0,0,145.5,TRUE,5182500,1957500,24,ID_4004.mod,Moved South to avoid conflict in inflow point,4004,FALSE,1049,FALSE,Drinos
EFAS,12,4005,Ura_Kucit,19.8049,40.8448,0,,,Seman,AL,5450,5358,Seman,,0,FALSE,0,0,0,0,0,0,16.14,FALSE,5147500,2027500,,,No data,4005,FALSE,1049,FALSE,Seman
EFAS,12,4006,Ura_Vajgurore,19.8751,40.7742,0,HIST_24h,,Seman,AL,2075,2073,Seman,3,0,TRUE,1,1,0,0,0,0,24.78,TRUE,5157500,2017500,24,ID_4006.mod,Strange behaviour in low flows after 06/2005,4006,FALSE,1049,FALSE,Seman
EFAS,12,4007,Paper,19.9428,41.0523,0,HIST_24h,,Shkumbin,AL,1900,1958,Shkumbin,3,0,TRUE,1,1,0,0,0,0,60.99,TRUE,5162500,2052500,24,ID_4007.mod,Large difference in discharge before and after 01/01/2001. Data before 2001 are not consistent with upstream station.,4007,FALSE,1049,FALSE,Shkumbin
EFAS,12,4008,Librazhd,20.3122,41.1805,0,HIST_24h,,Shkumbin,AL,775,851,Shkumbin,3,0,TRUE,1,1,0,0,0,0,230.99,TRUE,5192500,2067500,24,ID_4008.mod,Change in low flow between 1/11/1998 – 1/9/1999. Outlies between 22/9/2000 – 1/10/2000 that can be easily removed,4008,FALSE,1049,FALSE,Shkumbin
EFAS,12,4009,Ndroq,19.658,41.2666,0,HIST_24h,,Erzen,AL,675,663,Erzen,3,0,TRUE,1,1,0,0,0,0,36.24,TRUE,5132500,2072500,24,ID_4009.mod,,4009,FALSE,1049,FALSE,Erzen
EFAS,12,4010,Ibe,19.9218,41.2354,0,,,Erzen,AL,275,248,Erzen,,0,FALSE,0,0,0,0,0,0,184.05,FALSE,5152500,2072500,,,No data,4010,FALSE,1049,FALSE,Erzen
EFAS,12,4011,Ura_Gjoles,19.6918,41.4673,0,HIST_24h,,Ishëm,AL,525,46.8,Ishem,3,0,TRUE,1,1,0,0,0,0,7.73,TRUE,5132500,2092500,24,ID_4011.mod,Strange behaviour in low flow before 06/2000,4011,FALSE,1049,FALSE,Ishëm
EFAS,12,4012,Shkjeze,19.7857,41.7861,0,,,Mat,AL,975,,Mati,,0,FALSE,0,0,0,0,0,0,,FALSE,5132500,2127500,,,No data,4012,FALSE,1049,FALSE,Mat
EFAS,12,4013,Shoshaj,20.0287,41.6076,0,HIST_24h,,Mat,AL,775,646,Mati,3,0,TRUE,1,1,0,0,0,0,152.01,TRUE,5157500,2112500,24,ID_4013.mod,,4013,FALSE,1049,FALSE,Mat
EFAS,12,4014,Skavice,20.3307,41.9097,0,HIST_24h,,Drin-Bojana,AL,5650,5562,Drin-Buna,3,0,TRUE,1,1,0,0,0,0,298.9,TRUE,5182500,2142500,24,ID_4014.mod,Data 1991-2008  then 2014-2018. Suspect change in Zero reference or cross section around 06/2002,4014,FALSE,1049,FALSE,Black Drin
EFAS,12,4015,Shkoder,19.492,42.0507,0,HIST_24h,,Drin-Bojana,AL,5275,5179,Drin-Buna,3,0,TRUE,1,1,0,0,0,0,4,TRUE,5107500,2157500,24,ID_4015.mod,,4015,FALSE,1049,FALSE,Bojana
EFAS,12,4016,Bahcallek,19.492,42.0424,0,HIST_24h,,Drin-Bojana,AL,14100,14173,Drin-Buna,3,0,TRUE,1,1,0,0,0,0,4,TRUE,5112500,2152500,24,ID_4016.mod,Station is upstream of confluence,4016,FALSE,1049,FALSE,Drin
EFAS,12,4017,Pizzighettone - ponte Trento e Trieste,9.784662,45.171125,1,,,Po,it,7900,,Po,,0,TRUE,1,0,0,1,1,1,,FALSE,4302500,2452500,,,,4017,FALSE,1063,TRUE,Adda
EFAS,12,4018,Asola - v. Carducci,10.407611,45.220568,1,,,Po,it,1200,689,Po,,0,FALSE,0,0,0,0,1,1,39,FALSE,4352500,2457500,,,,4018,FALSE,1063,FALSE,Chiese
EFAS,12,4019,Pralboino - SP64,10.20936,45.268353,1,,,Po,it,975,1013,Po,,0,FALSE,0,0,0,0,1,1,44,FALSE,4337500,2462500,,,,4019,FALSE,1063,FALSE,Mella
EFAS,12,4020,Soncino - v. Brescia,9.890276,45.399169,1,,,Po,it,2300,2059,Po,,0,TRUE,1,0,0,0,1,1,87,FALSE,4312500,2477500,,,,4020,FALSE,1063,TRUE,Oglio
EFAS,12,4021,Voghera - v. Cambiaso,9.017506,44.990282,1,,,Po,it,350,278,Po,,0,FALSE,0,0,0,0,1,1,95,FALSE,4242500,2432500,,,,4021,FALSE,1063,FALSE,Staffora
EFAS,12,4022,Lago del Turano,12.942139,42.232861,1,,,Tiber,IT,450,0,Tiber,,0,FALSE,0,0,1,0,1,1,,FALSE,4567500,2127500,,,,4022,FALSE,1072,FALSE,Turano
EFAS,12,4106,Lago del Salto,13.025167,42.280139,1,,,Tiber,IT,1700,,Tiber,,0,FALSE,0,0,1,0,1,1,,FALSE,4572500,2137500,,,,4106,FALSE,1072,FALSE,Salto
EFAS,12,4107,S.Cosimato-Mandela,12.909472,42.014806,0,,,Aniene- Tiber,IT,,,Tiber,,1,FALSE,0,0,0,0,0,1,,FALSE,,,,,,4107,FALSE,1072,FALSE,Aniene
EFAS,12,4108,Tevere a Castelgiubileo,12.497889,41.988778,1,,,Tiber,IT,,,Tiber,,1,FALSE,0,0,1,0,1,1,,FALSE,,,,,,4108,FALSE,1072,FALSE,Tiber
EFAS,12,4109,Tevere a Nazzano,12.636722,42.151556,1,,,Tiber,IT,14825,,Tiber,,0,FALSE,0,0,1,0,1,1,,FALSE,4537500,2122500,,,,4109,FALSE,1072,FALSE,Tiber
EFAS,12,4110,Tevere a Villa Spada,12.503083,41.961167,1,,,Tiber,IT,15675,,Tiber,,0,TRUE,1,0,1,1,1,1,,FALSE,4527500,2102500,,,,4110,FALSE,1072,TRUE,Tiber
EFAS,12,4111,Tevere a Stimigliano,12.558278,42.281833,1,,,Tiber,IT,14425,,Tiber,,0,TRUE,1,1,1,1,1,1,,FALSE,4532500,2132500,,,,4111,FALSE,1072,TRUE,Tiber
EFAS,12,4112,Tevere a Fidene,12.494167,41.968917,1,,,Tiber,IT,,,Tiber,,1,FALSE,0,0,1,0,1,1,,FALSE,,,,,,4112,FALSE,1072,FALSE,Tiber
EFAS,12,4113,Tevere a Ripetta,12.474389,41.905056,1,,,Tiber,IT,17250,16545,Tiber,,0,TRUE,1,1,1,1,1,1,,FALSE,4527500,2092500,6,ID_4113.mod,,4113,TRUE,1072,TRUE,Tiber
EFAS,12,4114,Velino a Terria,12.795528,42.442222,1,,,Tiber,IT,2925,2076,Tiber,,0,TRUE,1,1,1,1,1,1,,FALSE,4552500,2152500,6,ID_4114.mod,,4114,TRUE,1072,TRUE,Velino
EFAS,12,4115,Liri a Isola Liri,13.564639,41.677,1,,,Garigliano,IT,550,1287,Liri-Garigliano,,0,TRUE,1,1,1,1,1,1,,FALSE,4617500,2072500,6,ID_4115.mod,,4115,TRUE,1072,TRUE,Liri
EFAS,12,4116,Fiora a Montalto di Castro,11.59925,42.353917,1,,,Fiora,IT,825,818,Fiora,,0,TRUE,1,1,1,1,1,1,,FALSE,4452500,2142500,6,ID_4116.mod,,4116,TRUE,1072,TRUE,Fiora
EFAS,12,4117,Ufente a Ponte Ferraioli,13.098417,41.462417,1,,,Badino,IT,125,,Badino,,0,FALSE,0,0,1,0,1,1,,FALSE,4582500,2042500,,,,4117,FALSE,1072,FALSE,Ufente
EFAS,12,4118,Aniene a Subiaco,13.093056,41.922667,1,,,Tiber,IT,300,209,Tiber,,0,TRUE,1,0,0,1,1,1,,FALSE,4577500,2097500,,,,4118,FALSE,1072,TRUE,Aniene
EFAS,12,4119,Tevere a Ponte del Grillo,12.601944,42.086833,1,,,Tiber,IT,15275,,Tiber,,0,TRUE,1,1,1,1,1,1,,FALSE,4537500,2112500,6,ID_4119.mod,,4119,TRUE,1072,TRUE,Tiber
EFAS,12,4120,Tevere a Fiumara,12.255667,41.746306,1,,,Tiber,IT,17800,,Tiber,,0,FALSE,0,0,1,0,1,1,,FALSE,4507500,2072500,,,,4120,FALSE,1072,FALSE,Tiber
EFAS,12,4121,Tevere a Orte Scalo,12.40875,42.443194,1,,,Tiber,IT,8150,,Tiber,,0,FALSE,0,0,1,0,1,1,,FALSE,4517500,2152500,,,,4121,FALSE,1072,FALSE,Tiber
EFAS,12,4122,Mignone SS Aurelia,11.786222,42.194222,0,,,Mignone,IT,425,447,Mignone,,0,TRUE,0,1,1,0,0,1,,FALSE,4472500,2122500,,,,4122,FALSE,1072,FALSE,Mignone
EFAS,12,4123,S.Cosimato-Mandela,12.909472,42.014806,0,,,Aniene - Tiber,IT,625,,Tiber,,0,FALSE,0,0,0,0,0,1,,FALSE,4562500,2107500,,,,4123,FALSE,1072,FALSE,Aniene
EFAS,12,4124,S.Apollinare Rcamp,13.821528,41.412889,0,,,Garigliano,IT,3625,4041,Liri-Garigliano,,0,FALSE,0,0,0,0,0,1,,FALSE,4642500,2042500,,,,4124,FALSE,1072,FALSE,Liri
EFAS,12,4125,Fiora a Vulci,11.630306,42.402,1,,,Fiora,IT,700,,Fiora,,0,TRUE,1,0,1,1,1,1,,FALSE,4457500,2147500,,,,4125,FALSE,1072,TRUE,Fiora
EFAS,12,4126,Aniene a Ponte Mammolo,12.568444,41.923361,1,,,Aniene - Tiber,IT,1450,,Tiber,,0,TRUE,1,0,0,1,1,1,,FALSE,4532500,2092500,,,,4126,FALSE,1072,TRUE,Aniene
EFAS,12,4127,Aniene a Ponte Salario,12.508361,41.939528,1,,,Aniene - Tiber,IT,1475,,Tiber,,0,FALSE,0,0,0,0,1,1,,FALSE,4532500,2097500,,,,4127,FALSE,1072,FALSE,Aniene
EFAS,12,4128,Aniene a Lunghezza,12.667444,41.927139,1,,,Aniene - Tiber,IT,1125,1115,Tiber,,0,TRUE,1,0,0,1,1,1,,FALSE,4542500,2097500,,,,4128,FALSE,1072,TRUE,Aniene
EFAS,12,4129,Aniene a Marano Equo,13.02125,41.993861,1,,,Aniene - Tiber,IT,425,,Tiber,,0,TRUE,1,0,0,1,1,1,,FALSE,4572500,2102500,,,,4129,FALSE,1072,TRUE,Aniene
EFAS,12,4130,Tevere a Mezzocammino,12.418194,41.808222,1,,,Tiber,IT,,,Tiber,,1,FALSE,0,0,1,0,1,1,,FALSE,,,,,,4130,FALSE,1072,FALSE,Tiber
EFAS,12,4131,Tevere a Ponte Felice,12.461278,42.350583,1,,,Tiber,IT,13825,12980,Tiber,,0,TRUE,1,1,1,1,1,1,,FALSE,4522500,2142500,6,ID_4131.mod,,4131,TRUE,1072,TRUE,Tiber
EFAS,12,4132,Castello Vici,12.2792,42.0961,0,,,Arrone,IT,225,,Arrone,,0,FALSE,0,0,0,0,0,1,,FALSE,4512500,2112500,,,,4132,FALSE,1072,FALSE,Arrone
EFAS,12,4133,Marta a Tarquinia,11.742528,42.256972,1,,,Marta,IT,1075,1036,Marta,,0,TRUE,1,1,1,1,1,1,,FALSE,4462500,2127500,6,ID_4133.mod,,4133,TRUE,1072,TRUE,Marta
EFAS,12,4134,Marta,11.932861,42.534833,1,,,Marta,IT,300,,Marta,,0,FALSE,0,0,1,0,1,1,,FALSE,4482500,2162500,,,,4134,FALSE,1072,FALSE,Marta
EFAS,12,4135,Fosso di Pratolungo,12.598861,41.936444,1,,,Aniene - Tiber,IT,1225,,Tiber,,0,FALSE,0,0,1,0,1,1,,FALSE,4537500,2097500,,,,4135,FALSE,1072,FALSE,Aniene
EFAS,12,4136,Paglia a Proceno,11.856306,42.764278,1,,,Tiber,IT,450,,Tiber,,0,FALSE,0,0,1,0,1,1,,FALSE,4472500,2187500,,,,4136,FALSE,1072,FALSE,Paglia
EFAS,12,4137,Lago di Nemi,12.699222,41.718778,1,,,Grande / Moscarello,IT,25,,Moscarello,,0,FALSE,0,0,1,0,1,1,,FALSE,4547500,2072500,,,,4137,FALSE,1072,FALSE,Nami Lake
EFAS,12,4138,Tevere ad Attigliano,12.278111,42.506806,1,,,Tiber,IT,7825,,Tiber,,0,FALSE,0,0,1,0,1,1,,FALSE,4507500,2157500,,,,4138,FALSE,1072,FALSE,Tiber
EFAS,12,4139,Velino a Rieti,12.871611,42.403,1,,,Tiber,IT,2175,,Tiber,,0,FALSE,0,0,1,0,1,1,,FALSE,4562500,2147500,,,,4139,FALSE,1072,FALSE,Velino
EFAS,12,4140,Liri a Pontecorvo,13.666611,41.450861,1,,,Garigliano,IT,2875,3645,Liri-Garigliano,,0,TRUE,1,1,1,1,1,1,,FALSE,4627500,2047500,6,ID_4140.mod,,4140,TRUE,1072,TRUE,Liri
EFAS,12,4141,Mignone SP45,11.754944,42.172389,1,,,Mignone,IT,525,,Mignone,,0,TRUE,1,0,0,1,1,1,,FALSE,4467500,2122500,,,,4141,FALSE,1072,TRUE,Mignone
EFAS,12,4142,Tevere a Foro Italico,12.486,41.939556,1,,,Tiber,IT,17200,,Tiber,,0,TRUE,1,1,1,1,1,1,,FALSE,4527500,2097500,6,ID_4142.mod,,4142,TRUE,1072,TRUE,Tiber
EFAS,12,4143,Sacco a Ceccano,13.337778,41.568778,1,,,Garigliano,IT,1375,,Liri-Garigliano,,0,TRUE,1,1,1,1,1,1,,FALSE,4602500,2057500,6,ID_4143.mod,,4143,TRUE,1072,TRUE,Sacco
EFAS,12,4144,Rapido a Cassino,13.840556,41.486639,1,,,Garigliano,IT,225,,Liri-Garigliano,,0,TRUE,1,1,1,1,1,1,,FALSE,4642500,2052500,6,ID_4144.mod,,4144,TRUE,1072,TRUE,Rapido
EFAS,12,4145,Nera a S.Liberato,12.426306,42.456833,1,,,Tiber,IT,5125,,Tiber,,0,FALSE,0,0,1,0,1,1,,FALSE,4522500,2152500,,,,4145,FALSE,1072,FALSE,Nera
EFAS,12,4146,Rota,12.01027,42.15343,1,,,Mignone,IT,250,,Mignone,,0,TRUE,1,0,0,1,1,1,,FALSE,4487500,2117500,,,,4146,FALSE,1072,TRUE,Mignone
EFAS,12,4147,San Giorgio a Liri,13.772944,41.419528,1,,,Garigliano,IT,3275,,Garigliano,,0,FALSE,0,0,1,0,1,1,,FALSE,4637500,2042500,,,,4147,FALSE,1072,FALSE,Liri
EFAS,12,4148,Treia a Civita Castellana,12.427917,42.291889,1,,,Tiber,IT,500,,Tiber,,0,TRUE,1,1,1,1,1,1,,FALSE,4522500,2137500,6,ID_4148.mod,,4148,TRUE,1072,TRUE,Treia
EFAS,12,4149,Sora,13.619472,41.722389,1,,,Garigliano,IT,425,1166,Liri-Garigliano,,0,TRUE,1,1,1,1,1,1,,FALSE,4622500,2077500,6,ID_4149.mod,,4149,TRUE,1072,TRUE,Liri
EFAS,12,4150,Tevere a Capo due Rami,12.279194,41.781833,1,,,Tiber,IT,,,Tiber,,1,FALSE,0,0,1,0,1,1,,FALSE,,,,,,4150,FALSE,1072,FALSE,Tiber
EFAS,12,4151,Salto a San Martino,12.9915,42.326778,1,,,Tiber,IT,1725,,Tiber,,0,FALSE,0,0,1,0,1,1,,FALSE,4567500,2137500,,,,4151,FALSE,1072,FALSE,Salto
EFAS,12,4152,Falvaterra,13.528361,41.514361,0,,,Garigliano,IT,1500,1526,Garigliano,,0,FALSE,0,0,0,0,0,1,,FALSE,4612500,2052500,,,,4152,FALSE,1072,FALSE,Sacco
EFAS,12,4153,Aniene a Ponte Lucano,12.763111,41.955861,1,,,Aniene - Tiber,IT,900,,Tiber,,0,TRUE,1,0,0,0,1,1,,FALSE,4552500,2097500,,,,4153,FALSE,1072,TRUE,Aniene
EFAS,12,4154,Fosso di Pantanello ad Ostia,12.360833,41.717111,1,,,Santola,IT,,,Santola,,1,FALSE,0,0,1,0,1,1,,FALSE,,,,,,4154,FALSE,1072,FALSE,Pantanello
EFAS,12,4155,S.Angelo Theodice,13.834611,41.443583,0,,,Garigliano,IT,325,,Garigliano,,0,FALSE,0,0,0,0,0,1,,FALSE,4642500,2047500,,,,4155,FALSE,1072,FALSE,Rapido
EFAS,12,4156,Sisto a Pontinia,13.026972,41.41075,1,,,Sisto,IT,200,,Sisto,,0,TRUE,1,1,1,1,1,1,,FALSE,4577500,2037500,6,ID_4156.mod,,4156,TRUE,1072,TRUE,Sisto
EFAS,12,4157,Moscarello a Borgo S.Maria,12.811083,41.463056,1,,,High Water Channel / Moscarello,IT,700,,Moscarello,,0,TRUE,1,1,1,1,1,1,,FALSE,4557500,2042500,6,ID_4157.mod,,4157,TRUE,1072,TRUE,Moscarello
EFAS,12,4158,Fosso Cremera a Labaro,12.493167,41.987083,1,,,Tiber,IT,175,,Tiber,,0,TRUE,1,0,1,1,1,1,,FALSE,4522500,2102500,,,,4158,FALSE,1072,TRUE,Mola
EFAS,12,4159,Amaseno a Fossanova,13.1945,41.433389,1,,,Badino,IT,450,374,Amaseno,,0,TRUE,1,1,1,1,1,1,,FALSE,4587500,2042500,,,,4159,FALSE,1072,TRUE,Amaseno
EFAS,12,4160,Liri a Ceprano,13.518167,41.552694,1,,,Garigliano,IT,850,,Garigliano,,0,TRUE,1,0,1,0,1,1,,FALSE,4617500,2057500,,,,4160,FALSE,1072,TRUE,Liri
EFAS,12,4161,Liri a Madonna Della Pace,13.6075,41.762639,1,,,Garigliano,IT,350,,Liri-Garigliano,,0,TRUE,1,1,1,1,1,1,,FALSE,4622500,2082500,6,ID_4161.mod,,4161,TRUE,1072,TRUE,Liri
EFAS,12,4162,Marana a Villa Livia,12.495194,41.9995,1,,,Tiber,IT,75,,Tiber,,0,FALSE,0,0,1,0,1,1,,FALSE,4527500,2107500,,,,4162,FALSE,1072,FALSE,Torraccia
EFAS,12,4163,Sacco a Colleferro,12.978694,41.7595,1,,,Garigliano,IT,375,,Garigliano,,0,TRUE,1,1,1,1,1,1,,FALSE,4567500,2077500,6,ID_4163.mod,,4163,TRUE,1072,TRUE,Sacco
EFAS,12,4164,Marana di Prima Porta,12.491972,41.99875,1,,,Tiber,IT,50,,Tiber,,0,FALSE,0,0,1,0,1,1,,FALSE,4527500,2112500,,,,4164,FALSE,1072,FALSE,Torraccia
EFAS,12,4165,Malafede,12.407222,41.783528,1,,,Tiber,IT,100,,Tiber,,0,FALSE,0,0,1,0,1,1,,FALSE,4522500,2077500,,,,4165,FALSE,1072,FALSE,Malafede
EFAS,12,4166,Cosa a Frosinone,13.357028,41.647694,1,,,Garigliano,IT,300,,Garigliano,,0,FALSE,0,0,0,0,1,1,,FALSE,4602500,2067500,,,,4166,FALSE,1072,FALSE,Cosa
EFAS,12,4167,Fosso Corese a Passo Corese,12.652194,42.151778,1,,,Tiber,IT,200,,Tiber,,0,TRUE,1,0,1,1,1,1,,FALSE,4542500,2122500,,,,4167,FALSE,1072,TRUE,Corese
EFAS,12,4168,Fibreno a Broccostella,13.665167,41.697222,0,,,Garigliano,IT,50,,Liri-Garigliano,,0,TRUE,1,1,0,0,0,1,,FALSE,4627500,2072500,,,,4168,FALSE,1072,FALSE,Fibreno
EFAS,12,4169,Amatrice - Ponte Tre Occhi,13.292611,42.6175,1,,,Tronto,IT,75,,Tronto,,0,FALSE,0,0,0,0,1,1,,FALSE,4592500,2172500,,,,4169,FALSE,1072,FALSE,Castellano
EFAS,12,4170,Melfa ad Atina,13.769833,41.629444,1,,,Garigliano,IT,150,160,Liri-Garigliano,,0,TRUE,1,1,1,1,1,1,,FALSE,4637500,2067500,6,ID_4170.mod,,4170,TRUE,1072,TRUE,Melfa
EFAS,12,4171,Fosso di Vallerano,12.445972,41.821694,1,,,Tiber,IT,100,,Tiber,,0,FALSE,0,0,1,0,1,1,,FALSE,4527500,2082500,,,,4171,FALSE,1072,FALSE,Tiber
EFAS,12,4172,Rio Galeria,12.341806,41.817,1,,,Tiber,IT,17700,,Tiber,,0,TRUE,1,0,1,1,1,1,,FALSE,4517500,2082500,,,,4172,FALSE,1072,TRUE,Galeria
EFAS,12,4173,Arrone a Maccarese,12.233194,41.882639,1,,,Arrone,IT,425,268,Arrone,,0,TRUE,1,0,0,1,1,1,,FALSE,4507500,2087500,,,,4173,FALSE,1072,TRUE,Arrone
EFAS,12,4174,Turano a Rocca Sinibalda,12.910722,42.298306,1,,,Tiber,IT,525,502,Tiber,,0,TRUE,1,1,1,1,1,1,,FALSE,4562500,2137500,6,ID_4174.mod,,4174,TRUE,1072,TRUE,Turano
EFAS,12,4175,Incastro ad Ardea,12.53255,41.60017,1,,,Incastro,IT,225,,Incastro,,0,FALSE,0,0,1,0,1,1,,FALSE,4532500,2057500,,,,4175,FALSE,1072,FALSE,Incastro
EFAS,12,4176,Cosa ad Alatri,13.360194,41.724778,1,,,Garigliano,IT,225,,Garigliano,,0,TRUE,1,0,0,1,1,1,,FALSE,4602500,2077500,,,,4176,FALSE,1072,TRUE,Cosa
EFAS,12,4177,Torrente Tafone,11.557389,42.37475,1,,,Tafone,IT,125,,Tafone,,0,FALSE,0,0,1,0,1,1,,FALSE,4447500,2142500,,,,4177,FALSE,1072,FALSE,Ponte Roto
EFAS,12,4178,Melfa a Roccasecca,13.64775,41.536389,1,,,Garigliano,IT,375,361,Garigliano,,0,TRUE,1,0,1,0,1,1,,FALSE,4627500,2057500,,,,4178,FALSE,1072,TRUE,Melfa
EFAS,12,4179,Astura ad Acciarella,12.76175,41.451278,1,,,Astura,IT,,,Astura,,1,FALSE,0,0,0,0,1,1,,FALSE,,,,,,4179,FALSE,1072,FALSE,Astura
EFAS,12,4180,Velino ad Antrodoco,13.07935,42.42091,0,,,Tiber,IT,200,,Tiber,,0,FALSE,1,0,1,0,0,1,,FALSE,4572500,2152500,,,,4180,FALSE,1072,FALSE,Velino
EFAS,12,4181,Rota at Verginese,12.008528,42.152667,0,,,Mignone,IT,275,,Mignone,,0,FALSE,0,0,1,0,0,1,,FALSE,4487500,2122500,,,,4181,FALSE,1072,FALSE,Mignone
EFAS,12,4182,Tevere a Porta Portese,12.470556,41.880722,1,,,Tiber,IT,17300,,Tiber,,0,TRUE,1,0,1,0,1,1,,FALSE,4527500,2087500,,,,4182,FALSE,1072,TRUE,TIber
EFAS,12,4183,Anagni,13.092056,41.711889,0,,,Garigliano,IT,600,458,Liri-Garigliano,,0,FALSE,0,0,0,0,0,1,,FALSE,4577500,2072500,,,,4183,FALSE,1072,FALSE,Sacco
EFAS,12,4184,Marta a Piantata,11.881222,42.409806,1,,,Marta,IT,425,,Marta,,0,FALSE,0,0,1,0,1,1,,FALSE,4477500,2147500,,,,4184,FALSE,1072,FALSE,Marta
EFAS,12,4185,Ceccano,13.296806,41.601083,0,,,Sacco - Liri,IT,975,,Liri-Garigliano,,0,FALSE,0,0,0,0,0,1,,FALSE,4597500,2062500,,,,4185,FALSE,1072,FALSE,Garigliano
EFAS,12,4186,Petanjci,16.0543,46.64849,1,,,Danube,SI,10475,10391.44,Sava,,0,TRUE,1,1,1,1,1,1,193.65,FALSE,4782500,2632500,6,ID_4186.mod,,4186,TRUE,1005,TRUE,Mur
EFAS,12,4187,Pristava,16.23177,46.5186,1,,,Danube,SI,300,272.77,Sava,,0,TRUE,1,1,1,1,1,1,169.37,FALSE,4797500,2622500,6,ID_4187.mod,,4187,TRUE,1005,TRUE,Ščavnica
EFAS,12,4188,Polana I,16.13712,46.67804,1,,,Danube,SI,250,209.37,Sava,,0,TRUE,1,1,1,1,1,1,191.35,FALSE,4787500,2637500,6,ID_4188.mod,,4188,TRUE,1005,TRUE,Ledava
EFAS,12,4189,Čentiba,16.47757,46.53526,1,,,Danube,SI,900,861.67,Sava,,0,TRUE,1,1,1,1,1,1,154.31,FALSE,4817500,2627500,6,ID_4189.mod,,4189,TRUE,1005,TRUE,Ledava
EFAS,12,4190,Hodoš I,16.333,46.81418,1,,,Danube,SI,125,106.13,Sava,,0,TRUE,1,1,1,1,1,1,224.82,FALSE,4802500,2652500,6,ID_4190.mod,,4190,TRUE,1005,TRUE,Kerka
EFAS,12,4191,Črna,14.84842,46.47039,1,,,Danube,SI,150,95.17,Sava,,0,TRUE,1,1,1,1,1,1,573.45,FALSE,4692500,2607500,,,,4191,FALSE,1005,TRUE,Meza
EFAS,12,4192,Otiški Vrh I,15.02594,46.57775,1,,,Danube,SI,625,552.6,Sava,,0,TRUE,1,1,1,1,1,1,334,FALSE,4707500,2617500,6,ID_4192.mod,,4192,TRUE,1005,TRUE,Meza
EFAS,12,4193,Dovže II,15.14748,46.45663,1,,,Danube,SI,100,72.76,Sava,,0,TRUE,1,1,1,1,1,1,507.59,FALSE,4717500,2607500,6,ID_4193.mod,,4193,TRUE,1005,TRUE,Mislinja
EFAS,12,4194,Otiški Vrh I,15.03725,46.56751,1,,,Danube,SI,200,231.56,Sava,,0,TRUE,1,1,1,1,1,1,344.75,FALSE,4712500,2612500,6,ID_4194.mod,,4194,TRUE,1005,TRUE,Mislinja
EFAS,12,4195,Stari Trg I,15.07253,46.50439,1,,,Danube,SI,50,59.45,Sava,,0,TRUE,1,1,1,1,1,1,404.86,FALSE,4712500,2607500,6,ID_4195.mod,,4195,TRUE,1005,TRUE,Suhodolnica
EFAS,12,4196,Ruta,15.42351,46.55865,1,,,Drava,SI,50,74.48,Sava,,0,TRUE,1,1,1,1,1,1,296,FALSE,4732500,2617500,6,ID_4196.mod,,4196,TRUE,1005,TRUE,Radoljna
EFAS,12,4197,Loče,15.49369,46.30155,1,,,Danube,SI,200,175.67,Sava,,0,TRUE,1,1,1,1,1,1,266.46,FALSE,4742500,2592500,6,ID_4197.mod,,4197,TRUE,1005,TRUE,Dravinja
EFAS,12,4198,Makole,15.67041,46.31928,1,,,Danube,SI,300,303.21,Sava,,0,TRUE,1,1,1,1,1,1,240.22,FALSE,4757500,2592500,6,ID_4198.mod,,4198,TRUE,1005,TRUE,Dravinja
EFAS,12,4199,Videm,15.90297,46.36835,1,,,Danube,SI,925,767.34,Sava,,0,TRUE,1,1,1,1,1,1,209.04,FALSE,4772500,2602500,6,ID_4199.mod,,4199,TRUE,1005,TRUE,Dravinja
EFAS,12,4200,Spodnja Ložnica,15.65073,46.33705,1,,,Danube,SI,100,99.86,Sava,,0,TRUE,1,1,1,1,1,1,241.67,FALSE,4752500,2597500,6,ID_4200.mod,,4200,TRUE,1005,TRUE,Loznica
EFAS,12,4201,Podlehnik I,15.87844,46.33248,1,,,Danube,SI,50,57.26,Sava,,0,TRUE,1,1,1,1,1,1,223.24,FALSE,4772500,2592500,6,ID_4201.mod,,4201,TRUE,1005,TRUE,Rogatnica
EFAS,12,4202,Tržec,15.87807,46.36367,1,,,Danube,SI,325,189.16,Sava,,0,TRUE,1,1,1,1,1,1,214.07,FALSE,4767500,2602500,6,ID_4202.mod,,4202,TRUE,1005,TRUE,Polskava
EFAS,12,4203,Ranca,15.68148,46.59942,1,,,Danube,SI,150,84.27,Sava,,0,TRUE,1,1,1,1,1,1,250.27,FALSE,4757500,2627500,6,ID_4203.mod,,4203,TRUE,1005,TRUE,Pesnica
EFAS,12,4204,Gočova,15.8686,46.55677,1,,,Danube,SI,300,281.77,Sava,,0,TRUE,1,1,1,1,1,1,225.46,FALSE,4772500,2622500,6,ID_4204.mod,,4204,TRUE,1005,TRUE,Pesnica
EFAS,12,4205,Zamušani I,16.03396,46.41413,1,,,Danube,SI,550,479.76,Sava,,0,TRUE,1,1,1,1,1,1,201.85,FALSE,4782500,2607500,6,ID_4205.mod,,4205,TRUE,1005,TRUE,Pesnica
EFAS,12,4206,Jesenice,14.05432,46.43386,1,,,Danube,SI,275,259.42,Sava,,0,TRUE,1,1,1,0,1,1,564.81,FALSE,4632500,2597500,,,,4206,FALSE,1005,TRUE,Sava Dolinka
EFAS,12,4207,Podhom,14.08572,46.39349,1,,,Sava,SI,100,166.8,Sava,,0,TRUE,1,1,1,1,1,1,566.07,FALSE,4632500,2592500,6,ID_4207.mod,,4207,TRUE,1005,TRUE,Radovna
EFAS,12,4208,Bodešče,14.14188,46.34193,1,,,Danube,SI,475,363.9,Sava,,0,TRUE,1,1,1,1,1,1,413.9,FALSE,4637500,2592500,6,ID_4208.mod,,4208,TRUE,1005,TRUE,Sava Bohinjka
EFAS,12,4209,Ukanc,13.82957,46.28096,1,,,Danube,SI,75,66.76,Sava,,0,TRUE,1,1,1,1,1,1,527.43,FALSE,4617500,2582500,6,ID_4209.mod,,4209,TRUE,1005,TRUE,Sava Bohinjka
EFAS,12,4210,Stara Fužina II,13.8892,46.28284,1,,,Danube,SI,50,74.26,Sava,,0,TRUE,1,1,1,1,1,1,527.2,FALSE,4622500,2587500,6,ID_4210.mod,,4210,TRUE,1005,TRUE,Mostnica
EFAS,12,4211,Litija,14.8288,46.05674,1,,,Danube,SI,4800,4849.67,Sava,,0,TRUE,1,1,1,1,1,1,230.55,FALSE,4692500,2562500,6,ID_4211.mod,,4211,TRUE,1005,TRUE,Sava
EFAS,12,4212,Čatež I,15.61,45.89319,1,,,Danube,SI,9800,10232.42,Sava,,0,TRUE,1,1,1,1,1,1,137.37,FALSE,4757500,2547500,6,ID_4212.mod,,4212,TRUE,1005,TRUE,Sava
EFAS,12,4213,Ovsiše II,14.25821,46.28856,1,,,Danube,SI,975,40.25,Danube,,0,TRUE,1,1,1,1,1,1,375.17,FALSE,4647500,2587500,6,ID_4213.mod,DO NOT USE  This station cannot be located on LDD Set to FALSE,4213,TRUE,1005,TRUE,Lipnica
EFAS,12,4214,Preska,14.29958,46.35785,1,,,Danube,SI,125,121.5,Sava,,0,TRUE,1,1,1,1,1,1,488.76,FALSE,4652500,2592500,6,ID_4214.mod,,4214,TRUE,1005,TRUE,Trziska Bistrica
EFAS,12,4215,Kokra I,14.49888,46.30586,1,,,Danube,SI,125,113.1,Sava,,0,TRUE,1,1,1,1,1,1,523,FALSE,4667500,2587500,6,ID_4215.mod,,4215,TRUE,1005,TRUE,Kokra
EFAS,12,4216,Suha I,14.32602,46.16203,1,,,Danube,SI,600,568.86,Sava,,0,TRUE,1,1,1,1,1,1,329.47,FALSE,4657500,2567500,6,ID_4216.mod,,4216,TRUE,1005,TRUE,Sora
EFAS,12,4217,Žiri III,14.10678,46.0436,1,,,Danube,SI,100,63.28,Sava,,0,TRUE,1,1,1,1,1,1,474.77,FALSE,4637500,2557500,6,ID_4217.mod,,4217,TRUE,1005,TRUE,Poljanska Sora
EFAS,12,4218,Zminec,14.29013,46.15302,1,,,Danube,SI,275,306.52,Sava,,0,TRUE,1,1,1,1,1,1,343.33,FALSE,4652500,2567500,6,ID_4218.mod,,4218,TRUE,1005,TRUE,Poljanska Sora
EFAS,12,4219,Železniki,14.16183,46.22196,1,,,Danube,SI,175,104.1,Sava,,0,TRUE,1,1,1,1,1,1,447.37,FALSE,4642500,2577500,6,ID_4219.mod,,4219,TRUE,1005,TRUE,Selska Sora
EFAS,12,4220,Vešter,14.28519,46.1722,1,,,Danube,SI,225,358.26,Sava,,0,TRUE,1,1,1,1,1,1,358.26,FALSE,4647500,2572500,6,ID_4220.mod,,4220,TRUE,1005,TRUE,SelSka Sora
EFAS,12,4221,Kamnik I,14.61311,46.2241,1,,,Danube,SI,300,195.5,Sava,,0,TRUE,1,1,1,1,1,1,370.65,FALSE,4677500,2577500,6,ID_4221.mod,,4221,TRUE,1005,TRUE,Kamnik Bistrica
EFAS,12,4222,Bišče,14.61581,46.10385,1,,,Danube,SI,475,382.55,Sava,,0,TRUE,1,1,1,1,1,1,274.31,FALSE,4677500,2567500,6,ID_4222.mod,,4222,TRUE,1005,TRUE,Kamnik Bistrica
EFAS,12,4223,Nevlje I,14.62489,46.23288,1,,,Danube,SI,100,82.21,Sava,,0,TRUE,1,1,1,1,1,1,379.78,FALSE,4682500,2577500,6,ID_4223.mod,,4223,TRUE,1005,TRUE,Nevljica
EFAS,12,4224,Vir,14.61682,46.14401,1,,,Danube,SI,75,161.41,Sava,,0,TRUE,1,1,1,1,1,1,299.04,FALSE,4682500,2572500,6,ID_4224.mod,,4224,TRUE,1005,TRUE,Raca
EFAS,12,4225,Topole,14.56263,46.17373,1,,,Danube,SI,125,93.92,Sava,,0,TRUE,1,1,1,1,1,1,320.27,FALSE,4672500,2572500,6,ID_4225.mod,,4225,TRUE,1005,TRUE,Psata
EFAS,12,4226,Zagorje,14.99631,46.12758,1,,,Danube,SI,75,96.4,Sava,,0,TRUE,1,1,1,1,1,1,232.21,FALSE,4707500,2572500,6,ID_4226.mod,,4226,TRUE,1005,TRUE,Medija
EFAS,12,4227,Žebnik,15.13483,46.063,1,,,Danube,SI,75,48.38,Sava,,0,TRUE,1,1,1,1,1,1,256.47,FALSE,4717500,2562500,6,ID_4227.mod,,4227,TRUE,1005,TRUE,Sopota
EFAS,12,4228,Martinja vas II,15.13739,45.95999,1,,,Danube,SI,300,186.02,Sava,,0,TRUE,1,1,1,1,1,1,228.45,FALSE,4717500,2552500,6,ID_4228.mod,,4228,TRUE,1005,TRUE,Mirna
EFAS,12,4229,Jelovec,15.23025,45.98862,1,,,Danube,SI,375,271.21,Sava,,0,TRUE,1,1,1,1,1,1,208.49,FALSE,4727500,2557500,6,ID_4229.mod,,4229,TRUE,1005,TRUE,Mirna
EFAS,12,4230,Metni Vrh,15.29774,46.02575,1,,,Danube,SI,50,42.03,Sava,,0,TRUE,1,1,1,1,1,1,199.86,FALSE,4732500,2562500,6,ID_4230.mod,,4230,TRUE,1005,TRUE,Sevnicna
EFAS,12,4231,Rogatec,15.69975,46.22308,1,,,Danube,SI,75,39.47,Sava,,0,TRUE,1,1,1,1,1,1,219.02,FALSE,4762500,2587500,6,ID_4231.mod,,4231,TRUE,1005,TRUE,Sutla
EFAS,12,4232,Rakovec,15.70428,45.92091,1,,,Danube,SI,625,561.3,Sava,,0,TRUE,1,1,1,1,1,1,140.12,FALSE,4762500,2552500,6,ID_4232.mod,,4232,TRUE,1005,TRUE,Sutla
EFAS,12,4233,Sodna vas II,15.60119,46.17286,1,,,Danube,SI,100,132.82,Sava,,0,TRUE,1,1,1,1,1,1,192.56,FALSE,4752500,2582500,6,ID_4233.mod,,4233,TRUE,1005,TRUE,Mestinjscica
EFAS,12,4234,Zagaj II,15.65146,46.0483,1,,,Danube,SI,175,94.03,Sava,,0,TRUE,1,1,1,1,1,1,190.36,FALSE,4757500,2562500,6,ID_4234.mod,,4234,TRUE,1005,TRUE,Bistrica
EFAS,12,4235,Petrina,14.85176,45.46389,1,,,Danube,SI,525,467.31,Sava,,0,TRUE,1,1,1,1,1,1,219.31,FALSE,4697500,2497500,6,ID_4235.mod,,4235,TRUE,1005,TRUE,Kupa
EFAS,12,4236,Sodevci,15.07558,45.48469,1,,,Danube,SI,1275,1136.46,Sava,,0,TRUE,1,1,1,1,1,1,180.84,FALSE,4712500,2497500,6,ID_4236.mod,,4236,TRUE,1005,TRUE,Kupa
EFAS,12,4237,Gradac I,15.24517,45.6135,1,,,Danube,SI,275,218.89,Sava,,0,TRUE,1,1,1,1,1,1,133.46,FALSE,4727500,2512500,6,ID_4237.mod,,4237,TRUE,1005,TRUE,Lahinja
EFAS,12,4238,Borovnica,14.36973,45.9163,1,,,Danube,SI,50,35.84,Sava,,0,TRUE,1,1,1,1,1,1,295.28,FALSE,4662500,2542500,6,ID_4238.mod,,4238,TRUE,1005,TRUE,Borovniscica
EFAS,12,4239,Iška vas,14.51459,45.93616,1,,,Danube,SI,100,69.69,Sava,,0,TRUE,1,1,1,1,1,1,323.18,FALSE,4672500,2547500,6,ID_4239.mod,,4239,TRUE,1005,TRUE,Iska
EFAS,12,4240,Ig,14.53459,45.95744,1,,,Danube,SI,75,18.92,Sava,,0,TRUE,1,1,1,1,1,1,287.59,FALSE,4677500,2547500,6,ID_4240.mod,,4240,TRUE,1005,TRUE,Iscica
EFAS,12,4241,Bokalce,14.44644,46.04521,1,,,Danube,SI,200,154.5,Sava,,0,TRUE,1,1,1,1,1,1,296.63,FALSE,4662500,2557500,6,ID_4241.mod,,4241,TRUE,1005,TRUE,Gradascica
EFAS,12,4242,Dvor,14.34494,46.06228,1,,,Danube,SI,125,78.88,Sava,,0,TRUE,1,1,1,1,1,1,341.12,FALSE,4657500,2557500,6,ID_4242.mod,,4242,TRUE,1005,TRUE,Gradascica
EFAS,12,4243,Razori,14.43773,46.0481,1,,,Danube,SI,175,46.95,Sava,,0,TRUE,1,1,1,1,1,1,298.37,FALSE,4662500,2562500,6,ID_4243.mod,,4243,TRUE,1005,TRUE,Sujica
EFAS,12,4244,Cerknica I,14.36474,45.79389,1,,,Danube,SI,100,49.5,Sava,,0,TRUE,1,1,1,1,1,1,559.44,FALSE,4662500,2532500,6,ID_4244.mod,,4244,TRUE,1005,TRUE,Cerkniscica
EFAS,12,4245,Logatec,14.20468,45.91097,1,,,Danube,SI,750,16.46,Danube,,0,TRUE,1,1,1,1,1,1,481.34,FALSE,4647500,2542500,6,ID_4245.mod,DO NOT USE This stations could not be located on LDD  Set to FALSE,4245,TRUE,1005,TRUE,Logascica
EFAS,12,4246,Solčava I,14.69316,46.41967,1,,,Danube,SI,75,63.41,Sava,,0,TRUE,1,1,1,1,1,1,635.84,FALSE,4682500,2602500,6,ID_4246.mod,,4246,TRUE,1005,TRUE,Savinja
EFAS,12,4247,Letuš I,15.00442,46.32624,1,,,Danube,SI,500,529.53,Sava,,0,TRUE,1,1,1,1,1,1,313.44,FALSE,4702500,2592500,6,ID_4247.mod,,4247,TRUE,1005,TRUE,Savinja
EFAS,12,4248,Celje II - brv,15.26002,46.22807,1,,,Danube,SI,1550,1191.84,Sava,,0,TRUE,1,1,1,1,1,1,230.31,FALSE,4727500,2582500,6,ID_4248.mod,DO NOT USE it cannot be located on the LDD,4248,TRUE,1005,TRUE,Savinja
EFAS,12,4249,Luče,14.74591,46.35428,1,,,Danube,SI,50,57.39,Sava,,0,TRUE,1,1,1,1,1,1,509.79,FALSE,4682500,2592500,6,ID_4249.mod,,4249,TRUE,1005,TRUE,Lucnica
EFAS,12,4250,Kraše,14.89933,46.28495,1,,,Danube,SI,100,100.82,Sava,,0,TRUE,1,1,1,1,1,1,365.55,FALSE,4697500,2587500,6,ID_4250.mod,,4250,TRUE,1005,TRUE,Dreta
EFAS,12,4251,Rečica,15.03834,46.3211,1,,,Danube,SI,175,206.07,Sava,,0,TRUE,1,1,1,1,1,1,305.01,FALSE,4707500,2597500,6,ID_4251.mod,,4251,TRUE,1005,TRUE,Paka
EFAS,12,4252,Dolenja vas II,15.09288,46.23922,1,,,Danube,SI,225,170.47,Sava,,0,TRUE,1,1,1,1,1,1,267.87,FALSE,4712500,2582500,6,ID_4252.mod,,4252,TRUE,1005,TRUE,Bolska
EFAS,12,4253,Levec I,15.22014,46.24388,1,,,Danube,SI,100,102.89,Sava,,0,TRUE,1,1,1,1,1,1,240.95,FALSE,4722500,2587500,6,ID_4253.mod,,4253,TRUE,1005,TRUE,Loznica
EFAS,12,4254,Celje II,15.28322,46.23203,1,,,Danube,SI,200,202.89,Sava,,0,TRUE,1,1,1,1,1,1,234.23,FALSE,4732500,2582500,6,ID_4254.mod,,4254,TRUE,1005,TRUE,Voglajna
EFAS,12,4255,Škofja vas,15.2867,46.26469,1,,,Danube,SI,200,155.92,Sava,,0,TRUE,1,1,1,1,1,1,242.23,FALSE,4727500,2587500,6,ID_4255.mod,,4255,TRUE,1005,TRUE,Hudinja
EFAS,12,4256,Podbukovje I,14.78498,45.87675,1,,,Danube,SI,150,346.92,Sava,,0,TRUE,1,1,1,1,1,1,258.49,FALSE,4692500,2542500,6,ID_4256.mod,,4256,TRUE,1005,TRUE,Krka
EFAS,12,4257,Soteska,15.0192,45.77941,1,,,Danube,SI,1075,950.12,Sava,,0,TRUE,1,1,1,1,1,1,167.59,FALSE,4712500,2532500,6,ID_4257.mod,,4257,TRUE,1005,TRUE,Krka
EFAS,12,4258,Gorenja Gomila,15.28555,45.86751,1,,,Danube,SI,1425,1873.63,Sava,,0,TRUE,1,1,1,1,1,1,148.67,FALSE,4732500,2542500,6,ID_4258.mod,,4258,TRUE,1005,TRUE,Krka
EFAS,12,4259,Meniška vas I,15.03548,45.75961,1,,,Danube,SI,100,289.81,Sava,,0,TRUE,1,1,1,1,1,1,167.88,FALSE,4712500,2527500,6,ID_4259.mod,,4259,TRUE,1005,TRUE,Radesca
EFAS,12,4260,Kršovec I,13.59865,46.33697,1,,,Soca-Isonzo,SI,175,158.07,Isonzo,,0,TRUE,1,1,1,1,1,1,401.57,FALSE,4602500,2587500,6,ID_4260.mod,,4260,TRUE,1005,TRUE,Soca
EFAS,12,4261,Log Čezsoški,13.49462,46.31483,1,,,Soca-Isonzo,SI,325,324.76,Isonzo,,0,TRUE,1,1,1,1,1,1,340.3,FALSE,4592500,2587500,6,ID_4261.mod,,4261,TRUE,1005,TRUE,Soca
EFAS,12,4262,Kobarid I,13.5864,46.24736,1,,,Soca-Isonzo,SI,450,437.06,Isonzo,,0,TRUE,1,1,1,1,1,1,194.68,FALSE,4597500,2577500,6,ID_4262.mod,,4262,TRUE,1005,TRUE,Soca
EFAS,12,4263,Kal-Koritnica I,13.57567,46.3415,1,,,Soca-Isonzo,SI,50,86.03,Isonzo,,0,TRUE,1,1,1,0,1,1,,FALSE,4597500,2592500,,,,4263,FALSE,1005,TRUE,Koritnica
EFAS,12,4264,Žaga,13.47775,46.30979,1,,,Soca-Isonzo,SI,25,50.19,Isonzo,,0,TRUE,1,1,1,1,1,1,341.56,FALSE,4582500,2582500,6,ID_4264.mod,,4264,TRUE,1005,TRUE,Ucja
EFAS,12,4265,Tolmin I,13.74055,46.18403,1,,,Soca-Isonzo,SI,75,74.46,Isonzo,,0,TRUE,1,1,1,1,1,1,161.43,FALSE,4612500,2572500,6,ID_4265.mod,,4265,TRUE,1005,TRUE,Tolminka
EFAS,12,4266,Podroteja I,14.03071,45.98676,1,,,Soca-Isonzo,SI,100,111.25,Isonzo,,0,TRUE,1,1,1,1,1,1,327.05,FALSE,4632500,2552500,6,ID_4266.mod,,4266,TRUE,1005,TRUE,Idrijca
EFAS,12,4267,Hotešk,13.79371,46.12835,1,,,Soca-Isonzo,SI,425,443.51,Isonzo,,0,TRUE,1,1,1,1,1,1,160.86,FALSE,4617500,2562500,6,ID_4267.mod,,4267,TRUE,1005,TRUE,Idrijca
EFAS,12,4268,Cerkno,13.97884,46.12137,1,,,Soca-Isonzo,SI,50,40.18,Isonzo,,0,TRUE,1,1,1,1,1,1,295.96,FALSE,4627500,2567500,6,ID_4268.mod,,4268,TRUE,1005,TRUE,Cerknica
EFAS,12,4269,Dolenja Trebuša I,13.83208,46.0939,1,,,Soca-Isonzo,SI,75,55.26,Isonzo,,0,TRUE,1,1,1,1,1,1,187.04,FALSE,4617500,2557500,6,ID_4269.mod,,4269,TRUE,1005,TRUE,Trebusa
EFAS,12,4270,Bača pri Modreju,13.77555,46.15561,1,,,Soca-Isonzo,SI,150,143.06,Isonzo,,0,TRUE,1,1,1,1,1,1,164.04,FALSE,4617500,2567500,6,ID_4270.mod,,4270,TRUE,1005,TRUE,Baca
EFAS,12,4271,Dolenje,13.90134,45.86633,1,,,Soca-Isonzo,SI,250,316.73,Isonzo,,0,TRUE,1,1,1,1,1,1,81.36,FALSE,4622500,2537500,6,ID_4271.mod,,4271,TRUE,1005,TRUE,Vipava
EFAS,12,4272,Zalošče,13.74346,45.88819,1,,,Soca-Isonzo,SI,525,467.16,Isonzo,,0,TRUE,1,1,1,1,1,1,53.9,FALSE,4612500,2537500,6,ID_4272.mod,,4272,TRUE,1005,TRUE,Vipava
EFAS,12,4273,Miren I,13.60795,45.89409,1,,,Soca-Isonzo,SI,675,588.29,Isonzo,,0,TRUE,1,1,1,1,1,1,35.93,FALSE,4602500,2537500,6,ID_4273.mod,,4273,TRUE,1005,TRUE,Vipava
EFAS,12,4274,Podnanos,13.97368,45.79906,1,,,Soca-Isonzo,SI,50,25.67,Isonzo,,0,TRUE,1,1,1,1,1,1,161.26,FALSE,4632500,2527500,6,ID_4274.mod,,4274,TRUE,1005,TRUE,Mocilnik
EFAS,12,4275,Ajdovščina I,13.90508,45.89375,1,,,Soca-Isonzo,SI,50,93.14,Isonzo,,0,TRUE,1,1,1,1,1,1,107.14,FALSE,4622500,2542500,6,ID_4275.mod,,4275,TRUE,1005,TRUE,Hubelj
EFAS,12,4276,Branik,13.80417,45.85124,1,,,Soca-Isonzo,SI,200,68.1,Isonzo,,0,TRUE,1,1,1,1,1,1,81.06,FALSE,4617500,2532500,6,ID_4276.mod,,4276,TRUE,1005,TRUE,Branica
EFAS,12,4277,Volčja Draga,13.68328,45.89969,1,,,Soca-Isonzo,SI,100,53.55,Isonzo,,0,TRUE,1,1,1,1,1,1,44.94,FALSE,4607500,2542500,6,ID_4277.mod,,4277,TRUE,1005,TRUE,Lijak
EFAS,12,4278,Neblo,13.48995,45.99972,1,,,Soca-Isonzo,SI,25,29.94,Isonzo,,0,TRUE,1,1,1,1,1,1,72.04,FALSE,4592500,2547500,6,ID_4278.mod,,4278,TRUE,1005,TRUE,Reka
EFAS,12,4279,Potoki,13.50125,46.24855,1,,,Soca-Isonzo,SI,100,95.03,Isonzo,,0,TRUE,1,1,1,1,1,1,245.98,FALSE,4592500,2577500,6,ID_4279.mod,,4279,TRUE,1005,TRUE,Nadiza
EFAS,12,4280,Trpčane,14.32301,45.52507,1,,,Reka,SI,225,28.83,Reka,,0,TRUE,1,1,1,1,1,1,422.45,FALSE,4657500,2502500,6,ID_4280.mod,,4280,TRUE,1005,TRUE,Reka
EFAS,12,4281,Trnovo,14.22647,45.57315,1,,,Reka,SI,375,138.88,Reka,,0,TRUE,1,1,1,1,1,1,393.03,FALSE,4652500,2502500,6,ID_4281.mod,,4281,TRUE,1005,TRUE,Reka
EFAS,12,4282,Cerkvenikov mlin,14.06087,45.65489,1,,,Reka,SI,1025,332.12,Reka,,0,TRUE,1,1,1,1,1,1,342.7,FALSE,4637500,2512500,6,ID_4282.mod,,4282,TRUE,1005,TRUE,Reka
EFAS,12,4283,Ilirska Bistrica,14.24178,45.56439,1,,,Reka,SI,100,23.92,Reka,,0,TRUE,1,1,1,1,1,1,396.7,FALSE,4647500,2502500,6,ID_4283.mod,,4283,TRUE,1005,TRUE,Bistrica
EFAS,12,4284,Kubed II,13.87616,45.53264,1,,,Rizana,SI,75,204.66,Rizana,,0,TRUE,1,1,1,1,1,1,61.13,FALSE,4617500,2502500,6,ID_4284.mod,,4284,TRUE,1005,TRUE,Rizana
EFAS,12,4285,Šalara,13.7464,45.52503,1,,,Badasevica,SI,25,21.3,Bada�evica,,0,TRUE,1,1,1,1,1,1,2.25,FALSE,4612500,2497500,6,ID_4285.mod,,4285,TRUE,1005,TRUE,Badasevica
EFAS,12,4286,Pišine I,13.63886,45.46598,1,,,Drnica,SI,50,29.78,Dragonja,,0,TRUE,1,1,1,1,1,1,3.43,FALSE,4607500,2492500,6,ID_4286.mod,,4286,TRUE,1005,TRUE,Drnica
EFAS,12,4287,Podkaštel,13.65445,45.45267,1,,,Dragonja,SI,75,93.16,Dragonja,,0,TRUE,1,1,1,1,1,1,9.78,FALSE,4612500,2492500,6,ID_4287.mod,,4287,TRUE,1005,TRUE,Dragonja
EFAS,12,4288,Manuel,-0.495876,39.041206,1,,,Jucar,ES,2025,835,Jucar,,0,TRUE,1,1,1,1,1,1,48.97,FALSE,3412500,1832500,6,ID_4288.mod,,4288,TRUE,1057,TRUE,Albaida
EFAS,12,4289,Moixent,-0.76236,38.87062,1,,,Jucar,ES,1075,325,Jucar,,0,TRUE,1,1,1,1,1,1,360.55,FALSE,3382500,1817500,6,ID_4289.mod,,4289,TRUE,1057,TRUE,Canyoles
EFAS,12,4290,Montaverner,-0.495248,38.891669,1,,,Jucar,ES,325,320,Jucar,,0,TRUE,1,1,1,1,1,1,174.88,FALSE,3407500,1817500,6,ID_4290.mod,,4290,TRUE,1057,TRUE,Albaida
EFAS,12,4291,Cofrentes,-1.09464,39.26218,1,,,Jucar,ES,4725,1320,Jucar,,0,TRUE,1,1,1,1,1,1,527.87,FALSE,3362500,1867500,6,ID_4291.mod,,4291,TRUE,1057,TRUE,Cabriel
EFAS,12,4292,Contreras,-1.502407,39.542947,1,,,Jucar,ES,3400,3325,Jucar,,0,TRUE,1,1,1,1,1,1,635.9,FALSE,3332500,1902500,6,ID_4292.mod,,4292,TRUE,1057,TRUE,Cabriel
EFAS,12,4293,E.A 139 Villora,-1.635131,39.738827,1,,,Jucar,ES,1300,1230,Jucar,,0,TRUE,1,1,1,1,1,1,831.04,FALSE,3322500,1927500,6,ID_4293.mod,,4293,TRUE,1057,TRUE,Cabriel
EFAS,12,4294,E.A 140 Huercemes,-1.704162,39.720321,1,,,Jucar,ES,825,840,Jucar,,0,TRUE,1,1,1,1,1,1,915.72,FALSE,3317500,1927500,6,ID_4294.mod,,4294,TRUE,1057,TRUE,Guadazaon
EFAS,12,4295,E.A 141 Villora,-1.57155,39.75082,1,,,Jucar,ES,125,70,Jucar,,0,TRUE,1,1,1,1,1,1,838.39,FALSE,3327500,1927500,6,ID_4295.mod,,4295,TRUE,1057,TRUE,San Martin
EFAS,12,4296,E.A 87 Marimota,-2.345035,39.818297,1,,,Jucar,ES,175,180,Jucar,,0,TRUE,1,1,1,1,1,1,833.08,FALSE,3262500,1942500,6,ID_4296.mod,,4296,TRUE,1057,TRUE,Belvis/Marimota
EFAS,12,4297,E.A 92 Camporrobles,-1.56213,39.670808,1,,,Jucar,ES,475,685,Jucar,,0,TRUE,1,1,1,1,1,1,691.28,FALSE,3332500,1922500,6,ID_4297.mod,,4297,TRUE,1057,TRUE,Mira
EFAS,12,4298,Pajaroncillo,-1.710945,39.940143,1,,,Jucar,ES,900,850,Jucar,,0,TRUE,1,1,1,1,1,1,944.73,FALSE,3322500,1952500,6,ID_4298.mod,,4298,TRUE,1057,TRUE,Cabriel
EFAS,12,4299,Carraixet,-0.472336,39.606823,1,,,Carraixet,ES,150,200,Carraixet,,0,TRUE,1,1,1,1,1,1,107.5,FALSE,3417500,1897500,6,ID_4299.mod,,4299,TRUE,1057,TRUE,Carraixet
EFAS,12,4300,E.A. 138 Balazote,-2.119018,38.902142,1,,,Jucar,ES,725,700,Jucar,,0,TRUE,1,1,1,1,1,1,742.26,FALSE,3267500,1842500,6,ID_4300.mod,,4300,TRUE,1057,TRUE,Don Juan/Bazalote
EFAS,12,4301,Montemayor,-2.224256,38.725161,1,,,Jucar,ES,100,75,Jucar,,0,TRUE,1,1,1,1,1,1,1038.41,FALSE,3257500,1822500,6,ID_4301.mod,,4301,TRUE,1057,TRUE,Miron
EFAS,12,4302,Gallinera,-0.188362,38.840193,1,,,Gallinera,ES,50,37,Gallinera,,0,TRUE,1,1,1,1,1,1,316.26,FALSE,3432500,1807500,6,ID_4302.mod,,4302,TRUE,1057,TRUE,Gallinera
EFAS,12,4303,Isbert,-0.0947,38.78543,1,,,Girona,ES,75,75,Girona,,0,TRUE,1,1,1,1,1,1,275.2,FALSE,3442500,1802500,6,ID_4303.mod,,4303,TRUE,1057,TRUE,Girona
EFAS,12,4304,Algar,-0.098902,38.65572,1,,,Algar,ES,75,55,Algar,,0,TRUE,1,1,1,1,1,1,137.67,FALSE,3442500,1787500,6,ID_4304.mod,,4304,TRUE,1057,TRUE,Algar
EFAS,12,4305,Azud de Mandem,-0.074473,38.625372,1,,,Algar,ES,225,135,Algar,,0,TRUE,1,1,1,1,1,1,55.47,FALSE,3442500,1782500,6,ID_4305.mod,,4305,TRUE,1057,TRUE,Guadalest
EFAS,12,4306,Alarcon,-2.11231,39.56452,1,,,Jucar,ES,2975,0.5,Jucar,,0,TRUE,1,1,1,1,1,1,798.52,FALSE,3277500,1912500,6,ID_4306.mod,,4306,TRUE,1057,TRUE,Jucar
EFAS,12,4307,Alcala Jucar,-1.425166,39.196532,1,,,Jucar,ES,10650,7400,Jucar,,0,TRUE,1,0,0,1,0,0,532.65,FALSE,3332500,1862500,,,,4307,FALSE,1057,TRUE,Jucar
EFAS,12,4308,Antella,-0.595603,39.080221,1,,,Jucar,ES,17350,30,Jucar,,0,TRUE,1,1,1,1,1,1,38.03,FALSE,3397500,1842500,6,ID_4308.mod,,4308,TRUE,1057,TRUE,Jucar
EFAS,12,4309,Cuenca,-2.14291,40.07307,1,,,Jucar,ES,1000,630,Jucar,,0,TRUE,1,1,1,1,1,1,930.02,FALSE,3287500,1972500,6,ID_4309.mod,,4309,TRUE,1057,TRUE,Jucar
EFAS,12,4310,Cullera,-0.307523,39.189921,1,,,Jucar,ES,21725,2270,Jucar,,0,TRUE,1,1,1,1,1,1,7.59,FALSE,3427500,1847500,6,ID_4310.mod,,4310,TRUE,1057,TRUE,Jucar
EFAS,12,4311,El Picazo,-2.103011,39.459938,1,,,Jucar,ES,3300,340,Jucar,,0,TRUE,1,1,1,1,1,1,740.47,FALSE,3277500,1902500,6,ID_4311.mod,,4311,TRUE,1057,TRUE,Tagus-Segura Water Transfer
EFAS,12,4312,Escalona,-0.633718,39.108688,1,,,Jucar,ES,17325,25,Jucar,,0,TRUE,1,1,1,1,1,1,52.24,FALSE,3397500,1847500,6,ID_4312.mod,,4312,TRUE,1057,TRUE,Jucar
EFAS,12,4313,Estubeny,-0.62225,39.019259,1,,,Jucar,ES,250,260,Jucar,,0,TRUE,1,1,1,1,1,1,100.37,FALSE,3397500,1832500,6,ID_4313.mod,,4313,TRUE,1057,TRUE,Sellent
EFAS,12,4314,Huerto Mulet,-0.409494,39.18819,1,,,Jucar,ES,21650,2230,Jucar,,0,TRUE,1,1,0,1,0,0,15.5,FALSE,3417500,1852500,6,ID_4314.mod,,4314,TRUE,1057,TRUE,Jucar
EFAS,12,4316,Los Frailes,-1.749511,39.137509,1,,,Jucar,ES,3800,850,Jucar,,0,TRUE,1,1,1,1,1,1,625.38,FALSE,3302500,1862500,6,ID_4316.mod,,4316,TRUE,1057,TRUE,Jucar
EFAS,12,4317,Molino Juan Romero,-1.84817,40.222,1,,,Jucar,ES,275,275,Jucar,,0,TRUE,1,1,1,1,1,1,1191.77,FALSE,3312500,1982500,6,ID_4317.mod,,4317,TRUE,1057,TRUE,Jucar
EFAS,12,4318,S.Lorenzo Parrilla,-2.28829,39.85223,1,,,Jucar,ES,1875,1520,Jucar,,0,TRUE,1,1,1,1,1,1,878.11,FALSE,3267500,1947500,6,ID_4318.mod,,4318,TRUE,1057,TRUE,Jucar
EFAS,12,4319,Sueca,-0.338276,39.200708,1,,,Jucar,ES,21700,2265,Jucar,,0,TRUE,1,1,1,1,1,1,10.89,FALSE,3427500,1852500,6,ID_4319.mod,,4319,TRUE,1057,TRUE,Jucar
EFAS,12,4320,Tiriez,-2.25369,38.89605,1,,,Jucar,ES,200,175,Jucar,,0,TRUE,1,1,1,1,1,1,839.24,FALSE,3257500,1842500,6,ID_4320.mod,,4320,TRUE,1057,TRUE,Lezuza
EFAS,12,4321,E.A. 93 Macastre,-0.825088,39.344044,1,,,Jucar,ES,1025,25,Jucar,,0,TRUE,1,1,1,1,1,1,325.1,FALSE,3387500,1872500,6,ID_4321.mod,,4321,TRUE,1057,TRUE,Magro
EFAS,12,4322,Guadassuar,-0.471044,39.200988,1,,,Jucar,ES,1475,550,Jucar,,0,TRUE,1,1,1,1,1,1,31.01,FALSE,3412500,1852500,6,ID_4322.mod,,4322,TRUE,1057,TRUE,Magro
EFAS,12,4323,Requena,-1.116468,39.477992,1,,,Jucar,ES,650,710,Jucar,,0,TRUE,1,1,1,1,1,1,653.97,FALSE,3362500,1892500,6,ID_4323.mod,,4323,TRUE,1057,TRUE,Magro
EFAS,12,4324,Arenos,-0.605378,40.115383,1,,,Mijares,ES,1450,325,Mijares,,0,TRUE,1,1,1,1,1,1,608.64,FALSE,3417500,1952500,6,ID_4324.mod,,4324,TRUE,1057,TRUE,Mijares
EFAS,12,4325,Colmenar,-0.23163,39.99893,1,,,Mijares,ES,2575,5,Mijares,,0,TRUE,1,1,1,1,1,1,132.34,FALSE,3447500,1937500,6,ID_4325.mod,,4325,TRUE,1057,TRUE,Mijares
EFAS,12,4326,L'alcora,-0.21735,40.09823,1,,,Mijares,ES,150,115,Mijares,,0,TRUE,1,1,0,1,0,1,300,FALSE,3447500,1947500,6,ID_4326.mod,,4326,TRUE,1057,TRUE,Alcora
EFAS,12,4327,Los Toranes,-0.74019,40.145307,1,,,Mijares,ES,1050,850,Mijares,,0,TRUE,1,1,0,1,1,0,901.22,FALSE,3402500,1957500,6,ID_4327.mod,,4327,TRUE,1057,TRUE,Mijares
EFAS,12,4328,Maria Cristina,-0.161908,40.028242,1,,,Mijares,ES,1450,825,Mijares,,0,TRUE,1,1,0,1,0,0,125.94,FALSE,3452500,1937500,6,ID_4328.mod,,4328,TRUE,1057,TRUE,Rambla De La Viuda
EFAS,12,4329,Santa Quiteria (E.A. 5),-0.104554,39.956514,1,,,Mijares,ES,4075,30,Mijares,,0,TRUE,1,0,0,1,1,1,55.4,FALSE,3457500,1932500,,,DO NOT USE  same lisflood location as 4330  Set to FALSE,4329,FALSE,1057,TRUE,Mijares
EFAS,12,4330,Santa Quiteria,-0.096024,39.9534,1,,,Mijares,ES,,31,Mijares,,1,FALSE,1,0,0,1,1,1,51.73,FALSE,,,,,DO NOT USE it cannot be located on the LDD,4330,FALSE,1057,FALSE,Mijares
EFAS,12,4331,Tibi,-0.55696,38.49932,1,,,Monegre,ES,275,55,Monegre,,0,TRUE,1,1,1,1,1,1,590.65,FALSE,3397500,1777500,24,ID_4331.mod,,4331,TRUE,1057,TRUE,Monegre
EFAS,12,4333,Regajo (JERICA),-0.545027,39.894274,1,,,Palancia,ES,475,325,Palancia,,0,TRUE,1,0,0,1,1,1,435.35,FALSE,3417500,1927500,,,,4333,FALSE,1057,TRUE,Palancia
EFAS,12,4334,Regajo,-0.514625,39.883417,1,,,Palancia,ES,525,3,Palancia,,0,TRUE,1,0,0,1,1,1,388.25,FALSE,3422500,1927500,,,,4334,FALSE,1057,TRUE,Palancia
EFAS,12,4335,Rambla Poyo,-0.584259,39.473242,1,,,Poyo/Chiva/Barranc de Torrent,ES,300,165,Poyo,,0,TRUE,1,1,1,1,1,1,111.08,FALSE,3407500,1882500,6,ID_4335.mod,,4335,TRUE,1057,TRUE,Poyo/Chiva/Barranc de Torrent
EFAS,12,4336,Font En Carros,-0.206737,38.90329,1,,,Serpis,ES,525,115,Serpis,,0,TRUE,1,1,1,1,1,1,69.91,FALSE,3432500,1817500,6,ID_4336.mod,,4336,TRUE,1057,TRUE,Serpis
EFAS,12,4337,Vernissa,-0.246416,38.935958,1,,,Serpis,ES,150,110,Serpis,,0,TRUE,1,1,1,1,1,1,79.83,FALSE,3432500,1822500,6,ID_4337.mod,,4337,TRUE,1057,TRUE,Vernissa
EFAS,12,4338,Benaguasil,-0.673774,39.608443,1,,,Turia,ES,5425,275,Turia,,0,TRUE,1,1,1,1,1,1,126.73,FALSE,3397500,1897500,6,ID_4338.mod,,4338,TRUE,1057,TRUE,Turia
EFAS,12,4339,Bugarra,-0.782532,39.605959,1,,,Turia,ES,5325,170,Turia,,0,TRUE,1,1,1,1,1,1,162.47,FALSE,3392500,1902500,6,ID_4339.mod,,4339,TRUE,1057,TRUE,Turia
EFAS,12,4340,Buseo,-0.9396,39.59611,1,,,Turia,ES,250,220,Turia,,0,TRUE,1,1,0,1,0,0,425,FALSE,3377500,1902500,6,ID_4340.mod,,4340,TRUE,1057,TRUE,Sot
EFAS,12,4341,Calles,-0.955034,39.718813,1,,,Turia,ES,425,430,Turia,,0,TRUE,1,1,1,1,1,1,348.11,FALSE,3377500,1917500,6,ID_4341.mod,,4341,TRUE,1057,TRUE,Tuejar
EFAS,12,4342,E.A 104 Los Santos,-1.288623,40.108028,1,,,Turia,ES,250,250,Turia,,0,TRUE,1,1,1,1,1,1,800.44,FALSE,3357500,1962500,6,ID_4342.mod,,4342,TRUE,1057,TRUE,Ebron
EFAS,12,4343,Gea de Albarracin,-1.29065,40.39405,1,,,Turia,ES,800,715,Turia,,0,TRUE,1,1,1,1,1,1,1068.78,FALSE,3362500,1992500,6,ID_4343.mod,,4343,TRUE,1057,TRUE,Guadalaviar/Turia
EFAS,12,4344,La Presa,-0.5056,39.52113,1,,,Turia,ES,6275,1020,Turia,,0,TRUE,1,1,1,1,1,1,58.92,FALSE,3417500,1887500,6,ID_4344.mod,,4344,TRUE,1057,TRUE,Turia
EFAS,12,4345,Ram. Castellana,-0.662261,39.62808,1,,,Turia,ES,425,400,Turia,,0,TRUE,1,1,1,1,1,1,161.27,FALSE,3402500,1902500,6,ID_4345.mod,,4345,TRUE,1057,TRUE,Castellana
EFAS,12,4346,Repartiment,-0.438733,39.484039,1,,,Turia,ES,6350,1075,Turia,,0,TRUE,1,1,1,1,1,1,31.14,FALSE,3422500,1877500,6,ID_4346.mod,,4346,TRUE,1057,TRUE,Turia
EFAS,12,4347,Teruel,-1.111433,40.342991,1,,,Turia,ES,2300,1450,Turia,,0,TRUE,1,1,1,1,1,1,878.08,FALSE,3377500,1987500,6,ID_4347.mod,,4347,TRUE,1057,TRUE,Turia
EFAS,12,4349,Tramacastilla,-1.57614,40.41699,1,,,Turia,ES,125,90,Turia,,0,TRUE,1,1,1,1,1,1,1435.67,FALSE,3337500,1997500,6,ID_4349.mod,,4349,TRUE,1057,TRUE,Guadalaviar/Turia
EFAS,12,4350,Vilamarxant,-0.620173,39.581499,1,,,Turia,ES,6100,850,Turia,,0,TRUE,1,1,1,1,0,1,102.48,FALSE,3407500,1897500,6,ID_4350.mod,,4350,TRUE,1057,TRUE,Turia
EFAS,12,4351,Villalba Alta,-0.976026,40.614354,1,,,Turia,ES,525,475,Turia,,0,TRUE,1,1,1,1,1,1,1141.12,FALSE,3392500,2012500,6,ID_4351.mod,,4351,TRUE,1057,TRUE,Alfambra
EFAS,12,4352,Zagra,-1.146098,39.840156,1,,,Turia,ES,3975,3200,Turia,,0,TRUE,1,1,1,1,1,1,803.54,FALSE,3367500,1932500,6,ID_4352.mod,,4352,TRUE,1057,TRUE,Turia
EFAS,12,4353,Elda,-0.79761,38.48176,1,,,Vinalopo,ES,1225,1050,Vinalopo,,0,TRUE,1,1,1,1,1,1,384.62,FALSE,3377500,1777500,,,,4353,FALSE,1057,TRUE,Vinalopo
EFAS,12,4354,Bigonville,5.801399,49.869821,1,,,Rhine,LU,300,308.4,Sauer,,0,TRUE,1,1,1,1,1,1,,FALSE,4017500,2982500,6,ID_4354.mod,,4354,TRUE,1071,TRUE,Sauer
EFAS,12,4355,Bissen,6.056414,49.784853,1,,,Rhine,LU,300,291.5,Alzette,,0,TRUE,1,1,1,1,1,1,,FALSE,4037500,2972500,6,ID_4355.mod,,4355,TRUE,1071,TRUE,Attert
EFAS,12,4356,Clervaux,6.027574,50.05452,1,,,Rhine,LU,150,147.2,Wiltz,,0,TRUE,1,1,1,1,1,1,,FALSE,4037500,3002500,6,ID_4356.mod,,4356,TRUE,1071,TRUE,Clerve
EFAS,12,4357,Dasbourg,6.126077,50.049832,1,,,Rhine,LU,450,450.4,Our,,0,TRUE,1,1,1,1,1,1,,FALSE,4042500,3002500,6,ID_4357.mod,,4357,TRUE,1071,TRUE,Our
EFAS,12,4358,Diekirch,6.161813,49.866622,1,,,Rhine,LU,2125,2149,Sauer,,0,TRUE,1,1,1,1,1,1,,FALSE,4047500,2977500,6,ID_4358.mod,,4358,TRUE,1071,TRUE,Sauer
EFAS,12,4359,Ettelbrück,6.098584,49.8448,1,,,Rhine,LU,1075,1091.9,Alzette,,0,TRUE,1,1,1,1,1,1,,FALSE,4042500,2972500,6,ID_4359.mod,,4359,TRUE,1071,TRUE,Alzette
EFAS,12,4360,Ettelbrück,6.09738,49.850643,1,,,Rhine,LU,75,81.5,Alzette,,0,TRUE,1,1,1,1,1,1,,FALSE,4037500,2982500,6,ID_4360.mod,,4360,TRUE,1071,TRUE,Wark
EFAS,12,4361,Heiderscheidergrund,5.950724,49.901196,1,,,Rhine,LU,450,429,Sauer,,0,TRUE,1,1,1,1,1,1,,FALSE,4032500,2982500,6,ID_4361.mod,,4361,TRUE,1071,TRUE,Sauer
EFAS,12,4362,Hesperange,6.14908,49.586287,1,,,Rhine,LU,300,292.3,Alzette,,0,TRUE,1,1,1,1,1,1,,FALSE,4042500,2947500,6,ID_4362.mod,,4362,TRUE,1071,TRUE,Alzette
EFAS,12,4363,Hunnebuer,6.079524,49.729184,1,,,Rhine,LU,175,164.2,Alzette,,0,TRUE,1,1,1,1,1,1,,FALSE,4037500,2962500,6,ID_4363.mod,,4363,TRUE,1071,TRUE,Eisch
EFAS,12,4364,Kautenbach,6.025045,49.946524,1,,,Rhine,LU,300,427.7,Sauer,,0,TRUE,1,1,1,1,1,1,,FALSE,4037500,2992500,6,ID_4364.mod,,4364,TRUE,1071,TRUE,Wiltz
EFAS,12,4365,Larochette,6.219358,49.791584,1,,,Rhine,LU,100,70.03,Sauer,,0,TRUE,1,1,1,1,1,1,,FALSE,4047500,2972500,6,ID_4365.mod,,4365,TRUE,1071,TRUE,Ernz Blanche
EFAS,12,4366,Livange,6.114957,49.526477,1,,,Rhine,LU,250,231.7,Alzette,,0,TRUE,1,1,1,1,1,1,,FALSE,4037500,2942500,6,ID_4366.mod,,4366,TRUE,1071,TRUE,Alzette
EFAS,12,4367,Mersch,6.115991,49.753068,1,,,Rhine,LU,750,707,Alzette,,0,TRUE,1,1,1,1,1,1,,FALSE,4042500,2967500,6,ID_4367.mod,,4367,TRUE,1071,TRUE,Alzette
EFAS,12,4368,Mertert,6.4738,49.701803,1,,,Rhine,LU,200,202,Moselle,,0,TRUE,1,1,1,1,1,1,,FALSE,4062500,2962500,6,ID_4368.mod,,4368,TRUE,1071,TRUE,Syre
EFAS,12,4385,Michelau,6.091178,49.895421,1,,,Rhine,LU,925,946.7,Sauer,,0,TRUE,1,1,1,1,1,1,,FALSE,4042500,2982500,6,ID_4385.mod,,4385,TRUE,1071,TRUE,Sauer
EFAS,12,4386,Pfaffenthal,6.132266,49.620647,1,,,Rhine,LU,450,360.5,Alzette,,0,TRUE,1,1,1,1,1,1,,FALSE,4042500,2952500,6,ID_4386.mod,,4386,TRUE,1071,TRUE,Alzette
EFAS,12,4387,Reichlange,5.925732,49.774226,1,,,Rhine,LU,225,162.7,Alzette,,0,TRUE,1,1,1,1,1,1,,FALSE,4027500,2972500,6,ID_4387.mod,,4387,TRUE,1071,TRUE,Attert
EFAS,12,4388,Rosport,6.509851,49.785883,1,,,Rhine,LU,4200,4231.8,Sauer,,0,TRUE,1,1,1,1,1,1,,FALSE,4067500,2967500,6,ID_4388.mod,,4388,TRUE,1071,TRUE,Sauer
EFAS,12,4389,Schoenfels,6.100795,49.723112,1,,,Rhine,LU,175,83.6,Alzette,,1,FALSE,1,1,1,1,1,1,,FALSE,4037500,2962500,,,DO NOT USE it cannot be located on LDD,4389,FALSE,1071,FALSE,Mamer
EFAS,12,4390,Steinsel,6.132543,49.678486,1,,,Rhine,LU,475,406.9,Alzette,,0,TRUE,1,0,0,1,1,1,,FALSE,4042500,2957500,,,,4390,FALSE,1071,TRUE,Alzette
EFAS,12,4391,Vianden,6.204738,49.939224,1,,,Rhine,LU,675,641.3,Our,,0,TRUE,1,1,1,1,1,1,,FALSE,4047500,2987500,6,ID_4391.mod,,4391,TRUE,1071,TRUE,Our
EFAS,12,4392,Wiltz,5.933411,49.96976,1,,,Rhine,LU,100,114.51,Sauer,,0,TRUE,1,1,1,1,1,1,,FALSE,4027500,2992500,6,ID_4392.mod,,4392,TRUE,1071,TRUE,Wiltz
EFAS,12,4393,ParanWesternBorder,34.72337,30.12299,0,,,Paran / Dead Sea,IL,2325,2464,Paran,,0,FALSE,1,0,0,0,0,0,,FALSE,6702500,1172500,,,,4393,FALSE,1052,FALSE,Paran
EFAS,12,4396,ParanAravaRd,35.15089,30.39846,0,,,Paran / Dead Sea,IL,3625,3626,Paran,,0,FALSE,1,0,0,0,0,0,,FALSE,6732500,1212500,,,,4396,FALSE,1052,FALSE,Paran
EFAS,12,4397,NeqarotUpper,35.04722,30.57618,0,,,Paran / Dead Sea,IL,700,710,Paran,,0,FALSE,1,0,0,0,0,0,,FALSE,6717500,1232500,,,,4397,FALSE,1052,FALSE,Nekarot
EFAS,12,4398,ZinMasos,34.98304,30.80229,0,,,Zin / Dead Sea,IL,725,674,Zin,,0,FALSE,1,0,0,0,0,0,,FALSE,6707500,1252500,,,,4398,FALSE,1052,FALSE,Zin
EFAS,12,4399,Hemar cliff,35.35429,31.13503,0,,,Hemar / Dead Sea,IL,350,358,Hemar,,0,FALSE,1,0,0,0,0,0,,FALSE,6727500,1297500,,,,4399,FALSE,1052,FALSE,Hemar
EFAS,12,4400,GrarReim,34.44296,31.39964,0,,,Besor,IL,625,698,Besor,,0,FALSE,0,0,0,0,0,0,,FALSE,6642500,1302500,,,,4400,FALSE,1052,FALSE,Gra
EFAS,12,4401,BeerShevaHazerim,34.74411,31.22882,0,,,Besor,IL,1300,1233,Besor,,0,FALSE,1,0,0,0,0,0,,FALSE,6672500,1292500,,,,4401,FALSE,1052,FALSE,BeerSheva
EFAS,12,4403,HaelaGanYavne,34.67993,31.78174,0,,,Lakhish,IL,1000,432,Lakhish,,0,FALSE,1,0,0,0,0,0,,FALSE,6652500,1347500,,,,4403,FALSE,1052,FALSE,Haela
EFAS,12,4404,SoreqYesodot,34.84679,31.80741,0,,,Sorek,IL,400,405,Sorek,,0,FALSE,1,0,0,0,0,0,,FALSE,6667500,1357500,,,,4404,FALSE,1052,FALSE,Sorek
EFAS,12,4405,AyalonAirport,34.86357,31.99994,0,,,Yarkon,IL,650,398,Yarkon,,0,FALSE,1,0,0,0,0,0,,FALSE,6662500,1377500,,,,4405,FALSE,1052,FALSE,Ayalon
EFAS,12,4406,SenirDanRoad,35.61692,33.22426,0,,,Jordan / Dead Sea,IL,575,613,Jordan,,0,FALSE,1,0,0,0,0,0,,FALSE,6692500,1532500,,,,4406,FALSE,1052,FALSE,Senir
EFAS,12,4407,Fiora a Pitigliano,11.598889,42.593611,0,,-,Fiora,it,375,,Fiora,,0,FALSE,0,0,1,0,0,1,,FALSE,4452500,2167500,,,,4407,FALSE,1072,FALSE,Fiora
EFAS,12,4408,Liri a Civitella Roveto,13.425833,41.915,0,,-,Garigliano,it,100,,Liri-Garigliano,,0,FALSE,0,0,1,0,0,0,,FALSE,4607500,2097500,,,,4408,FALSE,1072,FALSE,Liri
EFAS,12,4409,Tevere a Ponte del Grillo (discharge),12.257692,41.75141,1,,-,Tiber,it,17775,,Tiber,,0,TRUE,1,0,0,1,0,0,,FALSE,4512500,2077500,,,,4409,FALSE,1072,TRUE,Tiber
EFAS,12,4410,Velino ad Antrodoco (discharge),13.085128,42.423205,0,,-,Tiber,it,175,,Tiber,,0,FALSE,0,0,0,0,0,0,,FALSE,4577500,2157500,,,,4410,FALSE,1072,FALSE,Velino
EFAS,12,4411,Sora (discharge),12.432436,42.295256,1,,-,Tiber,it,25,1166,Tiber,,0,TRUE,1,0,0,1,0,0,,FALSE,4527500,2132500,,,,4411,FALSE,1072,TRUE,Vicano
EFAS,12,4412,Rapido a Cassino (discharge),12.430128,42.459615,0,,-,Tiber,it,5100,,Tiber,,0,FALSE,0,0,0,0,0,0,,FALSE,4522500,2157500,,,,4412,FALSE,1072,FALSE,Rapido
EFAS,12,4413,Tevere a Stimigliano (discharge),12.561538,42.287821,1,,-,Tiber,it,,,Tiber,,1,FALSE,1,0,0,1,0,0,,FALSE,,,,,CANNOT BE MAPPED  should be swapped with 4111,4413,FALSE,1072,FALSE,Tiber
EFAS,12,4415,Bad Hersfeld 1,9.719944,50.863879,1,,-,Weser,DE,2200,2120.2,Weser,,0,TRUE,1,1,1,1,1,1,,FALSE,4302500,3082500,6,ID_4415.mod,mapped on 5km grid,4415,TRUE,1009,TRUE,Fulda
EFAS,12,4416,Helmarshausen,9.465585,51.631262,1,,-,Weser,DE,1850,1757.12,Weser,,0,TRUE,1,1,1,1,1,1,,FALSE,4282500,3167500,6,ID_4416.mod,mapped on 5km grid,4416,TRUE,1009,TRUE,Diemel
EFAS,12,4417,Friedrichsthal,7.445678,50.502094,1,,-,Mittelrhein,DE,625,680.45,Rhine,,0,TRUE,1,1,0,1,1,1,85.228,FALSE,4142500,3047500,6,ID_4417.mod,mapped on 5km grid after confluence,4417,TRUE,1010,TRUE,Wied
EFAS,12,4418,Altenahr,6.988631,50.516674,1,,-,Mittelrhein,DE,750,746,Rhine,,0,TRUE,1,1,0,1,1,1,160.522,FALSE,4112500,3047500,6,ID_4418.mod,mapped on 5km grid after confluence,4418,TRUE,1010,TRUE,Ahr
EFAS,12,4419,Kordel,6.643139,49.834956,1,,-,Mosel,DE,900,817,Rhine,,0,TRUE,1,1,0,1,1,1,132.85,FALSE,4077500,2972500,6,ID_4419.mod,mapped on 5km grid,4419,TRUE,1010,TRUE,Kyll
EFAS,12,4420,Jablonica,17.41947,48.61378,1,,-,Danube,SK,325,238.45,Danube,,0,TRUE,1,0,0,1,1,1,203.57,FALSE,4867500,2862500,,,mapped on 5km grid,4420,FALSE,1018,TRUE,Myjava
EFAS,12,4421,Šaštín-Stráže,17.15619,48.64055,1,,-,Danube,SK,675,644.89,Danube,,0,TRUE,1,0,0,1,1,1,164.25,FALSE,4847500,2862500,,,mapped on 5km grid,4421,FALSE,1018,TRUE,Myjava
EFAS,12,4422,Záhorská Ves,16.84625,48.38219,1,,-,Danube,SK,25900,25521.3,Danube,,0,TRUE,1,0,0,1,1,1,139.86,FALSE,4827500,2827500,,,mapped on 5km grid,4422,FALSE,1018,TRUE,Morava
EFAS,12,4423,Podsuchá,19.28494,48.99177,1,,-,Danube,SK,250,217.95,Danube,,0,TRUE,1,0,0,1,1,1,558.31,FALSE,4997500,2917500,,,mapped on 5km grid,4423,FALSE,1018,TRUE,Revúca
EFAS,12,4424,Lokca,19.41332,49.37176,1,,-,Danube,SK,450,359.96,Danube,,0,TRUE,1,0,0,1,1,1,619.14,FALSE,5002500,2962500,,,mapped on 5km grid,4424,FALSE,1018,TRUE,Biela Orava
EFAS,12,4425,Martin,18.91191,49.06858,1,,-,Danube,SK,875,827,Danube,,1,FALSE,1,0,0,1,1,1,389.88,FALSE,4972500,2922500,,,not mapped - station 2095 on most suitable pixel,4425,FALSE,1018,FALSE,Turiec
EFAS,12,4426,Kysucké Nové Mesto,18.78494,49.29682,1,,-,Danube,SK,1050,955.09,Danube,,1,FALSE,1,0,0,1,1,1,346.1,FALSE,4957500,2947500,,,not mapped - station 2026 on most suitable pixel,4426,FALSE,1018,FALSE,Kysuca
EFAS,12,4427,Žilina-Závodie,18.71812,49.2259,1,,-,Danube,SK,325,355.2,Danube,,0,TRUE,1,0,0,1,1,1,328.26,FALSE,4952500,2937500,,,mapped on 5km grid before confluence,4427,FALSE,1018,TRUE,Rajčanka
EFAS,12,4428,Horné Srnie,18.10527,48.99178,1,,-,Danube,SK,350,341.79,Danube,,0,TRUE,1,0,0,1,1,1,238,FALSE,4912500,2907500,,,mapped on 5km grid,4428,FALSE,1018,TRUE,Vlára
EFAS,12,4429,Prievidza,18.61785,48.76981,1,,-,Danube,SK,300,132.68,Danube,,0,TRUE,1,0,0,1,1,1,263.5,FALSE,4952500,2887500,,,mapped on 5km grid,4429,FALSE,1018,TRUE,Nitra
EFAS,12,4430,Chalmová,18.48423,48.66286,1,,-,Danube,SK,600,601.11,Danube,,0,TRUE,1,0,0,1,1,1,210.71,FALSE,4947500,2877500,,,mapped on 5km grid,4430,FALSE,1018,TRUE,Nitra
EFAS,12,4431,Veľké Bielice,18.35645,48.62813,1,,-,Danube,SK,300,314.12,Danube,,0,TRUE,1,0,0,1,1,1,184.79,FALSE,4937500,2872500,,,mapped on 5km grid,4431,FALSE,1018,TRUE,Nitrica
EFAS,12,4432,Biskupice,18.23824,48.70602,1,,-,Danube,SK,400,312.6,Danube,,0,TRUE,1,0,0,1,1,1,190.34,FALSE,4927500,2877500,,,mapped on 5km grid,4432,FALSE,1018,TRUE,Bebrava
EFAS,12,4433,Nadlice,18.25275,48.61531,1,,-,Danube,SK,600,598.81,Danube,,0,TRUE,1,0,0,1,1,1,171.09,FALSE,4927500,2867500,,,mapped on 5km grid,4433,FALSE,1018,TRUE,Bebrava
EFAS,12,4435,Vieska nad Žitavou,18.35458,48.3159,1,,-,Danube,SK,300,295.46,Danube,,0,TRUE,1,0,0,1,1,1,154.27,FALSE,4937500,2837500,,,mapped on 5km grid,4435,FALSE,1018,TRUE,Žitava
EFAS,12,4436,Štúrovo,18.72558,47.79681,1,,-,Danube,SK,177775,173013.83,Danube,,0,TRUE,1,0,0,1,1,1,100.93,FALSE,4972500,2782500,,,mapped on 5km grid,4436,FALSE,1018,TRUE,Danube
EFAS,12,4437,Brezno,19.64604,48.80583,1,,-,Danube,SK,575,582.08,Danube,,0,TRUE,1,0,0,1,1,1,490.91,FALSE,5027500,2902500,,,mapped on 5km grid,4437,FALSE,1018,TRUE,Hron
EFAS,12,4438,Hronec,19.58418,48.79408,1,,-,Danube,SK,275,239.41,Danube,,0,TRUE,1,0,0,1,1,1,480.48,FALSE,5022500,2897500,,,mapped on 5km grid,4438,FALSE,1018,TRUE,Čierny Hron
EFAS,12,4439,Kamenín,18.65983,47.88162,1,,-,Danube,SK,5125,5149.8,Danube,,0,TRUE,1,0,0,1,1,1,108.3,FALSE,4967500,2792500,,,mapped on 5km before confluence,4439,FALSE,1018,TRUE,Hron
EFAS,12,4440,Holiša,19.74105,48.29752,1,,-,Danube,SK,725,685.67,Danube,,1,FALSE,1,0,0,1,1,1,172.4,FALSE,5042500,2847500,,,not mapped - station 2094 on most suitable pixel,4440,FALSE,1018,FALSE,Ipeľ
EFAS,12,4441,Salka,18.76221,47.88591,1,,-,Danube,SK,5075,5077.69,Danube,,0,TRUE,1,0,0,1,1,1,103.77,FALSE,4972500,2792500,,,mapped on 5km grid,4441,FALSE,1018,TRUE,Ipeľ
EFAS,12,4442,Plešivec,20.39878,48.55849,1,,-,Danube,SK,225,224.17,Danube,,0,TRUE,1,0,0,1,1,1,214.15,FALSE,5082500,2887500,,,mapped on 5km grid before confluence,4442,FALSE,1018,TRUE,Štítnik
EFAS,12,4443,Bretka,20.34132,48.49011,1,,-,Danube,SK,1275,386.01,Danube,,0,TRUE,1,0,0,1,1,1,189,FALSE,5082500,2872500,,,mapped on 5km grid,4443,FALSE,1018,TRUE,Muráň
EFAS,12,4444,Behynce,20.29023,48.42463,1,,-,Danube,SK,275,304.66,Danube,,0,TRUE,1,0,0,1,1,1,173.19,FALSE,5077500,2867500,,,mapped on 5km grid before confluence,4444,FALSE,1018,TRUE,Turiec
EFAS,12,4445,Hnúšťa-Likier,19.96116,48.56047,1,,-,Danube,SK,300,275.64,Danube,,0,TRUE,1,0,0,1,1,1,279.58,FALSE,5052500,2877500,,,mapped on 5km grid,4445,FALSE,1018,TRUE,Rimava
EFAS,12,4446,Rimavská Sobota-Sobôtka,19.99152,48.39587,1,,-,Danube,SK,575,562.03,Danube,,0,TRUE,1,0,0,1,1,1,207.5,FALSE,5057500,2857500,,,mapped on 5km grid,4446,FALSE,1018,TRUE,Rimava
EFAS,12,4447,Jaklovce,20.97963,48.87358,1,,-,Danube,SK,725,606.32,Danube,,0,TRUE,1,0,0,1,1,1,327.17,FALSE,5122500,2922500,,,mapped on 5km grid,4447,FALSE,1018,TRUE,Hnilec
EFAS,12,4448,Turňa nad Bodvou,20.89307,48.59338,1,,-,Danube,SK,675,662.8,Danube,,1,FALSE,1,0,0,1,1,1,171.49,FALSE,5122500,2892500,,,not mapped - station 2096 on most suitable pixel,4448,FALSE,1018,FALSE,Bodva
EFAS,12,4449,Stropkov,21.64295,49.20805,1,,-,Danube,SK,625,578.4,Danube,,0,TRUE,1,0,0,1,1,1,183.14,FALSE,5167500,2967500,,,mapped on 5km grid,4449,FALSE,1018,TRUE,Ondava
EFAS,12,4450,Żywiec,19.193388,49.686357,1,,-,Vistula,PL,1000,782.83,Vistula,,0,TRUE,1,0,0,1,1,1,341.955,FALSE,4982500,2997500,,,mapped on 5km grid after confluence,4450,FALSE,1024,TRUE,Soła
EFAS,12,4451,Stróża,19.924636,49.796967,1,,-,Vistula,PL,650,644.2,Vistula,,0,TRUE,1,0,0,1,1,1,296.975,FALSE,5032500,3012500,,,mapped on 5km grid,4451,FALSE,1024,TRUE,Raba
EFAS,12,4452,Nowy Targ-Kowaniec,20.053681,49.486997,1,,-,Vistula,PL,525,686.86,Vistula,,0,TRUE,1,0,0,1,1,1,573.515,FALSE,5047500,2977500,,,mapped on 5km grid,4452,FALSE,1024,TRUE,Dunajec
EFAS,12,4453,Zatwarnica,22.563156,49.23498,1,,-,Vistula,PL,575,494.24,Vistula,,0,TRUE,1,0,0,1,1,1,485.555,FALSE,5232500,2982500,,,mapped on 5km grid,4453,FALSE,1024,TRUE,San
EFAS,12,4454,Terka,22.429119,49.299816,1,,-,Vistula,PL,350,309.14,Vistula,,0,TRUE,1,0,0,1,1,1,434.175,FALSE,5217500,2982500,,,mapped on 5km grid,4454,FALSE,1024,TRUE,San
EFAS,12,4455,Wólka Mlądzka,21.33031,52.139174,1,,-,Vistula,PL,925,860.13,Vistula,,0,TRUE,1,0,0,1,1,1,96.55,FALSE,5092500,3287500,,,mapped on 5km grid,4455,FALSE,1024,TRUE,Świder
EFAS,12,4456,Brańsk,22.81859,52.743899,1,,-,Vistula,PL,1200,1210.01,Vistula,,0,TRUE,1,0,0,1,1,1,122.155,FALSE,5182500,3367500,,,mapped on 5km grid,4456,FALSE,1024,TRUE,Nurzec
EFAS,12,4457,Trzciniec,20.171984,52.930563,1,,-,Vistula,PL,1975,1954.93,Vistula,,0,TRUE,1,0,0,1,1,1,105.19,FALSE,5002500,3362500,,,mapped on 5km grid,4457,FALSE,1024,TRUE,Wkra
EFAS,12,4458,Smolajny,20.396949,54.025838,1,,-,Pregola,PL,2350,2302.3,Pregola,,0,TRUE,1,0,0,1,1,1,67.84,FALSE,5002500,3487500,,,mapped on 5km grid after confluence,4458,FALSE,1024,TRUE,Łyna
EFAS,12,4459,Piwonice,18.107224,51.72667,1,,-,Prosna,PL,2775,2909.8,Prosna,,0,TRUE,1,0,0,1,1,1,101.86,FALSE,4882500,3207500,,,mapped on 5km grid,4459,FALSE,1024,TRUE,Prosna
EFAS,12,4460,Wyrzysk,17.270817,53.150847,1,,-,Oder,PL,600,623.7,Oder,,0,TRUE,1,0,0,1,1,1,60.72,FALSE,4807500,3362500,,,mapped on 5km grid,4460,FALSE,1024,TRUE,Łobżonka
EFAS,12,4461,Embassament Darnius-Boadella,2.833235,42.339837,0,,-,Muga,ES,225,181.2,Muga,,0,FALSE,1,0,0,0,0,0,155,FALSE,3732500,2162500,,,,4461,FALSE,1037,FALSE,Muga
EFAS,12,4462,Boadella d'Empordà,2.859699,42.333991,1,,-,Muga,ES,250,190.87,Muga,,0,TRUE,1,0,0,1,0,0,85,FALSE,3737500,2162500,,,,4462,FALSE,1037,TRUE,Muga
EFAS,12,4463,Castelló d'Empúries,3.071995,42.253632,1,,-,Muga,ES,850,755.57,Muga,,0,TRUE,1,0,0,1,0,0,4,FALSE,3747500,2152500,,,,4463,FALSE,1037,TRUE,Muga
EFAS,12,4464,Esponellà,2.79866,42.176836,1,,-,Fluvià,ES,750,803.86,Fluvià,,0,TRUE,1,0,0,1,0,0,92,FALSE,3722500,2147500,,,,4464,FALSE,1037,TRUE,Fluvià
EFAS,12,4465,Sant Joan de les Abadesses,2.243299,42.220916,1,,-,Ter,ES,375,301.02,Ter,,0,TRUE,1,0,0,1,0,0,722,FALSE,3677500,2157500,,,,4465,FALSE,1037,TRUE,Ter
EFAS,12,4466,Ripoll Santa Maria,2.194276,42.171445,1,,-,Ter,ES,800,736.91,Ter,,0,TRUE,1,0,0,1,0,0,651,FALSE,3677500,2152500,,,,4466,FALSE,1037,TRUE,Ter
EFAS,12,4468,Cellera de Ter,2.603241,41.984692,1,,-,Ter,ES,2125,1799.32,Ter,,0,TRUE,1,0,0,1,0,0,163,FALSE,3707500,2127500,,,,4468,FALSE,1037,TRUE,Ter
EFAS,12,4469,Girona Pont de la Barca - Ter,2.819171,41.989468,1,,-,Ter,ES,2350,2257,Ter,,0,TRUE,1,0,0,1,0,0,63,FALSE,3722500,2127500,,,,4469,FALSE,1037,TRUE,Ter
EFAS,12,4470,Girona - Onyar,2.82456,41.974318,1,,-,Ter,ES,300,321.79,Ter,,0,TRUE,1,0,0,1,0,0,65,FALSE,3727500,2122500,,,,4470,FALSE,1037,TRUE,Onyar
EFAS,12,4471,Torroella de Montgrí,3.125373,42.03442,1,,-,Ter,ES,3100,2948.48,Ter,,0,TRUE,1,0,0,1,0,0,5,FALSE,3747500,2132500,,,,4471,FALSE,1037,TRUE,Ter
EFAS,12,4472,Fogars - Can Simó,2.693903,41.738224,1,,-,Tordera,ES,750,776.56,Tordera,,0,TRUE,1,0,0,1,0,0,36,FALSE,3712500,2102500,,,,4472,FALSE,1037,TRUE,Tordera
EFAS,12,4473,Santa Coloma de Gramenet,2.200634,41.449872,1,,-,Besòs,ES,1000,1018.25,Besòs,,0,TRUE,1,0,0,1,0,0,14,FALSE,3667500,2072500,,,,4473,FALSE,1037,TRUE,Besòs
EFAS,12,4477,Embassament Sant Ponç,1.605693,41.962202,0,,-,Llobregat,ES,,304.99,Llobregat,,1,FALSE,1,0,0,0,0,0,525,FALSE,,,,,CANNOT BE MAPPED  should be at the outlet of reservoir but before the confluence,4477,FALSE,1037,FALSE,Cardener
EFAS,12,4482,Castellet i La Gornal,1.633906,41.264891,1,,-,Foix,ES,325,278.9,Foix,,0,TRUE,1,0,0,1,0,0,101,FALSE,3617500,2057500,,,,4482,FALSE,1037,TRUE,Foix
EFAS,12,4483,Tarragona,1.236376,41.148069,1,,-,Francolí,ES,825,821.98,Francolí,,0,TRUE,1,0,0,1,0,0,25,FALSE,3582500,2047500,,,,4483,FALSE,1037,TRUE,Francolí
EFAS,12,4484,Backa Palanka,19.381515,45.234297,1,,-,Danube,RS,255800,253737,Danube,,0,TRUE,1,0,0,1,1,1,73.97,FALSE,5057500,2502500,,,mapped on 5km grid,4484,FALSE,1020,TRUE,Danube
EFAS,12,4485,Bratinac,21.245116,44.647495,1,,-,Danube,RS,1775,1749,Danube,,0,TRUE,1,0,0,0,0,1,73.88,FALSE,5207500,2457500,,,mapped on 5km grid,4485,FALSE,1020,TRUE,Mlava
EFAS,12,4486,Vratarnica,22.30597,43.784554,1,,-,Danube,RS,1775,,Danube,,0,TRUE,1,0,0,1,1,1,,FALSE,5307500,2377500,,,mapped on 5km grid,4486,FALSE,1020,TRUE,Veliki Timok
EFAS,12,4487,Brodarevo,19.719757,43.233109,1,,-,Danube,RS,2750,2762,Danube,,1,FALSE,1,0,0,1,1,1,489.24,FALSE,5112500,2287500,,,not mapped - station 3021 on most suitable pixel,4487,FALSE,1020,FALSE,Lim
EFAS,12,4488,Cacak,20.353532,43.897566,1,,-,Danube,RS,3625,3450,Danube,,0,TRUE,1,0,0,1,1,1,234.04,FALSE,5152500,2367500,,,mapped on 5km grid,4488,FALSE,1020,TRUE,Zapadna Morava
EFAS,12,4489,Trstenik,20.997701,43.622594,1,,-,Danube,RS,13925,13902,Danube,,0,TRUE,1,0,0,1,1,1,160.63,FALSE,5207500,2342500,,,mapped on 5km grid,4489,FALSE,1020,TRUE,Zapadna Morava
EFAS,12,4490,Raska,20.61757,43.28395,1,,-,Danube,RS,925,1036,Danube,,0,TRUE,1,0,0,1,1,1,396.44,FALSE,5177500,2297500,,,mapped on 5km grid before confluece,4490,FALSE,1020,TRUE,Raska
EFAS,12,4491,Kraljevo,20.681203,43.723871,0,,-,Danube,RS,7900,7925,Danube,,0,FALSE,1,0,0,0,0,1,192.76,FALSE,5177500,2352500,,,mapped on 5km grid,4491,FALSE,1020,FALSE,Ibar
EFAS,12,4492,Mataruska Banja,20.609852,43.691778,1,,-,Danube,RS,7875,7862,Danube,,0,TRUE,1,0,0,1,1,1,206.32,FALSE,5177500,2347500,,,mapped on 5km grid,4492,FALSE,1020,TRUE,Ibar
EFAS,12,4493,Moyles Mill,-6.595151,54.011422,1,,-,Newry Fane Glyde & Dee,IE,250,210.59,Newry Fane Glyde & Dee,,0,TRUE,1,0,0,1,1,1,53.555,FALSE,3242500,3557500,,,mapped on 5km grid,4493,FALSE,1029,TRUE,Fane
EFAS,12,4494,Charleville,-6.413048,53.85567,1,,-,Newry Fane Glyde & Dee,IE,325,309.1472,Newry Fane Glyde & Dee,,0,TRUE,1,0,0,1,1,1,9.98,FALSE,3247500,3537500,,,mapped on 5km grid before confluence,4494,FALSE,1029,TRUE,Dee
EFAS,12,4495,Tallanstown,-6.548638,53.920928,1,,-,Newry Fane Glyde & Dee,IE,275,270.3764,Newry Fane Glyde & Dee,,0,TRUE,1,0,0,1,1,1,13.905,FALSE,3242500,3547500,,,mapped on 5km grid,4495,FALSE,1029,TRUE,Glyde
EFAS,12,4496,Trim,-6.790946,53.556197,1,,-,Boyne,IE,1350,1332.1663,Boyne,,1,FALSE,1,0,0,1,1,1,50.118,FALSE,3217500,3512500,,,not mapped - station 2266 on most suitable pixel,4496,FALSE,1029,FALSE,Boyne
EFAS,12,4497,Leixlip,-6.489504,53.368431,1,,-,Liffey,IE,1000,209.6312,Liffey,,0,TRUE,1,0,0,1,1,1,27.281,FALSE,3232500,3487500,,,mapped on 5km grid,4497,FALSE,1029,TRUE,Ryewater
EFAS,12,4498,Pass Br.,-7.069723,53.145665,1,,-,Barrow,IE,1225,1063.5924,Barrow,,0,TRUE,1,0,0,1,1,1,56.28,FALSE,3187500,3467500,,,mapped on 5km grid downsteam - station 2142 in similar location,4498,FALSE,1029,TRUE,Barrow
EFAS,12,4499,Beakstown,-7.864055,52.648521,1,,-,Suir,IE,450,485.6948,Suir,,0,TRUE,1,0,0,1,1,1,85.9,FALSE,3127500,3432500,,,mapped on 5km grid,4499,FALSE,1029,TRUE,Suir
EFAS,12,4500,Mallow Railway Br.,-8.656076,52.130744,1,,-,Blackwater [Munster],IE,1325,1175.64,Munster,,0,TRUE,1,0,0,1,1,1,42.585,FALSE,3067500,3387500,,,mapped on 5km grid after confluence - overlap - suggest move stn 1441 one pixel to east,4500,FALSE,1029,TRUE,Blackwater
EFAS,12,4501,Castletownroche weir,-8.459582,52.173324,1,,-,Blackwater [Munster],IE,325,345.38,Munster,,0,TRUE,1,0,0,1,1,1,37.275,FALSE,3072500,3392500,,,mapped on 5km grid before confluence,4501,FALSE,1029,TRUE,Awbeg
EFAS,12,4502,Keale Br.,-9.028398,52.089238,1,,-,Blackwater [Munster],IE,350,311.8,Munster,,0,TRUE,1,0,0,1,1,1,85.322,FALSE,3032500,3387500,,,mapped on 5km grid,4502,FALSE,1029,TRUE,Blackwater [Munster]
EFAS,12,4503,Curranure,-8.682034,51.764806,1,,-,Bandon Ilen,IE,475,423.7396,Bandon Ilen,,0,TRUE,1,0,0,1,1,1,4.238,FALSE,3047500,3347500,,,mapped on 5km grid - potential duplicate of 2256,4503,FALSE,1029,TRUE,Bandon
EFAS,12,4504,Laune Br.,-9.616569,52.061164,1,,-,Laune-Maine,IE,550,559.6552,Laune-Maine,,0,TRUE,1,0,0,1,1,1,16.1,FALSE,2997500,3397500,,,mapped on 5km grid,4504,FALSE,1029,TRUE,Laune
EFAS,12,4505,Listowel,-9.475147,52.442316,1,,-,Feale,IE,875,646.8476,Feale,,1,FALSE,1,0,0,1,1,1,13.965,FALSE,3012500,3437500,,,not mapped - station 2255 on most suitable pixel,4505,FALSE,1029,FALSE,Feale
EFAS,12,4506,Rathkeale,-8.942935,52.52063,1,,-,Shannon Estuary South,IE,475,438.788,Deel,,0,TRUE,1,0,0,1,1,1,28.762,FALSE,3052500,3437500,,,mapped on 5km grid downstream - station 2246 in upsteam pixel - potential duplicate?,4506,FALSE,1029,TRUE,Deel
EFAS,12,4507,Clarianna,-8.207001,52.891337,1,,-,Lower Shannon,IE,350,292.668,Shannon,,0,TRUE,1,0,0,1,1,1,41.859,FALSE,3107500,3462500,,,mapped on 5km grid,4507,FALSE,1029,TRUE,Nenagh
EFAS,12,4508,Scarriff,-8.532458,52.908082,1,,-,Lower Shannon,IE,275,280.0208,Shannon,,0,TRUE,1,0,0,1,1,1,31.155,FALSE,3087500,3467500,,,mapped on 5km grid,4508,FALSE,1029,TRUE,Graney
EFAS,12,4509,Johnston's Br.,-7.861984,53.8276,1,,-,Upper Shannon,IE,200,280.314,Shannon,,0,TRUE,1,0,0,1,1,1,41.67,FALSE,3157500,3557500,,,mapped on 5km grid,4509,FALSE,1029,TRUE,Rinn
EFAS,12,4510,Boyle Abbey Br.,-8.295966,53.972687,1,,-,Upper Shannon,IE,425,527.3198,Shannon,,0,TRUE,1,0,0,1,1,1,48.735,FALSE,3132500,3582500,,,mapped on 5km grid,4510,FALSE,1029,TRUE,Boyle
EFAS,12,4511,Ballycorey,-8.974044,52.869756,1,,-,Shannon Estuary North,IE,25,511.4,Shannon,,1,FALSE,1,0,0,1,1,1,4.36,FALSE,3062500,3472500,,,not mapped - station 2254 on most suitable pixel,4511,FALSE,1029,FALSE,Fergus
EFAS,12,4512,Foxhill,-9.153646,53.657983,1,,-,Corrib,IE,275,237.8212,Corrib,,0,TRUE,1,0,0,1,1,1,25.831,FALSE,3072500,3562500,,,mapped on 5km grid,4512,FALSE,1029,TRUE,Robe
EFAS,12,4513,Ballygaddy,-8.873748,53.530622,1,,-,Corrib,IE,550,469.896,Corrib,,0,TRUE,1,0,0,1,1,1,29.76,FALSE,3082500,3542500,,,mapped on 5km grid,4513,FALSE,1029,TRUE,Clare
EFAS,12,4514,Cloonacannana,-8.930146,53.967349,1,,-,Moy,IE,525,484.34,Moy,,0,TRUE,1,0,0,1,1,1,36.272,FALSE,3092500,3592500,,,mapped on 5km grid after confluence,4514,FALSE,1029,TRUE,Moy
EFAS,12,4515,Ballysadare,-8.508614,54.209074,1,,-,Drowse,IE,725,639.656,Drowse,,0,TRUE,1,0,0,1,1,1,19.984,FALSE,3127500,3612500,,,mapped on 5km grid,4515,FALSE,1029,TRUE,Ballysadare
EFAS,12,4516,Dromahair,-8.298779,54.226938,1,,-,Drowse,IE,300,293.2333,Drowse,,0,TRUE,1,0,0,1,1,1,18.368,FALSE,3142500,3612500,,,mapped on 5km grid after confluence,4516,FALSE,1029,TRUE,Bonet
EFAS,12,4517,Lareen,-8.239297,54.452208,1,,-,Drowse,IE,275,247.2049,Drowse,,0,TRUE,1,0,0,1,1,1,25.614,FALSE,3147500,3632500,,,mapped on 5km grid after confluence,4517,FALSE,1029,TRUE,L.Melvin
EFAS,12,4518,Aghawoney,-7.719907,55.043765,1,,-,Lough Swilly,IE,275,206.826,Lough Swilly,,0,TRUE,1,0,0,1,1,1,18.18,FALSE,3202500,3687500,,,mapped on 5km grid,4518,FALSE,1029,TRUE,Fern O/L
EFAS,12,4519,Turkovici,15.183333,45.274778,1,,-,Gornja Dobra,HR,325,298,Danube,,0,TRUE,1,1,1,1,1,1,323.718,FALSE,4727500,2477500,6,ID_4519.mod,mapped on 5km grid,4519,TRUE,1031,TRUE,Danube
EFAS,12,4520,Mrzlo Polje,15.495139,45.460806,1,,-,Donja Mrežnica,HR,950,890,Danube,,0,TRUE,1,1,1,1,1,1,113.967,FALSE,4752500,2497500,6,ID_4520.mod,mapped on 5km grid,4520,TRUE,1031,TRUE,Danube
EFAS,12,4521,Slunj uzvodni,15.589194,45.12125,1,,-,Korana,HR,1075,944,Danube,,0,TRUE,1,1,1,1,1,1,212.167,FALSE,4762500,2462500,6,ID_4521.mod,mapped on 5km grid,4521,TRUE,1031,TRUE,Danube
EFAS,12,4522,Velemeric,15.611056,45.410722,1,,-,Korana,HR,1550,1486,Danube,,0,TRUE,1,1,1,1,1,1,112.953,FALSE,4762500,2492500,6,ID_4522.mod,mapped on 5km grid,4522,TRUE,1031,TRUE,Danube
EFAS,12,4523,Glina,16.083222,45.336278,0,,-,Glina,HR,1050,1145,Danube,,0,TRUE,1,1,1,1,1,1,106.628,FALSE,4797500,2487500,6,ID_4523.mod,mapped on 5km grid,4523,FALSE,1031,FALSE,Danube
EFAS,12,4524,Zelenjak,15.720025,46.054703,1,,-,Sutla,HR,550,455,Danube,,0,TRUE,1,1,1,1,1,1,162.46,FALSE,4762500,2567500,6,ID_4524.mod,mapped on 5km grid,4524,TRUE,1031,TRUE,Danube
EFAS,12,4525,Kupljenovo,15.817633,45.934608,1,,-,Krapina,HR,1125,1150,Danube,,0,TRUE,1,1,1,1,1,1,128.877,FALSE,4772500,2557500,6,ID_4525.mod,mapped on 5km grid before confluence,4525,TRUE,1031,TRUE,Danube
EFAS,12,4526,Cazma,16.597586,45.749089,1,,-,Cesma,HR,2350,2406,Danube,,0,TRUE,1,1,1,1,1,1,97.112,FALSE,4832500,2537500,6,ID_4526.mod,mapped on 5km grid,4526,TRUE,1031,TRUE,Danube
EFAS,12,4527,Narta,16.821867,45.838872,1,,-,Cesma,HR,875,880.8,Danube,,0,TRUE,1,1,1,1,1,1,103.365,FALSE,4852500,2547500,6,ID_4527.mod,mapped on 5km grid,4527,TRUE,1031,TRUE,Danube
EFAS,12,4528,Veliko Vukovje,16.908169,45.468981,1,,-,Ilova,HR,1500,995,Danube,,0,TRUE,1,1,1,1,1,1,98.651,FALSE,4862500,2507500,6,ID_4528.mod,mapped on 5km grid,4528,TRUE,1031,TRUE,Danube
EFAS,12,4529,Pozega,17.666861,45.336297,1,,-,Orljava,HR,650,437.6,Danube,,0,TRUE,1,1,1,1,1,1,143.976,FALSE,4922500,2502500,6,ID_4529.mod,mapped on 5km grid,4529,TRUE,1031,TRUE,Danube
EFAS,12,4530,Frkljevci,17.812203,45.267997,1,,-,Orljava,HR,1425,,Danube,,0,TRUE,1,1,1,1,1,1,111.928,FALSE,4932500,2492500,6,ID_4530.mod,mapped on 5km grid,4530,TRUE,1031,TRUE,Danube
EFAS,12,4531,Janja Lipa,16.986739,45.454169,1,,-,Pakra,HR,550,,Danube,,0,TRUE,1,1,1,1,1,1,109.18,FALSE,4867500,2507500,6,ID_4531.mod,mapped on 5km grid,4531,TRUE,1031,TRUE,Danube
EFAS,12,4532,Ludbreg,16.619611,46.24775,1,,-,Bednja,HR,275,546.98,Danube,,0,TRUE,1,1,1,1,1,1,147.35,FALSE,4832500,2592500,6,ID_4532.mod,mapped on 5km grid,4532,TRUE,1031,TRUE,Danube
EFAS,12,4533,Bilaj,15.423375,44.514503,1,,-,Lika,HR,1725,225,Adriatic catchment,,0,TRUE,1,1,1,0,1,1,556.236,FALSE,4752500,2392500,,,mapped on 5km grid,4533,FALSE,1031,TRUE,Adriatic catchment
EFAS,12,4534,Covici,15.312556,44.816444,1,,-,Gacka,HR,3050,,Adriatic catchment,,0,TRUE,1,1,1,0,1,1,449.818,FALSE,4742500,2427500,,,mapped on 5km grid,4534,FALSE,1031,TRUE,Adriatic catchment
EFAS,12,4535,Vrelo Zrmanje,16.063578,44.199594,0,,-,Zrmanja,HR,175,,Adriatic catchment,,0,TRUE,1,1,1,0,1,1,290.831,FALSE,4807500,2362500,,,mapped on 5km grid,4535,FALSE,1031,FALSE,Adriatic catchment
EFAS,12,4536,Zegar nizvodni,15.848778,44.161944,1,,-,Zrmanja,HR,675,,Adriatic catchment,,0,TRUE,1,1,1,0,1,1,46.553,FALSE,4787500,2357500,,,mapped on 5km grid,4536,FALSE,1031,TRUE,Adriatic catchment
EFAS,12,4537,Krupa,15.888083,44.190142,1,,-,Krupa,HR,100,,Adriatic catchment,,0,TRUE,1,1,1,1,1,1,105.426,FALSE,4792500,2362500,,,mapped on 5km grid,4537,FALSE,1031,TRUE,Adriatic catchment
EFAS,12,4538,Skradinski Buk Gornji,15.966164,43.802194,1,,-,Krka,HR,2075,2103,Adriatic catchment,,0,TRUE,1,1,1,0,1,1,45.4,FALSE,4797500,2317500,,,mapped on 5km grid after confluence,4538,FALSE,1031,TRUE,Adriatic catchment
EFAS,12,4539,Majdan,16.508742,43.540272,1,,-,Jadro,HR,175,,Adriatic catchment,,0,TRUE,1,1,1,1,1,1,13.456,FALSE,4847500,2292500,,,mapped on 5km grid,4539,FALSE,1031,TRUE,Adriatic catchment
EFAS,12,4540,Dusina,17.430617,43.165681,1,,-,Matica Vrgorska,HR,300,,Adriatic catchment,,0,TRUE,1,1,1,0,1,1,22.028,FALSE,4922500,2257500,,,mapped on 5km grid,4540,FALSE,1031,TRUE,Adriatic catchment
EFAS,12,4541,Kamenmost,17.198539,43.431144,1,,-,Vrljika,HR,1875,,Adriatic catchment,,0,TRUE,1,1,1,1,1,1,259.694,FALSE,4902500,2287500,,,mapped on 5km grid,4541,FALSE,1031,TRUE,Adriatic catchment
EFAS,12,4542,Buzet,13.965753,45.401939,1,,-,Mirna,HR,200,127,Adriatic catchment,,0,TRUE,1,1,1,1,1,1,42.067,FALSE,4632500,2487500,6,ID_4542.mod,mapped on 5km grid,4542,TRUE,1031,TRUE,Adriatic catchment
EFAS,12,4543,Mutvica most,14.024,45.095389,1,,-,Rasa,HR,375,,Adriatic catchment,,0,TRUE,1,1,1,1,1,1,1.152,FALSE,4637500,2452500,,,mapped on 5km grid,4543,FALSE,1031,TRUE,Adriatic catchment
EFAS,12,4544,Potpican,14.078114,45.187103,1,,-,Rasa,HR,250,83.72,Adriatic catchment,,0,TRUE,1,1,1,1,1,1,16.225,FALSE,4642500,2462500,6,ID_4544.mod,mapped on 5km grid,4544,TRUE,1031,TRUE,Adriatic catchment
EFAS,12,4545,Martinovo Selo uzv.,14.438283,45.390889,1,,-,Rjecina,HR,50,,Adriatic catchment,,0,TRUE,1,1,1,1,1,1,273.046,FALSE,4672500,2487500,6,ID_4545.mod,mapped on 5km grid,4545,TRUE,1031,TRUE,Adriatic catchment
EFAS,12,4546,Tvornica papira,14.451556,45.332639,1,,-,Rjecina,HR,225,,Adriatic catchment,,0,TRUE,1,1,1,0,1,1,0.824,FALSE,4667500,2482500,,,mapped on 5km grid,4546,FALSE,1031,TRUE,Adriatic catchment
EFAS,12,4547,I15 Villar,-5.107414,37.60348,1,,-,Guadalquivir,ES,8075,8064,Guadalquivir,,0,TRUE,1,0,0,1,1,1,80.928,FALSE,2987500,1747500,,,,4547,FALSE,1030,TRUE,Genil
EFAS,12,4548, Río Piedra en Nuévalos,-1.792972,41.197527,1,,-,Ebro,ES,800,741.17583,Ebro,,0,TRUE,1,0,0,1,1,1,,FALSE,3332500,2087500,,,,4548,FALSE,1012,TRUE,Piedra
EFAS,12,4549, Río Ésera en Graus,0.345395,42.204928,1,,-,Ebro,ES,,876.58505,Ebro,,1,FALSE,1,0,0,1,1,1,,FALSE,,,,,CANNOT BE MAPPED  cannot be mapped - overlaps with 2806,4549,FALSE,1012,FALSE,Ésera
EFAS,12,4550, Río Aragón en Jaca,-0.554335,42.578493,1,,-,Ebro,ES,250,244.48963,Ebro,,0,TRUE,1,0,0,1,1,1,,FALSE,3457500,2227500,,,,4550,FALSE,1012,TRUE,Aragón
EFAS,12,4551, Río Garona en Bossost,0.691227,42.782326,1,,-,Ebro,ES,525,358,Garonne,,0,TRUE,0,0,0,1,1,1,,FALSE,3557500,2232500,,,,4551,FALSE,1012,FALSE,Garona
EFAS,12,4552, Río Segre en Puigcerdá,1.933182,42.423555,1,,-,Ebro,ES,,277.38551,Ebro,,1,FALSE,1,0,0,1,1,1,,FALSE,,,,,CANNOT BE MAPPED  cannot be mapped confluence not represented,4552,FALSE,1012,FALSE,Segre
EFAS,12,4553, Río Valira en La Seu D´Urgell,1.453061,42.360541,1,,-,Ebro,ES,525,548.95501,Ebro,,0,TRUE,1,0,0,1,1,1,,FALSE,3617500,2182500,,,,4553,FALSE,1012,TRUE,Valira
EFAS,12,4554, Río Segre en Lérida,0.618586,41.606493,1,,-,Ebro,ES,11550,11343,Ebro,,0,TRUE,1,0,0,1,1,1,,FALSE,3542500,2107500,,,,4554,FALSE,1012,TRUE,Segre
EFAS,12,4555, Río Ebro en Arroyo,-4.058467,42.962696,1,,-,Ebro,ES,500,464.80589,Ebro,,0,TRUE,1,0,0,1,1,1,,FALSE,3177500,2307500,,,,4555,FALSE,1012,TRUE,Ebro
EFAS,12,4556, Río Najerilla en Mansilla,-2.906616,42.161593,1,,-,Ebro,ES,250,236.67003,Ebro,,0,TRUE,1,0,0,1,1,1,,FALSE,3252500,2207500,,,,4556,FALSE,1012,TRUE,Najerilla
EFAS,12,4557, Río Iregua en Villoslada de Cameros,-2.653289,42.125853,1,,-,Ebro,ES,325,310,Ebro,,0,TRUE,1,0,0,1,1,1,,FALSE,3277500,2202500,,,,4557,FALSE,1012,TRUE,Iregua
EFAS,12,4558, Río Iregua en Islallana,-2.525652,42.317553,1,,-,Ebro,ES,600,565.40021,Ebro,,0,TRUE,1,0,0,1,1,1,,FALSE,3287500,2222500,,,,4558,FALSE,1012,TRUE,Iregua
EFAS,12,4559, Río Ara en Boltaña,0.078274,42.43619,1,,-,Ebro,ES,700,615.32477,Ebro,,0,TRUE,1,0,0,1,1,1,,FALSE,3502500,2202500,,,,4559,FALSE,1012,TRUE,Ara
EFAS,12,4560, Río Pancrudo en Navarrete,-1.259812,40.93016,1,,-,Ebro,ES,,374.59952,Ebro,,1,FALSE,1,0,0,1,1,1,,FALSE,,,,,CANNOT BE MAPPED  cannot be mapped overlaps 2807,4560,FALSE,1012,FALSE,Pancrudo
EFAS,12,4561, Río Cidacos en Yanguas,-2.332236,42.104738,1,,-,Ebro,ES,250,225,Ebro,,0,TRUE,1,0,0,1,1,1,,FALSE,3302500,2197500,,,,4561,FALSE,1012,TRUE,Cidacos
EFAS,12,4562, Río Isábena en Capella,0.395352,42.193805,1,,-,Ebro,ES,,440.15127,Ebro,,1,FALSE,1,0,0,1,1,1,,FALSE,,,,,CANNOT BE MAPPED  should be swapped with 2808,4562,FALSE,1012,FALSE,Isáb
EFAS,12,4563, Río Najerilla en Anguiano,-2.778087,42.256179,1,,-,Ebro,ES,625,547.48827,Ebro,,0,TRUE,1,0,0,1,1,1,,FALSE,3267500,2217500,,,,4563,FALSE,1012,TRUE,Najerilla
EFAS,12,4564, Río Tirón en Ochánduri,-3.002084,42.524361,1,,-,Ebro,ES,725,688,Ebro,,0,TRUE,1,0,0,1,1,1,,FALSE,3252500,2247500,,,,4564,FALSE,1012,TRUE,Tirón
EFAS,12,4565, Río Cinca en Escalona,0.150273,42.478021,1,,-,Ebro,ES,800,793.55334,Ebro,,0,TRUE,0,0,0,1,1,1,,FALSE,3512500,2207500,,,,4565,FALSE,1012,FALSE,Cinca
EFAS,12,4566, Río Mesa en Jaraba,-1.876434,41.190905,1,,-,Ebro,ES,550,559.90526,Ebro,,0,TRUE,1,0,0,1,1,1,,FALSE,3327500,2087500,,,,4566,FALSE,1012,TRUE,Mesa
EFAS,12,4567, Río Deza en Embid de Ariza,-1.984146,41.386488,1,,-,Ebro,ES,200,202.7672,Ebro,,0,TRUE,1,0,0,1,1,1,,FALSE,3317500,2112500,,,,4567,FALSE,1012,TRUE,Deza
EFAS,12,4568, Río Jalón en Jubera,-2.338435,41.196596,1,,-,Ebro,ES,250,204.84518,Ebro,,0,TRUE,1,0,0,1,1,1,,FALSE,3282500,2097500,,,,4568,FALSE,1012,TRUE,Jalón
EFAS,12,4569, Río Subordán en Javierregay,-0.754455,42.576838,1,,-,Ebro,ES,350,2196,Ebro,,0,TRUE,1,0,0,1,1,1,,FALSE,3437500,2227500,,,,4569,FALSE,1012,TRUE,Subordán
EFAS,12,4570, Río Esca en Sigüés,-1.012197,42.644963,1,,-,Ebro,ES,,350.11454,Ebro,,1,FALSE,1,0,0,0,1,1,,FALSE,,,,,CANNOT BE MAPPED  cannot be mapped should overlap 2809,4570,FALSE,1012,FALSE,Esca
EFAS,12,4571, Río Salazar en Aspurz,-1.160285,42.714239,1,,-,Ebro,ES,400,479.40382,Ebro,,0,TRUE,1,0,0,1,1,1,,FALSE,3407500,2247500,,,,4571,FALSE,1012,TRUE,Salazar
EFAS,12,4572, Río Irati en Aribe,-1.255701,42.946034,1,,-,Ebro,ES,325,1594.28888,Ebro,,0,TRUE,1,0,0,1,1,1,,FALSE,3402500,2272500,,,,4572,FALSE,1012,TRUE,Irati
EFAS,12,4573, Río Ulzama en Olave,-1.605308,42.892431,1,,-,Ebro,ES,250,234.34653,Ebro,,0,TRUE,1,0,0,1,1,1,,FALSE,3372500,2272500,,,,4573,FALSE,1012,TRUE,Ulzama
EFAS,12,4574, Río Araquil en Asiaín,-1.787317,42.829953,1,,-,Ebro,ES,800,800,Ebro,,0,TRUE,1,0,0,1,1,1,,FALSE,3357500,2267500,,,,4574,FALSE,1012,TRUE,Araquil
EFAS,12,4575, Río Urederra en Eraul,-2.04857,42.691788,1,,-,Ebro,ES,300,321,Ebro,,0,TRUE,1,0,0,1,1,1,,FALSE,3332500,2257500,,,,4575,FALSE,1012,TRUE,Urederra
EFAS,12,4576, Río Ega en Estella,-2.035924,42.671194,1,,-,Ebro,ES,625,954.22464,Ebro,,0,TRUE,1,0,0,1,1,1,,FALSE,3332500,2252500,,,,4576,FALSE,1012,TRUE,Ega
EFAS,12,4577, Río Onsella en Sangüesa,-1.25532,42.551931,1,,-,Ebro,ES,300,270.85286,Ebro,,0,TRUE,1,0,0,1,1,1,,FALSE,3397500,2227500,,,,4577,FALSE,1012,TRUE,Onsella
EFAS,12,4578, Río Zadorra en Arce,-2.896768,42.677368,1,,-,Ebro,ES,1300,1354.11366,Ebro,,0,TRUE,1,0,0,1,1,1,,FALSE,3267500,2267500,,,,4578,FALSE,1012,TRUE,Zadorra
EFAS,12,4579, Río Ayuda en Berantevilla,-2.88408,42.680741,1,,-,Ebro,ES,,314.5657,Ebro,,1,FALSE,1,0,0,1,1,1,,FALSE,,,,,CANNOT BE MAPPED  cannot be mapped overlaps with 2811,4579,FALSE,1012,FALSE,Ayuda
EFAS,12,4580, Río Erro en Urroz Villa-Lónguida,-1.406659,42.770452,1,,-,Ebro,ES,200,205,Ebro,,0,TRUE,1,0,0,1,1,1,,FALSE,3382500,2257500,,,,4580,FALSE,1012,TRUE,Erro
EFAS,12,4581, Río Alcanadre en Lascellas,-0.109675,42.087421,1,,-,Ebro,ES,600,528,Ebro,,0,TRUE,1,0,0,1,1,1,,FALSE,3482500,2167500,,,,4581,FALSE,1012,TRUE,Alcanadre
EFAS,12,4582, Río Vero en Barbastro,0.131854,42.029026,1,,-,Ebro,ES,325,377.2023,Ebro,,0,TRUE,1,0,0,1,1,1,,FALSE,3502500,2157500,,,,4582,FALSE,1012,TRUE,Vero
EFAS,12,4583, Río Huerva en Mezalocha,-1.076754,41.426118,1,,-,Ebro,ES,725,648.46423,Ebro,,0,TRUE,1,0,0,1,1,1,,FALSE,3397500,2102500,,,,4583,FALSE,1012,TRUE,Huerva
EFAS,12,4584, Río Martín en Oliete,-0.692546,40.990652,1,,-,Ebro,ES,575,673.00715,Ebro,,0,TRUE,1,0,0,1,1,1,,FALSE,3422500,2047500,,,,4584,FALSE,1012,TRUE,Martín
EFAS,12,4585, Río Huerva en Las Torcas,-1.084354,41.296958,1,,-,Ebro,ES,525,472.1492,Ebro,,0,TRUE,1,0,0,1,1,1,,FALSE,3392500,2087500,,,,4585,FALSE,1012,TRUE,Huerva
EFAS,12,4586, Río Martín en Alcaine,-0.701711,40.954725,1,,-,Ebro,ES,550,573.15114,Ebro,,0,TRUE,1,0,0,1,1,1,,FALSE,3417500,2047500,,,,4586,FALSE,1012,TRUE,Martín
EFAS,12,4587, Río N.Ribagorzana (Pont de Suert),0.741198,42.400037,1,,-,Ebro,ES,,566.61538,Ebro,,1,FALSE,1,0,0,1,1,1,,FALSE,,,,,CANNOT BE MAPPED  cannot be mapped overlaps 2813,4587,FALSE,1012,FALSE,N.Ribagorzana
EFAS,12,4588, Río Linares en Igea,-2.011294,42.07453,1,,-,Ebro,ES,350,324.75467,Ebro,,0,TRUE,1,0,0,1,1,1,,FALSE,3322500,2187500,,,,4588,FALSE,1012,TRUE,Linares
EFAS,12,4589, Río Ésera en Eriste,0.471396,42.578837,1,,-,Ebro,ES,350,255.87058,Ebro,,0,TRUE,1,0,0,1,1,1,,FALSE,3537500,2212500,,,,4589,FALSE,1012,TRUE,Ésera
EFAS,12,4590, Río Arga en Huarte,-1.583726,42.85154,1,,-,Ebro,ES,175,229,Ebro,,0,TRUE,1,0,0,1,1,1,,FALSE,3377500,2267500,,,,4590,FALSE,1012,TRUE,Arga
EFAS,12,4591, Río Bayas en Miranda,-2.928035,42.689018,1,,-,Ebro,ES,,317.01553,Ebro,,1,FALSE,1,0,0,1,1,1,,FALSE,,,,,CANNOT BE MAPPED  cannot be mapped overlaps with 2814,4591,FALSE,1012,FALSE,Bayas
EFAS,12,4592, Río Jerea en Virués,-3.357328,42.808062,1,,-,Ebro,ES,300,311.61889,Ebro,,0,TRUE,1,0,0,1,1,1,,FALSE,3232500,2287500,,,,4592,FALSE,1012,TRUE,Jerea
EFAS,12,4593, Río Aguas Vivas en Moneva,-0.832307,41.182491,1,,-,Ebro,ES,525,463.04958,Ebro,,0,TRUE,1,0,0,1,1,1,,FALSE,3412500,2072500,,,,4593,FALSE,1012,TRUE,Aguas Vivas
EFAS,12,4594, Río Cinca en Lafortunada,0.195853,42.542698,1,,-,Ebro,ES,450,499.63009,Ebro,,0,TRUE,0,0,0,1,1,1,,FALSE,3517500,2217500,,,,4594,FALSE,1012,FALSE,Cinca
EFAS,12,4595, Río Queiles en Tudela,-1.617072,42.059466,1,,-,Ebro,ES,500,514.74053,Ebro,,0,TRUE,1,0,0,1,1,1,,FALSE,3357500,2177500,,,,4595,FALSE,1012,TRUE,Queiles
EFAS,12,4596, Río Algas en Batea,0.209557,41.106387,1,,-,Ebro,ES,350,331.08752,Ebro,,0,TRUE,1,0,0,1,1,1,,FALSE,3502500,2062500,,,,4596,FALSE,1012,TRUE,Algas
EFAS,12,4597, Río Manubles en Ateca,-1.788889,41.336155,1,,-,Ebro,ES,,436.42283,Ebro,,1,FALSE,1,0,0,1,1,1,,FALSE,,,,,CANNOT BE MAPPED  cannot be mapped should overlaps with 2816,4597,FALSE,1012,FALSE,Manubles
EFAS,12,4598, Río Arba de Riguel en Sádaba,-1.271088,42.280236,1,,-,Ebro,ES,225,262.98149,Ebro,,0,TRUE,1,0,0,1,1,1,,FALSE,3392500,2197500,,,,4598,FALSE,1012,TRUE,Arba de Riguel
EFAS,12,4599, Río Omecillo en Bergüenda,-3.044693,42.783655,1,,-,Ebro,ES,375,349.03431,Ebro,,0,TRUE,1,0,0,1,1,1,,FALSE,3257500,2282500,,,,4599,FALSE,1012,TRUE,Omecillo
EFAS,12,4600, Río Oroncillo en Orón,-2.979423,42.67065,1,,-,Ebro,ES,275,220.53955,Ebro,,0,TRUE,1,0,0,1,1,1,,FALSE,3257500,2262500,,,,4600,FALSE,1012,TRUE,Oroncillo
EFAS,12,4601, Río Flumen en Barbués,-0.423467,41.982279,1,,-,Ebro,ES,600,547,Ebro,,0,TRUE,1,0,0,1,1,1,,FALSE,3457500,2157500,,,,4601,FALSE,1012,TRUE,Flumen
EFAS,12,4602, Río Leza (Leza Río Leza),-2.407773,42.330333,1,,-,Ebro,ES,225,283.55821,Ebro,,0,TRUE,1,0,0,1,1,1,,FALSE,3297500,2217500,,,,4602,FALSE,1012,TRUE,Leza
EFAS,12,4603, Río Huerva en Cerveruela,-1.212787,41.215797,1,,-,Ebro,ES,375,385.98843,Ebro,,0,TRUE,1,0,0,1,1,1,,FALSE,3377500,2082500,,,,4603,FALSE,1012,TRUE,Huerva
EFAS,12,4604, Clamor Amarga en Zaidín,0.289884,41.577173,1,,-,Ebro,ES,750,788.90292,Ebro,,0,TRUE,1,0,0,1,1,1,,FALSE,3512500,2107500,,,,4604,FALSE,1012,TRUE,Clamor Amarga
EFAS,12,4605, Barranco la Violada en Zuera,-0.773587,41.900586,1,,-,Ebro,ES,225,413,Ebro,,0,TRUE,1,0,0,1,1,1,,FALSE,3432500,2157500,,,,4605,FALSE,1012,TRUE,Barranco la Violada
EFAS,12,4606, Río Gállego en Búbal,-0.316523,42.678991,1,,-,Ebro,ES,300,295.1269,Ebro,,0,TRUE,1,0,0,1,1,1,,FALSE,3472500,2232500,,,,4606,FALSE,1012,TRUE,Gállego
EFAS,12,4607, Río Alhama en Cervera Alhama,-1.951382,42.007116,1,,-,Ebro,ES,325,301.88501,Ebro,,0,TRUE,1,0,0,1,1,1,,FALSE,3332500,2177500,,,,4607,FALSE,1012,TRUE,Alhama
EFAS,12,4608, Río Noguera Pallaresa en Escaló,1.15532,42.551169,1,,-,Ebro,ES,425,442.37239,Ebro,,0,TRUE,1,0,0,1,1,1,,FALSE,3592500,2202500,,,,4608,FALSE,1012,TRUE,Noguera Pallaresa
EFAS,12,4609, Río Cidacos en Arnedillo,-2.23348,42.213993,1,,-,Ebro,ES,375,405.52758,Ebro,,0,TRUE,1,0,0,1,1,1,,FALSE,3312500,2202500,,,,4609,FALSE,1012,TRUE,Cidacos
EFAS,12,4610, Río Trueba en Medina Pomar,-3.479031,42.932082,1,,-,Ebro,ES,475,471.52552,Ebro,,0,TRUE,1,0,0,1,1,1,,FALSE,3227500,2302500,,,,4610,FALSE,1012,TRUE,Trueba
EFAS,12,4611, Río Segre en Isòvol,1.814157,42.372584,1,,-,Ebro,ES,700,658.98004,Ebro,,0,TRUE,1,0,0,0,1,1,,FALSE,3647500,2177500,,,,4611,FALSE,1012,TRUE,Segre
EFAS,12,4612, Río Ésera en Campo,0.387774,42.424728,1,,-,Ebro,ES,625,559.90526,Ebro,,0,TRUE,1,0,0,1,1,1,,FALSE,3527500,2197500,,,,4612,FALSE,1012,TRUE,Ésera
EFAS,12,4614, Río Irati en Aos,-1.376797,42.752415,1,,-,Ebro,ES,850,741.96266,Ebro,,0,TRUE,1,0,0,1,1,1,,FALSE,3392500,2252500,,,,4614,FALSE,1012,TRUE,Irati
EFAS,12,4615, Río Noguera de Cardós en Tirvia,1.23321,42.5177,1,,-,Ebro,ES,,413.91762,Ebro,,1,FALSE,1,0,0,1,1,1,,FALSE,,,,,CANNOT BE MAPPED  cannot be mapped in between confluences,4615,FALSE,1012,FALSE,Noguera de Cardós
EFAS,12,4616, Río Elorz en Pamplona,-1.666779,42.797597,1,,-,Ebro,ES,,279,Ebro,,1,FALSE,1,0,0,1,1,1,,FALSE,,,,,CANNOT BE MAPPED  cannot be mapped confluence not represented,4616,FALSE,1012,FALSE,Elorz
EFAS,12,4617, Rio Arba de Riguel en El Sabinar,-1.214995,42.061865,1,,-,Ebro,ES,,532.50363,Ebro,,1,FALSE,1,0,0,1,1,1,,FALSE,,,,,CANNOT BE MAPPED  confluence not represented,4617,FALSE,1012,FALSE,Arba de Riguel
EFAS,12,4618, Río Irati en Aoiz,-1.367474,42.783371,1,,-,Ebro,ES,,491.55306,Ebro,,1,FALSE,1,0,0,1,1,1,,FALSE,,,,,CANNOT BE MAPPED  cannot be mapped should overlap 2854,4618,FALSE,1012,FALSE,Irati
EFAS,12,4619, Río Rudrón en Valdelateja,-3.767626,42.774441,1,,-,Ebro,ES,475,527.4,Ebro,,0,TRUE,1,0,0,1,1,1,,FALSE,3192500,2287500,,,,4619,FALSE,1012,TRUE,Rudrón
EFAS,12,4620, Río Nela en Villarcayo,-3.572052,42.948459,1,,-,Ebro,ES,325,280.20007,Ebro,,0,TRUE,1,0,0,1,1,1,,FALSE,3217500,2302500,,,,4620,FALSE,1012,TRUE,Nela
EFAS,12,4622, Río Huecha en Cortes,-1.412272,41.926468,1,,-,Ebro,ES,550,477.12736,Ebro,,0,TRUE,1,0,0,1,1,1,,FALSE,3372500,2162500,,,,4622,FALSE,1012,TRUE,Huecha
EFAS,12,4625, Río Arga en Burlada,-1.611396,42.822171,1,,-,Ebro,ES,525,508,Ebro,,0,TRUE,1,0,0,1,1,1,,FALSE,3372500,2262500,,,,4625,FALSE,1012,TRUE,Arga
EFAS,12,4626, Río Zadorra en Mendívil,-2.616258,42.927417,1,,-,Ebro,ES,250,274,Ebro,,0,TRUE,1,0,0,1,1,1,,FALSE,3297500,2287500,,,,4626,FALSE,1012,TRUE,Zadorra
EFAS,12,4627, Río Zadorra en Vitoria-Abetxuko,-2.676543,42.873184,1,,-,Ebro,ES,675,656,Ebro,,0,TRUE,1,0,0,1,1,1,,FALSE,3292500,2282500,,,,4627,FALSE,1012,TRUE,Zadorra
EFAS,12,4628, Río Gállego en Sabiñánigo,-0.373547,42.490003,1,,-,Ebro,ES,775,728,Ebro,,0,TRUE,0,0,0,1,1,1,,FALSE,3467500,2212500,,,,4628,FALSE,1012,FALSE,Gállego
EFAS,12,4629, Río Valira en Pont Borda de Sabaté,1.480403,42.444052,1,,-,Ebro,ES,450,477,Ebro,,0,TRUE,1,0,0,1,1,1,,FALSE,3622500,2187500,,,,4629,FALSE,1012,TRUE,Valira
EFAS,12,5066,Nossen 1,13.265052,51.0675,1,,-,Mulde,DE,600,586,Mulde,,0,TRUE,1,1,1,1,1,1,203.759,FALSE,4552500,3112500,6,ID_5066.mod,mapped on 5km grid,5066,TRUE,1007,TRUE,Freiberger Mulde
EFAS,12,5067,Avila,-4.70718,40.6498,1,,-,Adaja,ES,625,762.01155,,,0,TRUE,1,0,0,1,1,1,1066,FALSE,3077500,2067500,,,,5067,FALSE,1039,TRUE,Adaja
EFAS,12,5068,Robleda,-6.67592,40.3632,1,,-,Agueda,ES,200,262.74271,,,0,TRUE,1,0,0,1,1,1,780,FALSE,2912500,2072500,,,,5068,FALSE,1039,TRUE,Agueda
EFAS,12,5069,Vegalatrave,-6.11957,41.7003,1,,-,Aliste,ES,500,493.57401,,,0,TRUE,1,0,0,1,1,1,695,FALSE,2982500,2212500,,,,5069,FALSE,1039,TRUE,Aliste
EFAS,12,5070,Villaescusa de las Torres,-4.24802,42.7631,1,,-,Camesa,ES,100,370.63922,,,0,TRUE,1,0,0,1,1,1,883,FALSE,3162500,2292500,,,,5070,FALSE,1039,TRUE,Camesa
EFAS,12,5071,Sahagún,-5.03802,42.3704,1,,-,Cea,ES,900,750.79954,,,0,TRUE,1,0,0,1,1,1,800,FALSE,3087500,2267500,,,,5071,FALSE,1039,TRUE,Cea
EFAS,12,5072,Pajares de Pedraza,-3.85475,41.1673,1,,-,Cega,ES,300,286.90481,,,0,TRUE,1,0,0,1,1,1,938,FALSE,3162500,2117500,,,,5072,FALSE,1039,TRUE,Cega
EFAS,12,5073,Morales del Rey,-5.76103,42.0578,1,,-,Eria,ES,4325,659.50706,,,0,TRUE,1,0,0,1,1,1,724,FALSE,3022500,2247500,,,,5073,FALSE,1039,TRUE,Eria
EFAS,12,5074,Villanueva de los Infantes,-4.481126,41.700719,1,,-,Esgueva,ES,900,877.39353,,,0,TRUE,1,0,0,1,1,1,733,FALSE,3117500,2182500,,,,5074,FALSE,1039,TRUE,Esgueva
EFAS,12,5075,Santa Eulalia de Rionegro,-6.26674,42.0362,1,,-,Negro,ES,475,376.70753,,,0,TRUE,1,0,0,1,1,1,820,FALSE,2982500,2247500,,,,5075,FALSE,1039,TRUE,Negro
EFAS,12,5076,Las Omañas,-5.90232,42.7034,1,,-,Omaña,ES,500,482.01551,,,0,TRUE,1,0,0,1,1,1,969,FALSE,3022500,2317500,,,,5076,FALSE,1039,TRUE,Omaña
EFAS,12,5077,Pardavé,-5.50794,42.8235,1,,-,Torio,ES,250,225.29563,,,0,TRUE,1,0,0,1,1,1,968,FALSE,3057500,2322500,,,,5077,FALSE,1039,TRUE,Torio
EFAS,12,5078,Osma,-3.08378,41.5755,1,,-,Ucero,ES,1025,894.41171,,,0,TRUE,1,0,0,1,1,1,900,FALSE,3232500,2147500,,,,5078,FALSE,1039,TRUE,Ucero
EFAS,12,5079,Gjonaj,20.649397,42.254275,0,,-,Drini,XK,3850,3951,,,0,FALSE,1,0,0,0,1,1,,FALSE,5197500,2187500,,,mapped on 5km grid,5079,FALSE,1048,FALSE,Drini Bardhë
EFAS,12,5080,Këpuz,20.530772,42.50705,0,,-,Drini,XK,2350,2160,Drini,,1,FALSE,1,0,0,0,1,1,,FALSE,5187500,2217500,,,not mapped - station 1653 on most suitable pixel,5080,FALSE,1048,FALSE,Drini Bardhë
EFAS,12,5083,Grykë e Rugovës,20.250233,42.661642,0,,-,Drini Bardhë,XK,225,264,,,0,FALSE,1,0,0,0,1,1,,FALSE,5157500,2232500,,,mapped on 5km grid,5083,FALSE,1048,FALSE,Bistrica Pejës
EFAS,12,5091,Leposaviç,20.799481,43.097431,0,,-,West Morava,XK,4775,4701,,,0,FALSE,1,0,0,0,1,1,,FALSE,5202500,2282500,,,mapped on 5km grid,5091,FALSE,1048,FALSE,Ibri
EFAS,12,5093,Nedakoc,20.990214,42.798047,0,,-,Ibri,XK,2750,2590,,,0,FALSE,0,0,0,0,1,1,,FALSE,5217500,2252500,,,mapped on 5km grid,5093,FALSE,1048,FALSE,Sitnica
EFAS,12,5097,Konçul,21.666678,42.495056,0,,-,South Morava,XK,1625,1558.6,,,0,FALSE,1,0,0,0,1,1,,FALSE,5282500,2227500,,,mapped on 5km grid,5097,FALSE,1048,FALSE,Morava Binqës
EFAS,12,5100,Hajnoc,21.528578,42.641572,0,,-,Kriva Rekë,XK,175,53.3,,,0,FALSE,1,0,0,0,0,1,,FALSE,5262500,2242500,,,mapped on 5km grid before confluence,5100,FALSE,1048,FALSE,Kremenatës
EFAS,12,5101,Hogosht,21.643592,42.640008,0,,-,Kriva Rekë,XK,50,94.4,,,0,FALSE,1,0,0,0,0,1,,FALSE,5272500,2247500,,,mapped on 5km grid,5101,FALSE,1048,FALSE,Hogoshtit
EFAS,12,5102,Shipashnicë e Ep,21.669033,42.605,0,,-,Kriva Rekë,XK,150,96.1,,,0,FALSE,1,0,0,0,0,1,,FALSE,5277500,2242500,,,mapped on 5km grid,5102,FALSE,1048,FALSE,Desivojcës
EFAS,12,5103,Hani Elezit,21.292322,42.156375,0,,-,Vardar,XK,750,620.2,,,0,FALSE,1,0,0,0,1,1,,FALSE,5252500,2187500,,,mapped on 5km grid,5103,FALSE,1048,FALSE,Lepenci
EFAS,12,5107,Orçushë,20.592386,42.046725,0,,-,Drini Bardhë,XK,275,252,,,0,FALSE,1,0,0,0,0,1,,FALSE,5197500,2167500,,,mapped on 5km grid,5107,FALSE,1048,FALSE,Plava
EFAS,12,5125,Lipjan,21.107197,42.515933,0,,-,Ibri,XK,500,,,,0,FALSE,1,0,0,0,0,1,,FALSE,5232500,2222500,,,mapped on 5km grid,5125,FALSE,1048,FALSE,Sitnica
EFAS,12,5126,Mramuer,21.273281,42.636089,0,,-,Sitnicë,XK,50,,,,0,FALSE,1,0,0,0,0,1,,FALSE,5242500,2242500,,,mapped on 5km grid,5126,FALSE,1048,FALSE,Mramor
EFAS,12,5127,Popovë,21.093428,42.863339,0,,-,Llapë,XK,100,,,,0,FALSE,1,0,0,0,0,1,,FALSE,5227500,2262500,,,mapped on 5km grid,5127,FALSE,1048,FALSE,Kaqandolli
EFAS,12,5128,Orllan,21.345094,42.825786,0,,-,Llapë,XK,75,,,,0,FALSE,1,0,0,0,0,1,,FALSE,5247500,2262500,,,mapped on 5km grid,5128,FALSE,1048,FALSE,Turuçicë
EFAS,12,5135,Spytihněv,17.501185,49.133192,0,,-,Morava,CZ,7950,7890.3,Morava,,0,FALSE,1,0,0,0,0,1,,FALSE,4867500,2922500,,,mapped on 5km grid before confluence,5135,FALSE,1019,FALSE,Morava
EFAS,12,5136,Lanžhot,16.988874,48.687099,0,,-,Morava,CZ,625,9721.76,Morava,,1,FALSE,1,0,0,0,0,1,,FALSE,4832500,2867500,,,not mapped - station 3025 on most suitable pixel,5136,FALSE,1019,FALSE,Morava
EFAS,12,5137,Trier UP,6.626825,49.732171,1,,-,Rhine,DE,23675,23857,Rhine,,0,TRUE,1,0,0,0,1,1,121,FALSE,4077500,2967500,,,mapped on 5km grid before confluence,5137,FALSE,1004,TRUE,Moselle
EFAS,12,5138,Rethem,9.382781,52.78911,1,,-,Weser,DE,15800,14730,Weser,,0,FALSE,0,0,0,0,1,1,14.31,FALSE,4277500,3297500,,,mapped on 5km grid - duplicate of 1971?,5138,FALSE,1004,FALSE,Aller
EFAS,12,5139,Schmittlotheim,8.89797,51.15575,1,,-,Weser,DE,1250,1202,Weser,,1,FALSE,1,0,0,1,1,1,245.87,FALSE,4242500,3117500,,,not mapped - station 2158 on most suitable pixel,5139,FALSE,1004,FALSE,Eder
EFAS,12,5140,Guntershausen,9.46933,51.22658,1,,-,Weser,DE,6425,6366,Weser,,1,FALSE,1,0,0,1,1,1,140.9,FALSE,4282500,3122500,,,not mapped - station 2159 on most suitable pixel,5140,FALSE,1004,FALSE,Fulda
EFAS,12,5141,Allendorf,9.96646,51.27677,1,,-,Weser,DE,5275,5166,Weser,,0,TRUE,1,0,0,0,1,1,143.52,FALSE,4317500,3127500,,,mapped on 5km grid,5141,FALSE,1004,TRUE,Werra
EFAS,12,5142,HannMuenden,9.64091,51.42579,1,,-,Weser,DE,12575,12442,Weser,,1,FALSE,1,0,0,0,1,1,114.95,FALSE,4297500,3147500,,,not mapped - station 1941 on most suitable pixel,5142,FALSE,1004,FALSE,Weser
EFAS,12,5143,Karlshafen,9.43867,51.64799,1,,-,Weser,DE,14975,14794,Weser,,1,FALSE,1,0,0,0,1,1,94.05,FALSE,4282500,3172500,,,not mapped - station 2106 on most suitable pixel,5143,FALSE,1004,FALSE,Weser
EFAS,12,5144,Porta,8.921987,52.248716,1,,-,Weser,DE,19450,19160,Weser,,0,TRUE,1,0,0,0,1,1,37.04,FALSE,4247500,3237500,,,mapped on 5km grid,5144,FALSE,1004,TRUE,Weser
EFAS,12,5145,Nienburg,9.2046,52.644164,1,,-,Weser,DE,21975,21800,Weser,,0,TRUE,1,0,0,0,1,1,17.38,FALSE,4267500,3282500,,,mapped on 5km grid,5145,FALSE,1004,TRUE,Weser
EFAS,12,5146,Intschede,9.125735,52.96418,1,,-,Weser,DE,38650,37720,Weser,,1,FALSE,1,0,0,0,1,1,4.79,FALSE,4262500,3317500,,,not mapped - station 1940 on most suitable pixel,5146,FALSE,1004,FALSE,Weser
EFAS,12,5147,Versen Wehrdurchstich,7.241869,52.732982,1,,-,Ems,DE,8525,8389,,,0,TRUE,1,0,0,0,1,1,6.71,FALSE,4132500,3297500,,,mapped on 5km grid - potential duplicate 1973,5147,FALSE,1004,TRUE,Ems
EFAS,12,5148,Lesnica,19.274446,44.632737,1,,-,Drina,RS,975,959,Drina,,1,FALSE,1,0,0,1,1,1,103.47,FALSE,5057500,2437500,,,not mapped - station 2978 on most suitable pixel,5148,FALSE,1020,FALSE,Jadar
EFAS,12,5149,Guca,20.22899,43.781583,1,,-,Z. Morava,RS,275,239,,,0,TRUE,1,0,0,1,1,1,329.19,FALSE,5142500,2352500,,,mapped on 5km grid,5149,FALSE,1020,TRUE,Bjelica
EFAS,12,5150,Azuer en Vallehermoso,-3.170794,38.86999,1,,-,Guadiana,ES,450,524,Guadiana,,0,TRUE,1,0,0,1,1,1,733,FALSE,3177500,1847500,,,,5150,FALSE,1055,TRUE,Azuer
EFAS,12,5151,Azuer en Daimiel,-3.600146,39.075577,1,,-,Guadiana,ES,1100,1699,Guadiana,,0,TRUE,1,0,0,1,1,1,619,FALSE,3142500,1882500,,,,5151,FALSE,1055,TRUE,Azuer
EFAS,12,5152,Gigüela en Saelices,-2.800916,39.883598,1,,-,Guadiana,ES,575,552,Guadiana,,0,TRUE,1,0,0,1,1,1,789,FALSE,3227500,1957500,,,,5152,FALSE,1055,TRUE,Ciguela/Giguela
EFAS,12,5153,Gigüela en Quintanar,-3.08102,39.642607,1,,-,Guadiana,ES,900,995,Guadiana,,0,TRUE,1,0,0,1,1,1,692,FALSE,3197500,1937500,,,,5153,FALSE,1055,TRUE,Ciguela/Giguela
EFAS,12,5154,Gigüela en Villafranca,-3.310115,39.415012,1,,-,Guadiana,ES,3250,2557,Guadiana,,0,TRUE,1,0,0,1,1,1,639,FALSE,3177500,1922500,,,,5154,FALSE,1055,TRUE,Ciguela/Giguela
EFAS,12,5155,Záncara en Provencio,-2.578653,39.358535,1,,-,Guadiana,ES,2175,2020,Guadiana,,0,TRUE,1,0,0,1,1,1,693,FALSE,3237500,1897500,,,,5155,FALSE,1055,TRUE,Zancara
EFAS,12,5156,Záncara en Socuéllamos,-2.879942,39.343179,1,,-,Guadiana,ES,3675,3440,Guadiana,,0,TRUE,1,0,0,1,1,1,663,FALSE,3212500,1902500,,,,5156,FALSE,1055,TRUE,Zancara
EFAS,12,5157,Córcoles en Cabecera,-2.563199,39.086567,1,,-,Guadiana,ES,75,129,Guadiana,,0,TRUE,1,0,0,1,1,1,820,FALSE,3237500,1862500,,,,5157,FALSE,1055,TRUE,Corcoles
EFAS,12,5158,Córcoles en Socuéllamos,-2.792055,39.30184,1,,-,Guadiana,ES,400,349,Guadiana,,0,TRUE,1,0,0,1,1,1,673,FALSE,3217500,1892500,,,,5158,FALSE,1055,TRUE,Corcoles
EFAS,12,5159,Amarguillo en Consuegra,-3.593808,39.462638,1,,-,Guadiana,ES,225,197,Guadiana,,0,TRUE,1,0,0,1,1,1,701,FALSE,3152500,1922500,,,,5159,FALSE,1055,TRUE,Amarguillo
EFAS,12,5160,Bañuelos en Fernancaballero,-3.922391,39.102146,1,,-,Guadiana,ES,700,412,Guadiana,,0,TRUE,1,0,0,1,1,1,603,FALSE,3122500,1892500,,,,5160,FALSE,1055,TRUE,Banuelos
EFAS,12,5161,Guadiana en Vicario,-4.028512,39.041129,1,,-,Guadiana,ES,16325,16382,Guadiana,,0,TRUE,1,0,0,1,1,1,583,FALSE,3107500,1887500,,,,5161,FALSE,1055,TRUE,Guadiana
EFAS,12,5162,Jabalón en la Cabezuela,-3.281153,38.688526,1,,-,Guadiana,ES,675,544,Guadiana,,0,TRUE,1,0,0,1,1,1,742,FALSE,3162500,1832500,,,,5162,FALSE,1055,TRUE,Jabalon
EFAS,12,5163,Bullaque en Torre Abraham,-4.267251,39.258244,1,,-,Guadiana,ES,775,750,Guadiana,,0,TRUE,1,0,0,1,1,1,601,FALSE,3092500,1917500,,,,5163,FALSE,1055,TRUE,Bullaque
EFAS,12,5164,Bullaque en Luciana,-4.287311,38.985134,1,,-,Guadiana,ES,2050,2034,Guadiana,,0,TRUE,1,0,0,1,1,1,532,FALSE,3087500,1882500,,,,5164,FALSE,1055,TRUE,Bullaque
EFAS,12,5165,Tirteafuera en Abenójar,-4.404921,38.889218,1,,-,Guadiana,ES,750,734,Guadiana,,0,TRUE,1,0,0,1,1,1,565,FALSE,3072500,1872500,,,,5165,FALSE,1055,TRUE,Tirteafuera
EFAS,12,5166,Becea en Gasset,-3.934727,39.126405,1,,-,Guadiana,ES,,163,Guadiana,,1,FALSE,1,0,0,1,1,1,617,FALSE,,,,,CANNOT BE MAPPED,5166,FALSE,1055,FALSE,Becea
EFAS,12,5167,Guadiana en Villarubia,-3.587278,39.198896,1,,-,Guadiana,ES,12050,10319,Guadiana,,0,TRUE,1,0,0,1,1,1,612,FALSE,3142500,1897500,,,,5167,FALSE,1055,TRUE,Ciguela/Giguela
EFAS,12,5168,Valdejudíos,-2.740454,39.97157,1,,-,Guadiana,ES,50,32,Guadiana,,0,TRUE,1,0,0,1,1,1,855,FALSE,3232500,1967500,,,,5168,FALSE,1055,TRUE,Valdejudios
EFAS,12,5169,Guadiana en Puebla de D. Rodrigo,-4.583606,39.101589,1,,-,Guadiana,ES,22550,22580,Guadiana,,0,TRUE,1,0,0,1,1,1,459,FALSE,3057500,1897500,,,,5169,FALSE,1055,TRUE,Guadiana
EFAS,12,5170,Estena en Helechosa,-4.736368,39.380807,1,,-,Guadiana,ES,400,579,Guadiana,,0,TRUE,1,0,0,1,1,1,471,FALSE,3052500,1932500,,,,5170,FALSE,1055,TRUE,Estena
EFAS,12,5171,Estenilla en Anchuras,-4.820393,39.450662,1,,-,Guadiana,ES,150,197,Guadiana,,0,TRUE,1,0,0,1,1,1,473,FALSE,3047500,1942500,,,,5171,FALSE,1055,TRUE,Estenilla
EFAS,12,5172,Fresnedoso en Sevilleja,-4.977786,39.454632,1,,-,Guadiana,ES,125,163,Guadiana,,0,TRUE,1,0,0,1,1,1,445,FALSE,3037500,1947500,,,,5172,FALSE,1055,TRUE,Fresnedoso
EFAS,12,5173,Guadarranque en Alía,-5.029574,39.376627,1,,-,Guadiana,ES,275,287,Guadiana,,0,TRUE,1,0,0,1,1,1,376,FALSE,3027500,1942500,,,,5173,FALSE,1055,TRUE,Guadarranque
EFAS,12,5174,Zújar Confluencia Guadamatilla,-5.16282,38.67616,1,,-,Guadiana,ES,1625,1676,Guadiana,,0,TRUE,1,0,0,1,1,1,365,FALSE,3002500,1862500,,,,5174,FALSE,1055,TRUE,Zujar
EFAS,12,5175,Guadalmez en Guadalmez,-4.972524,38.717303,1,,-,Guadiana,ES,2825,2856,Guadiana,,0,TRUE,1,0,0,1,1,1,354,FALSE,3022500,1862500,,,,5175,FALSE,1055,TRUE,Guadalmez
EFAS,12,5176,Esteras en Serena,-4.930657,38.87813,1,,-,Guadiana,ES,475,626,Guadiana,,0,TRUE,1,0,0,1,1,1,375,FALSE,3027500,1882500,,,,5176,FALSE,1055,TRUE,Esteras
EFAS,12,5177,Guadalemar en Serena,-4.978335,39.04247,1,,-,Guadiana,ES,175,324,Guadiana,,0,TRUE,1,0,0,1,1,1,443,FALSE,3027500,1902500,,,,5177,FALSE,1055,TRUE,Guadalemar
EFAS,12,5178,Siruela en Serena,-4.945845,39.012986,1,,-,Guadiana,ES,225,352,Guadiana,,0,TRUE,1,0,0,1,1,1,445,FALSE,3027500,1897500,,,,5178,FALSE,1055,TRUE,Siruela/Agudo
EFAS,12,5179,Zújar en Zújar,-5.492212,38.910004,1,,-,Guadiana,ES,7650,7640,Guadiana,,0,TRUE,1,0,0,1,1,1,273,FALSE,2977500,1897500,,,,5179,FALSE,1055,TRUE,Zujar
EFAS,12,5180,Ruecas en Cañamero,-5.377941,39.379657,1,,-,Guadiana,ES,75,42,Guadiana,,0,TRUE,1,0,0,1,1,1,568,FALSE,3002500,1942500,,,,5180,FALSE,1055,TRUE,Ruecas
EFAS,12,5181,Pizarroso en Sierra Brava,-5.656327,39.174607,1,,-,Guadiana,ES,,240,Guadiana,,1,FALSE,1,0,0,1,1,1,286,FALSE,,,,,CANNOT BE MAPPED,5181,FALSE,1055,FALSE,Pizarroso
EFAS,12,5182,Alcollarín en Alcollarín,-5.741189,39.241912,1,,-,Guadiana,ES,125,124,Guadiana,,0,TRUE,1,0,0,1,1,1,306,FALSE,2962500,1937500,,,,5182,FALSE,1055,TRUE,Alcollarin
EFAS,12,5183,Ruecas en Hernán Cortés,-5.911337,39.032218,1,,-,Guadiana,ES,1800,1715,Guadiana,,0,TRUE,1,0,0,1,1,1,246,FALSE,2947500,1917500,,,,5183,FALSE,1055,TRUE,Ruecas
EFAS,12,5184,Ortigas en las Cruces,-5.930391,38.950127,1,,-,Guadiana,ES,425,455,Guadiana,,0,TRUE,1,0,0,1,1,1,245,FALSE,2942500,1907500,,,,5184,FALSE,1055,TRUE,Ortigas
EFAS,12,5185,Búrdalo en Miajadas,-5.996487,39.160206,1,,-,Guadiana,ES,300,290,Guadiana,,0,TRUE,1,0,0,1,1,1,273,FALSE,2942500,1932500,,,,5185,FALSE,1055,TRUE,Burdalo
EFAS,12,5186,Búrdalo en Sta. Amalia,-6.049785,39.014092,1,,-,Guadiana,ES,550,575,Guadiana,,0,TRUE,1,0,0,1,1,1,238,FALSE,2932500,1917500,,,,5186,FALSE,1055,TRUE,Burdalo
EFAS,12,5187,Fresneda en Cerros Verdes,-6.136973,38.998329,1,,-,Guadiana,ES,125,110,Guadiana,,0,TRUE,1,0,0,1,1,1,245,FALSE,2927500,1917500,,,,5187,FALSE,1055,TRUE,Fresneda
EFAS,12,5188,Guadiana en Valverde,-6.189828,38.889731,1,,-,Guadiana,ES,39375,38712,Guadiana,,0,TRUE,1,0,0,1,1,1,219,FALSE,2917500,1907500,,,,5188,FALSE,1055,TRUE,Guadiana
EFAS,12,5189,Matachel en los Molinos,-6.118227,38.538831,1,,-,Guadiana,ES,1275,1194,Guadiana,,0,TRUE,1,0,0,1,1,1,322,FALSE,2912500,1872500,,,,5189,FALSE,1055,TRUE,Matachel
EFAS,12,5190,San Juan en Oliva,-6.139903,38.726101,1,,-,Guadiana,ES,175,216,Guadiana,,0,TRUE,1,0,0,1,1,1,297,FALSE,2922500,1887500,,,,5190,FALSE,1055,TRUE,San Juan
EFAS,12,5191,Palomillas en Palomas,-6.068808,38.64974,1,,-,Guadiana,ES,200,221,Guadiana,,0,TRUE,1,0,0,1,1,1,364,FALSE,2922500,1877500,,,,5191,FALSE,1055,TRUE,Palomillas
EFAS,12,5192,Bonhabal en Alange,-6.329557,38.705435,1,,-,Guadiana,ES,225,490,Guadiana,,0,TRUE,1,0,0,1,1,1,232,FALSE,2902500,1887500,,,,5192,FALSE,1055,TRUE,Bonhabal
EFAS,12,5193,Matachel en Alange,-6.268578,38.790846,1,,-,Guadiana,ES,,2497,Guadiana,,1,FALSE,1,0,0,1,1,1,224,FALSE,,,,,CANNOT BE MAPPED,5193,FALSE,1055,FALSE,Matachel
EFAS,12,5194,Lácara en Cordobilla,-6.432437,39.142368,1,,-,Guadiana,ES,150,103,Guadiana,,0,TRUE,1,0,0,1,1,1,294,FALSE,2902500,1937500,,,,5194,FALSE,1055,TRUE,Lacara
EFAS,12,5195,Aljucén en Aljucén,-6.33992,39.045918,1,,-,Guadiana,ES,275,273,Guadiana,,0,TRUE,1,0,0,1,1,1,247,FALSE,2912500,1927500,,,,5195,FALSE,1055,TRUE,Aljucen
EFAS,12,5196,Guadiana en Montijo,-6.442243,38.903993,1,,-,Guadiana,ES,42800,42563,Guadiana,,0,TRUE,1,0,0,1,1,1,195,FALSE,2897500,1912500,,,,5196,FALSE,1055,TRUE,Guadiana
EFAS,12,5197,Lácara en Canchales,-6.521561,38.963511,1,,-,Guadiana,ES,400,427,Guadiana,,0,TRUE,1,0,0,1,1,1,210,FALSE,2892500,1917500,,,,5197,FALSE,1055,TRUE,Lacara
EFAS,12,5198,Guadajira en Villalba,-6.495362,38.597245,1,,-,Guadiana,ES,425,365,Guadiana,,0,TRUE,1,0,0,1,1,1,291,FALSE,2887500,1877500,,,,5198,FALSE,1055,TRUE,Guadajira
EFAS,12,5199,Guadajira en Guadajira,-6.689397,38.85193,1,,-,Guadiana,ES,875,902,Guadiana,,0,TRUE,1,0,0,1,1,1,168,FALSE,2877500,1907500,,,,5199,FALSE,1055,TRUE,Guadajira
EFAS,12,5200,Entrín en Lobón,-6.721816,38.859168,1,,-,Guadiana,ES,375,381,Guadiana,,0,TRUE,1,0,0,1,1,1,186,FALSE,2872500,1907500,,,,5200,FALSE,1055,TRUE,Entrin
EFAS,12,5201,Alcazaba en Montijo,-6.738275,38.948494,1,,-,Guadiana,ES,275,308,Guadiana,,0,TRUE,1,0,0,1,1,1,187,FALSE,2877500,1922500,,,,5201,FALSE,1055,TRUE,Alcazaba
EFAS,12,5202,Albuera en Talavera,-6.776841,38.879948,1,,-,Guadiana,ES,500,435,Guadiana,,0,TRUE,1,0,0,1,1,1,186,FALSE,2867500,1917500,,,,5202,FALSE,1055,TRUE,Albuera/Rivera de los limonetes
EFAS,12,5203,Zapatón en Villar del Rey,-6.869951,39.144826,1,,-,Guadiana,ES,1075,1049,Guadiana,,0,TRUE,1,0,0,1,1,1,209,FALSE,2867500,1942500,,,,5203,FALSE,1055,TRUE,Zapaton
EFAS,12,5204,Gévora en los Riscos,-7.037003,39.131612,1,,-,Guadiana,ES,525,190,Guadiana,,0,TRUE,1,0,0,1,1,1,215,FALSE,2852500,1947500,,,,5204,FALSE,1055,TRUE,Gevora
EFAS,12,5205,Gévora en Valdebotoa,-6.929487,38.963952,1,,-,Guadiana,ES,2075,1889,Guadiana,,0,TRUE,1,0,0,1,1,1,178,FALSE,2857500,1927500,,,,5205,FALSE,1055,TRUE,Gevora
EFAS,12,5206,Rivilla en Badajoz,-6.956919,38.868184,1,,-,Guadiana,ES,48875,311,Guadiana,,0,TRUE,1,0,0,1,1,1,170,FALSE,2852500,1917500,,,,5206,FALSE,1055,TRUE,Rivilla
EFAS,12,5207,Calamón en Calamón,-6.95974,38.827068,1,,-,Guadiana,ES,125,100,Guadiana,,0,TRUE,1,0,0,1,1,1,187,FALSE,2852500,1912500,,,,5207,FALSE,1055,TRUE,Calamon
EFAS,12,5208,Ardila en Oliva,-6.885575,38.230532,1,,-,Guadiana,ES,1750,1800,Guadiana,,0,TRUE,1,0,0,1,1,1,203,FALSE,2847500,1847500,,,,5208,FALSE,1055,TRUE,Ardila
EFAS,12,5209,Guadiana en Villanueva,-5.818698,39.02475,1,,-,Guadiana,ES,35125,31469,Guadiana,,0,TRUE,0,0,0,1,1,1,251,FALSE,2952500,1912500,,,,5209,FALSE,1055,FALSE,Guadiana
EFAS,12,5210,Guadiana en Medellín,-5.956428,38.971473,1,,-,Guadiana,ES,37025,36761,Guadiana,,0,FALSE,0,0,0,0,1,1,236,FALSE,2942500,1912500,,,,5210,FALSE,1055,FALSE,Guadiana
EFAS,12,5211,Guadiana en Talavera,-6.762084,38.902518,1,,-,Guadiana,ES,44950,44671,Guadiana,,0,TRUE,1,0,0,1,1,1,178,FALSE,2872500,1917500,,,,5211,FALSE,1055,TRUE,Guadiana
EFAS,12,5212,Guadiana en Charco de los Pollos,-7.044688,38.845086,1,,-,Guadiana,ES,48925,48563,Guadiana,,0,TRUE,1,0,0,1,1,1,158,FALSE,2847500,1917500,,,,5212,FALSE,1055,TRUE,Guadiana
EFAS,12,5213,Múrtigas en Encinasola,-6.918658,38.133408,1,,-,Guadiana,ES,825,673,Guadiana,,0,TRUE,1,0,0,1,1,1,219,FALSE,2837500,1837500,,,,5213,FALSE,1055,TRUE,Murtigas
EFAS,12,5214,Banja Luka,17.18852,44.76468,1,,-,Danube,BA,3450,4588,Danube,,0,TRUE,1,1,1,0,1,1,151.21,FALSE,4892500,2432500,,,mapped on 5km grid,5214,FALSE,1076,TRUE,Vrbas
EFAS,12,5215,Delibasino Selo,17.18852,44.76468,1,,-,Danube,BA,4275,5469,Danube,,0,TRUE,1,1,1,0,1,1,151.21,FALSE,4892500,2437500,,,mapped on 5km grid,5215,FALSE,1076,TRUE,Vrbas
EFAS,12,5216,Doboj,18.095683,44.744472,1,,-,Danube,BA,9725,4588,Danube,,1,FALSE,1,1,1,1,1,1,137.01,FALSE,4962500,2437500,,,not mapped - station 2967 on most suitable pixel,5216,FALSE,1076,FALSE,Bosna
EFAS,12,5217,Majevac,17.024121,44.238878,1,,-,Danube,BA,125,,Danube,,0,TRUE,1,1,1,0,1,1,461.53,FALSE,4882500,2372500,6,ID_5217.mod,mapped on 5km grid,5217,FALSE,1076,TRUE,Pliva
EFAS,12,5218,Volari,17.11525,44.292153,1,,-,Danube,BA,600,1665,Danube,,0,TRUE,1,1,1,0,1,1,435.1,FALSE,4887500,2382500,,,mapped on 5km grid,5218,FALSE,1076,TRUE,Pliva
EFAS,12,5219,Vrbanja,17.272768,44.747435,1,,-,Danube,BA,750,778,Danube,,1,FALSE,1,1,1,0,1,1,166.22,FALSE,4897500,2432500,,,not mapped - station 2968 on most suitable pixel,5219,FALSE,1076,FALSE,Vrbanja
EFAS,12,5220,Novi Grad nizvodno,16.384199,45.053559,1,,-,Danube,BA,8725,8507,Danube,,0,TRUE,1,1,1,0,1,1,116.06,FALSE,4822500,2462500,,,mapped on 5km grid,5220,FALSE,1076,TRUE,Una
EFAS,12,5221,Prijedor,16.70386,44.97385,1,,-,Danube,BA,3025,3191,Danube,,0,TRUE,1,1,1,0,1,1,129.68,FALSE,4847500,2452500,,,mapped on 5km grid,5221,FALSE,1076,TRUE,Sana
EFAS,12,5222,Guadiana en La Cubeta,-2.893291,38.775709,1,,-,Guadiana,es,50,856,Guadiana,,0,TRUE,1,0,0,1,1,1,765,FALSE,3197500,1842500,,,,5222,FALSE,1055,TRUE,Guadiana
EFAS,12,5223,Martinrive,5.637124,50.478893,1,,-,Meuse,BE,1100,1068,Meuse,,0,TRUE,1,0,0,1,0,0,,FALSE,4012500,3047500,,,mapped on 5km grid,5223,FALSE,1046,TRUE,Ambleve
EFAS,12,5224,Membre Pont,4.902008,49.863766,1,,-,Meuse,BE,1250,1226,Meuse,,0,TRUE,1,0,0,1,0,0,,FALSE,3957500,2987500,,,mapped on 5km grid,5224,FALSE,1046,TRUE,Smois
EFAS,12,5225,Treignes,4.675973,50.088626,1,,-,Meuse,BE,600,548,Meuse,,0,TRUE,1,0,0,1,0,0,,FALSE,3937500,3012500,,,mapped on 5km grid,5225,FALSE,1046,TRUE,Viroin
EFAS,12,5226,Gendron,4.962814,50.211326,1,,-,Meuse,BE,1425,1286,Meuse,,0,TRUE,1,0,0,1,0,0,,FALSE,3962500,3022500,,,mapped on 5km grid,5226,FALSE,1046,TRUE,Lesse
EFAS,12,5227,Huccorgne,5.167716,50.567506,1,,-,Meuse,BE,325,305,Meuse,,0,TRUE,1,0,0,1,0,0,,FALSE,3977500,3062500,,,mapped on 5km grid,5227,FALSE,1046,TRUE,Mehaigne
EFAS,12,5228,Tabreux,5.535111,50.437972,1,,-,Meuse,BE,1650,1607,Meuse,,0,TRUE,1,0,0,1,0,0,,FALSE,4002500,3047500,,,mapped on 5km grid,5228,FALSE,1046,TRUE,Ourthe
EFAS,12,5229,Tubize,4.196447,50.690257,1,,-,Scheldt,BE,175,215,Scheldt,,0,TRUE,1,0,0,1,0,0,,FALSE,3907500,3077500,,,mapped on 5km grid before confluence,5229,FALSE,1046,TRUE,Senne
EFAS,12,5230,Chaudfontaine Pisc,5.653639,50.58946,1,,-,Meuse,BE,700,683,Meuse,,0,TRUE,1,0,0,1,0,0,,FALSE,4017500,3057500,,,mapped on 5km grid before confluence,5230,FALSE,1046,TRUE,Vesdre
EFAS,12,5231,Solre Us,4.141175,50.309192,1,,-,Meuse,BE,1375,1188,Meuse,,0,TRUE,1,0,0,1,0,0,,FALSE,3902500,3037500,,,mapped on 5km grid,5231,FALSE,1046,TRUE,Haute sambre
EFAS,12,5232,Lessines Us,3.835607,50.705028,1,,-,Scheldt,BE,525,516,Scheldt,,0,TRUE,1,0,0,1,0,0,,FALSE,3887500,3082500,,,mapped on 5km grid,5232,FALSE,1046,TRUE,Dendre
EFAS,12,5233,Aforo en Río Segura - Contraparada,-1.2143,38.009423,0,,-,Segura,ES,10775,282.91,Segura,,0,FALSE,1,0,0,0,0,1,60,FALSE,3332500,1732500,,,,5233,FALSE,1070,FALSE,Segura
EFAS,12,5234,Aforo en Río Segura - Beniscornia,-1.166316,37.984921,0,,-,Segura,ES,10825,400.37,Segura,,0,FALSE,1,0,0,0,0,1,45,FALSE,3337500,1727500,,,,5234,FALSE,1070,FALSE,Segura
EFAS,12,5235,Aforo en Río Segura - Murcia Autovía,-1.137332,37.979213,0,,-,Segura,ES,10850,444.1,Segura,,0,FALSE,1,0,0,0,0,1,43,FALSE,3342500,1727500,,,,5235,FALSE,1070,FALSE,Segura
EFAS,12,5236,Aforo en Río Chícamo. Macisvenda,-1.001886,38.261254,0,,-,Vinalopo,ES,200,348.46,Vinaloppo,,0,FALSE,1,0,0,0,0,1,43,FALSE,3357500,1757500,,,,5236,FALSE,1070,FALSE,Chícamo
EFAS,12,5237,Aforo Canal de Abanilla,-1.074563,38.125754,0,,-,,ES,250,144.43,,,0,FALSE,1,0,0,0,0,1,125,FALSE,3347500,1737500,,,,5237,FALSE,1070,FALSE,
EFAS,12,5238,Aforo en Río Mula - Entrada Embalse La Cierva,-1.506693,38.065633,0,,-,Segura,ES,225,171.72,Segura,,0,FALSE,1,0,0,0,0,1,336,FALSE,3307500,1742500,,,,5238,FALSE,1070,FALSE,Mula
EFAS,12,5239,Aforo en Rbla. Doña Ana (salida E. Doña Ana),-1.552425,38.023133,0,,-,Segura,ES,25,17.67,Segura,,0,FALSE,1,0,0,0,0,0,372,FALSE,3302500,1737500,,,,5239,FALSE,1070,FALSE,Rambla de Doña Ana
EFAS,12,5240,Aforo en Río Pliego (Marco de control),-1.497746,38.017897,0,,-,Segura,ES,300,34.47,Segura,,0,FALSE,1,0,0,0,0,1,280,FALSE,3307500,1737500,,,,5240,FALSE,1070,FALSE,Pliego
EFAS,12,5241,Aforo en Río Mula (Marco de control),-1.364676,38.030558,0,,-,Segura,ES,675,164.78,Segura,,0,FALSE,1,0,0,0,0,1,178,FALSE,3322500,1737500,,,,5241,FALSE,1070,FALSE,Mula
EFAS,12,5242,Aforo en Rbla Salada (Marco de control),-1.266233,37.991145,0,,-,Segura,ES,175,111.96,Segura,,0,FALSE,1,0,0,0,0,1,106,FALSE,3327500,1732500,,,,5242,FALSE,1070,FALSE,Rambla Salada
EFAS,12,5243,Aforo en Río Guadalentín - El Palmar,-1.158827,37.94435,0,,-,Segura,ES,3375,171.27,Segura,,0,FALSE,1,0,0,0,0,1,55,FALSE,3337500,1722500,,,,5243,FALSE,1070,FALSE,Guadalentín
EFAS,12,5244,Aforo Azud de Abanilla,-1.042167,38.174892,0,,-,Vinalopo,ES,425,348.46,Vinalopo,,0,FALSE,1,0,0,0,0,1,125,FALSE,3352500,1747500,,,,5244,FALSE,1070,FALSE,Chícamo
EFAS,12,5245,Aforo en Río Segura - Almadenes,-1.557097,38.238071,0,,-,Segura,ES,,454.65,Segura,,1,FALSE,1,0,0,0,0,1,216,FALSE,,,,,CANNOT BE MAPPED,5245,FALSE,1070,FALSE,Segura
EFAS,12,5246,Aforo en Río Segura - Ojós,-1.339699,38.149133,0,,-,Segura,ES,9550,25.16,Segura,,0,FALSE,1,0,0,0,0,1,118,FALSE,3322500,1747500,,,,5246,FALSE,1070,FALSE,Segura
EFAS,12,5247,Aforo río Segura - Menjú,-1.415348,38.220663,0,,-,Segura,ES,9425,762.31,Segura,,0,FALSE,1,0,0,0,0,1,159,FALSE,3317500,1757500,,,,5247,FALSE,1070,FALSE,Segura
EFAS,12,5248,Aforo en río Segura - Blanca,-1.378167,38.179003,0,,-,Segura,ES,9525,835.34,Segura,,0,FALSE,1,0,0,0,0,1,154,FALSE,3322500,1752500,,,,5248,FALSE,1070,FALSE,Segura
EFAS,12,5249,Aforo río Argos (Ab. Emb. Argos),-1.682442,38.23933,0,,-,Segura,ES,525,58.57,Segura,,0,FALSE,1,0,0,0,0,1,260,FALSE,3292500,1762500,,,,5249,FALSE,1070,FALSE,Argos
EFAS,12,5250,Marco de control en rio Moratalla,-1.740544,38.247715,0,,-,Segura,ES,325,17.7,Segura,,0,FALSE,1,0,0,0,0,1,305,FALSE,3287500,1762500,,,,5250,FALSE,1070,FALSE,Moratalla
EFAS,12,5251,Marco de control en Rbla del Tinajón,-1.274457,38.141523,0,,-,Segura,ES,75,26.43,Segura,,0,FALSE,1,0,0,0,0,1,126,FALSE,3332500,1747500,,,,5251,FALSE,1070,FALSE,Tinajón
EFAS,12,5252,Aforo en Río Segura (Cieza),-1.430588,38.237443,0,,-,Segura,ES,9000,726.73,Segura,,0,FALSE,1,0,0,0,0,1,166,FALSE,3317500,1762500,,,,5252,FALSE,1070,FALSE,Segura
EFAS,12,5253,Aforo en Río Segura (Archena),-1.303757,38.129058,0,,-,Segura,ES,9675,66.09,Segura,,0,FALSE,1,0,0,0,0,1,114,FALSE,3327500,1747500,,,,5253,FALSE,1070,FALSE,Segura
EFAS,12,5254,Aforo en Río Segura (Bayo),-1.689722,38.285532,0,,-,Segura,ES,5450,120.61,Segura,,0,FALSE,1,0,0,0,0,1,298,FALSE,3297500,1767500,,,,5254,FALSE,1070,FALSE,Segura
EFAS,12,5255,Aforo en Río Segura (Calasparra),-1.700928,38.250579,0,,-,Segura,ES,6000,340.68,Segura,,0,FALSE,1,0,0,0,0,1,268,FALSE,3292500,1767500,,,,5255,FALSE,1070,FALSE,Segura
EFAS,12,5256,Aforo río Mundo (Azaraque),-1.660325,38.405838,0,,-,Segura,ES,1050,277.11,Segura,,0,FALSE,1,0,0,0,0,1,350,FALSE,3297500,1782500,,,,5256,FALSE,1070,FALSE,Mundo
EFAS,12,5257,Aforo río Mundo (Liétor),-1.964267,38.542216,0,,-,Segura,ES,650,594.63,Segura,,0,FALSE,1,0,0,0,0,1,538,FALSE,3272500,1797500,,,,5257,FALSE,1070,FALSE,Mundo
EFAS,12,5258,Marco de Control Rbla de Minateda,-1.638669,38.400768,0,,-,Segura,ES,1525,734.2,Segura,,0,FALSE,1,0,0,0,0,1,360,FALSE,3302500,1782500,,,,5258,FALSE,1070,FALSE,Rambla de Minateda
EFAS,12,5259,Aforo en Río Mundo (Aguas abajo Talave),-1.853793,38.503218,0,,-,Segura,ES,800,16.13,Segura,,0,FALSE,1,0,0,0,0,1,491,FALSE,3287500,1792500,,,,5259,FALSE,1070,FALSE,Mundo
EFAS,12,5260,Aforo río Mundo (azud de Lietor),-1.946474,38.535381,0,,-,Segura,ES,675,594.63,Segura,,0,FALSE,1,0,0,0,0,1,538,FALSE,3277500,1797500,,,,5260,FALSE,1070,FALSE,Mundo
EFAS,12,5261,Aforo en Río Mundo (Ag.Ab.Camarillas),-1.66268,38.321226,0,,-,Segura,ES,,12.32,Segura,,1,FALSE,1,0,0,0,0,1,314,FALSE,,,,,CANNOT BE MAPPED,5261,FALSE,1070,FALSE,Mundo
EFAS,12,5262,Aforo en río Taibilla (Confluencia con Segura),-2.159269,38.392876,0,,-,Segura,ES,575,280.81,Segura,,0,FALSE,1,0,0,0,0,1,513,FALSE,3252500,1782500,,,,5262,FALSE,1070,FALSE,Taibilla
EFAS,12,5263,Aforo en Río Segura (Aguas abajo Cenajo),-1.769561,38.368171,0,,-,Segura,ES,2600,3.14,Segura,,0,FALSE,1,0,0,0,0,1,366,FALSE,3287500,1777500,,,,5263,FALSE,1070,FALSE,Segura
EFAS,12,5264,Aforo en Río Segura (Aguas abajo Fuensanta),-2.209057,38.396194,0,,-,Segura,ES,,29.4,Segura,,1,FALSE,1,0,0,0,0,1,544,FALSE,,,,,CANNOT BE MAPPED,5264,FALSE,1070,FALSE,Segura
EFAS,12,5265,Aforo río Segura (Las Juntas),-2.454538,38.218408,0,,-,Segura,ES,325,191.31,Segura,,0,FALSE,1,0,0,0,0,1,723,FALSE,3222500,1772500,,,,5265,FALSE,1070,FALSE,Segura
EFAS,12,5266,Aforo río Segura (La Graya),-2.347544,38.307463,0,,-,Segura,ES,825,378.12,Segura,,0,FALSE,1,0,0,0,0,1,662,FALSE,3237500,1777500,,,,5266,FALSE,1070,FALSE,Segura
EFAS,12,5267,Marco de control río Guadalentín Salabosque,-1.144504,37.947751,0,,-,Segura,ES,3400,26.12,Segura,,0,FALSE,1,0,0,0,0,1,48,FALSE,3342500,1722500,,,,5267,FALSE,1070,FALSE,Guadalentín
EFAS,12,5268,MC Rbla.Charcones (La Escarihuela) Vano1,-1.719881,37.48834,0,,-,Almanzora,ES,25,30.66,Almanzora,,0,FALSE,1,0,0,0,0,1,271,FALSE,3282500,1682500,,,,5268,FALSE,1070,FALSE,Rambla Charcones
EFAS,12,5269,MC Rmb.Charcones (Pulpí),-1.742937,37.416489,0,,-,Almanzora,ES,50,115.44,Almanzora,,0,FALSE,1,0,0,0,0,1,195,FALSE,3277500,1677500,,,,5269,FALSE,1070,FALSE,Rambla Charcones
EFAS,12,5270,Marco de Control Rbla del Pinar Vano1,-1.762721,37.374795,0,,-,Almanzora,ES,200,176.5,Almanzora,,0,FALSE,1,0,0,0,0,1,138,FALSE,3277500,1672500,,,,5270,FALSE,1070,FALSE,Rambla del Pinar
EFAS,12,5271,Marco de Control Rbla Guazamara Vano1,-1.781738,37.348241,0,,-,Almanzora,ES,275,230.09,Almanzora,,0,FALSE,1,0,0,0,0,1,139,FALSE,3277500,1667500,,,,5271,FALSE,1070,FALSE,Rambla de Guazamara
EFAS,12,5272,Marco de Control Rbla Las Gachas,-1.776481,37.33145,0,,-,Almanzora,ES,,300.74,Almanzora,,1,FALSE,1,0,0,0,0,1,86,FALSE,,,,,CANNOT BE MAPPED,5272,FALSE,1070,FALSE,Rambla las Gachas
EFAS,12,5273,Marco de Control Rbla Canalejas Vano1,-1.764845,37.311083,0,,-,Almanzora,ES,300,262.57,Almanzora,,0,FALSE,1,0,0,0,0,1,58,FALSE,3272500,1662500,,,,5273,FALSE,1070,FALSE,Rambla Canalejas
EFAS,12,5274,Marco de Control Río Almanzora Vano1,-1.779163,37.243978,0,,-,Almanzora,ES,2625,400.73,Almanzora,,0,FALSE,1,0,0,0,0,1,2,FALSE,3272500,1652500,,,,5274,FALSE,1070,FALSE,Almanzora
EFAS,12,5275,Marco de Control Rbla Chirivel,-2.26791,37.593895,0,,-,Segura,ES,75,95.76,Segura,,0,FALSE,1,0,0,0,0,1,1039,FALSE,3232500,1702500,,,,5275,FALSE,1070,FALSE,Rambla de Chirivel
EFAS,12,5276,M.C. Rbla Chirivel (Vélez Rubio) Vano1,-2.059148,37.644455,0,,-,Segura,ES,300,275.56,Segura,,0,FALSE,1,0,0,0,0,1,759,FALSE,3252500,1702500,,,,5276,FALSE,1070,FALSE,Rambla de Chirivel
EFAS,12,5277,Marco de Control Río Chico (Vélez Rubio),-2.078798,37.655817,0,,-,Segura,ES,225,294.34,Segura,,0,FALSE,1,0,0,0,0,1,837,FALSE,3247500,1702500,,,,5277,FALSE,1070,FALSE,Chico
EFAS,12,5278,M.C. Barranco La Fuente (Vélez Blanco),-2.095299,37.69268,0,,-,Segura,ES,100,398.68,Segura,,0,FALSE,1,0,0,0,0,1,1048,FALSE,3252500,1707500,,,,5278,FALSE,1070,FALSE,Barranco la Fuente
EFAS,12,5279,Marco de control en Puerto Lumbreras,-1.812224,37.561155,0,,-,Segura,ES,125,133.6,Segura,,0,FALSE,1,0,0,0,0,1,486,FALSE,3272500,1692500,,,,5279,FALSE,1070,FALSE,Nogalte
EFAS,12,5280,Aforo Guadalentin (Lorca),-1.691004,37.676042,0,,-,Segura,ES,1875,397.48,Segura,,0,FALSE,1,0,0,0,0,1,331,FALSE,3282500,1702500,,,,5280,FALSE,1070,FALSE,Guadalentín
EFAS,12,5281,Caudal derivado por Rbla Tiata,-1.691031,37.67597,0,,-,Segura,ES,1900,397.48,Segura,,0,FALSE,1,0,0,0,0,1,331,FALSE,3287500,1702500,,,,5281,FALSE,1070,FALSE,Guadalentín
EFAS,12,5282,MC en La Puebla . Rbla Albujón,-0.914553,37.720678,0,,-,Albujón,ES,675,710.77,Albujón,,0,FALSE,1,0,0,0,0,1,19,FALSE,3352500,1697500,,,,5282,FALSE,1070,FALSE,Rambla del Albujón
EFAS,12,5283,MC en Pozo Estrecho. Rbla Albujón,-0.979409,37.723903,0,,-,Albujón,ES,500,649.14,Albujón,,0,FALSE,1,0,0,0,0,1,41,FALSE,3347500,1697500,,,,5283,FALSE,1070,FALSE,Rambla del Albujón
EFAS,12,5284,MC en Rambla del Albujón,-1.04921,37.72131,0,,-,Albujón,ES,400,498.74,Albujón,,0,FALSE,1,0,0,0,0,1,71,FALSE,3342500,1697500,,,,5284,FALSE,1070,FALSE,Rambla del Albujón
EFAS,12,5285,MC en El Estrecho. Rbla Albujón,-1.10764,37.726296,0,,-,Albujón,ES,375,369.89,Albujón,,0,FALSE,1,0,0,0,0,1,93,FALSE,3337500,1697500,,,,5285,FALSE,1070,FALSE,Rambla del Albujón
EFAS,12,5286,MC en Fuente Álamo. Rbla Albujón,-1.172217,37.724709,0,,-,Albujón,ES,175,157.95,Albujón,,0,FALSE,1,0,0,0,0,1,126,FALSE,3327500,1697500,,,,5286,FALSE,1070,FALSE,Rambla del Albujón
EFAS,12,5287,MC en Los Cegarras. Rbl de la Murta,-1.144595,37.75401,0,,-,Albujón,ES,100,213.23,Albujón,,0,FALSE,1,0,0,0,0,1,148,FALSE,3337500,1702500,,,,5287,FALSE,1070,FALSE,Rambla de la Murta
EFAS,12,5288,MC en RM332. Rbla Moreras,-1.316573,37.588455,0,,-,Moreras,ES,250,306.74,Moreras,,0,FALSE,1,0,0,0,0,1,31,FALSE,3317500,1687500,,,,5288,FALSE,1070,FALSE,Rambla Moreras
EFAS,12,5289,MC en Las Hermanillas. Rbla Moreras,-1.343309,37.635573,0,,-,Moreras,ES,475,241.14,Moreras,,0,FALSE,1,0,0,0,0,1,85,FALSE,3117500,1692500,,,,5289,FALSE,1070,FALSE,Rambla Moreras
EFAS,12,5290,MC en Camposol. Rbla Moreras,-1.34972,37.671257,0,,-,Moreras,ES,,149.3,Moreras,,1,FALSE,1,0,0,0,0,1,111,FALSE,,,,,CANNOT BE MAPPED,5290,FALSE,1070,FALSE,Rambla Moreras
EFAS,12,5291,MC en RM315. Rbla Moreras,-1.420922,37.715671,0,,-,Segura,ES,2725,44.33,Segura,,0,FALSE,1,0,0,0,0,1,208,FALSE,3312500,1702500,,,,5291,FALSE,1070,FALSE,Rambla Moreras
EFAS,12,5292,MC en Los Patojos. Rbla Benipila,-1.012786,37.621408,0,,-,Benipila,ES,150,91.71,Benipila,,0,FALSE,1,0,0,0,0,1,14,FALSE,3347500,1687500,,,,5292,FALSE,1070,FALSE,Benipila
EFAS,12,5293,MC en Canteras. Rbla Canteras,-1.043578,37.610964,0,,-,Benipila,ES,,22.93,Benipila,,1,FALSE,1,0,0,0,0,1,58,FALSE,,,,,CANNOT BE MAPPED,5293,FALSE,1070,FALSE,Rambla Canteras
EFAS,12,5294,MC en Cedacero. Rbla La Azohía,-1.147127,37.591609,0,,-,Azohia,ES,25,60.79,Azohia,,0,FALSE,1,0,0,0,0,1,256,FALSE,3332500,1687500,,,,5294,FALSE,1070,FALSE,Rambla Azohia
EFAS,12,5295,MC en Ramonete. Rbla Miñarros,-1.4772,37.54137,0,,-,Ramonete,ES,75,246.77,Ramonete,,0,FALSE,1,0,0,0,0,1,177,FALSE,3302500,1682500,,,,5295,FALSE,1070,FALSE,Rambla Miñarros
EFAS,12,5296,MC Casas Estrechas. Rbla Cab.Negro,-1.069686,37.607666,0,,-,El Portús,ES,75,60.79,El Portus,,0,FALSE,1,0,0,0,0,1,66,FALSE,3342500,1687500,,,,5296,FALSE,1070,FALSE,Rambla Cabezo Negro
EFAS,12,5297,MC Lomo de Escribano. Rbl Minglano Cañarate,-1.627243,37.432656,0,,-,Charcón,ES,125,148.06,Charcon,,0,FALSE,1,0,0,0,0,1,102,FALSE,3287500,1672500,,,,5297,FALSE,1070,FALSE,Rambla Minglano Cañarate
EFAS,12,5298,MC en Cope-Águilas. Rbla Quiñoneros,-1.563953,37.416868,0,,-,Quiñoneros,ES,150,98.71,Quinoneros,,0,FALSE,1,0,0,0,0,1,17,FALSE,3292500,1672500,,,,5298,FALSE,1070,FALSE,Rambla Quiñoneros
EFAS,12,5299,MC en Desemb.Rambla Albujón,-0.86107,37.716261,0,,-,Albujón,ES,700,789.74,Albujion,,0,FALSE,1,0,0,0,0,1,19,FALSE,3357500,1697500,,,,5299,FALSE,1070,FALSE,Rambla del Albujón
EFAS,12,5300,MC en La Maraña - Balsicas,-0.941563,37.79525,0,,-,La Maraña,ES,75,325.19,La Marana,,0,FALSE,1,0,0,0,0,1,19,FALSE,3352500,1702500,,,,5300,FALSE,1070,FALSE,Rambla de la Maraña
EFAS,12,5301,Marco de control en Rbla de Benipila,-0.994032,37.60362,0,,-,Benipila,ES,200,152.85,Benipla,,0,FALSE,1,0,0,0,0,1,6,FALSE,3347500,1682500,,,,5301,FALSE,1070,FALSE,Benipila
EFAS,12,5302,Aforo en rio Segura(Beniel),-1.006225,38.048188,0,,-,Segura,ES,,634.62,Benipila,,1,FALSE,1,0,0,0,0,1,30,FALSE,,,,,CANNOT BE MAPPED,5302,FALSE,1070,FALSE,Segura
EFAS,12,5303,Aforo en rio Segura (Jacarilla),-0.870988,38.072344,0,,-,Segura,ES,14900,988.41,Benipila,,0,FALSE,1,0,0,0,0,1,21,FALSE,3362500,1732500,,,,5303,FALSE,1070,FALSE,Segura
EFAS,12,5304,Aforo en río Segura. Orihuela,-0.939363,38.084716,0,,-,Segura,ES,,741.8,Benipila,,1,FALSE,1,0,0,0,0,1,18,FALSE,,,,,CANNOT BE MAPPED,5304,FALSE,1070,FALSE,Segura
EFAS,12,5305,Aforo en la cola del Azarbe de Merancho,-1.006435,38.0604,0,,-,Segura,ES,,390.05,Benipila,,1,FALSE,1,0,0,0,0,1,27,FALSE,,,,,CANNOT BE MAPPED,5305,FALSE,1070,FALSE,Azarbe del Merancho
EFAS,12,5306,Río Segura-Azud de los Huertos,-0.971711,38.075342,0,,-,Segura,ES,14725,699.81,Benipila,,0,FALSE,1,0,0,0,0,1,33,FALSE,3352500,1737500,,,,5306,FALSE,1070,FALSE,Segura
EFAS,12,5307,Aforo en la cola del Azarbe de Hurchillo,-0.896485,38.072635,0,,-,Segura,ES,14800,57.44,Benipila,,0,FALSE,1,0,0,0,0,1,28,FALSE,3362500,1737500,,,,5307,FALSE,1070,FALSE,Azarbe Major
EFAS,12,5308,Aforo Río Segura (Alquerías),-1.043884,38.012572,0,,-,Segura,ES,14350,567.05,Benipila,,0,FALSE,1,0,0,0,0,1,33,FALSE,3347500,1732500,,,,5308,FALSE,1070,FALSE,Segura
EFAS,12,5309,Aforo en Manzano y Ferrer,-0.899205,38.084885,0,,-,Segura,ES,,945.33,Benipila,,1,FALSE,1,0,0,0,0,1,22,FALSE,,,,,CANNOT BE MAPPED,5309,FALSE,1070,FALSE,Segura
EFAS,12,5381,Aforo en rio Segura (Azud de Rojales),-0.721504,38.089158,0,,-,Segura,ES,14975,1117.65,Benipila,,0,FALSE,1,0,0,0,0,1,12,FALSE,3377500,1732500,,,,5381,FALSE,1070,FALSE,Segura
EFAS,12,5388,Aforo en Benejúzar,-0.852116,38.077872,0,,-,Segura,ES,14925,1002.77,Benipila,,0,FALSE,1,0,0,0,0,1,21,FALSE,3367500,1732500,,,,5388,FALSE,1070,FALSE,Segura
EFAS,12,5389,Aforo en Formentera,-0.743557,38.083547,0,,-,Segura,ES,14950,1103.29,Benipila,,0,FALSE,1,0,0,0,0,1,12,FALSE,3372500,1732500,,,,5389,FALSE,1070,FALSE,Segura
EFAS,12,5390,Aforo AA Rojales,-0.713146,38.091324,0,,-,Segura,ES,15000,1132.01,Benipila,,0,FALSE,1,0,0,0,0,1,11,FALSE,3382500,1732500,,,,5390,FALSE,1070,FALSE,Segura
