station_id,name,X,Y,area,subcatchment,river,catchment,country,strahler,pfafstetter
21,Eisenhuettenstadt,4642500.0,3237500.0,51150.0,"Oder, below Neisse",Oder,Oder,DE,1.0,3111
2025,GREBENAU,4287500.0,3117500.0,3025.0,Fulda,Fulda,Weser,DE,2.0,631
315,Nye Stai,4377500.0,4267500.0,8925.0,"Glomma, headwaters",Glomma,Glomma,NO,1.0,315
2912,S GIOVANNI ALLA VENA,4372500.0,2282500.0,8050.0,Arno,Canale Imperiale,Arno,IT,1.0,1
62,Bonn,4117500.0,3072500.0,140775.0,Rhine,Rhine,Rhine,DE,,3511
793,Vranceni,5612500.0,2712500.0,4175.0,Siret,Trotus,Danube,RO,,41611
1933,L'Aisne à Givry,3927500.0,2947500.0,2975.0,Oise,Aisne,Seine,FR,2.0,441
2131,TOREBRO KRV (POWERSTATION),4577500.0,3667500.0,3775.0,Helge,Helge,Helge,SE,1.0,1
884,Schwabelweis,4482500.0,2882500.0,35625.0,Danube,Danube,Danube,DE,,211311
1843,BRZEG,4852500.0,3112500.0,19875.0,"Oder, below Easter Neisse",Oder,Oder,PL,1.0,7571
638,Matarraña En Nonaspe,3497500.0,2067500.0,1150.0,Matarranya,Matarranya,Ebro,ES,2.0,1211
492,ŻABNO,5097500.0,3052500.0,6900.0,Dunajec,Dunajec,Vistula,PL,2.0,6111
1851,BRZEG DOLNY,4792500.0,3147500.0,26575.0,"Oder, below Easter Neisse",Oder,Oder,PL,1.0,7511
2039,PONTE DE CANAVEZES,2807500.0,2192500.0,3250.0,Tamega,Tamega,Douro,PT,2.0,2111
2184,TRENTO,4407500.0,2552500.0,9575.0,Adige,Adige,Adige,IT,1.0,1
533,CIGACICE,4707500.0,3227500.0,39025.0,"Oder, below Barycz",Oder,Oder,PL,1.0,7111
631,Ebro En Mendavia,3312500.0,2232500.0,12025.0,Ebro,Ebro,Ebro,ES,1.0,13111
3355,"Nilakka, Äyskoski",5162500.0,4532500.0,2350.0,Kymijoki,Koskilampi,Kymijoki,fi,2.0,41
529,DOBROSZÓW WIELKI,4687500.0,3192500.0,5375.0,Bobr,Bobr,Oder,PL,2.0,6111
815,Bekes duzzaszto f.,5172500.0,2692500.0,9475.0,Tisa,Koros,Danube,HU,,124511
2322,PARK,3577500.0,3837500.0,1800.0,Dee,Dee,Dee,UK,1.0,1
551,NOWE DREZDENKO,4717500.0,3322500.0,16850.0,Warta,Notec,Oder,PL,3.0,2211
696,Sarvar,4847500.0,2707500.0,5575.0,Raab,Raba,Danube,HU,,172111
155,Fischerau / Ager,4602500.0,2777500.0,1225.0,Traun,Ager,Danube,AT,,191812
3184,La Gartempe à Montmorillon,3622500.0,2632500.0,1825.0,Vienne,Gartempe,Loire,FR,,4223
2822,Farigliano,4152500.0,2372500.0,1450.0,Tanaro,Tanaro,Po,IT,,8511
1174,Peral De Arlanza,3162500.0,2217500.0,2450.0,Pisuerga,Arlanza,Douro,ES,4.0,18621
1019,Polmak nye,4997500.0,5302500.0,13825.0,Tana,Tana,Tana,NO,1.0,1
2632,KARTENA,5037500.0,3707500.0,1200.0,Minija,Minija,Nemunas,LT,2.0,121
1489,Bredon,3492500.0,3282500.0,2675.0,Avon,Avon,Severn,UK,2.0,2
1820,ŻUKÓW,5017500.0,3287500.0,7225.0,"Vistula, below Narew",Bzura,Vistula,PL,2.0,1611
3280,Upptyppingar,3097500.0,4887500.0,1975.0,Bakkahlaup,Jokulsa A Fjollum,Jkuls Fjllum,IS,1.0,3
3007,Alarcon,3277500.0,1917500.0,2950.0,Jucar,Jucar,Jucar,ES,1.0,93
1968,SPIELFELD,4747500.0,2642500.0,9625.0,Drava,Mur,Danube,AT,,142111
1939,JONAVA,5222500.0,3637500.0,24425.0,Neris,Neris,Nemunas,LT,2.0,211
14,Wittenberge,4432500.0,3327500.0,123300.0,Elbe,Elbe,Elbe,DE,1.0,1151
110,Boos,4157500.0,2967500.0,2850.0,Nahe,Nahe,Rhine,DE,,6111
2841,VADOMOJON 5066,3062500.0,1732500.0,1250.0,Guadajoz,Guadajoz,Guadalquivir,ES,2.0,611
51,St.Arnual,4102500.0,2902500.0,3900.0,Moselle,Saar,Rhine,DE,,4211
598,Aragon En Caparroso,3362500.0,2212500.0,5550.0,Aragon,Aragon,Ebro,ES,2.0,10311
2024,AFFOLDERN,4262500.0,3112500.0,1625.0,Fulda,Eder,Weser,DE,3.0,623
2737,GLODENI,5432500.0,2727500.0,3900.0,Tisa,Mures,Danube,RO,,122711
3186,La Creuse à Leugny,3617500.0,2682500.0,7950.0,Vienne,Creuse,Loire,FR,,4211
458,Augsburg Oberhausen,4382500.0,2802500.0,1275.0,Lech,Wertach,Danube,DE,,212012
248,Pirot,5347500.0,2307500.0,1700.0,Danube,Nisava,Danube,RS,,83211
870,Ilok,5052500.0,2502500.0,255550.0,Danube,Danube,Danube,HR,,131111
223,Hart im Zillertal,4462500.0,2692500.0,1175.0,Inn,Ziller,Danube,AT,,203321
610,Rioalcanadre En P.Alcofea,3477500.0,2142500.0,1300.0,Segre,Alcanadre,Ebro,ES,4.0,2243
1855,WRONKI,4732500.0,3302500.0,30000.0,Warta,Warta,Oder,PL,2.0,2511
2699,KHIDMAGHALA,6877500.0,2657500.0,1175.0,Black sea coastal and small river basins,Supsa,Supsa,GE,1.0,1
2224,MOSINA,4787500.0,3257500.0,1700.0,Warta,KANAL MOSINSKI,Oder,PL,2.0,2541
684,Kunszentmarton,5102500.0,2692500.0,27000.0,Tisa,Harmas-Koros,Danube,HU,,124111
2493,SOEYLEMEZ (MESCITLI),6972500.0,2422500.0,2550.0,KURA,ARAS RIVER,Kura,TR,2.0,25
1915,La Loire à Saumur,3567500.0,2732500.0,81425.0,Loire,Loire,Loire,FR,,3311
68,Rheinweiler,4137500.0,2737500.0,36650.0,Rhine,Rhine,Rhine,DE,,11711
4530,Frkljevci,4932500.0,2492500.0,1425.0,Sava,Orljava,Danube,HR,,105211
2534,RUSE,5597500.0,2447500.0,661420.0,Danube,Danube,Danube,RO,,51511
692,Paks,4997500.0,2652500.0,188100.0,Danube,Danube,Danube,HU,,153111
287,Chmelnica,5097500.0,2967500.0,1325.0,Dunajec,Poprad,Vistula,SK,3.0,6211
3144,La Marne à Châlons-en-Champagne,3907500.0,2887500.0,6250.0,Marne,Marne,Seine,FR,2.0,611
2989,Cenajo,3292500.0,1777500.0,2650.0,Segura,Segura,Segura,ES,1.0,1
2001,NIKAKOSKI (NEAR THE MOUTH),5007500.0,4637500.0,3525.0,Kalajoki,Kalajoki,Kalajoki,FI,1.0,1
1727,Lelitka,5602500.0,3092500.0,4125.0,Southern Bug,Southern Bug,Bug,UA,1.0,3
359,Laupen,4112500.0,2647500.0,1925.0,Aare,Saane,Rhine,CH,,12611
566,Melnik,4637500.0,3037500.0,42025.0,"Elbe, below Vltava",Elbe,Elbe,CZ,1.0,11111
4211,Litija,4692500.0,2562500.0,4800.0,Sava,Sava,Danube,SI,,109311
2502,BAGISTAS,6722500.0,2277500.0,15275.0,Euphrates,Euphrates,Tigris & Euphrates,TR,1.0,13
2818,Hron,4967500.0,2787500.0,5350.0,Hron,Hron,Danube,sk,,156111
886,Pfelling,4522500.0,2867500.0,37750.0,Danube,Danube,Danube,DE,,211311
591,Shirocovo,5602500.0,2407500.0,1425.0,Danube,Cherni Lom,Danube,BG,,51611
2193,THJORSARTUN,2862500.0,4842500.0,8425.0,Pjorsa,Thjorsa,Pjorsa,IS,1.0,1
781,Ocna Mures,5382500.0,2687500.0,10000.0,Tisa,Mures,Danube,RO,,122511
596,Ega En Andosilla,3337500.0,2222500.0,1425.0,Ega,Ega,Ebro,ES,2.0,12111
119,Ilbenstadt,4232500.0,3017500.0,1075.0,Main,Nidda,Rhine,DE,,8211
2801,Turia o Guadalaviar En LaPresa,3422500.0,1882500.0,6300.0,Turia,Turia,Turia,ES,1.0,1
1619,Brest ,5262500.0,3307500.0,5800.0,Narew,Muchavets,Vistula,BY,4.0,2418
134,Isohaara,4987500.0,4817500.0,52475.0,"Kemijoki, below Ounasjoki",Kemijoki,Kemijoki,FI,1.0,11
2993,Talarn o Tremp,3567500.0,2162500.0,2175.0,Segre,Noguera Pallaresa,Ebro,ES,3.0,2611
79,Lichtenwalde 1,4532500.0,3092500.0,1600.0,Mulde,Zschopau,Elbe,DE,4.0,6221
2791,Borgoforte,4387500.0,2437500.0,63275.0,Po,Po,Po,IT,,1711
3025,Brodské,4837500.0,2867500.0,9950.0,Morava,Morava,Danube,SK,,183111
2883,Mankala,5202500.0,4307500.0,28225.0,Kymijoki,Kymijoki,Kymijoki,FI,1.0,31
4344,La Presa,3417500.0,1887500.0,6275.0,Turia,Turia,Turia,ES,1.0,1
1888,BUDESTI,5622500.0,2487500.0,10775.0,Danube,Arges,Danube,RO,,51411
302,Elverum,4407500.0,4202500.0,15450.0,"Glomma, headwaters",Glomma,Glomma,NO,1.0,313
1810,ZGŁOBICE,5097500.0,3032500.0,5775.0,Dunajec,Dunajec,Vistula,PL,2.0,6111
2919,Le Blavet a Languidic [Quellenec],3332500.0,2832500.0,2075.0,Blavet,Blavet,Blavet,FR,1.0,1
1951,SKALLBOELE KRV,4682500.0,4382500.0,11925.0,Ljungan,Ljungan,Ljungan,SE,1.0,1
1036,Syrstad,4307500.0,4437500.0,2275.0,Orkla,Orkla,Orkla,NO,1.0,1
2177,KETZIN,4507500.0,3262500.0,16075.0,Havel,Havel,Elbe,DE,2.0,2111
3308,Gera Lario - Fuentes,4277500.0,2557500.0,2600.0,Adda,Adda,Po,IT,,4511
275,Hubová,4997500.0,2927500.0,2100.0,Vah,Vah,Danube,SK,,163701
1399,Nava Weir,3227500.0,3517500.0,1725.0,Boyne,Boyne,Boyne,IE,1.0,3
53,Diez Hafen,4182500.0,3032500.0,4900.0,Lahn,Lahn,Rhine,DE,,5211
575,Dluhonice,4857500.0,2952500.0,1575.0,Morava,Becva,Danube,CZ,,183411
1447,Nelas,2822500.0,2112500.0,1100.0,Mondego,Mondego,Mondego,PT,1.0,5
1795,KOPICE,4847500.0,3082500.0,3775.0,Eastern Neisse,Eastern Neisse,Oder,PL,2.0,8111
1897,L'Adour à Cahuzac-Sur-Adour,3512500.0,2332500.0,1300.0,Adour,Adour,Adour,FR,1.0,35
64,Heidelberg UP,4227500.0,2922500.0,13900.0,Neckar,Neckar,Rhine,DE,,10111
1907,L'Allier à Moulins,3807500.0,2622500.0,13075.0,Allier,Allier,Loire,FR,,8111
2088,ZRUC NAD SAZAVOU,4692500.0,2972500.0,1400.0,Vltava,Sazava,Elbe,CZ,3.0,12411
168,Admont (Enns),4662500.0,2727500.0,2650.0,Enns,Enns,Danube,AT,,191611
1702,Chernihiv,5777500.0,3357500.0,81425.0,Desna,Desna,Dnieper,UA,2.0,411
2240,NOWY SACZ,5092500.0,3002500.0,4825.0,Dunajec,Dunajec,Vistula,PL,2.0,6111
2861,Ciguela En Villafranca De Los Caballeros,3177500.0,1917500.0,3275.0,Ciguela,Ciguela,Guadiana,ES,2.0,1631
2842,PUENTE NUEVO 5036,3012500.0,1792500.0,1075.0,Guadajoz,Guadiato,Guadalquivir,ES,2.0,541
2491,SIMSIRLI,6762500.0,2472500.0,1025.0,Black sea coastal and small river basins,Iyidere,Iyidere,TR,1.0,1
1181,Zamora,3007500.0,2182500.0,46025.0,Douro,Douro,Douro,ES,1.0,15111
2023,CELLE,4332500.0,3277500.0,4675.0,Aller,Aller,Weser,DE,2.0,231
1408,Cahir Park,3112500.0,3402500.0,1625.0,Suir,Suir,Barrow,IE,2.0,2
2722,Vyss_Brott_Vitara,4642500.0,2847500.0,1150.0,Vltava,Vltava,Elbe,CZ,2.0,12931
834,Boretto,4367500.0,2422500.0,55525.0,Po,Po,Po,IT,,3111
2238,GOLENIOW,4642500.0,3387500.0,3275.0,"Oder, below Warta",Ina,Oder,PL,2.0,1211
3189,Le Thouet à Missé [Missé],3547500.0,2702500.0,1150.0,Thouet,Thouet,Loire,FR,,3211
603,Cinca En Fraga,3512500.0,2102500.0,9700.0,Segre,Cinca,Ebro,ES,2.0,2211
2488,KALEBOGAZI,6422500.0,2172500.0,3975.0,Kizilirmak,KANAK CAYI,Kizilirmak,TR,2.0,2
1264,Río Miño en Cela Brazo Izquierdo,2902500.0,2397500.0,1050.0,Minho,Minho,Minho,ES,1.0,351
350,"Luzern, Geissmattbrücke",4192500.0,2662500.0,2800.0,Aare,Reuss,Rhine,CH,,12411
1050,Bruhaug,4277500.0,4102500.0,3500.0,Lagen,Numedalslagen,Lagen,NO,1.0,1
5223,Martinrive,4012500.0,3047500.0,1100.0,Meuse,Ambleve,Rhine,BE,,2441
1952,LJUSNE STROEMMAR KRV,4697500.0,4257500.0,20075.0,Ljusnan,Ljusnan,Ljusnan,SE,1.0,1
4293,E.A 139 Villora,3322500.0,1927500.0,1300.0,Cabriel,Cabriel,Jucar,ES,2.0,63
2749,Tarnava Mica - BLAJ,5392500.0,2667500.0,2050.0,Tisa,Tarnava Mare,Danube,RO,,122411
1473,Segura,2877500.0,2022500.0,1000.0,Erges,Erges,Tagus,PT,2.0,521
4110,Tevere a Villa Spada,4527500.0,2102500.0,15675.0,"Tiber, below Nera",Tiber,Tiber,IT,1.0,311
231,Kusic,5232500.0,2487500.0,1425.0,Danube,Nera,Danube,RS,,72211
75,Wechselburg 1,4517500.0,3102500.0,2125.0,Mulde,Zwickauer Mulde,Elbe,DE,2.0,6311
2623,KNYAZHEGUBSKOYE GES,5297500.0,5007500.0,22400.0,Tumcha,KOVDA,Tumcha,RU,1.0,1
477,Münchshofen,4467500.0,2902500.0,4025.0,Naab,Naab,Danube,DE,,211611
1919,Le Rhone à Lyon [Perrache],3922500.0,2532500.0,20700.0,Rhone,Rhone,Rhone,FR,1.0,711
188,Stiefern,4737500.0,2847500.0,1450.0,Kamp,Kamp,Danube,AT,,191211
584,Orehovica,5477500.0,2387500.0,8375.0,Danube,Iskar,Danube,BG,,71411
4485,Bratinac,5207500.0,2457500.0,1775.0,Danube,Mlava,Danube,RS,,72411
504,ZAWICHOST,5152500.0,3142500.0,50650.0,"Vistula, below San",Vistula,Vistula,PL,1.0,3911
839,Jamnicka Kiselica,4772500.0,2507500.0,6600.0,Sava,Kupa,Danube,HR,,108311
294,Streda nad Bodrogom,5187500.0,2877500.0,10750.0,Tisa,Bodrog,Danube,SK,,128111
3212,Le Célé à Orniac [Les Amis du Célé],3667500.0,2417500.0,1175.0,Lot,Cele,Garonne,FR,3.0,221
2611,NARVA (HEP),5342500.0,4152500.0,57875.0,Narva,Narva,Narva,EE,1.0,1
4525,Kupljenovo,4772500.0,2557500.0,1125.0,Sava,Krapina,Danube,HR,,109121
2886,Jaurakkajarvi-luusua,5137500.0,4782500.0,2550.0,Iijoki,Jaurakkajarvi,Iijoki,FI,2.0,4
912,Mühldorf,4502500.0,2787500.0,12500.0,Inn,Inn,Danube,DE,,203311
1923,L'Isere à Beaumont-Monteux,3922500.0,2447500.0,11850.0,Isere,Isere,Rhone,FR,2.0,411
2922,Le Loir a Villavard,3637500.0,2782500.0,4675.0,Maine,Loir,Loire,FR,,2421
2863,Lempaala plus Kuokkalankoski,5057500.0,4322500.0,8625.0,Kokem,Kuokkalankoski,Kokem,FI,2.0,4
2089,TURICE,4662500.0,3032500.0,2225.0,Jizera,Jizera,Elbe,CZ,2.0,14111
3032,Genil - Puente Tocón,3082500.0,1682500.0,2850.0,Genil,Genil,Guadalquivir,ES,2.0,411
1499,Kegworth,3567500.0,3357500.0,1350.0,Trent,Soar,Trent,UK,2.0,4
1200,Möckeln,4572500.0,3732500.0,1025.0,Helge a,Helge a,Helge,SE,1.0,1
1343,Lytovezh,5322500.0,3152500.0,6800.0,Narew,Bug,Vistula,UA,3.0,2419
1945,VAENERSBORG - VARGOENS KRV,4457500.0,3912500.0,48675.0,Gota,Gota,Gota,SE,1.0,1
593,Svilengrad,5657500.0,2217500.0,20800.0,Evros,Evros,Evros,BG,1.0,1
883,Regensburg Eiserne Brücke,4467500.0,2882500.0,32525.0,Danube,Danube,Danube,DE,,211611
4212,Čatež I,4757500.0,2547500.0,9800.0,Sava,Sava,Danube,SI,,109151
1817,LUBARTÓW,5182500.0,3237500.0,6325.0,Wieprz,Wieprz,Vistula,PL,2.0,3611
274,Liptovský Mikuláš,5022500.0,2932500.0,1125.0,Vah,Vah,Danube,SK,,163701
347,"Baden, Limmatpromenade",4192500.0,2707500.0,2425.0,Aare,Limmat,Rhine,CH,,12211
3267,Faxi,2897500.0,4887500.0,2825.0,Tungufljot,Tungufljot,Oelfusa,IS,3.0,2
158,Kienstock,4727500.0,2827500.0,95975.0,Danube,Danube,Danube,AT,,191311
928,Pettstadt,4392500.0,2967500.0,6975.0,Main,Regnitz,Rhine,DE,,8811
1607,Sharkovshchina,5407500.0,3707500.0,5125.0,Dysna,Dysna,Daugava,BY,2.0,41
2390,RUSHES LOCK,3677500.0,3222500.0,1025.0,Chelmer,Chelmer,Chelmer,UK,1.0,1
3169,L'Allier à Cuffy,3792500.0,2667500.0,14300.0,Allier,Allier,Loire,FR,,8111
3348,"Oulujärvi, Jylhämä",5122500.0,4702500.0,21750.0,Oulujoki,Oulujoki,Oulujoki,FI,1.0,1
2612,TOLMACHEVO,5452500.0,4132500.0,7075.0,Luga,LUGA,Luga,RU,1.0,1
2232,KONIN,4882500.0,3267500.0,13225.0,Warta,Warta,Oder,PL,2.0,2711
2763,MaglajBosna,4962500.0,2422500.0,6850.0,Sava,Bosna,Danube,BA,,104511
354,"Diepoldsau, Rietbrücke",4292500.0,2692500.0,6275.0,Rhine,Rhine,Rhine,CH,,15511
2925,Le Dropt a Loubens,3527500.0,2447500.0,1175.0,Dropt,Dropt,Garonne,FR,2.0,121
2780,Guadiana En Luciana,3082500.0,1882500.0,21325.0,Guadiana,Guadiana,Guadiana,ES,1.0,1131
3136,L'Eure à Cailly-sur-Eure,3682500.0,2927500.0,4500.0,Eure,Eure,Seine,FR,2.0,231
2739,GELMAR,5347500.0,2627500.0,20250.0,Tisa,Mures,Danube,RO,,122311
597,Arga En Funes,3352500.0,2217500.0,2775.0,Aragon,Arga,Ebro,ES,3.0,10211
2778,Duero En San Esteban - Navapalos,3227500.0,2142500.0,6425.0,Douro,Douro,Douro,ES,1.0,19311
3242,Le Doubs à Rochefort-sur-Nenon,3982500.0,2677500.0,5225.0,Saone,Doubs,Rhone,FR,3.0,643
2002,SKATILA (LANSORSUND),4922500.0,4502500.0,4875.0,Kyronjoki,Kyronjoki,Kyronjoki,FI,1.0,1
1975,BAD LIEBENWERDA,4557500.0,3157500.0,3125.0,Schwarze Elster,Schwarze Elster,Elbe,DE,2.0,8111
91,Podrosche 3,4657500.0,3167500.0,2100.0,Neisse,Lusatian Neisse,Oder,DE,2.0,4111
637,Aragon En Cola De Yesa,3422500.0,2232500.0,1500.0,Aragon,Aragon,Ebro,ES,2.0,10711
339,Thun,4137500.0,2632500.0,2650.0,Aare,Aare,Rhine,CH,,12711
4497,Leixlip,3232500.0,3487500.0,1000.0,Liffey,Ryewater,Liffey,IE,1.0,1
245,Korvingrad,5282500.0,2312500.0,9450.0,Velika Morava,Juzna Morava,Danube,RS,,83311
4006,Ura_Vajgurore,5157500.0,2017500.0,2075.0,Seman,Seman,Seman,AL,1.0,1
5228,Tabreux,4002500.0,3047500.0,1650.0,Meuse,Ourthe,Rhine,BE,,2451
1308,Crnece,4702500.0,2627500.0,12150.0,Drava,Drava,Danube,SI,,143171
2804,Camburg,4442500.0,3107500.0,3925.0,Saale,Saale,Elbe,DE,2.0,4511
320,Skarnes,4412500.0,4127500.0,20375.0,"Glomma, headwaters",Glomma,Glomma,NO,1.0,311
2566,RAKHIV,5372500.0,2872500.0,1200.0,Tisa,Tisza,Danube,UA,,129711
473,Kienhof,4507500.0,2902500.0,2150.0,Regen,Regen,Danube,DE,,211411
661,Bekessztandras duzzaszto a.,5117500.0,2697500.0,26275.0,Tisa,Harmas-Koros,Danube,HU,,124111
5078,Osma,3232500.0,2147500.0,1025.0,Ucero,Ucero,Douro,ES,2.0,19411
266,Diest,3972500.0,3107500.0,1950.0,Scheldt,Demer,Scheldt,BE,,24
3011,Serena,2992500.0,1892500.0,7375.0,Zujar,Zujar,Guadiana,ES,2.0,1011
599,Jiloca En Daroca,3362500.0,2067500.0,2675.0,Jalon,Jiloca,Ebro,ES,3.0,8211
2788,Palestro,4202500.0,2457500.0,3025.0,Sesia,Sesia,Po,IT,,9221
645,Jalon En Calatayud,3347500.0,2102500.0,7575.0,Jalon,Jalon,Ebro,ES,2.0,8111
578,Travni Dvur,4792500.0,2872500.0,3450.0,Morava,Thaya,Danube,CZ,,182311
307,Hummelvoll,4377500.0,4367500.0,2450.0,"Glomma, headwaters",Glomma,Glomma,NO,1.0,317
1374,Ness-side,3472500.0,3902500.0,1850.0,Ness,Ness,Ness,UK,1.0,1
2959,La Gartempe a Montmorillon,3622500.0,2637500.0,1875.0,Vienne,Gartempe,Loire,FR,,4223
2118,PUENTE MORENA,3102500.0,1867500.0,2450.0,Jabalon,Jabalon,Guadiana,ES,2.0,1411
4289,Moixent,3382500.0,1817500.0,1075.0,Albaida,Canyoles,Jucar,ES,3.0,42
2877,Onkivesi Viannonkoski,5187500.0,4557500.0,5800.0,Neva,Ahkiolahden kanava,Neva,FI,2.0,23
1573,Lea Bridge,3627500.0,3212500.0,1400.0,Lee,Lee,Thames,UK,2.0,22
1972,LETZTER HELLER,4307500.0,3137500.0,5500.0,Werra,Werra,Weser,DE,2.0,811
2963,La Garonne [totale] a Saint-Gaudens [Valentine-recent],3562500.0,2267500.0,2350.0,"Garonne, headwaters",Garonne,Garonne,FR,1.0,571
4328,Maria Cristina,3452500.0,1937500.0,1450.0,Mijares,Rambla De La Viuda,Mijares,ES,2.0,2
2951,La Sioule a Saint-Priest-des-Champs [Fades-Besserve],3767500.0,2567500.0,1350.0,Allier,Sioule,Loire,FR,,8211
2686,KRASNO-OKTIABRSKIY,6657500.0,2837500.0,1800.0,Kuban,Kurdzhips,Kuban,RU,2.0,4
857,Donja Dubrava,4842500.0,2602500.0,17000.0,Drava,Drava,Danube,HR,,143111
463,Dillingen,4352500.0,2827500.0,11400.0,Danube,Danube,Danube,DE,,212311
3167,L'Allier à Châtel-de-Neuvre,3807500.0,2612500.0,12825.0,Allier,Allier,Loire,FR,,8111
3106,L'Orne à Rosselange,4032500.0,2912500.0,1200.0,Moselle,Orne,Rhine,FR,,4521
1729,Kulen Vakuf,4807500.0,2402500.0,1875.0,Sava,Una,Danube,BA,,106311
500,SMOLICE,4997500.0,3032500.0,6750.0,"Vistula, headwaers",Vistula,Vistula,PL,1.0,7311
271,Kopčany,4847500.0,2887500.0,9550.0,Morava,Morava,Danube,SK,,183311
580,Ivancice,4787500.0,2907500.0,2800.0,Morava,Jihlava,Danube,CZ,,182221
2975,Daljan,4912500.0,2367500.0,1150.0,Sava,Vrbas,Danube,BA,,105451
27,Leun (Neu),4207500.0,3047500.0,3575.0,Lahn,Lahn,Rhine,DE,,5211
469,Ingolstadt Luitpoldstraße,4422500.0,2847500.0,20225.0,Danube,Danube,Danube,DE,,211911
4538,Skradinski Buk Gornji,4797500.0,2317500.0,2075.0,Krka,Krka,Krka,HR,1.0,1
606,Ebro En Tortosa,3522500.0,2022500.0,85050.0,Ebro,Ebro,Ebro,ES,1.0,1111
3347,Merikoski,5047500.0,4737500.0,24500.0,Oulujoki,Oulujoki,Oulujoki,FI,1.0,1
547,SŁAWSK,4872500.0,3262500.0,13750.0,Warta,Warta,Oder,PL,2.0,2711
232,Zajecar,5307500.0,2387500.0,2125.0,Danube,Beli Timok,Danube,RS,,72011
1896,L'Adour à Audon -  010174-010691 00:00,3457500.0,2357500.0,4125.0,Adour,Adour,Adour,FR,1.0,35
480,Nürnberg,4397500.0,2927500.0,1225.0,Main,Pegnitz,Rhine,DE,,8841
869,Vukovar,5022500.0,2517500.0,253950.0,Danube,Danube,Danube,HR,,131111
666,Doboz,5177500.0,2687500.0,8100.0,Tisa,Koros,Danube,HU,,124511
1724,Kocherizhky,6172500.0,3162500.0,19925.0,Samara,Samara,Dnieper,UA,2.0,141
1708,Izmayil,5782500.0,2652500.0,790842.0,Danube,Danube,Danube,UA,,11111
4534,Covici,4742500.0,2427500.0,3050.0,Sava,Gacka,Danube,HR,,108432
476,Mainleus,4417500.0,2997500.0,1175.0,Main,Main,Rhine,DE,,8911
2243,SURAZ,5182500.0,3397500.0,3175.0,Narew,Bolshoy Kemchug,Vistula,PL,2.0,2511
308,Kistefoss,4337500.0,4122500.0,3675.0,Drammen,Randselva,Drammen,NO,,33
2129,NEDRE ABISKOJOKK,4692500.0,5052500.0,1425.0,"Tornealven, section to Lainioalven",TORNETRAESK,Torne,SE,1.0,5
50,Koblenz,4147500.0,3027500.0,109850.0,Rhine,Rhine,Rhine,DE,,5111
2432,KINGSTON,3567500.0,3207500.0,6475.0,Thames,Thames,Thames,UK,1.0,73
200,Mellach,4742500.0,2662500.0,7275.0,Drava,Mur,Danube,AT,,142311
209,Oberndorf,4537500.0,2762500.0,6150.0,Inn,Salzach,Danube,AT,,202111
1250,Fryele,4572500.0,3802500.0,1475.0,Lagan,Haran,Lagan,SE,2.0,2
2935,L Ariege a Auterive,3627500.0,2297500.0,3600.0,Ariege,Ariege,Garonne,FR,2.0,541
3173,La Loire à Blois,3672500.0,2757500.0,38375.0,Loire,Loire,Loire,FR,,7111
569,Usti nad Labem,4607500.0,3062500.0,48700.0,"Elbe, below Ohre",Elbe,Elbe,CZ,1.0,9111
2489,INOEZUEKOSACA,6442500.0,2397500.0,80000.0,Kizilirmak,KIZILIRMAK,Kizilirmak,TR,1.0,1
143,"Ivalojoki, Pajakoski",5022500.0,5137500.0,3300.0,Paatsjoki,Ivalo,Paatsjoki,FI,2.0,2
2743,RADNA,5222500.0,2622500.0,26900.0,Tisa,Mures,Danube,RO,,122111
2697,JIRKHVA (DZIRKHVA),6717500.0,2732500.0,1525.0,Black sea coastal and small river basins,BZIPI,Bzipi,GE,1.0,1
1883,TCZEW,4897500.0,3482500.0,193725.0,"Vistula, below Narew",Vistula,Vistula,PL,1.0,1111
795,Tecuci,5662500.0,2682500.0,7025.0,Siret,Barlad,Danube,RO,,41411
2627,BELYY,5732500.0,3867500.0,1625.0,Mezha,Obsha,Daugava,RU,2.0,55
1890,Kunino,5457500.0,2342500.0,6825.0,Danube,Iskur,Danube,BG,,71411
3245,Le Doubs à Neublans-Abergement,3967500.0,2657500.0,7475.0,Saone,Doubs,Rhone,FR,3.0,641
1833,RZUCHÓW,5202500.0,3092500.0,12075.0,San,San,Vistula,PL,2.0,4111
4308,Antella,3397500.0,1842500.0,17350.0,Jucar,Jucar,Jucar,ES,1.0,51
2940,L Allier a Vic-le-Comte,3792500.0,2527500.0,5450.0,Allier,Allier,Loire,FR,,8511
852,Davor C.S.,4907500.0,2472500.0,40825.0,Sava,Sava,Danube,HR,,105511
2776,La Garonne a Verdun sur Garonne,3617500.0,2342500.0,13800.0,"Garonne, below Save",Garonne,Garonne,FR,1.0,511
122,Porttipahta,5022500.0,5062500.0,2100.0,Kitinen,Kitinen,Kemijoki,FI,2.0,81
4439,Kamenín,4967500.0,2792500.0,5125.0,Hron,Hron,Danube,SK,,156111
2624,PONGOMA,5432500.0,4892500.0,1675.0,"Teno-, Naatamo- and Paatsjoki (Finnish part)",PONGOMA,Pongoma,RU,1.0,1
1154,Aiviekstes HES,5292500.0,3837500.0,8700.0,Aiviekste,Aiviekste,Daugava,LV,2.0,21
1819,CZERNICHÓW PROM,5017500.0,3032500.0,7075.0,"Vistula, headwaers",Vistula,Vistula,PL,1.0,7311
1188,Cordovilla,3147500.0,2222500.0,4200.0,Pisuerga,Pisuerga,Douro,ES,2.0,18711
568,Louny I.,4587500.0,3032500.0,5100.0,Ohre,Ohre,Elbe,CZ,2.0,10111
10,Plau OP,4467500.0,3377500.0,1250.0,Elbe,Muritz-Elde,Elbe,DE,2.0,1141
2927,L Herault a Agde [Bassin Rond],3792500.0,2267500.0,2650.0,Herault,Herault,Herault,FR,1.0,1
2034,ORADEA,5217500.0,2732500.0,2400.0,Tisa,Crisul Repede,Danube,RO,,124431
212,Werfen,4562500.0,2707500.0,3050.0,Inn,Salzach,Danube,AT,,202311
173,Federaun,4612500.0,2612500.0,1300.0,Drava,Gail,Danube,AT,,143411
3224,La Lanterne à Fleurey-lès-Faverney,4027500.0,2742500.0,1000.0,Saone,Lanterne,Rhone,FR,3.0,674
338,Murgenthal,4157500.0,2687500.0,9950.0,Aare,Aare,Rhine,CH,,12511
2953,Le Cele a Orniac [Les Amis du Cele],3662500.0,2417500.0,1225.0,Lot,Cele,Garonne,FR,3.0,221
1206,Hallbosjön,4697500.0,3992500.0,2325.0,Nykopingsan,Vrenaan,Nykopingsan,SE,1.0,1
693,Pocsaj,5212500.0,2757500.0,3450.0,Tisa,Barcau,Danube,HU,,124421
1554,Staines,3592500.0,3197500.0,8300.0,Thames,Thames,Thames,UK,1.0,53
1077,Polmak nye,5002500.0,5307500.0,13850.0,Tana,Tana,Tana,NO,1.0,1
1535,New Jumbles Rock,3507500.0,3482500.0,1025.0,Ribble,Ribble,Ribble,UK,1.0,1
1041,Blaker,4387500.0,4097500.0,38650.0,"Glomma, below Lagen",Glomma,Glomma,NO,1.0,131
1356,Chooz,3942500.0,3012500.0,10225.0,Meuse,Meuse,Rhine,BE,,2731
539,ŚCINAWA,4767500.0,3157500.0,29650.0,"Oder, below Kaczawa",Oder,Oder,PL,1.0,7311
484,Rosenheim o.d. Mangfallmündung,4482500.0,2747500.0,10225.0,Inn,Inn,Danube,DE,,203311
1366,Craigforth,3457500.0,3757500.0,1175.0,Forth,Forth,Forth,UK,1.0,1
351,Mellingen,4192500.0,2697500.0,3425.0,Aare,Reuss,Rhine,CH,,12411
1961,DECIN,4617500.0,3087500.0,51100.0,"Elbe, below Ohre",Elbe,Elbe,CZ,1.0,9111
567,Karlovy Vary,4527500.0,3017500.0,2925.0,Ohre,Ohre,Elbe,CZ,2.0,10111
2901,NYBRO,4622500.0,4262500.0,2300.0,Ljusnan,Voxnan,Ljusnan,SE,2.0,2
1436,Fridão,2822500.0,2207500.0,2575.0,Tamega,Tamega,Douro,PT,2.0,2111
1943,AELVKARLEBY KRV,4727500.0,4187500.0,28575.0,Dalaelven,Dalaelven,Dal,SE,1.0,11
782,Alba Iulia,5367500.0,2647500.0,17975.0,Tisa,Mures,Danube,RO,,122311
1986,JYLHAMA (VAALA),5127500.0,4702500.0,21725.0,Oulujoki,Oulujoki,Oulujoki,FI,1.0,1
4484,Backa Palanka,5057500.0,2502500.0,255800.0,Danube,Danube,Danube,RS,,131111
3176,Le Cher à Selles-sur-Cher,3692500.0,2717500.0,9275.0,Cher,Cher,Loire,FR,,6311
2587,YENA,5212500.0,5082500.0,1850.0,Yena,YENA,Yena,RU,1.0,1
2890,TORSEBRO KRV [POWERSTATION] ON HELGE A,4577500.0,3672500.0,3600.0,Helge,Helge,Helge,SE,1.0,1
3284,Kjáfoss,2877500.0,4952500.0,1750.0,Hvi­ta,Hvi­ta,Hvita,IS,1.0,1
3271,Above Árbugsár,3077500.0,5002500.0,1125.0,Fnjoska,Fnjoska,Fnjcsk,IS,1.0,1
2669,PEREYASLAV-KHMELNYTSKYY,5832500.0,3217500.0,7700.0,Trubezh,Trubezh,Dnieper,UA,2.0,361
2734,Moravicany Morava,4827500.0,2977500.0,2275.0,Morava,Morava,Danube,CZ,,183511
2910,VILLAFRANCA PELLICE,4122500.0,2412500.0,1000.0,Po,Pellice,Po,IT,,9611
2691,VLADIKAVKAZ (ORDZHONIKIDZE),7042500.0,2857500.0,1500.0,Terek,Terek,Terek,RU,1.0,31
1337,Verhne Synyovydne,5307500.0,2977500.0,2425.0,Stryi,Stryi,Dniester,UA,2.0,61
71,Kriebstein UP,4532500.0,3112500.0,1800.0,Mulde,Zschopau,Elbe,DE,4.0,6221
1908,La Vienne à Lussac-Les-Chateaux,3607500.0,2627500.0,5625.0,Vienne,Vienne,Loire,FR,,4511
4321,E.A. 93 Macastre,3387500.0,1872500.0,1025.0,Magro,Magro,Jucar,ES,2.0,21
1903,L'Isle à Abzac,3527500.0,2487500.0,3750.0,Isle,Isle,Dordogne,FR,2.0,2
2952,L Eyre a Salles,3457500.0,2447500.0,1825.0,Eyre,Eyre,Eyre,FR,1.0,1
5206,Rivilla en Badajoz,2852500.0,1917500.0,48875.0,Guadiana,Rivilla,Guadiana,ES,2.0,341
164,Lavamünd Ort,4692500.0,2627500.0,11100.0,Drava,Drava,Danube,AT,,143171
700,Szolnok,5092500.0,2727500.0,72325.0,Tisa,Tisza,Danube,HU,,125111
1198,Ersbo,4477500.0,4247500.0,1075.0,Vasterdal,Goralven,Dal,SE,3.0,22
3351,"Vuoksi, Tainionkoski",5322500.0,4367500.0,60600.0,Vuoksi,Vuoksi,Neva,FI,1.0,11
1696,Mursko Sredisce,4802500.0,2622500.0,10900.0,Drava,Mur,Danube,HR,,142131
428,San Secondo,4342500.0,2422500.0,1450.0,Taro,Taro,Po,IT,,3611
3166,La Sioule à Saint-Pourçain-sur-Sioule,3802500.0,2602500.0,2475.0,Allier,Sioule,Loire,FR,,8211
261,Bogojevo,5032500.0,2532500.0,253300.0,Danube,Danube,Danube,RS,,131111
2274,NEAR HATSERIM,6677500.0,1292500.0,1275.0,Besor,BE'ER SHEVA,Besor,IL,2.0,2
290,Humenné,5192500.0,2937500.0,1275.0,Tisa,Laborec,Danube,SK,,128223
203,Zeltweg,4677500.0,2687500.0,3000.0,Drava,Mur,Danube,AT,,142511
2895,EDSVALLA KRV,4502500.0,4037500.0,4150.0,Norsa,Norsalven,Gota,SE,2.0,8
3210,L'Aveyron à Montauban [Loubéjac],3627500.0,2372500.0,5300.0,Tarn,Aveyron,Garonne,FR,3.0,421
1353,Novograd-Volynskyi,5557500.0,3202500.0,7525.0,Pripyat,Sluch,Dnieper,UA,4.0,642
974,Cartama,3017500.0,1642500.0,2875.0,Guadalhorce,Guadalhorce,Guadalhorce,ES,1.0,1
2213,KOWANOWKO,4782500.0,3307500.0,2250.0,Warta,Welna,Oder,PL,3.0,2521
96,Ptuj,4767500.0,2612500.0,13750.0,Drava,Drava,Danube,SI,,143151
466,Fürstenfeldbruck,4412500.0,2782500.0,1350.0,Isar,Amper,Danube,DE,,211212
2180,KLEMPENOW,4537500.0,3407500.0,1225.0,Peene,TOLLENSE,Peene,DE,1.0,1
2795,Tajo En Trillo,3262500.0,2042500.0,3200.0,Tagus,Tagus,Tagus,ES,1.0,911
1410,Ballyduff,3092500.0,3382500.0,2325.0,Munster Blackwater,Munster Blackwater,Blackwater,IE,1.0,1
1993,Hracholusky Mze,4552500.0,2967500.0,1650.0,Vltava,Uhlava,Elbe,CZ,4.0,12241
2503,PALU,6867500.0,2242500.0,25375.0,Euphrates,MURAT NEHRI,Tigris & Euphrates,TR,2.0,12
1842,RADOMYŚL,5157500.0,3132500.0,16775.0,San,San,Vistula,PL,2.0,4111
1186,Benamariel 2,3047500.0,2272500.0,4125.0,Esla,Esla,Douro,ES,1.0,14911
1980,DOVIKFOSS,4317500.0,4087500.0,16100.0,Begna,Dramselv,Drammen,NO,1.0,11
366,"Geneve, Bout Du Monde",4027500.0,2572500.0,1925.0,"Rhone, headwaters",Arve,Rhone,CH,2.0,941
1021,Salzburg-Nonntal,4547500.0,2747500.0,4675.0,Inn,Salzach,Danube,AT,,202311
2619,SUMSKIY POSAD,5527500.0,4792500.0,2050.0,"Teno-, Naatamo- and Paatsjoki (Finnish part)",SUMA (TRIB. WHITE SEA),Suma,RU,1.0,1
1040,Svartfossberget,4767500.0,5192500.0,1950.0,Reisaelva,Reisaelva,Reisaelva,NO,1.0,1
139,Onnelansuvanto,4972500.0,5282500.0,10650.0,Tana,Tana,Tana,FI,1.0,3
2823,Asti,4187500.0,2417500.0,4475.0,Tanaro,Tanaro,Po,IT,,8311
85,Boehlen 1,4487500.0,3132500.0,1400.0,Saale,Pleisse,Elbe,DE,4.0,4221
465,Eichstätt,4407500.0,2862500.0,1425.0,Altmuhl,Altmuhl,Danube,DE,,211811
4016,Bahcallek,5112500.0,2152500.0,14100.0,Drin,Drin,Drin,AL,1.0,3
3008,Garcia de Sola,3007500.0,1917500.0,25875.0,Guadiana,Guadiana,Guadiana,ES,1.0,1111
13,Bernburg UP,4442500.0,3187500.0,19700.0,Saale,Saale,Elbe,DE,2.0,4111
2481,TUNCBILEK (KUECUEKILET),5982500.0,2052500.0,1700.0,Kocacay,ORHANELI CAYI,Kocacay,TR,3.0,2
3196,Le Loir à Flée [Port-Gautier],3607500.0,2777500.0,6575.0,Maine,Loir,Loire,FR,,2421
133,Valajaskoski,5017500.0,4897500.0,49325.0,"Kemijoki, below Ounasjoki",Kemijoki,Kemijoki,FI,1.0,11
976,Guadajoz_Va,3022500.0,1762500.0,2450.0,Guadajoz,Guadajoz,Guadalquivir,ES,2.0,611
4306,Alarcon,3277500.0,1912500.0,2975.0,Jucar,Jucar,Jucar,ES,1.0,93
42,Kalkofen (Neu),4172500.0,3027500.0,5275.0,Lahn,Lahn,Rhine,DE,,5211
2805,ANGERMANAELVEN,4687500.0,4472500.0,31000.0,Angermanelven,Sollefteae Krv,Angermanalven,SE,1.0,1
662,Bekessztandras duzzaszto f.,5112500.0,2697500.0,26300.0,Tisa,Harmas-Koros,Danube,HU,,124111
1722,Kobelyaky,6052500.0,3187500.0,13200.0,Vorskla,Vorskla,Dnieper,UA,2.0,181
3279,Grímsstaðir,3137500.0,4947500.0,5850.0,Bakkahlaup,Jokulsa A Fjollum,Jkuls Fjllum,IS,1.0,1
3220,Le Gave d'Oloron à Oloron-Sainte-Marie [Pont SNCF],3457500.0,2292500.0,1300.0,Les Gaves Runis,Gave d'Oloron,Adour,FR,2.0,23
1904,La Dordogne à Cenac-Et-Saint-Julien [Cenac],3627500.0,2452500.0,8625.0,"Dordogne, headwaters",Dordogne,Dordogne,FR,1.0,5
553,PIŁA,4772500.0,3362500.0,4725.0,Warta,Gwda,Oder,PL,4.0,2241
1629,Terebuty,5527500.0,3517500.0,6200.0,Berezina,Svisloch,Dnieper,BY,3.0,922
1496,North Muskham,3602500.0,3382500.0,8275.0,Trent,Trent,Trent,UK,1.0,3
1821,KRYŁÓW,5307500.0,3157500.0,7150.0,Narew,Bug,Vistula,PL,3.0,2419
2988,Fuensanta,3257500.0,1787500.0,1875.0,Segura,Segura,Segura,ES,1.0,1
2827,Isola S.Antonio,4227500.0,2437500.0,25575.0,Po,Po,Po,IT,,7111
3087,Sortida d'Embassament de Sau (Vilanova de Sau),3697500.0,2127500.0,1800.0,Ter,Ter,Ter,ES,1.0,1
1334,Zalishyky,5467500.0,2962500.0,24725.0,"Dniester, below Stryi",Dniester,Dniester,UA,1.0,51
2757,Boboshevo,5392500.0,2212500.0,4300.0,Strimonas,Strimonas,Strimonas,BG,1.0,5
2710,Marino Pole,5432500.0,2132500.0,10225.0,Strimonas,Struma,Strimonas,BG,1.0,1
903,Marienthal,4482500.0,2902500.0,2675.0,Regen,Regen,Danube,DE,,211411
4324,Arenos,3417500.0,1952500.0,1450.0,Mijares,Mijares,Mijares,ES,1.0,3
652,Ebro En Alagon,3397500.0,2147500.0,30400.0,Ebro,Ebro,Ebro,ES,1.0,9111
52,Kehl-Kronenhof,4157500.0,2832500.0,39525.0,Rhine,Rhine,Rhine,DE,,11711
673,Gyulavari duzzaszto f.,5182500.0,2682500.0,4400.0,Tisa,Crisul Alb,Danube,HU,,124711
1178,Palencia,3127500.0,2227500.0,2275.0,Pisuerga,Carrion,Douro,ES,3.0,18411
876,Günzburg u. d. Günzmündung,4342500.0,2817500.0,9550.0,Danube,Danube,Danube,DE,,212311
4307,Alcala Jucar,3332500.0,1862500.0,10650.0,Jucar,Jucar,Jucar,ES,1.0,71
5175,Guadalmez en Guadalmez,3022500.0,1862500.0,2825.0,Zujar,Guadalmez,Guadiana,ES,3.0,1021
1627,Borisov,5512500.0,3612500.0,5425.0,Berezina,Berezina,Dnieper,BY,2.0,923
802,Lugoj,5247500.0,2582500.0,2800.0,Tamis,Timis,Danube,RO,,92511
1653,Këpuz,5187500.0,2217500.0,2350.0,White Drin,White Drin,Drin,XK,2.0,4
3272,Forsæludalur,2957500.0,4987500.0,2100.0,Vatnsdalsa,Vatnsdalsa,Vatnsdals,IS,1.0,1
1973,VERSEN,4137500.0,3292500.0,8425.0,Ems,Ems,Ems,DE,1.0,1
677,Jasztelek,5072500.0,2752500.0,4200.0,Tisa,Zagyva,Danube,HU,,125211
3107,La Moselle à Uckange,4042500.0,2917500.0,10700.0,Moselle,Moselle,Rhine,FR,,4511
1998,TOLPANKOSKI (PYHANKOSKI),5007500.0,4662500.0,3650.0,Pyhtjoki,Tolpankoski,Pyhtjoki,FI,1.0,1
1403,Royal Oak,3187500.0,3427500.0,2425.0,Barrow,Barrow,Barrow,IE,1.0,5
2774,Wels,4637500.0,2797500.0,3775.0,Traun,Traun,Danube,AT,,191811
35,Kleinheubach,4262500.0,2957500.0,21550.0,Main,Main,Rhine,DE,,8511
1869,WARSZAWA-NADWILANÓWKA ŚL,5077500.0,3292500.0,84700.0,"Vistula, below Pilica",Vistula,Vistula,PL,1.0,3111
3002,Buendia,3237500.0,2017500.0,3950.0,Tagus,Tagus,Tagus,ES,1.0,911
141,Kettujoki,4992500.0,5172500.0,2250.0,Paatsjoki,Kettujoki,Paatsjoki,FI,2.0,4
3192,L'Huisne à Montfort-le-Gesnois [La Pécardière],3607500.0,2817500.0,1925.0,Maine,Huisne,Loire,FR,,2441
5203,Zapatón en Villar del Rey,2867500.0,1942500.0,1075.0,Gevora,Zapaton,Guadiana,ES,2.0,421
2693,LUCHEK,7297500.0,2817500.0,1450.0,Caspian sea coastal catchments and small basins,KARA-SAMUR,Kara,RU,1.0,1
2266,TRIM,3217500.0,3512500.0,1350.0,Boyne,Boyne,Boyne,IE,1.0,3
701,Tiszabecs,5272500.0,2857500.0,9000.0,Tisa,Tisza,Danube,HU,,129311
2924,Le Lay a Mareuil-sur-Lay-Dissais,3462500.0,2667500.0,1325.0,Lay,Lay,Lay,FR,1.0,1
1839,PYZDRY,4847500.0,3257500.0,15475.0,Warta,Warta,Oder,PL,2.0,2711
3006,Contreras,3332500.0,1897500.0,3425.0,Cabriel,Cabriel,Jucar,ES,2.0,61
149,Sorsele2,4667500.0,4737500.0,6175.0,Vindel,Vindel,Umealven,SE,2.0,2
906,Landshut Birket,4472500.0,2822500.0,7900.0,Isar,Isar,Danube,DE,,211211
1714,Ivankiv,5702500.0,3282500.0,12700.0,Teteriv,Teteriv,Dnieper,UA,2.0,521
2913,La Vire a Montmartin-en-Graignes,3512500.0,2972500.0,1175.0,Vire,Vire,Vire,FR,1.0,1
1811,BIAŁOŚLIWIE,4802500.0,3357500.0,6300.0,Warta,Notec,Oder,PL,3.0,2251
863,Donji Miholjac C.S.,4952500.0,2552500.0,37725.0,Drava,Drava,Danube,HR,,141111
4114,Velino a Terria,4552500.0,2152500.0,2925.0,Nera,Velino,Tiber,IT,3.0,421
2969,Brodarci,4752500.0,2517500.0,2325.0,Sava,Kupa,Danube,HR,,108511
894,Haunstetten,4392500.0,2797500.0,2700.0,Lech,Lech,Danube,DE,,212013
2186,S.SAMUELE DI CAFIERO,4837500.0,2042500.0,2800.0,Ofanto,OFANTO,Ofanto,IT,1.0,1
1362,Ballathie,3497500.0,3782500.0,4550.0,Tay,Tay,Tay,UK,1.0,3
2899,BJoRNA KRV,4747500.0,4522500.0,3050.0,Gidealven,Gide,Gidealven,SE,1.0,1
2744,BECHET,5437500.0,2397500.0,601148.0,Danube,Danube,Danube,BG,,71511
3178,Le Cher à Tours,3617500.0,2737500.0,13650.0,Cher,Cher,Loire,FR,,6111
2447,Teston,3652500.0,3172500.0,1325.0,Medway,MEDWAY,Medway,UK,1.0,1
2887,Livojoki Hanhikoski,5102500.0,4807500.0,2150.0,Iijoki,Livojoki,Iijoki,FI,2.0,2
2921,La Sarthe a Neuville-sur-Sarthe [Montreuil],3592500.0,2822500.0,2700.0,Maine,Sarthe,Loire,FR,,2451
605,Segre En Seros,3522500.0,2092500.0,12900.0,Segre,Segre,Ebro,ES,2.0,2311
4492,Mataruska Banja,5177500.0,2347500.0,7875.0,Velika Morava,Ibar,Danube,RS,,82211
2346,Buttercrambe,3612500.0,3492500.0,1625.0,Ouse,Derwent,Ouse,UK,2.0,2
2252,WOLFE TONE BRIDGE,3067500.0,3522500.0,3225.0,Corrib,Corrib,Corrib,IE,1.0,1
3147,L'Aisne à Givry,3922500.0,2947500.0,3075.0,Oise,Aisne,Seine,FR,2.0,441
2878,Kuolimo-luusua,5267500.0,4367500.0,1050.0,Neva,Saimaa,Neva,FI,2.0,12
5224,Membre Pont,3957500.0,2987500.0,1250.0,Meuse,Smois,Rhine,BE,,2762
4182,Tevere a Porta Portese,4527500.0,2087500.0,17300.0,"Tiber, below Aniene",TIber,Tiber,IT,1.0,111
780,Salard,5227500.0,2752500.0,1675.0,Tisa,Barcau,Danube,RO,,124421
639,Alhama En Cintruenigo,3337500.0,2182500.0,1100.0,Alhama,Alhama,Ebro,ES,2.0,9811
2637,STOWBTSY (STOLBTSY),5427500.0,3497500.0,2925.0,"Nemunas, headwaters",Nemunas,Nemunas,BY,1.0,531
5209,Guadiana en Villanueva,2952500.0,1912500.0,35125.0,Guadiana,Guadiana,Guadiana,ES,1.0,911
2170,GREVEN,4157500.0,3222500.0,2925.0,Ems,Ems,Ems,DE,1.0,1
704,Tiszaroff,5107500.0,2752500.0,65625.0,Tisa,Tisza,Danube,HU,,125311
337,Brugg,4182500.0,2707500.0,11550.0,Aare,Aare,Rhine,CH,,12511
4457,Trzciniec,5002500.0,3362500.0,1975.0,Narew,Wkra,Vistula,PL,3.0,2121
4388,Rosport,4067500.0,2967500.0,4200.0,Moselle,Sauer,Rhine,LU,,4411
9,Rathenow UP,4472500.0,3287500.0,18875.0,Havel,Havel,Elbe,DE,2.0,2111
3115,Le Loing à Épisy,3777500.0,2827500.0,3550.0,Loing,Loing,Seine,FR,2.0,811
2167,LIEBENAU,4262500.0,3272500.0,20175.0,"Weser, below Diemel",Weser,Weser,DE,1.0,311
2782,Guadiana En AzudDeBadajoz,2852500.0,1922500.0,48525.0,Guadiana,Guadiana,Guadiana,ES,1.0,351
617,Segre A/Abajo E.Oliana,3597500.0,2147500.0,2675.0,Segre,Segre,Ebro,ES,2.0,2711
570,Svinov,4912500.0,2997500.0,1525.0,"Oder, headwaters",Oder,Oder,CZ,1.0,9711
1942,PORTA,4242500.0,3237500.0,19300.0,"Weser, below Diemel",Weser,Weser,DE,1.0,311
814,Bekes duzzaszto a.,5167500.0,2692500.0,10150.0,Tisa,Koros,Danube,HU,,124511
4459,Piwonice,4882500.0,3207500.0,2775.0,Warta,Prosna,Oder,PL,3.0,2631
1351,Derazhne,5442500.0,3202500.0,9150.0,Pripyat,Horyn,Dnieper,UA,4.0,644
773,KĘPA POLSKA,4992500.0,3307500.0,168025.0,"Vistula, below Narew",Vistula,Vistula,PL,1.0,1511
2560,"BASEL, SCHIFFLAENDE",4137500.0,2722500.0,36275.0,Rhine,Rhine,Rhine,CH,,11711
4128,Aniene a Lunghezza,4542500.0,2097500.0,1125.0,Aniene,Aniene,Tiber,IT,2.0,211
1526,Bath Ultrasonic,3462500.0,3212500.0,1625.0,Avon (Bristol),Avon (Bristol),Avon,UK,1.0,1
671,Gyoma,5142500.0,2707500.0,19800.0,Tisa,Harmas-Koros,Danube,HU,,124311
1030,"Vækkava, Iesjokka",4907500.0,5207500.0,2075.0,Tana,Lesjokka,Tana,NO,2.0,6
2142,WIEN-NUSSDORF,4792500.0,2812500.0,101825.0,Danube,Danube,Danube,AT,,191111
1895,BRATISLAVA,4852500.0,2807500.0,131325.0,Danube,Mosoni-Duna,Danube,SK,,175111
1950,ANGABAECKS KRV,4542500.0,3717500.0,6925.0,Lagan,Lagan,Lagan,SE,1.0,1
2828,CASTIGLIONE TORINESE,4147500.0,2447500.0,7575.0,Po,Po,Po,IT,,9511
132,"Ounasjoki, Marraskoski",4997500.0,4932500.0,12900.0,Ounasjoki,Ounasjoki,Kemijoki,FI,2.0,21
4119,Tevere a Ponte del Grillo,4537500.0,2112500.0,15275.0,"Tiber, below Nera",Tiber,Tiber,IT,1.0,311
1946,RAASAKKA (NEAR THE MOUTH),5037500.0,4767500.0,6525.0,Iijoki,Iijoki,Iijoki,FI,1.0,1
825,Eppegem,3927500.0,3107500.0,1150.0,Scheldt,Zenne,Scheldt,BE,,22
2931,L Ill a Strasbourg [Chasseur Froid La Robertsau],4152500.0,2832500.0,4600.0,Ill,Ill,Rhine,FR,,11411
3125,L'Aube à Arcis-sur-Aube,3887500.0,2842500.0,3575.0,"Seine, headwaters",Aube,Seine,FR,2.0,1121
832,Raska,5182500.0,2307500.0,6275.0,Velika Morava,Ibar,Danube,RS,,82211
2592,PECHENGA (PETSAMO),5142500.0,5287500.0,1650.0,Pechenga,Pechenga,Pechenga,RU,1.0,1
1433,Escalhão,2902500.0,2147500.0,2550.0,Agueda,Agueda,Douro,PT,2.0,10111
4522,Velemeric,4762500.0,2492500.0,1550.0,Sava,Korana,Danube,HR,,108421
2271,SKOPJE,5262500.0,2172500.0,4650.0,"Vardar (Axios), above Bregalnica",VARDAR,Vardar,MK,1.0,1
1985,LAKE LENTUA OUTLET,5262500.0,4702500.0,2125.0,Oulujoki,Oulujoki,Oulujoki,FI,2.0,2
2985,Sil San Esteban,2877500.0,2312500.0,7200.0,Sil,Sil,Minho,ES,2.0,211
1617,Steshitsy,5437500.0,3632500.0,1225.0,Neris,Neris,Nemunas,BY,2.0,271
4126,Aniene a Ponte Mammolo,4532500.0,2092500.0,1450.0,Aniene,Aniene,Tiber,IT,2.0,211
776,Satu Mare,5277500.0,2827500.0,14925.0,Tisa,Somes,Danube,RO,,129211
5196,Guadiana en Montijo,2897500.0,1912500.0,42800.0,Guadiana,Guadiana,Guadiana,ES,1.0,551
2914,Le Therain a Maysel,3767500.0,2932500.0,1200.0,Oise,Therain,Seine,FR,3.0,421
1348,Mlynok,5427500.0,3287500.0,11200.0,Pripyat,Styr,Dnieper,UA,3.0,661
2494,BESKONAK,6192500.0,1822500.0,1950.0,Eastern Mediterranean coastal catchments and smal*,KOEPRUE,Koeprue,TR,1.0,1
545,DZIAŁOSZYN,4937500.0,3147500.0,4050.0,Warta,Warta,Oder,PL,2.0,2931
2026,KYSUCKE NOVE MESTO,4957500.0,2947500.0,1050.0,Vah,Kysuca,Danube,SK,,163201
2711,Strumeshnitza,5412500.0,2127500.0,1650.0,Strimonas,Strumeshnitza,Strimonas,BG,2.0,2
270,Menen,3832500.0,3097500.0,3050.0,Scheldt,Leie,Scheldt,BE,,61
2160,ROTENBURG,4302500.0,3097500.0,2550.0,Fulda,Fulda,Weser,DE,2.0,631
1484,Evesham,3507500.0,3287500.0,2275.0,Avon,Avon,Severn,UK,2.0,2
461,Burghausen,4527500.0,2782500.0,6650.0,Inn,Salzach,Danube,DE,,202111
1536,Great Corby,3502500.0,3602500.0,1450.0,Eden,Eden,Eden,UK,1.0,1
1941,HANN.-MUENDEN,4297500.0,3147500.0,12575.0,Weser,Weser,Weser,DE,1.0,511
2787,Carignano,4137500.0,2417500.0,3825.0,Po,Po,Po,IT,,9511
1183,Las Vencías,3157500.0,2147500.0,1125.0,Duraton,Duraton,Douro,ES,2.0,19211
3018,Almendra,2957500.0,2167500.0,7100.0,Tormes,Tormes,Douro,ES,2.0,12111
550,Dabie,4922500.0,3257500.0,1825.0,Warta,Ner,Oder,PL,3.0,2721
2268,RADECE,4722500.0,2562500.0,7100.0,Sava,Sava,Danube,SI,,109171
2421,Theale,3552500.0,3202500.0,1125.0,Kennet,Kennet,Thames,UK,2.0,81
2166,KARLSHAFEN,4282500.0,3172500.0,14975.0,"Weser, below Diemel",Weser,Weser,DE,1.0,311
1916,La Loire [Totale] à Nantes [Saint Felix],3457500.0,2747500.0,112300.0,Loire,Loire,Loire,FR,,1511
1350,Ozenin,5487500.0,3167500.0,5850.0,Pripyat,Horyn,Dnieper,UA,4.0,644
102,Jesenice na Dolenjskem,4767500.0,2542500.0,10675.0,Sava,Sava,Danube,SI,,109131
3010,Cijara,3027500.0,1932500.0,24825.0,Guadiana,Guadiana,Guadiana,ES,1.0,1111
4471,Torroella de Montgrí,3747500.0,2132500.0,3100.0,Ter,Ter,Ter,ES,1.0,1
286,Vlkyňa,5077500.0,2852500.0,1325.0,Tisa,Rimava,Danube,SK,,126241
625,Guadalope En Caspe,3482500.0,2067500.0,3850.0,Guadalope,Guadalope,Ebro,ES,2.0,3211
2379,ROXTON,3612500.0,3277500.0,1650.0,Great Ouse,Bedford Ouse,Great Ouse,UK,1.0,5
228,Bezdan,5002500.0,2577500.0,209100.0,Danube,Danube,Danube,RS,,151111
2208,KURD,4957500.0,2627500.0,2125.0,Sio,Kapos,Danube,HU,,152211
2810,Ega En Estella,3337500.0,2252500.0,1000.0,Ega,Ega,Ebro,ES,2.0,12111
1955,MERISKOSKI (NEAR THE MOUTH),5057500.0,4732500.0,24400.0,Oulujoki,Oulujoki,Oulujoki,FI,1.0,1
2670,NOVOGOROZHENOYE,5977500.0,2962500.0,6575.0,Bug,Inhul,Bug,UA,2.0,2
1402,Scarawalsh,3207500.0,3402500.0,1000.0,Slaney,Slaney,Slaney,IE,1.0,1
1321,Mukacheve,5257500.0,2897500.0,1350.0,Tisa,Latorica,Danube,UA,,128231
2958,Le Doubs a Rochefort-sur-Nenon,3982500.0,2672500.0,5325.0,Saone,Doubs,Rhone,FR,3.0,643
361,Andelfingen,4227500.0,2722500.0,1750.0,Thur,Thur,Rhine,CH,,14111
369,Branson,4097500.0,2562500.0,3725.0,"Rhone, headwaters",Rhone,Rhone,CH,1.0,951
1994,Lhota Radbuza,4562500.0,2957500.0,1275.0,Vltava,Uhlava,Elbe,CZ,4.0,12261
2497,YAKAPINAR (MISIS),6572500.0,1922500.0,11275.0,Ceyhan,CEYHAN NEHRI,Ceyhan,TR,,1
2825,Alessandria,4212500.0,2417500.0,2700.0,Tanaro,Bormida,Po,IT,,8211
5211,Guadiana en Talavera,2872500.0,1917500.0,44950.0,Guadiana,Guadiana,Guadiana,ES,1.0,531
2996,Burguillo,3097500.0,2042500.0,1075.0,Alberche,Alberche,Tagus,ES,2.0,721
1636,Dobrush,5747500.0,3467500.0,9900.0,Sozh,Iput,Dnieper,BY,3.0,821
3197,Le Loir à Durtal,3552500.0,2782500.0,8100.0,Maine,Loir,Loire,FR,,2421
317,Rosten,4292500.0,4302500.0,1825.0,Lagen,Lagen,Glomma,NO,2.0,251
3225,La Saône à Ray-sur-Saône,4012500.0,2727500.0,3775.0,Saone,Saone,Rhone,FR,2.0,673
1716,K-Shevchenkivs'kyy,5842500.0,3142500.0,10300.0,Ros,Ros,Dnieper,UA,2.0,341
3352,Oulunkylä,5147500.0,4212500.0,1850.0,Vantaa,Vantaa,Vantaa,FI,1.0,1
3161,La Loire à Nevers,3802500.0,2677500.0,18275.0,Loire,Loire,Loire,FR,,9111
4257,Soteska,4712500.0,2532500.0,1075.0,Sava,Krka,Danube,SI,,109161
844,Drenje Brdovecko,4762500.0,2542500.0,10575.0,Sava,Sava,Danube,HR,,109131
879,Neuburg,4402500.0,2847500.0,20125.0,Danube,Danube,Danube,DE,,211911
554,Drawiny,4722500.0,3327500.0,3000.0,Warta,Drawa,Oder,PL,4.0,2221
842,Kostajnica,4832500.0,2472500.0,9000.0,Sava,Una,Danube,HR,,106111
2939,La Loire a Bas-en-Basset,3862500.0,2487500.0,3450.0,Loire,Loire,Loire,FR,,9511
2151,STEIN,4267500.0,2902500.0,1950.0,Neckar,KOCHER,Rhine,DE,,10211
349,"Weesen, Biäsche",4252500.0,2667500.0,1150.0,Rhine,Linth,Rhine,CH,,12221
201,Mureck (Schreibpegel),4762500.0,2637500.0,9700.0,Drava,Mur,Danube,AT,,142111
969,Llano de Vela,3187500.0,1792500.0,1225.0,Guadalimar,Guadalmena,Guadalquivir,ES,3.0,1032
4020,Soncino - v. Brescia,4312500.0,2477500.0,2300.0,Oglio,Oglio,Po,it,,2511
3320,Teglio - S. Giacomo,4322500.0,2562500.0,1375.0,Adda,Adda,Po,IT,,4511
367,Ocourt,4097500.0,2692500.0,1250.0,Saone,Doubs,Rhone,CH,3.0,647
623,Segre En Balaguer,3557500.0,2122500.0,7725.0,Segre,Segre,Ebro,ES,2.0,2511
67,Breisach,4142500.0,2777500.0,37575.0,Rhine,Rhine,Rhine,DE,,11711
1893,FELSOEZSOLCA,5127500.0,2832500.0,6475.0,Tisa,Slana,Danube,HU,,126211
104,Medlog,4722500.0,2582500.0,1000.0,Sava,Savinja,Danube,SI,,109211
4322,Guadassuar,3412500.0,1852500.0,1475.0,Magro,Magro,Jucar,ES,2.0,21
524,Piatnica,4752500.0,3142500.0,2050.0,Kaczawa,Kaczawa,Oder,PL,2.0,7411
2028,ZALAAPATI,4867500.0,2647500.0,1650.0,Sio,Zala,Danube,HU,,152311
2065,MESCLA,4092500.0,2297500.0,2800.0,Var,Var,Var,FR,1.0,1
4350,Vilamarxant,3407500.0,1897500.0,6100.0,Turia,Turia,Turia,ES,1.0,1
1829,KRAPKOWICE,4882500.0,3072500.0,10725.0,"Oder, headwaters",Oder,Oder,PL,1.0,9311
4578, Río Zadorra en Arce,3267500.0,2267500.0,1300.0,Zadorra,Zadorra,Ebro,ES,2.0,20111
1688,Lakhish-Ad Halom Park,6647500.0,1347500.0,1025.0,Lakhish,Lakhish,Lakhish,IL,1.0,1
4248,Celje II - brv,4727500.0,2582500.0,1550.0,Sava,Savinja,Danube,SI,,109211
145,Kallio 2,4907500.0,4957500.0,14450.0,Torne,Muonio,Torne,SE,2.0,4
2005,VAKKOLA (NEAR THE MOUTH),5177500.0,4242500.0,1275.0,Porvoonjoki,Porvoonjoki,Porvoonjoki,FI,1.0,1
2880,Kiimasjarvi Hietamankoski,5117500.0,4477500.0,2950.0,"Kymijoki, Keitele catchment",Kymijoki,Kymijoki,FI,1.0,71
1316,Vylok,5267500.0,2862500.0,9050.0,Tisa,Tisza,Danube,UA,,129311
2864,Vilppulankoski,5067500.0,4402500.0,2425.0,Kokem,Savilahti,Kokem,FI,2.0,6
1159,Castellbell i el Vilar,3642500.0,2097500.0,3350.0,Llobregat,Llobregat,Llobregat,ES,1.0,3
994,RHuelva_Cala_G,2897500.0,1772500.0,1000.0,Guadiamar,Huelva,Guadalquivir,ES,2.0,161
3247,La Saône à Chalon-sur-Saône [port fluvial],3927500.0,2642500.0,21400.0,Saone,Saone,Rhone,FR,2.0,631
3190,La Sarthe à Neuville-sur-Sarthe et à Souillé [Montreuil],3592500.0,2827500.0,2675.0,Maine,Sarthe,Loire,FR,,2451
2867,Loimijoki Maurialankoski,5002500.0,4287500.0,2650.0,Kokem,Loimijoki,Kokem,FI,2.0,2
3317,Capriolo - SP12,4312500.0,2502500.0,1875.0,Oglio,Oglio,Po,IT,,2511
1490,Buildwas,3482500.0,3352500.0,3700.0,"Severn, headwaters",Severn,Severn,UK,1.0,5
616,Arga En Echauri,3357500.0,2262500.0,1775.0,Aragon,Arga,Ebro,ES,3.0,10211
1898,Le Gave De Pau à Berenx [Pont De Berenx],3442500.0,2332500.0,2575.0,Les Gaves Runis,Gave de Pau,Adour,FR,3.0,22
905,Freising,4447500.0,2817500.0,3150.0,Isar,Amper,Danube,DE,,211212
235,Sremaska Mitrovica,5072500.0,2477500.0,87100.0,Sava,Sava,Danube,RS,,101311
1335,Mogilyv Podilskyi,5617500.0,2972500.0,42975.0,"Dniester, below Seret",Dniester,Dniester,UA,1.0,31
1734,Sanski Most,4847500.0,2432500.0,2075.0,Sava,Sana,Danube,BA,,106211
371,Porte du Scex,4082500.0,2587500.0,5300.0,"Rhone, headwaters",Rhone,Rhone,CH,1.0,951
117,Bad Vilbel,4232500.0,3007500.0,1575.0,Main,Nidda,Rhine,DE,,8211
629,Segre En Organya,3607500.0,2167500.0,2300.0,Segre,Segre,Ebro,ES,2.0,2711
2751,STANCA AVAL,5602500.0,2887500.0,13275.0,Prut,Prut,Danube,RO,,21111
1954,OEVRE STOCKHOLM,4777500.0,4052500.0,23250.0,Maelaren,Maelaren,Arbogaan,SE,1.0,1
3343,Pavia - Ponte Ticino SS35,4252500.0,2452500.0,7675.0,Ticcino,Ticino,Po,IT,,6111
2011,NESET,4242500.0,4027500.0,3000.0,Moel,Neiden,Skien,NO,2.0,21
523,Krzyzanowice,4812500.0,3142500.0,2000.0,"Oder, below Easter Neisse",Widawa,Oder,PL,2.0,7541
2599,CHAVANGA,5547500.0,5027500.0,1025.0,"Teno-, Naatamo- and Paatsjoki (Finnish part)",CHAVANGA,Chavanga,RU,1.0,1
3122,La Seine à Bar-sur-Seine,3902500.0,2792500.0,2325.0,"Seine, headwaters",Seine,Seine,FR,1.0,1131
3216,La Vézère à Campagne,3607500.0,2462500.0,3675.0,Vezere,Vezere,Dordogne,FR,2.0,4
1979,Caton,3492500.0,3512500.0,1000.0,Lune,Lune,Lune,UK,1.0,1
804,Frumosu,5512500.0,2797500.0,2850.0,Siret,Bistrita,Danube,RO,,42111
836,Ladesic Draga,4742500.0,2502500.0,1600.0,Sava,Kupa,Danube,HR,,108531
1700,Rozl'oty,5887500.0,3432500.0,36375.0,Desna,Desna,Dnieper,UA,2.0,451
2885,Vaatajansuvanto,5147500.0,4812500.0,4150.0,Iijoki,Iijoki,Iijoki,FI,1.0,5
4309,Cuenca,3287500.0,1972500.0,1000.0,Jucar,Jucar,Jucar,ES,1.0,93
2163,HELDRA,4337500.0,3112500.0,4325.0,Werra,Werra,Weser,DE,2.0,811
2492,KARSIKOEY,6892500.0,2592500.0,19950.0,Coruh,CORUHSUYU,Coruh,TR,1.0,1
304,Faukstad,4287500.0,4292500.0,1475.0,Lagen,Sjoa,Glomma,NO,3.0,221
1056,Bulken (Vangsvatnet),4117500.0,4177500.0,1075.0,Vosso,Vosso,Vosso,NO,1.0,1
1935,La Seine à Poissy,3732500.0,2907500.0,61750.0,"Seine, below Oise",Seine,Seine,FR,1.0,331
2999,Gabriel y Galan,2947500.0,2042500.0,2425.0,Tagus,Alagon,Tagus,ES,2.0,611
3164,L'Allier à Limons,3812500.0,2562500.0,7100.0,Allier,Allier,Loire,FR,,8511
1263,Río Miño en Cela Brazo derecho,2897500.0,2392500.0,1075.0,Minho,Minho,Minho,ES,1.0,351
2526,ORSOVA (1971:DROBATA-TURNU SEVERIN),5307500.0,2482500.0,569700.0,Danube,Danube,Danube,RS,,72111
2794,Segura En Beniel,3347500.0,1727500.0,14325.0,Segura,Segura,Segura,ES,1.0,1
532,NOWA SÓL,4722500.0,3197500.0,37150.0,"Oder, below Barycz",Oder,Oder,PL,1.0,7111
1880,FORDON,4872500.0,3382500.0,185575.0,"Vistula, below Narew",Vistula,Vistula,PL,1.0,1111
659,Barcs,4897500.0,2562500.0,34625.0,Drava,Drava,Danube,HU,,141111
2731,Sadovets ,5487500.0,2357500.0,1800.0,Danube,Vit,Danube,BG,,71211
1924,L'Isere à Beaumont-Monteux,3917500.0,2447500.0,11875.0,Isere,Isere,Rhone,FR,2.0,411
2892,GRADA KRV,4597500.0,4177500.0,12175.0,Osterdal,Osterdalaven,Dal,SE,2.0,41
2938,L Orne a Rosselange,4037500.0,2912500.0,1225.0,Moselle,Orne,Rhine,FR,,4521
2859,ZUJAR,2982500.0,1897500.0,7625.0,Zujar,Zujar,Guadiana,ES,2.0,1011
2181,REGENSBURG/SCHWABELWEIS,4472500.0,2882500.0,32550.0,Danube,Danube,Danube,DE,,211511
2275,AGAN NAHARAYIM,6707500.0,1467500.0,53050.0,Jordan / Dead Sea,Jordan,Jordan,JO,1.0,1
334,Bellinzona,4242500.0,2562500.0,1525.0,Ticcino,Ticino,Po,CH,,6311
2800,Turia o Guadalaviar En Zagra,3367500.0,1927500.0,4050.0,Turia,Turia,Turia,ES,1.0,1
332,Martina,4352500.0,2637500.0,2025.0,Inn,Inn,Danube,CH,,203331
892,Wiblingen,4322500.0,2802500.0,2300.0,Iller,Iller,Danube,DE,,212411
2884,Verla,5212500.0,4322500.0,5825.0,Puulavesi - Suonne,Iso-Kamponen,Kymijoki,FI,2.0,21
2888,Oulankajoki,5187500.0,4927500.0,2100.0,Oulankajoki,KOUTAJOKI,Tumcha,FI,2.0,2
2542,LOHJANJARVI-PELTOKOSKI,5087500.0,4197500.0,2225.0,Gulf of Finland,KARJAANJOKI,Kymijoki - Gulf of Finland,FI,1.0,1
84,Oberthau,4477500.0,3142500.0,4950.0,Saale,White Elster,Elbe,DE,3.0,4211
988,R_Fardes,3157500.0,1702500.0,1700.0,Guadiana menor,Fardes,Guadalquivir,ES,3.0,1221
3209,L'Aveyron à Laguépie [1],3677500.0,2377500.0,1575.0,Tarn,Aveyron,Garonne,FR,3.0,421
2843,BEMBEZAR 5012,2982500.0,1782500.0,1700.0,Guadajoz,Bembezar,Guadalquivir,ES,2.0,521
703,Tiszapalkonya,5142500.0,2807500.0,62225.0,Tisa,Tisza,Danube,HU,,125311
405,Ponte Veggia,4382500.0,2382500.0,1075.0,Secchia,Secchia,Po,IT,,1411
3165,L'Allier à Saint-Yorre,3817500.0,2572500.0,8950.0,Allier,Allier,Loire,FR,,8311
3159,La Loire à Gilly-sur-Loire,3842500.0,2622500.0,13950.0,Loire,Loire,Loire,FR,,9311
850,Jasenovac,4857500.0,2487500.0,23400.0,Sava,Sava,Danube,HR,,107111
1015,Aleksinac,5267500.0,2337500.0,14325.0,Velika Morava,Juzna Morava,Danube,RS,,83111
3310,Lodi - v. X Maggio,4282500.0,2467500.0,6175.0,Adda,Adda,Po,IT,,4311
63,Speyer,4212500.0,2917500.0,53250.0,Rhine,Rhine,Rhine,DE,,11111
1401,Slane Castle,3232500.0,3522500.0,2475.0,Boyne,Boyne,Boyne,IE,1.0,1
3112,La Meuse à Stenay,3972500.0,2942500.0,3975.0,Meuse,Meuse,Rhine,FR,,2791
495,Proszowki,5062500.0,3037500.0,1475.0,"Vistula, headwaers",Raba,Vistula,PL,2.0,7211
1375,Norham,3562500.0,3692500.0,4400.0,Tweed,Tweed,Tweed,UK,1.0,3
1,Schwabelweis,4477500.0,2882500.0,35525.0,Danube,Danube,Danube,DE,,211311
4015,Shkoder,5107500.0,2157500.0,5275.0,Bojana,Bojana,Drin,AL,2.0,2
1201,Ytterholmen,4857500.0,4827500.0,1000.0,Ranealven,Livasalven,Ranealven,SE,2.0,2
4473,Santa Coloma de Gramenet,3667500.0,2072500.0,1000.0,Besos,Besos,Besos,ES,1.0,1
519,Makow Mazowiecki,5067500.0,3362500.0,1925.0,Narew,Orzyc,Vistula,PL,3.0,2502
2967,Doboj,4962500.0,2437500.0,9725.0,Sava,Bosna,Danube,BA,,104111
2598,CHAPOMA,5597500.0,5057500.0,1550.0,"Teno-, Naatamo- and Paatsjoki (Finnish part)",CHAPOMA,Chapoma,RU,1.0,1
1963,MORAVICANY,4832500.0,2977500.0,2300.0,Morava,Morava,Danube,CZ,,183511
2930,La Sarthe a Saint-Denis-d Anjou [Beffes],3547500.0,2792500.0,7575.0,Maine,Sarthe,Loire,FR,,2431
683,Korostarcsa,5157500.0,2702500.0,10425.0,Tisa,Koros,Danube,HU,,124511
2162,ALLENDORF,4312500.0,3132500.0,5425.0,Werra,Werra,Weser,DE,2.0,811
2960,L Arroux a Rigny-sur-Arroux,3862500.0,2622500.0,2325.0,Arroux,Arroux,Loire,FR,,9411
518,Bialobrzeg Blizszy,5087500.0,3392500.0,2100.0,Narew,Omulew,Vistula,PL,3.0,2504
2014,Drumnabuoy House,3212500.0,3647500.0,1850.0,Foyle,Mourne,Foyle,UK,1.0,1
106,Veliko Širje,4722500.0,2572500.0,1700.0,Sava,Savinja,Danube,SI,,109211
3337,Miorina IDRO,4217500.0,2502500.0,6675.0,Ticcino,Ticino,Po,IT,,6111
3208,Le Tarn à Millau,3767500.0,2357500.0,2100.0,Tarn,Tarn,Garonne,FR,2.0,431
2527,HIRSOVA,5732500.0,2562500.0,686920.0,Danube,Danube,Danube,RO,,51311
278,Šaľa,4912500.0,2807500.0,10675.0,Vah,Vah,Danube,SK,,163101
3344,"Leivonvesi, Simuna",5152500.0,4462500.0,12575.0,Kymijoki,Kymijoki,Kymijoki,FI,2.0,41
4339,Bugarra,3392500.0,1902500.0,5325.0,Turia,Turia,Turia,ES,1.0,1
594,Ebro En Miranda Ebro,3257500.0,2272500.0,5275.0,Ebro,Ebro,Ebro,ES,1.0,21111
2242,PRZEDBORZ,5012500.0,3142500.0,2475.0,Pilica,Pilica,Vistula,PL,2.0,3411
4486,Vratarnica,5307500.0,2377500.0,1775.0,Danube,Beli Timok,Danube,RS,,72011
672,Gyula,5187500.0,2677500.0,4025.0,Tisa,Crisul Alb,Danube,HU,,124711
2187,PASSOFONDUTO,4647500.0,1607500.0,1300.0,Platani,PLATANI,Platani,IT,1.0,1
3163,L'Allier à Coudes,3792500.0,2522500.0,5350.0,Allier,Allier,Loire,FR,,8511
1169,Castellbisbal (Assut de Salzers),3642500.0,2082500.0,3550.0,Llobregat,Llobregat,Llobregat,ES,1.0,3
112,Grolsheim,4172500.0,2977500.0,4000.0,Nahe,Nahe,Rhine,DE,,6111
2926,Le Gers a Layrac,3572500.0,2377500.0,1075.0,Gers,Gers,Garonne,FR,2.0,341
1934,L'Oise à Sempigny,3812500.0,2962500.0,4275.0,Oise,Oise,Seine,FR,2.0,431
97,Borl,4777500.0,2602500.0,14775.0,Drava,Drava,Danube,SI,,143131
1824,BIAŁOBRZEGI,5077500.0,3227500.0,8725.0,Pilica,Pilica,Vistula,PL,2.0,3411
4422,Záhorská Ves,4827500.0,2827500.0,25900.0,Morava,Morava,Danube,SK,,181111
2257,CATHER PARK,3117500.0,3402500.0,1600.0,Suir,Suir,Barrow,IE,2.0,2
5221,Prijedor,4847500.0,2452500.0,3025.0,Sava,Sana,Danube,BA,,106211
2785,Jucar En Alcala Del Jucar,3342500.0,1862500.0,10700.0,Jucar,Jucar,Jucar,ES,1.0,71
1404,Levitstown,3192500.0,3452500.0,1725.0,Barrow,Barrow,Barrow,IE,1.0,5
695,Sarkad,5187500.0,2687500.0,3650.0,Tisa,Crisul Negru,Danube,HU,,124611
69,Erlln,4517500.0,3117500.0,5375.0,Mulde,Freiberger Mulde,Elbe,DE,3.0,6111
1485,Montford,3452500.0,3367500.0,1950.0,"Severn, headwaters",Severn,Severn,UK,1.0,5
3160,L'Aron à Verneuil,3832500.0,2657500.0,1525.0,Aron,Aron,Loire,FR,,9211
829,Räpina,5337500.0,4012500.0,1150.0,Narva,Vohandu jogi,Narva,EE,2.0,4
2728,s.Svode,5447500.0,2327500.0,1325.0,Danube,Bebresh,Danube,BG,,71412
2668,BARYSHIVKA,5812500.0,3247500.0,5450.0,Trubezh,Trubezh,Dnieper,UA,2.0,361
1572,Feildes Weir Ultrasonic,3632500.0,3227500.0,1175.0,Lee,Lee,Thames,UK,2.0,22
3193,La Sarthe à Spay [Ecluse de Prélandon],3587500.0,2802500.0,5525.0,Maine,Sarthe,Loire,FR,,2431
3086,Masies de Roda (Ter i Gurri),3677500.0,2132500.0,1225.0,Ter,Ter,Ter,ES,1.0,1
3346,"Pielisjoki, Kaltimo",5337500.0,4552500.0,20400.0,Vuoksi,Vuoksi,Neva,FI,1.0,31
2893,MOCKFJaRD KRV,4597500.0,4167500.0,8625.0,Vasterdal,Vasterdal,Dal,SE,2.0,21
2589,"OKTIABRSKY RAILWAY,KM 1429",5242500.0,5237500.0,4325.0,Kola,Kola,Kola,RU,2.0,2
255,Titel,5127500.0,2507500.0,149025.0,Tisa,Tisza,Danube,RS,,121111
1964,TEPLICE,4882500.0,2962500.0,1250.0,Morava,Becva,Danube,CZ,,183411
1550,Maidenhead,3582500.0,3212500.0,7075.0,Thames,Thames,Thames,UK,1.0,71
2127,RODA DE TER,3682500.0,2127500.0,1500.0,Ter,Ter,Ter,ES,1.0,1
2211,NOWE DREZDENKO,4712500.0,3322500.0,16900.0,Warta,Notec,Oder,PL,3.0,2211
2758,Mpole,5437500.0,2127500.0,10925.0,Strimonas,Strimonas,Strimonas,BG,1.0,1
1928,L'Yonne à Courlon-sur-Yonne,3817500.0,2822500.0,10725.0,Yonne,Yonne,Seine,FR,2.0,1011
1328,Usteriky,5427500.0,2892500.0,1525.0,Prut,Cheremosh,Danube,UA,,22111
1814,KRZYŻANOWICE,4912500.0,3017500.0,5875.0,"Oder, headwaters",Oder,Oder,PL,1.0,9311
1407,Brownsbarn,3172500.0,3402500.0,2450.0,Nore,Nore,Barrow,IE,2.0,4
540,UJŚCIE NYSY KŁODZKIEJ,4857500.0,3107500.0,18375.0,"Oder, below Easter Neisse",Oder,Oder,PL,1.0,7571
277,Strečno,4967500.0,2932500.0,5475.0,Vah,Vah,Danube,SK,,163301
474,Landau,4512500.0,2842500.0,8625.0,Isar,Isar,Danube,DE,,211211
1850,KRZYCZEW,5242500.0,3312500.0,27650.0,Narew,Bug,Vistula,PL,3.0,2417
253,Senta,5102500.0,2582500.0,141250.0,Tisa,Tisza,Danube,RS,,121111
185,Prutz,4367500.0,2657500.0,2525.0,Inn,Inn,Danube,AT,,203331
319,Skålfoss,4307500.0,4112500.0,5100.0,Drammen,Snarum,Drammen,NO,2.0,21
76,Riesa,4552500.0,3137500.0,54450.0,"Elbe, below Ohre",Elbe,Elbe,DE,1.0,9111
19,Neu Darchau,4377500.0,3352500.0,131450.0,Elbe,Elbe,Elbe,DE,1.0,1131
163,Amlach,4587500.0,2637500.0,4900.0,Drava,Drava,Danube,AT,,143511
2724,katovice_otava,4602500.0,2912500.0,1325.0,Vltava,Otava,Elbe,CZ,3.0,12631
2021,La Midouze à Campagne,3462500.0,2367500.0,2475.0,Midouze,Midouze,Adour,FR,2.0,34
4489,Trstenik,5207500.0,2342500.0,13925.0,Velika Morava,Zapadna Morava,Danube,RS,,82111
167,Sachsenburg (Brücke),4577500.0,2637500.0,2650.0,Drava,Drava,Danube,AT,,143911
837,Kamanje,4737500.0,2517500.0,2225.0,Sava,Kupa,Danube,HR,,108511
1608,Dernovichi,5457500.0,3767500.0,4600.0,"Daugava, below Dysna",Drissa,Daugava,BY,2.0,34
2012,Redbrook,3452500.0,3252500.0,4100.0,Wye,Wye,Wye,UK,1.0,1
2762,Kralje,4787500.0,2437500.0,2700.0,Sava,Una,Danube,BA,,106311
176,Launsdorf,4667500.0,2637500.0,1275.0,Drava,Gurk,Danube,AT,,143211
1331,Zhyravne,5352500.0,3012500.0,9900.0,"Dniester, below Stryi",Dniester,Dniester,UA,1.0,55
3353,Keppo,4957500.0,4532500.0,4000.0,Lapuanjoki,Lapuanjoki,Lapuanjoki,FI,1.0,1
1605,Bocheykovo,5527500.0,3712500.0,3425.0,Daugava,Ulla,Daugava,BY,2.0,53
2533,SVISTOV,5552500.0,2407500.0,643648.0,Danube,Rhone,Danube,BG,,52111
3146,L'Aisne à Mouron,3942500.0,2922500.0,2425.0,Oise,Aisne,Seine,FR,2.0,441
2896,HIssMOFORS KRV,4552500.0,4477500.0,12300.0,Indals,Indals,Indalsalven,SE,1.0,3
2529,UTSJOKI,4977500.0,5282500.0,12375.0,Tana,Tenojoki,Tana,NO,1.0,1
628,Guadalope A.A. Santolea,3447500.0,2022500.0,1225.0,Guadalope,Guadalope,Ebro,ES,2.0,3231
653,Arba En Ejea,3402500.0,2182500.0,1075.0,Arba,Arba,Ebro,ES,2.0,9211
1881,CHEŁMNO,4882500.0,3397500.0,186900.0,"Vistula, below Narew",Vistula,Vistula,PL,1.0,1111
1725,Kryvyy Rih,6032500.0,3027500.0,8375.0,Inhulets,Inhulets,Dnieper,UA,2.0,121
2786,Mijares En Villarreal,3452500.0,1932500.0,2600.0,Mijares,Mijares,Mijares,ES,1.0,3
2359,CRAKEHILL,3582500.0,3507500.0,1425.0,Ouse,Swale,Ouse,UK,2.0,8
2280,Maydown Bridge,3242500.0,3602500.0,1000.0,Bann,Blackwater,Bann,UK,2.0,2
1376,Parkhill,3582500.0,3857500.0,1275.0,Don,Don,Don,UK,1.0,1
775,Bistra,5377500.0,2852500.0,1500.0,Tisa,Viseu,Danube,RO,,129611
5144,Porta,4247500.0,3237500.0,19450.0,"Weser, below Diemel",Weser,Weser,DE,1.0,311
1172,Ciudad Rodrigo,2922500.0,2097500.0,1100.0,Agueda,Agueda,Douro,ES,2.0,10111
536,POŁĘCKO,4652500.0,3227500.0,46350.0,"Oder, below Bobr",Oder,Oder,PL,1.0,5111
410,Pioppa,4397500.0,2417500.0,1675.0,Secchia,Secchia,Po,IT,,1411
2175,RATHENOW (HAUPTSCHLEUSE),4477500.0,3282500.0,18800.0,Havel,Havel,Elbe,DE,2.0,2111
505,Rzeszow,5177500.0,3062500.0,2125.0,San,Wislok,Vistula,PL,3.0,4211
1899,Le Gave D'Oloron à Escos,3432500.0,2317500.0,2550.0,Les Gaves Runis,Gave,Adour,FR,2.0,23
1925,La Durance à Saint-Paul-Les-Durance [Jouques-Cadarache],3977500.0,2297500.0,11850.0,Durance,Durance,Rhone,FR,2.0,211
2792,Segura En Almadenes,3307500.0,1762500.0,7475.0,Segura,Segura,Segura,ES,1.0,1
3117,La Seine à Alfortville et à Villeneuve-Saint-Georges et à Vi,3762500.0,2882500.0,43400.0,"Seine, below Marne",Seine,Seine,FR,1.0,511
2868,Lankoski,4937500.0,4352500.0,2900.0,Kokemaenjoki-Archipelago Sea-Bothnian Sea,Merikarvianjoki,Karvianjoki,FI,1.0,1
1465,Pulo Do Lobo,2772500.0,1812500.0,61750.0,Guadiana,Guadiana,Guadiana,PT,1.0,131
644,Ebro En Gelsa,3442500.0,2097500.0,47550.0,Ebro,Ebro,Ebro,ES,1.0,3711
2662,GROMOVKA,5562500.0,3112500.0,1625.0,Pripyat,Sluch,Dnieper,UA,4.0,642
2269,BOSANSKI NOVI,4822500.0,2457500.0,8300.0,Sava,Una,Danube,HR,,106111
2775,ZahorskaVes,4832500.0,2827500.0,25925.0,Morava,March,Danube,AT,,181111
576,Kromeriz,4857500.0,2937500.0,7200.0,Morava,Morava,Danube,CZ,,183311
2008,HERFORS,4962500.0,4562500.0,2125.0,Coastal zone,Kruunupyyn,Ahtavan,FI,1.0,1
3322,Darfo Boario Terme - Cav. Vittorio Venteto,4332500.0,2527500.0,1375.0,Oglio,Oglio,Po,IT,,2511
3168,L'Allier à Moulins,3807500.0,2627500.0,13100.0,Allier,Allier,Loire,FR,,8111
254,N.Becej brana gv,5107500.0,2542500.0,147050.0,Tisa,Tisza,Danube,RS,,121111
2834,GUADALEN 5004,3137500.0,1782500.0,1350.0,Guadalen,Guadalen,Guadalquivir,ES,3.0,1023
2033,Kresna,5412500.0,2177500.0,6800.0,Strimonas,Strimonas,Strimonas,BG,1.0,3
488,Unterköblitz,4477500.0,2937500.0,1975.0,Naab,Naab,Danube,DE,,211611
4528,Veliko Vukovje,4862500.0,2507500.0,1500.0,Sava,Ilova,Danube,HR,,105621
1966,KUKKOLANKOSKI OEVRE,4957500.0,4827500.0,39975.0,Torne,Torneaelven,Torne,SE,1.0,1
166,Oberdrauburg-OWF,4547500.0,2632500.0,2275.0,Drava,Drava,Danube,AT,,143911
2029,LOM,5382500.0,2397500.0,581848.0,Danube,Danube,Danube,BG,,71911
2155,GREENE,4317500.0,3192500.0,2875.0,Aller,Leine,Weser,DE,3.0,221
4319,Sueca,3427500.0,1852500.0,21700.0,Jucar,Jucar,Jucar,ES,1.0,11
2116,TRILLO,3257500.0,2042500.0,3400.0,Tagus,Tagus,Tagus,ES,1.0,911
1195,Stenudden,4667500.0,4842500.0,2375.0,Pitealven,Tjeggelvas,Pitealven,SE,1.0,1
2495,KIRKYALAN,6392500.0,1817500.0,4075.0,Goksu,ERMENEK CAYIR,Goksu,TR,2.0,2
1816,UJŚCIE 1,4787500.0,3352500.0,6575.0,Warta,Notec,Oder,PL,3.0,2251
2010,MOVANAGHER,3272500.0,3662500.0,5175.0,Bann,Lower Bann,Bann,UK,1.0,1
1527,Bathford,3467500.0,3212500.0,1600.0,Avon (Bristol),Avon (Bristol),Avon,UK,1.0,1
2590,VERKHNETULOMSKIY GES,5202500.0,5192500.0,19950.0,Kola,Lotta,Kola,RU,1.0,3
2500,DEMIRKOEPRUE,6652500.0,1872500.0,56275.0,Orontes,ASI NEHRI,Orontes,TR,1.0,1
3203,La Sèvre Nantaise à Clisson,3467500.0,2727500.0,1400.0,La Sevre,Sevre,Loire,FR,,1431
1806,CZCHÓW,5082500.0,3022500.0,5475.0,Dunajec,Dunajec,Vistula,PL,2.0,6111
101,Hrastnik,4717500.0,2567500.0,5200.0,Sava,Sava,Danube,SI,,109311
636,Ebro En Asco,3527500.0,2057500.0,83350.0,Ebro,Ebro,Ebro,ES,1.0,1111
113,Martinstein,4142500.0,2967500.0,1525.0,Nahe,Nahe,Rhine,DE,,6311
3153,La Vilaine à Guichen,3447500.0,2832500.0,3175.0,Vilaine,Vilaine,Vilaine,FR,1.0,1
1075,Rauma v/Horgheim,4212500.0,4372500.0,1125.0,Rauma,Rauma,Rauma,NO,1.0,1
1231,Åsbro 3,4462500.0,3797500.0,2150.0,Viskan,Viskan,Viskan,SE,1.0,1
1831,KOŁO,4912500.0,3262500.0,12125.0,Warta,Warta,Oder,PL,2.0,2711
789,Alexandria,5542500.0,2447500.0,3375.0,Danube,Vedea,Danube,RO,,52011
4469,Girona Pont de la Barca - Ter,3722500.0,2127500.0,2350.0,Ter,Ter,Ter,ES,1.0,1
3179,La Loire à Langeais,3597500.0,2737500.0,56675.0,Loire,Loire,Loire,FR,,5311
2241,KRASNYSTAW,5242500.0,3177500.0,2975.0,Wieprz,Wieprz,Vistula,PL,2.0,3611
1840,GOŚCIMIEC,4722500.0,3322500.0,16675.0,Warta,Notec,Oder,PL,3.0,2211
542,Jarnoltow,4797500.0,3132500.0,1675.0,"Oder, below Easter Neisse",Bystrzyca,Oder,PL,2.0,7521
1953,"BODENS KRV (+ VATTENVERK, TRANGFORS)",4857500.0,4787500.0,24775.0,Luleaelven,Luleaelven,Luleaelven,SE,1.0,1
2889,Kitkajoki Kayla,5177500.0,4917500.0,1800.0,Oulankajoki,Kitkajoki,Tumcha,FI,2.0,2
2093,IPELSKY SOKOLEC,4977500.0,2807500.0,4875.0,Ipel,Ipel,Danube,SK,,154111
3228,L'Ognon à Pesmes,3987500.0,2692500.0,2000.0,Saone,Ognon,Rhone,FR,3.0,661
1415,Banagher,3127500.0,3492500.0,7950.0,"Shannon, below Brosna",Shannon,Shannon,IE,1.0,33
2866,Hartolankoski,5002500.0,4307500.0,21450.0,Kokem,Liekovesi,Kokem,FI,1.0,3
1121,Kirkevoll bru,4272500.0,4062500.0,3850.0,Skien,Tinne,Skien,NO,2.0,35
2634,KUDIRKOS NAUMIESTIS,5147500.0,3592500.0,3100.0,Sesupe,Sesupe,Nemunas,LT,2.0,141
1640,Senin,5332500.0,3367500.0,1625.0,Pripyat,Yaselda,Dnieper,BY,3.0,672
1835,KRZYŻ,4732500.0,3322500.0,12875.0,Warta,Notec,Oder,PL,3.0,2231
58,Düsseldorf,4092500.0,3127500.0,147750.0,Rhine,Rhine,Rhine,DE,,3511
1018,Neiden,5067500.0,5277500.0,3075.0,Neidenelva,Neidenelva,Naatamo,NO,1.0,1
667,Dombori-puszta,5002500.0,2632500.0,188375.0,Danube,Danube,Danube,HU,,153111
1977,MEGEN DORP,4017500.0,3197500.0,29000.0,Meuse,Meuse,Rhine,NL,,2311
199,Graz,4732500.0,2677500.0,7100.0,Drava,Mur,Danube,AT,,142311
1606,Obol,5517500.0,3747500.0,2375.0,Daugava,Obol,Daugava,BY,2.0,52
3354,Skatila,4922500.0,4492500.0,4725.0,Kyronjoki,Kyronjoki,Kyronjoki,FI,1.0,1
4292,Contreras,3332500.0,1902500.0,3400.0,Cabriel,Cabriel,Jucar,ES,2.0,61
686,Mako,5127500.0,2622500.0,30075.0,Tisa,Mures,Danube,HU,,122111
2928,L Aude a Moussan [Moussoulens-ecluse],3752500.0,2262500.0,4925.0,Aude,Aude,Aude,FR,1.0,1
1419,Rahans,3082500.0,3607500.0,1925.0,Moy,Moy,Moy,IE,1.0,1
1906,La Loire à Villerest [Pont de Villerest],3857500.0,2557500.0,6700.0,Loire,Loire,Loire,FR,,9511
314,Norsfoss,4432500.0,4137500.0,18800.0,"Glomma, headwaters",Glomma,Glomma,NO,1.0,311
2501,KEBAN,6767500.0,2212500.0,63350.0,Euphrates,Euphrates,Tigris & Euphrates,TR,1.0,11
4140,Liri a Pontecorvo,4627500.0,2047500.0,2875.0,"Liri, below Sacco",Liri,Liri,IT,1.0,1
1101,Masi,4857500.0,5197500.0,5675.0,Altaelva,Kautokeinoelva,Altaelva,NO,1.0,1
2120,EL DOCTOR,3027500.0,1767500.0,25225.0,Guadajoz,Guadalquivir,Guadalquivir,ES,1.0,711
1957,KVISTFORSENS KRV,4837500.0,4667500.0,11275.0,Skellefteaelven,Skellefteaelven,Skelleftealven,SE,1.0,1
3202,La Loire à Chalonnes-sur-Loire et à Ingrandes et à Montjean-,3502500.0,2757500.0,110750.0,Loire,Loire,Loire,FR,,1511
3213,La Dordogne à Lanzac et à Souillac,3647500.0,2457500.0,8250.0,"Dordogne, headwaters",Dordogne,Dordogne,FR,1.0,5
1434,Fábrica Da Matrena,2747500.0,2017500.0,1050.0,Zezere,Nabao,Tagus,PT,3.0,321
1931,La Marne à Gournay-sur-Marne,3772500.0,2882500.0,12625.0,Marne,Marne,Seine,FR,2.0,611
1858,GŁOGÓW,4747500.0,3192500.0,36575.0,"Oder, below Barycz",Oder,Oder,PL,1.0,7111
2894,SaFFLE DAMM,4487500.0,4007500.0,4825.0,Glafsfjord,Byalven,Gota,SE,2.0,2
123,"Kitinen, Kokkosniva",5072500.0,4992500.0,6575.0,Kitinen,Kitinen,Kemijoki,FI,2.0,81
1739,Maglaj,4962500.0,2417500.0,6800.0,Sava,Bosna,Danube,BA,,104511
2862,Zancara En Alcazar,3187500.0,1902500.0,5775.0,Ciguela,Zancara,Guadiana,ES,3.0,1621
2766,La Meuse à Verdun [Pont Chaussée],3982500.0,2912500.0,3400.0,Meuse,Meuse,Rhine,FR,,2791
144,Kaitakoski,5062500.0,5187500.0,14575.0,Paatsjoki,Paatsjoki,Paatsjoki,FI,1.0,1
1377,Sprouston,3542500.0,3677500.0,3375.0,Tweed,Tweed,Tweed,UK,1.0,3
608,Bergantes En Zorita,3462500.0,2017500.0,1075.0,Guadalope,Bergantes,Ebro,ES,3.0,3221
2736,STANCENI,5482500.0,2767500.0,1400.0,Tisa,Creanga,Danube,RO,,122811
301,Eide,4307500.0,4282500.0,7925.0,Lagen,Lagen,Glomma,NO,2.0,215
2364,St. Marys Bridge,3552500.0,3377500.0,1100.0,Trent,Derwent,Trent,UK,2.0,6
215,Theresienthal,4602500.0,2762500.0,1425.0,Traun,Traun,Danube,AT,,191813
43,Wuerzburg,4317500.0,2967500.0,14125.0,Main,Main,Rhine,DE,,8711
5073,Morales del Rey,3022500.0,2247500.0,4325.0,Esla,Orbigo,Douro,ES,3.0,14611
2764,Reljevo,4987500.0,2347500.0,1300.0,Sava,Bosna,Danube,BA,,104911
196,Möllbrücke,4572500.0,2647500.0,1025.0,Drava,Moell,Danube,AT,,143811
3256,L'Aude à Moussan [Moussoulens - écluse],3747500.0,2262500.0,4900.0,Aude,Aude,Aude,FR,1.0,1
3174,Le Cher à Saint-Amand-Montrond,3747500.0,2652500.0,3900.0,Cher,Cher,Loire,FR,,6511
1861,ANNOPOL,5152500.0,3152500.0,51500.0,"Vistula, below San",Vistula,Vistula,PL,1.0,3911
393,Pontelagoscuro,4447500.0,2422500.0,71175.0,Po,Po,Po,IT,,1111
2747,BRAILA,5717500.0,2632500.0,709545.0,Danube,Danube,Danube,RO,,51111
2303,BALLINLUIG,3487500.0,3797500.0,3100.0,Tay,Tay,Tay,UK,1.0,3
499,PUSTYNIA,4977500.0,3032500.0,2925.0,"Vistula, headwaers",Vistula,Vistula,PL,1.0,7511
507,Kunow,5107500.0,3157500.0,1125.0,"Vistula, below San",Kamienna,Vistula,PL,2.0,3811
159,Korneuburg,4792500.0,2817500.0,101800.0,Danube,Danube,Danube,AT,,191111
192,Spittal (Fasan),4587500.0,2642500.0,1050.0,Drava,Lieser,Danube,AT,,143611
429,Ponte Alto,4392500.0,2397500.0,1525.0,Secchia,Secchia,Po,IT,,1411
3235,Le Doubs à Goumois,4092500.0,2687500.0,1200.0,Saone,Doubs,Rhone,FR,3.0,647
1137,Hamar (Mjøsa),4377500.0,4187500.0,1200.0,Lagen,Mjosa,Glomma,NO,3.0,212
2783,Zujar En Villanueva De La Serena,2967500.0,1902500.0,8325.0,Zujar,Zujar,Guadiana,ES,2.0,1011
853,Slavonski Kobas,4917500.0,2472500.0,46100.0,Sava,Sava,Danube,HR,,105311
2920,La Vilaine a Rieux,3407500.0,2792500.0,10100.0,Vilaine,Vilaine,Vilaine,FR,1.0,1
1141,Heisel,4197500.0,3902500.0,3600.0,Otra,Otra,Otra,NO,1.0,1
805,Ceatal Izmail,5777500.0,2642500.0,786242.0,Danube,Danube,Danube,RO,,11111
501,POPĘDZYNKA,5072500.0,3057500.0,10650.0,"Vistula, headwaers",Vistula,Vistula,PL,1.0,7111
2159,GUNTERSHAUSEN,4282500.0,3122500.0,6425.0,Fulda,Fulda,Weser,DE,2.0,611
1552,Hythe End,3592500.0,3202500.0,1000.0,Colne,Colne,Thames,UK,2.0,61
4523,Glina,4797500.0,2487500.0,1050.0,Sava,Glina,Danube,HR,,108211
180,Jenbach-Rotholz,4452500.0,2697500.0,7300.0,Inn,Inn,Danube,AT,,203331
790,Calugareni,5592500.0,2477500.0,3525.0,Danube,Neajlov,Danube,RO,,51411
181,Kajetansbrücke,4357500.0,2642500.0,2125.0,Inn,Inn,Danube,AT,,203331
2902,DoNJE KRV,4662500.0,4272500.0,14925.0,Ljusnan,Ljusnan,Ljusnan,SE,1.0,3
190,Deutsch Brodersdorf (Straßenbrücke),4802500.0,2777500.0,1975.0,Leitha,Leitha,Danube,AT,,174111
2318,DRYBURGH,3527500.0,3677500.0,2150.0,Tweed,Tweed,Tweed,UK,1.0,5
1622,Orsha,5622500.0,3672500.0,18300.0,"Dnieper, headwaters",Dnieper,Dnieper,BY,1.0,951
5212,Guadiana en Charco de los Pollos,2847500.0,1917500.0,48925.0,Guadiana,Guadiana,Guadiana,ES,1.0,331
1358,Vise-Lixhe,4012500.0,3072500.0,20825.0,Meuse,Meuse,Rhine,BE,,2331
2201,VENLO,4042500.0,3182500.0,27025.0,Meuse,Meuse,Rhine,DE,,2331
1937,LAUCHA,4437500.0,3127500.0,6250.0,Saale,Unstrut,Elbe,DE,3.0,4411
3096,Vasknarva,5332500.0,4117500.0,49625.0,Narva,Narva,Narva,EE,1.0,1
247,Doljevac,5277500.0,2307500.0,2075.0,Velika Morava,Toplica,Danube,RS,,83411
2918,La Seine a Mery-sur-Seine [apres creation grands lacs],3862500.0,2842500.0,4025.0,"Seine, headwaters",Seine,Seine,FR,1.0,1131
798,Bazias,5222500.0,2477500.0,564200.0,Danube,Danube,Danube,RO,,72111
1867,DĘBLIN,5132500.0,3227500.0,68100.0,"Vistula, below Wieprz",Vistula,Vistula,PL,1.0,3511
1892,SIRET,5507500.0,2892500.0,1650.0,Siret,Siret,Danube,RO,,43511
1984,HARJAVALTA,4967500.0,4302500.0,26300.0,Kokemaenjoki,Kokemaenjoki,Kokem,FI,1.0,1
2934,Le Salat a Roquefort-sur-Garonne,3587500.0,2267500.0,1500.0,Salat,Salat,Garonne,FR,2.0,561
1983,LAKE INARI OUTLET,5012500.0,5177500.0,5475.0,Paatsjoki,Paatsjoki,Paatsjoki,FI,1.0,3
298,Bergheim,4282500.0,4147500.0,4275.0,Drammen,Hallingdalselva,Drammen,NO,2.0,22
2543,MARINO POLE,5437500.0,2132500.0,10700.0,Strimonas,Struma,Strimonas,BG,2.0,1
2603,KOLVITSA,5307500.0,5052500.0,1425.0,"Teno-, Naatamo- and Paatsjoki (Finnish part)",KOLVITSA,Kolvitsa,RU,1.0,1
1967,SCHAERDING,4572500.0,2822500.0,26050.0,Inn,Inn,Danube,AT,,201111
3194,La Sarthe à Saint-Denis-d'Anjou [Beffes],3547500.0,2797500.0,7450.0,Maine,Sarthe,Loire,FR,,2431
89,Dresden,4582500.0,3112500.0,53125.0,"Elbe, below Ohre",Elbe,Elbe,DE,1.0,9111
29,Raunheim,4207500.0,2987500.0,27100.0,Main,Main,Rhine,DE,,8111
3003,Alcantara,2872500.0,2007500.0,52150.0,Tagus,Tagus,Tagus,ES,1.0,531
1140,Hegra bru,4372500.0,4482500.0,1900.0,Stjordal,Stjordal,Stjordal,NO,1.0,1
2015,Nantgaredig,3352500.0,3287500.0,1150.0,R. Towy,Tywi,Towy,UK,1.0,1
189,Lechaschau,4367500.0,2702500.0,1000.0,Lech,Lech,Danube,AT,,212013
78,Torgau,4532500.0,3157500.0,55150.0,"Elbe, below Ohre",Elbe,Elbe,DE,1.0,9111
1927,L'Armançon à Brienon-sur-Armançon,3842500.0,2782500.0,2975.0,Yonne,Armancon,Seine,FR,3.0,1021
494,Stary Sacz,5087500.0,2992500.0,2100.0,Dunajec,Poprad,Vistula,PL,3.0,6211
2858,BARASONA-JOAQUIN COSTA,3522500.0,2167500.0,1550.0,Segre,Esera,Ebro,ES,4.0,2261
1920,Le Rhone à Viviers,3897500.0,2392500.0,71225.0,"Rhone, below Isere",Rhone,Rhone,FR,1.0,331
2209,DUNAALMAS,4947500.0,2772500.0,171525.0,Danube,Danube,Danube,HU,,157111
30,Plittersdorf,4182500.0,2862500.0,48500.0,Rhine,Rhine,Rhine,DE,,11111
1012,L'Ain à Pont-d'Ain,3962500.0,2562500.0,2750.0,Ain,Ain,Rhone,FR,2.0,811
162,Ybbs,4692500.0,2797500.0,92525.0,Danube,Danube,Danube,AT,,191511
1797,GUBIN,4642500.0,3217500.0,4275.0,Neisse,Lusatian Neisse,Oder,PL,2.0,4111
372,Sion,4112500.0,2572500.0,3400.0,"Rhone, headwaters",Rhone,Rhone,CH,1.0,951
1876,MODLIN,5037500.0,3307500.0,159325.0,"Vistula, below Narew",Vistula,Vistula,PL,1.0,1711
468,Hüttendorf,4392500.0,2932500.0,3875.0,Main,Regnitz,Rhine,DE,,8831
522,Mieduniszki,5097500.0,3532500.0,1000.0,Pregolya,Angrapa,Pregolya,PL,2.0,31
2709,Kresna,5412500.0,2167500.0,7025.0,Strimonas,Strimonas,Strimonas,BG,1.0,3
670,Felsoberecki,5182500.0,2872500.0,11325.0,Tisa,Bodrog,Danube,HU,,128111
803,Tupilati,5572500.0,2807500.0,4025.0,Siret,Moldova,Danube,RO,,41111
2936,La Save a Larra,3617500.0,2332500.0,1075.0,Save,Save,Garonne,FR,2.0,521
1746,Mostar,4957500.0,2287500.0,3325.0,Neretva,Neretva,Neretva,BA,1.0,31
1912,Le Loir à Durtal,3557500.0,2782500.0,7925.0,Maine,Loir,Loire,FR,,2421
2635,DASIUNAI,5197500.0,3647500.0,5600.0,Nevezis,Nevezis,Nemunas,LT,2.0,161
280,Nové Zámky,4927500.0,2792500.0,3700.0,Vah,Nitra,Danube,SK,,162101
685,Letenye,4837500.0,2612500.0,13325.0,Drava,Mur,Danube,HU,,142111
2770,La Loire [Totale] à Nantes [Roche Maurice],3442500.0,2742500.0,115825.0,Loire,Loire,Loire,FR,,1111
1341,Perevozets,5382500.0,2992500.0,1500.0,"Dniester, below Stryi",Limnytsya,Dniester,UA,2.0,52
1361,Tournai,3852500.0,3077500.0,4975.0,Scheldt,Scheldt,Scheldt,BE,,71
2504,ASAGI KAGDARIC,6882500.0,2402500.0,2825.0,Euphrates,KARASU CAYI,Tigris & Euphrates,TR,2.0,14
1354,Sarny,5472500.0,3267500.0,13250.0,Pripyat,Sluch,Dnieper,UA,4.0,642
588,Sevlievo,5547500.0,2337500.0,1000.0,Danube,Rositsa,Danube,BG,,51821
1017,Nybergsund,4447500.0,4237500.0,4375.0,Gota,Trysilelva / Klaralven,Gota,NO,1.0,9
197,Bruck un der Mur unter Mür,4717500.0,2712500.0,6325.0,Drava,Mur,Danube,AT,,142511
399,Cremona,4322500.0,2447500.0,51075.0,Po,Po,Po,IT,,3711
705,Vac,5002500.0,2782500.0,183500.0,Danube,Danube,Danube,HU,,153111
1291,Río Miño en Salvaterra do Miño,2807500.0,2297500.0,15550.0,Minho,Minho,Minho,ES,1.0,111
4133,Marta a Tarquinia,4462500.0,2127500.0,1075.0,Marta,Marta,Marta,IT,1.0,1
1378,Woodend,3557500.0,3842500.0,1350.0,Dee,Dee,Dee,UK,1.0,1
3221,Le Gave d'Oloron à Escos,3432500.0,2322500.0,2600.0,Les Gaves Runis,Gave d'Oloron,Adour,FR,2.0,23
528,OPOLE-GROSZOWICE,4882500.0,3082500.0,10975.0,"Oder, headwaters",Oder,Oder,PL,1.0,9311
3137,L'Iton à Normanville,3677500.0,2922500.0,1125.0,Eure,Iton,Seine,FR,3.0,221
1311,Rahiv,5377500.0,2877500.0,1175.0,Tisa,Tisza,Danube,UA,,129707
2907,Rauma v-Venge,4202500.0,4382500.0,1250.0,Rauma,Rauma,Rauma,NO,1.0,1
2137,NIEMISEL,4867500.0,4812500.0,3850.0,Ranealven,Ranealven,Ranealven,SE,1.0,1
252,Novi Knezevac,5097500.0,2607500.0,140675.0,Tisa,Tisza,Danube,RS,,121111
5188,Guadiana en Valverde,2917500.0,1907500.0,39375.0,Guadiana,Guadiana,Guadiana,ES,1.0,711
2146,FROHNLEITEN,4722500.0,2697500.0,6675.0,Drava,Mur,Danube,AT,,142311
674,Hatvan,5047500.0,2777500.0,1250.0,Tisa,Zagyva,Danube,HU,,125211
489,Wasserburg,4482500.0,2767500.0,12100.0,Inn,Inn,Danube,DE,,203311
2176,RATHENOW HAUPTSCHLEUSE UP,4477500.0,3272500.0,18675.0,Havel,Havel,Elbe,DE,2.0,2111
1161,Sant Joan Despi,3652500.0,2062500.0,4900.0,Llobregat,Llobregat,Llobregat,ES,1.0,1
2484,KAYIRLI,5922500.0,1782500.0,1175.0,Buyuk Menderes,CINE CAYI,Buyuk Menderes,TR,2.0,2
1349,Yampil,5477500.0,3112500.0,1425.0,Pripyat,Horyn,Dnieper,UA,4.0,644
1633,Mstislavl,5722500.0,3647500.0,2225.0,Sozh,Vihra,Dnieper,BY,3.0,872
2471,BROOK DOWLES,3487500.0,3312500.0,4750.0,"Severn, headwaters",Severn,Severn,UK,1.0,5
934,Hattingen,4127500.0,3147500.0,4225.0,Ruhr,Ruhr,Rhine,DE,,3411
4,Barby,4452500.0,3207500.0,93975.0,"Elbe, below Saale",Elbe,Elbe,DE,1.0,3111
784,Turda,5372500.0,2702500.0,2650.0,Tisa,Aries,Danube,RO,,122611
5161,Guadiana en Vicario,3107500.0,1887500.0,16325.0,Guadiana,Guadiana,Guadiana,ES,1.0,1511
796,Dragesti,5602500.0,2772500.0,11825.0,Siret,Siret,Danube,RO,,43111
2839,GUADALMELLATO 5062,3032500.0,1787500.0,1275.0,Guadajoz,Gato,Guadalquivir,ES,2.0,721
93,Spreewitz,4632500.0,3162500.0,2100.0,Havel,Spree,Elbe,DE,3.0,2211
398,Piacenza,4302500.0,2442500.0,41950.0,Po,Po,Po,IT,,5111
111,Dietersheim,4172500.0,2982500.0,4025.0,Nahe,Nahe,Rhine,DE,,6111
843,Dubica,4852500.0,2477500.0,9400.0,Sava,Una,Danube,HR,,106111
3099,La Moselle à Saint-Mard et à Tonnoy et à Velle-sur-Moselle,4042500.0,2832500.0,2025.0,Moselle,Moselle,Rhine,FR,,4571
2846,EL PINTADO 5011,2922500.0,1802500.0,1175.0,Viar,Viar,Guadalquivir,ES,2.0,321
2378,BEDFORD,3602500.0,3277500.0,1475.0,Great Ouse,Bedford Ouse,Great Ouse,UK,1.0,5
154,Borgharen-Dorp,4022500.0,3097500.0,22050.0,Meuse,Meuse,Rhine,NL,,2331
1595,Verhnedvinsk,5432500.0,3767500.0,51775.0,"Daugava, below Dysna",Daugava,Daugava,BY,1.0,35
3111,La Meuse à Saint-Mihiel,3992500.0,2872500.0,2675.0,Meuse,Meuse,Rhine,FR,,2791
1488,Haw Bridge,3487500.0,3277500.0,9725.0,"Severn, below Avon",Severn,Severn,UK,1.0,1
269,Bossuit,3857500.0,3092500.0,5250.0,Scheldt,Scheldt,Scheldt,BE,,71
1002,La Garonne à Tonneins,3547500.0,2417500.0,50325.0,"Garonne, below Lot",Garonne,Garonne,FR,1.0,131
1013,L'Ain à Chazey-sur-Ain,3952500.0,2547500.0,3675.0,Ain,Ain,Rhone,FR,2.0,811
809,Cosereni,5617500.0,2542500.0,6325.0,Ialomita,Ialomita,Danube,RO,,51211
1626,Gorodishche,5612500.0,3577500.0,2900.0,"Dnieper, headwaters",Drut,Dnieper,BY,2.0,941
1322,Chop,5222500.0,2892500.0,2300.0,Tisa,Latorica,Danube,UA,,128231
3098,Kasari,5127500.0,4037500.0,2675.0,Kasari,Kasari,Kasari,EE,1.0,1
4316,Los Frailes,3302500.0,1862500.0,3800.0,Jucar,Jucar,Jucar,ES,1.0,91
1643,Mokrovo,5482500.0,3382500.0,2125.0,Pripyat,Lan,Dnieper,BY,3.0,652
3227,L'Ognon à Beaumotte-Aubertans,4032500.0,2707500.0,1250.0,Saone,Ognon,Rhone,FR,3.0,661
646,Jalon En Chodes,3357500.0,2117500.0,8025.0,Jalon,Jalon,Ebro,ES,2.0,8111
1974,BERLIN MUEHLENDAMM OP,4577500.0,3262500.0,6900.0,Havel,Spree,Elbe,DE,3.0,2211
800,Gurahont,5267500.0,2652500.0,1725.0,Tisa,Crisul Alb,Danube,RO,,124711
259,Drazevac,5127500.0,2442500.0,3650.0,Sava,Kolubara,Danube,RS,,101211
1417,Ballymahon,3157500.0,3527500.0,1125.0,Inny,Inny,Shannon,IE,2.0,81
45,Worms,4202500.0,2947500.0,68950.0,Rhine,Rhine,Rhine,DE,,9111
1564,Thames at Kingston (Backup),3592500.0,3192500.0,1050.0,Thames,The Bourne,Thames,UK,1.0,52
4359,Ettelbrück,4042500.0,2972500.0,1075.0,Moselle,Alzette,Rhine,LU,,4441
2591,PAIALKA,5367500.0,5037500.0,5400.0,"Teno-, Naatamo- and Paatsjoki (Finnish part)",UMBA,Umba,RU,1.0,1
502,SZCZUCIN,5102500.0,3082500.0,24125.0,"Vistula, below Dunajec",Vistula,Vistula,PL,1.0,5311
2191,SELFOSS,2847500.0,4872500.0,1425.0,Oelfusa,Oelfusa,Oelfusa,IS,1.0,1
691,Ortilos,4852500.0,2602500.0,31275.0,Drava,Drava,Danube,HU,,141111
1196,Mörrum,4617500.0,3692500.0,3425.0,Morrumsan,Morrumsan,Morrumsan,SE,1.0,1
1492,Shardlow,3557500.0,3362500.0,4375.0,Trent,Trent,Trent,UK,1.0,7
3102,La Moselle à Custines,4037500.0,2862500.0,6950.0,Moselle,Moselle,Rhine,FR,,4551
1988,VALMIERA,5237500.0,3922500.0,6325.0,Gauja,Gauja,Gauja,LV,1.0,1
2046,MONTJEAN,3507500.0,2757500.0,110500.0,Loire,Loire,Loire,FR,,1511
4310,Cullera,3427500.0,1847500.0,21725.0,Jucar,Jucar,Jucar,ES,1.0,11
1469,Rabaçal,2802500.0,2267500.0,2075.0,Lima,Lima,Lima,PT,1.0,1
1834,DOROHUSK,5277500.0,3212500.0,12400.0,Narew,Bug,Vistula,PL,3.0,2419
1866,PUŁAWY-AZOTY,5147500.0,3217500.0,57650.0,"Vistula, below San",Vistula,Vistula,PL,1.0,3711
2740,BRANISCA,5307500.0,2617500.0,24650.0,Tisa,Mures,Danube,RO,,122111
3283,Aldeyjarfoss,3077500.0,4942500.0,2450.0,Skjalfandafljot,Skjalfandafljot,Skjalfandafljot,IS,1.0,1
1718,Sumy,6027500.0,3382500.0,7825.0,Psel,Psel,Dnieper,UA,2.0,211
4186,Petanjci,4782500.0,2632500.0,10475.0,Drava,Mur,Danube,SI,,142131
654,Cinca Pte. Las Pilas,3512500.0,2162500.0,3825.0,Segre,Cinca,Ebro,ES,3.0,2251
1959,TAINIONKOSKI,5322500.0,4362500.0,60650.0,Vuoksi,Vuoksi,Neva,FI,1.0,11
621,Oca En Oña,3227500.0,2277500.0,1125.0,Anguilas,Oca,Ebro,ES,2.0,24111
2835,GIRIBAILE 5070,3137500.0,1777500.0,1375.0,Guadalimar,Guadalen,Guadalquivir,ES,3.0,1023
1235,Konstdalsströmmen,4692500.0,4207500.0,1025.0,Testeboan,Ostersjon,Testeboan,SE,1.0,1
822,Hetin,5162500.0,2567500.0,2000.0,Tamis,Stari Begej,Danube,RS,,92411
3133,L'Eure à Charpont,3692500.0,2877500.0,2000.0,Eure,Eure,Seine,FR,2.0,251
715,Bacsa,4897500.0,2767500.0,131675.0,Danube,Mosoni-Duna,Danube,HU,,171111
2185,ALLOGGIAMENTO IDRAULICO,4637500.0,2127500.0,1925.0,Pescara,ATERNO,Pescara,IT,1.0,1
511,BORKOWO,5042500.0,3327500.0,5175.0,Narew,Wkra,Vistula,PL,3.0,2121
543,SŁUBICE,4627500.0,3262500.0,52000.0,"Oder, below Neisse",Oder,Oder,PL,1.0,3111
2798,Henares En Espinillos,3182500.0,2027500.0,4000.0,Jarama,Henares,Tagus,ES,3.0,821
3177,Le Cher à Châtillon-sur-Cher,3677500.0,2722500.0,12800.0,Cher,Cher,Loire,FR,,6111
2746,OLTENITA,5642500.0,2472500.0,676895.0,Danube,Dadilovat,Danube,RO,,51511
4288,Manuel,3412500.0,1832500.0,2025.0,Albaida,Albaida,Jucar,ES,2.0,41
808,Lungoci,5677500.0,2657500.0,36300.0,Siret,Siret,Danube,RO,,41111
2932,La Marne a Frignicourt [apres creation grand lac],3922500.0,2857500.0,3400.0,Marne,Marne,Seine,FR,2.0,631
2681,TIKHOVSKY,6482500.0,2867500.0,47825.0,Kuban,Kuban,Kuban,RU,1.0,1
688,Mohacs,4997500.0,2577500.0,208825.0,Danube,Danube,Danube,HU,,151111
5205,Gévora en Valdebotoa,2857500.0,1927500.0,2075.0,Gevora,Gevora,Guadiana,ES,3.0,411
2003,OULUNKYLA (NEAR THE MOUTH),5147500.0,4207500.0,1875.0,Vantaa,Vantaanjoki,Vantaa,FI,1.0,1
483,Plattling,4532500.0,2852500.0,9000.0,Isar,Isar,Danube,DE,,211211
481,Oberaudorf,4482500.0,2722500.0,9725.0,Inn,Inn,Danube,DE,,203311
1982,KISTA,4842500.0,5237500.0,6250.0,Altaelva,Altaelva,Altaelva,NO,1.0,1
975,Glimar_Lina,3117500.0,1767500.0,5075.0,Guadalimar,Guadalimar,Guadalquivir,ES,2.0,1011
3281,Lónshnjúkur,3107500.0,4882500.0,1375.0,Bakkahlaup,Kreppa,Jkuls Fjllum,IS,2.0,2
5215,Delibasino Selo,4892500.0,2437500.0,4275.0,Sava,Vrbas,Danube,BA,,105411
276,Dierová,4987500.0,2937500.0,2000.0,Vah,Orava,Danube,SK,,163601
2874,Lankela,5022500.0,4707500.0,4100.0,Siikajoki,Siikajoki,Siikajoki,FI,1.0,1
250,Novi Sad,5087500.0,2507500.0,256375.0,Danube,Danube,Danube,RS,,131111
1990,UKMERGE,5252500.0,3662500.0,5950.0,Neris,Sventoji,Nemunas,LT,3.0,221
582,Miziya,5422500.0,2382500.0,3025.0,Danube,Ogosta,Danube,BG,,71613
1854,KOŁO,5127500.0,3102500.0,30725.0,"Vistula, below Dunajec",Vistula,Vistula,PL,1.0,5111
1717,Lubny,5942500.0,3247500.0,14250.0,Sula,Sula,Dnieper,UA,2.0,321
774,FRANKOPOL,5167500.0,3332500.0,30175.0,Narew,Bug,Vistula,PL,3.0,2415
1182,Quintanilla De Onésimo,3122500.0,2172500.0,12225.0,Douro,Douro,Douro,ES,1.0,19111
3110,La Meuse à Commercy,3997500.0,2862500.0,2400.0,Meuse,Meuse,Rhine,FR,,2791
107,Podbočje,4747500.0,2547500.0,1875.0,Sava,Krka,Danube,SI,,109161
4498,Pass Br.,3187500.0,3467500.0,1225.0,Barrow,Barrow,Barrow,IE,1.0,5
240,Kratovska stena,5132500.0,2362500.0,3075.0,Velika Morava,Zapadna Morava,Danube,RS,,82311
615,Irati En Liedena,3392500.0,2242500.0,1575.0,Aragon,Irati,Ebro,ES,3.0,10411
2053,MAS-D'AGENAIS,3542500.0,2417500.0,50350.0,"Garonne, below Lot",Garonne,Garonne,FR,1.0,131
4318,S.Lorenzo Parrilla,3267500.0,1947500.0,1875.0,Jucar,Jucar,Jucar,ES,1.0,93
493,Pinczow,5062500.0,3097500.0,3400.0,Nida,Nida,Vistula,PL,2.0,5411
1495,Drakelow,3537500.0,3357500.0,3100.0,Trent,Trent,Trent,UK,1.0,9
1837,WIZNA,5137500.0,3407500.0,14300.0,Narew,Narew,Vistula,PL,2.0,2507
823,Gamzigrad,5297500.0,2392500.0,1200.0,Danube,Crni Timok,Danube,RS,,72012
16,Magdeburg-Strombruecke,4437500.0,3222500.0,94975.0,"Elbe, below Saale",Elbe,Elbe,DE,1.0,3111
3105,La Moselle à Hagondange et à Hauconcourt,4042500.0,2907500.0,9400.0,Moselle,Moselle,Rhine,FR,,4531
2597,KANEVKA,5577500.0,5167500.0,1225.0,Ponoy,PONOY,Ponoy,RU,1.0,1
920,Schweinfurt Neuer Hafen,4332500.0,2987500.0,12675.0,Main,Main,Rhine,DE,,8711
1812,OLZA,4917500.0,3017500.0,5850.0,"Oder, headwaters",Oder,Oder,PL,1.0,9311
940,Leisnig,4527500.0,3122500.0,2875.0,Mulde,Freiberger Mulde,Elbe,DE,3.0,6211
643,Arba En Tauste,3392500.0,2167500.0,2175.0,Arba,Arba,Ebro,ES,2.0,9211
2898,YNGEREDSFORSEN,4492500.0,3777500.0,2625.0,Atran,Atran,Atran,SE,1.0,1
1325,Yzgorod,5227500.0,2912500.0,1975.0,Tisa,Uzh,Danube,UA,,128222
1969,FRIESACH,4727500.0,2692500.0,6825.0,Drava,Mur,Danube,AT,,142311
2891,GRANSEL,4787500.0,4782500.0,7050.0,Pitealven,Pitealven,Pitealven,SE,1.0,1
2904,Barkaldfoss,4367500.0,4312500.0,6775.0,"Glomma, headwaters",Glomma,Glomma,NO,1.0,315
1844,KARSY,5082500.0,3072500.0,19925.0,"Vistula, below Dunajec",Vistula,Vistula,PL,1.0,5511
4325,Colmenar,3447500.0,1937500.0,2575.0,Mijares,Mijares,Mijares,ES,1.0,3
94,Goerlitz,4672500.0,3127500.0,1600.0,Neisse,Lusatian Neisse,Oder,DE,2.0,4111
147,Räktfors,4897500.0,4832500.0,17425.0,Kalix,Kalix,Kalix,SE,1.0,1
1801,OSOWIEC,5157500.0,3447500.0,4325.0,Narew,Biebrza,Vistula,PL,3.0,2508
2772,Le Doubs à Neublans-Abergement,3962500.0,2657500.0,7500.0,Saone,Doubs,Rhone,FR,3.0,641
4416,Helmarshausen,4282500.0,3167500.0,1850.0,Diemel,Diemel,Weser,DE,2.0,411
2544,KHADZHIDIMOVO,5472500.0,2152500.0,2325.0,Nestos,Mesta,Nestos,BG,1.0,1
490,Wolfsmünster,4302500.0,2997500.0,2125.0,Main,Franconian Saale,Rhine,DE,,8611
3201,L'Oudon à Segré [écluse de Maingué],3512500.0,2787500.0,1475.0,Maine,Oudon,Loire,FR,,2421
140,"Utsjoki, Patoniva",4977500.0,5262500.0,1500.0,Tana,Utsjoki,Tana,FI,2.0,2
260,Apatin,5012500.0,2552500.0,211925.0,Danube,Danube,Danube,RS,,151111
571,Dehylov,4907500.0,3007500.0,2025.0,"Oder, headwaters",Opava,Oder,CZ,2.0,9611
1737,Raspotočje,4957500.0,2377500.0,4025.0,Sava,Bosna,Danube,BA,,104711
4172,Rio Galeria,4517500.0,2082500.0,17700.0,"Tiber, below Aniene",Galeria,Tiber,IT,1.0,111
1808,LAS,4992500.0,3032500.0,5575.0,"Vistula, headwaers",Vistula,Vistula,PL,1.0,7511
279,Nitrianska Streda,4922500.0,2862500.0,2025.0,Vah,Nitra,Danube,SK,,162101
3195,Le Loir à Saint-Maur-sur-le-Loir,3682500.0,2822500.0,1150.0,Maine,Loir,Loire,FR,,2400
859,Novo Virje Skela,4867500.0,2582500.0,32150.0,Drava,Drava,Danube,HR,,141111
2183,BRONZOLO (BRANZOLL),4422500.0,2582500.0,6975.0,Adige,Adige,Adige,IT,1.0,1
2605,OREKULA,5177500.0,4017500.0,4850.0,Parnu,Parnu,Parnu,EE,1.0,1
2784,Jucar En El Picazo,3282500.0,1907500.0,3250.0,Jucar,Jucar,Jucar,ES,1.0,93
1199,Getebro,4702500.0,3782500.0,1350.0,Alsteran,Alsteran,Alsteran,SE,1.0,1
208,Golling,4562500.0,2722500.0,3675.0,Inn,Salzach,Danube,AT,,202311
2948,La Mayenne a Chambellay,3522500.0,2787500.0,4250.0,Maine,Mayenne,Loire,FR,,2431
2158,SCHMITTLOTHEIM,4242500.0,3117500.0,1250.0,Fulda,Eder,Weser,DE,3.0,623
1180,Villamarciel,3077500.0,2167500.0,36775.0,Douro,Douro,Douro,ES,1.0,15111
534,Bardo,4797500.0,3067500.0,1750.0,Eastern Neisse,Eastern Neisse,Oder,PL,2.0,8111
1877,WYSZOGRÓD,5017500.0,3302500.0,159500.0,"Vistula, below Narew",Vistula,Vistula,PL,1.0,1711
285,Lenártovce,5082500.0,2862500.0,1700.0,Tisa,Slana,Danube,SK,,126251
3185,L'Anglin à Mérigny,3627500.0,2657500.0,1625.0,Vienne,Anglin,Loire,FR,,4222
3255,L'Aude à Carcassonne,3697500.0,2262500.0,1825.0,Aude,Aude,Aude,FR,1.0,1
777,Beclean,5387500.0,2777500.0,4375.0,Tisa,Somesul Mare,Danube,RO,,129221
1999,LUUJOKI HAARAN ALA PUOLELLE,5022500.0,4797500.0,1350.0,Oulujoki-Iijoki,Kuivajoki,Oulujoki-Iijoki,FI,1.0,1
785,Mihalt,5377500.0,2662500.0,6250.0,Tisa,Tarnava Mare,Danube,RO,,122411
264,Ljubicevski most,5197500.0,2457500.0,37650.0,Velika Morava,Velika Morava,Danube,RS,,81111
694,Sajopuspoki,5087500.0,2847500.0,3500.0,Tisa,Slana,Danube,HU,,126231
4358,Diekirch,4047500.0,2977500.0,2125.0,Moselle,Sauer,Rhine,LU,,4431
2230,ZAGAN,4697500.0,3177500.0,3150.0,Bobr,Bobr,Oder,PL,2.0,6111
2317,BOLESIDE,3517500.0,3677500.0,1525.0,Tweed,Tweed,Tweed,UK,1.0,5
3219,Le Luy à Saint-Pandelon,3432500.0,2352500.0,1050.0,Adour,Luy,Adour,FR,2.0,32
509,SULEJÓW (KOPALNIA),5007500.0,3182500.0,4075.0,Pilica,Pilica,Vistula,PL,2.0,3411
557,Prelouc,4712500.0,3007500.0,6475.0,"Elbe, headwaters",Elbe,Elbe,CZ,1.0,15111
1918,La Saone à Pagny-La-Ville [Lechatelet],3952500.0,2672500.0,11700.0,Saone,Saone,Rhone,FR,2.0,651
187,Lienz,4527500.0,2642500.0,1200.0,Drava,Isel,Danube,AT,,143921
2707,EYVAZLI,7337500.0,2562500.0,2200.0,Aras,VOROTAN,Kura,AZ,4.0,22
3233,La Saône à Pagny-la-Ville [Lechatelet],3957500.0,2672500.0,11650.0,Saone,Saone,Rhone,FR,2.0,651
640,R.Alcanadre En Ballobar,3497500.0,2117500.0,3300.0,Segre,Alcanadre,Ebro,ES,4.0,2241
1531,Westy,3492500.0,3437500.0,2025.0,Mersey,Mersey,Mersey,UK,1.0,1
2830,QUINTO VERCELLESE,4192500.0,2477500.0,1025.0,Sesia,Cervo,Po,IT,,9231
3230,La Tille à Cessey-sur-Tille,3957500.0,2697500.0,1100.0,Saone,Tille,Rhone,FR,3.0,654
2009,HAUKIPUDAS,5037500.0,4757500.0,11725.0,Iijoki,KIIMINGINJOKI,Kiiminginjoki,FI,1.0,1
1826,STRZYŻÓW,5302500.0,3177500.0,9000.0,Narew,Bug,Vistula,PL,3.0,2419
3156,L'Arroux à Étang-sur-Arroux,3877500.0,2652500.0,1925.0,Loire,Arroux,Loire,FR,,9411
3187,La Vienne à Nouâtre et à Pouzay,3602500.0,2707500.0,20075.0,Vienne,Vienne,Loire,FR,,4111
538,RACIBÓRZ-MIEDONIA,4907500.0,3037500.0,6725.0,"Oder, headwaters",Oder,Oder,PL,1.0,9311
46,Emmerich,4057500.0,3197500.0,159550.0,Rhine,Rhine,Rhine,DE,,3311
47,Ruhrort,4092500.0,3157500.0,152875.0,Rhine,Rhine,Rhine,DE,,3311
503,SANDOMIERZ,5147500.0,3127500.0,32125.0,"Vistula, below Dunajec",Vistula,Vistula,PL,1.0,5111
258,Knjazevac,5307500.0,2352500.0,1175.0,Danube,Beli Timok,Danube,RS,,72011
309,Knappom,4437500.0,4177500.0,1650.0,"Glomma, headwaters",Flisa,Glomma,NO,2.0,312
2950,L Ognon a Pesmes,3982500.0,2697500.0,2100.0,Saone,Ognon,Rhone,FR,3.0,661
5174,Zújar Confluencia Guadamatilla,3002500.0,1862500.0,1625.0,Zujar,Zujar,Guadiana,ES,2.0,1031
2498,HIMMETLI,6582500.0,2032500.0,2475.0,Ceyhan,GOEKSUN (TRIB. SEYHAN),Ceyhan,TR,,1
622,Flumen En Albalatillo,3472500.0,2132500.0,1475.0,Segre,Flumen,Ebro,ES,5.0,2242
541,Turawa,4892500.0,3102500.0,1475.0,"Oder, headwaters",Mala Panew,Oder,PL,2.0,9211
345,Fürstenau,4277500.0,2622500.0,1550.0,Hinterrhein,Hinterrhein,Rhine,CH,,15811
2032,Strei - PETRENI,5327500.0,2602500.0,1975.0,Tisa,Strei,Danube,RO,,122211
651,Ebro En Novillas,3377500.0,2162500.0,27425.0,Ebro,Ebro,Ebro,ES,1.0,9311
689,Nagymaros,4992500.0,2782500.0,183175.0,Danube,Danube,Danube,HU,,153111
1889,SLOBOZIA,5697500.0,2547500.0,9500.0,Ialomita,Bratul Borcea,Danube,RO,,51211
620,Nela En Trespaderne,3227500.0,2292500.0,1075.0,Nela,Nela,Ebro,ES,2.0,22111
583,Novi Iskar,5412500.0,2297500.0,3825.0,Danube,Iskar,Danube,BG,,71413
99,Medno,4667500.0,2567500.0,2125.0,Sava,Sava,Danube,SI,,109511
1690,Besor - Reim,6647500.0,1292500.0,2650.0,Besor,Besor,Besor,IL,1.0,1
148,Granåker,4792500.0,4602500.0,11850.0,Vindel,Vindel,Umealven,SE,2.0,2
1114,Laksfors,4472500.0,4727500.0,3575.0,Vefsna,Vefsna,Vefsna,NO,1.0,1
794,Botarlau,5662500.0,2662500.0,2600.0,Siret,Putna,Danube,RO,,41211
1618,Mikhalishki,5347500.0,3642500.0,10325.0,Neris,Neris,Nemunas,BY,2.0,271
1519,Trews Weir,3372500.0,3157500.0,1250.0,Exe,Exe,Exe,UK,1.0,1
514,Sepopol,5032500.0,3512500.0,3675.0,Lyna,Lyna,Pregolya,PL,2.0,23
1405,Graiguenamanagh,3187500.0,3407500.0,2825.0,Barrow,Barrow,Barrow,IE,1.0,5
299,Dølplass,4342500.0,4342500.0,2125.0,"Glomma, headwaters",Folla,Glomma,NO,2.0,316
1598,Svetlogorsk,5637500.0,3462500.0,24500.0,Berezina,Berezina,Dnieper,BY,2.0,921
647,Ebro En Logroño,3297500.0,2237500.0,10525.0,Ebro,Ebro,Ebro,ES,1.0,15111
3,Pfelling,4517500.0,2867500.0,37725.0,Danube,Danube,Danube,DE,,211311
1483,Bewdley,3487500.0,3322500.0,4300.0,"Severn, headwaters",Severn,Severn,UK,1.0,5
2259,ENNISCORTHY,3212500.0,3397500.0,1275.0,Slaney,Slaney,Slaney,IE,1.0,1
3253,Le Rhône à Tarascon,3887500.0,2307500.0,95975.0,Rhone,Rhone,Rhone,FR,1.0,111
1406,John's Bridge,3162500.0,3427500.0,1600.0,Nore,Nore,Barrow,IE,2.0,4
90,Meissen,4562500.0,3122500.0,53950.0,"Elbe, below Ohre",Elbe,Elbe,DE,1.0,9111
3100,La Moselle à Toul,4017500.0,2847500.0,3325.0,Moselle,Moselle,Rhine,FR,,4571
1360,Salzinnes-Ronet,3947500.0,3052500.0,2900.0,Meuse,Sambre,Rhine,BE,,2611
2613,NOVOSARATOVKA,5427500.0,4332500.0,210225.0,Lake Ladoga sub-catchment,NEVA,Neva,RU,1.0,11
2047,VILLENEUVE LES SORINIERES,3462500.0,2737500.0,1650.0,La Sevre,La Goulaine,Loire,FR,,1431
508,Lochow,5112500.0,3327500.0,2475.0,Narew,Liwiec,Vistula,PL,4.0,2412
846,Rugvica,4812500.0,2527500.0,12925.0,Sava,Sava,Danube,HR,,109111
2546,AHLERGAARDE,4247500.0,3647500.0,1075.0,Skern,SKJERN A,Skern,DK,1.0,1
251,Zemun,5142500.0,2472500.0,406800.0,Danube,Danube,Danube,RS,,111111
2182,Lenggries,4437500.0,2732500.0,1425.0,Isar,Isar,Danube,DE,,211213
4456,Brańsk,5182500.0,3367500.0,1200.0,Narew,Nurzec,Vistula,PL,4.0,2414
552,BOGUSŁAW,4867500.0,3227500.0,4300.0,Warta,Prosna,Oder,PL,3.0,2611
2995,Canelles,3542500.0,2142500.0,1650.0,Segre,Noguera Ribagorzana,Ebro,ES,3.0,2411
2212,PTUSZA,4772500.0,3382500.0,2000.0,Warta,Gwda,Oder,PL,4.0,2241
635,Ebro En Palazuelos,3232500.0,2282500.0,4500.0,Ebro,Ebro,Ebro,ES,1.0,21111
1624,Zhlobin,5652500.0,3492500.0,29975.0,"Dnieper, headwaters",Dnieper,Dnieper,BY,1.0,931
2174,Rudolstadt,4412500.0,3067500.0,2675.0,Saale,Saale,Elbe,DE,2.0,4511
627,N. Pallaresa En Collegats,3582500.0,2172500.0,1525.0,Segre,Noguera Pallaresa,Ebro,ES,3.0,2611
170,Trautenfels,4622500.0,2717500.0,1450.0,Enns,Enns,Danube,AT,,191611
565,Praha-Chuchle,4637500.0,2997500.0,26850.0,Vltava,Vltava,Elbe,CZ,2.0,12111
1131,Holmfoss i Numedalslågen,4317500.0,4017500.0,5150.0,Lagen,Lagen,Lagen,NO,1.0,1
573,Vernovice,4922500.0,3012500.0,1100.0,"Oder, headwaters",Olza,Oder,CZ,2.0,9411
2803,SazavaPorice,4647500.0,2982500.0,4250.0,Vltava,Sazava,Elbe,CZ,3.0,12411
1947,BERGEFORSENS KRV,4692500.0,4397500.0,25825.0,Indalselven,Indalselven,Indalsalven,SE,1.0,1
12,Tangermuende,4457500.0,3272500.0,97875.0,"Elbe, below Saale",Elbe,Elbe,DE,1.0,3111
619,Gallego En Zaragoza,3417500.0,2132500.0,3850.0,Gallego,Gallego,Ebro,ES,2.0,4111
234,Jamena,5032500.0,2457500.0,63375.0,Sava,Sava,Danube,RS,,103111
233,Cokonjar,5307500.0,2402500.0,3950.0,Danube,Veliki Timok,Danube,RS,,72011
4007,Paper,5162500.0,2052500.0,1900.0,Shkumbin,Shkumbin,Shkumbin,AL,1.0,1
1879,TORUŃ,4887500.0,3357500.0,180025.0,"Vistula, below Narew",Vistula,Vistula,PL,1.0,1311
1631,Slavgorod,5697500.0,3572500.0,17875.0,Sozh,Sozh,Dnieper,BY,2.0,851
778,Zerind,5192500.0,2687500.0,3625.0,Tisa,Crisul Negru,Danube,RO,,124611
787,Podari,5412500.0,2452500.0,9325.0,Danube,Jiu,Danube,RO,,71811
3145,L'Aire à Chevières,3952500.0,2927500.0,1025.0,Oise,Aire,Seine,FR,3.0,441
4500,Mallow Railway Br.,3067500.0,3387500.0,1325.0,Munster Blackwater,Blackwater,Blackwater,IE,1.0,1
904,München,4437500.0,2777500.0,2850.0,Isar,Isar,Danube,DE,,211213
2207,RABASZENTMIKLOS,4882500.0,2742500.0,2525.0,Raab,Raab,Danube,HU,,172111
3207,La Garonne à Portet-sur-Garonne,3627500.0,2307500.0,10000.0,"Garonne, below Ariege",Garonne,Garonne,FR,1.0,531
3094,Rannu-Jõesuu,5252500.0,4027500.0,3575.0,Emajogi,Emajogi,Narva,EE,2.0,2
2682,KRASNODAR,6537500.0,2872500.0,45375.0,Kuban,Kuban,Kuban,RU,1.0,1
3172,La Loire à Orléans,3717500.0,2787500.0,37250.0,Loire,Loire,Loire,FR,,7111
3218,L'Isle à Abzac,3522500.0,2487500.0,3825.0,Isle,Isle,Dordogne,FR,2.0,2
1807,BURZENIN,4932500.0,3192500.0,5350.0,Warta,Warta,Oder,PL,2.0,2911
1645,Krasnoberezhie,5577500.0,3362500.0,5200.0,Pripyat,Ubort,Dnieper,BY,3.0,632
2741,SAVARSIN,5262500.0,2622500.0,25925.0,Tisa,Mures,Danube,RO,,122111
1416,Bellagill,3122500.0,3512500.0,1500.0,Suck,Suck,Shannon,IE,2.0,61
2000,SIMO,5012500.0,4797500.0,3125.0,Simojoki,Simojoki,Simojoki,FI,1.0,1
460,Beilngries oberh. der Sulz,4427500.0,2877500.0,2200.0,Altmuhl,Altmuhl,Danube,DE,,211811
831,Prijepolje,5102500.0,2302500.0,3225.0,Sava,Lim,Danube,RS,,102431
3035,Genil - Puente Genil,3012500.0,1717500.0,6050.0,Genil,Genil,Guadalquivir,ES,2.0,411
4001,Permet,5202500.0,1962500.0,2900.0,Vjosa,Vjosa,Vjosa,AL,1.0,3
312,Mjøndalen bru,4317500.0,4072500.0,17050.0,Drammen,Drammen,Drammen,NO,1.0,11
3109,La Meuse à Domrémy-la-Pucelle,4002500.0,2822500.0,1500.0,Meuse,Meuse,Rhine,FR,,2791
1637,Pinsk,5417500.0,3332500.0,12650.0,Pripyat,Pripyat,Dnieper,BY,2.0,673
103,Moste,4667500.0,2557500.0,1825.0,Sava,Ljubljanica,Danube,SI,,109411
1697,Gorican,4832500.0,2617500.0,13075.0,Drava,Mur,Danube,HR,,142111
2173,BIENENBUETTEL,4352500.0,3342500.0,1450.0,Elbe,Ilmenau,Elbe,DE,2.0,1121
4346,Repartiment,3422500.0,1877500.0,6350.0,Turia,Turia,Turia,ES,1.0,1
238,Varvarin,5237500.0,2357500.0,31400.0,Velika Morava,Velika Morava,Danube,RS,,82111
2357,TADCASTER,3587500.0,3472500.0,1100.0,Ouse,Wharfe,Ouse,UK,2.0,6
968,Corbones_Ca,2942500.0,1747500.0,1750.0,Corbones,Corbones,Guadalquivir,ES,2.0,361
1929,Le Loing àÉpisy,3787500.0,2827500.0,3900.0,Loing,Loing,Seine,FR,2.0,811
2496,KARAHACILI,6437500.0,1812500.0,11150.0,Goksu (southern branch),GOEKSU NEHRI,Goksu,TR,1.0,1
1454,Ponte Da Barca,2797500.0,2267500.0,2100.0,Lima,Lima,Lima,PT,1.0,1
353,"Basel, Rheinhalle",4142500.0,2717500.0,35800.0,Rhine,Rhine,Rhine,CH,,11711
682,Korosszakal,5202500.0,2727500.0,2550.0,Tisa,Crisul Repede,Danube,HU,,124431
1859,WYSZKÓW,5087500.0,3327500.0,38100.0,Narew,Bug,Vistula,PL,3.0,2411
3081,Almanzora - Cantoria,3237500.0,1672500.0,1100.0,Almanzora,Almanzora,Almanzora,ES,1.0,1
1856,MIĘDZYCHÓD,4712500.0,3297500.0,30525.0,Warta,Warta,Oder,PL,2.0,2511
15,Aken,4457500.0,3202500.0,69875.0,"Elbe, below Mulde",Elbe,Elbe,DE,1.0,5111
2569,KAMENKA BUGSKAYA,5347500.0,3097500.0,2400.0,Narew,Bug,Vistula,UA,3.0,2419
3215,La Vézère à Larche,3647500.0,2482500.0,2525.0,Vezere,Vezere,Dordogne,FR,2.0,4
1830,CZARNKÓW,4762500.0,3337500.0,12225.0,Warta,Notec,Oder,PL,3.0,2231
2234,NOWA WIES PODGORNA,4857500.0,3352500.0,3300.0,Warta,Warta,Oder,PL,2.0,2271
585,Tarnene,5492500.0,2367500.0,2275.0,Danube,Vit,Danube,BG,,71211
2911,NAVE DI ROSANO,4427500.0,2297500.0,4000.0,Arno,Sieve,Arno,IT,1.0,1
5183,Ruecas en Hernán Cortés,2947500.0,1917500.0,1800.0,Ruecas,Ruecas,Guadiana,ES,2.0,811
3238,Le Doubs à Mathay,4077500.0,2707500.0,2275.0,Saone,Doubs,Rhone,FR,3.0,645
355,Domat/Ems,4282500.0,2637500.0,3250.0,Rhine,Rhine,Rhine,CH,,15711
933,Rockenau SKA,4247500.0,2927500.0,12975.0,Neckar,Neckar,Rhine,DE,,10111
1453,Ponte Cavez,2842500.0,2222500.0,1925.0,Tamega,Tamega,Douro,PT,2.0,2111
1119,Kjølemo,4177500.0,3897500.0,1750.0,Mandal,Mandal,Mandal,NO,1.0,1
1620,Kamenets,5257500.0,3347500.0,2150.0,Narew,Lesnaya,Vistula,BY,4.0,2416
3097,Oore,5182500.0,4022500.0,4825.0,Parnu,Parnu,Parnu,EE,1.0,1
95,Gornja Radgona,4772500.0,2642500.0,10200.0,Drava,Mur,Danube,SI,,142111
2844,IZNAJAR 5026,3042500.0,1697500.0,4700.0,Genil,Genil,Guadalquivir,ES,2.0,411
678,Kiskore also,5107500.0,2762500.0,65000.0,Tisa,Tisza,Danube,HU,,125311
1632,Gomel,5727500.0,3457500.0,38775.0,Sozh,Sozh,Dnieper,BY,2.0,811
1802,SMUKAŁA,4852500.0,3367500.0,4450.0,"Vistula, below Narew",Brda,Vistula,PL,2.0,1211
2210,SZENDRO,5112500.0,2867500.0,1600.0,Tisa,Bodvaj,Danube,HU,,126221
4329,Santa Quiteria (E.A. 5),3457500.0,1932500.0,4075.0,Mijares,Mijares,Mijares,ES,1.0,1
1324,Zaricheve,5232500.0,2932500.0,1325.0,Tisa,Uzh,Danube,UA,,128222
1189,Valladolid-Pisuerga,3097500.0,2177500.0,15575.0,Pisuerga,Pisuerga,Douro,ES,2.0,18111
2122,HAMOIR(TABREUX),4002500.0,3042500.0,1600.0,Meuse,Ourthe,Rhine,BE,,2451
3148,L'Oise à Origny-Sainte-Benoite,3852500.0,2992500.0,1200.0,Oise,Oise,Seine,FR,2.0,433
136,"Muonionjoki, Muonio",4887500.0,5042500.0,9250.0,Torne,Muonio,Torne,FI,2.0,4
1971,RETHEM,4282500.0,3297500.0,15500.0,Aller,Aller,Weser,DE,2.0,211
3252,L'Ardèche à Saint-Martin-d'Ardèche [Sauze-Saint-Martin],3872500.0,2377500.0,2225.0,Rhone,Ardeche,Rhone,FR,2.0,321
241,Milocaj,5177500.0,2357500.0,4675.0,Velika Morava,Zapadna Morava,Danube,RS,,82311
2754,Pt_cov_Jihlava,4757500.0,2912500.0,1175.0,Morava,Klapovsky potok,Danube,CZ,,182222
679,Kiskore felso,5112500.0,2767500.0,64875.0,Tisa,Tisza,Danube,HU,,125311
3118,La Seine à Paris,3762500.0,2877500.0,30725.0,"Seine, below Yonne",Seine,Seine,FR,1.0,711
2190,KILJAFOSS,2867500.0,4952500.0,2350.0,Hvita,Hvita,Hvita,IS,1.0,1
1190,Herrera De Pisuerga,3152500.0,2272500.0,1525.0,Pisuerga,Pisuerga,Douro,ES,2.0,18711
216,Wels-Lichtenegg,4612500.0,2782500.0,3425.0,Traun,Traun,Danube,AT,,191811
77,Muehlberg,4542500.0,3152500.0,55075.0,"Elbe, below Ohre",Elbe,Elbe,DE,1.0,9111
601,Gallego En Ardisa,3432500.0,2177500.0,2025.0,Gallego,Gallego,Ebro,ES,2.0,4111
788,Bals,5437500.0,2467500.0,1950.0,Danube,Oltet,Danube,RO,,62111
5220,Novi Grad nizvodno,4822500.0,2462500.0,8725.0,Sava,Una,Danube,BA,,106111
457,Ampermoching,4427500.0,2797500.0,2225.0,Isar,Amper,Danube,DE,,211212
3114,Le Loing à Châlette-sur-Loing [Gué de Lancy],3782500.0,2797500.0,2425.0,Loing,Loing,Seine,FR,2.0,811
1543,Sutton Courtenay,3547500.0,3232500.0,3375.0,Thames,Thames,Thames,UK,1.0,93
3017,Santa Teresa,3007500.0,2092500.0,2225.0,Tormes,Tormes,Douro,ES,2.0,12111
4282,Cerkvenikov mlin,4637500.0,2512500.0,1025.0,Reka,Reka,Reka,SI,1.0,1
4521,Slunj uzvodni,4762500.0,2462500.0,1075.0,Sava,Korana,Danube,HR,,108421
348,"Zuerich,Unterhard",4207500.0,2697500.0,2225.0,Aare,Limmat,Rhine,CH,,12211
4554, Río Segre en Lérida,3542500.0,2107500.0,11550.0,Segre,Segre,Ebro,ES,2.0,2311
891,Passau Ilzstadt,4577500.0,2832500.0,76775.0,Danube,Danube,Danube,DE,,192013
5156,Záncara en Socuéllamos,3212500.0,1902500.0,3675.0,Ciguela,Zancara,Guadiana,ES,3.0,1621
263,Markovicevo,5182500.0,2532500.0,1000.0,Tamis,Brzava,Danube,RS,,92211
3313,Montodine - via Bodesine,4297500.0,2472500.0,1100.0,Adda,Serio,Po,IT,,4211
1630,Krichev,5732500.0,3612500.0,10250.0,Sozh,Sozh,Dnieper,BY,2.0,871
2231,SKWIERZYNA,4697500.0,3292500.0,30900.0,Warta,Warta,Oder,PL,2.0,2511
2007,KALLAVESI-KONNUS-KARVIO,5227500.0,4497500.0,16250.0,Neva,Kallavesi,Neva,FI,3.0,22
5155,Záncara en Provencio,3237500.0,1897500.0,2175.0,Ciguela,Zancara,Guadiana,ES,3.0,1621
256,Beograd,5147500.0,2467500.0,95300.0,Sava,Sava,Danube,RS,,101111
614,Gallego En Sta. Eulalia,3432500.0,2192500.0,1875.0,Gallego,Gallego,Ebro,ES,2.0,4111
1672,Konqul,5282500.0,2222500.0,1675.0,Velika Morava,Binacka Morava,Danube,XK,,83511
1099,Gaulfoss,4332500.0,4447500.0,3200.0,Gaula (Melhus),Gaula (Melhus),Gaula,NO,1.0,1
2292,Blairstone,3447500.0,3717500.0,1725.0,Clyde,Clyde,Clyde,UK,1.0,1
343,Berlingen,4242500.0,2727500.0,11325.0,Rhine,Untersee,Rhine,CH,,15111
2897,HARRSELE KRV,4787500.0,4577500.0,13650.0,Umealven,Umealven,Umealven,SE,1.0,3
4533,Bilaj,4752500.0,2392500.0,1725.0,Sava,Lika,Danube,HR,,108433
4236,Sodevci,4712500.0,2497500.0,1275.0,Sava,Kupa,Danube,SI,,108531
5214,Banja Luka,4892500.0,2432500.0,3450.0,Sava,Vrbas,Danube,BA,,105431
2797,Jarama En Mejorada Del Campo,3172500.0,2022500.0,6975.0,Jarama,Jarama,Tagus,ES,2.0,811
3108,La Sarre à Sarreguemines et à Sarreinsming,4107500.0,2892500.0,3700.0,Moselle,Saar,Rhine,FR,,4211
1901,Le Lot à Faycelles,3687500.0,2417500.0,6850.0,Lot,Lot,Garonne,FR,2.0,231
2188,DRASI,4672500.0,1577500.0,2025.0,Salso,IMERA MERIDIONALE,Salso,IT,1.0,1
3162,L'Alagnon à Lempdes-sur-Allagnon,3792500.0,2497500.0,1100.0,Allier,Alagnon,Loire,FR,,8611
4547,I15 Villar,2987500.0,1747500.0,8075.0,Genil,Genil,Guadalquivir,ES,2.0,411
83,Bad Dueben 1,4502500.0,3162500.0,6050.0,Mulde,United Mulde,Elbe,DE,2.0,6111
2829,HONE PONTE SR DORA,4142500.0,2507500.0,2825.0,Tanaro,Baltea,Po,IT,,8111
126,Seitakorva,5092500.0,4912500.0,28675.0,"Kemijoki, below Jumiskonjoki",Kemijoki,Kemijoki,FI,1.0,51
17,Havelberg Stadt,4462500.0,3302500.0,23550.0,Havel,Lower Havel waterway,Elbe,DE,2.0,2111
1823,LEŻACHÓW,5217500.0,3082500.0,8250.0,San,San,Vistula,PL,2.0,4311
1944,EMSFORS BRUK,4712500.0,3797500.0,4450.0,Eman,Eman,Eman,SE,1.0,1
2610,OSINKINA,5472500.0,3932500.0,3175.0,Velikaya,Sorot,Narva,RU,3.0,6
3129,L'Armançon à Aisy-sur-Armançon [aval],3887500.0,2747500.0,1425.0,Yonne,Armancon,Seine,FR,3.0,1021
5167,Guadiana en Villarubia,3142500.0,1897500.0,12050.0,Ciguela,Ciguela,Guadiana,ES,2.0,1611
895,Augsburg u. d. Wertachmündung,4387500.0,2807500.0,4075.0,Lech,Lech,Danube,DE,,212013
1736,Kozluk,4902500.0,2387500.0,2150.0,Sava,Vrbas,Danube,BA,,105431
3124,L'Aube à Bar-sur-Aube,3927500.0,2802500.0,1300.0,"Seine, headwaters",Aube,Seine,FR,2.0,1121
1987,KULDIGA,5047500.0,3822500.0,8250.0,Venta,Venta,Venta,LV,1.0,1
464,Donauwörth,4377500.0,2842500.0,15175.0,Danube,Danube,Danube,DE,,212311
4113,Tevere a Ripetta,4527500.0,2092500.0,17250.0,"Tiber, below Aniene",Tiber,Tiber,IT,1.0,111
1175,Villavieja De Muño,3182500.0,2237500.0,1575.0,Pisuerga,Arlanzon,Douro,ES,3.0,18631
3104,La Seille à Metz,4037500.0,2887500.0,1175.0,Moselle,Seille,Rhine,FR,,4541
3131,L'Epte à Fourges,3712500.0,2922500.0,1450.0,"Seine, below Oise",Epte,Seine,FR,2.0,321
262,Smederevo,5187500.0,2462500.0,520500.0,Danube,Danube,Danube,RS,,91111
978,Guadalq_Men,3107500.0,1767500.0,16200.0,Grande,Guadalquivir,Guadalquivir,ES,1.0,791
210,Salzburg,4552500.0,2747500.0,4625.0,Inn,Salzach,Danube,AT,,202311
3199,La Mayenne à l'Huisserie [Bonne],3522500.0,2822500.0,3675.0,Maine,Mayenne,Loire,FR,,2431
612,Jiloca En Calamocha,3367500.0,2047500.0,1925.0,Jalon,Jiloca,Ebro,ES,3.0,8211
146,Pajala pumphus,4887500.0,4957500.0,16875.0,Torne,Torne,Torne,SE,1.0,5
4111,Tevere a Stimigliano,4532500.0,2132500.0,14425.0,"Tiber, below Nera",Tiber,Tiber,IT,1.0,311
818,Korosladany hid,5162500.0,2712500.0,8775.0,Tisa,Crisul Repede,Danube,HU,,124411
1705,Mutyn,5922500.0,3407500.0,25575.0,Desna,Seim,Dnieper,UA,3.0,441
1981,LANGNES,4387500.0,4052500.0,40525.0,"Glomma, below Lagen",Glomma,Glomma,NO,1.0,111
1723,Tsarychanka,6082500.0,3167500.0,9175.0,Oril,Oril,Dnieper,UA,2.0,161
8,Grosse Traenke Wehr UP,4592500.0,3257500.0,6625.0,Havel,Muggelspree,Elbe,DE,3.0,2211
2153,RHEINFELDEN,4147500.0,2717500.0,34675.0,Rhine,Rhine,Rhine,DE,,11711
288,Margecany,5122500.0,2927500.0,1050.0,Tisa,Hornad,Danube,SK,,126351
1430,Cidadelhe,2887500.0,2142500.0,1775.0,Coa,Coa,Douro,PT,2.0,8111
1132,Håkkadalbrua,4397500.0,4547500.0,2125.0,Byaelva,Byaelva,Byaelva,NO,1.0,1
1932,La Marne à Gournay-sur-Marne [station ultra-son],3777500.0,2887500.0,12475.0,Marne,Marne,Seine,FR,2.0,611
4312,Escalona,3397500.0,1847500.0,17325.0,Jucar,Jucar,Jucar,ES,1.0,51
604,Segre En Seo De Urgel,3622500.0,2177500.0,1200.0,Segre,Segre,Ebro,ES,2.0,2911
291,Lekárovce,5222500.0,2902500.0,2050.0,Tisa,Uzh,Danube,SK,,128222
1037,Bertnem,4427500.0,4597500.0,5175.0,Namsen,Namsen,Namsen,NO,1.0,1
26,Hohensaaten-Finow,4602500.0,3307500.0,109875.0,"Oder, below Warta",Oder,Oder,DE,1.0,1311
2905,Eikhomkilen,4232500.0,3987500.0,1050.0,Nidelva,Fyreselv,Nidelva,NO,2.0,2
2723,Roudn_Malsa,4647500.0,2887500.0,3050.0,Vltava,Malse,Elbe,CZ,3.0,12911
1565,Kingston,3602500.0,3192500.0,10000.0,Thames,Thames,Thames,UK,1.0,31
3181,Le Clain à Poitiers,3582500.0,2657500.0,2450.0,Vienne,Clain,Loire,FR,,4411
130,"Ounasjoki, Köngäs",4947500.0,5047500.0,4625.0,Ounasjoki,Ounasjoki,Kemijoki,FI,2.0,23
1997,SAARENPAA,4987500.0,4612500.0,1050.0,Lestijoki,Lestijoki,Lestijoki,FI,1.0,1
2865,Muroleenkoski,5052500.0,4377500.0,6150.0,Kokem,Kokemaenjoki,Kokem,FI,1.0,5
137,"Tengeliönjoki, Haapakoski",4937500.0,4867500.0,3000.0,Torne,Tengelionjoki,Torne,FI,2.0,2
282,Banská Bystrica,4992500.0,2887500.0,1825.0,Hron,Hron,Danube,SK,,156111
2505,BESIRI,7007500.0,2212500.0,2500.0,Tigris,YANARSU CAYI,Tigris & Euphrates,TR,3.0,22
87,Schoena,4617500.0,3092500.0,51400.0,"Elbe, below Ohre",Elbe,Elbe,DE,1.0,9111
2821,Casalecchio Chiusa,4422500.0,2372500.0,1050.0,Reno,Reno,Reno,IT,1.0,1
4258,Gorenja Gomila,4732500.0,2542500.0,1425.0,Sava,Krka,Danube,SI,,109161
1913,La Loire à Nevers,3807500.0,2672500.0,17650.0,Loire,Loire,Loire,FR,,9111
156,Achleiten / Donau,4582500.0,2837500.0,76825.0,Danube,Danube,Danube,AT,,192013
799,Hoghiz,5502500.0,2667500.0,7050.0,Danube,Olt,Danube,RO,,63111
562,Nespeky,4652500.0,2982500.0,4075.0,Vltava,Sazava,Elbe,CZ,3.0,12411
630,N.Ribagorzana (Montañana),3552500.0,2162500.0,1125.0,Segre,Noguera Ribagorzana,Ebro,ES,3.0,2411
153,Lobith,4052500.0,3202500.0,159675.0,Rhine,Rhine,Rhine,NL,,3311
2528,NEW JERASH BRIDGE,6742500.0,1427500.0,3975.0,Jordan / Dead Sea,NAHR AZ ZARQA,Jordan,JO,2.0,2
3116,L'Essonne à la Ferté-Alais et à Guigneville-sur-Essonne,3757500.0,2847500.0,1100.0,"Seine, below Yonne",Essonne,Seine,FR,2.0,721
791,Adancata,5612500.0,2547500.0,3750.0,Ialomita,Prahova,Danube,RO,,51211
48,Rees,4067500.0,3192500.0,159400.0,Rhine,Rhine,Rhine,DE,,3311
2705,GUGARK (MEGRUT),7132500.0,2627500.0,1100.0,KURA,DEBEDA,Kura,AM,2.0,12
1185,Castropepe,3032500.0,2232500.0,7000.0,Esla,Esla,Douro,ES,1.0,14711
2771,L'Adour à Saint-Vincent-De-Paul,3432500.0,2357500.0,7800.0,Adour,Adour,Adour,FR,1.0,33
3138,L'Eure à Louviers,3677500.0,2937500.0,5875.0,Eure,Eure,Seine,FR,2.0,211
2197,ULLARFOSS,3077500.0,4947500.0,2725.0,Skjalfandafljot,"SVARTA, BAROARDAL",Skjalfandafljot,IS,1.0,1
2748,ISACCEA,5757500.0,2642500.0,785768.0,Danube,Danube,Danube,UA,,11111
3257,L'Hérault à Agde,3787500.0,2272500.0,2625.0,Herault,Herault,Herault,FR,1.0,1
1240,Byske,4847500.0,4692500.0,3675.0,Byske,Byske,Byske,SE,1.0,1
922,Steinbach,4292500.0,2987500.0,18225.0,Main,Main,Rhine,DE,,8511
592,Plovdiv,5532500.0,2237500.0,8025.0,Evros,Evros,Evros,BG,1.0,1
3005,Tous,3402500.0,1842500.0,17675.0,Jucar,Jucar,Jucar,ES,1.0,51
1949,ANJALA,5232500.0,4282500.0,35625.0,Kymijoki,Kymijoki,Kymijoki,FI,1.0,11
3154,La Loire à Bas-en-Basset,3857500.0,2482500.0,3325.0,Loire,Loire,Loire,FR,,9511
1926,L'Yonne à Gurgy,3842500.0,2767500.0,3800.0,Yonne,Yonne,Seine,FR,2.0,1051
2036,Bajina Bašta,5087500.0,2367500.0,15025.0,Sava,Drina,Danube,BA,,102311
3328,Ponti sul Mincio - Monzambano,4377500.0,2477500.0,2450.0,Mincio,Mincio,Po,IT,,1611
330,Almourol,2742500.0,2012500.0,67500.0,Tagus,Tagus,Tagus,PT,1.0,311
352,"Mühlau, Hünenberg",4197500.0,2677500.0,3250.0,Aare,Reuss,Rhine,CH,,12411
1847,NOWA WIEŚ PODGÓRNA,4842500.0,3252500.0,20500.0,Warta,Warta,Oder,PL,2.0,2571
491,Tokarnia,5057500.0,3127500.0,1225.0,Nida,Czarna Nida,Vistula,PL,3.0,5421
2664,USKOSY,5737500.0,3667500.0,2700.0,Sozh,Sozhenka,Dnieper,RU,3.0,873
2851,GRADO I,3512500.0,2172500.0,2175.0,Segre,Cinca,Ebro,ES,3.0,2271
2140,STEIN-KREMS,4732500.0,2822500.0,96025.0,Danube,Danube,Danube,AT,,191311
1995,PAPPILANKOSKI,4942500.0,4287500.0,1350.0,Kokemaenjoki-Archipelago Sea-Bothnian Sea,Eurajoki,Eurajoki,FI,1.0,1
2206,TRZEBIATOW,4667500.0,3457500.0,1100.0,Rega,REGA,Rega,PL,1.0,1
520,DOBRYLAS,5102500.0,3422500.0,4525.0,Narew,Pisa,Vistula,PL,3.0,2506
783,Arad,5197500.0,2622500.0,27300.0,Tisa,Mures,Danube,RO,,122111
4143,Sacco a Ceccano,4602500.0,2057500.0,1375.0,Sacco,Sacco,Liri,IT,2.0,2
600,Ebro En Zaragoza,3407500.0,2132500.0,41075.0,Ebro,Ebro,Ebro,ES,1.0,7111
2849,MEQUINENZA,3497500.0,2087500.0,57925.0,Ebro,Ebro,Ebro,ES,1.0,3111
1342,Chortkiv,5462500.0,3007500.0,3150.0,Seret,Seret,Dniester,UA,2.0,41
1060,Driva v/Elverhøy bru,4252500.0,4392500.0,2425.0,Driva,Driva,Driva,NO,1.0,1
2875,Lieksanjoki Lieksankoski,5312500.0,4607500.0,8100.0,Neva,Lieksanjoki,Neva,FI,2.0,33
1707,Reni,5737500.0,2657500.0,784045.0,Danube,Danube,Danube,UA,,11111
127,Vanttauskoski,5062500.0,4897500.0,30300.0,"Kemijoki, below Jumiskonjoki",Kemijoki,Kemijoki,FI,1.0,51
497,NISKO,5177500.0,3117500.0,15575.0,San,San,Vistula,PL,2.0,4111
531,SKOROGOSZCZ,4857500.0,3102500.0,4625.0,Eastern Neisse,Eastern Neisse,Oder,PL,2.0,8111
527,Opole,4877500.0,3092500.0,11050.0,"Oder, headwaters",Oder,Oder,PL,1.0,9311
1828,UNIEJÓW,4922500.0,3242500.0,9075.0,Warta,Warta,Oder,PL,2.0,2731
2059,STE CROIX VOLVESTRE,3602500.0,2277500.0,4700.0,"Garonne, below Salat",Garonne,Garonne,FR,1.0,551
851,Stara Gradiska,4882500.0,2477500.0,39300.0,Sava,Sava,Danube,HR,,105511
840,Sisinec,4787500.0,2502500.0,7050.0,Sava,Kupa,Danube,HR,,108311
191,Deutsch Haslau,4832500.0,2792500.0,2300.0,Leitha,Leitha,Danube,AT,,174111
675,Hidasnemeti,5147500.0,2882500.0,4450.0,Tisa,Hornad,Danube,HU,,126311
1698,Metlika,4732500.0,2517500.0,2100.0,Sava,Kolpa,Danube,SI,,108521
2169,DALUM,4132500.0,3282500.0,4950.0,Ems,Ems,Ems,DE,1.0,1
2824,Fossano,4142500.0,2387500.0,1400.0,Tanaro,Stura Demonte,Po,IT,,8411
3243,La Loue à Chenecey-Buillon,4012500.0,2677500.0,1100.0,Saone,Loue,Rhone,FR,4.0,642
2035,Podsused žicara,4782500.0,2537500.0,12225.0,Sava,Sava,Danube,HR,,109111
2154,VLOTHO,4247500.0,3232500.0,17625.0,"Weser, below Diemel",Weser,Weser,DE,1.0,311
845,Zagreb,4787500.0,2537500.0,12250.0,Sava,Sava,Danube,HR,,109111
702,Tiszafured,5122500.0,2782500.0,62625.0,Tisa,Tisza,Danube,HU,,125311
3170,La Loire à Cours-les-Barres,3792500.0,2682500.0,32800.0,Loire,Loire,Loire,FR,,7111
2915,L Eure a Louviers,3682500.0,2942500.0,5900.0,Eure,Eure,Seine,FR,2.0,211
530,OŁAWA (MOST),4842500.0,3117500.0,20025.0,"Oder, below Easter Neisse",Oder,Oder,PL,1.0,7571
1956,SIKFORS KRV,4837500.0,4757500.0,10900.0,Pitealven,Pitealven,Pitealven,SE,1.0,1
1545,Reading,3557500.0,3207500.0,4625.0,Thames,Thames,Thames,UK,1.0,91
3244,La Loue à Champagne-sur-Loue,4002500.0,2667500.0,1350.0,Saone,Loue,Rhone,FR,4.0,642
1664,Leposaviç,5202500.0,2277500.0,4725.0,Velika Morava,Ibar,Danube,XK,,82231
3180,L'Indre à Saint-Cyran-du-Jambot,3647500.0,2697500.0,1775.0,Loire,Indre,Loire,FR,,5211
169,Steyr (Ortskai),4652500.0,2782500.0,5975.0,Enns,Enns,Danube,AT,,191611
434,Rubiera SS9,4382500.0,2392500.0,1425.0,Secchia,Secchia,Po,IT,,1411
1340,Zarichne,5337500.0,2992500.0,1325.0,"Dniester, below Stryi",Svicha,Dniester,UA,2.0,54
100,Å Entjakob,4672500.0,2562500.0,2150.0,Sava,Sava,Danube,SI,,109511
2957,La Sauldre a Selles-sur-Cher,3692500.0,2722500.0,2100.0,Cher,Sauldre,Loire,FR,,6211
3021,45836_Brodarevo_Lim,5112500.0,2287500.0,2750.0,Sava,Lim,Danube,RS,,102431
626,Aragon A.A. Yesa,3402500.0,2237500.0,2225.0,Aragon,Aragon,Ebro,ES,2.0,10511
5226,Gendron,3962500.0,3022500.0,1425.0,Meuse,Lesse,Rhine,BE,,2721
2006,KALTIMO,5332500.0,4552500.0,20525.0,Neva,Pielisjoki,Neva,FI,1.0,31
1173,Covarrubias,3207500.0,2207500.0,1200.0,Pisuerga,Arlanza,Douro,ES,4.0,18621
272,Moravský Sv. Ján,4832500.0,2857500.0,24125.0,Morava,Morava,Danube,SK,,181111
2149,AVLAKION,5307500.0,1857500.0,1550.0,Akheloos,Acheloos Potamos,Akheloos,GR,1.0,1
1849,ŚREM,4797500.0,3247500.0,22425.0,Warta,Warta,Oder,PL,2.0,2551
2997,Cedillo,2827500.0,2012500.0,56675.0,Tagus,Tagus,Tagus,ES,1.0,511
1744,Goražde,5042500.0,2327500.0,6000.0,Sava,Drina,Danube,BA,,102511
866,Batina,5002500.0,2572500.0,209125.0,Danube,Danube,Danube,HR,,151111
2064,BEZIERS-TABARKA,3762500.0,2282500.0,1300.0,Orb,Orb,Orb,FR,1.0,1
370,"Chancy, Aux Ripes",4007500.0,2567500.0,10375.0,"Rhone, headwaters",Rhone,Rhone,CH,1.0,931
1800,NOWY SĄCZ,5087500.0,2997500.0,4450.0,Dunajec,Dunajec,Vistula,PL,2.0,6111
281,Komárno,4927500.0,2772500.0,150775.0,Danube,Danube,Danube,SK,,171111
236,Radalj,5047500.0,2412500.0,17850.0,Sava,Drina,Danube,RS,,102311
2721,Brandyl nad labem,4647500.0,3022500.0,13275.0,"Elbe, below Jizera",Elbe,Elbe,CZ,1.0,13111
1878,WŁOCŁAWEK,4937500.0,3322500.0,171250.0,"Vistula, below Narew",Vistula,Vistula,PL,1.0,1511
2847,ALCALA DEL RIO 5035,2912500.0,1752500.0,47275.0,Guadiamar,Guadalquivir,Guadalquivir,ES,1.0,171
120,Marburg,4237500.0,3082500.0,1675.0,Lahn,Lahn,Rhine,DE,,5211
972,Genil_Ecija,2987500.0,1742500.0,8050.0,Genil,Genil,Guadalquivir,ES,2.0,411
3020,Ricobayo,2997500.0,2192500.0,16250.0,Esla,Esla,Douro,ES,1.0,14111
1346,Lutsk,5397500.0,3182500.0,7150.0,Pripyat,Styr,Dnieper,UA,3.0,661
864,Belisce,4982500.0,2542500.0,37900.0,Drava,Drava,Danube,HR,,141111
1635,Svetilovichi,5732500.0,3512500.0,5075.0,Sozh,Besed,Dnieper,BY,3.0,841
690,Nogradszakal,5027500.0,2832500.0,1875.0,Ipel,Ipel,Danube,HU,,154111
11,Calbe Grizehne,4442500.0,3202500.0,23725.0,Saale,Saale,Elbe,DE,2.0,4111
3151,L'Orne à May-sur-Orne,3567500.0,2942500.0,2525.0,Orne,Orne,Orne,FR,1.0,1
2482,MANISA,5832500.0,1907500.0,15850.0,Gediz,Gediz,Gediz,TR,1.0,1
4017,Pizzighettone - ponte Trento e Trieste,4302500.0,2452500.0,7900.0,Adda,Adda,Po,it,,4111
230,Jasa Tomic,5167500.0,2547500.0,4550.0,Tamis,Tamis,Danube,RS,,92411
57,Andernach,4132500.0,3042500.0,139600.0,Rhine,Rhine,Rhine,DE,,3711
1857,SKWIERZYNA,4702500.0,3292500.0,30850.0,Warta,Warta,Oder,PL,2.0,2511
1628,Bobruisk,5582500.0,3517500.0,20400.0,Berezina,Berezina,Dnieper,BY,2.0,921
1367,Daldowie,3442500.0,3722500.0,1975.0,Clyde,Clyde,Clyde,UK,1.0,1
182,Kirchbichl-Bichlwang,4477500.0,2712500.0,9525.0,Inn,Inn,Danube,AT,,203311
574,Olomouc,4847500.0,2962500.0,3450.0,Morava,Morava,Danube,CZ,,183511
1905,La Loire à Villerest,3857500.0,2562500.0,6725.0,Loire,Loire,Loire,FR,,9511
613,Jiloca En Morata De Jiloca,3352500.0,2087500.0,2975.0,Jalon,Jiloca,Ebro,ES,3.0,8211
1493,Colwick,3572500.0,3372500.0,7550.0,Trent,Trent,Trent,UK,1.0,3
3101,La Meurthe à Laneuveville-devant-Nancy [la Madeleine],4047500.0,2842500.0,2800.0,Moselle,Meurthe,Rhine,FR,,4561
38,Cochem,4122500.0,3007500.0,27025.0,Moselle,Moselle,Rhine,DE,,4111
1836,WŁODAWA,5257500.0,3247500.0,14250.0,Narew,Bug,Vistula,PL,3.0,2419
1569,River Lee At Feildes Weir (Gauged),3632500.0,3232500.0,1125.0,Lee,Lee,Thames,UK,2.0,22
1514,Wimborne A31,3482500.0,3142500.0,1025.0,Stour,Stour,Stour,UK,,3
2674,BALTI (BELTSY),5647500.0,2902500.0,1125.0,Reut,Reut,Dniester,MD,2.0,21
2538,TUNKKARI,5002500.0,4557500.0,1400.0,Perhonjoki,Perhonjoki,Perhonjoki,FI,1.0,1
3123,La Seine à Courtenot,3897500.0,2797500.0,2600.0,"Seine, headwaters",Seine,Seine,FR,1.0,1131
513,Prosna,5042500.0,3512500.0,1625.0,Lyna,Guber,Pregolya,PL,3.0,21
816,Budapest Kvassay zsilip f.,5002500.0,2747500.0,184625.0,Danube,Danube,Danube,HU,,153111
931,Lauffen,4257500.0,2877500.0,7950.0,Neckar,Neckar,Rhine,DE,,10311
2962,La BaisfloodSettingsTemplate-13Feb2013-PreRunBMse a Nerac,3552500.0,2382500.0,1350.0,Bais,Bais,Garonne,FR,2.0,321
2799,Turia o Guadalaviar En Teruel,3377500.0,1982500.0,2425.0,Turia,Turia,Turia,ES,1.0,1
1551,Windsor Park,3587500.0,3207500.0,7175.0,Thames,Thames,Thames,UK,1.0,71
1409,Clonmel,3127500.0,3397500.0,2150.0,Suir,Suir,Barrow,IE,2.0,2
4311,El Picazo,3277500.0,1902500.0,3300.0,Jucar,Tagus-Segura Water Transfer,Jucar,ES,2.0,92
2779,Duero En Herrera De Duero,3102500.0,2172500.0,12750.0,Douro,Douro,Douro,ES,1.0,19111
227,Lustenau (Eisenbahnbrücke),4292500.0,2697500.0,6350.0,Rhine,Rhine,Rhine,AT,,15511
2879,Karnajarvi Kellankoski,5122500.0,4537500.0,1575.0,"Kymijoki, Keitele catchment",Rauskajarvi,Kymijoki,FI,3.0,62
856,Zupanja Stepenica,4997500.0,2482500.0,61425.0,Sava,Sava,Danube,HR,,103111
59,Steinbach,4297500.0,2992500.0,17925.0,Main,Main,Rhine,DE,,8511
3022,45842_Priboj_Lim,5087500.0,2322500.0,3550.0,Sava,Lim,Danube,RS,,102431
1748,Humac,4932500.0,2262500.0,2600.0,Neretva,Trebizat,Neretva,BA,2.0,21
2873,Kaitfors,4977500.0,4577500.0,2325.0,Perhonjoki,Perhon,Perhonjoki,FI,1.0,1
2752,UNGHENI,5657500.0,2832500.0,21475.0,Prut,Prut,Danube,MD,,21111
1486,Tenbury,3462500.0,3317500.0,1175.0,Teme,Teme,Severn,UK,2.0,4
1715,Ukrayinka,5667500.0,3252500.0,2600.0,Teteriv,Irsha,Dnieper,UA,3.0,522
1652,Gjonaj,5197500.0,2182500.0,4100.0,White Drin,White Drin,Drin,XK,2.0,4
1731,Kralje,4782500.0,2432500.0,2625.0,Sava,Una,Danube,BA,,106311
1996,KEPPO,4952500.0,4537500.0,4050.0,Lapuanjoki,Lapuanjoki,Lapuanjoki,FI,1.0,1
4441,Salka,4972500.0,2792500.0,5075.0,Ipel,Ipel,Danube,SK,,154111
2756,s.Rajdavica,5367500.0,2227500.0,3075.0,Strimonas,Strimonas,Strimonas,BG,1.0,5
2031,Tarnava Mare - BLAJ,5387500.0,2662500.0,5800.0,Tisa,Tarnava Mare,Danube,RO,,122411
4353,Elda,3377500.0,1777500.0,1225.0,Vinalopo,Vinalopo,Vinalopo,ES,1.0,1
316,Ofossen,4227500.0,4312500.0,1600.0,Lagen,Otta,Glomma,NO,3.0,243
516,PIĄTNICA-ŁOMŻA,5122500.0,3412500.0,15050.0,Narew,Narew,Vistula,PL,2.0,2507
1733,Vrhpolje,4857500.0,2422500.0,1300.0,Sava,Sana,Danube,BA,,106211
2956,La Moselle a Tonnoy,4037500.0,2837500.0,2050.0,Moselle,Moselle,Rhine,FR,,4571
138,"Inarijoki, Karigasniemi",4942500.0,5212500.0,3050.0,Tana,Anarjohka,Tana,FI,2.0,4
1363,Boat O Brig,3532500.0,3892500.0,2850.0,Spey,Spey,Spey,UK,1.0,1
1741,Zavidoviči n/K,4977500.0,2402500.0,1550.0,Sava,Krivaja,Danube,BA,,104611
2038,FOZ DO MOURO,2812500.0,2292500.0,15500.0,Minho,Minho,Minho,PT,1.0,111
1805,ELGISZEWO,4912500.0,3362500.0,4950.0,"Vistula, below Narew",Drweca,Vistula,PL,2.0,1411
1639,Mozyr,5632500.0,3382500.0,100875.0,Pripyat,Pripyat,Dnieper,BY,2.0,611
1992,La Sevre Nantaise [Totale] à Nantes [Pont-Rousseau],3452500.0,2737500.0,2375.0,La Sevre,La Sevre Nantaise,Loire,FR,,1411
535,OSETNO,4762500.0,3192500.0,4575.0,Barycz,Barycz,Oder,PL,2.0,7211
1860,NIETKÓW,4682500.0,3227500.0,39800.0,"Oder, below Barycz",Oder,Oder,PL,1.0,7111
3223,La Saône à Cendrecourt,4017500.0,2757500.0,1225.0,Saone,Saone,Rhone,FR,2.0,675
31,Frankfurt-Osthafen,4222500.0,2997500.0,24775.0,Main,Main,Rhine,DE,,8311
512,BURZYN,5147500.0,3422500.0,6975.0,Narew,Biebrza,Vistula,PL,3.0,2508
595,Ebro En Castejon,3352500.0,2197500.0,25375.0,Ebro,Ebro,Ebro,ES,1.0,9911
482,Passau Ingling,4577500.0,2827500.0,26100.0,Inn,Inn,Danube,DE,,201111
1704,Snovs'k,5802500.0,3412500.0,7225.0,Desna,Snov,Dnieper,UA,3.0,421
1592,Bywell,3562500.0,3602500.0,2225.0,Tyne,Tyne,Tyne,UK,1.0,1
2768,La Meuse à Chooz [Trou du Diable],3952500.0,3017500.0,10500.0,Meuse,Meuse,Rhine,FR,,2731
1910,La Creuse à Leugny,3612500.0,2687500.0,7975.0,Vienne,Creuse,Loire,FR,,4211
1339,Yasenytsya,5272500.0,2987500.0,1025.0,Stryi,Stryi,Dniester,UA,2.0,61
109,Bollendorf,4062500.0,2972500.0,3250.0,Moselle,Sauer,Rhine,DE,,4411
2855,RIBARROJA,3512500.0,2072500.0,81000.0,Ebro,Ebro,Ebro,ES,1.0,1311
3188,La Loire à Montsoreau et à Saumur,3562500.0,2732500.0,81450.0,Loire,Loire,Loire,FR,,3311
1853,MALCZYCE,4782500.0,3147500.0,26875.0,"Oder, below Easter Neisse",Oder,Oder,PL,1.0,7511
589,Karantsi,5582500.0,2392500.0,6850.0,Danube,Yantra,Danube,BG,,51811
953,St. Pieter Noord,4017500.0,3082500.0,21075.0,Meuse,Meuse,Rhine,NL,,2331
3093,Gunja,5017500.0,2457500.0,63075.0,Sava,Sava,Danube,HR,,103111
4541,Kamenmost,4902500.0,2287500.0,1875.0,Neretva,Vrljika,Neretva,HR,3.0,22
39,Trunstadt,4372500.0,2982500.0,11950.0,Main,Main,Rhine,DE,,8711
2156,MARKLENDORF,4307500.0,3282500.0,7800.0,Aller,Aller,Weser,DE,2.0,231
2615,DOMACHEVO,5642500.0,4277500.0,1300.0,Syas,DYMKA (TRIB. NEVA),Syas,RU,,1
581,Breclav-Ladna,4822500.0,2877500.0,12325.0,Morava,Thaya,Danube,CZ,,182111
1207,Kaalasjärvi,4742500.0,4992500.0,1450.0,Kalix,Kaalasjarvi,Kalix,SE,1.0,1
1809,NOWOGRÓD BOBRZAŃSKI,4682500.0,3202500.0,5650.0,Bobr,Bobr,Oder,PL,2.0,6111
1852,OBORNIKI,4787500.0,3302500.0,25925.0,Warta,Warta,Oder,PL,2.0,2531
2903,SVEGS KRV,4552500.0,4332500.0,8550.0,Ljusnan,Ljusnan,Ljusnan,SE,1.0,3
1421,Belturbet,3192500.0,3582500.0,1525.0,Erne,Erne,Erne,IE,1.0,1
2020,BOARA PISANI,4462500.0,2447500.0,12350.0,Adige,Adige,Adige,IT,1.0,1
786,Sag,5192500.0,2567500.0,6400.0,Tamis,Timis,Danube,RO,,92511
2223,KOSCIAN,4777500.0,3237500.0,1325.0,Warta,KANAL KOSCIANSKI,Oder,PL,2.0,2541
283,Brehy,4962500.0,2847500.0,3825.0,Hron,Hron,Danube,SK,,156111
2244,PTAKI,5102500.0,3432500.0,4075.0,Narew,Pisa,Vistula,PL,3.0,2506
2027,ZDANA,5152500.0,2892500.0,4300.0,Tisa,Hornad,Danube,SK,,126311
2692,GUERGUEBIL,7237500.0,2882500.0,1550.0,Terek,KAZIKUMUKHSKOYE KOYSU,Terek,RU,3.0,22
33,Plochingen,4277500.0,2842500.0,3975.0,Neckar,Neckar,Rhine,DE,,10311
2954,Le Lot a Lassouts [Castelnau],3752500.0,2407500.0,1775.0,Lot,Lot,Garonne,FR,2.0,251
4347,Teruel,3377500.0,1987500.0,2300.0,Turia,Turia,Turia,ES,1.0,1
649,Aragon En Martes,3427500.0,2227500.0,1100.0,Aragon,Aragon,Ebro,ES,2.0,10711
198,Gestüthof,4642500.0,2677500.0,1725.0,Drava,Mur,Danube,AT,,142511
1076,Rathe,4342500.0,4472500.0,3050.0,Nea,Nea,Nea,NO,1.0,1
2777,Pougny,4022500.0,2572500.0,10050.0,"Rhone, headwaters",Rhone,Rhone,CH,1.0,931
2769,Le Lunain à Épisy,3782500.0,2827500.0,3600.0,Loing,Loing,Seine,FR,2.0,811
2947,La Meuse a Vaucouleurs [Chalaines],4002500.0,2837500.0,1700.0,Meuse,Meuse,Rhine,FR,,2791
811,Cornet,5432500.0,2582500.0,13750.0,Danube,Olt,Danube,RO,,63111
472,Kemmern,4382500.0,2987500.0,4150.0,Main,Main,Rhine,DE,,8911
3171,La Loire à Saint-Martin-sur-Ocre et à Gien,3767500.0,2757500.0,35900.0,Loire,Loire,Loire,FR,,7111
3214,La Dordogne à Cénac-et-Saint-Julien,3632500.0,2452500.0,8550.0,"Dordogne, headwaters",Dordogne,Dordogne,FR,1.0,5
549,GORZÓW WIELKOPOLSKI,4682500.0,3302500.0,53275.0,Warta,Warta,Oder,PL,2.0,2111
2171,RHEINE UNTERSCHLEUSE UP,4142500.0,3247500.0,3750.0,Ems,Ems,Ems,DE,1.0,1
1638,Chernichi,5512500.0,3367500.0,74325.0,Pripyat,Pripyat,Dnieper,BY,2.0,633
921,Würzburg,4317500.0,2962500.0,13925.0,Main,Main,Rhine,DE,,8711
5154,Gigüela en Villafranca,3177500.0,1922500.0,3250.0,Ciguela,Ciguela,Guadiana,ES,2.0,1631
546,SIERADZ,4922500.0,3202500.0,8225.0,Warta,Zeglina,Oder,PL,3.0,2731
1509,Salisbury Harnham Bridge,3497500.0,3172500.0,1250.0,Avon (Hampshire),Avon (Hampshire),Stour,UK,2.0,2
1970,TRIER UP,4077500.0,2962500.0,23650.0,Moselle,Moselle,Rhine,DE,,4131
213,Leibnitz,4742500.0,2642500.0,1125.0,Drava,Sulm,Danube,AT,,142211
561,Pisek,4622500.0,2922500.0,2925.0,Vltava,Otava,Elbe,CZ,3.0,12611
3198,La Mayenne à Saint-Fraimbault-de-Prières,3537500.0,2862500.0,1950.0,Maine,Mayenne,Loire,FR,,2431
3241,Le Doubs à Besançon,4022500.0,2687500.0,4675.0,Saone,Doubs,Rhone,FR,3.0,643
1613,Slonim,5342500.0,3432500.0,5050.0,Shchara,Shchara,Nemunas,BY,2.0,411
88,Pirna,4607500.0,3102500.0,52000.0,"Elbe, below Ohre",Elbe,Elbe,DE,1.0,9111
335,"Bern, Schönau",4132500.0,2647500.0,2975.0,Aare,Aare,Rhine,CH,,12711
1894,SZEGED,5102500.0,2622500.0,138425.0,Tisa,Tisza,Danube,HU,,121111
5,Wittenberg / Lutherstadt,4497500.0,3197500.0,61675.0,Elbe,Elbe,Elbe,DE,1.0,7111
3239,L'Allan à Courcelles-lès-Montbéliard,4077500.0,2717500.0,1075.0,Saone,Allaine,Rhone,FR,4.0,644
665,Csenger,5267500.0,2827500.0,14975.0,Tisa,Somea,Danube,HU,,129211
1822,KRAKÓW-BIELANY,5027500.0,3037500.0,7600.0,"Vistula, headwaers",Vistula,Vistula,PL,1.0,7311
5141,Allendorf,4317500.0,3127500.0,5275.0,Werra,Werra,Weser,DE,2.0,811
396,Bomporto,4402500.0,2402500.0,1100.0,Panaro,Panaro,Po,IT,,1211
60,Fremersdorf,4077500.0,2932500.0,7025.0,Moselle,Saar,Rhine,DE,,4211
919,Trunstadt,4377500.0,2977500.0,11925.0,Main,Main,Rhine,DE,,8711
2620,PUTKINSKAYA GES,5462500.0,4857500.0,30800.0,"Kem, below Kepa",KEM (TRIB. WHITE SEA),Kem,RU,1.0,1
668,Dravaszabolcs,4957500.0,2552500.0,37750.0,Drava,Drava,Danube,HU,,141111
4415,Bad Hersfeld 1,4302500.0,3082500.0,2200.0,Fulda,Fulda,Weser,DE,2.0,631
5179,Zújar en Zújar,2977500.0,1897500.0,7650.0,Zujar,Zujar,Guadiana,ES,2.0,1011
226,Bangs,4282500.0,2677500.0,4650.0,Rhine,Rhine,Rhine,AT,,15711
2738,LUDUS,5392500.0,2692500.0,6600.0,Tisa,Mures,Danube,RO,,122711
2072,SAUZE ST MARTIN,3872500.0,2387500.0,1925.0,Rhone,Ardeche,Rhone,FR,2.0,321
521,Fasty,5187500.0,3417500.0,1925.0,Narew,Suprasl,Vistula,PL,3.0,2510
74,Wolkenburg,4507500.0,3087500.0,1400.0,Mulde,Zwickauer Mulde,Elbe,DE,2.0,6311
496,JAROSŁAW,5222500.0,3072500.0,6975.0,San,San,Vistula,PL,2.0,4311
229,Banatska Palanka,5217500.0,2482500.0,564150.0,Danube,Danube,Danube,RS,,72111
2178,SPREMBERG,4622500.0,3172500.0,2250.0,Havel,Spree,Elbe,DE,3.0,2211
3248,La Saône à Tournus,3932500.0,2617500.0,23100.0,Saone,Saone,Rhone,FR,2.0,631
1825,SIEROSŁAWICE,5062500.0,3057500.0,8950.0,"Vistula, headwaers",Vistula,Vistula,PL,1.0,7311
73,Zwickau-Poelbitz,4497500.0,3072500.0,1025.0,Mulde,Zwickauer Mulde,Elbe,DE,2.0,6311
2955,L Epte a Fourges,3707500.0,2922500.0,1525.0,"Seine, below Oise",Epte,Seine,FR,2.0,321
2248,MOYSTOWN,3137500.0,3497500.0,1225.0,Brosna,Brosna,Shannon,IE,2.0,41
2596,SEREBRYANSKIY GES 1,5332500.0,5272500.0,8825.0,Voronja,Voronja,Voronja,RU,1.0,1
225,Gisingen,4292500.0,2677500.0,1300.0,Ill,Ill,Rhine,AT,,15611
3095,Tartu,5287500.0,4037500.0,8075.0,Emajogi,Emajogi,Narva,EE,2.0,2
4314,Huerto Mulet,3417500.0,1852500.0,21650.0,Magro,Magro,Jucar,ES,2.0,21
699,Szentgotthard,4807500.0,2667500.0,3275.0,Raab,Raba,Danube,HU,,172111
2923,Le Clain a Dissay,3587500.0,2667500.0,2925.0,Vienne,Clain,Loire,FR,,4411
1344,Kamyanka Buzhska,5342500.0,3097500.0,2425.0,Narew,Bug,Vistula,UA,3.0,2419
1223,Fyrås,4592500.0,4497500.0,2275.0,Indalsalven,Ammeran,Indalsalven,SE,2.0,2
1411,Kilavullen,3062500.0,3387500.0,1250.0,Munster Blackwater,Munster Blackwater,Blackwater,IE,1.0,1
838,Karlovac,4752500.0,2502500.0,3050.0,Sava,Kupa,Danube,HR,,108511
36,Kaub,4162500.0,2992500.0,103525.0,Rhine,Rhine,Rhine,DE,,5311
1604,Novoselki,5612500.0,3792500.0,1650.0,Daugava,Usvyacha,Daugava,BY,2.0,54
2961,La Truyere a Sainte-Genevieve-sur-Argence [Sarrans],3742500.0,2437500.0,2575.0,Lot,Truyere,Garonne,FR,3.0,241
3338,Orio Litta - v. Francigena,4282500.0,2452500.0,1000.0,Lambro,Lambro,Po,IT,,5411
3078,Guadalhorce - Cártama,3012500.0,1642500.0,2850.0,Guadalhorce,Guadalhorce,Guadalhorce,ES,1.0,1
310,Lalm,4277500.0,4307500.0,4025.0,Lagen,Otta,Glomma,NO,3.0,241
125,Kemihaara,5092500.0,5002500.0,10325.0,"Kemijoki, headwaters",Kemijoki,Kemijoki,FI,1.0,91
327,Veliko Selo,5222500.0,2437500.0,1050.0,Danube,Mlava,Danube,RS,,72411
160,Linz,4632500.0,2807500.0,79650.0,Danube,Danube,Danube,AT,,192013
471,Kelheim,4452500.0,2862500.0,23075.0,Danube,Danube,Danube,DE,,211911
830,Aarschot,3962500.0,3112500.0,2100.0,Scheldt,Demer,Scheldt,BE,,24
1560,Walton,3597500.0,3192500.0,9500.0,Thames,Thames,Thames,UK,1.0,31
5164,Bullaque en Luciana,3087500.0,1882500.0,2050.0,Guadiana,Bullaque,Guadiana,ES,2.0,1211
2944,La Semoy a Haulme,3952500.0,2987500.0,1350.0,Meuse,Semoy,Rhine,FR,,2761
660,Bekes,5167500.0,2697500.0,10250.0,Tisa,Koros,Danube,HU,,124511
1153,Lubāna,5327500.0,3872500.0,7150.0,Aiviekste,Aiviekste,Daugava,LV,2.0,21
1625,Rechitsa,5692500.0,3447500.0,60275.0,"Dnieper, below Berezina",Dnieper,Dnieper,BY,1.0,911
1815,SPAŁA,5017500.0,3207500.0,5925.0,Pilica,Pilica,Vistula,PL,2.0,3411
3004,Benageber,3367500.0,1922500.0,4200.0,Turia,Turia,Turia,ES,1.0,1
1703,Litky,5762500.0,3262500.0,85200.0,Desna,Desna,Dnieper,UA,2.0,411
4327,Los Toranes,3402500.0,1957500.0,1050.0,Mijares,Mijares,Mijares,ES,1.0,3
1804,CHAŁUPKI,4917500.0,3007500.0,4650.0,"Oder, headwaters",Oder,Oder,PL,1.0,9511
3333,Vigevano - SS494,4232500.0,2472500.0,7225.0,Ticcino,Ticino,Po,IT,,6111
357,Rekingen,4192500.0,2722500.0,14625.0,Rhine,Rhine,Rhine,CH,,13111
1006,La Cure à Arcy-sur-Cure,3852500.0,2737500.0,1175.0,Yonne,Cure,Seine,FR,3.0,1061
18,Halle-Trotha UP,4457500.0,3157500.0,18000.0,Saale,Saale,Elbe,DE,2.0,4111
868,Dalj,5022500.0,2532500.0,253225.0,Danube,Danube,Danube,HR,,131111
2536,KALSINKOSI,4972500.0,4302500.0,26275.0,"Kokemaenjoki, below Vanajanselka catchment",Kokemaenjoki,Kokem,FI,1.0,1
932,Ziegelhausen AMS,4232500.0,2922500.0,13875.0,Neckar,Neckar,Rhine,DE,,10111
1327,Chernivtsi,5497500.0,2927500.0,7100.0,Prut,Prut,Danube,UA,,21111
2876,Koitajoki Lylykoski,5362500.0,4567500.0,3875.0,Neva,Saarilahti,Neva,FI,2.0,32
2,Hofkirchen,4547500.0,2847500.0,47525.0,Danube,Danube,Danube,DE,,211111
129,"Olkkajärvi, Permantokoski",5037500.0,4907500.0,3550.0,Raudanjoki,Raudanjoki,Kemijoki,FI,2.0,41
1798,BABINO,5177500.0,3412500.0,3725.0,Narew,Narew,Vistula,PL,2.0,2511
289,Košické Olšany,5152500.0,2907500.0,1200.0,Tisa,Torysa,Danube,SK,,126321
4450,Żywiec,4982500.0,2997500.0,1000.0,"Vistula, headwaers",Sola,Vistula,PL,2.0,7611
273,Devín,4842500.0,2807500.0,131250.0,Danube,Danube,Danube,SK,,175111
2548,TVILUMBRO,4302500.0,3682500.0,1250.0,Gudena,Gudena,Gudena,DK,1.0,1
2433,DAYS WEIR,3547500.0,3227500.0,3425.0,Thames,Thames,Thames,UK,1.0,93
1616,Sakhkombinat,5257500.0,3472500.0,1625.0,"Nemunas, below Shchara",Kotra,Nemunas,BY,2.0,341
624,N. Ribagorzana A.A.Sta.Ana,3542500.0,2137500.0,1775.0,Segre,Noguera Ribagorzana,Ebro,ES,3.0,2411
391,Ponte Bacchello,4397500.0,2402500.0,1575.0,Secchia,Secchia,Po,IT,,1411
3229,La Saône à Auxonne,3972500.0,2687500.0,8825.0,Saone,Saone,Rhone,FR,2.0,655
5208,Ardila en Oliva,2847500.0,1847500.0,1750.0,Ardilla,Ardila,Guadiana,ES,2.0,231
3183,La Creuse à Ciron [Scoury],3652500.0,2652500.0,3500.0,Vienne,Creuse,Loire,FR,,4231
92,Sprey,4637500.0,3152500.0,1650.0,Havel,Spree,Elbe,DE,3.0,2221
1086,Flaksvatn,4217500.0,3917500.0,1825.0,Tovdal,Tovdal,Tovdal,NO,,1
128,Vikajärvi  luusua,5037500.0,4917500.0,3150.0,Raudanjoki,Raudanjoki,Kemijoki,FI,2.0,41
642,Huerva En Zaragoza,3407500.0,2122500.0,1100.0,Huerva,Huerva,Ebro,ES,2.0,6111
3240,Le Doubs à Voujeaucourt,4072500.0,2712500.0,3600.0,Saone,Doubs,Rhone,FR,3.0,643
293,Hanušovce nad Toplou,5157500.0,2947500.0,1075.0,Tisa,Topla,Danube,SK,,128321
5137,Trier UP,4077500.0,2967500.0,23675.0,Moselle,Moselle,Rhine,DE,,4131
860,Terezino Polje,4892500.0,2567500.0,34300.0,Drava,Drava,Danube,HR,,141111
1720,Zapsillya,6007500.0,3172500.0,21650.0,Psel,Psel,Dnieper,UA,2.0,211
2609,TARTU,5292500.0,4032500.0,8325.0,Emajogi,Emajogi,Narva,EE,2.0,2
487,Seebruck,4507500.0,2762500.0,1500.0,Inn,Alz,Danube,DE,,203211
2840,SanRafaelDeNavallana 5051,3032500.0,1782500.0,1300.0,Guadajoz,Gato,Guadalquivir,ES,2.0,721
973,Genil_Loja,3057500.0,1687500.0,4300.0,Genil,Genil,Guadalquivir,ES,2.0,411
165,Lienz-Peggetz,4532500.0,2637500.0,1975.0,Drava,Drava,Danube,AT,,143911
893,Landsberg,4387500.0,2767500.0,2325.0,Lech,Lech,Danube,DE,,212013
1922,Le Rhone à Beaucaire,3887500.0,2312500.0,95950.0,Rhone,Rhone,Rhone,FR,1.0,111
178,Brixlegg,4457500.0,2702500.0,8550.0,Inn,Inn,Danube,AT,,203311
3182,La Vienne à Ingrandes,3602500.0,2687500.0,10250.0,Vienne,Vienne,Loire,FR,,4311
648,Tiron En Haro,3262500.0,2252500.0,1225.0,Tiron,Tiron,Ebro,ES,2.0,18111
2781,Guadiana En VillanuevaDeLaSerena,2957500.0,1912500.0,35100.0,Guadiana,Guadiana,Guadiana,ES,1.0,911
426,Parma Ovest,4337500.0,2412500.0,1375.0,Taro,Taro,Po,IT,,3611
888,Hofkirchen,4552500.0,2842500.0,47700.0,Danube,Danube,Danube,DE,,211111
2998,Valdecanas,2982500.0,1992500.0,36700.0,Tagus,Tagus,Tagus,ES,1.0,711
506,MIELEC 2,5127500.0,3087500.0,3900.0,"Vistula, below Dunajec",Wisloka,Vistula,PL,2.0,5211
2205,VECHTERWEERD,4057500.0,3242500.0,3725.0,Ijssel,Vechte,Rhine,NL,,3211
336,"Brügg, Aegerten",4117500.0,2672500.0,8300.0,Aare,Aare,Rhine,CH,,12511
563,Bílá Hora,4567500.0,2967500.0,4775.0,Vltava,Berounka,Elbe,CZ,3.0,12211
333,Locarno,4222500.0,2557500.0,2850.0,Ticcino,Lago Maggiore,Po,CH,,6311
2258,NEW BRIDGE,3112500.0,3412500.0,1100.0,Suir,Suir,Barrow,IE,2.0,2
179,Innsbruck (oberh. Sill),4422500.0,2682500.0,5850.0,Inn,Inn,Danube,AT,,203331
1958,UMEAE,4832500.0,4557500.0,26950.0,Umeaelven,Umeaelven,Umealven,SE,1.0,1
4142,Tevere a Foro Italico,4527500.0,2097500.0,17200.0,"Tiber, below Aniene",Tiber,Tiber,IT,1.0,111
2004,"VUOSJARVI, HUOPANANKOSKI",5102500.0,4527500.0,2275.0,"Kymijoki, Keitele catchment",Huopanankoski,Kymijoki,FI,2.0,63
4338,Benaguasil,3397500.0,1897500.0,5425.0,Turia,Turia,Turia,ES,1.0,1
3000,Entrepenas,3242500.0,2027500.0,3850.0,Tagus,Tagus,Tagus,ES,1.0,911
663,Berettyoujfalu,5192500.0,2747500.0,3575.0,Tisa,Barcau,Danube,HU,,124421
797,Radauti,5552500.0,2937500.0,9175.0,Prut,Prut,Danube,RO,,21111
1642,M.Vikorovichi,5472500.0,3332500.0,26900.0,Pripyat,Goryn,Dnieper,BY,3.0,641
1487,Saxons Lode,3487500.0,3287500.0,6800.0,"Severn, below Teme",Severn,Severn,UK,1.0,3
5169,Guadiana en Puebla de D. Rodrigo,3057500.0,1897500.0,22550.0,Guadiana,Guadiana,Guadiana,ES,1.0,1111
577,Straznice,4852500.0,2892500.0,9150.0,Morava,Morava,Danube,CZ,,183311
186,Telfs (Fussgängersteg),4397500.0,2687500.0,5300.0,Inn,Inn,Danube,AT,,203331
2200,LITH,4012500.0,3197500.0,29175.0,Meuse,Meuse,Rhine,NL,,2311
1503,Derby City,3552500.0,3372500.0,1175.0,Trent,Derwent,Trent,UK,2.0,6
2516,SOLBERGFOSS,4382500.0,4057500.0,40450.0,"Glomma, below Lagen",Glomma,Glomma,NO,1.0,111
1152,Sīļi,5322500.0,3807500.0,2750.0,"Daugava, below Dysna",Dubna,Daugava,LV,2.0,32
3149,La Serre à Pont-à-Bucy,3852500.0,2972500.0,1625.0,Oise,Seine,Seine,FR,1.0,432
655,Jalon En Cetina,3322500.0,2102500.0,1975.0,Jalon,Jalon,Ebro,ES,2.0,8511
40,Koeln,4107500.0,3092500.0,144150.0,Rhine,Rhine,Rhine,DE,,3511
82,Golzern 1,4512500.0,3127500.0,5500.0,Mulde,United Mulde,Elbe,DE,2.0,6111
3130,L'Armançon à Brienon-sur-Armançon,3847500.0,2782500.0,2900.0,Yonne,Armancon,Seine,FR,3.0,1021
1609,Stolbtsy,5422500.0,3497500.0,3025.0,"Nemunas, headwaters",Nemunas,Nemunas,BY,1.0,531
81,Kleindalzig,4482500.0,3122500.0,2975.0,Saale,White Elster,Elbe,DE,3.0,4231
362,Halden,4262500.0,2707500.0,1125.0,Thur,Thur,Rhine,CH,,14111
2712,Bobosheva,5392500.0,2207500.0,4400.0,Strimonas,Strimonas,Strimonas,BG,1.0,5
1848,OSTROŁĘKA,5097500.0,3397500.0,21950.0,Narew,Narew,Vistula,PL,2.0,2505
462,Chamerau,4527500.0,2897500.0,1350.0,Regen,Regen,Danube,DE,,211411
486,Schwürbitz,4402500.0,3007500.0,2500.0,Main,Main,Rhine,DE,,8911
1359,Angleur,4012500.0,3062500.0,3725.0,Meuse,Ourthe,Rhine,BE,,2411
1260,Torrböle 2,4792500.0,4547500.0,2875.0,Ore,Ore,Ore,SE,1.0,1
792,Itcani,5527500.0,2862500.0,2325.0,Siret,Suceava,Danube,RO,,43411
2260,PASS BRIDGE,3192500.0,3472500.0,1150.0,Barrow,BARROW,Barrow,IE,1.0,5
3211,La Garonne à Lamagistère,3587500.0,2377500.0,32325.0,"Garonne, below Tarn",Garonne,Garonne,FR,1.0,351
2753,Vranov Hamry_dyje,4752500.0,2877500.0,2375.0,Morava,Thaya,Danube,CZ,,182311
3206,Le Salat à Roquefort-sur-Garonne,3587500.0,2272500.0,4425.0,Salat,Salat,Garonne,FR,2.0,551
2013,HERRENHAUSEN,4292500.0,3257500.0,5375.0,Aller,Leine,Weser,DE,3.0,221
2480,AKCASUSURLUK,5877500.0,2102500.0,21725.0,Kocacay,KOCASU,Kocacay,TR,1.0,1
2267,CATEZ I,4752500.0,2547500.0,9700.0,Sava,Krka,Danube,SI,,109151
2490,CARSAMBA,6517500.0,2407500.0,36025.0,Yesil,YESILIRMAK,Yesil,TR,1.0,1
1145,Daugavpils,5342500.0,3757500.0,63700.0,"Daugava, below Dysna",Daugava,Daugava,LV,1.0,33
2789,Candoglia,4197500.0,2537500.0,1625.0,Ticcino,Lago di Mergozzo,Po,IT,,6211
2882,Jaasjarvi-luusua,5162500.0,4367500.0,1600.0,Kymijoki,Tainionvirta,Kymijoki,FI,2.0,32
183,Magerbach,4387500.0,2682500.0,5175.0,Inn,Inn,Danube,AT,,203331
1845,NOWOGRÓD,5107500.0,3412500.0,20200.0,Narew,Narew,Vistula,PL,2.0,2505
1365,Camisky,3412500.0,3847500.0,1250.0,Lochy,Lochy,Lochy,UK,1.0,1
930,Alken,4142500.0,3022500.0,27925.0,Moselle,Moselle,Rhine,DE,,4111
2517,HAGA BRU,4332500.0,4442500.0,3150.0,Gauldalen,Gaula,Gaula,NO,1.0,1
900,Heitzenhofen,4462500.0,2887500.0,5475.0,Naab,Naab,Danube,DE,,211611
1743,Karanovac,4977500.0,2432500.0,1800.0,Sava,Spreca,Danube,BA,,104211
49,Mainz,4197500.0,2987500.0,98300.0,Rhine,Rhine,Rhine,DE,,7111
858,Botovo,4852500.0,2597500.0,31300.0,Drava,Drava,Danube,HR,,141111
1965,GLAN,4682500.0,3947500.0,12425.0,Motala Stroem,Motala Stroem,Motala Stroem,SE,1.0,1
1148,Jēkabpils,5287500.0,3822500.0,69075.0,"Daugava, below Dysna",Daugava,Daugava,LV,1.0,31
817,Kormend,4822500.0,2677500.0,4775.0,Raab,Raba,Danube,HU,,172111
356,"Neuhausen, Flurlingerbrücke",4217500.0,2727500.0,11775.0,Rhine,Rhine,Rhine,CH,,15111
2483,SOEKE,5857500.0,1807500.0,26475.0,Buyuk Menderes,BUYUK MENDERES,Buyuk Menderes,TR,1.0,1
2937,Le Tarn a Marsal [Pecotte],3697500.0,2347500.0,4550.0,Tarn,Tarn,Garonne,FR,2.0,431
3309,Olginate - S.Maria Lavello,4277500.0,2517500.0,4600.0,Adda,Adda,Po,IT,,4511
2237,DRAWSKO POMORSKIE,4702500.0,3377500.0,1075.0,Warta,Drawa,Oder,PL,4.0,2221
2352,SOUTH PARK,3582500.0,3542500.0,1350.0,Tees,Skerne,Tees,UK,1.0,1
2062,CARCASSONNE,3702500.0,2267500.0,2800.0,Aude,Orbiel,Aude,FR,1.0,1
1197,Munkedal 2,4417500.0,3927500.0,1350.0,Orekilsalven,Orekilsalven,Orekilsalven,SE,1.0,1
467,Harburg,4367500.0,2857500.0,1625.0,Wornitz,Wornitz,Danube,DE,,212211
3350,Hartolankoski,5007500.0,4312500.0,21300.0,Kokemaen,Kokemaen,Kokem,FI,1.0,3
2966,Prijedor,4842500.0,2457500.0,3175.0,Sava,Sana,Danube,BA,,106211
1799,ŻAGAŃ,4692500.0,3177500.0,4400.0,Bobr,Bobr,Oder,PL,2.0,6111
1537,Sheepmount,3497500.0,3607500.0,2375.0,Eden,Eden,Eden,UK,1.0,1
1209,Västersel,4737500.0,4507500.0,1450.0,Moalven,Moalven,Moalven,SE,1.0,1
2881,Hankavesi-luusua,5177500.0,4492500.0,5025.0,Kymijoki,Hancavesi,Kymijoki,FI,2.0,41
2450,MANLEY HALL,3452500.0,3392500.0,1075.0,R. Dee,DEE (WALES),Dee,UK,,1
5147,Versen Wehrdurchstich,4132500.0,3297500.0,8525.0,Ems,Ems,Ems,DE,1.0,1
2933,La Seille a Metz [pont Lothaire],4042500.0,2892500.0,1250.0,Moselle,Seille,Rhine,FR,,4541
914,Burgkirchen,4527500.0,2792500.0,2250.0,Inn,Alz,Danube,DE,,203211
1542,Farmoor,3537500.0,3242500.0,1550.0,Thames,Thames,Thames,UK,1.0,95
1989,MEZOTNE,5187500.0,3787500.0,9525.0,Lielupe,Lielupe,Lielupe,LV,1.0,1
478,Neumühle,4392500.0,2922500.0,1825.0,Main,Rednitz,Rhine,DE,,8851
124,Jumisko,5112500.0,4922500.0,1300.0,Jumiskonjoki,Jumiskonjoki,Kemijoki,FI,2.0,61
3236,Le Doubs à Glère [Courclavon],4097500.0,2697500.0,1350.0,Saone,Doubs,Rhone,FR,3.0,647
2980,Slovac,5122500.0,2407500.0,1000.0,Sava,Kolubara,Danube,RS,,101211
2688,IMENI KOSTA KHETAGUROVA,6807500.0,2842500.0,3875.0,Kuban,Kuban,Kuban,RU,1.0,5
221,Greimpersdorf,4682500.0,2787500.0,1100.0,Ybbs,Ybbs,Danube,AT,,191411
1882,GRUDZIĄDZ,4897500.0,3427500.0,189525.0,"Vistula, below Narew",Vistula,Vistula,PL,1.0,1111
1610,Belitsa,5327500.0,3497500.0,16850.0,"Nemunas, headwaters",Nemunas,Nemunas,BY,1.0,511
1719,Hadyach,5992500.0,3307500.0,11225.0,Psel,Psel,Dnieper,UA,2.0,211
108,Solkan,4602500.0,2542500.0,1550.0,Soca,Soca,Soca,SI,1.0,3
80,Colditz,4517500.0,3112500.0,2325.0,Mulde,Zwickauer Mulde,Elbe,DE,2.0,6311
5145,Nienburg,4267500.0,3282500.0,21975.0,"Weser, below Diemel",Weser,Weser,DE,1.0,311
633,Piedra En Carenas,3332500.0,2097500.0,1500.0,Jalon,Piedra,Ebro,ES,3.0,8411
214,Raabs an der Thaya,4722500.0,2872500.0,1375.0,Morava,Thaya,Danube,AT,,182311
4131,Tevere a Ponte Felice,4522500.0,2142500.0,13825.0,"Tiber, below Nera",Tiber,Tiber,IT,1.0,311
3042,Guadalquivir - Arroyo de María,3147500.0,1772500.0,2575.0,Guadalimar,Guadalimar,Guadalquivir,ES,2.0,1031
564,Beroun,4612500.0,2992500.0,8325.0,Vltava,Litavka,Elbe,CZ,4.0,12211
1332,Galych,5387500.0,2997500.0,14950.0,"Dniester, below Stryi",Dniester,Dniester,UA,1.0,51
2992,La Fernandina,3132500.0,1777500.0,2150.0,Guadalen,Guadalen,Guadalquivir,ES,3.0,1021
977,Guadalb_Men,3107500.0,1757500.0,1075.0,Guadalei,Guadalbullon,Guadalquivir,ES,2.0,811
1938,SMALININKAI,5112500.0,3617500.0,81175.0,"Nemunas, below Neris",Nemunas,Nemunas,LT,1.0,151
510,KOŚMIN,5142500.0,3227500.0,10200.0,Wieprz,Wieprz,Vistula,PL,2.0,3611
544,GOZDOWICE,4607500.0,3307500.0,109775.0,"Oder, below Warta",Oder,Oder,PL,1.0,1311
1921,Le Rhone à Viviers,3897500.0,2397500.0,71025.0,"Rhone, below Isere",Rhone,Rhone,FR,1.0,331
2042,ABBEVILLE,3737500.0,3032500.0,5900.0,Somme,Somme,Somme,FR,1.0,1
2606,NYUKHCHA,5577500.0,4772500.0,1225.0,"Teno-, Naatamo- and Paatsjoki (Finnish part)",NYUKHCHA,Nyukhcha,RU,1.0,1
244,Grdelica,5302500.0,2282500.0,3775.0,Velika Morava,Juzna Morava,Danube,RS,,83511
5189,Matachel en los Molinos,2912500.0,1872500.0,1275.0,Matachel,Matachel,Guadiana,ES,2.0,611
2168,WAHMBECK,4292500.0,3167500.0,13050.0,Weser,Weser,Weser,DE,1.0,511
284,Slovenské Ďarmoty,5012500.0,2817500.0,2750.0,Ipel,Ipel,Danube,SK,,154111
650,Ebro En Tudela,3362500.0,2177500.0,26500.0,Ebro,Ebro,Ebro,ES,1.0,9511
1930,La Marne à la Ferté-sous-Jouarre,3822500.0,2897500.0,8650.0,Marne,Marne,Seine,FR,2.0,611
311,Losna,4337500.0,4242500.0,11200.0,Lagen,Lagen,Glomma,NO,2.0,215
2701,NAMOKHVANI,6927500.0,2727500.0,3550.0,Rioni,RIONI,Rioni,GE,1.0,1
4014,Skavice,5182500.0,2142500.0,5650.0,Drin,Black Drin,Drin,AL,2.0,5
1911,La Vienne à Nouatre,3602500.0,2702500.0,20000.0,Vienne,Vienne,Loire,FR,,4111
1891,OANCEA,5712500.0,2697500.0,26750.0,Prut,Prut,Danube,RO,,21111
131,Unari  luusua,5002500.0,4967500.0,1175.0,Ounasjoki,Meltausjoki,Kemijoki,FI,3.0,22
1357,Amay,3982500.0,3057500.0,16750.0,Meuse,Meuse,Rhine,BE,,2511
1439,Moinho Da Gamitinha,2712500.0,1857500.0,2650.0,Sado,Sado,Sado,PT,1.0,1
3157,L'Arroux à Rigny-sur-Arroux,3867500.0,2627500.0,2275.0,Arroux,Arroux,Loire,FR,,9411
243,Vranjski Priboj,5307500.0,2247500.0,2825.0,Velika Morava,Juzna Morava,Danube,RS,,83511
2431,EYNSHAM,3542500.0,3242500.0,1575.0,Thames,Thames,Thames,UK,1.0,95
548,POZNAŃ (MOST ROCHA),4792500.0,3282500.0,25575.0,Warta,Warta,Oder,PL,2.0,2531
459,Bad Kissingen,4327500.0,3017500.0,1575.0,Main,Franconian Saale,Rhine,DE,,8611
611,Najerilla En Torremontalbo,3277500.0,2237500.0,1125.0,Najerilla,Najerilla,Ebro,ES,2.0,16111
1494,Kings Bromley,3527500.0,3357500.0,1325.0,Trent,Trent,Trent,UK,1.0,9
558,Predmerice,4667500.0,3032500.0,2175.0,Jizera,Jizera,Elbe,CZ,2.0,14111
358,Rheinfelden (Messstation),4152500.0,2717500.0,34350.0,Rhine,Rhine,Rhine,CH,,11711
1014,Usce,5182500.0,2322500.0,6850.0,Velika Morava,Ibar,Danube,RS,,82211
292,Veľké Kapušany,5212500.0,2892500.0,2350.0,Tisa,Latorica,Danube,SK,,128231
867,Aljmas,5017500.0,2532500.0,253200.0,Danube,Danube,Danube,HR,,131111
211,Wallnerau,4552500.0,2692500.0,2275.0,Inn,Salzach,Danube,AT,,202311
257,Lopatnica lakat,5172500.0,2347500.0,7825.0,Velika Morava,Ibar,Danube,RS,,82211
2765,Zavidovici,4972500.0,2412500.0,6575.0,Sava,Bosna,Danube,BA,,104511
498,Zator,4997500.0,3027500.0,1125.0,"Vistula, headwaers",Skawa,Vistula,PL,2.0,7411
2860,ORELLANA,2977500.0,1902500.0,26425.0,Guadiana,Guadiana,Guadiana,ES,1.0,1111
3037,Corbones - Carmona,2942500.0,1742500.0,1675.0,Corbones,Corbones,Guadalquivir,ES,2.0,361
161,Wildungsmauer,4832500.0,2802500.0,103800.0,Danube,Danube,Danube,AT,,191111
5231,Solre Us,3902500.0,3037500.0,1375.0,Meuse,Haute sambre,Rhine,BE,,2611
1164,Suria,3637500.0,2117500.0,1025.0,Llobregat,Cardoner,Llobregat,ES,2.0,4
1155,Lielpeči,5217500.0,3837500.0,1600.0,"Daugava, below Aiviekste",Ogre,Daugava,LV,2.0,14
1414,Ferbane,3147500.0,3497500.0,1175.0,Brosna,Brosna,Shannon,IE,2.0,41
5151,Azuer en Daimiel,3142500.0,1882500.0,1100.0,Guadiana,Azuer,Guadiana,ES,2.0,1541
3036,Rivera de Huelva - Cala,2902500.0,1772500.0,1025.0,Guadiamar,Huelva,Guadalquivir,ES,2.0,161
2916,L Essonne a Ballancourt-sur-Essonne,3762500.0,2857500.0,1875.0,"Seine, below Yonne",Essonne,Seine,FR,2.0,721
3155,La Loire à Digoin,3862500.0,2612500.0,9400.0,Loire,Loire,Loire,FR,,9511
2092,BANOV (BANOVSKA KESA),4932500.0,2802500.0,3100.0,Vah,Nitra,Danube,SK,,162101
4468,Cellera de Ter,3707500.0,2127500.0,2125.0,Ter,Ter,Ter,ES,1.0,1
2564,MARTINSBRUCK,4347500.0,2632500.0,1975.0,Inn,Inn,Danube,CH,,203331
105,Laško,4727500.0,2572500.0,1675.0,Sava,Savinja,Danube,SI,,109211
2790,Spessa,4277500.0,2442500.0,39000.0,Po,Po,Po,IT,,5511
1902,La Vezere à Campagne,3602500.0,2467500.0,3725.0,Vezere,Vezere,Dordogne,FR,2.0,4
479,"Neu Ulm, Bad Held",4317500.0,2807500.0,7600.0,Danube,Danube,Danube,DE,,212311
114,Odenbach,4152500.0,2952500.0,1075.0,Nahe,Glan,Rhine,DE,,6211
4409,Tevere a Ponte del Grillo (discharge),4512500.0,2077500.0,17775.0,"Tiber, below Aniene",Tiber,Tiber,it,1.0,111
4458,Smolajny,5002500.0,3487500.0,2350.0,Lyna,Lyna,Pregolya,PL,2.0,23
632,Gallego En Anzanigo,3442500.0,2202500.0,1425.0,Gallego,Gallego,Ebro,ES,2.0,4111
3217,L'Isle à Périgueux,3592500.0,2497500.0,2150.0,Isle,Isle,Dordogne,FR,2.0,2
184,Perjen,4362500.0,2672500.0,3650.0,Inn,Inn,Danube,AT,,203331
555,Podgorze,4942500.0,3187500.0,2425.0,Warta,Widawka,Oder,PL,3.0,2811
1107,Malangsfoss,4672500.0,5122500.0,2975.0,Malselv,Malselv,Malselv,NO,1.0,1
152,Sachsenhausen Sohlabsturz,4542500.0,3297500.0,2575.0,Havel,Havel,Elbe,DE,2.0,2311
956,Aljaima,3007500.0,1642500.0,2725.0,Guadalhorce,Guadalhorce,Guadalhorce,ES,1.0,1
2022,GOCH,4047500.0,3187500.0,1275.0,Meuse,Niers,Rhine,DE,,2321
1247,Nytorp,4657500.0,3892500.0,2500.0,Motala Stroem,Storan,Motala Stroem,SE,2.0,2
2568,ZILPAMUSIS,5212500.0,3762500.0,4950.0,Musa,MUSA,Lielupe,LT,1.0,1
2600,VARZUGA,5487500.0,5037500.0,18875.0,Varzuga,VARZUGA,Varzuga,RU,1.0,1
3143,La Saulx à Vitry-en-Perthois,3927500.0,2862500.0,2050.0,Marne,Saulx,Seine,FR,3.0,621
2199,LAGARFOSS,3212500.0,4912500.0,2850.0,Lagarfljot,Lagarfljot,Lagarfljot,IS,1.0,1
202,St.Georgen ob Judenburt,4662500.0,2687500.0,2375.0,Drava,Mur,Danube,AT,,142511
1900,Le Tarn à Villemur-Sur-Tarn,3632500.0,2347500.0,9100.0,Tarn,Tarn,Garonne,FR,2.0,431
3150,L'Oise à Sempigny,3817500.0,2962500.0,4200.0,Oise,Oise,Seine,FR,2.0,431
1948,VAAJAKOSKI (HAAPAKOSKI),5142500.0,4437500.0,17550.0,Kymijoki,Leppavesi-Paijanne,Kymijoki,FI,,33
807,Zimnicea,5557500.0,2407500.0,643722.0,Danube,Danube,Danube,RO,,52111
239,Bagrdan,5222500.0,2392500.0,33500.0,Velika Morava,Velika Morava,Danube,RS,,81111
772,GUSIN,5092500.0,3262500.0,81900.0,"Vistula, below Pilica",Vistula,Vistula,PL,1.0,3311
2732,Lovech ,5517500.0,2347500.0,1225.0,Danube,Osam,Danube,BG,,52211
1187,Cebrones,3017500.0,2267500.0,3125.0,Esla,Orbigo,Douro,ES,3.0,14611
1738,Zavidoviči n/B,4967500.0,2402500.0,4850.0,Sava,Bosna,Danube,BA,,104711
151,Guben 2,4647500.0,3212500.0,4050.0,Neisse,Lusatian Neisse,Oder,DE,2.0,4111
340,"Untersiggenthal, Stilli",4187500.0,2712500.0,17525.0,Aare,Aare,Rhine,CH,,12111
1732,Bosanska Krupa,4802500.0,2437500.0,2825.0,Sava,Una,Danube,BA,,106311
676,Ipolytarnoc,5032500.0,2837500.0,1325.0,Ipel,Ipel,Danube,HU,,154111
3158,L'Arroux à Digoin,3862500.0,2617500.0,3125.0,Arroux,Arroux,Loire,FR,,9411
135,"Muonionjoki, Kaaresuvanto",4832500.0,5082500.0,5875.0,Torne,Muonio,Torne,FI,2.0,4
297,Bagn,4292500.0,4192500.0,2975.0,Drammen,Begna,Drammen,NO,,32
485,Salz,4337500.0,3022500.0,1025.0,Main,Franconian Saale,Rhine,DE,,8611
2126,MARTORELL,3647500.0,2077500.0,4500.0,Llobregat,Llobregat,Llobregat,ES,1.0,1
1623,Mogilev,5637500.0,3607500.0,20700.0,"Dnieper, headwaters",Dnieper,Dnieper,BY,1.0,951
2326,ORMISTONE MILL,3537500.0,3672500.0,1150.0,Tweed,Teviot,Tweed,UK,2.0,4
2702,KAPS,7072500.0,2607500.0,1000.0,Aras,Akhuryani Jrambar,Kura,AM,4.0,24
2145,LANDSCHA,4747500.0,2647500.0,8425.0,Drava,Mur,Danube,AT,,142311
2773,Berg,4297500.0,2792500.0,4050.0,Danube,Danube,Danube,DE,,212511
328,Monte Da Vinha,2842500.0,1917500.0,49825.0,Guadiana,Guadiana,Guadiana,PT,1.0,331
1611,Mosty,5277500.0,3462500.0,27675.0,"Nemunas, below Shchara",Nemunas,Nemunas,BY,1.0,371
515,STRĘKOWA GÓRA,5157500.0,3417500.0,6800.0,Narew,Narew,Vistula,PL,2.0,2509
1016,Castro_Rio_G,3047500.0,1742500.0,1650.0,Guadajoz,Guadajoz,Guadalquivir,ES,2.0,611
249,Nis,5287500.0,2322500.0,4050.0,Velika Morava,Nisava,Danube,RS,,83211
2051,MONTIGNAC,3627500.0,2482500.0,3175.0,Vezere,Vezere,Dordogne,FR,2.0,4
579,Zidlochovice,4802500.0,2902500.0,4150.0,Morava,Svratka,Danube,CZ,,182231
618,Jalon En Grisen,3387500.0,2132500.0,10050.0,Jalon,Jalon,Ebro,ES,2.0,8111
560,Bechyne,4647500.0,2922500.0,3875.0,Vltava,Luznice,Elbe,CZ,3.0,12811
3345,"Päijänne, Kalkkinen",5152500.0,4332500.0,26225.0,Kymijoki,Kymijoki,Kymijoki,FI,1.0,31
1681,Jordan - Obstacle Bridge,6697500.0,1507500.0,1475.0,Jordan / Dead Sea,Jordan,Jordan,IL,1.0,1
2853,RIALB,3597500.0,2137500.0,2950.0,Segre,Segre,Ebro,ES,2.0,2711
323,Strømstøa,4327500.0,4137500.0,4750.0,Drammen,Adalselva,Drammen,NO,,32
2164,BODENWERDER,4287500.0,3202500.0,16025.0,"Weser, below Diemel",Weser,Weser,DE,1.0,311
4488,Cacak,5152500.0,2367500.0,3625.0,Velika Morava,Zapadna Morava,Danube,RS,,82311
1726,Mariupol,6357500.0,3052500.0,1150.0,Kalmius,Khalchyk,Kalmius,UA,1.0,1
2616,OLONETS,5542500.0,4412500.0,1300.0,"Lake Ladoga, sub-catchment",OLONKA,Olonka,RU,,1
1168,Sant Vicenc dels Horts (Canal de la Dreta),3652500.0,2067500.0,4850.0,Llobregat,Llobregat,Llobregat,ES,1.0,1
3258,L'Orb à Béziers [Tabarka],3767500.0,2277500.0,1325.0,Orb,Orb,Orb,FR,1.0,1
587,Izgrev,5537500.0,2382500.0,2275.0,Danube,Osam,Danube,BG,,52211
4443,Bretka,5082500.0,2872500.0,1275.0,Tisa,Muran,Danube,SK,,126251
813,Apatfalva,5132500.0,2622500.0,30050.0,Tisa,Mures,Danube,HU,,122111
237,Beli Brod,5132500.0,2417500.0,1825.0,Sava,Kolubara,Danube,RS,,101211
2425,Broadlands,3517500.0,3162500.0,1050.0,Test,Test,Test,UK,1.0,1
2983,Sil Belesar,2877500.0,2337500.0,4450.0,Minho,Minho,Minho,ES,1.0,311
3349,"Kallavesi, Konnus + Karvio",5232500.0,4497500.0,16425.0,Vuoksi,Neva,Neva,FI,3.0,22
4352,Zagra,3367500.0,1932500.0,3975.0,Turia,Turia,Turia,ES,1.0,1
1818,NOWE MIASTO,5047500.0,3217500.0,6750.0,Pilica,Pilica,Vistula,PL,2.0,3411
697,Siojut,4942500.0,2672500.0,5850.0,Sio,Sio,Danube,HU,,152311
1008,L'Armançon à Tronchoy,3867500.0,2772500.0,1975.0,Yonne,Armancon,Seine,FR,3.0,1021
2097,KOSICKE OLSANY,5152500.0,2912500.0,1175.0,Tisa,Torysa,Danube,SK,,126321
3030,Guadiana Menor - Úbeda,3157500.0,1742500.0,7025.0,Guadiana menor,Guadiana menor,Guadalquivir,ES,2.0,1211
706,Vasarosnameny,5232500.0,2857500.0,30400.0,Tisa,Tisza,Danube,HU,,129111
1534,Samlesbury,3492500.0,3482500.0,1125.0,Ribble,Ribble,Ribble,UK,1.0,1
1589,Skelton,3592500.0,3487500.0,3250.0,Ouse,Ouse,Ouse,UK,1.0,7
54,Wesel,4087500.0,3172500.0,154150.0,Rhine,Rhine,Rhine,DE,,3311
559,Ceske Budejovice,4647500.0,2877500.0,1775.0,Vltava,Vltava,Elbe,CZ,2.0,12921
1647,1-ya Slobodka,5592500.0,3392500.0,6975.0,Pripyat,Ptich,Dnieper,BY,3.0,621
331,Tramagal,2757500.0,2007500.0,62200.0,Tagus,Tagus,Tagus,PT,1.0,511
470,Inkofen,4452500.0,2817500.0,3175.0,Isar,Amper,Danube,DE,,211212
841,Farkasic,4802500.0,2497500.0,8525.0,Sava,Kupa,Danube,HR,,108111
34,Schweinfurt Neuer Hafen,4332500.0,2982500.0,12825.0,Main,Main,Rhine,DE,,8711
475,Laufen Siegerstetter Keller,4542500.0,2762500.0,6100.0,Inn,Salzach,Danube,DE,,202111
4004,Hormove,5182500.0,1957500.0,1275.0,Vjosa,Drinos,Vjosa,AL,2.0,2
664,Budapest,5002500.0,2752500.0,184600.0,Danube,Danube,Danube,HU,,153111
779,Chisineu Cris,5202500.0,2667500.0,3525.0,Tisa,Crisul Alb,Danube,RO,,124711
242,Jasika,5232500.0,2347500.0,14600.0,Velika Morava,Zapadna Morava,Danube,RS,,82111
882,Oberndorf,4467500.0,2872500.0,26525.0,Danube,Danube,Danube,DE,,211711
3246,La Dheune à Palleau,3942500.0,2662500.0,1000.0,Saone,Dheune,Rhone,FR,3.0,632
634,Jalon En Ateca,3332500.0,2102500.0,4050.0,Jalon,Jalon,Ebro,ES,2.0,8311
2249,DARRYCAHILL,3122500.0,3522500.0,1175.0,Suck,Suck,Shannon,IE,2.0,61
1730,Ripač,4792500.0,2427500.0,2475.0,Sava,Una,Danube,BA,,106311
1706,Nedanchychi,5722500.0,3357500.0,105150.0,"Dnieper, below Sozh",Dnieper,Dnieper,UA,1.0,711
175,Gumisch,4662500.0,2622500.0,2175.0,Drava,Gurk,Danube,AT,,143211
1467,Quinta Das Laranjeiras,2897500.0,2172500.0,3450.0,Sabor,Sabor,Douro,PT,2.0,6111
4291,Cofrentes,3362500.0,1867500.0,4725.0,Cabriel,Cabriel,Jucar,ES,2.0,61
32,Perl,4057500.0,2942500.0,11525.0,Moselle,Moselle,Rhine,DE,,4511
556,Nemcice,4737500.0,3022500.0,4275.0,"Elbe, headwaters",Elbe,Elbe,CZ,1.0,15311
4436,Štúrovo,4972500.0,2782500.0,177775.0,Danube,Danube,Danube,SK,,157111
572,Bohumin,4917500.0,3012500.0,4675.0,"Oder, headwaters",Oder,Oder,CZ,1.0,9511
2236,MIRKOW,4887500.0,3172500.0,1250.0,Warta,Prosna,Oder,PL,3.0,2631
1940,INTSCHEDE,4262500.0,3317500.0,38650.0,Weser,Weser,Weser,DE,1.0,111
2304,PITLOCHRY,3487500.0,3802500.0,2850.0,Tay,Tummel,Tay,UK,1.0,3
854,Slavonski Brod,4947500.0,2477500.0,49725.0,Sava,Sava,Danube,HR,,105111
2994,Mediano,3512500.0,2177500.0,2075.0,Segre,Cinca,Ebro,ES,3.0,2271
6,Malliss OP,4407500.0,3342500.0,2900.0,Elbe,Muritz-Elde,Elbe,DE,2.0,1141
924,Kleinheubach,4262500.0,2962500.0,21600.0,Main,Main,Rhine,DE,,8511
1220,Nissafors 2,4542500.0,3822500.0,1150.0,Nissan,Nissan,Lagan,SE,1.0,1
3031,Guadaira - Sevilla,2912500.0,1732500.0,1300.0,Guadiamar,Guadaira,Guadalquivir,ES,2.0,141
2755,Dupnitza,5482500.0,2237500.0,1025.0,"Evros, above Tundzha",Evros,Evros,BG,1.0,1
2826,Cassine,4207500.0,2402500.0,1625.0,Tanaro,Bormida,Po,IT,,8211
3152,L'Aulne à Châteauneuf-du-Faou,3297500.0,2877500.0,1200.0,Aulne,Aulne,Aulne,FR,1.0,1
2165,DOERVERDEN,4267500.0,3292500.0,22175.0,"Weser, below Diemel",Weser,Weser,DE,1.0,311
142,Juutuanjoki,4997500.0,5162500.0,5250.0,Paatsjoki,Juutuanjoki,Paatsjoki,FI,1.0,3
1634,Letyagi,5682500.0,3587500.0,4575.0,Sozh,Pronya,Dnieper,BY,3.0,861
707,Zahony,5217500.0,2887500.0,33350.0,Tisa,Tisza,Danube,HU,,129111
2869,Perus,4917500.0,4397500.0,1225.0,Isojoki,LAPVAEAERTINJOKI,Isojoki,FI,1.0,1
28,Maxau,4192500.0,2877500.0,50425.0,Rhine,Rhine,Rhine,DE,,11111
4003,Ura_Leklit,5177500.0,1962500.0,1325.0,Vjosa,Drinos,Vjosa,AL,2.0,2
2900,oSTAVALLSELET,4607500.0,4387500.0,5425.0,Ljungan,Ljungan,Ljungan,SE,1.0,1
246,Mojsinje,5252500.0,2347500.0,15400.0,Velika Morava,Juzna Morava,Danube,RS,,83111
4526,Cazma,4832500.0,2537500.0,2350.0,Sava,Cesma,Danube,HR,,105631
1163,Balsareny,3647500.0,2122500.0,1025.0,Llobregat,Llobregat,Llobregat,ES,1.0,5
1832,JAGODNIKI,5077500.0,3062500.0,12050.0,"Vistula, headwaers",Vistula,Vistula,PL,1.0,7111
517,ZAMBSKI KOŚCIELNE,5077500.0,3352500.0,25925.0,Narew,Narew,Vistula,PL,2.0,2503
641,Gallego En Zuera,3427500.0,2147500.0,3250.0,Gallego,Gallego,Ebro,ES,2.0,4111
2532,NOVO SELO,5347500.0,2422500.0,577398.0,Danube,Danube,Danube,RO,,71911
2535,SILISTRA,5697500.0,2497500.0,682920.0,Danube,Danube,Danube,RO,,51311
1506,Pillings Lock,3572500.0,3347500.0,1100.0,Trent,Soar,Trent,UK,2.0,4
1345,Lubeshiv,5387500.0,3302500.0,2850.0,Pripyat,Stokhid,Dnieper,UA,3.0,674
1510,Throop,3487500.0,3142500.0,1050.0,Stour,Stour,Stour,UK,1.0,3
2161,SCHWARMSTEDT,4292500.0,3277500.0,6375.0,Aller,Leine,Weser,DE,3.0,221
2945,La Chiers a Carignan,3977500.0,2957500.0,1975.0,Meuse,Chiers,Rhine,FR,,2781
1179,Garray,3287500.0,2157500.0,1525.0,Douro,Douro,Douro,ES,1.0,19511
1330,Rozdol,5332500.0,3022500.0,5550.0,"Dniester, headwaters",Dniester,Dniester,UA,1.0,71
2943,La Loue [totale] a Parcey,3982500.0,2667500.0,1725.0,Saone,Loue,Rhone,FR,4.0,642
602,Martin En Hijar,3442500.0,2067500.0,1350.0,Martin,Martin,Ebro,ES,2.0,3411
150,Klein Badelmeusel,4642500.0,3187500.0,2650.0,Neisse,Lusatian Neisse,Oder,DE,2.0,4111
713,Agota,5152500.0,2757500.0,3400.0,Tisa,Barcau,Danube,HU,,124211
