version__origin__name,version__version,station_id,StationName,StationLon,StationLat,drainage_area,lon_provided,lat_provided,start_date,end_date,quantity_discharges,drainage_area_provided,to_calibrate,valid_for_origin,legend,comments,Alive,CAL_TYPE,Calibration ID,Catchment,Country code,DrainingArea.km2.LDD,DrainingArea.km2.Provider,EC_Catchments,EC_calib,Exclude,FixedRepPoint,HasD,HasHD,HasHWL,HasRTD,HasRTWL,HasWL,Height,LSFCalib,LisfloodX,LisfloodY,MdlStep,ModelFile,Notes,ObsID,PostProcess,Provider ID,RealTime,River
EFAS,11,00001,Schwabelweis,12.138730,49.023585,0,0.000000,0.000000,,,0,0,0,0,,,1,NRT_6h,,Danube,DE,35525,35399,Danube,1,0,TRUE,1,1,1,1,1,1,324.49,FALSE,4477500,2882500,24,ID_1_202201181707.mod,Oscillations in lower flow  use 3,1,TRUE,1004,TRUE,Danube
EFAS,11,00002,Hofkirchen,13.115212,48.676627,0,0.000000,0.000000,,,0,0,0,0,,,1,NRT_6h,C059,Danube,DE,47525,47496,Danube,3,0,TRUE,1,1,1,1,1,1,299.6,TRUE,4547500,2847500,24,ID_2_202201181707.mod,,2,TRUE,1004,TRUE,Danube
EFAS,11,00003,Pfelling,12.747379,48.879843,0,0.000000,0.000000,,,0,0,0,0,,,1,NRT_6h,C362,Danube,DE,37725,37687,Danube,2,0,TRUE,1,1,1,1,1,1,310.25,FALSE,4517500,2867500,24,ID_3_202201181707.mod,Use 886 which has more data almost same location Same location as 886,3,TRUE,1004,TRUE,Danube
EFAS,11,00004,Barby,11.882244,51.984836,0,0.000000,0.000000,,,0,0,0,0,,,1,NRT_6h,C348,Elbe,DE,93975,94060,Elbe,3,0,TRUE,1,1,1,1,1,1,46.11,TRUE,4452500,3207500,24,ID_4_202201181707.mod,,4,TRUE,1004,TRUE,Elbe
EFAS,11,00005,Wittenberg / Lutherstadt,12.646309,51.856531,0,0.000000,0.000000,,,0,0,0,0,,,1,NRT_6h,C164,Elbe,DE,61675,61879,Elbe,3,0,TRUE,1,1,1,1,1,1,62.44,TRUE,4497500,3197500,24,ID_5_202201181707.mod,,5,TRUE,1004,TRUE,Elbe
EFAS,11,00006,Malliss OP,11.345254,53.190627,0,0.000000,0.000000,,,0,0,0,0,,,1,NRT_6h,C558,Elbe,DE,2900,2879,Elbe,0,0,TRUE,1,1,1,1,1,1,19.75,FALSE,4407500,3342500,24,ID_6_202201181716.mod,unrealistic low discharge same for daily data  possibly wrong location,6,TRUE,1004,TRUE,Muritz-Elde
EFAS,11,00007,Schnackenburg,11.569159,53.038253,0,0.000000,0.000000,,,0,0,0,0,,,1,,,Elbe,DE,125175,125482,Elbe,,0,FALSE,0,0,1,0,1,1,13.7,FALSE,4422500,3327500,,,No discharge data available for calibration period,7,FALSE,1004,FALSE,Elbe
EFAS,11,00008,Grosse Traenke Wehr UP,13.996386,52.369055,0,0.000000,0.000000,,,0,0,0,0,,,1,HIST_24h,,Elbe,DE,6625,6170.92,Elbe,0,0,TRUE,0,1,1,1,1,1,34.8,FALSE,4592500,3257500,,,oscillations doscharge is too low compared to size of catchment possibly wrong data,8,FALSE,1004,FALSE,Muggelspree
EFAS,11,00009,Rathenow UP,12.321014,52.607446,0,0.000000,0.000000,,,0,0,0,0,,,1,HIST_24h,C351,Elbe,DE,18875,19288.46,Elbe,3,0,TRUE,0,1,1,0,1,1,24.52,TRUE,4472500,3287500,24,,,9,FALSE,1004,FALSE,Lower Havel
EFAS,11,00010,Plau OP,12.259913,53.456704,0,0.000000,0.000000,,,0,0,0,0,,,1,NRT_6h,,Elbe,DE,1250,1230,Elbe,0,0,TRUE,1,1,1,1,1,1,60.16,FALSE,4467500,3377500,24,ID_10_202201181730.mod,low quality data  very small flow a   lake,10,TRUE,1004,TRUE,Muritz-Elde
EFAS,11,00011,Calbe Grizehne,11.812211,51.916414,0,0.000000,0.000000,,,0,0,0,0,,,1,NRT_6h,C169,Elbe,DE,23725,23719,Elbe,3,0,TRUE,1,1,1,1,1,1,49.36,TRUE,4442500,3202500,24,ID_11_202201181730.mod,,11,TRUE,1004,TRUE,Saale
EFAS,11,00012,Tangermuende,11.978054,52.541308,0,0.000000,0.000000,,,0,0,0,0,,,1,NRT_6h,C170,Elbe,DE,97875,97780,Elbe,3,0,TRUE,1,1,1,1,1,1,27.56,TRUE,4457500,3272500,24,ID_12_202201181730.mod,,12,TRUE,1004,TRUE,Elbe
EFAS,11,00013,Bernburg UP,11.735420,51.796794,0,0.000000,0.000000,,,0,0,0,0,,,1,NRT_6h,,Elbe,DE,19700,19660,Elbe,2,0,TRUE,1,1,1,1,1,1,55.11,FALSE,4442500,3187500,24,ID_13_202201181730.mod,Few outliers removed with qc close to 11,13,TRUE,1004,TRUE,Saale
EFAS,11,00014,Wittenberge,11.759441,52.985531,0,0.000000,0.000000,,,0,0,0,0,,,1,NRT_6h,C171,Elbe,DE,123300,123532,Elbe,3,0,TRUE,1,1,1,1,1,1,16.72,TRUE,4432500,3327500,24,ID_14_202201181730.mod,,14,TRUE,1004,TRUE,Elbe
EFAS,11,00015,Aken,12.058857,51.857869,0,0.000000,0.000000,,,0,0,0,0,,,1,NRT_6h,C349,Elbe,DE,69875,70093,Elbe,3,0,TRUE,1,1,1,1,1,1,50.2,TRUE,4457500,3202500,24,ID_15_202201181730.mod,,15,TRUE,1004,TRUE,Elbe
EFAS,11,00016,Magdeburg-Strombruecke,11.644332,52.129700,0,0.000000,0.000000,,,0,0,0,0,,,1,NRT_6h,,Elbe,DE,94975,94942,Elbe,2,0,TRUE,1,1,1,1,1,1,39.88,FALSE,4437500,3222500,24,ID_16_202201181730.mod,Close to 4,16,TRUE,1004,TRUE,Elbe
EFAS,11,00017,Havelberg Stadt,12.078040,52.824075,0,0.000000,0.000000,,,0,0,0,0,,,1,NRT_6h,,Elbe,DE,23550,23858,Elbe,1,0,TRUE,1,1,1,1,1,1,21.57,FALSE,4462500,3302500,24,ID_17_202201181730.mod,Outliers exclude 2013 flood  negative values removed with qc,17,TRUE,1004,TRUE,Lower Havel waterway
EFAS,11,00018,Halle-Trotha UP,11.954551,51.514254,0,0.000000,0.000000,,,0,0,0,0,,,1,NRT_6h,C350,Elbe,DE,18000,17988,Elbe,3,0,TRUE,1,1,1,1,1,1,69.34,TRUE,4457500,3157500,24,ID_18_202201181730.mod,small outliers,18,TRUE,1004,TRUE,Saale
EFAS,11,00019,Neu Darchau,10.888800,53.232262,0,0.000000,0.000000,,,0,0,0,0,,,1,NRT_6h,C172,Elbe,DE,131450,131950,Elbe,3,0,TRUE,1,1,1,1,1,1,5.68,TRUE,4377500,3352500,24,ID_19_202201181730.mod,,19,TRUE,1004,TRUE,Elbe
EFAS,11,00020,Schwedt-Oderbruecke,14.311627,53.035578,0,0.000000,0.000000,,,0,0,0,0,,,1,,,Oder,DE,112475,112950,Oder,,0,FALSE,0,0,1,0,1,1,-4.99,FALSE,4607500,3332500,,,No discharge data available for calibration period,20,FALSE,1004,FALSE,Oder
EFAS,11,00021,Eisenhuettenstadt,14.687965,52.153321,0,0.000000,0.000000,,,0,0,0,0,,,1,NRT_6h,C365,Oder,DE,51150,52033,Oder,3,0,TRUE,1,1,1,1,1,1,25.17,TRUE,4642500,3237500,24,ID_21_202201181734.mod,,21,TRUE,1004,TRUE,Oder
EFAS,11,00022,Kienitz,14.433228,52.679839,0,0.000000,0.000000,,,0,0,0,0,,,1,,,Oder,DE,109425,109093,Oder,,0,FALSE,0,0,1,0,1,1,5.2,FALSE,4622500,3292500,,,No discharge data available for calibration period,22,FALSE,1004,FALSE,Oder
EFAS,11,00023,Frankfurt (Oder),14.551714,52.357808,0,0.000000,0.000000,,,0,0,0,0,,,1,,,Oder,DE,51925,53580,Oder,,0,FALSE,0,0,1,0,1,1,17.19,FALSE,4632500,3262500,,,No discharge data available for calibration period,23,FALSE,1004,FALSE,Oder
EFAS,11,00024,Stuetzkow,14.193350,52.983722,0,0.000000,0.000000,,,0,0,0,0,,,1,,,Oder,DE,112450,112143,Oder,,0,FALSE,0,0,1,0,1,1,-5,FALSE,4602500,3327500,,,No discharge data available for calibration period,24,FALSE,1004,FALSE,Oder
EFAS,11,00025,Kietz,14.630298,52.577597,0,0.000000,0.000000,,,0,0,0,0,,,1,,,Oder,DE,52450,53752,Oder,,0,FALSE,0,0,1,0,1,1,8.69,FALSE,4637500,3282500,,,No discharge data available for calibration period,25,FALSE,1004,FALSE,Oder
EFAS,11,00026,Hohensaaten-Finow,14.141123,52.864739,0,0.000000,0.000000,,,0,0,0,0,,,1,NRT_6h,C178,Oder,DE,109875,109564,Oder,3,0,TRUE,1,1,1,1,1,1,0.16,TRUE,4602500,3307500,24,ID_26_202201181734.mod,,26,TRUE,1004,TRUE,Oder
EFAS,11,00027,Leun (Neu),8.355275,50.545134,0,0.000000,0.000000,,,0,0,0,0,,,1,NRT_6h,C338,Rhine,DE,3575,3571,Rhine,3,0,TRUE,1,1,1,1,1,1,135,TRUE,4207500,3047500,24,ID_27_202201181748.mod,,27,TRUE,1004,TRUE,Lahn
EFAS,11,00028,Maxau,8.305614,49.038957,0,0.000000,0.000000,,,0,0,0,0,,,1,HIST_6h,,Rhine,DE,50425,50196,Rhine,1,0,TRUE,1,1,1,1,1,1,97.79,FALSE,4192500,2877500,24,ID_28_202201181748.mod,Limited data period,28,TRUE,1004,TRUE,Rhine
EFAS,11,00029,Raunheim,8.448320,50.016130,0,0.000000,0.000000,,,0,0,0,0,,,1,NRT_6h,,Rhine,DE,27100,27142,Rhine,0,0,TRUE,1,1,1,1,1,1,82.9,FALSE,4207500,2987500,24,ID_29_202201181748.mod,oscillations jumps missing data,29,TRUE,1004,TRUE,Main
EFAS,11,00030,Plittersdorf,8.135974,48.885937,0,0.000000,0.000000,,,0,0,0,0,,,1,NRT_6h,,Rhine,DE,48500,48276,Rhine,3,0,TRUE,1,1,1,1,1,1,106.76,TRUE,4182500,2862500,24,ID_30_202201181748.mod,,30,TRUE,1004,TRUE,Rhine
EFAS,11,00031,Frankfurt-Osthafen,8.715027,50.105711,0,0.000000,0.000000,,,0,0,0,0,,,1,NRT_6h,C211,Rhine,DE,24775,24764,Rhine,1,0,TRUE,1,1,1,1,1,1,90.64,FALSE,4222500,2997500,24,ID_31_202201181748.mod,Quite large oscillations in low flow  no large flood peaks could use hist_24 instead,31,TRUE,1004,TRUE,Main
EFAS,11,00032,Perl,6.369075,49.472537,0,0.000000,0.000000,,,0,0,0,0,,,1,NRT_6h,C207,Rhine,DE,11525,11522,Rhine,3,0,TRUE,1,1,1,1,1,1,138.5,TRUE,4057500,2942500,24,ID_32_202201181753.mod,Use after 03-2013  Outliers removed with qcc and small oscillations zeros,32,TRUE,1004,TRUE,Moselle
EFAS,11,00033,Plochingen,9.419239,48.707411,0,0.000000,0.000000,,,0,0,0,0,,,1,NRT_6h,C342,Rhine,DE,3975,3995,Rhine,3,0,TRUE,1,1,1,1,1,1,245.9,TRUE,4277500,2842500,24,ID_33_202201181753.mod,,33,TRUE,1004,TRUE,Neckar
EFAS,11,00034,Schweinfurt Neuer Hafen,10.220745,50.031183,0,0.000000,0.000000,,,0,0,0,0,,,1,NRT_6h,,Rhine,DE,12825,12715,Rhine,1,0,TRUE,1,1,1,1,1,1,204.04,FALSE,4332500,2982500,24,ID_34_202201181753.mod,Outliers  small oscillations  zeros  qc,34,TRUE,1004,TRUE,Main
EFAS,11,00035,Kleinheubach,9.233046,49.713596,0,0.000000,0.000000,,,0,0,0,0,,,1,NRT_6h,C335,Rhine,DE,21550,21505,Rhine,0,0,TRUE,1,1,1,1,1,1,119.62,FALSE,4262500,2957500,24,ID_35_202201181753.mod,Wrong hydrometric zero or wrong rating curve  could use hist_24 instead,35,TRUE,1004,TRUE,Main
EFAS,11,00036,Kaub,7.764994,50.085407,0,0.000000,0.000000,,,0,0,0,0,,,1,NRT_6h,C202,Rhine,DE,103525,103488,Rhine,3,0,TRUE,1,1,1,1,1,1,67.68,TRUE,4162500,2992500,24,ID_36_202201181756.mod,,36,TRUE,1004,TRUE,Rhine
EFAS,11,00037,Obernau,9.129109,49.933776,0,0.000000,0.000000,,,0,0,0,0,,,1,,,Rhine,DE,22275,22300,Rhine,,0,FALSE,0,0,1,0,1,1,107.8,FALSE,4257500,2977500,,,No discharge data available for calibration period,37,FALSE,1004,FALSE,Main
EFAS,11,00038,Cochem,7.168310,50.143322,0,0.000000,0.000000,,,0,0,0,0,,,1,NRT_6h,C208,Rhine,DE,27025,27088,Rhine,3,0,TRUE,1,1,1,1,1,1,77,TRUE,4122500,3007500,24,ID_38_202201181756.mod,,38,TRUE,1004,TRUE,Moselle
EFAS,11,00039,Trunstadt,10.755240,49.929680,0,0.000000,0.000000,,,0,0,0,0,,,1,NRT_6h,,Rhine,DE,11950,12010,Rhine,3,0,TRUE,1,1,1,1,1,1,223.4,TRUE,4372500,2982500,24,ID_39_202201181756.mod,Outliers  zeros removed with qc,39,TRUE,1004,TRUE,Main
EFAS,11,00040,Koeln,6.963322,50.936914,0,0.000000,0.000000,,,0,0,0,0,,,1,NRT_6h,,Rhine,DE,144150,144231.54,Rhine,2,0,TRUE,1,1,1,1,1,1,34.97,FALSE,4107500,3092500,24,ID_40_202201181758.mod,Few outliers removed with qc close to 58 and 62,40,TRUE,1004,TRUE,Rhine
EFAS,11,00041,Oberwinter,7.215007,50.601027,0,0.000000,0.000000,,,0,0,0,0,,,1,,,Rhine,DE,140625,140738,Rhine,,0,FALSE,0,0,1,0,1,1,47.13,FALSE,4122500,3057500,,,No discharge data available for calibration period,41,FALSE,1004,FALSE,Rhine
EFAS,11,00042,Kalkofen (Neu),7.889898,50.317832,0,0.000000,0.000000,,,0,0,0,0,,,1,NRT_6h,,Rhine,DE,5275,5304,Rhine,3,0,TRUE,1,1,1,1,1,1,86.39,TRUE,4172500,3027500,24,ID_42_202201181758.mod,,42,TRUE,1004,TRUE,Lahn
EFAS,11,00043,Wuerzburg,9.926005,49.796189,0,0.000000,0.000000,,,0,0,0,0,,,1,NRT_6h,C340,Rhine,DE,14125,14031,Rhine,2,0,TRUE,1,1,1,1,1,1,164.55,FALSE,4317500,2967500,24,ID_43_202201181815.mod,Outliers  zeros removed with qc  small oscillations  close to 39 and 59,43,TRUE,1004,TRUE,Main
EFAS,11,00044,Ruwer,6.704270,49.783015,0,0.000000,0.000000,,,0,0,0,0,,,1,,,Rhine,DE,23975,23883,Rhine,,0,FALSE,0,0,1,0,1,1,121,FALSE,4082500,2967500,,,No discharge data available for calibration period,44,FALSE,1004,FALSE,Moselle
EFAS,11,00045,Worms,8.377548,49.631858,0,0.000000,0.000000,,,0,0,0,0,,,1,NRT_6h,C204,Rhine,DE,68950,68936,Rhine,3,0,TRUE,1,1,1,1,1,1,84.16,TRUE,4202500,2947500,24,ID_45_202201181815.mod,,45,TRUE,1004,TRUE,Rhine
EFAS,11,00046,Emmerich,6.245604,51.829213,0,0.000000,0.000000,,,0,0,0,0,,,1,NRT_6h,,Rhine,DE,159550,159555,Rhine,2,0,TRUE,1,1,1,1,1,1,8,FALSE,4057500,3197500,24,ID_46_202201181824.mod,Close to 153,46,TRUE,1004,TRUE,Rhine
EFAS,11,00047,Ruhrort,6.727942,51.455309,0,0.000000,0.000000,,,0,0,0,0,,,1,NRT_6h,,Rhine,DE,152875,153176,Rhine,3,0,TRUE,1,1,1,1,1,1,16.09,TRUE,4092500,3157500,24,ID_47_202201181824.mod,,47,TRUE,1004,TRUE,Rhine
EFAS,11,00048,Rees,6.395703,51.756915,0,0.000000,0.000000,,,0,0,0,0,,,1,NRT_6h,,Rhine,DE,159400,159683,Rhine,2,0,TRUE,1,1,1,1,1,1,8.73,FALSE,4067500,3192500,24,ID_48_202201181824.mod,Close to 153,48,TRUE,1004,TRUE,Rhine
EFAS,11,00049,Mainz,8.275352,50.003966,0,0.000000,0.000000,,,0,0,0,0,,,1,NRT_6h,C333,Rhine,DE,98300,98206,Rhine,3,0,TRUE,1,1,1,1,1,1,80.4,TRUE,4197500,2987500,24,ID_49_202201181826.mod,,49,TRUE,1004,TRUE,Rhine
EFAS,11,00050,Koblenz,7.604770,50.358608,0,0.000000,0.000000,,,0,0,0,0,,,1,HIST_24h,,Rhine,DE,109850,109806,Rhine,3,0,TRUE,0,1,1,0,1,1,57.67,TRUE,4147500,3027500,24,,,50,FALSE,1004,FALSE,Rhine
EFAS,11,00051,St.Arnual,7.022796,49.214863,0,0.000000,0.000000,,,0,0,0,0,,,1,HIST_6h,,Rhine,DE,3900,3945,Rhine,1,0,TRUE,1,1,1,1,1,1,183.25,FALSE,4102500,2902500,24,ID_51_202201181826.mod,Limited data period,51,TRUE,1004,TRUE,Saar
EFAS,11,00052,Kehl-Kronenhof,7.806693,48.563364,0,0.000000,0.000000,,,0,0,0,0,,,1,NRT_6h,,Rhine,DE,39525,39330,Rhine,0,0,TRUE,1,1,1,1,1,1,133,FALSE,4157500,2832500,24,ID_52_202201181826.mod,Large Oscillations   change in low flow,52,TRUE,1004,TRUE,Rhine
EFAS,11,00053,Diez Hafen,8.004968,50.371941,0,0.000000,0.000000,,,0,0,0,0,,,1,NRT_6h,,Rhine,DE,4900,4907,Rhine,2,0,TRUE,1,1,1,1,1,1,101.26,FALSE,4182500,3032500,24,ID_53_202201181826.mod,close to 42,53,TRUE,1004,TRUE,Lahn
EFAS,11,00054,Wesel,6.606833,51.646106,0,0.000000,0.000000,,,0,0,0,0,,,1,NRT_6h,,Rhine,DE,154150,154528,Rhine,1,0,TRUE,1,1,1,1,1,1,11.2,FALSE,4087500,3172500,24,ID_54_202201181824.mod,Limited data period,54,TRUE,1004,TRUE,Rhine
EFAS,11,00055,Bingen,7.899702,49.970312,0,0.000000,0.000000,,,0,0,0,0,,,1,,,Rhine,DE,99225,99090,Rhine,,0,FALSE,0,0,1,0,1,1,76.18,FALSE,4172500,2987500,,,No discharge data available for calibration period,55,FALSE,1004,FALSE,Rhine
EFAS,11,00056,Oestrich,8.030081,50.002836,0,0.000000,0.000000,,,0,0,0,0,,,1,,,Rhine,DE,98675,98600,Rhine,,0,FALSE,0,0,1,0,1,1,77.56,FALSE,4182500,2987500,,,No discharge data available for calibration period,56,FALSE,1004,FALSE,Rhine
EFAS,11,00057,Andernach,7.392084,50.443357,0,0.000000,0.000000,,,0,0,0,0,,,1,NRT_6h,,Rhine,DE,139600,139549,Rhine,2,0,TRUE,1,1,1,1,1,1,51.47,FALSE,4132500,3042500,24,ID_57_202201181826.mod,Few outliers removed with qc close to 62,57,TRUE,1004,TRUE,Rhine
EFAS,11,00058,Düsseldorf,6.769909,51.225463,0,0.000000,0.000000,,,0,0,0,0,,,1,NRT_6h,C203,Rhine,DE,147750,147680.43,Rhine,3,0,TRUE,1,1,1,1,1,1,24.48,TRUE,4092500,3127500,24,ID_58_202201181824.mod,,58,TRUE,1004,TRUE,Rhine
EFAS,11,00059,Steinbach,9.603710,50.009961,0,0.000000,0.000000,,,0,0,0,0,,,1,NRT_6h,,Rhine,DE,17925,17914.2,Rhine,3,0,TRUE,1,1,1,1,1,1,146.33,TRUE,4297500,2992500,24,ID_59_202201181828.mod,,59,TRUE,1004,TRUE,Main
EFAS,11,00060,Fremersdorf,6.648444,49.408914,0,0.000000,0.000000,,,0,0,0,0,,,1,NRT_6h,C214,Rhine,DE,7025,6983,Rhine,3,0,TRUE,1,1,1,1,1,1,165.5,TRUE,4077500,2932500,24,ID_60_202201181828.mod,,60,TRUE,1004,TRUE,Saar
EFAS,11,00061,Gundelsheim UP,9.153664,49.281374,0,0.000000,0.000000,,,0,0,0,0,,,1,,,Rhine,DE,12475,12332,Rhine,,0,FALSE,0,0,1,0,1,1,136.63,FALSE,4257500,2907500,,,No discharge data available for calibration period,61,FALSE,1004,FALSE,Neckar
EFAS,11,00062,Bonn,7.108070,50.736364,0,0.000000,0.000000,,,0,0,0,0,,,1,NRT_6h,,Rhine,DE,140775,140901,Rhine,3,0,TRUE,1,1,1,1,1,1,42.66,TRUE,4117500,3072500,24,ID_62_202201181846.mod,,62,TRUE,1004,TRUE,Rhine
EFAS,11,00063,Speyer,8.448760,49.323786,0,0.000000,0.000000,,,0,0,0,0,,,1,NRT_6h,C334,Rhine,DE,53250,53131,Rhine,3,0,TRUE,1,1,1,1,1,1,88.51,TRUE,4212500,2917500,24,ID_63_202201181849.mod,,63,TRUE,1004,TRUE,Rhine
EFAS,11,00064,Heidelberg UP,8.717778,49.414661,0,0.000000,0.000000,,,0,0,0,0,,,1,HIST_24h,,Rhine,DE,13900,13783,Rhine,0,0,TRUE,0,1,1,1,1,1,103.26,FALSE,4227500,2922500,,,Almost same location as 932  wrong hydrometric zero,64,FALSE,1004,FALSE,Neckar
EFAS,11,00065,Nierstein-Oppenheim,8.352440,49.864958,0,0.000000,0.000000,,,0,0,0,0,,,1,,,Rhine,DE,70500,70387,Rhine,,0,FALSE,0,0,1,0,1,1,80.19,FALSE,4202500,2972500,,,No discharge data available for calibration period,65,FALSE,1004,FALSE,Rhine
EFAS,11,00066,Mannheim,8.454130,49.484760,0,0.000000,0.000000,,,0,0,0,0,,,1,,,Rhine,DE,54175,54017,Rhine,,0,FALSE,0,0,1,0,1,1,85.16,FALSE,4207500,2927500,,,No discharge data available for calibration period,66,FALSE,1004,FALSE,Rhine
EFAS,11,00067,Breisach,7.572627,48.043177,0,0.000000,0.000000,,,0,0,0,0,,,1,HIST_24h,,Rhine,DE,37575,37575,Rhine,3,0,TRUE,0,1,1,1,1,1,191.85,TRUE,4142500,2777500,24,,,67,FALSE,1004,FALSE,Rhine
EFAS,11,00068,Rheinweiler,7.529335,47.711025,0,0.000000,0.000000,,,0,0,0,0,,,1,NRT_6h,,Rhine,DE,36650,36649,Rhine,0,0,TRUE,1,1,1,1,1,1,217.24,FALSE,4137500,2737500,24,ID_68_202201181849.mod,Extremely low discharge possibly wrong location or wrong rating curve,68,TRUE,1004,TRUE,Rhine
EFAS,11,00069,Erlln,12.813374,51.155168,0,0.000000,0.000000,,,0,0,0,0,,,0,HIST_24h,,Elbe,DE,5375,2983,Elbe,2,0,TRUE,0,1,1,1,1,0,133.03,FALSE,4517500,3117500,24,,Moved on Elbe main stream  close to 82,69,FALSE,1007,FALSE,Freiberger Mulde
EFAS,11,00071,Kriebstein UP,13.021570,51.055167,0,0.000000,0.000000,,,0,0,0,0,,,1,NRT_6h,,Elbe,DE,1800,1757,Elbe,3,0,TRUE,1,1,1,1,1,1,182.84,TRUE,4532500,3112500,24,ID_71_202201181849.mod,Dam,71,TRUE,1007,TRUE,Zschopau
EFAS,11,00073,Zwickau-Poelbitz,12.493595,50.740921,0,0.000000,0.000000,,,0,0,0,0,,,1,NRT_6h,,Elbe,DE,1025,1030,Elbe,3,0,TRUE,1,1,1,1,1,1,255.21,TRUE,4497500,3072500,24,ID_73_202201181853.mod,,73,TRUE,1007,TRUE,Zwickauer Mulde
EFAS,11,00074,Wolkenburg,12.671394,50.901464,0,0.000000,0.000000,,,0,0,0,0,,,1,NRT_6h,,Elbe,DE,1400,1416.38,Elbe,2,0,TRUE,1,1,1,1,1,1,207.78,FALSE,4507500,3087500,24,ID_74_202201181853.mod,Outliers  zeros  negative values removed with qc close to 73,74,TRUE,1007,TRUE,Zwickauer Mulde
EFAS,11,00075,Wechselburg 1,12.772535,51.006848,0,0.000000,0.000000,,,0,0,0,0,,,1,NRT_6h,,Elbe,DE,2125,2107,Elbe,2,0,TRUE,1,1,1,1,1,1,159.72,FALSE,4517500,3102500,24,ID_75_202201181853.mod,close to 80,75,TRUE,1007,TRUE,Zwickauer Mulde
EFAS,11,00076,Riesa,13.293276,51.311490,0,0.000000,0.000000,,,0,0,0,0,,,1,NRT_6h,,Elbe,DE,54450,54485,Elbe,2,0,TRUE,1,1,1,1,1,1,88.03,FALSE,4552500,3137500,24,ID_76_202201181902.mod,Few outliers on 2013 flood  zeros  close to 78,76,TRUE,1007,TRUE,Elbe
EFAS,11,00077,Muehlberg,13.190925,51.437427,0,0.000000,0.000000,,,0,0,0,0,,,1,HIST_24h,,Elbe,DE,55075,55030,Elbe,0,0,TRUE,0,1,1,0,1,1,81.68,FALSE,4542500,3152500,,,Extremely low discharge conpared to catchment size  Possibly wrong location or wrong data,77,FALSE,1004,FALSE,Elbe
EFAS,11,00078,Torgau,13.010120,51.553713,0,0.000000,0.000000,,,0,0,0,0,,,1,NRT_6h,C163,Elbe,DE,55150,55211,Elbe,3,0,TRUE,1,1,1,1,1,1,75.18,TRUE,4532500,3157500,24,ID_78_202201181902.mod,,78,TRUE,1007,TRUE,Elbe
EFAS,11,00079,Lichtenwalde 1,13.020015,50.886191,0,0.000000,0.000000,,,0,0,0,0,,,1,NRT_6h,,Elbe,DE,1600,1575,Elbe,3,0,TRUE,1,1,1,1,1,1,251.91,TRUE,4532500,3092500,24,ID_79_202201181855.mod,,79,TRUE,1007,TRUE,Zschopau
EFAS,11,00080,Colditz,12.806467,51.121355,0,0.000000,0.000000,,,0,0,0,0,,,1,NRT_6h,,Elbe,DE,2325,2326,Elbe,3,0,TRUE,1,1,1,1,1,1,139.17,TRUE,4517500,3112500,24,ID_80_202201181855.mod,,80,TRUE,1007,TRUE,Zwickauer Mulde
EFAS,11,00081,Kleindalzig,12.291583,51.210414,0,0.000000,0.000000,,,0,0,0,0,,,1,NRT_6h,,Elbe,DE,2975,2891,Elbe,3,0,TRUE,1,1,1,1,1,1,119.55,TRUE,4482500,3122500,24,ID_81_202201181855.mod,zeros removed with qc,81,TRUE,1007,TRUE,White Elster
EFAS,11,00082,Golzern 1,12.777398,51.253004,0,0.000000,0.000000,,,0,0,0,0,,,1,NRT_6h,C165,Elbe,DE,5500,5442,Elbe,3,0,TRUE,1,1,1,1,1,1,117.7,TRUE,4512500,3127500,24,ID_82_202201181902.mod,,82,TRUE,1007,TRUE,United Mulde
EFAS,11,00083,Bad Dueben 1,12.580715,51.590779,0,0.000000,0.000000,,,0,0,0,0,,,1,NRT_6h,C353,Elbe,DE,6050,6171,Elbe,3,0,TRUE,1,1,1,1,1,1,81.5,TRUE,4502500,3162500,24,ID_83_202201181902.mod,,83,TRUE,1007,TRUE,United Mulde
EFAS,11,00084,Oberthau,12.147231,51.384405,0,0.000000,0.000000,,,0,0,0,0,,,0,NRT_6h,,Elbe,DE,4950,4939,Elbe,3,0,TRUE,0,1,1,1,1,0,87.27,TRUE,4477500,3142500,24,,,84,FALSE,1007,FALSE,White Elster
EFAS,11,00085,Boehlen 1,12.387218,51.211917,0,0.000000,0.000000,,,0,0,0,0,,,1,NRT_6h,,Elbe,DE,1400,1359,Elbe,3,0,TRUE,1,1,1,1,1,1,120.9,TRUE,4487500,3132500,24,ID_85_202201181908.mod,,85,TRUE,1007,TRUE,Pleisse
EFAS,11,00086,Neuwiese,14.197033,51.476458,0,0.000000,0.000000,,,0,0,0,0,,,1,NRT_6h,,Elbe,DE,675,669,Elbe,3,0,TRUE,1,1,0,1,1,1,109.72,TRUE,4617500,3157500,24,ID_86_202201181908.mod,,86,TRUE,1007,TRUE,Blacl Elster
EFAS,11,00087,Schoena,14.235233,50.875791,0,0.000000,0.000000,,,0,0,0,0,,,1,NRT_6h,,Elbe,DE,51400,51391,Elbe,3,0,TRUE,1,1,1,1,1,1,116.21,TRUE,4617500,3092500,24,ID_87_202201181916.mod,,87,TRUE,1007,TRUE,Elbe
EFAS,11,00088,Pirna,13.933004,50.964500,0,0.000000,0.000000,,,0,0,0,0,,,1,,,Elbe,DE,52000,52080,Elbe,,0,TRUE,0,0,1,1,1,1,108.06,FALSE,4607500,3102500,,,No discharge data available for calibration period,88,FALSE,1007,FALSE,Elbe
EFAS,11,00089,Dresden,13.738831,51.054481,0,0.000000,0.000000,,,0,0,0,0,,,1,NRT_6h,C155,Elbe,DE,53125,53096,Elbe,3,0,TRUE,1,1,1,1,1,1,102.73,TRUE,4582500,3112500,24,ID_89_202201181916.mod,,89,TRUE,1007,TRUE,Elbe
EFAS,11,00090,Meissen,13.474611,51.164463,0,0.000000,0.000000,,,0,0,0,0,,,1,,,Elbe,DE,53950,53885,Elbe,,0,TRUE,0,0,1,1,1,1,94.84,FALSE,4562500,3122500,,,No discharge data available for calibration period,90,FALSE,1007,FALSE,Elbe
EFAS,11,00091,Podrosche 3,14.946656,51.471870,0,0.000000,0.000000,,,0,0,0,0,,,1,NRT_6h,,Oder,DE,2100,2173,Oder,2,0,TRUE,1,1,0,1,1,1,120.6,FALSE,4657500,3167500,24,ID_91_202201181908.mod,close to 150,91,TRUE,1007,TRUE,Lusatian Neisse
EFAS,11,00092,Sprey,14.522407,51.430489,0,0.000000,0.000000,,,0,0,0,0,,,1,NRT_6h,,Elbe,DE,1650,1596,Elbe,2,0,TRUE,1,1,0,1,1,1,114.11,FALSE,4637500,3152500,24,ID_92_202201181908.mod,close to 93,92,TRUE,1007,TRUE,Spree
EFAS,11,00093,Spreewitz,14.404286,51.510861,0,0.000000,0.000000,,,0,0,0,0,,,1,NRT_6h,,Elbe,DE,2100,2033,Elbe,3,0,TRUE,1,1,0,1,1,1,99.03,TRUE,4632500,3162500,24,ID_93_202201181912.mod,,93,TRUE,1007,TRUE,Spree
EFAS,11,00094,Goerlitz,14.993189,51.161195,0,0.000000,0.000000,,,0,0,0,0,,,1,NRT_6h,,Oder,DE,1600,1621,Oder,3,0,TRUE,1,1,0,1,1,1,175.63,TRUE,4672500,3127500,24,ID_94_202201181912.mod,,94,TRUE,1007,TRUE,Lusatian Neisse
EFAS,11,00095,Gornja Radgona,15.995600,46.681100,0,0.000000,0.000000,,,0,0,0,0,,,1,HIST_6h,,Danube,SI,10200,10197.2,Danube,3,0,TRUE,1,1,0,1,1,1,202.34,TRUE,4772500,2642500,24,ID_95_202201181916.mod,,95,TRUE,1005,TRUE,Mur
EFAS,11,00096,Ptuj,15.867500,46.416900,0,0.000000,0.000000,,,0,0,0,0,,,1,HIST_6h,,Danube,SI,13750,13664.1,Danube,3,0,TRUE,1,1,0,1,1,1,214.62,TRUE,4767500,2612500,24,ID_96_202201181916.mod,Dams  strongly regulated,96,TRUE,1005,TRUE,Drava
EFAS,11,00097,Borl,15.996200,46.371000,0,0.000000,0.000000,,,0,0,0,0,,,1,HIST_6h,,Danube,SI,14775,14661.5,Danube,0,0,TRUE,1,1,0,1,1,1,201.49,FALSE,4777500,2602500,24,ID_97_202201181916.mod,Discharge is too small compared to catchment area wrong location,97,TRUE,1005,TRUE,Drava
EFAS,11,00098,Radovljica,14.165400,46.340000,0,0.000000,0.000000,,,0,0,0,0,,,1,HIST_6h,C371,Danube,SI,900,907.97,Danube,3,0,TRUE,1,1,0,1,1,1,408.09,TRUE,4642500,2587500,24,ID_98_202201181916.mod,Use after 01-2014 oscillations in low flow,98,TRUE,1005,TRUE,Sava
EFAS,11,00099,Medno,14.440500,46.122500,0,0.000000,0.000000,,,0,0,0,0,,,1,HIST_6h,,Danube,SI,2125,2201.45,Danube,3,0,TRUE,1,1,0,1,1,1,300.27,TRUE,4667500,2567500,24,ID_99_202201181916.mod,Dam,99,TRUE,1005,TRUE,Sava
EFAS,11,00100,Å Entjakob,14.582400,46.084000,0,0.000000,0.000000,,,0,0,0,0,,,1,HIST_6h,,Danube,SI,2150,2284.8,Danube,1,0,TRUE,1,1,0,1,1,1,268.19,FALSE,4672500,2562500,24,ID_100_202202011130.mod,oscillation in low flow almost same location as 99 and almost same data   use 99,100,TRUE,1005,TRUE,Sava
EFAS,11,00101,Hrastnik,15.090600,46.122000,0,0.000000,0.000000,,,0,0,0,0,,,1,HIST_6h,C370,Danube,SI,5200,5176.79,Danube,3,0,TRUE,1,1,0,1,1,1,193.85,TRUE,4717500,2567500,24,ID_101_202201181916.mod,,101,TRUE,1005,TRUE,Sava
EFAS,11,00102,Jesenice na Dolenjskem,15.692500,45.860500,0,0.000000,0.000000,,,0,0,0,0,,,1,HIST_6h,,Danube,SI,10675,10881.64,Danube,3,0,TRUE,1,1,0,1,1,1,129.43,TRUE,4767500,2542500,24,ID_102_202201181920.mod,,102,TRUE,1005,TRUE,Sava
EFAS,11,00103,Moste,14.544400,46.055400,0,0.000000,0.000000,,,0,0,0,0,,,1,HIST_6h,C374,Danube,SI,1825,1762.32,Danube,3,0,TRUE,1,1,0,1,1,1,281.29,TRUE,4667500,2557500,24,ID_103_202201181920.mod,,103,TRUE,1005,TRUE,Ljubljanica
EFAS,11,00104,Medlog,15.220400,46.233200,0,0.000000,0.000000,,,0,0,0,0,,,1,HIST_6h,,Danube,SI,1000,1037.1,Danube,3,0,TRUE,0,1,0,1,1,1,238.16,TRUE,4722500,2582500,24,,,104,FALSE,1005,FALSE,Savinja
EFAS,11,00105,Laško,15.233600,46.154000,0,0.000000,0.000000,,,0,0,0,0,,,1,HIST_6h,,Danube,SI,1675,1663.6,Danube,3,0,TRUE,1,1,0,1,1,1,215.03,TRUE,4727500,2572500,24,ID_105_202201181928.mod,,105,TRUE,1005,TRUE,Savinja
EFAS,11,00106,Veliko Širje,15.192400,46.091900,0,0.000000,0.000000,,,0,0,0,0,,,1,HIST_6h,C373,Danube,SI,1700,1841.9,Danube,2,0,TRUE,1,1,0,1,1,1,189.96,FALSE,4722500,2572500,24,ID_106_202201181928.mod,almost same location as 105 and almost same data   use 105,106,TRUE,1005,TRUE,Savinja
EFAS,11,00107,Podbočje,15.455500,45.864400,0,0.000000,0.000000,,,0,0,0,0,,,1,HIST_6h,C372,Danube,SI,1875,2238.12,Danube,3,0,TRUE,1,1,0,1,1,1,146.32,TRUE,4747500,2547500,24,ID_107_202201181929.mod,use after 02-1998,107,TRUE,1005,TRUE,Krka
EFAS,11,00108,Solkan,13.655170,45.981620,0,0.000000,0.000000,,,0,0,0,0,,,1,HIST_6h,C377,Soca/Isonzo,SI,1550,1572.8,Isonzo,3,0,TRUE,1,1,0,1,1,1,51.84,TRUE,4602500,2542500,24,ID_108_202201181941.mod,,108,TRUE,1005,TRUE,Soca
EFAS,11,00109,Bollendorf,6.359171,49.850921,0,0.000000,0.000000,,,0,0,0,0,,,1,HIST_6h,,Rhine,DE,3250,3222,Rhine,3,0,TRUE,1,1,0,1,1,1,170,TRUE,4062500,2972500,24,ID_109_202201181943.mod,,109,TRUE,1010,TRUE,Sauer
EFAS,11,00110,Boos,7.720027,49.780141,0,0.000000,0.000000,,,0,0,0,0,,,1,HIST_6h,,Rhine,DE,2850,2832,Rhine,2,0,TRUE,1,1,0,1,1,1,128.06,FALSE,4157500,2967500,24,ID_110_202201181948.mod,Close to 112,110,TRUE,1010,TRUE,Nahe
EFAS,11,00111,Dietersheim,7.903167,49.940455,0,0.000000,0.000000,,,0,0,0,0,,,1,HIST_6h,,Rhine,DE,4025,4037,Rhine,2,0,TRUE,1,1,0,1,1,1,80.72,FALSE,4172500,2982500,24,ID_111_202201181951.mod,Same as 112  use 112,111,TRUE,1010,TRUE,Nahe
EFAS,11,00112,Grolsheim,7.911185,49.911398,0,0.000000,0.000000,,,0,0,0,0,,,0,HIST_6h,C332,Rhine,DE,4000,4013,Rhine,3,0,TRUE,0,1,0,1,1,0,84.63,TRUE,4172500,2977500,24,,,112,FALSE,1010,FALSE,Nahe
EFAS,11,00113,Martinstein,7.536000,49.803795,0,0.000000,0.000000,,,0,0,0,0,,,1,HIST_6h,,Rhine,DE,1525,1468,Rhine,3,0,TRUE,1,1,0,1,1,1,164.1,TRUE,4142500,2967500,24,ID_113_202201181952.mod,,113,TRUE,1010,TRUE,Nahe
EFAS,11,00114,Odenbach,7.652247,49.688920,0,0.000000,0.000000,,,0,0,0,0,,,1,HIST_6h,,Rhine,DE,1075,1085.53,Rhine,3,0,TRUE,1,1,0,1,1,1,147.75,TRUE,4152500,2952500,24,ID_114_202201181952.mod,,114,TRUE,1010,TRUE,Glan
EFAS,11,00117,Bad Vilbel,8.741063,50.182246,0,0.000000,0.000000,,,0,0,0,0,,,1,HIST_6h,,Rhine,DE,1575,1619.3,Rhine,3,0,TRUE,1,1,0,1,1,1,102.51,TRUE,4232500,3007500,24,ID_117_202201181954.mod,,117,TRUE,1009,TRUE,Nidda
EFAS,11,00118,Hanau,8.945810,50.132084,0,0.000000,0.000000,,,0,0,0,0,,,1,HIST_6h,C749,Rhine,DE,900,921.2,Rhine,3,0,TRUE,1,1,0,1,1,1,101.53,TRUE,4247500,3002500,24,ID_118_202201181958.mod,,118,TRUE,1009,TRUE,Kinzig
EFAS,11,00119,Ilbenstadt,8.795510,50.283039,0,0.000000,0.000000,,,0,0,0,0,,,1,HIST_6h,,Rhine,DE,1075,1072.6,Rhine,2,0,TRUE,1,1,0,1,1,1,113.43,FALSE,4232500,3017500,24,ID_119_202201181958.mod,Close to 117,119,TRUE,1009,TRUE,Nidda
EFAS,11,00120,Marburg,8.764476,50.798714,0,0.000000,0.000000,,,0,0,0,0,,,1,HIST_6h,,Rhine,DE,1675,1666.2,Rhine,3,0,TRUE,1,1,0,1,1,1,173.67,TRUE,4237500,3082500,24,ID_120_202201181958.mod,,120,TRUE,1009,TRUE,Lahn
EFAS,11,00121,Faulbach,9.438863,49.784963,0,0.000000,0.000000,,,0,0,0,0,,,1,,,Rhine,DE,20675,20730,Elbe,,0,FALSE,0,0,0,0,1,1,128.29,FALSE,4282500,2962500,,,No discharge data available for calibration period,121,FALSE,1004,FALSE,Main
EFAS,11,00122,Porttipahta,26.745701,67.962722,0,0.000000,0.000000,,,0,0,0,0,,,1,NRT_6h,,Kemijoki,FI,2100,4868,Kemijoki,0,0,TRUE,1,1,0,1,0,0,240,FALSE,5022500,5062500,24,ID_122_202201182003.mod,dam  low data quality,122,TRUE,1011,TRUE,Kitinen
EFAS,11,00123,"Kitinen, Kokkosniva",27.323837,67.222288,0,0.000000,0.000000,,,0,0,0,0,,,1,NRT_6h,C607,Kemijoki,FI,6575,9820,Kemijoki,3,0,TRUE,1,1,0,1,0,0,155,TRUE,5072500,4992500,24,ID_123_202201182003.mod,oscillations in low flow  dam strongly regulated,123,TRUE,1011,TRUE,Kitinen
EFAS,11,00124,Jumisko,27.781951,66.515144,0,0.000000,0.000000,,,0,0,0,0,,,1,NRT_6h,,Kemijoki,FI,1300,1283,Kemijoki,0,0,TRUE,1,1,0,1,0,0,160,FALSE,5112500,4922500,24,ID_124_202201182003.mod,large oscillations low quality data,124,TRUE,1011,TRUE,Jumiskonjoki
EFAS,11,00125,Kemihaara,27.785512,67.198533,0,0.000000,0.000000,,,0,0,0,0,,,0,HIST_24h,C608,Kemijoki,FI,10325,8538,Kemijoki,3,0,TRUE,0,1,0,1,0,0,155,TRUE,5092500,5002500,24,,,125,FALSE,1011,FALSE,Kemijoki
EFAS,11,00126,Seitakorva,27.352968,66.475673,0,0.000000,0.000000,,,0,0,0,0,,,1,NRT_6h,C243,Kemijoki,FI,28675,27424,Kemijoki,1,0,TRUE,1,1,0,1,0,0,150,FALSE,5092500,4912500,24,ID_126_202201182003.mod,dam moved downstream strongly regulated large oscillations in low flow  same for daily data,126,TRUE,1011,TRUE,Kemijoki
EFAS,11,00127,Vanttauskoski,26.685973,66.367788,0,0.000000,0.000000,,,0,0,0,0,,,0,HIST_24h,,Kemijoki,FI,30300,29021,Kemijoki,3,0,TRUE,0,1,0,0,0,0,86,TRUE,5062500,4897500,24,,dam  oscillations moved downstream of dam,127,FALSE,1011,FALSE,Kemijoki
EFAS,11,00128,Vikajärvi  luusua,26.219519,66.621822,0,0.000000,0.000000,,,0,0,0,0,,,0,HIST_24h,C609,Kemijoki,FI,3150,3017,Kemijoki,3,0,TRUE,0,1,0,0,0,0,118,TRUE,5037500,4917500,24,,,128,FALSE,1011,FALSE,Raudanjoki
EFAS,11,00129,"Olkkajärvi, Permantokoski",26.126963,66.492834,0,0.000000,0.000000,,,0,0,0,0,,,1,NRT_6h,,Kemijoki,FI,3550,3522,Kemijoki,1,0,TRUE,1,1,0,1,0,0,99,FALSE,5037500,4907500,24,ID_129_202201182008.mod,low quality data oscillations in low flow,129,TRUE,1011,TRUE,Raudanjoki
EFAS,11,00130,"Ounasjoki, Köngäs",24.844374,67.878636,0,0.000000,0.000000,,,0,0,0,0,,,0,HIST_24h,C610,Kemijoki,FI,4625,4488,Kemijoki,3,0,TRUE,0,1,0,1,0,0,189,TRUE,4947500,5047500,24,,,130,FALSE,1011,FALSE,Ounasjoki
EFAS,11,00131,Unari  luusua,25.747274,67.130471,0,0.000000,0.000000,,,0,0,0,0,,,0,HIST_24h,,Kemijoki,FI,1175,1198,Kemijoki,3,0,TRUE,0,1,0,1,0,0,180,TRUE,5002500,4967500,24,,,131,FALSE,1011,FALSE,Meltausjoki
EFAS,11,00132,"Ounasjoki, Marraskoski",25.420245,66.798477,0,0.000000,0.000000,,,0,0,0,0,,,1,NRT_6h,C242,Kemijoki,FI,12900,12303,Kemijoki,3,0,TRUE,1,1,0,1,0,0,93,TRUE,4997500,4932500,24,ID_132_202201182014.mod,,132,TRUE,1011,TRUE,Ounasjoki
EFAS,11,00133,Valajaskoski,25.540257,66.424052,0,0.000000,0.000000,,,0,0,0,0,,,1,NRT_6h,,Kemijoki,FI,49325,47425,Kemijoki,1,0,TRUE,1,1,0,1,0,0,74,FALSE,5017500,4897500,24,ID_133_202201182009.mod,low quality data oscillations in low flow,133,TRUE,1011,TRUE,Kemijoki
EFAS,11,00134,Isohaara,24.545286,65.792669,0,0.000000,0.000000,,,0,0,0,0,,,0,HIST_24h,C241,Kemijoki,FI,52475,50683,Kemijoki,3,0,TRUE,0,1,0,0,0,0,2,TRUE,4987500,4817500,24,,oscillations in low flow,134,FALSE,1011,FALSE,Kemijoki
EFAS,11,00135,"Muonionjoki, Kaaresuvanto",22.494588,68.442281,0,0.000000,0.000000,,,0,0,0,0,,,1,NRT_6h,,Torne,FI,5875,5732,Torne,3,0,TRUE,1,1,0,1,0,0,324,TRUE,4832500,5082500,24,ID_135_202201182014.mod,,135,TRUE,1011,TRUE,Muonio
EFAS,11,00136,"Muonionjoki, Muonio",23.660143,67.945748,0,0.000000,0.000000,,,0,0,0,0,,,1,NRT_6h,C625,Torne,FI,9250,9259,Torne,3,0,TRUE,1,1,0,1,0,0,233,TRUE,4887500,5042500,24,ID_136_202201182014.mod,,136,TRUE,1011,TRUE,Muonio
EFAS,11,00137,"Tengeliönjoki, Haapakoski",23.783981,66.381335,0,0.000000,0.000000,,,0,0,0,0,,,0,HIST_24h,,Torne,FI,3000,3089,Torne,1,0,TRUE,0,1,0,0,0,0,53,FALSE,4937500,4867500,,,oscillations,137,FALSE,1011,FALSE,Tengelionjoki
EFAS,11,00138,"Inarijoki, Karigasniemi",25.844885,69.395731,0,0.000000,0.000000,,,0,0,0,0,,,1,NRT_6h,C611,Tana,FI,3050,3133,Tana,3,0,TRUE,1,1,0,1,0,0,130,TRUE,4942500,5212500,24,ID_138_202201182018.mod,,138,TRUE,1011,TRUE,Anarjohka
EFAS,11,00139,Onnelansuvanto,27.026975,69.911992,0,0.000000,0.000000,,,0,0,0,0,,,1,NRT_6h,C412,Tana,FI,10650,10864,Tana,3,0,TRUE,1,1,0,1,0,0,69,TRUE,4972500,5282500,24,ID_139_202201182019.mod,,139,TRUE,1011,TRUE,Tana
EFAS,11,00140,"Utsjoki, Patoniva",26.999533,69.783662,0,0.000000,0.000000,,,0,0,0,0,,,1,NRT_6h,,Tana,FI,1500,1520,Tana,3,0,TRUE,1,1,0,1,0,0,80,TRUE,4977500,5262500,24,ID_140_202201182019.mod,,140,TRUE,1011,TRUE,Utsjoki
EFAS,11,00141,Kettujoki,26.747540,68.919106,0,0.000000,0.000000,,,0,0,0,0,,,0,HIST_24h,,Paatsjoki,FI,2250,2215,Paatsjoki,3,0,TRUE,0,1,0,0,0,0,150,TRUE,4992500,5172500,24,,,141,FALSE,1011,FALSE,Kettujoki
EFAS,11,00142,Juutuanjoki,26.925191,68.889188,0,0.000000,0.000000,,,0,0,0,0,,,1,NRT_6h,C612,Paatsjoki,FI,5250,5160,Paatsjoki,3,0,TRUE,1,1,0,1,0,0,140,TRUE,4997500,5162500,24,ID_142_202201182019.mod,,142,TRUE,1011,TRUE,Juutuanjoki
EFAS,11,00143,"Ivalojoki, Pajakoski",27.274471,68.554588,0,0.000000,0.000000,,,0,0,0,0,,,1,NRT_6h,C613,Paatsjoki,FI,3300,3345,Paatsjoki,3,0,TRUE,1,1,0,1,0,0,130,TRUE,5022500,5137500,24,ID_143_202201182033.mod,,143,TRUE,1011,TRUE,Ivalo
EFAS,11,00144,Kaitakoski,28.448919,68.908733,0,0.000000,0.000000,,,0,0,0,0,,,0,HIST_24h,C614,Paatsjoki,FI,14575,14575,Paatsjoki,3,0,TRUE,0,1,0,0,0,0,131,TRUE,5062500,5187500,24,,lake  strongly regulated,144,FALSE,1011,FALSE,Paatsjoki
EFAS,11,00145,Kallio 2,23.543048,67.224893,0,0.000000,0.000000,,,0,0,0,0,,,1,HIST_6h,C627,Torne,SE,14450,14477.1,Torne,3,0,TRUE,1,1,0,1,0,0,,TRUE,4907500,4957500,24,ID_145_202201182023.mod,,145,TRUE,1014,TRUE,Muonio
EFAS,11,00146,Pajala pumphus,23.346358,67.225836,0,0.000000,0.000000,,,0,0,0,0,,,1,HIST_6h,,Torne,SE,16875,11038.1,Torne,3,0,TRUE,1,1,0,1,0,0,,TRUE,4887500,4957500,24,ID_146_202201182029.mod,,146,TRUE,1014,TRUE,Torne
EFAS,11,00147,Räktfors,22.815774,66.170645,0,0.000000,0.000000,,,0,0,0,0,,,1,HIST_6h,C239,Kalix,SE,17425,23102.9,Kalix,3,0,TRUE,1,1,0,1,0,0,,TRUE,4897500,4832500,24,ID_147_202201182030.mod,,147,TRUE,1014,TRUE,Kalix
EFAS,11,00148,Granåker,19.666241,64.239979,0,0.000000,0.000000,,,0,0,0,0,,,1,HIST_6h,C635,Ume,SE,11850,11846.37,Umealven,3,0,TRUE,1,1,0,1,0,0,,TRUE,4792500,4602500,24,ID_148_202201182033.mod,,148,TRUE,1014,TRUE,Vindel
EFAS,11,00149,Sorsele2,17.508312,65.542207,0,0.000000,0.000000,,,0,0,0,0,,,1,HIST_6h,C323,Ume,SE,6175,6054.39,Umealven,3,0,TRUE,1,1,0,1,0,0,,TRUE,4667500,4737500,24,ID_149_202201182033.mod,,149,TRUE,1014,TRUE,Vindel
EFAS,11,00150,Klein Badelmeusel,14.747908,51.673212,0,0.000000,0.000000,,,0,0,0,0,,,1,NRT_6h,,Oder,DE,2650,2727,Oder,3,0,TRUE,1,1,0,1,1,1,83.24,TRUE,4642500,3187500,24,ID_150_202201182033.mod,,150,TRUE,1015,TRUE,Lusatian Neisse
EFAS,11,00151,Guben 2,14.706919,51.969154,0,0.000000,0.000000,,,0,0,0,0,,,1,NRT_6h,C193,Oder,DE,4050,4080,Oder,2,0,TRUE,1,1,0,1,1,1,37.48,FALSE,4647500,3212500,24,ID_151_202201182033.mod,Close to 150,151,TRUE,1015,TRUE,Lusatian Neisse
EFAS,11,00152,Sachsenhausen Sohlabsturz,13.242927,52.773140,0,0.000000,0.000000,,,0,0,0,0,,,1,NRT_6h,C537,Elbe,DE,2575,2779,Elbe,0,0,TRUE,1,1,0,1,1,1,30.18,FALSE,4542500,3297500,24,ID_152_202201182033.mod,Unrealistic small data compared to cahchment size  same for daily data  possibly wrong location,152,TRUE,1015,TRUE,Havel
EFAS,11,00153,Lobith,6.108333,51.844444,0,0.000000,0.000000,,,0,0,0,0,,,1,NRT_6h,C368,Rhine,NL,159675,160800,Rhine,3,0,TRUE,1,1,0,1,1,1,13,TRUE,4052500,3202500,24,ID_153_202201182044.mod,,153,TRUE,1008,TRUE,Rhine
EFAS,11,00154,Borgharen-Dorp,5.696600,50.869439,0,0.000000,0.000000,,,0,0,0,0,,,0,NRT_6h,C085,Meuse,NL,22050,159555,Meuse,2,0,TRUE,0,1,0,1,1,0,,FALSE,4022500,3097500,24,,Drainage area from provider is wrong  Oscillation in low flow  could use hist_24 instead  close to 953,154,FALSE,1008,FALSE,Meuse
EFAS,11,00155,Fischerau / Ager,13.838047,48.085815,0,0.000000,0.000000,,,0,0,0,0,,,1,NRT_6h,,Danube,AT,1225,1256.1,Danube,0,0,TRUE,1,1,0,1,1,1,348,FALSE,4602500,2777500,24,ID_155_202201182050.mod,small oscillations and change in hydrometri zero,155,TRUE,1013,TRUE,Ager
EFAS,11,00156,Achleiten / Donau,13.503336,48.582691,0,0.000000,0.000000,,,0,0,0,0,,,1,NRT_6h,C360,Danube,AT,76825,76653.3,Danube,3,0,TRUE,1,1,0,1,1,1,288.04,TRUE,4582500,2837500,24,ID_156_202201182050.mod,Moved to better reproduce confluence,156,TRUE,1013,TRUE,Danube
EFAS,11,00157,Grein,14.857051,48.227221,0,0.000000,0.000000,,,0,0,0,0,,,0,,,Danube,AT,92225,,Danube,,0,FALSE,0,0,0,0,0,0,219.43,FALSE,4682500,2802500,,,No discharge data available for calibration period,157,FALSE,1013,FALSE,Danube
EFAS,11,00158,Kienstock,15.461220,48.382792,0,0.000000,0.000000,,,0,0,0,0,,,1,NRT_6h,C325,Danube,AT,95975,95970,Danube,3,0,TRUE,1,1,0,1,1,1,194,TRUE,4727500,2827500,24,ID_158_202201182050.mod,Outliers removed with qc,158,TRUE,1013,TRUE,Danube
EFAS,11,00159,Korneuburg,16.332121,48.329485,0,0.000000,0.000000,,,0,0,0,0,,,1,NRT_6h,C326,Danube,AT,101800,101536.6,Danube,3,0,TRUE,1,1,0,1,1,1,159.87,TRUE,4792500,2817500,24,ID_159_202201182102.mod,,159,TRUE,1013,TRUE,Danube
EFAS,11,00160,Linz,14.284912,48.306920,0,0.000000,0.000000,,,0,0,0,0,,,0,HIST_24h,,Danube,AT,79650,79490.1,Danube,1,0,TRUE,0,1,0,0,0,0,247.74,FALSE,4632500,2807500,,,old data,160,FALSE,1013,FALSE,Danube
EFAS,11,00161,Wildungsmauer,16.804302,48.114803,0,0.000000,0.000000,,,0,0,0,0,,,1,NRT_6h,,Danube,AT,103800,103992.7,Danube,3,0,TRUE,1,1,0,1,1,1,139.48,TRUE,4832500,2802500,24,ID_161_202201182104.mod,,161,TRUE,1013,TRUE,Danube
EFAS,11,00162,Ybbs,15.085603,48.180709,0,0.000000,0.000000,,,0,0,0,0,,,1,,,Danube,AT,92525,,Danube,,0,TRUE,0,0,0,1,1,1,212.22,FALSE,4692500,2797500,,,No discharge data available for calibration period,162,FALSE,1013,FALSE,Danube
EFAS,11,00163,Amlach,13.523170,46.774020,0,0.000000,0.000000,,,0,0,0,0,,,1,NRT_6h,,Danube,AT,4900,4789.6,Danube,1,0,TRUE,1,0,0,1,1,1,522.79,FALSE,4587500,2637500,24,ID_163_202201182106.mod,oscillations,163,TRUE,1013,TRUE,Drava
EFAS,11,00164,Lavamünd Ort,14.942619,46.640620,0,0.000000,0.000000,,,0,0,0,0,,,1,NRT_6h,,Danube,AT,11100,11051.8,Danube,0,0,TRUE,1,0,0,1,1,1,338,FALSE,4692500,2627500,24,ID_164_202201182106.mod,dams  large oscillations change in hydrometric zero,164,TRUE,1013,TRUE,Drave
EFAS,11,00165,Lienz-Peggetz,12.784082,46.824539,0,0.000000,0.000000,,,0,0,0,0,,,1,NRT_6h,,Danube,AT,1975,1876.2,Danube,1,0,TRUE,1,1,0,1,1,1,661.43,FALSE,4532500,2637500,24,ID_165_202201182106.mod,oscillations  negative values  zeros removed with qc close to 166,165,TRUE,1013,TRUE,Drava
EFAS,11,00166,Oberdrauburg-OWF,12.972970,46.747615,0,0.000000,0.000000,,,0,0,0,0,,,1,NRT_6h,,Danube,AT,2275,2112,Danube,3,0,TRUE,1,1,0,1,1,1,616.08,TRUE,4547500,2632500,24,ID_166_202201182106.mod,,166,TRUE,1013,TRUE,Drave
EFAS,11,00167,Sachsenburg (Brücke),13.349301,46.827063,0,0.000000,0.000000,,,0,0,0,0,,,1,NRT_6h,,Danube,AT,2650,2561.4,Danube,1,0,TRUE,1,1,0,1,1,1,555.04,FALSE,4577500,2637500,24,ID_167_202201182106.mod,Large outliers removed with qc low quality data,167,TRUE,1013,TRUE,Drave
EFAS,11,00168,Admont (Enns),14.461733,47.581186,0,0.000000,0.000000,,,0,0,0,0,,,1,HIST_24h,C780,Danube,AT,2650,2637.5,Danube,3,0,TRUE,1,1,0,1,1,1,616.8,TRUE,4662500,2727500,24,ID_168_202201182106.mod,,168,TRUE,1013,TRUE,Enns
EFAS,11,00169,Steyr (Ortskai),14.424931,48.043318,0,0.000000,0.000000,,,0,0,0,0,,,1,NRT_6h,C050,Danube,AT,5975,5915.4,Danube,1,0,TRUE,1,1,0,1,1,1,283.97,FALSE,4652500,2782500,24,ID_169_202201182106.mod,oscillations  change in low flow could use hist_24,169,TRUE,1013,TRUE,Enns
EFAS,11,00170,Trautenfels,14.085460,47.514579,0,0.000000,0.000000,,,0,0,0,0,,,1,NRT_6h,,Danube,AT,1450,1490.3,Danube,1,0,TRUE,1,0,0,1,1,1,639.96,FALSE,4622500,2717500,24,ID_170_202201182110.mod,oscillations in low flow use 168,170,TRUE,1013,TRUE,Enns
EFAS,11,00171,Faak (Bundessportheim),13.915350,46.577390,0,0.000000,0.000000,,,0,0,0,0,,,1,,,Danube,AT,25,35.6,Danube,,0,FALSE,0,0,0,0,1,1,553.91,FALSE,4622500,2612500,,,No discharge data available for calibration period,171,FALSE,1013,FALSE,Lake Faak
EFAS,11,00172,Fuschl am See,13.299086,47.798127,0,0.000000,0.000000,,,0,0,0,0,,,0,,,Danube,AT,25,29.5,Danube,,0,FALSE,0,0,0,0,0,0,662.4,FALSE,4567500,2747500,,,No discharge data available for calibration period,172,FALSE,1013,FALSE,Fuschlsee
EFAS,11,00173,Federaun,13.814816,46.569332,0,0.000000,0.000000,,,0,0,0,0,,,1,NRT_6h,,Danube,AT,1300,1304.9,Danube,3,0,TRUE,1,1,0,1,1,1,498.54,TRUE,4612500,2612500,24,ID_173_202201182110.mod,Large outliers  one remaining after qc,173,TRUE,1013,TRUE,Gail
EFAS,11,00174,Grabensee,13.096325,47.996610,0,0.000000,0.000000,,,0,0,0,0,,,0,,,Danube,AT,75,64.5,Danube,,0,FALSE,0,0,0,0,0,0,501.4,FALSE,4552500,2767500,,,No discharge data available for calibration period,174,FALSE,1013,FALSE,Grabensee
EFAS,11,00175,Gumisch,14.478061,46.606288,0,0.000000,0.000000,,,0,0,0,0,,,1,NRT_6h,,Danube,AT,2175,2555.4,Danube,3,0,TRUE,1,1,0,1,1,1,394.34,TRUE,4662500,2622500,24,ID_175_202201182116.mod,,175,TRUE,1013,TRUE,Gurk
EFAS,11,00176,Launsdorf,14.476932,46.760439,0,0.000000,0.000000,,,0,0,0,0,,,1,NRT_6h,,Danube,AT,1275,1243.1,Danube,3,0,TRUE,1,1,0,1,1,1,510,TRUE,4667500,2637500,24,ID_176_202201182116.mod,,176,TRUE,1013,TRUE,Gurk
EFAS,11,00177,Mölbling,14.449981,46.860144,0,0.000000,0.000000,,,0,0,0,0,,,1,NRT_6h,,Danube,AT,925,1061,Danube,2,0,TRUE,1,0,0,1,1,1,579.26,FALSE,4662500,2642500,24,ID_177_202201182116.mod,use after 06-2011  close to 176,177,TRUE,1013,TRUE,Gurk
EFAS,11,00178,Brixlegg,11.872916,47.432550,0,0.000000,0.000000,,,0,0,0,0,,,1,NRT_6h,,Danube,AT,8550,8503.6,Danube,0,0,TRUE,1,1,0,1,1,1,512.5,FALSE,4457500,2702500,24,ID_178_202201182116.mod,large oscillations  increasing low flow,178,TRUE,1013,TRUE,Inn
EFAS,11,00179,Innsbruck (oberh. Sill),11.396506,47.275613,0,0.000000,0.000000,,,0,0,0,0,,,1,NRT_6h,C327,Danube,AT,5850,5771.6,Danube,3,0,TRUE,1,1,0,1,1,1,568.46,TRUE,4422500,2682500,24,ID_179_202201182118.mod,oscillations  zeros removed with sanitation strongly regulated,179,TRUE,1013,TRUE,Inn
EFAS,11,00180,Jenbach-Rotholz,11.789238,47.388857,0,0.000000,0.000000,,,0,0,0,0,,,1,NRT_6h,,Danube,AT,7300,7230.7,Danube,3,0,TRUE,1,1,0,1,0,0,521.67,TRUE,4452500,2697500,24,ID_180_202201182118.mod,oscillations strongly regulated,180,TRUE,1013,TRUE,Inn
EFAS,11,00181,Kajetansbrücke,10.511638,46.951979,0,0.000000,0.000000,,,0,0,0,0,,,1,NRT_6h,,Danube,AT,2125,2162,Danube,2,0,TRUE,1,1,0,1,1,1,967.16,FALSE,4357500,2642500,24,ID_181_202201182118.mod,Large oscillations  strongly regulated close to 184,181,TRUE,1013,TRUE,Inn
EFAS,11,00182,Kirchbichl-Bichlwang,12.093312,47.522774,0,0.000000,0.000000,,,0,0,0,0,,,1,NRT_6h,,Danube,AT,9525,9310,Danube,1,0,TRUE,1,1,0,1,0,0,484,FALSE,4477500,2712500,24,ID_182_202201182118.mod,oscillations,182,TRUE,1013,TRUE,Inn
EFAS,11,00183,Magerbach,10.874705,47.258747,0,0.000000,0.000000,,,0,0,0,0,,,1,NRT_6h,,Danube,AT,5175,5118.8,Danube,1,0,TRUE,1,1,0,1,1,1,652.98,FALSE,4387500,2682500,24,ID_183_202201182118.mod,oscillations  outliers  and  negative values removed with sanitation strongly regulated,183,TRUE,1013,TRUE,Inn
EFAS,11,00184,Perjen,10.571568,47.146797,0,0.000000,0.000000,,,0,0,0,0,,,1,NRT_6h,,Danube,AT,3650,3503.1,Danube,3,0,TRUE,1,0,0,1,1,1,768.73,TRUE,4362500,2672500,24,ID_184_202201182126.mod,Large oscillations  strongly regulated,184,TRUE,1013,TRUE,Inn
EFAS,11,00185,Prutz,10.660908,47.076753,0,0.000000,0.000000,,,0,0,0,0,,,1,NRT_6h,,Danube,AT,2525,2461.5,Danube,2,0,TRUE,1,1,0,1,1,1,861.36,FALSE,4367500,2657500,24,ID_185_202201182126.mod,large oscillations negative values removed with qc  strongly regulated close to 184,185,TRUE,1013,TRUE,Inn
EFAS,11,00186,Telfs (Fussgängersteg),11.072913,47.301656,0,0.000000,0.000000,,,0,0,0,0,,,1,NRT_6h,,Danube,AT,5300,5289.7,Danube,1,0,TRUE,1,1,0,1,1,1,616.12,FALSE,4397500,2687500,24,ID_186_202201182126.mod,oscillations strongly regulated,186,TRUE,1013,TRUE,Inn
EFAS,11,00187,Lienz,12.766335,46.831632,0,0.000000,0.000000,,,0,0,0,0,,,1,NRT_6h,,Danube,AT,1200,1198.7,Danube,1,0,TRUE,1,1,0,1,1,1,669.29,FALSE,4527500,2642500,24,ID_187_202201182126.mod,outliers negative values a zeros  larger values than daily data,187,TRUE,1013,TRUE,Isel
EFAS,11,00188,Stiefern,15.690083,48.534688,0,0.000000,0.000000,,,0,0,0,0,,,1,NRT_6h,,Danube,AT,1450,1493.3,Danube,3,0,TRUE,1,1,0,1,1,1,217,TRUE,4737500,2847500,24,ID_188_202201182126.mod,dam,188,TRUE,1013,TRUE,Kamp
EFAS,11,00189,Lechaschau,10.709677,47.497015,0,0.000000,0.000000,,,0,0,0,0,,,1,NRT_6h,C765,Danube,AT,1000,1012.2,Danube,3,0,TRUE,1,1,0,1,1,1,836.09,TRUE,4367500,2702500,24,ID_189_202201182126.mod,outliers removed with qc,189,TRUE,1013,TRUE,Lech
EFAS,11,00190,Deutsch Brodersdorf (Straßenbrücke),16.477205,47.937903,0,0.000000,0.000000,,,0,0,0,0,,,0,HIST_24h,,Danube,AT,1975,,Danube,2,0,TRUE,0,1,0,1,1,0,193.04,FALSE,4802500,2777500,,,close to 191,190,FALSE,1013,FALSE,Leitha
EFAS,11,00191,Deutsch Haslau,16.943102,48.047610,0,0.000000,0.000000,,,0,0,0,0,,,1,NRT_6h,,Danube,AT,2300,1982,Danube,3,0,TRUE,1,1,0,1,1,1,139.19,TRUE,4832500,2792500,24,ID_191_202201182126.mod,,191,TRUE,1013,TRUE,Leitha
EFAS,11,00192,Spittal (Fasan),13.494837,46.807338,0,0.000000,0.000000,,,0,0,0,0,,,1,NRT_6h,,Danube,AT,1050,1035.5,Danube,3,0,TRUE,1,1,0,1,1,1,556.19,TRUE,4587500,2642500,24,ID_192_202201182128.mod,,192,TRUE,1013,TRUE,Lieser
EFAS,11,00193,Mattsee,13.107359,47.971451,0,0.000000,0.000000,,,0,0,0,0,,,0,,,Danube,AT,25,10.4,Danube,,0,FALSE,0,0,0,0,0,0,501.4,FALSE,4547500,2762500,,,No discharge data available for calibration period,193,FALSE,1013,FALSE,Mattsee
EFAS,11,00194,Millstatt (See),13.573447,46.800407,0,0.000000,0.000000,,,0,0,0,0,,,1,,,Danube,AT,275,286.3,Danube,,0,FALSE,0,0,0,0,1,1,587,FALSE,4592500,2642500,,,No discharge data available for calibration period,194,FALSE,1013,FALSE,Lake Millstatt
EFAS,11,00195,Kolbnitz a. d. Tauernbahn VHP,13.302641,46.875108,0,0.000000,0.000000,,,0,0,0,0,,,1,NRT_6h,,Danube,AT,900,1043.8,Danube,1,0,TRUE,1,1,0,1,1,1,607,FALSE,4567500,2647500,24,ID_195_202201182128.mod,oscillations moved upstream,195,TRUE,1013,TRUE,Moll
EFAS,11,00196,Möllbrücke,13.370414,46.837335,0,0.000000,0.000000,,,0,0,0,0,,,1,NRT_6h,,Danube,AT,1025,1096,Danube,0,0,TRUE,1,0,0,1,1,1,555,FALSE,4572500,2647500,24,ID_196_202201182136.mod,same location as 195  low quality data,196,TRUE,1013,TRUE,Moell
EFAS,11,00197,Bruck un der Mur unter Mür,15.281430,47.409966,0,0.000000,0.000000,,,0,0,0,0,,,1,HIST_24h,C012,Danube,AT,6325,6214,Danube,3,0,TRUE,1,1,0,1,1,1,468.14,TRUE,4717500,2712500,24,ID_197_202201182136.mod,,197,TRUE,1013,TRUE,Mur
EFAS,11,00198,Gestüthof,14.209475,47.110664,0,0.000000,0.000000,,,0,0,0,0,,,1,HIST_24h,,Danube,AT,1725,1700.3,Danube,3,0,TRUE,1,1,0,1,1,1,776.3,TRUE,4642500,2677500,24,ID_198_202201182136.mod,,198,TRUE,1013,TRUE,Mur
EFAS,11,00199,Graz,15.450745,47.032312,0,0.000000,0.000000,,,0,0,0,0,,,1,NRT_24h,,Danube,AT,7100,7042.8,Danube,1,0,TRUE,1,0,0,1,1,1,328.67,FALSE,4732500,2677500,,ID_199_202201182136.mod,outliers,199,TRUE,1013,TRUE,Mur
EFAS,11,00200,Mellach,15.492877,46.902063,0,0.000000,0.000000,,,0,0,0,0,,,1,NRT_6h,,Danube,AT,7275,7295.5,Danube,3,0,TRUE,1,0,0,1,1,1,290.8,TRUE,4742500,2662500,24,ID_200_202201182136.mod,,200,TRUE,1013,TRUE,Mur
EFAS,11,00201,Mureck (Schreibpegel),15.792175,46.711443,0,0.000000,0.000000,,,0,0,0,0,,,1,NRT_6h,,Danube,AT,9700,9769.9,Danube,1,0,TRUE,1,1,0,1,1,1,224.23,FALSE,4762500,2637500,24,ID_201_202201182136.mod,oscillations,201,TRUE,1013,TRUE,Mur
EFAS,11,00202,St.Georgen ob Judenburt,14.499123,47.211775,0,0.000000,0.000000,,,0,0,0,0,,,1,HIST_24h,,Danube,AT,2375,2367.5,Danube,2,0,TRUE,1,1,0,1,1,1,700.15,FALSE,4662500,2687500,,ID_202_202201182136.mod,close to 198,202,TRUE,1013,TRUE,Mur
EFAS,11,00203,Zeltweg,14.752621,47.185059,0,0.000000,0.000000,,,0,0,0,0,,,1,NRT_6h,,Danube,AT,3000,2957.5,Danube,3,0,TRUE,1,1,0,1,1,1,646.34,TRUE,4677500,2687500,24,ID_203_202201182136.mod,,203,TRUE,1013,TRUE,Mur
EFAS,11,00204,Obertrum,13.073021,47.942463,0,0.000000,0.000000,,,0,0,0,0,,,0,,,Danube,AT,25,2143,Danube,,0,FALSE,0,0,0,0,0,0,501.4,FALSE,4552500,2762500,,,No discharge data available for calibration period,204,FALSE,1013,FALSE,Obertrumer See
EFAS,11,00205,St.Andrä-OWF,13.897576,46.650714,0,0.000000,0.000000,,,0,0,0,0,,,1,,,Danube,AT,475,165.4,Danube,,0,FALSE,0,0,0,0,1,1,500.29,FALSE,4622500,2622500,,,No discharge data available for calibration period,205,FALSE,1013,FALSE,Lake Ossiach
EFAS,11,00206,Presseggen,13.435141,46.628475,0,0.000000,0.000000,,,0,0,0,0,,,1,,,Danube,AT,775,29.6,Danube,,0,FALSE,0,0,0,0,1,1,558.78,FALSE,4582500,2617500,,,No discharge data available for calibration period,206,FALSE,1013,FALSE,Lake Pressegg
EFAS,11,00207,Siezenheim,12.974216,47.811555,0,0.000000,0.000000,,,0,0,0,0,,,1,NRT_6h,,Danube,AT,950,1139.1,Danube,3,0,TRUE,1,1,0,1,1,1,415.77,TRUE,4542500,2742500,24,ID_207_202201182138.mod,Moved South to avoid conflict in inflow point,207,TRUE,1013,TRUE,Saalach
EFAS,11,00208,Golling,13.163450,47.595786,0,0.000000,0.000000,,,0,0,0,0,,,1,NRT_6h,,Danube,AT,3675,3555.7,Danube,3,0,TRUE,1,1,0,1,1,1,463.19,TRUE,4562500,2722500,24,ID_208_202201182147.mod,,208,TRUE,1013,TRUE,Saalach
EFAS,11,00209,Oberndorf,12.926735,47.939645,0,0.000000,0.000000,,,0,0,0,0,,,1,NRT_6h,,Danube,AT,6150,6120,Danube,2,0,TRUE,1,1,0,1,1,1,387.23,FALSE,4537500,2762500,24,ID_209_202201182147.mod,almost same location as 475 and same data use 475,209,TRUE,1013,TRUE,Saalach
EFAS,11,00210,Salzburg,13.036802,47.816323,0,0.000000,0.000000,,,0,0,0,0,,,0,NRT_6h,,Danube,AT,4625,4425.7,Danube,1,0,TRUE,0,1,0,1,1,0,408.06,FALSE,4552500,2747500,24,,Outliear oscillations missing data better could use hist24,210,FALSE,1013,FALSE,Saalach
EFAS,11,00211,Wallnerau,13.120210,47.310132,0,0.000000,0.000000,,,0,0,0,0,,,1,NRT_6h,,Danube,AT,2275,2143,Danube,1,0,TRUE,1,0,0,1,1,1,597.9,FALSE,4552500,2692500,24,ID_211_202201182147.mod,oscillations,211,TRUE,1013,TRUE,Saalach
EFAS,11,00212,Werfen,13.191103,47.479884,0,0.000000,0.000000,,,0,0,0,0,,,1,NRT_6h,,Danube,AT,3050,2953.2,Danube,3,0,TRUE,1,1,0,1,1,1,512.13,TRUE,4562500,2707500,24,ID_212_202201182147.mod,,212,TRUE,1013,TRUE,Saalach
EFAS,11,00213,Leibnitz,15.534549,46.771039,0,0.000000,0.000000,,,0,0,0,0,,,1,NRT_6h,,Danube,AT,1125,1102.5,Danube,3,0,TRUE,1,1,0,1,1,1,262.98,TRUE,4742500,2642500,24,ID_213_202201182147.mod,large outliers removed with qc,213,TRUE,1013,TRUE,Sulm
EFAS,11,00214,Raabs an der Thaya,15.499183,48.844976,0,0.000000,0.000000,,,0,0,0,0,,,1,NRT_6h,,Danube,AT,1375,1405.8,Danube,3,0,TRUE,1,1,0,1,1,1,395.44,TRUE,4722500,2872500,24,ID_214_202201182147.mod,,214,TRUE,1013,TRUE,Thaya
EFAS,11,00215,Theresienthal,13.799809,47.936669,0,0.000000,0.000000,,,0,0,0,0,,,1,,,Danube,AT,1425,1397.7,Danube,,0,TRUE,1,0,0,1,1,1,410,FALSE,4602500,2762500,24,ID_215_202201182147.mod,Not enough discarge data available for calibration period,215,TRUE,1013,TRUE,Traun
EFAS,11,00216,Wels-Lichtenegg,13.995787,48.141089,0,0.000000,0.000000,,,0,0,0,0,,,1,NRT_6h,,Danube,AT,3425,3387.1,Danube,0,0,TRUE,1,0,0,1,1,1,309,FALSE,4612500,2782500,24,ID_216_202201182147.mod,low quality data outliers in low flow,216,TRUE,1013,TRUE,Traun
EFAS,11,00217,Wallersee (SP),13.157707,47.915870,0,0.000000,0.000000,,,0,0,0,0,,,0,,,Danube,AT,75,109.8,Danube,,0,FALSE,0,0,0,0,0,0,504.25,FALSE,4557500,2762500,,,No discharge data available for calibration period,217,FALSE,1013,FALSE,Wallersee
EFAS,11,00218,Techendorf,13.294880,46.713180,0,0.000000,0.000000,,,0,0,0,0,,,1,,,Danube,AT,50,48.4,Danube,,0,FALSE,0,0,0,0,1,1,927.92,FALSE,4577500,2627500,,,No discharge data available for calibration period,218,FALSE,1013,FALSE,Weissensee Lake
EFAS,11,00219,Pörtschach am Wörther See,14.138935,46.634327,0,0.000000,0.000000,,,0,0,0,0,,,1,,,Danube,AT,100,162.1,Danube,,0,FALSE,0,0,0,0,1,1,439.01,FALSE,4637500,2622500,,,No discharge data available for calibration period,219,FALSE,1013,FALSE,Lake Worth
EFAS,11,00220,St.Gilgen,13.368793,47.765893,0,0.000000,0.000000,,,0,0,0,0,,,0,,,Danube,AT,100,124.8,Danube,,0,FALSE,0,0,0,0,0,0,537.3,FALSE,4577500,2742500,,,No discharge data available for calibration period,220,FALSE,1013,FALSE,Wolfgangsee
EFAS,11,00221,Greimpersdorf,14.891028,48.110874,0,0.000000,0.000000,,,0,0,0,0,,,1,NRT_6h,,Danube,AT,1100,1116.6,Danube,3,0,TRUE,1,1,0,1,1,1,261.73,TRUE,4682500,2787500,24,ID_221_202201182147.mod,,221,TRUE,1013,TRUE,Ybbs
EFAS,11,00222,Zell am See,12.800167,47.322755,0,0.000000,0.000000,,,0,0,0,0,,,0,,,Danube,AT,225,53.3,Danube,,0,FALSE,0,0,0,0,0,0,747.72,FALSE,4532500,2692500,,,No discharge data available for calibration period,222,FALSE,1013,FALSE,Lake Zell
EFAS,11,00223,Hart im Zillertal,11.862502,47.346304,0,0.000000,0.000000,,,0,0,0,0,,,1,NRT_6h,,Danube,AT,1175,1094.7,Danube,0,0,TRUE,1,1,0,1,0,0,530.95,FALSE,4462500,2692500,24,ID_223_202201182153.mod,large oscillations low quality  same for daily data,223,TRUE,1013,TRUE,Ziller
EFAS,11,00224,Bregenz-Hafen,9.747829,47.506054,0,0.000000,0.000000,,,0,0,0,0,,,1,,,Rhine,AT,150,10907,Rhine,,0,FALSE,0,0,0,0,1,1,392.13,FALSE,4302500,2712500,,,No discharge data available for calibration period,224,FALSE,1013,FALSE,Lake Constance
EFAS,11,00225,Gisingen,9.578855,47.260356,0,0.000000,0.000000,,,0,0,0,0,,,1,NRT_6h,,Rhine,AT,1300,1281,Rhine,0,0,TRUE,1,1,0,1,1,1,434.3,FALSE,4292500,2677500,24,ID_225_202201182159.mod,large ascillationslow quality data,225,TRUE,1013,TRUE,Ill
EFAS,11,00226,Bangs,9.533689,47.272002,0,0.000000,0.000000,,,0,0,0,0,,,1,NRT_6h,,Rhine,AT,4650,4647.9,Rhine,1,0,TRUE,1,1,0,1,1,1,419.93,FALSE,4282500,2677500,24,ID_226_202201182201.mod,oscillations,226,TRUE,1013,TRUE,Rhine
EFAS,11,00227,Lustenau (Eisenbahnbrücke),9.658374,47.447569,0,0.000000,0.000000,,,0,0,0,0,,,1,NRT_6h,,Rhine,AT,6350,6301.1,Rhine,3,0,TRUE,1,1,0,1,1,1,394.04,TRUE,4292500,2697500,24,ID_227_202201182201.mod,oscillations,227,TRUE,1013,TRUE,Rhine
EFAS,11,00228,Bezdan,18.859776,45.854141,0,0.000000,0.000000,,,0,0,0,0,,,1,NRT_6h,,Danube,RS,209100,210250,Danube,2,0,TRUE,1,1,0,1,1,1,80.64,FALSE,5002500,2577500,24,ID_228_202201182207.mod,zeros  same location as 866,228,TRUE,1020,TRUE,Danube
EFAS,11,00229,Banatska Palanka,21.340262,44.826209,0,0.000000,0.000000,,,0,0,0,0,,,1,NRT_6h,,Danube,RS,564150,568648,Danube,0,0,TRUE,0,0,0,1,1,1,62.85,FALSE,5217500,2482500,,,no data all zeros,229,FALSE,1020,FALSE,Danube
EFAS,11,00230,Jasa Tomic,20.856642,45.431594,0,0.000000,0.000000,,,0,0,0,0,,,1,NRT_6h,,Danube,RS,4550,5334,Danube,0,0,TRUE,1,1,0,1,1,1,73.46,FALSE,5167500,2547500,24,ID_230_202201182207.mod,Removed because of error in LDD,230,TRUE,1020,TRUE,Tamis
EFAS,11,00231,Kusic,21.485225,44.870834,0,0.000000,0.000000,,,0,0,0,0,,,1,NRT_6h,,Danube,RS,1425,1337,Danube,3,0,TRUE,1,1,0,1,1,1,91,TRUE,5232500,2487500,24,ID_231_202201182207.mod,,231,TRUE,1020,TRUE,Nera
EFAS,11,00232,Zajecar,22.293443,43.892142,0,0.000000,0.000000,,,0,0,0,0,,,1,NRT_6h,,Danube,RS,2125,2150,Danube,3,0,TRUE,1,1,0,1,1,1,124.41,TRUE,5307500,2387500,24,ID_232_202201182207.mod,,232,TRUE,1020,TRUE,Beli Timok
EFAS,11,00233,Cokonjar,22.355994,44.011722,0,0.000000,0.000000,,,0,0,0,0,,,1,NRT_6h,,Danube,RS,3950,3945,Danube,3,0,TRUE,1,1,0,1,1,1,97.05,TRUE,5307500,2402500,24,ID_233_202201182207.mod,,233,TRUE,1020,TRUE,Veliki Timok
EFAS,11,00234,Jamena,19.084006,44.877743,0,0.000000,0.000000,,,0,0,0,0,,,1,NRT_6h,,Danube,RS,63375,64073,Danube,3,0,TRUE,1,1,0,1,1,1,72.44,TRUE,5032500,2457500,24,ID_234_202201182207.mod,zeros,234,TRUE,1020,TRUE,Sava
EFAS,11,00235,Sremaska Mitrovica,19.600190,44.965672,0,0.000000,0.000000,,,0,0,0,0,,,1,NRT_6h,C810,Danube,RS,87100,87996,Danube,3,0,TRUE,1,1,0,1,1,1,72.22,TRUE,5072500,2477500,24,ID_235_202201182208.mod,,235,TRUE,1020,TRUE,Sava
EFAS,11,00236,Radalj,19.147990,44.419070,0,0.000000,0.000000,,,0,0,0,0,,,1,NRT_6h,C871,Danube,RS,17850,17490,Danube,3,0,TRUE,1,1,0,1,1,1,129.47,TRUE,5047500,2412500,24,ID_236_202201182208.mod,dam  moved station downstream,236,TRUE,1020,TRUE,Drina
EFAS,11,00237,Beli Brod,20.199508,44.371198,0,0.000000,0.000000,,,0,0,0,0,,,1,NRT_6h,,Danube,RS,1825,1896,Danube,3,0,TRUE,1,1,0,1,1,1,99.32,TRUE,5132500,2417500,24,ID_237_202201182208.mod,,237,TRUE,1020,TRUE,Kolubara
EFAS,11,00238,Varvarin,21.373063,43.724576,0,0.000000,0.000000,,,0,0,0,0,,,1,NRT_6h,,Danube,RS,31400,31548,Danube,3,0,TRUE,1,1,0,1,1,1,126.13,TRUE,5237500,2357500,24,ID_238_202201182216.mod,zeros,238,TRUE,1020,TRUE,Velika Morava
EFAS,11,00239,Bagrdan,21.195798,44.070498,0,0.000000,0.000000,,,0,0,0,0,,,1,NRT_6h,,Danube,RS,33500,33446,Danube,3,0,TRUE,1,1,0,1,1,1,100.94,TRUE,5222500,2392500,24,ID_239_202201182219.mod,zeros,239,TRUE,1020,TRUE,Velika Morava
EFAS,11,00240,Kratovska stena,20.118569,43.871260,0,0.000000,0.000000,,,0,0,0,0,,,1,NRT_6h,,Danube,RS,3075,3077,Danube,3,0,TRUE,1,1,0,1,1,1,290.44,TRUE,5132500,2362500,24,ID_240_202201182219.mod,,240,TRUE,1020,TRUE,Zapadna Morava
EFAS,11,00241,Milocaj,20.627096,43.775839,0,0.000000,0.000000,,,0,0,0,0,,,1,NRT_6h,,Danube,RS,4675,4658,Danube,2,0,TRUE,1,1,0,1,1,1,194.27,FALSE,5177500,2357500,24,ID_241_202201182219.mod,Small oscillations   zeros removed with qc close to 240,241,TRUE,1020,TRUE,Zapadna Morava
EFAS,11,00242,Jasika,21.295077,43.608124,0,0.000000,0.000000,,,0,0,0,0,,,1,NRT_6h,C867,Danube,RS,14600,14721,Danube,3,0,TRUE,1,1,0,1,1,1,138.56,TRUE,5232500,2347500,24,ID_242_202201182219.mod,,242,TRUE,1020,TRUE,Zapadna Morava
EFAS,11,00243,Vranjski Priboj,22.012318,42.600342,0,0.000000,0.000000,,,0,0,0,0,,,1,NRT_6h,,Danube,RS,2825,2775,Danube,3,0,TRUE,1,1,0,1,1,1,349.98,TRUE,5307500,2247500,24,ID_243_202201182221.mod,,243,TRUE,1020,TRUE,Juzna Morava
EFAS,11,00244,Grdelica,22.061887,42.890972,0,0.000000,0.000000,,,0,0,0,0,,,1,NRT_6h,C864,Danube,RS,3775,3782,Danube,2,0,TRUE,1,1,0,1,1,1,251.63,FALSE,5302500,2282500,24,ID_244_202201182221.mod,oscillations  outliers removed with qc close to 243,244,TRUE,1020,TRUE,Juzna Morava
EFAS,11,00245,Korvingrad,21.838303,43.219521,0,0.000000,0.000000,,,0,0,0,0,,,1,NRT_6h,,Danube,RS,9450,9396,Danube,3,0,TRUE,1,1,0,1,1,1,188.09,TRUE,5282500,2312500,24,ID_245_202201182221.mod,oscillations   08-2010 to 11-2010  zeros removed with qc,245,TRUE,1020,TRUE,Juzna Morava
EFAS,11,00246,Mojsinje,21.485787,43.630550,0,0.000000,0.000000,,,0,0,0,0,,,1,NRT_6h,C863,Danube,RS,15400,15390,Danube,3,0,TRUE,1,1,0,1,1,1,136.28,TRUE,5252500,2347500,24,ID_246_202201182223.mod,small oscillations  outliers  zeros  removed with qc,246,TRUE,1020,TRUE,Juzna Morava
EFAS,11,00247,Doljevac,21.830671,43.202410,0,0.000000,0.000000,,,0,0,0,0,,,1,NRT_6h,,Danube,RS,2075,2052,Danube,3,0,TRUE,1,1,0,1,1,1,190.41,TRUE,5277500,2307500,24,ID_247_202201182223.mod,,247,TRUE,1020,TRUE,Toplica
EFAS,11,00248,Pirot,22.588755,43.159234,0,0.000000,0.000000,,,0,0,0,0,,,1,NRT_6h,,Danube,RS,1700,1745,Danube,3,0,TRUE,1,1,0,1,1,1,364.27,TRUE,5347500,2307500,24,ID_248_202201182229.mod,,248,TRUE,1020,TRUE,Nisava
EFAS,11,00249,Nis,21.901960,43.326211,0,0.000000,0.000000,,,0,0,0,0,,,1,NRT_6h,C865,Danube,RS,4050,3870,Danube,3,0,TRUE,1,1,0,1,1,1,187.88,TRUE,5287500,2322500,24,ID_249_202201182229.mod,,249,TRUE,1020,TRUE,Nisava
EFAS,11,00250,Novi Sad,19.855473,45.254979,0,0.000000,0.000000,,,0,0,0,0,,,1,NRT_6h,,Danube,RS,256375,254085,Danube,0,0,TRUE,1,1,0,1,1,1,71.73,FALSE,5087500,2507500,,ID_250_202201182231.mod,no data,250,TRUE,1020,TRUE,Danube
EFAS,11,00251,Zemun,20.412392,44.849016,0,0.000000,0.000000,,,0,0,0,0,,,1,NRT_6h,,Danube,RS,406800,412762,Danube,0,0,TRUE,0,0,0,1,1,1,67.87,FALSE,5142500,2472500,,,no data,251,FALSE,1020,FALSE,Danube
EFAS,11,00252,Novi Knezevac,20.088536,46.048984,0,0.000000,0.000000,,,0,0,0,0,,,1,NRT_6h,,Danube,RS,140675,140130,Danube,0,0,TRUE,0,0,0,1,1,1,73.57,FALSE,5097500,2607500,,,only few low quality data,252,FALSE,1020,FALSE,Tisza
EFAS,11,00253,Senta,20.094575,45.931324,0,0.000000,0.000000,,,0,0,0,0,,,1,NRT_6h,C817,Danube,RS,141250,141715,Danube,1,0,TRUE,0,1,0,1,1,1,72.8,FALSE,5102500,2582500,,,extremely low quality data  could use Hist24,253,FALSE,1020,FALSE,Tisza
EFAS,11,00254,N.Becej brana gv,20.120245,45.576443,0,0.000000,0.000000,,,0,0,0,0,,,1,NRT_6h,,Danube,RS,147050,145415,Danube,0,0,TRUE,0,0,0,1,1,1,71,FALSE,5107500,2542500,,,no data,254,FALSE,1020,FALSE,Tisza
EFAS,11,00255,Titel,20.315521,45.205855,0,0.000000,0.000000,,,0,0,0,0,,,1,NRT_6h,,Danube,RS,149025,157174,Danube,0,0,TRUE,0,0,0,1,1,1,69.7,FALSE,5127500,2507500,,,no data,255,FALSE,1020,FALSE,Tisza
EFAS,11,00256,Beograd,20.449554,44.815276,0,0.000000,0.000000,,,0,0,0,0,,,1,,,Danube,RS,95300,95719,Danube,,0,TRUE,0,0,0,1,1,1,68.28,FALSE,5147500,2467500,,,No discharge data available for calibration period,256,FALSE,1020,FALSE,Sava
EFAS,11,00257,Lopatnica lakat,20.563451,43.659922,0,0.000000,0.000000,,,0,0,0,0,,,1,NRT_6h,C862,Danube,RS,7825,7818,Danube,3,0,TRUE,1,1,0,1,1,1,224.68,TRUE,5172500,2347500,24,ID_257_202201182231.mod,,257,TRUE,1020,TRUE,Ibar
EFAS,11,00258,Knjazevac,22.259299,43.576355,0,0.000000,0.000000,,,0,0,0,0,,,1,NRT_6h,,Danube,RS,1175,1242,Danube,3,0,TRUE,1,1,0,1,1,1,211.63,TRUE,5307500,2352500,24,ID_258_202201182231.mod,,258,TRUE,1020,TRUE,Beli Timok
EFAS,11,00259,Drazevac,20.215636,44.596265,0,0.000000,0.000000,,,0,0,0,0,,,1,NRT_6h,,Danube,RS,3650,3588,Danube,0,0,TRUE,1,1,0,1,1,1,71.24,FALSE,5127500,2442500,24,ID_259_202201182231.mod,no data,259,TRUE,1020,TRUE,Kolubara
EFAS,11,00260,Apatin,18.969079,45.675350,0,0.000000,0.000000,,,0,0,0,0,,,1,NRT_24h,,Danube,RS,211925,211139,Danube,0,0,TRUE,0,0,0,1,1,1,78.84,FALSE,5012500,2552500,,,extremely low quality data  unusable,260,FALSE,1020,FALSE,Danube
EFAS,11,00261,Bogojevo,19.078749,45.530040,0,0.000000,0.000000,,,0,0,0,0,,,1,NRT_6h,C860,Danube,RS,253300,251593,Danube,3,0,TRUE,1,1,0,1,1,1,77.46,TRUE,5032500,2532500,24,ID_261_202201182231.mod,moved downstream of meander  outliers  zeros,261,TRUE,1020,TRUE,Danube
EFAS,11,00262,Smederevo,20.921219,44.666920,0,0.000000,0.000000,,,0,0,0,0,,,1,NRT_6h,C781,Danube,RS,520500,525820,Danube,1,0,TRUE,0,1,0,1,1,1,65.36,FALSE,5187500,2462500,,,few data could  use hist24,262,FALSE,1020,FALSE,Danube
EFAS,11,00263,Markovicevo,21.030380,45.326954,0,0.000000,0.000000,,,0,0,0,0,,,1,NRT_6h,,Danube,RS,1000,1111,Danube,3,0,TRUE,1,1,0,1,1,1,76.9,TRUE,5182500,2532500,24,ID_263_202201182235.mod,,263,TRUE,1020,TRUE,Brzava
EFAS,11,00264,Ljubicevski most,21.131837,44.585387,0,0.000000,0.000000,,,0,0,0,0,,,1,NRT_6h,C061,Danube,RS,37650,37320,Danube,3,0,TRUE,1,1,0,1,1,1,73.42,TRUE,5197500,2457500,24,ID_264_202201182238.mod,,264,TRUE,1020,TRUE,Velika Morava
EFAS,11,00265,Sint-Joris-Weert,4.642503,50.802900,0,0.000000,0.000000,,,0,0,0,0,,,0,HIST_24h,,Scheldt,BE,750,,Scheldt,3,0,TRUE,0,1,0,1,1,0,28.5,TRUE,3942500,3092500,24,,,265,FALSE,1022,FALSE,Dyle
EFAS,11,00266,Diest,5.041367,50.991268,0,0.000000,0.000000,,,0,0,0,0,,,0,NRT_6h,,Scheldt,BE,1950,1950,Scheldt,2,0,TRUE,0,1,0,1,1,0,20.5,FALSE,3972500,3107500,24,,Close to 830,266,FALSE,1022,FALSE,Demer
EFAS,11,00267,Lot,4.279647,50.765746,0,0.000000,0.000000,,,0,0,0,0,,,0,HIST_24h,,Scheldt,BE,675,659.24,Scheldt,3,0,TRUE,0,1,0,1,1,0,26,TRUE,3917500,3087500,24,,,267,FALSE,1022,FALSE,Dyle
EFAS,11,00268,Overboelare,3.867334,50.762012,0,0.000000,0.000000,,,0,0,0,0,,,1,NRT_6h,,Scheldt,BE,775,785,Scheldt,3,0,TRUE,1,1,0,1,1,1,17.5,TRUE,3887500,3087500,24,ID_268_202201182250.mod,,268,TRUE,1022,TRUE,Dender
EFAS,11,00269,Bossuit,3.402525,50.741192,0,0.000000,0.000000,,,0,0,0,0,,,0,NRT_6h,,Scheldt,BE,5250,5227,Scheldt,2,0,TRUE,0,1,0,1,1,0,12,FALSE,3857500,3092500,24,,negative values  removed with qc  oscillations regulated close to 1361,269,FALSE,1022,FALSE,Scheldt
EFAS,11,00270,Menen,3.126709,50.791197,0,0.000000,0.000000,,,0,0,0,0,,,1,NRT_6h,,Scheldt,BE,3050,2986.2,Scheldt,1,0,TRUE,1,1,0,1,1,1,12,FALSE,3832500,3097500,24,ID_270_202201182250.mod,large oscillations  negative values could  use hist24,270,TRUE,1022,TRUE,Leie
EFAS,11,00271,Kopčany,17.106502,48.817054,0,0.000000,0.000000,,,0,0,0,0,,,0,HIST_6h,,Danube,SK,9550,9629.32,Danube,3,0,TRUE,0,1,0,1,1,0,156.39,TRUE,4847500,2887500,24,,,271,FALSE,1018,FALSE,Morava
EFAS,11,00272,Moravský Sv. Ján,16.935429,48.602278,0,0.000000,0.000000,,,0,0,0,0,,,1,HIST_6h,C320,Danube,SK,24125,24129.3,Danube,3,0,TRUE,1,1,0,1,1,1,146.24,TRUE,4832500,2857500,24,ID_272_202201182250.mod,,272,TRUE,1018,TRUE,Morava
EFAS,11,00273,Devín,16.977317,48.173299,0,0.000000,0.000000,,,0,0,0,0,,,1,HIST_6h,,Danube,SK,131250,131244,Danube,2,0,TRUE,1,1,0,1,1,1,132.87,FALSE,4842500,2807500,24,ID_273_202201182250.mod,close to 1895,273,TRUE,1018,TRUE,Danube
EFAS,11,00274,Liptovský Mikuláš,19.603513,49.086364,0,0.000000,0.000000,,,0,0,0,0,,,1,HIST_6h,C446,Danube,SK,1125,1107.21,Danube,3,0,TRUE,1,1,0,1,1,1,567.68,TRUE,5022500,2932500,24,ID_274_202201182245.mod,,274,TRUE,1018,TRUE,Vah
EFAS,11,00275,Hubová,19.188057,49.120388,0,0.000000,0.000000,,,0,0,0,0,,,1,HIST_6h,,Danube,SK,2100,2133.2,Danube,3,0,TRUE,1,1,0,1,1,1,444.7,TRUE,4997500,2927500,24,ID_275_202201182250.mod,dam oscillations regulated  Moved South-East to avoid conflict in inflow point,275,TRUE,1018,TRUE,Vah
EFAS,11,00276,Dierová,19.172762,49.182981,0,0.000000,0.000000,,,0,0,0,0,,,1,HIST_6h,,Danube,SK,2000,1966.75,Danube,3,0,TRUE,1,1,0,1,1,1,439.05,TRUE,4987500,2937500,24,ID_276_202201182250.mod,dam,276,TRUE,1018,TRUE,Orava
EFAS,11,00277,Strečno,18.864047,49.172511,0,0.000000,0.000000,,,0,0,0,0,,,1,HIST_6h,,Danube,SK,5475,5453.25,Danube,0,0,TRUE,1,1,0,1,1,1,353.4,FALSE,4967500,2932500,24,ID_277_202201182250.mod,large oscillations,277,TRUE,1018,TRUE,Vah
EFAS,11,00278,Šaľa,17.881949,48.161217,0,0.000000,0.000000,,,0,0,0,0,,,1,HIST_6h,C060,Danube,SK,10675,11217.61,Danube,0,0,TRUE,1,1,0,1,1,1,109.23,FALSE,4912500,2807500,24,ID_278_202201182250.mod,low quality data  same for daily data  large oscillations,278,TRUE,1018,TRUE,Vah
EFAS,11,00279,Nitrianska Streda,18.172555,48.523948,0,0.000000,0.000000,,,0,0,0,0,,,1,HIST_6h,,Danube,SK,2025,2093.71,Danube,3,0,TRUE,1,1,0,1,1,1,158.25,TRUE,4922500,2862500,24,ID_279_202201182250.mod,,279,TRUE,1018,TRUE,Nitra
EFAS,11,00280,Nové Zámky,18.174321,47.978552,0,0.000000,0.000000,,,0,0,0,0,,,1,HIST_6h,,Danube,SK,3700,4063.66,Danube,1,0,TRUE,1,1,0,1,1,1,108.73,FALSE,4927500,2792500,24,ID_280_202201182306.mod,oscillations,280,TRUE,1018,TRUE,Nitra
EFAS,11,00281,Komárno,18.127812,47.754313,0,0.000000,0.000000,,,0,0,0,0,,,1,HIST_6h,,Danube,SK,150775,151961.6,Danube,3,0,TRUE,1,1,0,1,1,1,103.4,TRUE,4927500,2772500,24,ID_281_202201182306.mod,,281,TRUE,1018,TRUE,Danube
EFAS,11,00282,Banská Bystrica,19.140372,48.731088,0,0.000000,0.000000,,,0,0,0,0,,,1,HIST_6h,C448,Danube,SK,1825,1766.48,Danube,3,0,TRUE,1,1,0,1,1,1,334.29,TRUE,4992500,2887500,24,ID_282_202201182306.mod,,282,TRUE,1018,TRUE,Hron
EFAS,11,00283,Brehy,18.646240,48.406726,0,0.000000,0.000000,,,0,0,0,0,,,1,HIST_6h,C015,Danube,SK,3825,3821.38,Danube,3,0,TRUE,1,1,0,1,1,1,194.27,TRUE,4962500,2847500,24,ID_283_202201182306.mod,,283,TRUE,1018,TRUE,Hron
EFAS,11,00284,Slovenské Ďarmoty,19.297626,48.087161,0,0.000000,0.000000,,,0,0,0,0,,,1,HIST_6h,,Danube,SK,2750,2768,Danube,3,0,TRUE,1,1,0,1,1,1,136.11,TRUE,5012500,2817500,24,ID_284_202201182316.mod,,284,TRUE,1018,TRUE,Ipel
EFAS,11,00285,Lenártovce,20.313416,48.305070,0,0.000000,0.000000,,,0,0,0,0,,,1,HIST_6h,C754,Danube,SK,1700,1829.65,Danube,3,0,TRUE,1,1,0,1,1,1,150.41,TRUE,5082500,2862500,24,ID_285_202201182316.mod,Moved North to avoid conflict in inflow point,285,TRUE,1018,TRUE,Slana
EFAS,11,00286,Vlkyňa,20.301721,48.285404,0,0.000000,0.000000,,,0,0,0,0,,,1,HIST_6h,,Danube,SK,1325,1377.41,Danube,3,0,TRUE,1,1,0,1,1,1,150.63,TRUE,5077500,2852500,24,ID_286_202201182318.mod,,286,TRUE,1018,TRUE,Rimava
EFAS,11,00287,Chmelnica,20.730146,49.289177,0,0.000000,0.000000,,,0,0,0,0,,,1,HIST_6h,,Vistula,SK,1325,1262.41,Vistula,3,0,TRUE,1,1,0,1,1,1,507.37,TRUE,5097500,2967500,24,ID_287_202201182322.mod,,287,TRUE,1018,TRUE,Poprad
EFAS,11,00288,Margecany,20.972338,48.909548,0,0.000000,0.000000,,,0,0,0,0,,,1,HIST_6h,,Danube,SK,1050,1132.78,Danube,3,0,TRUE,1,1,0,1,1,1,329.35,TRUE,5122500,2927500,24,ID_288_202201182323.mod,,288,TRUE,1018,TRUE,Hornad
EFAS,11,00289,Košické Olšany,21.336383,48.733426,0,0.000000,0.000000,,,0,0,0,0,,,1,HIST_6h,,Danube,SK,1200,1298.3,Danube,3,0,TRUE,1,1,0,1,1,1,185.7,TRUE,5152500,2907500,24,ID_289_202201182324.mod,,289,TRUE,1018,TRUE,Torysa
EFAS,11,00290,Humenné,21.912382,48.928054,0,0.000000,0.000000,,,0,0,0,0,,,1,HIST_6h,,Danube,SK,1275,1272.4,Danube,3,0,TRUE,1,1,0,1,1,1,143.6,TRUE,5192500,2937500,24,ID_290_202201182329.mod,,290,TRUE,1018,TRUE,Laborec
EFAS,11,00291,Lekárovce,22.156619,48.605475,0,0.000000,0.000000,,,0,0,0,0,,,1,HIST_6h,,Danube,SK,2050,1989.41,Danube,0,0,TRUE,1,1,0,1,1,1,98.92,FALSE,5222500,2902500,24,ID_291_202201182329.mod,moved but LDD is wrong,291,TRUE,1018,TRUE,Uzh
EFAS,11,00292,Veľké Kapušany,22.051758,48.500766,0,0.000000,0.000000,,,0,0,0,0,,,1,HIST_6h,C770,Danube,SK,2350,2915.46,Danube,0,0,TRUE,1,1,0,1,1,1,93.7,FALSE,5212500,2892500,24,ID_292_202201182332.mod,wrong LDD,292,TRUE,1018,TRUE,Latorica
EFAS,11,00293,Hanušovce nad Toplou,21.519206,49.032598,0,0.000000,0.000000,,,0,0,0,0,,,1,HIST_6h,,Danube,SK,1075,1050.05,Danube,3,0,TRUE,1,1,0,1,1,1,160.4,TRUE,5157500,2947500,24,ID_293_202201182332.mod,,293,TRUE,1018,TRUE,Topla
EFAS,11,00294,Streda nad Bodrogom,21.748243,48.395088,0,0.000000,0.000000,,,0,0,0,0,,,1,HIST_6h,C034,Danube,SK,10750,11474.25,Danube,2,0,TRUE,1,1,0,1,1,1,91.48,FALSE,5187500,2877500,24,ID_294_202201182336.mod,Same location as 670,294,TRUE,1018,TRUE,Bodrog
EFAS,11,00295,Akslen,8.449870,61.802936,0,0.000000,0.000000,,,0,0,0,0,,,1,NRT_6h,,Glomma,NO,825,796.26,Glomma,3,0,TRUE,1,1,0,1,0,0,475,TRUE,4237500,4297500,24,ID_295_202201182345.mod,,295,TRUE,1002,TRUE,Bovri
EFAS,11,00296,Atnasjoe,10.222119,61.851939,0,0.000000,0.000000,,,0,0,0,0,,,1,,,Glomma,NO,375,463.2,Glomma,,0,TRUE,1,1,0,1,0,0,701,FALSE,4332500,4307500,24,ID_296_202201182345.mod,Provider upArea too small to be included in calibration,296,TRUE,1002,TRUE,Atna
EFAS,11,00297,Bagn,9.567188,60.801327,0,0.000000,0.000000,,,0,0,0,0,,,0,NRT_6h,,Drammen,NO,2975,2976.54,Drammen,1,0,TRUE,0,1,0,1,0,0,210,FALSE,4292500,4192500,24,,oscillations many outliers difficult to remove use after 05-2011,297,FALSE,1002,FALSE,Begna
EFAS,11,00298,Bergheim,9.231315,60.471919,0,0.000000,0.000000,,,0,0,0,0,,,1,NRT_6h,,Drammen,NO,4275,4248.54,Drammen,3,0,TRUE,1,1,0,1,0,0,152,TRUE,4282500,4147500,24,ID_298_202201182345.mod,,298,TRUE,1002,TRUE,Hallingdalselva
EFAS,11,00299,Dølplass,10.451065,62.192230,0,0.000000,0.000000,,,0,0,0,0,,,1,NRT_6h,,Glomma,NO,2125,2012.95,Glomma,3,0,TRUE,1,1,0,1,0,0,529,TRUE,4342500,4342500,24,ID_299_202201182345.mod,,299,TRUE,1002,TRUE,Folla
EFAS,11,00300,Eggedal,9.434388,60.151761,0,0.000000,0.000000,,,0,0,0,0,,,1,,,Drammen,NO,300,309.77,Drammen,,0,TRUE,1,1,0,1,0,0,170,FALSE,4287500,4117500,24,ID_300_202201182345.mod,Provider upArea too small to be included in calibration,300,TRUE,1002,TRUE,Simoa
EFAS,11,00301,Eide,9.722482,61.613981,0,0.000000,0.000000,,,0,0,0,0,,,0,NRT_6h,,Glomma,NO,7925,7969.43,Glomma,3,0,TRUE,0,1,0,1,0,0,241,TRUE,4307500,4282500,24,,,301,FALSE,1002,FALSE,Lagen
EFAS,11,00302,Elverum,11.560652,60.874212,0,0.000000,0.000000,,,0,0,0,0,,,1,NRT_6h,C234,Glomma,NO,15450,15447.49,Glomma,3,0,TRUE,1,1,0,1,0,0,180,TRUE,4407500,4202500,24,ID_302_202201182348.mod,,302,TRUE,1002,TRUE,Glomma
EFAS,11,00303,Etna,9.626174,60.951902,0,0.000000,0.000000,,,0,0,0,0,,,1,NRT_6h,,Drammen,NO,575,570.17,Drammen,3,0,TRUE,1,1,0,1,0,0,399,TRUE,4302500,4207500,24,ID_303_202201182351.mod,,303,TRUE,1002,TRUE,Etna
EFAS,11,00304,Faukstad,9.424945,61.709489,0,0.000000,0.000000,,,0,0,0,0,,,0,NRT_6h,,Glomma,NO,1475,1480.08,Glomma,3,0,TRUE,0,1,0,1,0,0,353.3,TRUE,4287500,4292500,24,,,304,FALSE,1002,FALSE,Sjoa
EFAS,11,00305,Fiskum,9.789160,59.697542,0,0.000000,0.000000,,,0,0,0,0,,,1,,,Drammen,NO,75,51.6,Drammen,,0,TRUE,1,1,0,1,0,0,84,FALSE,4307500,4067500,24,ID_305_202201182353.mod,Provider upArea too small to be included in calibration,305,TRUE,1002,TRUE,Fiskum
EFAS,11,00306,Fura,11.326164,60.886225,0,0.000000,0.000000,,,0,0,0,0,,,1,,,Glomma,NO,50,39.69,Glomma,,0,TRUE,1,1,0,1,0,0,349,FALSE,4392500,4197500,24,ID_306_202201190000.mod,Provider upArea too small to be included in calibration,306,TRUE,1002,TRUE,Fura
EFAS,11,00307,Hummelvoll,11.120534,62.448055,0,0.000000,0.000000,,,0,0,0,0,,,1,NRT_6h,,Glomma,NO,2450,2421.08,Glomma,3,0,TRUE,1,1,0,1,0,0,592,TRUE,4377500,4367500,24,ID_307_202201190005.mod,,307,TRUE,1002,TRUE,Glomma
EFAS,11,00308,Kistefoss,10.361305,60.221812,0,0.000000,0.000000,,,0,0,0,0,,,1,NRT_6h,C644,Drammen,NO,3675,3704.53,Drammen,3,0,TRUE,1,1,0,1,0,0,120,TRUE,4337500,4122500,24,ID_308_202201190027.mod,lake strongly regulated,308,TRUE,1002,TRUE,Randselva
EFAS,11,00309,Knappom,12.047125,60.641170,0,0.000000,0.000000,,,0,0,0,0,,,1,NRT_6h,,Glomma,NO,1650,1646,Glomma,3,0,TRUE,1,1,0,1,0,0,170,TRUE,4437500,4177500,24,ID_309_202201190027.mod,,309,TRUE,1002,TRUE,Flisa
EFAS,11,00310,Lalm,9.274604,61.817372,0,0.000000,0.000000,,,0,0,0,0,,,1,NRT_6h,C395,Glomma,NO,4025,3982.36,Glomma,3,0,TRUE,1,1,0,1,0,0,355,TRUE,4277500,4307500,24,ID_310_202201190027.mod,,310,TRUE,1002,TRUE,Otta
EFAS,11,00311,Losna,10.277532,61.333385,0,0.000000,0.000000,,,0,0,0,0,,,1,NRT_6h,C235,Glomma,NO,11200,11212.94,Glomma,3,0,TRUE,1,1,0,1,0,0,179,TRUE,4337500,4242500,24,ID_311_202201190030.mod,,311,TRUE,1002,TRUE,Lagen
EFAS,11,00312,Mjøndalen bru,10.007267,59.752922,0,0.000000,0.000000,,,0,0,0,0,,,0,NRT_6h,,Drammen,NO,17050,16992.02,Drammen,1,0,TRUE,0,0,0,1,0,0,20,FALSE,4317500,4072500,24,,oscillations,312,FALSE,1002,FALSE,Drammen
EFAS,11,00313,Narsjø,11.478783,62.361318,0,0.000000,0.000000,,,0,0,0,0,,,1,,,Glomma,NO,125,119.13,Glomma,,0,TRUE,1,1,0,1,0,0,737,FALSE,4397500,4362500,24,ID_313_202201190030.mod,Provider upArea too small to be included in calibration,313,TRUE,1002,TRUE,Nora
EFAS,11,00314,Norsfoss,12.035517,60.339025,0,0.000000,0.000000,,,0,0,0,0,,,0,NRT_6h,,Glomma,NO,18800,18932.64,Glomma,3,0,TRUE,0,1,0,1,0,0,165.3,TRUE,4432500,4137500,24,,,314,FALSE,1002,FALSE,Glomma
EFAS,11,00315,Nye Stai,11.042726,61.466519,0,0.000000,0.000000,,,0,0,0,0,,,0,NRT_6h,,Glomma,NO,8925,8950,Glomma,3,0,TRUE,0,1,0,1,0,0,240,TRUE,4377500,4267500,24,,Large outliers maybe left after qc,315,FALSE,1002,FALSE,Glomma
EFAS,11,00316,Ofossen,8.313763,61.882597,0,0.000000,0.000000,,,0,0,0,0,,,0,NRT_6h,,Glomma,NO,1600,1584.73,Glomma,3,0,TRUE,0,1,0,1,0,0,400,TRUE,4227500,4312500,24,,,316,FALSE,1002,FALSE,Otta
EFAS,11,00317,Rosten,9.405153,61.858567,0,0.000000,0.000000,,,0,0,0,0,,,1,NRT_6h,,Glomma,NO,1825,1833.91,Glomma,3,0,TRUE,1,1,0,1,0,0,319,TRUE,4292500,4302500,24,ID_317_202201190050.mod,,317,TRUE,1002,TRUE,Lagen
EFAS,11,00318,Rudi,10.057384,61.559550,0,0.000000,0.000000,,,0,0,0,0,,,0,,,Glomma,NO,300,369.96,Glomma,,0,TRUE,0,1,0,1,0,0,246,FALSE,4322500,4277500,24,,Provider upArea too small to be included in calibration,318,FALSE,1002,FALSE,Frya
EFAS,11,00319,Skålfoss,9.833348,60.078672,0,0.000000,0.000000,,,0,0,0,0,,,0,NRT_6h,C643,Drammen,NO,5100,5126.72,Drammen,3,0,TRUE,0,1,0,1,0,0,120.3,TRUE,4307500,4112500,24,,,319,FALSE,1002,FALSE,Snarum
EFAS,11,00320,Skarnes,11.677470,60.254316,0,0.000000,0.000000,,,0,0,0,0,,,0,NRT_6h,C394,Glomma,NO,20375,20296.2,Glomma,3,0,TRUE,0,1,0,1,0,0,129.4,TRUE,4412500,4127500,24,,,320,FALSE,1002,FALSE,Glomma
EFAS,11,00322,Storeskar,8.335151,60.891562,0,0.000000,0.000000,,,0,0,0,0,,,1,,,Drammen,NO,100,119.43,Drammen,,0,TRUE,1,1,0,1,0,0,895,FALSE,4227500,4202500,24,ID_322_202201190055.mod,Provider upArea too small to be included in calibration,322,TRUE,1002,TRUE,Hemsil
EFAS,11,00323,Strømstøa,10.138882,60.314604,0,0.000000,0.000000,,,0,0,0,0,,,1,NRT_6h,C645,Drammen,NO,4750,4631.48,Drammen,3,0,TRUE,1,1,0,1,0,0,150,TRUE,4327500,4137500,24,ID_323_202201190055.mod,dam but not in lsf,323,TRUE,1002,TRUE,Adalselva
EFAS,11,00324,Sundbyfoss,10.123378,59.517291,0,0.000000,0.000000,,,0,0,0,0,,,1,,,Drammen,NO,125,74.68,Drammen,,0,TRUE,1,1,0,1,0,0,54,FALSE,4327500,4047500,24,ID_324_202201190108.mod,Provider upArea too small to be included in calibration,324,TRUE,1002,TRUE,Lianelva
EFAS,11,00325,Vinde-elv,9.075593,61.151746,0,0.000000,0.000000,,,0,0,0,0,,,0,,,Drammen,NO,300,269.34,Drammen,,0,TRUE,0,1,0,1,0,0,560,FALSE,4272500,4232500,24,,Provider upArea too small to be included in calibration,325,FALSE,1002,FALSE,Vinda
EFAS,11,00326,Vismunda,10.562095,60.958454,0,0.000000,0.000000,,,0,0,0,0,,,0,,,Glomma,NO,200,190.73,Glomma,,0,TRUE,0,1,0,1,0,0,190,FALSE,4347500,4207500,24,,Provider upArea too small to be included in calibration,326,FALSE,1002,FALSE,Vismunda
EFAS,11,00327,Veliko Selo,21.299877,44.494550,0,0.000000,0.000000,,,0,0,0,0,,,1,NRT_6h,,Danube,RS,1050,1124,Danube,3,0,TRUE,1,1,0,1,1,1,92.55,TRUE,5222500,2437500,24,ID_327_202201190127.mod,,327,TRUE,1020,TRUE,Mlava
EFAS,11,00328,Monte Da Vinha,-7.085033,38.832100,0,0.000000,0.000000,,,0,0,0,0,,,0,HIST_24h,,Guadiana,PT,49825,49865,Guadiana,3,0,TRUE,0,1,0,0,0,0,154.3,TRUE,2842500,1917500,24,,Outliers and missing data  use after 05-2000,328,FALSE,1023,FALSE,Guadiana
EFAS,11,00329,Ermida Corgo (Inag),-7.746670,41.231030,0,0.000000,0.000000,,,0,0,0,0,,,0,,,Douro,PT,300,309,Duero,,0,TRUE,0,1,0,0,0,0,-999,FALSE,2842500,2192500,,,Provider upArea too small to be included in calibration,329,FALSE,1023,FALSE,Corgo
EFAS,11,00330,Almourol,-8.375000,39.461000,0,0.000000,0.000000,,,0,0,0,0,,,0,HIST_24h,,Tagus,PT,67500,67482,Tajo,3,0,TRUE,0,1,0,0,0,0,12.2,TRUE,2742500,2012500,24,,,330,FALSE,1023,FALSE,Tagus
EFAS,11,00331,Tramagal,-8.226000,39.452000,0,0.000000,0.000000,,,0,0,0,0,,,0,HIST_24h,,Tagus,PT,62200,62148,Tajo,3,0,TRUE,0,1,0,0,0,0,17.54,TRUE,2757500,2007500,24,,,331,FALSE,1023,FALSE,Tagus
EFAS,11,00332,Martina,10.465434,46.885786,0,0.000000,0.000000,,,0,0,0,0,,,1,NRT_6h,C425,Danube,CH,2025,1945,Danube,2,0,TRUE,1,1,0,1,1,1,1030,FALSE,4352500,2637500,24,ID_332_202201190128.mod,oscillations strongly regulated  close to 184,332,TRUE,1003,TRUE,Inn
EFAS,11,00333,Locarno,8.804286,46.163631,0,0.000000,0.000000,,,0,0,0,0,,,1,HIST_24h,C427,Po,CH,2850,6562,Po,2,0,TRUE,0,1,0,0,1,1,193,FALSE,4222500,2557500,,,End 06-2004  close to 334,333,FALSE,1003,FALSE,Lago Maggiore
EFAS,11,00334,Bellinzona,9.032020,46.208770,0,0.000000,0.000000,,,0,0,0,0,,,1,NRT_6h,C426,Po,CH,1525,1515,Po,3,0,TRUE,1,1,0,1,1,1,220,TRUE,4242500,2562500,24,ID_334_202201190137.mod,oscillation in low flow,334,TRUE,1003,TRUE,Ticino
EFAS,11,00335,"Bern, Schönau",7.447957,46.933093,0,0.000000,0.000000,,,0,0,0,0,,,1,NRT_6h,C416,Rhine,CH,2975,2945,Rhine,3,0,TRUE,1,1,0,1,1,1,502,TRUE,4132500,2647500,24,ID_335_202201190139.mod,,335,TRUE,1003,TRUE,Aare
EFAS,11,00336,"Brügg, Aegerten",7.283394,47.122066,0,0.000000,0.000000,,,0,0,0,0,,,1,NRT_6h,,Rhine,CH,8300,8293,Rhine,3,0,TRUE,1,1,0,1,1,1,428,TRUE,4117500,2672500,24,ID_336_202201190139.mod,outliers  negative values removed with qc,336,TRUE,1003,TRUE,Aare
EFAS,11,00337,Brugg,8.194892,47.482538,0,0.000000,0.000000,,,0,0,0,0,,,1,NRT_6h,,Rhine,CH,11550,11726,Rhine,3,0,TRUE,1,1,0,1,1,1,332,TRUE,4182500,2707500,24,ID_337_202201190149.mod,,337,TRUE,1003,TRUE,Aare
EFAS,11,00338,Murgenthal,7.830621,47.266591,0,0.000000,0.000000,,,0,0,0,0,,,1,NRT_6h,C213,Rhine,CH,9950,10119,Rhine,3,0,TRUE,1,1,0,1,1,1,399,TRUE,4157500,2687500,24,ID_338_202201190154.mod,,338,TRUE,1003,TRUE,Aare
EFAS,11,00339,Thun,7.611825,46.764569,0,0.000000,0.000000,,,0,0,0,0,,,1,NRT_6h,,Rhine,CH,2650,2466,Rhine,2,0,TRUE,1,1,0,1,1,1,548,FALSE,4137500,2632500,24,ID_339_202201190202.mod,lake moved station downstream  close to 335,339,TRUE,1003,TRUE,Aare
EFAS,11,00340,"Untersiggenthal, Stilli",8.234809,47.516629,0,0.000000,0.000000,,,0,0,0,0,,,1,NRT_6h,C212,Rhine,CH,17525,17601,Rhine,3,0,TRUE,1,1,0,1,1,1,326,TRUE,4187500,2712500,24,ID_340_202201190208.mod,Moved South to avoid conflict in inflow point,340,TRUE,1003,TRUE,Aare
EFAS,11,00341,"Ligerz, Klein Twann",7.153092,47.091683,0,0.000000,0.000000,,,0,0,0,0,,,1,,,Rhine,CH,7825,8281,Rhine,,0,FALSE,0,0,0,0,1,1,429,FALSE,4102500,2667500,,,No discharge data available for calibration period,341,FALSE,1003,FALSE,Bielersee
EFAS,11,00342,Romanshorn,9.381006,47.564785,0,0.000000,0.000000,,,0,0,0,0,,,1,,,Rhine,CH,75,10922,Rhine,,0,FALSE,0,0,0,0,1,1,396,FALSE,4272500,2717500,,,No discharge data available for calibration period,342,FALSE,1003,FALSE,Obersee
EFAS,11,00343,Berlingen,9.017593,47.675461,0,0.000000,0.000000,,,0,0,0,0,,,1,NRT_6h,,Rhine,CH,11325,11487,Rhine,3,0,TRUE,1,0,0,1,1,1,395,TRUE,4242500,2727500,24,ID_343_202201190212.mod,two small outliers after qs,343,TRUE,1003,TRUE,Untersee
EFAS,11,00344,Ringgenberg,7.898240,46.701346,0,0.000000,0.000000,,,0,0,0,0,,,1,,,Rhine,CH,750,1127,Rhine,,0,FALSE,0,0,0,0,1,1,564,FALSE,4162500,2622500,,,No discharge data available for calibration period,344,FALSE,1003,FALSE,Brienzersee
EFAS,11,00345,Fürstenau,9.447353,46.715082,0,0.000000,0.000000,,,0,0,0,0,,,1,NRT_6h,,Rhine,CH,1550,1575,Rhine,0,0,TRUE,1,1,0,1,1,1,650,FALSE,4277500,2622500,24,ID_345_202201190222.mod,low quality data  dam regulated,345,TRUE,1003,TRUE,Hinterrhein
EFAS,11,00346,"Neuchatel, Port",6.933559,46.991077,0,0.000000,0.000000,,,0,0,0,0,,,0,,,Rhine,CH,1575,2671,Rhine,,0,FALSE,0,0,0,0,1,0,429,FALSE,4087500,2657500,,,No discharge data available for calibration period,346,FALSE,1003,FALSE,Lac de Neuchatel
EFAS,11,00347,"Baden, Limmatpromenade",8.309418,47.475706,0,0.000000,0.000000,,,0,0,0,0,,,1,NRT_6h,,Rhine,CH,2425,2396,Rhine,3,0,TRUE,1,1,0,1,1,1,351,TRUE,4192500,2707500,24,ID_347_202201190222.mod,,347,TRUE,1003,TRUE,Limmat
EFAS,11,00348,"Zuerich,Unterhard",8.525453,47.390585,0,0.000000,0.000000,,,0,0,0,0,,,1,NRT_6h,,Rhine,CH,2225,2176,Rhine,2,0,TRUE,1,1,0,1,1,1,400,FALSE,4207500,2697500,24,ID_348_202201190225.mod,lake  close to 347,348,TRUE,1003,TRUE,Limmat
EFAS,11,00349,"Weesen, Biäsche",9.088424,47.131563,0,0.000000,0.000000,,,0,0,0,0,,,1,NRT_6h,,Rhine,CH,1150,1061,Rhine,3,0,TRUE,1,1,0,1,1,1,419,TRUE,4252500,2667500,24,ID_349_202201190230.mod,,349,TRUE,1003,TRUE,Linth
EFAS,11,00350,"Luzern, Geissmattbrücke",8.298489,47.054009,0,0.000000,0.000000,,,0,0,0,0,,,1,NRT_6h,,Rhine,CH,2800,2251,Rhine,3,0,TRUE,1,1,0,1,1,1,432,TRUE,4192500,2662500,24,ID_350_202201190240.mod,after 06-2012  outliers removed with qc,350,TRUE,1003,TRUE,Reuss
EFAS,11,00351,Mellingen,8.271283,47.421030,0,0.000000,0.000000,,,0,0,0,0,,,1,NRT_6h,C421,Rhine,CH,3425,3382,Rhine,3,0,TRUE,1,1,0,1,1,1,345,TRUE,4192500,2697500,24,ID_351_202201190254.mod,after 06-2012,351,TRUE,1003,TRUE,Reuss
EFAS,11,00352,"Mühlau, Hünenberg",8.396131,47.222351,0,0.000000,0.000000,,,0,0,0,0,,,1,NRT_6h,,Rhine,CH,3250,2904,Rhine,2,0,TRUE,1,1,0,1,1,1,390,FALSE,4197500,2677500,24,ID_352_202201190254.mod,after 06-2012    lake  close to 351,352,TRUE,1003,TRUE,Reuss
EFAS,11,00353,"Basel, Rheinhalle",7.616670,47.559432,0,0.000000,0.000000,,,0,0,0,0,,,1,NRT_6h,C417,Rhine,CH,35800,35897,Rhine,3,0,TRUE,1,1,0,1,1,1,246,TRUE,4142500,2717500,24,ID_353_202201190255.mod,,353,TRUE,1003,TRUE,Rhine
EFAS,11,00354,"Diepoldsau, Rietbrücke",9.640909,47.383068,0,0.000000,0.000000,,,0,0,0,0,,,1,NRT_6h,C201,Rhine,CH,6275,6119,Rhine,2,0,TRUE,1,1,0,1,1,1,410,FALSE,4292500,2692500,24,ID_354_202201190258.mod,oscillations  in low flow close to 227,354,TRUE,1003,TRUE,Rhine
EFAS,11,00355,Domat/Ems,9.456125,46.837667,0,0.000000,0.000000,,,0,0,0,0,,,1,NRT_6h,C419,Rhine,CH,3250,3229,Rhine,3,0,TRUE,1,1,0,1,1,1,575,TRUE,4282500,2637500,24,ID_355_202201190309.mod,oscillations in low flow,355,TRUE,1003,TRUE,Rhine
EFAS,11,00356,"Neuhausen, Flurlingerbrücke",8.625871,47.682331,0,0.000000,0.000000,,,0,0,0,0,,,1,NRT_6h,C418,Rhine,CH,11775,11887,Rhine,3,0,TRUE,1,1,0,1,1,1,383,TRUE,4217500,2727500,24,ID_356_202201190320.mod,Outliers  zeros  negative values removed with qc,356,TRUE,1003,TRUE,Rhine
EFAS,11,00357,Rekingen,8.329848,47.570622,0,0.000000,0.000000,,,0,0,0,0,,,1,NRT_6h,C200,Rhine,CH,14625,14718,Rhine,3,0,TRUE,1,1,0,1,1,1,323,TRUE,4192500,2722500,24,ID_357_202201190327.mod,,357,TRUE,1003,TRUE,Rhine
EFAS,11,00358,Rheinfelden (Messstation),7.799905,47.560715,0,0.000000,0.000000,,,0,0,0,0,,,1,NRT_6h,,Rhine,CH,34350,34526,Rhine,2,0,TRUE,1,1,0,1,1,1,262,FALSE,4152500,2717500,24,ID_358_202201190327.mod,Close to 353,358,TRUE,1003,TRUE,Rhine
EFAS,11,00359,Laupen,7.234397,46.908623,0,0.000000,0.000000,,,0,0,0,0,,,1,NRT_6h,,Rhine,CH,1925,1861,Rhine,0,0,TRUE,1,1,0,1,1,1,480,FALSE,4112500,2647500,24,ID_359_202201190331.mod,dams strongly regulated very large oscillations,359,TRUE,1003,TRUE,Saane
EFAS,11,00360,"Spiez, Kraftwerk BKW",7.664559,46.696740,0,0.000000,0.000000,,,0,0,0,0,,,1,,,Rhine,CH,1350,2454,Rhine,,0,FALSE,0,0,0,0,1,1,558,FALSE,4142500,2622500,,,No discharge data available for calibration period,360,FALSE,1003,FALSE,Thunersee
EFAS,11,00361,Andelfingen,8.681994,47.596521,0,0.000000,0.000000,,,0,0,0,0,,,1,NRT_6h,C422,Rhine,CH,1750,1696,Rhine,3,0,TRUE,1,1,0,1,1,1,356,TRUE,4227500,2722500,24,ID_361_202201190331.mod,,361,TRUE,1003,TRUE,Thur
EFAS,11,00362,Halden,9.211560,47.505789,0,0.000000,0.000000,,,0,0,0,0,,,1,NRT_6h,,Rhine,CH,1125,1085,Rhine,3,0,TRUE,1,1,0,1,1,1,456,TRUE,4262500,2707500,24,ID_362_202201190340.mod,,362,TRUE,1003,TRUE,Thur
EFAS,11,00363,Luzern,8.319827,47.054881,0,0.000000,0.000000,,,0,0,0,0,,,1,,,Rhine,CH,2175,2238,Rhine,,0,FALSE,0,0,0,0,1,1,434,FALSE,4197500,2657500,,,No discharge data available for calibration period,363,FALSE,1003,FALSE,Vierwaldstattersee
EFAS,11,00364,Murg,9.210032,47.113377,0,0.000000,0.000000,,,0,0,0,0,,,1,,,Rhine,CH,325,1061,Rhine,,0,FALSE,0,0,0,0,1,1,419,FALSE,4262500,2667500,,,No discharge data available for calibration period,364,FALSE,1003,FALSE,Walensee
EFAS,11,00365,"Zürich, Zürichhorn",8.550468,47.354771,0,0.000000,0.000000,,,0,0,0,0,,,1,,,Rhine,CH,2050,1829,Rhine,,0,FALSE,0,0,0,0,1,1,406,FALSE,4212500,2692500,,,No discharge data available for calibration period,365,FALSE,1003,FALSE,Zurichsee
EFAS,11,00366,"Geneve, Bout Du Monde",6.159361,46.180286,0,0.000000,0.000000,,,0,0,0,0,,,1,NRT_6h,,Rhone,CH,1925,1976,Rhone,3,0,TRUE,1,1,0,1,1,1,380,TRUE,4027500,2572500,24,ID_366_202201190346.mod,,366,TRUE,1003,TRUE,Arve
EFAS,11,00367,Ocourt,7.075075,47.350420,0,0.000000,0.000000,,,0,0,0,0,,,1,NRT_6h,,Rhone,CH,1250,1230,Rhone,3,0,TRUE,1,1,0,1,1,1,417,TRUE,4097500,2692500,24,ID_367_202201190350.mod,after 06-2012   zeros removed with qc,367,TRUE,1003,TRUE,Doubs
EFAS,11,00368,St. Prex,6.461138,46.482796,0,0.000000,0.000000,,,0,0,0,0,,,1,,,Rhone,CH,50,7999,Rhone,,0,FALSE,0,0,0,0,1,1,372,FALSE,4047500,2602500,,,No discharge data available for calibration period,368,FALSE,1003,FALSE,Lac Leman
EFAS,11,00369,Branson,7.091272,46.125659,0,0.000000,0.000000,,,0,0,0,0,,,1,NRT_6h,,Rhone,CH,3725,3752,Rhone,0,0,TRUE,1,1,0,1,1,1,457,FALSE,4097500,2562500,24,ID_369_202201190402.mod,after 06-2012 Large oscillations,369,TRUE,1003,TRUE,Rhône
EFAS,11,00370,"Chancy, Aux Ripes",5.970734,46.152975,0,0.000000,0.000000,,,0,0,0,0,,,1,NRT_6h,,Rhone,CH,10375,10323,Rhone,0,0,TRUE,1,1,0,1,1,1,336,FALSE,4007500,2567500,24,ID_370_202201190402.mod,large obscillations   low quality data,370,TRUE,1003,TRUE,Rhone
EFAS,11,00371,Porte du Scex,6.888610,46.349566,0,0.000000,0.000000,,,0,0,0,0,,,1,NRT_6h,C423,Rhone,CH,5300,5244,Rhone,0,0,TRUE,1,1,0,1,1,1,377,FALSE,4082500,2587500,24,ID_371_202201190402.mod,Large obscillations,371,TRUE,1003,TRUE,Rhone
EFAS,11,00372,Sion,7.357900,46.219090,0,0.000000,0.000000,,,0,0,0,0,,,1,NRT_6h,,Rhone,CH,3400,3373,Rhone,1,0,TRUE,1,1,0,1,1,1,484,FALSE,4112500,2572500,24,ID_372_202201190402.mod,Low flow is wrong  could use hist24,372,TRUE,1003,TRUE,Rhone
EFAS,11,00374,Ca' Dolfin,12.435183,44.935962,0,0.000000,0.000000,,,0,0,0,0,,,0,,,Po,IT,71600,,Po,,0,FALSE,0,0,0,0,0,0,9,FALSE,4512500,2427500,,,No discharge data available for calibration period,374,FALSE,1016,FALSE,Po di Tolle
EFAS,11,00375,Ca' Venier,12.331097,44.957861,0,0.000000,0.000000,,,0,0,0,0,,,0,,,Po,IT,71550,,Po,,0,FALSE,0,0,0,0,0,0,9,FALSE,4507500,2432500,,,No discharge data available for calibration period,375,FALSE,1016,FALSE,Po di Maistra
EFAS,11,00376,Cavanella,12.151948,45.027844,0,0.000000,0.000000,,,0,0,0,0,,,0,,,Po,IT,71450,,Po,,0,FALSE,0,0,0,0,0,0,7,FALSE,4492500,2437500,,,No discharge data available for calibration period,376,FALSE,1016,FALSE,Po di Venezia
EFAS,11,00377,Porto Tolle,12.303133,44.948231,0,0.000000,0.000000,,,0,0,0,0,,,0,,,Po,IT,71525,,Po,,0,FALSE,0,0,0,0,0,0,14,FALSE,4502500,2427500,,,No discharge data available for calibration period,377,FALSE,1016,FALSE,Po di Gnocca
EFAS,11,00378,Parma idro,10.325665,44.809955,0,0.000000,0.000000,,,0,0,0,0,,,0,,,Po,IT,725,,Po,,0,FALSE,0,0,0,0,0,0,57,FALSE,4347500,2412500,,,No discharge data available for calibration period,378,FALSE,1016,FALSE,Parma
EFAS,11,00379,Vigoleno,9.916907,44.820720,0,0.000000,0.000000,,,0,0,0,0,,,1,,,Po,IT,100,,Po,,0,TRUE,0,0,0,1,1,1,189,FALSE,4312500,2412500,,,No discharge data available for calibration period,379,FALSE,1016,FALSE,Stirone
EFAS,11,00380,Borgotaro,9.842190,44.514057,0,0.000000,0.000000,,,0,0,0,0,,,1,NRT_6h,,Po,IT,400,,Po,3,0,TRUE,0,1,0,1,1,1,354,TRUE,4307500,2377500,24,,,380,FALSE,1016,FALSE,Taro
EFAS,11,00381,Farini,9.569663,44.712114,0,0.000000,0.000000,,,0,0,0,0,,,1,NRT_6h,,Po,IT,250,,Po,0,0,TRUE,0,1,0,1,1,1,436,FALSE,4287500,2402500,,,Missing data  small LDD uparea,381,FALSE,1016,FALSE,Nure
EFAS,11,00382,Corniglio,10.099499,44.487276,0,0.000000,0.000000,,,0,0,0,0,,,1,,,Po,IT,150,,Po,,0,TRUE,0,1,0,1,1,1,544,FALSE,4332500,2377500,,,Not enough discarge data available for calibration period,382,FALSE,1016,FALSE,Parma
EFAS,11,00383,Ferriere idro,9.498643,44.643676,0,0.000000,0.000000,,,0,0,0,0,,,1,NRT_6h,,Po,IT,100,,Po,0,0,TRUE,0,1,0,1,1,1,629,FALSE,4282500,2392500,,,low data quality  small LDD uparea,383,FALSE,1016,FALSE,Nure
EFAS,11,00384,Compiano,10.352731,44.524367,0,0.000000,0.000000,,,0,0,0,0,,,1,NRT_6h,,Po,IT,125,,Po,0,0,TRUE,0,1,0,1,1,1,296,FALSE,4352500,2377500,,,Low quality data Moved on affluent,384,FALSE,1016,FALSE,Tassobio
EFAS,11,00385,Rivalta RE,10.599173,44.655464,0,0.000000,0.000000,,,0,0,0,0,,,1,,,Po,IT,125,,Po,,0,FALSE,0,0,0,0,1,1,94,FALSE,4367500,2392500,,,No discharge data available for calibration period,385,FALSE,1016,FALSE,Crostolo
EFAS,11,00386,Berceto Baganza,9.993069,44.503582,0,0.000000,0.000000,,,0,0,0,0,,,1,NRT_6h,,Po,IT,25,,Po,0,0,TRUE,0,0,0,1,1,1,803,FALSE,4322500,2377500,,,few Low quality data small LDD uparea,386,FALSE,1016,FALSE,Baganza
EFAS,11,00387,Ponte dell'Olio,9.643822,44.873783,0,0.000000,0.000000,,,0,0,0,0,,,1,,,Po,IT,350,,Po,,0,FALSE,0,0,0,0,1,1,207,FALSE,4292500,2417500,,,No discharge data available for calibration period,387,FALSE,1016,FALSE,Nure
EFAS,11,00388,Ponte Lamberti,9.812113,44.650996,0,0.000000,0.000000,,,0,0,0,0,,,1,NRT_6h,,Po,IT,350,,Po,0,0,TRUE,0,0,0,1,1,1,341,FALSE,4307500,2392500,,,Low quality data,388,FALSE,1016,FALSE,Ceno
EFAS,11,00389,Pradella,9.737732,44.474762,0,0.000000,0.000000,,,0,0,0,0,,,1,NRT_6h,,Po,IT,325,,Po,0,0,TRUE,0,0,0,1,1,1,422,FALSE,4302500,2372500,,,Large change in rating curve  use 380  small LDD uparea,389,FALSE,1016,FALSE,Taro
EFAS,11,00390,Bobbio,9.383694,44.755103,0,0.000000,0.000000,,,0,0,0,0,,,1,NRT_6h,,Po,IT,700,,Po,3,0,TRUE,0,1,0,1,1,1,272,TRUE,4272500,2407500,24,,,390,FALSE,1016,FALSE,Trebbia
EFAS,11,00391,Ponte Bacchello,10.987340,44.747546,0,0.000000,0.000000,,,0,0,0,0,,,1,NRT_6h,,Po,IT,1575,,Po,2,0,TRUE,0,1,0,1,1,1,38,FALSE,4397500,2402500,,,close to 410,391,FALSE,1016,FALSE,Secchia
EFAS,11,00392,Varano,9.905313,44.682705,0,0.000000,0.000000,,,0,0,0,0,,,0,,,Po,IT,400,,Po,,0,FALSE,0,0,0,0,1,0,259,FALSE,4312500,2397500,,,No discharge data available for calibration period,392,FALSE,1016,FALSE,Ceno
EFAS,11,00393,Pontelagoscuro,11.608072,44.888296,0,0.000000,0.000000,,,0,0,0,0,,,1,NRT_6h,C140,Po,IT,71175,70091,Po,3,0,TRUE,1,1,0,1,1,1,8,TRUE,4447500,2422500,24,ID_393_202201190415.mod,,393,TRUE,1016,TRUE,Po
EFAS,11,00394,Lugo,10.653639,44.433441,0,0.000000,0.000000,,,0,0,0,0,,,1,NRT_6h,,Po,IT,925,,Po,3,0,TRUE,0,0,0,1,1,1,247,TRUE,4372500,2367500,24,,,394,FALSE,1016,FALSE,Secchia
EFAS,11,00395,Ponte Samone,10.922664,44.356595,0,0.000000,0.000000,,,0,0,0,0,,,1,NRT_6h,,Po,IT,600,,Po,3,0,TRUE,0,0,0,1,1,1,226,TRUE,4392500,2362500,24,,,395,FALSE,1016,FALSE,Panaro
EFAS,11,00396,Bomporto,11.045084,44.727163,0,0.000000,0.000000,,,0,0,0,0,,,1,NRT_6h,C689,Po,IT,1100,,Po,3,0,TRUE,0,1,0,1,1,1,32,TRUE,4402500,2402500,24,,,396,FALSE,1016,FALSE,Panaro
EFAS,11,00397,Trebbia Valsigiara,9.330116,44.640245,0,0.000000,0.000000,,,0,0,0,0,,,1,NRT_6h,,Po,IT,250,,Po,0,0,TRUE,0,1,0,1,1,1,462,FALSE,4267500,2392500,,,small LDD uparea,397,FALSE,1016,FALSE,Trebbia
EFAS,11,00398,Piacenza,9.705535,45.060519,0,0.000000,0.000000,,,0,0,0,0,,,1,NRT_6h,C468,Po,IT,41950,42030,Po,3,0,TRUE,1,1,0,1,1,1,55,TRUE,4302500,2442500,24,ID_398_202201190415.mod,,398,TRUE,1016,TRUE,Po
EFAS,11,00399,Cremona,9.995033,45.128596,0,0.000000,0.000000,,,0,0,0,0,,,0,HIST_24h,C138,Po,IT,51075,,Po,3,0,TRUE,0,1,0,0,0,0,38,TRUE,4322500,2447500,24,,Located manually,399,FALSE,1016,FALSE,Po
EFAS,11,00400,Polesella,11.756259,44.959259,0,0.000000,0.000000,,,0,0,0,0,,,0,,,Po,IT,71225,,Po,,0,FALSE,0,0,0,0,1,0,9,FALSE,4457500,2427500,,,No discharge data available for calibration period,400,FALSE,1016,FALSE,Po
EFAS,11,00401,Ariano,12.122145,44.942901,0,0.000000,0.000000,,,0,0,0,0,,,1,,,Po,IT,71375,,Po,,0,FALSE,0,0,0,0,1,1,4,FALSE,4487500,2432500,,,No discharge data available for calibration period,401,FALSE,1016,FALSE,Po
EFAS,11,00402,Ponte Cavola,10.523020,44.409339,0,0.000000,0.000000,,,0,0,0,0,,,1,NRT_6h,,Po,IT,375,,Po,1,0,TRUE,0,0,0,1,1,1,367,FALSE,4362500,2367500,,,Exclude from 02-2017 for change to hydro zero,402,FALSE,1016,FALSE,Secchia
EFAS,11,00403,Solignano,9.985977,44.615581,0,0.000000,0.000000,,,0,0,0,0,,,0,,,Po,IT,600,,Po,,0,FALSE,0,0,0,0,1,0,235,FALSE,4317500,2387500,,,No discharge data available for calibration period,403,FALSE,1016,FALSE,Taro
EFAS,11,00404,Bardi idro,9.733152,44.620757,0,0.000000,0.000000,,,0,0,0,0,,,0,,,Po,IT,200,,Po,,0,FALSE,0,0,0,0,0,0,381,FALSE,4297500,2392500,,,No discharge data available for calibration period,404,FALSE,1016,FALSE,Ceno
EFAS,11,00405,Ponte Veggia,10.770793,44.548592,0,0.000000,0.000000,,,0,0,0,0,,,1,,,Po,IT,1075,,Po,,0,TRUE,0,0,0,1,1,1,122,FALSE,4382500,2382500,,,Not enough discarge data available for calibration period,405,FALSE,1016,FALSE,Secchia
EFAS,11,00406,Ponte Val di Sasso,10.818805,44.272581,0,0.000000,0.000000,,,0,0,0,0,,,1,,,Po,IT,275,,Po,,0,FALSE,0,0,0,0,1,1,367,FALSE,4387500,2352500,,,No discharge data available for calibration period,406,FALSE,1016,FALSE,Scoltenna
EFAS,11,00407,Ponte Dolo,10.613663,44.373776,0,0.000000,0.000000,,,0,0,0,0,,,1,,,Po,IT,300,,Po,,0,TRUE,0,0,0,1,1,1,339,FALSE,4372500,2362500,,,No discharge data available for calibration period,407,FALSE,1016,FALSE,Dolo
EFAS,11,00408,San Donnino,10.962309,44.588553,0,0.000000,0.000000,,,0,0,0,0,,,1,NRT_6h,,Po,IT,875,,Po,0,0,TRUE,0,0,0,1,1,1,44,FALSE,4397500,2387500,,,Wrong LDD,408,FALSE,1016,FALSE,Tiepido
EFAS,11,00409,Camposanto,11.135092,44.786696,0,0.000000,0.000000,,,0,0,0,0,,,1,,,Po,IT,1150,,Po,,0,FALSE,0,0,0,0,1,1,28,FALSE,4412500,2407500,,,No discharge data available for calibration period,409,FALSE,1016,FALSE,Panaro
EFAS,11,00410,Pioppa,10.964897,44.856755,0,0.000000,0.000000,,,0,0,0,0,,,1,NRT_6h,,Po,IT,1675,,Po,3,0,TRUE,0,0,0,1,1,1,32,TRUE,4397500,2417500,24,,,410,FALSE,1016,FALSE,Secchia
EFAS,11,00411,Navicello,10.995307,44.669950,0,0.000000,0.000000,,,0,0,0,0,,,1,,,Po,IT,1075,,Po,,0,FALSE,0,0,0,0,1,1,36,FALSE,4402500,2397500,,,No discharge data available for calibration period,411,FALSE,1016,FALSE,Panaro
EFAS,11,00412,Gatta,10.464939,44.402599,0,0.000000,0.000000,,,0,0,0,0,,,1,NRT_6h,,Po,IT,225,,Po,0,0,TRUE,0,0,0,1,1,1,397,FALSE,4347500,2362500,,,Moved upstream of concluence  low quality data  small LDD uparea,412,FALSE,1016,FALSE,Secchia
EFAS,11,00413,Selvanizza,10.235787,44.439781,0,0.000000,0.000000,,,0,0,0,0,,,1,NRT_6h,,Po,IT,100,,Po,0,0,TRUE,0,0,0,1,1,1,474,FALSE,4337500,2372500,,,Moved on right affluent   low quality data small LDD uparea,413,FALSE,1016,FALSE,Cedra
EFAS,11,00414,Currada,10.385704,44.545713,0,0.000000,0.000000,,,0,0,0,0,,,0,,,Po,IT,450,,Po,,0,FALSE,0,0,0,0,0,0,243,FALSE,4352500,2382500,,,No discharge data available for calibration period,414,FALSE,1016,FALSE,Enza
EFAS,11,00415,Langhirano idro,10.273863,44.612393,0,0.000000,0.000000,,,0,0,0,0,,,1,,,Po,IT,325,,Po,,0,FALSE,0,0,0,0,1,1,263,FALSE,4342500,2387500,,,No discharge data available for calibration period,415,FALSE,1016,FALSE,Parma
EFAS,11,00416,Parma Ponte Nuovo,10.318830,44.790114,0,0.000000,0.000000,,,0,0,0,0,,,1,NRT_6h,,Po,IT,250,,Po,0,0,TRUE,0,0,0,1,1,1,65,FALSE,4342500,2407500,,,Moved on affluent   low quality data slamm LDD uparea,416,FALSE,1016,FALSE,Baganza
EFAS,11,00417,San Giorgio Piacentino,9.737860,44.964740,0,0.000000,0.000000,,,0,0,0,0,,,0,,,Po,IT,425,,Po,,0,FALSE,0,0,0,0,1,0,94,FALSE,4302500,2427500,,,No discharge data available for calibration period,417,FALSE,1016,FALSE,Nure
EFAS,11,00418,Marzolara,10.171386,44.634852,0,0.000000,0.000000,,,0,0,0,0,,,1,NRT_6h,,Po,IT,150,,Po,0,0,TRUE,0,0,0,1,1,1,309,FALSE,4332500,2392500,,,small LDD upareaLow quality  few data,418,FALSE,1016,FALSE,Baganza
EFAS,11,00419,Pianello Val Tidone idro,9.440624,44.964274,0,0.000000,0.000000,,,0,0,0,0,,,1,,,Po,IT,225,,Po,,0,FALSE,0,0,0,0,1,1,154,FALSE,4277500,2427500,,,No discharge data available for calibration period,419,FALSE,1016,FALSE,Tidone
EFAS,11,00420,Rottofreno,9.529765,45.056681,0,0.000000,0.000000,,,0,0,0,0,,,1,NRT_6h,,Po,IT,375,,Po,0,0,TRUE,0,0,0,1,1,1,65,FALSE,4282500,2437500,,,Change in hydrometric zero,420,FALSE,1016,FALSE,Tidone
EFAS,11,00421,Salsominore,9.405315,44.632711,0,0.000000,0.000000,,,0,0,0,0,,,1,NRT_6h,,Po,IT,225,,Po,0,0,TRUE,0,0,0,1,1,1,408,FALSE,4272500,2392500,,,Exclude from 10-2015 to 05-2016 for change in hydrometric zero  small LDD uparea,421,FALSE,1016,FALSE,Aveto
EFAS,11,00422,Saliceto,9.866951,44.992099,0,0.000000,0.000000,,,0,0,0,0,,,1,NRT_6h,,Po,IT,300,,Po,0,0,TRUE,0,0,0,1,1,1,57,FALSE,4312500,2432500,,,Error in LDD  draining also Riglio,422,FALSE,1016,FALSE,Chiavenna
EFAS,11,00423,Ciriano,9.813531,44.908826,0,0.000000,0.000000,,,0,0,0,0,,,1,NRT_6h,,Po,IT,150,,Po,0,0,TRUE,0,0,0,1,1,1,116,FALSE,4307500,2422500,,,Very low quality data small LDD uparea,423,FALSE,1016,FALSE,Torrente Chero
EFAS,11,00424,Rivergaro,9.582107,44.900392,0,0.000000,0.000000,,,0,0,0,0,,,1,NRT_6h,,Po,IT,900,,Po,1,0,TRUE,0,0,0,1,1,1,148,FALSE,4287500,2422500,,,Exclude from 10-2015 to 05-2016 for change in hydrometric zero,424,FALSE,1016,FALSE,Trebbia
EFAS,11,00425,Tornolo,9.630549,44.491510,0,0.000000,0.000000,,,0,0,0,0,,,1,NRT_6h,,Po,IT,150,,Po,0,0,TRUE,0,0,0,1,1,1,491,FALSE,4292500,2377500,,,Close to 380  small LDD uparea,425,FALSE,1016,FALSE,Taro
EFAS,11,00426,Parma Ovest,10.224643,44.822626,0,0.000000,0.000000,,,0,0,0,0,,,1,NRT_6h,,Po,IT,1375,,Po,0,0,TRUE,0,0,0,1,1,1,64,FALSE,4337500,2412500,,,Low quality data and wrong LDD  use 428,426,FALSE,1016,FALSE,Taro
EFAS,11,00427,Noceto,10.169464,44.808620,0,0.000000,0.000000,,,0,0,0,0,,,1,,,Po,IT,25,,Po,,0,FALSE,0,0,0,0,1,1,80,FALSE,4332500,2407500,,,No discharge data available for calibration period,427,FALSE,1016,FALSE,Recchio
EFAS,11,00428,San Secondo,10.254303,44.916891,0,0.000000,0.000000,,,0,0,0,0,,,1,NRT_6h,,Po,IT,1450,,Po,3,0,TRUE,0,0,0,1,1,1,42,TRUE,4342500,2422500,24,,,428,FALSE,1016,FALSE,Taro
EFAS,11,00429,Ponte Alto,10.899344,44.669669,0,0.000000,0.000000,,,0,0,0,0,,,1,NRT_6h,,Po,IT,1525,,Po,2,0,TRUE,0,0,0,1,1,1,43,FALSE,4392500,2397500,,,Closr to 391,429,FALSE,1016,FALSE,Secchia
EFAS,11,00430,Rossenna,14.344940,46.062280,0,0.000000,0.000000,,,0,0,0,0,,,1,NRT_6h,,Po,IT,200,,Po,0,1,FALSE,0,0,0,1,1,1,250,FALSE,4377500,2367500,,,DO NOT USE  Same as 4242  small LDD uparea,430,FALSE,1016,FALSE,Rosenna
EFAS,11,00431,Pievepelago idro,10.630172,44.215298,0,0.000000,0.000000,,,0,0,0,0,,,1,NRT_6h,,Po,IT,150,,Po,0,0,TRUE,0,0,0,1,1,1,737,FALSE,4372500,2347500,,,small LDD uparea,431,FALSE,1016,FALSE,Scoltenna
EFAS,11,00432,Fanano,10.799092,44.203858,0,0.000000,0.000000,,,0,0,0,0,,,1,NRT_6h,,Po,IT,75,,Po,0,0,TRUE,0,0,0,1,1,1,512,FALSE,4382500,2342500,,,Exclude after 06-2015  small LDD uparea,432,FALSE,1016,FALSE,Leo
EFAS,11,00433,Modena Naviglio,10.947561,44.679461,0,0.000000,0.000000,,,0,0,0,0,,,1,NRT_6h,,Po,IT,25,,Po,0,0,TRUE,0,0,0,1,1,1,32,FALSE,4392500,2392500,,,Wrong LDD,433,FALSE,1016,FALSE,Naviglio
EFAS,11,00434,Rubiera SS9,10.795542,44.650392,0,0.000000,0.000000,,,0,0,0,0,,,1,NRT_6h,,Po,IT,1425,,Po,0,0,TRUE,0,1,0,1,1,1,57,FALSE,4382500,2392500,,,Low quality data,434,FALSE,1016,FALSE,Secchia
EFAS,11,00435,Gorzano,10.880881,44.512882,0,0.000000,0.000000,,,0,0,0,0,,,1,NRT_6h,,Po,IT,50,,Po,0,0,TRUE,0,0,0,1,1,1,150,FALSE,4392500,2377500,,,Low quality data small LDD uparea,435,FALSE,1016,FALSE,Panaro
EFAS,11,00436,Spilamberto,11.029999,44.533978,0,0.000000,0.000000,,,0,0,0,0,,,1,NRT_6h,,Po,IT,775,,Po,0,0,TRUE,0,0,0,1,1,1,72,FALSE,4402500,2382500,,,Low quality data  use 395,436,FALSE,1016,FALSE,Panaro
EFAS,11,00437,Fiumalbo,10.649172,44.179338,0,0.000000,0.000000,,,0,0,0,0,,,1,NRT_6h,,Po,IT,125,,Po,0,0,TRUE,0,0,0,1,1,1,944,FALSE,4372500,2342500,,,Low quality data small LDD uparea,437,FALSE,1016,FALSE,Acquicciola
EFAS,11,00438,Cadelbosco,10.581190,44.778796,0,0.000000,0.000000,,,0,0,0,0,,,1,NRT_6h,,Po,IT,350,,Po,0,0,TRUE,0,0,0,1,1,1,38,FALSE,4367500,2407500,,,oscillations small LDD area,438,FALSE,1016,FALSE,Crostolo
EFAS,11,00439,Puianello,10.567929,44.624019,0,0.000000,0.000000,,,0,0,0,0,,,1,NRT_6h,,Po,IT,100,,Po,0,0,TRUE,0,0,0,1,1,1,136,FALSE,4367500,2387500,,,small LDD uparea,439,FALSE,1016,FALSE,Crostolo
EFAS,11,00440,Rubiera Tresinaro,10.789997,44.648039,0,0.000000,0.000000,,,0,0,0,0,,,1,,,Po,IT,225,,Po,,0,FALSE,0,0,0,0,1,1,54,FALSE,4377500,2387500,,,No discharge data available for calibration period,440,FALSE,1016,FALSE,Tresinaro
EFAS,11,00441,Selvanizza Enza,10.237433,44.437944,0,0.000000,0.000000,,,0,0,0,0,,,0,,,Po,IT,75,,Po,,0,FALSE,0,0,0,0,1,0,483,FALSE,4337500,2367500,,,No discharge data available for calibration period,441,FALSE,1016,FALSE,Enza
EFAS,11,00442,Lonza,10.325267,44.466965,0,0.000000,0.000000,,,0,0,0,0,,,0,NRT_6h,,Po,IT,50,,Po,0,0,TRUE,0,0,0,1,1,0,381,FALSE,4347500,2367500,24,,Few data low quality,442,FALSE,1016,FALSE,Lonza
EFAS,11,00443,Vetto,10.329979,44.493422,0,0.000000,0.000000,,,0,0,0,0,,,1,NRT_6h,,Po,IT,425,,Po,3,0,TRUE,0,0,0,1,1,1,342,TRUE,4347500,2377500,24,,,443,FALSE,1016,FALSE,Enza
EFAS,11,00444,Gatta Secchiello,10.471810,44.400736,0,0.000000,0.000000,,,0,0,0,0,,,0,,,Po,IT,350,,Po,,0,FALSE,0,0,0,0,0,0,396,FALSE,4357500,2367500,,,No discharge data available for calibration period,444,FALSE,1016,FALSE,Secchiello
EFAS,11,00445,Ponte Nibbiano,9.332530,44.905152,0,0.000000,0.000000,,,0,0,0,0,,,1,,,Po,IT,150,,Po,,0,TRUE,0,0,0,1,1,1,278,FALSE,4267500,2422500,,,No discharge data available for calibration period,445,FALSE,1016,FALSE,Tidone
EFAS,11,00446,Veggiola,9.722441,44.869712,0,0.000000,0.000000,,,0,0,0,0,,,1,,,Po,IT,75,,Po,,0,TRUE,0,0,0,1,1,1,202,FALSE,4297500,2417500,,,No discharge data available for calibration period,446,FALSE,1016,FALSE,Riglio
EFAS,11,00447,Lugagnano,9.831999,44.819875,0,0.000000,0.000000,,,0,0,0,0,,,1,,,Po,IT,150,,Po,,0,FALSE,0,0,0,0,1,1,216,FALSE,4307500,2412500,,,No discharge data available for calibration period,447,FALSE,1016,FALSE,Arda
EFAS,11,00448,Montanaro,9.797352,44.942519,0,0.000000,0.000000,,,0,0,0,0,,,1,NRT_6h,,Po,IT,100,,Po,0,0,TRUE,0,0,0,1,1,1,87,FALSE,4302500,2422500,,,Use until 07-2015    small LDD uparea,448,FALSE,1016,FALSE,Riglio
EFAS,11,00449,Case Bonini,9.775866,44.751978,0,0.000000,0.000000,,,0,0,0,0,,,1,NRT_6h,,Po,IT,100,,Po,0,0,TRUE,0,0,0,1,1,1,349,FALSE,4302500,2402500,,,Exclude 01-2016 02-2016    small LDD uparea,449,FALSE,1016,FALSE,Arda
EFAS,11,00450,Castellina di Soragna,10.110137,44.916141,0,0.000000,0.000000,,,0,0,0,0,,,1,NRT_6h,,Po,IT,250,,Po,0,0,TRUE,0,0,0,1,1,1,53,FALSE,4327500,2422500,,,small LDD uparea,450,FALSE,1016,FALSE,Stirone
EFAS,11,00451,Toccalmatto,10.106140,44.882871,0,0.000000,0.000000,,,0,0,0,0,,,1,NRT_6h,,Po,IT,225,,Po,0,0,TRUE,0,0,0,1,1,1,61,FALSE,4327500,2417500,,,Wrong LDD,451,FALSE,1016,FALSE,Rovacchia
EFAS,11,00452,Fornovo,10.095785,44.695469,0,0.000000,0.000000,,,0,0,0,0,,,1,,,Po,IT,1175,,Po,,0,FALSE,0,0,0,0,1,1,142,FALSE,4327500,2397500,,,No discharge data available for calibration period,452,FALSE,1016,FALSE,Taro
EFAS,11,00453,Salsomaggiore sul Ghiara,9.985110,44.814967,0,0.000000,0.000000,,,0,0,0,0,,,1,NRT_6h,,Po,IT,50,,Po,0,0,TRUE,0,0,0,1,1,1,154,FALSE,4322500,2412500,,,Low quality data small LDD uparea,453,FALSE,1016,FALSE,Ghiara
EFAS,11,00454,Parma Ponte Verdi,10.324681,44.805476,0,0.000000,0.000000,,,0,0,0,0,,,1,NRT_6h,,Po,IT,700,,Po,3,0,TRUE,0,0,0,1,1,1,58,TRUE,4347500,2407500,24,,,454,FALSE,1016,FALSE,Parma
EFAS,11,00455,Cabanne,9.346466,44.495200,0,0.000000,0.000000,,,0,0,0,0,,,1,NRT_6h,,Po,IT,50,,Po,0,0,TRUE,0,0,0,1,1,1,848,FALSE,4267500,2377500,,,small LDD uparea,455,FALSE,1016,FALSE,Aveto
EFAS,11,00456,Ca' de' Caroli,10.676890,44.595499,0,0.000000,0.000000,,,0,0,0,0,,,1,NRT_6h,,Po,IT,200,,Po,0,0,TRUE,0,0,0,1,1,1,98,FALSE,4372500,2387500,,,Low quality data small LDD uparea,456,FALSE,1016,FALSE,Tresinaro
EFAS,11,00457,Ampermoching,11.491600,48.297000,0,0.000000,0.000000,,,0,0,0,0,,,1,NRT_6h,,Danube,DE,2225,2188.55,Danube,3,0,TRUE,1,1,0,1,1,1,464.07,TRUE,4427500,2797500,24,ID_457_202201190415.mod,,457,TRUE,1025,TRUE,Amper
EFAS,11,00458,Augsburg Oberhausen,10.881891,48.378353,0,0.000000,0.000000,,,0,0,0,0,,,1,HIST_6h,,Danube,DE,1275,1256.9,Danube,3,0,TRUE,1,1,0,1,1,1,464.09,TRUE,4382500,2802500,24,ID_458_202201190438.mod,,458,TRUE,1025,TRUE,Wertach
EFAS,11,00459,Bad Kissingen,10.073379,50.180128,0,0.000000,0.000000,,,0,0,0,0,,,1,NRT_6h,,Rhine,DE,1575,1576.22,Rhine,2,0,TRUE,1,1,0,1,1,1,192.2,FALSE,4327500,3017500,24,ID_459_202201190438.mod,close to 490,459,TRUE,1025,TRUE,Franconian Saale
EFAS,11,00460,Beilngries oberh. der Sulz,11.478300,49.028500,0,0.000000,0.000000,,,0,0,0,0,,,1,NRT_6h,,Danube,DE,2200,2251.2,Danube,2,0,TRUE,1,1,0,1,1,1,362.66,FALSE,4427500,2877500,24,ID_460_202201190438.mod,outlier? close to 465,460,TRUE,1025,TRUE,Altmuhl
EFAS,11,00461,Burghausen,12.834100,48.158500,0,0.000000,0.000000,,,0,0,0,0,,,1,NRT_6h,C057,Danube,DE,6650,6649,Danube,3,0,TRUE,1,1,0,1,1,1,351.62,TRUE,4527500,2782500,24,ID_461_202201190438.mod,,461,TRUE,1025,TRUE,Salzach
EFAS,11,00462,Chamerau,12.746633,49.181157,0,0.000000,0.000000,,,0,0,0,0,,,1,HIST_6h,,Danube,DE,1350,1356.53,Danube,3,0,TRUE,1,1,0,1,1,1,371.28,TRUE,4527500,2897500,24,ID_462_202201190438.mod,,462,TRUE,1025,TRUE,Regen
EFAS,11,00463,Dillingen,10.500500,48.568400,0,0.000000,0.000000,,,0,0,0,0,,,1,NRT_6h,,Danube,DE,11400,11349.87,Danube,3,0,TRUE,1,1,0,1,1,1,415,TRUE,4352500,2827500,24,ID_463_202201190438.mod,,463,TRUE,1025,TRUE,Danube
EFAS,11,00464,Donauwörth,10.801400,48.710700,0,0.000000,0.000000,,,0,0,0,0,,,1,NRT_6h,,Danube,DE,15175,15091.96,Danube,3,0,TRUE,1,1,0,1,1,1,394.78,TRUE,4377500,2842500,24,ID_464_202201190438.mod,,464,TRUE,1025,TRUE,Danube
EFAS,11,00465,Eichstätt,11.200333,48.883072,0,0.000000,0.000000,,,0,0,0,0,,,1,NRT_6h,C358,Danube,DE,1425,1396.81,Danube,3,0,TRUE,1,1,0,1,1,1,382.19,TRUE,4407500,2862500,24,ID_465_202201190438.mod,,465,TRUE,1025,TRUE,Altmuhl
EFAS,11,00466,Fürstenfeldbruck,11.261473,48.177101,0,0.000000,0.000000,,,0,0,0,0,,,1,HIST_6h,,Danube,DE,1350,1230.25,Danube,2,0,TRUE,1,1,0,1,1,1,514.23,FALSE,4412500,2782500,24,ID_466_202201190441.mod,close to 457,466,TRUE,1025,TRUE,Amper
EFAS,11,00467,Harburg,10.692216,48.783017,0,0.000000,0.000000,,,0,0,0,0,,,1,NRT_6h,C442,Danube,DE,1625,1568.62,Danube,3,0,TRUE,1,1,0,1,1,1,400.65,TRUE,4367500,2857500,24,ID_467_202201190441.mod,,467,TRUE,1025,TRUE,Wornitz
EFAS,11,00468,Hüttendorf,10.973600,49.546100,0,0.000000,0.000000,,,0,0,0,0,,,1,NRT_6h,C706,Rhine,DE,3875,3864.37,Rhine,3,0,TRUE,1,1,0,1,1,1,273.72,TRUE,4392500,2932500,24,ID_468_202201190448.mod,,468,TRUE,1025,TRUE,Regnitz
EFAS,11,00469,Ingolstadt Luitpoldstraße,11.426000,48.757400,0,0.000000,0.000000,,,0,0,0,0,,,1,NRT_6h,C357,Danube,DE,20225,20001,Danube,3,0,TRUE,1,1,0,1,1,1,360.35,TRUE,4422500,2847500,24,ID_469_202201190448.mod,,469,TRUE,1025,TRUE,Danube
EFAS,11,00470,Inkofen,11.865200,48.460700,0,0.000000,0.000000,,,0,0,0,0,,,1,NRT_6h,,Danube,DE,3175,3075.62,Danube,3,0,TRUE,1,1,0,1,1,1,415.58,TRUE,4452500,2817500,24,ID_470_202201190448.mod,,470,TRUE,1025,TRUE,Amper
EFAS,11,00471,Kelheim,11.864300,48.916600,0,0.000000,0.000000,,,0,0,0,0,,,1,NRT_6h,,Danube,DE,23075,23019.24,Danube,3,0,TRUE,1,1,0,1,1,1,337.1,TRUE,4452500,2862500,24,ID_471_202201190448.mod,,471,TRUE,1025,TRUE,Danube
EFAS,11,00472,Kemmern,10.874100,49.951000,0,0.000000,0.000000,,,0,0,0,0,,,1,NRT_6h,C707,Rhine,DE,4150,4223.84,Rhine,3,0,TRUE,1,1,0,1,1,1,230.22,TRUE,4382500,2987500,24,ID_472_202201190448.mod,,472,TRUE,1025,TRUE,Main
EFAS,11,00473,Kienhof,12.495100,49.190300,0,0.000000,0.000000,,,0,0,0,0,,,1,NRT_6h,C445,Danube,DE,2150,2174.12,Danube,2,0,TRUE,1,1,0,1,1,1,354.12,FALSE,4507500,2902500,24,ID_473_202201190448.mod,close to 903,473,TRUE,1025,TRUE,Regen
EFAS,11,00474,Landau,12.692566,48.675294,0,0.000000,0.000000,,,0,0,0,0,,,1,NRT_6h,C363,Danube,DE,8625,8391.54,Danube,2,0,TRUE,1,1,0,1,1,1,333.65,FALSE,4512500,2842500,24,ID_474_202201190451.mod,close to 483,474,TRUE,1025,TRUE,Isar
EFAS,11,00475,Laufen Siegerstetter Keller,12.933000,47.939700,0,0.000000,0.000000,,,0,0,0,0,,,1,NRT_6h,,Danube,DE,6100,6112.11,Danube,2,0,TRUE,1,1,0,1,1,1,387.05,FALSE,4542500,2762500,24,ID_475_202201190451.mod,close to 461,475,TRUE,1025,TRUE,Salzach
EFAS,11,00476,Mainleus,11.373051,50.099504,0,0.000000,0.000000,,,0,0,0,0,,,1,NRT_6h,,Rhine,DE,1175,1165.55,Rhine,2,0,TRUE,1,1,0,1,1,1,284.56,FALSE,4417500,2997500,24,ID_476_202201190451.mod,Close to 486,476,TRUE,1025,TRUE,Main
EFAS,11,00477,Münchshofen,12.084000,49.234000,0,0.000000,0.000000,,,0,0,0,0,,,1,NRT_6h,,Danube,DE,4025,4007.77,Danube,3,0,TRUE,1,1,0,1,1,1,344.01,TRUE,4467500,2902500,24,ID_477_202201190451.mod,,477,TRUE,1025,TRUE,Naab
EFAS,11,00478,Neumühle,10.991170,49.436077,0,0.000000,0.000000,,,0,0,0,0,,,1,NRT_6h,,Rhine,DE,1825,1846.64,Rhine,3,0,TRUE,1,1,0,1,1,1,28747,TRUE,4392500,2922500,24,ID_478_202201190457.mod,lake,478,TRUE,1025,TRUE,Rednitz
EFAS,11,00479,"Neu Ulm, Bad Held",9.986700,48.389200,0,0.000000,0.000000,,,0,0,0,0,,,1,NRT_6h,,Danube,DE,7600,7587.88,Danube,3,0,TRUE,1,1,0,1,1,1,464.92,TRUE,4317500,2807500,24,ID_479_202201190457.mod,,479,TRUE,1025,TRUE,Danube
EFAS,11,00480,Nürnberg,11.052531,49.455820,0,0.000000,0.000000,,,0,0,0,0,,,1,NRT_6h,,Rhine,DE,1225,1197.58,Rhine,3,0,TRUE,1,1,0,1,1,1,288.8,TRUE,4397500,2927500,24,ID_480_202201190457.mod,,480,TRUE,1025,TRUE,Pegnitz
EFAS,11,00481,Oberaudorf,12.196100,47.644000,0,0.000000,0.000000,,,0,0,0,0,,,1,NRT_6h,C058,Danube,DE,9725,9714.85,Danube,2,0,TRUE,1,1,0,1,1,1,464,FALSE,4482500,2722500,24,ID_481_202201190457.mod,oscillations close to 484,481,TRUE,1025,TRUE,Inn
EFAS,11,00482,Passau Ingling,13.444142,48.561512,0,0.000000,0.000000,,,0,0,0,0,,,1,NRT_6h,C056,Danube,DE,26100,26062.72,Danube,2,0,TRUE,1,1,0,1,1,1,289.19,FALSE,4577500,2827500,24,ID_482_202201190457.mod,exclude peak in 06-2013 for problems to the river gauge  close to 1967,482,TRUE,1025,TRUE,Inn
EFAS,11,00483,Plattling,12.883500,48.771000,0,0.000000,0.000000,,,0,0,0,0,,,1,NRT_6h,,Danube,DE,9000,8435.03,Danube,3,0,TRUE,1,1,0,1,1,1,316.31,TRUE,4532500,2852500,24,ID_483_202201190457.mod,,483,TRUE,1025,TRUE,Isar
EFAS,11,00484,Rosenheim o.d. Mangfallmündung,12.143314,47.854474,0,0.000000,0.000000,,,0,0,0,0,,,1,NRT_6h,,Danube,DE,10225,10180.59,Danube,2,0,TRUE,1,1,0,1,1,1,440,FALSE,4482500,2747500,24,ID_484_202201190500.mod,close to 489,484,TRUE,1025,TRUE,Inn
EFAS,11,00485,Salz,10.192633,50.310000,0,0.000000,0.000000,,,0,0,0,0,,,1,NRT_6h,,Rhine,DE,1025,1041.76,Rhine,2,0,TRUE,1,1,0,1,1,1,221.62,FALSE,4337500,3022500,24,ID_485_202201190500.mod,Close to 459,485,TRUE,1025,TRUE,Franconian Saale
EFAS,11,00486,Schwürbitz,11.151200,50.165000,0,0.000000,0.000000,,,0,0,0,0,,,1,NRT_6h,,Rhine,DE,2500,2418.68,Rhine,3,0,TRUE,1,1,0,1,1,1,263.5,TRUE,4402500,3007500,24,ID_486_202201190500.mod,,486,TRUE,1025,TRUE,Main
EFAS,11,00487,Seebruck,12.480662,47.934545,0,0.000000,0.000000,,,0,0,0,0,,,1,NRT_6h,,Danube,DE,1500,1399.32,Danube,3,0,TRUE,1,1,0,1,1,1,517.34,TRUE,4507500,2762500,24,ID_487_202201190500.mod,lake moved station downstream,487,TRUE,1025,TRUE,Alz
EFAS,11,00488,Unterköblitz,12.154000,49.535600,0,0.000000,0.000000,,,0,0,0,0,,,1,NRT_6h,,Danube,DE,1975,2010.38,Danube,3,0,TRUE,1,1,0,1,1,1,369.63,TRUE,4477500,2937500,24,ID_488_202201190509.mod,,488,TRUE,1025,TRUE,Naab
EFAS,11,00489,Wasserburg,12.234300,48.059300,0,0.000000,0.000000,,,0,0,0,0,,,1,NRT_6h,C364,Danube,DE,12100,11980.37,Danube,3,0,TRUE,1,1,0,1,1,1,420.45,TRUE,4482500,2767500,24,ID_489_202201190509.mod,Oscillations,489,TRUE,1025,TRUE,Inn
EFAS,11,00490,Wolfsmünster,9.735600,50.087700,0,0.000000,0.000000,,,0,0,0,0,,,1,NRT_6h,C709,Rhine,DE,2125,2120.89,Rhine,3,0,TRUE,1,1,0,1,1,1,155.38,TRUE,4302500,2997500,24,ID_490_202201190509.mod,,490,TRUE,1025,TRUE,Franconian Saale
EFAS,11,00491,Tokarnia,20.453100,50.774200,0,0.000000,0.000000,,,0,0,0,0,,,0,HIST_24h,,Vistula,PL,1225,,Vistula,3,0,TRUE,0,1,0,0,0,0,213.1,TRUE,5057500,3127500,24,,,491,FALSE,1024,FALSE,Czarna Nida
EFAS,11,00492,ŻABNO,20.863611,50.131944,0,0.000000,0.000000,,,0,0,0,0,,,1,HIST_24h,C225,Vistula,PL,6900,6740.66,Vistula,3,0,TRUE,1,1,0,1,1,1,172.43,TRUE,5097500,3052500,24,ID_492_202201190522.mod,,492,TRUE,1024,TRUE,Dunajec
EFAS,11,00493,Pinczow,20.520800,50.513900,0,0.000000,0.000000,,,0,0,0,0,,,0,HIST_24h,C564,Vistula,PL,3400,,Vistula,3,0,TRUE,0,1,0,0,0,0,185.58,TRUE,5062500,3097500,24,,,493,FALSE,1024,FALSE,Nida
EFAS,11,00494,Stary Sacz,20.660000,49.568600,0,0.000000,0.000000,,,0,0,0,0,,,0,HIST_24h,C549,Vistula,PL,2100,,Vistula,1,0,TRUE,0,1,0,0,0,0,297.57,FALSE,5087500,2992500,,,Large outliers Moved on affluent,494,FALSE,1024,FALSE,Poprad
EFAS,11,00495,Proszowki,20.433600,49.996100,0,0.000000,0.000000,,,0,0,0,0,,,0,HIST_24h,C539,Vistula,PL,1475,1470,Vistula,3,0,TRUE,0,1,0,0,0,0,187.16,TRUE,5062500,3037500,24,,dam,495,FALSE,1024,FALSE,Raba
EFAS,11,00496,JAROSŁAW,22.702778,50.021111,0,0.000000,0.000000,,,0,0,0,0,,,1,HIST_24h,,Vistula,PL,6975,7028.16,Vistula,3,0,TRUE,1,1,0,1,1,1,172.21,TRUE,5222500,3072500,24,ID_496_202201190522.mod,,496,TRUE,1024,TRUE,San
EFAS,11,00497,NISKO,22.192778,50.520000,0,0.000000,0.000000,,,0,0,0,0,,,1,HIST_24h,C223,Vistula,PL,15575,15578.39,Vistula,3,0,TRUE,1,1,0,1,1,1,149.67,TRUE,5177500,3117500,24,ID_497_202201190522.mod,,497,TRUE,1024,TRUE,San
EFAS,11,00498,Zator,19.445600,49.999200,0,0.000000,0.000000,,,0,0,0,0,,,0,HIST_24h,C538,Vistula,PL,1125,,Vistula,3,0,TRUE,0,1,0,0,0,0,221.67,TRUE,4997500,3027500,24,,Moved on affluent,498,FALSE,1024,FALSE,Skawa
EFAS,11,00499,PUSTYNIA,19.236389,50.063611,0,0.000000,0.000000,,,0,0,0,0,,,1,HIST_24h,,Vistula,PL,2925,3945.78,Vistula,3,0,TRUE,1,1,0,1,1,1,223.42,TRUE,4977500,3032500,24,ID_499_202201190512.mod,,499,TRUE,1024,TRUE,Vistula
EFAS,11,00500,SMOLICE,19.460278,50.031111,0,0.000000,0.000000,,,0,0,0,0,,,1,HIST_24h,C544,Vistula,PL,6750,6796.18,Vistula,3,0,TRUE,0,1,0,1,1,1,214.1,TRUE,4997500,3032500,24,,,500,FALSE,1024,FALSE,Vistula
EFAS,11,00501,POPĘDZYNKA,20.549444,50.141389,0,0.000000,0.000000,,,0,0,0,0,,,1,HIST_24h,,Vistula,PL,10650,10691.14,Vistula,3,0,TRUE,1,1,0,1,1,1,173.44,TRUE,5072500,3057500,24,ID_501_202201190522.mod,,501,TRUE,1024,TRUE,Vistula
EFAS,11,00502,SZCZUCIN,21.077222,50.326944,0,0.000000,0.000000,,,0,0,0,0,,,1,HIST_24h,,Vistula,PL,24125,23876.38,Vistula,3,0,TRUE,1,1,0,1,1,1,159.15,TRUE,5102500,3082500,24,ID_502_202201190522.mod,,502,TRUE,1024,TRUE,Vistula
EFAS,11,00503,SANDOMIERZ,21.746111,50.672500,0,0.000000,0.000000,,,0,0,0,0,,,1,HIST_24h,C217,Vistula,PL,32125,31809.9,Vistula,3,0,TRUE,1,1,0,1,1,1,139.15,TRUE,5147500,3127500,24,ID_503_202201190520.mod,,503,TRUE,1024,TRUE,Vistula
EFAS,11,00504,ZAWICHOST,21.862778,50.805833,0,0.000000,0.000000,,,0,0,0,0,,,1,HIST_24h,,Vistula,PL,50650,50654.57,Vistula,3,0,TRUE,1,1,0,1,1,1,133.38,TRUE,5152500,3142500,24,ID_504_202201190522.mod,,504,TRUE,1024,TRUE,Vistula
EFAS,11,00505,Rzeszow,22.015600,50.039700,0,0.000000,0.000000,,,0,0,0,0,,,0,HIST_24h,C563,Vistula,PL,2125,,Vistula,3,0,TRUE,0,1,0,0,0,0,193.21,TRUE,5177500,3062500,24,,,505,FALSE,1024,FALSE,Wislok
EFAS,11,00506,MIELEC 2,21.430556,50.278889,0,0.000000,0.000000,,,0,0,0,0,,,1,HIST_24h,C224,Vistula,PL,3900,3891.69,Vistula,3,0,TRUE,1,1,0,1,1,1,161.41,TRUE,5127500,3087500,24,ID_506_202201190522.mod,,506,TRUE,1024,TRUE,WISLOKA
EFAS,11,00507,Kunow,21.278900,50.961900,0,0.000000,0.000000,,,0,0,0,0,,,0,HIST_24h,,Vistula,PL,1125,,Vistula,3,0,TRUE,0,1,0,0,0,0,176.11,TRUE,5107500,3157500,24,,,507,FALSE,1024,FALSE,Kamienna
EFAS,11,00508,Lochow,21.678300,52.510000,0,0.000000,0.000000,,,0,0,0,0,,,0,HIST_24h,C555,Vistula,PL,2475,2462,Vistula,3,0,TRUE,0,1,0,0,0,0,95.01,TRUE,5112500,3327500,24,,,508,FALSE,1024,FALSE,Liwiec
EFAS,11,00509,SULEJÓW (KOPALNIA),19.886110,51.343610,0,0.000000,0.000000,,,0,0,0,0,,,1,HIST_24h,,Vistula,PL,4075,3927.69,Vistula,3,0,TRUE,1,1,0,1,1,1,166.32,TRUE,5007500,3182500,24,ID_509_202201190522.mod,,509,TRUE,1024,TRUE,Pilica
EFAS,11,00510,KOŚMIN,22.001389,51.573056,0,0.000000,0.000000,,,0,0,0,0,,,1,HIST_24h,C222,Vistula,PL,10200,10292.67,Vistula,3,0,TRUE,1,1,0,1,1,1,115,TRUE,5142500,3227500,24,ID_510_202201190522.mod,,510,TRUE,1024,TRUE,Wieprz
EFAS,11,00511,BORKOWO,20.665556,52.561667,0,0.000000,0.000000,,,0,0,0,0,,,1,HIST_24h,C546,Vistula,PL,5175,5133.19,Vistula,3,0,TRUE,1,1,0,1,1,1,75.31,TRUE,5042500,3327500,24,ID_511_202201190533.mod,,511,TRUE,1024,TRUE,Wkra
EFAS,11,00512,BURZYN,22.459444,53.273889,0,0.000000,0.000000,,,0,0,0,0,,,1,HIST_24h,C550,Vistula,PL,6975,6928.92,Vistula,3,0,TRUE,1,1,0,1,1,1,98.84,TRUE,5147500,3422500,24,ID_512_202201190540.mod,,512,TRUE,1024,TRUE,Biebrza
EFAS,11,00513,Prosna,21.086667,54.233600,0,0.000000,0.000000,,,0,0,0,0,,,0,HIST_24h,C536,Pregolya,PL,1625,,Pregolya,3,0,TRUE,0,1,0,0,0,0,29.37,TRUE,5042500,3512500,24,,,513,FALSE,1024,FALSE,Guber
EFAS,11,00514,Sepopol,21.005278,54.266400,0,0.000000,0.000000,,,0,0,0,0,,,0,HIST_24h,C554,Pregolya,PL,3675,,Pregolya,3,0,TRUE,0,1,0,0,0,0,26.98,TRUE,5032500,3512500,24,,Moved upstream of confluence,514,FALSE,1024,FALSE,Lyna
EFAS,11,00515,STRĘKOWA GÓRA,22.538889,53.219722,0,0.000000,0.000000,,,0,0,0,0,,,1,HIST_24h,C543,Vistula,PL,6800,7205.5,Vistula,3,0,TRUE,1,1,0,1,1,1,99.17,TRUE,5157500,3417500,24,ID_515_202201190540.mod,Moved on the other affluent  Moved East to avoid conflict in inclow point,515,TRUE,1024,TRUE,Narew
EFAS,11,00516,PIĄTNICA-ŁOMŻA,22.093333,53.193333,0,0.000000,0.000000,,,0,0,0,0,,,1,HIST_24h,,Vistula,PL,15050,15347.46,Vistula,3,0,TRUE,1,1,0,1,1,1,95.34,TRUE,5122500,3412500,24,ID_516_202201190540.mod,,516,TRUE,1024,TRUE,Narew
EFAS,11,00517,ZAMBSKI KOŚCIELNE,21.206111,52.756111,0,0.000000,0.000000,,,0,0,0,0,,,1,HIST_24h,C218,Vistula,PL,25925,27807.5,Vistula,3,0,TRUE,1,1,0,1,1,1,79.02,TRUE,5077500,3352500,24,ID_517_202201190540.mod,,517,TRUE,1024,TRUE,Narew
EFAS,11,00518,Bialobrzeg Blizszy,21.478889,53.108300,0,0.000000,0.000000,,,0,0,0,0,,,0,HIST_24h,C545,Vistula,PL,2100,,Vistula,3,0,TRUE,0,1,0,0,0,0,94.41,TRUE,5087500,3392500,24,,,518,FALSE,1024,FALSE,Omulew
EFAS,11,00519,Makow Mazowiecki,21.106944,52.859200,0,0.000000,0.000000,,,0,0,0,0,,,0,HIST_24h,C565,Vistula,PL,1925,,Vistula,1,0,TRUE,0,1,0,0,0,0,90.87,FALSE,5067500,3362500,,,Large outliers,519,FALSE,1024,FALSE,Orzyc
EFAS,11,00520,DOBRYLAS,21.866944,53.284722,0,0.000000,0.000000,,,0,0,0,0,,,1,HIST_24h,C556,Vistula,PL,4525,4082.38,Vistula,3,0,TRUE,1,1,0,1,1,1,98.1,TRUE,5102500,3422500,24,ID_520_202201190540.mod,,520,TRUE,1024,TRUE,Pisa
EFAS,11,00521,Fasty,23.025833,53.178600,0,0.000000,0.000000,,,0,0,0,0,,,0,HIST_24h,,Vistula,PL,1925,,Vistula,3,0,TRUE,0,1,0,0,0,0,109.51,TRUE,5187500,3417500,24,,,521,FALSE,1024,FALSE,Suprasl
EFAS,11,00522,Mieduniszki,21.980278,54.326400,0,0.000000,0.000000,,,0,0,0,0,,,0,HIST_24h,,Pregolya,PL,1000,,Pregolya,3,0,TRUE,0,1,0,0,0,0,86.72,TRUE,5097500,3532500,24,,,522,FALSE,1024,FALSE,Angrapa
EFAS,11,00523,Krzyzanowice,17.048333,51.171111,0,0.000000,0.000000,,,0,0,0,0,,,0,HIST_24h,,Oder,PL,2000,,Oder,1,0,TRUE,0,1,0,0,0,0,115,FALSE,4812500,3142500,,,Large outliers,523,FALSE,1024,FALSE,Widawa
EFAS,11,00524,Piatnica,16.198611,51.227778,0,0.000000,0.000000,,,0,0,0,0,,,0,HIST_24h,,Oder,PL,2050,,Oder,1,0,TRUE,0,1,0,0,0,0,117,FALSE,4752500,3142500,,,Difficolt to locate,524,FALSE,1024,FALSE,Kaczawa
EFAS,11,00526,Olawa,17.292778,50.947778,0,0.000000,0.000000,,,0,0,0,0,,,0,HIST_24h,,Oder,PL,800,,Oder,3,0,TRUE,0,1,0,0,0,0,129,TRUE,4832500,3112500,24,,Moved on affluent,526,FALSE,1024,FALSE,Osława
EFAS,11,00527,Opole,17.920278,50.669444,0,0.000000,0.000000,,,0,0,0,0,,,0,,,Oder,PL,11050,,Oder,,0,TRUE,0,1,0,0,0,0,157,FALSE,4877500,3092500,,,No discharge data available for calibration period,527,FALSE,1024,FALSE,Oder
EFAS,11,00528,OPOLE-GROSZOWICE,17.939444,50.634444,0,0.000000,0.000000,,,0,0,0,0,,,1,,,Oder,PL,10975,10934.98,Oder,,0,TRUE,0,1,0,0,1,1,147.12,FALSE,4882500,3082500,,,No discharge data available for calibration period,528,FALSE,1024,FALSE,Oder
EFAS,11,00529,DOBROSZÓW WIELKI,15.256667,51.774444,0,0.000000,0.000000,,,0,0,0,0,,,1,,,Oder,PL,5375,5364.52,Oder,,0,TRUE,1,1,0,1,1,1,74.05,FALSE,4687500,3192500,24,ID_529_202201190546.mod,Not enough discarge data available for calibration period,529,TRUE,1024,TRUE,Bobr
EFAS,11,00530,OŁAWA (MOST),17.306389,50.946389,0,0.000000,0.000000,,,0,0,0,0,,,1,HIST_24h,C182,Oder,PL,20025,19791.25,Oder,3,0,TRUE,1,1,0,1,1,1,121.98,TRUE,4842500,3117500,24,ID_530_202201190547.mod,Moved East to avoid conflict in inflow point,530,TRUE,1024,TRUE,Oder
EFAS,11,00531,SKOROGOSZCZ,17.675000,50.761944,0,0.000000,0.000000,,,0,0,0,0,,,1,HIST_24h,C190,Oder,PL,4625,4489.48,Oder,3,0,TRUE,1,1,0,1,1,1,139.85,TRUE,4857500,3102500,24,ID_531_202201190547.mod,,531,TRUE,1024,TRUE,Eastern Neisse
EFAS,11,00532,NOWA SÓL,15.721667,51.802222,0,0.000000,0.000000,,,0,0,0,0,,,1,HIST_24h,,Oder,PL,37150,36839.82,Oder,3,0,TRUE,1,1,0,1,1,1,58.82,TRUE,4722500,3197500,24,ID_532_202201190546.mod,,532,TRUE,1024,TRUE,Oder
EFAS,11,00533,CIGACICE,15.607500,52.033056,0,0.000000,0.000000,,,0,0,0,0,,,1,HIST_24h,,Oder,PL,39025,39900.85,Oder,3,0,TRUE,1,1,0,1,1,1,47.4,TRUE,4707500,3227500,24,ID_533_202201190546.mod,,533,TRUE,1024,TRUE,Oder
EFAS,11,00534,Bardo,16.741111,50.503611,0,0.000000,0.000000,,,0,0,0,0,,,0,HIST_24h,,Oder,PL,1750,,Oder,3,0,TRUE,0,1,0,0,0,0,256,TRUE,4797500,3067500,24,,,534,FALSE,1024,FALSE,Nysa Klodzka
EFAS,11,00535,OSETNO,16.462500,51.631667,0,0.000000,0.000000,,,0,0,0,0,,,1,HIST_24h,C547,Oder,PL,4575,4579.55,Oder,0,0,TRUE,1,1,0,1,1,1,77.5,FALSE,4762500,3192500,24,ID_535_202201190554.mod,low discharge maybe wrong LDD,535,TRUE,1024,TRUE,Barycz
EFAS,11,00536,POŁĘCKO,14.892222,52.052778,0,0.000000,0.000000,,,0,0,0,0,,,1,HIST_24h,C180,Oder,PL,46350,47164.75,Oder,3,0,TRUE,1,1,0,1,1,1,32.62,TRUE,4652500,3227500,24,ID_536_202201190559.mod,,536,TRUE,1024,TRUE,Oder
EFAS,11,00537,Korzensko,16.872500,51.539167,0,0.000000,0.000000,,,0,0,0,0,,,0,HIST_24h,,Oder,PL,1150,,Oder,0,1,FALSE,0,1,0,0,0,0,89,FALSE,4797500,3182500,,,DO NOT USE Wrong LDD,537,FALSE,1024,FALSE,Orla
EFAS,11,00538,RACIBÓRZ-MIEDONIA,18.230833,50.122778,0,0.000000,0.000000,,,0,0,0,0,,,1,HIST_24h,C183,Oder,PL,6725,6728.54,Oder,3,0,TRUE,1,1,0,1,1,1,176.28,TRUE,4907500,3037500,24,ID_538_202201190557.mod,,538,TRUE,1024,TRUE,Oder
EFAS,11,00539,ŚCINAWA,16.443333,51.408889,0,0.000000,0.000000,,,0,0,0,0,,,1,HIST_24h,C181,Oder,PL,29650,29611.72,Oder,3,0,TRUE,1,1,0,1,1,1,86.72,TRUE,4767500,3157500,24,ID_539_202201190559.mod,,539,TRUE,1024,TRUE,Oder
EFAS,11,00540,UJŚCIE NYSY KŁODZKIEJ,17.661944,50.818889,0,0.000000,0.000000,,,0,0,0,0,,,1,,,Oder,PL,18375,13436.07,Oder,,0,TRUE,0,1,0,0,1,1,135.54,FALSE,4857500,3107500,,,No discharge data available for calibration period,540,FALSE,1024,FALSE,Oder
EFAS,11,00541,Turawa,18.079167,50.738889,0,0.000000,0.000000,,,0,0,0,0,,,0,HIST_24h,C189,Oder,PL,1475,,Oder,0,0,TRUE,0,1,0,0,0,0,166,FALSE,4892500,3102500,,,Low quality data,541,FALSE,1024,FALSE,Mala Panew
EFAS,11,00542,Jarnoltow,16.842778,51.121944,0,0.000000,0.000000,,,0,0,0,0,,,0,HIST_24h,C191,Oder,PL,1675,,Oder,3,0,TRUE,0,1,0,0,0,0,95,TRUE,4797500,3132500,24,,,542,FALSE,1024,FALSE,Bystrzyca
EFAS,11,00543,SŁUBICE,14.556111,52.348333,0,0.000000,0.000000,,,0,0,0,0,,,1,HIST_24h,C179,Oder,PL,52000,53511.26,Oder,2,0,TRUE,1,1,0,1,1,1,17.45,FALSE,4627500,3262500,24,ID_543_202201190559.mod,Close to 21,543,TRUE,1024,TRUE,Oder
EFAS,11,00544,GOZDOWICE,14.317778,52.764167,0,0.000000,0.000000,,,0,0,0,0,,,1,HIST_24h,,Oder,PL,109775,109795.07,Oder,2,0,TRUE,1,1,0,1,1,1,3.02,FALSE,4607500,3307500,24,ID_544_202201190600.mod,Close to 26,544,TRUE,1024,TRUE,Oder
EFAS,11,00545,DZIAŁOSZYN,18.873333,51.110000,0,0.000000,0.000000,,,0,0,0,0,,,1,HIST_24h,C540,Oder,PL,4050,4093.63,Oder,3,0,TRUE,1,1,0,1,1,1,172.58,TRUE,4937500,3147500,24,ID_545_202201190600.mod,,545,TRUE,1024,TRUE,Warta
EFAS,11,00546,SIERADZ,18.742500,51.599444,0,0.000000,0.000000,,,0,0,0,0,,,1,HIST_24h,,Oder,PL,8225,8156.15,Oder,3,0,TRUE,1,1,0,1,1,1,125.09,TRUE,4922500,3202500,24,ID_546_202201190600.mod,,546,TRUE,1024,TRUE,Zeglina
EFAS,11,00547,SŁAWSK,18.134722,52.198611,0,0.000000,0.000000,,,0,0,0,0,,,1,HIST_24h,C197,Oder,PL,13750,13759.46,Oder,3,0,TRUE,1,1,0,1,1,1,75.77,TRUE,4872500,3262500,24,ID_547_202201190613.mod,,547,TRUE,1024,TRUE,Warta
EFAS,11,00548,POZNAŃ (MOST ROCHA),16.942778,52.398611,0,0.000000,0.000000,,,0,0,0,0,,,1,HIST_24h,C196,Oder,PL,25575,25908.89,Oder,3,0,TRUE,1,1,0,1,1,1,49.46,TRUE,4792500,3282500,24,ID_548_202201190613.mod,use data after 1997,548,TRUE,1024,TRUE,Warta
EFAS,11,00549,GORZÓW WIELKOPOLSKI,15.253056,52.730000,0,0.000000,0.000000,,,0,0,0,0,,,1,HIST_24h,C194,Oder,PL,53275,52362.12,Oder,3,0,TRUE,1,1,0,1,1,1,15.51,TRUE,4682500,3302500,24,ID_549_202201190613.mod,use data after 1997,549,TRUE,1024,TRUE,Warta
EFAS,11,00550,Dabie,18.825278,52.085278,0,0.000000,0.000000,,,0,0,0,0,,,0,HIST_24h,C542,Oder,PL,1825,,Oder,3,0,TRUE,0,1,0,0,0,0,93,TRUE,4922500,3257500,24,,,550,FALSE,1024,FALSE,Ner
EFAS,11,00551,NOWE DREZDENKO,15.837778,52.850833,0,0.000000,0.000000,,,0,0,0,0,,,1,HIST_24h,C199,Oder,PL,16850,15916.27,Oder,3,0,TRUE,1,1,0,1,1,1,24.21,TRUE,4717500,3322500,24,ID_551_202201190613.mod,,551,TRUE,1024,TRUE,Notec
EFAS,11,00552,BOGUSŁAW,17.954722,51.898889,0,0.000000,0.000000,,,0,0,0,0,,,1,HIST_24h,,Oder,PL,4300,4282.38,Oder,3,0,TRUE,1,1,0,1,1,1,87.9,TRUE,4867500,3227500,24,ID_552_202201190613.mod,,552,TRUE,1024,TRUE,Prosna
EFAS,11,00553,PIŁA,16.740278,53.151389,0,0.000000,0.000000,,,0,0,0,0,,,1,HIST_24h,C557,Oder,PL,4725,4712.57,Oder,0,0,TRUE,1,1,0,1,1,1,54.38,FALSE,4772500,3362500,24,ID_553_202201190613.mod,low quality data  flow is too small compared to catchment size possibly wrong location,553,TRUE,1024,TRUE,Gwda
EFAS,11,00554,Drawiny,15.977778,52.885556,0,0.000000,0.000000,,,0,0,0,0,,,0,HIST_24h,,Oder,PL,3000,,Oder,3,0,TRUE,0,1,0,0,0,0,30,TRUE,4722500,3327500,24,,,554,FALSE,1024,FALSE,Drawa
EFAS,11,00555,Podgorze,18.943333,51.465000,0,0.000000,0.000000,,,0,0,0,0,,,0,HIST_24h,C541,Oder,PL,2425,,Oder,3,0,TRUE,0,1,0,0,0,0,140,TRUE,4942500,3187500,24,,,555,FALSE,1024,FALSE,Widawka
EFAS,11,00556,Nemcice,15.808156,50.094540,0,0.000000,0.000000,,,0,0,0,0,,,0,HIST_24h,C559,Elbe,CZ,4275,4300.51,Elbe,3,0,TRUE,0,1,0,0,0,0,216.91,TRUE,4737500,3022500,24,,Moved North to avoid conflict in inflow point,556,FALSE,1019,FALSE,Labe
EFAS,11,00557,Prelouc,15.573471,50.044538,0,0.000000,0.000000,,,0,0,0,0,,,0,HIST_24h,,Elbe,CZ,6475,6435.02,Elbe,3,0,TRUE,0,1,0,0,0,0,204.57,TRUE,4712500,3007500,24,,,557,FALSE,1019,FALSE,Labe
EFAS,11,00558,Predmerice,14.776067,50.248377,0,0.000000,0.000000,,,0,0,0,0,,,0,HIST_24h,,Elbe,CZ,2175,2158.71,Elbe,3,0,TRUE,0,1,0,0,0,0,174,TRUE,4667500,3032500,24,,Same as 2089  different time period,558,FALSE,1019,FALSE,Jizera
EFAS,11,00559,Ceske Budejovice,14.463986,48.980737,0,0.000000,0.000000,,,0,0,0,0,,,0,HIST_24h,C560,Elbe,CZ,1775,2849.82,Elbe,3,0,TRUE,0,1,0,0,0,0,377.95,TRUE,4647500,2877500,24,,,559,FALSE,1019,FALSE,Vltava
EFAS,11,00560,Bechyne,14.471184,49.288757,0,0.000000,0.000000,,,0,0,0,0,,,1,HIST_24h,C159,Elbe,CZ,3875,4055.13,Elbe,3,0,TRUE,1,1,0,1,1,0,354.07,TRUE,4647500,2922500,24,ID_560_202201190624.mod,,560,TRUE,1019,TRUE,Luznice
EFAS,11,00561,Pisek,14.145395,49.312910,0,0.000000,0.000000,,,0,0,0,0,,,1,HIST_24h,C315,Elbe,CZ,2925,2913.93,Elbe,3,0,TRUE,1,1,0,1,1,0,353.9,TRUE,4622500,2922500,24,ID_561_202201190628.mod,,561,TRUE,1019,TRUE,Otava
EFAS,11,00562,Nespeky,14.650837,49.859529,0,0.000000,0.000000,,,0,0,0,0,,,1,HIST_24h,,Elbe,CZ,4075,4038.25,Elbe,3,0,TRUE,1,1,0,1,1,0,259.38,TRUE,4652500,2982500,24,ID_562_202201190630.mod,,562,TRUE,1019,TRUE,Sazava
EFAS,11,00563,Bílá Hora,13.404300,49.766650,0,0.000000,0.000000,,,0,0,0,0,,,0,HIST_24h,,Elbe,CZ,4775,4017.5,Elbe,3,0,TRUE,0,1,0,0,0,0,297.89,TRUE,4567500,2967500,24,,,563,FALSE,1019,FALSE,Berounka
EFAS,11,00564,Beroun,14.066190,49.955888,0,0.000000,0.000000,,,0,0,0,0,,,1,HIST_24h,C161,Elbe,CZ,8325,628.96,Elbe,3,0,TRUE,1,1,0,1,1,0,218.27,TRUE,4612500,2992500,24,ID_564_202201190630.mod,Wrong upstream area from provider  moved on main stream,564,TRUE,1019,TRUE,Litavka
EFAS,11,00565,Praha-Chuchle,14.397527,50.026446,0,0.000000,0.000000,,,0,0,0,0,,,1,HIST_24h,C160,Elbe,CZ,26850,26730.71,Elbe,3,0,TRUE,1,1,0,1,1,0,186.61,TRUE,4637500,2997500,24,ID_565_202201190630.mod,,565,TRUE,1019,TRUE,Vltava
EFAS,11,00566,Melnik,14.470824,50.351966,0,0.000000,0.000000,,,0,0,0,0,,,0,HIST_24h,,Elbe,CZ,42025,41837.98,Elbe,3,0,TRUE,0,1,0,0,0,0,152.73,TRUE,4637500,3037500,24,,,566,FALSE,1019,FALSE,Labe
EFAS,11,00567,Karlovy Vary,12.883837,50.237485,0,0.000000,0.000000,,,0,0,0,0,,,0,HIST_24h,,Elbe,CZ,2925,2861.17,Elbe,3,0,TRUE,0,1,0,0,0,0,365.89,TRUE,4527500,3017500,24,,,567,FALSE,1019,FALSE,Ohre
EFAS,11,00568,Louny I.,13.804808,50.357499,0,0.000000,0.000000,,,0,0,0,0,,,1,HIST_24h,C162,Elbe,CZ,5100,4962.3,Elbe,3,0,TRUE,1,1,0,1,1,0,171.45,TRUE,4587500,3032500,24,ID_568_202201190630.mod,Regulated,568,TRUE,1019,TRUE,Ohre
EFAS,11,00569,Usti nad Labem,14.042806,50.653028,0,0.000000,0.000000,,,0,0,0,0,,,1,HIST_24h,C156,Elbe,CZ,48700,48540.85,Elbe,3,0,TRUE,1,1,0,1,1,0,130.95,TRUE,4607500,3062500,24,ID_569_202201190630.mod,,569,TRUE,1019,TRUE,Labe
EFAS,11,00570,Svinov,18.217288,49.819936,0,0.000000,0.000000,,,0,0,0,0,,,0,HIST_24h,C185,Oder,CZ,1525,1613.73,Oder,3,0,TRUE,0,1,0,0,0,0,204.13,TRUE,4912500,2997500,24,,,570,FALSE,1019,FALSE,Oder
EFAS,11,00571,Dehylov,18.177844,49.878817,0,0.000000,0.000000,,,0,0,0,0,,,0,HIST_24h,C186,Oder,CZ,2025,2038.8,Oder,3,0,TRUE,0,1,0,0,0,0,211.2,TRUE,4907500,3007500,24,,Moved North to avoid conflict in inflow point,571,FALSE,1019,FALSE,Opava
EFAS,11,00572,Bohumin,18.327264,49.919651,0,0.000000,0.000000,,,0,0,0,0,,,1,HIST_24h,C184,Oder,CZ,4675,4665.47,Oder,3,0,TRUE,1,1,0,1,1,0,193.79,TRUE,4917500,3012500,24,ID_572_202201190641.mod,,572,TRUE,1019,TRUE,Oder
EFAS,11,00573,Vernovice,18.419473,49.930486,0,0.000000,0.000000,,,0,0,0,0,,,0,,,Oder,CZ,1100,1071.19,Oder,,0,TRUE,0,1,0,0,0,0,196.54,FALSE,4922500,3012500,,,Not enough discarge data available for calibration period,573,FALSE,1019,FALSE,Olza
EFAS,11,00574,Olomouc,17.261330,49.576874,0,0.000000,0.000000,,,0,0,0,0,,,1,HIST_24h,,Danube,CZ,3450,3323.94,Danube,3,0,TRUE,1,1,0,1,1,0,204.63,TRUE,4847500,2962500,24,ID_574_202201190647.mod,,574,TRUE,1019,TRUE,Morava
EFAS,11,00575,Dluhonice,17.408543,49.449116,0,0.000000,0.000000,,,0,0,0,0,,,0,HIST_24h,,Danube,CZ,1575,1592.69,Danube,3,0,TRUE,0,1,0,0,0,0,199.71,TRUE,4857500,2952500,24,,,575,FALSE,1019,FALSE,Becva
EFAS,11,00576,Kromeriz,17.399390,49.301911,0,0.000000,0.000000,,,0,0,0,0,,,1,HIST_24h,,Danube,CZ,7200,7030.31,Danube,3,0,TRUE,1,1,0,1,1,0,183.17,TRUE,4857500,2937500,24,ID_576_202201190649.mod,,576,TRUE,1019,TRUE,Morava
EFAS,11,00577,Straznice,17.298601,48.933061,0,0.000000,0.000000,,,0,0,0,0,,,1,HIST_24h,C051,Danube,CZ,9150,9145,Danube,2,0,TRUE,1,1,0,1,1,0,163.28,FALSE,4852500,2892500,24,ID_577_202201190650.mod,Almost same location as 271 and same data but daily  use 271,577,TRUE,1019,TRUE,Morava
EFAS,11,00578,Travni Dvur,16.437896,48.790547,0,0.000000,0.000000,,,0,0,0,0,,,1,HIST_24h,C775,Danube,CZ,3450,3531.36,Danube,3,0,TRUE,1,1,0,1,1,0,172.64,TRUE,4792500,2872500,24,ID_578_202201190650.mod,,578,TRUE,1019,TRUE,Thaya
EFAS,11,00579,Zidlochovice,16.616741,49.035525,0,0.000000,0.000000,,,0,0,0,0,,,1,HIST_24h,C055,Danube,CZ,4150,3940,Danube,3,0,TRUE,1,1,0,1,1,0,177.89,TRUE,4802500,2902500,24,ID_579_202201190650.mod,,579,TRUE,1019,TRUE,Svratka
EFAS,11,00580,Ivancice,16.411488,49.083013,0,0.000000,0.000000,,,0,0,0,0,,,1,HIST_24h,C444,Danube,CZ,2800,2682.17,Danube,3,0,TRUE,1,1,0,1,1,0,194.01,TRUE,4787500,2907500,24,ID_580_202201190650.mod,dam,580,TRUE,1019,TRUE,Jihlava
EFAS,11,00581,Breclav-Ladna,16.858672,48.799450,0,0.000000,0.000000,,,0,0,0,0,,,1,HIST_24h,C319,Danube,CZ,12325,12279.97,Danube,3,0,TRUE,1,1,0,1,1,0,157.38,TRUE,4822500,2877500,24,ID_581_202201190650.mod,dam,581,TRUE,1019,TRUE,Thaya
EFAS,11,00582,Miziya,23.825800,43.691900,0,0.000000,0.000000,,,0,0,0,0,,,1,HIST_24h,C772,Danube,BG,3025,3112,Danube,3,0,TRUE,1,1,0,1,1,1,26.32,TRUE,5422500,2382500,24,ID_582_202201190704.mod,Moved West to avoid conflict in inflow point,582,TRUE,1026,TRUE,Ogosta
EFAS,11,00583,Novi Iskar,23.359800,42.829200,0,0.000000,0.000000,,,0,0,0,0,,,1,NRT_24h,,Danube,BG,3825,3662,Danube,3,0,TRUE,1,1,0,1,1,1,502.63,TRUE,5412500,2297500,24,ID_583_202201190707.mod,,583,TRUE,1026,TRUE,Iskar
EFAS,11,00584,Orehovica,24.358900,43.587800,0,0.000000,0.000000,,,0,0,0,0,,,1,HIST_24h,,Danube,BG,8375,8366,Danube,3,0,TRUE,1,1,0,1,1,1,31.2,TRUE,5477500,2387500,24,ID_584_202201190708.mod,,584,TRUE,1026,TRUE,Iskar
EFAS,11,00585,Tarnene,24.519200,43.405600,0,0.000000,0.000000,,,0,0,0,0,,,1,HIST_24h,C774,Danube,BG,2275,2236,Danube,0,0,TRUE,1,1,0,1,1,1,58.24,FALSE,5492500,2367500,24,ID_585_202201190708.mod,not congruent with 2731 after 12-2001,585,TRUE,1026,TRUE,Vit
EFAS,11,00586,Troian,24.709700,42.917200,0,0.000000,0.000000,,,0,0,0,0,,,1,,,Danube,BG,550,458.1,Danube,,0,TRUE,1,1,0,1,1,1,353.1,FALSE,5517500,2317500,24,ID_586_202201190708.mod,Provider upArea too small to be included in calibration,586,TRUE,1026,TRUE,Osam
EFAS,11,00587,Izgrev,25.052800,43.455500,0,0.000000,0.000000,,,0,0,0,0,,,1,HIST_24h,C773,Danube,BG,2275,2154,Danube,3,0,TRUE,1,1,0,1,1,1,40.32,TRUE,5537500,2382500,24,ID_587_202201190708.mod,,587,TRUE,1026,TRUE,Osam
EFAS,11,00588,Sevlievo,25.108600,42.995800,0,0.000000,0.000000,,,0,0,0,0,,,1,HIST_24h,,Danube,BG,1000,958,Danube,3,0,TRUE,1,1,0,1,1,1,196.24,TRUE,5547500,2337500,24,ID_588_202201190708.mod,,588,TRUE,1026,TRUE,Rositsa
EFAS,11,00589,Karantsi,25.667200,43.380300,0,0.000000,0.000000,,,0,0,0,0,,,1,HIST_24h,C785,Danube,BG,6850,6860,Danube,3,0,TRUE,1,1,0,1,1,1,30.9,TRUE,5582500,2392500,24,ID_589_202201190713.mod,,589,TRUE,1026,TRUE,Yantra
EFAS,11,00590,Dzhuliunitsa,25.905900,43.133000,0,0.000000,0.000000,,,0,0,0,0,,,1,HIST_24h,,Danube,BG,825,882,Danube,3,0,TRUE,1,1,0,1,1,1,62.02,TRUE,5607500,2362500,24,ID_590_202201190714.mod,,590,TRUE,1026,TRUE,Dzhulunitsa
EFAS,11,00591,Shirocovo,25.945800,43.552900,0,0.000000,0.000000,,,0,0,0,0,,,1,NRT_24h,,Danube,BG,1425,1383,Danube,3,0,TRUE,1,1,0,1,1,1,92.81,TRUE,5602500,2407500,,ID_591_202201190714.mod,negative data,591,TRUE,1026,TRUE,Cherni Lom
EFAS,11,00592,Plovdiv,24.738800,42.154500,0,0.000000,0.000000,,,0,0,0,0,,,1,NRT_24h,,Maritsa\Evros,BG,8025,7926,Evros,3,0,TRUE,1,1,0,1,1,1,155.08,TRUE,5532500,2237500,24,ID_592_202201190721.mod,,592,TRUE,1026,TRUE,Maritsa\Evros
EFAS,11,00593,Svilengrad,26.196100,41.760900,0,0.000000,0.000000,,,0,0,0,0,,,1,HIST_24h,,Maritsa\Evros,BG,20800,20857,Evros,0,0,TRUE,1,1,0,1,1,1,46.63,FALSE,5657500,2217500,24,ID_593_202201190722.mod,Few data,593,TRUE,1026,TRUE,Maritsa\Evros
EFAS,11,00594,Ebro En Miranda Ebro,-2.955462,42.687636,0,0.000000,0.000000,,,0,0,0,0,,,1,HIST_24h,C531,Ebro,ES,5275,5481,Ebro,3,0,TRUE,1,1,0,1,1,1,458.84,TRUE,3257500,2272500,24,ID_594_202201190734.mod,,594,TRUE,1012,TRUE,Ebro
EFAS,11,00595,Ebro En Castejon,-1.694672,42.180075,0,0.000000,0.000000,,,0,0,0,0,,,1,NRT_6h,C114,Ebro,ES,25375,25194,Ebro,3,0,TRUE,1,1,0,1,1,1,264.83,TRUE,3352500,2197500,24,ID_595_202201190734.mod,,595,TRUE,1012,TRUE,Ebro
EFAS,11,00596,Ega En Andosilla,-1.948857,42.374073,0,0.000000,0.000000,,,0,0,0,0,,,1,NRT_6h,C283,Ebro,ES,1425,1445,Ebro,3,0,TRUE,1,1,0,1,1,1,304.13,TRUE,3337500,2222500,24,ID_596_202201190734.mod,,596,TRUE,1012,TRUE,Ega
EFAS,11,00597,Arga En Funes,-1.801186,42.314788,0,0.000000,0.000000,,,0,0,0,0,,,1,NRT_6h,C284,Ebro,ES,2775,2759,Ebro,3,0,TRUE,1,1,0,1,1,1,283.66,TRUE,3352500,2217500,24,ID_597_202201190748.mod,,597,TRUE,1012,TRUE,Arga
EFAS,11,00598,Aragon En Caparroso,-1.650487,42.343265,0,0.000000,0.000000,,,0,0,0,0,,,1,NRT_6h,C285,Ebro,ES,5550,5469,Ebro,3,0,TRUE,1,1,0,1,1,1,302.33,TRUE,3362500,2212500,24,ID_598_202201190748.mod,,598,TRUE,1012,TRUE,Aragon
EFAS,11,00599,Jiloca En Daroca,-1.419350,41.106339,0,0.000000,0.000000,,,0,0,0,0,,,1,NRT_6h,,Ebro,ES,2675,2202,Ebro,0,0,TRUE,1,1,0,1,1,1,750,FALSE,3362500,2067500,24,ID_599_202201190748.mod,strongly regulated but no dam in lsf,599,TRUE,1012,TRUE,Jiloca
EFAS,11,00600,Ebro En Zaragoza,-0.881001,41.658572,0,0.000000,0.000000,,,0,0,0,0,,,1,NRT_6h,C115,Ebro,ES,41075,40434,Ebro,3,0,TRUE,1,1,0,1,1,1,200.62,TRUE,3407500,2132500,24,ID_600_202201190751.mod,,600,TRUE,1012,TRUE,Ebro
EFAS,11,00601,Gallego En Ardisa,-0.752565,42.174677,0,0.000000,0.000000,,,0,0,0,0,,,1,NRT_6h,C287,Ebro,ES,2025,2040,Ebro,0,0,TRUE,1,1,0,1,1,1,390,FALSE,3432500,2177500,24,ID_601_202201190801.mod,Wrong LDD station is downstream of dam,601,TRUE,1012,TRUE,Gallego
EFAS,11,00602,Martin En Hijar,-0.453206,41.174519,0,0.000000,0.000000,,,0,0,0,0,,,1,NRT_6h,C289,Ebro,ES,1350,1419,Ebro,3,0,TRUE,1,1,0,1,1,1,260.07,TRUE,3442500,2067500,24,ID_602_202201190801.mod,,602,TRUE,1012,TRUE,Martin
EFAS,11,00603,Cinca En Fraga,0.323398,41.551916,0,0.000000,0.000000,,,0,0,0,0,,,1,NRT_6h,C290,Ebro,ES,9700,9612,Ebro,3,0,TRUE,1,1,0,1,1,1,101.04,TRUE,3512500,2102500,24,ID_603_202201190801.mod,,603,TRUE,1012,TRUE,Cinca
EFAS,11,00604,Segre En Seo De Urgel,1.459801,42.352442,0,0.000000,0.000000,,,0,0,0,0,,,1,NRT_6h,,Ebro,ES,1200,1233,Ebro,2,0,TRUE,1,1,0,1,1,1,672.06,FALSE,3622500,2177500,24,ID_604_202201190820.mod,Close to 629,604,TRUE,1012,TRUE,Segre
EFAS,11,00605,Segre En Seros,0.416323,41.451580,0,0.000000,0.000000,,,0,0,0,0,,,1,NRT_6h,C117,Ebro,ES,12900,12782,Ebro,3,0,TRUE,1,1,0,1,1,1,87.26,TRUE,3522500,2092500,24,ID_605_202201190820.mod,,605,TRUE,1012,TRUE,Segre
EFAS,11,00606,Ebro En Tortosa,0.520716,40.813296,0,0.000000,0.000000,,,0,0,0,0,,,1,NRT_6h,C118,Ebro,ES,85050,84230,Ebro,3,0,TRUE,1,1,0,1,1,1,25,TRUE,3522500,2022500,24,ID_606_202201190820.mod,Dams oscillations,606,TRUE,1012,TRUE,Ebro
EFAS,11,00607,Guadalope Cola Santolea,-0.368360,40.739821,0,0.000000,0.000000,,,0,0,0,0,,,0,HIST_24h,,Ebro,ES,975,1002,Ebro,3,0,TRUE,0,1,0,0,0,0,584,TRUE,3437500,2017500,24,,Moved upstream of dam,607,FALSE,1012,FALSE,Guadalope
EFAS,11,00608,Bergantes En Zorita,-0.155649,40.778878,0,0.000000,0.000000,,,0,0,0,0,,,1,NRT_6h,C291,Ebro,ES,1075,1038,Ebro,3,0,TRUE,1,1,0,1,1,1,540.32,TRUE,3462500,2017500,24,ID_608_202201190820.mod,,608,TRUE,1012,TRUE,Bergantes
EFAS,11,00609,Guatizalema P.Alcofea,-0.127798,41.909218,0,0.000000,0.000000,,,0,0,0,0,,,1,,,Ebro,ES,350,362,Ebro,,0,TRUE,1,1,0,1,1,1,317.06,FALSE,3477500,2147500,24,ID_609_202201190820.mod,Provider upArea too small to be included in calibration,609,TRUE,1012,TRUE,Guatizalema
EFAS,11,00610,Rioalcanadre En P.Alcofea,-0.125338,41.912731,0,0.000000,0.000000,,,0,0,0,0,,,1,NRT_6h,,Ebro,ES,1300,7665,Ebro,3,0,TRUE,1,1,0,1,1,1,316.43,TRUE,3477500,2142500,24,ID_610_202201190822.mod,Wrong area from provider,610,TRUE,1012,TRUE,Alcanadre
EFAS,11,00611,Najerilla En Torremontalbo,-2.684010,42.498307,0,0.000000,0.000000,,,0,0,0,0,,,1,NRT_6h,C292,Ebro,ES,1125,1090,Ebro,3,0,TRUE,1,1,0,1,1,1,425.35,TRUE,3277500,2237500,24,ID_611_202201190832.mod,,611,TRUE,1012,TRUE,Najerilla
EFAS,11,00612,Jiloca En Calamocha,-1.300512,40.924081,0,0.000000,0.000000,,,0,0,0,0,,,1,NRT_6h,C294,Ebro,ES,1925,1498,Ebro,0,0,TRUE,1,1,0,1,1,1,872.43,FALSE,3367500,2047500,24,ID_612_202201190832.mod,strongly regulated but no dam in lsf,612,TRUE,1012,TRUE,Jiloca
EFAS,11,00613,Jiloca En Morata De Jiloca,-1.584510,41.251626,0,0.000000,0.000000,,,0,0,0,0,,,1,NRT_6h,C296,Ebro,ES,2975,2502,Ebro,3,0,TRUE,1,1,0,1,1,1,635.79,TRUE,3352500,2087500,24,ID_613_202201190832.mod,Low data quality  dam?,613,TRUE,1012,TRUE,Jiloca
EFAS,11,00614,Gallego En Sta. Eulalia,-0.750966,42.271258,0,0.000000,0.000000,,,0,0,0,0,,,1,NRT_6h,,Ebro,ES,1875,1901,Ebro,3,0,TRUE,1,1,0,1,1,1,427,TRUE,3432500,2192500,24,ID_614_202201190840.mod,,614,TRUE,1012,TRUE,Gallego
EFAS,11,00615,Irati En Liedena,-1.294830,42.623685,0,0.000000,0.000000,,,0,0,0,0,,,1,NRT_6h,C298,Ebro,ES,1575,1546,Ebro,3,0,TRUE,1,1,0,1,1,1,410.77,TRUE,3392500,2242500,24,ID_615_202201190840.mod,,615,TRUE,1012,TRUE,Irati
EFAS,11,00616,Arga En Echauri,-1.789863,42.790801,0,0.000000,0.000000,,,0,0,0,0,,,1,NRT_6h,,Ebro,ES,1775,1756,Ebro,3,0,TRUE,1,1,0,1,1,1,377.55,TRUE,3357500,2262500,24,ID_616_202201190841.mod,,616,TRUE,1012,TRUE,Arga
EFAS,11,00617,Segre A/Abajo E.Oliana,1.292847,42.089524,0,0.000000,0.000000,,,0,0,0,0,,,1,NRT_6h,C519,Ebro,ES,2675,2700,Ebro,3,0,TRUE,1,1,0,1,1,1,440,TRUE,3597500,2147500,24,ID_617_202201190843.mod,Dam oscillations,617,TRUE,1012,TRUE,Segre
EFAS,11,00618,Jalon En Grisen,-1.175651,41.732907,0,0.000000,0.000000,,,0,0,0,0,,,1,NRT_6h,C301,Ebro,ES,10050,9694,Ebro,3,0,TRUE,1,1,0,1,1,1,250,TRUE,3387500,2132500,24,ID_618_202201190843.mod,,618,TRUE,1012,TRUE,Jalon
EFAS,11,00619,Gallego En Zaragoza,-0.841816,41.669308,0,0.000000,0.000000,,,0,0,0,0,,,1,NRT_6h,C116,Ebro,ES,3850,4008,Ebro,3,0,TRUE,1,1,0,1,1,1,194.34,TRUE,3417500,2132500,24,ID_619_202201190845.mod,,619,TRUE,1012,TRUE,Gallego
EFAS,11,00620,Nela En Trespaderne,-3.401620,42.802417,0,0.000000,0.000000,,,0,0,0,0,,,1,NRT_6h,C303,Ebro,ES,1075,1093,Ebro,3,0,TRUE,1,1,0,1,1,1,545.29,TRUE,3227500,2292500,24,ID_620_202201190847.mod,,620,TRUE,1012,TRUE,Nela
EFAS,11,00621,Oca En Oña,-3.413880,42.735292,0,0.000000,0.000000,,,0,0,0,0,,,1,NRT_6h,C304,Ebro,ES,1125,1051,Ebro,3,0,TRUE,1,1,0,1,1,1,575.62,TRUE,3227500,2277500,24,ID_621_202201190852.mod,,621,TRUE,1012,TRUE,Oca
EFAS,11,00622,Flumen En Albalatillo,-0.181336,41.758431,0,0.000000,0.000000,,,0,0,0,0,,,1,NRT_6h,,Ebro,ES,1475,1499,Ebro,3,0,TRUE,1,1,0,1,1,1,244.47,TRUE,3472500,2132500,24,ID_622_202201190857.mod,,622,TRUE,1012,TRUE,Flumen
EFAS,11,00623,Segre En Balaguer,0.807173,41.793029,0,0.000000,0.000000,,,0,0,0,0,,,1,NRT_6h,,Ebro,ES,7725,7796,Ebro,3,0,TRUE,1,1,0,1,1,1,210,TRUE,3557500,2122500,24,ID_623_202201190857.mod,,623,TRUE,1012,TRUE,Segre
EFAS,11,00624,N. Ribagorzana A.A.Sta.Ana,0.578476,41.877014,0,0.000000,0.000000,,,0,0,0,0,,,1,NRT_6h,C518,Ebro,ES,1775,1757,Ebro,3,0,TRUE,1,1,0,1,1,1,300,TRUE,3542500,2137500,24,ID_624_202201190857.mod,Dam oscillations,624,TRUE,1012,TRUE,Noguera Ribagorzana
EFAS,11,00625,Guadalope En Caspe,0.012879,41.210490,0,0.000000,0.000000,,,0,0,0,0,,,1,NRT_6h,C306,Ebro,ES,3850,3845,Ebro,3,0,TRUE,1,1,0,1,1,1,147,TRUE,3482500,2067500,24,ID_625_202201190908.mod,,625,TRUE,1012,TRUE,Guadalope
EFAS,11,00626,Aragon A.A. Yesa,-1.210999,42.615940,0,0.000000,0.000000,,,0,0,0,0,,,1,NRT_6h,C516,Ebro,ES,2225,2191,Ebro,3,0,TRUE,1,1,0,1,1,1,423,TRUE,3402500,2237500,24,ID_626_202201190908.mod,,626,TRUE,1012,TRUE,Aragon
EFAS,11,00627,N. Pallaresa En Collegats,1.034106,42.274679,0,0.000000,0.000000,,,0,0,0,0,,,1,HIST_24h,,Ebro,ES,1525,1518,Ebro,0,0,TRUE,1,1,0,1,1,1,540.04,FALSE,3582500,2172500,24,ID_627_202201190908.mod,Few old data,627,TRUE,1012,TRUE,Noguera Pallaresa
EFAS,11,00628,Guadalope A.A. Santolea,-0.313887,40.777755,0,0.000000,0.000000,,,0,0,0,0,,,1,NRT_6h,C521,Ebro,ES,1225,1236,Ebro,3,0,TRUE,1,1,0,1,1,1,540,TRUE,3447500,2022500,24,ID_628_202201190908.mod,,628,TRUE,1012,TRUE,Guadalope
EFAS,11,00629,Segre En Organya,1.343341,42.229438,0,0.000000,0.000000,,,0,0,0,0,,,1,NRT_6h,,Ebro,ES,2300,2384,Ebro,3,0,TRUE,1,1,0,1,1,1,541.05,TRUE,3607500,2167500,24,ID_629_202201190908.mod,,629,TRUE,1012,TRUE,Segre
EFAS,11,00630,N.Ribagorzana (Montañana),0.694587,42.150305,0,0.000000,0.000000,,,0,0,0,0,,,1,NRT_6h,,Ebro,ES,1125,1068,Ebro,3,0,TRUE,1,1,0,1,1,1,528.99,TRUE,3552500,2162500,24,ID_630_202201190908.mod,,630,TRUE,1012,TRUE,Noguera Ribagorzana
EFAS,11,00631,Ebro En Mendavia,-2.205411,42.415710,0,0.000000,0.000000,,,0,0,0,0,,,1,NRT_6h,,Ebro,ES,12025,12010,Ebro,3,0,TRUE,1,1,0,1,1,1,325,TRUE,3312500,2232500,24,ID_631_202201190918.mod,,631,TRUE,1012,TRUE,Ebro
EFAS,11,00632,Gallego En Anzanigo,-0.651457,42.404171,0,0.000000,0.000000,,,0,0,0,0,,,1,NRT_6h,C307,Ebro,ES,1425,1391,Ebro,3,0,TRUE,1,1,0,1,1,1,580,TRUE,3442500,2202500,24,ID_632_202201190918.mod,,632,TRUE,1012,TRUE,Gallego
EFAS,11,00633,Piedra En Carenas,-1.798645,41.266454,0,0.000000,0.000000,,,0,0,0,0,,,1,NRT_6h,C520,Ebro,ES,1500,1478,Ebro,3,0,TRUE,1,1,0,1,1,1,640,TRUE,3332500,2097500,24,ID_633_202201190918.mod,,633,TRUE,1012,TRUE,Piedra
EFAS,11,00634,Jalon En Ateca,-1.800571,41.322951,0,0.000000,0.000000,,,0,0,0,0,,,1,NRT_6h,,Ebro,ES,4050,3619,Ebro,3,0,TRUE,1,1,0,1,1,1,610,TRUE,3332500,2102500,24,ID_634_202201190918.mod,,634,TRUE,1012,TRUE,Jalon
EFAS,11,00635,Ebro En Palazuelos,-3.343153,42.791702,0,0.000000,0.000000,,,0,0,0,0,,,1,NRT_6h,,Ebro,ES,4500,4530,Ebro,3,0,TRUE,1,1,0,1,1,1,531.55,TRUE,3232500,2282500,24,ID_635_202201190918.mod,,635,TRUE,1012,TRUE,Ebro
EFAS,11,00636,Ebro En Asco,0.569761,41.185938,0,0.000000,0.000000,,,0,0,0,0,,,1,NRT_6h,,Ebro,ES,83350,82245,Ebro,3,0,TRUE,1,1,0,1,1,1,40,TRUE,3527500,2057500,24,ID_636_202201190918.mod,Moved downstream of dams  Dam oscillations,636,TRUE,1012,TRUE,Ebro
EFAS,11,00637,Aragon En Cola De Yesa,-0.998637,42.609706,0,0.000000,0.000000,,,0,0,0,0,,,0,HIST_24h,C310,Ebro,ES,1500,1471,Ebro,0,0,TRUE,0,1,0,0,0,0,497,FALSE,3422500,2232500,,,Close to 649 but not consistent  older data,637,FALSE,1012,FALSE,Aragon
EFAS,11,00638,Matarraña En Nonaspe,0.171587,41.195372,0,0.000000,0.000000,,,0,0,0,0,,,1,NRT_6h,,Ebro,ES,1150,1260,Ebro,3,0,TRUE,1,1,0,1,1,1,212.01,TRUE,3497500,2067500,24,ID_638_202201190918.mod,Manually swapped to nrt6 data because hist6 data are actually not there.,638,TRUE,1012,TRUE,Matarranya
EFAS,11,00639,Alhama En Cintruenigo,-1.811868,42.079921,0,0.000000,0.000000,,,0,0,0,0,,,1,NRT_6h,,Ebro,ES,1100,1120,Ebro,3,0,TRUE,1,1,0,1,1,1,379.28,TRUE,3337500,2182500,24,ID_639_202201190925.mod,,639,TRUE,1012,TRUE,Alhama
EFAS,11,00640,R.Alcanadre En Ballobar,0.195275,41.620400,0,0.000000,0.000000,,,0,0,0,0,,,1,NRT_6h,C313,Ebro,ES,3300,3390,Ebro,3,0,TRUE,1,1,0,1,1,1,150,TRUE,3497500,2117500,24,ID_640_202201190932.mod,,640,TRUE,1012,TRUE,Alcanadre
EFAS,11,00641,Gallego En Zuera,-0.785065,41.822767,0,0.000000,0.000000,,,0,0,0,0,,,1,NRT_6h,,Ebro,ES,3250,3276,Ebro,2,0,TRUE,1,1,0,1,1,1,274,FALSE,3427500,2147500,24,ID_641_202201190932.mod,Close to 619,641,TRUE,1012,TRUE,Gallego
EFAS,11,00642,Huerva En Zaragoza,-0.897818,41.637059,0,0.000000,0.000000,,,0,0,0,0,,,1,NRT_6h,,Ebro,ES,1100,1017,Ebro,3,0,TRUE,1,1,0,1,1,1,214.07,TRUE,3407500,2122500,24,ID_642_202201190932.mod,Moved West to avoid conflict in inflow point,642,TRUE,1012,TRUE,Huerva
EFAS,11,00643,Arba En Tauste,-1.280026,41.912961,0,0.000000,0.000000,,,0,0,0,0,,,1,NRT_6h,,Ebro,ES,2175,2193,Ebro,3,0,TRUE,1,1,0,1,1,1,243.31,TRUE,3392500,2167500,24,ID_643_202201190932.mod,,643,TRUE,1012,TRUE,Arba
EFAS,11,00644,Ebro En Gelsa,-0.476091,41.398134,0,0.000000,0.000000,,,0,0,0,0,,,1,,,Ebro,ES,47550,47133,Ebro,,0,TRUE,1,0,0,1,1,1,150,FALSE,3442500,2097500,,,No discharge data available for calibration period,644,FALSE,1012,TRUE,Ebro
EFAS,11,00645,Jalon En Calatayud,-1.633044,41.354860,0,0.000000,0.000000,,,0,0,0,0,,,1,NRT_6h,,Ebro,ES,7575,6841,Ebro,2,0,TRUE,1,1,0,1,1,1,520,FALSE,3347500,2102500,24,ID_645_202201190933.mod,Close to 646,645,TRUE,1012,TRUE,Jalon
EFAS,11,00646,Jalon En Chodes,-1.461174,41.494452,0,0.000000,0.000000,,,0,0,0,0,,,1,NRT_6h,,Ebro,ES,8025,7561,Ebro,3,0,TRUE,1,1,0,1,1,1,390,TRUE,3357500,2117500,24,ID_646_202201190940.mod,,646,TRUE,1012,TRUE,Jalon
EFAS,11,00647,Ebro En Logroño,-2.445670,42.470961,0,0.000000,0.000000,,,0,0,0,0,,,1,NRT_6h,,Ebro,ES,10525,1037,Ebro,2,0,TRUE,1,0,0,1,1,1,359,FALSE,3297500,2237500,24,ID_647_202201190940.mod,Moved on Ebro main stream  close to 631,647,TRUE,1012,TRUE,Ebro
EFAS,11,00648,Tiron En Haro,-2.877185,42.578981,0,0.000000,0.000000,,,0,0,0,0,,,1,NRT_6h,C314,Ebro,ES,1225,1239,Ebro,3,0,TRUE,1,1,0,1,1,1,458,TRUE,3262500,2252500,24,ID_648_202201190942.mod,,648,TRUE,1012,TRUE,Tiron
EFAS,11,00649,Aragon En Martes,-0.882830,42.591487,0,0.000000,0.000000,,,0,0,0,0,,,1,NRT_6h,,Ebro,ES,1100,1083,Ebro,3,0,TRUE,1,1,0,1,1,1,554,TRUE,3427500,2227500,24,ID_649_202201190946.mod,,649,TRUE,1012,TRUE,Aragon
EFAS,11,00650,Ebro En Tudela,-1.600330,42.067089,0,0.000000,0.000000,,,0,0,0,0,,,1,,,Ebro,ES,26500,2534,Ebro,,0,TRUE,1,0,0,1,1,1,252,FALSE,3362500,2177500,,,No discharge data available for calibration period,650,FALSE,1012,TRUE,Ebro
EFAS,11,00651,Ebro En Novillas,-1.386049,41.929713,0,0.000000,0.000000,,,0,0,0,0,,,1,,,Ebro,ES,27425,2721,Ebro,,0,TRUE,0,0,0,1,1,1,239,FALSE,3377500,2162500,,,No discharge data available for calibration period,651,FALSE,1012,FALSE,Ebro
EFAS,11,00652,Ebro En Alagon,-1.136851,41.791087,0,0.000000,0.000000,,,0,0,0,0,,,1,,,Ebro,ES,30400,3017,Ebro,,0,TRUE,0,0,0,1,1,1,211,FALSE,3397500,2147500,,,No discharge data available for calibration period,652,FALSE,1012,FALSE,Ebro
EFAS,11,00653,Arba En Ejea,-1.150894,42.117427,0,0.000000,0.000000,,,0,0,0,0,,,1,NRT_6h,,Ebro,ES,1075,1046,Ebro,2,0,TRUE,1,1,0,1,1,1,318,FALSE,3402500,2182500,24,ID_653_202201190946.mod,Close to 643 lower quality,653,TRUE,1012,TRUE,Arba
EFAS,11,00654,Cinca Pte. Las Pilas,0.213411,42.066690,0,0.000000,0.000000,,,0,0,0,0,,,1,,,Ebro,ES,3825,3743,Ebro,,0,TRUE,1,0,0,1,1,1,336,FALSE,3512500,2162500,,,No discharge data available for calibration period,654,FALSE,1012,TRUE,Cinca
EFAS,11,00655,Jalon En Cetina,-1.956817,41.298495,0,0.000000,0.000000,,,0,0,0,0,,,1,,C286,Ebro,ES,1975,1905,Ebro,,0,TRUE,1,1,0,1,1,1,673,FALSE,3322500,2102500,,,Not enough discarge data available for calibration period,655,FALSE,1012,TRUE,Noguera Pallaresa
EFAS,11,00656,Adony,18.881600,47.112000,0,0.000000,0.000000,,,0,0,0,0,,,1,,,Danube,HU,186325,186732,Danube,,0,FALSE,0,0,0,0,1,1,,FALSE,4992500,2707500,,,No discharge data available for calibration period,656,FALSE,1017,FALSE,Danube
EFAS,11,00657,Agerdomajor,22.420100,47.763000,0,0.000000,0.000000,,,0,0,0,0,,,1,HIST_24h,C758,Danube,HU,200,1974,Danube,1,0,TRUE,1,1,0,1,1,1,,FALSE,5247500,2812500,24,ID_657_202201190958.mod,use after 01-1992  possible worng location or wrong area from provider,657,TRUE,1017,TRUE,Kraszna
EFAS,11,00658,Ant,21.451856,46.666487,0,0.000000,0.000000,,,0,0,0,0,,,1,,,Danube,HU,325,4300,Danube,,0,TRUE,0,0,0,1,1,1,,FALSE,5192500,2682500,,,No discharge data available for calibration period,658,FALSE,1017,FALSE,Crisul Negru
EFAS,11,00659,Barcs,17.442200,45.951400,0,0.000000,0.000000,,,0,0,0,0,,,1,NRT_24h,,Danube,HU,34625,33977,Danube,3,0,TRUE,1,1,0,1,1,1,,TRUE,4897500,2562500,24,ID_659_202201190956.mod,,659,TRUE,1017,TRUE,Drava
EFAS,11,00660,Bekes,21.141900,46.785600,0,0.000000,0.000000,,,0,0,0,0,,,1,NRT_24h,,Danube,HU,10250,9011,Danube,3,0,TRUE,1,1,0,1,1,1,,TRUE,5167500,2697500,24,ID_660_202201190958.mod,,660,TRUE,1017,TRUE,Koros
EFAS,11,00661,Bekessztandras duzzaszto a.,20.497600,46.890900,0,0.000000,0.000000,,,0,0,0,0,,,1,NRT_24h,,Danube,HU,26275,26647,Danube,0,0,TRUE,1,0,0,1,1,1,,FALSE,5117500,2697500,,ID_661_202201190958.mod,Low quality data,661,TRUE,1017,TRUE,Harmas-Koros
EFAS,11,00662,Bekessztandras duzzaszto f.,20.498500,46.891800,0,0.000000,0.000000,,,0,0,0,0,,,1,,,Danube,HU,26300,26647,Danube,,0,TRUE,0,0,0,1,1,1,,FALSE,5112500,2697500,,,No discharge data available for calibration period,662,FALSE,1017,FALSE,Harmas-Koros
EFAS,11,00663,Berettyoujfalu,21.539400,47.207700,0,0.000000,0.000000,,,0,0,0,0,,,1,NRT_24h,,Danube,HU,3575,3712,Danube,0,0,TRUE,1,1,0,1,1,1,,FALSE,5192500,2747500,24,ID_663_202201190958.mod,wrong location  not consistent with 693,663,TRUE,1017,TRUE,Barcau
EFAS,11,00664,Budapest,19.048300,47.494900,0,0.000000,0.000000,,,0,0,0,0,,,1,NRT_24h,,Danube,HU,184600,184893,Danube,3,0,TRUE,1,1,0,1,1,1,,TRUE,5002500,2752500,24,ID_664_202201191005.mod,,664,TRUE,1017,TRUE,Danube
EFAS,11,00665,Csenger,22.692400,47.841000,0,0.000000,0.000000,,,0,0,0,0,,,1,HIST_24h,,Danube,HU,14975,15283,Danube,0,0,TRUE,1,1,0,1,1,1,,FALSE,5267500,2827500,24,ID_665_202201191005.mod,two yrs of data only,665,TRUE,1017,TRUE,Somea
EFAS,11,00666,Doboz,21.222100,46.726200,0,0.000000,0.000000,,,0,0,0,0,,,1,,,Danube,HU,8100,8922,Danube,,0,TRUE,0,0,0,1,1,1,,FALSE,5177500,2687500,,,No discharge data available for calibration period,666,FALSE,1017,FALSE,Koros
EFAS,11,00667,Dombori-puszta,18.895700,46.422700,0,0.000000,0.000000,,,0,0,0,0,,,1,NRT_24h,,Danube,HU,188375,189538,Danube,3,0,TRUE,1,1,0,1,1,1,,TRUE,5002500,2632500,24,ID_667_202201191005.mod,,667,TRUE,1017,TRUE,Danube
EFAS,11,00668,Dravaszabolcs,18.201700,45.784100,0,0.000000,0.000000,,,0,0,0,0,,,1,NRT_24h,,Danube,HU,37750,35764,Danube,2,0,TRUE,1,1,0,1,1,1,,FALSE,4957500,2552500,24,ID_668_202201191013.mod,close to 863,668,TRUE,1017,TRUE,Drava
EFAS,11,00669,Dunafoldvar,18.930400,46.809400,0,0.000000,0.000000,,,0,0,0,0,,,1,,,Danube,HU,187775,188700,Danube,,0,FALSE,0,0,0,0,1,1,,FALSE,5002500,2672500,,,No discharge data available for calibration period,669,FALSE,1017,FALSE,Danube
EFAS,11,00670,Felsoberecki,21.692000,48.356600,0,0.000000,0.000000,,,0,0,0,0,,,1,NRT_24h,,Danube,HU,11325,12886,Danube,3,0,TRUE,1,1,0,1,1,1,,TRUE,5182500,2872500,24,ID_670_202201191019.mod,,670,TRUE,1017,TRUE,Bodrog
EFAS,11,00671,Gyoma,20.844300,46.944900,0,0.000000,0.000000,,,0,0,0,0,,,1,NRT_24h,,Danube,HU,19800,19715,Danube,3,0,TRUE,1,1,0,1,1,1,,TRUE,5142500,2707500,24,ID_671_202201191019.mod,,671,TRUE,1017,TRUE,Harmas-Koros
EFAS,11,00672,Gyula,21.296800,46.664800,0,0.000000,0.000000,,,0,0,0,0,,,1,HIST_24h,C037,Danube,HU,4025,4251,Danube,2,0,TRUE,1,1,0,1,1,1,,FALSE,5187500,2677500,24,ID_672_202201191019.mod,Moved upstream  Same as 673,672,TRUE,1017,TRUE,Crisul Alb
EFAS,11,00673,Gyulavari duzzaszto f.,21.310500,46.642500,0,0.000000,0.000000,,,0,0,0,0,,,1,NRT_24h,,Danube,HU,4400,4250,Danube,3,0,TRUE,1,0,0,1,1,1,,TRUE,5182500,2682500,24,ID_673_202201191019.mod,,673,TRUE,1017,TRUE,Crisul Alb
EFAS,11,00674,Hatvan,19.682600,47.662000,0,0.000000,0.000000,,,0,0,0,0,,,1,NRT_24h,,Danube,HU,1250,1222,Danube,3,0,TRUE,1,1,0,1,1,1,,TRUE,5047500,2777500,24,ID_674_202201191019.mod,,674,TRUE,1017,TRUE,Zagyva
EFAS,11,00675,Hidasnemeti,21.228500,48.497500,0,0.000000,0.000000,,,0,0,0,0,,,1,NRT_24h,,Danube,HU,4450,4515,Danube,3,0,TRUE,1,1,0,1,1,1,,TRUE,5147500,2882500,24,ID_675_202201191019.mod,,675,TRUE,1017,TRUE,Hornad
EFAS,11,00676,Ipolytarnoc,19.606000,48.236200,0,0.000000,0.000000,,,0,0,0,0,,,1,NRT_24h,,Danube,HU,1325,1123,Danube,0,0,TRUE,1,1,0,1,1,1,,FALSE,5032500,2837500,24,ID_676_202201191022.mod,Use 690 seems to have better data,676,TRUE,1017,TRUE,Dobroda
EFAS,11,00677,Jasztelek,19.993800,47.483800,0,0.000000,0.000000,,,0,0,0,0,,,1,HIST_24h,C031,Danube,HU,4200,4207,Danube,3,0,TRUE,1,1,0,1,1,1,,TRUE,5072500,2752500,24,ID_677_202201191033.mod,,677,TRUE,1017,TRUE,Zagyva
EFAS,11,00678,Kiskore also,20.516500,47.492700,0,0.000000,0.000000,,,0,0,0,0,,,1,NRT_24h,,Danube,HU,65000,65670,Danube,3,0,TRUE,1,1,0,1,1,1,,TRUE,5107500,2762500,24,ID_678_202201191033.mod,Moved upstream of dam,678,TRUE,1017,TRUE,Tisza
EFAS,11,00679,Kiskore felso,20.516900,47.494100,0,0.000000,0.000000,,,0,0,0,0,,,1,,,Danube,HU,64875,65670,Danube,,0,TRUE,0,0,0,1,1,1,,FALSE,5112500,2767500,,,No discharge data available for calibration period,679,FALSE,1017,FALSE,Tisza
EFAS,11,00680,Kisorveto,20.630000,46.940000,0,0.000000,0.000000,,,0,0,0,0,,,0,,,Danube,HU,25850,,Danube,,0,FALSE,0,0,0,0,0,0,,FALSE,5127500,2707500,,,No discharge data available for calibration period,680,FALSE,1017,FALSE,Koros
EFAS,11,00681,Komarom,18.112200,47.750700,0,0.000000,0.000000,,,0,0,0,0,,,0,,,Danube,HU,150750,,Danube,,0,FALSE,0,0,0,0,0,0,,FALSE,4922500,2772500,,,No discharge data available for calibration period,681,FALSE,1017,FALSE,Danube
EFAS,11,00682,Korosszakal,21.608100,47.011600,0,0.000000,0.000000,,,0,0,0,0,,,1,NRT_24h,,Danube,HU,2550,2489,Danube,3,0,TRUE,1,1,0,1,1,1,,TRUE,5202500,2727500,24,ID_682_202201191033.mod,,682,TRUE,1017,TRUE,Crișul Repede
EFAS,11,00683,Korostarcsa,21.032700,46.883800,0,0.000000,0.000000,,,0,0,0,0,,,1,,,Danube,HU,10425,10384,Danube,,0,TRUE,0,0,0,1,1,1,,FALSE,5157500,2702500,,,No discharge data available for calibration period,683,FALSE,1017,FALSE,Koros
EFAS,11,00684,Kunszentmarton,20.272500,46.848100,0,0.000000,0.000000,,,0,0,0,0,,,1,NRT_24h,,Danube,HU,27000,27354,Danube,3,0,TRUE,1,1,0,1,1,1,,TRUE,5102500,2692500,24,ID_684_202201191033.mod,,684,TRUE,1017,TRUE,Harmas-Koros
EFAS,11,00685,Letenye,16.694400,46.420200,0,0.000000,0.000000,,,0,0,0,0,,,1,NRT_24h,,Danube,HU,13325,13033,Danube,3,0,TRUE,1,1,0,1,1,1,,TRUE,4837500,2612500,24,ID_685_202201191036.mod,,685,TRUE,1017,TRUE,Mur
EFAS,11,00686,Mako,20.455600,46.202600,0,0.000000,0.000000,,,0,0,0,0,,,1,HIST_24h,,Danube,HU,30075,30149,Danube,0,0,TRUE,1,1,0,1,1,1,,FALSE,5127500,2622500,24,ID_686_202201191033.mod,two yrs data,686,TRUE,1017,TRUE,Mures
EFAS,11,00687,Mezobereny,21.103300,46.844500,0,0.000000,0.000000,,,0,0,0,0,,,1,,,Danube,HU,75,10127,Danube,,0,FALSE,0,0,0,0,1,1,,FALSE,5167500,2702500,,,No discharge data available for calibration period,687,FALSE,1017,FALSE,Koros
EFAS,11,00688,Mohacs,18.694600,45.992800,0,0.000000,0.000000,,,0,0,0,0,,,1,HIST_24h,C757,Danube,HU,208825,209064,Danube,2,0,TRUE,1,1,0,1,1,1,,FALSE,4997500,2577500,24,ID_688_202201191044.mod,almost same location as 228 but shorter period  use 228,688,TRUE,1017,TRUE,Danube
EFAS,11,00689,Nagymaros,18.961100,47.788600,0,0.000000,0.000000,,,0,0,0,0,,,1,HIST_24h,,Danube,HU,183175,183534,Danube,0,0,TRUE,1,1,0,1,1,1,,FALSE,4992500,2782500,24,ID_689_202201191044.mod,Use 705,689,TRUE,1017,TRUE,Danube
EFAS,11,00690,Nogradszakal,19.529600,48.191000,0,0.000000,0.000000,,,0,0,0,0,,,1,NRT_24h,,Danube,HU,1875,1850,Danube,3,0,TRUE,1,1,0,1,1,1,,TRUE,5027500,2832500,24,ID_690_202201191054.mod,,690,TRUE,1017,TRUE,Ipel
EFAS,11,00691,Ortilos,16.886700,46.297900,0,0.000000,0.000000,,,0,0,0,0,,,1,NRT_24h,,Danube,HU,31275,30969,Danube,3,0,TRUE,1,1,0,1,1,1,,TRUE,4852500,2602500,24,ID_691_202201191044.mod,,691,TRUE,1017,TRUE,Drava
EFAS,11,00692,Paks,18.869200,46.626800,0,0.000000,0.000000,,,0,0,0,0,,,1,,,Danube,HU,188100,189092,Danube,,0,TRUE,1,1,0,1,1,1,,FALSE,4997500,2652500,,ID_692_202201191106.mod,No discharge data available for calibration period,692,TRUE,1017,TRUE,Danube
EFAS,11,00693,Pocsaj,21.797500,47.278400,0,0.000000,0.000000,,,0,0,0,0,,,1,NRT_24h,,Danube,HU,3450,3502,Danube,3,0,TRUE,1,1,0,1,1,1,,TRUE,5212500,2757500,24,ID_693_202201191056.mod,,693,TRUE,1017,TRUE,Barcau
EFAS,11,00694,Sajopuspoki,20.340100,48.282500,0,0.000000,0.000000,,,0,0,0,0,,,1,NRT_24h,,Danube,HU,3500,3224,Danube,3,0,TRUE,1,1,0,1,1,1,,TRUE,5087500,2847500,24,ID_694_202201191105.mod,,694,TRUE,1017,TRUE,Slana
EFAS,11,00695,Sarkad,21.424000,46.698200,0,0.000000,0.000000,,,0,0,0,0,,,1,NRT_24h,,Danube,HU,3650,4302,Danube,3,0,TRUE,1,1,0,1,1,1,0,TRUE,5187500,2687500,24,ID_695_202201191105.mod,Moved downstream,695,TRUE,1017,TRUE,Crisul Negru
EFAS,11,00696,Sarvar,16.953800,47.246700,0,0.000000,0.000000,,,0,0,0,0,,,1,NRT_24h,,Danube,HU,5575,5566,Danube,3,0,TRUE,1,1,0,1,1,1,0,TRUE,4847500,2707500,24,ID_696_202201191106.mod,,696,TRUE,1017,TRUE,Raba
EFAS,11,00697,Siojut,18.140400,46.882600,0,0.000000,0.000000,,,0,0,0,0,,,1,,,Danube,HU,5850,5884,Danube,,0,TRUE,1,1,0,1,1,1,0,FALSE,4942500,2672500,24,ID_697_202201191106.mod,No discharge data available for calibration period,697,TRUE,1017,TRUE,Sio
EFAS,11,00698,Szarvas,20.560300,46.913000,0,0.000000,0.000000,,,0,0,0,0,,,1,,,Danube,HU,26150,25958,Danube,,0,FALSE,0,0,0,0,1,1,0,FALSE,5122500,2702500,,,No discharge data available for calibration period,698,FALSE,1017,FALSE,Harmas-Koros
EFAS,11,00699,Szentgotthard,16.275900,46.957300,0,0.000000,0.000000,,,0,0,0,0,,,1,HIST_24h,,Danube,HU,3275,3084,Danube,0,0,TRUE,1,1,0,1,1,1,0,FALSE,4807500,2667500,24,ID_699_202201191107.mod,few data  use 817,699,TRUE,1017,TRUE,Raba
EFAS,11,00700,Szolnok,20.188800,47.169500,0,0.000000,0.000000,,,0,0,0,0,,,1,HIST_24h,,Danube,HU,72325,73113,Danube,0,0,TRUE,1,1,0,1,1,1,0,FALSE,5092500,2727500,24,ID_700_202201191107.mod,two yrs of data only,700,TRUE,1017,TRUE,Tisza
EFAS,11,00701,Tiszabecs,22.828800,48.103400,0,0.000000,0.000000,,,0,0,0,0,,,1,HIST_24h,,Danube,HU,9000,9707,Danube,0,0,TRUE,1,1,0,1,1,1,0,FALSE,5272500,2857500,24,ID_701_202201191107.mod,two yrs of data only,701,TRUE,1017,TRUE,Tisza
EFAS,11,00702,Tiszafured,20.726800,47.640800,0,0.000000,0.000000,,,0,0,0,0,,,1,,,Danube,HU,62625,63440,Danube,,0,TRUE,0,0,0,1,1,1,0,FALSE,5122500,2782500,,,No discharge data available for calibration period,702,FALSE,1017,FALSE,Tisza
EFAS,11,00703,Tiszapalkonya,21.058200,47.893400,0,0.000000,0.000000,,,0,0,0,0,,,1,HIST_24h,,Danube,HU,62225,62730,Danube,0,0,TRUE,1,1,0,1,1,1,0,FALSE,5142500,2807500,,ID_703_202201191124.mod,two yrs of data only,703,TRUE,1017,TRUE,Tisza
EFAS,11,00704,Tiszaroff,20.441500,47.389100,0,0.000000,0.000000,,,0,0,0,0,,,1,,,Danube,HU,65625,66020,Danube,,0,TRUE,0,0,0,1,1,1,0,FALSE,5107500,2752500,,,No discharge data available for calibration period,704,FALSE,1017,FALSE,Tisza
EFAS,11,00705,Vac,19.123000,47.779900,0,0.000000,0.000000,,,0,0,0,0,,,1,NRT_24h,,Danube,HU,183500,183787,Danube,0,0,TRUE,1,1,0,1,1,1,0,FALSE,5002500,2782500,24,ID_705_202201191124.mod,Close to 664 but not consistent,705,TRUE,1017,TRUE,Danube
EFAS,11,00706,Vasarosnameny,22.339400,48.126800,0,0.000000,0.000000,,,0,0,0,0,,,1,NRT_24h,,Danube,HU,30400,29057,Danube,3,0,TRUE,1,1,0,1,1,1,0,TRUE,5232500,2857500,24,ID_706_202201191124.mod,,706,TRUE,1017,TRUE,Tisza
EFAS,11,00707,Zahony,22.172800,48.413100,0,0.000000,0.000000,,,0,0,0,0,,,1,NRT_24h,,Danube,HU,33350,32782,Danube,3,0,TRUE,1,1,0,1,1,1,0,TRUE,5217500,2887500,24,ID_707_202201191124.mod,,707,TRUE,1017,TRUE,Tisza
EFAS,11,00708,Remete,21.312869,46.700142,0,0.000000,0.000000,,,0,0,0,0,,,0,,,Danube,HU,3675,,Danube,,0,FALSE,0,0,0,0,0,0,0,FALSE,5182500,2687500,,,No discharge data available for calibration period,708,FALSE,1017,FALSE,Crisul Negru
EFAS,11,00709,Szeghalom Foki-hid,21.182800,46.987500,0,0.000000,0.000000,,,0,0,0,0,,,0,,,Danube,HU,8550,,Danube,,0,FALSE,0,0,0,0,0,0,0,FALSE,5167500,2717500,,,No discharge data available for calibration period,709,FALSE,1017,FALSE,Crisul Repede
EFAS,11,00710,Borz,20.946100,47.189900,0,0.000000,0.000000,,,0,0,0,0,,,0,,,Danube,HU,5175,,Danube,,0,FALSE,0,0,0,0,0,0,0,FALSE,5147500,2737500,,,No discharge data available for calibration period,710,FALSE,1017,FALSE,Hortobagy-Berettyo
EFAS,11,00711,Korakaspuszta,18.490000,47.250000,0,0.000000,0.000000,,,0,0,0,0,,,0,,,Danube,HU,400,,Danube,,0,FALSE,0,0,0,0,0,0,0,FALSE,4962500,2717500,,,No discharge data available for calibration period,711,FALSE,1017,FALSE,Patkai Vitzarozo (Lake)
EFAS,11,00712,Ragyogohid,17.012900,47.348100,0,0.000000,0.000000,,,0,0,0,0,,,0,,,Danube,HU,6475,,Danube,,0,FALSE,0,0,0,0,0,0,0,FALSE,4852500,2717500,,,No discharge data available for calibration period,712,FALSE,1017,FALSE,Raba
EFAS,11,00713,Agota,21.022100,47.377900,0,0.000000,0.000000,,,0,0,0,0,,,1,NRT_24h,,Danube,HU,3400,3134,Danube,0,0,TRUE,1,1,0,1,1,1,0,FALSE,5152500,2757500,24,ID_713_202201191124.mod,Its a small affluent impossible to locate,713,TRUE,1017,TRUE,Barcau
EFAS,11,00714,Repcelak-Ujhid,17.061100,47.427200,0,0.000000,0.000000,,,0,0,0,0,,,0,,,Danube,HU,1125,,Danube,,0,FALSE,0,0,0,0,0,0,0,FALSE,4852500,2727500,,,No discharge data available for calibration period,714,FALSE,1017,FALSE,Kis-Raba
EFAS,11,00715,Bacsa,17.676300,47.725100,0,0.000000,0.000000,,,0,0,0,0,,,1,,,Danube,HU,131675,17732,Danube,,0,TRUE,0,1,0,0,1,1,0,FALSE,4897500,2767500,,,Not enough discarge data available for calibration period,715,FALSE,1017,FALSE,Mosoni-Duna
EFAS,11,00716,Belsobocs also,20.974900,48.046600,0,0.000000,0.000000,,,0,0,0,0,,,0,,,Danube,HU,5425,,Danube,,0,FALSE,0,0,0,0,0,0,0,FALSE,5137500,2832500,,,No discharge data available for calibration period,716,FALSE,1017,FALSE,Hernad
EFAS,11,00717,Belsobocs felso,20.975000,48.046700,0,0.000000,0.000000,,,0,0,0,0,,,0,,,Danube,HU,5400,,Danube,,0,FALSE,0,0,0,0,0,0,0,FALSE,5132500,2832500,,,No discharge data available for calibration period,717,FALSE,1017,FALSE,Hernad
EFAS,11,00718,Taktafoldvar,21.220000,48.130000,0,0.000000,0.000000,,,0,0,0,0,,,0,,,Danube,HU,500,,Danube,,0,FALSE,0,0,0,0,0,0,0,FALSE,5152500,2842500,,,No discharge data available for calibration period,718,FALSE,1017,FALSE,Takta
EFAS,11,00772,GUSIN,21.254444,51.892778,0,0.000000,0.000000,,,0,0,0,0,,,1,HIST_6h,C548,Vistula,PL,81900,81844.16,Vistula,3,0,TRUE,1,1,0,1,1,1,91.73,TRUE,5092500,3262500,24,ID_772_202201191122.mod,,772,TRUE,1024,TRUE,Vistula
EFAS,11,00773,KĘPA POLSKA,19.963333,52.431389,0,0.000000,0.000000,,,0,0,0,0,,,1,HIST_6h,C551,Vistula,PL,168025,168357.53,Vistula,3,0,TRUE,1,1,0,1,1,1,57.25,TRUE,4992500,3307500,24,ID_773_202201191128.mod,,773,TRUE,1024,TRUE,Vistula
EFAS,11,00774,FRANKOPOL,22.560833,52.415000,0,0.000000,0.000000,,,0,0,0,0,,,1,HIST_6h,C220,Vistula,PL,30175,30636.63,Vistula,3,0,TRUE,1,1,0,1,1,1,109.59,TRUE,5167500,3332500,24,ID_774_202201191126.mod,,774,TRUE,1024,TRUE,Bug
EFAS,11,00775,Bistra,24.193100,47.863000,0,0.000000,0.000000,,,0,0,0,0,,,1,NRT_6h,C760,Danube,RO,1500,1547,Danube,3,0,TRUE,1,1,0,1,1,1,1020,TRUE,5377500,2852500,24,ID_775_202201191124.mod,outlier  negative values removed with qc,775,TRUE,1001,TRUE,Viseu
EFAS,11,00776,Satu Mare,22.876000,47.786444,0,0.000000,0.000000,,,0,0,0,0,,,1,HIST_24h,C410,Danube,RO,14925,15385,Danube,3,0,TRUE,1,1,0,1,1,1,537,TRUE,5277500,2827500,24,ID_776_202201191138.mod,,776,TRUE,1001,TRUE,Somes
EFAS,11,00777,Beclean,24.151194,47.177167,0,0.000000,0.000000,,,0,0,0,0,,,1,NRT_6h,,Danube,RO,4375,,Danube,3,0,TRUE,1,1,0,1,1,1,711,TRUE,5387500,2777500,24,ID_777_202201191138.mod,,777,TRUE,1001,TRUE,Somesul Mare
EFAS,11,00778,Zerind,21.515611,46.627167,0,0.000000,0.000000,,,0,0,0,0,,,1,HIST_24h,C759,Danube,RO,3625,3702,Danube,2,0,TRUE,1,1,0,1,1,1,351,FALSE,5192500,2687500,24,ID_778_202201191138.mod,close to 695,778,TRUE,1001,TRUE,Crisul Negru
EFAS,11,00779,Chisineu Cris,21.509667,46.519528,0,0.000000,0.000000,,,0,0,0,0,,,1,HIST_24h,,Danube,RO,3525,,Danube,2,0,TRUE,1,1,0,1,1,1,351,FALSE,5202500,2667500,24,ID_779_202201191138.mod,close to 673,779,TRUE,1001,TRUE,Crisul Alb
EFAS,11,00780,Salard,22.028167,47.231528,0,0.000000,0.000000,,,0,0,0,0,,,1,NRT_6h,,Danube,RO,1675,,Danube,3,0,TRUE,1,1,0,1,1,1,254,TRUE,5227500,2752500,24,ID_780_202201191138.mod,,780,TRUE,1001,TRUE,Barcau
EFAS,11,00781,Ocna Mures,23.852694,46.395333,0,0.000000,0.000000,,,0,0,0,0,,,1,HIST_24h,C039,Danube,RO,10000,,Danube,3,0,TRUE,1,1,0,1,1,1,703,TRUE,5382500,2687500,24,ID_781_202201191138.mod,Use untill 01-2017 better use daily data,781,TRUE,1001,TRUE,Mures
EFAS,11,00782,Alba Iulia,23.581361,46.036056,0,0.000000,0.000000,,,0,0,0,0,,,1,HIST_24h,C408,Danube,RO,17975,18055,Danube,3,0,TRUE,1,1,0,1,1,1,625,TRUE,5367500,2647500,24,ID_782_202201191138.mod,,782,TRUE,1001,TRUE,Mures
EFAS,11,00783,Arad,21.320806,46.159889,0,0.000000,0.000000,,,0,0,0,0,,,1,NRT_6h,C041,Danube,RO,27300,27280,Danube,1,0,TRUE,1,1,0,1,1,1,618,FALSE,5197500,2622500,24,ID_783_202201191138.mod,negative values  preblems with river gauge  could use hist24  close to 2743,783,TRUE,1001,TRUE,Mures
EFAS,11,00784,Turda,23.784444,46.566278,0,0.000000,0.000000,,,0,0,0,0,,,1,HIST_24h,,Danube,RO,2650,,Danube,3,0,TRUE,1,1,0,1,1,1,897,TRUE,5372500,2702500,24,ID_784_202201191138.mod,,784,TRUE,1001,TRUE,Aries
EFAS,11,00785,Mihalt,23.730167,46.171611,0,0.000000,0.000000,,,0,0,0,0,,,1,NRT_6h,,Danube,RO,6250,,Danube,3,0,TRUE,1,1,0,1,1,1,532,TRUE,5377500,2662500,24,ID_785_202201191155.mod,,785,TRUE,1001,TRUE,Tarnava Mare
EFAS,11,00786,Sag,21.178100,45.646200,0,0.000000,0.000000,,,0,0,0,0,,,1,HIST_24h,C409,Danube,RO,6400,4493,Danube,3,0,TRUE,1,1,0,1,1,1,477,TRUE,5192500,2567500,24,ID_786_202201191155.mod,,786,TRUE,1001,TRUE,Timis
EFAS,11,00787,Podari,23.786750,44.260139,0,0.000000,0.000000,,,0,0,0,0,,,1,NRT_6h,C018,Danube,RO,9325,9334,Danube,3,0,TRUE,1,1,0,1,1,1,446,TRUE,5412500,2452500,24,ID_787_202201191155.mod,negative values,787,TRUE,1001,TRUE,Jiu
EFAS,11,00788,Bals,24.098889,44.348333,0,0.000000,0.000000,,,0,0,0,0,,,1,HIST_24h,,Danube,RO,1950,,Danube,3,0,TRUE,1,1,0,1,1,1,414,TRUE,5437500,2467500,24,ID_788_202201191155.mod,,788,TRUE,1001,TRUE,Oltet
EFAS,11,00789,Alexandria,25.318806,43.986778,0,0.000000,0.000000,,,0,0,0,0,,,1,HIST_24h,,Danube,RO,3375,,Danube,3,0,TRUE,1,1,0,1,1,1,195,TRUE,5542500,2447500,24,ID_789_202201191155.mod,,789,TRUE,1001,TRUE,Vedea
EFAS,11,00790,Calugareni,25.996917,44.171167,0,0.000000,0.000000,,,0,0,0,0,,,1,HIST_24h,,Danube,RO,3525,,Danube,3,0,TRUE,1,1,0,1,1,1,130,TRUE,5592500,2477500,24,ID_790_202201191155.mod,,790,TRUE,1001,TRUE,Neajlov
EFAS,11,00791,Adancata,26.460583,44.755833,0,0.000000,0.000000,,,0,0,0,0,,,1,HIST_24h,,Danube,RO,3750,,Danube,3,0,TRUE,1,1,0,1,1,1,549,TRUE,5612500,2547500,24,ID_791_202201191155.mod,,791,TRUE,1001,TRUE,Prahova
EFAS,11,00792,Itcani,26.234639,47.672778,0,0.000000,0.000000,,,0,0,0,0,,,1,HIST_24h,,Danube,RO,2325,,Danube,3,0,TRUE,1,1,0,1,1,1,629,TRUE,5527500,2862500,24,ID_792_202201191155.mod,,792,TRUE,1001,TRUE,Suceava
EFAS,11,00793,Vranceni,26.895250,46.209667,0,0.000000,0.000000,,,0,0,0,0,,,1,NRT_6h,,Danube,RO,4175,,Danube,0,0,TRUE,1,1,0,1,1,1,734,FALSE,5612500,2712500,24,ID_793_202201191159.mod,low quality,793,TRUE,1001,TRUE,Trotus
EFAS,11,00794,Botarlau,27.386417,45.632194,0,0.000000,0.000000,,,0,0,0,0,,,1,NRT_6h,,Danube,RO,2600,,Danube,3,0,TRUE,1,1,0,1,1,1,554,TRUE,5662500,2662500,24,ID_794_202201191205.mod,negative values,794,TRUE,1001,TRUE,Putna
EFAS,11,00795,Tecuci,27.440300,45.844600,0,0.000000,0.000000,,,0,0,0,0,,,1,HIST_24h,,Danube,RO,7025,,Danube,0,0,TRUE,1,1,0,1,1,1,220,FALSE,5662500,2682500,24,ID_795_202201191205.mod,wrong location  it must be an affluent,795,TRUE,1001,TRUE,Barlad
EFAS,11,00796,Dragesti,26.945444,46.723639,0,0.000000,0.000000,,,0,0,0,0,,,1,NRT_6h,C028,Danube,RO,11825,11899,Danube,3,0,TRUE,1,1,0,1,1,1,525,TRUE,5602500,2772500,24,ID_796_202201191205.mod,negative values  removed with qc,796,TRUE,1001,TRUE,Siret
EFAS,11,00797,Radauti,26.824000,48.238806,0,0.000000,0.000000,,,0,0,0,0,,,1,HIST_24h,C021,Danube,RO,9175,9074,Danube,3,0,TRUE,1,1,0,1,1,1,529,TRUE,5552500,2937500,24,ID_797_202201191205.mod,,797,TRUE,1001,TRUE,Prut
EFAS,11,00798,Bazias,21.390100,44.808700,0,0.000000,0.000000,,,0,0,0,0,,,1,HIST_24h,C403,Danube,RO,564200,570896,Danube,3,0,TRUE,0,1,0,1,1,1,-999,TRUE,5222500,2477500,24,,,798,FALSE,1001,FALSE,Danube
EFAS,11,00799,Hoghiz,25.301083,45.991889,0,0.000000,0.000000,,,0,0,0,0,,,1,HIST_24h,C404,Danube,RO,7050,7225,Danube,3,0,TRUE,1,1,0,1,1,1,797,TRUE,5502500,2667500,24,ID_799_202201191205.mod,,799,TRUE,1001,TRUE,Olt
EFAS,11,00800,Gurahont,22.342250,46.277722,0,0.000000,0.000000,,,0,0,0,0,,,1,HIST_24h,,Danube,RO,1725,,Danube,3,0,TRUE,1,1,0,1,1,1,515,TRUE,5267500,2652500,24,ID_800_202201191209.mod,,800,TRUE,1001,TRUE,Crisul Alb
EFAS,11,00801,Gataia,21.434200,45.439000,0,0.000000,0.000000,,,0,0,0,0,,,1,NRT_6h,,Danube,RO,725,,Danube,2,0,TRUE,1,1,0,1,1,1,359,FALSE,5212500,2547500,24,ID_801_202201191209.mod,negative values  close to 263,801,TRUE,1001,TRUE,Barzava
EFAS,11,00802,Lugoj,21.907300,45.683700,0,0.000000,0.000000,,,0,0,0,0,,,1,NRT_6h,,Danube,RO,2800,,Danube,3,0,TRUE,1,1,0,1,1,1,666,TRUE,5247500,2582500,24,ID_802_202201191209.mod,negative values,802,TRUE,1001,TRUE,Timis
EFAS,11,00803,Tupilati,26.648111,47.084639,0,0.000000,0.000000,,,0,0,0,0,,,1,HIST_24h,,Danube,RO,4025,,Danube,3,0,TRUE,1,1,0,1,1,1,703,TRUE,5572500,2807500,24,ID_803_202201191209.mod,,803,TRUE,1001,TRUE,Moldova
EFAS,11,00804,Frumosu,25.861917,47.142472,0,0.000000,0.000000,,,0,0,0,0,,,1,HIST_24h,,Danube,RO,2850,,Danube,3,0,TRUE,1,1,0,1,1,1,1172,TRUE,5512500,2797500,24,ID_804_202201191217.mod,low quality  use hist_24 instead,804,TRUE,1001,TRUE,Bistrita
EFAS,11,00805,Ceatal Izmail,28.800000,45.180222,0,0.000000,0.000000,,,0,0,0,0,,,0,HIST_24h,C406,Danube,RO,786242,807000,Danube,3,0,TRUE,0,1,0,0,0,0,-999,TRUE,5777500,2642500,24,,,805,FALSE,1001,FALSE,Ialomita
EFAS,11,00806,Harsova,27.892800,44.679700,0,0.000000,0.000000,,,0,0,0,0,,,0,,,Danube,RO,687095,,Danube,,0,FALSE,0,0,0,0,0,0,-999,FALSE,5727500,2562500,,,No discharge data available for calibration period,806,FALSE,1001,FALSE,Danube
EFAS,11,00807,Zimnicea,25.357306,43.630194,0,0.000000,0.000000,,,0,0,0,0,,,0,HIST_24h,C405,Danube,RO,643722,658400,Danube,3,0,TRUE,0,1,0,0,0,0,-999,TRUE,5557500,2407500,24,,,807,FALSE,1001,FALSE,Danube
EFAS,11,00808,Lungoci,27.509972,45.556611,0,0.000000,0.000000,,,0,0,0,0,,,0,HIST_24h,C029,Danube,RO,36300,36030,Danube,3,0,TRUE,0,1,0,0,0,0,-999,TRUE,5677500,2657500,24,,dams   obscillations in low flow,808,FALSE,1001,FALSE,Siret
EFAS,11,00809,Cosereni,26.571694,44.696972,0,0.000000,0.000000,,,0,0,0,0,,,0,HIST_24h,C407,Danube,RO,6325,6265,Danube,3,0,TRUE,0,1,0,0,0,0,-999,TRUE,5617500,2542500,24,,,809,FALSE,1001,FALSE,Ialomita
EFAS,11,00810,Teleormanu,25.460861,43.952222,0,0.000000,0.000000,,,0,0,0,0,,,0,,,Danube,RO,1250,,Danube,,0,FALSE,0,0,0,0,0,0,-999,FALSE,5552500,2442500,,,No discharge data available for calibration period,810,FALSE,1001,FALSE,Teleorman
EFAS,11,00811,Cornet,24.297222,45.385111,0,0.000000,0.000000,,,0,0,0,0,,,0,HIST_24h,C019,Danube,RO,13750,13733,Danube,3,0,TRUE,0,1,0,0,0,0,-999,TRUE,5432500,2582500,24,,dams regulated small oscillations,811,FALSE,1001,FALSE,Olt
EFAS,11,00812,Fata Motrului,23.292278,44.599694,0,0.000000,0.000000,,,0,0,0,0,,,0,,,Danube,RO,1875,,Danube,,0,FALSE,0,0,0,0,0,0,-999,FALSE,5372500,2482500,,,No discharge data available for calibration period,812,FALSE,1001,FALSE,Motru
EFAS,11,00813,Apatfalva,20.546900,46.178500,0,0.000000,0.000000,,,0,0,0,0,,,1,,,Danube,HU,30050,28585,Danube,,0,TRUE,0,0,0,1,1,1,81.15,FALSE,5132500,2622500,,,No discharge data available for calibration period,813,FALSE,1017,FALSE,Mures
EFAS,11,00814,Bekes duzzaszto a.,21.155400,46.762200,0,0.000000,0.000000,,,0,0,0,0,,,1,NRT_24h,,Danube,HU,10150,8983,Danube,0,0,TRUE,1,0,0,1,1,1,81.32,FALSE,5167500,2692500,24,ID_814_202201191228.mod,same location as 660  use 660,814,TRUE,1017,TRUE,Koros
EFAS,11,00815,Bekes duzzaszto f.,21.156500,46.761800,0,0.000000,0.000000,,,0,0,0,0,,,1,,,Danube,HU,9475,8983,Danube,,0,TRUE,0,0,0,1,1,1,81.32,FALSE,5172500,2692500,,,No discharge data available for calibration period old station,815,FALSE,1017,FALSE,Koros
EFAS,11,00816,Budapest Kvassay zsilip f.,19.068800,47.461500,0,0.000000,0.000000,,,0,0,0,0,,,1,,,Danube,HU,184625,185006,Danube,,0,TRUE,0,0,0,1,1,1,94.76,FALSE,5002500,2747500,,,No discharge data available for calibration period,816,FALSE,1017,FALSE,Danube
EFAS,11,00817,Kormend,16.610600,47.006400,0,0.000000,0.000000,,,0,0,0,0,,,1,NRT_24h,,Danube,HU,4775,4734,Danube,3,0,TRUE,1,1,0,1,1,1,184.15,TRUE,4822500,2677500,24,ID_817_202201191228.mod,,817,TRUE,1017,TRUE,Raba
EFAS,11,00818,Korosladany hid,21.082200,46.953000,0,0.000000,0.000000,,,0,0,0,0,,,1,NRT_24h,,Danube,HU,8775,8985,Danube,3,0,TRUE,1,1,0,1,1,1,80.98,TRUE,5162500,2712500,24,ID_818_202201191228.mod,,818,TRUE,1017,TRUE,Crisul Repede
EFAS,11,00819,Szob,18.859800,47.815800,0,0.000000,0.000000,,,0,0,0,0,,,1,,,Danube,HU,183000,183340,Danube,,0,FALSE,0,0,0,0,1,1,100.98,FALSE,4982500,2782500,,,No discharge data available for calibration period,819,FALSE,1017,FALSE,Danube
EFAS,11,00820,Tass zsilip a.,18.976600,47.032400,0,0.000000,0.000000,,,0,0,0,0,,,1,,,Danube,HU,187300,188257,Danube,,0,FALSE,0,0,0,0,1,1,89.28,FALSE,5002500,2697500,,,No discharge data available for calibration period,820,FALSE,1017,FALSE,Danube
EFAS,11,00821,Tunyogmatolcs,22.453300,47.983700,0,0.000000,0.000000,,,0,0,0,0,,,1,,,Danube,HU,15125,15522,Danube,,0,FALSE,0,0,0,0,1,1,106.21,FALSE,5247500,2842500,,,No discharge data available for calibration period,821,FALSE,1017,FALSE,Somes
EFAS,11,00822,Hetin,20.798278,45.652777,0,0.000000,0.000000,,,0,0,0,0,,,1,NRT_6h,,Danube,RS,2000,2271,Danube,3,0,TRUE,1,1,0,1,1,1,76.69,TRUE,5162500,2567500,24,ID_822_202201191228.mod,uncertain location,822,TRUE,1020,TRUE,Stari Begej
EFAS,11,00823,Gamzigrad,22.173151,43.924319,0,0.000000,0.000000,,,0,0,0,0,,,1,HIST_24h,,Danube,RS,1200,1213,Danube,3,0,TRUE,0,1,0,1,1,1,152.2,TRUE,5297500,2392500,24,,,823,FALSE,1020,FALSE,Crni Timok
EFAS,11,00824,Wilsele-Wijgmaal,4.706311,50.925234,0,0.000000,0.000000,,,0,0,0,0,,,0,,,Scheldt,BE,875,899.9,Scheldt,,0,TRUE,0,0,0,1,0,0,15,FALSE,3947500,3097500,24,,Not enough discarge data available for calibration period,824,FALSE,1022,FALSE,Dyle
EFAS,11,00825,Eppegem,4.455651,50.960522,0,0.000000,0.000000,,,0,0,0,0,,,1,,,Scheldt,BE,1150,1083.6,Scheldt,,0,TRUE,1,1,0,1,0,0,,FALSE,3927500,3107500,24,ID_825_202201191229.mod,Not enough discarge data available for calibration period,825,TRUE,1022,TRUE,Zenne
EFAS,11,00826,Mehikoorma,27.475556,58.232500,0,0.000000,0.000000,,,0,0,0,0,,,1,,,Narva,EE,31775,43895,Narva,,0,FALSE,0,0,0,0,1,1,28,FALSE,5337500,4027500,,,No discharge data available for calibration period,826,FALSE,1028,FALSE,Lake Peipus
EFAS,11,00827,Mustvee,26.951111,58.847500,0,0.000000,0.000000,,,0,0,0,0,,,1,,,Narva,EE,175,43895,Narva,,0,FALSE,0,0,0,0,1,1,28,FALSE,5292500,4087500,,,No discharge data available for calibration period Possibley wrong uparea,827,FALSE,1028,FALSE,Mustvee
EFAS,11,00828,Praaga,27.233333,58.433333,0,0.000000,0.000000,,,0,0,0,0,,,1,,,Narva,EE,9825,43895,Narva,,0,FALSE,0,0,0,0,1,1,28,FALSE,5317500,4047500,,,No discharge data available for calibration period,828,FALSE,1028,FALSE,Emajogi
EFAS,11,00829,Räpina,27.454460,58.095560,0,0.000000,0.000000,,,0,0,0,0,,,1,,,Narva,EE,1150,1130,Narva,,0,TRUE,1,1,0,1,1,1,30.79,FALSE,5337500,4012500,,ID_829_202201191230.mod,No discharge data available for calibration period,829,TRUE,1028,TRUE,Vohandu jogi
EFAS,11,00830,Aarschot,4.822323,50.987652,0,0.000000,0.000000,,,0,0,0,0,,,1,NRT_6h,,Scheldt,BE,2100,2146.42,Scheldt,3,0,TRUE,1,1,0,1,0,0,,TRUE,3962500,3112500,24,ID_830_202201191229.mod,,830,TRUE,1022,TRUE,Demer
EFAS,11,00831,Prijepolje,19.637294,43.381888,0,0.000000,0.000000,,,0,0,0,0,,,1,NRT_6h,C782,Danube,RS,3225,3160,Danube,3,0,TRUE,1,1,0,1,1,1,443.37,TRUE,5102500,2302500,24,ID_831_202201191228.mod,,831,TRUE,1020,TRUE,Lim
EFAS,11,00832,Raska,20.613816,43.296433,0,0.000000,0.000000,,,0,0,0,0,,,1,NRT_6h,,Danube,RS,6275,6270,Danube,2,0,TRUE,1,1,0,1,1,1,392.54,FALSE,5182500,2307500,24,ID_832_202201191228.mod,Oscillations  close to 257,832,TRUE,1020,TRUE,Ibar
EFAS,11,00833,L'Ill à Ensisheim,7.348209,47.866887,0,0.000000,0.000000,,,0,0,0,0,,,1,NRT_6h,,Rhine,FR,975,1038,Rhine,3,0,TRUE,1,0,0,1,1,1,214,TRUE,4122500,2747500,24,ID_833_202202011143.mod,,833,TRUE,1021,TRUE,Ill
EFAS,11,00834,Boretto,10.558932,44.906332,0,0.000000,0.000000,,,0,0,0,0,,,1,NRT_6h,C464,Po,IT,55525,55183,Po,3,0,TRUE,1,1,0,1,1,1,30,TRUE,4367500,2422500,24,ID_834_202201191236.mod,,834,TRUE,1016,TRUE,Po
EFAS,11,00836,Ladesic Draga,15.367278,45.479444,0,0.000000,0.000000,,,0,0,0,0,,,1,NRT_6h,,Danube,HR,1600,1445,Danube,3,0,TRUE,1,1,0,1,1,1,147.84,TRUE,4742500,2502500,24,ID_836_202201191236.mod,,836,TRUE,1031,TRUE,Kupa
EFAS,11,00837,Kamanje,15.392528,45.637917,0,0.000000,0.000000,,,0,0,0,0,,,1,NRT_6h,,Danube,HR,2225,2047,Danube,3,0,TRUE,1,1,0,1,1,1,123.83,TRUE,4737500,2517500,24,ID_837_202201191236.mod,moved downstream,837,TRUE,1031,TRUE,Kupa
EFAS,11,00838,Karlovac,15.551444,45.496361,0,0.000000,0.000000,,,0,0,0,0,,,0,,,Danube,HR,3050,3461,Danube,,0,TRUE,0,0,0,1,1,1,103.17,FALSE,4752500,2502500,,,No discharge data available for calibration period,838,FALSE,1031,FALSE,Kupa
EFAS,11,00839,Jamnicka Kiselica,15.857500,45.548611,0,0.000000,0.000000,,,0,0,0,0,,,1,NRT_6h,C453,Danube,HR,6600,6895,Danube,2,0,TRUE,1,1,0,1,1,1,100.79,FALSE,4772500,2507500,24,ID_839_202201191236.mod,close to 840,839,TRUE,1031,TRUE,Kupa
EFAS,11,00840,Sisinec,16.077194,45.448500,0,0.000000,0.000000,,,0,0,0,0,,,1,NRT_6h,,Danube,HR,7050,7364,Danube,3,0,TRUE,1,1,0,1,1,1,94.81,TRUE,4787500,2502500,24,ID_840_202201191236.mod,,840,TRUE,1031,TRUE,Kupa
EFAS,11,00841,Farkasic,16.152694,45.483278,0,0.000000,0.000000,,,0,0,0,0,,,1,NRT_6h,C454,Danube,HR,8525,8992,Danube,3,0,TRUE,1,1,0,1,1,1,93.82,TRUE,4802500,2497500,24,ID_841_202201191239.mod,moved downstream of confluence,841,TRUE,1031,TRUE,Kupa
EFAS,11,00842,Kostajnica,16.548722,45.222389,0,0.000000,0.000000,,,0,0,0,0,,,1,NRT_6h,,Danube,HR,9000,8876,Danube,3,0,TRUE,1,1,0,1,1,1,103.2,TRUE,4832500,2472500,24,ID_842_202201191239.mod,,842,TRUE,1031,TRUE,Una
EFAS,11,00843,Dubica,16.809306,45.185722,0,0.000000,0.000000,,,0,0,0,0,,,1,,,Danube,HR,9400,9368,Danube,,0,TRUE,0,1,0,1,1,1,94.17,FALSE,4852500,2477500,,,Not enough discarge data available for calibration period,843,FALSE,1031,FALSE,Una
EFAS,11,00844,Drenje Brdovecko,15.688028,45.862333,0,0.000000,0.000000,,,0,0,0,0,,,1,NRT_6h,,Danube,HR,10575,10750,Danube,0,0,TRUE,1,1,0,1,1,1,132.75,FALSE,4762500,2542500,24,ID_844_202201191239.mod,same location as 102 but data are not the same Moved a bit upstream   use 102,844,TRUE,1031,TRUE,Sava
EFAS,11,00845,Zagreb,15.953306,45.784500,0,0.000000,0.000000,,,0,0,0,0,,,1,NRT_6h,C023,Danube,HR,12250,12450,Danube,3,0,TRUE,1,1,0,1,1,1,112.26,TRUE,4787500,2537500,24,ID_845_202201191249.mod,,845,TRUE,1031,TRUE,Sava
EFAS,11,00846,Rugvica,16.228278,45.743722,0,0.000000,0.000000,,,0,0,0,0,,,1,HIST_24h,C459,Danube,HR,12925,12730,Danube,3,0,TRUE,0,1,0,0,1,1,95.61,TRUE,4812500,2527500,24,,,846,FALSE,1031,FALSE,Sava
EFAS,11,00847,Dubrovcak Lijevi,16.336000,45.647694,0,0.000000,0.000000,,,0,0,0,0,,,0,,,Danube,HR,12950,12750,Danube,,0,FALSE,0,0,0,0,1,1,94.53,FALSE,4812500,2522500,,,No discharge data available for calibration period,847,FALSE,1031,FALSE,Sava
EFAS,11,00848,Crnac,16.415722,45.451778,0,0.000000,0.000000,,,0,0,0,0,,,1,HIST_24h,,Danube,HR,22775,22852,Danube,0,1,FALSE,0,1,0,0,1,1,91.34,FALSE,4827500,2502500,,,DO NOT USE Wrong LDD,848,FALSE,1031,FALSE,Sava
EFAS,11,00849,Gusce,16.582583,45.421944,0,0.000000,0.000000,,,0,0,0,0,,,0,,,Danube,HR,22925,23284,Danube,,0,FALSE,0,0,0,0,1,1,89.14,FALSE,4837500,2502500,,,No discharge data available for calibration period,849,FALSE,1031,FALSE,Sava
EFAS,11,00850,Jasenovac,16.907472,45.266806,0,0.000000,0.000000,,,0,0,0,0,,,1,NRT_6h,C024,Danube,HR,23400,38953,Danube,1,0,TRUE,1,1,0,1,1,1,86.82,FALSE,4857500,2487500,24,ID_850_202201191249.mod,Moved on Sava Moved on main stream  wrong LDD cannot be located correctly on river,850,TRUE,1031,TRUE,Sava
EFAS,11,00851,Stara Gradiska,17.249944,45.150250,0,0.000000,0.000000,,,0,0,0,0,,,1,NRT_6h,,Danube,HR,39300,40262,Danube,3,0,TRUE,1,1,0,1,1,1,85.47,TRUE,4882500,2477500,24,ID_851_202201191249.mod,,851,TRUE,1031,TRUE,Sava
EFAS,11,00852,Davor C.S.,17.539556,45.128028,0,0.000000,0.000000,,,0,0,0,0,,,1,NRT_6h,C025,Danube,HR,40825,47179,Danube,3,0,TRUE,1,1,0,1,1,1,82.59,TRUE,4907500,2472500,24,ID_852_202201191249.mod,,852,TRUE,1031,TRUE,Sava
EFAS,11,00853,Slavonski Kobas,17.737833,45.098861,0,0.000000,0.000000,,,0,0,0,0,,,1,NRT_6h,,Danube,HR,46100,48744,Danube,3,0,TRUE,1,1,0,1,1,1,82.69,TRUE,4917500,2472500,24,ID_853_202201191249.mod,,853,TRUE,1031,TRUE,Sava
EFAS,11,00854,Slavonski Brod,18.004778,45.152944,0,0.000000,0.000000,,,0,0,0,0,,,1,NRT_6h,C463,Danube,HR,49725,50858,Danube,3,0,TRUE,1,1,0,1,1,1,81.8,TRUE,4947500,2477500,24,ID_854_202201191256.mod,,854,TRUE,1031,TRUE,Sava
EFAS,11,00855,Slavonski Samac,18.473111,45.065750,0,0.000000,0.000000,,,0,0,0,0,,,0,,,Danube,HR,61075,62288,Danube,,0,FALSE,0,0,0,0,1,1,80.7,FALSE,4987500,2477500,,,No discharge data available for calibration period,855,FALSE,1031,FALSE,Sava
EFAS,11,00856,Zupanja Stepenica,18.686667,45.073472,0,0.000000,0.000000,,,0,0,0,0,,,1,NRT_6h,C026,Danube,HR,61425,62891,Danube,3,0,TRUE,1,1,0,1,1,1,76.28,TRUE,4997500,2482500,24,,,856,FALSE,1031,TRUE,Sava
EFAS,11,00857,Donja Dubrava,16.816639,46.309028,0,0.000000,0.000000,,,0,0,0,0,,,1,NRT_6h,,Danube,HR,17000,16770,Danube,1,0,TRUE,1,1,0,1,1,1,129.7,FALSE,4842500,2602500,24,ID_857_202201191256.mod,dams  oscillations,857,TRUE,1031,TRUE,Drava
EFAS,11,00858,Botovo,16.939111,46.242361,0,0.000000,0.000000,,,0,0,0,0,,,1,NRT_6h,,Danube,HR,31300,31038,Danube,1,0,TRUE,1,1,0,1,1,1,121.55,FALSE,4852500,2597500,24,ID_858_202201191300.mod,obscillations  close to 691  use 691,858,TRUE,1031,TRUE,Drava
EFAS,11,00859,Novo Virje Skela,17.152750,46.110167,0,0.000000,0.000000,,,0,0,0,0,,,1,NRT_6h,,Danube,HR,32150,31803,Danube,1,0,TRUE,1,1,0,1,1,1,108.86,FALSE,4867500,2582500,24,ID_859_202201191301.mod,oscillations,859,TRUE,1031,TRUE,Drava
EFAS,11,00860,Terezino Polje,17.461778,45.944528,0,0.000000,0.000000,,,0,0,0,0,,,1,NRT_6h,,Danube,HR,34300,33916,Danube,1,0,TRUE,1,1,0,1,1,1,100.67,FALSE,4892500,2567500,24,ID_860_202201191301.mod,oscillations Moved upstream close to 659,860,TRUE,1031,TRUE,Drava
EFAS,11,00861,Vrbovka,17.715083,45.829889,0,0.000000,0.000000,,,0,0,0,0,,,0,,,Danube,HR,35425,35029,Danube,,0,FALSE,0,0,0,0,1,0,93.21,FALSE,4922500,2557500,,,No discharge data available for calibration period,861,FALSE,1031,FALSE,Drava
EFAS,11,00862,Podravska Moslavina,17.981222,45.790528,0,0.000000,0.000000,,,0,0,0,0,,,0,,,Danube,HR,35775,36162,Danube,,0,FALSE,0,0,0,0,1,0,90.94,FALSE,4942500,2552500,,,No discharge data available for calibration period,862,FALSE,1031,FALSE,Drava
EFAS,11,00863,Donji Miholjac C.S.,18.172444,45.774639,0,0.000000,0.000000,,,0,0,0,0,,,1,NRT_6h,,Danube,HR,37725,37142,Danube,2,0,TRUE,1,1,0,1,1,1,88.57,FALSE,4952500,2552500,24,ID_863_202201191301.mod,close to 864,863,TRUE,1031,TRUE,Drava
EFAS,11,00864,Belisce,18.418500,45.688472,0,0.000000,0.000000,,,0,0,0,0,,,1,NRT_6h,,Danube,HR,37900,38500,Danube,3,0,TRUE,1,1,0,1,1,1,83.99,TRUE,4982500,2542500,24,ID_864_202201191304.mod,,864,TRUE,1031,TRUE,Drava
EFAS,11,00865,Osijek,18.701833,45.560944,0,0.000000,0.000000,,,0,0,0,0,,,0,,,Danube,HR,39975,39982,Danube,,0,FALSE,0,0,0,0,1,1,81.48,FALSE,4997500,2532500,,,No discharge data available for calibration period,865,FALSE,1031,FALSE,Drava
EFAS,11,00866,Batina,18.854944,45.847306,0,0.000000,0.000000,,,0,0,0,0,,,1,NRT_6h,,Danube,HR,209125,210250,Danube,3,0,TRUE,1,1,0,1,1,1,80.45,TRUE,5002500,2572500,24,ID_866_202201191315.mod,,866,TRUE,1031,TRUE,Danube
EFAS,11,00867,Aljmas,18.951333,45.531250,0,0.000000,0.000000,,,0,0,0,0,,,1,NRT_6h,,Danube,HR,253200,251573,Danube,2,0,TRUE,1,1,0,1,1,1,78.08,FALSE,5017500,2532500,24,ID_867_202201191315.mod,close to 261,867,TRUE,1031,TRUE,Danube
EFAS,11,00868,Dalj,18.995028,45.491028,0,0.000000,0.000000,,,0,0,0,0,,,1,NRT_6h,,Danube,HR,253225,252208,Danube,1,0,TRUE,1,1,0,1,1,1,75.2,FALSE,5022500,2532500,24,ID_868_202201191315.mod,seems inconsistent with 867 and 261 and has low quality data  use 261,868,TRUE,1031,TRUE,Danube
EFAS,11,00869,Vukovar,19.002056,45.355417,0,0.000000,0.000000,,,0,0,0,0,,,1,NRT_6h,,Danube,HR,253950,253147,Danube,2,0,TRUE,1,1,0,1,1,1,76.19,FALSE,5022500,2517500,24,ID_869_202201191315.mod,lake  outliers  moved station downstream  close to 261,869,TRUE,1031,TRUE,Danube
EFAS,11,00870,Ilok,19.378250,45.230444,0,0.000000,0.000000,,,0,0,0,0,,,1,NRT_6h,,Danube,HR,255550,253737,Danube,3,0,TRUE,1,1,0,1,1,1,73.97,TRUE,5052500,2502500,24,ID_870_202201191315.mod,outliers removed after qc,870,TRUE,1031,TRUE,Danube
EFAS,11,00876,Günzburg u. d. Günzmündung,10.285000,48.465400,0,0.000000,0.000000,,,0,0,0,0,,,1,NRT_6h,,Danube,DE,9550,9399.96,Danube,0,0,TRUE,1,0,0,1,1,1,43864,FALSE,4342500,2817500,,ID_876_202201191328.mod,wrong hydrometric zero or wrong rating curve,876,TRUE,1025,TRUE,Danube
EFAS,11,00879,Neuburg,11.178700,48.739300,0,0.000000,0.000000,,,0,0,0,0,,,1,NRT_6h,,Danube,DE,20125,19910.1,Danube,1,0,TRUE,1,0,0,1,1,1,37549,FALSE,4402500,2847500,24,ID_879_202201191328.mod,oscillations use 464 and 469,879,TRUE,1025,TRUE,Danube
EFAS,11,00882,Oberndorf,12.014900,48.947000,0,0.000000,0.000000,,,0,0,0,0,,,1,NRT_6h,C361,Danube,DE,26525,26512.49,Danube,2,0,TRUE,1,1,0,1,1,1,33115,FALSE,4467500,2872500,24,ID_882_202201191328.mod,samll oscillations use 471,882,TRUE,1025,TRUE,Danube
EFAS,11,00883,Regensburg Eiserne Brücke,12.102500,49.021300,0,0.000000,0.000000,,,0,0,0,0,,,1,NRT_6h,,Danube,DE,32525,32495,Danube,3,0,TRUE,1,0,0,1,1,1,32550,TRUE,4467500,2882500,24,ID_883_202201191328.mod,,883,TRUE,1025,TRUE,Danube
EFAS,11,00884,Schwabelweis,12.138700,49.023600,0,0.000000,0.000000,,,0,0,0,0,,,1,NRT_6h,,Danube,DE,35625,35449.63,Danube,0,0,TRUE,1,0,0,1,1,1,32449,FALSE,4482500,2882500,24,ID_884_202201191328.mod,low quality data same location as 1,884,TRUE,1025,TRUE,Danube
EFAS,11,00885,Straubing,12.573700,48.885600,0,0.000000,0.000000,,,0,0,0,0,,,1,,,Danube,DE,37075,37026.36,Danube,,0,FALSE,0,0,0,0,1,1,31145,FALSE,4507500,2867500,,,No discharge data available for calibration period,885,FALSE,1025,FALSE,Danube
EFAS,11,00886,Pfelling,12.747200,48.879800,0,0.000000,0.000000,,,0,0,0,0,,,1,NRT_6h,,Danube,DE,37750,37757.18,Danube,3,0,TRUE,1,0,0,1,1,1,30816,TRUE,4522500,2867500,24,ID_886_202201191328.mod,,886,TRUE,1025,TRUE,Danube
EFAS,11,00887,Deggendorf,12.960600,48.825800,0,0.000000,0.000000,,,0,0,0,0,,,1,,,Danube,DE,38125,38160.08,Danube,,0,FALSE,0,0,0,0,1,1,30700,FALSE,4537500,2862500,,,No discharge data available for calibration period,887,FALSE,1025,FALSE,Danube
EFAS,11,00888,Hofkirchen,13.115200,48.676600,0,0.000000,0.000000,,,0,0,0,0,,,1,NRT_6h,,Danube,DE,47700,47609.56,Danube,2,0,TRUE,1,0,0,1,1,1,29960,FALSE,4552500,2842500,24,ID_888_202201191328.mod,almost same as 2 almost same location,888,TRUE,1025,TRUE,Danube
EFAS,11,00889,Vilshofen,13.182400,48.637200,0,0.000000,0.000000,,,0,0,0,0,,,1,,,Danube,DE,49400,47739.06,Danube,,0,FALSE,0,0,0,0,1,1,29707,FALSE,4557500,2842500,,,No discharge data available for calibration period,889,FALSE,1025,FALSE,Danube
EFAS,11,00890,Passau,13.458700,48.576300,0,0.000000,0.000000,,,0,0,0,0,,,1,,,Danube,DE,76800,49716.33,Danube,,0,FALSE,0,0,0,0,1,1,28646,FALSE,4577500,2837500,,,No discharge data available for calibration period,890,FALSE,1025,FALSE,Danube
EFAS,11,00891,Passau Ilzstadt,13.478200,48.575200,0,0.000000,0.000000,,,0,0,0,0,,,1,NRT_6h,,Danube,DE,76775,76643.21,Danube,2,0,TRUE,1,0,0,1,1,1,28623,FALSE,4577500,2832500,24,ID_891_202201191328.mod,almost same location as 156 and same data  use 156,891,TRUE,1025,TRUE,Danube
EFAS,11,00892,Wiblingen,9.987400,48.370800,0,0.000000,0.000000,,,0,0,0,0,,,1,NRT_6h,C053,Danube,DE,2300,2040.21,Danube,3,0,TRUE,1,1,0,1,1,1,46824,TRUE,4322500,2802500,24,ID_892_202201191328.mod,,892,TRUE,1025,TRUE,Iller
EFAS,11,00893,Landsberg,10.875100,48.041500,0,0.000000,0.000000,,,0,0,0,0,,,1,NRT_6h,,Danube,DE,2325,2286.94,Danube,2,0,TRUE,1,0,0,1,1,1,58228,FALSE,4387500,2767500,24,ID_893_202201191341.mod,dam or lake  close to 894,893,TRUE,1025,TRUE,Lech
EFAS,11,00894,Haunstetten,10.945700,48.316300,0,0.000000,0.000000,,,0,0,0,0,,,1,NRT_6h,,Danube,DE,2700,2348.75,Danube,3,0,TRUE,1,0,0,1,1,1,49156,TRUE,4392500,2797500,24,ID_894_202201191341.mod,dam,894,TRUE,1025,TRUE,Lech
EFAS,11,00895,Augsburg u. d. Wertachmündung,10.888000,48.408100,0,0.000000,0.000000,,,0,0,0,0,,,1,NRT_6h,C047,Danube,DE,4075,3802.87,Danube,3,0,TRUE,1,1,0,1,1,1,45678,TRUE,4387500,2807500,24,ID_895_202201191341.mod,low quality data,895,TRUE,1025,TRUE,Lech
EFAS,11,00900,Heitzenhofen,11.936300,49.118300,0,0.000000,0.000000,,,0,0,0,0,,,1,NRT_6h,C443,Danube,DE,5475,5431.64,Danube,3,0,TRUE,1,1,0,1,1,1,33364,TRUE,4462500,2887500,24,ID_900_202201191341.mod,,900,TRUE,1025,TRUE,Naab
EFAS,11,00902,Nittenau,12.274900,49.199700,0,0.000000,0.000000,,,0,0,0,0,,,1,,,Danube,DE,2600,2527.5,Danube,,0,FALSE,0,0,0,0,1,1,34352,FALSE,4487500,2902500,,,No discharge data available for calibration period,902,FALSE,1025,FALSE,Regen
EFAS,11,00903,Marienthal,12.175600,49.223000,0,0.000000,0.000000,,,0,0,0,0,,,1,NRT_6h,,Danube,DE,2675,2590.4,Danube,3,0,TRUE,1,0,0,1,1,1,33700,TRUE,4482500,2902500,24,ID_903_202201191341.mod,,903,TRUE,1025,TRUE,Regen
EFAS,11,00904,München,11.596900,48.145500,0,0.000000,0.000000,,,0,0,0,0,,,1,NRT_6h,,Danube,DE,2850,2814,Danube,3,0,TRUE,1,0,0,1,1,1,50036,TRUE,4437500,2777500,24,ID_904_202201191341.mod,,904,TRUE,1025,TRUE,Isar
EFAS,11,00905,Freising,11.752200,48.398200,0,0.000000,0.000000,,,0,0,0,0,,,1,NRT_6h,,Danube,DE,3150,3037.65,Danube,0,0,TRUE,1,0,0,1,1,1,43964,FALSE,4447500,2817500,24,ID_905_202201191341.mod,Inconsistent with upstream or downstream data  mayby wrong coords,905,TRUE,1025,TRUE,Isar
EFAS,11,00906,Landshut Birket,12.133200,48.527500,0,0.000000,0.000000,,,0,0,0,0,,,1,NRT_6h,,Danube,DE,7900,7915.42,Danube,3,0,TRUE,1,0,0,1,1,1,38865,TRUE,4472500,2822500,24,ID_906_202201191341.mod,,906,TRUE,1025,TRUE,Isar
EFAS,11,00912,Mühldorf,12.528700,48.239000,0,0.000000,0.000000,,,0,0,0,0,,,1,NRT_6h,,Danube,DE,12500,12409.28,Danube,0,0,TRUE,1,0,0,1,1,1,37123,FALSE,4502500,2787500,24,ID_912_202201191341.mod,wrong location or wrong rating curve,912,TRUE,1025,TRUE,Inn
EFAS,11,00913,Passau,13.465600,48.573400,0,0.000000,0.000000,,,0,0,0,0,,,1,,,Danube,DE,26125,26071.79,Danube,,0,FALSE,0,0,0,0,1,1,28919,FALSE,4572500,2832500,,,No discharge data available for calibration period,913,FALSE,1025,FALSE,Inn
EFAS,11,00914,Burgkirchen,12.731100,48.171600,0,0.000000,0.000000,,,0,0,0,0,,,1,NRT_6h,,Danube,DE,2250,2221.95,Danube,0,0,TRUE,1,0,0,1,1,1,39690,FALSE,4527500,2792500,24,ID_914_202201191341.mod,wrong location or wrong rating curve,914,TRUE,1025,TRUE,Alz
EFAS,11,00919,Trunstadt,10.755100,49.929500,0,0.000000,0.000000,,,0,0,0,0,,,1,NRT_6h,,Rhine,DE,11925,11984.97,Rhine,0,0,TRUE,1,0,0,1,1,1,22340,FALSE,4377500,2977500,24,ID_919_202201191346.mod,Same location as 39 different data doubts on data  low flow,919,TRUE,1025,TRUE,Main
EFAS,11,00920,Schweinfurt Neuer Hafen,10.220800,50.031200,0,0.000000,0.000000,,,0,0,0,0,,,1,NRT_6h,,Rhine,DE,12675,12689.93,Rhine,0,0,TRUE,1,0,0,1,1,1,20116,FALSE,4332500,2987500,24,ID_920_202201191346.mod,Wrong hydrometric zero or rating curve same 34,920,TRUE,1025,TRUE,Main
EFAS,11,00921,Würzburg,9.925800,49.796100,0,0.000000,0.000000,,,0,0,0,0,,,1,NRT_6h,,Rhine,DE,13925,13995.76,Rhine,0,0,TRUE,1,1,0,1,1,1,16445,FALSE,4317500,2962500,24,ID_921_202201191346.mod,Wrong hydrometric zero or rating curve same as 43,921,TRUE,1025,TRUE,Main
EFAS,11,00922,Steinbach,9.603700,50.010000,0,0.000000,0.000000,,,0,0,0,0,,,1,NRT_6h,,Rhine,DE,18225,17878.46,Rhine,0,0,TRUE,1,0,0,1,1,1,14633,FALSE,4292500,2987500,24,ID_922_202201191354.mod,same location as 59  Wrong hydrometric zero or rating curve,922,TRUE,1025,TRUE,Main
EFAS,11,00923,Faulbach,9.438600,49.785000,0,0.000000,0.000000,,,0,0,0,0,,,1,,,Rhine,DE,20750,20703.2,Rhine,,0,FALSE,0,0,0,0,1,1,12828,FALSE,4277500,2962500,,,No discharge data available for calibration period,923,FALSE,1025,FALSE,Main
EFAS,11,00924,Kleinheubach,9.224600,49.716400,0,0.000000,0.000000,,,0,0,0,0,,,1,NRT_6h,,Rhine,DE,21600,21491.16,Rhine,0,0,TRUE,1,0,0,1,1,1,11962,FALSE,4262500,2962500,24,ID_924_202201191354.mod,same location as 35  Wrong hydrometric zero or rating curve,924,TRUE,1025,TRUE,Main
EFAS,11,00925,Obernau,9.121000,49.937200,0,0.000000,0.000000,,,0,0,0,0,,,1,,,Rhine,DE,22350,22289.25,Rhine,,0,FALSE,0,0,0,0,1,1,10780,FALSE,4257500,2982500,,,No discharge data available for calibration period,925,FALSE,1025,FALSE,Main
EFAS,11,00926,Krotzenburg,8.953500,50.079700,0,0.000000,0.000000,,,0,0,0,0,,,1,,,Rhine,DE,23350,23374,Rhine,,0,FALSE,0,0,0,0,1,1,9813,FALSE,4247500,2997500,,,No discharge data available for calibration period,926,FALSE,1025,FALSE,Main
EFAS,11,00928,Pettstadt,10.948900,49.832800,0,0.000000,0.000000,,,0,0,0,0,,,1,NRT_6h,,Rhine,DE,6975,6991,Rhine,1,0,TRUE,1,0,0,1,1,1,23708,FALSE,4392500,2967500,24,ID_928_202201191354.mod,Oscillations,928,TRUE,1025,TRUE,Regnitz
EFAS,11,00930,Alken,7.445633,50.250872,0,0.000000,0.000000,,,0,0,0,0,,,1,NRT_6h,,Rhine,DE,27925,27960,Rhine,2,0,TRUE,1,1,0,1,1,0,70.5,FALSE,4142500,3022500,24,ID_930_202201191354.mod,Close to 38 lower quality,930,TRUE,1004,TRUE,Moselle
EFAS,11,00931,Lauffen,9.159831,49.072307,0,0.000000,0.000000,,,0,0,0,0,,,1,NRT_6h,C209,Rhine,DE,7950,7916,Rhine,3,0,TRUE,1,1,0,1,1,1,159.41,TRUE,4257500,2877500,24,ID_931_202201191354.mod,Outliers removed with qc,931,TRUE,1004,TRUE,Neckar
EFAS,11,00932,Ziegelhausen AMS,8.761891,49.416498,0,0.000000,0.000000,,,0,0,0,0,,,1,NRT_6h,,Rhine,DE,13875,13783,Rhine,3,0,TRUE,1,1,0,1,1,0,105.87,TRUE,4232500,2922500,24,ID_932_202201191354.mod,,932,TRUE,1004,TRUE,Neckar
EFAS,11,00933,Rockenau SKA,9.005064,49.438230,0,0.000000,0.000000,,,0,0,0,0,,,1,NRT_6h,C341,Rhine,DE,12975,1271,Rhine,2,0,TRUE,1,1,0,1,1,1,119.74,FALSE,4247500,2927500,24,ID_933_202201191354.mod,Moved on main stream  close to 932,933,TRUE,1004,TRUE,Neckar
EFAS,11,00934,Hattingen,7.160984,51.399742,0,0.000000,0.000000,,,0,0,0,0,,,1,NRT_6h,,Rhine,DE,4225,4117.94,Rhine,3,0,TRUE,1,1,0,1,1,1,60.37,TRUE,4127500,3147500,24,ID_934_202201191402.mod,,934,TRUE,1004,TRUE,Ruhr
EFAS,11,00935,Adorf 1,12.258153,50.329422,0,0.000000,0.000000,,,0,0,0,0,,,1,,,Elbe,DE,325,170.36,Elbe,,0,TRUE,1,1,0,1,1,1,436.1,FALSE,4477500,3032500,24,ID_935_202201191354.mod,Provider upArea too small to be included in calibration,935,TRUE,1007,TRUE,White Elster
EFAS,11,00936,Boxberg,14.574662,51.405541,0,0.000000,0.000000,,,0,0,0,0,,,1,NRT_6h,,Elbe,DE,675,639,Elbe,3,0,TRUE,1,1,0,1,1,1,118.94,TRUE,4642500,3152500,24,ID_936_202201191402.mod,,936,TRUE,1007,TRUE,Black Schops
EFAS,11,00937,Cotta,13.692342,51.053655,0,0.000000,0.000000,,,0,0,0,0,,,0,,,Elbe,DE,400,373.94,Elbe,,0,TRUE,0,0,0,1,1,0,112.03,FALSE,4582500,3107500,24,,Provider upArea too small to be included in calibration,937,FALSE,1007,FALSE,United Weisseritz
EFAS,11,00938,Dohna,13.853691,50.953860,0,0.000000,0.000000,,,0,0,0,0,,,1,,,Elbe,DE,250,198.66,Elbe,,0,TRUE,1,1,0,1,1,1,136.2,FALSE,4592500,3097500,24,ID_938_202201191413.mod,Provider upArea too small to be included in calibration,938,TRUE,1007,TRUE,Muglitz
EFAS,11,00939,Großdittmannsdorf,13.772949,51.198357,0,0.000000,0.000000,,,0,0,0,0,,,1,,,Elbe,DE,350,300,Elbe,,0,TRUE,1,1,0,1,1,1,148.02,FALSE,4582500,3127500,24,ID_939_202201191402.mod,Provider upArea too small to be included in calibration,939,TRUE,1007,TRUE,Great Roder
EFAS,11,00940,Leisnig,12.948648,51.159300,0,0.000000,0.000000,,,0,0,0,0,,,1,NRT_6h,,Elbe,DE,2875,2877.56,Elbe,2,0,TRUE,1,0,0,1,1,1,143.66,FALSE,4527500,3122500,24,ID_940_202201191413.mod,Exclude 2013 peak for problems to the hydrometer  close to 71,940,TRUE,1007,TRUE,Freiberger Mulde
EFAS,11,00941,Lieske,14.530304,51.330587,0,0.000000,0.000000,,,0,0,0,0,,,1,NRT_6h,,Elbe,DE,775,775,Elbe,3,0,TRUE,1,1,0,1,1,1,129.51,TRUE,4637500,3142500,24,ID_941_202201191409.mod,dam,941,TRUE,1007,TRUE,Spree
EFAS,11,00942,Merzdorf,13.252925,51.314985,0,0.000000,0.000000,,,0,0,0,0,,,1,,,Elbe,DE,200,211,Elbe,,0,TRUE,1,1,0,1,1,1,96.54,FALSE,4547500,3137500,24,ID_942_202201191409.mod,Provider upArea too small to be included in calibration,942,TRUE,1007,TRUE,Dollnitz
EFAS,11,00943,Mylau,12.272236,50.610932,0,0.000000,0.000000,,,0,0,0,0,,,1,,,Elbe,DE,225,155,Elbe,,0,TRUE,1,1,0,1,1,1,306.69,FALSE,4482500,3057500,24,ID_943_202201191413.mod,Provider upArea too small to be included in calibration,943,TRUE,1007,TRUE,Goltzsch
EFAS,11,00944,Porschdorf 1,14.134040,50.941910,0,0.000000,0.000000,,,0,0,0,0,,,1,,,Elbe,DE,300,267,Elbe,,0,TRUE,1,1,0,1,1,1,126.96,FALSE,4612500,3102500,24,ID_944_202201191413.mod,Provider upArea too small to be included in calibration,944,TRUE,1007,TRUE,Lachsbach
EFAS,11,00945,Zittau 1,14.836675,50.896520,0,0.000000,0.000000,,,0,0,0,0,,,1,NRT_6h,,Oder,DE,675,686,Oder,3,0,TRUE,1,1,0,1,1,1,225.55,TRUE,4662500,3097500,24,ID_945_202201191413.mod,,945,TRUE,1007,TRUE,Lusatian Neisse
EFAS,11,00946,Diest Ringbrug,5.041367,50.991268,0,0.000000,0.000000,,,0,0,0,0,,,0,,,Scheldt,BE,1925,1950,Scheldt,,0,FALSE,0,0,0,0,0,0,,FALSE,3977500,3107500,,,No discharge data available for calibration period,946,FALSE,1022,FALSE,Demer
EFAS,11,00947,Lot,4.279647,50.765746,0,0.000000,0.000000,,,0,0,0,0,,,0,,,Scheldt,BE,825,659.24,Scheldt,,0,FALSE,0,0,0,0,0,0,,FALSE,3917500,3092500,,,No discharge data available for calibration period,947,FALSE,1022,FALSE,Zenne
EFAS,11,00948,Overboelare,3.867334,50.762012,0,0.000000,0.000000,,,0,0,0,0,,,0,,,Scheldt,BE,825,785,Scheldt,,0,FALSE,0,0,0,0,0,0,,FALSE,3892500,3092500,,,No discharge data available for calibration period,948,FALSE,1022,FALSE,Dender
EFAS,11,00949,Bossuit -HIC,3.402525,50.741192,0,0.000000,0.000000,,,0,0,0,0,,,0,,,Scheldt,BE,5175,5227,Scheldt,,0,FALSE,0,0,0,0,0,0,,FALSE,3852500,3087500,,,No discharge data available for calibration period,949,FALSE,1022,FALSE,Scheldt
EFAS,11,00950,Menen-HIC,3.126709,50.791197,0,0.000000,0.000000,,,0,0,0,0,,,0,,,Scheldt,BE,3100,2986.2,Scheldt,,0,FALSE,0,0,0,0,0,0,,FALSE,3837500,3097500,,,No discharge data available for calibration period,950,FALSE,1022,FALSE,Leie
EFAS,11,00951,Leipzig-Thekla,12.435560,51.381549,0,0.000000,0.000000,,,0,0,0,0,,,1,,,Elbe,DE,325,315,Elbe,,0,TRUE,1,1,0,1,1,1,109.84,FALSE,4492500,3147500,24,ID_951_202201191409.mod,Provider upArea too small to be included in calibration,951,TRUE,1007,TRUE,Parthe
EFAS,11,00952,Sorbolo,10.454047,44.843971,0,0.000000,0.000000,,,0,0,0,0,,,1,NRT_6h,,Po,IT,725,,Po,3,0,TRUE,0,1,0,1,1,1,34,TRUE,4357500,2412500,24,,,952,FALSE,1016,FALSE,Enza
EFAS,11,00953,St. Pieter Noord,5.697333,50.830306,0,0.000000,0.000000,,,0,0,0,0,,,1,NRT_6h,,Meuse,NL,21075,21100,Meuse,3,0,TRUE,1,1,0,1,1,1,46,TRUE,4017500,3082500,24,ID_953_202201191413.mod,Small Oscillations,953,TRUE,1008,TRUE,Meuse
EFAS,11,00954,Embalse de Benínar,-3.030587,36.919960,0,0.000000,0.000000,,,0,0,0,0,,,1,,,Adra,ES,500,460,Adra,,0,TRUE,1,1,0,1,1,1,399,FALSE,3157500,1637500,24,ID_954_202201191413.mod,No discharge data available for calibration period,954,TRUE,1030,TRUE,Lucainena
EFAS,11,00955,Aguascebas_G,-3.019751,38.074391,0,0.000000,0.000000,,,0,0,0,0,,,1,,,Guadalquivir,ES,75,109,Guadalquivir,,0,TRUE,1,1,0,1,1,1,487,FALSE,3182500,1762500,24,ID_955_202201191413.mod,Provider upArea too small to be included in calibration,955,TRUE,1030,TRUE,Arroyo de las Aguascebas Grande
EFAS,11,00956,Aljaima,-4.665221,36.727673,0,0.000000,0.000000,,,0,0,0,0,,,1,,,Guadalhorce,ES,2725,2547,Guadalhorce,,0,TRUE,1,1,0,1,1,1,40,FALSE,3007500,1642500,24,ID_956_202201191413.mod,No discharge data available for calibration period,956,TRUE,1030,TRUE,Guadalhorce
EFAS,11,00957,Cantoria,-2.170965,37.346767,0,0.000000,0.000000,,,0,0,0,0,,,0,,,Almanzora,ES,1550,1100,Almanzora,,0,FALSE,0,0,0,0,1,0,354,FALSE,3242500,1672500,,,No discharge data available for calibration period,957,FALSE,1030,FALSE,Almanzora
EFAS,11,00958,Serón,-2.518309,37.350451,0,0.000000,0.000000,,,0,0,0,0,,,1,,,Almanzora,ES,250,244,Almanzora,,0,FALSE,0,0,0,0,1,1,769,FALSE,3207500,1677500,,,No discharge data available for calibration period,958,FALSE,1030,FALSE,Almanzora
EFAS,11,00959,Almz_Seron_MI,-2.518309,37.350451,0,0.000000,0.000000,,,0,0,0,0,,,0,,,Almanzora,ES,250,244,Almanzora,,1,FALSE,0,0,0,0,1,0,769,FALSE,3207500,1677500,,,No discharge data available for calibration period,959,FALSE,1030,FALSE,Almanzora
EFAS,11,00960,Terque (Andarax),-2.589002,36.980968,0,0.000000,0.000000,,,0,0,0,0,,,1,,,Andarax,ES,550,504,Andarax,,0,TRUE,1,1,0,1,1,1,278,FALSE,3192500,1637500,24,ID_960_202201191413.mod,No discharge data available for calibration period,960,TRUE,1030,TRUE,Andarax
EFAS,11,00961,Azud de las Buitreras,-5.336959,36.580227,0,0.000000,0.000000,,,0,0,0,0,,,0,,,Guadiaro,ES,475,482,Guadiaro,,0,FALSE,0,0,0,0,1,0,343,FALSE,2947500,1642500,,,No discharge data available for calibration period Moved upstream,961,FALSE,1030,FALSE,Guadiaro
EFAS,11,00962,Azud de Paredones,-4.717174,36.860232,0,0.000000,0.000000,,,0,0,0,0,,,1,,,Guadalhorce,ES,1975,1825,Guadalhorce,,0,FALSE,0,0,0,0,1,1,130,FALSE,3007500,1662500,,,No discharge data available for calibration period,962,FALSE,1030,FALSE,Guadalhorce
EFAS,11,00963,Azud de Vélez,-3.522910,36.827401,0,0.000000,0.000000,,,0,0,0,0,,,1,,,Guadalfeo,ES,1125,1057,Guadalfeo,,0,FALSE,0,0,0,0,1,1,112,FALSE,3112500,1637500,,,No discharge data available for calibration period,963,FALSE,1030,FALSE,Guadalfeo
EFAS,11,00964,Azud del Vínculo,-3.545791,36.782487,0,0.000000,0.000000,,,0,0,0,0,,,1,,,Guadalfeo,ES,1250,1188,Guadalfeo,,0,FALSE,0,0,0,0,1,1,72,FALSE,3107500,1632500,,,No discharge data available for calibration period,964,FALSE,1030,FALSE,Guadalfeo
EFAS,11,00965,Salto del Negro,-4.204654,36.847034,0,0.000000,0.000000,,,0,0,0,0,,,1,,,Velez,ES,175,182,Velez,,0,TRUE,1,1,0,1,1,1,146,FALSE,3052500,1647500,24,ID_965_202201191418.mod,No discharge data available for calibration period,965,TRUE,1030,TRUE,Benamargosa
EFAS,11,00966,Cabra_Santa,-4.757841,37.498122,0,0.000000,0.000000,,,0,0,0,0,,,1,,,Guadalquivir,ES,425,441,Guadalquivir,,0,TRUE,1,1,0,1,1,1,200,FALSE,3017500,1727500,24,ID_966_202201191418.mod,Provider upArea too small to be included in calibration,966,TRUE,1030,TRUE,Cabra
EFAS,11,00967,Casariche_G,-4.762001,37.295152,0,0.000000,0.000000,,,0,0,0,0,,,1,,,Guadalquivir,ES,200,164,Guadalquivir,,0,TRUE,1,1,0,1,1,1,283,FALSE,3012500,1707500,24,ID_967_202201191418.mod,Provider upArea too small to be included in calibration,967,TRUE,1030,TRUE,Yeguas
EFAS,11,00968,Corbones_Ca,-5.606802,37.563713,0,0.000000,0.000000,,,0,0,0,0,,,1,NRT_6h,C495,Guadalquivir,ES,1750,1377,Guadalquivir,3,0,TRUE,1,1,0,1,1,1,35,TRUE,2942500,1747500,24,ID_968_202201191418.mod,,968,TRUE,1030,TRUE,Corbones
EFAS,11,00969,Llano de Vela,-2.943061,38.317616,0,0.000000,0.000000,,,0,0,0,0,,,1,NRT_6h,C499,Guadalquivir,ES,1225,1240,Guadalquivir,0,0,TRUE,1,1,0,1,1,1,489,FALSE,3187500,1792500,24,ID_969_202201191418.mod,low quality data,969,TRUE,1030,TRUE,Guadalmena
EFAS,11,00970,Jubrique,-5.246434,36.567127,0,0.000000,0.000000,,,0,0,0,0,,,1,,,Guadiaro,ES,200,161,Guadiaro,,0,TRUE,1,1,0,1,1,1,252,FALSE,2952500,1637500,24,ID_970_202201191418.mod,No discharge data available for calibration period,970,TRUE,1030,TRUE,Genal
EFAS,11,00971,Genil_Canales_G,-3.492912,37.162625,0,0.000000,0.000000,,,0,0,0,0,,,1,,,Guadalquivir,ES,175,178,Guadalquivir,,0,TRUE,1,1,0,1,1,1,783,FALSE,3122500,1667500,24,ID_971_202201191420.mod,Provider upArea too small to be included in calibration,971,TRUE,1030,TRUE,Genil
EFAS,11,00972,Genil_Ecija,-5.077749,37.558053,0,0.000000,0.000000,,,0,0,0,0,,,1,HIST_6h,C494,Guadalquivir,ES,8050,8028,Guadalquivir,3,0,TRUE,1,1,0,1,1,1,104,TRUE,2987500,1742500,24,ID_972_202201191441.mod,oscillations  otliers removed with qc,972,TRUE,1030,TRUE,Genil
EFAS,11,00973,Genil_Loja,-4.166639,37.175136,0,0.000000,0.000000,,,0,0,0,0,,,1,HIST_24h,C493,Guadalquivir,ES,4300,4220,Guadalquivir,3,0,TRUE,1,1,0,1,1,1,443,TRUE,3057500,1687500,24,ID_973_202201191441.mod,oscillations use hist24,973,TRUE,1030,TRUE,Genil
EFAS,11,00974,Cartama,-4.613625,36.729351,0,0.000000,0.000000,,,0,0,0,0,,,0,,,Guadalhorce,ES,2875,2651,Guadalhorce,,0,TRUE,0,0,0,1,1,0,28,FALSE,3017500,1642500,,,No discharge data available for calibration period,974,FALSE,1030,FALSE,Guadalhorce
EFAS,11,00975,Glimar_Lina,-3.636667,38.016432,0,0.000000,0.000000,,,0,0,0,0,,,1,HIST_6h,,Guadalquivir,ES,5075,5131,Guadalquivir,3,0,TRUE,1,1,0,1,1,1,256,TRUE,3117500,1767500,24,ID_975_202201191441.mod,low quality data oscillations,975,TRUE,1030,TRUE,Guadalimar
EFAS,11,00976,Guadajoz_Va,-4.804498,37.820362,0,0.000000,0.000000,,,0,0,0,0,,,1,HIST_6h,,Guadalquivir,ES,2450,2420,Guadalquivir,1,0,TRUE,1,1,0,1,1,1,94,FALSE,3022500,1762500,24,ID_976_202201191441.mod,hydrometric zero,976,TRUE,1030,TRUE,Guadajoz
EFAS,11,00977,Guadalb_Men,-3.780810,37.974215,0,0.000000,0.000000,,,0,0,0,0,,,1,HIST_6h,,Guadalquivir,ES,1075,1111,Guadalquivir,3,0,TRUE,1,1,0,1,1,1,240,TRUE,3107500,1757500,24,ID_977_202201191559.mod,,977,TRUE,1030,TRUE,Guadalbullon
EFAS,11,00978,Guadalq_Men,-3.799180,37.984150,0,0.000000,0.000000,,,0,0,0,0,,,1,HIST_6h,,Guadalquivir,ES,16200,16166,Guadalquivir,3,0,TRUE,1,1,0,1,1,1,240,TRUE,3107500,1767500,24,ID_978_202201191637.mod,,978,TRUE,1030,TRUE,Guadalquivir
EFAS,11,00979,Guadiamar,-6.259868,37.302926,0,0.000000,0.000000,,,0,0,0,0,,,1,HIST_6h,C496,Guadalquivir,ES,900,960,Guadalquivir,3,0,TRUE,1,1,0,1,1,1,21,TRUE,2882500,1732500,24,ID_979_202201191648.mod,outliers removed with qc,979,TRUE,1030,TRUE,Guadiamar
EFAS,11,00980,San Pablo de Bujaceite,-5.406760,36.469895,0,0.000000,0.000000,,,0,0,0,0,,,1,,,Guadiaro,ES,650,634,Guadiaro,,0,TRUE,1,1,0,1,1,1,47,FALSE,2937500,1627500,24,ID_980_202201191653.mod,No discharge data available for calibration period,980,TRUE,1030,TRUE,Guadiaro
EFAS,11,00981,Guadiel_Men,-3.777835,38.031113,0,0.000000,0.000000,,,0,0,0,0,,,1,,,Guadalquivir,ES,325,341,Guadalquivir,,0,TRUE,1,1,0,1,1,1,250,FALSE,3112500,1772500,24,ID_981_202201191655.mod,Provider upArea too small to be included in calibration,981,TRUE,1030,TRUE,Guadiel
EFAS,11,00982,Guadix,-3.143015,37.319261,0,0.000000,0.000000,,,0,0,0,0,,,1,,,Guadalquivir,ES,550,492,Guadalquivir,,0,TRUE,0,1,0,1,1,1,880,FALSE,3152500,1682500,,,Provider upArea too small to be included in calibration,982,FALSE,1030,FALSE,Guadix
EFAS,11,00983,Jimena,-5.452256,36.427402,0,0.000000,0.000000,,,0,0,0,0,,,1,,,Guadiaro,ES,275,245,Guadiaro,,0,TRUE,1,1,0,1,1,1,37,FALSE,2932500,1622500,24,ID_983_202201191727.mod,No discharge data available for calibration period,983,TRUE,1030,TRUE,Hozgarganta
EFAS,11,00984,Jontoya_G,-3.751320,37.760138,0,0.000000,0.000000,,,0,0,0,0,,,1,,,Guadalquivir,ES,325,269,Guadalquivir,,0,TRUE,1,1,0,1,1,1,393,FALSE,3107500,1737500,24,ID_984_202201191810.mod,Provider upArea too small to be included in calibration,984,TRUE,1030,TRUE,Jaen
EFAS,11,00985,La_Puebla_G,-5.289921,37.139915,0,0.000000,0.000000,,,0,0,0,0,,,1,,,Guadalquivir,ES,475,476,Guadalquivir,,0,TRUE,1,0,0,1,1,1,180,FALSE,2962500,1702500,,,No discharge data available for calibration period,985,FALSE,1030,TRUE,Corbones
EFAS,11,00986,Terque (Nacimiento),-2.588979,36.983077,0,0.000000,0.000000,,,0,0,0,0,,,1,,,Andarax,ES,675,664,Andarax,,0,TRUE,1,1,0,1,1,1,278,FALSE,3197500,1642500,24,ID_986_202201191829.mod,No discharge data available for calibration period,986,TRUE,1030,TRUE,Nacimiento
EFAS,11,00987,Ptollano_G,-4.019070,38.659190,0,0.000000,0.000000,,,0,0,0,0,,,1,,,Guadalquivir,ES,225,228,Guadalquivir,,0,TRUE,1,0,0,1,1,1,664,FALSE,3097500,1842500,24,ID_987_202201191837.mod,Provider upArea too small to be included in calibration,987,TRUE,1030,TRUE,Ojailen
EFAS,11,00988,R_Fardes,-3.105173,37.534783,0,0.000000,0.000000,,,0,0,0,0,,,1,HIST_6h,,Guadalquivir,ES,1700,1685,Guadalquivir,0,0,TRUE,1,1,0,1,1,1,658,FALSE,3157500,1702500,24,ID_988_202201261122.mod,Low quality data  jumps in low flow,988,TRUE,1030,TRUE,Fardes
EFAS,11,00989,Archidona,-4.455470,37.082079,0,0.000000,0.000000,,,0,0,0,0,,,1,,,Guadalhorce,ES,325,328,Guadalhorce,,0,FALSE,0,0,0,0,1,1,586,FALSE,3032500,1677500,,,No discharge data available for calibration period,989,FALSE,1030,FALSE,Guadalhorce
EFAS,11,00990,Bobadilla,-4.695745,37.040024,0,0.000000,0.000000,,,0,0,0,0,,,1,,,Guadalhorce,ES,750,761,Guadalhorce,,0,TRUE,1,1,0,1,1,1,379,FALSE,3012500,1677500,24,ID_990_202201191841.mod,Discharge data older than calibration period,990,TRUE,1030,TRUE,Guadalhorce
EFAS,11,00991,Las Millanas,-4.881222,36.701408,0,0.000000,0.000000,,,0,0,0,0,,,1,,,Guadalhorce,ES,100,38,Guadalhorce,,0,TRUE,1,1,0,1,1,1,207,FALSE,2987500,1642500,24,ID_991_202201191847.mod,No discharge data available for calibration period,991,TRUE,1030,TRUE,Grande
EFAS,11,00992,Teba,-4.928403,36.931486,0,0.000000,0.000000,,,0,0,0,0,,,1,,,Guadalhorce,ES,200,202,Guadalhorce,,0,TRUE,1,1,0,1,1,1,399,FALSE,2987500,1672500,24,ID_992_202201191853.mod,No discharge data available for calibration period,992,TRUE,1030,TRUE,Guadalteba
EFAS,11,00993,Ardales,-4.849238,36.886736,0,0.000000,0.000000,,,0,0,0,0,,,1,,,Guadalhorce,ES,275,211,Guadalhorce,,0,TRUE,1,1,0,1,1,1,350,FALSE,2997500,1662500,24,ID_993_202201191900.mod,No discharge data available for calibration period,993,TRUE,1030,TRUE,Turon
EFAS,11,00994,RHuelva_Cala_G,-6.133146,37.668754,0,0.000000,0.000000,,,0,0,0,0,,,1,,,Guadalquivir,ES,1000,1010,Guadalquivir,,0,TRUE,1,0,0,1,1,1,80,FALSE,2897500,1772500,24,ID_994_202201191927.mod,Not enough discarge data available for calibration period,994,TRUE,1030,TRUE,Rivera de Huelva
EFAS,11,00995,Almegíjar,-3.300575,36.894472,0,0.000000,0.000000,,,0,0,0,0,,,1,,,Guadalfeo,ES,175,179,Guadalfeo,,0,FALSE,0,0,0,0,1,1,570,FALSE,3132500,1637500,,,No discharge data available for calibration period,995,FALSE,1030,FALSE,Guadalfeo
EFAS,11,00996,Cazulas,-3.689539,36.812514,0,0.000000,0.000000,,,0,0,0,0,,,1,,,Verde,ES,75,43,Verde,,0,TRUE,1,1,0,1,1,1,170,FALSE,3097500,1637500,24,ID_996_202201191933.mod,No discharge data available for calibration period,996,TRUE,1030,TRUE,Verde
EFAS,11,00997,Salado_Porc,-4.214072,37.875804,0,0.000000,0.000000,,,0,0,0,0,,,1,HIST_6h,,Guadalquivir,ES,675,670,Guadalquivir,1,0,TRUE,1,1,0,1,1,1,229,FALSE,3072500,1762500,24,ID_997_202201191938.mod,outliers,997,TRUE,1030,TRUE,Arroyo del Salado de Porcuna
EFAS,11,00998,Trasvase de Majaceite,-5.337874,36.578860,0,0.000000,0.000000,,,0,0,0,0,,,1,,,Guadiaro,ES,500,482,Guadiaro,,0,TRUE,1,1,0,1,1,1,343,FALSE,2947500,1637500,24,ID_998_202201192039.mod,No discharge data available for calibration period,998,TRUE,1030,TRUE,Guadiaro
EFAS,11,00999,Río Trevélez,-3.268798,36.985944,0,0.000000,0.000000,,,0,0,0,0,,,0,,,Guadalfeo,ES,100,77,Guadalfeo,,0,FALSE,0,0,0,0,1,0,1413,FALSE,3137500,1647500,,,No discharge data available for calibration period,999,FALSE,1030,FALSE,Trevelez
EFAS,11,01000,Viboras_Pant_G,-4.066099,37.642354,0,0.000000,0.000000,,,0,0,0,0,,,1,,,Guadalquivir,ES,225,208,Guadalquivir,,0,TRUE,1,1,0,1,1,1,446,FALSE,3077500,1732500,24,ID_1000_202201192049.mod,Provider upArea too small to be included in calibration,1000,TRUE,1030,TRUE,Viboras
EFAS,11,01001,Pontenure,9.771238,45.009485,0,0.000000,0.000000,,,0,0,0,0,,,1,,,Po,IT,450,,Po,,0,FALSE,0,0,0,0,1,1,71,FALSE,4302500,2432500,,,No discharge data available for calibration period,1001,FALSE,1016,FALSE,Nure
EFAS,11,01002,La Garonne à Tonneins,0.301146,44.388930,0,0.000000,0.000000,,,0,0,0,0,,,1,HIST_24h,C069,Garonne,FR,50325,51500,Garonne,3,0,TRUE,1,1,0,1,0,0,,TRUE,3547500,2417500,24,ID_1002_202201192049.mod,,1002,TRUE,1021,TRUE,Garonne
EFAS,11,01003,L'Allan à Fesches-le-Châtel,6.880831,47.523274,0,0.000000,0.000000,,,0,0,0,0,,,1,NRT_24h,,Rhône,FR,650,725,Rhone,3,0,TRUE,1,1,0,1,0,0,321,TRUE,4087500,2717500,24,ID_1003_202201192059.mod,,1003,TRUE,1021,TRUE,Allaine
EFAS,11,01004,La Loue à Vuillafans,6.227223,47.055503,0,0.000000,0.000000,,,0,0,0,0,,,1,,,Rhône,FR,400,478,Rhone,,0,TRUE,1,1,0,1,0,0,350,FALSE,4032500,2667500,24,ID_1004_202201192118.mod,Provider upArea too small to be included in calibration,1004,TRUE,1021,TRUE,Loue
EFAS,11,01005,Le Beuvron à Ouagne [Champmoreau],3.494032,47.414435,0,0.000000,0.000000,,,0,0,0,0,,,1,,,Seine,FR,300,263,Seine,,0,TRUE,1,1,0,1,0,0,160,FALSE,3832500,2722500,24,ID_1005_202201192132.mod,Provider upArea too small to be included in calibration,1005,TRUE,1021,TRUE,Beuvron
EFAS,11,01006,La Cure à Arcy-sur-Cure,3.756716,47.602645,0,0.000000,0.000000,,,0,0,0,0,,,1,NRT_24h,,Seine,FR,1175,1182,Seine,1,0,TRUE,1,1,0,1,0,0,120,FALSE,3852500,2737500,24,ID_1006_202201192144.mod,after may 2015,1006,TRUE,1021,TRUE,Cure
EFAS,11,01007,La Brenne à Montbard,4.323838,47.623213,0,0.000000,0.000000,,,0,0,0,0,,,1,NRT_24h,,Seine,FR,775,732,Seine,1,0,TRUE,1,1,0,1,0,0,203,FALSE,3897500,2737500,24,ID_1007_202201192151.mod,missing periods,1007,TRUE,1021,TRUE,Brenne
EFAS,11,01008,L'Armançon à Tronchoy,3.938920,47.913540,0,0.000000,0.000000,,,0,0,0,0,,,1,NRT_24h,,Seine,FR,1975,1983,Seine,1,0,TRUE,1,1,0,1,0,0,125,FALSE,3867500,2772500,24,ID_1008_202201192200.mod,after 02-2016,1008,TRUE,1021,TRUE,Armançon
EFAS,11,01009,La Vingeanne à Oisilly,5.367214,47.421580,0,0.000000,0.000000,,,0,0,0,0,,,1,NRT_24h,,Rhône,FR,600,609,Rhone,3,0,TRUE,1,1,0,1,0,0,200,TRUE,3972500,2712500,24,ID_1009_202201192203.mod,,1009,TRUE,1021,TRUE,Vingeanne
EFAS,11,01010,L'Ouche à Plombières-lès-Dijon,4.980953,47.332537,0,0.000000,0.000000,,,0,0,0,0,,,1,NRT_24h,,Rhône,FR,650,651,Rhone,3,0,TRUE,1,1,0,1,0,0,243,TRUE,3942500,2702500,24,ID_1010_202201192209.mod,,1010,TRUE,1021,TRUE,Ouche
EFAS,11,01011,L'Azergues à Lozanne,4.687614,45.858588,0,0.000000,0.000000,,,0,0,0,0,,,1,NRT_24h,,Rhône,FR,900,792,Rhone,3,0,TRUE,1,1,0,1,0,0,194,TRUE,3907500,2542500,24,ID_1011_202201192209.mod,,1011,TRUE,1021,TRUE,Azergues
EFAS,11,01012,L'Ain à Pont-d'Ain,5.336422,46.047081,0,0.000000,0.000000,,,0,0,0,0,,,1,NRT_24h,,Rhône,FR,2750,2760,Rhone,1,0,TRUE,1,1,0,1,0,0,235,FALSE,3962500,2562500,24,ID_1012_202201192237.mod,dam,1012,TRUE,1021,TRUE,Ain
EFAS,11,01013,L'Ain à Chazey-sur-Ain,5.234015,45.906383,0,0.000000,0.000000,,,0,0,0,0,,,1,HIST_24h,C723,Rhône,FR,3675,3630,Rhone,3,0,TRUE,1,1,0,1,0,0,210,TRUE,3952500,2547500,24,ID_1013_202201192237.mod,,1013,TRUE,1021,TRUE,Ain
EFAS,11,01014,Usce,20.621409,43.465178,0,0.000000,0.000000,,,0,0,0,0,,,1,,,Danube,RS,6850,6883,Danube,,0,TRUE,1,1,0,1,1,1,329.89,FALSE,5182500,2322500,,ID_1014_202201192238.mod,Not enough discarge data available for calibration period,1014,TRUE,1020,TRUE,Ibar
EFAS,11,01015,Aleksinac,21.710311,43.527509,0,0.000000,0.000000,,,0,0,0,0,,,1,NRT_6h,,Danube,RS,14325,14284,Danube,3,0,TRUE,1,1,0,1,1,1,157.63,TRUE,5267500,2337500,24,ID_1015_202201192238.mod,,1015,TRUE,1020,TRUE,Juzna Morava
EFAS,11,01016,Castro_Rio_G,-4.503507,37.690909,0,0.000000,0.000000,,,0,0,0,0,,,1,NRT_6h,,Guadalquivir,ES,1650,1655,Guadalquivir,0,0,TRUE,1,0,0,1,1,1,205,FALSE,3047500,1742500,24,ID_1016_202201192240.mod,low quality data,1016,TRUE,1030,TRUE,Guadajoz
EFAS,11,01017,Nybergsund,12.322496,61.259078,0,0.000000,0.000000,,,0,0,0,0,,,1,NRT_6h,C398,Gota,NO,4375,4420.24,Gota,3,0,TRUE,1,1,0,1,0,0,353,TRUE,4447500,4237500,24,ID_1017_202201192251.mod,,1017,TRUE,1002,TRUE,Trysilelva / Klaralven
EFAS,11,01018,Neiden,29.321311,69.700744,0,0.000000,0.000000,,,0,0,0,0,,,0,,,Neidenelva,NO,3075,2948.5,Neidenelva,,0,TRUE,0,1,0,0,0,0,25,FALSE,5067500,5277500,,,No discharge data available for calibration period,1018,FALSE,1002,FALSE,Neidenelva
EFAS,11,01019,Polmak nye,28.016008,70.070345,0,0.000000,0.000000,,,0,0,0,0,,,0,HIST_24h,C254,Tana,NO,13825,14158.06,Tana,2,0,TRUE,0,1,0,0,0,0,52,FALSE,4997500,5302500,24,,same location as 1077,1019,FALSE,1002,FALSE,Tana
EFAS,11,01020,Iijärvi - luusua,28.037857,69.509454,0,0.000000,0.000000,,,0,0,0,0,,,1,NRT_6h,,Naatamo,FI,800,744,Naatamo,3,0,TRUE,1,1,0,1,0,0,193,TRUE,5022500,5242500,24,ID_1020_202201192252.mod,,1020,TRUE,1011,TRUE,Iijarvi
EFAS,11,01021,Salzburg-Nonntal,13.053879,47.798051,0,0.000000,0.000000,,,0,0,0,0,,,1,NRT_6h,,Danube,AT,4675,4393.9,Danube,3,0,TRUE,1,0,0,1,1,1,413.07,TRUE,4547500,2747500,24,ID_1021_202201192259.mod,,1021,TRUE,1013,TRUE,Salzach
EFAS,11,01022,Aulestad,10.270885,61.215377,0,0.000000,0.000000,,,0,0,0,0,,,1,NRT_6h,,Glomma,NO,925,866.36,Glomma,3,0,TRUE,1,1,0,1,0,0,199,TRUE,4332500,4237500,24,ID_1022_202201192308.mod,,1022,TRUE,1002,TRUE,Gausa
EFAS,11,01023,Austbygdåi,8.826927,59.995225,0,0.000000,0.000000,,,0,0,0,0,,,1,,,Skien,NO,300,343.6,Skien,,0,TRUE,1,1,0,1,0,0,201,FALSE,4257500,4102500,24,ID_1023_202201192308.mod,Provider upArea too small to be included in calibration,1023,TRUE,1002,TRUE,Austbygdai
EFAS,11,01024,Austenå,8.100525,58.839633,0,0.000000,0.000000,,,0,0,0,0,,,1,,,Tovdal,NO,350,276.42,Tovdal,,0,TRUE,1,1,0,1,0,0,228,FALSE,4212500,3972500,24,ID_1024_202201192308.mod,Provider upArea too small to be included in calibration,1024,TRUE,1002,TRUE,Storana
EFAS,11,01025,Vistdal,7.960779,62.697735,0,0.000000,0.000000,,,0,0,0,0,,,1,,,Visa,NO,50,66.52,Visa,,0,TRUE,1,1,0,1,0,0,46,FALSE,4217500,4397500,24,ID_1025_202201192308.mod,Provider upArea too small to be included in calibration,1025,TRUE,1002,TRUE,Visa
EFAS,11,01026,Viksvatn (Hestadfjorden),5.886256,61.333056,0,0.000000,0.000000,,,0,0,0,0,,,1,NRT_6h,,Gaula (Sande),NO,500,508.13,Gaula_Sande,3,0,TRUE,1,1,0,1,0,0,143,TRUE,4102500,4252500,24,ID_1026_202201192308.mod,,1026,TRUE,1002,TRUE,Gaula (Sande)
EFAS,11,01027,Veravatn,12.326543,63.789341,0,0.000000,0.000000,,,0,0,0,0,,,1,,,Verdal,NO,175,175.38,Verdal,,0,TRUE,1,1,0,1,0,0,361,FALSE,4437500,4522500,24,ID_1027_202201192317.mod,Provider upArea too small to be included in calibration,1027,TRUE,1002,TRUE,Helgaa
EFAS,11,01028,Vassvatn,13.180769,66.392626,0,0.000000,0.000000,,,0,0,0,0,,,1,,,Kjerringaga,NO,25,16.33,Kjerringaga,,0,TRUE,1,1,0,1,0,0,108,FALSE,4462500,4812500,24,ID_1028_202201192321.mod,Provider upArea too small to be included in calibration,1028,TRUE,1002,TRUE,Kjerringaga
EFAS,11,01029,Valen (Laksvatnet),8.961427,63.579602,0,0.000000,0.000000,,,0,0,0,0,,,1,,,Lakselva (Fillan),NO,50,39.28,Lakselva,,0,TRUE,1,1,0,1,0,0,8,FALSE,4267500,4497500,24,ID_1029_202201192349.mod,Provider upArea too small to be included in calibration,1029,TRUE,1002,TRUE,Lakselva (Fillan)
EFAS,11,01030,"Vækkava, Iesjokka",24.938337,69.426393,0,0.000000,0.000000,,,0,0,0,0,,,1,NRT_6h,,Tana,NO,2075,2079.25,Tana,3,0,TRUE,1,1,0,1,0,0,178,TRUE,4907500,5207500,24,ID_1030_202201192351.mod,,1030,TRUE,1002,TRUE,Lesjokka
EFAS,11,01031,Unsetåa,11.083512,61.946110,0,0.000000,0.000000,,,0,0,0,0,,,1,NRT_6h,,Glomma,NO,625,618.36,Glomma,3,0,TRUE,1,1,0,1,0,0,338,TRUE,4377500,4317500,24,ID_1031_202201192351.mod,,1031,TRUE,1002,TRUE,Unsetaa
EFAS,11,01032,Ulvåa v/Storhølen,8.117797,62.280493,0,0.000000,0.000000,,,0,0,0,0,,,1,,,Rauma,NO,400,435.51,Rauma,,0,TRUE,1,1,0,1,0,0,489,FALSE,4222500,4352500,24,ID_1032_202201200004.mod,Provider upArea too small to be included in calibration,1032,TRUE,1002,TRUE,Ulvaa
EFAS,11,01033,Trangen,12.481649,64.430467,0,0.000000,0.000000,,,0,0,0,0,,,1,NRT_6h,,Namsen,NO,875,852.39,Namsen,3,0,TRUE,1,1,0,1,0,0,138,TRUE,4447500,4597500,24,ID_1033_202201200004.mod,,1033,TRUE,1002,TRUE,Sanddola
EFAS,11,01034,Båtsfjord,29.711877,70.563610,0,0.000000,0.000000,,,0,0,0,0,,,1,,,Storelva (Batsfjord),NO,25,21.93,Storelva,,0,TRUE,1,1,0,1,0,0,142,FALSE,5052500,5372500,24,ID_1034_202201200024.mod,Provider upArea too small to be included in calibration,1034,TRUE,1002,TRUE,Storelva
EFAS,11,01035,Tora,7.866356,62.007722,0,0.000000,0.000000,,,0,0,0,0,,,1,,,Glomma,NO,275,262.27,Glomma,,0,TRUE,1,1,0,1,0,0,717,FALSE,4207500,4327500,24,ID_1035_202201200035.mod,Provider upArea too small to be included in calibration,1035,TRUE,1002,TRUE,Tora
EFAS,11,01036,Syrstad,9.727708,63.032252,0,0.000000,0.000000,,,0,0,0,0,,,1,NRT_6h,C652,Orkla,NO,2275,2278.13,Orkla,3,0,TRUE,1,1,0,1,0,0,140,TRUE,4307500,4437500,24,ID_1036_202201200035.mod,outlier  oscillations,1036,TRUE,1002,TRUE,Orkla
EFAS,11,01037,Bertnem,12.058677,64.468065,0,0.000000,0.000000,,,0,0,0,0,,,1,NRT_6h,C397,Namsen,NO,5175,5161.54,Namsen,3,0,TRUE,1,1,0,1,0,0,7,TRUE,4427500,4597500,24,ID_1037_202201200048.mod,outlier removed with qc,1037,TRUE,1002,TRUE,Namsen
EFAS,11,01038,Bjørnegårdssvingen,10.508387,59.893394,0,0.000000,0.000000,,,0,0,0,0,,,1,,,Sandvikselva,NO,175,190.19,Sandvikselva,,0,TRUE,1,1,0,1,0,0,5,FALSE,4347500,4087500,24,ID_1038_202201200101.mod,Provider upArea too small to be included in calibration,1038,TRUE,1002,TRUE,Sandviskelva
EFAS,11,01039,Svarttjørnbekken,10.649444,63.320321,0,0.000000,0.000000,,,0,0,0,0,,,1,,,Vikelva,NO,25,3.42,Vikelva,,0,TRUE,1,1,0,1,0,0,280,FALSE,4352500,4467500,24,ID_1039_202201200101.mod,Provider upArea too small to be included in calibration,1039,TRUE,1002,TRUE,Vikelva
EFAS,11,01040,Svartfossberget,21.381661,69.528540,0,0.000000,0.000000,,,0,0,0,0,,,1,NRT_6h,,Reisaelva,NO,1950,1932.29,Reisaelva,3,0,TRUE,1,1,0,1,0,0,90,TRUE,4767500,5192500,24,ID_1040_202201200101.mod,,1040,TRUE,1002,TRUE,Reisaelva
EFAS,11,01041,Blaker,11.299323,60.004052,0,0.000000,0.000000,,,0,0,0,0,,,1,NRT_6h,,Glomma,NO,38650,38588.11,Glomma,3,0,TRUE,1,1,0,1,0,0,90,TRUE,4387500,4097500,24,ID_1041_202201200111.mod,Negative discharge  and zeros,1041,TRUE,1002,TRUE,Glomma
EFAS,11,01042,Svartavatn,5.899998,60.653592,0,0.000000,0.000000,,,0,0,0,0,,,1,,,Vosso,NO,75,72.3,Vosso,,0,TRUE,1,1,0,1,0,0,219,FALSE,4097500,4182500,24,ID_1042_202201200129.mod,Provider upArea too small to be included in calibration,1042,TRUE,1002,TRUE,Tysse
EFAS,11,01043,Bøyumselv,6.742684,61.448700,0,0.000000,0.000000,,,0,0,0,0,,,1,,,Storelvi,NO,150,40.42,Storelvi,,0,TRUE,1,1,0,1,0,0,40,FALSE,4147500,4262500,24,ID_1043_202201200129.mod,Provider upArea too small to be included in calibration,1043,TRUE,1002,TRUE,Storelvi
EFAS,11,01044,Brekke bru,7.113903,60.850348,0,0.000000,0.000000,,,0,0,0,0,,,0,,,Flamselvi,NO,275,268.16,Flamselvi,,0,TRUE,0,1,0,1,0,0,16,FALSE,4162500,4197500,24,,Provider upArea too small to be included in calibration,1044,FALSE,1002,FALSE,Flamselvi
EFAS,11,01047,Sula,8.101555,61.170782,0,0.000000,0.000000,,,0,0,0,0,,,1,,,Laerdalselva,NO,100,30.32,Laerdalselva,,0,TRUE,1,1,0,1,0,0,1006,FALSE,4217500,4232500,24,ID_1047_202201200129.mod,Provider upArea too small to be included in calibration,1047,TRUE,1002,TRUE,Laerdalselva
EFAS,11,01048,Stuvane,7.619074,61.044155,0,0.000000,0.000000,,,0,0,0,0,,,1,NRT_6h,,Laerdalselva,NO,975,994.19,Laerdalselva,3,0,TRUE,1,1,0,1,0,0,73,TRUE,4192500,4217500,24,ID_1048_202201200157.mod,,1048,TRUE,1002,TRUE,Laerdalselva
EFAS,11,01049,Strandå,14.876697,67.539246,0,0.000000,0.000000,,,0,0,0,0,,,1,,,Elv i strandvassbotn,NO,75,23.62,Elv i strandvassbotn,,0,TRUE,1,1,0,1,0,0,15,FALSE,4532500,4942500,24,ID_1049_202201200209.mod,Provider upArea too small to be included in calibration,1049,TRUE,1002,TRUE,Elv i strandvassbotn
EFAS,11,01050,Bruhaug,9.235398,60.030147,0,0.000000,0.000000,,,0,0,0,0,,,1,NRT_6h,,Lagen,NO,3500,3461.42,Lagen,1,0,TRUE,1,1,0,1,0,0,200,FALSE,4277500,4102500,24,ID_1050_202201200226.mod,outlier removed with qc dam  close to 2906,1050,TRUE,1002,TRUE,Numedalslagen
EFAS,11,01051,Stortorp,11.517756,59.359520,0,0.000000,0.000000,,,0,0,0,0,,,1,,,Glomma,NO,150,87.13,Glomma,,0,TRUE,1,1,0,1,0,0,111,FALSE,4407500,4027500,24,ID_1051_202201200226.mod,Provider upArea too small to be included in calibration,1051,TRUE,1002,TRUE,Rakkestadelva
EFAS,11,01052,Brustuen,8.296029,61.726232,0,0.000000,0.000000,,,0,0,0,0,,,1,,,Glomma,NO,250,253.93,Glomma,,0,TRUE,1,1,0,1,0,0,665,FALSE,4227500,4292500,24,ID_1052_202201200239.mod,Provider upArea too small to be included in calibration,1052,TRUE,1002,TRUE,Bovri
EFAS,11,01053,Stordalsvatn,6.010889,59.682936,0,0.000000,0.000000,,,0,0,0,0,,,1,,,Etneelva,NO,125,130.61,Etneelva,,0,TRUE,1,1,0,1,0,0,51,FALSE,4097500,4072500,24,ID_1053_202201200251.mod,Provider upArea too small to be included in calibration,1053,TRUE,1002,TRUE,Stordalselva
EFAS,11,01054,Støafoss,11.718125,64.017613,0,0.000000,0.000000,,,0,0,0,0,,,1,,,Byaelva,NO,450,476.58,Byaelva,,0,TRUE,1,1,0,1,0,0,78,FALSE,4407500,4547500,24,ID_1054_202201200310.mod,Provider upArea too small to be included in calibration,1054,TRUE,1002,TRUE,Ogna
EFAS,11,01055,Songedalsåi,7.985102,59.299855,0,0.000000,0.000000,,,0,0,0,0,,,1,,,Nidelva,NO,125,65.52,Nidelva,,0,TRUE,1,1,0,1,0,0,555,FALSE,4207500,4022500,24,ID_1055_202201200404.mod,Provider upArea too small to be included in calibration,1055,TRUE,1002,TRUE,Songedalsai
EFAS,11,01056,Bulken (Vangsvatnet),6.292537,60.628683,0,0.000000,0.000000,,,0,0,0,0,,,1,NRT_6h,C390,Vosso,NO,1075,1092.04,Vosso,3,0,TRUE,1,1,0,1,0,0,47,TRUE,4117500,4177500,24,ID_1056_202201200427.mod,,1056,TRUE,1002,TRUE,Vosso
EFAS,11,01057,Søgne,7.835108,58.090980,0,0.000000,0.000000,,,0,0,0,0,,,1,,,Sogneelva,NO,275,203.58,Sogneelva,,0,TRUE,1,1,0,1,0,0,6,FALSE,4192500,3887500,24,ID_1057_202201200433.mod,Provider upArea too small to be included in calibration,1057,TRUE,1002,TRUE,Sogneelva
EFAS,11,01058,Djupadalsvatn,6.380724,59.280700,0,0.000000,0.000000,,,0,0,0,0,,,1,,,Vormo,NO,25,45.34,Vormo,,0,TRUE,1,1,0,1,0,0,338,FALSE,4112500,4027500,24,ID_1058_202201200535.mod,Provider upArea too small to be included in calibration,1058,TRUE,1002,TRUE,Vormo
EFAS,11,01059,Djupevad,5.844408,59.817436,0,0.000000,0.000000,,,0,0,0,0,,,1,,,Handalandselva,NO,50,31.9,Handalandselva,,0,TRUE,1,1,0,1,0,0,88,FALSE,4087500,4087500,24,ID_1059_202201200535.mod,Provider upArea too small to be included in calibration,1059,TRUE,1002,TRUE,Handalandselva
EFAS,11,01060,Driva v/Elverhøy bru,8.694089,62.648740,0,0.000000,0.000000,,,0,0,0,0,,,1,NRT_6h,,Driva,NO,2425,2437.41,Driva,3,0,TRUE,1,1,0,1,0,0,34,TRUE,4252500,4392500,24,ID_1060_202201200544.mod,,1060,TRUE,1002,TRUE,Driva
EFAS,11,01061,Driva v/Risefoss,9.592639,62.511384,0,0.000000,0.000000,,,0,0,0,0,,,1,NRT_6h,,Driva,NO,725,745.38,Driva,3,0,TRUE,1,1,0,1,0,0,556,TRUE,4297500,4377500,24,ID_1061_202201200552.mod,,1061,TRUE,1002,TRUE,Driva
EFAS,11,01062,Eggafoss,11.183880,62.890107,0,0.000000,0.000000,,,0,0,0,0,,,1,NRT_6h,,Gaula (Melhus),NO,675,654.24,Gaula,3,0,TRUE,1,1,0,1,0,0,285,TRUE,4382500,4417500,24,ID_1062_202201200630.mod,,1062,TRUE,1002,TRUE,Gaula (Melhus)
EFAS,11,01063,Sogndalsvatn,7.006808,61.297838,0,0.000000,0.000000,,,0,0,0,0,,,1,,,Sogndalselvi,NO,125,110.93,Sogndalselvi,,0,TRUE,1,1,0,1,0,0,395,FALSE,4162500,4247500,24,ID_1063_202201200710.mod,Provider upArea too small to be included in calibration,1063,TRUE,1002,TRUE,Sogndalselvi
EFAS,11,01064,Sneisvatn,15.705442,68.407429,0,0.000000,0.000000,,,0,0,0,0,,,1,,,Sneiselva,NO,25,29.25,Sneiselva,,0,TRUE,1,1,0,1,0,0,18,FALSE,4557500,5042500,24,ID_1064_202201200744.mod,Provider upArea too small to be included in calibration,1064,TRUE,1002,TRUE,Sneiselva
EFAS,11,01065,Skogsfjordvatn,19.104124,69.980926,0,0.000000,0.000000,,,0,0,0,0,,,1,,,Skogsfjordelva,NO,125,136.01,Skogsfjordelva,,0,TRUE,1,1,0,1,0,0,19,FALSE,4672500,5227500,24,ID_1065_202201200744.mod,Provider upArea too small to be included in calibration,1065,TRUE,1002,TRUE,Skogsfjordelva
EFAS,11,01066,Skjerdalselv,5.935550,61.815639,0,0.000000,0.000000,,,0,0,0,0,,,1,,,Storelva (Hunviksfjorden),NO,50,23.76,Storelva,,0,TRUE,1,1,0,1,0,0,291,FALSE,4107500,4307500,24,ID_1066_202201200744.mod,Provider upArea too small to be included in calibration,1066,TRUE,1002,TRUE,Storelva ( (Hunviksfjorden)
EFAS,11,01067,Skarsvatn,14.982533,67.083737,0,0.000000,0.000000,,,0,0,0,0,,,1,,,Lakselva (Misvaer),NO,200,145.39,Lakselva,,0,TRUE,1,1,0,1,0,0,162,FALSE,4537500,4892500,24,ID_1067_202201200803.mod,Provider upArea too small to be included in calibration,1067,TRUE,1002,TRUE,Lakselva (Misvaer)
EFAS,11,01068,Selfors bru,14.698448,66.996977,0,0.000000,0.000000,,,0,0,0,0,,,1,NRT_6h,,Beiarelva,NO,775,788.34,Beiarelva,3,0,TRUE,1,1,0,1,0,0,10,TRUE,4527500,4882500,24,ID_1068_202201200803.mod,,1068,TRUE,1002,TRUE,Beiarelva
EFAS,11,01069,Sandvenvatn,6.548137,60.013893,0,0.000000,0.000000,,,0,0,0,0,,,1,,,Opo,NO,425,470.22,Opo,,0,TRUE,1,1,0,1,0,0,87,FALSE,4127500,4107500,24,ID_1069_202201200807.mod,Provider upArea too small to be included in calibration,1069,TRUE,1002,TRUE,Sandvinvadnet
EFAS,11,01070,Salsvatn,11.454362,64.705377,0,0.000000,0.000000,,,0,0,0,0,,,1,,,Moelva,NO,475,431.9,Moelva,,0,TRUE,1,1,0,1,0,0,9,FALSE,4392500,4622500,24,ID_1070_202201200818.mod,Provider upArea too small to be included in calibration,1070,TRUE,1002,TRUE,Salsvatnet
EFAS,11,01071,Sæternbekken,10.566451,59.942939,0,0.000000,0.000000,,,0,0,0,0,,,1,,,Sandvikselva,NO,50,6.23,Sandvikselva,,0,TRUE,1,1,0,1,0,0,102,FALSE,4352500,4092500,24,ID_1071_202201200831.mod,Provider upArea too small to be included in calibration,1071,TRUE,1002,TRUE,Overland
EFAS,11,01072,Røykenes,5.441903,60.248812,0,0.000000,0.000000,,,0,0,0,0,,,1,,,Oselva,NO,75,50.09,Oselva,,0,TRUE,1,1,0,1,0,0,53,FALSE,4067500,4137500,24,ID_1072_202201200906.mod,Provider upArea too small to be included in calibration,1072,TRUE,1002,TRUE,Teinebekken
EFAS,11,01073,Rinna,9.407097,62.984953,0,0.000000,0.000000,,,0,0,0,0,,,1,,,Surna,NO,125,86.23,Surna,,0,TRUE,1,1,0,1,0,0,467,FALSE,4292500,4432500,24,ID_1073_202201200906.mod,Provider upArea too small to be included in calibration,1073,TRUE,1002,TRUE,Rinna
EFAS,11,01074,Rysna,8.715961,61.168526,0,0.000000,0.000000,,,0,0,0,0,,,1,,,Drammen,NO,75,50.76,Drammen,,0,TRUE,1,1,0,1,0,0,614,FALSE,4252500,4232500,24,ID_1074_202201200906.mod,Provider upArea too small to be included in calibration,1074,TRUE,1002,TRUE,Rysna
EFAS,11,01075,Rauma v/Horgheim,7.781440,62.473214,0,0.000000,0.000000,,,0,0,0,0,,,1,NRT_6h,,Rauma,NO,1125,1099.42,Rauma,3,0,TRUE,1,1,0,1,0,0,61,TRUE,4212500,4372500,24,ID_1075_202201200946.mod,negative values,1075,TRUE,1002,TRUE,Rauma
EFAS,11,01076,Rathe,10.390233,63.384904,0,0.000000,0.000000,,,0,0,0,0,,,1,NRT_6h,,Nea,NO,3050,3057.88,Nea,3,0,TRUE,1,1,0,1,0,0,14,TRUE,4342500,4472500,24,ID_1076_202201201012.mod,Dam strongly regulated,1076,TRUE,1002,TRUE,Nea
EFAS,11,01077,Polmak nye,28.016008,70.070345,0,0.000000,0.000000,,,0,0,0,0,,,1,NRT_6h,,Tana,NO,13850,14158.06,Tana,3,0,TRUE,1,1,0,1,0,0,10,TRUE,5002500,5307500,24,ID_1077_202201201040.mod,,1077,TRUE,1002,TRUE,Tana
EFAS,11,01078,Øyungen,11.081687,64.243779,0,0.000000,0.000000,,,0,0,0,0,,,1,,,Argards,NO,250,239.07,Argards,,0,TRUE,1,1,0,1,0,0,103,FALSE,4372500,4572500,24,ID_1078_202201201045.mod,Provider upArea too small to be included in calibration,1078,TRUE,1002,TRUE,Meung
EFAS,11,01079,Øyeren v/Mørkfoss,11.225661,59.659555,0,0.000000,0.000000,,,0,0,0,0,,,1,,,Glomma,NO,40350,40441.59,Glomma,,0,FALSE,0,0,0,0,1,1,90,FALSE,4392500,4062500,,,No discharge data available for calibration period,1079,FALSE,1002,FALSE,Glomma
EFAS,11,01080,Øye ndf.,6.931252,62.068180,0,0.000000,0.000000,,,0,0,0,0,,,1,,,Bygda,NO,200,138.78,Bygda,,0,TRUE,1,1,0,1,0,0,147,FALSE,4157500,4332500,24,ID_1080_202201201101.mod,Provider upArea too small to be included in calibration,1080,TRUE,1002,TRUE,Bygda
EFAS,11,01081,Øvstevatn (Litlevatnet),17.489689,68.347855,0,0.000000,0.000000,,,0,0,0,0,,,1,,,Hakvik,NO,50,28.44,Hakvik,,0,TRUE,1,1,0,1,0,0,275,FALSE,4632500,5042500,24,ID_1081_202201201127.mod,Provider upArea too small to be included in calibration,1081,TRUE,1002,TRUE,Hakvik
EFAS,11,01082,Øvrevatn,17.941075,68.857619,0,0.000000,0.000000,,,0,0,0,0,,,1,NRT_6h,,Salangs,NO,525,526.02,Salangs,3,0,TRUE,1,1,0,1,0,0,8,TRUE,4647500,5102500,24,ID_1082_202201201132.mod,,1082,TRUE,1002,TRUE,Svartdalsbekken
EFAS,11,01083,Omnesfoss,8.993231,59.611714,0,0.000000,0.000000,,,0,0,0,0,,,1,NRT_6h,,Skien,NO,875,807.71,Skien,3,0,TRUE,1,1,0,1,0,0,61,TRUE,4262500,4057500,24,ID_1083_202201201154.mod,,1083,TRUE,1002,TRUE,Heddola
EFAS,11,01084,Farstadelva v/Farstad,7.161429,62.973625,0,0.000000,0.000000,,,0,0,0,0,,,1,,,Farstad,NO,25,24.23,Farstad,,0,TRUE,1,1,0,1,0,0,11,FALSE,4177500,4432500,24,ID_1084_202201201217.mod,Provider upArea too small to be included in calibration,1084,TRUE,1002,TRUE,Farstad
EFAS,11,01085,Fetvatn (Fitjavatnet),6.592888,62.332500,0,0.000000,0.000000,,,0,0,0,0,,,1,,,Velledals,NO,100,88.95,Velledals,,0,TRUE,1,1,0,1,0,0,1,FALSE,4142500,4362500,24,ID_1085_202201201246.mod,Provider upArea too small to be included in calibration,1085,TRUE,1002,TRUE,Velledals
EFAS,11,01086,Flaksvatn,8.203061,58.330464,0,0.000000,0.000000,,,0,0,0,0,,,1,NRT_6h,,Tovdal,NO,1825,1780.66,Tovdal,3,0,TRUE,1,1,0,1,0,0,19,TRUE,4217500,3917500,24,ID_1086_202201201246.mod,,1086,TRUE,1002,TRUE,Tovdal
EFAS,11,01087,Nordre Osa,11.743370,61.412745,0,0.000000,0.000000,,,0,0,0,0,,,1,,,Glomma,NO,425,447.09,Glomma,,0,TRUE,1,1,0,1,0,0,457,FALSE,4412500,4257500,24,ID_1087_202201201246.mod,Provider upArea too small to be included in calibration,1087,TRUE,1002,TRUE,Northern osa
EFAS,11,01088,Fustvatn,13.307593,65.905237,0,0.000000,0.000000,,,0,0,0,0,,,1,NRT_6h,,Fusta,NO,550,525.69,Fusta,3,0,TRUE,1,1,0,1,0,0,39,TRUE,4472500,4757500,24,ID_1088_202201201246.mod,,1088,TRUE,1002,TRUE,Fusta
EFAS,11,01089,Nigardsbrevatn,7.241906,61.666554,0,0.000000,0.000000,,,0,0,0,0,,,1,,,Jostedola,NO,75,65.29,Jostedola,,0,TRUE,1,1,0,1,0,0,285,FALSE,4172500,4287500,24,ID_1089_202201201251.mod,Provider upArea too small to be included in calibration,1089,TRUE,1002,TRUE,Breelvi
EFAS,11,01090,Nessedalselv,6.278385,61.159871,0,0.000000,0.000000,,,0,0,0,0,,,1,,,Nesselvi,NO,75,30.08,Nesselvi,,0,TRUE,1,1,0,1,0,0,289,FALSE,4122500,4232500,24,ID_1090_202201201329.mod,Provider upArea too small to be included in calibration,1090,TRUE,1002,TRUE,Nesselvi
EFAS,11,01091,Nervoll,13.986036,65.437572,0,0.000000,0.000000,,,0,0,0,0,,,1,NRT_6h,,Vefsna,NO,650,653.36,Vefsna,3,0,TRUE,1,1,0,1,0,0,345,TRUE,4507500,4707500,24,ID_1091_202201201334.mod,,1091,TRUE,1002,TRUE,Vefsna
EFAS,11,01092,Nedre Sjodalsvatn,8.927067,61.560274,0,0.000000,0.000000,,,0,0,0,0,,,1,,,Glomma,NO,500,479.97,Glomma,,0,TRUE,1,1,0,1,0,0,940,FALSE,4262500,4272500,24,ID_1092_202201201358.mod,Provider upArea too small to be included in calibration,1092,TRUE,1002,TRUE,Sjoa
EFAS,11,01093,Nautsundvatn,5.385350,61.252896,0,0.000000,0.000000,,,0,0,0,0,,,1,,,Guddals,NO,275,218.96,Guddals,,0,TRUE,1,1,0,1,0,0,45,FALSE,4072500,4247500,24,ID_1093_202201201358.mod,Provider upArea too small to be included in calibration,1093,TRUE,1002,TRUE,Guddals
EFAS,11,01094,Myrkdalsvatn,6.501574,60.799210,0,0.000000,0.000000,,,0,0,0,0,,,1,,,Vosso,NO,225,158.28,Vosso,,0,TRUE,1,1,0,1,0,0,229,FALSE,4132500,4192500,24,ID_1094_202201201403.mod,Provider upArea too small to be included in calibration,1094,TRUE,1002,TRUE,Vosso
EFAS,11,01095,Myglevatn ndf.,7.584991,58.445887,0,0.000000,0.000000,,,0,0,0,0,,,1,,,Mandal,NO,175,182.2,Mandal,,0,TRUE,1,1,0,1,0,0,252,FALSE,4177500,3932500,24,ID_1095_202201201420.mod,Provider upArea too small to be included in calibration,1095,TRUE,1002,TRUE,Kosana
EFAS,11,01096,Møska (Skolandsvatnet),7.066229,58.160565,0,0.000000,0.000000,,,0,0,0,0,,,1,,,Lygna,NO,75,121.41,Lygna,,0,TRUE,1,1,0,1,0,0,8,FALSE,4147500,3902500,24,ID_1096_202201201435.mod,Provider upArea too small to be included in calibration,1096,TRUE,1002,TRUE,Moska
EFAS,11,01097,Mørsvik bru,15.873570,67.715712,0,0.000000,0.000000,,,0,0,0,0,,,1,,,Marsvik,NO,25,31.23,Marsvik,,0,TRUE,1,1,0,1,0,0,76,FALSE,4572500,4967500,24,ID_1097_202201201502.mod,Provider upArea too small to be included in calibration,1097,TRUE,1002,TRUE,Marsvik
EFAS,11,01098,Mevatnet,12.538049,65.365533,0,0.000000,0.000000,,,0,0,0,0,,,1,,,Sausvatn,NO,150,108.47,Sausvatn,,0,TRUE,1,1,0,1,0,0,15,FALSE,4437500,4697500,24,ID_1098_202201201502.mod,Provider upArea too small to be included in calibration,1098,TRUE,1002,TRUE,Mevatnet
EFAS,11,01099,Gaulfoss,10.229018,63.108479,0,0.000000,0.000000,,,0,0,0,0,,,1,NRT_6h,C396,Gaula (Melhus),NO,3200,3086.41,Gaula,3,0,TRUE,1,1,0,1,0,0,54,TRUE,4332500,4447500,24,ID_1099_202201201502.mod,,1099,TRUE,1002,TRUE,Gaula (Melhus)
EFAS,11,01100,Gisnås,9.915029,62.704658,0,0.000000,0.000000,,,0,0,0,0,,,1,,,Orkla,NO,75,94.48,Orkla,,0,TRUE,1,1,0,1,0,0,582,FALSE,4312500,4402500,24,ID_1100_202201201517.mod,Provider upArea too small to be included in calibration,1100,TRUE,1002,TRUE,Gisna
EFAS,11,01101,Masi,23.635036,69.420041,0,0.000000,0.000000,,,0,0,0,0,,,1,NRT_6h,C401,Altaelva,NO,5675,5620.81,Altaelva,3,0,TRUE,1,1,0,1,0,0,0,TRUE,4857500,5197500,24,ID_1101_202201201549.mod,,1101,TRUE,1002,TRUE,Kautokeinoelva
EFAS,11,01102,Manndalen bru,20.525619,69.523891,0,0.000000,0.000000,,,0,0,0,0,,,1,,,Manndal,NO,250,200.48,Manndal,,0,TRUE,1,1,0,1,0,0,20,FALSE,4737500,5182500,24,ID_1102_202201201556.mod,Provider upArea too small to be included in calibration,1102,TRUE,1002,TRUE,Manndal
EFAS,11,01103,Gjedlakleiv,6.066195,58.573402,0,0.000000,0.000000,,,0,0,0,0,,,1,NRT_6h,,Bjerkreim,NO,600,635.15,Bjerkreim,3,0,TRUE,1,1,0,1,0,0,49,TRUE,4087500,3942500,24,ID_1103_202201201606.mod,,1103,TRUE,1002,TRUE,Bjerkreim
EFAS,11,01104,Gjerstad,9.033272,58.883605,0,0.000000,0.000000,,,0,0,0,0,,,1,,,Gjerstad,NO,250,236.23,Gjerstad,,0,TRUE,1,1,0,1,0,0,50,FALSE,4262500,3977500,24,ID_1104_202201201614.mod,Provider upArea too small to be included in calibration,1104,TRUE,1002,TRUE,Gjerstad
EFAS,11,01105,Gjuvå,8.794498,59.755175,0,0.000000,0.000000,,,0,0,0,0,,,0,,,Skien,NO,225,33.1,Skien,,0,TRUE,0,1,0,1,0,0,459,FALSE,4252500,4072500,24,,Provider upArea too small to be included in calibration,1105,FALSE,1002,FALSE,Gjuva
EFAS,11,01106,Grosettjern,8.320615,59.835548,0,0.000000,0.000000,,,0,0,0,0,,,1,,,Skien,NO,25,6.6,Skien,,0,TRUE,1,1,0,1,0,0,939,FALSE,4227500,4087500,24,ID_1106_202201201635.mod,Provider upArea too small to be included in calibration,1106,TRUE,1002,TRUE,Grosetae
EFAS,11,01107,Malangsfoss,18.658337,69.034928,0,0.000000,0.000000,,,0,0,0,0,,,1,NRT_6h,C400,Malselv,NO,2975,3110.65,Malselv,3,0,TRUE,1,1,0,1,0,0,23,TRUE,4672500,5122500,24,ID_1107_202201201644.mod,,1107,TRUE,1002,TRUE,Malselv
EFAS,11,01108,Magnor,12.187285,59.954641,0,0.000000,0.000000,,,0,0,0,0,,,1,,,Gota,NO,375,359.95,Gota,,0,TRUE,1,1,0,1,0,0,127,FALSE,4442500,4097500,24,ID_1108_202201201644.mod,Provider upArea too small to be included in calibration,1108,TRUE,1002,TRUE,Vrang
EFAS,11,01109,Lovatn,6.889670,61.858694,0,0.000000,0.000000,,,0,0,0,0,,,1,,,Loelva,NO,275,234.88,Loelva,,0,TRUE,1,1,0,1,0,0,52,FALSE,4157500,4312500,24,ID_1109_202201201658.mod,Provider upArea too small to be included in calibration,1109,TRUE,1002,TRUE,Loelva
EFAS,11,01110,Grunnfoss,11.809693,63.791180,0,0.000000,0.000000,,,0,0,0,0,,,1,NRT_6h,,Verdal,NO,900,880.37,Verdal,3,0,TRUE,1,1,0,1,0,0,38,TRUE,4412500,4522500,24,ID_1110_202201201703.mod,,1110,TRUE,1002,TRUE,Helgaa
EFAS,11,01111,Lislefjødd,7.419619,59.608831,0,0.000000,0.000000,,,0,0,0,0,,,1,,,Otra,NO,25,19.01,Otra,,0,TRUE,1,1,0,1,0,0,890,FALSE,4177500,4057500,24,ID_1111_202201201710.mod,Provider upArea too small to be included in calibration,1111,TRUE,1002,TRUE,Lislefjoddanne
EFAS,11,01112,Lilleelv,8.702689,58.435358,0,0.000000,0.000000,,,0,0,0,0,,,1,,,Nidelva,NO,25,39.32,Nidelva,,0,TRUE,1,1,0,1,0,0,17,FALSE,4242500,3927500,24,ID_1112_202201201712.mod,Provider upArea too small to be included in calibration,1112,TRUE,1002,TRUE,Lillelva
EFAS,11,01113,Leirbotnvatn,23.553440,70.106674,0,0.000000,0.000000,,,0,0,0,0,,,1,,,Leirbotn,NO,150,135.47,Leirbotn,,0,TRUE,1,1,0,1,0,0,161,FALSE,4837500,5267500,24,ID_1113_202201201716.mod,Provider upArea too small to be included in calibration,1113,TRUE,1002,TRUE,Leirbotn
EFAS,11,01114,Laksfors,13.291557,65.621554,0,0.000000,0.000000,,,0,0,0,0,,,1,NRT_6h,C399,Vefsna,NO,3575,3653.4,Vefsna,3,0,TRUE,1,1,0,1,0,0,40,TRUE,4472500,4727500,24,ID_1114_202201201733.mod,,1114,TRUE,1002,TRUE,Vefsna
EFAS,11,01115,Kvenna,7.865456,60.018420,0,0.000000,0.000000,,,0,0,0,0,,,1,NRT_6h,,Skien,NO,825,822.26,Skien,3,0,TRUE,1,1,0,1,0,0,937,TRUE,4202500,4102500,24,ID_1115_202201201801.mod,,1115,TRUE,1002,TRUE,Kvenna
EFAS,11,01116,Kvarstadseter,10.893342,61.178474,0,0.000000,0.000000,,,0,0,0,0,,,1,,,Glomma,NO,375,377.09,Glomma,,0,TRUE,1,1,0,1,0,0,669,FALSE,4367500,4232500,24,ID_1116_202201201828.mod,Provider upArea too small to be included in calibration,1116,TRUE,1002,TRUE,Asta
EFAS,11,01117,Krinsvatn (Kringsvatnet),10.231909,63.804090,0,0.000000,0.000000,,,0,0,0,0,,,1,,,Nordelva,NO,250,206.61,Nordelva,,0,TRUE,1,1,0,1,0,0,87,FALSE,4332500,4522500,24,ID_1117_202201201828.mod,Provider upArea too small to be included in calibration,1117,TRUE,1002,TRUE,Nordelva
EFAS,11,01118,Kråkfoss,11.080104,60.133446,0,0.000000,0.000000,,,0,0,0,0,,,1,,,Glomma,NO,500,432.35,Glomma,,0,TRUE,1,1,0,1,0,0,105,FALSE,4382500,4117500,24,ID_1118_202201201834.mod,Provider upArea too small to be included in calibration,1118,TRUE,1002,TRUE,Leira
EFAS,11,01119,Kjølemo,7.528130,58.120242,0,0.000000,0.000000,,,0,0,0,0,,,1,NRT_6h,C649,Mandal,NO,1750,1757.7,Mandal,3,0,TRUE,1,1,0,1,0,0,10,TRUE,4177500,3897500,24,ID_1119_202201201853.mod,,1119,TRUE,1002,TRUE,Mandal
EFAS,11,01120,Kjeldstad i Garbergelva,11.131100,63.266168,0,0.000000,0.000000,,,0,0,0,0,,,1,,,Nea,NO,200,145,Nea,,0,TRUE,1,1,0,1,0,0,200,FALSE,4377500,4462500,24,ID_1120_202201201857.mod,Provider upArea too small to be included in calibration,1120,TRUE,1002,TRUE,Garbergselva
EFAS,11,01121,Kirkevoll bru,9.037621,59.690030,0,0.000000,0.000000,,,0,0,0,0,,,1,NRT_6h,,Skien,NO,3850,3845.4,Skien,0,0,TRUE,1,1,0,1,0,0,180,FALSE,4272500,4062500,24,ID_1121_202201201909.mod,low quality data dam but not in lsf,1121,TRUE,1002,TRUE,Tinne
EFAS,11,01122,Karpelva,30.384121,69.659911,0,0.000000,0.000000,,,0,0,0,0,,,1,,,Karpelva,NO,200,128.89,Karpelva,,0,TRUE,1,1,0,1,0,0,20,FALSE,5107500,5287500,24,ID_1122_202201201922.mod,Provider upArea too small to be included in calibration,1122,TRUE,1002,TRUE,Karpelva
EFAS,11,01123,Junkerdalselv,15.410688,66.814798,0,0.000000,0.000000,,,0,0,0,0,,,1,,,Saltelva,NO,400,421.98,Saltelva,,0,TRUE,1,1,0,1,0,0,117,FALSE,4562500,4867500,24,ID_1123_202201201916.mod,Provider upArea too small to be included in calibration,1123,TRUE,1002,TRUE,Junkerdal
EFAS,11,01124,Gryta,10.800458,59.987177,0,0.000000,0.000000,,,0,0,0,0,,,1,,,Aker,NO,25,7.03,Aker,,0,TRUE,1,1,0,1,0,0,165,FALSE,4367500,4097500,24,ID_1124_202201201939.mod,Provider upArea too small to be included in calibration,1124,TRUE,1002,TRUE,Grytebekken
EFAS,11,01125,Hagadrag,8.874760,59.432011,0,0.000000,0.000000,,,0,0,0,0,,,1,NRT_6h,,Skien,NO,750,726.98,Skien,0,0,TRUE,1,1,0,1,0,0,115,FALSE,4252500,4037500,24,ID_1125_202201201946.mod,low quality data,1125,TRUE,1002,TRUE,Boelva
EFAS,11,01126,Jondalselv,9.554798,59.707344,0,0.000000,0.000000,,,0,0,0,0,,,1,,,Lågen,NO,125,125.9,LÃ¥gen,,0,TRUE,1,1,0,1,0,0,229,FALSE,4292500,4067500,24,ID_1126_202201202005.mod,Provider upArea too small to be included in calibration,1126,TRUE,1002,TRUE,Jondalselva
EFAS,11,01127,Jogla,6.938071,58.957659,0,0.000000,0.000000,,,0,0,0,0,,,1,,,Ana,NO,25,31.12,Ana,,0,TRUE,1,1,0,1,0,0,612,FALSE,4147500,3987500,24,ID_1127_202201202015.mod,Provider upArea too small to be included in calibration,1127,TRUE,1002,TRUE,Jogla
EFAS,11,01128,Hugdal bru,10.246435,62.994066,0,0.000000,0.000000,,,0,0,0,0,,,1,NRT_6h,,Gaula (Melhus),NO,475,546.17,Gaula,3,0,TRUE,1,1,0,1,0,0,130,TRUE,4332500,4432500,24,ID_1128_202201202019.mod,,1128,TRUE,1002,TRUE,Sogna
EFAS,11,01129,Hovefoss,5.752138,61.532790,0,0.000000,0.000000,,,0,0,0,0,,,1,,,Nausta,NO,250,234.13,Nausta,,0,TRUE,1,1,0,1,0,0,20,FALSE,4092500,4277500,24,ID_1129_202201202024.mod,Provider upArea too small to be included in calibration,1129,TRUE,1002,TRUE,Nausta
EFAS,11,01130,Hørte,9.133699,59.431419,0,0.000000,0.000000,,,0,0,0,0,,,1,,,Skien,NO,175,156.65,Skien,,0,TRUE,1,1,0,1,0,0,96,FALSE,4272500,4037500,24,ID_1130_202201202124.mod,Provider upArea too small to be included in calibration,1130,TRUE,1002,TRUE,Horte
EFAS,11,01131,Holmfoss i Numedalslågen,9.993582,59.189643,0,0.000000,0.000000,,,0,0,0,0,,,1,NRT_6h,,Lagen,NO,5150,5201.8,Lagen,3,0,TRUE,1,1,0,1,0,0,12,TRUE,4317500,4017500,24,ID_1131_202201202124.mod,,1131,TRUE,1002,TRUE,Lagen
EFAS,11,01132,Håkkadalbrua,11.503843,64.020191,0,0.000000,0.000000,,,0,0,0,0,,,1,NRT_6h,,Byaelva,NO,2125,2141.01,Byaelva,3,0,TRUE,1,1,0,1,0,0,6,TRUE,4397500,4547500,24,ID_1132_202201202124.mod,,1132,TRUE,1002,TRUE,Byaelva
EFAS,11,01133,Hølervatn,9.458990,60.709622,0,0.000000,0.000000,,,0,0,0,0,,,1,,,Drammen,NO,100,79.75,Drammen,,0,TRUE,1,1,0,1,0,0,780,FALSE,4292500,4177500,24,ID_1133_202201202130.mod,Provider upArea too small to be included in calibration,1133,TRUE,1002,TRUE,Holera
EFAS,11,01134,Halsnes,22.941637,70.026436,0,0.000000,0.000000,,,0,0,0,0,,,1,,,Halselva,NO,225,144.89,Halselva,,0,TRUE,1,1,0,1,0,0,30,FALSE,4817500,5257500,24,ID_1134_202201202202.mod,Provider upArea too small to be included in calibration,1134,TRUE,1002,TRUE,Halselva
EFAS,11,01135,Hølen,6.744957,60.358853,0,0.000000,0.000000,,,0,0,0,0,,,1,,,Kinso,NO,300,232.73,Kinso,,0,TRUE,1,1,0,1,0,0,120,FALSE,4142500,4142500,24,ID_1135_202201202202.mod,Provider upArea too small to be included in calibration,1135,TRUE,1002,TRUE,Kinso
EFAS,11,01136,Høggås bru,11.358312,63.492923,0,0.000000,0.000000,,,0,0,0,0,,,1,,,Stjordal,NO,475,494.72,Stjordal,,0,TRUE,1,1,0,1,0,0,98,FALSE,4387500,4487500,24,ID_1136_202201202203.mod,Provider upArea too small to be included in calibration,1136,TRUE,1002,TRUE,Forra
EFAS,11,01137,Hamar (Mjøsa),11.043171,60.791462,0,0.000000,0.000000,,,0,0,0,0,,,1,,,Glomma,NO,1200,16567.91,Glomma,,0,TRUE,0,0,0,1,1,1,90,FALSE,4377500,4187500,,,No discharge data available for calibration period Possible wrong uparea,1137,FALSE,1002,FALSE,Mjosa
EFAS,11,01138,Haugland,5.647619,58.692892,0,0.000000,0.000000,,,0,0,0,0,,,1,,,Haelva,NO,225,139.35,Haelva,,0,TRUE,1,1,0,1,0,0,16,FALSE,4067500,3962500,24,ID_1138_202201202207.mod,Provider upArea too small to be included in calibration,1138,TRUE,1002,TRUE,Haelva
EFAS,11,01139,Høgfoss,10.856104,59.551610,0,0.000000,0.000000,,,0,0,0,0,,,1,,,Mosse,NO,375,299.29,Mosse,,0,TRUE,1,1,0,1,0,0,47,FALSE,4367500,4047500,24,ID_1139_202201202207.mod,Provider upArea too small to be included in calibration,1139,TRUE,1002,TRUE,Hobolelva
EFAS,11,01140,Hegra bru,11.115600,63.461762,0,0.000000,0.000000,,,0,0,0,0,,,1,NRT_6h,C650,Stjørdal,NO,1900,1873.48,Stjordal,3,0,TRUE,1,1,0,1,0,0,10,TRUE,4372500,4482500,24,ID_1140_202201202230.mod,,1140,TRUE,1002,TRUE,Stjørdal
EFAS,11,01141,Heisel,7.951435,58.247549,0,0.000000,0.000000,,,0,0,0,0,,,1,NRT_6h,C391,Otra,NO,3600,3687.09,Otra,3,0,TRUE,1,1,0,1,0,0,18,TRUE,4197500,3902500,24,ID_1141_202201202230.mod,,1141,TRUE,1002,TRUE,Otra
EFAS,11,01142,Helleland,6.150288,58.533599,0,0.000000,0.000000,,,0,0,0,0,,,1,,,Storana,NO,200,184.72,Storana,,0,TRUE,1,1,0,1,0,0,86,FALSE,4097500,3942500,24,ID_1142_202201202240.mod,Provider upArea too small to be included in calibration,1142,TRUE,1002,TRUE,Storana
EFAS,11,01143,Piedruja,27.453200,55.794800,0,0.000000,0.000000,,,0,0,0,0,,,1,,,Daugava,LV,61825,62200,Daugava,,0,FALSE,0,0,0,0,1,1,95.92,FALSE,5402500,3762500,,,No discharge data available for calibration period,1143,FALSE,1027,FALSE,Daugava
EFAS,11,01144,Krāslava,27.167000,55.889600,0,0.000000,0.000000,,,0,0,0,0,,,1,,,Daugava,LV,62350,63900,Daugava,,0,FALSE,0,0,0,0,1,1,95.21,FALSE,5382500,3772500,,,No discharge data available for calibration period,1144,FALSE,1027,FALSE,Daugava
EFAS,11,01145,Daugavpils,26.521100,55.861300,0,0.000000,0.000000,,,0,0,0,0,,,1,HIST_24h,C438,Daugava,LV,63700,64500,Daugava,3,0,TRUE,1,1,0,1,1,1,85.81,TRUE,5342500,3757500,24,ID_1145_202201202307.mod,,1145,TRUE,1027,TRUE,Daugava
EFAS,11,01146,Vaikuļāni,26.374800,55.995400,0,0.000000,0.000000,,,0,0,0,0,,,1,,,Daugava,LV,64150,65700,Daugava,,0,FALSE,0,0,0,0,1,1,84.81,FALSE,5332500,3772500,,,No discharge data available for calibration period,1146,FALSE,1027,FALSE,Daugava
EFAS,11,01147,Jersika,26.196600,56.255800,0,0.000000,0.000000,,,0,0,0,0,,,1,,,Daugava,LV,65350,66900,Daugava,,0,FALSE,0,0,0,0,1,1,81.25,FALSE,5317500,3797500,,,No discharge data available for calibration period,1147,FALSE,1027,FALSE,Daugava
EFAS,11,01148,Jēkabpils,25.891500,56.497600,0,0.000000,0.000000,,,0,0,0,0,,,1,NRT_24h,,Daugava,LV,69075,70500,Daugava,3,0,TRUE,1,1,0,1,1,1,74.55,TRUE,5287500,3822500,24,ID_1148_202202011148.mod,,1148,TRUE,1027,TRUE,Daugava
EFAS,11,01149,Zeļķi,25.759500,56.549500,0,0.000000,0.000000,,,0,0,0,0,,,1,,,Daugava,LV,69700,72260,Daugava,,0,FALSE,0,0,0,0,1,1,69.22,FALSE,5282500,3822500,,,No discharge data available for calibration period,1149,FALSE,1027,FALSE,Daugava
EFAS,11,01150,Pļaviņas,25.729900,56.616600,0,0.000000,0.000000,,,0,0,0,0,,,1,,,Daugava,LV,79100,80900,Daugava,,0,FALSE,0,0,0,0,1,1,62.1,FALSE,5277500,3827500,,,No discharge data available for calibration period,1150,FALSE,1027,FALSE,Daugava
EFAS,11,01151,Andrejosta,24.093900,56.960800,0,0.000000,0.000000,,,0,0,0,0,,,1,,,Daugava,LV,82750,84400,Daugava,,0,FALSE,0,0,0,0,1,1,-1.41,FALSE,5172500,3847500,,,No discharge data available for calibration period,1151,FALSE,1027,FALSE,Daugava
EFAS,11,01152,Sīļi,26.345900,56.341400,0,0.000000,0.000000,,,0,0,0,0,,,1,,,Daugava,LV,2750,2060,Daugava,,0,TRUE,0,1,0,1,1,1,90.08,FALSE,5322500,3807500,,,Not enough discarge data available for calibration period,1152,FALSE,1027,FALSE,Dubna
EFAS,11,01153,Lubāna,26.715100,56.905700,0,0.000000,0.000000,,,0,0,0,0,,,1,,,Daugava,LV,7150,6510,Daugava,,0,TRUE,0,1,0,1,1,1,87.92,FALSE,5327500,3872500,,,Not enough discarge data available for calibration period,1153,FALSE,1027,FALSE,Aiviekste
EFAS,11,01154,Aiviekstes HES,25.931600,56.639300,0,0.000000,0.000000,,,0,0,0,0,,,1,NRT_24h,,Daugava,LV,8700,8640,Daugava,3,0,TRUE,1,1,0,1,1,1,76.6,TRUE,5292500,3837500,24,ID_1154_202201202307.mod,,1154,TRUE,1027,TRUE,Aiviekste
EFAS,11,01155,Lielpeči,24.715300,56.805100,0,0.000000,0.000000,,,0,0,0,0,,,1,NRT_24h,,Daugava,LV,1600,1660,Daugava,3,0,TRUE,1,1,0,1,1,1,30.04,TRUE,5217500,3837500,24,ID_1155_202201202311.mod,,1155,TRUE,1027,TRUE,Ogre
EFAS,11,01156,Ogre,24.641700,56.812600,0,0.000000,0.000000,,,0,0,0,0,,,1,,,Daugava,LV,1625,1675,Daugava,,0,FALSE,0,0,0,0,1,1,19.91,FALSE,5212500,3837500,,,No discharge data available for calibration period,1156,FALSE,1027,FALSE,Ogre
EFAS,11,01157,Cardona (tunel),1.696075,41.920666,0,0.000000,0.000000,,,0,0,0,0,,,1,,,Llobregat,ES,775,649.96,Llobregat,,0,TRUE,1,1,0,1,1,1,395,FALSE,3632500,2127500,24,ID_1157_202201202320.mod,Not enough discarge data available for calibration period,1157,TRUE,1037,TRUE,Cardener
EFAS,11,01158,Sant Sadurni d Anoia,1.788188,41.443497,0,0.000000,0.000000,,,0,0,0,0,,,1,,,Llobregat,ES,725,720.03,Llobregat,,0,TRUE,1,1,0,1,1,1,122,FALSE,3632500,2077500,24,ID_1158_202201202320.mod,Not enough discarge data available for calibration period,1158,TRUE,1037,TRUE,Anoia
EFAS,11,01159,Castellbell i el Vilar,1.858397,41.646562,0,0.000000,0.000000,,,0,0,0,0,,,1,,,Llobregat,ES,3350,3326.85,Llobregat,,0,TRUE,1,1,0,1,1,1,186,FALSE,3642500,2097500,24,ID_1159_202201202320.mod,Not enough discarge data available for calibration period,1159,TRUE,1037,TRUE,Llobregat
EFAS,11,01160,Sant Quinti de Mediona,1.664100,41.458697,0,0.000000,0.000000,,,0,0,0,0,,,1,,,Llobregat,ES,100,68.58,Llobregat,,0,TRUE,1,1,0,1,1,1,300,FALSE,3622500,2077500,24,ID_1160_202201202320.mod,Provider upArea too small to be included in calibration,1160,TRUE,1037,TRUE,Mediona
EFAS,11,01161,Sant Joan Despi,2.046600,41.351811,0,0.000000,0.000000,,,0,0,0,0,,,1,,,Llobregat,ES,4900,4907.79,Llobregat,,0,TRUE,1,1,0,1,1,1,7,FALSE,3652500,2062500,24,ID_1161_202201202320.mod,Not enough discarge data available for calibration period,1161,TRUE,1037,TRUE,Llobregat
EFAS,11,01162,Berga (Olvan),1.878476,42.084908,0,0.000000,0.000000,,,0,0,0,0,,,1,,,Llobregat,ES,525,545,Llobregat,,0,TRUE,1,1,0,1,1,1,495,FALSE,3647500,2147500,24,ID_1162_202201202324.mod,Not enough discarge data available for calibration period,1162,TRUE,1037,TRUE,Llobregat
EFAS,11,01163,Balsareny,1.880218,41.859536,0,0.000000,0.000000,,,0,0,0,0,,,1,,,Llobregat,ES,1025,1022.12,Llobregat,,0,TRUE,1,1,0,1,1,1,300,FALSE,3647500,2122500,24,ID_1163_202201202326.mod,Not enough discarge data available for calibration period,1163,TRUE,1037,TRUE,Llobregat
EFAS,11,01164,Suria,1.762734,41.813513,0,0.000000,0.000000,,,0,0,0,0,,,1,,,Llobregat,ES,1025,964.13,Llobregat,,0,TRUE,1,1,0,1,1,1,278,FALSE,3637500,2117500,24,ID_1164_202201202326.mod,Not enough discarge data available for calibration period,1164,TRUE,1037,TRUE,Llobregat
EFAS,11,01165,Martorell,1.929287,41.477702,0,0.000000,0.000000,,,0,0,0,0,,,1,,,Llobregat,ES,875,904,Llobregat,,0,TRUE,1,1,0,1,1,1,,FALSE,3642500,2077500,24,ID_1165_202201202326.mod,Not enough discarge data available for calibration period,1165,TRUE,1037,TRUE,Anoia
EFAS,11,01166,Sallent,1.917165,41.787629,0,0.000000,0.000000,,,0,0,0,0,,,1,,,Llobregat,ES,450,452.56,Llobregat,,0,TRUE,1,0,0,1,1,1,245,FALSE,3652500,2112500,24,ID_1166_202201202326.mod,Provider upArea too small to be included in calibration,1166,TRUE,1037,TRUE,Riera Gavarresa
EFAS,11,01167,Guardiola de Bergueda,1.869706,42.214386,0,0.000000,0.000000,,,0,0,0,0,,,1,,,Llobregat,ES,350,332.58,Llobregat,,0,TRUE,1,1,0,1,1,1,692,FALSE,3647500,2157500,24,ID_1167_202201202326.mod,Provider upArea too small to be included in calibration,1167,TRUE,1037,TRUE,Llobregat
EFAS,11,01168,Sant Vicenc dels Horts (Canal de la Dreta),2.022151,41.388761,0,0.000000,0.000000,,,0,0,0,0,,,1,,,Llobregat,ES,4850,4842,Llobregat,,0,TRUE,1,1,0,1,1,1,,FALSE,3652500,2067500,24,ID_1168_202201202326.mod,Not enough discarge data available for calibration period,1168,TRUE,1037,TRUE,Llobregat
EFAS,11,01169,Castellbisbal (Assut de Salzers),1.933090,41.484601,0,0.000000,0.000000,,,0,0,0,0,,,1,,,Llobregat,ES,3550,3580,Llobregat,,0,TRUE,1,1,0,1,1,1,,FALSE,3642500,2082500,24,ID_1169_202201202329.mod,Not enough discarge data available for calibration period,1169,TRUE,1037,TRUE,Llobregat
EFAS,11,01170,Santa Maria de Merles,1.958984,41.989693,0,0.000000,0.000000,,,0,0,0,0,,,0,,,Llobregat,ES,175,172.07,Llobregat,,0,TRUE,0,0,0,1,1,0,,FALSE,3652500,2132500,24,,Provider upArea too small to be included in calibration,1170,FALSE,1037,FALSE,Riera de Merles
EFAS,11,01171,Deutsch Brodersdorf (Messseilbahn),16.477126,47.938708,0,0.000000,0.000000,,,0,0,0,0,,,0,,,Danube,AT,1925,1598.9,Danube,,0,FALSE,0,0,0,0,0,0,192.56,FALSE,4797500,2772500,,,No discharge data available for calibration period  Wrong LDD do not use,1171,FALSE,1013,FALSE,Leitha
EFAS,11,01172,Ciudad Rodrigo,-6.563164,40.603763,0,0.000000,0.000000,,,0,0,0,0,,,1,NRT_6h,,Douro,ES,1100,1087.92,Duero,3,0,TRUE,1,0,0,1,1,1,610,TRUE,2922500,2097500,24,ID_1172_202201202329.mod,,1172,TRUE,1039,TRUE,Agueda
EFAS,11,01173,Covarrubias,-3.508690,42.053928,0,0.000000,0.000000,,,0,0,0,0,,,1,NRT_6h,,Douro,ES,1200,1208.93,Duero,3,0,TRUE,1,0,0,1,1,1,881,TRUE,3207500,2207500,24,ID_1173_202201202329.mod,,1173,TRUE,1039,TRUE,Arlanza
EFAS,11,01174,Peral De Arlanza,-4.073131,42.078778,0,0.000000,0.000000,,,0,0,0,0,,,1,NRT_6h,,Douro,ES,2450,2420.85,Duero,3,0,TRUE,1,1,0,1,1,1,770,TRUE,3162500,2217500,24,ID_1174_202201202329.mod,,1174,TRUE,1039,TRUE,Arlanza
EFAS,11,01175,Villavieja De Muño,-3.890926,42.267335,0,0.000000,0.000000,,,0,0,0,0,,,1,NRT_6h,,Douro,ES,1575,1689.99,Duero,3,0,TRUE,1,0,0,1,1,1,,TRUE,3182500,2237500,24,ID_1175_202201202329.mod,,1175,TRUE,1039,TRUE,Arlanzon
EFAS,11,01176,Cascantes,-5.636518,42.759658,0,0.000000,0.000000,,,0,0,0,0,,,1,,,Douro,ES,450,408.5,Duero,,0,TRUE,1,0,0,1,1,1,920,FALSE,3047500,2322500,24,ID_1176_202201202329.mod,Provider upArea too small to be included in calibration,1176,TRUE,1039,TRUE,Bernesga
EFAS,11,01177,Celadilla Del Río,-4.798545,42.609241,0,0.000000,0.000000,,,0,0,0,0,,,1,,,Douro,ES,575,496.64,Duero,,0,TRUE,1,0,0,1,1,1,979,FALSE,3112500,2287500,24,ID_1177_202201202332.mod,Provider upArea too small to be included in calibration,1177,TRUE,1039,TRUE,Carrion
EFAS,11,01178,Palencia,-4.555042,42.050824,0,0.000000,0.000000,,,0,0,0,0,,,1,NRT_6h,,Douro,ES,2275,2255.19,Duero,3,0,TRUE,1,0,0,1,1,1,740,TRUE,3127500,2227500,24,ID_1178_202201202332.mod,,1178,TRUE,1039,TRUE,Carrion
EFAS,11,01179,Garray,-2.454961,41.797096,0,0.000000,0.000000,,,0,0,0,0,,,1,NRT_6h,,Douro,ES,1525,1458.86,Duero,3,0,TRUE,1,0,0,1,1,1,1022,TRUE,3287500,2157500,24,ID_1179_202201202334.mod,,1179,TRUE,1039,TRUE,Douro
EFAS,11,01180,Villamarciel,-4.930566,41.504113,0,0.000000,0.000000,,,0,0,0,0,,,1,NRT_6h,C112,Douro,ES,36775,36595.1,Duero,3,0,TRUE,1,1,0,1,1,1,670,TRUE,3077500,2167500,24,ID_1180_202201202334.mod,,1180,TRUE,1039,TRUE,Douro
EFAS,11,01181,Zamora,-5.718900,41.514432,0,0.000000,0.000000,,,0,0,0,0,,,1,NRT_6h,C113,Douro,ES,46025,46225.45,Duero,3,0,TRUE,1,1,0,1,1,1,628,TRUE,3007500,2182500,24,ID_1181_202201202334.mod,,1181,TRUE,1039,TRUE,Douro
EFAS,11,01182,Quintanilla De Onésimo,-4.361500,41.628441,0,0.000000,0.000000,,,0,0,0,0,,,1,,,Douro,ES,12225,12219.89,Duero,,0,TRUE,1,0,0,1,1,1,721,FALSE,3122500,2172500,24,ID_1182_202201202334.mod,Not enough discarge data available for calibration period,1182,TRUE,1039,TRUE,Douro
EFAS,11,01183,Las Vencías,-3.967552,41.434021,0,0.000000,0.000000,,,0,0,0,0,,,1,NRT_6h,,Douro,ES,1125,1120.78,Duero,3,0,TRUE,1,0,0,1,1,1,809,TRUE,3157500,2147500,24,ID_1183_202201202334.mod,,1183,TRUE,1039,TRUE,Duraton
EFAS,11,01184,Segovia,-4.147769,40.950641,0,0.000000,0.000000,,,0,0,0,0,,,1,,,Douro,ES,325,252.19,Duero,,0,TRUE,1,0,0,1,1,1,900,FALSE,3132500,2097500,24,ID_1184_202201202340.mod,Provider upArea too small to be included in calibration,1184,TRUE,1039,TRUE,Eresma
EFAS,11,01185,Castropepe,-5.636551,41.974286,0,0.000000,0.000000,,,0,0,0,0,,,1,NRT_6h,,Douro,ES,7000,6781.84,Duero,3,0,TRUE,1,0,0,1,1,1,703,TRUE,3032500,2232500,24,ID_1185_202201202340.mod,,1185,TRUE,1039,TRUE,Esla
EFAS,11,01186,Benamariel 2,-5.564858,42.366741,0,0.000000,0.000000,,,0,0,0,0,,,1,NRT_6h,,Douro,ES,4125,3964.57,Duero,3,0,TRUE,1,1,0,1,1,1,757,TRUE,3047500,2272500,24,ID_1186_202201202340.mod,,1186,TRUE,1039,TRUE,Esla
EFAS,11,01187,Cebrones,-5.829247,42.248466,0,0.000000,0.000000,,,0,0,0,0,,,1,NRT_6h,,Douro,ES,3125,3168.18,Duero,3,0,TRUE,1,0,0,1,1,1,754,TRUE,3017500,2267500,24,ID_1187_202201202340.mod,,1187,TRUE,1039,TRUE,Orbigo
EFAS,11,01188,Cordovilla,-4.249515,42.113855,0,0.000000,0.000000,,,0,0,0,0,,,1,NRT_6h,,Douro,ES,4200,4218.4,Duero,3,0,TRUE,1,0,0,1,1,1,740,TRUE,3147500,2222500,24,ID_1188_202201202340.mod,,1188,TRUE,1039,TRUE,Pisuerga
EFAS,11,01189,Valladolid-Pisuerga,-4.732359,41.661169,0,0.000000,0.000000,,,0,0,0,0,,,1,NRT_6h,,Douro,ES,15575,15561.58,Duero,3,0,TRUE,1,0,0,1,1,1,690,TRUE,3097500,2177500,24,ID_1189_202201202341.mod,,1189,TRUE,1039,TRUE,Pisuerga
EFAS,11,01190,Herrera De Pisuerga,-4.305101,42.559606,0,0.000000,0.000000,,,0,0,0,0,,,1,NRT_6h,,Douro,ES,1525,1493.13,Duero,3,0,TRUE,1,0,0,1,1,1,826,TRUE,3152500,2272500,24,ID_1190_202201202344.mod,,1190,TRUE,1039,TRUE,Pisuerga
EFAS,11,01191,Secos,-5.405100,42.601108,0,0.000000,0.000000,,,0,0,0,0,,,1,NRT_6h,,Douro,ES,950,950.43,Duero,3,0,TRUE,1,0,0,1,1,1,820,TRUE,3062500,2297500,24,ID_1191_202201202348.mod,,1191,TRUE,1039,TRUE,Porma
EFAS,11,01192,Rabal,-7.435275,41.848632,0,0.000000,0.000000,,,0,0,0,0,,,1,NRT_6h,,Douro,ES,775,776,Duero,3,0,TRUE,1,0,0,1,1,1,369,TRUE,2882500,2247500,24,ID_1192_202201202348.mod,,1192,TRUE,1039,TRUE,Tamega
EFAS,11,01193,Puebla De Sanabria,-6.631703,42.056436,0,0.000000,0.000000,,,0,0,0,0,,,1,NRT_6h,,Douro,ES,450,426,Duero,3,0,TRUE,1,0,0,1,1,1,900,TRUE,2952500,2257500,24,ID_1193_202201202348.mod,,1193,TRUE,1039,TRUE,Tera
EFAS,11,01194,Tormes,-5.529785,40.356170,0,0.000000,0.000000,,,0,0,0,0,,,1,NRT_6h,,Douro,ES,825,900,Duero,3,0,TRUE,1,0,0,1,1,1,992,TRUE,3007500,2057500,24,ID_1194_202201202348.mod,,1194,TRUE,1039,TRUE,Tormes
EFAS,11,01195,Stenudden,17.659015,66.535512,0,0.000000,0.000000,,,0,0,0,0,,,1,HIST_6h,,Pite,SE,2375,2420.2,Pitealven,3,0,TRUE,1,1,0,1,0,0,,TRUE,4667500,4842500,24,ID_1195_202201202357.mod,,1195,TRUE,1014,TRUE,Tjeggelvas
EFAS,11,01196,Mörrum,14.749482,56.194506,0,0.000000,0.000000,,,0,0,0,0,,,1,HIST_6h,C618,Morrumsan,SE,3425,3360.5,Morrumsan,3,0,TRUE,1,1,0,1,0,0,,TRUE,4617500,3692500,24,ID_1196_202201202357.mod,,1196,TRUE,1014,TRUE,Morrumsan
EFAS,11,01197,Munkedal 2,11.684053,58.464167,0,0.000000,0.000000,,,0,0,0,0,,,1,HIST_6h,,Orekilsalven,SE,1350,1334.5,Orekilsalven,3,0,TRUE,1,1,0,1,0,0,,TRUE,4417500,3927500,24,ID_1197_202201202357.mod,,1197,TRUE,1014,TRUE,Orekilsalven
EFAS,11,01198,Ersbo,13.008137,61.309466,0,0.000000,0.000000,,,0,0,0,0,,,1,HIST_6h,,Dal,SE,1075,1103.23,Dalalven,3,0,TRUE,1,1,0,1,0,0,,TRUE,4477500,4247500,24,ID_1198_202201202357.mod,,1198,TRUE,1014,TRUE,Goralven
EFAS,11,01199,Getebro,16.162713,57.009086,0,0.000000,0.000000,,,0,0,0,0,,,1,HIST_6h,,Alsteran,SE,1350,1332.7,Alsteran,3,0,TRUE,1,1,0,1,0,0,,TRUE,4702500,3782500,24,ID_1199_202201202357.mod,,1199,TRUE,1014,TRUE,Alsteran
EFAS,11,01200,Möckeln,14.122144,56.663968,0,0.000000,0.000000,,,0,0,0,0,,,1,HIST_6h,,Helge a,SE,1025,1026,Helge,3,0,TRUE,1,1,0,1,0,0,,TRUE,4572500,3732500,24,ID_1200_202201202357.mod,,1200,TRUE,1014,TRUE,Helge a
EFAS,11,01201,Ytterholmen,21.807666,66.170754,0,0.000000,0.000000,,,0,0,0,0,,,1,HIST_6h,,Ranealven,SE,1000,1012,Ranealven,3,0,TRUE,1,1,0,1,0,0,,TRUE,4857500,4827500,24,ID_1201_202201202358.mod,,1201,TRUE,1014,TRUE,Livasalven
EFAS,11,01202,Kukasjärvi,23.319707,66.113414,0,0.000000,0.000000,,,0,0,0,0,,,1,,,Kukasjarvi,SE,450,494.3,Kukasjarvi,,0,TRUE,1,1,0,1,0,0,,FALSE,4927500,4832500,24,ID_1202_202201210003.mod,Provider upArea too small to be included in calibration,1202,TRUE,1014,TRUE,Kukasjarvi
EFAS,11,01203,Moholm,14.055477,58.600640,0,0.000000,0.000000,,,0,0,0,0,,,1,HIST_6h,,Gota,SE,875,1134.68,Gota,3,0,TRUE,1,1,0,1,0,0,,TRUE,4552500,3947500,24,ID_1203_202201210010.mod,,1203,TRUE,1014,TRUE,Tidan
EFAS,11,01204,Tänndalen,12.348120,62.536841,0,0.000000,0.000000,,,0,0,0,0,,,1,,,Ljusnan,SE,250,226.6,Ljusnan,,0,TRUE,1,1,0,1,0,0,,FALSE,4442500,4382500,24,ID_1204_202201210010.mod,Provider upArea too small to be included in calibration,1204,TRUE,1014,TRUE,Tannan
EFAS,11,01205,Sundstorp,13.040620,58.321865,0,0.000000,0.000000,,,0,0,0,0,,,1,HIST_6h,,Gota,SE,650,687.7,Gota,3,0,TRUE,1,1,0,1,0,0,,TRUE,4492500,3917500,24,ID_1205_202201210019.mod,,1205,TRUE,1014,TRUE,Lidan
EFAS,11,01206,Hallbosjön,16.699135,58.859044,0,0.000000,0.000000,,,0,0,0,0,,,0,HIST_6h,,Nykopingsan,SE,2325,1992.3,Nykopingsan,3,0,TRUE,0,1,0,1,0,0,,TRUE,4697500,3992500,24,,,1206,FALSE,1014,FALSE,Vrenaan
EFAS,11,01207,Kaalasjärvi,19.975596,67.766094,0,0.000000,0.000000,,,0,0,0,0,,,1,HIST_6h,,Kalix,SE,1450,1472.5,Torne,3,0,TRUE,1,1,0,1,0,0,,TRUE,4742500,4992500,24,ID_1207_202201210019.mod,,1207,TRUE,1014,TRUE,Kaalasjarvi
EFAS,11,01208,Simlången,13.124522,56.715738,0,0.000000,0.000000,,,0,0,0,0,,,1,,,Fyllean,SE,300,259.7,Fyllean,,0,TRUE,1,1,0,1,0,0,,FALSE,4512500,3737500,24,ID_1208_202201210029.mod,Provider upArea too small to be included in calibration,1208,TRUE,1014,TRUE,Fyllean
EFAS,11,01209,Västersel,18.298032,63.433359,0,0.000000,0.000000,,,0,0,0,0,,,1,HIST_6h,C620,Moalven,SE,1450,1465.2,Moalven,3,0,TRUE,1,1,0,1,0,0,,TRUE,4737500,4507500,24,ID_1209_202201210029.mod,,1209,TRUE,1014,TRUE,Moalven
EFAS,11,01210,Strömfors,18.954126,65.129289,0,0.000000,0.000000,,,0,0,0,0,,,1,HIST_6h,,Skelleftealven,SE,875,678.7,Skelleftealven,3,0,TRUE,1,1,0,1,0,0,,TRUE,4732500,4697500,24,ID_1210_202201210029.mod,,1210,TRUE,1014,TRUE,Malan
EFAS,11,01211,Brusafors,15.575989,57.618936,0,0.000000,0.000000,,,0,0,0,0,,,0,,,Eman,SE,200,240.4,Eman,,0,TRUE,0,1,0,1,0,0,,FALSE,4652500,3847500,24,,Provider upArea too small to be included in calibration,1211,FALSE,1014,FALSE,Brusaan
EFAS,11,01212,Tängvattnet,14.833825,65.837260,0,0.000000,0.000000,,,0,0,0,0,,,1,,,Ume,SE,200,194.7,Umealven,,0,TRUE,1,1,0,1,0,0,,FALSE,4542500,4752500,24,ID_1212_202201210029.mod,Provider upArea too small to be included in calibration,1212,TRUE,1014,TRUE,Tangvattnet
EFAS,11,01213,Långsjön,21.593775,65.921829,0,0.000000,0.000000,,,0,0,0,0,,,1,,,Lule,SE,175,42.6,Luleaeleven,,0,TRUE,1,1,0,1,0,0,,FALSE,4847500,4802500,24,ID_1213_202201210031.mod,Provider upArea too small to be included in calibration,1213,TRUE,1014,TRUE,Langsjonbacken
EFAS,11,01214,Mertajärvi,22.178699,68.364322,0,0.000000,0.000000,,,0,0,0,0,,,1,,,Torne,SE,350,390.8,Torne,,0,TRUE,1,1,0,1,0,0,,FALSE,4822500,5072500,24,ID_1214_202201210037.mod,Provider upArea too small to be included in calibration,1214,TRUE,1014,TRUE,Idijoki
EFAS,11,01215,Stormyra,18.326082,59.201999,0,0.000000,0.000000,,,0,0,0,0,,,1,,,Stormyra,SE,25,4,Stormyra,,0,TRUE,1,1,0,1,0,0,,FALSE,4797500,4037500,24,ID_1215_202201210058.mod,Provider upArea too small to be included in calibration,1215,TRUE,1014,TRUE,Stormyra
EFAS,11,01216,Skällnora,17.978692,59.485021,0,0.000000,0.000000,,,0,0,0,0,,,1,,,Oxundaan,SE,75,58.5,Fyris,,0,TRUE,1,1,0,1,0,0,,FALSE,4777500,4067500,24,ID_1216_202201210058.mod,Provider upArea too small to be included in calibration,1216,TRUE,1014,TRUE,Oxundaan
EFAS,11,01217,Liffedarve,18.197039,57.480809,0,0.000000,0.000000,,,0,0,0,0,,,0,,,Ida,SE,100,95.8,Ida,,0,TRUE,0,1,0,1,0,0,,FALSE,4812500,3847500,24,,Provider upArea too small to be included in calibration,1217,FALSE,1014,FALSE,Ida
EFAS,11,01218,Svedala,13.237192,55.505648,0,0.000000,0.000000,,,0,0,0,0,,,1,,,Sege a,SE,50,52.2,Sege a,,0,TRUE,1,1,0,1,0,0,,FALSE,4527500,3602500,24,ID_1218_202201210058.mod,Provider upArea too small to be included in calibration,1218,TRUE,1014,TRUE,Sege a
EFAS,11,01219,Arödån,11.934793,58.244437,0,0.000000,0.000000,,,0,0,0,0,,,1,,,Arod a,SE,25,22.9,Arod a,,0,TRUE,1,1,0,1,0,0,,FALSE,4432500,3907500,24,ID_1219_202201210058.mod,Provider upArea too small to be included in calibration,1219,TRUE,1014,TRUE,Arod a
EFAS,11,01220,Nissafors 2,13.628377,57.418558,0,0.000000,0.000000,,,0,0,0,0,,,0,HIST_6h,,Nissan,SE,1150,825.8,Lagan,3,0,TRUE,1,1,0,1,0,0,,TRUE,4542500,3822500,24,,,1220,FALSE,1014,FALSE,Nissan
EFAS,11,01221,Nolsjön nedre,14.304954,58.792351,0,0.000000,0.000000,,,0,0,0,0,,,0,,,Gota,SE,25,18.3,Gota,,0,TRUE,0,1,0,1,0,0,,FALSE,4567500,3972500,24,,Provider upArea too small to be included in calibration,1221,FALSE,1014,FALSE,Mossan
EFAS,11,01222,Källstorp 2,16.138696,56.696285,0,0.000000,0.000000,,,0,0,0,0,,,1,,,Ljungbyan,SE,250,342.4,Ljungbyan,,0,TRUE,1,1,0,1,0,0,,FALSE,4692500,3747500,24,ID_1222_202201210058.mod,Provider upArea too small to be included in calibration,1222,TRUE,1014,TRUE,Ljungbyan
EFAS,11,01223,Fyrås,15.389521,63.516985,0,0.000000,0.000000,,,0,0,0,0,,,1,HIST_6h,,Indalsalven,SE,2275,2428.4,Indalsalven,3,0,TRUE,1,1,0,1,0,0,,TRUE,4592500,4497500,24,ID_1223_202201210058.mod,,1223,TRUE,1014,TRUE,Ammeran
EFAS,11,01224,Krokbräcke,11.357886,58.625769,0,0.000000,0.000000,,,0,0,0,0,,,1,,,Anrasalven,SE,25,8.4,Anrasalven,,0,TRUE,1,1,0,1,0,0,,FALSE,4402500,3947500,24,ID_1224_202201210059.mod,Provider upArea too small to be included in calibration,1224,TRUE,1014,TRUE,Angebacken
EFAS,11,01225,Ellinge,13.282289,55.809649,0,0.000000,0.000000,,,0,0,0,0,,,1,,,Kavlingean,SE,100,150.7,Kavlingean,,0,TRUE,1,1,0,1,0,0,,FALSE,4532500,3637500,24,ID_1225_202201210102.mod,Provider upArea too small to be included in calibration,1225,TRUE,1014,TRUE,Braan
EFAS,11,01226,Tånemölla,13.594465,55.449733,0,0.000000,0.000000,,,0,0,0,0,,,1,,,Skivarpsan,SE,175,102,Skivarpsan,,0,TRUE,1,1,0,1,0,0,,FALSE,4547500,3597500,24,ID_1226_202201210104.mod,Provider upArea too small to be included in calibration,1226,TRUE,1014,TRUE,Skivarpsan
EFAS,11,01227,Bivarödsmölla,14.161645,56.178922,0,0.000000,0.000000,,,0,0,0,0,,,1,,,Helge a,SE,175,208.9,Helge a,,0,TRUE,1,1,0,1,0,0,,FALSE,4582500,3687500,24,ID_1227_202201210124.mod,Provider upArea too small to be included in calibration,1227,TRUE,1014,TRUE,Bivarodsan
EFAS,11,01228,Hammarby 2,15.113585,59.534358,0,0.000000,0.000000,,,0,0,0,0,,,1,HIST_6h,,Arbogaan,SE,900,891.4,Arbogaan,3,0,TRUE,1,1,0,1,0,0,,TRUE,4607500,4057500,24,ID_1228_202201210126.mod,,1228,TRUE,1014,TRUE,Jarlean
EFAS,11,01229,Ryttarbacken,15.995150,58.488348,0,0.000000,0.000000,,,0,0,0,0,,,1,,,Lillan,SE,25,7.3,Lillan,,0,TRUE,1,1,0,1,0,0,,FALSE,4672500,3942500,24,ID_1229_202201210127.mod,Provider upArea too small to be included in calibration,1229,TRUE,1014,TRUE,Hestadbacken
EFAS,11,01230,Gredeby,15.521707,56.220787,0,0.000000,0.000000,,,0,0,0,0,,,1,,,Nattrabyan,SE,475,437.7,Nattrabyan,,0,TRUE,1,1,0,1,0,0,,FALSE,4662500,3692500,24,ID_1230_202201210127.mod,Provider upArea too small to be included in calibration,1230,TRUE,1014,TRUE,Nattrabyan
EFAS,11,01231,Åsbro 3,12.310020,57.239762,0,0.000000,0.000000,,,0,0,0,0,,,1,HIST_6h,C619,Viskan,SE,2150,2160.2,Viskan,3,0,TRUE,1,1,0,1,0,0,,TRUE,4462500,3797500,24,ID_1231_202201210131.mod,,1231,TRUE,1014,TRUE,Viskan
EFAS,11,01232,Krokfors kvarn,11.815609,58.781100,0,0.000000,0.000000,,,0,0,0,0,,,1,,,Orekilsalven,SE,125,116.2,Orekilsalven,,0,TRUE,1,1,0,1,0,0,,FALSE,4422500,3972500,24,ID_1232_202201210151.mod,Provider upArea too small to be included in calibration,1232,TRUE,1014,TRUE,Toftedalsan
EFAS,11,01233,Åkesta Kvarn,16.472449,59.674269,0,0.000000,0.000000,,,0,0,0,0,,,1,HIST_6h,,Svartan,SE,250,727.92,Arbogaan,0,0,TRUE,1,1,0,1,0,0,,FALSE,4687500,4077500,24,ID_1233_202201210152.mod,remove from calib - Error in LDD,1233,TRUE,1014,TRUE,Svartan
EFAS,11,01234,Kringlan,14.792247,59.693756,0,0.000000,0.000000,,,0,0,0,0,,,1,,,Arbogaan,SE,275,294.5,Arbogaan,,0,TRUE,1,1,0,1,0,0,,FALSE,4592500,4072500,24,ID_1234_202201210215.mod,Provider upArea too small to be included in calibration,1234,TRUE,1014,TRUE,Rastalven
EFAS,11,01235,Konstdalsströmmen,16.809291,60.861162,0,0.000000,0.000000,,,0,0,0,0,,,1,HIST_6h,,Testeboan,SE,1025,989.8,Testeboan,3,0,TRUE,1,1,0,1,0,0,,TRUE,4692500,4207500,24,ID_1235_202201210233.mod,,1235,TRUE,1014,TRUE,Ostersjon
EFAS,11,01236,Vattholma 2,17.730636,60.019625,0,0.000000,0.000000,,,0,0,0,0,,,1,,,Fyris,SE,225,293.8,Fyris,,0,TRUE,1,1,0,1,0,0,,FALSE,4752500,4132500,24,ID_1236_202201210234.mod,Provider upArea too small to be included in calibration,1236,TRUE,1014,TRUE,Fyris
EFAS,11,01237,Ransta,17.393286,59.757926,0,0.000000,0.000000,,,0,0,0,0,,,1,,,Fyris,SE,200,197.1,Fyris,,0,TRUE,1,1,0,1,0,0,,FALSE,4737500,4097500,24,ID_1237_202201210234.mod,Provider upArea too small to be included in calibration,1237,TRUE,1014,TRUE,Saevaan
EFAS,11,01238,Hassela,16.784631,62.087329,0,0.000000,0.000000,,,0,0,0,0,,,1,HIST_6h,,Harmangersan,SE,650,651.2,Harmangersan,3,0,TRUE,1,1,0,1,0,0,,TRUE,4672500,4352500,24,ID_1238_202201210234.mod,,1238,TRUE,1014,TRUE,Edean
EFAS,11,01239,Skirknäs,16.199466,65.751683,0,0.000000,0.000000,,,0,0,0,0,,,1,,,Ume,SE,400,418.4,Umealven,,0,TRUE,1,1,0,1,0,0,,FALSE,4607500,4747500,24,ID_1239_202201210238.mod,Provider upArea too small to be included in calibration,1239,TRUE,1014,TRUE,juktan
EFAS,11,01240,Byske,21.183086,64.955664,0,0.000000,0.000000,,,0,0,0,0,,,1,HIST_6h,,Byske,SE,3675,3620.2,Byske,3,0,TRUE,1,1,0,1,0,0,,TRUE,4847500,4692500,24,ID_1240_202201210309.mod,,1240,TRUE,1014,TRUE,Byske
EFAS,11,01241,Melby,16.601520,58.044554,0,0.000000,0.000000,,,0,0,0,0,,,1,,,Vindan,SE,700,260.3,Vindan,,0,TRUE,1,1,0,1,0,0,,FALSE,4712500,3902500,24,ID_1241_202201210309.mod,Provider upArea too small to be included in calibration  Wrong LDD Do not use,1241,TRUE,1014,TRUE,Vindan
EFAS,11,01242,Grea,12.989455,60.337511,0,0.000000,0.000000,,,0,0,0,0,,,1,,,Gota,SE,325,309.1,Gota,,0,TRUE,1,1,0,1,0,0,,FALSE,4487500,4142500,24,ID_1242_202201210309.mod,Provider upArea too small to be included in calibration,1242,TRUE,1014,TRUE,Mangslidalven
EFAS,11,01243,Kvarntorp,13.135291,59.556879,0,0.000000,0.000000,,,0,0,0,0,,,1,,,Gota,SE,25,10.9,Gota,,0,TRUE,1,1,0,1,0,0,,FALSE,4497500,4057500,24,ID_1243_202201210309.mod,Provider upArea too small to be included in calibration,1243,TRUE,1014,TRUE,Lerbodaalven
EFAS,11,01244,Boasjöbäck,15.210879,56.431185,0,0.000000,0.000000,,,0,0,0,0,,,1,,,Ronneby,SE,75,56.6,Ronneby,,0,TRUE,1,1,0,1,0,0,,FALSE,4642500,3717500,24,ID_1244_202201210313.mod,Provider upArea too small to be included in calibration,1244,TRUE,1014,TRUE,Ronneby
EFAS,11,01245,Ärrarp,12.856860,56.277048,0,0.000000,0.000000,,,0,0,0,0,,,1,,,Ronne,SE,150,261.4,Ronne,,0,TRUE,1,1,0,1,0,0,,FALSE,4497500,3692500,24,ID_1245_202201210313.mod,Provider upArea too small to be included in calibration  Possibly wrong location,1245,TRUE,1014,TRUE,Rossjoholmsan
EFAS,11,01246,Göstad,15.845245,58.592083,0,0.000000,0.000000,,,0,0,0,0,,,1,,,Motala strom,SE,75,84.9,Motala strom,,0,TRUE,1,1,0,1,0,0,,FALSE,4657500,3957500,24,ID_1246_202201210313.mod,Provider upArea too small to be included in calibration,1246,TRUE,1014,TRUE,Torpan
EFAS,11,01247,Nytorp,15.657765,58.033214,0,0.000000,0.000000,,,0,0,0,0,,,1,,,Motala strom,SE,2500,344.79,Motala strom,,0,TRUE,1,1,0,1,0,0,,FALSE,4657500,3892500,24,ID_1247_202201210320.mod,Provider upArea too small to be included in calibration  Wrong location or wrong uparea from provider,1247,TRUE,1014,TRUE,Storan
EFAS,11,01248,Lissbro,14.529541,56.824005,0,0.000000,0.000000,,,0,0,0,0,,,1,,,Morrumsan,SE,25,97.1,Morrumsan,,0,TRUE,1,1,0,1,0,0,,FALSE,4597500,3752500,24,ID_1248_202201210332.mod,Provider upArea too small to be included in calibration,1248,TRUE,1014,TRUE,Pukastrom
EFAS,11,01249,Pepparforsen,12.673666,57.096706,0,0.000000,0.000000,,,0,0,0,0,,,1,,,Atran,SE,350,383.5,Atran,,0,TRUE,1,1,0,1,0,0,,FALSE,4482500,3782500,24,ID_1249_202201210332.mod,Provider upArea too small to be included in calibration,1249,TRUE,1014,TRUE,Hogvadsan
EFAS,11,01250,Fryele,14.128626,57.264825,0,0.000000,0.000000,,,0,0,0,0,,,1,HIST_6h,,Lagan,SE,1475,593.8,Lagan,3,0,TRUE,1,1,0,1,0,0,,TRUE,4572500,3802500,24,ID_1250_202201210340.mod,Moved on Haran river,1250,TRUE,1014,TRUE,Haran
EFAS,11,01251,Hörsne,18.598741,57.558613,0,0.000000,0.000000,,,0,0,0,0,,,1,,,Gothemsan,SE,400,349,Gothemsan,,0,TRUE,1,1,0,1,0,0,,FALSE,4827500,3857500,24,ID_1251_202201210340.mod,Provider upArea too small to be included in calibration,1251,TRUE,1014,TRUE,Gothemsan
EFAS,11,01252,Risnäs,17.554225,62.695863,0,0.000000,0.000000,,,0,0,0,0,,,1,,,Gadean,SE,100,117.7,Gadean,,0,TRUE,1,1,0,1,0,0,,FALSE,4712500,4417500,24,ID_1252_202201210404.mod,Provider upArea too small to be included in calibration,1252,TRUE,1014,TRUE,Gokdalsb.
EFAS,11,01253,Mariefors,15.680153,56.223295,0,0.000000,0.000000,,,0,0,0,0,,,1,HIST_6h,,Lyckebyan,SE,800,801.3,Lyckebyan,3,0,TRUE,1,1,0,1,0,0,,TRUE,4677500,3697500,24,ID_1253_202201210404.mod,small oscillations,1253,TRUE,1014,TRUE,Lyckebyan
EFAS,11,01254,Saxbro,17.805460,59.116137,0,0.000000,0.000000,,,0,0,0,0,,,1,,,Saxbroan,SE,75,78.5,Saxbroan,,0,TRUE,1,1,0,1,0,0,,FALSE,4767500,4032500,24,ID_1254_202201210413.mod,Provider upArea too small to be included in calibration,1254,TRUE,1014,TRUE,Saxbroan
EFAS,11,01255,Skogsliden,16.913800,61.364289,0,0.000000,0.000000,,,0,0,0,0,,,1,,,Lotan,SE,225,229,Lotan,,0,TRUE,1,1,0,1,0,0,,FALSE,4692500,4267500,24,ID_1255_202201210435.mod,Provider upArea too small to be included in calibration,1255,TRUE,1014,TRUE,Tronoan
EFAS,11,01256,Nordmark 2,14.074379,59.845336,0,0.000000,0.000000,,,0,0,0,0,,,1,,,Gota,SE,175,160.9,Gota,,0,TRUE,1,1,0,1,0,0,,FALSE,4547500,4087500,24,ID_1256_202201210440.mod,Provider upArea too small to be included in calibration,1256,TRUE,1014,TRUE,Nordmarksaelven
EFAS,11,01257,Dalkarlså,20.850843,64.037191,0,0.000000,0.000000,,,0,0,0,0,,,1,,,Dalkarlsan,SE,275,250.4,Dalkarlsan,,0,TRUE,1,1,0,1,0,0,,FALSE,4852500,4587500,24,ID_1257_202201210443.mod,Provider upArea too small to be included in calibration,1257,TRUE,1014,TRUE,Dalkarlsan
EFAS,11,01258,Hyttingsheden,15.274096,60.425064,0,0.000000,0.000000,,,0,0,0,0,,,0,,,Dal,SE,25,48.8,Dalalven,,0,FALSE,0,0,0,0,0,0,,FALSE,4607500,4157500,,,No discharge data available for calibration period,1258,FALSE,1014,FALSE,Hyttingsan
EFAS,11,01259,Hällered,12.732361,57.788361,0,0.000000,0.000000,,,0,0,0,0,,,1,,,Rolfsan,SE,50,42.2,Rolfsan,,0,TRUE,1,1,0,1,0,0,,FALSE,4487500,3857500,24,ID_1259_202201210500.mod,Provider upArea too small to be included in calibration,1259,TRUE,1014,TRUE,Soran
EFAS,11,01260,Torrböle 2,19.594259,63.702914,0,0.000000,0.000000,,,0,0,0,0,,,1,HIST_6h,C621,Ore,SE,2875,2859,Ore,3,0,TRUE,1,1,0,1,0,0,,TRUE,4792500,4547500,24,ID_1260_202201210516.mod,,1260,TRUE,1014,TRUE,Ore
EFAS,11,01261,Río Azumara en Beguntillo,-7.374179,43.171701,0,0.000000,0.000000,,,0,0,0,0,,,1,,,Minho,ES,125,94.65,Minho,,0,TRUE,1,1,0,1,1,1,442,FALSE,2917500,2392500,24,ID_1261_202201210524.mod,Provider upArea too small to be included in calibration,1261,TRUE,1036,TRUE,Azumara
EFAS,11,01262,Río Miño en Pontevilar,-7.548022,43.168156,0,0.000000,0.000000,,,0,0,0,0,,,1,NRT_6h,,Minho,ES,725,743.34,Minho,2,0,TRUE,1,1,0,1,1,1,392.14,FALSE,2902500,2392500,24,ID_1262_202201210526.mod,close to 1263,1262,TRUE,1036,TRUE,Minho
EFAS,11,01263,Río Miño en Cela Brazo derecho,-7.604590,43.139460,0,0.000000,0.000000,,,0,0,0,0,,,1,NRT_6h,,Minho,ES,1075,1004.71,Minho,3,0,TRUE,1,1,0,1,1,1,385.78,TRUE,2897500,2392500,24,ID_1263_202201210541.mod,,1263,TRUE,1036,TRUE,Minho
EFAS,11,01264,Río Miño en Cela Brazo Izquierdo,-7.600311,43.138858,0,0.000000,0.000000,,,0,0,0,0,,,1,NRT_6h,,Minho,ES,1050,1004.71,Minho,2,0,TRUE,1,1,0,1,1,1,385.74,FALSE,2902500,2397500,24,ID_1264_202201210541.mod,Location coincides with 1263 and data are very simular  use 1263,1264,TRUE,1036,TRUE,Minho
EFAS,11,01265,Río Parga en Guitiriz,-7.793757,43.171970,0,0.000000,0.000000,,,0,0,0,0,,,1,,,Minho,ES,300,304.02,Minho,,0,TRUE,1,1,0,1,1,1,403.23,FALSE,2882500,2402500,24,ID_1265_202201210541.mod,Provider upArea too small to be included in calibration,1265,TRUE,1036,TRUE,Parga
EFAS,11,01266,Río Ladra en Begonte,-7.690334,43.148537,0,0.000000,0.000000,,,0,0,0,0,,,1,NRT_6h,,Minho,ES,825,830.27,Minho,3,0,TRUE,1,1,0,1,1,1,392.47,TRUE,2892500,2397500,24,ID_1266_202201210541.mod,,1266,TRUE,1036,TRUE,Ladra
EFAS,11,01267,Río Narla en Gondai,-7.646630,43.066749,0,0.000000,0.000000,,,0,0,0,0,,,1,,,Minho,ES,175,191.89,Minho,,0,TRUE,1,1,0,1,1,1,383.42,FALSE,2892500,2387500,24,ID_1267_202201210541.mod,Provider upArea too small to be included in calibration,1267,TRUE,1036,TRUE,Narla
EFAS,11,01268,Río Sarria en Pobra de S. Xulian,-7.443045,42.859380,0,0.000000,0.000000,,,0,0,0,0,,,1,,,Minho,ES,325,306.41,Minho,,0,TRUE,1,1,0,1,1,1,369.59,FALSE,2907500,2357500,24,ID_1268_202201210541.mod,Provider upArea too small to be included in calibration,1268,TRUE,1036,TRUE,Sarria
EFAS,11,01269,Río Neira en Paramo (o),-7.527617,42.871826,0,0.000000,0.000000,,,0,0,0,0,,,1,NRT_6h,,Minho,ES,800,832.06,Minho,3,0,TRUE,1,1,0,1,1,1,348.65,TRUE,2902500,2362500,24,ID_1269_202201210542.mod,,1269,TRUE,1036,TRUE,Neira
EFAS,11,01270,Río Boeza en Boeza,-6.292437,42.685026,0,0.000000,0.000000,,,0,0,0,0,,,1,,,Minho,ES,125,106.19,Minho,,0,TRUE,1,1,0,1,1,1,831.27,FALSE,2992500,2317500,24,ID_1270_202201210553.mod,Provider upArea too small to be included in calibration,1270,TRUE,1036,TRUE,Boeza
EFAS,11,01271,Río Cua en Fabero,-6.648396,42.757989,0,0.000000,0.000000,,,0,0,0,0,,,1,,,Minho,ES,250,219.98,Minho,,0,TRUE,1,1,0,1,1,1,631.61,FALSE,2967500,2332500,24,ID_1271_202201210553.mod,Provider upArea too small to be included in calibration,1271,TRUE,1036,TRUE,Cua
EFAS,11,01272,Río Cua en Quilos,-6.732010,42.646038,0,0.000000,0.000000,,,0,0,0,0,,,1,,,Minho,ES,500,495.99,Minho,,0,TRUE,1,1,0,1,1,1,509.46,FALSE,2957500,2322500,24,ID_1272_202201210553.mod,Provider upArea too small to be included in calibration,1272,TRUE,1036,TRUE,Cua
EFAS,11,01273,Río Burbia Villafranca Bierzo,-6.817058,42.605900,0,0.000000,0.000000,,,0,0,0,0,,,1,,,Minho,ES,475,434.54,Minho,,0,TRUE,1,1,0,1,1,1,487.49,FALSE,2947500,2322500,24,ID_1273_202201210553.mod,Provider upArea too small to be included in calibration,1273,TRUE,1036,TRUE,Burbia
EFAS,11,01274,Río Cabrera Pte Domingo Florez,-6.810488,42.414624,0,0.000000,0.000000,,,0,0,0,0,,,1,NRT_6h,,Minho,ES,550,558.27,Minho,3,0,TRUE,1,1,0,1,1,1,375.51,TRUE,2952500,2297500,24,ID_1274_202201210600.mod,,1274,TRUE,1036,TRUE,Cabrera
EFAS,11,01275,Río Lor en Parada,-7.347266,42.462007,0,0.000000,0.000000,,,0,0,0,0,,,1,,,Minho,ES,350,366.99,Minho,,0,TRUE,1,1,0,1,1,1,230.61,FALSE,2902500,2317500,24,ID_1275_202201210603.mod,Provider upArea too small to be included in calibration,1275,TRUE,1036,TRUE,Lor
EFAS,11,01276,Río Cabe en Incio,-7.347906,42.644812,0,0.000000,0.000000,,,0,0,0,0,,,1,,,Minho,ES,25,35.29,Minho,,0,TRUE,1,1,0,1,1,1,526.54,FALSE,2907500,2332500,24,ID_1276_202201210603.mod,Provider upArea too small to be included in calibration,1276,TRUE,1036,TRUE,Cabe
EFAS,11,01277,Río Cabe en Monforte de Lemos,-7.478390,42.555159,0,0.000000,0.000000,,,0,0,0,0,,,1,,,Minho,ES,375,352.71,Minho,,0,TRUE,1,1,0,1,1,1,310.44,FALSE,2897500,2327500,24,ID_1277_202201210608.mod,Provider upArea too small to be included in calibration,1277,TRUE,1036,TRUE,Cabe
EFAS,11,01278,Río Arenteiro en Carballiño,-8.081266,42.436826,0,0.000000,0.000000,,,0,0,0,0,,,1,,,Minho,ES,175,133.34,Minho,,0,TRUE,1,1,0,1,1,1,369.91,FALSE,2847500,2327500,24,ID_1278_202201210610.mod,Provider upArea too small to be included in calibration,1278,TRUE,1036,TRUE,Arenteiro
EFAS,11,01279,Río Arnoia en Arnoia,-8.137386,42.251714,0,0.000000,0.000000,,,0,0,0,0,,,1,NRT_6h,,Minho,ES,750,738.26,Minho,3,0,TRUE,1,1,0,1,1,1,71.7,TRUE,2837500,2307500,24,ID_1279_202201210610.mod,,1279,TRUE,1036,TRUE,Arnoia
EFAS,11,01280,Río Louro en Tui,-8.636252,42.066639,0,0.000000,0.000000,,,0,0,0,0,,,1,,,Minho,ES,125,148.3,Minho,,0,TRUE,1,1,0,1,1,1,5.41,FALSE,2792500,2302500,24,ID_1280_202201210610.mod,Provider upArea too small to be included in calibration,1280,TRUE,1036,TRUE,Louro
EFAS,11,01281,Río Limia en Ponteliñares,-7.883539,42.021176,0,0.000000,0.000000,,,0,0,0,0,,,1,NRT_6h,,Limia,ES,700,693.02,Lima,3,0,TRUE,1,1,0,1,1,1,610.78,TRUE,2852500,2277500,24,ID_1281_202201210611.mod,,1281,TRUE,1036,TRUE,Limia
EFAS,11,01282,Río Burbia en Veguellina,-6.779123,42.708026,0,0.000000,0.000000,,,0,0,0,0,,,1,,,Minho,ES,150,117.81,Minho,,0,TRUE,1,1,0,1,1,1,660.42,FALSE,2952500,2332500,24,ID_1282_202201210611.mod,Provider upArea too small to be included in calibration,1282,TRUE,1036,TRUE,Burbia
EFAS,11,01283,Río Sarria en Sarria,-7.414247,42.762060,0,0.000000,0.000000,,,0,0,0,0,,,1,,,Minho,ES,175,155.72,Minho,,0,TRUE,1,1,0,1,1,1,428.36,FALSE,2907500,2347500,24,ID_1283_202201210611.mod,Provider upArea too small to be included in calibration,1283,TRUE,1036,TRUE,Sarria
EFAS,11,01284,Río Sil en Ponferrada,-6.591935,42.551744,0,0.000000,0.000000,,,0,0,0,0,,,1,NRT_6h,C822,Minho,ES,850,832.39,Minho,2,0,TRUE,1,1,0,1,1,1,505.23,FALSE,2972500,2317500,24,ID_1284_202201210614.mod,dam close to 1306,1284,TRUE,1036,TRUE,Sil
EFAS,11,01285,Río Cua en Cacabelos,-6.728190,42.599382,0,0.000000,0.000000,,,0,0,0,0,,,1,NRT_6h,,Minho,ES,525,549.61,Minho,3,0,TRUE,1,1,0,1,1,1,474.05,TRUE,2957500,2317500,24,ID_1285_202201210624.mod,,1285,TRUE,1036,TRUE,Cua
EFAS,11,01286,Río Barredos en Camponaraya,-6.666933,42.578719,0,0.000000,0.000000,,,0,0,0,0,,,1,,,Minho,ES,100,82.42,Minho,,0,TRUE,1,1,0,1,1,1,492.05,FALSE,2962500,2317500,24,ID_1286_202201210624.mod,Provider upArea too small to be included in calibration,1286,TRUE,1036,TRUE,Barredos
EFAS,11,01287,Río Selmo en Oencia,-6.907950,42.553571,0,0.000000,0.000000,,,0,0,0,0,,,1,,,Minho,ES,150,134.54,Minho,,0,TRUE,1,1,0,1,1,1,487.82,FALSE,2937500,2312500,24,ID_1287_202201210624.mod,Provider upArea too small to be included in calibration,1287,TRUE,1036,TRUE,Selmo
EFAS,11,01288,Río Bibei en Porto,-6.896229,42.166386,0,0.000000,0.000000,,,0,0,0,0,,,1,,,Minho,ES,75,70.49,Minho,,0,TRUE,1,1,0,1,1,1,1196.91,FALSE,2932500,2272500,24,ID_1288_202201210624.mod,Provider upArea too small to be included in calibration,1288,TRUE,1036,TRUE,Bibei
EFAS,11,01289,Río Avia en Leiro,-8.119089,42.372906,0,0.000000,0.000000,,,0,0,0,0,,,1,NRT_6h,,Minho,ES,600,576.01,Minho,3,0,TRUE,1,1,0,1,1,1,82.5,TRUE,2837500,2322500,24,ID_1289_202201210624.mod,,1289,TRUE,1036,TRUE,Avia
EFAS,11,01290,Río Avia en Ribadavia,-8.141906,42.290153,0,0.000000,0.000000,,,0,0,0,0,,,1,NRT_6h,,Minho,ES,625,670.83,Minho,0,0,TRUE,1,1,0,1,1,1,72.66,FALSE,2837500,2317500,24,ID_1290_202201210635.mod,Location uncertain low quality data,1290,TRUE,1036,TRUE,Avia
EFAS,11,01291,Río Miño en Salvaterra do Miño,-8.493114,42.080930,0,0.000000,0.000000,,,0,0,0,0,,,1,,,Minho,ES,15550,15551.84,Minho,,0,TRUE,1,1,0,1,1,1,7.02,FALSE,2807500,2297500,24,ID_1291_202201210635.mod,Not enough discarge data available for calibration period  Extremely large oscillations,1291,TRUE,1036,TRUE,Minho
EFAS,11,01292,Río Tea en Mondariz,-8.457608,42.237113,0,0.000000,0.000000,,,0,0,0,0,,,1,,,Minho,ES,150,155.06,Minho,,0,TRUE,1,1,0,1,1,1,63.89,FALSE,2812500,2312500,24,ID_1292_202201210637.mod,Provider upArea too small to be included in calibration,1292,TRUE,1036,TRUE,Tea
EFAS,11,01293,Río Uma en Ponteareas,-8.504293,42.159757,0,0.000000,0.000000,,,0,0,0,0,,,1,,,Minho,ES,75,56.61,Minho,,0,TRUE,1,1,0,1,1,1,26.39,FALSE,2807500,2307500,24,ID_1293_202201210637.mod,Provider upArea too small to be included in calibration,1293,TRUE,1036,TRUE,Uma
EFAS,11,01294,Río Louro en Porriño,-8.624673,42.161803,0,0.000000,0.000000,,,0,0,0,0,,,1,,,Minho,ES,100,57.08,Minho,,0,TRUE,1,1,0,1,1,1,22.99,FALSE,2792500,2307500,24,ID_1294_202201210642.mod,Provider upArea too small to be included in calibration,1294,TRUE,1036,TRUE,Louro
EFAS,11,01295,Río Caldo en Bubaces,-8.106621,41.864948,0,0.000000,0.000000,,,0,0,0,0,,,1,,,Limia,ES,25,34.9,Lima,,0,TRUE,1,1,0,1,1,1,380.43,FALSE,2827500,2262500,24,ID_1295_202201210642.mod,Provider upArea too small to be included in calibration,1295,TRUE,1036,TRUE,Caldo
EFAS,11,01296,Río Barxas en Regueiro,-8.197626,42.153997,0,0.000000,0.000000,,,0,0,0,0,,,1,,,Minho,ES,25,24.8,Minho,,0,TRUE,1,1,0,1,1,1,53.15,FALSE,2827500,2292500,24,ID_1296_202201210645.mod,Provider upArea too small to be included in calibration,1296,TRUE,1036,TRUE,Barxas
EFAS,11,01297,Río Anllo en Redemuiños,-7.495702,43.304542,0,0.000000,0.000000,,,0,0,0,0,,,1,,,Minho,ES,100,91.43,Minho,,0,TRUE,1,1,0,1,1,1,429.49,FALSE,2912500,2407500,24,ID_1297_202201210645.mod,Provider upArea too small to be included in calibration,1297,TRUE,1036,TRUE,Anllo
EFAS,11,01298,Río Tea en Bouza do Viso,-8.506525,42.104234,0,0.000000,0.000000,,,0,0,0,0,,,1,,,Minho,ES,400,400.1,Minho,,0,TRUE,1,1,0,1,1,1,14.55,FALSE,2802500,2302500,24,ID_1298_202201210645.mod,Provider upArea too small to be included in calibration,1298,TRUE,1036,TRUE,Tea
EFAS,11,01299,Río Ferreira en Guntín,-7.705213,42.884156,0,0.000000,0.000000,,,0,0,0,0,,,1,,,Minho,ES,125,166.08,Minho,,0,TRUE,1,1,0,1,1,1,409.45,FALSE,2882500,2372500,24,ID_1299_202201210651.mod,Provider upArea too small to be included in calibration,1299,TRUE,1036,TRUE,Ferreira
EFAS,11,01300,Río Arnoia en Pontefreixo,-7.969976,42.201118,0,0.000000,0.000000,,,0,0,0,0,,,1,NRT_6h,,Minho,ES,550,532.58,Minho,2,0,TRUE,1,1,0,1,1,1,315.93,FALSE,2847500,2297500,24,ID_1300_202201210658.mod,Close to 1279,1300,TRUE,1036,TRUE,Arnoia
EFAS,11,01301,Río Limia en Xinzo de Limia,-7.736348,42.060660,0,0.000000,0.000000,,,0,0,0,0,,,1,,,Limia,ES,325,293.13,Lima,,0,TRUE,1,1,0,1,1,1,619.86,FALSE,2862500,2277500,24,ID_1301_202201210658.mod,Provider upArea too small to be included in calibration,1301,TRUE,1036,TRUE,Limia
EFAS,11,01302,Río Neira en Neira do Rei,-7.211811,42.919604,0,0.000000,0.000000,,,0,0,0,0,,,1,,,Minho,ES,100,114.65,Minho,,0,TRUE,1,1,0,1,1,1,534.86,FALSE,2927500,2362500,24,ID_1302_202201210658.mod,Provider upArea too small to be included in calibration,1302,TRUE,1036,TRUE,Neira
EFAS,11,01303,Río Labrada en Fraga,-7.744692,43.268149,0,0.000000,0.000000,,,0,0,0,0,,,1,,,Minho,ES,100,96.98,Minho,,0,TRUE,1,1,0,1,1,1,415.43,FALSE,2892500,2412500,24,ID_1303_202201210659.mod,Provider upArea too small to be included in calibration,1303,TRUE,1036,TRUE,Labrada
EFAS,11,01304,Río Ladra en Ínsua,-7.688232,43.286507,0,0.000000,0.000000,,,0,0,0,0,,,1,,,Minho,ES,175,82.17,Minho,,0,TRUE,1,1,0,1,1,1,412.24,FALSE,2897500,2412500,24,ID_1304_202201210659.mod,Provider upArea too small to be included in calibration,1304,TRUE,1036,TRUE,Ladra
EFAS,11,01305,Río Tremor en Almagarinos,-6.219462,42.707549,0,0.000000,0.000000,,,0,0,0,0,,,1,,,Minho,ES,50,39.78,Minho,,0,TRUE,1,1,0,1,1,1,920.16,FALSE,3002500,2322500,24,ID_1305_202201210700.mod,Provider upArea too small to be included in calibration,1305,TRUE,1036,TRUE,Tremor
EFAS,11,01306,Río Sil en Matarrosa del Sil,-6.529674,42.758462,0,0.000000,0.000000,,,0,0,0,0,,,1,NRT_6h,,Minho,ES,650,641.51,Minho,3,0,TRUE,1,1,0,1,1,1,696.93,TRUE,2977500,2332500,24,ID_1306_202201210711.mod,,1306,TRUE,1036,TRUE,Sil
EFAS,11,01308,Crnece,15.018159,46.586993,0,0.000000,0.000000,,,0,0,0,0,,,1,HIST_6h,,Danube,SI,12150,12059.98,Danube,0,0,TRUE,1,1,0,1,1,1,46.59,FALSE,4702500,2627500,24,ID_1308_202201210711.mod,dams  large oscillations,1308,TRUE,1005,TRUE,Drava
EFAS,11,01310,Overboelare,3.866822,50.761733,0,0.000000,0.000000,,,0,0,0,0,,,0,,,Scheldt,BE,800,785,Scheldt,,0,FALSE,0,0,0,0,0,0,,FALSE,3887500,3092500,,,No discharge data available for calibration period,1310,FALSE,1022,FALSE,Dender
EFAS,11,01311,Rahiv,24.212222,48.061111,0,0.000000,0.000000,,,0,0,0,0,,,1,HIST_24h,,Danube,UA,1175,1070,Danube,3,0,TRUE,1,1,0,1,1,1,429.73,TRUE,5377500,2877500,24,ID_1311_202201210718.mod,,1311,TRUE,1044,TRUE,Tisza
EFAS,11,01312,Dilove,24.179438,47.938611,0,0.000000,0.000000,,,0,0,0,0,,,1,,,Danube,UA,1300,1190,Danube,,0,FALSE,0,0,0,0,1,1,345.96,FALSE,5372500,2862500,,,No discharge data available for calibration period,1312,FALSE,1044,FALSE,Tisza
EFAS,11,01313,V. Bychkiv,22.466389,48.903022,0,0.000000,0.000000,,,0,0,0,0,,,1,,,Danube,UA,675,3330,Danube,,0,FALSE,0,0,0,0,1,1,294.78,FALSE,5232500,2942500,,,No discharge data available for calibration period,1313,FALSE,1044,FALSE,Uzh
EFAS,11,01314,Tyachiv,23.577156,48.005556,0,0.000000,0.000000,,,0,0,0,0,,,1,,,Danube,UA,6675,6470,Danube,,0,FALSE,0,0,0,0,1,1,209.06,FALSE,5327500,2857500,,,No discharge data available for calibration period,1314,FALSE,1044,FALSE,Tisza
EFAS,11,01315,Hust,23.248333,48.182777,0,0.000000,0.000000,,,0,0,0,0,,,1,,,Danube,UA,8725,7690,Danube,,0,FALSE,0,0,0,0,1,1,155.85,FALSE,5302500,2872500,,,No discharge data available for calibration period,1315,FALSE,1044,FALSE,Tisza
EFAS,11,01316,Vylok,22.840000,48.097222,0,0.000000,0.000000,,,0,0,0,0,,,1,HIST_24h,,Danube,UA,9050,9140,Danube,3,0,TRUE,1,1,0,1,1,1,115.15,TRUE,5267500,2862500,24,ID_1316_202201210718.mod,,1316,TRUE,1044,TRUE,Tisza
EFAS,11,01317,Chop,22.186667,48.416389,0,0.000000,0.000000,,,0,0,0,0,,,1,,,Danube,UA,33325,33000,Danube,,0,FALSE,0,0,0,0,1,1,92.35,FALSE,5222500,2887500,,,No discharge data available for calibration period,1317,FALSE,1044,FALSE,Tisza
EFAS,11,01318,Neresnytsya,23.769167,48.114722,0,0.000000,0.000000,,,0,0,0,0,,,1,,,Danube,UA,1200,1100,Danube,,0,FALSE,0,0,0,0,1,1,298.38,FALSE,5337500,2872500,,,No discharge data available for calibration period,1318,FALSE,1044,FALSE,Teresva
EFAS,11,01319,Hust,23.272778,48.180278,0,0.000000,0.000000,,,0,0,0,0,,,1,,,Danube,UA,1150,1130,Danube,,0,FALSE,0,0,0,0,1,1,156.41,FALSE,5307500,2877500,,,No discharge data available for calibration period,1319,FALSE,1044,FALSE,Rika
EFAS,11,01320,Verhni Remety,23.905833,48.250278,0,0.000000,0.000000,,,0,0,0,0,,,1,,,Danube,UA,775,1100,Danube,,0,FALSE,0,0,0,0,1,1,114.32,FALSE,5347500,2887500,,,No discharge data available for calibration period,1320,FALSE,1044,FALSE,Krasna
EFAS,11,01321,Mukacheve,22.718056,48.443611,0,0.000000,0.000000,,,0,0,0,0,,,1,HIST_24h,,Danube,UA,1350,1360,Danube,3,0,TRUE,1,1,0,1,1,1,115.6,TRUE,5257500,2897500,24,ID_1321_202201210718.mod,,1321,TRUE,1044,TRUE,Latorica
EFAS,11,01322,Chop,22.213611,48.455000,0,0.000000,0.000000,,,0,0,0,0,,,1,HIST_24h,,Danube,UA,2300,2870,Danube,3,0,TRUE,1,1,0,1,1,1,96.58,TRUE,5222500,2892500,24,ID_1322_202201210718.mod,,1322,TRUE,1044,TRUE,Latorica
EFAS,11,01323,V. Bereznyi,22.466389,48.898056,0,0.000000,0.000000,,,0,0,0,0,,,1,,,Danube,UA,950,1280,Danube,,0,FALSE,0,0,0,0,1,1,196.26,FALSE,5232500,2937500,,,No discharge data available for calibration period,1323,FALSE,1044,FALSE,Uzh
EFAS,11,01324,Zaricheve,22.501389,48.771111,0,0.000000,0.000000,,,0,0,0,0,,,1,HIST_24h,,Danube,UA,1325,1280,Danube,2,0,TRUE,1,1,0,1,1,1,154.56,FALSE,5232500,2932500,24,ID_1324_202201210725.mod,close to 1325,1324,TRUE,1044,TRUE,Uzh
EFAS,11,01325,Yzgorod,22.299722,48.621944,0,0.000000,0.000000,,,0,0,0,0,,,1,HIST_24h,,Danube,UA,1975,1970,Danube,3,0,TRUE,1,1,0,1,1,1,112.38,TRUE,5227500,2912500,24,ID_1325_202201210725.mod,,1325,TRUE,1044,TRUE,Uzh
EFAS,11,01326,Kolomiya,25.018056,48.524167,0,0.000000,0.000000,,,0,0,0,0,,,1,,,Danube,UA,1275,1130,Danube,,0,FALSE,0,0,0,0,1,1,274.74,FALSE,5422500,2937500,,,No discharge data available for calibration period,1326,FALSE,1044,FALSE,Prut
EFAS,11,01327,Chernivtsi,25.920556,48.311111,0,0.000000,0.000000,,,0,0,0,0,,,1,HIST_24h,,Danube,UA,7100,6890,Danube,3,0,TRUE,1,1,0,1,1,1,155.89,TRUE,5497500,2927500,24,ID_1327_202201210725.mod,,1327,TRUE,1044,TRUE,Prut
EFAS,11,01328,Usteriky,25.011944,48.116389,0,0.000000,0.000000,,,0,0,0,0,,,1,HIST_24h,,Danube,UA,1525,1500,Danube,3,0,TRUE,1,1,0,1,1,1,474.09,TRUE,5427500,2892500,24,ID_1328_202201210725.mod,,1328,TRUE,1044,TRUE,Cheremosh
EFAS,11,01329,Kuty,25.183611,48.250278,0,0.000000,0.000000,,,0,0,0,0,,,1,,,Danube,UA,2175,2150,Danube,,0,FALSE,0,0,0,0,1,1,326.16,FALSE,5437500,2907500,,,No discharge data available for calibration period,1329,FALSE,1044,FALSE,Cheremosh
EFAS,11,01330,Rozdol,24.072222,49.433611,0,0.000000,0.000000,,,0,0,0,0,,,1,HIST_24h,,Dniester,UA,5550,5700,Dniester,3,0,TRUE,1,1,0,1,1,1,243.18,TRUE,5332500,3022500,24,ID_1330_202201210725.mod,,1330,TRUE,1044,TRUE,Dniester
EFAS,11,01331,Zhyravne,24.294444,49.256389,0,0.000000,0.000000,,,0,0,0,0,,,1,HIST_24h,,Dniester,UA,9900,9910,Dniester,3,0,TRUE,0,1,0,0,1,1,231.52,TRUE,5352500,3012500,24,,,1331,FALSE,1044,FALSE,Dniester
EFAS,11,01332,Galych,24.743056,49.126389,0,0.000000,0.000000,,,0,0,0,0,,,1,HIST_24h,,Dniester,UA,14950,14700,Dniester,3,0,TRUE,1,1,0,1,1,1,211.26,TRUE,5387500,2997500,24,ID_1332_202201210729.mod,,1332,TRUE,1044,TRUE,Dniester
EFAS,11,01333,Nyzniv,25.111667,48.950833,0,0.000000,0.000000,,,0,0,0,0,,,1,,,Dniester,UA,20950,20400,Dniester,,0,FALSE,0,0,0,0,1,1,190.36,FALSE,5417500,2982500,,,No discharge data available for calibration period,1333,FALSE,1044,FALSE,Dniester
EFAS,11,01334,Zalishyky,25.734167,48.636667,0,0.000000,0.000000,,,0,0,0,0,,,1,HIST_24h,,Dniester,UA,24725,24600,Dniester,3,0,TRUE,1,1,0,1,1,1,140.69,TRUE,5467500,2962500,24,ID_1334_202201210733.mod,,1334,TRUE,1044,TRUE,Dniester
EFAS,11,01335,Mogilyv Podilskyi,27.801389,48.437500,0,0.000000,0.000000,,,0,0,0,0,,,1,HIST_24h,,Dniester,UA,42975,43000,Dniester,3,0,TRUE,1,1,0,1,1,1,58.17,TRUE,5617500,2972500,24,ID_1335_202201210733.mod,,1335,TRUE,1044,TRUE,Dniester
EFAS,11,01336,Mayaky,30.262849,46.412289,0,0.000000,0.000000,,,0,0,0,0,,,1,,,Dniester,UA,72700,72000,Dniester,,0,FALSE,0,0,0,0,1,1,-1.11,FALSE,5857500,2802500,,,No discharge data available for calibration period,1336,FALSE,1044,FALSE,Dniester
EFAS,11,01337,Verhne Synyovydne,23.607778,49.104444,0,0.000000,0.000000,,,0,0,0,0,,,1,HIST_24h,,Dniester,UA,2425,2400,Dniester,3,0,TRUE,1,1,0,1,1,1,369.62,TRUE,5307500,2977500,24,ID_1337_202201210742.mod,,1337,TRUE,1044,TRUE,Stryi
EFAS,11,01338,Stryi,23.858333,49.241667,0,0.000000,0.000000,,,0,0,0,0,,,1,,,Dniester,UA,2750,2720,Dniester,,0,FALSE,0,0,0,0,1,1,291.3,FALSE,5322500,2997500,,,No discharge data available for calibration period,1338,FALSE,1044,FALSE,Stryi
EFAS,11,01339,Yasenytsya,23.153688,49.204646,0,0.000000,0.000000,,,0,0,0,0,,,1,HIST_24h,,Dniester,UA,1025,1020,Dniester,3,0,TRUE,1,1,0,1,1,1,518,TRUE,5272500,2987500,24,ID_1339_202201210742.mod,,1339,TRUE,1044,TRUE,Stryi
EFAS,11,01340,Zarichne,24.088611,49.176389,0,0.000000,0.000000,,,0,0,0,0,,,1,HIST_24h,,Dniester,UA,1325,1280,Dniester,3,0,TRUE,1,1,0,1,1,1,278.5,TRUE,5337500,2992500,24,ID_1340_202201210742.mod,,1340,TRUE,1044,TRUE,Svicha
EFAS,11,01341,Perevozets,24.551667,49.078333,0,0.000000,0.000000,,,0,0,0,0,,,1,HIST_24h,,Dniester,UA,1500,1490,Dniester,3,0,TRUE,1,1,0,1,1,1,236.03,TRUE,5382500,2992500,24,ID_1341_202201210742.mod,,1341,TRUE,1044,TRUE,Limnytsya
EFAS,11,01342,Chortkiv,25.799722,49.008889,0,0.000000,0.000000,,,0,0,0,0,,,1,HIST_24h,,Dniester,UA,3150,3170,Dniester,3,0,TRUE,1,1,0,1,1,1,208.85,TRUE,5462500,3007500,24,ID_1342_202201210742.mod,,1342,TRUE,1044,TRUE,Seret
EFAS,11,01343,Lytovezh,24.185000,50.618611,0,0.000000,0.000000,,,0,0,0,0,,,1,HIST_24h,,Vistula,UA,6800,6740,Vistula,3,0,TRUE,1,1,0,1,1,1,180.92,TRUE,5322500,3152500,24,ID_1343_202201210747.mod,,1343,TRUE,1044,TRUE,Western Bug
EFAS,11,01344,Kamyanka Buzhska,24.373889,50.096667,0,0.000000,0.000000,,,0,0,0,0,,,1,HIST_24h,,Vistula,UA,2425,2350,Vistula,3,0,TRUE,1,1,0,1,1,1,201.79,TRUE,5342500,3097500,24,ID_1344_202201210742.mod,,1344,TRUE,1044,TRUE,Western Bug
EFAS,11,01345,Lubeshiv,25.513333,51.755278,0,0.000000,0.000000,,,0,0,0,0,,,1,HIST_24h,,Dnieper,UA,2850,2970,Dnieper,3,0,TRUE,1,1,0,1,1,1,141.82,TRUE,5387500,3302500,24,ID_1345_202201210752.mod,,1345,TRUE,1044,TRUE,Stokhid
EFAS,11,01346,Lutsk,25.313056,50.743889,0,0.000000,0.000000,,,0,0,0,0,,,1,HIST_24h,,Dnieper,UA,7150,7200,Dnieper,3,0,TRUE,1,1,0,1,1,1,172.87,TRUE,5397500,3182500,24,ID_1346_202201210752.mod,,1346,TRUE,1044,TRUE,Styr
EFAS,11,01347,Kolky,25.671389,51.108333,0,0.000000,0.000000,,,0,0,0,0,,,1,,,Dnieper,UA,9050,9050,Dnieper,,0,FALSE,0,0,0,0,1,1,167.03,FALSE,5407500,3227500,,,No discharge data available for calibration period,1347,FALSE,1044,FALSE,Styr
EFAS,11,01348,Mlynok,25.935556,51.618056,0,0.000000,0.000000,,,0,0,0,0,,,1,HIST_24h,,Dnieper,UA,11200,10900,Dnieper,1,0,TRUE,1,1,0,1,1,1,146.93,FALSE,5427500,3287500,24,ID_1348_202201210752.mod,moved on mainstream,1348,TRUE,1044,TRUE,Styr
EFAS,11,01349,Yampil,26.247500,49.965278,0,0.000000,0.000000,,,0,0,0,0,,,1,HIST_24h,,Dnieper,UA,1425,1400,Dnieper,3,0,TRUE,1,1,0,1,1,1,238.45,TRUE,5477500,3112500,24,ID_1349_202201210759.mod,,1349,TRUE,1044,TRUE,Horyn
EFAS,11,01350,Ozenin,26.540000,50.426389,0,0.000000,0.000000,,,0,0,0,0,,,1,HIST_24h,,Dnieper,UA,5850,5860,Dnieper,3,0,TRUE,1,1,0,1,1,1,185.07,TRUE,5487500,3167500,24,ID_1350_202201210752.mod,,1350,TRUE,1044,TRUE,Horyn
EFAS,11,01351,Derazhne,26.054444,50.861667,0,0.000000,0.000000,,,0,0,0,0,,,1,HIST_24h,,Dnieper,UA,9150,9160,Dnieper,3,0,TRUE,1,1,0,1,1,1,162,TRUE,5442500,3202500,24,ID_1351_202201210756.mod,,1351,TRUE,1044,TRUE,Horyn
EFAS,11,01352,Dubrovytsya,26.569444,50.563333,0,0.000000,0.000000,,,0,0,0,0,,,1,,,Dnieper,UA,6225,12000,Dnieper,,0,FALSE,0,0,0,0,1,1,137.84,FALSE,5482500,3182500,,,No discharge data available for calibration period,1352,FALSE,1044,FALSE,Horyn
EFAS,11,01353,Novograd-Volynskyi,27.637222,50.585556,0,0.000000,0.000000,,,0,0,0,0,,,1,HIST_24h,,Dnieper,UA,7525,7460,Dnieper,3,0,TRUE,1,1,0,1,1,1,186.6,TRUE,5557500,3202500,24,ID_1353_202201210756.mod,,1353,TRUE,1044,TRUE,Sluch
EFAS,11,01354,Sarny,26.648333,51.341389,0,0.000000,0.000000,,,0,0,0,0,,,1,HIST_24h,,Dnieper,UA,13250,13300,Dnieper,3,0,TRUE,1,1,0,1,1,1,144.19,TRUE,5472500,3267500,24,ID_1354_202201210758.mod,,1354,TRUE,1044,TRUE,Sluch
EFAS,11,01355,Plauen,13.702577,51.030901,0,0.000000,0.000000,,,0,0,0,0,,,0,,,Elbe,DE,375,366,Elbe,,0,TRUE,0,0,0,1,1,0,123.93,FALSE,4577500,3107500,24,,Provider upArea too small to be included in calibration,1355,FALSE,1007,FALSE,United Weisseritz
EFAS,11,01356,Chooz,4.806518,50.092132,0,0.000000,0.000000,,,0,0,0,0,,,1,HIST_24h,C086,Meuse,BE,10225,10120,Meuse,3,0,TRUE,1,1,0,1,0,0,,TRUE,3942500,3012500,24,ID_1356_202201210806.mod,,1356,TRUE,1046,TRUE,Meuse
EFAS,11,01357,Amay,5.317770,50.536474,0,0.000000,0.000000,,,0,0,0,0,,,1,HIST_24h,,Meuse,BE,16750,16416,Meuse,3,0,TRUE,1,1,0,1,0,0,,TRUE,3982500,3057500,24,ID_1357_202201210806.mod,,1357,TRUE,1046,TRUE,Meuse
EFAS,11,01358,Vise-Lixhe,5.690309,50.725894,0,0.000000,0.000000,,,0,0,0,0,,,1,HIST_24h,,Meuse,BE,20825,20440,Meuse,2,0,TRUE,1,1,0,1,0,0,,FALSE,4012500,3072500,24,ID_1358_202201210806.mod,Close to 953 older data,1358,TRUE,1046,TRUE,Meuse
EFAS,11,01359,Angleur,5.612297,50.611474,0,0.000000,0.000000,,,0,0,0,0,,,1,HIST_24h,,Meuse,BE,3725,3607,Meuse,3,0,TRUE,1,1,0,1,0,0,,TRUE,4012500,3062500,24,ID_1359_202201210806.mod,,1359,TRUE,1046,TRUE,Ourthe
EFAS,11,01360,Salzinnes-Ronet,4.832911,50.460043,0,0.000000,0.000000,,,0,0,0,0,,,1,HIST_24h,,Meuse,BE,2900,2841,Meuse,3,0,TRUE,1,1,0,1,0,0,,TRUE,3947500,3052500,24,ID_1360_202201210806.mod,,1360,TRUE,1046,TRUE,Sambre
EFAS,11,01361,Tournai,3.390781,50.608515,0,0.000000,0.000000,,,0,0,0,0,,,1,HIST_24h,,Scheldt,BE,4975,4922,Scheldt,3,0,TRUE,1,1,0,1,0,0,,TRUE,3852500,3077500,24,ID_1361_202201210806.mod,,1361,TRUE,1046,TRUE,Scheldt
EFAS,11,01362,Ballathie,-3.386960,56.514410,0,0.000000,0.000000,,,0,0,0,0,,,0,HIST_24h,C637,Tay,UK,4550,4587,Tay,3,0,TRUE,1,1,0,1,1,1,26.16,TRUE,3497500,3782500,24,ID_1362_202201210808.mod,,1362,FALSE,1045,FALSE,Tay
EFAS,11,01363,Boat O Brig,-3.140390,57.551040,0,0.000000,0.000000,,,0,0,0,0,,,0,HIST_24h,C673,Spey,UK,2850,2861.2,Spey,3,0,TRUE,1,1,0,1,1,1,43.05,TRUE,3532500,3892500,24,ID_1363_202201210808.mod,,1363,FALSE,1045,FALSE,Spey
EFAS,11,01364,Brigde of Teith,-4.055570,56.185730,0,0.000000,0.000000,,,0,0,0,0,,,0,,,Forth,UK,625,517.7,Forth,,0,TRUE,1,0,0,1,1,1,14.84,FALSE,3452500,3762500,24,ID_1364_202201210808.mod,Not enough discarge data available for calibration period,1364,FALSE,1045,FALSE,Teith
EFAS,11,01365,Camisky,-5.046520,56.878470,0,0.000000,0.000000,,,0,0,0,0,,,0,,,Lochy,UK,1250,1252,Lochy,,0,TRUE,1,0,0,1,1,1,13.28,FALSE,3412500,3847500,24,ID_1365_202201210820.mod,Not enough discarge data available for calibration period,1365,FALSE,1045,FALSE,Lochy
EFAS,11,01366,Craigforth,-3.970220,56.136100,0,0.000000,0.000000,,,0,0,0,0,,,0,,,Forth,UK,1175,1036,Forth,,0,TRUE,1,0,0,1,1,1,3.67,FALSE,3457500,3757500,24,ID_1366_202201210820.mod,Not enough discarge data available for calibration period,1366,FALSE,1045,FALSE,Forth
EFAS,11,01367,Daldowie,-4.121950,55.829990,0,0.000000,0.000000,,,0,0,0,0,,,0,HIST_24h,C672,Clyde,UK,1975,1903.1,Clyde,2,0,TRUE,1,1,0,1,1,1,7.48,FALSE,3442500,3722500,24,ID_1367_202201210824.mod,close to 2292,1367,FALSE,1045,FALSE,Clyde
EFAS,11,01368,Ellon,-2.090020,57.363770,0,0.000000,0.000000,,,0,0,0,0,,,0,,,Ythan,UK,650,523,Ythan,,0,TRUE,1,0,0,1,1,1,3.81,FALSE,3597500,3867500,24,ID_1368_202201210824.mod,Not enough discarge data available for calibration period,1368,FALSE,1045,FALSE,Ythan
EFAS,11,01369,Forres,-3.644080,57.604770,0,0.000000,0.000000,,,0,0,0,0,,,0,HIST_24h,,Findhor,UK,875,781.9,Findhor,3,0,TRUE,1,1,0,1,1,1,9.5,TRUE,3507500,3907500,24,ID_1369_202201210824.mod,,1369,FALSE,1045,FALSE,Findhorn
EFAS,11,01370,Friars Carse,-3.690750,55.148680,0,0.000000,0.000000,,,0,0,0,0,,,0,,,Nith,UK,775,799,Nith,,0,TRUE,1,0,0,1,1,1,19.84,FALSE,3452500,3642500,24,ID_1370_202201210824.mod,Not enough discarge data available for calibration period,1370,FALSE,1045,FALSE,Nith
EFAS,11,01371,Kinkell Bridge,-3.726990,56.330190,0,0.000000,0.000000,,,0,0,0,0,,,0,,,Earn,UK,600,590.5,Earn,,0,TRUE,1,0,0,1,1,1,15.33,FALSE,3477500,3772500,24,ID_1371_202201210824.mod,Not enough discarge data available for calibration period,1371,FALSE,1045,FALSE,Earn
EFAS,11,01372,Moy Bridge,-4.539970,57.556580,0,0.000000,0.000000,,,0,0,0,0,,,0,HIST_24h,C383,Conon,UK,975,961.8,Conon,3,0,TRUE,1,1,0,1,1,1,10.03,TRUE,3457500,3917500,24,ID_1372_202201210824.mod,lake regulated,1372,FALSE,1045,FALSE,Conon
EFAS,11,01373,Muiresk,-2.493530,57.537670,0,0.000000,0.000000,,,0,0,0,0,,,0,HIST_24h,,Deveron,UK,950,954.9,Deveron,3,0,TRUE,1,1,0,1,1,1,10.03,TRUE,3577500,3892500,24,ID_1373_202201210824.mod,,1373,FALSE,1045,FALSE,Deveron
EFAS,11,01374,Ness-side,-4.259850,57.454540,0,0.000000,0.000000,,,0,0,0,0,,,0,,,Ness,UK,1850,1839.1,Ness,,0,TRUE,1,0,0,1,1,1,6.81,FALSE,3472500,3902500,24,ID_1374_202201210830.mod,Not enough discarge data available for calibration period,1374,FALSE,1045,FALSE,Ness
EFAS,11,01375,Norham,-2.163370,55.722690,0,0.000000,0.000000,,,0,0,0,0,,,0,HIST_24h,C655,Tweed,UK,4400,4390,Tweed,3,0,TRUE,1,1,0,1,1,1,2.8,TRUE,3562500,3692500,24,ID_1375_202201210830.mod,,1375,FALSE,1045,FALSE,Tweed
EFAS,11,01376,Parkhill,-2.187590,57.218320,0,0.000000,0.000000,,,0,0,0,0,,,0,HIST_24h,,Don,UK,1275,1273,Don,3,0,TRUE,1,1,0,1,1,1,32.44,TRUE,3582500,3857500,24,ID_1376_202201210830.mod,,1376,FALSE,1045,FALSE,Don
EFAS,11,01377,Sprouston,-2.394820,55.611610,0,0.000000,0.000000,,,0,0,0,0,,,0,,,Tweed,UK,3375,3330,Tweed,,0,TRUE,1,0,0,1,1,1,24.5,FALSE,3542500,3677500,24,ID_1377_202201210838.mod,Not enough discarge data available for calibration period,1377,FALSE,1045,FALSE,Tweed
EFAS,11,01378,Woodend,-2.603570,57.050130,0,0.000000,0.000000,,,0,0,0,0,,,0,HIST_24h,,Dee,UK,1350,1370,Dee,3,0,TRUE,1,1,0,1,1,1,70.49,TRUE,3557500,3842500,24,ID_1378_202201210839.mod,,1378,FALSE,1045,FALSE,Dee
EFAS,11,01399,Nava Weir,-6.672058,53.643559,0,0.000000,0.000000,,,0,0,0,0,,,1,HIST_24h,C259,Boyne,IE,1725,1658.19,Boyne,2,0,TRUE,1,1,0,1,1,1,,FALSE,3227500,3517500,24,ID_1399_202201210839.mod,close to 2266,1399,TRUE,1029,TRUE,Boyne
EFAS,11,01400,Liscarton,-6.720332,53.663269,0,0.000000,0.000000,,,0,0,0,0,,,1,HIST_24h,C260,Boyne,IE,625,699.75,Boyne,3,0,TRUE,1,1,0,1,1,1,,TRUE,3222500,3527500,24,ID_1400_202201210839.mod,,1400,TRUE,1029,TRUE,Blackwater (Kells)
EFAS,11,01401,Slane Castle,-6.562423,53.707212,0,0.000000,0.000000,,,0,0,0,0,,,1,HIST_24h,C261,Boyne,IE,2475,2460.27,Boyne,3,0,TRUE,1,1,0,1,1,1,,TRUE,3232500,3522500,24,ID_1401_202201210839.mod,,1401,TRUE,1029,TRUE,Boyne
EFAS,11,01402,Scarawalsh,-6.550222,52.548513,0,0.000000,0.000000,,,0,0,0,0,,,1,HIST_24h,C659,Slaney,IE,1000,1030.75,Slaney,3,0,TRUE,1,1,0,1,1,1,,TRUE,3207500,3402500,24,ID_1402_202201210839.mod,,1402,TRUE,1029,TRUE,Slaney
EFAS,11,01403,Royal Oak,-6.981458,52.700198,0,0.000000,0.000000,,,0,0,0,0,,,1,HIST_24h,C660,Barrow,IE,2425,2419.4,Barrow,3,0,TRUE,1,1,0,1,1,1,,TRUE,3187500,3427500,24,ID_1403_202201210843.mod,,1403,TRUE,1029,TRUE,Barrow
EFAS,11,01404,Levitstown,-6.949797,52.935378,0,0.000000,0.000000,,,0,0,0,0,,,1,HIST_24h,C264,Barrow,IE,1725,1697.28,Barrow,3,0,TRUE,1,1,0,1,1,1,,TRUE,3192500,3452500,24,ID_1404_202201210843.mod,,1404,TRUE,1029,TRUE,Barrow
EFAS,11,01405,Graiguenamanagh,-6.950884,52.540754,0,0.000000,0.000000,,,0,0,0,0,,,1,HIST_24h,C661,Barrow,IE,2825,2778.15,Barrow,3,0,TRUE,1,1,0,1,1,1,,TRUE,3187500,3407500,24,ID_1405_202201210843.mod,,1405,TRUE,1029,TRUE,Barrow
EFAS,11,01406,John's Bridge,-7.250433,52.653392,0,0.000000,0.000000,,,0,0,0,0,,,1,HIST_24h,C662,Barrow,IE,1600,1644.07,Barrow,3,0,TRUE,1,1,0,1,1,1,,TRUE,3162500,3427500,24,ID_1406_202201210843.mod,,1406,TRUE,1029,TRUE,Nore
EFAS,11,01407,Brownsbarn,-7.091700,52.500770,0,0.000000,0.000000,,,0,0,0,0,,,1,HIST_24h,C663,Barrow,IE,2450,2418.27,Barrow,3,0,TRUE,1,1,0,1,1,1,,TRUE,3172500,3402500,24,ID_1407_202201210844.mod,,1407,TRUE,1029,TRUE,Nore
EFAS,11,01408,Cahir Park,-7.922937,52.357673,0,0.000000,0.000000,,,0,0,0,0,,,1,HIST_24h,C268,Suir,IE,1625,1582.69,Suir,3,0,TRUE,1,1,0,1,1,1,,TRUE,3112500,3402500,24,ID_1408_202201210849.mod,,1408,TRUE,1029,TRUE,Suir
EFAS,11,01409,Clonmel,-7.694598,52.351525,0,0.000000,0.000000,,,0,0,0,0,,,1,HIST_24h,C664,Suir,IE,2150,2143.67,Suir,3,0,TRUE,1,1,0,1,1,1,,TRUE,3127500,3397500,24,ID_1409_202201210857.mod,,1409,TRUE,1029,TRUE,Suir
EFAS,11,01410,Ballyduff,-8.051952,52.144345,0,0.000000,0.000000,,,0,0,0,0,,,1,HIST_24h,C665,Munster Blackwater,IE,2325,2333.69,Munster,3,0,TRUE,1,1,0,1,1,1,,TRUE,3092500,3382500,24,ID_1410_202201210857.mod,,1410,TRUE,1029,TRUE,Munster Blackwater
EFAS,11,01411,Kilavullen,-8.515394,52.149198,0,0.000000,0.000000,,,0,0,0,0,,,1,HIST_24h,C666,Munster Blackwater,IE,1250,1256.7,Munster,3,0,TRUE,1,1,0,1,1,1,,TRUE,3062500,3387500,24,ID_1411_202201210857.mod,,1411,TRUE,1029,TRUE,Munster Blackwater
EFAS,11,01412,Castleroberts,-8.767416,52.543441,0,0.000000,0.000000,,,0,0,0,0,,,1,HIST_24h,C272,Maigue,IE,875,806.04,Shannon,3,0,TRUE,1,1,0,1,1,1,,TRUE,3067500,3432500,24,ID_1412_202201210857.mod,,1412,TRUE,1029,TRUE,Maigue
EFAS,11,01413,Annacotty,-8.529147,52.669276,0,0.000000,0.000000,,,0,0,0,0,,,1,HIST_24h,C273,Shannon,IE,650,647.56,Shannon,3,0,TRUE,1,1,0,1,1,1,,TRUE,3082500,3442500,24,ID_1413_202201210900.mod,,1413,TRUE,1029,TRUE,Mulkear
EFAS,11,01414,Ferbane,-7.828063,53.269937,0,0.000000,0.000000,,,0,0,0,0,,,1,HIST_24h,C667,Shannon,IE,1175,1162.76,Shannon,3,0,TRUE,1,1,0,1,1,1,,TRUE,3147500,3497500,24,ID_1414_202201210900.mod,,1414,TRUE,1029,TRUE,Brosna
EFAS,11,01415,Banagher,-7.993647,53.193787,0,0.000000,0.000000,,,0,0,0,0,,,1,HIST_6h,,Shannon,IE,7950,7980.41,Shannon,3,0,TRUE,1,1,0,1,1,1,,TRUE,3127500,3492500,24,ID_1415_202201210900.mod,low flow is missing peaks are there,1415,TRUE,1029,TRUE,Shannon
EFAS,11,01416,Bellagill,-8.238554,53.361687,0,0.000000,0.000000,,,0,0,0,0,,,1,HIST_24h,C276,Shannon,IE,1500,1207.22,Shannon,3,0,TRUE,1,1,0,1,1,1,,TRUE,3122500,3512500,24,ID_1416_202201210919.mod,moved downstream,1416,TRUE,1029,TRUE,Suck
EFAS,11,01417,Ballymahon,-7.757923,53.562867,0,0.000000,0.000000,,,0,0,0,0,,,1,HIST_24h,C277,Shannon,IE,1125,1098.78,Shannon,3,0,TRUE,1,1,0,1,1,1,,TRUE,3157500,3527500,24,ID_1417_202201210919.mod,,1417,TRUE,1029,TRUE,Inny
EFAS,11,01418,Cong Weir,-9.288760,53.538599,0,0.000000,0.000000,,,0,0,0,0,,,1,HIST_24h,C279,Corrib,IE,675,890.93,Clare,3,0,TRUE,1,1,0,1,1,1,,TRUE,3057500,3562500,24,ID_1418_202201210919.mod,lake moved station upstream,1418,TRUE,1029,TRUE,Cong
EFAS,11,01419,Rahans,-9.157683,54.103927,0,0.000000,0.000000,,,0,0,0,0,,,1,HIST_24h,C670,Moy,IE,1925,1974.76,Moy,3,0,TRUE,1,1,0,1,1,1,,TRUE,3082500,3607500,24,ID_1419_202201210919.mod,,1419,TRUE,1029,TRUE,Moy
EFAS,11,01420,Butlers Bridge,-7.377088,54.041879,0,0.000000,0.000000,,,0,0,0,0,,,1,HIST_24h,C281,Erne,IE,775,771.73,Erne,3,0,TRUE,1,1,0,1,1,1,,TRUE,3197500,3572500,24,ID_1420_202201210919.mod,,1420,TRUE,1029,TRUE,Annalee
EFAS,11,01421,Belturbet,-7.450869,54.097058,0,0.000000,0.000000,,,0,0,0,0,,,1,HIST_24h,C282,Erne,IE,1525,1491.76,Erne,3,0,TRUE,1,1,0,1,1,1,,TRUE,3192500,3582500,24,ID_1421_202201210919.mod,,1421,TRUE,1029,TRUE,Erne
EFAS,11,01422,Açude Do Arrabalde,-8.812000,39.752000,0,0.000000,0.000000,,,0,0,0,0,,,0,,,Lis,PT,275,238.62,Lis,,0,TRUE,0,1,0,0,0,0,25,FALSE,2717500,2047500,,,Provider upArea too small to be included in calibration,1422,FALSE,1023,FALSE,Lis
EFAS,11,01423,Agroal,-8.437000,39.679000,0,0.000000,0.000000,,,0,0,0,0,,,0,HIST_24h,,Tagus,PT,650,608.49,Tajo,2,0,TRUE,0,1,0,0,0,0,88,FALSE,2747500,2032500,,,close to 1434,1423,FALSE,1023,FALSE,Nabao
EFAS,11,01424,Albernoa,-7.965000,37.853000,0,0.000000,0.000000,,,0,0,0,0,,,0,,,Guadiana,PT,175,169.84,Guadiana,,0,TRUE,0,1,0,0,0,0,131,FALSE,2742500,1822500,,,Provider upArea too small to be included in calibration,1424,FALSE,1023,FALSE,Cobres
EFAS,11,01426,Azibo (RIO),-6.804000,41.406000,0,0.000000,0.000000,,,0,0,0,0,,,0,,,Douro,PT,275,282.68,Duero,,0,TRUE,0,1,0,0,0,0,224,FALSE,2922500,2197500,,,Provider upArea too small to be included in calibration,1426,FALSE,1023,FALSE,Azibo
EFAS,11,01427,Bodega,-7.699000,37.162000,0,0.000000,0.000000,,,0,0,0,0,,,0,,,Ribeiras do Algarve,PT,125,133.64,Ribeiras do Algarve,,0,TRUE,0,1,0,0,0,0,16,FALSE,2752500,1752500,,,Provider upArea too small to be included in calibration,1427,FALSE,1023,FALSE,Ribeira de Alportel
EFAS,11,01428,Castelo Bom,-6.907000,40.628000,0,0.000000,0.000000,,,0,0,0,0,,,0,HIST_24h,,Douro,PT,950,944.16,Duero,3,0,TRUE,0,1,0,0,0,0,580,TRUE,2897500,2102500,24,,,1428,FALSE,1023,FALSE,Coa
EFAS,11,01429,Castro Daire,-7.932000,40.891000,0,0.000000,0.000000,,,0,0,0,0,,,0,,,Douro,PT,300,288.17,Duero,,0,TRUE,0,1,0,0,0,0,464,FALSE,2822500,2157500,,,Provider upArea too small to be included in calibration,1429,FALSE,1023,FALSE,Paiva
EFAS,11,01430,Cidadelhe,-7.101000,40.915000,0,0.000000,0.000000,,,0,0,0,0,,,0,HIST_24h,,Douro,PT,1775,1743.1,Duero,3,0,TRUE,0,1,0,0,0,0,251,TRUE,2887500,2142500,24,,,1430,FALSE,1023,FALSE,Coa
EFAS,11,01431,Couto De Andreiros,-7.604000,39.269000,0,0.000000,0.000000,,,0,0,0,0,,,0,,,Tagus,PT,250,244.53,Tajo,,0,TRUE,0,1,0,0,0,0,208,FALSE,2812500,1972500,,,Provider upArea too small to be included in calibration,1431,FALSE,1023,FALSE,Ribeira da Raia
EFAS,11,01432,Cunhas,-7.851000,41.530000,0,0.000000,0.000000,,,0,0,0,0,,,0,,,Douro,PT,350,337.28,Duero,,0,TRUE,0,1,0,0,0,0,222,FALSE,2847500,2227500,,,Provider upArea too small to be included in calibration,1432,FALSE,1023,FALSE,Beca
EFAS,11,01433,Escalhão,-6.875000,40.961000,0,0.000000,0.000000,,,0,0,0,0,,,0,HIST_24h,,Douro,PT,2550,2537.08,Duero,3,0,TRUE,0,1,0,0,0,0,171,TRUE,2902500,2147500,24,,,1433,FALSE,1023,FALSE,Agueda
EFAS,11,01434,Fábrica Da Matrena,-8.379000,39.532000,0,0.000000,0.000000,,,0,0,0,0,,,0,HIST_24h,,Tagus,PT,1050,1047.15,Tajo,3,0,TRUE,0,1,0,0,0,0,50,TRUE,2747500,2017500,24,,,1434,FALSE,1023,FALSE,Nabao
EFAS,11,01435,Fragas Da Torre,-8.180000,40.941000,0,0.000000,0.000000,,,0,0,0,0,,,0,HIST_24h,,Douro,PT,650,646.74,Duero,3,0,TRUE,0,1,0,0,0,0,165,TRUE,2797500,2167500,24,,,1435,FALSE,1023,FALSE,Paiva
EFAS,11,01436,Fridão,-8.023000,41.322000,0,0.000000,0.000000,,,0,0,0,0,,,0,HIST_24h,,Douro,PT,2575,2616.41,Duero,3,0,TRUE,0,1,0,0,0,0,111,TRUE,2822500,2207500,24,,,1436,FALSE,1023,FALSE,Tamega
EFAS,11,01437,Fronhas,-8.164000,40.246000,0,0.000000,0.000000,,,0,0,0,0,,,0,HIST_24h,,Mondego,PT,675,640.85,Mondego,0,0,TRUE,0,1,0,0,0,0,118,FALSE,2787500,2087500,,,Low quality data,1437,FALSE,1023,FALSE,Alva
EFAS,11,01438,Gimonde,-6.696000,41.798000,0,0.000000,0.000000,,,0,0,0,0,,,0,,,Douro,PT,425,405.59,Duero,,0,TRUE,0,1,0,0,0,0,508,FALSE,2942500,2232500,,,Provider upArea too small to be included in calibration,1438,FALSE,1023,FALSE,Sabor
EFAS,11,01439,Moinho Da Gamitinha,-8.404000,38.063000,0,0.000000,0.000000,,,0,0,0,0,,,0,HIST_24h,,Sado,PT,2650,2713.16,Sado,3,0,TRUE,0,1,0,0,0,0,31,TRUE,2712500,1857500,24,,,1439,FALSE,1023,FALSE,Sado
EFAS,11,01440,Moinho Da Ponte Nova,-7.505000,41.040000,0,0.000000,0.000000,,,0,0,0,0,,,0,,,Douro,PT,425,439.92,Duero,,0,TRUE,0,1,0,0,0,0,452,FALSE,2852500,2162500,,,Provider upArea too small to be included in calibration,1440,FALSE,1023,FALSE,Tavora
EFAS,11,01441,Moinho Novo,-8.029000,39.228000,0,0.000000,0.000000,,,0,0,0,0,,,0,HIST_24h,,Tagus,PT,650,647.05,Tajo,3,0,TRUE,0,1,0,0,0,0,99,TRUE,2767500,1972500,24,,,1441,FALSE,1023,FALSE,Sor
EFAS,11,01442,Monforte,-7.446000,39.055000,0,0.000000,0.000000,,,0,0,0,0,,,0,,,Tagus,PT,150,141.46,Tajo,,0,TRUE,0,1,0,0,0,0,233,FALSE,2817500,1947500,,,Provider upArea too small to be included in calibration,1442,FALSE,1023,FALSE,Ribeira Grande
EFAS,11,01443,Monte Da Ponte,-7.859000,37.836000,0,0.000000,0.000000,,,0,0,0,0,,,0,HIST_24h,,Guadiana,PT,750,719.08,Guadiana,0,0,TRUE,0,1,0,0,0,0,103,FALSE,2752500,1822500,,,Low quality data change in hydrometric zero,1443,FALSE,1023,FALSE,Cobres
EFAS,11,01444,Monte Dos Fortes,-7.624000,37.342000,0,0.000000,0.000000,,,0,0,0,0,,,0,,,Guadiana,PT,275,284.29,Guadiana,,0,TRUE,0,1,0,0,0,0,74,FALSE,2757500,1772500,,,Provider upArea too small to be included in calibration,1444,FALSE,1023,FALSE,Ribeira de Odeleite
EFAS,11,01445,Monte Pisão,-7.274000,39.111000,0,0.000000,0.000000,,,0,0,0,0,,,0,,,Guadiana,PT,225,221.27,Guadiana,,0,TRUE,0,1,0,0,0,0,252,FALSE,2832500,1952500,,,Provider upArea too small to be included in calibration,1445,FALSE,1023,FALSE,Caia
EFAS,11,01446,Murça,-7.463000,41.401000,0,0.000000,0.000000,,,0,0,0,0,,,0,,,Douro,PT,275,261.4,Duero,,0,TRUE,0,1,0,0,0,0,393,FALSE,2867500,2207500,,,Provider upArea too small to be included in calibration,1446,FALSE,1023,FALSE,Tinhela
EFAS,11,01447,Nelas,-7.823000,40.503000,0,0.000000,0.000000,,,0,0,0,0,,,0,HIST_24h,,Mondego,PT,1100,1125.54,Mondego,3,0,TRUE,0,1,0,0,0,0,177,TRUE,2822500,2112500,24,,,1447,FALSE,1023,FALSE,Mondego
EFAS,11,01448,Oeiras,-7.712000,37.664000,0,0.000000,0.000000,,,0,0,0,0,,,0,,,Guadiana,PT,500,467.53,Guadiana,,0,TRUE,0,1,0,0,0,0,59,FALSE,2762500,1802500,,,Provider upArea too small to be included in calibration,1448,FALSE,1023,FALSE,Ribera de Oeiras
EFAS,11,01449,Ponte Águeda,-8.448000,40.571000,0,0.000000,0.000000,,,0,0,0,0,,,0,,,Vouga,PT,400,404.28,Vouga,,0,TRUE,0,1,0,0,0,0,12,FALSE,2762500,2127500,,,Provider upArea too small to be included in calibration,1449,FALSE,1023,FALSE,Agueda
EFAS,11,01450,Ponte Alvalade Campilhas,-8.404000,37.932000,0,0.000000,0.000000,,,0,0,0,0,,,0,HIST_24h,,Sado,PT,675,698.32,Sado,3,0,TRUE,0,1,0,0,0,0,45,TRUE,2707500,1842500,24,,,1450,FALSE,1023,FALSE,Ribeira de Campilhas
EFAS,11,01451,Ponte Alvalade Sado,-8.383000,37.941000,0,0.000000,0.000000,,,0,0,0,0,,,0,HIST_24h,,Sado,PT,625,669.75,Sado,3,0,TRUE,0,1,0,0,0,0,49,TRUE,2712500,1842500,24,,Moved on Sado Moved South to avoid conflict in inflow,1451,FALSE,1023,FALSE,Sado
EFAS,11,01452,Ponte Cabouco,-8.372000,40.178000,0,0.000000,0.000000,,,0,0,0,0,,,0,HIST_24h,,Mondego,PT,450,502.81,Mondego,3,0,TRUE,0,1,0,0,0,0,30,TRUE,2767500,2087500,24,,,1452,FALSE,1023,FALSE,Ceira
EFAS,11,01453,Ponte Cavez,-7.893000,41.513000,0,0.000000,0.000000,,,0,0,0,0,,,0,HIST_24h,,Douro,PT,1925,1995.99,Duero,2,0,TRUE,0,1,0,0,0,0,211,FALSE,2842500,2222500,,,close to 1436,1453,FALSE,1023,FALSE,Tamega
EFAS,11,01454,Ponte Da Barca,-8.421000,41.809000,0,0.000000,0.000000,,,0,0,0,0,,,0,HIST_24h,,Lima,PT,2100,1728.77,Lima,3,0,TRUE,0,1,0,0,0,0,29,TRUE,2797500,2267500,24,,Moved downstream of confluence oscillations regulated,1454,FALSE,1023,FALSE,Lima
EFAS,11,01455,Ponte Figueira,-7.056000,40.784000,0,0.000000,0.000000,,,0,0,0,0,,,0,,,Douro,PT,250,273.33,Duero,,0,TRUE,0,1,0,0,0,0,502,FALSE,2892500,2117500,,,Provider upArea too small to be included in calibration,1455,FALSE,1023,FALSE,Ribeira das Cabras
EFAS,11,01458,Ponte Mocate,-8.637000,40.082000,0,0.000000,0.000000,,,0,0,0,0,,,0,,,Mondego,PT,500,465.61,Mondego,,0,TRUE,0,1,0,0,0,0,7,FALSE,2742500,2082500,,,Provider upArea too small to be included in calibration,1458,FALSE,1023,FALSE,Arunca
EFAS,11,01459,Ponte Pinelo,-6.578000,41.644000,0,0.000000,0.000000,,,0,0,0,0,,,0,HIST_24h,,Douro,PT,550,543.72,Duero,3,0,TRUE,0,1,0,0,0,0,500,TRUE,2947500,2212500,24,,,1459,FALSE,1023,FALSE,Ribeira do Rio Macas
EFAS,11,01460,Ponte Redonda,-8.378000,40.546000,0,0.000000,0.000000,,,0,0,0,0,,,0,,,Vouga,PT,225,151.6,Vouga,,0,TRUE,0,1,0,0,0,0,75,FALSE,2772500,2127500,,,Provider upArea too small to be included in calibration  Moved,1460,FALSE,1023,FALSE,Agueda
EFAS,11,01461,Ponte Ribeira Pernes,-8.660000,39.390000,0,0.000000,0.000000,,,0,0,0,0,,,0,,,Tagus,PT,175,162.85,Tajo,,0,TRUE,0,1,0,0,0,0,37,FALSE,2722500,2007500,,,Provider upArea too small to be included in calibration,1461,FALSE,1023,FALSE,Alviela
EFAS,11,01462,Ponte Rodoviária,-8.174000,37.124000,0,0.000000,0.000000,,,0,0,0,0,,,0,,,Ribeiras do Algarve,PT,325,324.58,Ribeiras do Algarve,,0,TRUE,0,1,0,0,0,0,23,FALSE,2707500,1762500,,,Provider upArea too small to be included in calibration,1462,FALSE,1023,FALSE,Ribeira da Quarteira
EFAS,11,01463,Ponte Vale Maior,-8.461000,40.693000,0,0.000000,0.000000,,,0,0,0,0,,,0,,,Vouga,PT,200,189.7,Vouga,,0,TRUE,0,1,0,0,0,0,32,FALSE,2772500,2152500,,,Provider upArea too small to be included in calibration,1463,FALSE,1023,FALSE,Caima
EFAS,11,01464,Ponte Vila Formosa,-7.784000,39.216000,0,0.000000,0.000000,,,0,0,0,0,,,0,HIST_24h,,Tagus,PT,700,664.81,Tajo,3,0,TRUE,0,1,0,0,0,0,139,TRUE,2792500,1972500,24,,,1464,FALSE,1023,FALSE,Riberia da Raia
EFAS,11,01465,Pulo Do Lobo,-7.633000,37.803000,0,0.000000,0.000000,,,0,0,0,0,,,0,HIST_24h,,Guadiana,PT,61750,61884.92,Guadiana,3,0,TRUE,0,1,0,0,0,0,28,TRUE,2772500,1812500,24,,,1465,FALSE,1023,FALSE,Guadiana
EFAS,11,01466,Quinta Castelo Borges,-7.640000,41.144000,0,0.000000,0.000000,,,0,0,0,0,,,0,,,Douro,PT,175,172.4,Duero,,0,TRUE,0,1,0,0,0,0,110,FALSE,2847500,2172500,,,Provider upArea too small to be included in calibration,1466,FALSE,1023,FALSE,Tedo
EFAS,11,01467,Quinta Das Laranjeiras,-7.059000,41.208000,0,0.000000,0.000000,,,0,0,0,0,,,0,HIST_24h,,Douro,PT,3450,3487.49,Duero,3,0,TRUE,0,1,0,0,0,0,152,TRUE,2897500,2172500,24,,,1467,FALSE,1023,FALSE,Sabor
EFAS,11,01468,Quinta Rape,-7.513000,40.889000,0,0.000000,0.000000,,,0,0,0,0,,,0,,,Douro,PT,175,171.55,Duero,,0,TRUE,0,1,0,0,0,0,577,FALSE,2852500,2142500,,,Provider upArea too small to be included in calibration,1468,FALSE,1023,FALSE,Tavora
EFAS,11,01469,Rabaçal,-8.381000,41.814000,0,0.000000,0.000000,,,0,0,0,0,,,0,HIST_24h,,Lima,PT,2075,1697.74,Lima,2,0,TRUE,0,1,0,0,0,0,26,FALSE,2802500,2267500,,,dam  moved station downstream  close to 1454,1469,FALSE,1023,FALSE,Lima
EFAS,11,01470,Rebordelo,-7.174000,41.749000,0,0.000000,0.000000,,,0,0,0,0,,,0,HIST_24h,,Douro,PT,875,868.61,Duero,3,0,TRUE,0,1,0,0,0,0,359,TRUE,2902500,2232500,24,,,1470,FALSE,1023,FALSE,Rabacal
EFAS,11,01471,Ribeiro,-8.398000,40.566000,0,0.000000,0.000000,,,0,0,0,0,,,0,,,Vouga,PT,225,204.67,Vouga,,0,TRUE,0,1,0,0,0,0,24,FALSE,2777500,2132500,,,Provider upArea too small to be included in calibration Moved,1471,FALSE,1023,FALSE,Alfusqueiro
EFAS,11,01472,Secarias,-8.037000,40.249000,0,0.000000,0.000000,,,0,0,0,0,,,0,HIST_24h,,Mondego,PT,475,512.16,Mondego,3,0,TRUE,0,1,0,0,0,0,152,TRUE,2802500,2092500,24,,,1472,FALSE,1023,FALSE,Alva
EFAS,11,01473,Segura,-6.983000,39.815000,0,0.000000,0.000000,,,0,0,0,0,,,0,HIST_24h,,Tagus,PT,1000,981.66,Tajo,3,0,TRUE,0,1,0,0,0,0,184,TRUE,2877500,2022500,24,,,1473,FALSE,1023,FALSE,Erges
EFAS,11,01474,Tenência (PORTO Das Areias),-7.486000,37.364000,0,0.000000,0.000000,,,0,0,0,0,,,0,,,Guadiana,PT,400,396.89,Guadiana,,0,TRUE,0,1,0,0,0,0,9,FALSE,2772500,1767500,,,Provider upArea too small to be included in calibration,1474,FALSE,1023,FALSE,Ribeira da Foupana
EFAS,11,01475,Torrão Do Alentejo,-8.229000,38.299000,0,0.000000,0.000000,,,0,0,0,0,,,0,,,Sado,PT,475,468.35,Sado,,0,TRUE,0,1,0,0,0,0,58,FALSE,2727500,1877500,,,Provider upArea too small to be included in calibration,1475,FALSE,1023,FALSE,Ribeira do Xarrama
EFAS,11,01476,Vale De Mendiz,-7.536000,41.235000,0,0.000000,0.000000,,,0,0,0,0,,,0,,,Douro,PT,250,246.17,Duero,,0,TRUE,0,1,0,0,0,0,176,FALSE,2857500,2187500,,,Provider upArea too small to be included in calibration,1476,FALSE,1023,FALSE,Pinhao
EFAS,11,01477,Vale Trevo,-7.138000,40.908000,0,0.000000,0.000000,,,0,0,0,0,,,0,,,Douro,PT,425,405.4,Duero,,0,TRUE,0,1,0,0,0,0,338,FALSE,2882500,2142500,,,Provider upArea too small to be included in calibration,1477,FALSE,1023,FALSE,Ribeira de Massueime
EFAS,11,01478,Vascão,-7.579000,37.520000,0,0.000000,0.000000,,,0,0,0,0,,,0,,,Guadiana,PT,400,409.89,Guadiana,,0,TRUE,0,1,0,0,0,0,49,FALSE,2767500,1782500,,,Provider upArea too small to be included in calibration,1478,FALSE,1023,FALSE,Ribeira do Vascao
EFAS,11,01479,Vendinha,-7.678000,38.460000,0,0.000000,0.000000,,,0,0,0,0,,,0,HIST_24h,,Guadiana,PT,825,821.31,Guadiana,3,0,TRUE,0,1,0,0,0,0,162,TRUE,2782500,1887500,24,,,1479,FALSE,1023,FALSE,Rio Degebe
EFAS,11,01480,Vinhais (QUINTA Ranca),-6.995000,41.810000,0,0.000000,0.000000,,,0,0,0,0,,,0,,,Douro,PT,500,478.54,Duero,,0,TRUE,0,1,0,0,0,0,441,FALSE,2922500,2237500,,,Provider upArea too small to be included in calibration,1480,FALSE,1023,FALSE,Rio Tuela
EFAS,11,01481,Ponte Juncais,-7.521000,40.612000,0,0.000000,0.000000,,,0,0,0,0,,,0,HIST_24h,,Mondego,PT,625,606.6,Mondego,2,0,TRUE,0,1,0,0,0,0,335,FALSE,2852500,2117500,24,,close to 1447,1481,FALSE,1023,FALSE,Mondego
EFAS,11,01482,Ashton Weir,-2.344072,53.438308,0,0.000000,0.000000,,,0,0,0,0,,,1,HIST_24h,,Mersey,UK,650,660,Mersey,3,0,TRUE,1,1,0,1,1,1,,TRUE,3512500,3437500,24,ID_1482_202201210919.mod,,1482,TRUE,1038,TRUE,Mersey
EFAS,11,01483,Bewdley,-2.322438,52.383563,0,0.000000,0.000000,,,0,0,0,0,,,1,HIST_24h,C624,Severn,UK,4300,4325,Severn,3,0,TRUE,1,1,0,1,1,1,,TRUE,3487500,3322500,24,ID_1483_202201210919.mod,,1483,TRUE,1038,TRUE,Severn
EFAS,11,01484,Evesham,-1.942876,52.092165,0,0.000000,0.000000,,,0,0,0,0,,,1,HIST_24h,C679,Severn,UK,2275,2210,Severn,3,0,TRUE,0,1,0,1,1,1,,TRUE,3507500,3287500,24,,,1484,FALSE,1038,FALSE,Avon
EFAS,11,01485,Montford,-2.872198,52.724474,0,0.000000,0.000000,,,0,0,0,0,,,1,,,Severn,UK,1950,2025,Severn,,0,TRUE,1,1,0,1,1,1,,FALSE,3452500,3367500,24,ID_1485_202201210932.mod,Not enough discarge data available for calibration period,1485,TRUE,1038,TRUE,Severn
EFAS,11,01486,Tenbury,-2.591539,52.313207,0,0.000000,0.000000,,,0,0,0,0,,,1,HIST_24h,,Severn,UK,1175,1134.4,Severn,3,0,TRUE,0,1,0,0,1,1,,TRUE,3462500,3317500,24,,,1486,FALSE,1038,FALSE,Teme
EFAS,11,01487,Saxons Lode,-2.200744,52.049661,0,0.000000,0.000000,,,0,0,0,0,,,1,,,Severn,UK,6800,6850,Severn,,0,TRUE,1,1,0,1,1,1,,FALSE,3487500,3287500,24,ID_1487_202201210932.mod,Not enough discarge data available for calibration period,1487,TRUE,1038,TRUE,Severn
EFAS,11,01488,Haw Bridge,-2.227065,51.948918,0,0.000000,0.000000,,,0,0,0,0,,,1,,,Severn,UK,9725,9895,Severn,,0,TRUE,0,1,0,0,1,1,,FALSE,3487500,3277500,,,No discharge data available for calibration period,1488,FALSE,1038,FALSE,Severn
EFAS,11,01489,Bredon,-2.116566,52.034940,0,0.000000,0.000000,,,0,0,0,0,,,1,,,Severn,UK,2675,2674,Severn,,0,TRUE,1,1,0,1,1,1,,FALSE,3492500,3282500,24,ID_1489_202201210932.mod,Not enough discarge data available for calibration period,1489,TRUE,1038,TRUE,Avon
EFAS,11,01490,Buildwas,-2.524962,52.636354,0,0.000000,0.000000,,,0,0,0,0,,,1,,,Severn,UK,3700,3717,Severn,,0,TRUE,1,1,0,1,1,1,,FALSE,3482500,3352500,24,ID_1490_202201210934.mod,Not enough discarge data available for calibration period,1490,TRUE,1038,TRUE,Severn
EFAS,11,01491,Kidderminster,-2.250478,52.388952,0,0.000000,0.000000,,,0,0,0,0,,,0,,,Severn,UK,350,324,Severn,,0,TRUE,0,1,0,1,1,0,,FALSE,3492500,3322500,,,Provider upArea too small to be included in calibration,1491,FALSE,1038,FALSE,Stour
EFAS,11,01492,Shardlow,-1.335368,52.865431,0,0.000000,0.000000,,,0,0,0,0,,,1,,,Trent,UK,4375,4400,Trent,,0,TRUE,1,1,0,1,1,1,,FALSE,3557500,3362500,24,ID_1492_202201210934.mod,Not enough discarge data available for calibration period,1492,TRUE,1038,TRUE,Trent
EFAS,11,01493,Colwick,-1.077720,52.952707,0,0.000000,0.000000,,,0,0,0,0,,,1,HIST_24h,C654,Trent,UK,7550,7486,Trent,3,0,TRUE,0,1,0,0,1,1,,TRUE,3572500,3372500,24,,,1493,FALSE,1038,FALSE,Trent
EFAS,11,01494,Kings Bromley,-1.805399,52.756920,0,0.000000,0.000000,,,0,0,0,0,,,1,,,Trent,UK,1325,1229,Trent,,0,TRUE,1,1,0,1,1,1,,FALSE,3527500,3357500,24,ID_1494_202201210938.mod,Not enough discarge data available for calibration period,1494,TRUE,1038,TRUE,Trent
EFAS,11,01495,Drakelow,-1.647106,52.780647,0,0.000000,0.000000,,,0,0,0,0,,,1,,,Trent,UK,3100,3072,Trent,,0,TRUE,0,1,0,0,1,1,,FALSE,3537500,3357500,,,No discharge data available for calibration period,1495,FALSE,1038,FALSE,Trent
EFAS,11,01496,North Muskham,-0.803653,53.131855,0,0.000000,0.000000,,,0,0,0,0,,,1,,,Trent,UK,8275,8231,Trent,,0,TRUE,1,1,0,1,1,1,,FALSE,3602500,3382500,24,ID_1496_202201210938.mod,Not enough discarge data available for calibration period,1496,TRUE,1038,TRUE,Trent
EFAS,11,01497,Syston,-1.091508,52.706226,0,0.000000,0.000000,,,0,0,0,0,,,1,,,Trent,UK,450,413.8,Trent,,0,TRUE,1,1,0,1,1,1,,FALSE,3577500,3347500,24,ID_1497_202201210938.mod,Provider upArea too small to be included in calibration,1497,TRUE,1038,TRUE,Wreake
EFAS,11,01498,Twyford Bridge,-0.952008,53.269620,0,0.000000,0.000000,,,0,0,0,0,,,1,,,Trent,UK,300,128.2,Trent,,0,TRUE,1,1,0,1,1,1,,FALSE,3592500,3402500,24,ID_1498_202201210938.mod,Provider upArea too small to be included in calibration,1498,TRUE,1038,TRUE,Poulter
EFAS,11,01499,Kegworth,-1.273539,52.831898,0,0.000000,0.000000,,,0,0,0,0,,,1,,,Trent,UK,1350,1292,Trent,,0,TRUE,1,1,0,1,1,1,,FALSE,3567500,3357500,24,ID_1499_202201210938.mod,Not enough discarge data available for calibration period,1499,TRUE,1038,TRUE,Soar
EFAS,11,01500,Bescot,-1.983428,52.560205,0,0.000000,0.000000,,,0,0,0,0,,,1,,,Trent,UK,150,169,Trent,,0,TRUE,1,1,0,1,1,1,,FALSE,3512500,3337500,24,ID_1500_202201210938.mod,Provider upArea too small to be included in calibration,1500,TRUE,1038,TRUE,Tame
EFAS,11,01501,Littlethorpe,-1.201273,52.571268,0,0.000000,0.000000,,,0,0,0,0,,,1,,,Trent,UK,175,183.9,Trent,,0,TRUE,1,1,0,1,1,1,,FALSE,3562500,3332500,24,ID_1501_202201210938.mod,Provider upArea too small to be included in calibration,1501,TRUE,1038,TRUE,Soar
EFAS,11,01502,Darlaston,-2.171867,52.916247,0,0.000000,0.000000,,,0,0,0,0,,,1,,,Trent,UK,175,195.2,Trent,,0,TRUE,1,1,0,1,1,1,,FALSE,3507500,3382500,24,ID_1502_202201210939.mod,Provider upArea too small to be included in calibration,1502,TRUE,1038,TRUE,Trent
EFAS,11,01503,Derby City,-1.475443,52.927260,0,0.000000,0.000000,,,0,0,0,0,,,1,,,Trent,UK,1175,1054,Trent,,0,TRUE,1,1,0,1,1,1,,FALSE,3552500,3372500,24,ID_1503_202201210955.mod,Not enough discarge data available for calibration period,1503,TRUE,1038,TRUE,Derwent
EFAS,11,01504,South Wigston,-1.134530,52.573856,0,0.000000,0.000000,,,0,0,0,0,,,1,,,Trent,UK,125,113,Trent,,0,TRUE,1,1,0,1,1,1,,FALSE,3572500,3327500,24,ID_1504_202201210955.mod,Provider upArea too small to be included in calibration,1504,TRUE,1038,TRUE,Sence
EFAS,11,01505,Blyth,-1.053244,53.377166,0,0.000000,0.000000,,,0,0,0,0,,,1,,,Trent,UK,250,231,Trent,,0,TRUE,1,1,0,1,1,1,,FALSE,3587500,3417500,24,ID_1505_202201210955.mod,Provider upArea too small to be included in calibration,1505,TRUE,1038,TRUE,Ryton
EFAS,11,01506,Pillings Lock,-1.164067,52.758541,0,0.000000,0.000000,,,0,0,0,0,,,1,,,Trent,UK,1100,1108.36,Trent,,0,TRUE,1,1,0,1,1,1,,FALSE,3572500,3347500,24,ID_1506_202201210955.mod,Not enough discarge data available for calibration period,1506,TRUE,1038,TRUE,Soar
EFAS,11,01507,Sandiacre,-1.283492,52.921584,0,0.000000,0.000000,,,0,0,0,0,,,1,,,Trent,UK,225,182.2,Trent,,0,TRUE,0,1,0,0,1,1,,FALSE,3567500,3372500,,,Provider upArea too small to be included in calibration,1507,FALSE,1038,FALSE,Erewash
EFAS,11,01508,Lenton,-1.183337,52.948176,0,0.000000,0.000000,,,0,0,0,0,,,1,,,Trent,UK,125,111,Trent,,0,TRUE,1,1,0,1,1,1,,FALSE,3572500,3377500,24,ID_1508_202201210955.mod,Provider upArea too small to be included in calibration,1508,TRUE,1038,TRUE,Leen
EFAS,11,01509,Salisbury Harnham Bridge,-1.794461,51.061234,0,0.000000,0.000000,,,0,0,0,0,,,1,,,Avon (Hampshire),UK,1250,,Avon,,0,TRUE,1,1,0,1,0,0,,FALSE,3497500,3172500,24,ID_1509_202201210955.mod,Not enough discarge data available for calibration period  It cannot be located correctly  Do not use,1509,TRUE,1038,TRUE,Avon (Hampshire)
EFAS,11,01510,Throop,-1.842030,50.763832,0,0.000000,0.000000,,,0,0,0,0,,,1,HIST_24h,,Stour,UK,1050,1073,Stour,3,0,TRUE,0,1,0,0,1,1,,TRUE,3487500,3142500,24,,,1510,FALSE,1038,FALSE,Stour
EFAS,11,01511,Loverley Farm,-1.991570,50.876605,0,0.000000,0.000000,,,0,0,0,0,,,1,,,Stour,UK,125,,Stour,,0,TRUE,1,1,0,1,1,1,,FALSE,3482500,3152500,24,ID_1511_202201210955.mod,Not enough discarge data available for calibration period,1511,TRUE,1038,TRUE,Allen
EFAS,11,01512,Wincanton A303,-2.412510,51.048996,0,0.000000,0.000000,,,0,0,0,0,,,1,,,Stour,UK,25,,Stour,,0,TRUE,1,1,0,1,0,0,,FALSE,3457500,3177500,24,ID_1512_202201210955.mod,Not enough discarge data available for calibration period,1512,TRUE,1038,TRUE,Cale
EFAS,11,01513,Sturminster Marshall Maggs Bridge,-2.083074,50.796983,0,0.000000,0.000000,,,0,0,0,0,,,1,,,Stour,UK,25,,Stour,,0,TRUE,1,1,0,1,0,0,,FALSE,3462500,3452500,24,ID_1513_202201210955.mod,Not enough discarge data available for calibration period,1513,TRUE,1038,TRUE,Winterborne
EFAS,11,01514,Wimborne A31,-1.971312,50.789681,0,0.000000,0.000000,,,0,0,0,0,,,1,,,Stour,UK,1025,,Stour,,0,TRUE,1,1,0,1,0,0,,FALSE,3482500,3142500,24,ID_1514_202201210955.mod,Not enough discarge data available for calibration period,1514,TRUE,1038,TRUE,Stour
EFAS,11,01515,Huntingford Bridge,-2.269530,51.067397,0,0.000000,0.000000,,,0,0,0,0,,,1,,,Stour,UK,50,,Stour,,0,TRUE,1,1,0,1,0,0,,FALSE,3467500,3177500,24,ID_1515_202201211007.mod,Not enough discarge data available for calibration period,1515,TRUE,1038,TRUE,Shreen water
EFAS,11,01516,Bridport North Mills,-2.758202,50.739107,0,0.000000,0.000000,,,0,0,0,0,,,0,,,Brit,UK,25,,Brit,,0,FALSE,0,0,0,0,0,0,,FALSE,3427500,3152500,,,No discharge data available for calibration period Almost same location as 1518 no data available,1516,FALSE,1038,FALSE,Brit
EFAS,11,01517,Bridport Magdalen Lane,-2.767024,50.732602,0,0.000000,0.000000,,,0,0,0,0,,,1,,,Brit,UK,100,,Brit,,0,TRUE,1,1,0,1,0,0,,FALSE,3422500,3147500,24,ID_1517_202201211007.mod,Not enough discarge data available for calibration period,1517,TRUE,1038,TRUE,Simene
EFAS,11,01518,Bridport East Bridge,-2.752023,50.732016,0,0.000000,0.000000,,,0,0,0,0,,,1,,,Brit,UK,75,,Brit,,0,TRUE,1,1,0,1,0,0,,FALSE,3427500,3147500,24,ID_1518_202201211007.mod,Not enough discarge data available for calibration period,1518,TRUE,1038,TRUE,Asker
EFAS,11,01519,Trews Weir,-3.528346,50.716697,0,0.000000,0.000000,,,0,0,0,0,,,1,,,Exe,UK,1250,,Exe,,0,TRUE,1,1,0,1,0,0,,FALSE,3372500,3157500,24,ID_1519_202201211007.mod,Not enough discarge data available for calibration period,1519,TRUE,1038,TRUE,Exe
EFAS,11,01520,Withy Bridge,-3.454771,50.751957,0,0.000000,0.000000,,,0,0,0,0,,,1,,,Clyst,UK,75,,Clyst,,0,TRUE,1,1,0,1,0,0,,FALSE,3377500,3157500,24,ID_1520_202201211007.mod,Not enough discarge data available for calibration period,1520,TRUE,1038,TRUE,Clyst
EFAS,11,01521,Bovey Parke,-3.682939,50.595655,0,0.000000,0.000000,,,0,0,0,0,,,1,,,Teign,UK,125,,Teign,,0,TRUE,1,1,0,1,0,0,,FALSE,3357500,3142500,24,ID_1521_202201211007.mod,Not enough discarge data available for calibration period,1521,TRUE,1038,TRUE,Bovey
EFAS,11,01522,Chudleigh Bridge,-3.615960,50.595093,0,0.000000,0.000000,,,0,0,0,0,,,1,,,Teign,UK,225,,Teign,,0,TRUE,1,1,0,1,0,0,,FALSE,3362500,3147500,24,ID_1522_202201211007.mod,Not enough discarge data available for calibration period,1522,TRUE,1038,TRUE,Teign
EFAS,11,01523,Tamarstone Bridge,-4.438867,50.823636,0,0.000000,0.000000,,,0,0,0,0,,,1,,,Tamar,UK,75,,Tamar,,0,TRUE,1,1,0,1,0,0,,FALSE,3312500,3177500,24,ID_1523_202201211007.mod,Not enough discarge data available for calibration period,1523,TRUE,1038,TRUE,Tamar
EFAS,11,01524,Loe Bar,-5.291913,50.083780,0,0.000000,0.000000,,,0,0,0,0,,,0,,,Cober,UK,75,,Cober,,0,TRUE,0,1,0,1,0,0,,FALSE,3237500,3112500,,,Not enough discarge data available for calibration period,1524,FALSE,1038,FALSE,Cober
EFAS,11,01525,Langport Great Bow,-2.835020,51.037586,0,0.000000,0.000000,,,0,0,0,0,,,0,,,Parrett,UK,825,,Parrett,,0,FALSE,0,0,0,0,0,0,,FALSE,3427500,3182500,,,No discharge data available for calibration period,1525,FALSE,1038,FALSE,Parrett
EFAS,11,01526,Bath Ultrasonic,-2.379307,51.384327,0,0.000000,0.000000,,,0,0,0,0,,,1,,,Avon (Bristol),UK,1625,,Avon,,0,TRUE,1,1,0,1,0,0,,FALSE,3462500,3212500,24,ID_1526_202201211007.mod,Not enough discarge data available for calibration period,1526,TRUE,1038,TRUE,Avon (Bristol)
EFAS,11,01527,Bathford,-2.310449,51.401613,0,0.000000,0.000000,,,0,0,0,0,,,1,,,Avon (Bristol),UK,1600,1552,Avon,,0,TRUE,0,1,0,0,1,1,,FALSE,3467500,3212500,,,No discharge data available for calibration period,1527,FALSE,1038,FALSE,Avon (Bristol)
EFAS,11,01528,Frome Rodden Bridge,-2.308252,51.230803,0,0.000000,0.000000,,,0,0,0,0,,,1,,,Avon (Bristol),UK,275,,Avon,,0,TRUE,1,1,0,1,0,0,,FALSE,3467500,3197500,24,ID_1528_202201211007.mod,Not enough discarge data available for calibration period,1528,TRUE,1038,TRUE,Frome
EFAS,11,01529,Kearsley,-2.371963,53.546445,0,0.000000,0.000000,,,0,0,0,0,,,1,,,Mersey,UK,525,,Mersey,,0,TRUE,1,1,0,1,1,1,,FALSE,3507500,3452500,,ID_1529_202201211018.mod,Not enough discarge data available for calibration period,1529,TRUE,1038,TRUE,Irwell
EFAS,11,01530,Broomstairs,-2.095579,53.454855,0,0.000000,0.000000,,,0,0,0,0,,,1,,,Trent,UK,125,113,Trent,,0,TRUE,1,1,0,1,1,1,,FALSE,3522500,3442500,,,Provider upArea too small to be included in calibration,1530,FALSE,1038,TRUE,Tame
EFAS,11,01531,Westy,-2.560365,53.390658,0,0.000000,0.000000,,,0,0,0,0,,,1,,,Mersey,UK,2025,2030,Mersey,,0,TRUE,1,1,0,1,1,1,,FALSE,3492500,3437500,24,ID_1531_202201211018.mod,Not enough discarge data available for calibration period,1531,TRUE,1038,TRUE,Mersey
EFAS,11,01532,Wanes Blades,-2.793103,53.607043,0,0.000000,0.000000,,,0,0,0,0,,,1,,,Ribble,UK,225,198,Ribble,,0,TRUE,1,1,0,1,1,1,,FALSE,3477500,3462500,24,ID_1532_202201211018.mod,Provider upArea too small to be included in calibration,1532,TRUE,1038,TRUE,Douglas
EFAS,11,01533,Wigan,-2.625999,53.549250,0,0.000000,0.000000,,,0,0,0,0,,,1,,,Ribble,UK,50,55.3,Ribble,,0,TRUE,1,1,0,1,1,1,,FALSE,3487500,3462500,24,ID_1533_202201211018.mod,Provider upArea too small to be included in calibration,1533,TRUE,1038,TRUE,Douglas
EFAS,11,01534,Samlesbury,-2.624715,53.769110,0,0.000000,0.000000,,,0,0,0,0,,,1,HIST_24h,,Ribble,UK,1125,1145,Ribble,3,0,TRUE,0,1,0,0,1,1,,TRUE,3492500,3482500,24,,,1534,FALSE,1038,FALSE,Ribble
EFAS,11,01535,New Jumbles Rock,-2.453518,53.833695,0,0.000000,0.000000,,,0,0,0,0,,,1,,,Ribble,UK,1025,1053,Ribble,,0,TRUE,0,1,0,0,1,1,,FALSE,3507500,3482500,,,No discharge data available for calibration period,1535,FALSE,1038,FALSE,Ribble
EFAS,11,01536,Great Corby,-2.830743,54.890119,0,0.000000,0.000000,,,0,0,0,0,,,1,,,Eden,UK,1450,1373,Eden,,0,TRUE,0,1,0,0,1,1,,FALSE,3502500,3602500,,,No discharge data available for calibration period,1536,FALSE,1038,FALSE,Eden
EFAS,11,01537,Sheepmount,-2.952852,54.904860,0,0.000000,0.000000,,,0,0,0,0,,,1,HIST_24h,C676,Eden,UK,2375,2286.5,Eden,3,0,TRUE,0,1,0,0,1,1,,TRUE,3497500,3607500,24,,,1537,FALSE,1038,FALSE,Eden
EFAS,11,01538,Water Eaton,-1.826539,51.640170,0,0.000000,0.000000,,,0,0,0,0,,,1,,,Thames,UK,75,84.1,Thames,,0,TRUE,1,1,0,1,1,1,,FALSE,3507500,3232500,24,ID_1538_202201211018.mod,Provider upArea too small to be included in calibration,1538,TRUE,1038,TRUE,Ray
EFAS,11,01539,Belmont,-2.752202,52.045084,0,0.000000,0.000000,,,0,0,0,0,,,1,,,Wye,UK,1925,1895.9,Wye,,0,FALSE,0,0,0,0,1,1,,FALSE,3452500,3292500,,,No discharge data available for calibration period,1539,FALSE,1038,FALSE,Wye
EFAS,11,01540,Fairford,-1.783971,51.709394,0,0.000000,0.000000,,,0,0,0,0,,,1,,,Thames,UK,175,130,Thames,,0,TRUE,1,1,0,1,1,1,,FALSE,3512500,3242500,24,ID_1540_202201211018.mod,Provider upArea too small to be included in calibration,1540,TRUE,1038,TRUE,Coln
EFAS,11,01541,Worsham,-1.564378,51.793689,0,0.000000,0.000000,,,0,0,0,0,,,1,,,Thames,UK,300,296,Thames,,0,TRUE,1,1,0,1,1,1,,FALSE,3517500,3252500,24,ID_1541_202201211018.mod,Provider upArea too small to be included in calibration,1541,TRUE,1038,TRUE,Windrush
EFAS,11,01542,Farmoor,-1.366384,51.757544,0,0.000000,0.000000,,,0,0,0,0,,,1,,,Thames,UK,1550,1608.5,Thames,,0,TRUE,1,1,0,1,1,1,,FALSE,3537500,3242500,24,ID_1542_202201211018.mod,Not enough discarge data available for calibration period,1542,TRUE,1038,TRUE,Thames
EFAS,11,01543,Sutton Courtenay,-1.254167,51.647821,0,0.000000,0.000000,,,0,0,0,0,,,1,HIST_24h,,Thames,UK,3375,3414,Thames,0,0,TRUE,1,1,0,1,1,1,,FALSE,3547500,3232500,24,ID_1543_202201211018.mod,same location as 2433 almost same data  use 2433,1543,TRUE,1038,TRUE,Thames
EFAS,11,01544,Wheatley,-1.115198,51.740637,0,0.000000,0.000000,,,0,0,0,0,,,1,,,Thames,UK,550,533.8,Thames,,0,TRUE,1,1,0,1,1,1,,FALSE,3562500,3242500,24,ID_1544_202201211030.mod,Not enough discarge data available for calibration period,1544,TRUE,1038,TRUE,Thame
EFAS,11,01545,Reading,-0.967884,51.461325,0,0.000000,0.000000,,,0,0,0,0,,,1,,,Thames,UK,4625,4633.7,Thames,,0,TRUE,1,1,0,1,1,1,,FALSE,3557500,3207500,24,ID_1545_202201211030.mod,Not enough discarge data available for calibration period,1545,TRUE,1038,TRUE,Thames
EFAS,11,01546,Newbury,-1.323874,51.401605,0,0.000000,0.000000,,,0,0,0,0,,,1,,,Thames,UK,550,548.1,Thames,,0,TRUE,1,1,0,1,1,1,,FALSE,3532500,3207500,24,ID_1546_202201211030.mod,Not enough discarge data available for calibration period,1546,TRUE,1038,TRUE,Kennet
EFAS,11,01547,Farnborough,-0.739058,51.297410,0,0.000000,0.000000,,,0,0,0,0,,,1,,,Thames,UK,25,35.5,Thames,,0,TRUE,1,1,0,1,1,1,,FALSE,3572500,3182500,24,ID_1547_202201211030.mod,Provider upArea too small to be included in calibration,1547,TRUE,1038,TRUE,Blackwater
EFAS,11,01548,River Whitewater at Holdshot Farm,-0.940772,51.335871,0,0.000000,0.000000,,,0,0,0,0,,,1,,,Thames,UK,200,,Thames,,0,TRUE,1,1,0,1,1,1,,FALSE,3562500,3192500,24,ID_1548_202201211030.mod,Not enough discarge data available for calibration period,1548,TRUE,1038,TRUE,Whitewater
EFAS,11,01549,Taplow,-0.697199,51.529307,0,0.000000,0.000000,,,0,0,0,0,,,1,,,Thames,UK,25,,Thames,,0,TRUE,1,1,0,1,1,1,,FALSE,3577500,3212500,24,ID_1549_202201211030.mod,Not enough discarge data available for calibration period Moved on affluent,1549,TRUE,1038,TRUE,Jubilee
EFAS,11,01550,Maidenhead,-0.702103,51.524146,0,0.000000,0.000000,,,0,0,0,0,,,1,,,Thames,UK,7075,,Thames,,0,TRUE,1,1,0,1,1,1,,FALSE,3582500,3212500,24,ID_1550_202201211030.mod,Not enough discarge data available for calibration period,1550,TRUE,1038,TRUE,Thames
EFAS,11,01551,Windsor Park,-0.589124,51.485795,0,0.000000,0.000000,,,0,0,0,0,,,1,,,Thames,UK,7175,7046,Thames,,0,TRUE,1,1,0,1,1,1,,FALSE,3587500,3207500,24,ID_1551_202201211030.mod,Not enough discarge data available for calibration period,1551,TRUE,1038,TRUE,Thames
EFAS,11,01552,Hythe End,-0.535292,51.440219,0,0.000000,0.000000,,,0,0,0,0,,,1,,,Thames,UK,1000,,Thames,,0,TRUE,1,1,0,1,1,1,,FALSE,3592500,3202500,24,ID_1552_202201211030.mod,Not enough discarge data available for calibration period,1552,TRUE,1038,TRUE,Colne
EFAS,11,01553,Staines Trading Estate,-0.512241,51.437123,0,0.000000,0.000000,,,0,0,0,0,,,1,,,Thames,UK,975,,Thames,,0,TRUE,1,1,0,1,1,1,,FALSE,3597500,3207500,24,ID_1553_202201211030.mod,Not enough discarge data available for calibration period Moved upstream of 1552 very difficult to locate,1553,TRUE,1038,TRUE,Colne
EFAS,11,01554,Staines,-0.512248,51.431611,0,0.000000,0.000000,,,0,0,0,0,,,1,,,Thames,UK,8300,8120,Thames,,0,TRUE,1,1,0,1,1,1,,FALSE,3592500,3197500,24,ID_1554_202201211035.mod,Not enough discarge data available for calibration period,1554,TRUE,1038,TRUE,Thames
EFAS,11,01555,Chertsey Bourne,-0.539779,51.402823,0,0.000000,0.000000,,,0,0,0,0,,,1,,,Thames,UK,50,,Thames,,0,TRUE,1,1,0,1,1,1,,FALSE,3587500,3197500,24,ID_1555_202201211035.mod,Not enough discarge data available for calibration period Moved on affluent,1555,TRUE,1038,TRUE,The Bourne
EFAS,11,01556,Bramley,-0.570320,51.206896,0,0.000000,0.000000,,,0,0,0,0,,,1,,,Thames,UK,100,109.5,Thames,,0,TRUE,1,1,0,1,1,1,,FALSE,3587500,3167500,24,ID_1556_202201211035.mod,Provider upArea too small to be included in calibration,1556,TRUE,1038,TRUE,Cranleigh Waters / Bramley Wey
EFAS,11,01557,Hoe Stream at Woking,-0.537112,51.306994,0,0.000000,0.000000,,,0,0,0,0,,,1,,,Thames,UK,900,,Thames,,0,TRUE,0,1,0,0,1,0,,FALSE,3587500,3182500,,,No discharge data available for calibration period,1557,FALSE,1038,FALSE,Hoe
EFAS,11,01558,Guildford,-0.578011,51.236036,0,0.000000,0.000000,,,0,0,0,0,,,1,,,Thames,UK,775,689.6,Thames,,0,TRUE,1,1,0,1,1,1,,FALSE,3587500,3177500,24,ID_1558_202201211035.mod,Not enough discarge data available for calibration period,1558,TRUE,1038,TRUE,Wey
EFAS,11,01559,Weybridge,-0.466322,51.372480,0,0.000000,0.000000,,,0,0,0,0,,,1,,,Thames,UK,950,1008,Thames,,0,TRUE,1,1,0,1,1,1,,FALSE,3592500,3187500,24,ID_1559_202201211035.mod,Not enough discarge data available for calibration period Small affluent impossible to locate,1559,TRUE,1038,TRUE,Wey
EFAS,11,01560,Walton,-0.421389,51.391900,0,0.000000,0.000000,,,0,0,0,0,,,1,,,Thames,UK,9500,9291.5,Thames,,0,TRUE,1,1,0,1,1,1,,FALSE,3597500,3192500,24,ID_1560_202201211035.mod,Not enough discarge data available for calibration period,1560,TRUE,1038,TRUE,Thames
EFAS,11,01561,Gatwick Airport,-0.199530,51.144764,0,0.000000,0.000000,,,0,0,0,0,,,1,,,Thames,UK,25,31.8,Thames,,0,TRUE,1,1,0,1,1,1,,FALSE,3607500,3162500,24,ID_1561_202201211035.mod,Provider upArea too small to be included in calibration,1561,TRUE,1038,TRUE,Mole
EFAS,11,01562,Leatherhead,-0.336089,51.294985,0,0.000000,0.000000,,,0,0,0,0,,,1,,,Thames,UK,375,,Thames,,0,TRUE,1,1,0,1,1,1,,FALSE,3602500,3182500,24,ID_1562_202201211035.mod,Not enough discarge data available for calibration period,1562,TRUE,1038,TRUE,Mole
EFAS,11,01563,Esher,-0.377493,51.381714,0,0.000000,0.000000,,,0,0,0,0,,,1,,,Thames,UK,425,469.6,Thames,,0,TRUE,1,1,0,1,1,1,,FALSE,3597500,3187500,24,ID_1563_202201211035.mod,Provider upArea too small to be included in calibration,1563,TRUE,1038,TRUE,Mole
EFAS,11,01564,Thames at Kingston (Backup),-0.478405,51.374211,0,0.000000,0.000000,,,0,0,0,0,,,1,,,Thames,UK,1050,,Thames,,0,TRUE,1,1,0,1,1,1,,FALSE,3592500,3192500,24,ID_1564_202201211035.mod,Not enough discarge data available for calibration period,1564,TRUE,1038,TRUE,The Bourne
EFAS,11,01565,Kingston,-0.308869,51.415005,0,0.000000,0.000000,,,0,0,0,0,,,1,HIST_24h,C653,Thames,UK,10000,9948,Thames,3,0,TRUE,1,1,0,1,1,1,,TRUE,3602500,3192500,24,ID_1565_202201211041.mod,,1565,TRUE,1038,TRUE,Thames
EFAS,11,01566,Longley Road,-0.173411,51.421965,0,0.000000,0.000000,,,0,0,0,0,,,1,,,Thames,UK,200,,Thames,,0,TRUE,1,1,0,1,1,1,,FALSE,3617500,3192500,,ID_1566_202201211043.mod,Not enough discarge data available for calibration period,1566,TRUE,1038,TRUE,Graveney
EFAS,11,01567,"Roydon, Glen Faba",0.015113,51.764828,0,0.000000,0.000000,,,0,0,0,0,,,1,,,Thames,UK,275,280.2,Thames,,0,TRUE,1,1,0,1,1,1,,FALSE,3637500,3232500,24,ID_1567_202201211043.mod,Provider upArea too small to be included in calibration,1567,TRUE,1038,TRUE,Stort
EFAS,11,01568,"Hoddesdon, Rye Bridge",0.006126,51.770008,0,0.000000,0.000000,,,0,0,0,0,,,1,,,Thames,UK,825,758.3,Thames,,0,TRUE,1,1,0,1,1,1,,FALSE,3632500,3237500,24,ID_1568_202201211043.mod,Not enough discarge data available for calibration period,1568,TRUE,1038,TRUE,Lee
EFAS,11,01569,River Lee At Feildes Weir (Gauged),0.013620,51.764170,0,0.000000,0.000000,,,0,0,0,0,,,1,,,Thames,UK,1125,1036,Thames,,0,TRUE,0,1,0,0,1,1,,FALSE,3632500,3232500,,,No discharge data available for calibration period,1569,FALSE,1038,FALSE,Lee
EFAS,11,01570,Feildes Weir Navigation,0.013634,51.758384,0,0.000000,0.000000,,,0,0,0,0,,,1,,,Thames,UK,1175,,Thames,,1,FALSE,1,1,0,1,1,1,,FALSE,3632500,3227500,,,DO NOT USE Not enough discarge data available for calibration period Same as 1572  Do not use,1570,FALSE,1038,FALSE,Lee
EFAS,11,01571,Feildes Weir Flood Relief,0.014270,51.758225,0,0.000000,0.000000,,,0,0,0,0,,,1,,,Thames,UK,1175,,Thames,,1,FALSE,1,1,0,1,1,1,,FALSE,3632500,3227500,,,DO NOT USE Not enough discarge data available for calibration period Same as 1572  Do not use,1571,FALSE,1038,FALSE,Lee
EFAS,11,01572,Feildes Weir Ultrasonic,0.014057,51.758232,0,0.000000,0.000000,,,0,0,0,0,,,1,,,Thames,UK,1175,,Thames,,0,TRUE,1,1,0,1,0,0,,FALSE,3632500,3227500,24,ID_1572_202201211043.mod,Not enough discarge data available for calibration period Same as 1570 1571,1572,TRUE,1038,TRUE,Lee
EFAS,11,01573,Lea Bridge,-0.051025,51.567832,0,0.000000,0.000000,,,0,0,0,0,,,1,,,Thames,UK,1400,1364,Thames,,0,TRUE,1,1,0,1,1,1,,FALSE,3627500,3212500,24,ID_1573_202201211043.mod,Not enough discarge data available for calibration period,1573,TRUE,1038,TRUE,Lee
EFAS,11,01574,Geldharts Mill,-0.922807,52.271031,0,0.000000,0.000000,,,0,0,0,0,,,1,,,Nene,UK,125,,Nene,,0,TRUE,1,1,0,1,1,1,,FALSE,3577500,3302500,24,ID_1574_202201211043.mod,Not enough discarge data available for calibration period,1574,TRUE,1038,TRUE,Nene - Brampton Branch
EFAS,11,01575,Costessey Mill Sluice,1.218212,52.668256,0,0.000000,0.000000,,,0,0,0,0,,,1,,,Yare,UK,600,,Yare,,0,TRUE,1,1,0,1,1,1,,FALSE,3727500,3322500,24,ID_1575_202201211043.mod,Not enough discarge data available for calibration period,1575,TRUE,1038,TRUE,Wensum
EFAS,11,01576,Burton Coggles,-0.536693,52.823395,0,0.000000,0.000000,,,0,0,0,0,,,1,,,Welland,UK,75,,Welland,,0,TRUE,1,1,0,1,1,1,,FALSE,3612500,3352500,24,ID_1576_202201211043.mod,Not enough discarge data available for calibration period,1576,TRUE,1038,TRUE,West Glen
EFAS,11,01577,Ryhall Ps,-0.461996,52.684377,0,0.000000,0.000000,,,0,0,0,0,,,1,,,Welland,UK,150,,Welland,,0,TRUE,1,1,0,1,0,0,,FALSE,3617500,3337500,,ID_1577_202201211043.mod,Not enough discarge data available for calibration period Same coordinates as 1583 Very low quality data this stations must be excluded  Do not use,1577,TRUE,1038,TRUE,Gwash
EFAS,11,01578,Irnham,-0.460655,52.833221,0,0.000000,0.000000,,,0,0,0,0,,,1,,,Welland,UK,75,,Welland,,0,TRUE,1,1,0,1,1,1,,FALSE,3617500,3352500,24,ID_1578_202201211045.mod,Not enough discarge data available for calibration period,1578,TRUE,1038,TRUE,East Glen
EFAS,11,01579,St Andrews Bypass,-0.907242,52.248411,0,0.000000,0.000000,,,0,0,0,0,,,1,,,Nene,UK,275,,Nene,,0,TRUE,0,1,0,0,1,1,,FALSE,3577500,3297500,,,No discharge data available for calibration period,1579,FALSE,1038,FALSE,Nene - Brampton Branch
EFAS,11,01580,Tinwell Gs,-0.498408,52.642210,0,0.000000,0.000000,,,0,0,0,0,,,1,,,Welland,UK,500,,Welland,,0,TRUE,1,1,0,1,0,0,,FALSE,3612500,3332500,24,ID_1580_202201211053.mod,Not enough discarge data available for calibration period,1580,TRUE,1038,TRUE,Welland
EFAS,11,01581,North Brook Gs Empingham,-0.586211,52.669363,0,0.000000,0.000000,,,0,0,0,0,,,1,,,Welland,UK,125,,Welland,,0,TRUE,1,1,0,1,0,0,,FALSE,3607500,3337500,24,ID_1581_202201211053.mod,Not enough discarge data available for calibration period,1581,TRUE,1038,TRUE,North Brook
EFAS,11,01582,Barrowden Gs,-0.602096,52.588637,0,0.000000,0.000000,,,0,0,0,0,,,1,,,Welland,UK,400,,Welland,,0,TRUE,1,1,0,1,0,0,,FALSE,3607500,3327500,24,ID_1582_202201211053.mod,Not enough discarge data available for calibration period,1582,TRUE,1038,TRUE,Welland
EFAS,11,01583,Belmesthorpe Gs Gsm,-0.466665,52.675258,0,0.000000,0.000000,,,0,0,0,0,,,1,,,Welland,UK,150,,Welland,,0,TRUE,1,1,0,1,0,0,,FALSE,3612500,3337500,24,ID_1583_202201211053.mod,Not enough discarge data available for calibration period,1583,TRUE,1038,TRUE,Gwash
EFAS,11,01584,Chapel St Leonards Gs,0.330271,53.228157,0,0.000000,0.000000,,,0,0,0,0,,,1,,,Anglian,UK,200,,Anglian,,0,TRUE,1,1,0,1,0,0,,FALSE,3677500,3387500,24,ID_1584_202201211053.mod,Not enough discarge data available for calibration period,1584,TRUE,1038,TRUE,Anglian
EFAS,11,01585,Eye Brook Gs Caldecott,-0.737853,52.538917,0,0.000000,0.000000,,,0,0,0,0,,,1,,,Welland,UK,75,,Welland,,0,TRUE,1,1,0,1,0,0,,FALSE,3592500,3327500,,,Not enough discarge data available for calibration period,1585,FALSE,1038,TRUE,Eye brook
EFAS,11,01586,King Street Gs Stowe,-0.360954,52.681746,0,0.000000,0.000000,,,0,0,0,0,,,1,,,Welland,UK,175,,Welland,,0,TRUE,1,1,0,1,0,0,,FALSE,3622500,3337500,24,ID_1586_202201211053.mod,Not enough discarge data available for calibration period,1586,TRUE,1038,TRUE,Greatford cut
EFAS,11,01587,Doncaster,-1.141573,53.529564,0,0.000000,0.000000,,,0,0,0,0,,,1,,,Ouse,UK,1300,1256.2,Ouse,,0,FALSE,0,0,0,0,1,1,,FALSE,3582500,3432500,,,No discharge data available for calibration period,1587,FALSE,1038,FALSE,Don
EFAS,11,01588,Beal Weir Bridge,-1.198257,53.723209,0,0.000000,0.000000,,,0,0,0,0,,,1,,,Ouse,UK,1975,1932.1,Ouse,,0,FALSE,0,0,0,0,1,1,,FALSE,3587500,3457500,,,No discharge data available for calibration period,1588,FALSE,1038,FALSE,Aire
EFAS,11,01589,Skelton,-1.135153,53.991515,0,0.000000,0.000000,,,0,0,0,0,,,1,HIST_24h,C677,Ouse,UK,3250,3315,Ouse,3,0,TRUE,0,1,0,0,1,1,,TRUE,3592500,3487500,24,,,1589,FALSE,1038,FALSE,Ouse
EFAS,11,01590,Low Moor,-1.439612,54.488525,0,0.000000,0.000000,,,0,0,0,0,,,1,,,Tees,UK,1325,1264,Tees,,0,FALSE,0,0,0,0,1,1,,FALSE,3582500,3547500,,,No discharge data available for calibration period,1590,FALSE,1038,FALSE,Tees
EFAS,11,01591,Chester-Le-Street,-1.560716,54.854785,0,0.000000,0.000000,,,0,0,0,0,,,1,,,Wear,UK,1075,1008.3,Wear,,0,FALSE,0,0,0,0,1,1,,FALSE,3582500,3587500,,,No discharge data available for calibration period,1591,FALSE,1038,FALSE,Wear
EFAS,11,01592,Bywell,-1.940633,54.949920,0,0.000000,0.000000,,,0,0,0,0,,,1,HIST_24h,C675,Tyne,UK,2225,2175.6,Tyne,3,0,TRUE,0,1,0,0,1,1,,TRUE,3562500,3602500,24,,,1592,FALSE,1038,FALSE,Tyne
EFAS,11,01593,Reaverhill,-2.148665,55.053183,0,0.000000,0.000000,,,0,0,0,0,,,1,,,Tyne,UK,1025,1007.5,Tyne,,0,FALSE,0,0,0,0,1,1,,FALSE,3547500,3617500,,,No discharge data available for calibration period,1593,FALSE,1038,FALSE,North Tyne
EFAS,11,01594,Surazh,30.709150,55.407430,0,0.000000,0.000000,,,0,0,0,0,,,1,,,Daugava,BY,25475,20300,Daugava,,0,FALSE,0,0,0,0,1,1,135.96,FALSE,5612500,3777500,,,No discharge data available for calibration period Cannot be located correctly,1594,FALSE,1053,FALSE,Daugava
EFAS,11,01595,Verhnedvinsk,27.921410,55.759090,0,0.000000,0.000000,,,0,0,0,0,,,1,,,Daugava,BY,51775,52900,Daugava,,0,TRUE,0,0,0,1,1,1,99.38,FALSE,5432500,3767500,,,No discharge data available for calibration period,1595,FALSE,1053,FALSE,Daugava
EFAS,11,01596,Loev,30.804380,51.948840,0,0.000000,0.000000,,,0,0,0,0,,,1,,,Dnieper,BY,103850,102000,Dnieper,,0,FALSE,0,0,0,0,1,1,108.03,FALSE,5727500,3407500,,,No discharge data available for calibration period,1596,FALSE,1053,FALSE,Dnieper
EFAS,11,01597,Berezino,29.003130,53.819610,0,0.000000,0.000000,,,0,0,0,0,,,1,,,Dnieper,BY,11150,10800,Dnieper,,0,FALSE,0,0,0,0,1,1,143.49,FALSE,5552500,3577500,,,No discharge data available for calibration period,1597,FALSE,1053,FALSE,Berezina
EFAS,11,01598,Svetlogorsk,29.713900,52.651370,0,0.000000,0.000000,,,0,0,0,0,,,1,,,Dnieper,BY,24500,23300,Dnieper,,0,TRUE,0,0,0,1,1,1,120.37,FALSE,5637500,3462500,,,No discharge data available for calibration period,1598,FALSE,1053,FALSE,Berezina
EFAS,11,01599,Petrikov,28.485920,52.110780,0,0.000000,0.000000,,,0,0,0,0,,,1,,,Dnieper,BY,83350,87800,Dnieper,,0,FALSE,0,0,0,0,1,1,112.55,FALSE,5572500,3382500,,,No discharge data available for calibration period,1599,FALSE,1053,FALSE,Pripyat
EFAS,11,01600,Narovlya,29.511380,51.801790,0,0.000000,0.000000,,,0,0,0,0,,,1,,,Dnieper,BY,102200,103000,Dnieper,,0,FALSE,0,0,0,0,1,1,109.09,FALSE,5647500,3367500,,,No discharge data available for calibration period,1600,FALSE,1053,FALSE,Pripyat
EFAS,11,01601,Pinsk,26.101410,52.107930,0,0.000000,0.000000,,,0,0,0,0,,,1,,,Dnieper,BY,2475,,Dnieper,,0,FALSE,0,0,0,0,1,1,132.29,FALSE,5412500,3342500,,,No discharge data available for calibration period,1601,FALSE,1053,FALSE,Pina
EFAS,11,01602,Lopatino,25.989770,52.254800,0,0.000000,0.000000,,,0,0,0,0,,,1,,,Dnieper,BY,5075,,Dnieper,,0,FALSE,0,0,0,0,1,1,132.38,FALSE,5402500,3357500,,,No discharge data available for calibration period,1602,FALSE,1053,FALSE,Styr
EFAS,11,01603,Korotichi,27.547100,52.005250,0,0.000000,0.000000,,,0,0,0,0,,,1,,,Dnieper,BY,3100,4690,Dnieper,,0,FALSE,0,0,0,0,1,1,121,FALSE,5512500,3357500,,,No discharge data available for calibration period Possibly wrong uparea,1603,FALSE,1053,FALSE,Stviga
EFAS,11,01604,Novoselki,30.841560,55.557320,0,0.000000,0.000000,,,0,0,0,0,,,1,,,Daugava,BY,1650,2150,Daugava,,0,TRUE,1,0,0,1,1,1,141.2,FALSE,5612500,3792500,24,ID_1604_202201211059.mod,Not enough discarge data available for calibration period,1604,TRUE,1053,TRUE,Usvyacha
EFAS,11,01605,Bocheykovo,29.154280,55.015280,0,0.000000,0.000000,,,0,0,0,0,,,1,,,Daugava,BY,3425,3330,Daugava,,0,TRUE,1,0,0,1,1,1,119.52,FALSE,5527500,3712500,24,ID_1605_202201211059.mod,Not enough discarge data available for calibration period  Wrong coord or wrong uparea from provider,1605,TRUE,1053,TRUE,Ulla
EFAS,11,01606,Obol,29.280280,55.354790,0,0.000000,0.000000,,,0,0,0,0,,,1,,,Daugava,BY,2375,2520,Daugava,,0,TRUE,1,0,0,1,1,1,119.66,FALSE,5517500,3747500,24,ID_1606_202201211059.mod,Not enough discarge data available for calibration period,1606,TRUE,1053,TRUE,Obol
EFAS,11,01607,Sharkovshchina,27.446640,55.357160,0,0.000000,0.000000,,,0,0,0,0,,,1,,,Daugava,BY,5125,4720,Daugava,,0,TRUE,1,0,0,1,1,1,116.52,FALSE,5407500,3707500,24,ID_1607_202201211059.mod,Not enough discarge data available for calibration period,1607,TRUE,1053,TRUE,Dysna
EFAS,11,01608,Dernovichi,28.447770,55.707620,0,0.000000,0.000000,,,0,0,0,0,,,1,,,Daugava,BY,4600,4580,Daugava,,0,TRUE,1,0,0,1,1,1,109.5,FALSE,5457500,3767500,24,ID_1608_202201211059.mod,Not enough discarge data available for calibration period,1608,TRUE,1053,TRUE,Drissa
EFAS,11,01609,Stolbtsy,26.714340,53.479730,0,0.000000,0.000000,,,0,0,0,0,,,1,,,Neman,BY,3025,3070,Nemunas,,0,TRUE,1,0,0,1,1,1,145.05,FALSE,5422500,3497500,24,ID_1609_202201211059.mod,Not enough discarge data available for calibration period,1609,TRUE,1053,TRUE,Neman
EFAS,11,01610,Belitsa,25.317990,53.637970,0,0.000000,0.000000,,,0,0,0,0,,,1,,,Neman,BY,16850,16700,Nemunas,,0,TRUE,1,0,0,1,1,1,116.03,FALSE,5327500,3497500,24,ID_1610_202201211059.mod,Not enough discarge data available for calibration period,1610,TRUE,1053,TRUE,Neman
EFAS,11,01611,Mosty,24.520030,53.407790,0,0.000000,0.000000,,,0,0,0,0,,,1,,,Neman,BY,27675,25600,Nemunas,,0,TRUE,1,0,0,1,1,1,104.8,FALSE,5277500,3462500,24,ID_1611_202201211059.mod,Not enough discarge data available for calibration period,1611,TRUE,1053,TRUE,Neman
EFAS,11,01612,Lubinyata,25.643700,53.989950,0,0.000000,0.000000,,,0,0,0,0,,,1,,,Neman,BY,975,920,Nemunas,,0,TRUE,1,0,0,1,1,1,133.46,FALSE,5337500,3542500,24,ID_1612_202201211100.mod,Not enough discarge data available for calibration period,1612,TRUE,1053,TRUE,Gavya
EFAS,11,01613,Slonim,25.325120,53.101780,0,0.000000,0.000000,,,0,0,0,0,,,1,,,Neman,BY,5050,4860,Nemunas,,0,TRUE,1,0,0,1,1,1,128.88,FALSE,5342500,3432500,24,ID_1613_202201211100.mod,Not enough discarge data available for calibration period,1613,TRUE,1053,TRUE,Shchara
EFAS,11,01614,Studenets,24.415120,53.295790,0,0.000000,0.000000,,,0,0,0,0,,,1,,,Neman,BY,950,974,Nemunas,,0,TRUE,1,0,0,1,1,1,117.32,FALSE,5277500,3447500,24,ID_1614_202201211106.mod,Not enough discarge data available for calibration period,1614,TRUE,1053,TRUE,Ross
EFAS,11,01615,Dinevichi,23.862110,53.238980,0,0.000000,0.000000,,,0,0,0,0,,,1,,,Neman,BY,625,700,Nemunas,,0,TRUE,1,0,0,1,1,1,118.13,FALSE,5242500,3432500,24,ID_1615_202201211106.mod,Not enough discarge data available for calibration period,1615,TRUE,1053,TRUE,Svisloch
EFAS,11,01616,Sakhkombinat,24.191650,53.582530,0,0.000000,0.000000,,,0,0,0,0,,,1,,,Neman,BY,1625,2000,Nemunas,,0,TRUE,1,0,0,1,1,1,101.84,FALSE,5257500,3472500,24,ID_1616_202201211106.mod,Not enough discarge data available for calibration period  Wrong LDD do not use,1616,TRUE,1053,TRUE,Kotra
EFAS,11,01617,Steshitsy,27.392860,54.562960,0,0.000000,0.000000,,,0,0,0,0,,,1,,,Neman,BY,1225,1230,Nemunas,,0,TRUE,1,0,0,1,1,1,159.06,FALSE,5437500,3632500,24,ID_1617_202201211106.mod,Not enough discarge data available for calibration period,1617,TRUE,1053,TRUE,Neris
EFAS,11,01618,Mikhalishki,26.165990,54.814920,0,0.000000,0.000000,,,0,0,0,0,,,1,,,Neman,BY,10325,10300,Nemunas,,0,TRUE,1,0,0,1,1,1,118.22,FALSE,5347500,3642500,24,ID_1618_202201211106.mod,Not enough discarge data available for calibration period,1618,TRUE,1053,TRUE,Neris
EFAS,11,01619,Brest ,23.828740,52.088420,0,0.000000,0.000000,,,0,0,0,0,,,1,,,Vistula,BY,5800,6590,Vistula,,0,TRUE,1,0,0,1,1,1,129.9,FALSE,5262500,3307500,24,ID_1619_202201211106.mod,Not enough discarge data available for calibration period,1619,TRUE,1053,TRUE,Muchavets
EFAS,11,01620,Kamenets,23.804960,52.405440,0,0.000000,0.000000,,,0,0,0,0,,,1,,,Vistula,BY,2150,1920,Vistula,,0,TRUE,1,0,0,1,1,1,138.63,FALSE,5257500,3347500,24,ID_1620_202201211106.mod,Not enough discarge data available for calibration period,1620,TRUE,1053,TRUE,Lesnaya
EFAS,11,01621,Nemerzha,24.036780,52.841370,0,0.000000,0.000000,,,0,0,0,0,,,1,,,Vistula,BY,325,326,Vistula,,0,TRUE,1,0,0,1,1,1,149.07,FALSE,5247500,3397500,24,ID_1621_202201211106.mod,Provider upArea too small to be included in calibration,1621,TRUE,1053,TRUE,Narev
EFAS,11,01622,Orsha,30.430480,54.507300,0,0.000000,0.000000,,,0,0,0,0,,,1,,,Dnieper,BY,18300,18000,Dnieper,,0,TRUE,1,0,0,1,1,1,148.96,FALSE,5622500,3672500,24,ID_1622_202201211106.mod,Not enough discarge data available for calibration period,1622,TRUE,1053,TRUE,Dnieper
EFAS,11,01623,Mogilev,30.395050,53.979990,0,0.000000,0.000000,,,0,0,0,0,,,1,,,Dnieper,BY,20700,20800,Dnieper,,0,TRUE,1,0,0,1,1,1,138.4,FALSE,5637500,3607500,24,ID_1623_202201211106.mod,Not enough discarge data available for calibration period,1623,TRUE,1053,TRUE,Dnieper
EFAS,11,01624,Zhlobin,30.045680,52.929210,0,0.000000,0.000000,,,0,0,0,0,,,1,,,Dnieper,BY,29975,30300,Dnieper,,0,TRUE,1,0,0,1,1,1,122.65,FALSE,5652500,3492500,24,ID_1624_202201211111.mod,Not enough discarge data available for calibration period,1624,TRUE,1053,TRUE,Dnieper
EFAS,11,01625,Rechitsa,30.449870,52.355760,0,0.000000,0.000000,,,0,0,0,0,,,1,,,Dnieper,BY,60275,58200,Dnieper,,0,TRUE,1,0,0,1,1,1,114.47,FALSE,5692500,3447500,24,ID_1625_202201211111.mod,Not enough discarge data available for calibration period,1625,TRUE,1053,TRUE,Dnieper
EFAS,11,01626,Gorodishche,29.820230,53.732590,0,0.000000,0.000000,,,0,0,0,0,,,1,,,Dnieper,BY,2900,2850,Dnieper,,0,TRUE,1,0,0,1,1,1,145.41,FALSE,5612500,3577500,24,ID_1626_202201211111.mod,Not enough discarge data available for calibration period,1626,TRUE,1053,TRUE,Drut
EFAS,11,01627,Borisov,28.501570,54.235170,0,0.000000,0.000000,,,0,0,0,0,,,1,,,Dnieper,BY,5425,5690,Dnieper,,0,TRUE,1,0,0,1,1,1,150.46,FALSE,5512500,3612500,24,ID_1627_202201211111.mod,Not enough discarge data available for calibration period,1627,TRUE,1053,TRUE,Berezina
EFAS,11,01628,Bobruisk,29.249170,53.177980,0,0.000000,0.000000,,,0,0,0,0,,,1,,,Berezina,BY,20400,20300,Dnieper,,0,TRUE,1,0,0,1,1,1,132.17,FALSE,5582500,3517500,24,ID_1628_202201211111.mod,Not enough discarge data available for calibration period,1628,TRUE,1053,TRUE,Berezina
EFAS,11,01629,Terebuty,28.371700,53.392660,0,0.000000,0.000000,,,0,0,0,0,,,1,,,Dnieper,BY,6200,,Dnieper,,0,TRUE,1,0,0,1,1,1,146.38,FALSE,5527500,3517500,24,ID_1629_202201211111.mod,Not enough discarge data available for calibration period,1629,TRUE,1053,TRUE,Svisloch
EFAS,11,01630,Krichev,31.744310,53.704680,0,0.000000,0.000000,,,0,0,0,0,,,1,,,Dnieper,BY,10250,10200,Dnieper,,0,TRUE,1,0,0,1,1,1,138.95,FALSE,5732500,3612500,24,ID_1630_202201211111.mod,Not enough discarge data available for calibration period,1630,TRUE,1053,TRUE,Sozh
EFAS,11,01631,Slavgorod,31.013010,53.442140,0,0.000000,0.000000,,,0,0,0,0,,,1,,,Dnieper,BY,17875,17700,Dnieper,,0,TRUE,1,0,0,1,1,1,128.19,FALSE,5697500,3572500,24,ID_1631_202201211111.mod,Not enough discarge data available for calibration period,1631,TRUE,1053,TRUE,Sozh
EFAS,11,01632,Gomel,31.081700,52.461420,0,0.000000,0.000000,,,0,0,0,0,,,1,,,Dnieper,BY,38775,38900,Dnieper,,0,TRUE,1,0,0,1,1,1,113.91,FALSE,5727500,3457500,24,ID_1632_202201211111.mod,Not enough discarge data available for calibration period  Wrong coords or wrong uparea from provider,1632,TRUE,1053,TRUE,Sozh
EFAS,11,01633,Mstislavl,31.760490,54.025440,0,0.000000,0.000000,,,0,0,0,0,,,1,,,Dnieper,BY,2225,2200,Dnieper,,0,TRUE,1,0,0,1,1,1,150.24,FALSE,5722500,3647500,24,ID_1633_202201211111.mod,Not enough discarge data available for calibration period,1633,TRUE,1053,TRUE,Vihra
EFAS,11,01634,Letyagi,30.937140,53.607030,0,0.000000,0.000000,,,0,0,0,0,,,1,,,Dnieper,BY,4575,4570,Dnieper,,0,TRUE,1,0,0,1,1,1,132.12,FALSE,5682500,3587500,24,ID_1634_202201211115.mod,Not enough discarge data available for calibration period,1634,TRUE,1053,TRUE,Pronya
EFAS,11,01635,Svetilovichi,31.323910,52.793520,0,0.000000,0.000000,,,0,0,0,0,,,1,,,Dnieper,BY,5075,5010,Dnieper,,0,TRUE,1,0,0,1,1,1,122.29,FALSE,5732500,3512500,24,ID_1635_202201211115.mod,Not enough discarge data available for calibration period,1635,TRUE,1053,TRUE,Besed
EFAS,11,01636,Dobrush,31.308550,52.408030,0,0.000000,0.000000,,,0,0,0,0,,,1,,,Dnieper,BY,9900,10100,Dnieper,,0,TRUE,1,0,0,1,1,1,119.04,FALSE,5747500,3467500,24,ID_1636_202201211115.mod,Not enough discarge data available for calibration period,1636,TRUE,1053,TRUE,Iput
EFAS,11,01637,Pinsk,26.157710,52.074370,0,0.000000,0.000000,,,0,0,0,0,,,1,,,Dnieper,BY,12650,,Dnieper,,0,TRUE,1,0,0,1,1,1,133.18,FALSE,5417500,3332500,24,ID_1637_202201211115.mod,Not enough discarge data available for calibration period,1637,TRUE,1053,TRUE,Pripyat
EFAS,11,01638,Chernichi,27.830260,52.079300,0,0.000000,0.000000,,,0,0,0,0,,,1,,,Dnieper,BY,74325,74000,Dnieper,,0,TRUE,1,0,0,1,1,1,119.23,FALSE,5512500,3367500,24,ID_1638_202201211115.mod,Not enough discarge data available for calibration period,1638,TRUE,1053,TRUE,Pripyat
EFAS,11,01639,Mozyr,29.251310,52.055130,0,0.000000,0.000000,,,0,0,0,0,,,1,,,Dnieper,BY,100875,101000,Dnieper,,0,TRUE,1,0,0,1,1,1,110.93,FALSE,5632500,3382500,24,ID_1639_202201211115.mod,Not enough discarge data available for calibration period,1639,TRUE,1053,TRUE,Pripyat
EFAS,11,01640,Senin,25.001220,52.540730,0,0.000000,0.000000,,,0,0,0,0,,,1,,,Dnieper,BY,1625,5110,Dnieper,,0,TRUE,1,0,0,1,1,1,134.39,FALSE,5332500,3367500,24,ID_1640_202201211115.mod,Not enough discarge data available for calibration period,1640,TRUE,1053,TRUE,Yaselda
EFAS,11,01641,Dyatlovichi,26.345130,52.012930,0,0.000000,0.000000,,,0,0,0,0,,,1,,,Dnieper,BY,425,1100,Dnieper,,0,TRUE,1,0,0,1,1,1,134.96,FALSE,5457500,3352500,24,ID_1641_202201211115.mod,Not enough discarge data available for calibration period  Wrong coords from provider of wrong uparea,1641,TRUE,1053,TRUE,Tsna
EFAS,11,01642,M.Vikorovichi,26.874670,51.864280,0,0.000000,0.000000,,,0,0,0,0,,,1,,,Dnieper,BY,26900,27000,Dnieper,,0,TRUE,1,0,0,1,1,1,129.67,FALSE,5472500,3332500,24,ID_1642_202201211115.mod,Not enough discarge data available for calibration period,1642,TRUE,1053,TRUE,Goryn
EFAS,11,01643,Mokrovo,27.251900,52.236440,0,0.000000,0.000000,,,0,0,0,0,,,1,,,Dnieper,BY,2125,2160,Dnieper,,0,TRUE,1,0,0,1,1,1,127.5,FALSE,5482500,3382500,24,ID_1643_202201211115.mod,Not enough discarge data available for calibration period,1643,TRUE,1053,TRUE,Lan
EFAS,11,01644,Lenin,27.498680,52.330100,0,0.000000,0.000000,,,0,0,0,0,,,1,,,Dnieper,BY,250,4480,Dnieper,,0,TRUE,1,0,0,1,1,1,129.97,FALSE,5497500,3372500,24,ID_1644_202201211119.mod,Not enough discarge data available for calibration period,1644,TRUE,1053,TRUE,Slutch
EFAS,11,01645,Krasnoberezhie,28.445650,51.876500,0,0.000000,0.000000,,,0,0,0,0,,,1,,,Dnieper,BY,5200,5260,Dnieper,,0,TRUE,1,0,0,1,1,1,126.26,FALSE,5577500,3362500,24,ID_1645_202201211119.mod,Not enough discarge data available for calibration period,1645,TRUE,1053,TRUE,Ubort
EFAS,11,01646,Daraganovo,28.483160,53.169840,0,0.000000,0.000000,,,0,0,0,0,,,1,,,Pripyat,BY,650,2030,Dnieper,,0,TRUE,1,0,0,1,1,1,150,FALSE,5552500,3492500,24,ID_1646_202201211119.mod,Not enough discarge data available for calibration period  Wrong LDD,1646,TRUE,1053,TRUE,Ptich
EFAS,11,01647,1-ya Slobodka,28.817180,52.301040,0,0.000000,0.000000,,,0,0,0,0,,,1,,,Dnieper,BY,6975,9160,Dnieper,,0,TRUE,1,0,0,1,1,1,117.42,FALSE,5592500,3392500,24,ID_1647_202201211119.mod,Not enough discarge data available for calibration period,1647,TRUE,1053,TRUE,Ptich
EFAS,11,01648,Trimeristis,23.332239,41.273213,0,0.000000,0.000000,,,0,0,0,0,,,0,,,Strimonas,GR,11050,6759,Strimonas,,0,FALSE,1,0,0,0,0,1,,FALSE,5437500,2117500,,,No discharge data available for calibration period,1648,FALSE,1051,FALSE,Strimonas
EFAS,11,01649,Chrysoupoli,24.742885,40.991277,0,0.000000,0.000000,,,0,0,0,0,,,0,,,Nestos,GR,6200,6200,Nestos,,0,FALSE,1,0,0,0,0,0,,FALSE,5557500,2107500,,,No discharge data available for calibration period,1649,FALSE,1051,FALSE,Nestos
EFAS,11,01650,Therapion,26.185990,41.572622,0,0.000000,0.000000,,,0,0,0,0,,,0,,,Martisa\Evros,GR,5250,,Evros,,0,FALSE,1,0,0,0,0,1,60.55,FALSE,5662500,2197500,,,No discharge data available for calibration period,1650,FALSE,1051,FALSE,Arda
EFAS,11,01651,Kastanies,26.455876,41.655097,0,0.000000,0.000000,,,0,0,0,0,,,0,,,Martisa\Evros,GR,5600,,Evros,,0,FALSE,1,0,0,0,0,1,,FALSE,5682500,2207500,,,No discharge data available for calibration period,1651,FALSE,1051,FALSE,Martisa\Evros
EFAS,11,01652,Gjonaj,20.649397,42.254275,0,0.000000,0.000000,,,0,0,0,0,,,1,,,Drin-Bojana,XK,4100,3951,Drin-Bojana,,0,TRUE,1,0,0,0,1,1,306,FALSE,5197500,2182500,,,No discharge data available for calibration period,1652,FALSE,1048,TRUE,White Drin
EFAS,11,01653,Këpuz,20.530772,42.507050,0,0.000000,0.000000,,,0,0,0,0,,,1,,,Drin-Bojana,XK,2350,2116,Drin-Bojana,,0,TRUE,1,0,0,0,1,1,355,FALSE,5187500,2217500,,,No discharge data available for calibration period,1653,FALSE,1048,TRUE,White Drin
EFAS,11,01654,Gjakovë,20.420861,42.369539,0,0.000000,0.000000,,,0,0,0,0,,,0,,,,XK,425,455,Drin-Bojana,,0,FALSE,1,0,0,0,0,1,341,FALSE,5182500,2197500,,,No discharge data available for calibration period,1654,FALSE,1048,FALSE,
EFAS,11,01655,Deqan,20.254911,42.550194,0,0.000000,0.000000,,,0,0,0,0,,,0,,,,XK,150,114,Drin-Bojana,,0,FALSE,1,0,0,0,0,1,678,FALSE,5162500,2217500,,,No discharge data available for calibration period,1655,FALSE,1048,FALSE,
EFAS,11,01656,Grykë,20.250233,42.661642,0,0.000000,0.000000,,,0,0,0,0,,,1,,,Drin-Bojana,XK,275,264,Drin-Bojana,,0,TRUE,1,0,0,0,1,1,581,FALSE,5162500,2232500,,,No discharge data available for calibration period,1656,FALSE,1048,TRUE,Pec Bistrica
EFAS,11,01657,Drelaj,20.142061,42.700447,0,0.000000,0.000000,,,0,0,0,0,,,0,,,,XK,125,160,Drin-Bojana,,0,FALSE,1,0,0,0,0,1,965,FALSE,5147500,2232500,,,No discharge data available for calibration period,1657,FALSE,1048,FALSE,
EFAS,11,01658,Vllashnje,20.652089,42.193153,0,0.000000,0.000000,,,0,0,0,0,,,0,,,,XK,225,561,Drin-Bojana,,0,FALSE,1,0,0,0,0,1,313,FALSE,5202500,2182500,,,No discharge data available for calibration period,1658,FALSE,1048,FALSE,
EFAS,11,01659,Prizren,20.773903,42.194300,0,0.000000,0.000000,,,0,0,0,0,,,0,,,,XK,150,158,Drin-Bojana,,0,FALSE,1,0,0,0,0,1,525,FALSE,5207500,2187500,,,No discharge data available for calibration period,1659,FALSE,1048,FALSE,
EFAS,11,01660,Piranë,20.674975,42.287828,0,0.000000,0.000000,,,0,0,0,0,,,0,,,,XK,525,512,Drin-Bojana,,0,FALSE,1,0,0,0,0,1,299,FALSE,5202500,2197500,,,No discharge data available for calibration period,1660,FALSE,1048,FALSE,
EFAS,11,01661,Këpuz,20.564428,42.521783,0,0.000000,0.000000,,,0,0,0,0,,,0,,,,XK,325,336,Drin-Bojana,,0,FALSE,1,0,0,0,0,1,366,FALSE,5192500,2217500,,,No discharge data available for calibration period,1661,FALSE,1048,FALSE,
EFAS,11,01662,Klinë,20.577356,42.615167,0,0.000000,0.000000,,,0,0,0,0,,,0,,,,XK,450,423,Drin-Bojana,,0,FALSE,1,0,0,0,0,1,380,FALSE,5192500,2232500,,,No discharge data available for calibration period,1662,FALSE,1048,FALSE,
EFAS,11,01663,Berkovë,20.521225,42.677544,0,0.000000,0.000000,,,0,0,0,0,,,0,,,,XK,400,432,Drin-Bojana,,0,FALSE,1,0,0,0,0,1,401,FALSE,5182500,2237500,,,No discharge data available for calibration period,1663,FALSE,1048,FALSE,
EFAS,11,01664,Leposaviç,20.799481,43.097431,0,0.000000,0.000000,,,0,0,0,0,,,1,HIST_24h,,Ibar,XK,4725,4701,Danube,3,0,TRUE,1,0,0,0,1,1,456,TRUE,5202500,2277500,24,,,1664,FALSE,1048,TRUE,Ibar
EFAS,11,01665,Prelez,20.750494,42.903236,0,0.000000,0.000000,,,0,0,0,0,,,0,,,IBRI,XK,1150,1109,Danube,,0,FALSE,1,0,0,0,0,1,557,FALSE,5192500,2267500,,,No discharge data available for calibration period,1665,FALSE,1048,FALSE,Ibri
EFAS,11,01666,Vragoli,21.061711,42.609031,0,0.000000,0.000000,,,0,0,0,0,,,0,,,,XK,675,666.5,Danube,,0,FALSE,1,0,0,0,0,1,536,FALSE,5227500,2227500,,,No discharge data available for calibration period,1666,FALSE,1048,FALSE,
EFAS,11,01667,Nedakovc,20.990214,42.798047,0,0.000000,0.000000,,,0,0,0,0,,,1,,,Ibar,XK,2625,2590,Ibar,,0,FALSE,0,0,0,0,1,1,517,FALSE,5222500,2252500,,,No discharge data available for calibration period,1667,FALSE,1048,FALSE,Sitnica
EFAS,11,01668,Caralevë,20.990158,42.456608,0,0.000000,0.000000,,,0,0,0,0,,,0,,,,XK,25,43.5,Danube,,0,FALSE,0,0,0,0,0,1,631,FALSE,5222500,2217500,,,No discharge data available for calibration period,1668,FALSE,1048,FALSE,
EFAS,11,01669,Drenas,20.899722,42.616981,0,0.000000,0.000000,,,0,0,0,0,,,0,,,,XK,325,326.3,Danube,,0,FALSE,1,0,0,0,0,1,573,FALSE,5212500,2232500,,,No discharge data available for calibration period,1669,FALSE,1048,FALSE,
EFAS,11,01670,Milloshev,21.076647,42.726336,0,0.000000,0.000000,,,0,0,0,0,,,0,,,,XK,900,923,Danube,,0,FALSE,1,0,0,0,0,1,534,FALSE,5232500,2252500,,,No discharge data available for calibration period,1670,FALSE,1048,FALSE,
EFAS,11,01671,Lluzhan,21.168183,42.819692,0,0.000000,0.000000,,,0,0,0,0,,,0,,,,XK,750,694,Danube,,0,FALSE,1,0,0,0,0,1,565,FALSE,5232500,2257500,,,No discharge data available for calibration period,1671,FALSE,1048,FALSE,
EFAS,11,01672,Konqul,21.666678,42.495056,0,0.000000,0.000000,,,0,0,0,0,,,1,,,Danube,XK,1675,1639,Binacka Morava,,0,TRUE,1,0,0,0,1,1,428,FALSE,5282500,2222500,,,No discharge data available for calibration period,1672,FALSE,1048,TRUE,Binacka Morava
EFAS,11,01673,Viti,21.359478,42.317822,0,0.000000,0.000000,,,0,0,0,0,,,0,,,,XK,100,111.2,Danube,,0,FALSE,1,0,0,0,0,1,506,FALSE,5257500,2202500,,,No discharge data available for calibration period,1673,FALSE,1048,FALSE,
EFAS,11,01674,Domarovc,21.632100,42.510153,0,0.000000,0.000000,,,0,0,0,0,,,0,,,,XK,600,612.5,Danube,,0,FALSE,1,0,0,0,0,1,429,FALSE,5277500,2232500,,,No discharge data available for calibration period,1674,FALSE,1048,FALSE,
EFAS,11,01675,Hani Elezit,21.297417,42.141464,0,0.000000,0.000000,,,0,0,0,0,,,1,,,Lepenac,XK,625,621.5,Lepenac,,0,TRUE,1,0,0,0,1,1,354,FALSE,5247500,2192500,,,No discharge data available for calibration period,1675,FALSE,1048,TRUE,Lepenac
EFAS,11,01676,Brod,21.133378,42.272697,0,0.000000,0.000000,,,0,0,0,0,,,0,,,,XK,225,241,Vardar,,0,TRUE,1,1,0,0,0,1,642,FALSE,5232500,2197500,,,Provider upArea too small to be included in calibration,1676,FALSE,1048,FALSE,
EFAS,11,01677,Kaçanik,21.256661,42.229339,0,0.000000,0.000000,,,0,0,0,0,,,0,,,,XK,550,214,Vardar,,0,FALSE,1,0,0,0,0,1,478,FALSE,5247500,2197500,,,No discharge data available for calibration period  Wrong uparea from provider or wrong location,1677,FALSE,1048,FALSE,
EFAS,11,01678,Mlikë,20.645119,42.032392,0,0.000000,0.000000,,,0,0,0,0,,,0,,,,XK,75,75.3,Drin-Bojana,,0,FALSE,1,0,0,0,0,1,943,FALSE,5202500,2162500,,,No discharge data available for calibration period,1678,FALSE,1048,FALSE,
EFAS,11,01679,Senir - Ma'yan Barukh,35.624602,33.237125,0,0.000000,0.000000,,,0,0,0,0,,,1,,,Jordan / Dead Sea,IL,600,608,Jordan,,0,FALSE,0,0,0,0,1,1,96.24,FALSE,6692500,1527500,,,No discharge data available for calibration period,1679,FALSE,1052,FALSE,Snir
EFAS,11,01680,Jordan - Sede Nehemya,35.614750,33.182266,0,0.000000,0.000000,,,0,0,0,0,,,1,HIST_6h,,Jordan / Dead Sea,IL,725,860,Jordan,3,0,TRUE,0,1,0,0,1,1,72.46,TRUE,6687500,1522500,24,,,1680,FALSE,1052,FALSE,Jordan
EFAS,11,01681,Jordan - Obstacle Bridge,35.631834,33.040368,0,0.000000,0.000000,,,0,0,0,0,,,1,HIST_6h,,Jordan / Dead Sea,IL,1475,1404,Jordan,3,0,TRUE,0,1,0,0,1,1,58.71,TRUE,6697500,1507500,24,,,1681,FALSE,1052,FALSE,Jordan
EFAS,11,01682,Qishon - The Quarry,35.098325,32.723307,0,0.000000,0.000000,,,0,0,0,0,,,1,,,Kishon,IL,700,695,Kishon,,0,FALSE,0,0,0,0,1,1,143,FALSE,6667500,1457500,,,No discharge data available for calibration period,1682,FALSE,1052,FALSE,Kishon
EFAS,11,01683,Hadera - Gan Shemu'el,34.952961,32.439029,0,0.000000,0.000000,,,0,0,0,0,,,1,HIST_6h,,Hadera,IL,625,579,Hadera,3,0,TRUE,0,1,0,0,1,1,17,TRUE,6657500,1427500,24,,,1683,FALSE,1052,FALSE,Hadera
EFAS,11,01684,Alexander - Elyashiv,34.905152,32.373695,0,0.000000,0.000000,,,0,0,0,0,,,1,,,Alexander,IL,475,488,Alexander,,0,FALSE,0,0,0,0,1,1,4.81,FALSE,6657500,1417500,,,No discharge data available for calibration period,1684,FALSE,1052,FALSE,Alexander
EFAS,11,01685,Ayyalon - Shekhunat 'EZRA,34.792061,32.041924,0,0.000000,0.000000,,,0,0,0,0,,,1,HIST_6h,,Yarkon,IL,775,629,Yarkon,3,0,TRUE,0,1,0,0,1,1,18,TRUE,6652500,1377500,24,,,1685,FALSE,1052,FALSE,Ayalon
EFAS,11,01686,Soreq - Yavne,34.754782,31.870838,0,0.000000,0.000000,,,0,0,0,0,,,0,,,Sorek,IL,600,615,Sorek,,0,FALSE,1,0,0,0,0,0,24.25,FALSE,6657500,1362500,,,No discharge data available for calibration period,1686,FALSE,1052,FALSE,Sorek
EFAS,11,01687,Arugot - Up Highway 90,35.390428,31.457764,0,0.000000,0.000000,,,0,0,0,0,,,0,,,Arugot / Dead Sea,IL,250,235,Jordan,,0,FALSE,1,0,0,0,0,0,-375,FALSE,6687500,1307500,,,No discharge data available for calibration period,1687,FALSE,1052,FALSE,Arugot
EFAS,11,01688,Lakhish-Ad Halom Park,34.672294,31.786795,0,0.000000,0.000000,,,0,0,0,0,,,1,HIST_6h,,Lakhish,IL,1025,996,Lakhish,3,0,TRUE,0,1,0,0,1,1,18.56,TRUE,6647500,1347500,24,,,1688,FALSE,1052,FALSE,Lakhish
EFAS,11,01689,Shiqma - Beror Hayil,34.625037,31.548973,0,0.000000,0.000000,,,0,0,0,0,,,1,,,Shikma,IL,425,376,Shikma,,0,FALSE,0,0,0,0,1,1,56,FALSE,6657500,1322500,,,No discharge data available for calibration period,1689,FALSE,1052,FALSE,Shikma
EFAS,11,01690,Besor - Reim,34.450550,31.387053,0,0.000000,0.000000,,,0,0,0,0,,,1,HIST_6h,,Besor,IL,2650,2586,Besor,3,0,TRUE,0,1,0,0,1,1,35,TRUE,6647500,1292500,24,,,1690,FALSE,1052,FALSE,Besor
EFAS,11,01691,Tzin - Arava Road,35.299524,30.947315,0,0.000000,0.000000,,,0,0,0,0,,,0,,,Zin / Dead Sea,IL,1275,1276,Jordan,,0,FALSE,1,0,0,0,0,0,-257,FALSE,6727500,1277500,,,No discharge data available for calibration period,1691,FALSE,1052,FALSE,Zin
EFAS,11,01692,Neqarot - Arava Road,35.208209,30.648023,0,0.000000,0.000000,,,0,0,0,0,,,0,,,Paran / Dead Sea,IL,950,955,Jordan,,0,FALSE,1,0,0,0,0,0,-53,FALSE,6732500,1247500,,,No discharge data available for calibration period,1692,FALSE,1052,FALSE,Nekarot
EFAS,11,01693,Paran - The Bottleneck,34.975580,30.325152,0,0.000000,0.000000,,,0,0,0,0,,,0,,,Paran / Dead Sea,IL,3375,3372,Jordan,,0,FALSE,1,0,0,0,0,0,226,FALSE,6717500,1202500,,,No discharge data available for calibration period,1693,FALSE,1052,FALSE,Paran
EFAS,11,01694,Hiyon - 40 Road,35.004758,30.197555,0,0.000000,0.000000,,,0,0,0,0,,,1,HIST_6h,,Hiyon,IL,150,754,Jordan,0,0,TRUE,0,1,0,0,1,1,286,FALSE,6682500,1257500,,,small LDD uparea,1694,FALSE,1052,FALSE,Hiyon
EFAS,11,01695,Karlovac,15.564306,45.489639,0,0.000000,0.000000,,,0,0,0,0,,,0,,,Danube,HR,2525,2738,Danube,,0,FALSE,0,0,0,0,1,1,103.36,FALSE,4757500,2497500,,,No discharge data available for calibration period,1695,FALSE,1031,FALSE,Korana
EFAS,11,01696,Mursko Sredisce,16.443556,46.514667,0,0.000000,0.000000,,,0,0,0,0,,,1,,,Danube,HR,10900,10891,Danube,,0,TRUE,1,1,0,1,1,1,156.29,FALSE,4802500,2622500,24,ID_1696_202201211135.mod,Not enough discarge data available for calibration period,1696,TRUE,1031,TRUE,Mur
EFAS,11,01697,Gorican,16.693000,46.419556,0,0.000000,0.000000,,,0,0,0,0,,,1,,,Danube,HR,13075,13148,Danube,,0,TRUE,1,1,0,1,1,1,138.59,FALSE,4832500,2617500,24,ID_1697_202201211135.mod,Not enough discarge data available for calibration period,1697,TRUE,1031,TRUE,Mur
EFAS,11,01698,Metlika,15.322940,45.634820,0,0.000000,0.000000,,,0,0,0,0,,,1,HIST_6h,,Danube,SI,2100,1966.3,Danube,2,0,TRUE,1,1,0,1,1,1,126.96,FALSE,4732500,2517500,24,ID_1698_202201211135.mod,close to 837,1698,TRUE,1005,TRUE,Kolpa
EFAS,11,01699,Novgood Siverskyi,33.263943,52.015238,0,0.000000,0.000000,,,0,0,0,0,,,1,,,Dnieper,UA,33675,33500,Dnieper,,0,FALSE,0,0,0,0,1,1,119.98,FALSE,5887500,3467500,,,No discharge data available for calibration period,1699,FALSE,1044,FALSE,Desna
EFAS,11,01700,Rozl'oty,33.170417,51.699840,0,0.000000,0.000000,,,0,0,0,0,,,1,HIST_24h,,Dnieper,UA,36375,36300,Dnieper,3,0,TRUE,1,1,0,1,1,1,115.38,TRUE,5887500,3432500,24,ID_1700_202201211119.mod,,1700,TRUE,1044,TRUE,Desna
EFAS,11,01701,Makoshyne,32.345181,51.451851,0,0.000000,0.000000,,,0,0,0,0,,,1,,,Dnieper,UA,67925,67700,Dnieper,,0,FALSE,0,0,0,0,1,1,108.76,FALSE,5847500,3387500,,,No discharge data available for calibration period,1701,FALSE,1044,FALSE,Desna
EFAS,11,01702,Chernihiv,31.308572,51.476281,0,0.000000,0.000000,,,0,0,0,0,,,1,HIST_24h,,Dnieper,UA,81425,81400,Dnieper,3,0,TRUE,1,1,0,1,1,1,102.44,TRUE,5777500,3357500,24,ID_1702_202201211119.mod,,1702,TRUE,1044,TRUE,Desna
EFAS,11,01703,Litky,30.724795,50.698998,0,0.000000,0.000000,,,0,0,0,0,,,1,HIST_24h,,Dnieper,UA,85200,88500,Dnieper,3,0,TRUE,1,1,0,1,1,1,92.22,TRUE,5762500,3262500,24,ID_1703_202201211119.mod,,1703,TRUE,1044,TRUE,Desna
EFAS,11,01704,Snovs'k,31.928082,51.837297,0,0.000000,0.000000,,,0,0,0,0,,,1,HIST_24h,,Dnieper,UA,7225,7140,Dnieper,3,0,TRUE,1,1,0,1,1,1,113.26,TRUE,5802500,3412500,24,ID_1704_202201211128.mod,,1704,TRUE,1044,TRUE,Snov
EFAS,11,01705,Mutyn,33.481293,51.414381,0,0.000000,0.000000,,,0,0,0,0,,,1,HIST_24h,,Dnieper,UA,25575,25600,Dnieper,3,0,TRUE,1,1,0,1,1,1,119.41,TRUE,5922500,3407500,24,ID_1705_202201211128.mod,,1705,TRUE,1044,TRUE,Seim
EFAS,11,01706,Nedanchychi,30.587199,51.500070,0,0.000000,0.000000,,,0,0,0,0,,,1,HIST_24h,,Dnieper,UA,105150,103000,Dnieper,3,0,TRUE,1,1,0,1,1,1,100.58,TRUE,5722500,3357500,24,ID_1706_202201211128.mod,,1706,TRUE,1044,TRUE,Dnieper
EFAS,11,01707,Reni,28.261159,45.459174,0,0.000000,0.000000,,,0,0,0,0,,,1,,,Danube,UA,784045,811000,Danube,,0,TRUE,1,1,0,1,1,1,0.36,FALSE,5737500,2657500,,ID_1707_202201211137.mod,Not enough discarge data available for calibration period,1707,TRUE,1044,TRUE,Danube
EFAS,11,01708,Izmayil,28.832233,45.327926,0,0.000000,0.000000,,,0,0,0,0,,,1,,,Danube,UA,790842,813000,Danube,,0,TRUE,1,1,0,1,1,1,-0.18,FALSE,5782500,2652500,,ID_1708_202201211137.mod,No discharge data available for calibration period,1708,TRUE,1044,TRUE,Danube
EFAS,11,01709,Kiliya,29.266701,45.432801,0,0.000000,0.000000,,,0,0,0,0,,,1,,,Danube,UA,794968,816000,Danube,,0,FALSE,0,0,0,0,1,1,-0.33,FALSE,5812500,2672500,,,No discharge data available for calibration period,1709,FALSE,1044,FALSE,Danube
EFAS,11,01710,Chuhuyiv,36.712112,49.833279,0,0.000000,0.000000,,,0,0,0,0,,,1,,,Don,UA,,10300,Don,,1,FALSE,0,1,0,0,1,1,84.06,FALSE,6192500,3317500,,,Out of XDOM,1710,FALSE,1044,FALSE,Seversky Donets
EFAS,11,01711,Lysychans'k,38.440411,48.922934,0,0.000000,0.000000,,,0,0,0,0,,,1,,,Don,UA,,52400,Don,,1,FALSE,1,1,0,1,1,1,42.7,FALSE,6347500,3267500,,,Out of XDOM  Not enough discarge data available for calibration period,1711,FALSE,1044,FALSE,Seversky Donets
EFAS,11,01712,Kup'yans'k,37.617164,49.713103,0,0.000000,0.000000,,,0,0,0,0,,,1,,,Don,UA,,12700,Don,,1,FALSE,0,1,0,0,1,1,66.04,FALSE,6257500,3327500,,,Out of XDOM No discharge data available for calibration period,1712,FALSE,1044,FALSE,Oskol / Oskil
EFAS,11,01713,Novoselivka,38.891330,49.265439,0,0.000000,0.000000,,,0,0,0,0,,,1,,,Don,UA,,6370,Don,,1,FALSE,0,1,0,0,1,1,48.22,FALSE,6362500,3317500,,,Out of XDOM No discharge data available for calibration period,1713,FALSE,1044,FALSE,Aidar
EFAS,11,01714,Ivankiv,29.908118,50.931181,0,0.000000,0.000000,,,0,0,0,0,,,1,HIST_24h,,Dnieper,UA,12700,12400,Dnieper,3,0,TRUE,1,1,0,1,1,1,108.53,TRUE,5702500,3282500,24,ID_1714_202201211128.mod,,1714,TRUE,1044,TRUE,Teteriv
EFAS,11,01715,Ukrayinka,29.354698,50.754622,0,0.000000,0.000000,,,0,0,0,0,,,1,,,Dnieper,UA,2600,2840,Dnieper,,0,TRUE,0,1,0,0,1,1,129.42,FALSE,5667500,3252500,,,Discharge data older than calibration period,1715,FALSE,1044,FALSE,Irsha
EFAS,11,01716,K-Shevchenkivs'kyy,31.293778,49.410423,0,0.000000,0.000000,,,0,0,0,0,,,1,HIST_24h,,Dnieper,UA,10300,10300,Dnieper,0,0,TRUE,1,1,0,1,1,1,85.57,FALSE,5842500,3142500,24,ID_1716_202201211128.mod,unrealistic small discharge,1716,TRUE,1044,TRUE,Ros
EFAS,11,01717,Lubny,33.013361,50.007083,0,0.000000,0.000000,,,0,0,0,0,,,1,HIST_24h,,Dnieper,UA,14250,14200,Dnieper,3,0,TRUE,0,1,0,0,1,1,83.42,TRUE,5942500,3247500,24,,,1717,FALSE,1044,FALSE,Sula
EFAS,11,01718,Sumy,34.803272,50.905902,0,0.000000,0.000000,,,0,0,0,0,,,1,HIST_24h,,Dnieper,UA,7825,7770,Dnieper,3,0,TRUE,1,1,0,1,1,1,121.48,TRUE,6027500,3382500,24,ID_1718_202201211147.mod,,1718,TRUE,1044,TRUE,Psel
EFAS,11,01719,Hadyach,34.008604,50.363316,0,0.000000,0.000000,,,0,0,0,0,,,1,,,Dnieper,UA,11225,11300,Dnieper,,0,TRUE,1,1,0,1,1,1,95.49,FALSE,5992500,3307500,,ID_1719_202201211147.mod,No discharge data available for calibration period,1719,TRUE,1044,TRUE,Psel
EFAS,11,01720,Zapsillya,33.573446,49.211238,0,0.000000,0.000000,,,0,0,0,0,,,1,HIST_24h,,Dnieper,UA,21650,21800,Dnieper,3,0,TRUE,1,1,0,1,1,1,62.63,TRUE,6007500,3172500,24,ID_1720_202201211147.mod,,1720,TRUE,1044,TRUE,Psel
EFAS,11,01721,Poltava,34.589798,49.581310,0,0.000000,0.000000,,,0,0,0,0,,,1,,,Dnieper,UA,10825,9370,Dnieper,,0,FALSE,0,0,0,0,1,1,73.73,FALSE,6062500,3237500,,,No discharge data available for calibration period,1721,FALSE,1044,FALSE,Vorskla
EFAS,11,01722,Kobelyaky,34.210403,49.143856,0,0.000000,0.000000,,,0,0,0,0,,,1,HIST_24h,,Dnieper,UA,13200,13500,Dnieper,3,0,TRUE,1,1,0,1,1,1,63.02,TRUE,6052500,3187500,24,ID_1722_202201211147.mod,,1722,TRUE,1044,TRUE,Vorskla
EFAS,11,01723,Tsarychanka,34.500148,48.944795,0,0.000000,0.000000,,,0,0,0,0,,,1,HIST_24h,,Dnieper,UA,9175,9100,Dnieper,3,0,TRUE,1,1,0,1,1,1,57.09,TRUE,6082500,3167500,24,ID_1723_202201211147.mod,,1723,TRUE,1044,TRUE,Oril
EFAS,11,01724,Kocherizhky,35.659976,48.659443,0,0.000000,0.000000,,,0,0,0,0,,,1,HIST_24h,,Dnieper,UA,19925,19800,Dnieper,3,0,TRUE,1,1,0,1,1,1,52.46,TRUE,6172500,3162500,24,ID_1724_202201211147.mod,,1724,TRUE,1044,TRUE,Samara
EFAS,11,01725,Kryvyy Rih,33.337148,47.897315,0,0.000000,0.000000,,,0,0,0,0,,,1,,,Dnieper,UA,8375,8600,Dnieper,,0,TRUE,0,1,0,0,1,1,27.57,FALSE,6032500,3027500,,,No discharge data available for calibration period,1725,FALSE,1044,FALSE,Inhulets
EFAS,11,01726,Mariupol,37.540834,47.123477,0,0.000000,0.000000,,,0,0,0,0,,,1,,,Kalmius,UA,1150,12500,Kalmius,,0,TRUE,0,1,0,0,1,1,1.51,FALSE,6357500,3052500,,,No discharge data available for calibration period,1726,FALSE,1044,FALSE,Khalchyk
EFAS,11,01727,Lelitka,27.898869,49.554394,0,0.000000,0.000000,,,0,0,0,0,,,1,HIST_24h,,Southern Bug,UA,4125,4000,Bug,3,0,TRUE,1,1,0,1,1,1,243.87,TRUE,5602500,3092500,24,ID_1727_202201211151.mod,,1727,TRUE,1044,TRUE,Southern Bug
EFAS,11,01728,Martin Brod uzv.,16.141330,44.480070,0,0.000000,0.000000,,,0,0,0,0,,,1,,,Danube,BA,325,,Danube,,0,TRUE,1,0,0,1,1,1,362.96,FALSE,4812500,2392500,,,Not enough discarge data available for calibration period,1728,FALSE,1059,TRUE,Una
EFAS,11,01729,Kulen Vakuf,16.088889,44.562500,0,0.000000,0.000000,,,0,0,0,0,,,1,,,Danube,BA,1875,1562,Danube,,0,TRUE,1,0,0,1,1,1,300.23,FALSE,4807500,2402500,24,ID_1729_202201211151.mod,Not enough discarge data available for calibration period,1729,TRUE,1059,TRUE,Una
EFAS,11,01730,Ripač,15.948333,44.772222,0,0.000000,0.000000,,,0,0,0,0,,,1,,,Danube,BA,2475,,Danube,,0,TRUE,1,0,0,1,1,1,225,FALSE,4792500,2427500,24,ID_1730_202201211151.mod,Not enough discarge data available for calibration period,1730,TRUE,1059,TRUE,Una
EFAS,11,01731,Kralje,15.845833,44.834444,0,0.000000,0.000000,,,0,0,0,0,,,1,,,Danube,BA,2625,3639,Danube,,0,TRUE,1,0,0,1,1,1,208.84,FALSE,4782500,2432500,24,ID_1731_202201211156.mod,Not enough discarge data available for calibration period  Error in LDD part of catchment is missing,1731,TRUE,1059,TRUE,Una
EFAS,11,01732,Bosanska Krupa,16.153056,44.884722,0,0.000000,0.000000,,,0,0,0,0,,,1,,,Danube,BA,2825,3865,Danube,,0,TRUE,1,0,0,1,1,1,150,FALSE,4802500,2437500,24,ID_1732_202201211156.mod,Not enough discarge data available for calibration period Error in LDD part of catchment is missing,1732,TRUE,1059,TRUE,Una
EFAS,11,01733,Vrhpolje,16.736633,44.689542,0,0.000000,0.000000,,,0,0,0,0,,,1,,,Danube,BA,1300,,Danube,,0,TRUE,1,0,0,1,1,1,132.6,FALSE,4857500,2422500,,,Not enough discarge data available for calibration period,1733,FALSE,1059,TRUE,Sana
EFAS,11,01734,Sanski Most,16.666111,44.766389,0,0.000000,0.000000,,,0,0,0,0,,,1,HIST_24h,C804,Danube,BA,2075,2008,Danube,3,0,TRUE,1,1,0,1,1,1,156.04,TRUE,4847500,2432500,24,ID_1734_202201211156.mod,,1734,TRUE,1059,TRUE,Sana
EFAS,11,01735,Gornji Vakuf,17.584167,43.940278,0,0.000000,0.000000,,,0,0,0,0,,,1,,,Danube,BA,225,208,Danube,,0,TRUE,1,0,0,1,1,1,664.33,FALSE,4932500,2342500,24,ID_1735_202201211156.mod,Provider upArea too small to be included in calibration,1735,TRUE,1059,TRUE,Vrbas
EFAS,11,01736,Kozluk,17.273611,44.340000,0,0.000000,0.000000,,,0,0,0,0,,,1,HIST_24h,C806,Danube,BA,2150,3161,Danube,3,0,TRUE,1,1,0,1,1,1,342.51,TRUE,4902500,2387500,24,ID_1736_202201211156.mod,moved upstream of dam,1736,TRUE,1059,TRUE,Vrbas
EFAS,11,01737,Raspotočje,17.926944,44.189722,0,0.000000,0.000000,,,0,0,0,0,,,1,,,Danube,BA,4025,4053,Danube,,0,TRUE,1,0,0,1,1,1,312.62,FALSE,4957500,2377500,24,ID_1737_202201211156.mod,Not enough discarge data available for calibration period,1737,TRUE,1059,TRUE,Bosna
EFAS,11,01738,Zavidoviči n/B,18.143455,44.440292,0,0.000000,0.000000,,,0,0,0,0,,,1,,,Danube,BA,4850,4939,Danube,,0,TRUE,1,0,0,1,1,1,200.72,FALSE,4967500,2402500,,,No discharge data available for calibration period,1738,FALSE,1059,TRUE,Bosna
EFAS,11,01739,Maglaj,18.099722,44.565278,0,0.000000,0.000000,,,0,0,0,0,,,1,,,Danube,BA,6800,6540,Danube,,0,TRUE,1,0,0,1,1,1,164.8,FALSE,4962500,2417500,24,ID_1739_202201211156.mod,Not enough discarge data available for calibration period,1739,TRUE,1059,TRUE,Bosna
EFAS,11,01740,Merdani,17.912500,44.134722,0,0.000000,0.000000,,,0,0,0,0,,,1,HIST_24h,C807,Danube,BA,975,950,Danube,3,0,TRUE,1,1,0,1,1,1,357.59,TRUE,4952500,2367500,24,ID_1740_202201211156.mod,,1740,TRUE,1059,TRUE,Lasva
EFAS,11,01741,Zavidoviči n/K,18.162778,44.436111,0,0.000000,0.000000,,,0,0,0,0,,,1,,,Danube,BA,1550,1387,Danube,,0,TRUE,1,0,0,1,1,1,204.31,FALSE,4977500,2402500,,,Not enough discarge data available for calibration period,1741,FALSE,1059,TRUE,Krivaja
EFAS,11,01742,Kaloševič,17.904282,44.646552,0,0.000000,0.000000,,,0,0,0,0,,,1,,,Danube,BA,700,633,Danube,,0,TRUE,1,0,0,1,1,1,177.63,FALSE,4947500,2427500,24,ID_1742_202201211156.mod,Not enough discarge data available for calibration period,1742,TRUE,1059,TRUE,Usora
EFAS,11,01743,Karanovac,18.273611,44.696111,0,0.000000,0.000000,,,0,0,0,0,,,1,,,Danube,BA,1800,1828,Danube,,0,TRUE,1,0,0,1,1,1,150.05,FALSE,4977500,2432500,24,ID_1743_202201211211.mod,Not enough discarge data available for calibration period,1743,TRUE,1059,TRUE,Spreca
EFAS,11,01744,Goražde,18.973333,43.666667,0,0.000000,0.000000,,,0,0,0,0,,,1,,,Danube,BA,6000,5876,Danube,,0,TRUE,1,0,0,1,1,1,337.48,FALSE,5042500,2327500,24,ID_1744_202201211211.mod,Not enough discarge data available for calibration period,1744,TRUE,1059,TRUE,Drina
EFAS,11,01745,Grebnice,18.534722,45.043333,0,0.000000,0.000000,,,0,0,0,0,,,1,,,Danube,BA,61375,,Danube,,0,FALSE,0,0,0,0,1,1,77.52,FALSE,4992500,2477500,,,No discharge data available for calibration period,1745,FALSE,1059,FALSE,Sava
EFAS,11,01746,Mostar,17.810278,43.348056,0,0.000000,0.000000,,,0,0,0,0,,,1,,,Neretva,BA,3325,3085,Neretva,,0,TRUE,1,0,0,1,1,1,40.29,FALSE,4957500,2287500,24,ID_1746_202201211211.mod,Not enough discarge data available for calibration period  dam,1746,TRUE,1059,TRUE,Neretva
EFAS,11,01747,Gabela,17.699167,43.060833,0,0.000000,0.000000,,,0,0,0,0,,,1,,,Neretva,BA,12725,,Neretva,,0,FALSE,0,0,0,0,1,1,0.78,FALSE,4947500,2247500,,,No discharge data available for calibration period,1747,FALSE,1059,FALSE,Neretva
EFAS,11,01748,Humac,17.522778,43.183611,0,0.000000,0.000000,,,0,0,0,0,,,1,,,Neretva,BA,2600,907,Neretva,,0,TRUE,1,0,0,1,1,1,64.88,FALSE,4932500,2262500,24,ID_1748_202201211211.mod,Not enough discarge data available for calibration period Big difference with area from provider,1748,TRUE,1059,TRUE,Trebizat
EFAS,11,01749,Karaotok,17.753611,43.058611,0,0.000000,0.000000,,,0,0,0,0,,,1,,,Neretva,BA,2425,,Neretva,,0,FALSE,0,0,0,0,1,1,0.5,FALSE,4952500,2247500,,,No discharge data available for calibration period,1749,FALSE,1059,FALSE,Krupa
EFAS,11,01750,Kosta Khetagurova,41.900000,43.816660,0,0.000000,0.000000,,,0,0,0,0,,,0,,,Kuban,RU,3900,,Kuban,,0,FALSE,1,0,0,0,0,1,812.06,FALSE,6802500,2842500,,,No discharge data available for calibration period,1750,FALSE,1060,FALSE,Kuban
EFAS,11,01751,Degtjarevskiy,41.933330,44.550000,0,0.000000,0.000000,,,0,0,0,0,,,0,,,Kuban,RU,7625,,Kuban,,0,FALSE,1,0,0,0,0,1,337.2,FALSE,6777500,2917500,,,No discharge data available for calibration period,1751,FALSE,1060,FALSE,Kuban
EFAS,11,01752,Nevinnomysk,41.933333,44.633333,0,0.000000,0.000000,,,0,0,0,0,,,0,,,Kuban,RU,11050,,Kuban,,0,FALSE,0,0,0,0,0,1,309.3,FALSE,6772500,2927500,,,No discharge data available for calibration period,1752,FALSE,1060,FALSE,Kuban
EFAS,11,01753,Uspenskoe,41.416660,44.833330,0,0.000000,0.000000,,,0,0,0,0,,,0,,,Kuban,RU,13025,,Kuban,,0,FALSE,1,0,0,0,0,1,202.09,FALSE,6727500,2932500,,,No discharge data available for calibration period,1753,FALSE,1060,FALSE,Kuban
EFAS,11,01754,Armavir,41.150000,45.000000,0,0.000000,0.000000,,,0,0,0,0,,,0,,,Kuban,RU,16825,,Kuban,,0,FALSE,1,0,0,0,0,1,158.98,FALSE,6697500,2942500,,,No discharge data available for calibration period,1754,FALSE,1060,FALSE,Kuban
EFAS,11,01755,Ladozhskaja,39.933330,45.300000,0,0.000000,0.000000,,,0,0,0,0,,,0,,,Kuban,RU,20075,,Kuban,,0,FALSE,1,0,0,0,0,1,35.11,FALSE,6602500,2932500,,,No discharge data available for calibration period,1755,FALSE,1060,FALSE,Kuban
EFAS,11,01756,Verkhniy Uchkulan,42.033330,43.433330,0,0.000000,0.000000,,,0,0,0,0,,,0,,,Kuban,RU,250,,Kuban,,0,FALSE,1,0,0,0,0,1,1509,FALSE,6832500,2807500,,,No discharge data available for calibration period,1756,FALSE,1060,FALSE,Uchkulan
EFAS,11,01757,Khurzuk,42.133330,43.433330,0,0.000000,0.000000,,,0,0,0,0,,,0,,,Kuban,RU,625,,Kuban,,0,FALSE,1,0,0,0,0,1,1443.89,FALSE,6837500,2812500,,,No discharge data available for calibration period,1757,FALSE,1060,FALSE,Ullu-Kam
EFAS,11,01758,Teberda,41.733330,43.450000,0,0.000000,0.000000,,,0,0,0,0,,,0,,,Kuban,RU,550,,Kuban,,0,FALSE,1,0,0,0,0,1,1304,FALSE,6812500,2797500,,,No discharge data available for calibration period,1758,FALSE,1060,FALSE,Teberda
EFAS,11,01759,Marukha,41.633330,43.750000,0,0.000000,0.000000,,,0,0,0,0,,,0,,,Kuban,RU,325,,Kuban,,0,FALSE,1,0,0,0,0,1,1058.54,FALSE,6787500,2827500,,,No discharge data available for calibration period,1759,FALSE,1060,FALSE,Marukha
EFAS,11,01760,Khasaut-Grecheskoe,41.666660,43.683330,0,0.000000,0.000000,,,0,0,0,0,,,0,,,Kuban,RU,575,,Kuban,,0,FALSE,1,0,0,0,0,1,1117.15,FALSE,6792500,2822500,,,No discharge data available for calibration period,1760,FALSE,1060,FALSE,Aksaut
EFAS,11,01761,Arkhyz,41.283333,43.533333,0,0.000000,0.000000,,,0,0,0,0,,,0,,,Kuban,RU,500,,Kuban,,0,FALSE,1,0,0,0,0,1,1433.02,FALSE,6772500,2792500,,,No discharge data available for calibration period,1761,FALSE,1060,FALSE,Bolshoy Zelenchuk
EFAS,11,01762,Zelenchukskaja,41.566660,43.866660,0,0.000000,0.000000,,,0,0,0,0,,,0,,,Kuban,RU,925,,Kuban,,0,FALSE,1,0,0,0,0,1,919.34,FALSE,6777500,2837500,,,No discharge data available for calibration period,1762,FALSE,1060,FALSE,Bolshoy Zelenchuk
EFAS,11,01763,Udobnaja,41.516660,44.183330,0,0.000000,0.000000,,,0,0,0,0,,,0,,,Kuban,RU,1375,,Kuban,,0,FALSE,1,0,0,0,0,1,548.86,FALSE,6762500,2867500,,,No discharge data available for calibration period,1763,FALSE,1060,FALSE,Urup
EFAS,11,01764,Kaladzhinskaja,40.883330,44.316660,0,0.000000,0.000000,,,0,0,0,0,,,0,,,Kuban,RU,1775,,Kuban,,0,FALSE,0,0,0,0,0,1,431.34,FALSE,6712500,2862500,,,No discharge data available for calibration period,1764,FALSE,1060,FALSE,Laba
EFAS,11,01765,Doguzhiev,39.766660,45.133330,0,0.000000,0.000000,,,0,0,0,0,,,0,,,Kuban,RU,25,,Kuban,,0,FALSE,1,0,0,0,0,1,36.95,FALSE,6597500,2912500,,,No discharge data available for calibration period,1765,FALSE,1060,FALSE,Laba
EFAS,11,01766,Burnoe,40.716660,44.016660,0,0.000000,0.000000,,,0,0,0,0,,,0,,,Kuban,RU,1125,,Kuban,,0,FALSE,1,0,0,0,0,1,724.31,FALSE,6712500,2822500,,,No discharge data available for calibration period,1766,FALSE,1060,FALSE,Malaja Laba
EFAS,11,01767,Aziatskiy most,40.966660,43.950000,0,0.000000,0.000000,,,0,0,0,0,,,0,,,Kuban,RU,1275,,Kuban,,0,FALSE,1,0,0,0,0,1,821.01,FALSE,6732500,2827500,,,No discharge data available for calibration period,1767,FALSE,1060,FALSE,Bolshaja Laba
EFAS,11,01768,Voznesenskaja,41.033330,44.550000,0,0.000000,0.000000,,,0,0,0,0,,,0,,,Kuban,RU,650,,Kuban,,0,FALSE,1,0,0,0,0,1,365.46,FALSE,6712500,2892500,,,No discharge data available for calibration period,1768,FALSE,1060,FALSE,Chamlyk
EFAS,11,01769,Dondukovskaja,40.350000,44.900000,0,0.000000,0.000000,,,0,0,0,0,,,0,,,Kuban,RU,1300,,Kuban,,0,FALSE,1,0,0,0,0,1,134.49,FALSE,6647500,2902500,,,No discharge data available for calibration period,1769,FALSE,1060,FALSE,Fars
EFAS,11,01770,Guzeripl,40.133330,44.000000,0,0.000000,0.000000,,,0,0,0,0,,,0,,,Kuban,RU,600,,Kuban,,0,FALSE,1,0,0,0,0,1,659.35,FALSE,6667500,2802500,,,No discharge data available for calibration period,1770,FALSE,1060,FALSE,Belaja
EFAS,11,01771,Kamennomostskiy,40.183330,44.283330,0,0.000000,0.000000,,,0,0,0,0,,,0,,,Kuban,RU,50,,Kuban,,0,FALSE,1,0,0,0,0,1,373.09,FALSE,6662500,2837500,,,No discharge data available for calibration period,1771,FALSE,1060,FALSE,Belaja
EFAS,11,01772,Grozniy,40.133330,44.533330,0,0.000000,0.000000,,,0,0,0,0,,,0,,,Kuban,RU,2200,,Kuban,,0,FALSE,1,0,0,0,0,1,232,FALSE,6647500,2857500,,,No discharge data available for calibration period,1772,FALSE,1060,FALSE,Belaja
EFAS,11,01773,Nizhegorodskaja,39.916660,44.266660,0,0.000000,0.000000,,,0,0,0,0,,,0,,,Kuban,RU,325,,Kuban,,0,FALSE,1,0,0,0,0,1,381.04,FALSE,6642500,2827500,,,No discharge data available for calibration period,1773,FALSE,1060,FALSE,Kurdzhips
EFAS,11,01774,Apsheronsk,39.733330,44.500000,0,0.000000,0.000000,,,0,0,0,0,,,0,,,Kuban,RU,1600,,Kuban,,0,FALSE,1,0,0,0,0,1,180.4,FALSE,6617500,2842500,,,No discharge data available for calibration period,1774,FALSE,1060,FALSE,Pshekha
EFAS,11,01775,Khadyzhensk,39.533330,44.416660,0,0.000000,0.000000,,,0,0,0,0,,,0,,,Kuban,RU,725,,Kuban,,0,FALSE,1,0,0,0,0,1,100.86,FALSE,6607500,2827500,,,No discharge data available for calibration period,1775,FALSE,1060,FALSE,Pshish
EFAS,11,01776,Gorjachiy klyuch,39.100000,44.633330,0,0.000000,0.000000,,,0,0,0,0,,,0,,,Kuban,RU,800,,Kuban,,0,FALSE,1,0,0,0,0,1,58.06,FALSE,6567500,2837500,,,No discharge data available for calibration period,1776,FALSE,1060,FALSE,Psekups
EFAS,11,01777,Gabukay,39.450000,44.800000,0,0.000000,0.000000,,,0,0,0,0,,,0,,,Kuban,RU,250,,Kuban,,0,FALSE,0,0,0,0,0,1,33.15,FALSE,6587500,2867500,,,No discharge data available for calibration period,1777,FALSE,1060,FALSE,Pshish
EFAS,11,01778,Arkhipo-Osipovka,38.550000,44.383333,0,0.000000,0.000000,,,0,0,0,0,,,0,,,Vulan,RU,250,,Vulan,,0,FALSE,1,0,0,0,0,1,-2.64,FALSE,6537500,2797500,,,No discharge data available for calibration period,1778,FALSE,1060,FALSE,Vulan
EFAS,11,01779,Mamedova Schel,39.300000,43.950000,0,0.000000,0.000000,,,0,0,0,0,,,0,,,Kuapse,RU,50,,Kuapse,,0,FALSE,1,0,0,0,0,1,26.44,FALSE,6612500,2772500,,,No discharge data available for calibration period,1779,FALSE,1060,FALSE,Kuapse
EFAS,11,01780,Dagomys,39.650000,43.666667,0,0.000000,0.000000,,,0,0,0,0,,,0,,,Dagomys,RU,100,,Dagomys,,0,FALSE,1,0,0,0,0,1,10,FALSE,6647500,2752500,,,No discharge data available for calibration period,1780,FALSE,1060,FALSE,Zapadnyi Dagomys
EFAS,11,01781,Sochi,39.716667,43.583333,0,0.000000,0.000000,,,0,0,0,0,,,0,,,Sochi,RU,375,,Sochi,,0,FALSE,1,0,0,0,0,1,1.67,FALSE,6657500,2747500,,,No discharge data available for calibration period,1781,FALSE,1060,FALSE,Sochi
EFAS,11,01782,Krasnaja Poljana,40.216667,43.683333,0,0.000000,0.000000,,,0,0,0,0,,,0,,,Mzymta,RU,575,,Mzymta,,0,FALSE,1,0,0,0,0,1,463,FALSE,6687500,2772500,,,No discharge data available for calibration period,1782,FALSE,1060,FALSE,Mzymta
EFAS,11,01783,Kazachiy Brod,39.983333,43.500000,0,0.000000,0.000000,,,0,0,0,0,,,0,,,Mzymta,RU,925,,Mzymta,,0,FALSE,1,0,0,0,0,1,68.12,FALSE,6677500,2747500,,,No discharge data available for calibration period,1783,FALSE,1060,FALSE,Mzymta
EFAS,11,01784,Labinsk,40.716667,44.633333,0,0.000000,0.000000,,,0,0,0,0,,,0,,,Kuban,RU,5100,,Kuban,,0,FALSE,0,0,0,0,0,1,262.9,FALSE,6682500,2887500,,,No discharge data available for calibration period,1784,FALSE,1060,FALSE,Laba
EFAS,11,01785,Bzhedukhovskaja,39.667000,44.850000,0,0.000000,0.000000,,,0,0,0,0,,,0,,,Kuban,RU,1425,,Kuban,,0,FALSE,1,0,0,0,0,1,43.75,FALSE,6602500,2877500,,,No discharge data available for calibration period,1785,FALSE,1060,FALSE,Pshish
EFAS,11,01786,Assokolay,39.433000,44.733000,0,0.000000,0.000000,,,0,0,0,0,,,0,,,Kuban,RU,100,,Kuban,,0,FALSE,0,0,0,0,0,1,39,FALSE,6587500,2857500,,,No discharge data available for calibration period,1786,FALSE,1060,FALSE,Marta
EFAS,11,01787,Smolenskaja,38.800000,44.800000,0,0.000000,0.000000,,,0,0,0,0,,,0,,,Kuban,RU,25,,Kuban,,0,FALSE,1,0,0,0,0,1,31.1,FALSE,6537500,2847500,,,No discharge data available for calibration period,1787,FALSE,1060,FALSE,Afips
EFAS,11,01788,Severskaja,38.667000,44.850000,0,0.000000,0.000000,,,0,0,0,0,,,0,,,Kuban,RU,225,,Kuban,,0,FALSE,1,0,0,0,0,1,38.97,FALSE,6527500,2847500,,,No discharge data available for calibration period,1788,FALSE,1060,FALSE,Ubinka
EFAS,11,01789,Krymsk,38.000000,44.933000,0,0.000000,0.000000,,,0,0,0,0,,,0,,,Kuban,RU,375,,Kuban,,0,FALSE,1,0,0,0,0,1,15.36,FALSE,6477500,2837500,,,No discharge data available for calibration period,1789,FALSE,1060,FALSE,Adagum
EFAS,11,01790,Chernigorskoe,39.767000,44.950000,0,0.000000,0.000000,,,0,0,0,0,,,0,,,Kuban,RU,5875,,Kuban,,0,FALSE,0,0,0,0,0,1,294.02,FALSE,6602500,2887500,,,No discharge data available for calibration period,1790,FALSE,1060,FALSE,Pshekha
EFAS,11,01791,Urup,41.150000,43.867000,0,0.000000,0.000000,,,0,0,0,0,,,0,,,Kuban,RU,525,,Kuban,,0,FALSE,0,0,0,0,0,1,1023.96,FALSE,6747500,2822500,,,No discharge data available for calibration period,1791,FALSE,1060,FALSE,Urup
EFAS,11,01792,Tikhovskiy,38.217000,45.183000,0,0.000000,0.000000,,,0,0,0,0,,,0,,,Kuban,RU,47800,,Kuban,,0,FALSE,1,0,0,0,0,1,5.3,FALSE,6487500,2867500,,,No discharge data available for calibration period,1792,FALSE,1060,FALSE,Kuban
EFAS,11,01793,Temryuk,37.386944,45.270278,0,0.000000,0.000000,,,0,0,0,0,,,0,,,Kuban,RU,100,,Kuban,,0,FALSE,1,0,0,0,0,1,-0.45,FALSE,6417500,2852500,,,No discharge data available for calibration period,1793,FALSE,1060,FALSE,Kuban
EFAS,11,01794,Slavjansk-na-Kubani,38.133000,45.267000,0,0.000000,0.000000,,,0,0,0,0,,,0,,,Kuban,RU,175,,Kuban,,0,FALSE,1,0,0,0,0,1,4.4,FALSE,6472500,2877500,,,No discharge data available for calibration period,1794,FALSE,1060,FALSE,Kuban
EFAS,11,01795,KOPICE,17.479167,50.645833,0,0.000000,0.000000,,,0,0,0,0,,,1,,,Oder,PL,3775,3774.2,Oder,,0,TRUE,1,1,0,1,1,1,154.25,FALSE,4847500,3082500,24,ID_1795_202201211211.mod,Not enough discarge data available for calibration period,1795,TRUE,1024,TRUE,Eastern Neisse
EFAS,11,01796,NAKŁO ZACHÓD,17.562220,53.123610,0,0.000000,0.000000,,,0,0,0,0,,,1,,,Oder,PL,4750,4036.23,Oder,,0,FALSE,0,0,0,0,1,1,49.4,FALSE,4832500,3362500,,,No discharge data available for calibration period,1796,FALSE,1024,FALSE,Notec
EFAS,11,01797,GUBIN,14.706944,51.971944,0,0.000000,0.000000,,,0,0,0,0,,,1,,,Oder,PL,4275,4087.16,Oder,,0,TRUE,1,1,0,1,1,1,37.61,FALSE,4642500,3217500,24,ID_1797_202201211212.mod,Not enough discarge data available for calibration period,1797,TRUE,1024,TRUE,Lusatian Neisse
EFAS,11,01798,BABINO,22.942500,53.154167,0,0.000000,0.000000,,,0,0,0,0,,,1,,,Vistula,PL,3725,4240.53,Vistula,,0,TRUE,1,0,0,1,1,1,104.06,FALSE,5177500,3412500,24,,Not enough discarge data available for calibration period,1798,FALSE,1024,TRUE,Narew
EFAS,11,01799,ŻAGAŃ,15.315833,51.618056,0,0.000000,0.000000,,,0,0,0,0,,,1,,,Oder,PL,4400,4255.04,Oder,,0,TRUE,1,1,0,1,1,1,91.91,FALSE,4692500,3177500,24,ID_1799_202201211212.mod,Not enough discarge data available for calibration period,1799,TRUE,1024,TRUE,Bobr
EFAS,11,01800,NOWY SĄCZ,20.687222,49.627222,0,0.000000,0.000000,,,0,0,0,0,,,1,,,Vistula,PL,4450,4337.31,Vistula,,0,TRUE,1,1,0,1,1,1,275.67,FALSE,5087500,2997500,24,ID_1800_202201211211.mod,Not enough discarge data available for calibration period,1800,TRUE,1024,TRUE,Dunajec
EFAS,11,01801,OSOWIEC,22.638889,53.483056,0,0.000000,0.000000,,,0,0,0,0,,,1,,,Vistula,PL,4325,4369.16,Vistula,,0,TRUE,1,1,0,1,1,1,103.53,FALSE,5157500,3447500,24,ID_1801_202201211211.mod,Not enough discarge data available for calibration period,1801,TRUE,1024,TRUE,Biebrza
EFAS,11,01802,SMUKAŁA,17.963060,53.188060,0,0.000000,0.000000,,,0,0,0,0,,,1,,,Vistula,PL,4450,4455.21,Vistula,,0,TRUE,1,1,0,1,1,1,39.67,FALSE,4852500,3367500,24,ID_1802_202201211212.mod,Not enough discarge data available for calibration period,1802,TRUE,1024,TRUE,Brda
EFAS,11,01803,OSJAKÓW,18.785278,51.285278,0,0.000000,0.000000,,,0,0,0,0,,,1,,,Oder,PL,4575,4459.72,Oder,,0,FALSE,0,0,0,0,1,1,150.51,FALSE,4932500,3172500,,,No discharge data available for calibration period,1803,FALSE,1024,FALSE,Warta
EFAS,11,01804,CHAŁUPKI,18.328889,49.922778,0,0.000000,0.000000,,,0,0,0,0,,,1,,,Oder,PL,4650,4663.69,Oder,,0,TRUE,1,1,0,1,1,1,192.59,FALSE,4917500,3007500,24,ID_1804_202201211226.mod,Not enough discarge data available for calibration period,1804,TRUE,1024,TRUE,Oder
EFAS,11,01805,ELGISZEWO,18.928056,53.060833,0,0.000000,0.000000,,,0,0,0,0,,,1,,,Vistula,PL,4950,5019.48,Vistula,,0,TRUE,1,1,0,1,1,1,45.69,FALSE,4912500,3362500,24,ID_1805_202201211226.mod,Not enough discarge data available for calibration period,1805,TRUE,1024,TRUE,Drweca
EFAS,11,01806,CZCHÓW,20.681944,49.816389,0,0.000000,0.000000,,,0,0,0,0,,,1,,,Vistula,PL,5475,5317.19,Vistula,,0,TRUE,1,1,0,1,1,1,222.39,FALSE,5082500,3022500,24,ID_1806_202201211226.mod,Not enough discarge data available for calibration period,1806,TRUE,1024,TRUE,Dunajec
EFAS,11,01807,BURZENIN,18.838611,51.458333,0,0.000000,0.000000,,,0,0,0,0,,,1,,,Oder,PL,5350,5430.48,Oder,,0,TRUE,1,1,0,1,1,1,138.35,FALSE,4932500,3192500,24,ID_1807_202201211226.mod,Not enough discarge data available for calibration period,1807,TRUE,1024,TRUE,Warta
EFAS,11,01808,LAS,19.382500,50.035556,0,0.000000,0.000000,,,0,0,0,0,,,1,,,Vistula,PL,5575,5526.64,Vistula,,0,TRUE,1,1,0,1,1,1,217.37,FALSE,4992500,3032500,,,Not enough discarge data available for calibration period,1808,FALSE,1024,TRUE,Vistula
EFAS,11,01809,NOWOGRÓD BOBRZAŃSKI,15.237778,51.798611,0,0.000000,0.000000,,,0,0,0,0,,,1,,,Oder,PL,5650,5581.11,Oder,,0,TRUE,1,1,0,1,1,1,72.42,FALSE,4682500,3202500,,,No discharge data available for calibration period,1809,FALSE,1024,TRUE,Bobr
EFAS,11,01810,ZGŁOBICE,20.878889,49.975000,0,0.000000,0.000000,,,0,0,0,0,,,1,,,Vistula,PL,5775,5647.44,Vistula,,0,TRUE,1,1,0,1,1,1,189.6,FALSE,5097500,3032500,24,ID_1810_202201211226.mod,Not enough discarge data available for calibration period,1810,TRUE,1024,TRUE,Dunajec
EFAS,11,01811,BIAŁOŚLIWIE,17.124722,53.073611,0,0.000000,0.000000,,,0,0,0,0,,,1,,,Oder,PL,6300,5726.64,Oder,,0,TRUE,1,1,0,1,1,1,46.66,FALSE,4802500,3357500,,,No discharge data available for calibration period,1811,FALSE,1024,TRUE,Notec
EFAS,11,01812,OLZA,18.326389,49.951389,0,0.000000,0.000000,,,0,0,0,0,,,1,,,Oder,PL,5850,5829.95,Oder,,0,TRUE,1,1,0,1,1,1,186,FALSE,4917500,3017500,24,ID_1812_202201211226.mod,Not enough discarge data available for calibration period,1812,TRUE,1024,TRUE,Oder
EFAS,11,01813,STARY RADUSZEC,15.078611,52.036389,0,0.000000,0.000000,,,0,0,0,0,,,1,,,Oder,PL,5900,5873.4,Oder,,0,FALSE,0,0,0,0,1,1,35.45,FALSE,4672500,3222500,,,No discharge data available for calibration period,1813,FALSE,1024,FALSE,Bobr
EFAS,11,01814,KRZYŻANOWICE,18.288056,49.994444,0,0.000000,0.000000,,,0,0,0,0,,,1,,,Oder,PL,5875,5874.78,Oder,,0,TRUE,1,1,0,1,1,1,184.66,FALSE,4912500,3017500,24,ID_1814_202201211226.mod,Not enough discarge data available for calibration period,1814,TRUE,1024,TRUE,Oder
EFAS,11,01815,SPAŁA,20.133056,51.535000,0,0.000000,0.000000,,,0,0,0,0,,,1,,,Vistula,PL,5925,5969.69,Vistula,,0,TRUE,1,1,0,1,1,1,146.5,FALSE,5017500,3207500,24,ID_1815_202201211226.mod,Not enough discarge data available for calibration period,1815,TRUE,1024,TRUE,Pilica
EFAS,11,01816,UJŚCIE 1,16.730278,53.054722,0,0.000000,0.000000,,,0,0,0,0,,,1,,,Oder,PL,6575,6307.46,Oder,,0,TRUE,1,1,0,1,1,1,45.46,FALSE,4787500,3352500,24,ID_1816_202201211226.mod,Not enough discarge data available for calibration period,1816,TRUE,1024,TRUE,Notec
EFAS,11,01817,LUBARTÓW,22.643611,51.498056,0,0.000000,0.000000,,,0,0,0,0,,,1,,,Vistula,PL,6325,6389.88,Vistula,,0,TRUE,1,1,0,1,1,1,140.2,FALSE,5182500,3237500,24,ID_1817_202201211240.mod,Not enough discarge data available for calibration period,1817,TRUE,1024,TRUE,Wieprz
EFAS,11,01818,NOWE MIASTO,20.573333,51.609167,0,0.000000,0.000000,,,0,0,0,0,,,1,,,Vistula,PL,6750,6716.71,Vistula,,0,TRUE,1,1,0,1,1,1,128.17,FALSE,5047500,3217500,24,ID_1818_202201211240.mod,Not enough discarge data available for calibration period,1818,TRUE,1024,TRUE,Pilica
EFAS,11,01819,CZERNICHÓW PROM,19.663056,49.981389,0,0.000000,0.000000,,,0,0,0,0,,,1,,,Vistula,PL,7075,7054.61,Vistula,,0,TRUE,1,1,0,1,1,1,203.67,FALSE,5017500,3032500,24,ID_1819_202201211241.mod,Not enough discarge data available for calibration period,1819,TRUE,1024,TRUE,Vistula
EFAS,11,01820,ŻUKÓW,20.268889,52.261944,0,0.000000,0.000000,,,0,0,0,0,,,1,,,Vistula,PL,7225,7071.76,Vistula,,0,TRUE,1,1,0,1,1,1,67.41,FALSE,5017500,3287500,24,ID_1820_202201211240.mod,Not enough discarge data available for calibration period,1820,TRUE,1024,TRUE,Bzura
EFAS,11,01821,KRYŁÓW,24.062500,50.677222,0,0.000000,0.000000,,,0,0,0,0,,,1,,,Vistula,PL,7150,7152.8,Vistula,,0,TRUE,1,1,0,1,1,1,177.57,FALSE,5307500,3157500,24,ID_1821_202201211240.mod,Not enough discarge data available for calibration period,1821,TRUE,1024,TRUE,Bug
EFAS,11,01822,KRAKÓW-BIELANY,19.843333,50.040278,0,0.000000,0.000000,,,0,0,0,0,,,1,,,Vistula,PL,7600,7633.91,Vistula,,0,TRUE,1,0,0,1,1,1,197.49,FALSE,5027500,3037500,,,Not enough discarge data available for calibration period,1822,FALSE,1024,TRUE,Vistula
EFAS,11,01823,LEŻACHÓW,22.603333,50.140278,0,0.000000,0.000000,,,0,0,0,0,,,1,,,Vistula,PL,8250,8348.1,Vistula,,0,TRUE,1,1,0,1,1,1,166.47,FALSE,5217500,3082500,24,ID_1823_202201211241.mod,Not enough discarge data available for calibration period,1823,TRUE,1024,TRUE,San
EFAS,11,01824,BIAŁOBRZEGI,20.951389,51.657778,0,0.000000,0.000000,,,0,0,0,0,,,1,,,Vistula,PL,8725,8664.61,Vistula,,0,TRUE,1,1,0,1,1,1,111.99,FALSE,5077500,3227500,24,ID_1824_202201211240.mod,Not enough discarge data available for calibration period,1824,TRUE,1024,TRUE,Pilica
EFAS,11,01825,SIEROSŁAWICE,20.456667,50.131944,0,0.000000,0.000000,,,0,0,0,0,,,1,,,Vistula,PL,8950,8961.16,Vistula,,0,TRUE,1,1,0,1,1,1,176.25,FALSE,5062500,3057500,24,ID_1825_202201211241.mod,Not enough discarge data available for calibration period,1825,TRUE,1024,TRUE,Vistula
EFAS,11,01826,STRZYŻÓW,24.035833,50.839444,0,0.000000,0.000000,,,0,0,0,0,,,1,,,Vistula,PL,9000,8991.27,Vistula,,0,TRUE,1,1,0,1,1,1,171.68,FALSE,5302500,3177500,24,ID_1826_202201211240.mod,Not enough discarge data available for calibration period,1826,TRUE,1024,TRUE,Bug
EFAS,11,01827,KOŹLE,18.147778,50.352500,0,0.000000,0.000000,,,0,0,0,0,,,1,,,Oder,PL,9100,9040.07,Oder,,0,FALSE,0,0,0,0,1,1,162.5,FALSE,4902500,3057500,,,No discharge data available for calibration period,1827,FALSE,1024,FALSE,Oder
EFAS,11,01828,UNIEJÓW,18.781944,51.978056,0,0.000000,0.000000,,,0,0,0,0,,,1,,,Oder,PL,9075,9183.44,Oder,,0,TRUE,1,1,0,1,1,1,102.25,FALSE,4922500,3242500,24,ID_1828_202201211240.mod,Not enough discarge data available for calibration period,1828,TRUE,1024,TRUE,Warta
EFAS,11,01829,KRAPKOWICE,17.968889,50.477778,0,0.000000,0.000000,,,0,0,0,0,,,1,,,Oder,PL,10725,10715.7,Oder,,0,TRUE,0,0,0,1,1,1,155.51,FALSE,4882500,3072500,,,No discharge data available for calibration period,1829,FALSE,1024,FALSE,Oder
EFAS,11,01830,CZARNKÓW,16.555556,52.908889,0,0.000000,0.000000,,,0,0,0,0,,,1,,,Oder,PL,12225,11872.85,Oder,,0,TRUE,0,0,0,1,1,1,38.32,FALSE,4762500,3337500,,,No discharge data available for calibration period,1830,FALSE,1024,FALSE,Notec
EFAS,11,01831,KOŁO,18.635278,52.195833,0,0.000000,0.000000,,,0,0,0,0,,,1,,,Oder,PL,12125,12001.67,Oder,,0,TRUE,1,1,0,1,1,1,88.09,FALSE,4912500,3262500,,,No discharge data available for calibration period,1831,FALSE,1024,TRUE,Warta
EFAS,11,01832,JAGODNIKI,20.681944,50.200556,0,0.000000,0.000000,,,0,0,0,0,,,1,,,Vistula,PL,12050,12052.39,Vistula,,0,TRUE,0,1,0,0,1,1,170.02,FALSE,5077500,3062500,,,No discharge data available for calibration period,1832,FALSE,1024,FALSE,Vistula
EFAS,11,01833,RZUCHÓW,22.501944,50.246944,0,0.000000,0.000000,,,0,0,0,0,,,1,,,Vistula,PL,12075,12177.34,Vistula,,0,TRUE,1,1,0,1,1,1,161.66,FALSE,5202500,3092500,24,,Not enough discarge data available for calibration period,1833,FALSE,1024,TRUE,San
EFAS,11,01834,DOROHUSK,23.806944,51.184444,0,0.000000,0.000000,,,0,0,0,0,,,1,,,Vistula,PL,12400,12407.59,Vistula,,0,TRUE,1,1,0,1,1,1,166.65,FALSE,5277500,3212500,24,ID_1834_202201211253.mod,Not enough discarge data available for calibration period,1834,TRUE,1024,TRUE,Bug
EFAS,11,01835,KRZYŻ,16.001667,52.861944,0,0.000000,0.000000,,,0,0,0,0,,,1,,,Oder,PL,12875,12574.62,Oder,,0,TRUE,1,1,0,1,1,1,26.63,FALSE,4732500,3322500,24,ID_1835_202201211252.mod,Not enough discarge data available for calibration period,1835,TRUE,1024,TRUE,Notec
EFAS,11,01836,WŁODAWA,23.566389,51.551389,0,0.000000,0.000000,,,0,0,0,0,,,1,,,Vistula,PL,14250,14301.8,Vistula,,0,TRUE,1,1,0,1,1,1,151.52,FALSE,5257500,3247500,24,ID_1836_202201211253.mod,Not enough discarge data available for calibration period,1836,TRUE,1024,TRUE,Bug
EFAS,11,01837,WIZNA,22.408333,53.201111,0,0.000000,0.000000,,,0,0,0,0,,,1,,,Vistula,PL,14300,14390.66,Vistula,,0,TRUE,1,1,0,1,1,1,97.47,FALSE,5137500,3407500,24,ID_1837_202201211253.mod,Not enough discarge data available for calibration period,1837,TRUE,1024,TRUE,Narew
EFAS,11,01838,LĄD,17.886389,52.203889,0,0.000000,0.000000,,,0,0,0,0,,,1,,,Oder,PL,14275,14578.99,Oder,,0,FALSE,0,0,0,0,1,1,72.58,FALSE,4862500,3257500,,,No discharge data available for calibration period,1838,FALSE,1024,FALSE,Warta
EFAS,11,01839,PYZDRY,17.695278,52.167778,0,0.000000,0.000000,,,0,0,0,0,,,1,,,Oder,PL,15475,15743.34,Oder,,0,TRUE,1,1,0,1,1,1,68.45,FALSE,4847500,3257500,24,ID_1839_202201211252.mod,Not enough discarge data available for calibration period,1839,TRUE,1024,TRUE,Warta
EFAS,11,01840,GOŚCIMIEC,15.640556,52.776111,0,0.000000,0.000000,,,0,0,0,0,,,1,,,Oder,PL,16675,16561.03,Oder,,0,TRUE,1,1,0,1,1,1,20.6,FALSE,4722500,3322500,24,ID_1840_202201211252.mod,Not enough discarge data available for calibration period,1840,TRUE,1024,TRUE,Notec
EFAS,11,01841,SANTOK,15.418611,52.740000,0,0.000000,0.000000,,,0,0,0,0,,,1,,,Oder,PL,17600,16769.53,Oder,,0,FALSE,0,0,0,0,1,1,18.82,FALSE,4692500,3307500,,,No discharge data available for calibration period,1841,FALSE,1024,FALSE,Notec
EFAS,11,01842,RADOMYŚL,21.930833,50.673611,0,0.000000,0.000000,,,0,0,0,0,,,1,,,Vistula,PL,16775,16837.9,Vistula,,0,TRUE,1,1,0,1,1,1,138.78,FALSE,5157500,3132500,24,ID_1842_202201211253.mod,Not enough discarge data available for calibration period,1842,TRUE,1024,TRUE,San
EFAS,11,01843,BRZEG,17.469444,50.865556,0,0.000000,0.000000,,,0,0,0,0,,,1,,,Oder,PL,19875,19694.88,Oder,,0,TRUE,0,0,0,1,1,1,129.2,FALSE,4852500,3112500,,,Not enough discarge data available for calibration period,1843,FALSE,1024,FALSE,Oder
EFAS,11,01844,KARSY,20.774722,50.275000,0,0.000000,0.000000,,,0,0,0,0,,,1,,,Vistula,PL,19925,19835.48,Vistula,,0,TRUE,1,1,0,1,1,1,165.71,FALSE,5082500,3072500,24,ID_1844_202201211251.mod,Not enough discarge data available for calibration period,1844,TRUE,1024,TRUE,Vistula
EFAS,11,01845,NOWOGRÓD,21.865278,53.226667,0,0.000000,0.000000,,,0,0,0,0,,,1,,,Vistula,PL,20200,20168.94,Vistula,,0,TRUE,1,1,0,1,1,1,94.01,FALSE,5107500,3412500,24,,Not enough discarge data available for calibration period,1845,FALSE,1024,TRUE,Narew
EFAS,11,01846,TRESTNO,17.146944,51.082222,0,0.000000,0.000000,,,0,0,0,0,,,1,,,Oder,PL,21200,20387.3,Oder,,0,FALSE,0,0,0,0,1,1,114.52,FALSE,4827500,3127500,,,No discharge data available for calibration period,1846,FALSE,1024,FALSE,Oder
EFAS,11,01847,NOWA WIEŚ PODGÓRNA,17.590833,52.142500,0,0.000000,0.000000,,,0,0,0,0,,,1,,,Oder,PL,20500,20755.91,Oder,,0,TRUE,1,1,0,1,1,1,67.04,FALSE,4842500,3252500,24,ID_1847_202201211252.mod,Not enough discarge data available for calibration period,1847,TRUE,1024,TRUE,Warta
EFAS,11,01848,OSTROŁĘKA,21.562778,53.083889,0,0.000000,0.000000,,,0,0,0,0,,,1,,,Vistula,PL,21950,21920.99,Vistula,,0,TRUE,1,1,0,1,1,1,89.44,FALSE,5097500,3397500,24,ID_1848_202201211253.mod,Not enough discarge data available for calibration period,1848,TRUE,1024,TRUE,Narew
EFAS,11,01849,ŚREM,17.016944,52.093611,0,0.000000,0.000000,,,0,0,0,0,,,1,,,Oder,PL,22425,22402.13,Oder,,0,TRUE,1,1,0,1,1,1,57.84,FALSE,4797500,3247500,24,ID_1849_202201211305.mod,Not enough discarge data available for calibration period,1849,TRUE,1024,TRUE,Warta
EFAS,11,01850,KRZYCZEW,23.499167,52.146944,0,0.000000,0.000000,,,0,0,0,0,,,1,,,Vistula,PL,27650,25595.3,Vistula,,0,TRUE,1,1,0,1,1,1,125.09,FALSE,5242500,3312500,24,ID_1850_202201211305.mod,Not enough discarge data available for calibration period,1850,TRUE,1024,TRUE,Bug
EFAS,11,01851,BRZEG DOLNY,16.726667,51.260833,0,0.000000,0.000000,,,0,0,0,0,,,1,,,Oder,PL,26575,26448.79,Oder,,0,TRUE,0,0,0,1,1,1,97.73,FALSE,4792500,3147500,,,Not enough discarge data available for calibration period,1851,FALSE,1024,FALSE,Oder
EFAS,11,01852,OBORNIKI,16.813333,52.643611,0,0.000000,0.000000,,,0,0,0,0,,,1,,,Oder,PL,25925,26777.14,Oder,,0,TRUE,1,1,0,1,1,1,41.95,FALSE,4787500,3302500,24,ID_1852_202201211305.mod,Not enough discarge data available for calibration period,1852,TRUE,1024,TRUE,Warta
EFAS,11,01853,MALCZYCE,16.493889,51.225833,0,0.000000,0.000000,,,0,0,0,0,,,1,,,Oder,PL,26875,26820.35,Oder,,0,TRUE,1,1,0,1,1,1,93.03,FALSE,4782500,3147500,24,ID_1853_202201211305.mod,Not enough discarge data available for calibration period,1853,TRUE,1024,TRUE,Oder
EFAS,11,01854,KOŁO,21.511111,50.504722,0,0.000000,0.000000,,,0,0,0,0,,,1,,,Vistula,PL,30725,30668.67,Vistula,,0,TRUE,1,1,0,1,1,1,146.72,FALSE,5127500,3102500,24,ID_1854_202201211305.mod,Not enough discarge data available for calibration period,1854,TRUE,1024,TRUE,Vistula
EFAS,11,01855,WRONKI,16.380000,52.711389,0,0.000000,0.000000,,,0,0,0,0,,,1,,,Oder,PL,30000,30680.88,Oder,,0,TRUE,1,1,0,1,1,1,36.63,FALSE,4732500,3302500,24,ID_1855_202201211305.mod,Not enough discarge data available for calibration period,1855,TRUE,1024,TRUE,Warta
EFAS,11,01856,MIĘDZYCHÓD,15.886111,52.604167,0,0.000000,0.000000,,,0,0,0,0,,,1,,,Oder,PL,30525,31536.29,Oder,,0,TRUE,1,1,0,1,1,1,29.13,FALSE,4712500,3297500,,,No discharge data available for calibration period,1856,FALSE,1024,TRUE,Warta
EFAS,11,01857,SKWIERZYNA,15.501111,52.602222,0,0.000000,0.000000,,,0,0,0,0,,,1,,,Oder,PL,30850,32052.58,Oder,,0,TRUE,1,1,0,1,1,1,21.82,FALSE,4702500,3292500,24,ID_1857_202201211305.mod,Not enough discarge data available for calibration period,1857,TRUE,1024,TRUE,Warta
EFAS,11,01858,GŁOGÓW,16.092778,51.668056,0,0.000000,0.000000,,,0,0,0,0,,,1,,,Oder,PL,36575,36403.37,Oder,,0,TRUE,1,1,0,1,1,1,67.89,FALSE,4747500,3192500,24,ID_1858_202201211305.mod,Not enough discarge data available for calibration period,1858,TRUE,1024,TRUE,Oder
EFAS,11,01859,WYSZKÓW,21.452778,52.588333,0,0.000000,0.000000,,,0,0,0,0,,,1,,,Vistula,PL,38100,38394.24,Vistula,,0,TRUE,1,1,0,1,1,1,81.48,FALSE,5087500,3327500,24,,Not enough discarge data available for calibration period,1859,FALSE,1024,TRUE,Bug
EFAS,11,01860,NIETKÓW,15.347500,52.046389,0,0.000000,0.000000,,,0,0,0,0,,,1,,,Oder,PL,39800,40420.7,Oder,,0,TRUE,1,1,0,1,1,1,42.11,FALSE,4682500,3227500,24,ID_1860_202201211305.mod,Not enough discarge data available for calibration period,1860,TRUE,1024,TRUE,Oder
EFAS,11,01861,ANNOPOL,21.833889,50.886111,0,0.000000,0.000000,,,0,0,0,0,,,1,,,Vistula,PL,51500,51498.57,Vistula,,0,TRUE,1,1,0,1,1,1,130.94,FALSE,5152500,3152500,24,ID_1861_202201211314.mod,Not enough discarge data available for calibration period,1861,TRUE,1024,TRUE,Vistula
EFAS,11,01862,BIAŁA GÓRA,14.729167,52.093611,0,0.000000,0.000000,,,0,0,0,0,,,1,,,Oder,PL,50875,51899.69,Oder,,0,FALSE,0,0,0,0,1,1,27.93,FALSE,4642500,3232500,,,No discharge data available for calibration period Moved,1862,FALSE,1024,FALSE,Oder
EFAS,11,01863,SANTOK,15.398889,52.734444,0,0.000000,0.000000,,,0,0,0,0,,,1,,,Oder,PL,53250,52316.19,Oder,,0,FALSE,0,0,0,0,1,1,16.88,FALSE,4687500,3307500,,,No discharge data available for calibration period,1863,FALSE,1024,FALSE,Warta
EFAS,11,01864,ŚWIERKOCIN,15.000000,52.650000,0,0.000000,0.000000,,,0,0,0,0,,,1,,,Oder,PL,54275,52726.33,Oder,,0,FALSE,0,0,0,0,1,1,11.04,FALSE,4662500,3292500,,,No discharge data available for calibration period,1864,FALSE,1024,FALSE,Warta
EFAS,11,01865,KOSTRZYN,14.662222,52.581944,0,0.000000,0.000000,,,0,0,0,0,,,1,,,Oder,PL,52125,53089.07,Oder,,0,FALSE,0,0,0,0,1,1,8.78,FALSE,4632500,3282500,,,No discharge data available for calibration period,1865,FALSE,1024,FALSE,Warta
EFAS,11,01866,PUŁAWY-AZOTY,21.945278,51.445278,0,0.000000,0.000000,,,0,0,0,0,,,1,,,Vistula,PL,57650,57668.06,Vistula,,0,TRUE,1,1,0,1,1,1,113.2,FALSE,5147500,3217500,24,ID_1866_202201211314.mod,Not enough discarge data available for calibration period,1866,TRUE,1024,TRUE,Vistula
EFAS,11,01867,DĘBLIN,21.826389,51.562778,0,0.000000,0.000000,,,0,0,0,0,,,1,,,Vistula,PL,68100,68316.77,Vistula,,0,TRUE,1,1,0,1,1,1,109.15,FALSE,5132500,3227500,24,ID_1867_202201211314.mod,Not enough discarge data available for calibration period,1867,TRUE,1024,TRUE,Vistula
EFAS,11,01868,ORZECHOWO,20.864444,52.488056,0,0.000000,0.000000,,,0,0,0,0,,,1,,,Vistula,PL,68650,69087.13,Vistula,,0,FALSE,0,0,0,0,1,1,69.94,FALSE,5052500,3317500,,,No discharge data available for calibration period,1868,FALSE,1024,FALSE,Narew
EFAS,11,01869,WARSZAWA-NADWILANÓWKA ŚL,21.102778,52.190833,0,0.000000,0.000000,,,0,0,0,0,,,1,,,Vistula,PL,84700,84630.04,Vistula,,0,TRUE,1,1,0,1,1,1,76.68,FALSE,5077500,3292500,24,ID_1869_202201211314.mod,Not enough discarge data available for calibration period,1869,TRUE,1024,TRUE,Vistula
EFAS,11,01870,WARSZAWA,21.032500,52.248056,0,0.000000,0.000000,,,0,0,0,0,,,0,,,Vistula,PL,84825,84945.16,Vistula,,0,FALSE,0,0,0,0,0,0,76.08,FALSE,5067500,3297500,,,No discharge data available for calibration period,1870,FALSE,1024,FALSE,Vistula
EFAS,11,01871,KOSTRZYN,14.606111,52.599167,0,0.000000,0.000000,,,0,0,0,0,,,1,,,Oder,PL,108050,108172.39,Oder,,0,FALSE,0,0,0,0,1,1,8.2,FALSE,4632500,3287500,,,No discharge data available for calibration period,1871,FALSE,1024,FALSE,Oder
EFAS,11,01872,BIELINEK,14.155278,52.929722,0,0.000000,0.000000,,,0,0,0,0,,,1,,,Oder,PL,112200,110006.26,Oder,,0,FALSE,0,0,0,0,1,1,-1.09,FALSE,4602500,3317500,,,No discharge data available for calibration period,1872,FALSE,1024,FALSE,Row Glowny
EFAS,11,01873,WIDUCHOWA,14.382222,53.122222,0,0.000000,0.000000,,,0,0,0,0,,,1,,,Oder,PL,113850,110585.7,Oder,,0,FALSE,0,0,0,0,1,1,-5.16,FALSE,4612500,3337500,,,No discharge data available for calibration period,1873,FALSE,1024,FALSE,Oder
EFAS,11,01874,GRYFINO,14.484440,53.256940,0,0.000000,0.000000,,,0,0,0,0,,,1,,,Oder,PL,114325,111041.07,Oder,,0,FALSE,0,0,0,0,1,1,-5.11,FALSE,4617500,3352500,,,No discharge data available for calibration period,1874,FALSE,1024,FALSE,Oder
EFAS,11,01875,SZCZECIN (MOST DŁUGI),14.561111,53.422222,0,0.000000,0.000000,,,0,0,0,0,,,1,,,Oder,PL,114900,114972.69,Oder,,0,FALSE,0,0,0,0,1,1,-5.12,FALSE,4627500,3382500,,,No discharge data available for calibration period,1875,FALSE,1024,FALSE,Oder
EFAS,11,01876,MODLIN,20.659722,52.430556,0,0.000000,0.000000,,,0,0,0,0,,,1,,,Vistula,PL,159325,159723.73,Vistula,,0,TRUE,1,1,0,1,1,1,66.51,FALSE,5037500,3307500,24,ID_1876_202201211314.mod,Not enough discarge data available for calibration period,1876,TRUE,1024,TRUE,Vistula
EFAS,11,01877,WYSZOGRÓD,20.193056,52.384722,0,0.000000,0.000000,,,0,0,0,0,,,1,,,Vistula,PL,159500,160090.52,Vistula,,0,TRUE,1,1,0,1,1,1,60.28,FALSE,5017500,3302500,24,ID_1877_202201211314.mod,Not enough discarge data available for calibration period,1877,TRUE,1024,TRUE,Vistula
EFAS,11,01878,WŁOCŁAWEK,19.069167,52.663333,0,0.000000,0.000000,,,0,0,0,0,,,1,,,Vistula,PL,171250,171764.12,Vistula,,0,TRUE,1,1,0,1,1,1,41.17,FALSE,4937500,3322500,24,ID_1878_202201211314.mod,Not enough discarge data available for calibration period,1878,TRUE,1024,TRUE,Vistula
EFAS,11,01879,TORUŃ,18.607500,53.008056,0,0.000000,0.000000,,,0,0,0,0,,,1,,,Vistula,PL,180025,180390.23,Vistula,,0,TRUE,1,1,0,1,1,1,31.96,FALSE,4887500,3357500,24,ID_1879_202201211314.mod,Not enough discarge data available for calibration period,1879,TRUE,1024,TRUE,Vistula
EFAS,11,01880,FORDON,18.170000,53.146390,0,0.000000,0.000000,,,0,0,0,0,,,1,,,Vistula,PL,185575,186219.05,Vistula,,0,TRUE,1,1,0,1,1,1,24.74,FALSE,4872500,3382500,24,ID_1880_202201211314.mod,Not enough discarge data available for calibration period,1880,TRUE,1024,TRUE,Vistula
EFAS,11,01881,CHEŁMNO,18.416667,53.369167,0,0.000000,0.000000,,,0,0,0,0,,,1,,,Vistula,PL,186900,186816.28,Vistula,,0,TRUE,1,1,0,1,1,1,18.92,FALSE,4882500,3397500,24,ID_1881_202201211314.mod,Not enough discarge data available for calibration period,1881,TRUE,1024,TRUE,Vistula
EFAS,11,01882,GRUDZIĄDZ,18.745556,53.490278,0,0.000000,0.000000,,,0,0,0,0,,,1,,,Vistula,PL,189525,189715.02,Vistula,,0,TRUE,1,1,0,1,1,1,13.81,FALSE,4897500,3427500,24,ID_1882_202201211326.mod,Not enough discarge data available for calibration period,1882,TRUE,1024,TRUE,Vistula
EFAS,11,01883,TCZEW,18.805560,54.087220,0,0.000000,0.000000,,,0,0,0,0,,,1,,,Vistula,PL,193725,193923.06,Vistula,,0,TRUE,1,1,0,1,1,1,-0.56,FALSE,4897500,3482500,24,ID_1883_202201211326.mod,Not enough discarge data available for calibration period,1883,TRUE,1024,TRUE,Vistula
EFAS,11,01884,GDAŃSK GŁOWA - DREWNICA,18.951667,54.267222,0,0.000000,0.000000,,,0,0,0,0,,,1,,,Vistula,PL,193775,193946.36,Vistula,,0,FALSE,0,0,0,0,1,1,-5.06,FALSE,4902500,3492500,,,No discharge data available for calibration period,1884,FALSE,1024,FALSE,Vistula
EFAS,11,01885,GDAŃSK PRZEGALINA,18.923889,54.308611,0,0.000000,0.000000,,,0,0,0,0,,,1,,,Vistula,PL,193800,193950.76,Vistula,,0,FALSE,0,0,0,0,1,1,-5.08,FALSE,4902500,3497500,,,No discharge data available for calibration period,1885,FALSE,1024,FALSE,Vistula
EFAS,11,01886,GDAŃSK ŚWIBNO,18.935278,54.335278,0,0.000000,0.000000,,,0,0,0,0,,,1,,,Vistula,PL,193850,193957.95,Vistula,,0,FALSE,0,0,0,0,1,1,-5.08,FALSE,4902500,3502500,,,No discharge data available for calibration period,1886,FALSE,1024,FALSE,Vistula
EFAS,11,01887,GDAŃSK UJŚCIE WISŁY,18.942778,54.352778,0,0.000000,0.000000,,,0,0,0,0,,,1,,,Vistula,PL,193875,193959.27,Vistula,,0,FALSE,0,0,0,0,1,1,-5.08,FALSE,4902500,3507500,,,No discharge data available for calibration period,1887,FALSE,1024,FALSE,Vistula
EFAS,11,01888,BUDESTI,26.433333,44.216667,0,0.000000,0.000000,,,0,0,0,0,,,0,HIST_24h,C008,Arges,RO,10775,10000,Danube,1,0,TRUE,0,1,0,0,0,0,,FALSE,5622500,2487500,24,,use until 12-1994 low quality,1888,FALSE,1062,FALSE,Arges
EFAS,11,01889,SLOBOZIA,27.400000,44.550000,0,0.000000,0.000000,,,0,0,0,0,,,0,HIST_24h,C016,Ialomita,RO,9500,9425,Danube,3,0,TRUE,0,1,0,0,0,0,,TRUE,5697500,2547500,24,,,1889,FALSE,1062,FALSE,Bratul Borcea
EFAS,11,01890,Kunino,24.002778,43.188889,0,0.000000,0.000000,,,0,0,0,0,,,0,HIST_24h,C017,Iskur,BG,6825,7300,Danube,3,0,TRUE,0,1,0,0,0,0,,TRUE,5457500,2342500,24,,,1890,FALSE,1062,FALSE,Iskur
EFAS,11,01891,OANCEA,28.116667,45.916667,0,0.000000,0.000000,,,0,0,0,0,,,0,HIST_24h,C020,Prut,RO,26750,26800,Danube,3,0,TRUE,0,1,0,0,0,0,,TRUE,5712500,2697500,24,,,1891,FALSE,1062,FALSE,Prut
EFAS,11,01892,SIRET,26.033333,47.900000,0,0.000000,0.000000,,,0,0,0,0,,,0,HIST_24h,C030,Siret,RO,1650,1725,Danube,3,0,TRUE,0,1,0,0,0,0,,TRUE,5507500,2892500,24,,,1892,FALSE,1062,FALSE,Siret
EFAS,11,01893,FELSOEZSOLCA,20.840000,48.110000,0,0.000000,0.000000,,,0,0,0,0,,,0,HIST_24h,C032,Tisza,HU,6475,6825,Danube,3,0,TRUE,0,1,0,0,0,0,,TRUE,5127500,2832500,24,,,1893,FALSE,1062,FALSE,Slana
EFAS,11,01894,SZEGED,20.160000,46.250000,0,0.000000,0.000000,,,0,0,0,0,,,0,HIST_24h,C045,Tisza,HU,138425,138408,Danube,3,0,TRUE,0,1,0,0,0,0,,TRUE,5102500,2622500,24,,,1894,FALSE,1062,FALSE,Tisza
EFAS,11,01895,BRATISLAVA,17.100000,48.140000,0,0.000000,0.000000,,,0,0,0,0,,,0,HIST_24h,C046,Upper Danube,SK,131325,131331,Danube,3,0,TRUE,0,1,0,0,0,0,,TRUE,4852500,2807500,24,,,1895,FALSE,1062,FALSE,Mosoni-Duna
EFAS,11,01896,L'Adour à Audon -  010174-010691 00:00,-0.836511,43.789316,0,0.000000,0.000000,,,0,0,0,0,,,0,HIST_24h,C063,Adour,FR,4125,4100,Adour,3,0,TRUE,0,1,0,0,0,0,,TRUE,3457500,2357500,24,,,1896,FALSE,1062,FALSE,Adour
EFAS,11,01897,L'Adour à Cahuzac-Sur-Adour,-0.019438,43.640856,0,0.000000,0.000000,,,0,0,0,0,,,0,HIST_24h,C064,Adour,FR,1300,1290,Adour,3,0,TRUE,0,1,0,0,0,0,,TRUE,3512500,2332500,24,,,1897,FALSE,1062,FALSE,Adour
EFAS,11,01898,Le Gave De Pau à Berenx [Pont De Berenx],-0.853243,43.508747,0,0.000000,0.000000,,,0,0,0,0,,,0,HIST_24h,C065,Adour,FR,2575,2575,Adour,3,0,TRUE,0,1,0,0,0,0,,TRUE,3442500,2332500,24,,,1898,FALSE,1062,FALSE,Gave de Pau
EFAS,11,01899,Le Gave D'Oloron à Escos,-0.994605,43.439513,0,0.000000,0.000000,,,0,0,0,0,,,0,HIST_24h,C066,Adour,FR,2550,2456,Adour,3,0,TRUE,0,1,0,0,0,0,,TRUE,3432500,2317500,24,,,1899,FALSE,1062,FALSE,Gave
EFAS,11,01900,Le Tarn à Villemur-Sur-Tarn,1.495663,43.880420,0,0.000000,0.000000,,,0,0,0,0,,,0,HIST_24h,C068,Garonne,FR,9100,9100,Garonne,3,0,TRUE,0,1,0,0,0,0,,TRUE,3632500,2347500,24,,,1900,FALSE,1062,FALSE,Tarn
EFAS,11,01901,Le Lot à Faycelles,2.015668,44.556526,0,0.000000,0.000000,,,0,0,0,0,,,0,HIST_24h,C070,Garonne,FR,6850,6840,Garonne,3,0,TRUE,0,1,0,0,0,0,,TRUE,3687500,2417500,24,,Dams upstream,1901,FALSE,1062,FALSE,Lot
EFAS,11,01902,La Vezere à Campagne,0.959606,44.903932,0,0.000000,0.000000,,,0,0,0,0,,,0,HIST_24h,C071,Dordogne,FR,3725,3736,Garonne,3,0,TRUE,0,1,0,0,0,0,,TRUE,3602500,2467500,24,,,1902,FALSE,1062,FALSE,Vezere
EFAS,11,01903,L'Isle à Abzac,-0.126190,45.021805,0,0.000000,0.000000,,,0,0,0,0,,,0,HIST_24h,C072,Dordogne,FR,3750,3752,Garonne,3,0,TRUE,0,1,0,0,0,0,,TRUE,3527500,2487500,24,,,1903,FALSE,1062,FALSE,Isle
EFAS,11,01904,La Dordogne à Cenac-Et-Saint-Julien [Cenac],1.204299,44.805232,0,0.000000,0.000000,,,0,0,0,0,,,0,HIST_24h,C073,Dordogne,FR,8625,8705,Garonne,3,0,TRUE,0,1,0,0,0,0,,TRUE,3627500,2452500,24,,Dams upstream,1904,FALSE,1062,FALSE,Dordogne
EFAS,11,01905,La Loire à Villerest,4.044108,46.004406,0,0.000000,0.000000,,,0,0,0,0,,,0,HIST_24h,C074,Loire,FR,6725,6585,Loire,3,0,TRUE,0,1,0,0,0,0,,TRUE,3857500,2562500,24,,dam  moved station downstream,1905,FALSE,1062,FALSE,Loire
EFAS,11,01906,La Loire à Villerest [Pont de Villerest],4.046217,45.995861,0,0.000000,0.000000,,,0,0,0,0,,,0,HIST_24h,,Loire,FR,6700,6585,Loire,0,0,TRUE,0,1,0,0,0,0,,FALSE,3857500,2557500,24,,Same as 1905 - Dam  moved downstream of dam,1906,FALSE,1062,FALSE,Loire
EFAS,11,01907,L'Allier à Moulins,3.325648,46.561451,0,0.000000,0.000000,,,0,0,0,0,,,0,HIST_24h,C075,Loire,FR,13075,12980,Loire,3,0,TRUE,0,1,0,0,0,0,,TRUE,3807500,2622500,24,,After 1994,1907,FALSE,1062,FALSE,Allier
EFAS,11,01908,La Vienne à Lussac-Les-Chateaux,0.701612,46.404555,0,0.000000,0.000000,,,0,0,0,0,,,0,HIST_24h,C076,Loire,FR,5625,5535,Loire,3,0,TRUE,0,1,0,0,0,0,,TRUE,3607500,2627500,24,,,1908,FALSE,1062,FALSE,Vienne
EFAS,11,01910,La Creuse à Leugny,0.703829,46.909608,0,0.000000,0.000000,,,0,0,0,0,,,0,HIST_24h,C078,Loire,FR,7975,8020,Loire,3,0,TRUE,0,1,0,0,0,0,,TRUE,3612500,2687500,24,,,1910,FALSE,1062,FALSE,Creuse
EFAS,11,01911,La Vienne à Nouatre,0.544893,47.049725,0,0.000000,0.000000,,,0,0,0,0,,,0,HIST_24h,C079,Loire,FR,20000,19920,Loire,3,0,TRUE,0,1,0,0,0,0,,TRUE,3602500,2702500,24,,,1911,FALSE,1062,FALSE,Vienne
EFAS,11,01912,Le Loir à Durtal,-0.244677,47.668413,0,0.000000,0.000000,,,0,0,0,0,,,0,HIST_24h,C080,Loire,FR,7925,7920,Loire,3,0,TRUE,0,1,0,0,0,0,,TRUE,3557500,2782500,24,,,1912,FALSE,1062,FALSE,Loire
EFAS,11,01913,La Loire à Nevers,3.164963,46.983065,0,0.000000,0.000000,,,0,0,0,0,,,0,HIST_24h,C081,Loire,FR,17650,17570,Loire,3,0,TRUE,0,1,0,0,0,0,,TRUE,3807500,2672500,24,,,1913,FALSE,1062,FALSE,Loire
EFAS,11,01915,La Loire à Saumur,-0.075445,47.262417,0,0.000000,0.000000,,,0,0,0,0,,,0,HIST_24h,C083,Loire,FR,81425,81200,Loire,3,0,TRUE,0,1,0,0,0,0,,TRUE,3567500,2732500,24,,,1915,FALSE,1062,FALSE,Loire
EFAS,11,01916,La Loire [Totale] à Nantes [Saint Felix],-1.539713,47.211599,0,0.000000,0.000000,,,0,0,0,0,,,0,HIST_24h,C084,Loire,FR,112300,111570,Loire,3,0,TRUE,0,1,0,0,0,0,,TRUE,3457500,2747500,24,,,1916,FALSE,1062,FALSE,Loire
EFAS,11,01918,La Saone à Pagny-La-Ville [Lechatelet],5.149568,47.066696,0,0.000000,0.000000,,,0,0,0,0,,,0,HIST_24h,C092,Rhone,FR,11700,11673,Rhone,3,0,TRUE,0,1,0,0,0,0,,TRUE,3952500,2672500,24,,,1918,FALSE,1062,FALSE,Saone
EFAS,11,01919,Le Rhone à Lyon [Perrache],4.830951,45.748116,0,0.000000,0.000000,,,0,0,0,0,,,0,HIST_24h,C095,Rhone,FR,20700,20300,Rhone,3,0,TRUE,0,1,0,0,0,0,,TRUE,3922500,2532500,24,,seems regulated,1919,FALSE,1062,FALSE,Rhone
EFAS,11,01920,Le Rhone à Viviers,4.700911,44.481317,0,0.000000,0.000000,,,0,0,0,0,,,0,HIST_24h,C097,Rhone,FR,71225,70900,Rhone,3,0,TRUE,0,1,0,0,0,0,,TRUE,3897500,2392500,24,,,1920,FALSE,1062,FALSE,Rhone
EFAS,11,01921,Le Rhone à Viviers,4.700254,44.481538,0,0.000000,0.000000,,,0,0,0,0,,,0,HIST_24h,,Rhone,FR,71025,70900,Rhone,0,0,TRUE,0,1,0,0,0,0,,FALSE,3897500,2397500,24,,same location as 1920 less data,1921,FALSE,1062,FALSE,Rhone
EFAS,11,01922,Le Rhone à Beaucaire,4.652875,43.787707,0,0.000000,0.000000,,,0,0,0,0,,,0,HIST_24h,C098,Rhone,FR,95950,95590,Rhone,3,0,TRUE,0,1,0,0,0,0,,TRUE,3887500,2312500,24,,Dam,1922,FALSE,1062,FALSE,Rhone
EFAS,11,01923,L'Isere à Beaumont-Monteux,4.913408,45.017178,0,0.000000,0.000000,,,0,0,0,0,,,0,HIST_24h,C099,Rhone,FR,11850,11800,Rhone,3,0,TRUE,0,1,0,0,0,0,,TRUE,3922500,2447500,24,,,1923,FALSE,1062,FALSE,Isere
EFAS,11,01924,L'Isere à Beaumont-Monteux,4.914976,45.016503,0,0.000000,0.000000,,,0,0,0,0,,,0,HIST_24h,,Rhone,FR,11875,11800,Rhone,0,0,TRUE,0,1,0,0,0,0,,FALSE,3917500,2447500,24,,Same location as 1923 but less data and lower quality,1924,FALSE,1062,FALSE,Isere
EFAS,11,01925,La Durance à Saint-Paul-Les-Durance [Jouques-Cadarache],5.739700,43.719792,0,0.000000,0.000000,,,0,0,0,0,,,0,HIST_24h,C100,Rhone,FR,11850,11700,Rhone,3,0,TRUE,0,1,0,0,0,0,,TRUE,3977500,2297500,24,,dams upsttream,1925,FALSE,1062,FALSE,Durance
EFAS,11,01926,L'Yonne à Gurgy,3.535478,47.878302,0,0.000000,0.000000,,,0,0,0,0,,,0,HIST_24h,C101,Seine,FR,3800,3807,Seine,3,0,TRUE,0,1,0,0,0,0,,TRUE,3842500,2767500,24,,,1926,FALSE,1062,FALSE,Yonne
EFAS,11,01927,L'Armançon à Brienon-sur-Armançon,3.613256,47.985507,0,0.000000,0.000000,,,0,0,0,0,,,0,HIST_24h,C102,Seine,FR,2975,2982,Seine,3,0,TRUE,0,1,0,0,0,0,,TRUE,3842500,2782500,24,,,1927,FALSE,1062,FALSE,Armancon
EFAS,11,01928,L'Yonne à Courlon-sur-Yonne,3.157618,48.330989,0,0.000000,0.000000,,,0,0,0,0,,,0,HIST_24h,C103,Seine,FR,10725,10700,Seine,3,0,TRUE,0,1,0,0,0,0,,TRUE,3817500,2822500,24,,,1928,FALSE,1062,FALSE,Yonne
EFAS,11,01929,Le Loing àÉpisy,2.788472,48.337700,0,0.000000,0.000000,,,0,0,0,0,,,0,HIST_24h,C104,Seine,FR,3900,3900,Seine,3,0,TRUE,0,1,0,0,0,0,,TRUE,3787500,2827500,24,,,1929,FALSE,1062,FALSE,Loing
EFAS,11,01930,La Marne à la Ferté-sous-Jouarre,3.121570,48.945001,0,0.000000,0.000000,,,0,0,0,0,,,0,HIST_24h,C105,Seine,FR,8650,8818,Seine,3,0,TRUE,0,1,0,0,0,0,,TRUE,3822500,2897500,24,,,1930,FALSE,1062,FALSE,Marne
EFAS,11,01931,La Marne à Gournay-sur-Marne,2.573855,48.860672,0,0.000000,0.000000,,,0,0,0,0,,,0,HIST_24h,C106,Seine,FR,12625,12660,Seine,3,0,TRUE,0,1,0,0,0,0,,TRUE,3772500,2882500,24,,,1931,FALSE,1062,FALSE,Marne
EFAS,11,01932,La Marne à Gournay-sur-Marne [station ultra-son],2.570154,48.864661,0,0.000000,0.000000,,,0,0,0,0,,,0,,,Seine,FR,12475,12660,Seine,,0,TRUE,0,1,0,0,0,0,,FALSE,3777500,2887500,,,Not enough discarge data available for calibration period,1932,FALSE,1062,FALSE,Marne
EFAS,11,01933,L'Aisne à Givry,4.538226,49.491722,0,0.000000,0.000000,,,0,0,0,0,,,0,HIST_24h,C107,Seine,FR,2975,2940,Seine,3,0,TRUE,0,1,0,0,0,0,,TRUE,3927500,2947500,24,,,1933,FALSE,1062,FALSE,Aisne
EFAS,11,01934,L'Oise à Sempigny,2.993793,49.560102,0,0.000000,0.000000,,,0,0,0,0,,,0,HIST_24h,C108,Seine,FR,4275,4290,Seine,3,0,TRUE,0,1,0,0,0,0,,TRUE,3812500,2962500,24,,,1934,FALSE,1062,FALSE,Oise
EFAS,11,01935,La Seine à Poissy,2.038168,48.937237,0,0.000000,0.000000,,,0,0,0,0,,,0,HIST_24h,C109,Seine,FR,61750,61820,Seine,3,0,TRUE,0,1,0,0,0,0,,TRUE,3732500,2907500,24,,,1935,FALSE,1062,FALSE,Seine
EFAS,11,01937,LAUCHA,11.680000,51.220000,0,0.000000,0.000000,,,0,0,0,0,,,0,HIST_24h,C167,Elbe,DE,6250,6218,Elbe,3,0,TRUE,0,1,0,0,0,0,,TRUE,4437500,3127500,24,,,1937,FALSE,1062,FALSE,Unstrut
EFAS,11,01938,SMALININKAI,22.570000,55.070000,0,0.000000,0.000000,,,0,0,0,0,,,0,HIST_24h,C175,Nemnus,LT,81175,81200,Nemunas,3,0,TRUE,0,1,0,0,0,0,,TRUE,5112500,3617500,24,,,1938,FALSE,1062,FALSE,Nemunas
EFAS,11,01939,JONAVA,24.280000,55.080000,0,0.000000,0.000000,,,0,0,0,0,,,0,HIST_24h,C177,Nemnus,LT,24425,24500,Nemunas,3,0,TRUE,0,1,0,0,0,0,,TRUE,5222500,3637500,24,,,1939,FALSE,1062,FALSE,Neris
EFAS,11,01940,INTSCHEDE,9.120000,52.960000,0,0.000000,0.000000,,,0,0,0,0,,,0,HIST_24h,C227,Weser,DE,38650,37720,Weser,3,0,TRUE,0,1,0,0,0,0,,TRUE,4262500,3317500,24,,,1940,FALSE,1062,FALSE,Weser
EFAS,11,01941,HANN.-MUENDEN,9.640000,51.420000,0,0.000000,0.000000,,,0,0,0,0,,,0,HIST_24h,C228,Weser,DE,12575,12442,Weser,3,0,TRUE,0,1,0,0,0,0,,TRUE,4297500,3147500,24,,,1941,FALSE,1062,FALSE,Weser
EFAS,11,01942,PORTA,8.920000,52.240000,0,0.000000,0.000000,,,0,0,0,0,,,0,HIST_24h,C229,Weser,DE,19300,19162,Weser,3,0,TRUE,0,1,0,0,0,0,,TRUE,4242500,3237500,24,,,1942,FALSE,1062,FALSE,Weser
EFAS,11,01943,AELVKARLEBY KRV,17.440000,60.560000,0,0.000000,0.000000,,,0,0,0,0,,,0,HIST_24h,C231,Dalaelven,SE,28575,28921,Dalalven,3,0,TRUE,0,1,0,0,0,0,,TRUE,4727500,4187500,24,,lake,1943,FALSE,1062,FALSE,Dalaelven
EFAS,11,01944,EMSFORS BRUK,16.450000,57.140000,0,0.000000,0.000000,,,0,0,0,0,,,0,HIST_24h,C232,Eman,SE,4450,4446,Eman,3,0,TRUE,0,1,0,0,0,0,,TRUE,4712500,3797500,24,,,1944,FALSE,1062,FALSE,Eman
EFAS,11,01945,VAENERSBORG - VARGOENS KRV,12.370000,58.360000,0,0.000000,0.000000,,,0,0,0,0,,,0,HIST_24h,C236,Gota,SE,48675,46886,Gota,1,0,TRUE,0,1,0,0,0,0,,FALSE,4457500,3912500,24,,lake  and dam  moved downstream extremely regulated extremely large oscillations,1945,FALSE,1062,FALSE,Gota
EFAS,11,01946,RAASAKKA (NEAR THE MOUTH),25.430000,65.320000,0,0.000000,0.000000,,,0,0,0,0,,,0,HIST_24h,C237,Iijoki,FI,6525,14191,Iijoki,0,0,TRUE,0,1,0,0,0,0,,FALSE,5037500,4767500,24,,wrong LDD,1946,FALSE,1062,FALSE,Iijoki
EFAS,11,01947,BERGEFORSENS KRV,17.390000,62.520000,0,0.000000,0.000000,,,0,0,0,0,,,0,HIST_24h,C238,Indalselven,SE,25825,25761,Indalsalven,3,0,TRUE,0,1,0,0,0,0,,TRUE,4692500,4397500,24,,oscillations strongly regulated,1947,FALSE,1062,FALSE,Indalselven
EFAS,11,01948,VAAJAKOSKI (HAAPAKOSKI),25.880000,62.230000,0,0.000000,0.000000,,,0,0,0,0,,,0,HIST_24h,C244,Kymijoki,FI,17550,17684,Kymijoki,3,0,TRUE,0,1,0,0,0,0,,TRUE,5142500,4437500,24,,,1948,FALSE,1062,FALSE,Leppavesi-Paijanne
EFAS,11,01949,ANJALA,26.820000,60.700000,0,0.000000,0.000000,,,0,0,0,0,,,0,HIST_24h,C245,Kymijoki,FI,35625,36275,Kymijoki,3,0,TRUE,0,1,0,0,0,0,,TRUE,5232500,4282500,24,,,1949,FALSE,1062,FALSE,Kymijoki
EFAS,11,01950,ANGABAECKS KRV,13.510000,56.490000,0,0.000000,0.000000,,,0,0,0,0,,,0,HIST_24h,C246,Lagan,SE,6925,5480,Lagan,3,0,TRUE,0,1,0,0,0,0,,TRUE,4542500,3717500,24,,oscillations  strongly regulated,1950,FALSE,1062,FALSE,Lagan
EFAS,11,01951,SKALLBOELE KRV,16.960000,62.360000,0,0.000000,0.000000,,,0,0,0,0,,,0,HIST_24h,C247,Ljungan,SE,11925,12088,Ljungan,3,0,TRUE,0,1,0,0,0,0,,TRUE,4682500,4382500,24,,,1951,FALSE,1062,FALSE,Ljungan
EFAS,11,01952,LJUSNE STROEMMAR KRV,17.080000,61.210000,0,0.000000,0.000000,,,0,0,0,0,,,0,HIST_24h,C248,Ljusnan,SE,20075,19817,Ljusnan,3,0,TRUE,0,1,0,0,0,0,,TRUE,4697500,4257500,24,,oscillations  strongly regulated,1952,FALSE,1062,FALSE,Ljusnan
EFAS,11,01953,"BODENS KRV (+ VATTENVERK, TRANGFORS)",21.670000,65.810000,0,0.000000,0.000000,,,0,0,0,0,,,0,HIST_24h,C249,Luleaelven,SE,24775,24924,Luleaelven,3,0,TRUE,0,1,0,0,0,0,,TRUE,4857500,4787500,24,,large oscillations strongly regulated,1953,FALSE,1062,FALSE,Luleaelven
EFAS,11,01954,OEVRE STOCKHOLM,18.080000,59.300000,0,0.000000,0.000000,,,0,0,0,0,,,0,HIST_24h,C250,Maelaren,SE,23250,22639,Arbogaan,3,0,TRUE,0,1,0,0,0,0,,TRUE,4777500,4052500,24,,lake  strongly regulated moved downstream,1954,FALSE,1062,FALSE,Maelaren
EFAS,11,01955,MERISKOSKI (NEAR THE MOUTH),25.520000,65.020000,0,0.000000,0.000000,,,0,0,0,0,,,0,HIST_24h,C251,Oulujoki,FI,24400,22841,Oulujoki,1,0,TRUE,0,1,0,0,0,0,,FALSE,5057500,4732500,24,,large obscillations seems strongly regulated,1955,FALSE,1062,FALSE,Oulujoki
EFAS,11,01956,SIKFORS KRV,21.210000,65.530000,0,0.000000,0.000000,,,0,0,0,0,,,0,HIST_24h,C252,Piteaelven,SE,10900,10816,Pitealven,3,0,TRUE,0,1,0,0,0,0,,TRUE,4837500,4757500,24,,,1956,FALSE,1062,FALSE,Piteaelven
EFAS,11,01957,KVISTFORSENS KRV,20.860000,64.740000,0,0.000000,0.000000,,,0,0,0,0,,,0,HIST_24h,C253,Skellefteaelven,SE,11275,11309,Skelleftealven,3,0,TRUE,0,1,0,0,0,0,,TRUE,4837500,4667500,24,,oscillations  strongly regulated,1957,FALSE,1062,FALSE,Skellefteaelven
EFAS,11,01958,UMEAE,20.250000,63.830000,0,0.000000,0.000000,,,0,0,0,0,,,0,HIST_24h,C255,Umeaelven,SE,26950,26939,Umealven,3,0,TRUE,0,1,0,0,0,0,,TRUE,4832500,4557500,24,,oscillations in low flow  strongly regulated,1958,FALSE,1062,FALSE,Umeaelven
EFAS,11,01959,TAINIONKOSKI,28.780000,61.220000,0,0.000000,0.000000,,,0,0,0,0,,,0,HIST_24h,C258,Vuoksi,FI,60650,61061,Neva,0,0,TRUE,0,1,0,0,0,0,,FALSE,5322500,4362500,24,,dam low quality data very large oscillations,1959,FALSE,1062,FALSE,Vuoksi
EFAS,11,01960,CORROFIN,-8.863900,53.437560,0,0.000000,0.000000,,,0,0,0,0,,,0,HIST_24h,C278,Clare,IE,575,750,Clare,3,0,TRUE,0,1,0,0,0,0,,TRUE,3082500,3537500,24,,,1960,FALSE,1062,FALSE,Clare
EFAS,11,01961,DECIN,14.230000,50.790000,0,0.000000,0.000000,,,0,0,0,0,,,0,HIST_24h,C316,Elbe,CZ,51100,51123,Elbe,2,0,TRUE,0,1,0,0,0,0,,FALSE,4617500,3087500,24,,close to 87,1961,FALSE,1062,FALSE,Elbe
EFAS,11,01962,ZELEZNY BROD,15.280000,50.640000,0,0.000000,0.000000,,,0,0,0,0,,,0,HIST_24h,C317,Elbe,CZ,800,791,Elbe,3,0,TRUE,0,1,0,0,0,0,,TRUE,4697500,3072500,24,,,1962,FALSE,1062,FALSE,Jizera
EFAS,11,01963,MORAVICANY,16.960000,49.750000,0,0.000000,0.000000,,,0,0,0,0,,,0,HIST_24h,C318,Morava,CZ,2300,1559,Danube,3,0,TRUE,0,1,0,0,0,0,,TRUE,4832500,2977500,24,,Moved South to avoid conflict in inflow point,1963,FALSE,1062,FALSE,Morava
EFAS,11,01964,TEPLICE,17.750000,49.530000,0,0.000000,0.000000,,,0,0,0,0,,,0,HIST_24h,C321,Morava,CZ,1250,1275,Danube,2,0,TRUE,0,1,0,0,0,0,,FALSE,4882500,2962500,24,,close to 575,1964,FALSE,1062,FALSE,Becva
EFAS,11,01965,GLAN,16.170000,58.630000,0,0.000000,0.000000,,,0,0,0,0,,,0,HIST_24h,C322,LakeVatternCatchment,SE,12425,15500,LakeVatternCatchment,3,0,TRUE,0,1,0,0,0,0,,TRUE,4682500,3947500,24,,Moved on main stream oscillations  strongly regulated,1965,FALSE,1062,FALSE,Motala Stroem
EFAS,11,01966,KUKKOLANKOSKI OEVRE,24.060000,65.980000,0,0.000000,0.000000,,,0,0,0,0,,,0,HIST_24h,C324,Torne,SE,39975,33930,Torne,3,0,TRUE,0,1,0,0,0,0,,TRUE,4957500,4827500,24,,,1966,FALSE,1062,FALSE,Torneaelven
EFAS,11,01967,SCHAERDING,13.440000,48.430000,0,0.000000,0.000000,,,0,0,0,0,,,0,HIST_24h,C328,Inn,AT,26050,25664,Danube,3,0,TRUE,0,1,0,0,0,0,,TRUE,4572500,2822500,24,,,1967,FALSE,1062,FALSE,Inn
EFAS,11,01968,SPIELFELD,15.630000,46.710000,0,0.000000,0.000000,,,0,0,0,0,,,0,HIST_24h,C329,Mur,AT,9625,9480,Danube,2,0,TRUE,0,1,0,0,0,0,,FALSE,4747500,2642500,24,,close to 95,1968,FALSE,1062,FALSE,Mur
EFAS,11,01969,FRIESACH,15.310000,47.160000,0,0.000000,0.000000,,,0,0,0,0,,,0,HIST_24h,C330,Mur,AT,6825,6792,Danube,3,0,TRUE,0,1,0,0,0,0,,TRUE,4727500,2692500,24,,,1969,FALSE,1062,FALSE,Mur
EFAS,11,01970,TRIER UP,6.620000,49.730000,0,0.000000,0.000000,,,0,0,0,0,,,0,HIST_24h,C343,Mosel,DE,23650,23857,Rhine,3,0,TRUE,0,1,0,0,0,0,,TRUE,4077500,2962500,24,,,1970,FALSE,1062,FALSE,Moselle
EFAS,11,01971,RETHEM,9.380000,52.780000,0,0.000000,0.000000,,,0,0,0,0,,,0,HIST_24h,C344,Weser,DE,15500,14730,Weser,3,0,TRUE,0,1,0,0,0,0,,TRUE,4282500,3297500,24,,,1971,FALSE,1062,FALSE,Aller
EFAS,11,01972,LETZTER HELLER,9.700000,51.400000,0,0.000000,0.000000,,,0,0,0,0,,,0,HIST_24h,C346,Weser,DE,5500,5487,Weser,3,0,TRUE,0,1,0,0,0,0,,TRUE,4307500,3137500,24,,,1972,FALSE,1062,FALSE,Werra
EFAS,11,01973,VERSEN,7.240000,52.740000,0,0.000000,0.000000,,,0,0,0,0,,,0,HIST_24h,C347,Ems,DE,8425,8369,Ems,3,0,TRUE,0,1,0,0,0,0,,TRUE,4137500,3292500,24,,,1973,FALSE,1062,FALSE,Ems
EFAS,11,01974,BERLIN MUEHLENDAMM OP,13.850000,52.460000,0,0.000000,0.000000,,,0,0,0,0,,,0,HIST_24h,C354,Havel,DE,6900,9707,Elbe,3,0,TRUE,0,1,0,0,0,0,,TRUE,4577500,3262500,24,,Seems regulated,1974,FALSE,1062,FALSE,Spree
EFAS,11,01975,BAD LIEBENWERDA,13.390000,51.510000,0,0.000000,0.000000,,,0,0,0,0,,,0,HIST_24h,C355,Elbe,DE,3125,3184,Elbe,3,0,TRUE,0,1,0,0,0,0,,TRUE,4557500,3157500,24,,,1975,FALSE,1062,FALSE,Schwarze Elster
EFAS,11,01976,KEMPTEN,10.310000,47.730000,0,0.000000,0.000000,,,0,0,0,0,,,0,HIST_24h,C356,Danube,DE,950,955,Danube,3,0,TRUE,0,1,0,0,0,0,,TRUE,4347500,2732500,24,,,1976,FALSE,1062,FALSE,Iller
EFAS,11,01977,MEGEN DORP,5.540000,51.820000,0,0.000000,0.000000,,,0,0,0,0,,,0,HIST_24h,C367,Maas,NL,29000,28980,Meuse,3,0,TRUE,0,1,0,0,0,0,,TRUE,4017500,3197500,24,,,1977,FALSE,1062,FALSE,Meuse
EFAS,11,01978,BRYDEKIRK,-3.270000,55.020000,0,0.000000,0.000000,,,0,0,0,0,,,0,HIST_24h,C380,R. Annan,UK,950,925,Annan,3,0,TRUE,0,1,0,0,0,0,,TRUE,3472500,3627500,24,,,1978,FALSE,1062,FALSE,Annan
EFAS,11,01979,Caton,-2.720000,54.081000,0,0.000000,0.000000,,,0,0,0,0,,,0,HIST_24h,C386,Lune,UK,1000,983,Lune,3,0,TRUE,0,1,0,0,0,0,,TRUE,3492500,3512500,24,,,1979,FALSE,1062,FALSE,Lune
EFAS,11,01980,DOVIKFOSS,9.900000,59.880000,0,0.000000,0.000000,,,0,0,0,0,,,0,HIST_24h,C392,Begna,NO,16100,16120,Drammen,3,0,TRUE,0,1,0,0,0,0,,TRUE,4317500,4087500,24,,lake,1980,FALSE,1062,FALSE,Dramselv
EFAS,11,01981,LANGNES,11.110000,59.600000,0,0.000000,0.000000,,,0,0,0,0,,,0,HIST_24h,C393,Glomma,NO,40525,40540,Glomma,3,0,TRUE,0,1,0,0,0,0,,TRUE,4387500,4052500,24,,,1981,FALSE,1062,FALSE,Glama
EFAS,11,01982,KISTA,23.510000,69.820000,0,0.000000,0.000000,,,0,0,0,0,,,0,HIST_24h,C402,Altaelva,NO,6250,6187,Altaelva,3,0,TRUE,0,1,0,0,0,0,,TRUE,4842500,5237500,24,,,1982,FALSE,1062,FALSE,Altaelva
EFAS,11,01983,LAKE INARI OUTLET,27.150000,68.900000,0,0.000000,0.000000,,,0,0,0,0,,,0,HIST_24h,C411,Pasvikely,FI,5475,14575,Paatsjoki,0,0,TRUE,0,1,0,0,0,0,,FALSE,5012500,5177500,24,,Regulated but no dam in lsf,1983,FALSE,1062,FALSE,Paatsjoki
EFAS,11,01984,HARJAVALTA,22.070000,61.200000,0,0.000000,0.000000,,,0,0,0,0,,,0,HIST_24h,C413,Kokemaenjoki,FI,26300,26117,Kokem,3,0,TRUE,0,1,0,0,0,0,,TRUE,4967500,4302500,24,,Moved on main stream  oscillations strongly regulated catchment with weekly pattern,1984,FALSE,1062,FALSE,Kokemaenjoki
EFAS,11,01985,LAKE LENTUA OUTLET,29.580000,64.200000,0,0.000000,0.000000,,,0,0,0,0,,,0,HIST_24h,C414,Oulujoki,FI,2125,2045,Oulujoki,3,0,TRUE,0,1,0,0,0,0,,TRUE,5262500,4702500,24,,,1985,FALSE,1062,FALSE,Oulujoki
EFAS,11,01986,JYLHAMA (VAALA),26.780000,64.570000,0,0.000000,0.000000,,,0,0,0,0,,,0,HIST_24h,C415,Oulujoki,FI,21725,19839,Oulujoki,3,0,TRUE,0,1,0,0,0,0,,TRUE,5127500,4702500,24,,large oscillations seems strongly regulated,1986,FALSE,1062,FALSE,Oulujoki
EFAS,11,01987,KULDIGA,21.980000,56.960000,0,0.000000,0.000000,,,0,0,0,0,,,0,HIST_24h,C436,Venta,LV,8250,8320,Venta,3,0,TRUE,0,1,0,0,0,0,,TRUE,5047500,3822500,24,,,1987,FALSE,1062,FALSE,Venta
EFAS,11,01988,VALMIERA,25.400000,57.550000,0,0.000000,0.000000,,,0,0,0,0,,,0,HIST_24h,C437,Gauja,LV,6325,6280,Gauja,3,0,TRUE,0,1,0,0,0,0,,TRUE,5237500,3922500,24,,,1988,FALSE,1062,FALSE,Gauja
EFAS,11,01989,MEZOTNE,24.050000,56.440000,0,0.000000,0.000000,,,0,0,0,0,,,0,HIST_24h,C439,Lielupe,LV,9525,9390,Lielupe,3,0,TRUE,0,1,0,0,0,0,,TRUE,5187500,3787500,24,,,1989,FALSE,1062,FALSE,Lielupe
EFAS,11,01990,UKMERGE,24.750000,55.250000,0,0.000000,0.000000,,,0,0,0,0,,,0,HIST_24h,C440,Vilnya / Neris,LT,5950,5975,Nemunas,3,0,TRUE,0,1,0,0,0,0,,TRUE,5252500,3662500,24,,,1990,FALSE,1062,FALSE,Sventoji
EFAS,11,01991,L'Erdre [Totale] à Nantes [Saint Felix],-1.541161,47.213351,0,0.000000,0.000000,,,0,0,0,0,,,0,HIST_24h,C487,L'Erdre,FR,950,975,Loire,3,0,TRUE,0,1,0,0,0,0,,TRUE,3452500,2752500,24,,,1991,FALSE,1062,FALSE,L'Erdre
EFAS,11,01992,La Sevre Nantaise [Totale] à Nantes [Pont-Rousseau],-1.545791,47.195182,0,0.000000,0.000000,,,0,0,0,0,,,0,HIST_24h,C488,Loire-Atlantique,FR,2375,2360,Loire,3,0,TRUE,0,1,0,0,0,0,,TRUE,3452500,2737500,24,,,1992,FALSE,1062,FALSE,La Sevre Nantaise
EFAS,11,01993,Hracholusky Mze,13.176111,49.791111,0,0.000000,0.000000,,,0,0,0,0,,,0,HIST_24h,C561,Elbe,CZ,1650,1850,Elbe,3,0,TRUE,0,1,0,0,0,0,,TRUE,4552500,2967500,24,,dams,1993,FALSE,1062,FALSE,Uhlava
EFAS,11,01994,Lhota Radbuza,13.327778,49.689167,0,0.000000,0.000000,,,0,0,0,0,,,0,HIST_24h,C562,Elbe,CZ,1275,1275,Elbe,3,0,TRUE,0,1,0,0,0,0,,TRUE,4562500,2957500,24,,,1994,FALSE,1062,FALSE,Uhlava
EFAS,11,01995,PAPPILANKOSKI,21.730000,61.200000,0,0.000000,0.000000,,,0,0,0,0,,,0,HIST_24h,C566,Kokemaenjoki-Archipelago Sea-Bothnian Sea,FI,1350,1342,Kokem,3,0,TRUE,0,1,0,0,0,0,,TRUE,4942500,4287500,24,,,1995,FALSE,1062,FALSE,Eurajoki
EFAS,11,01996,KEPPO,22.700000,63.370000,0,0.000000,0.000000,,,0,0,0,0,,,0,HIST_24h,C567,Lapuanjoki,FI,4050,4060,Lapuanjoki,3,0,TRUE,0,1,0,0,0,0,,TRUE,4952500,4537500,24,,,1996,FALSE,1062,FALSE,Lapuanjoki
EFAS,11,01997,SAARENPAA,23.770000,63.970000,0,0.000000,0.000000,,,0,0,0,0,,,0,HIST_24h,C568,Lestijoki,FI,1050,1053,Lestijoki,3,0,TRUE,0,1,0,0,0,0,,TRUE,4987500,4612500,24,,,1997,FALSE,1062,FALSE,Lestijoki
EFAS,11,01998,TOLPANKOSKI (PYHANKOSKI),24.400000,64.370000,0,0.000000,0.000000,,,0,0,0,0,,,0,HIST_24h,C569,Pyhtjoki,FI,3650,3727,Pyhtjoki,3,0,TRUE,0,1,0,0,0,0,,TRUE,5007500,4662500,24,,,1998,FALSE,1062,FALSE,Tolpankoski
EFAS,11,01999,LUUJOKI HAARAN ALA PUOLELLE,25.280000,65.620000,0,0.000000,0.000000,,,0,0,0,0,,,0,HIST_24h,C570,Oulujoki-Iijoki,FI,1350,1352,Oulujoki-Iijoki,3,0,TRUE,0,1,0,0,0,0,,TRUE,5022500,4797500,24,,,1999,FALSE,1062,FALSE,Kuivajoki
EFAS,11,02000,SIMO,25.100000,65.670000,0,0.000000,0.000000,,,0,0,0,0,,,0,HIST_24h,C571,Simojoki,FI,3125,3141,Simojoki,3,0,TRUE,0,1,0,0,0,0,,TRUE,5012500,4797500,24,,,2000,FALSE,1062,FALSE,Simojoki
EFAS,11,02001,NIKAKOSKI (NEAR THE MOUTH),24.120000,64.200000,0,0.000000,0.000000,,,0,0,0,0,,,0,HIST_24h,C572,Kalajoki,FI,3525,3513,Kalajoki,3,0,TRUE,0,1,0,0,0,0,,TRUE,5007500,4637500,24,,,2001,FALSE,1062,FALSE,Kalajoki
EFAS,11,02002,SKATILA (LANSORSUND),21.850000,63.130000,0,0.000000,0.000000,,,0,0,0,0,,,0,HIST_24h,C573,Kyronjoki,FI,4875,4936,Kyronjoki,3,0,TRUE,0,1,0,0,0,0,,TRUE,4922500,4502500,24,,,2002,FALSE,1062,FALSE,Kyronjoki
EFAS,11,02003,OULUNKYLA (NEAR THE MOUTH),24.980000,60.230000,0,0.000000,0.000000,,,0,0,0,0,,,0,HIST_24h,C574,Vantaa,FI,1875,1895,Vantaa,3,0,TRUE,0,1,0,0,0,0,,TRUE,5147500,4207500,24,,,2003,FALSE,1062,FALSE,Vantaanjoki
EFAS,11,02004,"VUOSJARVI, HUOPANANKOSKI",25.530000,63.050000,0,0.000000,0.000000,,,0,0,0,0,,,0,HIST_24h,C576,"Kymijoki, Keitele catchment",FI,2275,2255,Kymijoki,3,0,TRUE,0,1,0,0,0,0,,TRUE,5102500,4527500,24,,,2004,FALSE,1062,FALSE,Huopanankoski
EFAS,11,02005,VAKKOLA (NEAR THE MOUTH),25.620000,60.470000,0,0.000000,0.000000,,,0,0,0,0,,,0,HIST_24h,C577,Porvoonjoki,FI,1275,1337,Porvoonjoki,3,0,TRUE,0,1,0,0,0,0,,TRUE,5177500,4242500,24,,,2005,FALSE,1062,FALSE,Porvoonjoki
EFAS,11,02006,KALTIMO,30.130000,62.780000,0,0.000000,0.000000,,,0,0,0,0,,,0,HIST_24h,C578,Neva,FI,20525,20489,Neva,3,0,TRUE,0,1,0,0,0,0,,TRUE,5332500,4552500,24,,outliers  removed with qc,2006,FALSE,1062,FALSE,Pielisjoki
EFAS,11,02007,KALLAVESI-KONNUS-KARVIO,27.770000,62.530000,0,0.000000,0.000000,,,0,0,0,0,,,0,HIST_24h,C579,Neva,FI,16250,16252,Neva,3,0,TRUE,0,1,0,0,0,0,,TRUE,5227500,4497500,24,,,2007,FALSE,1062,FALSE,Kallavesi
EFAS,11,02008,HERFORS,23.080000,63.670000,0,0.000000,0.000000,,,0,0,0,0,,,0,HIST_24h,C590,Coastal zone,FI,2125,848692.88,Coastal_zone,3,0,TRUE,0,1,0,0,0,0,,TRUE,4962500,4562500,24,,Wrong upstream area from provider,2008,FALSE,1062,FALSE,Kruunupyyn
EFAS,11,02009,HAUKIPUDAS,25.400000,65.200000,0,0.000000,0.000000,,,0,0,0,0,,,0,HIST_24h,C603,Iijoki,FI,11725,11698,Kiiminginjoki,0,0,TRUE,0,1,0,0,0,0,,FALSE,5037500,4757500,24,,wrong LDD,2009,FALSE,1062,FALSE,KIIMINGINJOKI
EFAS,11,02010,MOVANAGHER,-6.547000,54.977000,0,0.000000,0.000000,,,0,0,0,0,,,0,HIST_24h,C622,Bann,UK,5175,5340,Bann,3,0,TRUE,0,1,0,0,0,0,,TRUE,3272500,3662500,24,,Changed lat lon coord after check with provider. Now location is correct,2010,FALSE,1062,FALSE,Lower Bann
EFAS,11,02011,NESET,8.530000,59.370000,0,0.000000,0.000000,,,0,0,0,0,,,0,HIST_24h,C623,Moel,NO,3000,3035,Skien,3,0,TRUE,0,1,0,0,0,0,,TRUE,4242500,4027500,24,,,2011,FALSE,1062,FALSE,Neiden
EFAS,11,02012,Redbrook,-2.684000,51.795000,0,0.000000,0.000000,,,0,0,0,0,,,0,HIST_24h,C656,Wye,UK,4100,4145,Wye,3,0,TRUE,0,1,0,0,0,0,,TRUE,3452500,3252500,24,,,2012,FALSE,1062,FALSE,Wye
EFAS,11,02013,HERRENHAUSEN,9.670000,52.380000,0,0.000000,0.000000,,,0,0,0,0,,,0,HIST_24h,C657,Weser,DE,5375,5428,Weser,2,0,TRUE,0,1,0,0,0,0,,FALSE,4292500,3257500,24,,close to 2161,2013,FALSE,1062,FALSE,Leine
EFAS,11,02014,Drumnabuoy House,-7.456000,54.816000,0,0.000000,0.000000,,,0,0,0,0,,,0,HIST_24h,C671,Foyle,UK,1850,1860,Foyle,3,0,TRUE,0,1,0,0,0,0,,TRUE,3212500,3647500,24,,,2014,FALSE,1062,FALSE,Mourne
EFAS,11,02015,Nantgaredig,-4.200000,51.863000,0,0.000000,0.000000,,,0,0,0,0,,,0,HIST_24h,C678,R. Towy,UK,1150,1117,Towy,3,0,TRUE,0,1,0,0,0,0,,TRUE,3352500,3287500,24,,,2015,FALSE,1062,FALSE,Tywi
EFAS,11,02016,ADELPHI WEIR,-2.410000,53.440000,0,0.000000,0.000000,,,0,0,0,0,,,0,HIST_24h,C680,Mersey,UK,550,559.4,Mersey,3,0,TRUE,0,1,0,0,0,0,,TRUE,3507500,3447500,24,,,2016,FALSE,1062,FALSE,IRWELL
EFAS,11,02017,LEVEN BRIDGE,-1.310000,54.500000,0,0.000000,0.000000,,,0,0,0,0,,,0,,C681,Lower Tyne,UK,175,196.3,Lower Tyne,,0,TRUE,0,1,0,0,0,0,,FALSE,3592500,3542500,24,,Provider upArea too small to be included in calibration,2017,FALSE,1062,FALSE,LEVEN (N. ENGLAND)
EFAS,11,02018,THORVERTON,-3.510000,50.800000,0,0.000000,0.000000,,,0,0,0,0,,,0,HIST_24h,C682,Exe,UK,650,600.9,Exe,3,0,TRUE,0,1,0,0,0,0,,TRUE,3377500,3167500,24,,,2018,FALSE,1062,FALSE,EXE
EFAS,11,02019,GLAN TEIFI,-4.560000,52.040000,0,0.000000,0.000000,,,0,0,0,0,,,0,HIST_24h,C683,Teifi,UK,900,893.6,Teifi,3,0,TRUE,0,1,0,0,0,0,,TRUE,3332500,3312500,24,,,2019,FALSE,1062,FALSE,TEIFI
EFAS,11,02020,BOARA PISANI,11.820000,45.100000,0,0.000000,0.000000,,,0,0,0,0,,,0,,C688,Adige,IT,12350,12229,Adige,,0,TRUE,0,1,0,0,0,0,,FALSE,4462500,2447500,,,Discharge data older than calibration period,2020,FALSE,1062,FALSE,Adige
EFAS,11,02021,La Midouze à Campagne,-0.659244,43.907520,0,0.000000,0.000000,,,0,0,0,0,,,0,HIST_24h,C719,Adour,FR,2475,2541,Adour,3,0,TRUE,0,1,0,0,0,0,,TRUE,3462500,2367500,24,,,2021,FALSE,1062,FALSE,Midouze
EFAS,11,02022,GOCH,6.150000,51.680000,0,0.000000,0.000000,,,0,0,0,0,,,0,HIST_24h,C746,Meuse / Maas,DE,1275,1319,Meuse,0,0,TRUE,0,1,0,0,0,0,,FALSE,4047500,3187500,24,,extremely low discharge,2022,FALSE,1062,FALSE,Niers
EFAS,11,02023,CELLE,10.060000,52.620000,0,0.000000,0.000000,,,0,0,0,0,,,0,HIST_24h,C750,Weser,DE,4675,4855,Weser,3,0,TRUE,0,1,0,0,0,0,,TRUE,4332500,3277500,24,,,2023,FALSE,1062,FALSE,Aller
EFAS,11,02024,AFFOLDERN,9.080000,51.160000,0,0.000000,0.000000,,,0,0,0,0,,,0,HIST_24h,C751,Weser,DE,1625,1667,Weser,3,0,TRUE,0,1,0,0,0,0,,TRUE,4262500,3112500,24,,dams,2024,FALSE,1062,FALSE,Eder
EFAS,11,02025,GREBENAU,9.490000,51.190000,0,0.000000,0.000000,,,0,0,0,0,,,0,HIST_24h,C752,Weser,DE,3025,3000,Weser,3,0,TRUE,0,1,0,0,0,0,,TRUE,4287500,3117500,24,,,2025,FALSE,1062,FALSE,Fulda
EFAS,11,02026,KYSUCKE NOVE MESTO,18.780000,49.290000,0,0.000000,0.000000,,,0,0,0,0,,,0,HIST_24h,C753,Danube,SK,1050,1036.61,Danube,3,0,TRUE,0,1,0,0,0,0,,TRUE,4957500,2947500,24,,,2026,FALSE,1062,FALSE,Kysuca
EFAS,11,02027,ZDANA,21.340000,48.600000,0,0.000000,0.000000,,,0,0,0,0,,,0,HIST_24h,C755,Danube,SK,4300,4389.88,Danube,2,0,TRUE,0,1,0,0,0,0,,FALSE,5152500,2892500,24,,close to 675,2027,FALSE,1062,FALSE,Hornad
EFAS,11,02028,ZALAAPATI,17.110000,46.730000,0,0.000000,0.000000,,,0,0,0,0,,,0,HIST_24h,C756,Danube,HU,1650,1596.67,Danube,3,0,TRUE,0,1,0,0,0,0,,TRUE,4867500,2647500,24,,,2028,FALSE,1062,FALSE,Zala
EFAS,11,02029,LOM,23.240000,43.840000,0,0.000000,0.000000,,,0,0,0,0,,,0,HIST_24h,C761,Danube,BG,581848,585869.22,Danube,3,0,TRUE,0,1,0,0,0,0,,TRUE,5382500,2397500,24,,,2029,FALSE,1062,FALSE,Danube
EFAS,11,02030,STOROZHYNETS,25.710000,48.160000,0,0.000000,0.000000,,,0,0,0,0,,,0,HIST_24h,C762,Danube,UA,850,841.92,Danube,3,0,TRUE,0,1,0,0,0,0,,TRUE,5487500,2902500,24,,,2030,FALSE,1062,FALSE,Siret
EFAS,11,02031,Tarnava Mare - BLAJ,23.920442,46.170901,0,0.000000,0.000000,,,0,0,0,0,,,0,HIST_24h,C776,Danube,RO,5800,3775,Danube,2,0,TRUE,0,1,0,0,0,0,,FALSE,5387500,2662500,24,,moved downstream of confluence  close to 785,2031,FALSE,1062,FALSE,Tarnava Mare
EFAS,11,02032,Strei - PETRENI,23.033333,45.800000,0,0.000000,0.000000,,,0,0,0,0,,,0,HIST_24h,C777,Danube,RO,1975,1750,Danube,3,0,TRUE,0,1,0,0,0,0,,TRUE,5327500,2602500,24,,dams,2032,FALSE,1062,FALSE,Strei
EFAS,11,02033,Kresna,23.152778,41.841667,0,0.000000,0.000000,,,0,0,0,0,,,0,HIST_24h,C783,Strimonas,BG,6800,16885.48,Strimonas,0,0,TRUE,0,1,0,0,0,0,,FALSE,5412500,2177500,24,,Wrong drainage area from provider  Showed problems with precipitation in long term run,2033,FALSE,1062,FALSE,Strimonas
EFAS,11,02034,ORADEA,21.933333,47.050000,0,0.000000,0.000000,,,0,0,0,0,,,0,HIST_24h,C786,Danube,RO,2400,6002.52,Danube,2,0,TRUE,0,1,0,0,0,0,,FALSE,5217500,2732500,24,,Wrong area from provider  dam  close to 682,2034,FALSE,1062,FALSE,Crisul Repede
EFAS,11,02035,Podsused žicara,15.840000,45.810000,0,0.000000,0.000000,,,0,0,0,0,,,0,HIST_24h,C794,Danube,HR,12225,12316,Danube,2,0,TRUE,0,1,0,0,0,0,,FALSE,4782500,2537500,24,,Close to 845 with old data  use 845,2035,FALSE,1062,FALSE,Sava
EFAS,11,02036,Bajina Bašta,19.550000,43.980000,0,0.000000,0.000000,,,0,0,0,0,,,0,HIST_24h,C868,Danube,BA,15025,6298.27,Danube,3,0,TRUE,0,1,0,0,0,1,,TRUE,5087500,2367500,24,,Moved on main stream  dam,2036,FALSE,1062,FALSE,Dunav
EFAS,11,02037,Pancevo,20.640000,44.870000,0,0.000000,0.000000,,,0,0,0,0,,,0,,C870,Danube,RS,16725,14797,Danube,,0,FALSE,0,0,0,0,0,1,,FALSE,5162500,2477500,,,No discharge data available for calibration period It is on a small Danube affluent,2037,FALSE,1062,FALSE,Tamis
EFAS,11,02038,FOZ DO MOURO,-8.380000,42.080000,0,0.000000,0.000000,,,0,0,0,0,,,0,,,Mino,PT,15500,15457,Minho,,0,TRUE,0,1,0,0,0,0,,FALSE,2812500,2292500,,,Discharge data older than calibration period,2038,FALSE,1062,FALSE,MINHO
EFAS,11,02039,PONTE DE CANAVEZES,-8.170000,41.200000,0,0.000000,0.000000,,,0,0,0,0,,,0,,,"Duoro, below Tormes",PT,3250,3180,Duero,,0,TRUE,0,1,0,0,0,0,,FALSE,2807500,2192500,,,Discharge data older than calibration period,2039,FALSE,1062,FALSE,TAMEGA
EFAS,11,02040,PONTE DE VOUZELA,-8.120000,40.720000,0,0.000000,0.000000,,,0,0,0,0,,,0,HIST_24h,,Vouga,PT,675,649,Vouga,0,0,TRUE,0,1,0,0,0,0,,FALSE,2802500,2142500,,,Old data and not enough data after 1990,2040,FALSE,1062,FALSE,VOUGA
EFAS,11,02041,M.DOS PACHECOS,-8.470000,37.300000,0,0.000000,0.000000,,,0,0,0,0,,,0,,,Arade,PT,450,386,Arade,,0,TRUE,0,1,0,0,0,0,,FALSE,2687500,1777500,,,Provider upArea too small to be included in calibration,2041,FALSE,1062,FALSE,ODELOUCA
EFAS,11,02042,ABBEVILLE,1.830000,50.100000,0,0.000000,0.000000,,,0,0,0,0,,,0,,,Somme,FR,5900,5560,Somme,,0,TRUE,0,1,0,0,0,0,,FALSE,3737500,3032500,,,Discharge data older than calibration period,2042,FALSE,1062,FALSE,SOMME
EFAS,11,02043,SOMBRUN,0.000000,43.480000,0,0.000000,0.000000,,,0,0,0,0,,,0,,,Adour,FR,75,84.3,Adour,,0,TRUE,0,1,0,0,0,0,,FALSE,3512500,2317500,,,Provider upArea too small to be included in calibration,2043,FALSE,1062,FALSE,LOUET
EFAS,11,02044,LE THEIL,3.700000,48.500000,0,0.000000,0.000000,,,0,0,0,0,,,0,,,"Seine, above Yonne",FR,50,104,Seine,,0,TRUE,0,1,0,0,0,0,,FALSE,3857500,2842500,,,Provider upArea too small to be included in calibration,2044,FALSE,1062,FALSE,ORGEVAL
EFAS,11,02045,MELARCHEZ,3.110000,48.520000,0,0.000000,0.000000,,,0,0,0,0,,,0,,,"Seine, above Yonne",FR,25,7,Seine,,0,TRUE,0,1,0,0,0,0,,FALSE,3812500,2847500,,,Provider upArea too small to be included in calibration,2045,FALSE,1062,FALSE,FOSSE ROGNON
EFAS,11,02046,MONTJEAN,-0.830000,47.380000,0,0.000000,0.000000,,,0,0,0,0,,,0,,,"Loire, below Maine",FR,110500,110000,Loire,,0,TRUE,0,1,0,0,0,0,,FALSE,3507500,2757500,,,Discharge data older than calibration period,2046,FALSE,1062,FALSE,LOIRE
EFAS,11,02047,VILLENEUVE LES SORINIERES,-1.330000,47.200000,0,0.000000,0.000000,,,0,0,0,0,,,0,HIST_24h,,"Loire, below Maine",FR,1650,8703.72,Loire,0,0,TRUE,0,1,0,0,0,0,,FALSE,3462500,2737500,24,,Impossible to locate,2047,FALSE,1062,FALSE,La Goulaine
EFAS,11,02048,CHAMPVALLON,3.350000,47.930000,0,0.000000,0.000000,,,0,0,0,0,,,0,,,Yonne,FR,150,131,Seine,,0,TRUE,0,1,0,0,0,0,,FALSE,3822500,2777500,24,,Provider upArea too small to be included in calibration,2048,FALSE,1062,FALSE,THOLON
EFAS,11,02049,TOUCY,3.300000,47.730000,0,0.000000,0.000000,,,0,0,0,0,,,0,,,Loing,FR,200,153,Seine,,0,TRUE,0,1,0,0,0,0,,FALSE,3817500,2757500,24,,Provider upArea too small to be included in calibration,2049,FALSE,1062,FALSE,OUANNE
EFAS,11,02050,VANDENESSE,3.760000,46.910000,0,0.000000,0.000000,,,0,0,0,0,,,0,,,"Loire, above Allier",FR,125,115,Loire,,0,TRUE,0,1,0,0,0,0,,FALSE,3847500,2662500,24,,Provider upArea too small to be included in calibration,2050,FALSE,1062,FALSE,DRAGNE
EFAS,11,02051,MONTIGNAC,1.100000,45.200000,0,0.000000,0.000000,,,0,0,0,0,,,0,,,"Dordogne, above Isle",FR,3175,3125,Dordogne,,0,TRUE,0,1,0,0,0,0,,FALSE,3627500,2482500,,,Discharge data older than calibration period,2051,FALSE,1062,FALSE,VEZERE
EFAS,11,02052,ST DENIS-PRES-MARTEL,1.400000,44.320000,0,0.000000,0.000000,,,0,0,0,0,,,0,,,Aveyron-Garonne,FR,50,202,Garonne,,0,TRUE,0,1,0,0,0,0,,FALSE,3632500,2392500,,,Provider upArea too small to be included in calibration,2052,FALSE,1062,FALSE,TOURMENTE
EFAS,11,02053,MAS-D'AGENAIS,0.230000,44.420000,0,0.000000,0.000000,,,0,0,0,0,,,0,,,"Garonne, below Lot",FR,50350,52000,Garonne,,0,TRUE,0,1,0,0,0,0,,FALSE,3542500,2417500,,,Discharge data older than calibration period,2053,FALSE,1062,FALSE,GARONNE
EFAS,11,02054,ALLOS,6.629378,44.239193,0,0.000000,0.000000,,,0,0,0,0,,,0,,,Durance,FR,25,34.6,Durance,,0,TRUE,0,1,0,0,0,0,,FALSE,4057500,2352500,,,Provider upArea too small to be included in calibration,2054,FALSE,1062,FALSE,CHADOULIN
EFAS,11,02055,SEILH,1.350000,43.700000,0,0.000000,0.000000,,,0,0,0,0,,,0,,,"Garonne, section Ariege - Tarn",FR,150,192,Garonne,,0,TRUE,0,1,0,0,0,0,,FALSE,3622500,2322500,24,,Provider upArea too small to be included in calibration,2055,FALSE,1062,FALSE,AUSSONNELLE
EFAS,11,02056,HERMET,3.360000,44.190000,0,0.000000,0.000000,,,0,0,0,0,,,0,,,"Tarn, above Aveyron",FR,200,125,Garonne,,0,TRUE,0,1,0,0,0,0,,FALSE,3787500,2367500,24,,Provider upArea too small to be included in calibration,2056,FALSE,1062,FALSE,CHAPOUROUX
EFAS,11,02057,FLORAC,3.600000,44.310000,0,0.000000,0.000000,,,0,0,0,0,,,0,,,"Tarn, above Aveyron",FR,125,125,Garonne,,0,TRUE,0,1,0,0,0,0,,FALSE,3807500,2372500,,,Provider upArea too small to be included in calibration,2057,FALSE,1062,FALSE,MIMENTE
EFAS,11,02058,CORBES ROC COURBE,3.580000,44.400000,0,0.000000,0.000000,,,0,0,0,0,,,0,HIST_24h,,"Tarn, above Aveyron",FR,600,9721.68,Garonne,1,0,TRUE,0,1,0,0,0,0,,FALSE,3802500,2382500,,,Wrong area from provider  missing data,2058,FALSE,1062,FALSE,Le Tarn
EFAS,11,02059,STE CROIX VOLVESTRE,1.170000,43.130000,0,0.000000,0.000000,,,0,0,0,0,,,0,HIST_24h,,"Garonne, above Ariege",FR,100,5746.79,Garonne,0,0,TRUE,0,1,0,0,0,0,,FALSE,3602500,2267500,24,,Wrong location - Data not on main stream  Moved to tributary,2059,FALSE,1062,FALSE,Riviere le Volp
EFAS,11,02060,ST JEAN DE JEANNE,2.260000,44.400000,0,0.000000,0.000000,,,0,0,0,0,,,0,HIST_24h,,Aveyron,FR,125,5198.53,Garonne,1,0,TRUE,0,1,0,0,0,0,,FALSE,3697500,2397500,24,,Wrong area from provider  Moved on affluent,2060,FALSE,1062,FALSE,Alzou
EFAS,11,02061,VILLEPINTE,2.500000,43.170000,0,0.000000,0.000000,,,0,0,0,0,,,0,,,Aude,FR,50,216,Aude,,0,TRUE,0,1,0,0,0,0,,FALSE,3707500,2257500,,,Provider upArea too small to be included in calibration,2061,FALSE,1062,FALSE,RUISSEAU FRESQUEL
EFAS,11,02062,CARCASSONNE,2.400000,43.300000,0,0.000000,0.000000,,,0,0,0,0,,,0,HIST_24h,,Aude,FR,2800,5272.26,Aude,3,0,TRUE,0,1,0,0,0,0,,TRUE,3702500,2267500,24,,,2062,FALSE,1062,FALSE,Orbiel
EFAS,11,02063,VALESCURE,6.200000,43.150000,0,0.000000,0.000000,,,0,0,0,0,,,0,,,Rhone and Coastal Mediterranean,FR,25,9.4,Rhone,,0,TRUE,0,1,0,0,0,0,,FALSE,4007500,2237500,,,Provider upArea too small to be included in calibration,2063,FALSE,1062,FALSE,REAL COLLOBRIER
EFAS,11,02064,BEZIERS-TABARKA,3.200000,43.400000,0,0.000000,0.000000,,,0,0,0,0,,,0,,,Rhone and Coastal Mediterranean,FR,1300,1330,Rhone,,0,TRUE,0,1,0,0,0,0,,FALSE,3762500,2282500,,,Discharge data older than calibration period,2064,FALSE,1062,FALSE,ORB
EFAS,11,02065,MESCLA,6.900000,43.750000,0,0.000000,0.000000,,,0,0,0,0,,,0,,,Loup,FR,2800,1827,Loup,,0,TRUE,0,1,0,0,0,0,,FALSE,4092500,2297500,,,Discharge data older than calibration period,2065,FALSE,1062,FALSE,VAR
EFAS,11,02066,LAUZON,5.880000,43.920000,0,0.000000,0.000000,,,0,0,0,0,,,0,,,Durance,FR,125,175,Durance,,0,TRUE,0,1,0,0,0,0,,FALSE,3987500,2322500,24,,Provider upArea too small to be included in calibration,2066,FALSE,1062,FALSE,BRILLANNE
EFAS,11,02067,BEAUCAIRE,4.670000,43.920000,0,0.000000,0.000000,,,0,0,0,0,,,0,,,"Rhone, below Durance",FR,25,95590,Rhone,,0,TRUE,0,1,0,0,0,0,,FALSE,3892500,2327500,,,Discharge data older than calibration period,2067,FALSE,1062,FALSE,RHONE
EFAS,11,02068,FOUX D'ALLOS,6.569065,44.293325,0,0.000000,0.000000,,,0,0,0,0,,,0,,,Durance,FR,25,10.2,Durance,,0,TRUE,0,1,0,0,0,0,,FALSE,4052500,2357500,,,Provider upArea too small to be included in calibration,2068,FALSE,1062,FALSE,VERDON
EFAS,11,02069,SOYANS,5.010000,44.630000,0,0.000000,0.000000,,,0,0,0,0,,,0,,,"Rhone, section Isere - Durance",FR,200,186,Rhone,,0,TRUE,0,1,0,0,0,0,,FALSE,3927500,2402500,24,,Provider upArea too small to be included in calibration,2069,FALSE,1062,FALSE,ROUBION
EFAS,11,02070,SOUSPIERRE,4.960000,44.530000,0,0.000000,0.000000,,,0,0,0,0,,,0,,,"Rhone, section Isere - Durance",FR,75,85,Rhone,,0,TRUE,0,1,0,0,0,0,,FALSE,3917500,2397500,24,,Provider upArea too small to be included in calibration,2070,FALSE,1062,FALSE,JABRON RIVIERE
EFAS,11,02071,TISONECHE,4.310000,44.500000,0,0.000000,0.000000,,,0,0,0,0,,,0,HIST_24h,,"Ardeche, Ceze",FR,125,3449.31,Rhone,1,0,TRUE,0,1,0,0,0,0,,FALSE,3867500,2392500,24,,Wrong area from provider  Moved on small affluent,2071,FALSE,1062,FALSE,Ruisseau du Bulien
EFAS,11,02072,SAUZE ST MARTIN,4.000000,44.500000,0,0.000000,0.000000,,,0,0,0,0,,,0,,,"Ardeche, Ceze",FR,1925,2240,Rhone,,0,TRUE,0,1,0,0,0,0,,FALSE,3872500,2387500,,,Discharge data older than calibration period,2072,FALSE,1062,FALSE,ARDECHE
EFAS,11,02073,ST. UZE,4.850000,45.180000,0,0.000000,0.000000,,,0,0,0,0,,,0,,,"Rhone, section Saone - Isere",FR,275,232,Rhone,,0,TRUE,0,1,0,0,0,0,,FALSE,3917500,2467500,24,,Provider upArea too small to be included in calibration,2073,FALSE,1062,FALSE,GALAURE
EFAS,11,02074,CHATILLON,4.610000,45.880000,0,0.000000,0.000000,,,0,0,0,0,,,0,,,"Saone, below Doubs",FR,375,336,Rhone,,0,TRUE,0,1,0,0,0,0,,FALSE,3902500,2547500,24,,Provider upArea too small to be included in calibration,2074,FALSE,1062,FALSE,AZERGUES
EFAS,11,02075,VERRINES,4.800000,45.290000,0,0.000000,0.000000,,,0,0,0,0,,,0,,,"Rhone, section Saone - Isere",FR,125,95,Rhone,,0,TRUE,0,1,0,0,0,0,,FALSE,3917500,2482500,24,,Provider upArea too small to be included in calibration,2075,FALSE,1062,FALSE,MARE
EFAS,11,02076,NEZELLE,4.530000,45.630000,0,0.000000,0.000000,,,0,0,0,0,,,0,,,"Loire, above Allier",FR,100,61,Loire,,0,TRUE,0,1,0,0,0,0,,FALSE,3892500,2517500,24,,Provider upArea too small to be included in calibration,2076,FALSE,1062,FALSE,COISE
EFAS,11,02077,BEAUJEU,4.350000,46.900000,0,0.000000,0.000000,,,0,0,0,0,,,0,,,"Loire, above Allier",FR,25,54.5,Loire,,0,TRUE,0,1,0,0,0,0,,FALSE,3892500,2657500,24,,Provider upArea too small to be included in calibration,2077,FALSE,1062,FALSE,ARDIERES
EFAS,11,02078,CASSET,6.480000,44.980000,0,0.000000,0.000000,,,0,0,0,0,,,0,,,Durance,FR,100,78.5,Durance,,0,TRUE,0,1,0,0,0,0,,FALSE,4042500,2437500,24,,Provider upArea too small to be included in calibration,2078,FALSE,1062,FALSE,GUISANE
EFAS,11,02079,ST. LAURENT DU PONT,5.730000,45.880000,0,0.000000,0.000000,,,0,0,0,0,,,0,,,"Rhone, above Saone",FR,50,89,Rhone,,0,TRUE,0,1,0,0,0,0,,FALSE,3987500,2542500,24,,Provider upArea too small to be included in calibration,2079,FALSE,1062,FALSE,RUISSEAU LE GUIERS MORT
EFAS,11,02080,ST. RAMBERT,5.430000,45.950000,0,0.000000,0.000000,,,0,0,0,0,,,0,,,"Rhone, above Saone",FR,300,232,Rhone,,0,TRUE,0,1,0,0,0,0,,FALSE,3967500,2547500,24,,Provider upArea too small to be included in calibration,2080,FALSE,1062,FALSE,ALBARINE
EFAS,11,02081,MONTAGNAT,5.280000,46.170000,0,0.000000,0.000000,,,0,0,0,0,,,0,,,"Saone, below Doubs",FR,75,84.4,Rhone,,0,TRUE,0,1,0,0,0,0,,FALSE,3957500,2572500,24,,Provider upArea too small to be included in calibration,2081,FALSE,1062,FALSE,REYSSOUZE
EFAS,11,02082,VETRAZ - MONTHOUX,6.270000,46.170000,0,0.000000,0.000000,,,0,0,0,0,,,0,,,"Rhone, above Saone",FR,150,160,Rhone,,0,TRUE,0,1,0,0,0,0,,FALSE,4037500,2567500,,,Provider upArea too small to be included in calibration,2082,FALSE,1062,FALSE,TORRENT LA MENOGE
EFAS,11,02083,FOURGUENONS,6.400000,47.480000,0,0.000000,0.000000,,,0,0,0,0,,,0,HIST_24h,,"Saone, above Doubs",FR,925,11831.1,Rhone,0,0,TRUE,0,1,0,0,0,0,,FALSE,4042500,2712500,24,,Small affluent area from provider is wrong extremely low data,2083,FALSE,1062,FALSE,Ognon
EFAS,11,02084,ST. GEOIRES EN VALDAINE,5.490000,46.900000,0,0.000000,0.000000,,,0,0,0,0,,,0,,,"Saone, below Doubs",FR,25,41,Rhone,,0,TRUE,0,1,0,0,0,0,,FALSE,3977500,2652500,,,Provider upArea too small to be included in calibration,2084,FALSE,1062,FALSE,AINSON
EFAS,11,02085,PLANCHER-BAS,6.730000,47.730000,0,0.000000,0.000000,,,0,0,0,0,,,0,,,Doubs,FR,50,33,Rhone,,0,TRUE,0,1,0,0,0,0,,FALSE,4077500,2742500,,,Provider upArea too small to be included in calibration,2085,FALSE,1062,FALSE,RAHIN
EFAS,11,02086,CHAUX,6.870000,47.700000,0,0.000000,0.000000,,,0,0,0,0,,,0,,,Doubs,FR,50,25.4,Rhone,,0,TRUE,0,1,0,0,0,0,,FALSE,4087500,2737500,,,Provider upArea too small to be included in calibration,2086,FALSE,1062,FALSE,ROSEMONTOISE
EFAS,11,02087,ALTKIRCH,7.230000,47.630000,0,0.000000,0.000000,,,0,0,0,0,,,0,,,Ill,FR,200,233,Rhine,,0,TRUE,0,1,0,0,0,0,,FALSE,4112500,2727500,,,Provider upArea too small to be included in calibration,2087,FALSE,1062,FALSE,ILL
EFAS,11,02088,ZRUC NAD SAZAVOU,15.100000,49.740000,0,0.000000,0.000000,,,0,0,0,0,,,0,HIST_24h,,Vltava,CZ,1400,1421,Elbe,3,0,TRUE,0,1,0,0,0,0,,TRUE,4692500,2972500,24,,,2088,FALSE,1062,FALSE,SAZAVA
EFAS,11,02089,TURICE,14.780000,50.240000,0,0.000000,0.000000,,,0,0,0,0,,,0,HIST_24h,,"Labe, above Vltava",CZ,2225,2159,Elbe,2,0,TRUE,0,1,0,0,0,0,,FALSE,4662500,3032500,24,,same as 558 different time period,2089,FALSE,1062,FALSE,JIZERA
EFAS,11,02090,DASICE,15.910000,50.040000,0,0.000000,0.000000,,,0,0,0,0,,,0,HIST_24h,,"Labe, above Vltava",CZ,625,624,Elbe,3,0,TRUE,0,1,0,0,0,0,,TRUE,4742500,3007500,24,,,2090,FALSE,1062,FALSE,LOUCNA
EFAS,11,02091,NEKOR,16.550000,50.070000,0,0.000000,0.000000,,,0,0,0,0,,,0,,,"Labe, above Vltava",CZ,225,182,Labe,,0,TRUE,0,1,0,0,0,0,,FALSE,4787500,3017500,24,,Provider upArea too small to be included in calibration,2091,FALSE,1062,FALSE,DIVOKA ORLICE
EFAS,11,02092,BANOV (BANOVSKA KESA),18.200000,48.050000,0,0.000000,0.000000,,,0,0,0,0,,,0,,,Slovakia - Nitra,SK,3100,3103,Nitra,,0,TRUE,0,1,0,0,0,0,,FALSE,4932500,2802500,,,Discharge data older than calibration period,2092,FALSE,1062,FALSE,NITRA
EFAS,11,02093,IPELSKY SOKOLEC,18.820000,48.040000,0,0.000000,0.000000,,,0,0,0,0,,,0,HIST_24h,,Slovakia - Ipel,SK,4875,4838,Danube,0,0,TRUE,0,1,0,0,0,0,,FALSE,4977500,2807500,24,,short period with old data,2093,FALSE,1062,FALSE,IPEL
EFAS,11,02094,HOLISA,19.740000,48.290000,0,0.000000,0.000000,,,0,0,0,0,,,0,HIST_24h,,Slovakia - Ipel,SK,725,686,Danube,3,0,TRUE,0,1,0,0,0,0,,TRUE,5042500,2847500,24,,,2094,FALSE,1062,FALSE,IPEL
EFAS,11,02095,MARTIN,18.910000,49.060000,0,0.000000,0.000000,,,0,0,0,0,,,0,HIST_24h,,Slovakia - Vah,SK,875,827,Danube,3,0,TRUE,0,1,0,0,0,0,,TRUE,4972500,2922500,24,,,2095,FALSE,1062,FALSE,TURIEC
EFAS,11,02096,TURNA NAD BODVOU,20.890000,48.590000,0,0.000000,0.000000,,,0,0,0,0,,,0,HIST_24h,,Slovakia - Slana,SK,675,663,Danube,3,0,TRUE,0,1,0,0,0,0,,TRUE,5122500,2892500,24,,,2096,FALSE,1062,FALSE,BODVAJ
EFAS,11,02097,KOSICKE OLSANY,21.330000,48.730000,0,0.000000,0.000000,,,0,0,0,0,,,0,HIST_24h,,Slovakia - Hornad,SK,1175,1298,Danube,2,0,TRUE,0,1,0,0,0,0,,FALSE,5152500,2912500,24,,same location as 289 but different data   use 289,2097,FALSE,1062,FALSE,TORYSA
EFAS,11,02098,UDAVSKE,21.960000,48.980000,0,0.000000,0.000000,,,0,0,0,0,,,0,,,Slovakia - Bodrog,SK,500,211,Bodrog,,0,TRUE,0,1,0,0,0,0,,FALSE,5192500,2947500,,,Provider upArea too small to be included in calibration,2098,FALSE,1062,FALSE,UDAVA
EFAS,11,02099,ADIDOVCE,22.050000,49.010000,0,0.000000,0.000000,,,0,0,0,0,,,0,,,Slovakia - Bodrog,SK,200,176,Bodrog,,0,TRUE,0,1,0,0,0,0,,FALSE,5197500,2947500,,,Provider upArea too small to be included in calibration,2099,FALSE,1062,FALSE,UDAVA
EFAS,11,02100,ANTISANTI,9.350000,42.160000,0,0.000000,0.000000,,,0,0,0,0,,,0,,,Tavignano,FR,650,566,Tavignano,,0,TRUE,0,1,0,0,0,0,,FALSE,4272500,2117500,,,Discharge data older than calibration period,2100,FALSE,1062,FALSE,TAVIGNANO
EFAS,11,02101,PONTE LECCIA,9.200000,42.450000,0,0.000000,0.000000,,,0,0,0,0,,,0,,,Golo,FR,475,366,Golo,,0,TRUE,0,1,0,0,0,0,,FALSE,4257500,2147500,,,Provider upArea too small to be included in calibration,2101,FALSE,1062,FALSE,ASCO
EFAS,11,02102,COAST,32.420000,35.040000,0,0.000000,0.000000,,,0,0,0,0,,,0,,,Cyprus,CY,250,195,Khrysokhou,,0,TRUE,0,1,0,0,0,0,,FALSE,6357500,1627500,24,,Provider upArea too small to be included in calibration,2102,FALSE,1062,FALSE,"KHRYSOKHOU, STAVROU TIS PSOKAS"
EFAS,11,02103,AKHELIA,32.480000,34.740000,0,0.000000,0.000000,,,0,0,0,0,,,0,,,Cyprus,CY,275,210,Ezousas,,0,TRUE,0,1,0,0,0,0,,FALSE,6372500,1602500,24,,Provider upArea too small to be included in calibration,2103,FALSE,1062,FALSE,EZOUSAS
EFAS,11,02106,LIMNITIS SAW MILL,32.720000,35.080000,0,0.000000,0.000000,,,0,0,0,0,,,0,,,Cyprus,CY,75,48.7,Limnitis,,0,TRUE,0,1,0,0,0,0,,FALSE,6382500,1642500,24,,Provider upArea too small to be included in calibration,2106,FALSE,1062,FALSE,LIMNITI
EFAS,11,02107,EVRYKHOU,32.900000,35.040000,0,0.000000,0.000000,,,0,0,0,0,,,0,,,Cyprus,CY,100,63,Karyotis,,0,TRUE,0,1,0,0,0,0,,FALSE,6397500,1642500,24,,Provider upArea too small to be included in calibration,2107,FALSE,1062,FALSE,KARYOTIS
EFAS,11,02108,VYZAKIA,33.010000,35.070000,0,0.000000,0.000000,,,0,0,0,0,,,0,,,Cyprus,CY,75,81,Elias,,0,TRUE,0,1,0,0,0,0,,FALSE,6407500,1647500,24,,Provider upArea too small to be included in calibration,2108,FALSE,1062,FALSE,ELIAS
EFAS,11,02109,PHINIKARIA,33.100000,34.750000,0,0.000000,0.000000,,,0,0,0,0,,,0,,,Cyprus,CY,225,110,Yermasoyia,,0,TRUE,0,1,0,0,0,0,,FALSE,6422500,1612500,24,,Provider upArea too small to be included in calibration,2109,FALSE,1062,FALSE,YERMASOYIA
EFAS,11,02110,MALOUNDA,33.180000,35.030000,0,0.000000,0.000000,,,0,0,0,0,,,0,,,Cyprus,CY,150,90,Akakiou,,0,TRUE,0,1,0,0,0,0,,FALSE,6422500,1652500,24,,Provider upArea too small to be included in calibration,2110,FALSE,1062,FALSE,AKAKIOU
EFAS,11,02111,KALAVASOS,33.300000,34.760000,0,0.000000,0.000000,,,0,0,0,0,,,0,,,Cyprus,CY,225,130,Vasilikos,,0,TRUE,0,1,0,0,0,0,,FALSE,6442500,1622500,24,,Provider upArea too small to be included in calibration,2111,FALSE,1062,FALSE,VASILIKOS
EFAS,11,02112,NEAR THE COAST,33.310000,34.710000,0,0.000000,0.000000,,,0,0,0,0,,,0,,,Cyprus,CY,25,150,Vasilikos,,0,TRUE,0,1,0,0,0,0,,FALSE,6442500,1617500,,,Provider upArea too small to be included in calibration,2112,FALSE,1062,FALSE,VASILIKOS
EFAS,11,02113,NISOU,33.390000,35.020000,0,0.000000,0.000000,,,0,0,0,0,,,0,,,Cyprus,CY,125,91,Yialias,,0,TRUE,0,1,0,0,0,0,,FALSE,6442500,1652500,24,,Provider upArea too small to be included in calibration,2113,FALSE,1062,FALSE,YIALIAS
EFAS,11,02114,AYIA ANNA,33.480000,34.940000,0,0.000000,0.000000,,,0,0,0,0,,,0,,,Cyprus,CY,100,94,Tremithos,,0,TRUE,0,1,0,0,0,0,,FALSE,6452500,1647500,24,,Provider upArea too small to be included in calibration,2114,FALSE,1062,FALSE,TREMITHOS
EFAS,11,02115,KITI DAM,33.570000,34.850000,0,0.000000,0.000000,,,0,0,0,0,,,0,,,Cyprus,CY,175,150,Tremithos,,0,TRUE,0,1,0,0,0,0,,FALSE,6462500,1642500,24,,Provider upArea too small to be included in calibration,2115,FALSE,1062,FALSE,TREMITHOS
EFAS,11,02116,TRILLO,-2.580000,40.700000,0,0.000000,0.000000,,,0,0,0,0,,,0,,,"Tejo, above Henares",ES,3400,3253,Tajo,,0,TRUE,0,1,0,0,0,0,,FALSE,3257500,2042500,,,Discharge data older than calibration period,2116,FALSE,1062,FALSE,TEJO
EFAS,11,02117,PERALEJOS,-1.930000,40.600000,0,0.000000,0.000000,,,0,0,0,0,,,0,,,"Tejo, above Henares",ES,450,410,Tajo,,0,TRUE,0,1,0,0,0,0,,FALSE,3312500,2022500,,,Provider upArea too small to be included in calibration,2117,FALSE,1062,FALSE,TEJO
EFAS,11,02118,PUENTE MORENA,-4.020000,38.880000,0,0.000000,0.000000,,,0,0,0,0,,,0,,,"Guadiana, above Zujar",ES,2450,2337,Guadiana,,0,TRUE,0,1,0,0,0,0,,FALSE,3102500,1867500,,,Discharge data older than calibration period,2118,FALSE,1062,FALSE,JABALON
EFAS,11,02119,QUINTANAR,-3.080000,39.630000,0,0.000000,0.000000,,,0,0,0,0,,,0,,,"Guadiana, above Zujar",ES,925,995,Guadiana,,0,TRUE,0,1,0,0,0,0,,FALSE,3197500,1932500,,,Discharge data older than calibration period,2119,FALSE,1062,FALSE,CIGUELA
EFAS,11,02120,EL DOCTOR,-4.720000,37.870000,0,0.000000,0.000000,,,0,0,0,0,,,0,,,"Guadalquivir, section Guadalimar - Genil",ES,25225,28,Guadalquivir,,0,TRUE,0,1,0,0,0,0,,FALSE,3027500,1767500,,,Provider upArea too small to be included in calibration,2120,FALSE,1062,FALSE,GUARDAL
EFAS,11,02121,PINOS PUENTE,-3.770000,37.270000,0,0.000000,0.000000,,,0,0,0,0,,,0,,,Genil,ES,300,382,Guadalquivir,,0,TRUE,0,1,0,0,0,0,,FALSE,3097500,1687500,,,Provider upArea too small to be included in calibration,2121,FALSE,1062,FALSE,VELILLAS
EFAS,11,02122,HAMOIR(TABREUX),5.530000,50.420000,0,0.000000,0.000000,,,0,0,0,0,,,0,,,Maas,BE,1600,1607,Meuse,,0,TRUE,0,1,0,0,0,0,,FALSE,4002500,3042500,,,Discharge data older than calibration period,2122,FALSE,1062,FALSE,OURTHE
EFAS,11,02123,PITARQUE,-0.600000,40.630000,0,0.000000,0.000000,,,0,0,0,0,,,0,,,"Ebro, section Huerva - Cinca",ES,250,284,Ebro,,0,TRUE,0,1,0,0,0,0,,FALSE,3422500,2012500,,,Provider upArea too small to be included in calibration,2123,FALSE,1062,FALSE,PORTANETE
EFAS,11,02124,LECINA DE BARCABO,0.050000,42.220000,0,0.000000,0.000000,,,0,0,0,0,,,0,,,Cinca,ES,100,110,Ebro,,0,TRUE,0,1,0,0,0,0,,FALSE,3497500,2177500,,,Provider upArea too small to be included in calibration,2124,FALSE,1062,FALSE,VERO
EFAS,11,02125,EL CHONO,-2.630000,37.080000,0,0.000000,0.000000,,,0,0,0,0,,,0,,,Nacimiento,ES,625,616,Nacimiento,,0,TRUE,0,1,0,0,0,0,,FALSE,3192500,1647500,,,Discharge data older than calibration period,2125,FALSE,1062,FALSE,NACIMIENTO
EFAS,11,02126,MARTORELL,1.950000,41.470000,0,0.000000,0.000000,,,0,0,0,0,,,0,,,Cardoner,ES,4500,4561,Llobregat,,0,TRUE,0,1,0,0,0,0,,FALSE,3647500,2077500,,,Discharge data older than calibration period,2126,FALSE,1062,FALSE,LLOBREGAT
EFAS,11,02127,RODA DE TER,2.320000,41.980000,0,0.000000,0.000000,,,0,0,0,0,,,0,,,Ter,ES,1500,1390,Ter,,0,TRUE,0,1,0,0,0,0,,FALSE,3682500,2127500,,,Discharge data older than calibration period,2127,FALSE,1062,FALSE,TER
EFAS,11,02128,VASSBOTTEN,11.540000,58.880000,0,0.000000,0.000000,,,0,0,0,0,,,0,HIST_24h,,Glomma,SE,575,624.1,Enningdalsaelven,3,0,TRUE,0,1,0,0,0,0,,TRUE,4412500,3972500,24,,,2128,FALSE,1062,FALSE,ENNINGDALSAELVEN
EFAS,11,02129,NEDRE ABISKOJOKK,18.810000,68.360000,0,0.000000,0.000000,,,0,0,0,0,,,0,HIST_24h,,"Tornealven, section to Lainioalven",SE,1425,3294,Torne,3,0,TRUE,0,1,0,0,0,0,,TRUE,4692500,5052500,24,,,2129,FALSE,1062,FALSE,TORNETRAESK
EFAS,11,02130,GROETSJOEN,12.440000,61.810000,0,0.000000,0.000000,,,0,0,0,0,,,0,HIST_24h,,Osterdalalven,SE,575,565,Dalalven,3,0,TRUE,0,1,0,0,0,0,,TRUE,4452500,4307500,24,,,2130,FALSE,1062,FALSE,GROETSJOEN
EFAS,11,02131,TOREBRO KRV (POWERSTATION),14.130000,56.100000,0,0.000000,0.000000,,,0,0,0,0,,,0,HIST_24h,,Helge,SE,3775,4661.68,Helge,0,0,TRUE,0,1,0,0,0,0,,FALSE,4577500,3667500,24,,same data as 2890  use 2890,2131,FALSE,1062,FALSE,Helge A
EFAS,11,02132,VELEN 2,14.310000,58.710000,0,0.000000,0.000000,,,0,0,0,0,,,0,,,Vattern Lake catchment,SE,50,45,Vattern Lake catchment,,0,TRUE,0,1,0,0,0,0,,FALSE,4567500,3962500,24,,Provider upArea too small to be included in calibration,2132,FALSE,1062,FALSE,MOSSAN
EFAS,11,02133,ANKARVATTNET,14.220000,64.880000,0,0.000000,0.000000,,,0,0,0,0,,,0,,,Faxalven,SE,400,427.8,Faxalven,,0,TRUE,0,1,0,0,0,0,,FALSE,4522500,4647500,24,,Provider upArea too small to be included in calibration,2133,FALSE,1062,FALSE,ANKARVATTNET
EFAS,11,02134,NEDRE JOVATTNET,15.050000,65.740000,0,0.000000,0.000000,,,0,0,0,0,,,0,,,"Umealven, above Vindelalven",SE,350,356.1,Umealven,,0,TRUE,0,1,0,0,0,0,,FALSE,4552500,4742500,24,,Provider upArea too small to be included in calibration,2134,FALSE,1062,FALSE,JOVATTSAN
EFAS,11,02135,STORSILLRET,16.290000,62.660000,0,0.000000,0.000000,,,0,0,0,0,,,0,,,Holmsjon,SE,175,164,Ljungan,,0,TRUE,0,1,0,0,0,0,,FALSE,4642500,4412500,24,,Provider upArea too small to be included in calibration,2135,FALSE,1062,FALSE,KASSJOEAN
EFAS,11,02136,SOLLEFTEAE KRV,17.270000,63.170000,0,0.000000,0.000000,,,0,0,0,0,,,0,HIST_24h,,"Angermanalven, below Faxalven",SE,200,1104.31,Angermanalven,0,0,TRUE,0,1,0,0,0,0,,FALSE,4692500,4467500,24,,Moved downstream of confluence  strongly regulated  Possibly wrong location,2136,FALSE,1062,FALSE,Angerman
EFAS,11,02137,NIEMISEL,21.970000,66.020000,0,0.000000,0.000000,,,0,0,0,0,,,0,HIST_24h,,Kalixalv,SE,3850,3780.8,Ranealven,3,0,TRUE,0,1,0,0,0,0,,TRUE,4867500,4812500,24,,,2137,FALSE,1062,FALSE,RANEAELVEN
EFAS,11,02138,MELLAU,9.880000,47.350000,0,0.000000,0.000000,,,0,0,0,0,,,0,,,"Rhine, above Aare",AT,225,228.6,Rhine,,0,TRUE,0,1,0,0,0,0,,FALSE,4312500,2692500,24,,Provider upArea too small to be included in calibration,2138,FALSE,1062,FALSE,BREGENZER ACH
EFAS,11,02139,NEUDORF BEI ILZ,15.940000,47.080000,0,0.000000,0.000000,,,0,0,0,0,,,0,,,"Raab, Raba",AT,150,190.1,Raba,,0,TRUE,0,1,0,0,0,0,,FALSE,4767500,2682500,24,,Provider upArea too small to be included in calibration,2139,FALSE,1062,FALSE,ILZBACH
EFAS,11,02140,STEIN-KREMS,15.580000,48.400000,0,0.000000,0.000000,,,0,0,0,0,,,0,,,"Danube, section Enns - Morava",AT,96025,96044.8,Danube,,0,TRUE,0,1,0,0,0,0,,FALSE,4732500,2822500,,,Discharge data older than calibration period,2140,FALSE,1062,FALSE,DANUBE RIVER
EFAS,11,02141,IMBACH,15.560000,48.440000,0,0.000000,0.000000,,,0,0,0,0,,,0,,,"Danube, section Enns - Morava",AT,375,305.9,Danube,,0,TRUE,0,1,0,0,0,0,,FALSE,4732500,2827500,24,,Provider upArea too small to be included in calibration,2141,FALSE,1062,FALSE,KREMS
EFAS,11,02142,WIEN-NUSSDORF,16.300000,48.250000,0,0.000000,0.000000,,,0,0,0,0,,,0,HIST_24h,,"Danube, section Enns - Morava",AT,101825,101700,Danube,0,0,TRUE,0,1,0,0,0,0,,FALSE,4792500,2812500,,,same location as 159 few data,2142,FALSE,1062,FALSE,DANUBE RIVER
EFAS,11,02143,VENT,10.910000,46.860000,0,0.000000,0.000000,,,0,0,0,0,,,0,,,"Inn, above Salzach",AT,150,164.7,Danube,,0,TRUE,0,1,0,0,0,0,,FALSE,4392500,2637500,24,,Provider upArea too small to be included in calibration,2143,FALSE,1062,FALSE,VENTER ACHE
EFAS,11,02144,HAGING,13.450000,48.270000,0,0.000000,0.000000,,,0,0,0,0,,,0,,,Inn,AT,200,164.9,Danube,,0,TRUE,0,1,0,0,0,0,,FALSE,4577500,2802500,24,,Provider upArea too small to be included in calibration,2144,FALSE,1062,FALSE,ANTIESEN
EFAS,11,02145,LANDSCHA,15.560000,46.750000,0,0.000000,0.000000,,,0,0,0,0,,,0,,,Mura,AT,8425,8339.6,Danube,,0,TRUE,0,1,0,0,0,0,,FALSE,4747500,2647500,,,Discharge data older than calibration period,2145,FALSE,1062,FALSE,MUR
EFAS,11,02146,FROHNLEITEN,15.310000,47.260000,0,0.000000,0.000000,,,0,0,0,0,,,0,,,Mura,AT,6675,6548,Danube,,0,TRUE,0,1,0,0,0,0,,FALSE,4722500,2697500,,,Discharge data older than calibration period,2146,FALSE,1062,FALSE,MUR
EFAS,11,02147,KINDTHAL,15.470000,47.520000,0,0.000000,0.000000,,,0,0,0,0,,,0,HIST_24h,,Mura,AT,725,727.7,Danube,3,0,TRUE,0,1,0,0,0,0,,TRUE,4732500,2727500,24,,,2147,FALSE,1062,FALSE,MUERZ
EFAS,11,02148,TSIMOVO,20.980000,39.580000,0,0.000000,0.000000,,,0,0,0,0,,,0,,,Arachthos,GR,625,640,Arachthos,,0,TRUE,0,1,0,0,0,0,,FALSE,5267500,1902500,,,Discharge data older than calibration period,2148,FALSE,1062,FALSE,ARACHTHOS
EFAS,11,02149,AVLAKION,21.380000,39.150000,0,0.000000,0.000000,,,0,0,0,0,,,0,,,Akheloos,GR,1550,1349,Akheloos,,0,TRUE,0,1,0,0,0,0,,FALSE,5307500,1857500,,,Discharge data older than calibration period,2149,FALSE,1062,FALSE,ACHELOOS POTAMOS
EFAS,11,02150,SCHWAIBACH,8.030000,48.390000,0,0.000000,0.000000,,,0,0,0,0,,,0,HIST_24h,,"Rhine, section Ill - Neckar",DE,975,954,Rhine,3,0,TRUE,0,1,0,0,0,0,,TRUE,4172500,2807500,24,,,2150,FALSE,1062,FALSE,KINZIG (TRIB. RHEIN)
EFAS,11,02151,STEIN,9.280000,49.250000,0,0.000000,0.000000,,,0,0,0,0,,,0,HIST_24h,,Neckar,DE,1950,1929,Rhine,3,0,TRUE,0,1,0,0,0,0,,TRUE,4267500,2902500,24,,,2151,FALSE,1062,FALSE,KOCHER
EFAS,11,02152,NEUENSTADT,9.340000,49.230000,0,0.000000,0.000000,,,0,0,0,0,,,0,,,Neckar,DE,75,141,Rhine,,0,TRUE,0,1,0,0,0,0,,FALSE,4277500,2897500,,,Provider upArea too small to be included in calibration,2152,FALSE,1062,FALSE,BRETTACH
EFAS,11,02153,RHEINFELDEN,7.790000,47.560000,0,0.000000,0.000000,,,0,0,0,0,,,0,HIST_24h,,"Rhine, section Aare - Ill",DE,34675,34550,Rhine,0,0,TRUE,0,1,0,0,0,0,,FALSE,4147500,2717500,24,,Same as 358 but old daily data  use 358,2153,FALSE,1062,FALSE,RHINE RIVER
EFAS,11,02154,VLOTHO,8.860000,52.170000,0,0.000000,0.000000,,,0,0,0,0,,,0,HIST_24h,,Weser,DE,17625,17618,Weser,2,0,TRUE,0,1,0,0,0,0,,FALSE,4247500,3232500,24,,Close to 1942,2154,FALSE,1062,FALSE,WESER
EFAS,11,02155,GREENE,9.940000,51.860000,0,0.000000,0.000000,,,0,0,0,0,,,0,,,Leine,DE,2875,2916,Weser,,0,TRUE,0,1,0,0,0,0,,FALSE,4317500,3192500,,,Discharge data older than calibration period,2155,FALSE,1062,FALSE,LEINE
EFAS,11,02156,MARKLENDORF,9.700000,52.680000,0,0.000000,0.000000,,,0,0,0,0,,,0,HIST_24h,,Aller,DE,7800,7209,Weser,3,0,TRUE,0,1,0,0,0,0,,TRUE,4307500,3282500,24,,,2156,FALSE,1062,FALSE,ALLER
EFAS,11,02157,HELMINGHAUSEN,8.730000,51.380000,0,0.000000,0.000000,,,0,0,0,0,,,0,,,Weser,DE,200,103,Weser,,0,TRUE,0,1,0,0,0,0,,FALSE,4237500,3142500,24,,Provider upArea too small to be included in calibration,2157,FALSE,1062,FALSE,DIEMEL
EFAS,11,02158,SCHMITTLOTHEIM,8.890000,51.150000,0,0.000000,0.000000,,,0,0,0,0,,,0,HIST_24h,,Fulda,DE,1250,1202,Weser,3,0,TRUE,0,1,0,0,0,0,,TRUE,4242500,3117500,24,,,2158,FALSE,1062,FALSE,EDER
EFAS,11,02159,GUNTERSHAUSEN,9.460000,51.220000,0,0.000000,0.000000,,,0,0,0,0,,,0,HIST_24h,,Fulda,DE,6425,6366,Weser,3,0,TRUE,0,1,0,0,0,0,,TRUE,4282500,3122500,24,,,2159,FALSE,1062,FALSE,FULDA
EFAS,11,02160,ROTENBURG,9.720000,51.000000,0,0.000000,0.000000,,,0,0,0,0,,,0,HIST_24h,,Fulda,DE,2550,2523,Weser,2,0,TRUE,0,1,0,0,0,0,,FALSE,4302500,3097500,24,,Close to 2025,2160,FALSE,1062,FALSE,FULDA
EFAS,11,02161,SCHWARMSTEDT,9.600000,52.680000,0,0.000000,0.000000,,,0,0,0,0,,,0,HIST_24h,,Aller,DE,6375,6443,Weser,3,0,TRUE,0,1,0,0,0,0,,TRUE,4292500,3277500,24,,,2161,FALSE,1062,FALSE,LEINE
EFAS,11,02162,ALLENDORF,9.980000,51.270000,0,0.000000,0.000000,,,0,0,0,0,,,0,HIST_24h,,Weser,DE,5425,15522.54,Weser,2,0,TRUE,0,1,0,0,0,0,,FALSE,4312500,3132500,24,,Drainage area from provider is wrong  close to 1972,2162,FALSE,1062,FALSE,Werra
EFAS,11,02163,HELDRA,10.190000,51.120000,0,0.000000,0.000000,,,0,0,0,0,,,0,HIST_24h,,Weser,DE,4325,4302,Weser,3,0,TRUE,0,1,0,0,0,0,,TRUE,4337500,3112500,24,,,2163,FALSE,1062,FALSE,WERRA
EFAS,11,02164,BODENWERDER,9.510000,51.970000,0,0.000000,0.000000,,,0,0,0,0,,,0,HIST_24h,,Weser,DE,16025,15924,Weser,3,0,TRUE,0,1,0,0,0,0,,TRUE,4287500,3202500,24,,,2164,FALSE,1062,FALSE,WESER
EFAS,11,02165,DOERVERDEN,9.210000,52.850000,0,0.000000,0.000000,,,0,0,0,0,,,0,HIST_24h,,Aller,DE,22175,22110,Weser,3,0,TRUE,0,1,0,0,0,0,,TRUE,4267500,3292500,24,,,2165,FALSE,1062,FALSE,WESER
EFAS,11,02166,KARLSHAFEN,9.430000,51.640000,0,0.000000,0.000000,,,0,0,0,0,,,0,HIST_24h,,Weser,DE,14975,14794,Weser,3,0,TRUE,0,1,0,0,0,0,,TRUE,4282500,3172500,24,,,2166,FALSE,1062,FALSE,WESER
EFAS,11,02167,LIEBENAU,9.110000,52.590000,0,0.000000,0.000000,,,0,0,0,0,,,0,HIST_24h,,Weser,DE,20175,19910,Weser,3,0,TRUE,0,1,0,0,0,0,,TRUE,4262500,3272500,24,,,2167,FALSE,1062,FALSE,WESER
EFAS,11,02168,WAHMBECK,9.520000,51.620000,0,0.000000,0.000000,,,0,0,0,0,,,0,HIST_24h,,Weser,DE,13050,12996,Weser,2,0,TRUE,0,1,0,0,0,0,,FALSE,4292500,3167500,24,,Close to 2166,2168,FALSE,1062,FALSE,WESER
EFAS,11,02169,DALUM,7.240000,52.590000,0,0.000000,0.000000,,,0,0,0,0,,,0,HIST_24h,,Ems,DE,4950,4981,Ems,3,0,TRUE,0,1,0,0,0,0,,TRUE,4132500,3282500,24,,,2169,FALSE,1062,FALSE,EMS
EFAS,11,02170,GREVEN,7.600000,52.090000,0,0.000000,0.000000,,,0,0,0,0,,,0,HIST_24h,,Ems,DE,2925,2842,Ems,3,0,TRUE,0,1,0,0,0,0,,TRUE,4157500,3222500,24,,,2170,FALSE,1062,FALSE,EMS
EFAS,11,02171,RHEINE UNTERSCHLEUSE UP,7.430000,52.280000,0,0.000000,0.000000,,,0,0,0,0,,,0,HIST_24h,,Ems,DE,3750,3740,Ems,3,0,TRUE,0,1,0,0,0,0,,TRUE,4142500,3247500,24,,,2171,FALSE,1062,FALSE,EMS
EFAS,11,02172,TREIA,9.310000,54.510000,0,0.000000,0.000000,,,0,0,0,0,,,0,,,Eider,DE,475,481,Eider,,0,TRUE,0,1,0,0,0,0,,FALSE,4277500,3492500,24,,Provider upArea too small to be included in calibration,2172,FALSE,1062,FALSE,TREENE
EFAS,11,02173,BIENENBUETTEL,10.460000,53.150000,0,0.000000,0.000000,,,0,0,0,0,,,0,HIST_24h,,"Elbe, below Havel",DE,1450,1434,Elbe,0,0,TRUE,0,1,0,0,0,0,,FALSE,4352500,3342500,24,,big change in hydrometric zero or rating curve iin 2005,2173,FALSE,1062,FALSE,ILMENAU
EFAS,11,02174,Rudolstadt,11.335200,50.719300,0,0.000000,0.000000,,,0,0,0,0,,,0,HIST_24h,,Saale,DE,2675,2678,Elbe,3,0,TRUE,0,1,0,0,0,0,,TRUE,4412500,3067500,24,,,2174,FALSE,1062,FALSE,SAALE
EFAS,11,02175,RATHENOW (HAUPTSCHLEUSE),12.330000,52.600000,0,0.000000,0.000000,,,0,0,0,0,,,0,HIST_24h,,"Havel, below Spree",DE,18800,19246,Elbe,2,0,TRUE,0,1,0,0,0,0,,FALSE,4477500,3282500,24,,Close to 9,2175,FALSE,1062,FALSE,HAVEL
EFAS,11,02176,RATHENOW HAUPTSCHLEUSE UP,12.310000,52.600000,0,0.000000,0.000000,,,0,0,0,0,,,0,HIST_24h,,"Havel, below Spree",DE,18675,8639.26,Elbe,2,0,TRUE,0,1,0,0,0,0,,FALSE,4477500,3272500,24,,Moved on main stream  close to 9,2176,FALSE,1062,FALSE,Havel
EFAS,11,02177,KETZIN,12.850000,52.480000,0,0.000000,0.000000,,,0,0,0,0,,,0,HIST_24h,,"Havel, below Spree",DE,16075,16173,Elbe,3,0,TRUE,0,1,0,0,0,0,,TRUE,4507500,3262500,24,,,2177,FALSE,1062,FALSE,HAVEL
EFAS,11,02178,SPREMBERG,14.370000,51.570000,0,0.000000,0.000000,,,0,0,0,0,,,0,,,Spree,DE,2250,2092,Elbe,,0,TRUE,0,1,0,0,0,0,,FALSE,4622500,3172500,,,Discharge data older than calibration period,2178,FALSE,1062,FALSE,SPREE
EFAS,11,02179,Bad Suelze,12.665000,54.119900,0,0.000000,0.000000,,,0,0,0,0,,,0,HIST_24h,,Recknitz,DE,625,951.89,Recknitz,3,0,TRUE,0,1,0,0,0,0,,TRUE,4492500,3452500,24,,,2179,FALSE,1062,FALSE,Recknitz
EFAS,11,02180,KLEMPENOW,13.310000,53.790000,0,0.000000,0.000000,,,0,0,0,0,,,0,HIST_24h,,Peene,DE,1225,1403,Peene,3,0,TRUE,0,1,0,0,0,0,,TRUE,4537500,3407500,24,,,2180,FALSE,1062,FALSE,TOLLENSE
EFAS,11,02181,REGENSBURG/SCHWABELWEIS,12.140000,49.010000,0,0.000000,0.000000,,,0,0,0,0,,,0,HIST_24h,,"Danube, section Naab - Isar",DE,32550,5704.88,Danube,2,0,TRUE,0,1,0,0,0,0,,FALSE,4472500,2882500,24,,moved on danube main stream  same as 883,2181,FALSE,1062,FALSE,Donau
EFAS,11,02182,Lenggries,11.573200,47.684900,0,0.000000,0.000000,,,0,0,0,0,,,0,,,Isar,DE,1425,-999,Danube,,0,TRUE,0,1,0,0,0,0,,FALSE,4437500,2732500,24,,No discharge data available for calibration period,2182,FALSE,1062,FALSE,ISAR
EFAS,11,02183,BRONZOLO (BRANZOLL),11.310000,46.400000,0,0.000000,0.000000,,,0,0,0,0,,,0,HIST_24h,,Adige,IT,6975,6926,Adige,0,0,TRUE,0,1,0,0,0,0,,FALSE,4422500,2582500,,,Old data and not enough data after 1990,2183,FALSE,1062,FALSE,ADIGE
EFAS,11,02184,TRENTO,11.130000,46.060000,0,0.000000,0.000000,,,0,0,0,0,,,0,,,Adige,IT,9575,9763,Adige,,0,TRUE,0,1,0,0,0,0,,FALSE,4407500,2552500,,,Discharge data older than calibration period,2184,FALSE,1062,FALSE,ADIGE
EFAS,11,02185,ALLOGGIAMENTO IDRAULICO,13.830000,42.170000,0,0.000000,0.000000,,,0,0,0,0,,,0,,,Pescara,IT,1925,1961,Pescara,,0,TRUE,0,1,0,0,0,0,,FALSE,4637500,2127500,,,Discharge data older than calibration period,2185,FALSE,1062,FALSE,ATERNO
EFAS,11,02186,S.SAMUELE DI CAFIERO,16.140000,41.300000,0,0.000000,0.000000,,,0,0,0,0,,,0,,,Ofanto,IT,2800,2716,Ofanto,,0,TRUE,0,1,0,0,0,0,,FALSE,4837500,2042500,,,Discharge data older than calibration period,2186,FALSE,1062,FALSE,OFANTO
EFAS,11,02187,PASSOFONDUTO,13.670000,37.470000,0,0.000000,0.000000,,,0,0,0,0,,,0,,,Platani,IT,1300,1237,Platani,,0,TRUE,0,1,0,0,0,0,,FALSE,4647500,1607500,,,Discharge data older than calibration period,2187,FALSE,1062,FALSE,PLATANI
EFAS,11,02188,DRASI,13.940000,37.170000,0,0.000000,0.000000,,,0,0,0,0,,,0,,,Salso,IT,2025,1782,Salso,,0,TRUE,0,1,0,0,0,0,,FALSE,4672500,1577500,,,Discharge data older than calibration period,2188,FALSE,1062,FALSE,IMERA MERIDIONALE
EFAS,11,02189,PONTE MACCARRONE,14.790000,37.650000,0,0.000000,0.000000,,,0,0,0,0,,,0,,,Simeto,IT,800,648,Simeto,,0,TRUE,0,1,0,0,0,0,,FALSE,4747500,1637500,,,Discharge data older than calibration period,2189,FALSE,1062,FALSE,SIMETO
EFAS,11,02190,KILJAFOSS,-21.410000,64.690000,0,0.000000,0.000000,,,0,0,0,0,,,0,HIST_24h,,Hvita,IS,2350,3665.28,Hvita,3,0,TRUE,0,1,0,0,0,0,,TRUE,2867500,4952500,24,,,2190,FALSE,1062,FALSE,HVITA
EFAS,11,02191,SELFOSS,-21.000000,63.930000,0,0.000000,0.000000,,,0,0,0,0,,,0,HIST_24h,,OELFUSA,IS,1425,5662,OELFUSA,0,0,TRUE,0,1,0,0,0,0,,FALSE,2847500,4872500,24,,Remove from calib - wrong LDD,2191,FALSE,1062,FALSE,OELFUSA
EFAS,11,02192,EFSTADALSBRU,-20.510000,64.260000,0,0.000000,0.000000,,,0,0,0,0,,,0,,,Sog and Hvita,IS,300,219,Sog and Hvita,,0,TRUE,0,1,0,0,0,0,,FALSE,2887500,4892500,24,,Provider upArea too small to be included in calibration,2192,FALSE,1062,FALSE,"BRUARA, BISKUPSTUNGUM"
EFAS,11,02193,THJORSARTUN,-20.630000,63.930000,0,0.000000,0.000000,,,0,0,0,0,,,0,HIST_24h,,Pjorsa,IS,8425,7314,Pjorsa,3,0,TRUE,0,1,0,0,0,0,,TRUE,2862500,4842500,24,,Moved to cope with wrong LDD,2193,FALSE,1062,FALSE,THJORSA
EFAS,11,02194,HOLL,-15.080000,64.980000,0,0.000000,0.000000,,,0,0,0,0,,,0,HIST_24h,,Lagarfljot,IS,700,558,Lagarfljot,3,0,TRUE,0,1,0,0,0,0,,TRUE,3152500,4862500,24,,,2194,FALSE,1062,FALSE,JOEKULSA I FLJOTSDAL
EFAS,11,02195,GOODALABRU,-19.080000,65.330000,0,0.000000,0.000000,,,0,0,0,0,,,0,HIST_24h,,Heradsvotn,IS,725,844,Heradsvotn,3,0,TRUE,0,1,0,0,0,0,,TRUE,3002500,4972500,24,,,2195,FALSE,1062,FALSE,"VESTARI-JOEKULSA, SKAGAFIROI"
EFAS,11,02196,BRU,-17.650000,63.940000,0,0.000000,0.000000,,,0,0,0,0,,,0,,,Northeast Atlantic Ocean coastal catchments and sm,IS,275,226,Bru,,0,TRUE,0,1,0,0,0,0,,FALSE,2997500,4802500,24,,Provider upArea too small to be included in calibration,2196,FALSE,1062,FALSE,"DJUPA, FLJOTSHVERFI"
EFAS,11,02197,ULLARFOSS,-17.310000,65.390000,0,0.000000,0.000000,,,0,0,0,0,,,0,HIST_24h,,Kaldakinn (Skjaltandatfljot in upper section),IS,2725,527,Kaldakinn,0,0,TRUE,0,1,0,0,0,0,,FALSE,3077500,4947500,24,,Moved hopefully to right river  few data,2197,FALSE,1062,FALSE,"SVARTA, BAROARDAL"
EFAS,11,02198,REYKJAFOSS,-19.380000,65.490000,0,0.000000,0.000000,,,0,0,0,0,,,0,,,Heradsvotn,IS,375,396,Heradsvotn,,0,TRUE,0,1,0,0,0,0,,FALSE,2997500,4992500,24,,Provider upArea too small to be included in calibration,2198,FALSE,1062,FALSE,"SVARTA, SKAGAFIROI"
EFAS,11,02199,LAGARFOSS,-14.360000,65.500000,0,0.000000,0.000000,,,0,0,0,0,,,0,HIST_24h,,LAGARFLJOT,IS,2850,2819,Lagarfljot,1,0,TRUE,0,1,0,0,0,0,,FALSE,3212500,4912500,24,,strongly regulated but no dam in lsf,2199,FALSE,1062,FALSE,LAGARFLJOT
EFAS,11,02200,LITH,5.450000,51.820000,0,0.000000,0.000000,,,0,0,0,0,,,0,HIST_24h,,Maas,NL,29175,29000,Meuse,2,0,TRUE,0,1,0,0,0,0,,FALSE,4012500,3197500,24,,Close to 1977  older data,2200,FALSE,1062,FALSE,MEUSE
EFAS,11,02201,VENLO,6.170000,51.680000,0,0.000000,0.000000,,,0,0,0,0,,,0,HIST_24h,,Maas,DE,27025,26040,Meuse,3,0,TRUE,0,1,0,0,0,0,,TRUE,4042500,3182500,24,,Drainage area from provider is wrong,2201,FALSE,1062,FALSE,MEUSE
EFAS,11,02202,BUNDE,5.740000,50.900000,0,0.000000,0.000000,,,0,0,0,0,,,0,,,Maas,NL,22100,-999,Meuse,,1,FALSE,0,1,0,0,0,0,,FALSE,4022500,3102500,24,,DO NOT USE Station is on a navigation channel EFCC-2120 No discharge data available for calibration period,2202,FALSE,1062,FALSE,JULIANAKANAAL
EFAS,11,02203,RUNKAMPEN,5.380000,51.680000,0,0.000000,0.000000,,,0,0,0,0,,,0,,,Maas,NL,875,750,Meuse,,0,TRUE,0,1,0,0,0,0,,FALSE,4002500,3182500,,,Discharge data older than calibration period,2203,FALSE,1062,FALSE,BRABANTSE AA
EFAS,11,02204,SMEERMAAS,5.680000,50.880000,0,0.000000,0.000000,,,0,0,0,0,,,0,,,Maas,NL,21675,-999,Meuse,,1,FALSE,0,1,0,0,0,0,,FALSE,4017500,3092500,24,,DO NOT USE EFCC-2120 station is on controlled channel  No discharge data available for calibration period,2204,FALSE,1062,FALSE,ZUID-WILLEMSVAART
EFAS,11,02205,VECHTERWEERD,6.330000,52.250000,0,0.000000,0.000000,,,0,0,0,0,,,0,,,Ijssel,NL,3725,3600,Rhine,,0,TRUE,0,1,0,0,0,0,,FALSE,4057500,3242500,,,Discharge data older than calibration period,2205,FALSE,1062,FALSE,VECHTE
EFAS,11,02206,TRZEBIATOW,15.260000,54.060000,0,0.000000,0.000000,,,0,0,0,0,,,0,,,Rega,PL,1100,2628,Rega,,0,TRUE,0,1,0,0,0,0,,FALSE,4667500,3457500,,,Discharge data older than calibration period,2206,FALSE,1062,FALSE,REGA
EFAS,11,02207,RABASZENTMIKLOS,17.410000,47.530000,0,0.000000,0.000000,,,0,0,0,0,,,0,HIST_24h,,"Raab, Raba",HU,2525,2710,Danube,1,0,TRUE,0,1,0,0,0,0,,FALSE,4882500,2742500,24,,Wrong?,2207,FALSE,1062,FALSE,MARCAL
EFAS,11,02208,KURD,18.310000,46.450000,0,0.000000,0.000000,,,0,0,0,0,,,0,HIST_24h,,Zala-Balaton-Sio,HU,2125,2119,Danube,3,0,TRUE,0,1,0,0,0,0,,TRUE,4957500,2627500,24,,use after 01-1992,2208,FALSE,1062,FALSE,KAPOS
EFAS,11,02209,DUNAALMAS,18.330000,47.730000,0,0.000000,0.000000,,,0,0,0,0,,,0,HIST_24h,,Danube,HU,171525,171720,Danube,3,0,TRUE,0,1,0,0,0,0,,TRUE,4947500,2772500,24,,,2209,FALSE,1062,FALSE,DANUBE RIVER
EFAS,11,02210,SZENDRO,20.730000,48.400000,0,0.000000,0.000000,,,0,0,0,0,,,0,HIST_24h,,Sajo,HU,1600,1496,Danube,3,0,TRUE,0,1,0,0,0,0,,TRUE,5112500,2867500,24,,dams  use it after 01-1992  moved station downstream,2210,FALSE,1062,FALSE,BODVAJ
EFAS,11,02211,NOWE DREZDENKO,15.810000,52.860000,0,0.000000,0.000000,,,0,0,0,0,,,0,,,Notec,PL,16900,15970,Oder,,0,TRUE,0,1,0,0,0,0,,FALSE,4712500,3322500,,,Discharge data older than calibration period,2211,FALSE,1062,FALSE,NOTEC
EFAS,11,02212,PTUSZA,16.800000,53.360000,0,0.000000,0.000000,,,0,0,0,0,,,0,,,Gwda,PL,2000,2052,Gwda,,0,TRUE,0,1,0,0,0,0,,FALSE,4772500,3382500,,,Discharge data older than calibration period,2212,FALSE,1062,FALSE,GWDA
EFAS,11,02213,KOWANOWKO,16.850000,52.660000,0,0.000000,0.000000,,,0,0,0,0,,,0,,,"Warta, above Notec",PL,2250,2597,Oder,,0,TRUE,0,1,0,0,0,0,,FALSE,4782500,3307500,,,Discharge data older than calibration period,2213,FALSE,1062,FALSE,WELNA
EFAS,11,02214,NIECHMIROW,18.750000,51.410000,0,0.000000,0.000000,,,0,0,0,0,,,0,,,"Warta, above Prosna",PL,600,592,Oder,,0,TRUE,0,1,0,0,0,0,,FALSE,4927500,3177500,,,Discharge data older than calibration period,2214,FALSE,1062,FALSE,OLESNICA
EFAS,11,02215,GRABNO,18.960000,51.460000,0,0.000000,0.000000,,,0,0,0,0,,,0,,,"Warta, above Prosna",PL,800,811,Oder,,0,TRUE,0,1,0,0,0,0,,FALSE,4942500,3192500,,,Discharge data older than calibration period,2215,FALSE,1062,FALSE,GRABIA
EFAS,11,02216,PECNIEW,18.660000,51.750000,0,0.000000,0.000000,,,0,0,0,0,,,0,,,"Warta, above Prosna",PL,300,370,Oder,,0,TRUE,0,1,0,0,0,0,,FALSE,4922500,3222500,,,Provider upArea too small to be included in calibration,2216,FALSE,1062,FALSE,BRODNIA
EFAS,11,02217,SAMARZEWO,17.750000,52.250000,0,0.000000,0.000000,,,0,0,0,0,,,0,,,"Warta, above Prosna",PL,375,360,Oder,,0,TRUE,0,1,0,0,0,0,,FALSE,4842500,3272500,,,Provider upArea too small to be included in calibration,2217,FALSE,1062,FALSE,WRZESNICA
EFAS,11,02218,OPATOW,18.150000,51.210000,0,0.000000,0.000000,,,0,0,0,0,,,0,,,Prosna,PL,125,128,Oder,,0,TRUE,0,1,0,0,0,0,,FALSE,4887500,3152500,,,Provider upArea too small to be included in calibration,2218,FALSE,1062,FALSE,POMIANKA
EFAS,11,02219,KUSNICA SKAKAWSKA,18.110000,51.250000,0,0.000000,0.000000,,,0,0,0,0,,,0,,,Prosna,PL,225,246,Oder,,0,TRUE,0,1,0,0,0,0,,FALSE,4887500,3157500,,,Provider upArea too small to be included in calibration,2219,FALSE,1062,FALSE,NIESOB
EFAS,11,02220,OLOBOK,18.080000,51.650000,0,0.000000,0.000000,,,0,0,0,0,,,0,,,Prosna,PL,250,447,Oder,,0,TRUE,0,1,0,0,0,0,,FALSE,4872500,3202500,,,Provider upArea too small to be included in calibration,2220,FALSE,1062,FALSE,OLOBOK
EFAS,11,02221,DEBE,18.210000,51.750000,0,0.000000,0.000000,,,0,0,0,0,,,0,,,Prosna,PL,500,492,Oder,,0,TRUE,0,1,0,0,0,0,,FALSE,4887500,3217500,,,Provider upArea too small to be included in calibration,2221,FALSE,1062,FALSE,SWEDRNIA
EFAS,11,02222,RASZEWY,17.650000,52.110000,0,0.000000,0.000000,,,0,0,0,0,,,0,,,Prosna,PL,550,534,Oder,,0,TRUE,0,1,0,0,0,0,,FALSE,4842500,3242500,,,Discharge data older than calibration period,2222,FALSE,1062,FALSE,LUTYNIA
EFAS,11,02223,KOSCIAN,16.630000,52.110000,0,0.000000,0.000000,,,0,0,0,0,,,0,,,"Warta, above Notec",PL,1325,1247,Oder,,0,TRUE,0,1,0,0,0,0,,FALSE,4777500,3237500,,,Discharge data older than calibration period,2223,FALSE,1062,FALSE,KANAL KOSCIANSKI
EFAS,11,02224,MOSINA,16.850000,52.250000,0,0.000000,0.000000,,,0,0,0,0,,,0,,,"Warta, above Notec",PL,1700,2492,Oder,,0,TRUE,0,1,0,0,0,0,,FALSE,4787500,3257500,,,Discharge data older than calibration period,2224,FALSE,1062,FALSE,KANAL MOSINSKI
EFAS,11,02225,KONOJAD,16.530000,52.160000,0,0.000000,0.000000,,,0,0,0,0,,,0,,,"Warta, above Notec",PL,725,663,Oder,,0,TRUE,0,1,0,0,0,0,,FALSE,4762500,3252500,,,Discharge data older than calibration period,2225,FALSE,1062,FALSE,MOGILNICA
EFAS,11,02226,GLUSZYNA,16.930000,52.360000,0,0.000000,0.000000,,,0,0,0,0,,,0,,,"Warta, above Notec",PL,275,369,Oder,,0,TRUE,0,1,0,0,0,0,,FALSE,4797500,3267500,,,Provider upArea too small to be included in calibration,2226,FALSE,1062,FALSE,KOPLA
EFAS,11,02227,WAGROWIEC,17.200000,52.750000,0,0.000000,0.000000,,,0,0,0,0,,,0,,,"Warta, above Notec",PL,150,232,Oder,,0,TRUE,0,1,0,0,0,0,,FALSE,4812500,3322500,,,Provider upArea too small to be included in calibration,2227,FALSE,1062,FALSE,STRUGA GULANIECKA
EFAS,11,02228,RYCZYWOL,16.830000,52.810000,0,0.000000,0.000000,,,0,0,0,0,,,0,,,"Warta, above Notec",PL,275,276,Oder,,0,TRUE,0,1,0,0,0,0,,FALSE,4782500,3317500,,,Provider upArea too small to be included in calibration,2228,FALSE,1062,FALSE,FLINTA
EFAS,11,02229,SZAMOTULY,16.630000,52.580000,0,0.000000,0.000000,,,0,0,0,0,,,0,,,"Warta, above Notec",PL,475,395,Oder,,0,TRUE,0,1,0,0,0,0,,FALSE,4767500,3297500,,,Provider upArea too small to be included in calibration,2229,FALSE,1062,FALSE,SAMA
EFAS,11,02230,ZAGAN,15.310000,51.610000,0,0.000000,0.000000,,,0,0,0,0,,,0,,,Kwisa,PL,3150,4254,Oder,,0,TRUE,0,1,0,0,0,0,,FALSE,4697500,3177500,,,Discharge data older than calibration period  Wrong location  Do not use,2230,FALSE,1062,FALSE,BOBR
EFAS,11,02231,SKWIERZYNA,15.500000,52.600000,0,0.000000,0.000000,,,0,0,0,0,,,0,,,"Warta, above Notec",PL,30900,32054,Oder,,0,TRUE,0,1,0,0,0,0,,FALSE,4697500,3292500,,,Discharge data older than calibration period,2231,FALSE,1062,FALSE,WARTA
EFAS,11,02232,KONIN,18.260000,52.210000,0,0.000000,0.000000,,,0,0,0,0,,,0,,,"Warta, above Prosna",PL,13225,13351,Oder,,0,TRUE,0,1,0,0,0,0,,FALSE,4882500,3267500,,,Discharge data older than calibration period,2232,FALSE,1062,FALSE,WARTA
EFAS,11,02233,PORAJ,19.210000,50.660000,0,0.000000,0.000000,,,0,0,0,0,,,0,,,"Warta, above Prosna",PL,425,390,Oder,,0,TRUE,0,1,0,0,0,0,,FALSE,4972500,3102500,,,Provider upArea too small to be included in calibration,2233,FALSE,1062,FALSE,WARTA
EFAS,11,02234,NOWA WIES PODGORNA,18.100000,52.960000,0,0.000000,0.000000,,,0,0,0,0,,,0,,,Notec,PL,3300,20767,Oder,,0,TRUE,0,1,0,0,0,0,,FALSE,4857500,3352500,,,Discharge data older than calibration period,2234,FALSE,1062,FALSE,WARTA
EFAS,11,02235,NIWKI,18.660000,50.750000,0,0.000000,0.000000,,,0,0,0,0,,,0,,,"Warta, above Prosna",PL,225,218,Oder,,0,TRUE,0,1,0,0,0,0,,FALSE,4937500,3112500,,,Provider upArea too small to be included in calibration,2235,FALSE,1062,FALSE,LISWARTA
EFAS,11,02236,MIRKOW,18.150000,51.320000,0,0.000000,0.000000,,,0,0,0,0,,,0,,,Prosna,PL,1250,1255,Oder,,0,TRUE,0,1,0,0,0,0,,FALSE,4887500,3172500,,,Discharge data older than calibration period,2236,FALSE,1062,FALSE,PROSNA
EFAS,11,02237,DRAWSKO POMORSKIE,15.800000,53.300000,0,0.000000,0.000000,,,0,0,0,0,,,0,,,Notec,PL,1075,602,Oder,,0,TRUE,0,1,0,0,0,0,,FALSE,4702500,3377500,,,Discharge data older than calibration period,2237,FALSE,1062,FALSE,DRAWA
EFAS,11,02238,GOLENIOW,14.810000,53.560000,0,0.000000,0.000000,,,0,0,0,0,,,0,,,"Oder, below Warta",PL,3275,2163,Oder,,0,TRUE,0,1,0,0,0,0,,FALSE,4642500,3387500,,,Discharge data older than calibration period,2238,FALSE,1062,FALSE,INA
EFAS,11,02239,WADOWICE,19.480000,49.880000,0,0.000000,0.000000,,,0,0,0,0,,,0,,,Vistula,PL,825,836,Vistula,,0,TRUE,0,1,0,0,0,0,,FALSE,5002500,3017500,,,Discharge data older than calibration period,2239,FALSE,1062,FALSE,SKAWA
EFAS,11,02240,NOWY SACZ,20.710000,49.630000,0,0.000000,0.000000,,,0,0,0,0,,,0,,,Dunajec,PL,4825,4341,Vistula,,0,TRUE,0,1,0,0,0,0,,FALSE,5092500,3002500,,,Discharge data older than calibration period Old stations,2240,FALSE,1062,FALSE,DUNAJEC
EFAS,11,02241,KRASNYSTAW,23.180000,50.980000,0,0.000000,0.000000,,,0,0,0,0,,,0,,,Wieprz,PL,2975,3003,Vistula,,0,TRUE,0,1,0,0,0,0,,FALSE,5242500,3177500,,,Discharge data older than calibration period,2241,FALSE,1062,FALSE,WIEPRZ
EFAS,11,02242,PRZEDBORZ,19.880000,51.080000,0,0.000000,0.000000,,,0,0,0,0,,,0,,,Pilica,PL,2475,2535,Vistula,,0,TRUE,0,1,0,0,0,0,,FALSE,5012500,3142500,,,Discharge data older than calibration period,2242,FALSE,1062,FALSE,PILICA
EFAS,11,02243,SURAZ,22.950000,52.950000,0,0.000000,0.000000,,,0,0,0,0,,,0,,,Narew,PL,3175,7800,Vistula,,0,TRUE,0,1,0,0,0,0,,FALSE,5182500,3397500,,,Discharge data older than calibration period,2243,FALSE,1062,FALSE,BOLSHOY KEMCHUG
EFAS,11,02244,PTAKI,21.800000,53.400000,0,0.000000,0.000000,,,0,0,0,0,,,0,,,"Narew, above Bug",PL,4075,3561,Vistula,,0,TRUE,0,1,0,0,0,0,,FALSE,5102500,3432500,,,Discharge data older than calibration period,2244,FALSE,1062,FALSE,PISA
EFAS,11,02245,CROOM,-8.710000,52.510000,0,0.000000,0.000000,,,0,0,0,0,,,0,HIST_24h,,Shannon,IE,800,770.2,Shannon,2,0,TRUE,0,1,0,0,0,0,,FALSE,3067500,3427500,24,,Same location as 1412,2245,FALSE,1062,FALSE,MAIGUE
EFAS,11,02246,RATHKEALE,-8.930000,52.520000,0,0.000000,0.000000,,,0,0,0,0,,,0,,,Shannon,IE,450,438.8,Deel,,0,TRUE,0,1,0,0,0,0,,FALSE,3052500,3432500,24,,Provider upArea too small to be included in calibration,2246,FALSE,1062,FALSE,DEEL
EFAS,11,02247,GRANGE BRIDGE,-9.020000,52.460000,0,0.000000,0.000000,,,0,0,0,0,,,0,,,Shannon,IE,350,366.3,Deel,,0,TRUE,0,1,0,0,0,0,,FALSE,3042500,3427500,24,,Provider upArea too small to be included in calibration,2247,FALSE,1062,FALSE,DEEL
EFAS,11,02248,MOYSTOWN,-7.910000,53.260000,0,0.000000,0.000000,,,0,0,0,0,,,0,HIST_24h,,Shannon,IE,1225,1180.2,Shannon,2,0,TRUE,0,1,0,0,0,0,,FALSE,3137500,3497500,24,,close to 1414,2248,FALSE,1062,FALSE,BROSNA
EFAS,11,02249,DARRYCAHILL,-8.230000,53.380000,0,0.000000,0.000000,,,0,0,0,0,,,0,HIST_24h,,Shannon,IE,1175,1050,Shannon,2,0,TRUE,0,1,0,0,0,0,,FALSE,3122500,3522500,24,,close to 1416,2249,FALSE,1062,FALSE,SUCK
EFAS,11,02250,BOYLE ABBEY BRIDGE,-8.300000,53.960000,0,0.000000,0.000000,,,0,0,0,0,,,0,HIST_24h,,Shannon,IE,475,527.3,Shannon,0,0,TRUE,0,1,0,0,0,0,,FALSE,3142500,3582500,24,,same location as 2251 but different data  cannot locate  use 2251,2250,FALSE,1062,FALSE,BOYLE
EFAS,11,02251,TINACARRA,-8.370000,53.960000,0,0.000000,0.000000,,,0,0,0,0,,,0,HIST_24h,,Shannon,IE,450,519.9,Shannon,3,0,TRUE,0,1,0,0,0,0,,TRUE,3137500,3582500,24,,,2251,FALSE,1062,FALSE,BOYLE
EFAS,11,02252,WOLFE TONE BRIDGE,-9.040000,53.260000,0,0.000000,0.000000,,,0,0,0,0,,,0,HIST_24h,,Clare,IE,3225,3136.1,Clare,3,0,TRUE,0,1,0,0,0,0,,TRUE,3067500,3522500,24,,dam,2252,FALSE,1062,FALSE,CORRIB
EFAS,11,02253,DROMAHAIR,-8.300000,54.230000,0,0.000000,0.000000,,,0,0,0,0,,,0,,,Shannon,IE,275,263.7,Bonet,,0,TRUE,0,1,0,0,0,0,,FALSE,3142500,3607500,24,,Provider upArea too small to be included in calibration,2253,FALSE,1062,FALSE,BONET
EFAS,11,02254,BALLYCOREY,-8.980000,52.850000,0,0.000000,0.000000,,,0,0,0,0,,,0,HIST_24h,,Shannon,IE,675,511.4,Fergus,3,0,TRUE,0,1,0,0,0,0,,TRUE,3057500,3472500,24,,Moved downstream of confluence,2254,FALSE,1062,FALSE,FERGUS
EFAS,11,02255,LISTOWEL,-9.480000,52.440000,0,0.000000,0.000000,,,0,0,0,0,,,0,HIST_24h,,Feale,IE,650,646.8,Feale,3,0,TRUE,0,1,0,0,0,0,,TRUE,3017500,3437500,24,,,2255,FALSE,1062,FALSE,FEALE
EFAS,11,02256,CURRANURE,-8.730000,51.750000,0,0.000000,0.000000,,,0,0,0,0,,,0,,,R. Bandon,IE,375,423.7,Bandon,,0,TRUE,0,1,0,0,0,0,,FALSE,3042500,3347500,24,,Provider upArea too small to be included in calibration,2256,FALSE,1062,FALSE,BANDON
EFAS,11,02257,CATHER PARK,-7.920000,52.370000,0,0.000000,0.000000,,,0,0,0,0,,,0,HIST_24h,,Suir & Barrow,IE,1600,1582.7,Suir,2,0,TRUE,0,1,0,0,0,0,,FALSE,3117500,3402500,24,,same location as 1408 and almost same data   use 1408,2257,FALSE,1062,FALSE,SUIR
EFAS,11,02258,NEW BRIDGE,-8.050000,52.450000,0,0.000000,0.000000,,,0,0,0,0,,,0,HIST_24h,,Suir & Barrow,IE,1100,1090.3,Suir,2,0,TRUE,0,1,0,0,0,0,,FALSE,3112500,3412500,24,,it could be on the wrong catchment,2258,FALSE,1062,FALSE,SUIR
EFAS,11,02259,ENNISCORTHY,-6.550000,52.500000,0,0.000000,0.000000,,,0,0,0,0,,,0,HIST_24h,,Slaney,IE,1275,1319.9,Slaney,2,0,TRUE,0,1,0,0,0,0,,FALSE,3212500,3397500,24,,close to 1402,2259,FALSE,1062,FALSE,SLANE
EFAS,11,02260,PASS BRIDGE,-7.060000,53.140000,0,0.000000,0.000000,,,0,0,0,0,,,0,HIST_24h,,Suir & Barrow,IE,1150,1063.6,Barrow,3,0,TRUE,0,1,0,0,0,0,,TRUE,3192500,3472500,24,,,2260,FALSE,1062,FALSE,BARROW
EFAS,11,02261,PORTARLINGTON,-7.190000,53.160000,0,0.000000,0.000000,,,0,0,0,0,,,0,,,Suir & Barrow,IE,450,405.5,Suir & Barrow,,0,TRUE,0,1,0,0,0,0,,FALSE,3187500,3472500,24,,Provider upArea too small to be included in calibration,2261,FALSE,1062,FALSE,BARROW
EFAS,11,02262,MANSFIELDSTOWN,-6.490000,53.900000,0,0.000000,0.000000,,,0,0,0,0,,,0,,,R. Glyde,IE,325,345.8,Glyde,,0,TRUE,0,1,0,0,0,0,,FALSE,3247500,3542500,24,,Provider upArea too small to be included in calibration,2262,FALSE,1062,FALSE,GLYDE
EFAS,11,02263,KILCOLGAN,-8.860000,53.200000,0,0.000000,0.000000,,,0,0,0,0,,,0,,,R. Dunkellin,IE,350,354.1,Dunkellin,,0,TRUE,0,1,0,0,0,0,,FALSE,3077500,3507500,24,,Provider upArea too small to be included in calibration,2263,FALSE,1062,FALSE,DUNKELLIN
EFAS,11,02264,CHARLEVILLE WEIR,-8.680000,52.350000,0,0.000000,0.000000,,,0,0,0,0,,,0,,,Blackwater,IE,300,309.1,Blackwater,,0,TRUE,0,1,0,0,0,0,,FALSE,3067500,3417500,24,,Provider upArea too small to be included in calibration,2264,FALSE,1062,FALSE,DEE (IRELAND)
EFAS,11,02265,CROGHAN,-7.270000,53.340000,0,0.000000,0.000000,,,0,0,0,0,,,0,,,Suir & Barrow,IE,275,479.3,Suir & Barrow,,0,TRUE,0,1,0,0,0,0,,FALSE,3192500,3482500,24,,Provider upArea too small to be included in calibration,2265,FALSE,1062,FALSE,LITTLE BROSNA
EFAS,11,02266,TRIM,-6.790000,53.550000,0,0.000000,0.000000,,,0,0,0,0,,,0,HIST_24h,,Boyne,IE,1350,1361.8,Boyne,3,0,TRUE,0,1,0,0,0,0,,TRUE,3217500,3512500,24,,,2266,FALSE,1062,FALSE,BOYNE
EFAS,11,02267,CATEZ I,15.600000,45.890000,0,0.000000,0.000000,,,0,0,0,0,,,0,HIST_24h,,"Sava, above Kupa",SI,9700,10186,Danube,3,0,TRUE,0,1,0,0,0,0,,TRUE,4752500,2547500,24,,moved upstream of dam,2267,FALSE,1062,FALSE,SAVA
EFAS,11,02268,RADECE,15.180000,46.060000,0,0.000000,0.000000,,,0,0,0,0,,,0,HIST_24h,,"Sava, above Kupa",SI,7100,7084,Danube,3,0,TRUE,0,1,0,0,0,0,,TRUE,4722500,2562500,24,,,2268,FALSE,1062,FALSE,SAVA
EFAS,11,02269,BOSANSKI NOVI,16.380000,45.070000,0,0.000000,0.000000,,,0,0,0,0,,,0,HIST_24h,,Una,HR,8300,8507,Danube,0,0,TRUE,0,1,0,0,0,0,,FALSE,4822500,2457500,,,Few old data,2269,FALSE,1062,FALSE,UNA
EFAS,11,02270,LOG CEZSOSKI,13.600000,46.320000,0,0.000000,0.000000,,,0,0,0,0,,,0,,,Isonzo,SI,300,325,Isonzo,,0,TRUE,0,1,0,0,0,0,,FALSE,4597500,2587500,24,,Provider upArea too small to be included in calibration,2270,FALSE,1062,FALSE,SOCA / INSONZO
EFAS,11,02271,SKOPJE,21.430000,41.980000,0,0.000000,0.000000,,,0,0,0,0,,,0,HIST_24h,,"Vardar (Axios), above Bregalnica",MK,4650,4650,Vardar,0,0,TRUE,0,1,0,0,0,0,,FALSE,5262500,2172500,,,few data,2271,FALSE,1062,FALSE,VARDAR
EFAS,11,02272,ALYASHIV,34.860000,32.400000,0,0.000000,0.000000,,,0,0,0,0,,,0,HIST_24h,,Alexander,IL,675,953,Alexander,0,0,TRUE,0,1,0,0,0,0,,FALSE,6647500,1427500,24,,Old data and not enough data after 1990,2272,FALSE,1062,FALSE,ALEXANDER
EFAS,11,02273,NEAR GEDERA,34.770000,31.790000,0,0.000000,0.000000,,,0,0,0,0,,,0,,,Lakhish,IL,575,492,Lakhish,,0,TRUE,0,1,0,0,0,0,,FALSE,6657500,1357500,24,,Provider upArea too small to be included in calibration,2273,FALSE,1062,FALSE,SOREQ
EFAS,11,02274,NEAR HATSERIM,34.760000,31.200000,0,0.000000,0.000000,,,0,0,0,0,,,0,HIST_24h,,Besor,IL,1275,1216,Besor,0,0,TRUE,0,1,0,0,0,0,,FALSE,6677500,1292500,24,,Not enough data in calibration period,2274,FALSE,1062,FALSE,BE'ER SHEVA
EFAS,11,02275,AGAN NAHARAYIM,35.580000,32.630000,0,0.000000,0.000000,,,0,0,0,0,,,0,,,Jordan / Dead Sea,JO,53050,-999,Jordan,,0,TRUE,0,1,0,0,0,0,,FALSE,6707500,1467500,24,,No discharge data available for calibration period,2275,FALSE,1062,FALSE,JORDAN RIVER
EFAS,11,02276,CAMOWEN TERRACE,-7.290000,54.610000,0,0.000000,0.000000,,,0,0,0,0,,,0,,,Foyle,UK,175,276.6,Foyle,,0,TRUE,0,1,0,0,0,0,,FALSE,3222500,3632500,24,,Provider upArea too small to be included in calibration,2276,FALSE,1062,FALSE,CAMOWEN
EFAS,11,02277,Burndennet,-7.416000,54.893000,0,0.000000,0.000000,,,0,0,0,0,,,0,,,Foyle,UK,175,148.3,Foyle,,0,TRUE,0,1,0,0,0,0,,FALSE,3217500,3667500,24,,Provider upArea too small to be included in calibration,2277,FALSE,1062,FALSE,BURN DENNET
EFAS,11,02278,Drumrainey Bridge,-7.683000,54.313000,0,0.000000,0.000000,,,0,0,0,0,,,0,,,Erne,UK,150,166.3,Erne,,0,TRUE,0,1,0,0,0,0,,FALSE,3182500,3607500,24,,Provider upArea too small to be included in calibration,2278,FALSE,1062,FALSE,SILLEES
EFAS,11,02279,Moyola New Bridge,-6.513000,54.757000,0,0.000000,0.000000,,,0,0,0,0,,,0,,,Bann,UK,275,304.3,Bann,,0,TRUE,0,1,0,0,0,0,,FALSE,3267500,3637500,24,,Provider upArea too small to be included in calibration,2279,FALSE,1062,FALSE,MOYOLA
EFAS,11,02280,Maydown Bridge,-6.734000,54.413000,0,0.000000,0.000000,,,0,0,0,0,,,0,HIST_24h,,Bann,UK,1000,970.2,Bann,3,0,TRUE,0,1,0,0,0,0,,TRUE,3242500,3602500,24,,,2280,FALSE,1062,FALSE,BLACKWATER (N. IRELAND)
EFAS,11,02281,Mountmill Bridge,-6.334000,54.220000,0,0.000000,0.000000,,,0,0,0,0,,,0,,,Newry Canal,UK,150,120.3,Newry Canal,,0,TRUE,0,1,0,0,0,0,,FALSE,3267500,3577500,24,,Provider upArea too small to be included in calibration,2281,FALSE,1062,FALSE,CLANRYE
EFAS,11,02282,Seneirl Bridge,-6.518000,55.168000,0,0.000000,0.000000,,,0,0,0,0,,,0,,,North Eastern,UK,325,299.2,Bush,,0,TRUE,0,1,0,0,0,0,,FALSE,3277500,3682500,24,,Provider upArea too small to be included in calibration,2282,FALSE,1062,FALSE,BUSH
EFAS,11,02283,Antrim,-6.221000,54.719000,0,0.000000,0.000000,,,0,0,0,0,,,0,,,Bann,UK,250,277.6,Bann,,0,TRUE,0,1,0,0,0,0,,FALSE,3287500,3627500,24,,Provider upArea too small to be included in calibration,2283,FALSE,1062,FALSE,SIX-MILE WATER
EFAS,11,02284,NEWFORGE,-5.900000,54.600000,0,0.000000,0.000000,,,0,0,0,0,,,0,,,Lagan BI,UK,675,491.6,Lagan BI,,0,TRUE,0,1,0,0,0,0,,FALSE,3302500,3612500,24,,Provider upArea too small to be included in calibration,2284,FALSE,1062,FALSE,LAGAN
EFAS,11,02285,Comber,-5.743000,54.558000,0,0.000000,0.000000,,,0,0,0,0,,,0,,,Lagan BI,UK,75,61.8,Enler,,0,TRUE,0,1,0,0,0,0,,FALSE,3312500,3607500,24,,Provider upArea too small to be included in calibration,2285,FALSE,1062,FALSE,ENLER
EFAS,11,02286,POOLEWE,-5.600000,57.760000,0,0.000000,0.000000,,,0,0,0,0,,,0,,,Scotland,UK,450,441.1,Ewe,,0,TRUE,0,1,0,0,0,0,,FALSE,3397500,3952500,24,,Provider upArea too small to be included in calibration,2286,FALSE,1062,FALSE,EWE
EFAS,11,02287,NEW KELSO,-5.430000,57.430000,0,0.000000,0.000000,,,0,0,0,0,,,0,,,Scotland,UK,125,137.8,Carron,,0,TRUE,0,1,0,0,0,0,,FALSE,3402500,3912500,24,,Provider upArea too small to be included in calibration,2287,FALSE,1062,FALSE,CARRON (N. SCOTLAND)
EFAS,11,02288,Shielfoot,-5.820000,56.765000,0,0.000000,0.000000,,,0,0,0,0,,,0,,,Scotland,UK,300,256,Shiel,,0,TRUE,0,1,0,0,0,0,,FALSE,3362500,3847500,24,,Provider upArea too small to be included in calibration,2288,FALSE,1062,FALSE,SHIEL
EFAS,11,02289,Claggan,-5.087000,56.821000,0,0.000000,0.000000,,,0,0,0,0,,,0,,,Lochy,UK,50,69.2,Lochy,,0,TRUE,0,1,0,0,0,0,,FALSE,3407500,3837500,24,,Provider upArea too small to be included in calibration,2289,FALSE,1062,FALSE,NEVIS
EFAS,11,02290,Glen Orchy,-4.857000,56.438000,0,0.000000,0.000000,,,0,0,0,0,,,0,,,Scotland,UK,275,251.2,Orchy,,0,TRUE,0,1,0,0,0,0,,FALSE,3412500,3797500,24,,Provider upArea too small to be included in calibration,2290,FALSE,1062,FALSE,ORCHY
EFAS,11,02291,Glen Falloch,-4.717000,56.340000,0,0.000000,0.000000,,,0,0,0,0,,,0,,,Leven,UK,50,80.3,Leven,,0,TRUE,0,1,0,0,0,0,,FALSE,3417500,3787500,24,,Provider upArea too small to be included in calibration,2291,FALSE,1062,FALSE,FALLOCH
EFAS,11,02292,Blairstone,-4.068000,55.797000,0,0.000000,0.000000,,,0,0,0,0,,,0,HIST_24h,,Clyde,UK,1725,1704.2,Clyde,3,0,TRUE,0,1,0,0,0,0,,TRUE,3447500,3717500,24,,,2292,FALSE,1062,FALSE,CLYDE (SCOTLAND)
EFAS,11,02293,Maidencots,-3.696000,55.515000,0,0.000000,0.000000,,,0,0,0,0,,,0,,,Clyde,UK,100,110.3,Clyde,,0,TRUE,0,1,0,0,0,0,,FALSE,3457500,3682500,24,,Provider upArea too small to be included in calibration,2293,FALSE,1062,FALSE,DUNEATON
EFAS,11,02294,Dalinlongart,-4.978000,55.996000,0,0.000000,0.000000,,,0,0,0,0,,,0,,,Scotland,UK,25,30.8,Little Eachaig,,0,TRUE,0,1,0,0,0,0,,FALSE,3392500,3747500,24,,Provider upArea too small to be included in calibration,2294,FALSE,1062,FALSE,LITTLE EACHAIG
EFAS,11,02295,Linnbrane,-4.575000,55.989000,0,0.000000,0.000000,,,0,0,0,0,,,0,HIST_24h,,Leven,UK,800,784.3,Leven,3,0,TRUE,0,1,0,0,0,0,,TRUE,3417500,3747500,24,,lake moved station downstream,2295,FALSE,1062,FALSE,LEVEN (SCOTLAND)
EFAS,11,02296,Shewalton,-4.627000,55.598000,0,0.000000,0.000000,,,0,0,0,0,,,0,,,R. Irvine,UK,325,380.7,Irvine,,0,TRUE,0,1,0,0,0,0,,FALSE,3407500,3702500,24,,Provider upArea too small to be included in calibration,2296,FALSE,1062,FALSE,IRVINE
EFAS,11,02297,Robstone,-4.806000,55.259000,0,0.000000,0.000000,,,0,0,0,0,,,0,,,Scotland,UK,275,245.5,Girvan,,0,TRUE,0,1,0,0,0,0,,FALSE,3387500,3667500,24,,Provider upArea too small to be included in calibration,2297,FALSE,1062,FALSE,GIRVAN
EFAS,11,02298,Airyhemming,-4.839000,54.901000,0,0.000000,0.000000,,,0,0,0,0,,,0,,,Solway Tweed,UK,150,171,Luce,,0,TRUE,0,1,0,0,0,0,,FALSE,3377500,3632500,24,,Provider upArea too small to be included in calibration,2298,FALSE,1062,FALSE,LUCE
EFAS,11,02299,Newton Stewart,-4.480000,54.957000,0,0.000000,0.000000,,,0,0,0,0,,,0,,,Solway Tweed,UK,400,368,Cree,,0,TRUE,0,1,0,0,0,0,,FALSE,3402500,3632500,24,,Provider upArea too small to be included in calibration,2299,FALSE,1062,FALSE,CREE (SCOTLAND)
EFAS,11,02300,Dalbeatie,-3.839000,54.930000,0,0.000000,0.000000,,,0,0,0,0,,,0,,,Solway Tweed,UK,175,199,Urr,,0,TRUE,0,1,0,0,0,0,,FALSE,3437500,3622500,24,,Provider upArea too small to be included in calibration,2300,FALSE,1062,FALSE,URR
EFAS,11,02301,Drumlanrig,-3.798000,55.275000,0,0.000000,0.000000,,,0,0,0,0,,,0,,,Nith,UK,525,471,Nith,,0,TRUE,0,1,0,0,0,0,,FALSE,3447500,3657500,24,,Provider upArea too small to be included in calibration,2301,FALSE,1062,FALSE,NITH (SCOTLAND)
EFAS,11,02302,Redhall,-3.449000,55.167000,0,0.000000,0.000000,,,0,0,0,0,,,0,,,R. Annan,UK,75,76.1,Annan,,0,TRUE,0,1,0,0,0,0,,FALSE,3467500,3647500,24,,Provider upArea too small to be included in calibration,2302,FALSE,1062,FALSE,KINNEL WATER
EFAS,11,02303,BALLINLUIG,-3.650000,56.630000,0,0.000000,0.000000,,,0,0,0,0,,,0,HIST_24h,,Tay,UK,3100,6190.82,Tay,0,0,TRUE,0,1,0,0,0,0,,FALSE,3487500,3797500,,,almost no data,2303,FALSE,1062,FALSE,Tay
EFAS,11,02304,PITLOCHRY,-3.720000,56.700000,0,0.000000,0.000000,,,0,0,0,0,,,0,HIST_24h,,Tay,UK,2850,6190.82,Tay,3,0,TRUE,0,1,0,0,0,0,,TRUE,3487500,3802500,24,,,2304,FALSE,1062,FALSE,Tummel
EFAS,11,02305,Comrie Bridge,-3.978000,56.614000,0,0.000000,0.000000,,,0,0,0,0,,,0,,,Tay,UK,375,391.1,Tay,,0,TRUE,0,1,0,0,0,0,,FALSE,3462500,3807500,24,,Provider upArea too small to be included in calibration,2305,FALSE,1062,FALSE,LYON
EFAS,11,02306,Logie Mill,-2.492000,56.767000,0,0.000000,0.000000,,,0,0,0,0,,,0,HIST_24h,,Scotland,UK,725,732,Scotland,3,0,TRUE,0,1,0,0,0,0,,TRUE,3557500,3802500,24,,,2306,FALSE,1062,FALSE,NORTH ESK (SCOTLAND)
EFAS,11,02307,Kemback,-2.946000,56.331000,0,0.000000,0.000000,,,0,0,0,0,,,0,,,R. Eden,UK,300,307.4,Eden,,0,TRUE,0,1,0,0,0,0,,FALSE,3522500,3762500,24,,Provider upArea too small to be included in calibration,2307,FALSE,1062,FALSE,EDEN (SCOTLAND)
EFAS,11,02308,Forteviot Bridge,-3.547000,56.347000,0,0.000000,0.000000,,,0,0,0,0,,,0,HIST_24h,,Tay,UK,800,782.2,Tay,3,0,TRUE,0,1,0,0,0,0,,TRUE,3487500,3772500,24,,,2308,FALSE,1062,FALSE,EARN
EFAS,11,02309,Cultybraggan,-4.001000,56.360000,0,0.000000,0.000000,,,0,0,0,0,,,0,,,Tay,UK,150,99.5,Tay,,0,TRUE,0,1,0,0,0,0,,FALSE,3462500,3777500,24,,Provider upArea too small to be included in calibration,2309,FALSE,1062,FALSE,RUCHILL WATER
EFAS,11,02310,Bridge Of Teith,-4.055000,56.185000,0,0.000000,0.000000,,,0,0,0,0,,,0,HIST_24h,,Teith,UK,525,517.7,Teith,3,0,TRUE,0,1,0,0,0,0,,TRUE,3447500,3767500,24,,lake,2310,FALSE,1062,FALSE,TEITH
EFAS,11,02311,Kinbuck,-3.949000,56.225000,0,0.000000,0.000000,,,0,0,0,0,,,0,,,Teith,UK,150,161,Teith,,0,TRUE,0,1,0,0,0,0,,FALSE,3462500,3762500,24,,Provider upArea too small to be included in calibration,2311,FALSE,1062,FALSE,ALLAN WATER
EFAS,11,02312,Balnaan Bridge,-3.698000,57.302000,0,0.000000,0.000000,,,0,0,0,0,,,0,,,Spey,UK,275,272.2,Spey,,0,TRUE,0,1,0,0,0,0,,FALSE,3497500,3877500,24,,Provider upArea too small to be included in calibration,2312,FALSE,1062,FALSE,DULNAIN
EFAS,11,02313,Headswood,-3.874000,56.017000,0,0.000000,0.000000,,,0,0,0,0,,,0,,,Scotland,UK,125,122.3,Carron,,0,TRUE,0,1,0,0,0,0,,FALSE,3462500,3742500,24,,Provider upArea too small to be included in calibration,2313,FALSE,1062,FALSE,CARRON (S. SCOTLAND)
EFAS,11,02314,Condorrat,-4.019000,55.929000,0,0.000000,0.000000,,,0,0,0,0,,,0,,,Clyde,UK,25,33.9,Clyde,,0,TRUE,0,1,0,0,0,0,,FALSE,3452500,3732500,24,,Provider upArea too small to be included in calibration,2314,FALSE,1062,FALSE,LUGGIE WATER
EFAS,11,02315,Craigiehall,-3.338000,55.963000,0,0.000000,0.000000,,,0,0,0,0,,,0,,,Scotland,UK,350,369,Almond,,0,TRUE,0,1,0,0,0,0,,FALSE,3492500,3727500,24,,Provider upArea too small to be included in calibration,2315,FALSE,1062,FALSE,ALMOND
EFAS,11,02316,Lennoxlove,-2.783000,55.936000,0,0.000000,0.000000,,,0,0,0,0,,,0,,,R. Tyne,UK,100,64,Tyne,,0,TRUE,0,1,0,0,0,0,,FALSE,3527500,3717500,24,,Provider upArea too small to be included in calibration,2316,FALSE,1062,FALSE,GIFFORD WATER
EFAS,11,02317,BOLESIDE,-2.800000,55.590000,0,0.000000,0.000000,,,0,0,0,0,,,0,HIST_24h,,Tweed,UK,1525,1500,Tweed,3,0,TRUE,0,1,0,0,0,0,,TRUE,3517500,3677500,24,,,2317,FALSE,1062,FALSE,TWEED (SCOTLAND)
EFAS,11,02318,DRYBURGH,-2.650000,55.580000,0,0.000000,0.000000,,,0,0,0,0,,,0,,,Tweed,UK,2150,4936.53,Tweed,,0,TRUE,0,1,0,0,0,0,,FALSE,3527500,3677500,,,Discharge data older than calibration period,2318,FALSE,1062,FALSE,Tweed
EFAS,11,02319,Lyne Station,-3.257000,55.648000,0,0.000000,0.000000,,,0,0,0,0,,,0,,,Tweed,UK,125,175,Tweed,,0,TRUE,0,1,0,0,0,0,,FALSE,3487500,3697500,24,,Provider upArea too small to be included in calibration,2319,FALSE,1062,FALSE,LYNE WATER
EFAS,11,02320,Hutton Castle,-2.190000,55.788000,0,0.000000,0.000000,,,0,0,0,0,,,0,HIST_24h,,Tweed,UK,525,503,Tweed,3,0,TRUE,0,1,0,0,0,0,,TRUE,3557500,3697500,24,,,2320,FALSE,1062,FALSE,WHITEADDER WATER
EFAS,11,02321,Invergairn,-3.067000,57.061000,0,0.000000,0.000000,,,0,0,0,0,,,0,,,Dee,UK,100,150,Dee,,0,TRUE,0,1,0,0,0,0,,FALSE,3527500,3852500,24,,Provider upArea too small to be included in calibration,2321,FALSE,1062,FALSE,GAIRN
EFAS,11,02322,PARK,-2.330000,57.080000,0,0.000000,0.000000,,,0,0,0,0,,,0,HIST_24h,,Dee,UK,1800,1844,Dee,3,0,TRUE,0,1,0,0,0,0,,TRUE,3577500,3837500,24,,,2322,FALSE,1062,FALSE,DEE (SCOTLAND)
EFAS,11,02323,Inverugie,-1.831000,57.527000,0,0.000000,0.000000,,,0,0,0,0,,,0,,,Scotland,UK,375,325,Ugie,,0,TRUE,0,1,0,0,0,0,,FALSE,3617500,3882500,24,,Provider upArea too small to be included in calibration,2323,FALSE,1062,FALSE,UGIE
EFAS,11,02324,Mill Of Tore,-4.575000,57.334000,0,0.000000,0.000000,,,0,0,0,0,,,0,,,Ness,UK,125,105.9,Ness,,0,TRUE,0,1,0,0,0,0,,FALSE,3447500,3892500,24,,Provider upArea too small to be included in calibration,2324,FALSE,1062,FALSE,ENRICK
EFAS,11,02325,Glenmeannie,-4.863000,57.533000,0,0.000000,0.000000,,,0,0,0,0,,,0,,,Orrin & Black Water,UK,150,120.5,Orrin & Black Water,,0,TRUE,0,1,0,0,0,0,,FALSE,3437500,3917500,24,,Provider upArea too small to be included in calibration,2325,FALSE,1062,FALSE,MEIG
EFAS,11,02326,ORMISTONE MILL,-2.470000,55.540000,0,0.000000,0.000000,,,0,0,0,0,,,0,HIST_24h,,Tweed,UK,1150,4936.53,Tweed,3,0,TRUE,0,1,0,0,0,0,,TRUE,3537500,3672500,24,,moved on affluent,2326,FALSE,1062,FALSE,Teviot
EFAS,11,02327,Jedburgh,-2.546000,55.485000,0,0.000000,0.000000,,,0,0,0,0,,,0,,,Tweed,UK,125,139,Tweed,,0,TRUE,0,1,0,0,0,0,,FALSE,3532500,3662500,24,,Provider upArea too small to be included in calibration,2327,FALSE,1062,FALSE,JED WATER
EFAS,11,02328,Hawick,-2.756000,55.435000,0,0.000000,0.000000,,,0,0,0,0,,,0,,,Tweed,UK,375,323,Tweed,,0,TRUE,0,1,0,0,0,0,,FALSE,3517500,3662500,24,,Provider upArea too small to be included in calibration,2328,FALSE,1062,FALSE,TEVIOT
EFAS,11,02329,Easter Turnaig,-4.700000,57.962000,0,0.000000,0.000000,,,0,0,0,0,,,0,,,Thurso,UK,325,330.7,Thurso,,0,TRUE,0,1,0,0,0,0,,FALSE,3457500,3962500,24,,Provider upArea too small to be included in calibration,2329,FALSE,1062,FALSE,OYKEL
EFAS,11,02330,Halladale,-3.902000,58.479000,0,0.000000,0.000000,,,0,0,0,0,,,0,,,Scotland,UK,225,204.6,Halladale,,0,TRUE,0,1,0,0,0,0,,FALSE,3512500,4007500,24,,Provider upArea too small to be included in calibration,2330,FALSE,1062,FALSE,HALLADALE
EFAS,11,02331,Little Assynt,-5.151000,58.175000,0,0.000000,0.000000,,,0,0,0,0,,,0,,,Scotland,UK,150,137.5,Inver,,0,TRUE,0,1,0,0,0,0,,FALSE,3437500,3992500,24,,Provider upArea too small to be included in calibration,2331,FALSE,1062,FALSE,INVER
EFAS,11,02332,Wilmslow,-2.225000,53.330000,0,0.000000,0.000000,,,0,0,0,0,,,0,,,Mersey,UK,75,72.5,Mersey,,0,TRUE,0,1,0,0,0,0,,FALSE,3512500,3422500,24,,Provider upArea too small to be included in calibration,2332,FALSE,1062,FALSE,BOLLIN
EFAS,11,02333,Ashbrook,-2.494000,53.166000,0,0.000000,0.000000,,,0,0,0,0,,,0,HIST_24h,,Weaver,UK,625,622,Weaver,3,0,TRUE,0,1,0,0,0,0,,TRUE,3487500,3412500,24,,,2333,FALSE,1062,FALSE,WEAVER
EFAS,11,02334,Marshfield Bridge,-2.487000,53.093000,0,0.000000,0.000000,,,0,0,0,0,,,0,,,Weaver,UK,125,92.7,Weaver,,0,TRUE,0,1,0,0,0,0,,FALSE,3482500,3397500,24,,Provider upArea too small to be included in calibration,2334,FALSE,1062,FALSE,WISTASTON BROOK
EFAS,11,02335,Featherstone,-2.512000,54.943000,0,0.000000,0.000000,,,0,0,0,0,,,0,,,Tyne,UK,350,321.9,Tyne,,0,TRUE,0,1,0,0,0,0,,FALSE,3522500,3607500,24,,Provider upArea too small to be included in calibration,2335,FALSE,1062,FALSE,SOUTH TYNE
EFAS,11,02336,Hartford Bridge,-1.619000,55.114000,0,0.000000,0.000000,,,0,0,0,0,,,0,,,Lower Tyne,UK,300,269.4,Lower Tyne,,0,TRUE,0,1,0,0,0,0,,FALSE,3582500,3617500,24,,Provider upArea too small to be included in calibration,2336,FALSE,1062,FALSE,BLYTH
EFAS,11,02337,Morwick,-1.631000,55.333000,0,0.000000,0.000000,,,0,0,0,0,,,0,HIST_24h,,Northumbria,UK,600,569.8,Northumbria,3,0,TRUE,0,1,0,0,0,0,,TRUE,3582500,3637500,24,,,2337,FALSE,1062,FALSE,COQUET
EFAS,11,02338,Rowanburnfoot,-2.916000,55.074000,0,0.000000,0.000000,,,0,0,0,0,,,0,,,Esk,UK,375,319,Esk,,0,TRUE,0,1,0,0,0,0,,FALSE,3502500,3627500,24,,Provider upArea too small to be included in calibration,2338,FALSE,1062,FALSE,LIDDEL WATER
EFAS,11,02339,Coalburn,-2.481000,55.093000,0,0.000000,0.000000,,,0,0,0,0,,,0,,,Tyne,UK,75,1.5,Tyne,,0,TRUE,0,1,0,0,0,0,,FALSE,3527500,3622500,24,,Provider upArea too small to be included in calibration,2339,FALSE,1062,FALSE,COAL BURN
EFAS,11,02340,Bullgill,-3.404000,54.732000,0,0.000000,0.000000,,,0,0,0,0,,,0,,,R. Derwent,UK,175,96,Ellen,,0,TRUE,0,1,0,0,0,0,,FALSE,3462500,3592500,24,,Provider upArea too small to be included in calibration,2340,FALSE,1062,FALSE,ELLEN
EFAS,11,02341,Camerton,-3.491000,54.660000,0,0.000000,0.000000,,,0,0,0,0,,,0,HIST_24h,,R. Derwent,UK,675,663,Derwent,3,0,TRUE,0,1,0,0,0,0,,TRUE,3457500,3587500,24,,,2341,FALSE,1062,FALSE,DERWENT (TRIB. IRISH SEA)
EFAS,11,02342,Southwaite Bridge,-3.347000,54.640000,0,0.000000,0.000000,,,0,0,0,0,,,0,,,R. Derwent,UK,175,116.6,Derwent,,0,TRUE,0,1,0,0,0,0,,FALSE,3462500,3582500,24,,Provider upArea too small to be included in calibration,2342,FALSE,1062,FALSE,COCKER
EFAS,11,02343,Newby Bridge Fms,-2.972000,54.268000,0,0.000000,0.000000,,,0,0,0,0,,,0,,,North West,UK,250,247,Leven,,0,TRUE,0,1,0,0,0,0,,FALSE,3482500,3537500,24,,Provider upArea too small to be included in calibration,2343,FALSE,1062,FALSE,LEVEN (TRIB. IRISH SEA)
EFAS,11,02344,Foston Mill,-0.333000,53.977000,0,0.000000,0.000000,,,0,0,0,0,,,0,,,R. Hull,UK,125,57.2,Hull,,0,TRUE,0,1,0,0,0,0,,FALSE,3647500,3477500,24,,Provider upArea too small to be included in calibration,2344,FALSE,1062,FALSE,FOSTON BECK
EFAS,11,02345,Boynton,-0.261000,54.092000,0,0.000000,0.000000,,,0,0,0,0,,,0,,,Humber,UK,225,240,Humber,,0,TRUE,0,1,0,0,0,0,,FALSE,3652500,3492500,24,,Provider upArea too small to be included in calibration,2345,FALSE,1062,FALSE,GYPSEY RACE
EFAS,11,02346,Buttercrambe,-0.884000,54.019000,0,0.000000,0.000000,,,0,0,0,0,,,0,HIST_24h,,Ouse,UK,1625,1586,Ouse,3,0,TRUE,0,1,0,0,0,0,,TRUE,3612500,3492500,24,,,2346,FALSE,1062,FALSE,DERWENT (TRIB. NORTH SEA)
EFAS,11,02347,Kirkby Mills,-0.918000,54.260000,0,0.000000,0.000000,,,0,0,0,0,,,0,,,Ouse,UK,100,59.2,Ouse,,0,TRUE,0,1,0,0,0,0,,FALSE,3612500,3517500,24,,Provider upArea too small to be included in calibration,2347,FALSE,1062,FALSE,DOVE (TRIB. NORTH SEA)
EFAS,11,02348,Kildwick Bridge,-1.980000,53.907000,0,0.000000,0.000000,,,0,0,0,0,,,0,,,Ouse,UK,325,282.3,Ouse,,0,TRUE,0,1,0,0,0,0,,FALSE,3537500,3487500,24,,Provider upArea too small to be included in calibration,2348,FALSE,1062,FALSE,AIRE
EFAS,11,02349,Galgate,-2.792000,53.992000,0,0.000000,0.000000,,,0,0,0,0,,,0,,,Lune,UK,50,28.5,Lune,,0,TRUE,0,1,0,0,0,0,,FALSE,3487500,3507500,24,,Provider upArea too small to be included in calibration,2349,FALSE,1062,FALSE,CONDER
EFAS,11,02350,U/S A6,-2.742000,53.858000,0,0.000000,0.000000,,,0,0,0,0,,,0,,,North West,UK,50,32,Brock,,0,TRUE,0,1,0,0,0,0,,FALSE,3487500,3487500,24,,Provider upArea too small to be included in calibration,2350,FALSE,1062,FALSE,BROCK
EFAS,11,02351,Sedgwick,-2.754000,54.280000,0,0.000000,0.000000,,,0,0,0,0,,,0,,,North West,UK,250,209,Kent,,0,TRUE,0,1,0,0,0,0,,FALSE,3497500,3537500,24,,Provider upArea too small to be included in calibration,2351,FALSE,1062,FALSE,KENT
EFAS,11,02352,SOUTH PARK,-1.560000,54.510000,0,0.000000,0.000000,,,0,0,0,0,,,0,HIST_24h,,R. Tees,UK,1350,1327.81,Tees,0,0,TRUE,0,1,0,0,0,0,,FALSE,3582500,3542500,24,,wrong location it is a small affluent,2352,FALSE,1062,FALSE,River Skerne
EFAS,11,02353,RUTHERFORD BRIDGE,-1.950000,54.500000,0,0.000000,0.000000,,,0,0,0,0,,,0,,,R. Tees,UK,100,86.1,Tees,,0,TRUE,0,1,0,0,0,0,,FALSE,3552500,3552500,24,,Provider upArea too small to be included in calibration,2353,FALSE,1062,FALSE,GRETA
EFAS,11,02354,ADDINGHAM,-1.860000,53.940000,0,0.000000,0.000000,,,0,0,0,0,,,0,HIST_24h,,Ouse,UK,600,11021.81,Ouse,2,0,TRUE,0,1,0,0,0,0,,FALSE,3547500,3477500,24,,Drainage area from provider is wrong  close to 2356,2354,FALSE,1062,FALSE,Wharfe
EFAS,11,02355,Low Houses,-2.257000,54.290000,0,0.000000,0.000000,,,0,0,0,0,,,0,,,Ouse,UK,25,10.2,Ouse,,0,TRUE,0,1,0,0,0,0,,FALSE,3527500,3532500,24,,Provider upArea too small to be included in calibration,2355,FALSE,1062,FALSE,SNAIZEHOLME BECK
EFAS,11,02356,FLINT MILL WEIR,-1.360000,53.920000,0,0.000000,0.000000,,,0,0,0,0,,,0,HIST_24h,,Ouse,UK,850,758.9,Ouse,3,0,TRUE,0,1,0,0,0,0,,TRUE,3572500,3482500,24,,,2356,FALSE,1062,FALSE,WHARFE
EFAS,11,02357,TADCASTER,-1.270000,53.880000,0,0.000000,0.000000,,,0,0,0,0,,,0,HIST_24h,,Ouse,UK,1100,11021.81,Ouse,2,0,TRUE,0,1,0,0,0,0,,FALSE,3587500,3472500,24,,It is on the affluent - Wrong location or wrong area from provider  close to 2356,2357,FALSE,1062,FALSE,Wharfe
EFAS,11,02358,WESTWICK LODGE,-1.460000,54.100000,0,0.000000,0.000000,,,0,0,0,0,,,0,HIST_24h,,Ouse,UK,875,914.6,Ouse,3,0,TRUE,0,1,0,0,0,0,,TRUE,3572500,3502500,24,,Moved West to avoid conflict in inflow point,2358,FALSE,1062,FALSE,URE
EFAS,11,02359,CRAKEHILL,-1.350000,54.150000,0,0.000000,0.000000,,,0,0,0,0,,,0,HIST_24h,,Ouse,UK,1425,1363,Ouse,3,0,TRUE,0,1,0,0,0,0,,TRUE,3582500,3507500,24,,,2359,FALSE,1062,FALSE,SWALE
EFAS,11,02360,Hunsingor Weir,-1.347000,53.971000,0,0.000000,0.000000,,,0,0,0,0,,,0,,,Ouse,UK,450,484.3,Ouse,,0,TRUE,0,1,0,0,0,0,,FALSE,3577500,3487500,24,,Provider upArea too small to be included in calibration,2360,FALSE,1062,FALSE,NIDD
EFAS,11,02361,Preston Le Skerne,-1.548000,54.608000,0,0.000000,0.000000,,,0,0,0,0,,,0,,,R. Tees,UK,225,147,Tees,,0,TRUE,0,1,0,0,0,0,,FALSE,3577500,3557500,24,,Provider upArea too small to be included in calibration,2361,FALSE,1062,FALSE,SKERNE
EFAS,11,02362,Broken Scar,-1.600000,54.518000,0,0.000000,0.000000,,,0,0,0,0,,,0,HIST_24h,,R. Tees,UK,850,818.4,Tees,3,0,TRUE,0,1,0,0,0,0,,TRUE,3567500,3552500,24,,,2362,FALSE,1062,FALSE,TEES
EFAS,11,02363,Mattersey,-0.962000,53.398000,0,0.000000,0.000000,,,0,0,0,0,,,0,HIST_24h,,Trent,UK,500,529,Trent,3,0,TRUE,0,1,0,0,0,0,,TRUE,3597500,3417500,24,,,2363,FALSE,1062,FALSE,IDLE
EFAS,11,02364,St. Marys Bridge,-1.472000,52.927000,0,0.000000,0.000000,,,0,0,0,0,,,0,HIST_24h,,Trent,UK,1100,1054,Trent,3,0,TRUE,0,1,0,0,0,0,,TRUE,3552500,3377500,24,,,2364,FALSE,1062,FALSE,DERWENT (TRIB. TRENT)
EFAS,11,02365,Marston On Dove,-1.651000,52.856000,0,0.000000,0.000000,,,0,0,0,0,,,0,HIST_24h,,Trent,UK,875,883.2,Trent,3,0,TRUE,0,1,0,0,0,0,,TRUE,3537500,3367500,24,,,2365,FALSE,1062,FALSE,DOVE (TRIB. TRENT)
EFAS,11,02366,Izaak Walton,-1.782000,53.055000,0,0.000000,0.000000,,,0,0,0,0,,,0,,,Trent,UK,275,83,Trent,,0,TRUE,0,1,0,0,0,0,,FALSE,3532500,3392500,24,,Provider upArea too small to be included in calibration,2366,FALSE,1062,FALSE,DOVE (TRIB. TRENT)
EFAS,11,02367,Polesworth,-1.611000,52.627000,0,0.000000,0.000000,,,0,0,0,0,,,0,,,Trent,UK,450,368,Trent,,0,TRUE,0,1,0,0,0,0,,FALSE,3537500,3342500,24,,Provider upArea too small to be included in calibration,2367,FALSE,1062,FALSE,ANKER
EFAS,11,02368,Calthorpe Park,-1.895000,52.460000,0,0.000000,0.000000,,,0,0,0,0,,,0,,,Trent,UK,100,74,Trent,,0,TRUE,0,1,0,0,0,0,,FALSE,3517500,3327500,24,,Provider upArea too small to be included in calibration,2368,FALSE,1062,FALSE,REA
EFAS,11,02369,Great Bridgford,-2.174000,52.840000,0,0.000000,0.000000,,,0,0,0,0,,,0,,,Trent,UK,175,163,Trent,,0,TRUE,0,1,0,0,0,0,,FALSE,3507500,3372500,24,,Provider upArea too small to be included in calibration,2369,FALSE,1062,FALSE,SOW
EFAS,11,02370,BURN HILL,-1.600000,54.740000,0,0.000000,0.000000,,,0,0,0,0,,,0,,,Wear,UK,200,178.5,Wear,,0,TRUE,0,1,0,0,0,0,,FALSE,3577500,3577500,24,,Provider upArea too small to be included in calibration,2370,FALSE,1062,FALSE,BROWNEY
EFAS,11,02371,BEDBURN,-1.820000,54.680000,0,0.000000,0.000000,,,0,0,0,0,,,0,,,Wear,UK,100,74.9,Wear,,0,TRUE,0,1,0,0,0,0,,FALSE,3557500,3572500,24,,Provider upArea too small to be included in calibration,2371,FALSE,1062,FALSE,BEDBURN BECK
EFAS,11,02372,Woodhouse Mill,-1.351000,53.366000,0,0.000000,0.000000,,,0,0,0,0,,,0,,,Ouse,UK,375,352.2,Ouse,,0,TRUE,0,1,0,0,0,0,,FALSE,3567500,3422500,24,,Provider upArea too small to be included in calibration,2372,FALSE,1062,FALSE,ROTHER (N. ENGLAND)
EFAS,11,02373,Sunderland Bridge,-1.590000,54.733000,0,0.000000,0.000000,,,0,0,0,0,,,0,HIST_24h,,Wear,UK,625,657.8,Wear,3,0,TRUE,0,1,0,0,0,0,,TRUE,3572500,3572500,24,,,2373,FALSE,1062,FALSE,WEAR
EFAS,11,02374,LOUTH,0.010000,53.370000,0,0.000000,0.000000,,,0,0,0,0,,,0,HIST_24h,,Humber,UK,125,489300,Humber,0,0,TRUE,0,1,0,0,0,0,,FALSE,3662500,3412500,24,,Drainage area from provider is wrong  small LDD uparea,2374,FALSE,1062,FALSE,DARLING RIVER
EFAS,11,02375,WHITE BRIDGE,-0.530000,52.580000,0,0.000000,0.000000,,,0,0,0,0,,,0,HIST_24h,,Nene,UK,125,3004.92,Nene,1,0,TRUE,0,1,0,0,0,0,,FALSE,3612500,3322500,24,,Wrong upstream area from provider  Data are for a small river,2375,FALSE,1062,FALSE,Welland
EFAS,11,02376,ABBEY HEATH,0.720000,52.430000,0,0.000000,0.000000,,,0,0,0,0,,,0,HIST_24h,,Great Ouse,UK,725,688.5,Great_Ouse,3,0,TRUE,0,1,0,0,0,0,,TRUE,3692500,3297500,24,,,2376,FALSE,1062,FALSE,LITTLE OUSE
EFAS,11,02377,HARROWDEN OLD MILL,-0.680000,52.330000,0,0.000000,0.000000,,,0,0,0,0,,,0,,,Nene,UK,225,194,Nene,,0,TRUE,0,1,0,0,0,0,,FALSE,3597500,3302500,24,,Provider upArea too small to be included in calibration,2377,FALSE,1062,FALSE,ISE BROOK
EFAS,11,02378,BEDFORD,-0.460000,52.130000,0,0.000000,0.000000,,,0,0,0,0,,,0,HIST_24h,,Great Ouse,UK,1475,1460,Great_Ouse,3,0,TRUE,0,1,0,0,0,0,,TRUE,3602500,3277500,24,,,2378,FALSE,1062,FALSE,BEDFORD OUSE
EFAS,11,02379,ROXTON,-0.300000,52.170000,0,0.000000,0.000000,,,0,0,0,0,,,0,HIST_24h,,Great Ouse,UK,1650,1660,Great_Ouse,2,0,TRUE,0,1,0,0,0,0,,FALSE,3612500,3277500,24,,close to 2378,2379,FALSE,1062,FALSE,BEDFORD OUSE
EFAS,11,02380,Old Mill Bridge,-0.555000,52.408000,0,0.000000,0.000000,,,0,0,0,0,,,0,,,Nene,UK,25,74.3,Nene,,0,TRUE,0,1,0,0,0,0,,FALSE,3602500,3307500,24,,Provider upArea too small to be included in calibration,2380,FALSE,1062,FALSE,HARPERS BROOK
EFAS,11,02381,Fosters Bridge,-0.580000,52.616000,0,0.000000,0.000000,,,0,0,0,0,,,0,,,Welland,UK,75,68.9,Welland,,0,TRUE,0,1,0,0,0,0,,FALSE,3607500,3332500,24,,Provider upArea too small to be included in calibration,2381,FALSE,1062,FALSE,CHATER
EFAS,11,02382,Kates Bridge And King Street Bridge,-0.362000,52.720000,0,0.000000,0.000000,,,0,0,0,0,,,0,,,Welland,UK,175,341.9,Welland,,0,TRUE,0,1,0,0,0,0,,FALSE,3622500,3342500,24,,Provider upArea too small to be included in calibration,2382,FALSE,1062,FALSE,GLEN
EFAS,11,02383,Partney Mill,0.098000,53.187000,0,0.000000,0.000000,,,0,0,0,0,,,0,,,Witham,UK,100,61.6,Witham,,0,TRUE,0,1,0,0,0,0,,FALSE,3662500,3387500,24,,Provider upArea too small to be included in calibration,2383,FALSE,1062,FALSE,LYMN
EFAS,11,02384,Goulceby Bridge,-0.130000,53.298000,0,0.000000,0.000000,,,0,0,0,0,,,0,,,Witham,UK,125,62.5,Witham,,0,TRUE,0,1,0,0,0,0,,FALSE,3647500,3402500,24,,Provider upArea too small to be included in calibration,2384,FALSE,1062,FALSE,BAIN
EFAS,11,02385,Claypole Mill,-0.745000,53.022000,0,0.000000,0.000000,,,0,0,0,0,,,0,,,Witham,UK,350,297.9,Witham,,0,TRUE,0,1,0,0,0,0,,FALSE,3602500,3377500,24,,Provider upArea too small to be included in calibration,2385,FALSE,1062,FALSE,WITHAM
EFAS,11,02386,Dernford,0.142000,52.134000,0,0.000000,0.000000,,,0,0,0,0,,,0,,,Great Ouse,UK,200,198,Great Ouse,,0,TRUE,0,1,0,0,0,0,,FALSE,3647500,3267500,24,,Provider upArea too small to be included in calibration,2386,FALSE,1062,FALSE,CAM
EFAS,11,02387,Meagre Farm,-0.308000,52.254000,0,0.000000,0.000000,,,0,0,0,0,,,0,,,Great Ouse,UK,200,137.5,Great Ouse,,0,TRUE,0,1,0,0,0,0,,FALSE,3617500,3287500,24,,Provider upArea too small to be included in calibration,2387,FALSE,1062,FALSE,KYM
EFAS,11,02388,Blunham,-0.315000,52.144000,0,0.000000,0.000000,,,0,0,0,0,,,0,HIST_24h,,Great Ouse,UK,500,541.3,Great_Ouse,3,0,TRUE,0,1,0,0,0,0,,TRUE,3617500,3272500,24,,,2388,FALSE,1062,FALSE,IVEL
EFAS,11,02389,SPRINGFIELD,0.480000,51.740000,0,0.000000,0.000000,,,0,0,0,0,,,0,,,Chelmer,UK,200,190.3,Chelmer,,0,TRUE,0,1,0,0,0,0,,FALSE,3667500,3227500,24,,Provider upArea too small to be included in calibration,2389,FALSE,1062,FALSE,CHELMER
EFAS,11,02390,RUSHES LOCK,0.600000,51.750000,0,0.000000,0.000000,,,0,0,0,0,,,0,HIST_24h,,Coastal zone,UK,1025,848692.88,Coastal_zone,0,0,TRUE,0,1,0,0,0,0,,FALSE,3677500,3222500,24,,Drainage area from provider is wrong  small affluent,2390,FALSE,1062,FALSE,Chelmer
EFAS,11,02391,LANGHAM,0.940000,51.970000,0,0.000000,0.000000,,,0,0,0,0,,,0,HIST_24h,,R. Stour,UK,625,578,Stour,3,0,TRUE,0,1,0,0,0,0,,TRUE,3697500,3247500,24,,,2391,FALSE,1062,FALSE,STOUR (E. ENGLAND)
EFAS,11,02392,Stowmarket,1.010000,52.180000,0,0.000000,0.000000,,,0,0,0,0,,,0,,,Anglian,UK,150,128.9,Anglian,,0,TRUE,0,1,0,0,0,0,,FALSE,3707500,3267500,24,,Provider upArea too small to be included in calibration,2392,FALSE,1062,FALSE,GIPPING
EFAS,11,02393,Ingworth,1.253000,52.819000,0,0.000000,0.000000,,,0,0,0,0,,,0,,,Yare,UK,175,164.7,Yare,,0,TRUE,0,1,0,0,0,0,,FALSE,3732500,3337500,24,,Provider upArea too small to be included in calibration,2393,FALSE,1062,FALSE,BURE
EFAS,11,02394,Castle Rising,0.492000,52.798000,0,0.000000,0.000000,,,0,0,0,0,,,0,,,Anglian,UK,100,47.7,Anglian,,0,TRUE,0,1,0,0,0,0,,FALSE,3682500,3342500,24,,Provider upArea too small to be included in calibration,2394,FALSE,1062,FALSE,BABINGLEY
EFAS,11,02395,NEEDHAM MILL,1.280000,52.380000,0,0.000000,0.000000,,,0,0,0,0,,,0,,,R. Waveney (upper),UK,375,370,Waveney,,0,TRUE,0,1,0,0,0,0,,FALSE,3727500,3287500,24,,Provider upArea too small to be included in calibration,2395,FALSE,1062,FALSE,WAVENEY
EFAS,11,02396,LEXDEN,0.850000,51.900000,0,0.000000,0.000000,,,0,0,0,0,,,0,,,Anglian,UK,275,238.2,Anglian,,0,TRUE,0,1,0,0,0,0,,FALSE,3692500,3237500,24,,Provider upArea too small to be included in calibration,2396,FALSE,1062,FALSE,COLNE
EFAS,11,02397,Budbridge,-1.249000,50.648000,0,0.000000,0.000000,,,0,0,0,0,,,0,,,South East,UK,75,22.5,Yar,,0,TRUE,0,1,0,0,0,0,,FALSE,3527500,3117500,24,,Provider upArea too small to be included in calibration,2397,FALSE,1062,FALSE,EASTERN YAR
EFAS,11,02398,AUSTINS BRIDGE,-3.760000,50.480000,0,0.000000,0.000000,,,0,0,0,0,,,0,,,R. Dart,UK,275,247.6,Dart,,0,TRUE,0,1,0,0,0,0,,FALSE,3352500,3132500,24,,Provider upArea too small to be included in calibration,2398,FALSE,1062,FALSE,DART
EFAS,11,02399,Bellever,-3.897000,50.581000,0,0.000000,0.000000,,,0,0,0,0,,,0,,,R. Dart,UK,25,21.5,Dart,,0,TRUE,0,1,0,0,0,0,,FALSE,3342500,3147500,24,,Provider upArea too small to be included in calibration,2399,FALSE,1062,FALSE,EAST DART
EFAS,11,02400,Tregony,-4.917000,50.265000,0,0.000000,0.000000,,,0,0,0,0,,,0,,,UK South West,UK,150,87,Fal,,0,TRUE,0,1,0,0,0,0,,FALSE,3267500,3127500,24,,Provider upArea too small to be included in calibration,2400,FALSE,1062,FALSE,FAL
EFAS,11,02401,Denby,-4.795000,50.479000,0,0.000000,0.000000,,,0,0,0,0,,,0,,,UK South West,UK,200,208.8,Camel,,0,TRUE,0,1,0,0,0,0,,FALSE,3282500,3147500,24,,Provider upArea too small to be included in calibration,2401,FALSE,1062,FALSE,CAMEL
EFAS,11,02402,Restormel,-4.678000,50.430000,0,0.000000,0.000000,,,0,0,0,0,,,0,,,UK South West,UK,175,169.1,Fowey,,0,TRUE,0,1,0,0,0,0,,FALSE,3287500,3132500,24,,Provider upArea too small to be included in calibration,2402,FALSE,1062,FALSE,FOWEY
EFAS,11,02403,Gunnislake,-4.221000,50.530000,0,0.000000,0.000000,,,0,0,0,0,,,0,HIST_24h,,R. Tamar,UK,925,916.9,Tamar,3,0,TRUE,0,1,0,0,0,0,,TRUE,3317500,3147500,24,,,2403,FALSE,1062,FALSE,TAMAR
EFAS,11,02404,Tinhay,-4.266000,50.647000,0,0.000000,0.000000,,,0,0,0,0,,,0,,,R. Tamar,UK,100,112.7,Tamar,,0,TRUE,0,1,0,0,0,0,,FALSE,3322500,3152500,24,,Provider upArea too small to be included in calibration,2404,FALSE,1062,FALSE,THRUSHEL
EFAS,11,02405,Torrington,-4.135000,50.946000,0,0.000000,0.000000,,,0,0,0,0,,,0,HIST_24h,,R. Torridge,UK,675,663,Torridge,3,0,TRUE,0,1,0,0,0,0,,TRUE,3332500,3192500,24,,,2405,FALSE,1062,FALSE,TORRIDGE
EFAS,11,02406,UMBERLEIGH,-3.980000,51.000000,0,0.000000,0.000000,,,0,0,0,0,,,0,HIST_24h,,Taw,UK,825,826.2,Taw,3,0,TRUE,0,1,0,0,0,0,,TRUE,3347500,3187500,24,,,2406,FALSE,1062,FALSE,TAW
EFAS,11,02407,Wood Mill,-3.391000,50.843000,0,0.000000,0.000000,,,0,0,0,0,,,0,,,Exe,UK,175,226.1,Exe,,0,TRUE,0,1,0,0,0,0,,FALSE,3387500,3172500,24,,Provider upArea too small to be included in calibration,2407,FALSE,1062,FALSE,CULM
EFAS,11,02408,Whitford,-3.046000,50.752000,0,0.000000,0.000000,,,0,0,0,0,,,0,,,UK South West,UK,300,288.5,Axe,,0,TRUE,0,1,0,0,0,0,,FALSE,3407500,3152500,24,,Provider upArea too small to be included in calibration,2408,FALSE,1062,FALSE,AXE
EFAS,11,02409,Dotton,-3.293000,50.688000,0,0.000000,0.000000,,,0,0,0,0,,,0,,,UK South West,UK,225,202.5,Otter,,0,TRUE,0,1,0,0,0,0,,FALSE,3387500,3152500,24,,Provider upArea too small to be included in calibration,2409,FALSE,1062,FALSE,OTTER
EFAS,11,02410,Bishops Hull,-3.132000,51.018000,0,0.000000,0.000000,,,0,0,0,0,,,0,,,Parrett,UK,350,202,Parrett,,0,TRUE,0,1,0,0,0,0,,FALSE,3407500,3182500,24,,Provider upArea too small to be included in calibration,2410,FALSE,1062,FALSE,TONE (S. ENGLAND)
EFAS,11,02411,Currypool Farm,-3.114000,51.137000,0,0.000000,0.000000,,,0,0,0,0,,,0,,,Parrett,UK,50,15.7,Parrett,,0,TRUE,0,1,0,0,0,0,,FALSE,3407500,3197500,24,,Provider upArea too small to be included in calibration,2411,FALSE,1062,FALSE,CURRYPOOL STREAM
EFAS,11,02412,Lovington,-2.585000,51.084000,0,0.000000,0.000000,,,0,0,0,0,,,0,,,Parrett,UK,200,135.2,Parrett,,0,TRUE,0,1,0,0,0,0,,FALSE,3442500,3182500,24,,Provider upArea too small to be included in calibration,2412,FALSE,1062,FALSE,BRUE
EFAS,11,02413,Broadwey,-2.473000,50.653000,0,0.000000,0.000000,,,0,0,0,0,,,0,,,UK South West,UK,25,7,Wey,,0,TRUE,0,1,0,0,0,0,,FALSE,3442500,3137500,24,,Provider upArea too small to be included in calibration,2413,FALSE,1062,FALSE,WEY
EFAS,11,02414,Baggs Mill,-2.123000,50.687000,0,0.000000,0.000000,,,0,0,0,0,,,0,,,UK South West,UK,150,183.1,Piddle,,0,TRUE,0,1,0,0,0,0,,FALSE,3467500,3137500,24,,Provider upArea too small to be included in calibration,2414,FALSE,1062,FALSE,PIDDLE
EFAS,11,02415,Shalford,-0.568000,51.220000,0,0.000000,0.000000,,,0,0,0,0,,,0,,,"Thames, above Lea",UK,50,59,Thames,,0,TRUE,0,1,0,0,0,0,,FALSE,3592500,3177500,24,,Provider upArea too small to be included in calibration,2415,FALSE,1062,FALSE,TILLINGBOURNE
EFAS,11,02416,Hedsor,-0.707000,51.572000,0,0.000000,0.000000,,,0,0,0,0,,,0,,,"Thames, above Lea",UK,125,137.3,Thames,,0,TRUE,0,1,0,0,0,0,,FALSE,3582500,3222500,24,,Provider upArea too small to be included in calibration,2416,FALSE,1062,FALSE,WYE (S. ENGLAND)
EFAS,11,02417,Hansteads,-0.334000,51.701000,0,0.000000,0.000000,,,0,0,0,0,,,0,,,"Thames, above Lea",UK,125,132,Thames,,0,TRUE,0,1,0,0,0,0,,FALSE,3607500,3232500,24,,Provider upArea too small to be included in calibration,2417,FALSE,1062,FALSE,VER
EFAS,11,02418,Swallowfield,-0.950000,51.377000,0,0.000000,0.000000,,,0,0,0,0,,,0,,,"Thames, above Lea",UK,500,354.8,Thames,,0,TRUE,0,1,0,0,0,0,,FALSE,3562500,3197500,24,,Provider upArea too small to be included in calibration,2418,FALSE,1062,FALSE,BLACKWATER (S. ENGLAND)
EFAS,11,02419,Ewelme,-1.073000,51.619000,0,0.000000,0.000000,,,0,0,0,0,,,0,,,"Thames, above Lea",UK,50,13.4,Thames,,0,TRUE,0,1,0,0,0,0,,FALSE,3557500,3227500,24,,Provider upArea too small to be included in calibration,2419,FALSE,1062,FALSE,EWELME BROOK
EFAS,11,02420,Enslow Mill,-1.300000,51.861000,0,0.000000,0.000000,,,0,0,0,0,,,0,HIST_24h,,"Thames, above Lea",UK,650,551.7,Thames,3,0,TRUE,0,1,0,0,0,0,,TRUE,3547500,3257500,24,,,2420,FALSE,1062,FALSE,CHERWELL
EFAS,11,02421,Theale,-1.066000,51.432000,0,0.000000,0.000000,,,0,0,0,0,,,0,HIST_24h,,"Thames, above Lea",UK,1125,1033.4,Thames,3,0,TRUE,0,1,0,0,0,0,,TRUE,3552500,3202500,24,,,2421,FALSE,1062,FALSE,KENNET
EFAS,11,02422,Shaw,-1.324000,51.410000,0,0.000000,0.000000,,,0,0,0,0,,,0,,,"Thames, above Lea",UK,275,234.1,Thames,,0,TRUE,0,1,0,0,0,0,,FALSE,3537500,3207500,24,,Provider upArea too small to be included in calibration,2422,FALSE,1062,FALSE,LAMBOURN
EFAS,11,02423,Bibury,-1.823000,51.754000,0,0.000000,0.000000,,,0,0,0,0,,,0,,,"Thames, above Lea",UK,125,106.7,Thames,,0,TRUE,0,1,0,0,0,0,,FALSE,3507500,3247500,24,,Provider upArea too small to be included in calibration,2423,FALSE,1062,FALSE,COLN
EFAS,11,02424,Princes Marsh,-0.899000,51.037000,0,0.000000,0.000000,,,0,0,0,0,,,0,,,Arun,UK,50,37.2,Arun,,0,TRUE,0,1,0,0,0,0,,FALSE,3562500,3162500,24,,Provider upArea too small to be included in calibration,2424,FALSE,1062,FALSE,ROTHER (S. ENGLAND)
EFAS,11,02425,Broadlands,-1.496000,50.968000,0,0.000000,0.000000,,,0,0,0,0,,,0,HIST_24h,,Test,UK,1050,1040,Test,3,0,TRUE,0,1,0,0,0,0,,TRUE,3517500,3162500,24,,,2425,FALSE,1062,FALSE,TEST
EFAS,11,02426,North Fareham,-1.166000,50.863000,0,0.000000,0.000000,,,0,0,0,0,,,0,,,South East,UK,125,111,Wallington,,0,TRUE,0,1,0,0,0,0,,FALSE,3537500,3142500,24,,Provider upArea too small to be included in calibration,2426,FALSE,1062,FALSE,WALLINGTON
EFAS,11,02427,Mislingford,-1.162000,50.923000,0,0.000000,0.000000,,,0,0,0,0,,,0,,,South East,UK,125,72.8,Meon,,0,TRUE,0,1,0,0,0,0,,FALSE,3537500,3147500,24,,Provider upArea too small to be included in calibration,2427,FALSE,1062,FALSE,MEON
EFAS,11,02428,HIGHBRIDGE-ALLBROOK,-1.330000,50.990000,0,0.000000,0.000000,,,0,0,0,0,,,0,HIST_24h,,Coastal zone,UK,500,848692.88,Coastal_zone,3,0,TRUE,0,1,0,0,0,0,,TRUE,3522500,3152500,24,,Drainage area from provider is wrong,2428,FALSE,1062,FALSE,Itchen
EFAS,11,02429,Isfield,0.077000,50.951000,0,0.000000,0.000000,,,0,0,0,0,,,0,,,R. Ouse,UK,75,87.8,Ouse,,0,TRUE,0,1,0,0,0,0,,FALSE,3627500,3142500,24,,Provider upArea too small to be included in calibration,2429,FALSE,1062,FALSE,UCK
EFAS,11,02430,Tilley Bridge,0.363000,50.891000,0,0.000000,0.000000,,,0,0,0,0,,,0,,,South East,UK,50,16.9,Nunningham,,0,TRUE,0,1,0,0,0,0,,FALSE,3647500,3132500,24,,Provider upArea too small to be included in calibration,2430,FALSE,1062,FALSE,NUNNINGHAM STREAM
EFAS,11,02431,EYNSHAM,-1.360000,51.770000,0,0.000000,0.000000,,,0,0,0,0,,,0,HIST_24h,,"Thames, above Lea",UK,1575,10515.18,Thames,3,0,TRUE,0,1,0,0,0,0,,TRUE,3542500,3242500,24,,Moved on affluent,2431,FALSE,1062,FALSE,Thames
EFAS,11,02432,KINGSTON,-0.800000,51.440000,0,0.000000,0.000000,,,0,0,0,0,,,0,HIST_24h,,"Thames, above Lea",UK,6475,9948,Thames,3,0,TRUE,0,1,0,0,0,0,,TRUE,3567500,3207500,24,,,2432,FALSE,1062,FALSE,THAMES
EFAS,11,02433,DAYS WEIR,-1.180000,51.640000,0,0.000000,0.000000,,,0,0,0,0,,,0,HIST_24h,,"Thames, above Lea",UK,3425,3444.7,Thames,3,0,TRUE,0,1,0,0,0,0,,TRUE,3547500,3227500,24,,,2433,FALSE,1062,FALSE,THAMES
EFAS,11,02434,Wilton,-1.860000,51.076000,0,0.000000,0.000000,,,0,0,0,0,,,0,,,Avon,UK,225,220.6,Avon,,0,TRUE,0,1,0,0,0,0,,FALSE,3492500,3172500,24,,Provider upArea too small to be included in calibration,2434,FALSE,1062,FALSE,NADDER
EFAS,11,02435,AMESBURY,-1.780000,51.170000,0,0.000000,0.000000,,,0,0,0,0,,,0,,,Avon,UK,300,323.7,Avon,,0,TRUE,0,1,0,0,0,0,,FALSE,3502500,3182500,24,,Provider upArea too small to be included in calibration,2435,FALSE,1062,FALSE,AVON (S. ENGLAND)
EFAS,11,02436,Upavon,-1.809000,51.302000,0,0.000000,0.000000,,,0,0,0,0,,,0,,,Avon,UK,75,85.7,Avon,,0,TRUE,0,1,0,0,0,0,,FALSE,3497500,3202500,24,,Provider upArea too small to be included in calibration,2436,FALSE,1062,FALSE,EAST AVON
EFAS,11,02437,PANSHANGER PARK,-0.140000,51.800000,0,0.000000,0.000000,,,0,0,0,0,,,0,,,River Lea,UK,150,133.9,Lea,,0,TRUE,0,1,0,0,0,0,,FALSE,3622500,3237500,24,,Provider upArea too small to be included in calibration,2437,FALSE,1062,FALSE,MIMRAM
EFAS,11,02438,Frenchay,-2.523000,51.492000,0,0.000000,0.000000,,,0,0,0,0,,,0,,,Avon,UK,200,148.9,Avon,,0,TRUE,0,1,0,0,0,0,,FALSE,3457500,3227500,24,,Provider upArea too small to be included in calibration,2438,FALSE,1062,FALSE,FROME (BRISTOL)
EFAS,11,02439,Bitton,-2.459000,51.426000,0,0.000000,0.000000,,,0,0,0,0,,,0,,,Avon,UK,50,47.9,Avon,,0,TRUE,0,1,0,0,0,0,,FALSE,3462500,3222500,24,,Provider upArea too small to be included in calibration,2439,FALSE,1062,FALSE,BOYD
EFAS,11,02440,HAWLEY,0.230000,51.420000,0,0.000000,0.000000,,,0,0,0,0,,,0,,,Thames,UK,250,191.4,Thames,,0,TRUE,0,1,0,0,0,0,,FALSE,3642500,3192500,24,,Provider upArea too small to be included in calibration,2440,FALSE,1062,FALSE,DARENT
EFAS,11,02441,Colindeep Lane,-0.243000,51.591000,0,0.000000,0.000000,,,0,0,0,0,,,0,,,"Thames, above Lea",UK,25,29,Thames,,0,TRUE,0,1,0,0,0,0,,FALSE,3612500,3217500,24,,Provider upArea too small to be included in calibration,2441,FALSE,1062,FALSE,SILK STREAM
EFAS,11,02442,Wimbledon Common,-0.251000,51.431000,0,0.000000,0.000000,,,0,0,0,0,,,0,,,"Thames, above Lea",UK,25,43.5,Thames,,0,TRUE,0,1,0,0,0,0,,FALSE,3612500,3197500,24,,Provider upArea too small to be included in calibration,2442,FALSE,1062,FALSE,BEVERLEY BROOK
EFAS,11,02443,Kinnersley Manor,-0.193000,51.201000,0,0.000000,0.000000,,,0,0,0,0,,,0,,,"Thames, above Lea",UK,175,142,Thames,,0,TRUE,0,1,0,0,0,0,,FALSE,3612500,3172500,24,,Provider upArea too small to be included in calibration,2443,FALSE,1062,FALSE,MOLE
EFAS,11,02444,Albany Park,-0.035000,51.668000,0,0.000000,0.000000,,,0,0,0,0,,,0,,,River Lea,UK,50,42.2,Lea,,0,TRUE,0,1,0,0,0,0,,FALSE,3627500,3222500,24,,Provider upArea too small to be included in calibration,2444,FALSE,1062,FALSE,TURKEY BROOK
EFAS,11,02445,Redbridge,0.042000,51.576000,0,0.000000,0.000000,,,0,0,0,0,,,0,,,Thames,UK,325,303.3,Thames,,0,TRUE,0,1,0,0,0,0,,FALSE,3632500,3207500,24,,Provider upArea too small to be included in calibration,2445,FALSE,1062,FALSE,RODING
EFAS,11,02446,STILE BRIDGE,0.520000,51.200000,0,0.000000,0.000000,,,0,0,0,0,,,0,,,Medway,UK,250,277.1,Medway,,0,TRUE,0,1,0,0,0,0,,FALSE,3662500,3162500,24,,Provider upArea too small to be included in calibration,2446,FALSE,1062,FALSE,BEULT
EFAS,11,02447,Teston,0.448000,51.250000,0,0.000000,0.000000,,,0,0,0,0,,,0,HIST_24h,,Medway,UK,1325,1256.1,Medway,3,0,TRUE,0,1,0,0,0,0,,TRUE,3652500,3172500,24,,,2447,FALSE,1062,FALSE,MEDWAY
EFAS,11,02448,Hendal Bridge,0.174000,51.109000,0,0.000000,0.000000,,,0,0,0,0,,,0,,,Medway,UK,75,53.7,Medway,,0,TRUE,0,1,0,0,0,0,,FALSE,3637500,3157500,24,,Provider upArea too small to be included in calibration,2448,FALSE,1062,FALSE,ERIDGE STREAM
EFAS,11,02449,HORTON,1.030000,51.260000,0,0.000000,0.000000,,,0,0,0,0,,,0,,,Great Stour,UK,400,345,Great Stour,,0,TRUE,0,1,0,0,0,0,,FALSE,3697500,3167500,24,,Provider upArea too small to be included in calibration,2449,FALSE,1062,FALSE,GREAT STOUR
EFAS,11,02450,MANLEY HALL,-2.960000,52.960000,0,0.000000,0.000000,,,0,0,0,0,,,0,HIST_24h,,R. Dee,UK,1075,1013.1,Dee,3,0,TRUE,0,1,0,0,0,0,,TRUE,3452500,3392500,24,,,2450,FALSE,1062,FALSE,DEE (WALES)
EFAS,11,02451,New Inn,-3.673000,52.863000,0,0.000000,0.000000,,,0,0,0,0,,,0,,,R. Dee,UK,150,53.9,Dee,,0,TRUE,0,1,0,0,0,0,,FALSE,3407500,3392500,24,,Provider upArea too small to be included in calibration,2451,FALSE,1062,FALSE,DEE (WALES)
EFAS,11,02452,Pont-Y-Capel,-2.991000,53.080000,0,0.000000,0.000000,,,0,0,0,0,,,0,,,R. Dee,UK,275,227.1,Dee,,0,TRUE,0,1,0,0,0,0,,FALSE,3457500,3407500,24,,Provider upArea too small to be included in calibration,2452,FALSE,1062,FALSE,ALYN
EFAS,11,02453,Pencaenewydd,-4.381000,52.937000,0,0.000000,0.000000,,,0,0,0,0,,,0,,,Western Wales,UK,75,18.1,Erch,,0,TRUE,0,1,0,0,0,0,,FALSE,3362500,3407500,24,,Provider upArea too small to be included in calibration,2453,FALSE,1062,FALSE,ERCH
EFAS,11,02454,Beddgelert,-4.099000,53.009000,0,0.000000,0.000000,,,0,0,0,0,,,0,,,Western Wales,UK,75,68.6,Glaslyn,,0,TRUE,0,1,0,0,0,0,,FALSE,3382500,3412500,24,,Provider upArea too small to be included in calibration,2454,FALSE,1062,FALSE,GLASLYN
EFAS,11,02455,Dyfi Bridge,-3.853000,52.600000,0,0.000000,0.000000,,,0,0,0,0,,,0,,,Afon Dyfi,UK,525,471.3,Afon Dyfi,,0,TRUE,0,1,0,0,0,0,,FALSE,3387500,3367500,24,,Provider upArea too small to be included in calibration,2455,FALSE,1062,FALSE,DYFI
EFAS,11,02456,Pont Llolwyn,-4.070000,52.376000,0,0.000000,0.000000,,,0,0,0,0,,,0,,,Western Wales,UK,175,169.6,Ystwyth,,0,TRUE,0,1,0,0,0,0,,FALSE,3367500,3342500,24,,Provider upArea too small to be included in calibration,2456,FALSE,1062,FALSE,YSTWYTH
EFAS,11,02457,Felin Mynachdy,-4.168000,51.881000,0,0.000000,0.000000,,,0,0,0,0,,,0,,,R. Towy,UK,400,297.8,Towy,,0,TRUE,0,1,0,0,0,0,,FALSE,3352500,3292500,24,,Provider upArea too small to be included in calibration,2457,FALSE,1062,FALSE,COTHI
EFAS,11,02458,Keepers Lodge,-3.556000,51.492000,0,0.000000,0.000000,,,0,0,0,0,,,0,,,Western Wales,UK,50,62.5,Ewenny,,0,TRUE,0,1,0,0,0,0,,FALSE,3387500,3242500,24,,Provider upArea too small to be included in calibration,2458,FALSE,1062,FALSE,EWENNY
EFAS,11,02459,Llanedeyrn,-3.117000,51.532000,0,0.000000,0.000000,,,0,0,0,0,,,0,,,Rhymney,UK,200,178.7,Rhymney,,0,TRUE,0,1,0,0,0,0,,FALSE,3417500,3237500,24,,Provider upArea too small to be included in calibration,2459,FALSE,1062,FALSE,RHYMNEY
EFAS,11,02460,Chain Bridge,-2.949000,51.745000,0,0.000000,0.000000,,,0,0,0,0,,,0,HIST_24h,,Usk,UK,900,911.7,Usk,3,0,TRUE,0,1,0,0,0,0,,TRUE,3427500,3267500,24,,,2460,FALSE,1062,FALSE,USK
EFAS,11,02461,Pontaryscir,-3.451000,51.963000,0,0.000000,0.000000,,,0,0,0,0,,,0,,,Usk,UK,50,62.8,Usk,,0,TRUE,0,1,0,0,0,0,,FALSE,3402500,3297500,24,,Provider upArea too small to be included in calibration,2461,FALSE,1062,FALSE,YSCIR
EFAS,11,02462,DDOL FARM,-3.500000,52.300000,0,0.000000,0.000000,,,0,0,0,0,,,0,,,Wye,UK,200,174,Wye,,0,TRUE,0,1,0,0,0,0,,FALSE,3407500,3327500,24,,Provider upArea too small to be included in calibration,2462,FALSE,1062,FALSE,WYE (WALES)
EFAS,11,02463,Cefn Brwyn,-3.723000,52.439000,0,0.000000,0.000000,,,0,0,0,0,,,0,,,Severn,UK,25,10.5,Severn,,0,TRUE,0,1,0,0,0,0,,FALSE,3392500,3347500,24,,Provider upArea too small to be included in calibration,2463,FALSE,1062,FALSE,WYE (WALES)
EFAS,11,02464,Yarkhill,-2.562000,52.082000,0,0.000000,0.000000,,,0,0,0,0,,,0,,,Severn,UK,200,144,Severn,,0,TRUE,0,1,0,0,0,0,,FALSE,3462500,3292500,24,,Provider upArea too small to be included in calibration,2464,FALSE,1062,FALSE,FROME
EFAS,11,02465,Byton,-2.932000,52.276000,0,0.000000,0.000000,,,0,0,0,0,,,0,,,Wye,UK,250,203.3,Severn,,0,TRUE,0,1,0,0,0,0,,FALSE,3442500,3317500,24,,Provider upArea too small to be included in calibration,2465,FALSE,1062,FALSE,LUGG
EFAS,11,02466,Pont-Y-Gwyddel,-3.570000,53.233000,0,0.000000,0.000000,,,0,0,0,0,,,0,,,Clwyd,UK,250,194,Clwyd,,0,TRUE,0,1,0,0,0,0,,FALSE,3422500,3432500,24,,Provider upArea too small to be included in calibration,2466,FALSE,1062,FALSE,ELWY
EFAS,11,02467,Plynlimon Flume,-3.689000,52.470000,0,0.000000,0.000000,,,0,0,0,0,,,0,,,Severn,UK,25,8.7,Severn,,0,TRUE,0,1,0,0,0,0,,FALSE,3397500,3347500,24,,Provider upArea too small to be included in calibration,2467,FALSE,1062,FALSE,SEVERN (CENTRAL ENGLAND)
EFAS,11,02468,ABERCYNON,-3.330000,51.650000,0,0.000000,0.000000,,,0,0,0,0,,,0,,,Taff,UK,75,106,Taff,,0,TRUE,0,1,0,0,0,0,,FALSE,3397500,3262500,24,,Provider upArea too small to be included in calibration,2468,FALSE,1062,FALSE,CYNON
EFAS,11,02469,Wedderburn Bridge,-2.324000,51.907000,0,0.000000,0.000000,,,0,0,0,0,,,0,,,Severn,UK,250,293,Severn,,0,TRUE,0,1,0,0,0,0,,FALSE,3477500,3272500,24,,Provider upArea too small to be included in calibration,2469,FALSE,1062,FALSE,LEADON
EFAS,11,02470,Braystones,-3.528000,54.440000,0,0.000000,0.000000,,,0,0,0,0,,,0,,,North West,UK,250,125.5,Ehen,,0,TRUE,0,1,0,0,0,0,,FALSE,3447500,3562500,24,,Provider upArea too small to be included in calibration,2470,FALSE,1062,FALSE,EHEN
EFAS,11,02471,BROOK DOWLES,-2.340000,52.380000,0,0.000000,0.000000,,,0,0,0,0,,,0,HIST_24h,,Severn,UK,4750,10492.17,Severn,0,0,TRUE,0,1,0,0,0,0,,FALSE,3487500,3312500,24,,wrong location it is on a small affluent,2471,FALSE,1062,FALSE,Severn
EFAS,11,02472,BURCOTE,-2.360000,52.550000,0,0.000000,0.000000,,,0,0,0,0,,,0,,,Severn,UK,250,258,Severn,,0,TRUE,0,1,0,0,0,0,,FALSE,3487500,3342500,24,,Provider upArea too small to be included in calibration,2472,FALSE,1062,FALSE,WORFE
EFAS,11,02473,YEATON,-2.840000,52.770000,0,0.000000,0.000000,,,0,0,0,0,,,0,,,Severn,UK,150,180.8,Severn,,0,TRUE,0,1,0,0,0,0,,FALSE,3457500,3372500,24,,Provider upArea too small to be included in calibration,2473,FALSE,1062,FALSE,PERRY
EFAS,11,02474,LLANYBLODWEL,-3.110000,52.790000,0,0.000000,0.000000,,,0,0,0,0,,,0,,,Severn,UK,225,229,Severn,,0,TRUE,0,1,0,0,0,0,,FALSE,3437500,3382500,24,,Provider upArea too small to be included in calibration,2474,FALSE,1062,FALSE,TANAT
EFAS,11,02475,RODINGTON,-2.610000,52.720000,0,0.000000,0.000000,,,0,0,0,0,,,0,,,Severn,UK,275,259,Severn,,0,TRUE,0,1,0,0,0,0,,FALSE,3472500,3367500,24,,Provider upArea too small to be included in calibration,2475,FALSE,1062,FALSE,RODEN
EFAS,11,02476,STARETON,-1.510000,52.340000,0,0.000000,0.000000,,,0,0,0,0,,,0,,,Severn,UK,300,347,Severn,,0,TRUE,0,1,0,0,0,0,,FALSE,3542500,3307500,24,,Provider upArea too small to be included in calibration,2476,FALSE,1062,FALSE,AVON (CENTRAL ENGLAND)
EFAS,11,02477,Hookagate,-2.790000,52.678000,0,0.000000,0.000000,,,0,0,0,0,,,0,,,Severn,UK,175,178,Severn,,0,TRUE,0,1,0,0,0,0,,FALSE,3457500,3362500,24,,Provider upArea too small to be included in calibration,2477,FALSE,1062,FALSE,REA BROOK
EFAS,11,02478,MERIC KOEP,26.410000,41.190000,0,0.000000,0.000000,,,0,0,0,0,,,0,,,"Evros, section Tundzha - Ergene",TR,100,27251,Evros,,0,TRUE,0,1,0,0,0,0,,FALSE,5692500,2157500,,,Discharge data older than calibration period,2478,FALSE,1062,FALSE,MARITSA
EFAS,11,02479,BABAESKI,27.090000,41.440000,0,0.000000,0.000000,,,0,0,0,0,,,0,,,Ergene,TR,475,478,Evros,,0,TRUE,0,1,0,0,0,0,,FALSE,5742500,2197500,,,Provider upArea too small to be included in calibration,2479,FALSE,1062,FALSE,SEYTAN DERESI
EFAS,11,02480,AKCASUSURLUK,28.430000,40.290000,0,0.000000,0.000000,,,0,0,0,0,,,0,,,Kocacay,TR,21725,21611,Kocacay,,0,TRUE,0,1,0,0,0,0,,FALSE,5877500,2102500,,,Discharge data older than calibration period,2480,FALSE,1062,FALSE,KOCASU
EFAS,11,02481,TUNCBILEK (KUECUEKILET),29.470000,39.620000,0,0.000000,0.000000,,,0,0,0,0,,,0,,,Kocacay,TR,1700,1622,Kocacay,,0,TRUE,0,1,0,0,0,0,,FALSE,5982500,2052500,,,Discharge data older than calibration period,2481,FALSE,1062,FALSE,ORHANELI CAYI
EFAS,11,02482,MANISA,27.430000,38.610000,0,0.000000,0.000000,,,0,0,0,0,,,0,,,Gediz,TR,15850,15616,Gediz,,0,TRUE,0,1,0,0,0,0,,FALSE,5832500,1907500,,,Discharge data older than calibration period,2482,FALSE,1062,FALSE,GEDIZ
EFAS,11,02483,SOEKE,27.410000,37.750000,0,0.000000,0.000000,,,0,0,0,0,,,0,,,Buyuk Menderes,TR,26475,23889,Buyuk Menderes,,0,TRUE,0,1,0,0,0,0,,FALSE,5857500,1807500,,,Discharge data older than calibration period,2483,FALSE,1062,FALSE,BUYUK MENDERES
EFAS,11,02484,KAYIRLI,28.120000,37.420000,0,0.000000,0.000000,,,0,0,0,0,,,0,,,Buyuk Menderes,TR,1175,948,Buyuk Menderes,,0,TRUE,0,1,0,0,0,0,,FALSE,5922500,1782500,,,Discharge data older than calibration period,2484,FALSE,1062,FALSE,CINE CAYI
EFAS,11,02485,MAHMUD SEVKET PASA,29.180000,41.150000,0,0.000000,0.000000,,,0,0,0,0,,,0,,,Black sea coastal and small river basins,TR,25,23.1,Yeniciftlik Deresi,,0,TRUE,0,1,0,0,0,0,,FALSE,5917500,2207500,,,Provider upArea too small to be included in calibration,2485,FALSE,1062,FALSE,YENICIFTLIK DERESI
EFAS,11,02486,BOTBASI,30.520000,40.970000,0,0.000000,0.000000,,,0,0,0,0,,,0,,,SAKARYA,TR,50,55322,Sakarya,,0,TRUE,0,1,0,0,0,0,,FALSE,6032500,2217500,,,Discharge data older than calibration period,2486,FALSE,1062,FALSE,SAKARYA NEHRI
EFAS,11,02487,DERECIKOEREN (DERECIKVIRAN),30.200000,40.300000,0,0.000000,0.000000,,,0,0,0,0,,,0,,,SAKARYA,TR,950,13300,Sakarya,,0,TRUE,0,1,0,0,0,0,,FALSE,6022500,2142500,,,Discharge data older than calibration period,2487,FALSE,1062,FALSE,FILYOS CAYI
EFAS,11,02488,KALEBOGAZI,34.750000,39.500000,0,0.000000,0.000000,,,0,0,0,0,,,0,,,KIZILIRMAK,TR,3975,2918,Kizilirmak,,0,TRUE,0,1,0,0,0,0,,FALSE,6422500,2172500,,,Discharge data older than calibration period,2488,FALSE,1062,FALSE,KANAK CAYI
EFAS,11,02489,INOEZUEKOSACA,35.830000,41.360000,0,0.000000,0.000000,,,0,0,0,0,,,0,,,KIZILIRMAK,TR,80000,75121,Kizilirmak,,0,TRUE,0,1,0,0,0,0,,FALSE,6442500,2397500,,,Discharge data older than calibration period,2489,FALSE,1062,FALSE,KIZILIRMAK
EFAS,11,02490,CARSAMBA,36.720000,41.190000,0,0.000000,0.000000,,,0,0,0,0,,,0,,,Yesil,TR,36025,35958,Yesil,,0,TRUE,0,1,0,0,0,0,,FALSE,6517500,2407500,,,Discharge data older than calibration period,2490,FALSE,1062,FALSE,YESILIRMAK
EFAS,11,02491,SIMSIRLI,39.710000,40.780000,0,0.000000,0.000000,,,0,0,0,0,,,0,,,Black sea coastal and small river basins,TR,1025,855,Iyidere,,0,TRUE,0,1,0,0,0,0,,FALSE,6762500,2472500,,,Discharge data older than calibration period,2491,FALSE,1062,FALSE,IYIDERE
EFAS,11,02492,KARSIKOEY,41.710000,41.450000,0,0.000000,0.000000,,,0,0,0,0,,,0,,,Coruh,TR,19950,19654,Coruh,,0,TRUE,0,1,0,0,0,0,,FALSE,6892500,2592500,,,Discharge data older than calibration period,2492,FALSE,1062,FALSE,CORUHSUYU
EFAS,11,02493,SOEYLEMEZ (MESCITLI),41.800000,39.760000,0,0.000000,0.000000,,,0,0,0,0,,,0,,,KURA,TR,2550,2549,Kura,,0,TRUE,0,1,0,0,0,0,,FALSE,6972500,2422500,,,Discharge data older than calibration period,2493,FALSE,1062,FALSE,ARAS RIVER
EFAS,11,02494,BESKONAK,31.190000,37.140000,0,0.000000,0.000000,,,0,0,0,0,,,0,,,Eastern Mediterranean coastal catchments and smal*,TR,1950,1942,Koeprue,,0,TRUE,0,1,0,0,0,0,,FALSE,6192500,1822500,,,Discharge data older than calibration period,2494,FALSE,1062,FALSE,KOEPRUE
EFAS,11,02495,KIRKYALAN,33.330000,36.560000,0,0.000000,0.000000,,,0,0,0,0,,,0,,,Goksu (southern branch),TR,4075,3500,Goksu,,0,TRUE,0,1,0,0,0,0,,FALSE,6392500,1817500,,,Discharge data older than calibration period,2495,FALSE,1062,FALSE,ERMENEK CAYIR
EFAS,11,02496,KARAHACILI,33.830000,36.410000,0,0.000000,0.000000,,,0,0,0,0,,,0,,,Goksu (southern branch),TR,11150,10044,Goksu,,0,TRUE,0,1,0,0,0,0,,FALSE,6437500,1812500,,,Discharge data older than calibration period,2496,FALSE,1062,FALSE,GOEKSU NEHRI
EFAS,11,02497,YAKAPINAR (MISIS),35.600000,36.950000,0,0.000000,0.000000,,,0,0,0,0,,,0,,,Ceyhan,TR,11275,20466,Ceyhan,,0,TRUE,0,1,0,0,0,0,,FALSE,6572500,1922500,,,Discharge data older than calibration period,2497,FALSE,1062,FALSE,CEYHAN NEHRI
EFAS,11,02498,HIMMETLI,36.080000,37.900000,0,0.000000,0.000000,,,0,0,0,0,,,0,,,Ceyhan,TR,2475,2597,Ceyhan,,0,TRUE,0,1,0,0,0,0,,FALSE,6582500,2032500,,,Discharge data older than calibration period,2498,FALSE,1062,FALSE,GOEKSUN (TRIB. SEYHAN)
EFAS,11,02499,TANIR,36.910000,38.410000,0,0.000000,0.000000,,,0,0,0,0,,,0,,,Orontes,TR,975,915,Orontes,,0,TRUE,0,1,0,0,0,0,,FALSE,6632500,2117500,,,Discharge data older than calibration period,2499,FALSE,1062,FALSE,HURMAN
EFAS,11,02500,DEMIRKOEPRUE,36.300000,36.280000,0,0.000000,0.000000,,,0,0,0,0,,,0,,,Orontes,TR,56275,16170,Orontes,,0,TRUE,0,1,0,0,0,0,,FALSE,6652500,1872500,,,Discharge data older than calibration period,2500,FALSE,1062,FALSE,ASI NEHRI
EFAS,11,02501,KEBAN,38.730000,38.790000,0,0.000000,0.000000,,,0,0,0,0,,,0,,,TIGRIS & EUPHRATES,TR,63350,63835,TIGRIS & EUPHRATES,,0,TRUE,0,1,0,0,0,0,,FALSE,6767500,2212500,,,Discharge data older than calibration period,2501,FALSE,1062,FALSE,EUPHRATES
EFAS,11,02502,BAGISTAS,38.480000,39.450000,0,0.000000,0.000000,,,0,0,0,0,,,0,,,TIGRIS & EUPHRATES,TR,15275,15562,TIGRIS & EUPHRATES,,0,TRUE,0,1,0,0,0,0,,FALSE,6722500,2277500,,,Discharge data older than calibration period,2502,FALSE,1062,FALSE,EUPHRATES
EFAS,11,02503,PALU,39.920000,38.690000,0,0.000000,0.000000,,,0,0,0,0,,,0,,,TIGRIS & EUPHRATES,TR,25375,25447,TIGRIS & EUPHRATES,,0,TRUE,0,1,0,0,0,0,,FALSE,6867500,2242500,,,Discharge data older than calibration period,2503,FALSE,1062,FALSE,MURAT NEHRI
EFAS,11,02504,ASAGI KAGDARIC,40.760000,39.950000,0,0.000000,0.000000,,,0,0,0,0,,,0,,,TIGRIS & EUPHRATES,TR,2825,2886,TIGRIS & EUPHRATES,,0,TRUE,0,1,0,0,0,0,,FALSE,6882500,2402500,,,Discharge data older than calibration period,2504,FALSE,1062,FALSE,KARASU CAYI
EFAS,11,02505,BESIRI,41.290000,37.910000,0,0.000000,0.000000,,,0,0,0,0,,,0,,,TIGRIS & EUPHRATES,TR,2500,2450,TIGRIS & EUPHRATES,,0,TRUE,0,1,0,0,0,0,,FALSE,7007500,2212500,,,Discharge data older than calibration period,2505,FALSE,1062,FALSE,YANARSU CAYI
EFAS,11,02506,KARPELV,30.670000,69.670000,0,0.000000,0.000000,,,0,0,0,0,,,0,,,Finnmark,NO,75,124,Finnmark,,0,TRUE,0,1,0,0,0,0,,FALSE,5117500,5302500,24,,Provider upArea too small to be included in calibration,2506,FALSE,1062,FALSE,KARPELV
EFAS,11,02507,ENGESETVATN,6.620000,62.530000,0,0.000000,0.000000,,,0,0,0,0,,,0,,,Moere and Romsdal,NO,75,41.7,Moere and Romsdal,,0,TRUE,0,1,0,0,0,0,,FALSE,4147500,4387500,24,,Provider upArea too small to be included in calibration,2507,FALSE,1062,FALSE,ENGESETELV
EFAS,11,02508,HOGGAS BRU,11.320000,63.490000,0,0.000000,0.000000,,,0,0,0,0,,,0,,,Stjordalselva,NO,450,491,Stjordal,,0,TRUE,0,1,0,0,0,0,,FALSE,4392500,4487500,24,,Provider upArea too small to be included in calibration,2508,FALSE,1062,FALSE,STJORDALSELVA
EFAS,11,02509,KRINSVATN,10.230000,63.790000,0,0.000000,0.000000,,,0,0,0,0,,,0,,,Nordelva,NO,150,205,Nordelva,,0,TRUE,0,1,0,0,0,0,,FALSE,4337500,4522500,24,,Provider upArea too small to be included in calibration,2509,FALSE,1062,FALSE,NORDELVA
EFAS,11,02510,HOLEN,6.740000,60.380000,0,0.000000,0.000000,,,0,0,0,0,,,0,,,West,NO,325,229,Kinso,,0,TRUE,0,1,0,0,0,0,,FALSE,4137500,4147500,24,,Provider upArea too small to be included in calibration,2510,FALSE,1062,FALSE,KINSO
EFAS,11,02511,ROYKENES,5.430000,60.250000,0,0.000000,0.000000,,,0,0,0,0,,,0,,,Oselva,NO,50,50,Oselva,,0,TRUE,0,1,0,0,0,0,,FALSE,4072500,4142500,24,,Provider upArea too small to be included in calibration,2511,FALSE,1062,FALSE,OSELV
EFAS,11,02512,NAUSTA,5.390000,61.250000,0,0.000000,0.000000,,,0,0,0,0,,,0,,,Guddals,NO,300,220,Guddals,,0,TRUE,0,1,0,0,0,0,,FALSE,4072500,4252500,24,,Provider upArea too small to be included in calibration,2512,FALSE,1062,FALSE,NAUSTA
EFAS,11,02513,HORNINDALSVATN,6.090000,61.920000,0,0.000000,0.000000,,,0,0,0,0,,,0,,,West,NO,425,378,West,,0,TRUE,0,1,0,0,0,0,,FALSE,4112500,4317500,24,,Provider upArea too small to be included in calibration,2513,FALSE,1062,FALSE,EIDSELV
EFAS,11,02514,TINGVATN,7.230000,58.400000,0,0.000000,0.000000,,,0,0,0,0,,,0,,,Lygna,NO,300,266,Lygna,,0,TRUE,0,1,0,0,0,0,,FALSE,4157500,3927500,24,,Provider upArea too small to be included in calibration,2514,FALSE,1062,FALSE,LYGNA
EFAS,11,02515,HOGFOSS,10.770000,59.550000,0,0.000000,0.000000,,,0,0,0,0,,,0,,,Glomma,NO,150,297,Glomma,,0,TRUE,0,1,0,0,0,0,,FALSE,4362500,4047500,24,,Provider upArea too small to be included in calibration,2515,FALSE,1062,FALSE,HOBOLELV
EFAS,11,02516,SOLBERGFOSS,11.150000,59.630000,0,0.000000,0.000000,,,0,0,0,0,,,0,HIST_24h,,Glomma,NO,40450,40540,Glomma,2,0,TRUE,0,1,0,0,0,0,,FALSE,4382500,4057500,24,,same location and data as 1981  use 1981,2516,FALSE,1062,FALSE,GLAMA
EFAS,11,02517,HAGA BRU,10.170000,63.040000,0,0.000000,0.000000,,,0,0,0,0,,,0,HIST_24h,,Gauldalen,NO,3150,3062,Gaula,2,0,TRUE,0,1,0,0,0,0,,FALSE,4332500,4442500,24,,close to 1099,2517,FALSE,1062,FALSE,GAULA
EFAS,11,02518,SELBUSJO,11.060000,63.270000,0,0.000000,0.000000,,,0,0,0,0,,,0,,,Nea,NO,175,-999,Nea,,0,TRUE,0,1,0,0,0,0,,FALSE,4382500,4462500,,,No discharge data available for calibration period,2518,FALSE,1062,FALSE,NEA
EFAS,11,02519,OEYUNGEN,11.080000,64.250000,0,0.000000,0.000000,,,0,0,0,0,,,0,,,Argards,NO,200,237,Argards,,0,TRUE,0,1,0,0,0,0,,FALSE,4372500,4567500,24,,Provider upArea too small to be included in calibration,2519,FALSE,1062,FALSE,ARGARDSELV
EFAS,11,02520,UNKERVATN,14.220000,65.500000,0,0.000000,0.000000,,,0,0,0,0,,,0,HIST_24h,,Vefsna,NO,725,756,Vefsna,0,0,TRUE,0,1,0,0,0,0,,FALSE,4512500,4717500,,,few old data,2520,FALSE,1062,FALSE,VEFSNA
EFAS,11,02521,KOBBVATN,16.000000,67.600000,0,0.000000,0.000000,,,0,0,0,0,,,0,,,Nordland,NO,400,386,Nordland,,0,TRUE,0,1,0,0,0,0,,FALSE,4577500,4952500,24,,Provider upArea too small to be included in calibration,2521,FALSE,1062,FALSE,KOBBELV
EFAS,11,02522,Bayelva (Svalbard),11.837500,78.934400,0,0.000000,0.000000,,,0,0,0,0,,,0,,,,NO,,31,BAYELVA,,1,FALSE,0,1,0,0,0,0,,FALSE,4362500,5497500,,,Out of XDOM  Provider upArea too small to be included in calibration,2522,FALSE,1062,FALSE,BAYELVA
EFAS,11,02523,De Geerdalen (Svalbard),16.286500,78.335200,0,0.000000,0.000000,,,0,0,0,0,,,0,,,,NO,,79,DE GEERELVA,,1,FALSE,0,1,0,0,0,0,,FALSE,4467500,5497500,,,Out of XDOM  Provider upArea too small to be included in calibration,2523,FALSE,1062,FALSE,DE GEERELVA
EFAS,11,02524,MEVATN,17.780000,69.230000,0,0.000000,0.000000,,,0,0,0,0,,,0,,,Troms,NO,175,178,Troms,,0,TRUE,0,1,0,0,0,0,,FALSE,4632500,5137500,24,,Provider upArea too small to be included in calibration,2524,FALSE,1062,FALSE,"LAKSELVA (NO, TROMS)"
EFAS,11,02525,SKOGANVARRE,25.030000,69.500000,0,0.000000,0.000000,,,0,0,0,0,,,0,HIST_24h,,Tana,NO,175,941,Tana,0,0,TRUE,0,1,0,0,0,0,,FALSE,4917500,5217500,24,,Wrong location? Wrong area?,2525,FALSE,1062,FALSE,"LAKSELVA (NO, FINNMARK)"
EFAS,11,02526,ORSOVA (1971:DROBATA-TURNU SEVERIN),22.420000,44.700000,0,0.000000,0.000000,,,0,0,0,0,,,0,HIST_24h,,"Danube, Velika Morava - Timok",RS,569700,576232,Danube,0,0,TRUE,0,1,0,0,0,0,,FALSE,5307500,2482500,,,few data,2526,FALSE,1062,FALSE,DANUBE RIVER
EFAS,11,02527,HIRSOVA,27.940000,44.680000,0,0.000000,0.000000,,,0,0,0,0,,,0,HIST_24h,,"Danube, section Arges - Ialom",RO,686920,15995.12,Danube,1,0,TRUE,0,1,0,0,0,0,,FALSE,5732500,2562500,24,,moved on danube main stream  there is a big jump in data  I think they moved the station to the affluent at one point,2527,FALSE,1062,FALSE,Danube
EFAS,11,02528,NEW JERASH BRIDGE,35.870000,32.200000,0,0.000000,0.000000,,,0,0,0,0,,,0,,,Jordan / Dead Sea,JO,3975,-999,Jordan,,0,TRUE,0,1,0,0,0,0,,FALSE,6742500,1427500,,,Discharge data older than calibration period,2528,FALSE,1062,FALSE,NAHR AZ ZARQA
EFAS,11,02529,UTSJOKI,27.020000,69.920000,0,0.000000,0.000000,,,0,0,0,0,,,0,HIST_24h,,Tana,NO,12375,16054.97,Tana,0,0,TRUE,0,1,0,0,0,0,,FALSE,4977500,5282500,24,,few old data  use 139,2529,FALSE,1062,FALSE,Tenojoki
EFAS,11,02530,ETTELBRUCK,6.170000,49.830000,0,0.000000,0.000000,,,0,0,0,0,,,0,,,Sauer,LU,2125,1072,Rhine,,1,FALSE,0,1,0,0,0,0,,FALSE,4047500,2977500,,,DO NOT USE  replace with 4358 Discharge data older than calibration period,2530,FALSE,1062,FALSE,ALZETTE
EFAS,11,02531,ESCH (FRONTIERE),5.980000,49.490000,0,0.000000,0.000000,,,0,0,0,0,,,0,,,Sauer,LU,25,21.4,Rhine,,0,TRUE,0,1,0,0,0,0,,FALSE,4027500,2937500,,,Provider upArea too small to be included in calibration,2531,FALSE,1062,FALSE,ALZETTE
EFAS,11,02532,NOVO SELO,22.820000,44.160000,0,0.000000,0.000000,,,0,0,0,0,,,0,HIST_24h,,"Danube, section Timok - Jiu",RO,577398,584900,Danube,3,0,TRUE,0,1,0,0,0,0,,TRUE,5347500,2422500,24,,,2532,FALSE,1062,FALSE,DANUBE RIVER
EFAS,11,02533,SVISTOV,25.350000,43.630000,0,0.000000,0.000000,,,0,0,0,0,,,0,HIST_24h,,"Danube, section Olt - Yantra",BG,643648,658340,Danube,0,0,TRUE,0,1,0,0,0,0,,FALSE,5552500,2407500,24,,Same as 803 less data  use 807,2533,FALSE,1062,FALSE,DANUBE RIVER
EFAS,11,02534,RUSE,25.950000,43.860000,0,0.000000,0.000000,,,0,0,0,0,,,0,HIST_24h,,"Danube, section Lom - Arges",RO,661420,669900,Danube,3,0,TRUE,0,1,0,0,0,0,,TRUE,5597500,2447500,24,,,2534,FALSE,1062,FALSE,DANUBE RIVER
EFAS,11,02535,SILISTRA,27.260000,44.130000,0,0.000000,0.000000,,,0,0,0,0,,,0,HIST_24h,,"Danube, section Arges - Ialom",RO,682920,689700,Danube,3,0,TRUE,0,1,0,0,0,0,,TRUE,5697500,2497500,24,,,2535,FALSE,1062,FALSE,DANUBE RIVER
EFAS,11,02536,KALSINKOSI,22.120000,61.350000,0,0.000000,0.000000,,,0,0,0,0,,,0,HIST_24h,,"Kokemaenjoki, below Vanajanselka catchment",FI,26275,26025,Kokem,0,0,TRUE,0,1,0,0,0,0,,FALSE,4972500,4302500,24,,few old data,2536,FALSE,1062,FALSE,KOKEMAENJOKI
EFAS,11,02537,ETELAJ-POHJAJ-LANKOSKI,21.730000,61.670000,0,0.000000,0.000000,,,0,0,0,0,,,0,HIST_24h,,Coastal zone,FI,175,848692.88,Coastal_zone,0,0,TRUE,0,1,0,0,0,0,,FALSE,4937500,4332500,24,,Wrong upstream area from provider  small LDD uparea,2537,FALSE,1062,FALSE,Pohjajoki
EFAS,11,02538,TUNKKARI,23.750000,63.480000,0,0.000000,0.000000,,,0,0,0,0,,,0,HIST_24h,,Perhonjoki,FI,1400,1416,Perhonjoki,3,0,TRUE,0,1,0,0,0,0,,TRUE,5002500,4557500,24,,,2538,FALSE,1062,FALSE,PERHONJOKI
EFAS,11,02539,LAKE LESTIJARVI OUTLET,24.700000,63.920000,0,0.000000,0.000000,,,0,0,0,0,,,0,,,Kalajoki,FI,50,363,Kalajoki,,0,TRUE,0,1,0,0,0,0,,FALSE,5042500,4612500,24,,Provider upArea too small to be included in calibration,2539,FALSE,1062,FALSE,LESTIJOKI
EFAS,11,02542,LOHJANJARVI-PELTOKOSKI,23.830000,60.150000,0,0.000000,0.000000,,,0,0,0,0,,,0,HIST_24h,,Kymijoki-Gulf of Finland,FI,2225,1935,Kymijoki_Finland,1,0,TRUE,0,1,0,0,0,0,,FALSE,5087500,4197500,24,,strongly regulated catchment but no dam in lsf,2542,FALSE,1062,FALSE,KARJAANJOKI
EFAS,11,02543,MARINO POLE,23.350000,41.410000,0,0.000000,0.000000,,,0,0,0,0,,,0,,,Strimonas,BG,10700,10243,Strimonas,,0,TRUE,0,1,0,0,0,0,,FALSE,5437500,2132500,,,Discharge data older than calibration period,2543,FALSE,1062,FALSE,STRUMA
EFAS,11,02544,KHADZHIDIMOVO,23.860000,41.520000,0,0.000000,0.000000,,,0,0,0,0,,,0,,,Nestos,BG,2325,2260,Nestos,,0,TRUE,0,1,0,0,0,0,,FALSE,5472500,2152500,,,Discharge data older than calibration period,2544,FALSE,1062,FALSE,MESTA (NESTOS)
EFAS,11,02545,AARUP,8.490000,56.890000,0,0.000000,0.000000,,,0,0,0,0,,,0,,,Jutland and Funen,DK,100,105,Jutland and Funen,,0,TRUE,0,1,0,0,0,0,,FALSE,4227500,3757500,24,,Provider upArea too small to be included in calibration,2545,FALSE,1062,FALSE,ARUP A
EFAS,11,02546,AHLERGAARDE,8.720000,55.950000,0,0.000000,0.000000,,,0,0,0,0,,,0,HIST_24h,,Skern,DK,1075,1040,Skern,3,0,TRUE,0,1,0,0,0,0,,TRUE,4247500,3647500,24,,,2546,FALSE,1062,FALSE,SKJERN A
EFAS,11,02547,AASTEDBRO,9.620000,55.900000,0,0.000000,0.000000,,,0,0,0,0,,,0,,,GUDENA,DK,200,187,GUDENA,,0,TRUE,0,1,0,0,0,0,,FALSE,4297500,3642500,24,,Provider upArea too small to be included in calibration,2547,FALSE,1062,FALSE,GUDENA
EFAS,11,02548,TVILUMBRO,9.670000,56.240000,0,0.000000,0.000000,,,0,0,0,0,,,0,HIST_24h,,Gudena,DK,1250,1290,Gudena,3,0,TRUE,0,1,0,0,0,0,,TRUE,4302500,3682500,24,,,2548,FALSE,1062,FALSE,GUDENA
EFAS,11,02549,ASTED BRO,10.130000,57.450000,0,0.000000,0.000000,,,0,0,0,0,,,0,,,Uggerby,DK,175,151,Uggerby,,0,TRUE,0,1,0,0,0,0,,FALSE,4327500,3817500,24,,Provider upArea too small to be included in calibration,2549,FALSE,1062,FALSE,UGGERBY A
EFAS,11,02550,ELKAER BRO,9.920000,57.160000,0,0.000000,0.000000,,,0,0,0,0,,,0,,,Rya,DK,75,106,Rya,,0,TRUE,0,1,0,0,0,0,,FALSE,4317500,3782500,24,,Provider upArea too small to be included in calibration,2550,FALSE,1062,FALSE,LINDHOLM A
EFAS,11,02551,STAVNAGER,8.880000,55.320000,0,0.000000,0.000000,,,0,0,0,0,,,0,HIST_24h,,Ribe,DK,650,680,Ribe,3,0,TRUE,0,1,0,0,0,0,,TRUE,4252500,3582500,24,,,2551,FALSE,1062,FALSE,RIBE A
EFAS,11,02552,SKIBBY,10.040000,56.140000,0,0.000000,0.000000,,,0,0,0,0,,,0,,,Lyngbygd,DK,225,120,Lyngbygd,,0,TRUE,0,1,0,0,0,0,,FALSE,4322500,3672500,24,,Provider upArea too small to be included in calibration,2552,FALSE,1062,FALSE,ARHUS A
EFAS,11,02553,LINDENBORG BRO,10.030000,56.900000,0,0.000000,0.000000,,,0,0,0,0,,,0,,,Rya,DK,325,214,Rya,,0,TRUE,0,1,0,0,0,0,,FALSE,4322500,3757500,24,,Provider upArea too small to be included in calibration,2553,FALSE,1062,FALSE,LINDENBORG A
EFAS,11,02554,LILLE LINDE,12.220000,55.330000,0,0.000000,0.000000,,,0,0,0,0,,,0,,,Zealand,DK,175,131,Zealand,,0,TRUE,0,1,0,0,0,0,,FALSE,4457500,3582500,24,,Provider upArea too small to be included in calibration,2554,FALSE,1062,FALSE,TRYGGEVAELDE A
EFAS,11,02555,BROMOELLE,11.390000,55.610000,0,0.000000,0.000000,,,0,0,0,0,,,0,,,Amose,DK,325,288,Amose,,0,TRUE,0,1,0,0,0,0,,FALSE,4412500,3607500,24,,Provider upArea too small to be included in calibration,2555,FALSE,1062,FALSE,AMOSE A
EFAS,11,02556,HOLLOESE MOELLE,11.680000,55.300000,0,0.000000,0.000000,,,0,0,0,0,,,0,HIST_24h,,Susa,DK,750,753,Susa,3,0,TRUE,0,1,0,0,0,0,,TRUE,4422500,3582500,24,,,2556,FALSE,1062,FALSE,SUSA
EFAS,11,02557,NEAR BROBY,10.210000,55.250000,0,0.000000,0.000000,,,0,0,0,0,,,0,,,Odense,DK,300,302,Odense,,0,TRUE,0,1,0,0,0,0,,FALSE,4337500,3567500,24,,Provider upArea too small to be included in calibration,2557,FALSE,1062,FALSE,ODENSE A
EFAS,11,02558,BREDEBRO,8.830000,55.060000,0,0.000000,0.000000,,,0,0,0,0,,,0,,,Brede,DK,300,292,Brede,,0,TRUE,0,1,0,0,0,0,,FALSE,4247500,3552500,24,,Provider upArea too small to be included in calibration,2558,FALSE,1062,FALSE,BREDE A
EFAS,11,02559,BASEL(ST.ALBAN),7.600927,47.555132,0,0.000000,0.000000,,,0,0,0,0,,,0,,,"Rhine, section Aare - Ill",CH,25,35901,Rhine,,0,TRUE,0,1,0,0,0,0,,FALSE,4137500,2717500,,,Discharge data older than calibration period,2559,FALSE,1062,FALSE,RHINE RIVER
EFAS,11,02560,"BASEL, SCHIFFLAENDE",7.588587,47.559815,0,0.000000,0.000000,,,0,0,0,0,,,0,HIST_24h,,"Rhine, section Aare - Ill",CH,36275,35905,Rhine,0,0,TRUE,0,1,0,0,0,0,,FALSE,4137500,2722500,24,,Same as 353 but old data  use 353,2560,FALSE,1062,FALSE,RHINE RIVER
EFAS,11,02561,EMMENMATT,7.740000,46.960000,0,0.000000,0.000000,,,0,0,0,0,,,0,,,Aare,CH,450,443,Rhine,,0,TRUE,0,1,0,0,0,0,,FALSE,4147500,2652500,24,,Provider upArea too small to be included in calibration,2561,FALSE,1062,FALSE,EMME
EFAS,11,02562,"JONSCHWIL, MUEHLAU",9.060000,47.400000,0,0.000000,0.000000,,,0,0,0,0,,,0,,,"Rhine, above Aare",CH,525,493,Rhine,,0,TRUE,0,1,0,0,0,0,,FALSE,4252500,2697500,24,,Provider upArea too small to be included in calibration,2562,FALSE,1062,FALSE,THUR (CH)
EFAS,11,02563,"ST. GALLEN, BRUGGEN/AU",9.310000,47.400000,0,0.000000,0.000000,,,0,0,0,0,,,0,,,"Rhine, above Aare",CH,275,261,Rhine,,0,TRUE,0,1,0,0,0,0,,FALSE,4272500,2697500,24,,Provider upArea too small to be included in calibration,2563,FALSE,1062,FALSE,SITTER
EFAS,11,02564,MARTINSBRUCK,10.470000,46.890000,0,0.000000,0.000000,,,0,0,0,0,,,0,HIST_24h,,"Inn, above Salzach",CH,1975,1945,Danube,0,0,TRUE,0,1,0,0,0,0,,FALSE,4347500,2632500,24,,Low quality data,2564,FALSE,1062,FALSE,INN
EFAS,11,02565,MIZHHIR''YA (MEZHGOR'YE),23.510000,48.520000,0,0.000000,0.000000,,,0,0,0,0,,,0,,,Tisza,UA,625,873,Danube,,0,TRUE,0,1,0,0,0,0,,FALSE,5312500,2912500,,,Discharge data older than calibration period,2565,FALSE,1062,FALSE,RIKA
EFAS,11,02566,RAKHIV,24.200000,48.050000,0,0.000000,0.000000,,,0,0,0,0,,,0,,,Tisza,UA,1200,1070,Danube,,0,TRUE,0,1,0,0,0,0,,FALSE,5372500,2872500,,,Discharge data older than calibration period,2566,FALSE,1062,FALSE,TISZA
EFAS,11,02567,LE PRESE,10.080000,46.300000,0,0.000000,0.000000,,,0,0,0,0,,,0,,,Adda,CH,150,169,Po,,0,TRUE,0,1,0,0,0,0,,FALSE,4327500,2577500,24,,Provider upArea too small to be included in calibration,2567,FALSE,1062,FALSE,POSCHIAVINO
EFAS,11,02568,ZILPAMUSIS,24.450000,56.100000,0,0.000000,0.000000,,,0,0,0,0,,,0,HIST_24h,,Musa,LT,4950,5007,Lielupe,3,0,TRUE,0,1,0,0,0,0,,TRUE,5212500,3762500,24,,,2568,FALSE,1062,FALSE,MUSA
EFAS,11,02569,KAMENKA BUGSKAYA,24.350000,50.100000,0,0.000000,0.000000,,,0,0,0,0,,,0,,,"Bug, above Mukhavyets",UA,2400,2260,Vistula,,0,TRUE,0,1,0,0,0,0,,FALSE,5347500,3097500,,,Discharge data older than calibration period  Same as 1344,2569,FALSE,1062,FALSE,BUG
EFAS,11,02570,POROG,38.480000,63.830000,0,0.000000,0.000000,,,0,0,0,0,,,0,HIST_24h,,Mosha,RU,,55770,Mosha,,1,FALSE,0,1,0,0,0,0,,FALSE,5682500,4807500,,,Out of XDOM,2570,FALSE,1062,FALSE,ONEGA
EFAS,11,02571,KODINA,39.620000,63.720000,0,0.000000,0.000000,,,0,0,0,0,,,0,HIST_24h,,"Onega, section Mosha - Chekuyevo",RU,,1800,Onega,,1,FALSE,0,1,0,0,0,0,,FALSE,5742500,4817500,,,Out of XDOM,2571,FALSE,1062,FALSE,KODINA
EFAS,11,02572,SOUKHIE POROGUI,39.480000,64.310000,0,0.000000,0.000000,,,0,0,0,0,,,0,,,"Teno-, Naatamo- and Paatsjoki (Finnish part)",RU,,1190,Teno,,1,FALSE,0,1,0,0,0,0,,FALSE,5707500,4877500,,,Out of XDOM  Discharge data older than calibration period,2572,FALSE,1062,FALSE,SOLZA
EFAS,11,02573,UST-PINEGA,41.910000,64.150000,0,0.000000,0.000000,,,0,0,0,0,,,0,HIST_24h,,Coastal zone,RU,,848692.88,Dvina,,1,FALSE,0,1,0,0,0,0,,FALSE,5817500,4912500,,,Out of XDOM,2573,FALSE,1062,FALSE,Northern Dvina
EFAS,11,02574,PATRAKEYEVSKAYA,40.500000,64.960000,0,0.000000,0.000000,,,0,0,0,0,,,0,,,"Teno-, Naatamo- and Paatsjoki (Finnish part)",RU,,305,Teno,,1,FALSE,0,1,0,0,0,0,,FALSE,5717500,4962500,,,Out of XDOM  Provider upArea too small to be included in calibration,2574,FALSE,1062,FALSE,MUDYUGA
EFAS,11,02575,KULOGORY,43.480000,64.710000,0,0.000000,0.000000,,,0,0,0,0,,,0,,,Northern Dvina,RU,,36700,Dvina,,1,FALSE,0,1,0,0,0,0,,FALSE,5857500,5002500,,,Out of XDOM  Discharge data older than calibration period,2575,FALSE,1062,FALSE,PINEGA
EFAS,11,02576,MALONISOGORSKAYA,45.610000,65.030000,0,0.000000,0.000000,,,0,0,0,0,,,0,HIST_24h,,"Menzen, partial section (border area)",RU,,56400,Menzen,,1,FALSE,0,1,0,0,0,0,,FALSE,5922500,5082500,,,Out of XDOM,2576,FALSE,1062,FALSE,MEZEN
EFAS,11,02577,KULOY,43.530000,64.960000,0,0.000000,0.000000,,,0,0,0,0,,,0,HIST_24h,,Kuloy,RU,,3040,Kuloy,,1,FALSE,0,1,0,0,0,0,,FALSE,5842500,5027500,,,Out of XDOM,2577,FALSE,1062,FALSE,KULOY (TRIB. MEZENSKAYA GUBA)
EFAS,11,02578,IGUMNOVO (IGUMKOVO),45.030000,65.810000,0,0.000000,0.000000,,,0,0,0,0,,,0,HIST_24h,,Peza sub-catchment,RU,,12000,Peza,,1,FALSE,0,1,0,0,0,0,,FALSE,5852500,5142500,,,Out of XDOM,2578,FALSE,1062,FALSE,PEZA
EFAS,11,02579,BOROVSKAYA (BOROVAYA),51.860000,65.240000,0,0.000000,0.000000,,,0,0,0,0,,,0,,,PECHORA,RU,,4890,PECHORA,,1,FALSE,0,1,0,0,0,0,,FALSE,6152500,5257500,,,Out of XDOM  Discharge data older than calibration period,2579,FALSE,1062,FALSE,PIZHMA
EFAS,11,02580,VOLOKOVAYA,48.210000,66.500000,0,0.000000,0.000000,,,0,0,0,0,,,0,HIST_24h,,"Pesha, lower section (partial)",RU,,2780,Pesha,,1,FALSE,0,1,0,0,0,0,,FALSE,5932500,5282500,,,Out of XDOM,2580,FALSE,1062,FALSE,PESHA
EFAS,11,02581,OKSINO,52.200000,67.600000,0,0.000000,0.000000,,,0,0,0,0,,,0,HIST_24h,,PECHORA,RU,,312000,PECHORA,,1,FALSE,0,1,0,0,0,0,,FALSE,6002500,5477500,,,Out of XDOM,2581,FALSE,1062,FALSE,PECHORA
EFAS,11,02582,UST-TSILMA,52.090000,65.440000,0,0.000000,0.000000,,,0,0,0,0,,,0,HIST_24h,,PECHORA,RU,,312763.33,PECHORA,,1,FALSE,0,1,0,0,0,0,,FALSE,6147500,5282500,,,Out of XDOM,2582,FALSE,1062,FALSE,Tsilma
EFAS,11,02583,YAKSHA (YAKSHINSKAYA),56.840000,61.810000,0,0.000000,0.000000,,,0,0,0,0,,,0,,,PECHORA,RU,,9620,PECHORA,,1,FALSE,0,1,0,0,0,0,,FALSE,6587500,5097500,,,Out of XDOM  Discharge data older than calibration period,2583,FALSE,1062,FALSE,PECHORA
EFAS,11,02584,CHUKHLEM,50.180000,61.220000,0,0.000000,0.000000,,,0,0,0,0,,,0,,,NORTHERN DVINA(SEVERNAYA DVINA),RU,,123,Dvina,,1,FALSE,0,1,0,0,0,0,,FALSE,6352500,4837500,,,Out of XDOM  Provider upArea too small to be included in calibration,2584,FALSE,1062,FALSE,YEGUL
EFAS,11,02585,IZVAIL,54.470000,63.030000,0,0.000000,0.000000,,,0,0,0,0,,,0,,,PECHORA,RU,,1150,PECHORA,,1,FALSE,0,1,0,0,0,0,,FALSE,6407500,5132500,,,Out of XDOM  Discharge data older than calibration period,2585,FALSE,1062,FALSE,IZHMA (TRIB. PECHORA)
EFAS,11,02586,NOVOE,39.670000,59.120000,0,0.000000,0.000000,,,0,0,0,0,,,0,,,Tosnja,RU,,179,Tosnja,,1,FALSE,0,1,0,0,0,0,,FALSE,5967500,4352500,,,Out of XDOM  Provider upArea too small to be included in calibration,2586,FALSE,1062,FALSE,YEMA
EFAS,11,02587,YENA,31.150000,67.600000,0,0.000000,0.000000,,,0,0,0,0,,,0,,,Yena,RU,1850,1600,Yena,,0,TRUE,0,1,0,0,0,0,,FALSE,5212500,5082500,,,Discharge data older than calibration period,2587,FALSE,1062,FALSE,YENA
EFAS,11,02588,URA-GUBA,32.800000,69.280000,0,0.000000,0.000000,,,0,0,0,0,,,0,,,Barents sea coastal catchments and small basins,RU,575,1020,Ura,,0,TRUE,0,1,0,0,0,0,,FALSE,5212500,5277500,,,Discharge data older than calibration period,2588,FALSE,1062,FALSE,URA
EFAS,11,02589,"OKTIABRSKY RAILWAY,KM 1429",33.010000,68.880000,0,0.000000,0.000000,,,0,0,0,0,,,0,,,Kola,RU,4325,3780,Kola,,0,TRUE,0,1,0,0,0,0,,FALSE,5242500,5237500,,,Discharge data older than calibration period,2589,FALSE,1062,FALSE,KOLA
EFAS,11,02590,VERKHNETULOMSKIY GES,31.790000,68.600000,0,0.000000,0.000000,,,0,0,0,0,,,0,HIST_24h,,Kola,RU,19950,10450.6,Kola,1,0,TRUE,0,1,0,0,0,0,,FALSE,5202500,5192500,24,,Moved down stream  obscillations strogly regulated but no dam in lsf,2590,FALSE,1062,FALSE,Lotta
EFAS,11,02591,PAIALKA,34.300000,66.670000,0,0.000000,0.000000,,,0,0,0,0,,,0,,,"Teno-, Naatamo- and Paatsjoki (Finnish part)",RU,5400,6250,Teno,,0,TRUE,0,1,0,0,0,0,,FALSE,5367500,5037500,,,Discharge data older than calibration period,2591,FALSE,1062,FALSE,UMBA
EFAS,11,02592,PECHENGA (PETSAMO),31.220000,69.550000,0,0.000000,0.000000,,,0,0,0,0,,,0,,,Pechenga,RU,1650,1680,Pechenga,,0,TRUE,0,1,0,0,0,0,,FALSE,5142500,5287500,,,Discharge data older than calibration period,2592,FALSE,1062,FALSE,PECHENGA
EFAS,11,02593,LUOSTARI (YLAELUOSTARI),31.000000,69.430000,0,0.000000,0.000000,,,0,0,0,0,,,0,,,Pechenga,RU,25,142,Pechenga,,0,TRUE,0,1,0,0,0,0,,FALSE,5137500,5272500,,,Provider upArea too small to be included in calibration,2593,FALSE,1062,FALSE,NAMA-JOKI
EFAS,11,02594,KM 15.5,31.920000,69.550000,0,0.000000,0.000000,,,0,0,0,0,,,0,,,Titovka,RU,950,942,Titovka,,0,TRUE,0,1,0,0,0,0,,FALSE,5167500,5282500,,,Discharge data older than calibration period,2594,FALSE,1062,FALSE,TITOVKA
EFAS,11,02595,NEAR THE MOUTH,33.070000,69.030000,0,0.000000,0.000000,,,0,0,0,0,,,0,,,Kola,RU,75,22.8,Kola,,0,TRUE,0,1,0,0,0,0,,FALSE,5237500,5252500,,,Provider upArea too small to be included in calibration,2595,FALSE,1062,FALSE,RADIO-URUYEGE
EFAS,11,02596,SEREBRYANSKIY GES 1,35.580000,68.810000,0,0.000000,0.000000,,,0,0,0,0,,,0,HIST_24h,,Voronja,RU,8825,9997.78,Voronja,3,0,TRUE,0,1,0,0,0,0,,TRUE,5332500,5272500,24,,oscillations strongly regulated,2596,FALSE,1062,FALSE,Voronja
EFAS,11,02597,KANEVKA,39.660000,67.130000,0,0.000000,0.000000,,,0,0,0,0,,,0,HIST_24h,,Ponoy,RU,1225,10200,Ponoy,0,0,TRUE,0,1,0,0,0,0,,FALSE,5577500,5167500,24,,Remove from calib - Wrong LDD,2597,FALSE,1062,FALSE,PONOY
EFAS,11,02598,CHAPOMA,38.860000,66.100000,0,0.000000,0.000000,,,0,0,0,0,,,0,,,"Teno-, Naatamo- and Paatsjoki (Finnish part)",RU,1550,1090,Teno,,0,TRUE,0,1,0,0,0,0,,FALSE,5597500,5057500,,,Discharge data older than calibration period,2598,FALSE,1062,FALSE,CHAPOMA
EFAS,11,02599,CHAVANGA,37.750000,66.110000,0,0.000000,0.000000,,,0,0,0,0,,,0,,,"Teno-, Naatamo- and Paatsjoki (Finnish part)",RU,1025,1180,Teno,,0,TRUE,0,1,0,0,0,0,,FALSE,5547500,5027500,,,Discharge data older than calibration period,2599,FALSE,1062,FALSE,CHAVANGA
EFAS,11,02600,VARZUGA,36.610000,66.400000,0,0.000000,0.000000,,,0,0,0,0,,,0,HIST_24h,,Varzuga,RU,18875,7940,Varzuga,3,0,TRUE,0,1,0,0,0,0,,TRUE,5487500,5037500,24,,Moved on main stream,2600,FALSE,1062,FALSE,VARZUGA
EFAS,11,02601,KUZREKA,34.800000,66.610000,0,0.000000,0.000000,,,0,0,0,0,,,0,,,"Teno-, Naatamo- and Paatsjoki (Finnish part)",RU,75,250,Teno,,0,TRUE,0,1,0,0,0,0,,FALSE,5402500,5027500,,,Provider upArea too small to be included in calibration,2601,FALSE,1062,FALSE,KUZREKA
EFAS,11,02602,OLENITSA,35.310000,66.460000,0,0.000000,0.000000,,,0,0,0,0,,,0,,,"Teno-, Naatamo- and Paatsjoki (Finnish part)",RU,375,374,Teno,,0,TRUE,0,1,0,0,0,0,,FALSE,5427500,5022500,,,Provider upArea too small to be included in calibration,2602,FALSE,1062,FALSE,OLENITSA
EFAS,11,02603,KOLVITSA,32.980000,67.080000,0,0.000000,0.000000,,,0,0,0,0,,,0,,,"Teno-, Naatamo- and Paatsjoki (Finnish part)",RU,1425,1260,Teno,,0,TRUE,0,1,0,0,0,0,,FALSE,5307500,5052500,,,Discharge data older than calibration period,2603,FALSE,1062,FALSE,KOLVITSA
EFAS,11,02604,PAIUBA,24.970000,59.380000,0,0.000000,0.000000,,,0,0,0,0,,,0,,,Pirita,EE,75,84.3,Pirita,,0,TRUE,0,1,0,0,0,0,,FALSE,5167500,4122500,,,Provider upArea too small to be included in calibration,2604,FALSE,1062,FALSE,LEVAJOKI
EFAS,11,02605,OREKULA,24.770000,58.470000,0,0.000000,0.000000,,,0,0,0,0,,,0,,,Parnu,EE,4850,5180,Parnu,,0,TRUE,0,1,0,0,0,0,,FALSE,5177500,4017500,,,Discharge data older than calibration period,2605,FALSE,1062,FALSE,PAERNU JOGI
EFAS,11,02606,NYUKHCHA,36.250000,63.920000,0,0.000000,0.000000,,,0,0,0,0,,,0,,,"Teno-, Naatamo- and Paatsjoki (Finnish part)",RU,1225,1350,Teno,,0,TRUE,0,1,0,0,0,0,,FALSE,5577500,4772500,,,Discharge data older than calibration period,2606,FALSE,1062,FALSE,NYUKHCHA
EFAS,11,02607,MALOSHUYKA,37.450000,63.710000,0,0.000000,0.000000,,,0,0,0,0,,,0,,,"Teno-, Naatamo- and Paatsjoki (Finnish part)",RU,750,481,Teno,,0,TRUE,0,1,0,0,0,0,,FALSE,5642500,4767500,,,Provider upArea too small to be included in calibration,2607,FALSE,1062,FALSE,MALOSHUYKA
EFAS,11,02608,VONGUDA,38.520000,63.860000,0,0.000000,0.000000,,,0,0,0,0,,,0,,,Mosha,RU,,374,Mosha,,1,FALSE,0,1,0,0,0,0,,FALSE,5687500,4812500,,,Out of XDOM  Provider upArea too small to be included in calibration,2608,FALSE,1062,FALSE,VONGUDA
EFAS,11,02609,TARTU,26.730000,58.360000,0,0.000000,0.000000,,,0,0,0,0,,,0,,,Emajogi,EE,8325,7850,Narva,,0,TRUE,0,1,0,0,0,0,,FALSE,5292500,4032500,,,Discharge data older than calibration period,2609,FALSE,1062,FALSE,EMAJOGI
EFAS,11,02610,OSINKINA,29.230000,57.100000,0,0.000000,0.000000,,,0,0,0,0,,,0,,,Velikaya,RU,3175,3170,Narva,,0,TRUE,0,1,0,0,0,0,,FALSE,5472500,3932500,,,Discharge data older than calibration period,2610,FALSE,1062,FALSE,SOROT
EFAS,11,02611,NARVA (HEP),28.190000,59.370000,0,0.000000,0.000000,,,0,0,0,0,,,0,HIST_24h,,Narva,EE,57875,56000,Narva,0,0,TRUE,0,1,0,0,0,0,,FALSE,5342500,4152500,,,Old data and not enough data after 199-,2611,FALSE,1062,FALSE,NARVA JOGI
EFAS,11,02612,TOLMACHEVO,29.900000,58.850000,0,0.000000,0.000000,,,0,0,0,0,,,0,,,Luga,RU,7075,5990,Luga,,0,TRUE,0,1,0,0,0,0,,FALSE,5452500,4132500,,,Discharge data older than calibration period,2612,FALSE,1062,FALSE,LUGA
EFAS,11,02613,NOVOSARATOVKA,30.520000,59.830000,0,0.000000,0.000000,,,0,0,0,0,,,0,HIST_24h,,Lake Ladoga sub-catchment,RU,210225,281000,Neva,3,0,TRUE,0,1,0,0,0,0,,TRUE,5427500,4332500,24,,Moved to cope with error in LDD,2613,FALSE,1062,FALSE,NEVA
EFAS,11,02614,PODSOSONYE,31.060000,57.630000,0,0.000000,0.000000,,,0,0,0,0,,,0,,,Polist,RU,300,138,Polist,,0,TRUE,0,1,0,0,0,0,,FALSE,5557500,4022500,,,Provider upArea too small to be included in calibration,2614,FALSE,1062,FALSE,PEREKHODA
EFAS,11,02615,DOMACHEVO,33.810000,59.560000,0,0.000000,0.000000,,,0,0,0,0,,,0,,,Syas,RU,1300,112,Syas,,0,TRUE,0,1,0,0,0,0,,FALSE,5642500,4277500,,,Provider upArea too small to be included in calibration,2615,FALSE,1062,FALSE,DYMKA (TRIB. NEVA)
EFAS,11,02616,OLONETS,32.960000,60.980000,0,0.000000,0.000000,,,0,0,0,0,,,0,,,"Lake Ladoga, sub-catchment",RU,1300,2120,Olonka,,0,TRUE,0,1,0,0,0,0,,FALSE,5542500,4412500,,,Discharge data older than calibration period,2616,FALSE,1062,FALSE,OLONKA
EFAS,11,02617,XII GES,34.300000,60.930000,0,0.000000,0.000000,,,0,0,0,0,,,0,,,Verkhne Svirskoye Vod.,RU,75,67100,Svir,,0,TRUE,0,1,0,0,0,0,,FALSE,5612500,4427500,,,Discharge data older than calibration period,2617,FALSE,1062,FALSE,SVIR
EFAS,11,02618,MEDVEZH'YEGORSK,34.460000,62.910000,0,0.000000,0.000000,,,0,0,0,0,,,0,,,Ozero Onezhskoye sub-catchment,RU,475,735,Ozero,,0,TRUE,0,1,0,0,0,0,,FALSE,5542500,4637500,,,Discharge data older than calibration period,2618,FALSE,1062,FALSE,KUMSA
EFAS,11,02619,SUMSKIY POSAD,35.410000,64.250000,0,0.000000,0.000000,,,0,0,0,0,,,0,,,"Teno-, Naatamo- and Paatsjoki (Finnish part)",RU,2050,1990,Teno,,0,TRUE,0,1,0,0,0,0,,FALSE,5527500,4792500,,,Discharge data older than calibration period,2619,FALSE,1062,FALSE,SUMA (TRIB. WHITE SEA)
EFAS,11,02620,PUTKINSKAYA GES,34.620000,64.950000,0,0.000000,0.000000,,,0,0,0,0,,,0,,,"Kem, below Kepa",RU,30800,28700,Kem,,0,TRUE,0,1,0,0,0,0,,FALSE,5462500,4857500,,,Discharge data older than calibration period,2620,FALSE,1062,FALSE,KEM (TRIB. WHITE SEA)
EFAS,11,02621,KEM,34.560000,64.950000,0,0.000000,0.000000,,,0,0,0,0,,,0,,,"Kem, below Kepa",RU,450,2860,Kem,,0,TRUE,0,1,0,0,0,0,,FALSE,5462500,4852500,,,Discharge data older than calibration period,2621,FALSE,1062,FALSE,KEM (TRIB. YENISEI)
EFAS,11,02622,SHUYERETSKOYE,34.750000,64.710000,0,0.000000,0.000000,,,0,0,0,0,,,0,,,"Teno-, Naatamo- and Paatsjoki (Finnish part)",RU,650,934,Teno,,0,TRUE,0,1,0,0,0,0,,FALSE,5477500,4832500,,,Discharge data older than calibration period,2622,FALSE,1062,FALSE,SHUYA
EFAS,11,02623,KNYAZHEGUBSKOYE GES,32.340000,66.770000,0,0.000000,0.000000,,,0,0,0,0,,,0,HIST_24h,,Tumcha,RU,22400,25900,Tumcha,3,0,TRUE,0,1,0,0,0,0,,TRUE,5297500,5007500,24,,large oscillations  strongly regulated,2623,FALSE,1062,FALSE,KOVDA
EFAS,11,02624,PONGOMA,34.410000,65.340000,0,0.000000,0.000000,,,0,0,0,0,,,0,,,"Teno-, Naatamo- and Paatsjoki (Finnish part)",RU,1675,1220,Teno,,0,TRUE,0,1,0,0,0,0,,FALSE,5432500,4892500,,,Discharge data older than calibration period,2624,FALSE,1062,FALSE,PONGOMA
EFAS,11,02625,NAGELMUIZA (STARINI),24.440000,56.980000,0,0.000000,0.000000,,,0,0,0,0,,,0,,,Ogre,LV,725,492,Daugava,,0,TRUE,0,1,0,0,0,0,,FALSE,5197500,3852500,,,Provider upArea too small to be included in calibration,2625,FALSE,1062,FALSE,MAZA JUGLA
EFAS,11,02626,YANKOVO - 1,29.200000,55.500000,0,0.000000,0.000000,,,0,0,0,0,,,0,,,"Zakhodni Dzvina, section Kasplya - Dzisna",BY,400,618,Daugava,,0,TRUE,0,1,0,0,0,0,,FALSE,5512500,3757500,,,Discharge data older than calibration period,2626,FALSE,1062,FALSE,POLOTA
EFAS,11,02627,BELYY,32.930000,55.830000,0,0.000000,0.000000,,,0,0,0,0,,,0,,,Mezha,RU,1625,1590,Mezha,,0,TRUE,0,1,0,0,0,0,,FALSE,5732500,3867500,,,Discharge data older than calibration period,2627,FALSE,1062,FALSE,OBSHA
EFAS,11,02628,RUSAKI,26.800000,55.180000,0,0.000000,0.000000,,,0,0,0,0,,,0,,,Disna,BY,350,462,Daugava,,0,TRUE,0,1,0,0,0,0,,FALSE,5382500,3682500,,,Provider upArea too small to be included in calibration,2628,FALSE,1062,FALSE,MYADELKA
EFAS,11,02629,SANTAKAI,25.970000,55.180000,0,0.000000,0.000000,,,0,0,0,0,,,0,,,"Neris, above Sventoji",LT,725,164,Nemunas,,0,TRUE,0,1,0,0,0,0,,FALSE,5327500,3682500,24,,Provider upArea too small to be included in calibration,2629,FALSE,1062,FALSE,VILNIA
EFAS,11,02630,VILNIUS,25.310000,54.680000,0,0.000000,0.000000,,,0,0,0,0,,,0,HIST_24h,,"Neris, above Sventoji",LT,625,623,Nemunas,3,0,TRUE,0,1,0,0,0,0,,TRUE,5307500,3617500,24,,,2630,FALSE,1062,FALSE,VILNIA
EFAS,11,02631,MIKUZIAI,21.350000,55.500000,0,0.000000,0.000000,,,0,0,0,0,,,0,,,Minija,LT,275,258,Minija,,0,TRUE,0,1,0,0,0,0,,FALSE,5042500,3647500,24,,Provider upArea too small to be included in calibration,2631,FALSE,1062,FALSE,VEIVIRAZAS
EFAS,11,02632,KARTENA,21.470000,55.920000,0,0.000000,0.000000,,,0,0,0,0,,,0,HIST_24h,,Minija,LT,1200,1220,Minija,3,0,TRUE,0,1,0,0,0,0,,TRUE,5037500,3707500,24,,,2632,FALSE,1062,FALSE,MINIJA
EFAS,11,02633,KALVARIJA,23.230000,54.400000,0,0.000000,0.000000,,,0,0,0,0,,,0,,,Sheshule,LT,425,444,Nemunas,,0,TRUE,0,1,0,0,0,0,,FALSE,5172500,3557500,24,,Provider upArea too small to be included in calibration,2633,FALSE,1062,FALSE,SESUPE - SHESHUPE
EFAS,11,02634,KUDIRKOS NAUMIESTIS,22.860000,54.770000,0,0.000000,0.000000,,,0,0,0,0,,,0,HIST_24h,,Sheshule,LT,3100,3180,Nemunas,3,0,TRUE,0,1,0,0,0,0,,TRUE,5147500,3592500,24,,,2634,FALSE,1062,FALSE,SESUPE - SHESHUPE
EFAS,11,02635,DASIUNAI,23.850000,55.160000,0,0.000000,0.000000,,,0,0,0,0,,,0,HIST_24h,,Nevezis,LT,5600,5510,Nemunas,3,0,TRUE,0,1,0,0,0,0,,TRUE,5197500,3647500,24,,,2635,FALSE,1062,FALSE,NEVEZIS
EFAS,11,02636,MOLCHAD,25.700000,53.310000,0,0.000000,0.000000,,,0,0,0,0,,,0,,,"Neman, above Shchara",BY,250,211,Nemunas,,0,TRUE,0,1,0,0,0,0,,FALSE,5357500,3467500,,,Provider upArea too small to be included in calibration,2636,FALSE,1062,FALSE,MOLCHAD
EFAS,11,02637,STOWBTSY (STOLBTSY),26.740000,53.470000,0,0.000000,0.000000,,,0,0,0,0,,,0,,,"Neman, above Shchara",BY,2925,3070,Nemunas,,0,TRUE,0,1,0,0,0,0,,FALSE,5427500,3497500,,,Discharge data older than calibration period,2637,FALSE,1062,FALSE,NEMUNAS - NEMAN
EFAS,11,02638,RYBINSKAYA GES,38.720000,58.180000,0,0.000000,0.000000,,,0,0,0,0,,,0,HIST_24h,,VOLGA,RU,,150000,Volga,,1,FALSE,0,1,0,0,0,0,,FALSE,5962500,4232500,,,Out of XDOM,2638,FALSE,1062,FALSE,VOLGA
EFAS,11,02639,YELTSY,33.830000,56.660000,0,0.000000,0.000000,,,0,0,0,0,,,0,,,"Volga, above Osuga, Sezha and Gzhat",RU,,9130,Volga,,1,FALSE,0,1,0,0,0,0,,FALSE,5752500,3967500,,,Out of XDOM  Discharge data older than calibration period,2639,FALSE,1062,FALSE,VOLGA
EFAS,11,02640,ZHILINO (KOSTOMAROVO),36.080000,52.980000,0,0.000000,0.000000,,,0,0,0,0,,,0,,,VOLGA,RU,,4900,Volga,,1,FALSE,0,1,0,0,0,0,,FALSE,6027500,3632500,,,Out of XDOM  Discharge data older than calibration period,2640,FALSE,1062,FALSE,OKA (TRIB. VOLGA)
EFAS,11,02641,MUROM,42.040000,55.560000,0,0.000000,0.000000,,,0,0,0,0,,,0,HIST_24h,,VOLGA,RU,,188000,Volga,,1,FALSE,0,1,0,0,0,0,,FALSE,6267500,4052500,,,Out of XDOM,2641,FALSE,1062,FALSE,OKA (TRIB. VOLGA)
EFAS,11,02642,BARSUKI,37.490000,54.260000,0,0.000000,0.000000,,,0,0,0,0,,,0,,,VOLGA,RU,,755,Volga,,1,FALSE,0,1,0,0,0,0,,FALSE,6062500,3797500,,,Out of XDOM  Discharge data older than calibration period,2642,FALSE,1062,FALSE,MOSKVA
EFAS,11,02643,SPAS-ZAGORYE,36.590000,55.040000,0,0.000000,0.000000,,,0,0,0,0,,,0,,,VOLGA,RU,,3640,Volga,,1,FALSE,0,1,0,0,0,0,,FALSE,5977500,3857500,,,Out of XDOM  Discharge data older than calibration period,2643,FALSE,1062,FALSE,PROTVA
EFAS,11,02644,KNYAZHYA,46.040000,55.530000,0,0.000000,0.000000,,,0,0,0,0,,,0,,,VOLGA,RU,,54400,Volga,,1,FALSE,0,1,0,0,0,0,,FALSE,6487500,4162500,,,Out of XDOM  Discharge data older than calibration period,2644,FALSE,1062,FALSE,SURA (TRIB. VOLGA)
EFAS,11,02645,BORTNIKOVO,40.830000,57.290000,0,0.000000,0.000000,,,0,0,0,0,,,0,,,VOLGA,RU,,739,Volga,,1,FALSE,0,1,0,0,0,0,,FALSE,6117500,4192500,,,Out of XDOM  Discharge data older than calibration period,2645,FALSE,1062,FALSE,SOLONITSA
EFAS,11,02646,KLOPOVO-GORODISHCHE,41.880000,57.460000,0,0.000000,0.000000,,,0,0,0,0,,,0,,,VOLGA,RU,,339,Volga,,1,FALSE,0,1,0,0,0,0,,FALSE,6162500,4237500,,,Out of XDOM  Provider upArea too small to be included in calibration,2646,FALSE,1062,FALSE,SHOSHA
EFAS,11,02647,VYRYPAYEVKA,48.280000,54.250000,0,0.000000,0.000000,,,0,0,0,0,,,0,,,VOLGA,RU,,3600,Volga,,1,FALSE,0,1,0,0,0,0,,FALSE,6682500,4107500,,,Out of XDOM  Discharge data older than calibration period,2647,FALSE,1062,FALSE,SVIYAGA
EFAS,11,02648,NABEREZHNYYE CHELNY,52.420000,55.750000,0,0.000000,0.000000,,,0,0,0,0,,,0,,,VOLGA,RU,,370000,Volga,,1,FALSE,0,1,0,0,0,0,,FALSE,6807500,4397500,,,Out of XDOM  Discharge data older than calibration period,2648,FALSE,1062,FALSE,KAMA (TRIB. VOLGA)
EFAS,11,02649,TATARSKAYA DYMSKAYA,52.960000,54.350000,0,0.000000,0.000000,,,0,0,0,0,,,0,,,VOLGA,RU,,520,Volga,,1,FALSE,0,1,0,0,0,0,,FALSE,6922500,4282500,,,Out of XDOM  Discharge data older than calibration period,2649,FALSE,1062,FALSE,DYMKA (TRIB. KAMA)
EFAS,11,02650,UFA,55.990000,54.540000,0,0.000000,0.000000,,,0,0,0,0,,,0,HIST_24h,,VOLGA,RU,,100000,Volga,,1,FALSE,0,1,0,0,0,0,,FALSE,7067500,4417500,,,Out of XDOM,2650,FALSE,1062,FALSE,BELAYA (TRIB. KAMA)
EFAS,11,02651,OSHIB,54.870000,59.220000,0,0.000000,0.000000,,,0,0,0,0,,,0,,,VOLGA,RU,,836,Volga,,1,FALSE,0,1,0,0,0,0,,FALSE,6687500,4802500,,,Out of XDOM  Discharge data older than calibration period,2651,FALSE,1062,FALSE,VELVA
EFAS,11,02652,STAROUTKINSK,59.330000,57.220000,0,0.000000,0.000000,,,0,0,0,0,,,0,,,VOLGA,RU,,5450,Volga,,1,FALSE,0,1,0,0,0,0,,FALSE,7027500,4787500,,,Out of XDOM  Discharge data older than calibration period,2652,FALSE,1062,FALSE,CHUSOVAYA
EFAS,11,02653,PETRETSOVO,57.230000,61.280000,0,0.000000,0.000000,,,0,0,0,0,,,0,,,NORTHERN DVINA(SEVERNAYA DVINA),RU,,2830,Dvina,,1,FALSE,0,1,0,0,0,0,,FALSE,6642500,5067500,,,Out of XDOM  Discharge data older than calibration period,2653,FALSE,1062,FALSE,KOLVA (TRIB. KAMA)
EFAS,11,02654,NIZHNE-ITKULOVO,56.310000,53.380000,0,0.000000,0.000000,,,0,0,0,0,,,0,,,VOLGA,RU,,141,Volga,,1,FALSE,0,1,0,0,0,0,,FALSE,7162500,4322500,,,Out of XDOM  Provider upArea too small to be included in calibration,2654,FALSE,1062,FALSE,SELEUK
EFAS,11,02655,VOLGOGRAD POWER PLANT,44.580000,48.800000,0,0.000000,0.000000,,,0,0,0,0,,,0,HIST_24h,,VOLGA,RU,,1360000,Volga,,1,FALSE,0,1,0,0,0,0,,FALSE,6757500,3442500,,,Out of XDOM,2655,FALSE,1062,FALSE,VOLGA
EFAS,11,02656,SYZRAN,48.470000,53.170000,0,0.000000,0.000000,,,0,0,0,0,,,0,,,VOLGA,RU,,352,Volga,,1,FALSE,0,1,0,0,0,0,,FALSE,6752500,4012500,,,Out of XDOM  Provider upArea too small to be included in calibration,2656,FALSE,1062,FALSE,KRYMZA
EFAS,11,02657,RAZDORSKAYA,40.640000,47.540000,0,0.000000,0.000000,,,0,0,0,0,,,0,HIST_24h,,Don,RU,,378000,Don,,1,FALSE,0,1,0,0,0,0,,FALSE,6552500,3187500,,,Out of XDOM,2657,FALSE,1062,FALSE,DON
EFAS,11,02658,KAZANSKAYA,41.140000,49.790000,0,0.000000,0.000000,,,0,0,0,0,,,0,,,Don,RU,,102000,Don,,1,FALSE,0,1,0,0,0,0,,FALSE,6487500,3432500,,,Out of XDOM  Discharge data older than calibration period,2658,FALSE,1062,FALSE,DON
EFAS,11,02659,BOGURAYEV,40.670000,48.140000,0,0.000000,0.000000,,,0,0,0,0,,,0,,,Don,RU,,722,Don,,1,FALSE,0,1,0,0,0,0,,FALSE,6527500,3252500,,,Out of XDOM  Discharge data older than calibration period,2659,FALSE,1062,FALSE,LIKHAYA
EFAS,11,02660,CHUTANOVKA,42.740000,52.600000,0,0.000000,0.000000,,,0,0,0,0,,,0,,,Don,RU,,5560,Don,,1,FALSE,0,1,0,0,0,0,,FALSE,6452500,3767500,,,Out of XDOM  Discharge data older than calibration period,2660,FALSE,1062,FALSE,VORONA
EFAS,11,02661,SHUMILINSKAYA,41.440000,49.960000,0,0.000000,0.000000,,,0,0,0,0,,,0,,,Don,RU,,572,Don,,1,FALSE,0,1,0,0,0,0,,FALSE,6497500,3462500,,,Out of XDOM  Discharge data older than calibration period,2661,FALSE,1062,FALSE,PESKOVATKA
EFAS,11,02662,GROMOVKA,27.300000,49.800000,0,0.000000,0.000000,,,0,0,0,0,,,0,,,Sluch,UA,1625,2480,Dnieper,,0,TRUE,0,1,0,0,0,0,,FALSE,5562500,3112500,,,Discharge data older than calibration period,2662,FALSE,1062,FALSE,SLUCH
EFAS,11,02663,GORODKOVKA,29.000000,49.910000,0,0.000000,0.000000,,,0,0,0,0,,,0,,,Teteriv,UA,375,312,Dnieper,,0,TRUE,0,1,0,0,0,0,,FALSE,5667500,3152500,,,Provider upArea too small to be included in calibration,2663,FALSE,1062,FALSE,GUYVA
EFAS,11,02664,USKOSY,32.060000,54.140000,0,0.000000,0.000000,,,0,0,0,0,,,0,,,Sozh,RU,2700,2600,Dnieper,,0,TRUE,0,1,0,0,0,0,,FALSE,5737500,3667500,,,Discharge data older than calibration period,2664,FALSE,1062,FALSE,SOZHENKA
EFAS,11,02665,SHIRKOVO,35.520000,51.410000,0,0.000000,0.000000,,,0,0,0,0,,,0,,,Dnieper,RU,300,530,Dnieper,,0,TRUE,0,1,0,0,0,0,,FALSE,6052500,3442500,,,Discharge data older than calibration period,2665,FALSE,1062,FALSE,PRUTISHCHE
EFAS,11,02666,BESEDINA,36.420000,51.680000,0,0.000000,0.000000,,,0,0,0,0,,,0,,,Dnieper,RU,750,630,Dnieper,,0,TRUE,0,1,0,0,0,0,,FALSE,6102500,3502500,,,Discharge data older than calibration period,2666,FALSE,1062,FALSE,RAT (TRIB. DESNA)
EFAS,11,02667,KRUPODERENTSY,29.330000,49.500000,0,0.000000,0.000000,,,0,0,0,0,,,0,,,Rostavista,UA,575,618,Dnieper,,0,TRUE,0,1,0,0,0,0,,FALSE,5702500,3117500,,,Discharge data older than calibration period,2667,FALSE,1062,FALSE,ROS
EFAS,11,02668,BARYSHIVKA,31.330000,50.360000,0,0.000000,0.000000,,,0,0,0,0,,,0,,,Trubizh,UA,5450,1990,Dnieper,,0,TRUE,0,1,0,0,0,0,,FALSE,5812500,3247500,,,Discharge data older than calibration period,2668,FALSE,1062,FALSE,TRUBEZH
EFAS,11,02669,PEREYASLAV-KHMELNYTSKYY,31.460000,50.080000,0,0.000000,0.000000,,,0,0,0,0,,,0,,,Trubizh,UA,7700,3430,Dnieper,,0,TRUE,0,1,0,0,0,0,,FALSE,5832500,3217500,,,Discharge data older than calibration period,2669,FALSE,1062,FALSE,TRUBEZH
EFAS,11,02670,NOVOGOROZHENOYE,32.350000,47.510000,0,0.000000,0.000000,,,0,0,0,0,,,0,,,Southern Bug,UA,6575,6670,Bug,,0,TRUE,0,1,0,0,0,0,,FALSE,5977500,2962500,,,Discharge data older than calibration period,2670,FALSE,1062,FALSE,INHUL
EFAS,11,02671,DNEPR POWER PLANT,35.150000,47.920000,0,0.000000,0.000000,,,0,0,0,0,,,0,,,Dnieper,UA,50,463000,Dnieper,,0,TRUE,0,1,0,0,0,0,,FALSE,6162500,3072500,,,Discharge data older than calibration period,2671,FALSE,1062,FALSE,DNEPR
EFAS,11,02672,KIEV (KYYIV),30.510000,50.430000,0,0.000000,0.000000,,,0,0,0,0,,,0,,,"Dnepr, Desna - Trubizh",UA,50,328000,Dnieper,,0,TRUE,0,1,0,0,0,0,,FALSE,5757500,3237500,,,Discharge data older than calibration period,2672,FALSE,1062,FALSE,DNEPR
EFAS,11,02673,KAKHOVSKOYE VODOKHRANILISHCHE GES,33.180000,46.770000,0,0.000000,0.000000,,,0,0,0,0,,,0,,,Dnieper,UA,25,482000,Dnieper,,0,TRUE,0,1,0,0,0,0,,FALSE,6062500,2902500,,,Discharge data older than calibration period,2673,FALSE,1062,FALSE,DNEPR
EFAS,11,02674,BALTI (BELTSY),27.920000,47.760000,0,0.000000,0.000000,,,0,0,0,0,,,0,,,Reut,MD,1125,1040,Reut,,0,TRUE,0,1,0,0,0,0,,FALSE,5647500,2902500,,,Discharge data older than calibration period,2674,FALSE,1062,FALSE,RAUTEL
EFAS,11,02675,TIGHINA (BENDERY),29.470000,46.830000,0,0.000000,0.000000,,,0,0,0,0,,,0,,,"Dnestr, below Reut",MD,25,66100,Dnesstr,,0,TRUE,0,1,0,0,0,0,,FALSE,5787500,2827500,,,Discharge data older than calibration period,2675,FALSE,1062,FALSE,DNIESTR
EFAS,11,02676,BASHTANOVKA,33.900000,44.680000,0,0.000000,0.000000,,,0,0,0,0,,,0,,,Black sea coastal and small river basins,UA,350,321,Kacha,,0,TRUE,0,1,0,0,0,0,,FALSE,6182500,2697500,,,Provider upArea too small to be included in calibration,2676,FALSE,1062,FALSE,KACHA (TRIB. BLACK SEA)
EFAS,11,02677,YALTA,34.160000,44.500000,0,0.000000,0.000000,,,0,0,0,0,,,0,,,Black sea coastal and small river basins,UA,75,49.7,Derekoy,,0,TRUE,0,1,0,0,0,0,,FALSE,6207500,2687500,,,Provider upArea too small to be included in calibration,2677,FALSE,1062,FALSE,DEREKOY
EFAS,11,02678,PIONERSKOE,34.200000,44.880000,0,0.000000,0.000000,,,0,0,0,0,,,0,,,Azov Sea coastal areas and small basins,UA,250,261,Salhyr,,0,TRUE,0,1,0,0,0,0,,FALSE,6197500,2727500,,,Provider upArea too small to be included in calibration,2678,FALSE,1062,FALSE,SALHYR
EFAS,11,02679,TOKMAK,35.700000,47.250000,0,0.000000,0.000000,,,0,0,0,0,,,0,,,Azov Sea coastal areas and small basins,UA,800,760,Molochna,,0,TRUE,0,1,0,0,0,0,,FALSE,6222500,3017500,,,Discharge data older than calibration period,2679,FALSE,1062,FALSE,MOLOCHNA
EFAS,11,02680,NOVOSELOVKA,38.140000,48.150000,0,0.000000,0.000000,,,0,0,0,0,,,0,,,Azov Sea coastal areas and small basins,UA,,582,Krynka,,1,FALSE,0,1,0,0,0,0,,FALSE,6357500,3177500,,,Out of XDOM  Discharge data older than calibration period,2680,FALSE,1062,FALSE,KRYNKA
EFAS,11,02681,TIKHOVSKY,38.220000,45.190000,0,0.000000,0.000000,,,0,0,0,0,,,0,HIST_24h,,KUBAN,RU,47825,48100,Kuban,3,0,TRUE,0,1,0,0,0,0,,TRUE,6482500,2867500,24,,seems regulated but no dam in lsf,2681,FALSE,1062,FALSE,KUBAN
EFAS,11,02682,KRASNODAR,38.970000,45.030000,0,0.000000,0.000000,,,0,0,0,0,,,0,HIST_24h,,KUBAN,RU,45375,45900,Kuban,0,0,TRUE,0,1,0,0,0,0,,FALSE,6537500,2872500,,,few data,2682,FALSE,1062,FALSE,KUBAN
EFAS,11,02683,KRYMSK,37.980000,44.920000,0,0.000000,0.000000,,,0,0,0,0,,,0,,,KUBAN,RU,350,328,Kuban,,0,TRUE,0,1,0,0,0,0,,FALSE,6477500,2832500,,,Provider upArea too small to be included in calibration,2683,FALSE,1062,FALSE,ADAGUM
EFAS,11,02684,SEVERSKAYA,38.670000,44.850000,0,0.000000,0.000000,,,0,0,0,0,,,0,,,KUBAN,RU,200,201,Kuban,,0,TRUE,0,1,0,0,0,0,,FALSE,6527500,2842500,,,Provider upArea too small to be included in calibration,2684,FALSE,1062,FALSE,UBINKA
EFAS,11,02685,GORYACHIY KLYUCH,39.130000,44.630000,0,0.000000,0.000000,,,0,0,0,0,,,0,,,KUBAN,RU,850,765,Kuban,,0,TRUE,0,1,0,0,0,0,,FALSE,6572500,2842500,,,Discharge data older than calibration period,2685,FALSE,1062,FALSE,PSEKOUPS
EFAS,11,02686,KRASNO-OKTIABRSKIY,40.090000,44.300000,0,0.000000,0.000000,,,0,0,0,0,,,0,,,KUBAN,RU,1800,765,Kuban,,0,TRUE,0,1,0,0,0,0,,FALSE,6657500,2837500,,,Discharge data older than calibration period,2686,FALSE,1062,FALSE,KURDZHIPS
EFAS,11,02687,TEBERDA,41.740000,43.440000,0,0.000000,0.000000,,,0,0,0,0,,,0,,,KUBAN,RU,575,504,Kuban,,0,TRUE,0,1,0,0,0,0,,FALSE,6807500,2797500,,,Discharge data older than calibration period,2687,FALSE,1062,FALSE,TEBERDA
EFAS,11,02688,IMENI KOSTA KHETAGUROVA,41.910000,43.800000,0,0.000000,0.000000,,,0,0,0,0,,,0,,,KUBAN,RU,3875,3800,Kuban,,0,TRUE,0,1,0,0,0,0,,FALSE,6807500,2842500,,,Discharge data older than calibration period,2688,FALSE,1062,FALSE,KUBAN
EFAS,11,02689,SVETLOGRAD,42.850000,45.330000,0,0.000000,0.000000,,,0,0,0,0,,,0,,,,RU,,4540,Kalaus,,1,FALSE,0,1,0,0,0,0,,FALSE,6802500,3032500,,,Out of XDOM  Discharge data older than calibration period,2689,FALSE,1062,FALSE,KALAUS
EFAS,11,02690,ALEKSANDRIYSKAYA,43.340000,44.220000,0,0.000000,0.000000,,,0,0,0,0,,,0,,,,RU,,3630,Kuma,,1,FALSE,0,1,0,0,0,0,,FALSE,6892500,2932500,,,Out of XDOM  Discharge data older than calibration period,2690,FALSE,1062,FALSE,KUMA (TRIB. CASPIAN SEA)
EFAS,11,02691,VLADIKAVKAZ (ORDZHONIKIDZE),44.660000,43.030000,0,0.000000,0.000000,,,0,0,0,0,,,0,,,Terek,RU,1500,1490,Terek,,0,TRUE,0,1,0,0,0,0,,FALSE,7042500,2857500,,,Discharge data older than calibration period,2691,FALSE,1062,FALSE,TEREK (TERGI)
EFAS,11,02692,GUERGUEBIL,46.960000,42.380000,0,0.000000,0.000000,,,0,0,0,0,,,0,,,Terek,RU,1550,1850,Terek,,0,TRUE,0,1,0,0,0,0,,FALSE,7237500,2882500,,,Discharge data older than calibration period,2692,FALSE,1062,FALSE,KAZIKUMUKHSKOYE KOYSU
EFAS,11,02693,LUCHEK,47.300000,41.610000,0,0.000000,0.000000,,,0,0,0,0,,,0,,,Caspian sea coastal catchments and small basins,RU,1450,481,Kara,,0,TRUE,0,1,0,0,0,0,,FALSE,7297500,2817500,,,Provider upArea too small to be included in calibration,2693,FALSE,1062,FALSE,KARA-SAMUR
EFAS,11,02694,TAT'YANOVKA,39.400000,43.950000,0,0.000000,0.000000,,,0,0,0,0,,,0,,,Black sea coastal and small river basins,RU,275,255,Psezuapse,,0,TRUE,0,1,0,0,0,0,,FALSE,6617500,2777500,,,Provider upArea too small to be included in calibration,2694,FALSE,1062,FALSE,PSEZUAPSE
EFAS,11,02695,SOLOKHAUL,39.670000,43.790000,0,0.000000,0.000000,,,0,0,0,0,,,0,,,Black sea coastal and small river basins,RU,425,423,Shakhe,,0,TRUE,0,1,0,0,0,0,,FALSE,6642500,2767500,,,Provider upArea too small to be included in calibration,2695,FALSE,1062,FALSE,SHAKHE
EFAS,11,02696,PLASTUNKA,39.820000,43.680000,0,0.000000,0.000000,,,0,0,0,0,,,0,,,Black sea coastal and small river basins,RU,275,238,Sochi,,0,TRUE,0,1,0,0,0,0,,FALSE,6657500,2762500,,,Provider upArea too small to be included in calibration,2696,FALSE,1062,FALSE,SOCHI
EFAS,11,02697,JIRKHVA (DZIRKHVA),40.370000,43.230000,0,0.000000,0.000000,,,0,0,0,0,,,0,,,Black sea coastal and small river basins,GE,1525,1410,Bzipi,,0,TRUE,0,1,0,0,0,0,,FALSE,6717500,2732500,,,Discharge data older than calibration period,2697,FALSE,1062,FALSE,BZIPI
EFAS,11,02698,LECHAKHARE,41.890000,42.310000,0,0.000000,0.000000,,,0,0,0,0,,,0,,,Rioni,GE,300,310,Rioni,,0,TRUE,0,1,0,0,0,0,,FALSE,6867500,2697500,,,Provider upArea too small to be included in calibration,2698,FALSE,1062,FALSE,KHOBI
EFAS,11,02699,KHIDMAGHALA,41.790000,42.040000,0,0.000000,0.000000,,,0,0,0,0,,,0,,,Black sea coastal and small river basins,GE,1175,1100,Supsa,,0,TRUE,0,1,0,0,0,0,,FALSE,6877500,2657500,,,Discharge data older than calibration period,2699,FALSE,1062,FALSE,SUPSA
EFAS,11,02700,KVEMO NATANEBI,41.800000,41.920000,0,0.000000,0.000000,,,0,0,0,0,,,0,,,Black sea coastal and small river basins,GE,625,469,Natanebi,,0,TRUE,0,1,0,0,0,0,,FALSE,6877500,2642500,,,Provider upArea too small to be included in calibration,2700,FALSE,1062,FALSE,NATANEBI
EFAS,11,02701,NAMOKHVANI,42.700000,42.420000,0,0.000000,0.000000,,,0,0,0,0,,,0,,,Rioni,GE,3550,3450,Rioni,,0,TRUE,0,1,0,0,0,0,,FALSE,6927500,2727500,,,Discharge data older than calibration period,2701,FALSE,1062,FALSE,RIONI
EFAS,11,02702,KAPS,43.710000,40.860000,0,0.000000,0.000000,,,0,0,0,0,,,0,,,KURA,AM,1000,839,KURA,,0,TRUE,0,1,0,0,0,0,,FALSE,7072500,2607500,,,Discharge data older than calibration period,2702,FALSE,1062,FALSE,AKHURYANI JRAMBAR
EFAS,11,02703,KORINTA,44.480000,42.180000,0,0.000000,0.000000,,,0,0,0,0,,,0,,,KURA,GE,525,461,KURA,,0,TRUE,0,1,0,0,0,0,,FALSE,7067500,2767500,,,Provider upArea too small to be included in calibration,2703,FALSE,1062,FALSE,KSANI
EFAS,11,02704,ZEMO MLETA (MLETI),44.490000,42.430000,0,0.000000,0.000000,,,0,0,0,0,,,0,,,KURA,GE,175,107,KURA,,0,TRUE,0,1,0,0,0,0,,FALSE,7057500,2792500,,,Provider upArea too small to be included in calibration,2704,FALSE,1062,FALSE,ARAGVI
EFAS,11,02705,GUGARK (MEGRUT),44.530000,40.800000,0,0.000000,0.000000,,,0,0,0,0,,,0,,,KURA,AM,1100,1070,KURA,,0,TRUE,0,1,0,0,0,0,,FALSE,7132500,2627500,,,Discharge data older than calibration period,2705,FALSE,1062,FALSE,DEBEDA
EFAS,11,02706,ZURNABAD,46.240000,40.500000,0,0.000000,0.000000,,,0,0,0,0,,,0,,,KURA,AZ,375,332,KURA,,0,TRUE,0,1,0,0,0,0,,FALSE,7277500,2662500,,,Provider upArea too small to be included in calibration,2706,FALSE,1062,FALSE,GANDZHACHAY
EFAS,11,02707,EYVAZLI,46.390000,39.430000,0,0.000000,0.000000,,,0,0,0,0,,,0,,,KURA,AZ,2200,2020,KURA,,0,TRUE,0,1,0,0,0,0,,FALSE,7337500,2562500,,,Discharge data older than calibration period,2707,FALSE,1062,FALSE,VOROTAN
EFAS,11,02708,SURRA,48.520000,40.070000,0,0.000000,0.000000,,,0,0,0,0,,,0,,,KURA,AZ,25,178000,KURA,,0,TRUE,0,1,0,0,0,0,,FALSE,7462500,2712500,,,Discharge data older than calibration period,2708,FALSE,1062,FALSE,KURA
EFAS,11,02709,Kresna,23.155500,41.784200,0,0.000000,0.000000,,,0,0,0,0,,,0,HIST_24h,,Strimonas,BG,7025,16885.48,Strimonas,3,0,TRUE,0,1,0,0,0,0,,TRUE,5412500,2167500,24,,,2709,FALSE,1062,FALSE,Strimonas
EFAS,11,02710,Marino Pole,23.319200,41.416900,0,0.000000,0.000000,,,0,0,0,0,,,0,HIST_24h,,Strimonas,BG,10225,10243,Strimonas,3,0,TRUE,0,1,0,0,0,0,,TRUE,5432500,2132500,24,,,2710,FALSE,1062,FALSE,STRUMA
EFAS,11,02711,Strumeshnitza,23.019400,41.393900,0,0.000000,0.000000,,,0,0,0,0,,,0,HIST_24h,,Strimonas,BG,1650,16885.48,Strimonas,3,0,TRUE,0,1,0,0,0,0,,TRUE,5412500,2127500,24,,Wrong area from provider,2711,FALSE,1062,FALSE,Strumeshnitza
EFAS,11,02712,Bobosheva,23.000500,42.154200,0,0.000000,0.000000,,,0,0,0,0,,,0,HIST_24h,,Strimonas,BG,4400,16885.48,Strimonas,3,0,TRUE,0,1,0,0,0,0,,TRUE,5392500,2207500,24,,Wrong area from provider,2712,FALSE,1062,FALSE,Strimonas
EFAS,11,02713,Ribarce,22.533000,42.417700,0,0.000000,0.000000,,,0,0,0,0,,,0,HIST_24h,,Strimonas,RS,825,16885.48,Strimonas,0,0,TRUE,0,1,0,0,0,1,,FALSE,5357500,2232500,24,,Wrong area from provider  after 2002 data are not consistent with upstream stations,2713,FALSE,1062,FALSE,Dragovistica
EFAS,11,02714,Ribarce,22.523000,42.416100,0,0.000000,0.000000,,,0,0,0,0,,,0,HIST_24h,,Strimonas,RS,100,16885.48,Strimonas,0,0,TRUE,0,1,0,0,0,1,,FALSE,5342500,2227500,24,,Wrong area from provider moved on affluent small LDD uparea,2714,FALSE,1062,FALSE,Dragovistica
EFAS,11,02715,Bosiljgrad,22.468600,42.496300,0,0.000000,0.000000,,,0,0,0,0,,,0,HIST_24h,,Strimonas,RS,450,16885.48,Strimonas,3,0,TRUE,0,1,0,0,0,1,,TRUE,5342500,2237500,24,,Wrong area from provider  moved on affluent,2715,FALSE,1062,FALSE,Dragovistica
EFAS,11,02716,Dupnitza,23.120300,42.267800,0,0.000000,0.000000,,,0,0,0,0,,,0,HIST_24h,,Strimonas,BG,725,16885.48,Strimonas,3,0,TRUE,0,1,0,0,0,0,,TRUE,5397500,2217500,24,,Wrong area from provider,2716,FALSE,1062,FALSE,Dzherman
EFAS,11,02717,Jaromer_labe,15.927500,50.342778,0,0.000000,0.000000,,,0,0,0,0,,,0,,,"Elbe, above Vltava",CZ,1875,13415.17,Elbe,,0,FALSE,0,0,0,0,0,0,,FALSE,4742500,3042500,,,No discharge data available for calibration period,2717,FALSE,1062,FALSE,Metuje
EFAS,11,02718,Tyniste nad Orlic,16.070000,50.148889,0,0.000000,0.000000,,,0,0,0,0,,,0,,,"Elbe, above Vltava",CZ,1650,13415.17,Elbe,,0,FALSE,0,0,0,0,0,0,,FALSE,4752500,3022500,,,No discharge data available for calibration period,2718,FALSE,1062,FALSE,Brodec
EFAS,11,02719,Dasice_loucn,15.908333,50.037500,0,0.000000,0.000000,,,0,0,0,0,,,0,,,"Elbe, above Vltava",CZ,600,13415.17,Elbe,,0,FALSE,0,0,0,0,0,0,,FALSE,4747500,3007500,,,No discharge data available for calibration period,2719,FALSE,1062,FALSE,Loucn
EFAS,11,02720,Nemosice_Chrudim,15.792778,50.016944,0,0.000000,0.000000,,,0,0,0,0,,,0,,,"Elbe, above Vltava",CZ,850,13415.17,Elbe,,0,FALSE,0,0,0,0,0,0,,FALSE,4742500,3002500,,,No discharge data available for calibration period,2720,FALSE,1062,FALSE,Chrudimka
EFAS,11,02721,Brandyl nad labem,14.668611,50.189167,0,0.000000,0.000000,,,0,0,0,0,,,0,HIST_24h,,"Elbe, above Vltava",CZ,13275,13415.17,Elbe,3,0,TRUE,0,1,0,0,0,0,,TRUE,4647500,3022500,24,,,2721,FALSE,1062,FALSE,Elbe
EFAS,11,02722,Vyss_Brott_Vitara,14.306389,48.625833,0,0.000000,0.000000,,,0,0,0,0,,,0,HIST_24h,,"Vltava, above SazavaBlanice",CZ,1150,13286.74,Elbe,3,0,TRUE,0,1,0,0,0,0,,TRUE,4642500,2847500,24,,Wrong area from provider  lake,2722,FALSE,1062,FALSE,Vltava
EFAS,11,02723,Roudn_Malsa,14.491944,48.935833,0,0.000000,0.000000,,,0,0,0,0,,,0,HIST_24h,,"Vltava, above SazavaBlanice",CZ,3050,13286.74,Elbe,0,0,TRUE,0,1,0,0,0,0,,FALSE,4647500,2887500,24,,Wrong area from provider  wrong location or wrong rating curve,2723,FALSE,1062,FALSE,Malse
EFAS,11,02724,katovice_otava,13.833056,49.270833,0,0.000000,0.000000,,,0,0,0,0,,,0,HIST_24h,,"Vltava, above SazavaBlanice",CZ,1325,13286.74,Elbe,3,0,TRUE,0,1,0,0,0,0,,TRUE,4602500,2912500,24,,Wrong area from provider,2724,FALSE,1062,FALSE,Otava
EFAS,11,02725,herman_blanice,14.133333,49.246389,0,0.000000,0.000000,,,0,0,0,0,,,0,HIST_24h,,"Vltava, above SazavaBlanice",CZ,775,13286.74,Elbe,3,0,TRUE,0,1,0,0,0,0,,TRUE,4622500,2912500,24,,Wrong area from provider  moved on affluent,2725,FALSE,1062,FALSE,Blanice
EFAS,11,02726,Miziya,23.861200,43.685000,0,0.000000,0.000000,,,0,0,0,0,,,0,HIST_24h,,Danube,BG,975,4522.94,Danube,3,0,TRUE,0,1,0,0,0,0,,TRUE,5437500,2382500,24,,Moved before confluence,2726,FALSE,1062,FALSE,Skat
EFAS,11,02727,Stenovice Uhlava,13.402778,49.677500,0,0.000000,0.000000,,,0,0,0,0,,,0,HIST_24h,,Berounka,CZ,900,8784.04,Elbe,0,0,TRUE,0,1,0,0,0,0,,FALSE,4567500,2957500,24,,Same location as 563  less data and uncertain location Wrong uparea from provider or wrong metadata,2727,FALSE,1062,FALSE,Uhlava
EFAS,11,02728,s.Svode,23.882300,43.026200,0,0.000000,0.000000,,,0,0,0,0,,,0,HIST_24h,,Iskar,BG,1325,8395.2,Danube,3,0,TRUE,0,1,0,0,0,0,,TRUE,5447500,2327500,24,,Wrong area from provider,2728,FALSE,1062,FALSE,Bebresh
EFAS,11,02729,Plzen Koterov_uslava,13.424167,49.713611,0,0.000000,0.000000,,,0,0,0,0,,,0,HIST_24h,,Berounka,CZ,700,8784.04,Elbe,3,0,TRUE,0,1,0,0,0,0,,TRUE,4572500,2957500,24,,Moved upstream of confluence,2729,FALSE,1062,FALSE,Asslava
EFAS,11,02730,Bejanovo ,24.408900,43.233100,0,0.000000,0.000000,,,0,0,0,0,,,0,HIST_24h,,Vit,BG,450,3323.31,Danube,3,0,TRUE,0,1,0,0,0,0,,TRUE,5487500,2347500,24,,moved on affluent,2730,FALSE,1062,FALSE,Kamenka
EFAS,11,02731,Sadovets ,24.372222,43.294444,0,0.000000,0.000000,,,0,0,0,0,,,0,HIST_24h,,Vit,BG,1800,3323.31,Danube,3,0,TRUE,0,1,0,0,0,0,,TRUE,5487500,2357500,24,,,2731,FALSE,1062,FALSE,Vit
EFAS,11,02732,Lovech ,24.722222,43.141667,0,0.000000,0.000000,,,0,0,0,0,,,0,HIST_24h,,"Danube, section Olt - Yantra",BG,1225,5497.6,Danube,3,0,TRUE,0,1,0,0,0,0,,TRUE,5517500,2347500,24,,Wrong area from provider,2732,FALSE,1062,FALSE,Osum
EFAS,11,02733,Raskov Morava,16.912778,50.041111,0,0.000000,0.000000,,,0,0,0,0,,,0,HIST_24h,,"Morava, above March",CZ,425,9809.42,Danube,3,0,TRUE,0,1,0,0,0,0,,TRUE,4812500,3012500,24,,Wrong area from provider,2733,FALSE,1062,FALSE,Morava
EFAS,11,02734,Moravicany Morava,16.977500,49.755833,0,0.000000,0.000000,,,0,0,0,0,,,0,HIST_24h,,"Morava, above March",CZ,2275,9809.42,Danube,0,0,TRUE,0,1,0,0,0,0,,FALSE,4827500,2977500,24,,Wrong area from provider  same data as 1963 but shorter period  use 1963,2734,FALSE,1062,FALSE,Morava
EFAS,11,02735,Lostice Trebuvka,16.932500,49.744722,0,0.000000,0.000000,,,0,0,0,0,,,0,HIST_24h,,"Morava, above March",CZ,550,9809.42,Danube,3,0,TRUE,0,1,0,0,0,0,,TRUE,4817500,2982500,24,,Moved on affluent - Wrong area from provider,2735,FALSE,1062,FALSE,Trebuvka
EFAS,11,02736,STANCENI,25.466667,46.966667,0,0.000000,0.000000,,,0,0,0,0,,,0,HIST_24h,,"Mures, above Tirnava",RO,1400,10878.22,Danube,3,0,TRUE,0,1,0,0,0,0,,TRUE,5482500,2767500,24,,Wrong area from provider,2736,FALSE,1062,FALSE,Creanga
EFAS,11,02737,GLODENI,24.616667,46.650000,0,0.000000,0.000000,,,0,0,0,0,,,0,HIST_24h,,"Mures, above Tirnava",RO,3900,10878.22,Danube,3,0,TRUE,0,1,0,0,0,0,,TRUE,5432500,2727500,24,,,2737,FALSE,1062,FALSE,Mures
EFAS,11,02738,LUDUS,24.100000,46.483333,0,0.000000,0.000000,,,0,0,0,0,,,0,HIST_24h,,"Mures, above Tirnava",RO,6600,10878.22,Danube,3,0,TRUE,0,1,0,0,0,0,,TRUE,5392500,2692500,24,,,2738,FALSE,1062,FALSE,Paraul de Campie
EFAS,11,02739,GELMAR,23.216667,45.916667,0,0.000000,0.000000,,,0,0,0,0,,,0,HIST_24h,,"Mures, below Tirnava",RO,20250,11851.5,Danube,3,0,TRUE,0,1,0,0,0,0,,TRUE,5347500,2627500,24,,,2739,FALSE,1062,FALSE,Mures
EFAS,11,02740,BRANISCA,22.783333,45.933333,0,0.000000,0.000000,,,0,0,0,0,,,0,HIST_24h,,"Mures, below Tirnava",RO,24650,11851.5,Danube,3,0,TRUE,0,1,0,0,0,0,,TRUE,5307500,2617500,24,,Moved on main stream,2740,FALSE,1062,FALSE,Mures
EFAS,11,02741,SAVARSIN,22.216667,46.000000,0,0.000000,0.000000,,,0,0,0,0,,,0,HIST_24h,,"Mures, below Tirnava",RO,25925,11851.5,Danube,3,0,TRUE,0,1,0,0,0,0,,TRUE,5262500,2622500,24,,Moved on main stream,2741,FALSE,1062,FALSE,Mures
EFAS,11,02742,Hrvatsko,14.710000,45.530000,0,0.000000,0.000000,,,0,0,0,0,,,0,HIST_24h,,Kupa,HR,475,8799.96,Danube,3,0,TRUE,0,1,0,0,0,1,,TRUE,4692500,2502500,24,,Wrong area from provider,2742,FALSE,1062,FALSE,Kupa
EFAS,11,02743,RADNA,21.683333,46.083333,0,0.000000,0.000000,,,0,0,0,0,,,0,HIST_24h,,"Mures, below Tirnava",RO,26900,11851.5,Danube,3,0,TRUE,0,1,0,0,0,0,,TRUE,5222500,2622500,24,,Moved on main stream,2743,FALSE,1062,FALSE,Mures
EFAS,11,02744,BECHET,23.950000,43.750000,0,0.000000,0.000000,,,0,0,0,0,,,0,HIST_24h,,Danube-Jiu,BG,601148,799.71,Danube,3,0,TRUE,0,1,0,0,0,0,,TRUE,5437500,2397500,24,,moved on main stream,2744,FALSE,1062,FALSE,Donau
EFAS,11,02745,TURNU MAGURELE,24.883333,43.700000,0,0.000000,0.000000,,,0,0,0,0,,,0,HIST_24h,,"Danube, section Olt - Yantra",BG,2925,5497.6,Danube,0,1,FALSE,0,1,0,0,0,0,,FALSE,5512500,2402500,24,,cannot be located on wrong LDD,2745,FALSE,1062,FALSE,Donau
EFAS,11,02746,OLTENITA,26.066667,44.066667,0,0.000000,0.000000,,,0,0,0,0,,,0,HIST_24h,,"Danube, section Lom - Arges",RO,676895,3498.76,Danube,3,0,TRUE,0,1,0,0,0,0,,TRUE,5642500,2472500,24,,moved on danube station coords are wrong,2746,FALSE,1062,FALSE,Dadilovat
EFAS,11,02747,BRAILA,27.983333,45.283333,0,0.000000,0.000000,,,0,0,0,0,,,0,HIST_24h,,"Danube, sector Ialomita - Siret",RO,709545,5699.53,Danube,3,0,TRUE,0,1,0,0,0,0,,TRUE,5717500,2632500,24,,moved on danube,2747,FALSE,1062,FALSE,Donau
EFAS,11,02748,ISACCEA,28.483333,45.283333,0,0.000000,0.000000,,,0,0,0,0,,,0,HIST_24h,,"Danube, sector Oz. Kagul",UA,785768,805700,Danube,2,0,TRUE,0,1,0,0,0,0,,FALSE,5757500,2642500,24,,moved on danube  close to 805,2748,FALSE,1062,FALSE,Donau
EFAS,11,02749,Tarnava Mica - BLAJ,23.911238,46.185890,0,0.000000,0.000000,,,0,0,0,0,,,0,HIST_24h,,Tirnava,RO,2050,6151.31,Danube,1,0,TRUE,0,1,0,0,0,0,,FALSE,5392500,2667500,24,,moved upstream of confluence but could be on wrong branch,2749,FALSE,1062,FALSE,Tarnava Mare
EFAS,11,02750,Janov Moravsk_dyje,15.436667,48.993333,0,0.000000,0.000000,,,0,0,0,0,,,0,HIST_24h,,Dyje,CZ,525,4678.82,Danube,3,0,TRUE,0,1,0,0,0,0,,TRUE,4722500,2887500,24,,Wrong area from provider,2750,FALSE,1062,FALSE,Dyje
EFAS,11,02751,STANCA AVAL,27.216667,47.816667,0,0.000000,0.000000,,,0,0,0,0,,,0,HIST_24h,,Prut,RO,13275,28389.96,Danube,3,0,TRUE,0,1,0,0,0,0,,TRUE,5602500,2887500,24,,Wrong area from provider  dam,2751,FALSE,1062,FALSE,Prut
EFAS,11,02752,UNGHENI,27.783333,47.216667,0,0.000000,0.000000,,,0,0,0,0,,,0,HIST_24h,,Prut,MD,21475,28389.96,Danube,3,0,TRUE,0,1,0,0,0,0,,TRUE,5657500,2832500,24,,strongly regulated,2752,FALSE,1062,FALSE,Prut
EFAS,11,02753,Vranov Hamry_dyje,15.820556,48.895000,0,0.000000,0.000000,,,0,0,0,0,,,0,HIST_24h,,Dyje,CZ,2375,4678.82,Danube,3,0,TRUE,0,1,0,0,0,0,,TRUE,4752500,2877500,24,,dam,2753,FALSE,1062,FALSE,Dyje
EFAS,11,02754,Pt_cov_Jihlava,15.936667,49.215278,0,0.000000,0.000000,,,0,0,0,0,,,0,HIST_24h,,Jihlava,CZ,1175,6931.37,Danube,3,0,TRUE,0,1,0,0,0,0,,TRUE,4757500,2912500,24,,Wrong area from provider,2754,FALSE,1062,FALSE,Klapovsky potok
EFAS,11,02755,Dupnitza,24.016667,42.272222,0,0.000000,0.000000,,,0,0,0,0,,,0,HIST_24h,,"Maritsa (Evros), above Tundzha",BG,1025,21508.94,Evros,0,0,TRUE,0,1,0,0,0,0,,FALSE,5482500,2237500,24,,Moved on main stream  unrealistic small discharge mayby wrong location or wrong LDD,2755,FALSE,1062,FALSE,Maritsa
EFAS,11,02756,s.Rajdavica,22.702778,42.397222,0,0.000000,0.000000,,,0,0,0,0,,,0,HIST_24h,,Strimonas,BG,3075,16885.48,Strimonas,0,0,TRUE,0,1,0,0,0,0,,FALSE,5367500,2227500,24,,Wrong drainage area from provider  Showed problems with precipitation in long term run,2756,FALSE,1062,FALSE,Strimonas
EFAS,11,02757,Boboshevo,23.000000,42.150000,0,0.000000,0.000000,,,0,0,0,0,,,0,HIST_24h,,Strimonas,BG,4300,16885.48,Strimonas,2,0,TRUE,0,1,0,0,0,0,,FALSE,5392500,2212500,24,,Wrong area from provider  same location as 2712,2757,FALSE,1062,FALSE,Strimonas
EFAS,11,02758,Mpole,23.320000,41.420000,0,0.000000,0.000000,,,0,0,0,0,,,0,HIST_24h,,Strimonas,BG,10925,16885.48,Strimonas,0,0,TRUE,0,1,0,0,0,0,,FALSE,5437500,2127500,24,,same data as 2757 with 0 and less data,2758,FALSE,1062,FALSE,Strimonas
EFAS,11,02759,Slankamen,20.270000,45.140000,0,0.000000,0.000000,,,0,0,0,0,,,0,,,Dunav,RS,405975,2399.65,Danube,,0,FALSE,0,0,0,0,0,1,,FALSE,5127500,2502500,,,Possibly wrong uparea or coords No discharge data available for calibration period,2759,FALSE,1062,FALSE,Donau
EFAS,11,02760,V. Gradište,21.530000,44.770000,0,0.000000,0.000000,,,0,0,0,0,,,0,,,"Danube, Velika Morava - Timok",RS,565750,7023.66,Danube,,0,FALSE,0,0,0,0,0,1,,FALSE,5232500,2477500,,,No discharge data available for calibration period,2760,FALSE,1062,FALSE,Donau
EFAS,11,02761,Beljin,19.950000,44.630000,0,0.000000,0.000000,,,0,0,0,0,,,0,,,"Sava, below Drina",RS,89375,5399.36,Danube,,0,FALSE,0,0,0,0,0,1,,FALSE,5107500,2442500,,,No discharge data available for calibration period,2761,FALSE,1062,FALSE,Sava
EFAS,11,02762,Kralje,15.853333,44.835278,0,0.000000,0.000000,,,0,0,0,0,,,0,,,Una,BA,2700,9073.65,Danube,,0,TRUE,0,1,0,0,0,1,,FALSE,4787500,2437500,,,No discharge data available for calibration period,2762,FALSE,1062,FALSE,Una
EFAS,11,02763,MaglajBosna,18.104167,44.569722,0,0.000000,0.000000,,,0,0,0,0,,,0,,,Bosna,BA,6850,10897.23,Danube,,0,TRUE,0,1,0,0,0,1,,FALSE,4962500,2422500,24,,No discharge data available for calibration period,2763,FALSE,1062,FALSE,Bosna
EFAS,11,02764,Reljevo,18.329444,43.887778,0,0.000000,0.000000,,,0,0,0,0,,,0,HIST_24h,,Bosna,BA,1300,10897.23,Danube,3,0,TRUE,0,1,0,0,0,1,,TRUE,4987500,2347500,24,,Wrong area from provider,2764,FALSE,1062,FALSE,Bosna
EFAS,11,02765,Zavidovici,18.147222,44.440000,0,0.000000,0.000000,,,0,0,0,0,,,0,,,Bosna,BA,6575,10897.23,Danube,,0,TRUE,0,1,0,0,0,1,,FALSE,4972500,2412500,24,,No discharge data available for calibration period,2765,FALSE,1062,FALSE,Bosna
EFAS,11,02766,La Meuse à Verdun [Pont Chaussée],5.386711,49.162089,0,0.000000,0.000000,,,0,0,0,0,,,0,HIST_24h,,Maas,FR,3400,33614.07,Meuse,0,0,TRUE,0,1,0,0,0,0,,FALSE,3982500,2912500,24,,Drainage area from provider is wrong  low quality data  wrong hidrometric zero,2766,FALSE,1062,FALSE,Meuse
EFAS,11,02767,La Meuse à Verdun [Pont Chaussée],5.367517,49.162818,0,0.000000,0.000000,,,0,0,0,0,,,0,HIST_24h,,Maas,FR,25,33614.07,Meuse,1,0,TRUE,0,1,0,0,0,0,,FALSE,3977500,2902500,24,,Drainage area from provider is wrong  Data are from a tiny subcatchment,2767,FALSE,1062,FALSE,Meuse
EFAS,11,02768,La Meuse à Chooz [Trou du Diable],4.782582,50.089050,0,0.000000,0.000000,,,0,0,0,0,,,0,HIST_24h,,Maas,FR,10500,33614.07,Meuse,0,0,TRUE,0,1,0,0,0,0,,FALSE,3952500,3017500,24,,Drainage area from provider is wrong  almost same location as 1356  less data,2768,FALSE,1062,FALSE,Meuse
EFAS,11,02769,Le Lunain à Épisy,2.774509,48.328968,0,0.000000,0.000000,,,0,0,0,0,,,0,HIST_24h,,Loing,FR,3600,4352.64,Seine,0,0,TRUE,0,1,0,0,0,0,,FALSE,3782500,2827500,24,,Extremely low data - wrong location,2769,FALSE,1062,FALSE,Loing
EFAS,11,02770,La Loire [Totale] à Nantes [Roche Maurice],-1.624350,47.194309,0,0.000000,0.000000,,,0,0,0,0,,,0,HIST_24h,,"Loire, below Maine",FR,115825,8703.72,Loire,3,0,TRUE,0,1,0,0,0,0,,TRUE,3442500,2742500,24,,Moved on Loire main stream,2770,FALSE,1062,FALSE,Loire
EFAS,11,02771,L'Adour à Saint-Vincent-De-Paul,-0.999911,43.733604,0,0.000000,0.000000,,,0,0,0,0,,,0,HIST_24h,,Adour,FR,7800,9421.21,Adour,3,0,TRUE,0,1,0,0,0,0,,TRUE,3432500,2357500,24,,,2771,FALSE,1062,FALSE,Adour
EFAS,11,02772,Le Doubs à Neublans-Abergement,5.350733,46.922498,0,0.000000,0.000000,,,0,0,0,0,,,0,HIST_24h,,"Saone, below Doubs",FR,7500,9802.48,Rhone,3,0,TRUE,0,1,0,0,0,0,,TRUE,3962500,2657500,24,,,2772,FALSE,1062,FALSE,Doubs
EFAS,11,02773,Berg,9.751025,48.245744,0,0.000000,0.000000,,,0,0,0,0,,,0,HIST_24h,C048,Upper Danube,DE,4050,3975,Danube,3,0,TRUE,0,1,0,0,0,0,,TRUE,4297500,2792500,24,,,2773,FALSE,1062,FALSE,Donau
EFAS,11,02774,Wels,14.259087,48.208864,0,0.000000,0.000000,,,0,0,0,0,,,0,HIST_24h,C052,Upper Danube,AT,3775,3950,Danube,3,0,TRUE,0,1,0,0,0,0,,TRUE,4637500,2797500,24,,,2774,FALSE,1062,FALSE,Traun
EFAS,11,02775,ZahorskaVes,16.847868,48.394257,0,0.000000,0.000000,,,0,0,0,0,,,0,HIST_24h,C054,Upper Danube,AT,25925,26550,Danube,3,0,TRUE,0,1,0,0,0,0,,TRUE,4832500,2827500,24,,,2775,FALSE,1062,FALSE,March
EFAS,11,02776,La Garonne a Verdun sur Garonne,1.253316,43.821974,0,0.000000,0.000000,,,0,0,0,0,,,0,HIST_24h,C067,Garonne,FR,13800,13730,Garonne,3,0,TRUE,0,1,0,0,0,0,,TRUE,3617500,2342500,24,,,2776,FALSE,1062,FALSE,Garonne
EFAS,11,02777,Pougny,6.006196,46.191003,0,0.000000,0.000000,,,0,0,0,0,,,0,HIST_24h,C094,Rhone,CH,10050,9800,Rhone,0,0,TRUE,0,1,0,0,0,0,,FALSE,4022500,2572500,,,Lake  Extremely low quality data,2777,FALSE,1062,FALSE,Rhone
EFAS,11,02778,Duero En San Esteban - Navapalos,-3.124271,41.526366,0,0.000000,0.000000,,,0,0,0,0,,,0,HIST_24h,C110,Duero,ES,6425,6398,Duero,3,0,TRUE,0,1,0,0,0,0,,TRUE,3227500,2142500,24,,,2778,FALSE,1062,FALSE,Duero
EFAS,11,02779,Duero En Herrera De Duero,-4.659339,41.585396,0,0.000000,0.000000,,,0,0,0,0,,,0,HIST_24h,C111,Duero,ES,12750,12740,Duero,3,0,TRUE,0,1,0,0,0,0,,TRUE,3102500,2172500,24,,,2779,FALSE,1062,FALSE,Duero
EFAS,11,02780,Guadiana En Luciana,-4.298699,38.980045,0,0.000000,0.000000,,,0,0,0,0,,,0,HIST_24h,C119,Guadiana,ES,21325,21072,Guadiana,3,0,TRUE,0,1,0,0,0,0,,TRUE,3082500,1882500,24,,,2780,FALSE,1062,FALSE,Guadiana
EFAS,11,02781,Guadiana En VillanuevaDeLaSerena,-5.774949,39.023483,0,0.000000,0.000000,,,0,0,0,0,,,0,HIST_24h,C120,Guadiana,ES,35100,34771,Guadiana,3,0,TRUE,0,1,0,0,0,0,,TRUE,2957500,1912500,24,,,2781,FALSE,1062,FALSE,Guadiana
EFAS,11,02782,Guadiana En AzudDeBadajoz,-6.982046,38.908316,0,0.000000,0.000000,,,0,0,0,0,,,0,HIST_24h,C121,Guadiana,ES,48525,48530,Guadiana,2,0,TRUE,0,1,0,0,0,0,,FALSE,2852500,1922500,,,Close to 328 older data,2782,FALSE,1062,FALSE,Guadiana
EFAS,11,02783,Zujar En Villanueva De La Serena,-5.584071,38.962838,0,0.000000,0.000000,,,0,0,0,0,,,0,HIST_24h,C122,Guadiana,ES,8325,8508,Guadiana,0,0,TRUE,0,1,0,0,0,0,,FALSE,2967500,1902500,,,extremely low quality data,2783,FALSE,1062,FALSE,Zujar
EFAS,11,02784,Jucar En El Picazo,-2.113476,39.463511,0,0.000000,0.000000,,,0,0,0,0,,,0,HIST_24h,C125,Jucar,ES,3250,3248,Jucar,3,0,TRUE,0,1,0,0,0,0,,TRUE,3282500,1907500,24,,Dam,2784,FALSE,1062,FALSE,Jucar
EFAS,11,02785,Jucar En Alcala Del Jucar,-1.419982,39.182738,0,0.000000,0.000000,,,0,0,0,0,,,0,HIST_24h,C126,Jucar,ES,10700,10785,Jucar,3,0,TRUE,0,1,0,0,0,0,,TRUE,3342500,1862500,24,,,2785,FALSE,1062,FALSE,Jucar
EFAS,11,02786,Mijares En Villarreal,-0.145363,39.963287,0,0.000000,0.000000,,,0,0,0,0,,,0,HIST_24h,C127,Mijares,ES,2600,2504,Mijares,3,0,TRUE,0,1,0,0,0,0,,TRUE,3452500,1932500,24,,Moved downstream  dam low,2786,FALSE,1062,FALSE,Mijares
EFAS,11,02787,Carignano,7.680941,44.888394,0,0.000000,0.000000,,,0,0,0,0,,,0,HIST_24h,C130,Po,IT,3825,3775,Po,3,0,TRUE,0,1,0,0,0,0,,TRUE,4137500,2417500,24,,,2787,FALSE,1062,FALSE,Po
EFAS,11,02788,Palestro,8.556035,45.264705,0,0.000000,0.000000,,,0,0,0,0,,,0,HIST_24h,C131,Po,IT,3025,2825,Po,3,0,TRUE,0,1,0,0,0,0,,TRUE,4202500,2457500,24,,,2788,FALSE,1062,FALSE,Sesia
EFAS,11,02789,Candoglia,8.473748,45.939429,0,0.000000,0.000000,,,0,0,0,0,,,0,HIST_24h,C133,Po,IT,1625,1650,Po,3,0,TRUE,0,1,0,0,0,0,,TRUE,4197500,2537500,24,,,2789,FALSE,1062,FALSE,Lago di Mergozzo
EFAS,11,02790,Spessa,9.321514,45.092155,0,0.000000,0.000000,,,0,0,0,0,,,0,HIST_24h,C136,Po,IT,39000,38950,Po,3,0,TRUE,0,1,0,0,0,0,,TRUE,4277500,2442500,24,,Use after 01-1991 for change to hydrometric zero,2790,FALSE,1062,FALSE,Po
EFAS,11,02791,Borgoforte,10.779306,45.046386,0,0.000000,0.000000,,,0,0,0,0,,,0,HIST_24h,C139,Po,IT,63275,63675,Po,3,0,TRUE,0,1,0,0,0,0,,TRUE,4387500,2437500,24,,,2791,FALSE,1062,FALSE,Po
EFAS,11,02792,Segura En Almadenes,-1.548164,38.253592,0,0.000000,0.000000,,,0,0,0,0,,,0,HIST_24h,C142,Segura,ES,7475,7111,Segura,3,0,TRUE,0,1,0,0,0,0,,TRUE,3307500,1762500,24,,Dam,2792,FALSE,1062,FALSE,Segura
EFAS,11,02793,Segura En Contraparada,-1.221693,38.018463,0,0.000000,0.000000,,,0,0,0,0,,,0,HIST_24h,C144,Segura,ES,10800,11175,Segura,0,1,FALSE,0,1,0,0,0,0,,FALSE,3332500,1727500,,,DO NOT USE Wrong location wrong upstream area not consistent with upstream station,2793,FALSE,1062,FALSE,Segura
EFAS,11,02794,Segura En Beniel,-0.997130,38.044746,0,0.000000,0.000000,,,0,0,0,0,,,0,HIST_24h,C145,Segura,ES,14325,13478,Segura,3,0,TRUE,0,1,0,0,0,0,,TRUE,3347500,1727500,24,,unrealistic small discharge,2794,FALSE,1062,FALSE,Segura
EFAS,11,02795,Tajo En Trillo,-2.586965,40.682699,0,0.000000,0.000000,,,0,0,0,0,,,0,HIST_24h,C146,Tejo,ES,3200,3253,Tajo,3,0,TRUE,0,1,0,0,0,0,,TRUE,3262500,2042500,24,,,2795,FALSE,1062,FALSE,Tajo
EFAS,11,02796,Tajo En LaPortusa,-4.199871,39.865939,0,0.000000,0.000000,,,0,0,0,0,,,0,HIST_24h,C147,Tejo,ES,27150,27159,Tajo,0,1,FALSE,0,1,0,0,0,0,,FALSE,3112500,1977500,,,DO NOT USE low quality data - wrong location,2796,FALSE,1062,FALSE,Tajo
EFAS,11,02797,Jarama En Mejorada Del Campo,-3.489346,40.425179,0,0.000000,0.000000,,,0,0,0,0,,,0,HIST_24h,C148,Tejo,ES,6975,7005,Tajo,3,0,TRUE,0,1,0,0,0,0,,TRUE,3172500,2022500,24,,,2797,FALSE,1062,FALSE,Jarama
EFAS,11,02798,Henares En Espinillos,-3.431364,40.433180,0,0.000000,0.000000,,,0,0,0,0,,,0,HIST_24h,C149,Tejo,ES,4000,4031,Tajo,3,0,TRUE,0,1,0,0,0,0,,TRUE,3182500,2027500,24,,,2798,FALSE,1062,FALSE,Henares
EFAS,11,02799,Turia o Guadalaviar En Teruel,-1.097356,40.360934,0,0.000000,0.000000,,,0,0,0,0,,,0,HIST_24h,C152,Turia,ES,2425,2357,Turia,3,0,TRUE,0,1,0,0,0,0,,TRUE,3377500,1982500,24,,,2799,FALSE,1062,FALSE,Turia o Guadalviar
EFAS,11,02800,Turia o Guadalaviar En Zagra,-1.127365,39.855836,0,0.000000,0.000000,,,0,0,0,0,,,0,HIST_24h,C153,Turia,ES,4050,4052,Turia,3,0,TRUE,0,1,0,0,0,0,,TRUE,3367500,1927500,24,,,2800,FALSE,1062,FALSE,Turia o Guadalviar
EFAS,11,02801,Turia o Guadalaviar En LaPresa,-0.484318,39.517086,0,0.000000,0.000000,,,0,0,0,0,,,0,HIST_24h,C154,Turia,ES,6300,6294,Turia,3,0,TRUE,0,1,0,0,0,0,,TRUE,3422500,1882500,24,,,2801,FALSE,1062,FALSE,Turia o Guadalviar
EFAS,11,02802,Brandys,14.643740,50.175246,0,0.000000,0.000000,,,0,0,0,0,,,0,HIST_24h,C157,Elbe,CZ,13050,13075,Elbe,2,1,FALSE,0,1,0,0,0,0,,FALSE,4652500,3017500,,,DO NOT USE Same as 2721,2802,FALSE,1062,FALSE,Labe
EFAS,11,02803,SazavaPorice,14.613328,49.861266,0,0.000000,0.000000,,,0,0,0,0,,,0,HIST_24h,C158,Elbe,CZ,4250,4125,Elbe,2,0,TRUE,0,1,0,0,0,0,,FALSE,4647500,2982500,,,Moved a bit downstream  Close to 562,2803,FALSE,1062,FALSE,Sazava
EFAS,11,02804,Camburg,11.733439,51.065776,0,0.000000,0.000000,,,0,0,0,0,,,0,HIST_24h,C166,Elbe,DE,3925,3850,Elbe,3,0,TRUE,0,1,0,0,0,0,,TRUE,4442500,3107500,24,,,2804,FALSE,1062,FALSE,Saale
EFAS,11,02805,ANGERMANAELVEN,17.257818,63.184780,0,0.000000,0.000000,,,0,0,0,0,,,0,HIST_24h,C230,Angermanelven,SE,31000,30638,Angermanalven,3,0,TRUE,0,1,0,0,0,0,,TRUE,4687500,4472500,24,,obscillations strongly regulated moved downstream of confluence,2805,FALSE,1062,FALSE,Sollefteae Krv
EFAS,11,02806,Esera En Graus,0.328942,42.240219,0,0.000000,0.000000,,,0,0,0,0,,,0,HIST_24h,C288,Ebro,ES,900,893,Ebro,3,0,TRUE,0,1,0,0,0,0,,TRUE,3522500,2177500,24,,,2806,FALSE,1062,FALSE,Esera
EFAS,11,02807,Pancrudo En Navarrete Del Rio,-1.259262,40.935155,0,0.000000,0.000000,,,0,0,0,0,,,0,,C293,Ebro,ES,300,364,Ebro,,0,TRUE,0,1,0,0,0,0,,FALSE,3377500,2047500,,,Provider upArea too small to be included in calibration,2807,FALSE,1062,FALSE,Pancrudo
EFAS,11,02808,Isabena En Capella,0.396107,42.201230,0,0.000000,0.000000,,,0,0,0,0,,,0,,C295,Ebro,ES,425,426,Ebro,,0,TRUE,0,1,0,0,0,0,,FALSE,3532500,2172500,,,Provider upArea too small to be included in calibration,2808,FALSE,1062,FALSE,Isabena
EFAS,11,02809,Esca En Sigues,-1.027335,42.646365,0,0.000000,0.000000,,,0,0,0,0,,,0,HIST_24h,C297,Ebro,ES,500,506,Ebro,3,0,TRUE,0,1,0,0,0,0,,TRUE,3417500,2237500,24,,,2809,FALSE,1062,FALSE,Esca
EFAS,11,02810,Ega En Estella,-2.017633,42.669733,0,0.000000,0.000000,,,0,0,0,0,,,0,HIST_24h,C299,Ebro,ES,1000,943,Ebro,3,0,TRUE,0,1,0,0,0,0,,TRUE,3337500,2252500,24,,,2810,FALSE,1062,FALSE,Ega
EFAS,11,02811,Ayuda En Berantevilla,-2.828458,42.706506,0,0.000000,0.000000,,,0,0,0,0,,,0,,C300,Ebro,ES,325,307,Ebro,,0,TRUE,0,1,0,0,0,0,,FALSE,3267500,2272500,,,Provider upArea too small to be included in calibration,2811,FALSE,1062,FALSE,Ayuda
EFAS,11,02812,Alcanadre En Lascellas,-0.135708,42.103395,0,0.000000,0.000000,,,0,0,0,0,,,0,HIST_24h,C302,Ebro,ES,550,501,Ebro,3,0,TRUE,0,1,0,0,0,0,,TRUE,3487500,2172500,24,,,2812,FALSE,1062,FALSE,Alcanadre
EFAS,11,02813,Noguera Ribagorzana En Pont De Suert,0.728473,42.414159,0,0.000000,0.000000,,,0,0,0,0,,,0,HIST_24h,C308,Ebro,ES,525,558,Ebro,3,0,TRUE,0,1,0,0,0,0,,TRUE,3557500,2192500,24,,,2813,FALSE,1062,FALSE,Noguera Ribagorzana
EFAS,11,02814,Bayas En Miranda De Ebro,-2.898363,42.743215,0,0.000000,0.000000,,,0,0,0,0,,,0,,C309,Ebro,ES,250,318,Ebro,,0,TRUE,0,1,0,0,0,0,,FALSE,3272500,2267500,,,Provider upArea too small to be included in calibration,2814,FALSE,1062,FALSE,Bayas
EFAS,11,02815,Algas En Batea,0.210038,41.091954,0,0.000000,0.000000,,,0,0,0,0,,,0,,C311,Ebro,ES,325,335,Ebro,,0,TRUE,0,1,0,0,0,0,,FALSE,3497500,2057500,,,Provider upArea too small to be included in calibration,2815,FALSE,1062,FALSE,Algas
EFAS,11,02816,Manubles En Ateca,-1.821495,41.370969,0,0.000000,0.000000,,,0,0,0,0,,,0,,C312,Ebro,ES,450,446,Ebro,,0,TRUE,0,1,0,0,0,0,,FALSE,3332500,2107500,,,Provider upArea too small to be included in calibration,2816,FALSE,1062,FALSE,Manubles
EFAS,11,02818,Hron,18.657613,47.859835,0,0.000000,0.000000,,,0,0,0,0,,,0,HIST_24h,C449,Danube,sk,5350,5325,Danube,3,0,TRUE,0,1,0,0,0,0,,TRUE,4967500,2787500,24,,,2818,FALSE,1062,FALSE,Hron
EFAS,11,02819,Kupari ,14.688432,45.531150,0,0.000000,0.000000,,,0,0,0,0,,,0,,C450,Sava,HR,250,375,Danube,,0,TRUE,0,1,0,0,0,0,,FALSE,4687500,2507500,,,Provider upArea too small to be included in calibration,2819,FALSE,1062,FALSE,Kupa
EFAS,11,02820,Donja Suvaja,16.110005,44.400003,0,0.000000,0.000000,,,0,0,0,0,,,0,,C455,Sava,HR,150,400,Danube,,0,TRUE,0,1,0,0,0,0,,FALSE,4807500,2387500,,,Provider upArea too small to be included in calibration,2820,FALSE,1062,FALSE,Una
EFAS,11,02821,Casalecchio Chiusa,11.272775,44.455488,0,0.000000,0.000000,,,0,0,0,0,,,0,HIST_24h,C465,Reno,IT,1050,1050,Reno,3,0,TRUE,0,1,0,0,0,0,,TRUE,4422500,2372500,24,,,2821,FALSE,1062,FALSE,Reno
EFAS,11,02822,Farigliano,7.885694,44.486889,0,0.000000,0.000000,,,0,0,0,0,,,0,HIST_24h,C466,Po,IT,1450,1150,Po,3,0,TRUE,0,1,0,0,0,0,,TRUE,4152500,2372500,24,,,2822,FALSE,1062,FALSE,Tanaro
EFAS,11,02823,Asti,8.249440,44.899441,0,0.000000,0.000000,,,0,0,0,0,,,0,HIST_24h,C471,Po,IT,4475,4800,Po,3,0,TRUE,0,1,0,0,0,0,,TRUE,4187500,2417500,24,,,2823,FALSE,1062,FALSE,Tanaro
EFAS,11,02824,Fossano,7.695741,44.527959,0,0.000000,0.000000,,,0,0,0,0,,,0,HIST_24h,C472,Po,IT,1400,1850,Po,3,0,TRUE,0,1,0,0,0,0,,TRUE,4142500,2387500,24,,,2824,FALSE,1062,FALSE,Stura Demonte
EFAS,11,02825,Alessandria,8.629642,44.860026,0,0.000000,0.000000,,,0,0,0,0,,,0,HIST_24h,C473,Po,IT,2700,2350,Po,3,0,TRUE,0,1,0,0,0,0,,TRUE,4212500,2417500,24,,,2825,FALSE,1062,FALSE,Bormida
EFAS,11,02826,Cassine,8.568805,44.769048,0,0.000000,0.000000,,,0,0,0,0,,,0,HIST_24h,C475,Po,IT,1625,1550,Po,3,0,TRUE,0,1,0,0,0,0,,TRUE,4207500,2402500,24,,,2826,FALSE,1062,FALSE,Bormida
EFAS,11,02827,Isola S.Antonio,8.815250,45.042593,0,0.000000,0.000000,,,0,0,0,0,,,0,HIST_24h,C476,Po,IT,25575,25875,Po,3,0,TRUE,0,1,0,0,0,0,,TRUE,4227500,2437500,24,,,2827,FALSE,1062,FALSE,Po
EFAS,11,02828,CASTIGLIONE TORINESE,7.798389,45.116352,0,0.000000,0.000000,,,0,0,0,0,,,0,HIST_24h,C481,Po,IT,7575,7600,Po,3,0,TRUE,0,1,0,0,0,0,,TRUE,4147500,2447500,24,,,2828,FALSE,1062,FALSE,Po
EFAS,11,02829,HONE PONTE SR DORA,7.714561,45.610386,0,0.000000,0.000000,,,0,0,0,0,,,0,HIST_24h,C482,Po,IT,2825,2825,Po,3,0,TRUE,0,1,0,0,0,0,,TRUE,4142500,2507500,24,,after 11-2001,2829,FALSE,1062,FALSE,Baltea
EFAS,11,02830,QUINTO VERCELLESE,8.361251,45.397058,0,0.000000,0.000000,,,0,0,0,0,,,0,HIST_24h,C483,Po,IT,1025,975,Po,3,0,TRUE,0,1,0,0,0,0,,TRUE,4192500,2477500,24,,,2830,FALSE,1062,FALSE,Cervo
EFAS,11,02831,GUADALB MEN,-3.791365,37.953926,0,0.000000,0.000000,,,0,0,0,0,,,0,HIST_24h,C490,Guadalquivir,ES,1000,900,Guadalquivir,0,1,FALSE,0,1,0,0,0,0,,FALSE,3107500,1752500,,,DO NOT USE same location as 977  use 977,2831,FALSE,1062,FALSE,Guadalquivir
EFAS,11,02832,GUADIEL MEN,-3.874770,38.079369,0,0.000000,0.000000,,,0,0,0,0,,,0,HIST_24h,C491,Guadalquivir,ES,750,1175,Guadalquivir,3,0,TRUE,0,1,0,0,0,0,,TRUE,3102500,1777500,24,,,2832,FALSE,1062,FALSE,Guadalquivir
EFAS,11,02833,NEGRATIN 5043,-3.025459,37.558294,0,0.000000,0.000000,,,0,0,0,0,,,0,,C497,Guadalquivir,ES,150,179,Guadalquivir,,0,TRUE,0,1,0,0,0,0,,FALSE,3172500,1702500,,,Provider upArea too small to be included in calibration,2833,FALSE,1062,FALSE,Guadiana Menor o Baza
EFAS,11,02834,GUADALEN 5004,-3.491787,38.180532,0,0.000000,0.000000,,,0,0,0,0,,,0,,C498,Guadalquivir,ES,1350,275,Guadalquivir,,0,TRUE,0,1,0,0,0,0,,FALSE,3137500,1782500,,,Provider upArea too small to be included in calibration  Relocated using SAHI UTM coords,2834,FALSE,1062,FALSE,Guadalen
EFAS,11,02835,GIRIBAILE 5070,-3.473860,38.091386,0,0.000000,0.000000,,,0,0,0,0,,,0,HIST_24h,C500,Guadalquivir,ES,1375,834,Guadalquivir,3,0,TRUE,0,1,0,0,0,0,,TRUE,3137500,1777500,24,,dam strongly regulated,2835,FALSE,1062,FALSE,Guadalimar
EFAS,11,02836,RUMBLAR 5005,-3.781153,38.184778,0,0.000000,0.000000,,,0,0,0,0,,,0,,C501,Guadalquivir,ES,650,180,Guadalquivir,,0,TRUE,0,1,0,0,0,0,,FALSE,3107500,1782500,,,Provider upArea too small to be included in calibration  Relocated using SAHI UTM coords,2836,FALSE,1062,FALSE,Grande
EFAS,11,02837,JANDULA 5007,-3.967831,38.249216,0,0.000000,0.000000,,,0,0,0,0,,,0,,C502,Guadalquivir,ES,225,338,Guadalquivir,,0,TRUE,0,1,0,0,0,0,,FALSE,3147500,1737500,,,Provider upArea too small to be included in calibration  Relocated using SAHI UTM coords,2837,FALSE,1062,FALSE,Jandula o Fresneda
EFAS,11,02838,YEGUAS 5049,-4.163780,38.082460,0,0.000000,0.000000,,,0,0,0,0,,,0,,C503,Guadalquivir,ES,675,249,Guadalquivir,,0,TRUE,0,1,0,0,0,0,,FALSE,3072500,1787500,,,Provider upArea too small to be included in calibration  Relocated using SAHI UTM coords,2838,FALSE,1062,FALSE,Yeguas o Pradillo
EFAS,11,02839,GUADALMELLATO 5062,-4.686114,38.094679,0,0.000000,0.000000,,,0,0,0,0,,,0,,C504,Guadalquivir,ES,1275,111,Guadalquivir,,0,TRUE,0,1,0,0,0,0,,FALSE,3032500,1787500,,,Provider upArea too small to be included in calibration  Relocated using SAHI UTM coords,2839,FALSE,1062,FALSE,Cuzna o Guadalmellato
EFAS,11,02840,SanRafaelDeNavallana 5051,-4.666652,38.005816,0,0.000000,0.000000,,,0,0,0,0,,,0,,C505,Guadalquivir,ES,1300,111,Guadalquivir,,0,TRUE,0,1,0,0,0,0,,FALSE,3032500,1782500,,,Provider upArea too small to be included in calibration  Relocated using SAHI UTM coords,2840,FALSE,1062,FALSE,Cuzna o Guadalmellato
EFAS,11,02841,VADOMOJON 5066,-4.246675,37.656771,0,0.000000,0.000000,,,0,0,0,0,,,0,,C506,Guadalquivir,ES,1250,154,Guadalquivir,,0,TRUE,0,1,0,0,0,0,,FALSE,3062500,1732500,,,Provider upArea too small to be included in calibration  Relocated using SAHI UTM coords,2841,FALSE,1062,FALSE,Guadajoz o Almedinilla
EFAS,11,02842,PUENTE NUEVO 5036,-4.909571,38.059714,0,0.000000,0.000000,,,0,0,0,0,,,0,HIST_24h,C507,Guadalquivir,ES,1075,985,Guadalquivir,3,0,TRUE,0,1,0,0,0,0,,TRUE,3012500,1792500,24,,dam strongly regulated moved downstream of dam,2842,FALSE,1062,FALSE,Guadiato
EFAS,11,02843,BEMBEZAR 5012,-5.224231,37.917559,0,0.000000,0.000000,,,0,0,0,0,,,0,,C508,Guadalquivir,ES,1700,210,Guadalquivir,,0,TRUE,0,1,0,0,0,0,,FALSE,2982500,1782500,,,Provider upArea too small to be included in calibration  Relocated according to SAHI coords,2843,FALSE,1062,FALSE,Bembezar
EFAS,11,02844,IZNAJAR 5026,-4.338320,37.275335,0,0.000000,0.000000,,,0,0,0,0,,,0,,C509,Guadalquivir,ES,4700,89,Guadalquivir,,0,TRUE,0,1,0,0,0,0,,FALSE,3042500,1697500,,,Provider upArea too small to be included in calibration  Relocated using SAHI UTM coords,2844,FALSE,1062,FALSE,Genil
EFAS,11,02845,HUESNA 5056,-5.704285,37.746730,0,0.000000,0.000000,,,0,0,0,0,,,0,,C510,Guadalquivir,ES,500,276,Guadalquivir,,0,TRUE,0,1,0,0,0,0,,FALSE,2937500,1772500,,,Provider upArea too small to be included in calibration  Relocated according to SAHI coords,2845,FALSE,1062,FALSE,Huesna
EFAS,11,02846,EL PINTADO 5011,-5.933660,37.984473,0,0.000000,0.000000,,,0,0,0,0,,,0,,C511,Guadalquivir,ES,1175,264,Guadalquivir,,0,TRUE,0,1,0,0,0,0,,FALSE,2922500,1802500,,,Provider upArea too small to be included in calibration  Relocated according to SAHI coords,2846,FALSE,1062,FALSE,Viar
EFAS,11,02847,ALCALA DEL RIO 5035,-5.939868,37.522842,0,0.000000,0.000000,,,0,0,0,0,,,0,HIST_24h,C512,Guadalquivir,ES,47275,197,Guadalquivir,3,0,TRUE,0,1,0,0,0,0,,TRUE,2912500,1752500,24,,Provider upArea too small to be included in calibration  Relocated according to SAHI coords  stationis on main stream Area from provider is wrong,2847,FALSE,1062,FALSE,Guadalquivir
EFAS,11,02848,ZUFRE 5054,-6.301549,37.829396,0,0.000000,0.000000,,,0,0,0,0,,,0,,C513,Guadalquivir,ES,850,231,Guadalquivir,,0,TRUE,0,1,0,0,0,0,,FALSE,2887500,1787500,,,Provider upArea too small to be included in calibration  Relocated according to SAHI coords,2848,FALSE,1062,FALSE,Huelva
EFAS,11,02849,MEQUINENZA,0.226562,41.366495,0,0.000000,0.000000,,,0,0,0,0,,,0,HIST_24h,C514,Ebro,ES,57925,56597,Ebro,3,0,TRUE,0,1,0,0,0,0,,TRUE,3497500,2087500,24,,,2849,FALSE,1062,FALSE,Ebro
EFAS,11,02850,EBRO,-4.064674,42.952672,0,0.000000,0.000000,,,0,0,0,0,,,0,,C515,Ebro,ES,450,467,Ebro,,0,TRUE,0,1,0,0,0,0,,FALSE,3177500,2312500,,,Provider upArea too small to be included in calibration,2850,FALSE,1062,FALSE,Ebro
EFAS,11,02851,GRADO I,0.216233,42.183843,0,0.000000,0.000000,,,0,0,0,0,,,0,HIST_24h,C517,Ebro,ES,2175,2137,Ebro,3,0,TRUE,0,1,0,0,0,0,,TRUE,3512500,2172500,24,,,2851,FALSE,1062,FALSE,Cina
EFAS,11,02852,SAN LORENZO MONGAY,0.870469,41.882158,0,0.000000,0.000000,,,0,0,0,0,,,0,HIST_24h,C522,Ebro,ES,7150,6845,Ebro,0,1,FALSE,0,1,0,0,0,0,,FALSE,3562500,2132500,,,DO NOT USE Wrong location  Station cannnot be located downstream of confluence and upstream of dam,2852,FALSE,1062,FALSE,Segre
EFAS,11,02853,RIALB,1.282134,41.964312,0,0.000000,0.000000,,,0,0,0,0,,,0,HIST_24h,C523,Ebro,ES,2950,2958,Ebro,2,0,TRUE,0,1,0,0,0,0,,FALSE,3597500,2137500,,,Close to 617 older data,2853,FALSE,1062,FALSE,Segre
EFAS,11,02854,ITOIZ ,-1.362908,42.791203,0,0.000000,0.000000,,,0,0,0,0,,,0,,C524,Ebro,ES,525,491,Ebro,,0,TRUE,0,1,0,0,0,0,,FALSE,3392500,2257500,,,Provider upArea too small to be included in calibration,2854,FALSE,1062,FALSE,Irati
EFAS,11,02855,RIBARROJA,0.424956,41.249437,0,0.000000,0.000000,,,0,0,0,0,,,0,HIST_24h,C525,Ebro,ES,81000,81045,Ebro,2,0,TRUE,0,1,0,0,0,0,,FALSE,3512500,2072500,,,close to 636,2855,FALSE,1062,FALSE,Ebro
EFAS,11,02856,LA SOTONERA,-0.681719,42.092101,0,0.000000,0.000000,,,0,0,0,0,,,0,,C526,Ebro,ES,350,329,Ebro,,0,TRUE,0,1,0,0,0,0,,FALSE,3437500,2177500,,,Provider upArea too small to be included in calibration,2856,FALSE,1062,FALSE,Soton
EFAS,11,02857,ESCALES,0.742327,42.324605,0,0.000000,0.000000,,,0,0,0,0,,,0,HIST_24h,C527,Ebro,ES,700,731,Ebro,2,0,TRUE,0,1,0,0,0,0,,FALSE,3557500,2182500,,,Dam  close to 630,2857,FALSE,1062,FALSE,Noguera Ribagorzana
EFAS,11,02858,BARASONA-JOAQUIN COSTA,0.343322,42.150719,0,0.000000,0.000000,,,0,0,0,0,,,0,HIST_24h,C528,Ebro,ES,1550,1484,Ebro,3,0,TRUE,0,1,0,0,0,0,,TRUE,3522500,2167500,24,,,2858,FALSE,1062,FALSE,Esera
EFAS,11,02859,ZUJAR,-5.460529,38.936943,0,0.000000,0.000000,,,0,0,0,0,,,0,HIST_24h,C529,Guadiana,ES,7625,7548,Guadiana,3,0,TRUE,0,1,0,0,0,0,,TRUE,2982500,1897500,24,,,2859,FALSE,1062,FALSE,Zujar
EFAS,11,02860,ORELLANA,-5.527559,38.972043,0,0.000000,0.000000,,,0,0,0,0,,,0,HIST_24h,C530,Guadiana,ES,26425,26175,Guadiana,1,0,TRUE,0,1,0,0,0,0,,FALSE,2977500,1902500,,,dam strongly regulated with missing data,2860,FALSE,1062,FALSE,Guadiana
EFAS,11,02861,Ciguela En Villafranca De Los Caballeros,-3.331709,39.394215,0,0.000000,0.000000,,,0,0,0,0,,,0,HIST_24h,C532,Guadiana,ES,3275,2557,Guadiana,3,0,TRUE,0,1,0,0,0,0,,TRUE,3177500,1917500,24,,,2861,FALSE,1062,FALSE,Ciguela
EFAS,11,02862,Zancara En Alcazar,-3.199345,39.320892,0,0.000000,0.000000,,,0,0,0,0,,,0,HIST_24h,C533,Guadiana,ES,5775,5506,Guadiana,0,0,TRUE,0,1,0,0,0,0,,FALSE,3187500,1902500,,,low quality data almost zero everywhere,2862,FALSE,1062,FALSE,Zancara
EFAS,11,02863,Lempaala plus Kuokkalankoski,23.709272,61.316362,0,0.000000,0.000000,,,0,0,0,0,,,0,HIST_24h,C580,Kokem,FI,8625,8589,Kokem,3,0,TRUE,0,1,0,0,0,0,,TRUE,5057500,4322500,24,,dams upstream,2863,FALSE,1062,FALSE,Kuokkalankoski
EFAS,11,02864,Vilppulankoski,24.509573,62.019155,0,0.000000,0.000000,,,0,0,0,0,,,0,HIST_24h,C581,Kokem,FI,2425,2356,Kokem,3,0,TRUE,0,1,0,0,0,0,,TRUE,5067500,4402500,24,,,2864,FALSE,1062,FALSE,Savilahti
EFAS,11,02865,Muroleenkoski,23.943000,61.844542,0,0.000000,0.000000,,,0,0,0,0,,,0,HIST_24h,C582,Kokem,FI,6150,6175,Kokem,3,0,TRUE,0,1,0,0,0,0,,TRUE,5052500,4377500,24,,,2865,FALSE,1062,FALSE,KOKEMAENJOKI
EFAS,11,02866,Hartolankoski,22.867266,61.348144,0,0.000000,0.000000,,,0,0,0,0,,,0,HIST_24h,C583,Kokem,FI,21450,21447,Kokem,0,0,TRUE,0,1,0,0,0,0,,FALSE,5002500,4307500,,,large oscillations low quality data,2866,FALSE,1062,FALSE,Liekovesi
EFAS,11,02867,Loimijoki Maurialankoski,22.687069,61.135463,0,0.000000,0.000000,,,0,0,0,0,,,0,HIST_24h,C584,Kokem,FI,2650,2717,Kokem,3,0,TRUE,0,1,0,0,0,0,,TRUE,5002500,4287500,24,,,2867,FALSE,1062,FALSE,Loimijoki
EFAS,11,02868,Lankoski,21.711890,61.811318,0,0.000000,0.000000,,,0,0,0,0,,,0,HIST_24h,C585,Kokemaenjoki-Archipelago Sea-Bothnian Sea,FI,2900,2971,Kokemaenjoki,3,0,TRUE,0,1,0,0,0,0,,TRUE,4937500,4352500,24,,,2868,FALSE,1062,FALSE,Merikarvianjoki
EFAS,11,02869,Perus,21.580896,62.232447,0,0.000000,0.000000,,,0,0,0,0,,,0,HIST_24h,C586,Isojoki,FI,1225,1155,Isojoki,3,0,TRUE,0,1,0,0,0,0,,TRUE,4917500,4397500,24,,,2869,FALSE,1062,FALSE,LAPVAEAERTINJOKI
EFAS,11,02870,Allmanningsforsen,21.379813,62.476150,0,0.000000,0.000000,,,0,0,0,0,,,0,HIST_24h,C587,Narpionjoki,FI,925,1022,Narpionjoki,3,0,TRUE,0,1,0,0,0,0,,TRUE,4907500,4417500,24,,,2870,FALSE,1062,FALSE,Narpion
EFAS,11,02871,Kauhajoen saanNpato,22.403072,62.577491,0,0.000000,0.000000,,,0,0,0,0,,,0,HIST_24h,C588,Kyronjoki,FI,900,1072,Kyronjoki,0,0,TRUE,0,1,0,0,0,0,,FALSE,4962500,4442500,,,low quality data there is no low flow  same location as 2872 but different station  impossible to locate,2871,FALSE,1062,FALSE,Kyronjoki
EFAS,11,02872,Jalasjoen saanNpato,22.498434,62.569550,0,0.000000,0.000000,,,0,0,0,0,,,0,HIST_24h,C589,Kyronjoki,FI,850,1055,Kyronjoki,0,0,TRUE,0,1,0,0,0,0,,FALSE,4967500,4442500,,,low quality data there is no low flow,2872,FALSE,1062,FALSE,Kyronjoki
EFAS,11,02873,Kaitfors,23.392623,63.685009,0,0.000000,0.000000,,,0,0,0,0,,,0,HIST_24h,C591,Perhonjoki,FI,2325,2519,Perhonjoki,3,0,TRUE,0,1,0,0,0,0,,TRUE,4977500,4577500,24,,,2873,FALSE,1062,FALSE,Perhon
EFAS,11,02874,Lankela,24.874574,64.748215,0,0.000000,0.000000,,,0,0,0,0,,,0,HIST_24h,C592,Siikajoki,FI,4100,4109,Siikajoki,3,0,TRUE,0,1,0,0,0,0,,TRUE,5022500,4707500,24,,,2874,FALSE,1062,FALSE,Siikajoki
EFAS,11,02875,Lieksanjoki Lieksankoski,30.010207,63.330069,0,0.000000,0.000000,,,0,0,0,0,,,0,HIST_24h,C593,Neva,FI,8100,8307,Neva,3,0,TRUE,0,1,0,0,0,0,,TRUE,5312500,4607500,24,,,2875,FALSE,1062,FALSE,Lieksanjoki
EFAS,11,02876,Koitajoki Lylykoski,30.775389,62.802288,0,0.000000,0.000000,,,0,0,0,0,,,0,HIST_24h,C594,Neva,FI,3875,3892,Neva,3,0,TRUE,0,1,0,0,0,0,,TRUE,5362500,4567500,24,,,2876,FALSE,1062,FALSE,Saarilahti
EFAS,11,02877,Onkivesi Viannonkoski,27.241472,63.205960,0,0.000000,0.000000,,,0,0,0,0,,,0,HIST_24h,C595,Neva,FI,5800,5876,Neva,3,0,TRUE,0,1,0,0,0,0,,TRUE,5187500,4557500,24,,,2877,FALSE,1062,FALSE,Ahkiolahden kanava
EFAS,11,02878,Kuolimo-luusua,27.719976,61.291920,0,0.000000,0.000000,,,0,0,0,0,,,0,HIST_24h,C596,Neva,FI,1050,1075,Neva,3,0,TRUE,0,1,0,0,0,0,,TRUE,5267500,4367500,24,,,2878,FALSE,1062,FALSE,Saimaa
EFAS,11,02879,Karnajarvi Kellankoski,25.891912,63.168787,0,0.000000,0.000000,,,0,0,0,0,,,0,HIST_24h,C597,"Kymijoki, Keitele catchment",FI,1575,1713,Kymijoki,3,0,TRUE,0,1,0,0,0,0,,TRUE,5122500,4537500,24,,,2879,FALSE,1062,FALSE,Rauskajarvi
EFAS,11,02880,Kiimasjarvi Hietamankoski,25.588085,62.600214,0,0.000000,0.000000,,,0,0,0,0,,,0,HIST_24h,C598,"Kymijoki, Keitele catchment",FI,2950,3061,Kymijoki,3,0,TRUE,0,1,0,0,0,0,,TRUE,5117500,4477500,24,,use from 01-2004,2880,FALSE,1062,FALSE,Kymijoki
EFAS,11,02881,Hankavesi-luusua,26.698406,62.618265,0,0.000000,0.000000,,,0,0,0,0,,,0,HIST_24h,C599,Kymijoki sub-catchment,FI,5025,4986,Kymijoki,3,0,TRUE,0,1,0,0,0,0,,TRUE,5177500,4492500,24,,,2881,FALSE,1062,FALSE,Hancavesi
EFAS,11,02882,Jaasjarvi-luusua,26.041350,61.581902,0,0.000000,0.000000,,,0,0,0,0,,,0,HIST_24h,C600,Kymijoki,FI,1600,1600,Kymijoki,3,0,TRUE,0,1,0,0,0,0,,TRUE,5162500,4367500,24,,,2882,FALSE,1062,FALSE,Tainionvirta
EFAS,11,02883,Mankala,26.270702,60.909629,0,0.000000,0.000000,,,0,0,0,0,,,0,HIST_24h,C601,Kymijoki,FI,28225,28349,Kymijoki,3,0,TRUE,0,1,0,0,0,0,,TRUE,5202500,4307500,24,,,2883,FALSE,1062,FALSE,Kymijoki
EFAS,11,02884,Verla,26.630072,61.052783,0,0.000000,0.000000,,,0,0,0,0,,,0,HIST_24h,C602,"Kymijoki, sub-catchment Puulavesi - Suonne",FI,5825,5776,Kymijoki,3,0,TRUE,0,1,0,0,0,0,,TRUE,5212500,4322500,24,,,2884,FALSE,1062,FALSE,Iso-Kamponen
EFAS,11,02885,Vaatajansuvanto,27.961943,65.499746,0,0.000000,0.000000,,,0,0,0,0,,,0,HIST_24h,C604,Iijoki,FI,4150,4101,Iijoki,3,0,TRUE,0,1,0,0,0,0,,TRUE,5147500,4812500,24,,,2885,FALSE,1062,FALSE,Iijoki
EFAS,11,02886,Jaurakkajarvi-luusua,27.652766,65.207284,0,0.000000,0.000000,,,0,0,0,0,,,0,HIST_24h,C605,Iijoki,FI,2550,2588,Iijoki,3,0,TRUE,0,1,0,0,0,0,,TRUE,5137500,4782500,24,,,2886,FALSE,1062,FALSE,Jaurakkajarvi
EFAS,11,02887,Livojoki Hanhikoski,26.836320,65.481038,0,0.000000,0.000000,,,0,0,0,0,,,0,HIST_24h,C606,Iijoki,FI,2150,2151,Iijoki,3,0,TRUE,0,1,0,0,0,0,,TRUE,5102500,4807500,24,,,2887,FALSE,1062,FALSE,Livojoki
EFAS,11,02888,Oulankajoki,29.394421,66.367311,0,0.000000,0.000000,,,0,0,0,0,,,0,HIST_24h,C615,Oulankajoki,FI,2100,2113,Oulankajoki,3,0,TRUE,0,1,0,0,0,0,,TRUE,5187500,4927500,24,,,2888,FALSE,1062,FALSE,KOUTAJOKI
EFAS,11,02889,Kitkajoki Kayla,29.115034,66.305802,0,0.000000,0.000000,,,0,0,0,0,,,0,HIST_24h,C616,Oulankajoki,FI,1800,1900,Oulankajoki,0,0,TRUE,0,1,0,0,0,0,,FALSE,5177500,4917500,,,it is a small affluent possibly wrong code,2889,FALSE,1062,FALSE,Kitkajoki
EFAS,11,02890,TORSEBRO KRV [POWERSTATION] ON HELGE A,14.120339,56.090179,0,0.000000,0.000000,,,0,0,0,0,,,0,HIST_24h,C617,Helge,SE,3600,3616,Helge,3,0,TRUE,0,1,0,0,0,0,,TRUE,4577500,3672500,24,,obscillations  strongly regulated,2890,FALSE,1062,FALSE,Helge
EFAS,11,02891,GRANSEL,20.393281,65.831940,0,0.000000,0.000000,,,0,0,0,0,,,0,HIST_24h,C626,Pitealven,SE,7050,7024,Pitealven,3,0,TRUE,0,1,0,0,0,0,,TRUE,4787500,4782500,24,,,2891,FALSE,1062,FALSE,Pite
EFAS,11,02892,GRADA KRV,15.038276,60.609480,0,0.000000,0.000000,,,0,0,0,0,,,0,HIST_24h,C628,Dalklven,SE,12175,12354,Dalalven,3,0,TRUE,0,1,0,0,0,0,,TRUE,4597500,4177500,24,,lake oscillations,2892,FALSE,1062,FALSE,Osterdalaven
EFAS,11,02893,MOCKFJaRD KRV,14.927358,60.478016,0,0.000000,0.000000,,,0,0,0,0,,,0,HIST_24h,C629,Dalaven,SE,8625,8660,Dalalven,3,0,TRUE,0,1,0,0,0,0,,TRUE,4597500,4167500,24,,,2893,FALSE,1062,FALSE,Vasterdal
EFAS,11,02894,SaFFLE DAMM,12.899704,59.092813,0,0.000000,0.000000,,,0,0,0,0,,,0,HIST_24h,C630,Glafsfjord,SE,4825,4793,Gota,3,0,TRUE,0,1,0,0,0,0,,TRUE,4487500,4007500,24,,,2894,FALSE,1062,FALSE,Byalven
EFAS,11,02895,EDSVALLA KRV,13.193451,59.446488,0,0.000000,0.000000,,,0,0,0,0,,,0,HIST_24h,C631,Norsa,SE,4150,4167,Gota,3,0,TRUE,0,1,0,0,0,0,,TRUE,4502500,4037500,24,,Strongly regulated,2895,FALSE,1062,FALSE,Norsalven
EFAS,11,02896,HIssMOFORS KRV,14.502377,63.335376,0,0.000000,0.000000,,,0,0,0,0,,,0,HIST_24h,C632,Indals,SE,12300,12353,Indalsalven,3,0,TRUE,0,1,0,0,0,0,,TRUE,4552500,4477500,24,,lake  oscillations strongly regulated,2896,FALSE,1062,FALSE,Indals
EFAS,11,02897,HARRSELE KRV,19.519375,64.016155,0,0.000000,0.000000,,,0,0,0,0,,,0,HIST_24h,C633,Umeliven,SE,13650,13624,Umealven,3,0,TRUE,0,1,0,0,0,0,,TRUE,4787500,4577500,24,,large oscillations regulated,2897,FALSE,1062,FALSE,Umeliven
EFAS,11,02898,YNGEREDSFORSEN,12.739571,57.026513,0,0.000000,0.000000,,,0,0,0,0,,,0,HIST_24h,C634,Atran,SE,2625,2606,Atran,3,0,TRUE,0,1,0,0,0,0,,TRUE,4492500,3777500,24,,,2898,FALSE,1062,FALSE,Atran
EFAS,11,02899,BJoRNA KRV,18.564553,63.571375,0,0.000000,0.000000,,,0,0,0,0,,,0,HIST_24h,C636,Gidealven,SE,3050,3013,Gidealven,3,0,TRUE,0,1,0,0,0,0,,TRUE,4747500,4522500,24,,,2899,FALSE,1062,FALSE,Gide
EFAS,11,02900,oSTAVALLSELET,15.434929,62.446484,0,0.000000,0.000000,,,0,0,0,0,,,0,HIST_24h,C638,Ljungan,SE,5425,5393,Ljungan,3,0,TRUE,0,1,0,0,0,0,,TRUE,4607500,4387500,24,,obscillations regulated,2900,FALSE,1062,FALSE,Ljungan
EFAS,11,02901,NYBRO,15.529660,61.358824,0,0.000000,0.000000,,,0,0,0,0,,,0,HIST_24h,C639,Ljusnan,SE,2300,2448,Ljusnan,3,0,TRUE,0,1,0,0,0,0,,TRUE,4622500,4262500,24,,,2901,FALSE,1062,FALSE,Voxnan
EFAS,11,02902,DoNJE KRV,16.382509,61.414357,0,0.000000,0.000000,,,0,0,0,0,,,0,HIST_24h,C640,Ljusnan,SE,14925,14930,Ljusnan,3,0,TRUE,0,1,0,0,0,0,,TRUE,4662500,4272500,24,,obscillations  strongly regulated,2902,FALSE,1062,FALSE,Ljusnan
EFAS,11,02903,SVEGS KRV,14.312913,62.031505,0,0.000000,0.000000,,,0,0,0,0,,,0,HIST_24h,C641,Ljusnan,SE,8550,8558,Ljusnan,3,0,TRUE,0,1,0,0,0,0,,TRUE,4552500,4332500,24,,,2903,FALSE,1062,FALSE,Ljusnan
EFAS,11,02904,Barkaldfoss,10.882679,61.956225,0,0.000000,0.000000,,,0,0,0,0,,,0,HIST_24h,C642,Glomma,NO,6775,7020,Glomma,3,0,TRUE,0,1,0,0,0,0,,TRUE,4367500,4312500,24,,,2904,FALSE,1062,FALSE,Glomma
EFAS,11,02905,Eikhomkilen,8.379349,58.933859,0,0.000000,0.000000,,,0,0,0,0,,,0,HIST_24h,C646,Nidelva,NO,1050,1075,Nidelva,3,0,TRUE,0,1,0,0,0,0,,TRUE,4232500,3987500,24,,dam regulated,2905,FALSE,1062,FALSE,Fyreselv
EFAS,11,02906,Holmfoss i NumedalslAgen,10.026171,59.168309,0,0.000000,0.000000,,,0,0,0,0,,,0,HIST_24h,C647,Lagen,NO,5175,5188,Lagen,2,1,FALSE,0,1,0,0,0,0,,FALSE,4317500,4012500,,,DO NOT USE Same location as 1131,2906,FALSE,1062,FALSE,Numedalslagen
EFAS,11,02907,Rauma v-Venge,7.708302,62.527131,0,0.000000,0.000000,,,0,0,0,0,,,0,HIST_24h,C651,Rauma,NO,1250,1272,Rauma,2,0,TRUE,0,1,0,0,0,0,,FALSE,4202500,4382500,,,close to 1075,2907,FALSE,1062,FALSE,Rauma
EFAS,11,02908,UTTERSHAUSEN,9.307951,51.076658,0,0.000000,0.000000,,,0,0,0,0,,,0,HIST_24h,C658,Weser,DE,975,1000,Weser,3,0,TRUE,0,1,0,0,0,0,,TRUE,4272500,3107500,24,,,2908,FALSE,1062,FALSE,SCHWALM (DE-HE)
EFAS,11,02909,PARK ON DEE [SCOTLAND],-2.312548,57.062947,0,0.000000,0.000000,,,0,0,0,0,,,0,HIST_24h,C674,Dee,UK,1775,1863,Dee,0,1,FALSE,0,1,0,0,0,0,,FALSE,3572500,3837500,,,DO NOT USE same location as 2322 and same data  use 2322,2909,FALSE,1062,FALSE,Dee
EFAS,11,02910,VILLAFRANCA PELLICE,7.495517,44.793934,0,0.000000,0.000000,,,0,0,0,0,,,0,HIST_24h,C685,Po,IT,1000,998,Po,3,0,TRUE,0,1,0,0,0,0,,TRUE,4122500,2412500,24,,,2910,FALSE,1062,FALSE,Pellice
EFAS,11,02911,NAVE DI ROSANO,11.443693,43.776682,0,0.000000,0.000000,,,0,0,0,0,,,0,HIST_24h,C686,Arno,IT,4000,4148,Arno,3,0,TRUE,0,1,0,0,0,0,,TRUE,4427500,2297500,24,,missing data,2911,FALSE,1062,FALSE,Sieve
EFAS,11,02912,S GIOVANNI ALLA VENA,10.575392,43.694966,0,0.000000,0.000000,,,0,0,0,0,,,0,HIST_24h,C687,Arno,IT,8050,8054,Arno,3,0,TRUE,0,1,0,0,0,0,,TRUE,4372500,2282500,24,,after 01-2002,2912,FALSE,1062,FALSE,Canale Imperiale
EFAS,11,02913,La Vire a Montmartin-en-Graignes,-1.155430,49.267208,0,0.000000,0.000000,,,0,0,0,0,,,0,HIST_24h,C690,Vire,FR,1175,1248,Vire,3,0,TRUE,0,1,0,0,0,0,,TRUE,3512500,2972500,24,,,2913,FALSE,1062,FALSE,Vire
EFAS,11,02914,Le Therain a Maysel,2.384058,49.247373,0,0.000000,0.000000,,,0,0,0,0,,,0,HIST_24h,C691,Seine,FR,1200,1234,Seine,3,0,TRUE,0,1,0,0,0,0,,TRUE,3767500,2932500,24,,,2914,FALSE,1062,FALSE,Therain
EFAS,11,02915,L Eure a Louviers,1.147570,49.201576,0,0.000000,0.000000,,,0,0,0,0,,,0,HIST_24h,C692,Seine,FR,5900,5968,Seine,3,0,TRUE,0,1,0,0,0,0,,TRUE,3682500,2942500,24,,,2915,FALSE,1062,FALSE,Eure
EFAS,11,02916,L Essonne a Ballancourt-sur-Essonne,2.358866,48.522901,0,0.000000,0.000000,,,0,0,0,0,,,0,HIST_24h,C693,Seine,FR,1875,1950,Seine,0,0,TRUE,0,1,0,0,0,0,,FALSE,3762500,2857500,,,Extremely low data - possibly wrong code,2916,FALSE,1062,FALSE,Essonne
EFAS,11,02917,La Meurthe a Malzeville,6.146498,48.719132,0,0.000000,0.000000,,,0,0,0,0,,,0,HIST_24h,C694,Rhine,FR,3100,3103,Rhine,1,1,FALSE,0,1,0,0,0,0,,FALSE,4042500,2857500,,,DO NOT USE uncertaion location maybe downstream of confluence,2917,FALSE,1062,FALSE,Meurthe
EFAS,11,02918,La Seine a Mery-sur-Seine [apres creation grands lacs],3.854593,48.525768,0,0.000000,0.000000,,,0,0,0,0,,,0,HIST_24h,C695,Seine,FR,4025,4017,Seine,3,0,TRUE,0,1,0,0,0,0,,TRUE,3862500,2842500,24,,,2918,FALSE,1062,FALSE,Seine
EFAS,11,02919,Le Blavet a Languidic [Quellenec],-3.215897,47.856604,0,0.000000,0.000000,,,0,0,0,0,,,0,HIST_24h,C696,Blavet,FR,2075,2057,Blavet,3,0,TRUE,0,1,0,0,0,0,,TRUE,3332500,2832500,24,,,2919,FALSE,1062,FALSE,Blavet
EFAS,11,02920,La Vilaine a Rieux,-2.129208,47.573685,0,0.000000,0.000000,,,0,0,0,0,,,0,HIST_24h,C697,Vilaine,FR,10100,10205,Vilaine,3,0,TRUE,0,1,0,0,0,0,,TRUE,3407500,2792500,24,,,2920,FALSE,1062,FALSE,Vilaine
EFAS,11,02921,La Sarthe a Neuville-sur-Sarthe [Montreuil],0.194769,48.079971,0,0.000000,0.000000,,,0,0,0,0,,,0,HIST_24h,C698,Loire,FR,2700,2732,Loire,3,0,TRUE,0,1,0,0,0,0,,TRUE,3592500,2822500,24,,,2921,FALSE,1062,FALSE,Sarthe
EFAS,11,02922,Le Loir a Villavard,0.925532,47.780739,0,0.000000,0.000000,,,0,0,0,0,,,0,HIST_24h,C699,Loire,FR,4675,4712,Loire,3,0,TRUE,0,1,0,0,0,0,,TRUE,3637500,2782500,24,,,2922,FALSE,1062,FALSE,Loir
EFAS,11,02923,Le Clain a Dissay,0.389265,46.692635,0,0.000000,0.000000,,,0,0,0,0,,,0,HIST_24h,C700,Loire,FR,2925,2920,Loire,3,0,TRUE,0,1,0,0,0,0,,TRUE,3587500,2667500,24,,,2923,FALSE,1062,FALSE,Clain
EFAS,11,02924,Le Lay a Mareuil-sur-Lay-Dissais,-1.228343,46.535026,0,0.000000,0.000000,,,0,0,0,0,,,0,HIST_24h,C701,Lay,FR,1325,1270,Lay,3,0,TRUE,0,1,0,0,0,0,,TRUE,3462500,2667500,24,,,2924,FALSE,1062,FALSE,Lay
EFAS,11,02925,Le Dropt a Loubens,-0.074122,44.608310,0,0.000000,0.000000,,,0,0,0,0,,,0,HIST_24h,C702,Garonne,FR,1175,1222,Garonne,3,0,TRUE,0,1,0,0,0,0,,TRUE,3527500,2447500,24,,,2925,FALSE,1062,FALSE,Dropt
EFAS,11,02926,Le Gers a Layrac,0.647510,44.086153,0,0.000000,0.000000,,,0,0,0,0,,,0,HIST_24h,C703,Garonne,FR,1075,1227,Garonne,3,0,TRUE,0,1,0,0,0,0,,TRUE,3572500,2377500,24,,,2926,FALSE,1062,FALSE,Gers
EFAS,11,02927,L Herault a Agde [Bassin Rond],3.494228,43.309400,0,0.000000,0.000000,,,0,0,0,0,,,0,HIST_24h,C704,Hrrault,FR,2650,2625,Hrrault,3,0,TRUE,0,1,0,0,0,0,,TRUE,3792500,2267500,24,,,2927,FALSE,1062,FALSE,Herault
EFAS,11,02928,L Aude a Moussan [Moussoulens-ecluse],2.948327,43.227870,0,0.000000,0.000000,,,0,0,0,0,,,0,HIST_24h,C705,Aude,FR,4925,4920,Aude,3,0,TRUE,0,1,0,0,0,0,,TRUE,3752500,2262500,24,,,2928,FALSE,1062,FALSE,Aude
EFAS,11,02929,laufermuehle,10.922193,49.726396,0,0.000000,0.000000,,,0,0,0,0,,,0,HIST_24h,C708,Rhine,DE,875,999,Rhine,3,0,TRUE,0,1,0,0,0,0,,TRUE,4387500,2957500,24,,,2929,FALSE,1062,FALSE,Aisch
EFAS,11,02930,La Sarthe a Saint-Denis-d Anjou [Beffes],-0.358431,47.802286,0,0.000000,0.000000,,,0,0,0,0,,,0,HIST_24h,C710,Loire,FR,7575,7528,Loire,3,0,TRUE,0,1,0,0,0,0,,TRUE,3547500,2792500,24,,,2930,FALSE,1062,FALSE,Sarthe
EFAS,11,02931,L Ill a Strasbourg [Chasseur Froid La Robertsau],7.782404,48.628755,0,0.000000,0.000000,,,0,0,0,0,,,0,HIST_24h,C711,Rhine,FR,4600,4587,Rhine,0,0,TRUE,0,1,0,0,0,0,,FALSE,4152500,2832500,,,very high base flow  uncertain location,2931,FALSE,1062,FALSE,Ill
EFAS,11,02932,La Marne a Frignicourt [apres creation grand lac],4.582770,48.698993,0,0.000000,0.000000,,,0,0,0,0,,,0,HIST_24h,C712,Seine,FR,3400,3356,Seine,3,0,TRUE,0,1,0,0,0,0,,TRUE,3922500,2857500,24,,,2932,FALSE,1062,FALSE,Marne
EFAS,11,02933,La Seille a Metz [pont Lothaire],6.186792,49.080710,0,0.000000,0.000000,,,0,0,0,0,,,0,HIST_24h,C713,Rhine,FR,1250,1356,Rhine,3,0,TRUE,0,1,0,0,0,0,,TRUE,4042500,2892500,24,,,2933,FALSE,1062,FALSE,Seille
EFAS,11,02934,Le Salat a Roquefort-sur-Garonne,0.988203,43.118560,0,0.000000,0.000000,,,0,0,0,0,,,0,HIST_24h,C714,Garonne,FR,1500,1575,Garonne,3,0,TRUE,0,1,0,0,0,0,,TRUE,3587500,2267500,24,,,2934,FALSE,1062,FALSE,Salat
EFAS,11,02935,L Ariege a Auterive,1.443247,43.384603,0,0.000000,0.000000,,,0,0,0,0,,,0,HIST_24h,C715,Garonne,FR,3600,3516,Garonne,3,0,TRUE,0,1,0,0,0,0,,TRUE,3627500,2297500,24,,,2935,FALSE,1062,FALSE,Ariege
EFAS,11,02936,La Save a Larra,1.266920,43.732449,0,0.000000,0.000000,,,0,0,0,0,,,0,HIST_24h,C716,Garonne,FR,1075,1149,Garonne,3,0,TRUE,0,1,0,0,0,0,,TRUE,3617500,2332500,24,,,2936,FALSE,1062,FALSE,Save
EFAS,11,02937,Le Tarn a Marsal [Pecotte],2.297397,43.950786,0,0.000000,0.000000,,,0,0,0,0,,,0,HIST_24h,C717,Garonne,FR,4550,5271,Garonne,3,0,TRUE,0,1,0,0,0,0,,TRUE,3697500,2347500,24,,,2937,FALSE,1062,FALSE,Tarn
EFAS,11,02938,L Orne a Rosselange,6.104225,49.257952,0,0.000000,0.000000,,,0,0,0,0,,,0,HIST_24h,C718,Rhine,FR,1225,1275,Rhine,3,0,TRUE,0,1,0,0,0,0,,TRUE,4037500,2912500,24,,,2938,FALSE,1062,FALSE,Orne
EFAS,11,02939,La Loire a Bas-en-Basset,4.094039,45.289380,0,0.000000,0.000000,,,0,0,0,0,,,0,HIST_24h,C720,Loire,FR,3450,3435,Loire,3,0,TRUE,0,1,0,0,0,0,,TRUE,3862500,2487500,24,,From 1997,2939,FALSE,1062,FALSE,Loire
EFAS,11,02940,L Allier a Vic-le-Comte,3.219762,45.643421,0,0.000000,0.000000,,,0,0,0,0,,,0,HIST_24h,C721,Loire,FR,5450,5432,Loire,3,0,TRUE,0,1,0,0,0,0,,TRUE,3792500,2527500,24,,,2940,FALSE,1062,FALSE,Allier
EFAS,11,02941,La Dore a Saint-Gervais-sous-Meymont MaisonDuParc-GirouxDore,3.602955,45.667302,0,0.000000,0.000000,,,0,0,0,0,,,0,HIST_24h,C722,Loire,FR,900,946,Loire,3,0,TRUE,0,1,0,0,0,0,,TRUE,3822500,2532500,24,,,2941,FALSE,1062,FALSE,Dore
EFAS,11,02942,La Seille a Saint-Usuge,5.251982,46.656225,0,0.000000,0.000000,,,0,0,0,0,,,0,HIST_24h,C724,Rhone,FR,950,1013,Rhone,3,0,TRUE,0,1,0,0,0,0,,TRUE,3957500,2627500,24,,,2942,FALSE,1062,FALSE,Seille
EFAS,11,02943,La Loue [totale] a Parcey,5.481960,47.026807,0,0.000000,0.000000,,,0,0,0,0,,,0,HIST_24h,C725,Rhone,FR,1725,1655,Rhone,3,0,TRUE,0,1,0,0,0,0,,TRUE,3982500,2667500,24,,,2943,FALSE,1062,FALSE,Loue
EFAS,11,02944,La Semoy a Haulme,4.798989,49.880885,0,0.000000,0.000000,,,0,0,0,0,,,0,HIST_24h,C726,Meuse / Maas,FR,1350,1353,Meuse,3,0,TRUE,0,1,0,0,0,0,,TRUE,3952500,2987500,24,,,2944,FALSE,1062,FALSE,Semoy
EFAS,11,02945,La Chiers a Carignan,5.173206,49.627177,0,0.000000,0.000000,,,0,0,0,0,,,0,HIST_24h,C727,Meuse / Maas,FR,1975,1993,Meuse,3,0,TRUE,0,1,0,0,0,0,,TRUE,3977500,2957500,24,,,2945,FALSE,1062,FALSE,Chiers
EFAS,11,02946,La Moder a Schweighouse-sur-Moder [aval],7.842416,48.809910,0,0.000000,0.000000,,,0,0,0,0,,,0,HIST_24h,C728,Rhine,FR,750,772,Rhine,3,0,TRUE,0,1,0,0,0,0,,TRUE,4162500,2852500,24,,,2946,FALSE,1062,FALSE,Moder
EFAS,11,02947,La Meuse a Vaucouleurs [Chalaines],5.679463,48.611887,0,0.000000,0.000000,,,0,0,0,0,,,0,HIST_24h,C729,Meuse / Maas,FR,1700,1774,Meuse,3,0,TRUE,0,1,0,0,0,0,,TRUE,4002500,2837500,24,,,2947,FALSE,1062,FALSE,Meuse
EFAS,11,02948,La Mayenne a Chambellay,-0.670515,47.681422,0,0.000000,0.000000,,,0,0,0,0,,,0,HIST_24h,C730,Loire,FR,4250,4226,Loire,3,0,TRUE,0,1,0,0,0,0,,TRUE,3522500,2787500,24,,,2948,FALSE,1062,FALSE,Mayenne
EFAS,11,02949,La Tille a Arceau [Arcelot],5.190650,47.329841,0,0.000000,0.000000,,,0,0,0,0,,,0,HIST_24h,C731,Rhone,FR,900,882,Rhone,2,0,TRUE,0,1,0,0,0,0,,FALSE,3952500,2697500,,,Close to 1010 older data,2949,FALSE,1062,FALSE,Tille
EFAS,11,02950,L Ognon a Pesmes,5.524549,47.299030,0,0.000000,0.000000,,,0,0,0,0,,,0,HIST_24h,C732,Rhone,FR,2100,2198,Rhone,3,0,TRUE,0,1,0,0,0,0,,TRUE,3982500,2697500,24,,,2950,FALSE,1062,FALSE,Ognon
EFAS,11,02951,La Sioule a Saint-Priest-des-Champs [Fades-Besserve],2.789420,45.976609,0,0.000000,0.000000,,,0,0,0,0,,,0,HIST_24h,C733,Loire,FR,1350,1804,Loire,3,0,TRUE,0,1,0,0,0,0,,TRUE,3767500,2567500,24,,Dams,2951,FALSE,1062,FALSE,Sioule
EFAS,11,02952,L Eyre a Salles,-0.893333,44.570900,0,0.000000,0.000000,,,0,0,0,0,,,0,HIST_24h,C734,Eyre,FR,1825,1895,Eyre,3,0,TRUE,0,1,0,0,0,0,,TRUE,3457500,2447500,24,,,2952,FALSE,1062,FALSE,Eyre
EFAS,11,02953,Le Cele a Orniac [Les Amis du Cele],1.711526,44.539539,0,0.000000,0.000000,,,0,0,0,0,,,0,HIST_24h,C735,Garonne,FR,1225,1345,Garonne,3,0,TRUE,0,1,0,0,0,0,,TRUE,3662500,2417500,24,,,2953,FALSE,1062,FALSE,Cele
EFAS,11,02954,Le Lot a Lassouts [Castelnau],2.855056,44.488718,0,0.000000,0.000000,,,0,0,0,0,,,0,HIST_24h,C736,Garonne,FR,1775,1782,Garonne,3,0,TRUE,0,1,0,0,0,0,,TRUE,3752500,2407500,24,,Upstream of dam,2954,FALSE,1062,FALSE,Lot
EFAS,11,02955,L Epte a Fourges,1.648132,49.104454,0,0.000000,0.000000,,,0,0,0,0,,,0,HIST_24h,C737,Seine,FR,1525,1490,Seine,3,0,TRUE,0,1,0,0,0,0,,TRUE,3707500,2922500,24,,,2955,FALSE,1062,FALSE,Epte
EFAS,11,02956,La Moselle a Tonnoy,6.227946,48.541815,0,0.000000,0.000000,,,0,0,0,0,,,0,HIST_24h,C738,Rhine,FR,2050,2044,Rhine,3,0,TRUE,0,1,0,0,0,0,,TRUE,4037500,2837500,24,,,2956,FALSE,1062,FALSE,Moselle
EFAS,11,02957,La Sauldre a Selles-sur-Cher,1.676272,47.297789,0,0.000000,0.000000,,,0,0,0,0,,,0,HIST_24h,C739,Loire,FR,2100,2300,Loire,3,0,TRUE,0,1,0,0,0,0,,TRUE,3692500,2722500,24,,,2957,FALSE,1062,FALSE,Sauldre
EFAS,11,02958,Le Doubs a Rochefort-sur-Nenon,5.539940,47.119367,0,0.000000,0.000000,,,0,0,0,0,,,0,HIST_24h,C740,Rhone,FR,5325,5308,Rhone,3,0,TRUE,0,1,0,0,0,0,,TRUE,3982500,2672500,24,,,2958,FALSE,1062,FALSE,Doubs
EFAS,11,02959,La Gartempe a Montmorillon,0.897636,46.419949,0,0.000000,0.000000,,,0,0,0,0,,,0,HIST_24h,C741,Loire,FR,1875,2162,Loire,3,0,TRUE,0,1,0,0,0,0,,TRUE,3622500,2637500,24,,After 1999,2959,FALSE,1062,FALSE,Gartempe
EFAS,11,02960,L Arroux a Rigny-sur-Arroux,4.020361,46.549583,0,0.000000,0.000000,,,0,0,0,0,,,0,HIST_24h,C742,Loire,FR,2325,2300,Loire,3,0,TRUE,0,1,0,0,0,0,,TRUE,3862500,2622500,24,,After 1997,2960,FALSE,1062,FALSE,Arroux
EFAS,11,02961,La Truyere a Sainte-Genevieve-sur-Argence [Sarrans],2.746350,44.843120,0,0.000000,0.000000,,,0,0,0,0,,,0,HIST_24h,C743,Garonne,FR,2575,2565,Garonne,3,0,TRUE,0,1,0,0,0,0,,TRUE,3742500,2437500,24,,Upstream of dam,2961,FALSE,1062,FALSE,Truyere
EFAS,11,02962,La BaisfloodSettingsTemplate-13Feb2013-PreRunBMse a Nerac,0.322840,44.146930,0,0.000000,0.000000,,,0,0,0,0,,,0,HIST_24h,C744,Garonne,FR,1350,1337,Garonne,3,0,TRUE,0,1,0,0,0,0,,TRUE,3552500,2382500,24,,,2962,FALSE,1062,FALSE,Bais
EFAS,11,02963,La Garonne [totale] a Saint-Gaudens [Valentine-recent],0.744538,43.096660,0,0.000000,0.000000,,,0,0,0,0,,,0,HIST_24h,C745,Garonne,FR,2350,2285,Garonne,3,0,TRUE,0,1,0,0,0,0,,TRUE,3562500,2267500,24,,,2963,FALSE,1062,FALSE,Garonne
EFAS,11,02964,GERBERTSHAUS,9.554292,47.660208,0,0.000000,0.000000,,,0,0,0,0,,,0,HIST_24h,C747,Rhine,DE,850,847,Rhine,3,0,TRUE,0,1,0,0,0,0,,TRUE,4282500,2722500,24,,,2964,FALSE,1062,FALSE,SCHUSSEN
EFAS,11,02965,GIEssEN,9.621145,47.615460,0,0.000000,0.000000,,,0,0,0,0,,,0,HIST_24h,C748,Rhine,DE,625,654,Rhine,3,0,TRUE,0,1,0,0,0,0,,TRUE,4292500,2722500,24,,,2965,FALSE,1062,FALSE,ARGEN
EFAS,11,02966,Prijedor,16.703856,44.973850,0,0.000000,0.000000,,,0,0,0,0,,,0,HIST_24h,C790,Danube,BA,3175,3191,Danube,3,0,TRUE,0,1,0,0,0,0,,TRUE,4842500,2457500,24,,,2966,FALSE,1062,FALSE,Sana
EFAS,11,02967,Doboj,18.095683,44.744472,0,0.000000,0.000000,,,0,0,0,0,,,0,HIST_24h,C792,Danube,BA,9725,9618,Danube,3,0,TRUE,0,1,0,0,0,0,,TRUE,4962500,2437500,24,,,2967,FALSE,1062,FALSE,Bosna
EFAS,11,02968,Vrbanja,17.272778,44.747431,0,0.000000,0.000000,,,0,0,0,0,,,0,HIST_24h,C793,Danube,BA,750,778,Danube,3,0,TRUE,0,1,0,0,0,0,,TRUE,4897500,2432500,24,,,2968,FALSE,1062,FALSE,Vrbanja
EFAS,11,02969,Brodarci,15.533889,45.544444,0,0.000000,0.000000,,,0,0,0,0,,,0,HIST_24h,C797,Danube,HR,2325,3405,Danube,3,0,TRUE,0,1,0,0,0,0,,TRUE,4752500,2517500,24,,Moved upstream because of error in LDD,2969,FALSE,1062,FALSE,Kupa
EFAS,11,02970,Pleternica,17.752702,45.361186,0,0.000000,0.000000,,,0,0,0,0,,,0,HIST_24h,C798,Danube,HR,750,745,Danube,3,0,TRUE,0,1,0,0,0,0,,TRUE,4927500,2502500,24,,,2970,FALSE,1062,FALSE,Orljava
EFAS,11,02971,Litija I,14.823056,46.055556,0,0.000000,0.000000,,,0,0,0,0,,,0,HIST_24h,C799,Danube,SI,4800,4821.43,Danube,2,1,FALSE,0,1,0,0,0,0,,FALSE,4692500,2562500,,,DO NOT USE replaced with 4211,2971,FALSE,1062,FALSE,Sava
EFAS,11,02972,Suha,14.299349,46.194366,0,0.000000,0.000000,,,0,0,0,0,,,0,HIST_24h,C800,Danube,SI,575,566.34,Danube,3,0,TRUE,0,1,0,0,0,0,,TRUE,4657500,2572500,24,,,2972,FALSE,1062,FALSE,Sora
EFAS,11,02973,Rakovec,15.705278,45.920833,0,0.000000,0.000000,,,0,0,0,0,,,0,HIST_24h,C801,Danube,SI,600,559.99,Danube,3,0,TRUE,0,1,0,0,0,0,,TRUE,4762500,2557500,24,,,2973,FALSE,1062,FALSE,Sotla
EFAS,11,02974,Nazarje,14.952400,46.321200,0,0.000000,0.000000,,,0,0,0,0,,,0,,C802,Danube,SI,125,457.3,Danube,,0,TRUE,0,1,0,0,0,0,,FALSE,4702500,2587500,,,Provider upArea too small to be included in calibration,2974,FALSE,1062,FALSE,Savinja
EFAS,11,02975,Daljan,17.396510,44.158531,0,0.000000,0.000000,,,0,0,0,0,,,0,HIST_24h,C805,Danube,BA,1150,1034,Danube,3,0,TRUE,0,1,0,0,0,0,,TRUE,4912500,2367500,24,,,2975,FALSE,1062,FALSE,Vrbas
EFAS,11,02976,Olovo,18.579890,44.125750,0,0.000000,0.000000,,,0,0,0,0,,,0,HIST_24h,C808,Danube,BA,600,737,Danube,3,0,TRUE,0,1,0,0,0,0,,TRUE,5012500,2372500,24,,,2976,FALSE,1062,FALSE,Krivaja
EFAS,11,02977,Cedovo,20.064127,43.303417,0,0.000000,0.000000,,,0,0,0,0,,,0,HIST_24h,C812,Danube,RS,525,501,Danube,3,0,TRUE,0,1,0,0,0,0,,TRUE,5142500,2292500,24,,,2977,FALSE,1062,FALSE,Vapa
EFAS,11,02978,Lesnica,19.279444,44.633056,0,0.000000,0.000000,,,0,0,0,0,,,0,HIST_24h,C813,Danube,RS,975,959,Danube,3,0,TRUE,0,1,0,0,0,0,,TRUE,5057500,2437500,24,,,2978,FALSE,1062,FALSE,Jadar
EFAS,11,02979,Valjevo,19.892222,44.268889,0,0.000000,0.000000,,,0,0,0,0,,,0,,C814,Danube,RS,325,340,Danube,,0,TRUE,0,1,0,0,0,0,,FALSE,5107500,2402500,,,Provider upArea too small to be included in calibration,2979,FALSE,1062,FALSE,Kolubara
EFAS,11,02980,Slovac,20.085000,44.338333,0,0.000000,0.000000,,,0,0,0,0,,,0,HIST_24h,C815,Danube,RS,1000,995,Danube,3,0,TRUE,0,1,0,0,0,0,,TRUE,5122500,2407500,24,,,2980,FALSE,1062,FALSE,Kolubara
EFAS,11,02981,Cemanov most,20.024614,44.480881,0,0.000000,0.000000,,,0,0,0,0,,,0,,C816,Danube,RS,425,384.6,Danube,,0,TRUE,0,1,0,0,0,0,,FALSE,5117500,2427500,,,Provider upArea too small to be included in calibration,2981,FALSE,1062,FALSE,Tamnava
EFAS,11,02982,Sil Las Portas,-7.208151,42.116495,0,0.000000,0.000000,,,0,0,0,0,,,0,,C818,Miio,ES,225,168,Minho,,0,TRUE,0,1,0,0,0,0,,FALSE,2907500,2272500,,,Provider upArea too small to be included in calibration,2982,FALSE,1062,FALSE,Mino
EFAS,11,02983,Sil Belesar,-7.711330,42.630588,0,0.000000,0.000000,,,0,0,0,0,,,0,HIST_24h,C819,Miio,ES,4450,4358,Minho,3,0,TRUE,0,1,0,0,0,0,,TRUE,2877500,2337500,24,,Dam  moved stations downstream,2983,FALSE,1062,FALSE,Mino
EFAS,11,02984,Sil Los Peares,-7.685909,42.469292,0,0.000000,0.000000,,,0,0,0,0,,,0,HIST_24h,C820,Miio,ES,4550,4578,Minho,0,1,FALSE,0,1,0,0,0,0,,FALSE,2877500,2322500,,,DO NOT USE Dam  it  could not be moved downstteam,2984,FALSE,1062,FALSE,Mino
EFAS,11,02985,Sil San Esteban,-7.648744,42.415802,0,0.000000,0.000000,,,0,0,0,0,,,0,HIST_24h,C821,Miio,ES,7200,7216,Minho,3,0,TRUE,0,1,0,0,0,0,,TRUE,2877500,2312500,24,,,2985,FALSE,1062,FALSE,Mino
EFAS,11,02986,Sil Bao,-7.166023,42.248405,0,0.000000,0.000000,,,0,0,0,0,,,0,HIST_24h,C823,Miio,ES,800,728,Minho,3,0,TRUE,0,1,0,0,0,0,,TRUE,2917500,2287500,24,,Moved downstream of dam,2986,FALSE,1062,FALSE,Mino
EFAS,11,02987,La BrenaII,-5.042149,37.829511,0,0.000000,0.000000,,,0,0,0,0,,,0,HIST_24h,C824,Guadalquivir,ES,1575,1494,Guadalquivir,0,1,FALSE,0,1,0,0,0,0,,FALSE,2997500,1772500,,,DO NOT USE low quality data - dam  it cannot be moved to right location,2987,FALSE,1062,FALSE,Guadalquivir
EFAS,11,02988,Fuensanta,-2.206570,38.393193,0,0.000000,0.000000,,,0,0,0,0,,,0,HIST_24h,C825,Segura,ES,1875,1208,Segura,1,0,TRUE,0,1,0,0,0,0,,FALSE,3257500,1787500,,,Moved downstream of dam strongly regulated with change in low flow,2988,FALSE,1062,FALSE,Segura
EFAS,11,02989,Cenajo,-1.774701,38.367350,0,0.000000,0.000000,,,0,0,0,0,,,0,HIST_24h,C826,Segura,ES,2650,2602,Segura,3,0,TRUE,0,1,0,0,0,0,,TRUE,3292500,1777500,24,,Moved downstream of dam  strongly regulated with little change in low flow,2989,FALSE,1062,FALSE,Segura
EFAS,11,02990,La Pedrera,-0.874571,38.034454,0,0.000000,0.000000,,,0,0,0,0,,,0,,C827,Segura,ES,75,35,Segura,,0,TRUE,0,1,0,0,0,0,,FALSE,3362500,1727500,,,Provider upArea too small to be included in calibration,2990,FALSE,1062,FALSE,Segura
EFAS,11,02991,Tranco de Beas,-2.794799,38.175741,0,0.000000,0.000000,,,0,0,0,0,,,0,HIST_24h,C828,Guadalquivir,ES,700,518,Guadalquivir,3,0,TRUE,0,1,0,0,0,0,,TRUE,3192500,1772500,24,,dam strongly regulated  moved downstream of dam,2991,FALSE,1062,FALSE,Guadalquivir
EFAS,11,02992,La Fernandina,-3.569279,38.181435,0,0.000000,0.000000,,,0,0,0,0,,,0,HIST_24h,C829,Guadalquivir,ES,2150,660,Guadalquivir,3,0,TRUE,0,1,0,0,0,0,,TRUE,3132500,1777500,24,,strongly regulated moved downstream of dam,2992,FALSE,1062,FALSE,Guadalquivir
EFAS,11,02993,Talarn o Tremp,0.914121,42.181710,0,0.000000,0.000000,,,0,0,0,0,,,0,HIST_24h,C830,Ebro,ES,2175,2056,Ebro,3,0,TRUE,0,1,0,0,0,0,,TRUE,3567500,2162500,24,,Moved downstream of dam,2993,FALSE,1062,FALSE,Ebro
EFAS,11,02994,Mediano,0.212980,42.314513,0,0.000000,0.000000,,,0,0,0,0,,,0,HIST_24h,C831,Ebro,ES,2075,1837,Ebro,1,0,TRUE,0,1,0,0,0,0,,FALSE,3512500,2177500,,,Moved downstream of dam  oscillations  close to 2851,2994,FALSE,1062,FALSE,Cinca
EFAS,11,02995,Canelles,0.612674,41.978211,0,0.000000,0.000000,,,0,0,0,0,,,0,HIST_24h,C832,Ebro,ES,1650,1634,Ebro,0,0,TRUE,0,1,0,0,0,0,,FALSE,3542500,2142500,,,dam extremely large oscillations,2995,FALSE,1062,FALSE,Ebro
EFAS,11,02996,Burguillo,-4.532696,40.426688,0,0.000000,0.000000,,,0,0,0,0,,,0,HIST_24h,C833,Tajo,ES,1075,1049,Tajo,3,0,TRUE,0,1,0,0,0,0,,TRUE,3097500,2042500,24,,dam  moved downstream regulated,2996,FALSE,1062,FALSE,Tajo
EFAS,11,02997,Cedillo,-7.539228,39.665933,0,0.000000,0.000000,,,0,0,0,0,,,0,HIST_24h,C834,Tajo,ES,56675,56657,Tajo,3,0,TRUE,0,1,0,0,0,0,,TRUE,2827500,2012500,24,,,2997,FALSE,1062,FALSE,Tajo
EFAS,11,02998,Valdecanas,-5.610622,39.779820,0,0.000000,0.000000,,,0,0,0,0,,,0,HIST_24h,C835,Tajo,ES,36700,36550,Tajo,3,0,TRUE,0,1,0,0,0,0,,TRUE,2982500,1992500,24,,moved downstream of dam  strongly regulated,2998,FALSE,1062,FALSE,Tajo
EFAS,11,02999,Gabriel y Galan,-6.131809,40.223179,0,0.000000,0.000000,,,0,0,0,0,,,0,HIST_24h,C836,Tajo,ES,2425,1856,Tajo,3,0,TRUE,0,1,0,0,0,0,,TRUE,2947500,2042500,24,,moved downstream of dam  strongly regulated,2999,FALSE,1062,FALSE,Tajo
EFAS,11,03000,Entrepenas,-2.748917,40.494504,0,0.000000,0.000000,,,0,0,0,0,,,0,HIST_24h,C837,Tajo,ES,3850,3842,Tajo,0,0,TRUE,0,1,0,0,0,0,,FALSE,3242500,2027500,,,large oscillations  regulated,3000,FALSE,1062,FALSE,Tajo
EFAS,11,03001,Atazar,-3.472207,40.913985,0,0.000000,0.000000,,,0,0,0,0,,,0,HIST_24h,C838,Tajo,ES,975,925,Tajo,3,0,TRUE,0,1,0,0,0,0,,TRUE,3192500,2077500,24,,dam  moved downstream of dam strongly regulated,3001,FALSE,1062,FALSE,Tajo
EFAS,11,03002,Buendia,-2.782521,40.400581,0,0.000000,0.000000,,,0,0,0,0,,,0,HIST_24h,C839,Tajo,ES,3950,3318,Tajo,3,0,TRUE,0,1,0,0,0,0,,TRUE,3237500,2017500,24,,Moved on Tajo main stream strongly regulated,3002,FALSE,1062,FALSE,Tajo
EFAS,11,03003,Alcantara,-6.883205,39.732410,0,0.000000,0.000000,,,0,0,0,0,,,0,HIST_24h,C840,Tajo,ES,52150,51990,Tajo,3,0,TRUE,0,1,0,0,0,0,,TRUE,2872500,2007500,24,,moved downstream of dam  strongly regulated,3003,FALSE,1062,FALSE,Tajo
EFAS,11,03004,Benageber,-1.097511,39.728378,0,0.000000,0.000000,,,0,0,0,0,,,0,HIST_24h,C841,Jucar,ES,4200,4217,Turia,2,0,TRUE,0,1,0,0,0,0,,FALSE,3367500,1922500,,,Catchment is Turia  strongly regulated  close to 2800,3004,FALSE,1062,FALSE,Jucar
EFAS,11,03005,Tous,-0.649394,39.134775,0,0.000000,0.000000,,,0,0,0,0,,,0,HIST_24h,C842,Jucar,ES,17675,17821,Jucar,3,0,TRUE,0,1,0,0,0,0,,TRUE,3402500,1842500,24,,dam,3005,FALSE,1062,FALSE,Jucar
EFAS,11,03006,Contreras,-1.501528,39.545416,0,0.000000,0.000000,,,0,0,0,0,,,0,HIST_24h,C843,Jucar,ES,3425,3266,Jucar,3,0,TRUE,0,1,0,0,0,0,,TRUE,3332500,1897500,24,,moved downstrem of dam  strongly regulated,3006,FALSE,1062,FALSE,Jucar
EFAS,11,03007,Alarcon,-2.110780,39.566461,0,0.000000,0.000000,,,0,0,0,0,,,0,HIST_24h,C844,Jucar,ES,2950,2937,Jucar,0,0,TRUE,0,1,0,0,0,0,,FALSE,3277500,1917500,,,dam strongly regulated data are not consistent with 2874  possibly another dam,3007,FALSE,1062,FALSE,Jucar
EFAS,11,03008,Garcia de Sola,-5.183470,39.146226,0,0.000000,0.000000,,,0,0,0,0,,,0,HIST_24h,C846,Guadiana,ES,25875,25851,Guadiana,3,0,TRUE,0,1,0,0,0,0,,TRUE,3007500,1917500,24,,strongly regulated with missing data,3008,FALSE,1062,FALSE,Guadiana
EFAS,11,03009,Alange,-6.266843,38.789254,0,0.000000,0.000000,,,0,0,0,0,,,0,HIST_24h,C848,Guadiana,ES,2575,2545,Guadiana,0,1,FALSE,0,1,0,0,0,0,,FALSE,2912500,1897500,,,DO NOT USE It's on the affluent  low quality data -dam  it cannot be moved to right location,3009,FALSE,1062,FALSE,Guadiana
EFAS,11,03010,Cijara,-5.013543,39.375046,0,0.000000,0.000000,,,0,0,0,0,,,0,HIST_24h,C849,Guadiana,ES,24825,24467,Guadiana,3,0,TRUE,0,1,0,0,0,0,,TRUE,3027500,1932500,24,,moved dowstream of dam strongly regulated,3010,FALSE,1062,FALSE,Guadiana
EFAS,11,03011,Serena,-5.412923,38.913998,0,0.000000,0.000000,,,0,0,0,0,,,0,HIST_24h,C850,Guadiana,ES,7375,7323,Guadiana,0,0,TRUE,0,1,0,0,0,0,,FALSE,2992500,1892500,,,strongly regulated cannot be located in right place  close to 2859,3011,FALSE,1062,FALSE,Guadiana
EFAS,11,03012,Cuerda del Pozo,-2.703613,41.877664,0,0.000000,0.000000,,,0,0,0,0,,,0,HIST_24h,C851,Duero,ES,575,545,Duero,3,0,TRUE,0,1,0,0,0,0,,TRUE,3272500,2172500,24,,moved downstream of dam  strongly regulated,3012,FALSE,1062,FALSE,Duero
EFAS,11,03013,Cernadilla,-6.457666,42.021568,0,0.000000,0.000000,,,0,0,0,0,,,0,HIST_24h,C852,Duero,ES,650,576,Duero,3,0,TRUE,0,1,0,0,0,0,,TRUE,2967500,2247500,24,,Moved downstream of dam,3013,FALSE,1062,FALSE,Duero
EFAS,11,03014,Aguilar de campoo,-4.347137,42.815032,0,0.000000,0.000000,,,0,0,0,0,,,0,HIST_24h,C853,Duero,ES,875,545,Duero,2,0,TRUE,0,1,0,0,0,0,,FALSE,3157500,2297500,,,Moved downstream of dam close to 1190,3014,FALSE,1062,FALSE,Duero
EFAS,11,03015,Barrios de Luna,-5.862348,42.851661,0,0.000000,0.000000,,,0,0,0,0,,,0,,C854,Duero,ES,450,489,Duero,,0,TRUE,0,1,0,0,0,0,,FALSE,3032500,2332500,,,Provider upArea too small to be included in calibration,3015,FALSE,1062,FALSE,Duero
EFAS,11,03016,Porma,-5.292140,42.931031,0,0.000000,0.000000,,,0,0,0,0,,,0,,C855,Duero,ES,200,249,Duero,,0,TRUE,0,1,0,0,0,0,,FALSE,3082500,2332500,,,Provider upArea too small to be included in calibration,3016,FALSE,1062,FALSE,Duero
EFAS,11,03017,Santa Teresa,-5.600457,40.668758,0,0.000000,0.000000,,,0,0,0,0,,,0,HIST_24h,C856,Duero,ES,2225,1849,Duero,3,0,TRUE,0,1,0,0,0,0,,TRUE,3007500,2092500,24,,Moved downstream of dam,3017,FALSE,1062,FALSE,Duero
EFAS,11,03018,Almendra,-6.318979,41.273595,0,0.000000,0.000000,,,0,0,0,0,,,0,HIST_24h,C857,Duero,ES,7100,6924,Duero,0,0,TRUE,0,1,0,0,0,0,,FALSE,2957500,2167500,,,moved downstream of dam  extremely large oscillations,3018,FALSE,1062,FALSE,Duero
EFAS,11,03019,Riano,-5.083421,42.935662,0,0.000000,0.000000,,,0,0,0,0,,,0,HIST_24h,C858,Duero,ES,700,595,Duero,3,0,TRUE,0,1,0,0,0,0,,TRUE,3092500,2327500,24,,moved downstream of dam  strongly regulated,3019,FALSE,1062,FALSE,Duero
EFAS,11,03020,Ricobayo,-5.984065,41.529205,0,0.000000,0.000000,,,0,0,0,0,,,0,HIST_24h,C859,Duero,ES,16250,16017,Duero,3,0,TRUE,0,1,0,0,0,0,,TRUE,2997500,2192500,24,,,3020,FALSE,1062,FALSE,Esla
EFAS,11,03021,45836_Brodarevo_Lim,19.720081,43.233145,0,0.000000,0.000000,,,0,0,0,0,,,0,HIST_24h,C872,Danube,RS,2750,2762,Danube,2,0,TRUE,0,1,0,0,0,0,,FALSE,5112500,2287500,,,close to 831,3021,FALSE,1062,FALSE,Lim
EFAS,11,03022,45842_Priboj_Lim,19.523649,43.581616,0,0.000000,0.000000,,,0,0,0,0,,,0,HIST_24h,C873,Danube,RS,3550,3684,Danube,3,0,TRUE,0,1,0,0,0,0,,TRUE,5087500,2322500,24,,dams,3022,FALSE,1062,FALSE,Lim
EFAS,11,03023,45838_Prijepolje_Milesevka,19.636986,43.381675,0,0.000000,0.000000,,,0,0,0,0,,,0,,C875,Danube,RS,125,155,Danube,,0,TRUE,0,1,0,0,0,0,,FALSE,5097500,2302500,24,,Provider upArea too small to be included in calibration. It is on a small affluent.,3023,FALSE,1062,FALSE,Milesevka
EFAS,11,03024,45890_Zavlaka_Jadar,19.490970,44.449612,0,0.000000,0.000000,,,0,0,0,0,,,0,,C876,Danube,RS,250,313,Danube,,0,TRUE,0,1,0,0,0,0,,FALSE,5082500,2412500,24,,Provider upArea too small to be included in calibration,3024,FALSE,1062,FALSE,Jadar
EFAS,11,03025,Brodské,16.992820,48.688230,0,0.000000,0.000000,,,0,0,0,0,,,1,,,Danube,SK,9950,9872,Danube,,0,TRUE,1,0,0,1,1,1,150,FALSE,4837500,2867500,,,,3025,FALSE,1018,TRUE,Morava
EFAS,11,03026,Jandulilla - Hornos del Vidrio,-3.359482,37.746274,0,0.000000,0.000000,,,0,0,0,0,,,1,,,Guadalquivir,ES,175,136,Guadalquivir,,0,TRUE,1,0,0,1,1,1,697,FALSE,3142500,1732500,24,ID_3026_202201211328.mod,,3026,TRUE,1030,TRUE,Jandulilla
EFAS,11,03027,Dílar - Dílar,-3.551716,37.064807,0,0.000000,0.000000,,,0,0,0,0,,,1,,,Guadalquivir,ES,50,41,Guadalquivir,,0,TRUE,1,0,0,1,1,1,956,FALSE,3112500,1662500,24,ID_3027_202201211328.mod,,3027,TRUE,1030,TRUE,Dílar
EFAS,11,03028,Anzur - Puente de los Piedros,-4.603382,37.370154,0,0.000000,0.000000,,,0,0,0,0,,,1,,,Guadalquivir,ES,300,314,Guadalquivir,,0,TRUE,1,0,0,1,1,1,256,FALSE,3027500,1712500,24,ID_3028_202201211328.mod,,3028,TRUE,1030,TRUE,Anzur
EFAS,11,03029,Huesna - El Pedroso,-5.732803,37.853511,0,0.000000,0.000000,,,0,0,0,0,,,1,,,Guadalquivir,ES,325,297,Guadalquivir,,0,TRUE,1,0,0,1,1,1,291,FALSE,2937500,1782500,24,ID_3029_202201211328.mod,,3029,TRUE,1030,TRUE,Rivera del Huesna
EFAS,11,03030,Guadiana Menor - Úbeda,-3.211682,37.881613,0,0.000000,0.000000,,,0,0,0,0,,,1,,,Guadalquivir,ES,7025,6349,Guadalquivir,,0,TRUE,1,0,0,1,1,1,383,FALSE,3157500,1742500,24,ID_3030_202201211328.mod,,3030,TRUE,1030,TRUE,Guadiana menor
EFAS,11,03031,Guadaira - Sevilla,-5.904187,37.361206,0,0.000000,0.000000,,,0,0,0,0,,,1,,,Guadalquivir,ES,1300,1239,Guadalquivir,,0,TRUE,1,1,0,1,1,1,16,FALSE,2912500,1732500,24,ID_3031_202201211328.mod,,3031,TRUE,1030,TRUE,Guadaira
EFAS,11,03032,Genil - Puente Tocón,-3.941493,37.202213,0,0.000000,0.000000,,,0,0,0,0,,,1,,,Guadalquivir,ES,2850,2944,Guadalquivir,,0,TRUE,1,0,0,1,1,1,510,FALSE,3082500,1682500,24,ID_3032_202201211328.mod,,3032,TRUE,1030,TRUE,Genil
EFAS,11,03033,El Partido - Almonte,-6.460466,37.195558,0,0.000000,0.000000,,,0,0,0,0,,,1,,,Guadalquivir,ES,325,217,Guadalquivir,,0,TRUE,1,0,0,1,1,1,17,FALSE,2862500,1727500,,,,3033,FALSE,1030,TRUE,Partido
EFAS,11,03034,Guadalquivir  - Santo Tomé,-3.093304,38.034852,0,0.000000,0.000000,,,0,0,0,0,,,1,,,Guadalquivir,ES,975,360,Guadalquivir,,0,TRUE,1,0,0,1,1,1,403,FALSE,3172500,1762500,24,ID_3034_202201211334.mod,,3034,TRUE,1030,TRUE,Guadalquivir
EFAS,11,03035,Genil - Puente Genil,-4.775444,37.381963,0,0.000000,0.000000,,,0,0,0,0,,,1,,,Guadalquivir,ES,6050,282,Guadalquivir,,0,TRUE,1,0,0,1,1,1,165,FALSE,3012500,1717500,24,ID_3035_202201211334.mod,,3035,TRUE,1030,TRUE,Genil
EFAS,11,03036,Rivera de Huelva - Cala,-6.133160,37.668739,0,0.000000,0.000000,,,0,0,0,0,,,1,,,Guadalquivir,ES,1025,1010,Guadalquivir,,0,TRUE,1,0,0,1,1,1,80,FALSE,2902500,1772500,24,ID_3036_202201211334.mod,Same location as 994,3036,TRUE,1030,TRUE,Rivera de Huelva
EFAS,11,03037,Corbones - Carmona,-5.575114,37.480098,0,0.000000,0.000000,,,0,0,0,0,,,1,,,Guadalquivir,ES,1675,1377,Guadalquivir,,0,TRUE,1,0,0,1,1,1,35,FALSE,2942500,1742500,24,ID_3037_202201211334.mod,,3037,TRUE,1030,TRUE,Corbones
EFAS,11,03038,Monachil - Monachil,-3.472671,37.115231,0,0.000000,0.000000,,,0,0,0,0,,,1,,,Guadalquivir,ES,50,48,Guadalquivir,,0,TRUE,1,0,0,1,1,1,1254,FALSE,3122500,1662500,24,ID_3038_202201211334.mod,,3038,TRUE,1030,TRUE,Monachil
EFAS,11,03039,Frío - Loja,-4.207232,37.156051,0,0.000000,0.000000,,,0,0,0,0,,,1,,,Guadalquivir,ES,225,100,Guadalquivir,,0,TRUE,1,0,0,1,1,1,492,FALSE,3057500,1682500,24,ID_3039_202201211334.mod,,3039,TRUE,1030,TRUE,Frío
EFAS,11,03040,Tíscar - Vadillo,-3.023948,37.773364,0,0.000000,0.000000,,,0,0,0,0,,,1,,,Guadalquivir,ES,25,13,Guadalquivir,,0,TRUE,1,0,0,1,1,1,909,FALSE,3172500,1732500,,ID_3040_202201211334.mod,,3040,TRUE,1030,TRUE,Vadillo
EFAS,11,03041,Guadiamar - El Guijo,-6.215010,37.436421,0,0.000000,0.000000,,,0,0,0,0,,,1,,,Guadalquivir,ES,650,672,Guadalquivir,,0,TRUE,1,0,0,1,1,1,31,FALSE,2887500,1747500,24,ID_3041_202201211334.mod,,3041,TRUE,1030,TRUE,Guadiamar
EFAS,11,03042,Guadalquivir - Arroyo de María,-2.835848,38.178933,0,0.000000,0.000000,,,0,0,0,0,,,1,,,Guadalquivir,ES,2575,583,Guadalquivir,,0,TRUE,1,0,0,1,1,1,538,FALSE,3147500,1772500,24,ID_3042_202201211334.mod,,3042,TRUE,1030,TRUE,Guadalquivir
EFAS,11,03043,Guarrizas - Ruinas de Puente,-3.536358,38.138852,0,0.000000,0.000000,,,0,0,0,0,,,1,,,Guadalquivir,ES,700,334,Guadalquivir,,0,TRUE,1,0,0,1,1,1,285,FALSE,3132500,1787500,24,ID_3043_202201211334.mod,,3043,TRUE,1030,TRUE,Guarrizas
EFAS,11,03044,Guadalquivir - Cerrada del Utrero,-2.928231,37.930804,0,0.000000,0.000000,,,0,0,0,0,,,1,,,Guadalquivir,ES,100,65,Guadalquivir,,0,TRUE,1,0,0,1,1,1,815,FALSE,3182500,1747500,24,ID_3044_202201211343.mod,,3044,TRUE,1030,TRUE,Guadalquivir
EFAS,11,03045,Colomera - Molino del Tuerto,-3.702719,37.351012,0,0.000000,0.000000,,,0,0,0,0,,,1,,,Guadalquivir,ES,300,246,Guadalquivir,,0,TRUE,1,0,0,1,1,1,684,FALSE,3102500,1697500,24,ID_3045_202201211344.mod,,3045,TRUE,1030,TRUE,Colomera
EFAS,11,03046,Rivera de Huesna - Villanueva del Río y Minas,-5.737245,37.645990,0,0.000000,0.000000,,,0,0,0,0,,,1,,,Guadalquivir,ES,525,678,Guadalquivir,,0,TRUE,1,0,0,1,1,1,22,FALSE,2937500,1767500,24,ID_3046_202201211344.mod,,3046,TRUE,1030,TRUE,Rivera de Huesna
EFAS,11,03047,Rivera de Huelva - Zufre,-6.397996,37.877261,0,0.000000,0.000000,,,0,0,0,0,,,1,,,Guadalquivir,ES,600,548,Guadalquivir,,0,TRUE,1,0,0,1,1,1,279,FALSE,2882500,1797500,24,ID_3047_202201211346.mod,,3047,TRUE,1030,TRUE,Rivera de Huelva
EFAS,11,03048,Guadiamar - Gerena,-6.189454,37.523935,0,0.000000,0.000000,,,0,0,0,0,,,1,,,Guadalquivir,ES,250,240,Guadalquivir,,0,FALSE,0,0,0,0,1,1,52,FALSE,2892500,1757500,,,,3048,FALSE,1030,FALSE,Guadiamar
EFAS,11,03049,Madrefuentes - Palma del Río,-5.355421,37.662077,0,0.000000,0.000000,,,0,0,0,0,,,1,,,Guadalquivir,ES,475,370,Guadalquivir,,0,TRUE,1,0,0,1,1,1,62,FALSE,2967500,1757500,24,ID_3049_202201211346.mod,,3049,TRUE,1030,TRUE,Arroyo de Madre Fuentes
EFAS,11,03050,Baza - Baza,-2.710364,37.520418,0,0.000000,0.000000,,,0,0,0,0,,,1,,,Guadalquivir,ES,675,471,Guadalquivir,,0,FALSE,0,0,0,0,1,1,737,FALSE,3192500,1697500,,,,3050,FALSE,1030,FALSE,Baza
EFAS,11,03051,Guadalmena - Génave,-2.785353,38.514417,0,0.000000,0.000000,,,0,0,0,0,,,1,,,Guadalquivir,ES,950,760,Guadalquivir,,0,FALSE,0,0,0,0,1,1,659,FALSE,3202500,1807500,,,,3051,FALSE,1030,FALSE,Guadalmena
EFAS,11,03052,Guadalbullón - Cambil,-3.626530,37.681515,0,0.000000,0.000000,,,0,0,0,0,,,1,,,Guadalquivir,ES,350,211,Guadalquivir,,0,FALSE,0,0,0,0,1,1,641,FALSE,3117500,1732500,,,,3052,FALSE,1030,FALSE,Guadalbullón
EFAS,11,03053,Eliche - Villares,-3.819436,37.693807,0,0.000000,0.000000,,,0,0,0,0,,,1,,,Guadalquivir,ES,50,14.57,Guadalquivir,,0,FALSE,0,0,0,0,1,1,597,FALSE,3097500,1737500,,,,3053,FALSE,1030,FALSE,Eliche
EFAS,11,03054,Arroyo Blanco - Écija,-5.061675,37.500758,0,0.000000,0.000000,,,0,0,0,0,,,1,,,Guadalquivir,ES,650,290,Guadalquivir,,0,FALSE,0,0,0,0,1,1,106,FALSE,2987500,1732500,,,,3054,FALSE,1030,FALSE,Blanco
EFAS,11,03055,Siete Arroyos - Villaverde del Río,-5.881009,37.593313,0,0.000000,0.000000,,,0,0,0,0,,,1,,,Guadalquivir,ES,125,92.47,Guadalquivir,,0,FALSE,0,0,0,0,1,1,15,FALSE,2917500,1762500,,,,3055,FALSE,1030,FALSE,Siete Arroyos
EFAS,11,03056,Guadaira - Arahal,-5.617036,37.229723,0,0.000000,0.000000,,,0,0,0,0,,,1,,,Guadalquivir,ES,300,324.52,Guadalquivir,,0,FALSE,0,0,0,0,1,1,64,FALSE,2937500,1712500,,,,3056,FALSE,1030,FALSE,Guadaira
EFAS,11,03057,Viar - Puebla del Maestre,-6.048335,38.104170,0,0.000000,0.000000,,,0,0,0,0,,,1,,,Guadalquivir,ES,525,447,Guadalquivir,,0,FALSE,0,0,0,0,1,1,390,FALSE,2917500,1817500,,,,3057,FALSE,1030,FALSE,Viar
EFAS,11,03058,Guadalquivir - Sevilla,-6.016169,37.392164,0,0.000000,0.000000,,,0,0,0,0,,,1,,,Guadalquivir,ES,49700,48548,Guadalquivir,,0,FALSE,0,0,0,0,1,1,5,FALSE,2902500,1737500,,,,3058,FALSE,1030,FALSE,Guadalquivir
EFAS,11,03059,Guadalquivir - Andújar,-4.061731,38.032735,0,0.000000,0.000000,,,0,0,0,0,,,1,,,Guadalquivir,ES,17600,16825,Guadalquivir,,0,FALSE,0,0,0,0,1,1,195,FALSE,3087500,1777500,,,,3059,FALSE,1030,FALSE,Guadalquivir
EFAS,11,03060,Guadalquivir - Mogón,-3.036243,38.069474,0,0.000000,0.000000,,,0,0,0,0,,,1,,,Guadalquivir,ES,950,867,Guadalquivir,,0,FALSE,0,0,0,0,1,1,424,FALSE,3177500,1762500,,,,3060,FALSE,1030,FALSE,Guadalquivir
EFAS,11,03061,Guadalquivir - Córdoba (Casillas),-4.800226,37.851825,0,0.000000,0.000000,,,0,0,0,0,,,1,,,Guadalquivir,ES,25400,24704,Guadalquivir,,0,FALSE,0,0,0,0,1,1,92,FALSE,3017500,1767500,,,,3061,FALSE,1030,FALSE,Guadalquivir
EFAS,11,03062,Cuzna - Obejo,-4.819446,38.210558,0,0.000000,0.000000,,,0,0,0,0,,,1,,,Guadalquivir,ES,250,279,Guadalquivir,,0,FALSE,0,0,0,0,1,1,392,FALSE,3022500,1807500,,,,3062,FALSE,1030,FALSE,Cuzna
EFAS,11,03063,Bembézar - Hornachuelos,-5.401948,38.053610,0,0.000000,0.000000,,,0,0,0,0,,,1,,,Guadalquivir,ES,875,875,Guadalquivir,,0,FALSE,0,0,0,0,1,1,202,FALSE,2967500,1802500,,,,3063,FALSE,1030,FALSE,Bembézar
EFAS,11,03064,Montesina - Hornachuelos,-5.401638,38.054133,0,0.000000,0.000000,,,0,0,0,0,,,1,,,Guadalquivir,ES,75,129,Guadalquivir,,0,FALSE,0,0,0,0,1,1,208,FALSE,2972500,1807500,,,Difficult to locate  possibly wrong location,3064,FALSE,1030,FALSE,Arroyo de Montesina
EFAS,11,03065,Salado - Alcaudete,-4.187855,37.552475,0,0.000000,0.000000,,,0,0,0,0,,,1,,,Guadalquivir,ES,250,276,Guadalquivir,,0,FALSE,0,0,0,0,1,1,393,FALSE,3062500,1722500,,,,3065,FALSE,1030,FALSE,Salado
EFAS,11,03066,San Juan - Alcaudete,-4.040556,37.541670,0,0.000000,0.000000,,,0,0,0,0,,,1,,,Guadalquivir,ES,250,209,Guadalquivir,,0,FALSE,0,0,0,0,1,1,529,FALSE,3077500,1722500,,,,3066,FALSE,1030,FALSE,San Juan
EFAS,11,03067,Jándula - Hoyo,-3.954718,38.401110,0,0.000000,0.000000,,,0,0,0,0,,,1,,,Guadalquivir,ES,2025,1793,Guadalquivir,,0,FALSE,0,0,0,0,1,1,410,FALSE,3102500,1812500,,,,3067,FALSE,1030,FALSE,Jándula
EFAS,11,03068,Guadalbacar - Constantina,-5.539718,37.830831,0,0.000000,0.000000,,,0,0,0,0,,,1,,,Guadalquivir,ES,50,39,Guadalquivir,,0,FALSE,0,0,0,0,1,1,322,FALSE,2952500,1777500,,,,3068,FALSE,1030,FALSE,Guadalbacar
EFAS,11,03069,Huesna - Cazalla de la Sierra,-5.705003,37.931671,0,0.000000,0.000000,,,0,0,0,0,,,1,,,Guadalquivir,ES,200,156.6,Guadalquivir,,0,FALSE,0,0,0,0,1,1,409,FALSE,2942500,1792500,,,,3069,FALSE,1030,FALSE,Huesna
EFAS,11,03070,Rivera de Cala - Almadén de la Plata,-6.147497,37.880277,0,0.000000,0.000000,,,0,0,0,0,,,1,,,Guadalquivir,ES,325,335,Guadalquivir,,0,FALSE,0,0,0,0,1,1,362,FALSE,2902500,1797500,,,,3070,FALSE,1030,FALSE,Rivera de Cala
EFAS,11,03071,Guadalimar - Villacarrillo,-3.147226,38.159443,0,0.000000,0.000000,,,0,0,0,0,,,1,,,Guadalquivir,ES,2250,2373,Guadalquivir,,0,FALSE,0,0,0,0,1,1,421,FALSE,3167500,1777500,,,,3071,FALSE,1030,FALSE,Guadalimar
EFAS,11,03072,Guadalén - Aldeaquemada,-3.226670,38.412782,0,0.000000,0.000000,,,0,0,0,0,,,1,,,Guadalquivir,ES,500,453,Guadalquivir,,0,FALSE,0,0,0,0,1,1,548,FALSE,3162500,1802500,,,,3072,FALSE,1030,FALSE,Guadalén
EFAS,11,03073,Guadalbullón - Puente de Guadalla,-3.743330,37.776943,0,0.000000,0.000000,,,0,0,0,0,,,1,,,Guadalquivir,ES,850,461,Guadalquivir,,0,FALSE,0,0,0,0,1,1,381,FALSE,3107500,1742500,,,,3073,FALSE,1030,FALSE,Guadalbullón
EFAS,11,03074,Eliche - Puente de la Sierra,-3.764188,37.720514,0,0.000000,0.000000,,,0,0,0,0,,,1,,,Guadalquivir,ES,125,100,Guadalquivir,,0,FALSE,0,0,0,0,1,1,433,FALSE,3102500,1737500,,,,3074,FALSE,1030,FALSE,Eliche
EFAS,11,03075,Quiebrajano - Puente de la Sierra,-3.762664,37.720163,0,0.000000,0.000000,,,0,0,0,0,,,1,,,Guadalquivir,ES,175,168,Guadalquivir,,0,FALSE,0,0,0,0,1,1,431,FALSE,3107500,1732500,,,,3075,FALSE,1030,FALSE,Quiebrajano
EFAS,11,03076,Guadalquivir - Alcolea,-4.650277,37.941945,0,0.000000,0.000000,,,0,0,0,0,,,1,,,Guadalquivir,ES,25075,24314,Guadalquivir,,0,FALSE,0,0,0,0,1,1,110,FALSE,3032500,1772500,,,,3076,FALSE,1030,FALSE,Guadalquivir
EFAS,11,03077,Genil - El Judío,-5.205688,37.659423,0,0.000000,0.000000,,,0,0,0,0,,,1,,,Guadalquivir,ES,8150,8098,Guadalquivir,,0,FALSE,0,0,0,0,1,1,66,FALSE,2977500,1752500,,,,3077,FALSE,1030,FALSE,Genil
EFAS,11,03078,Guadalhorce - Cártama,-4.614008,36.728772,0,0.000000,0.000000,,,0,0,0,0,,,1,,,Guadalhorce,ES,2850,2660,Guadalhorce,,0,TRUE,1,1,0,1,1,1,28,FALSE,3012500,1642500,,,,3078,FALSE,1030,TRUE,Guadalhorce
EFAS,11,03079,Guadaldeo - Órgiva,-3.415500,36.884000,0,0.000000,0.000000,,,0,0,0,0,,,1,,,Guadalfeo,ES,550,538,Guadalfeo,,0,TRUE,1,1,0,1,1,1,328,FALSE,3122500,1637500,,,,3079,FALSE,1030,TRUE,Guadalfeo
EFAS,11,03080,Ízbor - Restábal,-2.801504,36.880334,0,0.000000,0.000000,,,0,0,0,0,,,1,,,Guadalfeo,ES,25,266,Guadalfeo,,0,TRUE,1,1,0,1,1,1,518,FALSE,3177500,1632500,,,,3080,FALSE,1030,TRUE,Izbor
EFAS,11,03081,Almanzora - Cantoria,-2.171013,37.347157,0,0.000000,0.000000,,,0,0,0,0,,,1,,,Almanzora,ES,1100,1070,Almanzora,,0,TRUE,1,1,0,1,1,1,354,FALSE,3237500,1672500,,,,3081,FALSE,1030,TRUE,Almanzora
EFAS,11,03082,Guadalete - Jeréz,-6.093256,36.643016,0,0.000000,0.000000,,,0,0,0,0,,,1,,,Guadalete,ES,25,185,Guadalete,,0,FALSE,0,0,0,0,1,1,6,FALSE,2882500,1657500,,,Possibly wrong location,3082,FALSE,1030,FALSE,Guadalete
EFAS,11,03083,Alamo - Benalup de Sidonia,-5.791495,36.360334,0,0.000000,0.000000,,,0,0,0,0,,,1,,,Barbate,ES,675,307.5,Barbate,,0,TRUE,1,1,0,1,1,1,16,FALSE,2902500,1622500,,,It cannot be located in the right location because of LDD,3083,FALSE,1030,TRUE,Álamo
EFAS,11,03084,Guadalete - Junta de los Ríos,-5.858495,36.693629,0,0.000000,0.000000,,,0,0,0,0,,,1,,,Guadalete,ES,2425,2397,Guadalete,,0,FALSE,0,0,0,0,1,1,28,FALSE,2902500,1662500,,,,3084,FALSE,1030,FALSE,Guadalete
EFAS,11,03085,Guadalete - Barca del Florida,-5.924623,36.649172,0,0.000000,0.000000,,,0,0,0,0,,,1,,,Guadalete,ES,2550,2498,Guadalete,,0,FALSE,0,0,0,0,1,1,17,FALSE,2897500,1657500,,,,3085,FALSE,1030,FALSE,Guadalete
EFAS,11,03086,Masies de Roda (Ter i Gurri),2.289947,41.983734,0,0.000000,0.000000,,,0,0,0,0,,,1,,,Ter,ES,1225,1387.05,Ter,,0,TRUE,1,1,0,1,0,0,,FALSE,3677500,2132500,24,ID_3086_202201211350.mod,,3086,TRUE,1037,TRUE,Ter
EFAS,11,03087,Sortida d'Embassament de Sau (Vilanova de Sau),2.413554,41.968625,0,0.000000,0.000000,,,0,0,0,0,,,1,,,Ter,ES,1800,1564,Ter,,0,TRUE,1,1,0,1,0,0,,FALSE,3697500,2127500,24,ID_3087_202201211350.mod,Between two dams,3087,TRUE,1037,TRUE,Ter
EFAS,11,03088,Druskininkai,23.980247,54.019475,0,0.000000,0.000000,,,0,0,0,0,,,1,,,Neman,LT,37550,37400,Neman,,0,FALSE,0,0,0,0,1,1,,FALSE,5232500,3522500,,,,3088,FALSE,1061,FALSE,Neman
EFAS,11,03089,Nemajūnai,24.074033,54.554370,0,0.000000,0.000000,,,0,0,0,0,,,1,,,Neman,LT,43025,42900,Neman,,0,FALSE,0,0,0,0,1,1,,FALSE,5227500,3582500,,,,3089,FALSE,1061,FALSE,Neman
EFAS,11,03090,Smalininkai,22.588050,55.072787,0,0.000000,0.000000,,,0,0,0,0,,,1,,,Neman,LT,81075,81200,Neman,,0,FALSE,0,0,0,0,1,1,,FALSE,5122500,3622500,,,,3090,FALSE,1061,FALSE,Neman
EFAS,11,03091,Rusnė,21.380829,55.296119,0,0.000000,0.000000,,,0,0,0,0,,,1,,,Neman,LT,92475,,Neman,,0,FALSE,0,0,0,0,1,1,,FALSE,5042500,3632500,,,,3091,FALSE,1061,FALSE,Atmata
EFAS,11,03092,Guadahortuna - Dehesa Guadix,-3.117525,37.594122,0,0.000000,0.000000,,,0,0,0,0,,,1,,,Guadalquivir,ES,425,403,Guadalquivir,,0,TRUE,1,1,0,1,1,1,665,FALSE,3162500,1712500,24,ID_3092_202201211350.mod,,3092,TRUE,1030,TRUE,Guadahortuna
EFAS,11,03093,Gunja,18.811694,44.881661,0,0.000000,0.000000,,,0,0,0,0,,,1,,,Sava,HR,63075,,Sava,,0,TRUE,1,1,0,1,1,1,74.32,FALSE,5017500,2457500,,ID_3093_202201211400.mod,,3093,TRUE,1031,TRUE,Sava
EFAS,11,03094,Rannu-Jõesuu,26.134176,58.385563,0,0.000000,0.000000,,,0,0,0,0,,,1,,,Narva,EE,3575,3370,Narva,,0,TRUE,1,1,0,1,1,1,33.19,FALSE,5252500,4027500,,ID_3094_202201211402.mod,Location must be checked for lake  not sure if upstream or downstream,3094,TRUE,1028,TRUE,Emajõgi
EFAS,11,03095,Tartu,26.726115,58.380004,0,0.000000,0.000000,,,0,0,0,0,,,1,,,Narva,EE,8075,7840,Narva,,0,TRUE,1,1,0,1,1,1,29.79,FALSE,5287500,4037500,,ID_3095_202201211402.mod,,3095,TRUE,1028,TRUE,Emajõgi
EFAS,11,03096,Vasknarva,27.740289,59.000848,0,0.000000,0.000000,,,0,0,0,0,,,1,,,Narva,EE,49625,47800,Narva,,0,TRUE,1,1,0,1,1,1,29.18,FALSE,5332500,4117500,,ID_3096_202201211402.mod,,3096,TRUE,1028,TRUE,Narva
EFAS,11,03097,Oore,24.767508,58.463073,0,0.000000,0.000000,,,0,0,0,0,,,1,,,Pärnu,EE,4825,5160,Pärnu,,0,TRUE,1,1,0,1,1,1,5.62,FALSE,5182500,4022500,,ID_3097_202201211402.mod,,3097,TRUE,1028,TRUE,Pärnu
EFAS,11,03098,Kasari,23.996693,58.726413,0,0.000000,0.000000,,,0,0,0,0,,,1,,,Kasari,EE,2675,2640,Kasari,,0,TRUE,1,1,0,1,1,1,2.86,FALSE,5127500,4037500,,ID_3098_202201211402.mod,,3098,TRUE,1028,TRUE,Kasari
EFAS,11,03099,La Moselle à Saint-Mard et à Tonnoy et à Velle-sur-Moselle,6.260221,48.536107,0,0.000000,0.000000,,,0,0,0,0,,,1,,,Rhine,FR,2025,1976,Rhine,,0,TRUE,1,1,0,1,0,0,231,FALSE,4042500,2832500,,ID_3099_202201211406.mod,,3099,TRUE,1021,TRUE,Moselle
EFAS,11,03100,La Moselle à Toul,5.896397,48.669768,0,0.000000,0.000000,,,0,0,0,0,,,1,,,Rhine,FR,3325,3338,Rhine,,0,TRUE,1,1,0,1,0,0,201,FALSE,4017500,2847500,,ID_3100_202201211406.mod,,3100,TRUE,1021,TRUE,Moselle
EFAS,11,03101,La Meurthe à Laneuveville-devant-Nancy [la Madeleine],6.272221,48.642509,0,0.000000,0.000000,,,0,0,0,0,,,1,,,Rhine,FR,2800,2780,Rhine,,0,TRUE,1,1,0,1,0,0,200,FALSE,4047500,2842500,,ID_3101_202201211406.mod,,3101,TRUE,1021,TRUE,Meurthe
EFAS,11,03102,La Moselle à Custines,6.121749,48.789672,0,0.000000,0.000000,,,0,0,0,0,,,1,,,Rhine,FR,6950,6830,Rhine,,0,TRUE,1,1,0,1,0,0,184,FALSE,4037500,2862500,,ID_3102_202201211406.mod,,3102,TRUE,1021,TRUE,Moselle
EFAS,11,03103,La Seille à Nomeny,6.227783,48.888275,0,0.000000,0.000000,,,0,0,0,0,,,1,,,Rhine,FR,975,925,Rhine,,0,TRUE,1,1,0,1,0,0,181,FALSE,4042500,2872500,,ID_3103_202201211408.mod,,3103,TRUE,1021,TRUE,Seille
EFAS,11,03104,La Seille à Metz,6.188145,49.100772,0,0.000000,0.000000,,,0,0,0,0,,,1,,,Rhine,FR,1175,1280,Rhine,,0,TRUE,1,1,0,1,0,0,163,FALSE,4037500,2887500,,ID_3104_202201211413.mod,,3104,TRUE,1021,TRUE,Seille
EFAS,11,03105,La Moselle à Hagondange et à Hauconcourt,6.197410,49.223250,0,0.000000,0.000000,,,0,0,0,0,,,1,,,Rhine,FR,9400,9387,Rhine,,0,TRUE,1,1,0,1,0,0,155,FALSE,4042500,2907500,,ID_3105_202201211420.mod,,3105,TRUE,1021,TRUE,Moselle
EFAS,11,03106,L'Orne à Rosselange,6.072002,49.256391,0,0.000000,0.000000,,,0,0,0,0,,,1,,,Rhine,FR,1200,1226,Rhine,,0,TRUE,1,1,0,1,0,0,164,FALSE,4032500,2912500,,ID_3106_202201211424.mod,Same location as 2938,3106,TRUE,1021,TRUE,Orne
EFAS,11,03107,La Moselle à Uckange,6.172723,49.316716,0,0.000000,0.000000,,,0,0,0,0,,,1,,,Rhine,FR,10700,10770,Rhine,,0,TRUE,1,1,0,1,0,0,150,FALSE,4042500,2917500,,ID_3107_202201211424.mod,,3107,TRUE,1021,TRUE,Moselle
EFAS,11,03108,La Sarre à Sarreguemines et à Sarreinsming,7.106760,49.086789,0,0.000000,0.000000,,,0,0,0,0,,,1,,,Rhine,FR,3700,1760,Rhine,,0,TRUE,1,1,0,1,0,0,195,FALSE,4107500,2892500,,ID_3108_202201211424.mod,,3108,TRUE,1021,TRUE,Saar
EFAS,11,03109,La Meuse à Domrémy-la-Pucelle,5.676026,48.439998,0,0.000000,0.000000,,,0,0,0,0,,,1,,,Meuse,FR,1500,1031,Meuse,,0,TRUE,1,1,0,1,0,0,267,FALSE,4002500,2822500,,ID_3109_202201211424.mod,,3109,TRUE,1021,TRUE,Meuse
EFAS,11,03110,La Meuse à Commercy,5.602960,48.768316,0,0.000000,0.000000,,,0,0,0,0,,,1,,,Meuse,FR,2400,2290,Meuse,,0,TRUE,1,1,0,1,0,0,227,FALSE,3997500,2862500,,ID_3110_202201211432.mod,,3110,TRUE,1021,TRUE,Meuse
EFAS,11,03111,La Meuse à Saint-Mihiel,5.530631,48.870991,0,0.000000,0.000000,,,0,0,0,0,,,1,,,Meuse,FR,2675,2540,Meuse,,0,TRUE,1,1,0,1,0,0,219,FALSE,3992500,2872500,,ID_3111_202201211432.mod,,3111,TRUE,1021,TRUE,Meuse
EFAS,11,03112,La Meuse à Stenay,5.178844,49.494346,0,0.000000,0.000000,,,0,0,0,0,,,1,,,Meuse,FR,3975,3904,Meuse,,0,TRUE,1,1,0,1,0,0,162,FALSE,3972500,2942500,,ID_3112_202201211432.mod,,3112,TRUE,1021,TRUE,Meuse
EFAS,11,03113,L'Ouanne à Charny,3.091287,47.885566,0,0.000000,0.000000,,,0,0,0,0,,,1,,,Seine,FR,625,562,Seine,,0,TRUE,1,1,0,1,0,0,133,FALSE,3802500,2777500,,ID_3113_202201211439.mod,,3113,TRUE,1021,TRUE,Ouanne
EFAS,11,03114,Le Loing à Châlette-sur-Loing [Gué de Lancy],2.727359,48.035488,0,0.000000,0.000000,,,0,0,0,0,,,1,,,Seine,FR,2425,,Seine,,0,TRUE,1,1,0,1,0,0,,FALSE,3782500,2797500,,ID_3114_202201211439.mod,,3114,TRUE,1021,TRUE,Loing
EFAS,11,03115,Le Loing à Épisy,2.787250,48.336698,0,0.000000,0.000000,,,0,0,0,0,,,1,,,Seine,FR,3550,3900,Seine,,0,TRUE,1,1,0,1,0,0,48,FALSE,3777500,2827500,,ID_3115_202201211439.mod,Same location as 1929,3115,TRUE,1021,TRUE,Loing
EFAS,11,03116,L'Essonne à la Ferté-Alais et à Guigneville-sur-Essonne,2.347596,48.464367,0,0.000000,0.000000,,,0,0,0,0,,,1,,,Seine,FR,1100,901,Seine,,0,TRUE,1,1,0,1,0,0,52,FALSE,3757500,2847500,,ID_3116_202201211439.mod,,3116,TRUE,1021,TRUE,Essonne
EFAS,11,03117,La Seine à Alfortville et à Villeneuve-Saint-Georges et à Vi,2.418298,48.780242,0,0.000000,0.000000,,,0,0,0,0,,,1,,,Seine,FR,43400,30800,Seine,,0,TRUE,1,1,0,1,0,0,30,FALSE,3762500,2882500,,ID_3117_202201211452.mod,,3117,TRUE,1021,TRUE,Seine
EFAS,11,03118,La Seine à Paris,2.365510,48.844690,0,0.000000,0.000000,,,0,0,0,0,,,1,,,Seine,FR,30725,43800,Seine,,0,TRUE,1,1,0,1,0,0,26,FALSE,3762500,2877500,,ID_3118_202201211500.mod,,3118,TRUE,1021,TRUE,Seine
EFAS,11,03119,La Seine à Nod-sur-Seine,4.570344,47.764483,0,0.000000,0.000000,,,0,0,0,0,,,1,,,Seine,FR,450,371,Seine,,0,TRUE,1,1,0,1,0,0,248,FALSE,3912500,2752500,,ID_3119_202201211500.mod,,3119,TRUE,1021,TRUE,Seine
EFAS,11,03120,La Seine à Plaines-Saint-Lange,4.480821,47.995810,0,0.000000,0.000000,,,0,0,0,0,,,1,,,Seine,FR,775,704,Seine,,0,TRUE,1,1,0,1,0,0,179,FALSE,3907500,2782500,,ID_3120_202201211500.mod,,3120,TRUE,1021,TRUE,Seine
EFAS,11,03121,L'Ource à Autricourt,4.615055,47.998637,0,0.000000,0.000000,,,0,0,0,0,,,1,,,Seine,FR,575,548,Seine,,0,TRUE,1,1,0,1,0,0,198,FALSE,3917500,2777500,,ID_3121_202201211500.mod,,3121,TRUE,1021,TRUE,Ource
EFAS,11,03122,La Seine à Bar-sur-Seine,4.377626,48.116842,0,0.000000,0.000000,,,0,0,0,0,,,1,,,Seine,FR,2325,2340,Seine,,0,TRUE,1,1,0,1,0,0,148,FALSE,3902500,2792500,,ID_3122_202201211500.mod,,3122,TRUE,1021,TRUE,Seine
EFAS,11,03123,La Seine à Courtenot,4.336367,48.137521,0,0.000000,0.000000,,,0,0,0,0,,,1,,,Seine,FR,2600,2380,Seine,,0,TRUE,1,1,0,1,0,0,127,FALSE,3897500,2797500,,ID_3123_202201211500.mod,,3123,TRUE,1021,TRUE,Seine
EFAS,11,03124,L'Aube à Bar-sur-Aube,4.735131,48.219113,0,0.000000,0.000000,,,0,0,0,0,,,1,,,Seine,FR,1300,1280,Seine,,0,TRUE,1,1,0,1,0,0,169,FALSE,3927500,2802500,,ID_3124_202201211505.mod,,3124,TRUE,1021,TRUE,Aube
EFAS,11,03125,L'Aube à Arcis-sur-Aube,4.140193,48.537881,0,0.000000,0.000000,,,0,0,0,0,,,1,,,Seine,FR,3575,3590,Seine,,0,TRUE,1,1,0,1,0,0,84,FALSE,3887500,2842500,,ID_3125_202201211512.mod,,3125,TRUE,1021,TRUE,Aube
EFAS,11,03126,Le Cousin à Avallon,3.894375,47.482526,0,0.000000,0.000000,,,0,0,0,0,,,1,,,Seine,FR,325,347,Seine,,0,TRUE,1,1,0,1,0,0,170,FALSE,3862500,2727500,,ID_3126_202201211518.mod,,3126,TRUE,1021,TRUE,Cousin
EFAS,11,03127,Le Serein à Dissangis,3.984727,47.605673,0,0.000000,0.000000,,,0,0,0,0,,,1,,,Seine,FR,675,636,Seine,,0,TRUE,1,1,0,1,0,0,194,FALSE,3867500,2737500,,ID_3127_202201211518.mod,,3127,TRUE,1021,TRUE,Serein
EFAS,11,03128,L'Armançon à Quincy-le-Vicomte,4.262589,47.608724,0,0.000000,0.000000,,,0,0,0,0,,,1,,,Seine,FR,475,483,Seine,,0,TRUE,1,1,0,1,0,0,205,FALSE,3887500,2737500,,ID_3128_202201211518.mod,,3128,TRUE,1021,TRUE,Armançon
EFAS,11,03129,L'Armançon à Aisy-sur-Armançon [aval],4.232505,47.667950,0,0.000000,0.000000,,,0,0,0,0,,,1,,,Seine,FR,1425,1350,Seine,,0,TRUE,1,1,0,1,0,0,194,FALSE,3887500,2747500,,ID_3129_202201211518.mod,,3129,TRUE,1021,TRUE,Armançon
EFAS,11,03130,L'Armançon à Brienon-sur-Armançon,3.612875,47.985808,0,0.000000,0.000000,,,0,0,0,0,,,1,,,Seine,FR,2900,2982,Seine,,0,TRUE,1,1,0,1,0,0,85,FALSE,3847500,2782500,,ID_3130_202201211518.mod,Same location as 1927,3130,TRUE,1021,TRUE,Armançon
EFAS,11,03131,L'Epte à Fourges,1.644817,49.119502,0,0.000000,0.000000,,,0,0,0,0,,,1,,,Seine,FR,1450,1403,Seine,,0,TRUE,1,1,0,1,0,0,23,FALSE,3712500,2922500,,ID_3131_202201211522.mod,,3131,TRUE,1021,TRUE,Epte
EFAS,11,03132,L'Eure à Saint-Luperce,1.291190,48.449155,0,0.000000,0.000000,,,0,0,0,0,,,1,,,Seine,FR,375,330,Seine,,0,TRUE,1,1,0,1,0,0,154,FALSE,3677500,2852500,,ID_3132_202201211541.mod,,3132,TRUE,1021,TRUE,Eure
EFAS,11,03133,L'Eure à Charpont,1.442181,48.700855,0,0.000000,0.000000,,,0,0,0,0,,,1,,,Seine,FR,2000,2050,Seine,,0,TRUE,1,1,0,1,0,0,81,FALSE,3692500,2877500,,ID_3133_202201211541.mod,,3133,TRUE,1021,TRUE,Eure
EFAS,11,03134,L'Avre à Acon,1.104792,48.761918,0,0.000000,0.000000,,,0,0,0,0,,,1,,,Seine,FR,475,495,Seine,,0,TRUE,1,1,0,1,0,0,120,FALSE,3667500,2887500,,ID_3134_202201211541.mod,,3134,TRUE,1021,TRUE,Avre
EFAS,11,03135,L'Avre à Muzy,1.328197,48.760591,0,0.000000,0.000000,,,0,0,0,0,,,1,,,Seine,FR,875,880,Seine,,0,TRUE,1,1,0,1,0,0,81,FALSE,3682500,2887500,,ID_3135_202201211541.mod,,3135,TRUE,1021,TRUE,Avre
EFAS,11,03136,L'Eure à Cailly-sur-Eure,1.208807,49.114380,0,0.000000,0.000000,,,0,0,0,0,,,1,,,Seine,FR,4500,4598,Seine,,0,TRUE,1,1,0,1,0,0,21,FALSE,3682500,2927500,,ID_3136_202201211541.mod,,3136,TRUE,1021,TRUE,Eure
EFAS,11,03137,L'Iton à Normanville,1.150897,49.080570,0,0.000000,0.000000,,,0,0,0,0,,,1,,,Seine,FR,1125,1031,Seine,,0,TRUE,1,1,0,1,0,0,46,FALSE,3677500,2922500,,ID_3137_202201211541.mod,,3137,TRUE,1021,TRUE,Iton
EFAS,11,03138,L'Eure à Louviers,1.176920,49.224073,0,0.000000,0.000000,,,0,0,0,0,,,1,,,Seine,FR,5875,5935,Seine,,0,TRUE,1,1,0,1,0,0,11,FALSE,3677500,2937500,,ID_3138_202201211603.mod,,3138,TRUE,1021,TRUE,Eure
EFAS,11,03139,La Marne à Marnay-sur-Marne,5.248551,48.012031,0,0.000000,0.000000,,,0,0,0,0,,,1,,,Seine,FR,375,360,Seine,,0,TRUE,1,1,0,1,0,0,290,FALSE,3967500,2777500,,ID_3139_202201211603.mod,,3139,TRUE,1021,TRUE,Marne
EFAS,11,03140,Le Rognon à Doulaincourt-Saucourt,5.165235,48.343833,0,0.000000,0.000000,,,0,0,0,0,,,1,,,Seine,FR,600,614,Seine,,0,TRUE,1,1,0,1,0,0,206,FALSE,3967500,2812500,,ID_3140_202201211603.mod,,3140,TRUE,1021,TRUE,Rognon
EFAS,11,03141,La Saulx à Mognéville,4.999609,48.784962,0,0.000000,0.000000,,,0,0,0,0,,,1,,,Seine,FR,500,477,Seine,,0,TRUE,1,1,0,1,0,0,139,FALSE,3957500,2862500,,ID_3141_202201211603.mod,,3141,TRUE,1021,TRUE,Saulx
EFAS,11,03142,L'Ornain à Tronville-en-Barrois,5.282439,48.721626,0,0.000000,0.000000,,,0,0,0,0,,,1,,,Seine,FR,700,672,Seine,,0,TRUE,1,1,0,1,0,0,212,FALSE,3972500,2857500,,ID_3142_202201211603.mod,,3142,TRUE,1021,TRUE,Ornain
EFAS,11,03143,La Saulx à Vitry-en-Perthois,4.626330,48.746156,0,0.000000,0.000000,,,0,0,0,0,,,1,,,Seine,FR,2050,2100,Seine,,0,TRUE,1,1,0,1,0,0,94,FALSE,3927500,2862500,,ID_3143_202201211603.mod,,3143,TRUE,1021,TRUE,Saulx
EFAS,11,03144,La Marne à Châlons-en-Champagne,4.353718,48.950952,0,0.000000,0.000000,,,0,0,0,0,,,1,,,Seine,FR,6250,6280,Seine,,0,TRUE,1,1,0,1,0,0,77,FALSE,3907500,2887500,,ID_3144_202201211625.mod,,3144,TRUE,1021,TRUE,Marne
EFAS,11,03145,L'Aire à Chevières,4.903254,49.334071,0,0.000000,0.000000,,,0,0,0,0,,,1,,,Seine,FR,1025,1000,Seine,,0,TRUE,1,1,0,1,0,0,125,FALSE,3952500,2927500,,ID_3145_202201211625.mod,,3145,TRUE,1021,TRUE,Aire
EFAS,11,03146,L'Aisne à Mouron,4.782841,49.308089,0,0.000000,0.000000,,,0,0,0,0,,,1,,,Seine,FR,2425,2280,Seine,,0,TRUE,1,1,0,1,0,0,102,FALSE,3942500,2922500,,ID_3146_202201211625.mod,,3146,TRUE,1021,TRUE,Aisne
EFAS,11,03147,L'Aisne à Givry,4.538602,49.491463,0,0.000000,0.000000,,,0,0,0,0,,,1,,,Seine,FR,3075,2940,Seine,,0,TRUE,1,1,0,1,0,0,76,FALSE,3922500,2947500,,ID_3147_202201211638.mod,Same location as 1933,3147,TRUE,1021,TRUE,Aisne
EFAS,11,03148,L'Oise à Origny-Sainte-Benoite,3.481797,49.839589,0,0.000000,0.000000,,,0,0,0,0,,,1,,,Seine,FR,1200,1200,Seine,,0,TRUE,1,1,0,1,0,0,70,FALSE,3852500,2992500,,,,3148,FALSE,1021,TRUE,Oise
EFAS,11,03149,La Serre à Pont-à-Bucy,3.483903,49.692261,0,0.000000,0.000000,,,0,0,0,0,,,1,,,Seine,FR,1625,1637,Seine,,0,TRUE,1,1,0,1,0,0,52,FALSE,3852500,2972500,,ID_3149_202201211638.mod,,3149,TRUE,1021,TRUE,Seine
EFAS,11,03150,L'Oise à Sempigny,2.993738,49.560148,0,0.000000,0.000000,,,0,0,0,0,,,1,,,Seine,FR,4200,4316,Seine,,0,TRUE,1,1,0,1,0,0,34,FALSE,3817500,2962500,,ID_3150_202201211638.mod,Same location as 1934,3150,TRUE,1021,TRUE,Oise
EFAS,11,03151,L'Orne à May-sur-Orne,-0.386364,49.109630,0,0.000000,0.000000,,,0,0,0,0,,,1,,,Orne,FR,2525,2506,Orne,,0,TRUE,1,1,0,1,0,0,4,FALSE,3567500,2942500,,ID_3151_202201211638.mod,,3151,TRUE,1021,TRUE,Orne
EFAS,11,03152,L'Aulne à Châteauneuf-du-Faou,-3.861535,48.165034,0,0.000000,0.000000,,,0,0,0,0,,,1,,,Aulne,FR,1200,1224.8,Aulne,,0,TRUE,1,1,0,1,0,0,33,FALSE,3297500,2877500,,ID_3152_202201211638.mod,,3152,TRUE,1021,TRUE,Aulne
EFAS,11,03153,La Vilaine à Guichen,-1.755066,47.992902,0,0.000000,0.000000,,,0,0,0,0,,,1,,,Vilaine,FR,3175,3299.4,Vilaine,,0,TRUE,1,1,0,1,0,0,14,FALSE,3447500,2832500,,ID_3153_202201211642.mod,,3153,TRUE,1021,TRUE,Vilaine
EFAS,11,03154,La Loire à Bas-en-Basset,4.117990,45.295229,0,0.000000,0.000000,,,0,0,0,0,,,1,,,Loire,FR,3325,3234,Loire,,0,TRUE,1,1,0,1,0,0,450,FALSE,3857500,2482500,,ID_3154_202201211642.mod,,3154,TRUE,1021,TRUE,Loire
EFAS,11,03155,La Loire à Digoin,3.983034,46.478171,0,0.000000,0.000000,,,0,0,0,0,,,1,,,Loire,FR,9400,9315,Loire,,0,TRUE,1,1,0,1,0,0,227,FALSE,3862500,2612500,,ID_3155_202201211651.mod,,3155,TRUE,1021,TRUE,Loire
EFAS,11,03156,L'Arroux à Étang-sur-Arroux,4.192478,46.851457,0,0.000000,0.000000,,,0,0,0,0,,,1,,,Loire,FR,1925,1798,Loire,,0,TRUE,1,1,0,1,0,0,273,FALSE,3877500,2652500,,ID_3156_202201211659.mod,,3156,TRUE,1021,TRUE,Arroux
EFAS,11,03157,L'Arroux à Rigny-sur-Arroux,4.034506,46.534576,0,0.000000,0.000000,,,0,0,0,0,,,1,,,Loire,FR,2275,2277,Loire,,0,TRUE,1,1,0,1,0,0,237,FALSE,3867500,2627500,,ID_3157_202201211659.mod,,3157,TRUE,1021,TRUE,Arroux
EFAS,11,03158,L'Arroux à Digoin,3.989250,46.494963,0,0.000000,0.000000,,,0,0,0,0,,,1,,,Loire,FR,3125,3166,Loire,,0,TRUE,1,1,0,1,0,0,255,FALSE,3862500,2617500,,ID_3158_202201211659.mod,,3158,TRUE,1021,TRUE,Arroux
EFAS,11,03159,La Loire à Gilly-sur-Loire,3.766206,46.538025,0,0.000000,0.000000,,,0,0,0,0,,,1,,,Loire,FR,13950,13007,Loire,,0,TRUE,1,1,0,1,0,0,215,FALSE,3842500,2622500,,ID_3159_202201211659.mod,,3159,TRUE,1021,TRUE,Loire
EFAS,11,03160,L'Aron à Verneuil,3.575826,46.851902,0,0.000000,0.000000,,,0,0,0,0,,,1,,,Loire,FR,1525,1465,Loire,,0,TRUE,1,1,0,1,0,0,196,FALSE,3832500,2657500,,ID_3160_202201211659.mod,,3160,TRUE,1021,TRUE,Aron
EFAS,11,03161,La Loire à Nevers,3.165328,46.982810,0,0.000000,0.000000,,,0,0,0,0,,,1,,,Loire,FR,18275,17570,Loire,,0,TRUE,1,1,0,1,0,0,175,FALSE,3802500,2677500,,ID_3161_202201211713.mod,,3161,TRUE,1021,TRUE,Loire
EFAS,11,03162,L'Alagnon à Lempdes-sur-Allagnon,3.265549,45.383598,0,0.000000,0.000000,,,0,0,0,0,,,1,,,Loire,FR,1100,984,Loire,,0,TRUE,1,1,0,1,0,0,450,FALSE,3792500,2497500,,ID_3162_202201211713.mod,,3162,TRUE,1021,TRUE,Alagnon
EFAS,11,03163,L'Allier à Coudes,3.210561,45.615018,0,0.000000,0.000000,,,0,0,0,0,,,1,,,Loire,FR,5350,5317,Loire,,0,TRUE,1,1,0,1,0,0,335,FALSE,3792500,2522500,,ID_3163_202201211713.mod,,3163,TRUE,1021,TRUE,Allier
EFAS,11,03164,L'Allier à Limons,3.447800,45.969474,0,0.000000,0.000000,,,0,0,0,0,,,1,,,Loire,FR,7100,7005,Loire,,0,TRUE,1,1,0,1,0,0,278,FALSE,3812500,2562500,,ID_3164_202201211713.mod,,3164,TRUE,1021,TRUE,Allier
EFAS,11,03165,L'Allier à Saint-Yorre,3.459131,46.062202,0,0.000000,0.000000,,,0,0,0,0,,,1,,,Loire,FR,8950,8940,Loire,,0,TRUE,1,1,0,1,0,0,260,FALSE,3817500,2572500,,ID_3165_202201211713.mod,,3165,TRUE,1021,TRUE,Allier
EFAS,11,03166,La Sioule à Saint-Pourçain-sur-Sioule,3.296518,46.309255,0,0.000000,0.000000,,,0,0,0,0,,,1,,,Loire,FR,2475,2458,Loire,,0,TRUE,1,1,0,1,0,0,238,FALSE,3802500,2602500,,ID_3166_202201211714.mod,,3166,TRUE,1021,TRUE,Sioule
EFAS,11,03167,L'Allier à Châtel-de-Neuvre,3.316926,46.402198,0,0.000000,0.000000,,,0,0,0,0,,,1,,,Loire,FR,12825,12430,Loire,,0,TRUE,1,1,0,1,0,0,225,FALSE,3807500,2612500,,ID_3167_202201211720.mod,,3167,TRUE,1021,TRUE,Allier
EFAS,11,03168,L'Allier à Moulins,3.325954,46.561116,0,0.000000,0.000000,,,0,0,0,0,,,1,,,Loire,FR,13100,12980,Loire,,0,TRUE,1,1,0,1,0,0,210,FALSE,3807500,2627500,,ID_3168_202201211731.mod,,3168,TRUE,1021,TRUE,Allier
EFAS,11,03169,L'Allier à Cuffy,3.069840,46.946582,0,0.000000,0.000000,,,0,0,0,0,,,1,,,Loire,FR,14300,14310,Loire,,0,TRUE,1,1,0,1,0,0,175,FALSE,3792500,2667500,,ID_3169_202201211731.mod,,3169,TRUE,1021,TRUE,Allier
EFAS,11,03170,La Loire à Cours-les-Barres,3.072115,47.015994,0,0.000000,0.000000,,,0,0,0,0,,,1,,,Loire,FR,32800,32610,Loire,,0,TRUE,1,1,0,1,0,0,170,FALSE,3792500,2682500,,ID_3170_202201211731.mod,,3170,TRUE,1021,TRUE,Loire
EFAS,11,03171,La Loire à Saint-Martin-sur-Ocre et à Gien,2.631805,47.683651,0,0.000000,0.000000,,,0,0,0,0,,,1,,,Loire,FR,35900,35500,Loire,,0,TRUE,1,1,0,1,0,0,125,FALSE,3767500,2757500,,ID_3171_202201211742.mod,,3171,TRUE,1021,TRUE,Loire
EFAS,11,03172,La Loire à Orléans,1.904788,47.897325,0,0.000000,0.000000,,,0,0,0,0,,,1,,,Loire,FR,37250,36970,Loire,,0,TRUE,1,1,0,1,0,0,95,FALSE,3717500,2787500,,ID_3172_202201211742.mod,,3172,TRUE,1021,TRUE,Loire
EFAS,11,03173,La Loire à Blois,1.335144,47.584956,0,0.000000,0.000000,,,0,0,0,0,,,1,,,Loire,FR,38375,38320,Loire,,0,TRUE,1,1,0,1,0,0,70,FALSE,3672500,2757500,24,ID_3173_202201211742.mod,,3173,TRUE,1021,TRUE,Loire
EFAS,11,03174,Le Cher à Saint-Amand-Montrond,2.490613,46.725912,0,0.000000,0.000000,,,0,0,0,0,,,1,,,Loire,FR,3900,3492,Loire,,0,TRUE,1,1,0,1,0,0,155,FALSE,3747500,2652500,,ID_3174_202201211742.mod,,3174,TRUE,1021,TRUE,Cher
EFAS,11,03175,L'Yèvre à Savigny-en-Septaine,2.563284,47.050103,0,0.000000,0.000000,,,0,0,0,0,,,1,,,Loire,FR,550,531,Loire,,0,TRUE,1,1,0,1,0,0,141,FALSE,3757500,2687500,,ID_3175_202201211742.mod,,3175,TRUE,1021,TRUE,Yèvre
EFAS,11,03176,Le Cher à Selles-sur-Cher,1.533130,47.273184,0,0.000000,0.000000,,,0,0,0,0,,,1,,,Loire,FR,9275,9252,Loire,,0,TRUE,1,1,0,1,0,0,75,FALSE,3692500,2717500,,ID_3176_202201211742.mod,Difficult to locate  It may be on the wrong branch,3176,TRUE,1021,TRUE,Cher
EFAS,11,03177,Le Cher à Châtillon-sur-Cher,1.488145,47.270253,0,0.000000,0.000000,,,0,0,0,0,,,1,,,Loire,FR,12800,11540,Loire,,0,TRUE,1,1,0,1,0,0,74,FALSE,3677500,2722500,,ID_3177_202201211748.mod,,3177,TRUE,1021,TRUE,Cher
EFAS,11,03178,Le Cher à Tours,0.678007,47.373101,0,0.000000,0.000000,,,0,0,0,0,,,1,,,Loire,FR,13650,13615,Loire,,0,TRUE,1,1,0,1,0,0,47,FALSE,3617500,2737500,,ID_3178_202201211748.mod,,3178,TRUE,1021,TRUE,Cher
EFAS,11,03179,La Loire à Langeais,0.405312,47.319856,0,0.000000,0.000000,,,0,0,0,0,,,1,,,Loire,FR,56675,56480,Loire,,0,TRUE,1,1,0,1,0,0,36,FALSE,3597500,2737500,,ID_3179_202201211756.mod,,3179,TRUE,1021,TRUE,Loire
EFAS,11,03180,L'Indre à Saint-Cyran-du-Jambot,1.127072,47.016875,0,0.000000,0.000000,,,0,0,0,0,,,1,,,Loire,FR,1775,1712,Loire,,0,TRUE,1,1,0,1,0,0,85,FALSE,3647500,2697500,,ID_3180_202201211756.mod,,3180,TRUE,1021,TRUE,Indre
EFAS,11,03181,Le Clain à Poitiers,0.351309,46.577964,0,0.000000,0.000000,,,0,0,0,0,,,1,,,Loire,FR,2450,2120,Loire,,0,TRUE,1,1,0,1,0,0,69,FALSE,3582500,2657500,,ID_3181_202201211759.mod,,3181,TRUE,1021,TRUE,Clain
EFAS,11,03182,La Vienne à Ingrandes,0.563578,46.877071,0,0.000000,0.000000,,,0,0,0,0,,,1,,,Loire,FR,10250,10100,Loire,,0,TRUE,1,1,0,1,0,0,44,FALSE,3602500,2687500,,ID_3182_202201211759.mod,,3182,TRUE,1021,TRUE,Vienne
EFAS,11,03183,La Creuse à Ciron [Scoury],1.289218,46.632486,0,0.000000,0.000000,,,0,0,0,0,,,1,,,Loire,FR,3500,3340,Loire,,0,TRUE,1,1,0,1,0,0,90,FALSE,3652500,2652500,24,ID_3183_202201211813.mod,Same location as 1909,3183,TRUE,1021,TRUE,Creuse
EFAS,11,03184,La Gartempe à Montmorillon,0.869247,46.423275,0,0.000000,0.000000,,,0,0,0,0,,,1,,,Loire,FR,1825,1870,Loire,,0,TRUE,1,1,0,1,0,0,90,FALSE,3622500,2632500,,ID_3184_202201211813.mod,,3184,TRUE,1021,TRUE,Gartempe
EFAS,11,03185,L'Anglin à Mérigny,0.924295,46.630508,0,0.000000,0.000000,,,0,0,0,0,,,1,,,Loire,FR,1625,1630,Loire,,0,TRUE,1,1,0,1,0,0,82,FALSE,3627500,2657500,,ID_3185_202201211813.mod,,3185,TRUE,1021,TRUE,Anglin
EFAS,11,03186,La Creuse à Leugny,0.703836,46.909535,0,0.000000,0.000000,,,0,0,0,0,,,1,,,Loire,FR,7950,8020,Loire,,0,TRUE,1,1,0,1,0,0,48,FALSE,3617500,2682500,,ID_3186_202201211813.mod,,3186,TRUE,1021,TRUE,Creuse
EFAS,11,03187,La Vienne à Nouâtre et à Pouzay,0.544853,47.050101,0,0.000000,0.000000,,,0,0,0,0,,,1,,,Loire,FR,20075,19900,Loire,,0,TRUE,1,1,0,1,0,0,40,FALSE,3602500,2707500,,ID_3187_202201211813.mod,,3187,TRUE,1021,TRUE,Vienne
EFAS,11,03188,La Loire à Montsoreau et à Saumur,-0.075431,47.262418,0,0.000000,0.000000,,,0,0,0,0,,,1,,,Loire,FR,81450,81200,Loire,,0,TRUE,1,1,0,1,0,0,24,FALSE,3562500,2732500,,ID_3188_202201211813.mod,,3188,TRUE,1021,TRUE,Loire
EFAS,11,03189,Le Thouet à Missé [Missé],-0.191248,46.952497,0,0.000000,0.000000,,,0,0,0,0,,,1,,,Loire,FR,1150,997,Loire,,0,TRUE,1,0,0,1,0,0,50,FALSE,3547500,2702500,,,,3189,FALSE,1021,TRUE,Thouet
EFAS,11,03190,La Sarthe à Neuville-sur-Sarthe et à Souillé [Montreuil],0.205748,48.090072,0,0.000000,0.000000,,,0,0,0,0,,,1,,,Loire,FR,2675,2716,Loire,,0,TRUE,1,1,0,1,0,0,47,FALSE,3592500,2827500,,ID_3190_202201211813.mod,Same location as 2921,3190,TRUE,1021,TRUE,Sarthe
EFAS,11,03191,L'Huisne à Nogent-le-Rotrou [Pont de bois],0.813875,48.318504,0,0.000000,0.000000,,,0,0,0,0,,,1,,,Loire,FR,950,827,Loire,,0,TRUE,1,1,0,1,0,0,102,FALSE,3642500,2842500,,ID_3191_202201211819.mod,,3191,TRUE,1021,TRUE,Huisne
EFAS,11,03192,L'Huisne à Montfort-le-Gesnois [La Pécardière],0.405295,48.041600,0,0.000000,0.000000,,,0,0,0,0,,,1,,,Loire,FR,1925,1890,Loire,,0,TRUE,1,1,0,1,0,0,56,FALSE,3607500,2817500,,ID_3192_202201211819.mod,,3192,TRUE,1021,TRUE,Huisne
EFAS,11,03193,La Sarthe à Spay [Ecluse de Prélandon],0.144725,47.912676,0,0.000000,0.000000,,,0,0,0,0,,,1,,,Loire,FR,5525,5420,Loire,,0,TRUE,1,1,0,1,0,0,39,FALSE,3587500,2802500,,ID_3193_202201211819.mod,,3193,TRUE,1021,TRUE,Sarthe
EFAS,11,03194,La Sarthe à Saint-Denis-d'Anjou [Beffes],-0.385898,47.803160,0,0.000000,0.000000,,,0,0,0,0,,,1,,,Loire,FR,7450,7380,Loire,,0,TRUE,1,1,0,1,0,0,22,FALSE,3547500,2797500,,ID_3194_202201211837.mod,,3194,TRUE,1021,TRUE,Sarthe
EFAS,11,03195,Le Loir à Saint-Maur-sur-le-Loir,1.417772,48.151658,0,0.000000,0.000000,,,0,0,0,0,,,1,,,Loire,FR,1150,1160,Loire,,0,TRUE,1,1,0,1,0,0,116,FALSE,3682500,2822500,,ID_3195_202201211837.mod,,3195,TRUE,1021,TRUE,Loir
EFAS,11,03196,Le Loir à Flée [Port-Gautier],0.479906,47.710702,0,0.000000,0.000000,,,0,0,0,0,,,1,,,Loire,FR,6575,5940,Loire,,0,TRUE,1,1,0,1,0,0,46,FALSE,3607500,2777500,,ID_3196_202201211837.mod,,3196,TRUE,1021,TRUE,Loir
EFAS,11,03197,Le Loir à Durtal,-0.245142,47.669492,0,0.000000,0.000000,,,0,0,0,0,,,1,,,Loire,FR,8100,7920,Loire,,0,TRUE,1,1,0,1,0,0,21,FALSE,3552500,2782500,,ID_3197_202201211837.mod,,3197,TRUE,1021,TRUE,Loir
EFAS,11,03198,La Mayenne à Saint-Fraimbault-de-Prières,-0.583991,48.350061,0,0.000000,0.000000,,,0,0,0,0,,,1,,,Loire,FR,1950,1851,Loire,,0,TRUE,1,1,0,1,0,0,85,FALSE,3537500,2862500,,ID_3198_202201211837.mod,,3198,TRUE,1021,TRUE,Mayenne
EFAS,11,03199,La Mayenne à l'Huisserie [Bonne],-0.740960,48.012217,0,0.000000,0.000000,,,0,0,0,0,,,1,,,Loire,FR,3675,2890,Loire,,0,TRUE,1,1,0,1,0,0,41,FALSE,3522500,2822500,,ID_3199_202201211837.mod,,3199,TRUE,1021,TRUE,Mayenne
EFAS,11,03200,L'Oudon à Châtelais [Marcillé],-0.926737,47.774061,0,0.000000,0.000000,,,0,0,0,0,,,1,,,Loire,FR,750,734,Loire,,0,TRUE,1,1,0,1,0,0,30,FALSE,3502500,2802500,,ID_3200_202201211844.mod,,3200,TRUE,1021,TRUE,Oudon
EFAS,11,03201,L'Oudon à Segré [écluse de Maingué],-0.867980,47.685769,0,0.000000,0.000000,,,0,0,0,0,,,1,,,Loire,FR,1475,1310,Loire,,0,TRUE,1,1,0,1,0,0,21,FALSE,3512500,2787500,,ID_3201_202201211844.mod,,3201,TRUE,1021,TRUE,Oudon
EFAS,11,03202,La Loire à Chalonnes-sur-Loire et à Ingrandes et à Montjean-,-0.861217,47.392308,0,0.000000,0.000000,,,0,0,0,0,,,1,,,Loire,FR,110750,109930,Loire,,0,TRUE,1,1,0,1,0,0,10,FALSE,3502500,2757500,,ID_3202_202201211844.mod,,3202,TRUE,1021,TRUE,Loire
EFAS,11,03203,La Sèvre Nantaise à Clisson,-1.278173,47.086640,0,0.000000,0.000000,,,0,0,0,0,,,1,,,Loire,FR,1400,1390,Loire,,0,TRUE,1,1,0,1,0,0,10,FALSE,3467500,2727500,,ID_3203_202201211857.mod,,3203,TRUE,1021,TRUE,Sèvre
EFAS,11,03204,La Maine à Remouillé,-1.371323,47.055701,0,0.000000,0.000000,,,0,0,0,0,,,1,,,Loire,FR,625,597,Loire,,0,TRUE,1,1,0,1,0,0,14,FALSE,3462500,2727500,,ID_3204_202201211857.mod,,3204,TRUE,1021,TRUE,Maine
EFAS,11,03205,La Garonne à Arlos et à Saint-Béat,0.691934,42.915618,0,0.000000,0.000000,,,0,0,0,0,,,1,,,Garonne,FR,700,640,Garonne,,0,TRUE,1,1,0,1,0,0,500,FALSE,3562500,2247500,,ID_3205_202201211859.mod,,3205,TRUE,1021,TRUE,Garonne
EFAS,11,03206,Le Salat à Roquefort-sur-Garonne,0.973924,43.154442,0,0.000000,0.000000,,,0,0,0,0,,,1,,,Garonne,FR,4425,1570,Garonne,,0,TRUE,1,1,0,1,0,0,270,FALSE,3587500,2272500,,ID_3206_202201211904.mod,,3206,TRUE,1021,TRUE,Salat
EFAS,11,03207,La Garonne à Portet-sur-Garonne,1.415133,43.526474,0,0.000000,0.000000,,,0,0,0,0,,,1,,,Garonne,FR,10000,9980,Garonne,,0,TRUE,1,1,0,1,0,0,147,FALSE,3627500,2307500,,ID_3207_202201211904.mod,,3207,TRUE,1021,TRUE,Garonne
EFAS,11,03208,Le Tarn à Millau,3.075559,44.092290,0,0.000000,0.000000,,,0,0,0,0,,,1,,,Garonne,FR,2100,2170,Garonne,,0,TRUE,1,1,0,1,0,0,349,FALSE,3767500,2357500,,ID_3208_202201211904.mod,,3208,TRUE,1021,TRUE,Tarn
EFAS,11,03209,L'Aveyron à Laguépie [1],1.973646,44.151835,0,0.000000,0.000000,,,0,0,0,0,,,1,,,Garonne,FR,1575,1582,Garonne,,0,TRUE,1,1,0,1,0,0,149,FALSE,3677500,2377500,,ID_3209_202201211906.mod,,3209,TRUE,1021,TRUE,Aveyron
EFAS,11,03210,L'Aveyron à Montauban [Loubéjac],1.340485,44.091557,0,0.000000,0.000000,,,0,0,0,0,,,1,,,Garonne,FR,5300,5170,Garonne,,0,TRUE,1,1,0,1,0,0,73,FALSE,3627500,2372500,,ID_3210_202201211911.mod,,3210,TRUE,1021,TRUE,Aveyron
EFAS,11,03211,La Garonne à Lamagistère,0.831297,44.121072,0,0.000000,0.000000,,,0,0,0,0,,,1,,,Garonne,FR,32325,32350,Garonne,,0,TRUE,1,1,0,1,0,0,60,FALSE,3587500,2377500,,ID_3211_202201211911.mod,,3211,TRUE,1021,TRUE,Garonne
EFAS,11,03212,Le Célé à Orniac [Les Amis du Célé],1.679107,44.520195,0,0.000000,0.000000,,,0,0,0,0,,,1,,,Garonne,FR,1175,1194,Garonne,,0,TRUE,1,1,0,1,0,0,140,FALSE,3667500,2417500,,ID_3212_202201211934.mod,,3212,TRUE,1021,TRUE,Célé
EFAS,11,03213,La Dordogne à Lanzac et à Souillac,1.484326,44.882463,0,0.000000,0.000000,,,0,0,0,0,,,1,,,Dordogne,FR,8250,8030,Dordogne,,0,TRUE,1,1,0,1,0,0,86,FALSE,3647500,2457500,,ID_3213_202201211934.mod,,3213,TRUE,1021,TRUE,Dordogne
EFAS,11,03214,La Dordogne à Cénac-et-Saint-Julien,1.204447,44.805387,0,0.000000,0.000000,,,0,0,0,0,,,1,,,Dordogne,FR,8550,8705,Dordogne,,0,TRUE,1,1,0,1,0,0,65,FALSE,3632500,2452500,,ID_3214_202201211934.mod,,3214,TRUE,1021,TRUE,Dordogne
EFAS,11,03215,La Vézère à Larche,1.415790,45.123328,0,0.000000,0.000000,,,0,0,0,0,,,1,,,Dordogne,FR,2525,2485,Dordogne,,0,TRUE,1,1,0,1,0,0,90,FALSE,3647500,2482500,,ID_3215_202201211934.mod,,3215,TRUE,1021,TRUE,Vézère
EFAS,11,03216,La Vézère à Campagne,0.959080,44.903710,0,0.000000,0.000000,,,0,0,0,0,,,1,,,Dordogne,FR,3675,3736,Dordogne,,0,TRUE,1,1,0,1,0,0,51,FALSE,3607500,2462500,,ID_3216_202201211934.mod,,3216,TRUE,1021,TRUE,Vézère
EFAS,11,03217,L'Isle à Périgueux,0.701060,45.185031,0,0.000000,0.000000,,,0,0,0,0,,,1,,,Dordogne,FR,2150,2123,Dordogne,,0,TRUE,1,1,0,1,0,0,79,FALSE,3592500,2497500,,ID_3217_202201211934.mod,,3217,TRUE,1021,TRUE,Isle
EFAS,11,03218,L'Isle à Abzac,-0.126056,45.021916,0,0.000000,0.000000,,,0,0,0,0,,,1,,,Dordogne,FR,3825,3752,Dordogne,,0,TRUE,1,1,0,1,0,0,6,FALSE,3522500,2487500,,ID_3218_202201211935.mod,,3218,TRUE,1021,TRUE,Isle
EFAS,11,03219,Le Luy à Saint-Pandelon,-1.042208,43.676692,0,0.000000,0.000000,,,0,0,0,0,,,1,,,Adour,FR,1050,1150,Adour,,0,TRUE,1,1,0,1,0,0,8,FALSE,3432500,2352500,,ID_3219_202201211941.mod,,3219,TRUE,1021,TRUE,Luy
EFAS,11,03220,Le Gave d'Oloron à Oloron-Sainte-Marie [Pont SNCF],-0.608087,43.199542,0,0.000000,0.000000,,,0,0,0,0,,,1,,,Adour,FR,1300,1100,Adour,,0,TRUE,1,1,0,1,0,0,204,FALSE,3457500,2292500,,ID_3220_202201211941.mod,,3220,TRUE,1021,TRUE,Gave d'Oloron
EFAS,11,03221,Le Gave d'Oloron à Escos,-0.993193,43.440915,0,0.000000,0.000000,,,0,0,0,0,,,1,,,Adour,FR,2600,2456,Adour,,0,TRUE,1,1,0,1,0,0,30,FALSE,3432500,2322500,,ID_3221_202201211941.mod,,3221,TRUE,1021,TRUE,Gave d'Oloron
EFAS,11,03222,Le Coney à Fontenoy-le-Château,6.194862,47.972645,0,0.000000,0.000000,,,0,0,0,0,,,1,,,Rhône,FR,375,317,Rhône,,0,TRUE,1,1,0,1,0,0,252,FALSE,4037500,2767500,,ID_3222_202201211957.mod,,3222,TRUE,1021,TRUE,Côney
EFAS,11,03223,La Saône à Cendrecourt,5.931345,47.857526,0,0.000000,0.000000,,,0,0,0,0,,,1,,,Rhône,FR,1225,1130,Rhône,,0,TRUE,1,1,0,1,0,0,214,FALSE,4017500,2757500,,ID_3223_202201211957.mod,,3223,TRUE,1021,TRUE,Saône
EFAS,11,03224,La Lanterne à Fleurey-lès-Faverney,6.076205,47.748351,0,0.000000,0.000000,,,0,0,0,0,,,1,,,Rhône,FR,1000,1020,Rhône,,0,TRUE,1,1,0,1,0,0,211,FALSE,4027500,2742500,,ID_3224_202201211957.mod,,3224,TRUE,1021,TRUE,Lanterne
EFAS,11,03225,La Saône à Ray-sur-Saône,5.826135,47.576528,0,0.000000,0.000000,,,0,0,0,0,,,1,,,Rhône,FR,3775,3740,Rhône,,0,TRUE,1,1,0,1,0,0,195,FALSE,4012500,2727500,24,ID_3225_202201211957.mod,,3225,TRUE,1021,TRUE,Saône
EFAS,11,03226,L'Ognon à Chassey-lès-Montbozon [Bonnal],6.354169,47.507826,0,0.000000,0.000000,,,0,0,0,0,,,1,,,Rhône,FR,850,866,Rhône,,0,TRUE,1,1,0,1,0,0,250,FALSE,4047500,2717500,,ID_3226_202201211957.mod,,3226,TRUE,1021,TRUE,Ognon
EFAS,11,03227,L'Ognon à Beaumotte-Aubertans,6.180888,47.415856,0,0.000000,0.000000,,,0,0,0,0,,,1,,,Rhône,FR,1250,1250,Rhône,,0,TRUE,1,1,0,1,0,0,229,FALSE,4032500,2707500,,ID_3227_202201211957.mod,,3227,TRUE,1021,TRUE,Ognon
EFAS,11,03228,L'Ognon à Pesmes,5.545014,47.293200,0,0.000000,0.000000,,,0,0,0,0,,,1,,,Rhône,FR,2000,2038,Rhône,,0,TRUE,1,1,0,1,0,0,185,FALSE,3987500,2692500,,ID_3228_202201211958.mod,Same location as 2950,3228,TRUE,1021,TRUE,Ognon
EFAS,11,03229,La Saône à Auxonne,5.378926,47.190486,0,0.000000,0.000000,,,0,0,0,0,,,1,,,Rhône,FR,8825,8746,Rhône,,0,TRUE,1,1,0,1,0,0,179,FALSE,3972500,2687500,,ID_3229_202201211958.mod,,3229,TRUE,1021,TRUE,Saône
EFAS,11,03230,La Tille à Cessey-sur-Tille,5.217469,47.280050,0,0.000000,0.000000,,,0,0,0,0,,,1,,,Rhône,FR,1100,884,Rhône,,0,TRUE,1,1,0,1,0,0,201,FALSE,3957500,2697500,,ID_3230_202201212006.mod,,3230,TRUE,1021,TRUE,Tille
EFAS,11,03231,L'Ouche à la Bussière-sur-Ouche,4.725801,47.210036,0,0.000000,0.000000,,,0,0,0,0,,,1,,,Rhône,FR,300,313,Rhône,,0,TRUE,1,1,0,1,0,0,310,FALSE,3922500,2692500,,ID_3231_202201212010.mod,,3231,TRUE,1021,TRUE,Ouche
EFAS,11,03232,L'Ouche à Sainte-Marie-sur-Ouche [Pont de Pany],4.813163,47.296718,0,0.000000,0.000000,,,0,0,0,0,,,1,,,Rhône,FR,525,442,Rhône,,0,TRUE,1,1,0,1,0,0,277,FALSE,3927500,2702500,,ID_3232_202201212010.mod,,3232,TRUE,1021,TRUE,Ouche
EFAS,11,03233,La Saône à Pagny-la-Ville [Lechatelet],5.149229,47.066768,0,0.000000,0.000000,,,0,0,0,0,,,1,,,Rhône,FR,11650,11673,Rhône,,0,TRUE,1,1,0,1,0,0,175,FALSE,3957500,2672500,,ID_3233_202201212030.mod,Same location as 1918,3233,TRUE,1021,TRUE,Saône
EFAS,11,03234,Le Doubs à la Cluse-et-Mijoux [Pontarlier amont],6.364644,46.881345,0,0.000000,0.000000,,,0,0,0,0,,,1,,,Rhône,FR,350,350,Rhône,,0,TRUE,1,1,0,1,0,0,840,FALSE,4042500,2647500,,ID_3234_202201212030.mod,,3234,TRUE,1021,TRUE,Doubs
EFAS,11,03235,Le Doubs à Goumois,6.950476,47.271632,0,0.000000,0.000000,,,0,0,0,0,,,1,,,Rhône,FR,1200,910,Rhône,,0,TRUE,1,1,0,1,0,0,487,FALSE,4092500,2687500,,ID_3235_202201212030.mod,,3235,TRUE,1021,TRUE,Doubs
EFAS,11,03236,Le Doubs à Glère [Courclavon],7.025987,47.343959,0,0.000000,0.000000,,,0,0,0,0,,,1,,,Rhône,FR,1350,1057,Rhône,,0,TRUE,1,1,0,1,0,0,410,FALSE,4097500,2697500,,ID_3236_202201212030.mod,,3236,TRUE,1021,TRUE,Doubs
EFAS,11,03237,Le Dessoubre à Saint-Hippolyte,6.794073,47.305234,0,0.000000,0.000000,,,0,0,0,0,,,1,,,Rhône,FR,550,615,Rhône,,0,TRUE,1,1,0,1,0,0,380,FALSE,4077500,2687500,,ID_3237_202201212030.mod,,3237,TRUE,1021,TRUE,Dessoubre
EFAS,11,03238,Le Doubs à Mathay,6.785873,47.440379,0,0.000000,0.000000,,,0,0,0,0,,,1,,,Rhône,FR,2275,1943,Rhône,,0,TRUE,1,1,0,1,0,0,332,FALSE,4077500,2707500,,ID_3238_202201212030.mod,,3238,TRUE,1021,TRUE,Doubs
EFAS,11,03239,L'Allan à Courcelles-lès-Montbéliard,6.772997,47.500559,0,0.000000,0.000000,,,0,0,0,0,,,1,,,Rhône,FR,1075,1109,Rhône,,0,TRUE,1,1,0,1,0,0,310,FALSE,4077500,2717500,,ID_3239_202201212030.mod,,3239,TRUE,1021,TRUE,Allaine
EFAS,11,03240,Le Doubs à Voujeaucourt,6.761441,47.478613,0,0.000000,0.000000,,,0,0,0,0,,,1,,,Rhône,FR,3600,3274,Rhône,,0,TRUE,1,1,0,1,0,0,305,FALSE,4072500,2712500,,ID_3240_202201212030.mod,,3240,TRUE,1021,TRUE,Doubs
EFAS,11,03241,Le Doubs à Besançon,6.029962,47.240270,0,0.000000,0.000000,,,0,0,0,0,,,1,,,Rhône,FR,4675,4379,Rhône,,0,TRUE,1,1,0,1,0,0,236,FALSE,4022500,2687500,,ID_3241_202201212030.mod,,3241,TRUE,1021,TRUE,Doubs
EFAS,11,03242,Le Doubs à Rochefort-sur-Nenon,5.562374,47.122798,0,0.000000,0.000000,,,0,0,0,0,,,1,,,Rhône,FR,5225,4777,Rhône,,0,TRUE,1,1,0,1,0,0,201,FALSE,3982500,2677500,,ID_3242_202201212046.mod,,3242,TRUE,1021,TRUE,Doubs
EFAS,11,03243,La Loue à Chenecey-Buillon,5.957070,47.139354,0,0.000000,0.000000,,,0,0,0,0,,,1,,,Rhône,FR,1100,1160,Rhône,,0,TRUE,1,1,0,1,0,0,275,FALSE,4012500,2677500,,ID_3243_202201212059.mod,,3243,TRUE,1021,TRUE,Loue
EFAS,11,03244,La Loue à Champagne-sur-Loue,5.814987,47.043547,0,0.000000,0.000000,,,0,0,0,0,,,1,,,Rhône,FR,1350,1509,Rhône,,0,TRUE,1,1,0,1,0,0,237,FALSE,4002500,2667500,,ID_3244_202201212101.mod,,3244,TRUE,1021,TRUE,Loue
EFAS,11,03245,Le Doubs à Neublans-Abergement,5.350732,46.922498,0,0.000000,0.000000,,,0,0,0,0,,,1,,,Rhône,FR,7475,7230,Rhône,,0,TRUE,1,1,0,1,0,0,181,FALSE,3967500,2657500,,ID_3245_202201212101.mod,,3245,TRUE,1021,TRUE,Doubs
EFAS,11,03246,La Dheune à Palleau,5.029408,46.951906,0,0.000000,0.000000,,,0,0,0,0,,,1,,,Rhône,FR,1000,992,Rhône,,0,TRUE,1,1,0,1,0,0,177,FALSE,3942500,2662500,,ID_3246_202201212105.mod,,3246,TRUE,1021,TRUE,Dheune
EFAS,11,03247,La Saône à Chalon-sur-Saône [port fluvial],4.875042,46.788004,0,0.000000,0.000000,,,0,0,0,0,,,1,,,Rhône,FR,21400,20807,Rhône,,0,TRUE,1,1,0,1,0,0,170,FALSE,3927500,2642500,,ID_3247_202201212108.mod,,3247,TRUE,1021,TRUE,Saône
EFAS,11,03248,La Saône à Tournus,4.917981,46.555478,0,0.000000,0.000000,,,0,0,0,0,,,1,,,Rhône,FR,23100,22740,Rhône,,0,TRUE,1,1,0,1,0,0,170,FALSE,3932500,2617500,,ID_3248_202201212108.mod,,3248,TRUE,1021,TRUE,Saône
EFAS,11,03249,La Seille à Saint-Usuge,5.258385,46.674098,0,0.000000,0.000000,,,0,0,0,0,,,1,,,Rhône,FR,900,937,Rhône,,0,TRUE,1,1,0,1,0,0,178,FALSE,3957500,2632500,,ID_3249_202201212108.mod,Same location as 2942,3249,TRUE,1021,TRUE,Seille
EFAS,11,03250,La Bourbre à Tignieu-Jameyzieu,5.159145,45.715244,0,0.000000,0.000000,,,0,0,0,0,,,1,,,Rhône,FR,725,703,Rhône,,0,TRUE,1,1,0,1,0,0,202,FALSE,3942500,2522500,,ID_3250_202201212116.mod,,3250,TRUE,1021,TRUE,Bourbre
EFAS,11,03251,La Bienne à Jeurre,5.706158,46.362724,0,0.000000,0.000000,,,0,0,0,0,,,1,,,Rhône,FR,575,650,Rhône,,0,TRUE,1,1,0,1,0,0,319,FALSE,3992500,2592500,,ID_3251_202201212116.mod,,3251,TRUE,1021,TRUE,Bienne
EFAS,11,03252,L'Ardèche à Saint-Martin-d'Ardèche [Sauze-Saint-Martin],4.551118,44.314004,0,0.000000,0.000000,,,0,0,0,0,,,1,,,Rhône,FR,2225,2258,Rhône,,0,TRUE,1,1,0,1,0,0,46,FALSE,3872500,2377500,,ID_3252_202201212118.mod,Best possible location because of error in LDD,3252,TRUE,1021,TRUE,Ardèche
EFAS,11,03253,Le Rhône à Tarascon,4.651961,43.786927,0,0.000000,0.000000,,,0,0,0,0,,,1,,,Rhône,FR,95975,95590,Rhône,,0,TRUE,1,1,0,1,0,0,6,FALSE,3887500,2307500,,ID_3253_202201212118.mod,Same location as 1922,3253,TRUE,1021,TRUE,Rhône
EFAS,11,03254,L'Agly à Estagel [Mas de Jau],2.728947,42.778247,0,0.000000,0.000000,,,0,0,0,0,,,1,,,Agly,FR,975,903,Agly,,0,TRUE,1,1,0,1,0,0,59,FALSE,3727500,2212500,,ID_3254_202201212122.mod,,3254,TRUE,1021,TRUE,Agly
EFAS,11,03255,L'Aude à Carcassonne,2.360641,43.214209,0,0.000000,0.000000,,,0,0,0,0,,,1,,,Aude,FR,1825,1839,Aude,,0,TRUE,1,1,0,1,0,0,97,FALSE,3697500,2262500,,ID_3255_202201212122.mod,,3255,TRUE,1021,TRUE,Aude
EFAS,11,03256,L'Aude à Moussan [Moussoulens - écluse],2.960898,43.245063,0,0.000000,0.000000,,,0,0,0,0,,,1,,,Aude,FR,4900,4838,Aude,,0,TRUE,1,1,0,1,0,0,8,FALSE,3747500,2262500,,ID_3256_202201212122.mod,,3256,TRUE,1021,TRUE,Aude
EFAS,11,03257,L'Hérault à Agde,3.477855,43.325977,0,0.000000,0.000000,,,0,0,0,0,,,1,,,Hérault,FR,2625,2550,Hérault,,0,TRUE,1,1,0,1,0,0,2,FALSE,3787500,2272500,,ID_3257_202201212122.mod,,3257,TRUE,1021,TRUE,Hérault
EFAS,11,03258,L'Orb à Béziers [Tabarka],3.175992,43.370693,0,0.000000,0.000000,,,0,0,0,0,,,1,,,Orb,FR,1325,1330,Orb,,0,TRUE,1,1,0,1,0,0,9,FALSE,3767500,2277500,,ID_3258_202201212122.mod,,3258,TRUE,1021,TRUE,Orb
EFAS,11,03259,Le Var à Entrevaux [Pont-levis],6.810134,43.949356,0,0.000000,0.000000,,,0,0,0,0,,,1,,,Var,FR,675,676,Var,,0,TRUE,1,1,0,1,0,0,465,FALSE,4062500,2322500,,ID_3259_202201212128.mod,,3259,TRUE,1021,TRUE,Var
EFAS,11,03260,Alpana,42.848600,42.561200,0,0.000000,0.000000,,,0,0,0,0,,,1,,,Rioni,GE,3175,2830,Black Sea,,0,FALSE,0,0,0,0,1,1,358.7,FALSE,6927500,2747500,,,,3260,FALSE,1064,FALSE,Rioni
EFAS,11,03261,Kokhi,41.898100,41.802300,0,0.000000,0.000000,,,0,0,0,0,,,1,,,Black Sea,GE,225,191,Black Sea,,0,FALSE,0,0,0,0,1,1,74.5,FALSE,6892500,2632500,,,,3261,FALSE,1064,FALSE,Kintrishi
EFAS,11,03262,Keda,41.923200,41.593200,0,0.000000,0.000000,,,0,0,0,0,,,1,,,"Black Sea,  Chorokhi",GE,1475,1360,"Black Sea,  Chorokhi",,0,FALSE,0,0,0,0,1,1,171.64,FALSE,6902500,2612500,,,,3262,FALSE,1064,FALSE,Acharistskali
EFAS,11,03263,Tbilisi,44.787200,41.716300,0,0.000000,0.000000,,,0,0,0,0,,,1,,,Kura,GE,21675,21100,Caspian Sea,,0,FALSE,0,0,0,0,1,1,388,FALSE,7112500,2732500,,,,3263,FALSE,1064,FALSE,Kura
EFAS,11,03264,Tbilisi Svanidze,44.744700,41.714900,0,0.000000,0.000000,,,0,0,0,0,,,1,,,Kura,GE,225,178,"Caspian Sea, Mtkvari (Kura)",,0,FALSE,0,0,0,0,1,1,449.5,FALSE,7107500,2727500,,,,3264,FALSE,1064,FALSE,Vere
EFAS,11,03265,Strekkur,-21.603311,64.710783,0,0.000000,0.000000,,,0,0,0,0,,,1,,,Hvíta,IS,450,506,Nordur,,0,TRUE,1,1,0,1,0,0,18,FALSE,2867500,4962500,,ID_3265_202201212139.mod,,3265,TRUE,1065,TRUE,Nordura
EFAS,11,03266,Haukadalsvatn,-21.673510,65.050000,0,0.000000,0.000000,,,0,0,0,0,,,1,,,Haukadalsa,IS,250,168,Haukadals,,0,TRUE,1,1,0,1,0,0,32,FALSE,2882500,4997500,,ID_3266_202201212139.mod,,3266,TRUE,1065,TRUE,Haukadalsa
EFAS,11,03267,Faxi,-20.333230,64.230790,0,0.000000,0.000000,,,0,0,0,0,,,1,,,Oelfusa,IS,2825,201,Tungufljct,,0,TRUE,1,0,0,1,0,0,68,FALSE,2897500,4887500,,,,3267,FALSE,1065,TRUE,Tungufljot
EFAS,11,03268,Below Djúpárdalur,-17.636142,63.951039,0,0.000000,0.000000,,,0,0,0,0,,,1,,,Nupsvoetn,IS,250,310.7,Djlp,,0,TRUE,1,0,0,1,0,0,52,FALSE,2997500,4807500,,,,3268,FALSE,1065,TRUE,Djupa
EFAS,11,03269,Geithellur,-14.597423,64.594398,0,0.000000,0.000000,,,0,0,0,0,,,1,,,Geithellnaa,IS,175,189,Geithellna,,0,TRUE,1,1,0,1,0,0,17,FALSE,3157500,4822500,,ID_3269_202201212139.mod,Moved upstream because of error in LDD,3269,TRUE,1065,TRUE,Geithellnaa
EFAS,11,03270,Flögubrú,-15.596520,66.198090,0,0.000000,0.000000,,,0,0,0,0,,,1,,,Sanda,IS,300,268,Sand,,0,TRUE,1,0,0,1,0,0,,FALSE,3187500,4997500,,,,3270,FALSE,1065,TRUE,Sanda
EFAS,11,03271,Above Árbugsár,-17.896670,65.850700,0,0.000000,0.000000,,,0,0,0,0,,,1,,,Fnjoska,IS,1125,1132,Fnjcsk,,0,TRUE,1,1,0,1,0,0,44,FALSE,3077500,5002500,,ID_3271_202201212139.mod,,3271,TRUE,1065,TRUE,Fnjoska
EFAS,11,03272,Forsæludalur,-20.106680,65.301840,0,0.000000,0.000000,,,0,0,0,0,,,1,,,Vatnsdalsa,IS,2100,487,Vatnsdals,,0,TRUE,1,0,0,1,0,0,70,FALSE,2957500,4987500,,,,3272,FALSE,1065,TRUE,Vatnsdalsa
EFAS,11,03273,Óp,-21.751280,66.070320,0,0.000000,0.000000,,,0,0,0,0,,,1,,,Hvala,IS,125,178,Hval,,0,TRUE,1,1,0,1,0,0,25,FALSE,2927500,5102500,,ID_3273_202201212142.mod,,3273,TRUE,1065,TRUE,Hvala
EFAS,11,03274,Dynjandi,-23.208075,65.737139,0,0.000000,0.000000,,,0,0,0,0,,,1,,,Dynjandisa,IS,75,42.8,Dynjandis,,0,TRUE,1,0,0,1,0,0,,FALSE,2857500,5097500,,,,3274,FALSE,1065,TRUE,Dynjandisa
EFAS,11,03275,Vatnsfjörður-brú (bridge),-23.127039,65.588094,0,0.000000,0.000000,,,0,0,0,0,,,1,,,Vatnsdalsa,IS,50,102,Vatnsdals,,0,TRUE,1,1,0,1,0,0,,FALSE,2852500,5077500,,ID_3275_202201212147.mod,,3275,TRUE,1065,TRUE,Vatnsdalsa
EFAS,11,03276,Nauteyri,-22.328048,64.907893,0,0.000000,0.000000,,,0,0,0,0,,,1,,,Haffjardara,IS,50,42.7,Ever,,0,TRUE,1,0,0,1,0,0,25,FALSE,2847500,4997500,,,,3276,FALSE,1065,TRUE,Haffjardara
EFAS,11,03277,Viðvíkursveit,-19.291766,64.786257,0,0.000000,0.000000,,,0,0,0,0,,,1,,,Oelfusa,IS,150,303,Hjaltadals,,0,TRUE,1,0,0,1,0,0,50,FALSE,2967500,4922500,,,,3277,FALSE,1065,TRUE,Hjaltadalsa
EFAS,11,03278,Hróaldarstaðir,-14.892430,65.811000,0,0.000000,0.000000,,,0,0,0,0,,,1,,,Sela,IS,725,728,Sel,,0,TRUE,1,0,0,1,0,0,20,FALSE,3202500,4947500,,,,3278,FALSE,1065,TRUE,Sela
EFAS,11,03279,Grímsstaðir,-16.189687,65.623350,0,0.000000,0.000000,,,0,0,0,0,,,1,,,Bakkahlaup,IS,5850,5178,Jkuls Fjllum,,0,TRUE,1,1,0,1,0,0,360,FALSE,3137500,4947500,,ID_3279_202201212147.mod,Difficulet to locate  It may be in the wrong catchment,3279,TRUE,1065,TRUE,Jökulsá á Fjöllum
EFAS,11,03280,Upptyppingar,-16.212220,65.060963,0,0.000000,0.000000,,,0,0,0,0,,,1,,,Bakkahlaup,IS,1975,1966,Jkuls Fjllum,,0,TRUE,1,0,0,1,0,0,562,FALSE,3097500,4887500,,,Difficulet to locate  It may be in the wrong catchment,3280,FALSE,1065,TRUE,Jökulsá á Fjöllum
EFAS,11,03281,Lónshnjúkur,-16.142383,65.048361,0,0.000000,0.000000,,,0,0,0,0,,,1,,,Bakkahlaup,IS,1375,817,Kreppa,,0,TRUE,1,1,0,1,0,0,665,FALSE,3107500,4882500,,ID_3281_202201212154.mod,,3281,TRUE,1065,TRUE,Kreppa
EFAS,11,03282,Ofan Ullarfossbrúar,-17.304333,65.393953,0,0.000000,0.000000,,,0,0,0,0,,,1,,,Skjalfandafljot,IS,925,717,Svart  ¡ Brdardal,,0,TRUE,1,0,0,1,0,0,311,FALSE,3087500,4942500,,,Difficult to locate  may be in the wrong catchment,3282,FALSE,1065,TRUE,Svarta
EFAS,11,03283,Aldeyjarfoss,-17.346770,65.371098,0,0.000000,0.000000,,,0,0,0,0,,,1,,,Skjalfandafljot,IS,2450,1863,Skj lfandafljct,,0,TRUE,1,0,0,1,0,0,261,FALSE,3077500,4942500,,,,3283,FALSE,1065,TRUE,Skjalfandafljot
EFAS,11,03284,Kjáfoss,-21.410563,64.692513,0,0.000000,0.000000,,,0,0,0,0,,,1,,,Hvíta,IS,1750,1699,Hvit  i Borgarfirdi,,0,TRUE,1,0,0,1,0,0,18,FALSE,2877500,4952500,,,,3284,FALSE,1065,TRUE,Hvíta
EFAS,11,03285,Selfoss,-21.006670,63.938008,0,0.000000,0.000000,,,0,0,0,0,,,1,,,Oelfusa,IS,1400,5661,lfus,,1,FALSE,1,0,0,1,0,0,12,FALSE,2852500,4872500,,,DO NOT USE Error in LDD  uparea is not correct  do not use,3285,FALSE,1065,FALSE,Oelfusa
EFAS,11,03286,Haukadalsheiði,-20.068964,64.405302,0,0.000000,0.000000,,,0,0,0,0,,,1,,,Oelfusa,IS,625,581,Sand,,0,TRUE,1,0,0,1,0,0,255,FALSE,2912500,4897500,,,,3286,FALSE,1065,TRUE,Sanda
EFAS,11,03287,Dynjandi,-20.559147,64.160140,0,0.000000,0.000000,,,0,0,0,0,,,1,,,Oelfusa,IS,650,640,Brlar,,0,TRUE,1,0,0,1,0,0,57,FALSE,2882500,4882500,,,,3287,FALSE,1065,TRUE,Bruara
EFAS,11,03288,Tungufoss/Krappi,-20.102076,63.800913,0,0.000000,0.000000,,,0,0,0,0,,,1,,,Holsa,IS,675,420,Eystri Rang,,1,FALSE,1,0,0,1,0,0,,FALSE,2882500,4837500,,,DO NOT USE Errors in the LDD,3288,FALSE,1065,FALSE,Eystri-Ranga
EFAS,11,03289,Emstrur,-19.417004,63.780546,0,0.000000,0.000000,,,0,0,0,0,,,1,,,Markarfljot,IS,475,470,Markarfljct,,0,TRUE,1,0,0,1,0,0,,FALSE,2912500,4822500,,,,3289,FALSE,1065,TRUE,Markarfljot
EFAS,11,03290,Flathylur,-18.093110,63.845570,0,0.000000,0.000000,,,0,0,0,0,,,1,,,Thjorsa,IS,250,113,Geirlands,,0,TRUE,1,0,0,1,0,0,48,FALSE,3022500,4902500,,,,3290,FALSE,1065,TRUE,Geirlandsá
EFAS,11,03291,Eyjólfsstaðir,-14.486027,64.752894,0,0.000000,0.000000,,,0,0,0,0,,,1,,,Fossa,IS,125,113,Foss,,0,TRUE,1,1,0,1,0,0,40,FALSE,3177500,4832500,,ID_3291_202201212158.mod,,3291,TRUE,1065,TRUE,Fossa
EFAS,11,03292,Syðri Bægisá,-18.408300,65.668910,0,0.000000,0.000000,,,0,0,0,0,,,0,,,Thjorsa,IS,50,37,Bgis,,0,FALSE,1,0,0,0,0,0,110,FALSE,3002500,4892500,,,,3292,FALSE,1065,FALSE,Bægisa
EFAS,11,03293,Lainate SP109,9.048193,45.574093,0,0.000000,0.000000,,,0,0,0,0,,,1,,,Po,IT,125,78,Po,,0,TRUE,0,1,0,0,1,1,160,FALSE,4247500,2497500,,,,3293,FALSE,1063,FALSE,Lura
EFAS,11,03295,Como - Villa Geno,9.079909,45.820254,0,0.000000,0.000000,,,0,0,0,0,,,1,,,Po,IT,150,386,Po,,0,FALSE,0,0,0,0,1,1,200,FALSE,4247500,2522500,,,,3295,FALSE,1063,FALSE,Lago di Como
EFAS,11,03296,Porlezza - via Porto Letizia,9.115880,46.036284,0,0.000000,0.000000,,,0,0,0,0,,,1,,,Po,IT,175,622,Po,,0,FALSE,0,0,0,0,1,1,272,FALSE,4252500,2547500,,,,3296,FALSE,1063,FALSE,Lago di Porlezza
EFAS,11,03297,Paderno Dugnano - Palazzolo,9.158978,45.582806,0,0.000000,0.000000,,,0,0,0,0,,,1,,,Po,IT,275,187,Po,,0,FALSE,0,0,0,0,1,1,168,FALSE,4257500,2497500,,,,3297,FALSE,1063,FALSE,Seveso
EFAS,11,03298,Paderno Dugnano - Palazzolo Parco Borghetto,9.157733,45.583137,0,0.000000,0.000000,,,0,0,0,0,,,1,,,Po,IT,225,187,Po,,0,TRUE,1,0,0,1,0,0,168,FALSE,4252500,2502500,,,,3298,FALSE,1063,TRUE,Seveso
EFAS,11,03299,Milano - Niguarda,9.192224,45.525802,0,0.000000,0.000000,,,0,0,0,0,,,1,,,Po,IT,300,201,Po,,0,FALSE,0,0,0,0,1,1,139,FALSE,4257500,2492500,,,,3299,FALSE,1063,FALSE,Seveso
EFAS,11,03300,Caslino d'Erba - v. 4 novembre,9.232373,45.835390,0,0.000000,0.000000,,,0,0,0,0,,,1,,,Po,IT,75,53,Po,,0,TRUE,0,1,0,0,1,1,427,FALSE,4262500,2527500,,,,3300,FALSE,1063,FALSE,Lambro
EFAS,11,03301,Milano - v. Feltre,9.248739,45.491635,0,0.000000,0.000000,,,0,0,0,0,,,1,,,Po,IT,425,428,Po,,0,TRUE,0,1,0,0,1,1,127,FALSE,4262500,2487500,,,,3301,FALSE,1063,FALSE,Lambro
EFAS,11,03302,Costa Masnaga - Lambrugo,9.249238,45.763107,0,0.000000,0.000000,,,0,0,0,0,,,1,,,Po,IT,200,170,Po,,0,TRUE,0,1,0,0,1,1,248,FALSE,4262500,2517500,,,,3302,FALSE,1063,FALSE,Lambro
EFAS,11,03303,Bosisio Parini - Imbarcadero,9.286919,45.803530,0,0.000000,0.000000,,,0,0,0,0,,,1,,,Po,IT,25,94,Po,,0,FALSE,0,0,0,0,1,1,266,FALSE,4267500,2522500,,,,3303,FALSE,1063,FALSE,Eupilio
EFAS,11,03304,Lesmo - Peregallo,9.299105,45.635187,0,0.000000,0.000000,,,0,0,0,0,,,1,,,Po,IT,325,261,Po,,0,TRUE,0,1,0,0,1,1,180,FALSE,4267500,2502500,,,,3304,FALSE,1063,FALSE,Lambro
EFAS,11,03305,Valmadrera - Malgrate,9.374638,45.855865,0,0.000000,0.000000,,,0,0,0,0,,,1,,,Po,IT,4525,4206,Po,,0,FALSE,0,0,0,0,1,1,222,FALSE,4272500,2527500,,,,3305,FALSE,1063,FALSE,Lario
EFAS,11,03306,Chiavenna - Inferno,9.376529,46.325447,0,0.000000,0.000000,,,0,0,0,0,,,1,,,Po,IT,200,192,Po,,0,TRUE,0,1,0,0,1,1,403,FALSE,4272500,2582500,,,,3306,FALSE,1063,FALSE,Liro
EFAS,11,03307,Salerano sul Lambro - SP115,9.380739,45.300346,0,0.000000,0.000000,,,0,0,0,0,,,1,,,Po,IT,625,968,Po,,0,TRUE,0,1,0,0,1,1,74,FALSE,4272500,2467500,,,,3307,FALSE,1063,FALSE,Lambro
EFAS,11,03308,Gera Lario - Fuentes,9.412275,46.150332,0,0.000000,0.000000,,,0,0,0,0,,,1,,,Po,IT,2600,2360,Po,,0,TRUE,0,1,0,0,1,1,199,FALSE,4277500,2557500,,,,3308,FALSE,1063,FALSE,Adda
EFAS,11,03309,Olginate - S.Maria Lavello,9.430145,45.789444,0,0.000000,0.000000,,,0,0,0,0,,,1,,,Po,IT,4600,4341,Po,,0,TRUE,0,1,0,0,1,1,198,FALSE,4277500,2517500,,,,3309,FALSE,1063,FALSE,Adda
EFAS,11,03310,Lodi - v. X Maggio,9.508697,45.319083,0,0.000000,0.000000,,,0,0,0,0,,,1,,,Po,IT,6175,5493,Po,,0,TRUE,0,1,0,0,1,1,64,FALSE,4282500,2467500,,,,3310,FALSE,1063,FALSE,Adda
EFAS,11,03311,Camerata Cornello - via Orbrembo 37,9.658460,45.898521,0,0.000000,0.000000,,,0,0,0,0,,,1,,,Po,IT,475,395,Po,,0,TRUE,0,1,0,0,1,1,450,FALSE,4292500,2532500,,,,3311,FALSE,1063,FALSE,Brembo
EFAS,11,03312,Montodine - ponte,9.711196,45.283076,0,0.000000,0.000000,,,0,0,0,0,,,1,,,Po,IT,1125,1158,Po,,0,FALSE,0,0,0,0,1,1,63,FALSE,4297500,2467500,,,,3312,FALSE,1063,FALSE,Serio
EFAS,11,03313,Montodine - via Bodesine,9.711158,45.283089,0,0.000000,0.000000,,,0,0,0,0,,,1,,,Po,IT,1100,1158,Po,,0,TRUE,1,0,0,1,0,0,61,FALSE,4297500,2472500,,,,3313,FALSE,1063,TRUE,Serio
EFAS,11,03314,Cene - Ponte,9.821533,45.784207,0,0.000000,0.000000,,,0,0,0,0,,,1,,,Po,IT,525,463,Po,,0,TRUE,0,1,0,0,1,1,361,FALSE,4307500,2517500,,,,3314,FALSE,1063,FALSE,Serio
EFAS,11,03315,Sondrio - Ponte Eifell,9.864065,46.168467,0,0.000000,0.000000,,,0,0,0,0,,,1,,,Po,IT,325,324,Po,,0,TRUE,0,1,0,0,1,1,300,FALSE,4312500,2567500,,,,3315,FALSE,1063,FALSE,Mallero
EFAS,11,03316,Lanzada - Ganda,9.884505,46.270224,0,0.000000,0.000000,,,0,0,0,0,,,1,,,Po,IT,125,114,Po,,0,FALSE,0,0,0,0,1,1,988,FALSE,4312500,2572500,,,,3316,FALSE,1063,FALSE,Lanterna
EFAS,11,03317,Capriolo - SP12,9.916130,45.647807,0,0.000000,0.000000,,,0,0,0,0,,,1,,,Po,IT,1875,1851,Po,,0,TRUE,0,1,0,0,1,1,178,FALSE,4312500,2502500,,,,3317,FALSE,1063,FALSE,Oglio
EFAS,11,03318,Gandellino - Grabiasca,9.947878,46.007675,0,0.000000,0.000000,,,0,0,0,0,,,1,,,Po,IT,125,92,Po,,0,TRUE,0,1,0,0,1,1,738,FALSE,4317500,2542500,,,,3318,FALSE,1063,FALSE,Serio
EFAS,11,03319,Sarnico - v. Roma,9.956889,45.665942,0,0.000000,0.000000,,,0,0,0,0,,,1,,,Po,IT,1800,1800,Po,,0,FALSE,0,0,0,0,1,1,197,FALSE,4317500,2507500,,,,3319,FALSE,1063,FALSE,Sebino
EFAS,11,03320,Teglio - S. Giacomo,10.038479,46.158277,0,0.000000,0.000000,,,0,0,0,0,,,1,,,Po,IT,1375,1087,Po,,0,TRUE,0,1,0,0,1,1,357,FALSE,4322500,2562500,,,,3320,FALSE,1063,FALSE,Adda
EFAS,11,03321,Manerbio - v. Dante,10.145552,45.359753,0,0.000000,0.000000,,,0,0,0,0,,,1,,,Po,IT,900,859,Po,,0,TRUE,0,1,0,0,1,1,60,FALSE,4332500,2472500,,,,3321,FALSE,1063,FALSE,Mella
EFAS,11,03322,Darfo Boario Terme - Cav. Vittorio Venteto,10.173593,45.876549,0,0.000000,0.000000,,,0,0,0,0,,,1,,,Po,IT,1375,1349,Po,,0,TRUE,0,1,0,0,1,1,205,FALSE,4332500,2527500,,,,3322,FALSE,1063,FALSE,Oglio
EFAS,11,03323,Bovegno - ponte Zigole,10.263183,45.781384,0,0.000000,0.000000,,,0,0,0,0,,,1,,,Po,IT,125,86,Po,,0,TRUE,0,1,0,0,1,1,572,FALSE,4342500,2517500,,,,3323,FALSE,1063,FALSE,Mella
EFAS,11,03324,Capo di Ponte - v. Bona,10.341906,46.030392,0,0.000000,0.000000,,,0,0,0,0,,,1,,,Po,IT,775,784,Po,,0,TRUE,0,1,0,0,1,1,366,FALSE,4347500,2547500,,,,3324,FALSE,1063,FALSE,Oglio
EFAS,11,03325,Gavardo - SP116,10.441085,45.592359,0,0.000000,0.000000,,,0,0,0,0,,,1,,,Po,IT,975,550,Po,,0,TRUE,0,1,0,0,1,1,205,FALSE,4357500,2497500,,,,3325,FALSE,1063,FALSE,Chiese
EFAS,11,03326,Idro - SS 237,10.462420,45.737702,0,0.000000,0.000000,,,0,0,0,0,,,1,,,Po,IT,600,614,Po,,0,FALSE,0,0,0,0,1,1,388,FALSE,4362500,2517500,,,,3326,FALSE,1063,FALSE,Eridio
EFAS,11,03327,Manerba del Garda - Dusano,10.566635,45.543701,0,0.000000,0.000000,,,0,0,0,0,,,1,,,Po,IT,2200,2247,Po,,0,FALSE,0,0,0,0,1,1,73,FALSE,4372500,2492500,,,,3327,FALSE,1063,FALSE,Benaco
EFAS,11,03328,Ponti sul Mincio - Monzambano,10.706296,45.392642,0,0.000000,0.000000,,,0,0,0,0,,,1,,,Po,IT,2450,2267,Po,,0,TRUE,0,1,0,0,1,1,62,FALSE,4377500,2477500,,,,3328,FALSE,1063,FALSE,Mincio
EFAS,11,03329,Sesto Calende - alzaia,8.637501,45.724123,0,0.000000,0.000000,,,0,0,0,0,,,1,,,Po,IT,6575,6689,Po,,0,FALSE,0,0,0,0,1,1,58,FALSE,4217500,2512500,,,,3329,FALSE,1063,FALSE,Verbano
EFAS,11,03330,Luino - v. Piero Chiara,8.742723,46.004143,0,0.000000,0.000000,,,0,0,0,0,,,1,,,Po,IT,775,6681,Po,,0,FALSE,0,0,0,0,1,1,205,FALSE,4222500,2542500,,,Possibly wrong uparea,3330,FALSE,1063,FALSE,Verbano
EFAS,11,03331,Cavaria con Premezzo - v. Cantalupa,8.807698,45.689496,0,0.000000,0.000000,,,0,0,0,0,,,1,,,Po,IT,100,32,Po,,0,TRUE,0,1,0,0,1,1,274,FALSE,4227500,2507500,,,,3331,FALSE,1063,FALSE,Arno
EFAS,11,03332,Gambolò - via Roma,8.863333,45.247793,0,0.000000,0.000000,,,0,0,0,0,,,1,,,Po,IT,350,349,Po,,0,TRUE,0,1,0,0,1,1,101,FALSE,4232500,2462500,,,,3332,FALSE,1063,FALSE,Terdoppio
EFAS,11,03333,Vigevano - SS494,8.879676,45.341426,0,0.000000,0.000000,,,0,0,0,0,,,1,,,Po,IT,7225,7228,Po,,0,TRUE,0,1,0,0,1,1,94,FALSE,4232500,2472500,,,,3333,FALSE,1063,FALSE,Ticino
EFAS,11,03334,Castellanza - C.so G. Matteotti,8.907454,45.607182,0,0.000000,0.000000,,,0,0,0,0,,,1,,,Po,IT,250,150,Po,,0,TRUE,0,1,0,0,1,1,206,FALSE,4237500,2502500,,,,3334,FALSE,1063,FALSE,Olona
EFAS,11,03335,Valdisotto-Cepina,10.355093,46.424240,0,0.000000,0.000000,,,0,0,0,0,,,1,,,Po,IT,550,456,Po,,0,FALSE,0,0,0,0,1,1,1125,FALSE,4347500,2592500,,,,3335,FALSE,1063,FALSE,Adda
EFAS,11,03336,Lavenone - Galleria Agricoltori - fiume,10.450603,45.735017,0,0.000000,0.000000,,,0,0,0,0,,,1,,,Po,IT,650,220,Po,,0,FALSE,0,0,0,0,1,1,370,FALSE,4357500,2512500,,,,3336,FALSE,1063,FALSE,Chiese
EFAS,11,03337,Miorina IDRO,8.648930,45.696670,0,0.000000,0.000000,,,0,0,0,0,,,1,,,Po,IT,6675,6059,Po,,0,TRUE,1,0,0,1,1,1,198,FALSE,4217500,2502500,,,,3337,FALSE,1063,TRUE,Ticino
EFAS,11,03338,Orio Litta - v. Francigena,9.532100,45.165721,0,0.000000,0.000000,,,0,0,0,0,,,1,,,Po,IT,1000,1968,Po,,0,TRUE,1,0,0,1,1,1,63,FALSE,4282500,2452500,,,,3338,FALSE,1063,TRUE,Lambro
EFAS,11,03339,Molteno - Cimitero,9.307100,45.783019,0,0.000000,0.000000,,,0,0,0,0,,,1,,,Po,IT,50,33,Po,,0,TRUE,0,1,0,0,1,1,278,FALSE,4267500,2517500,,,,3339,FALSE,1063,FALSE,Bevera
EFAS,11,03340,Brembate di Sopra - Ponte Briolo,9.587392,45.710222,0,0.000000,0.000000,,,0,0,0,0,,,1,,,Po,IT,850,769,Po,,0,TRUE,0,1,0,0,1,1,260,FALSE,4287500,2512500,,,,3340,FALSE,1063,FALSE,Brembo
EFAS,11,03341,Castiglione Olona - v. XXIV Maggio,8.866109,45.758705,0,0.000000,0.000000,,,0,0,0,0,,,1,,,Po,IT,150,105,Po,,0,TRUE,0,1,0,0,1,1,268,FALSE,4232500,2517500,,,,3341,FALSE,1063,FALSE,Olona
EFAS,11,03342,Cantù - Asnago,9.100373,45.718532,0,0.000000,0.000000,,,0,0,0,0,,,1,,,Po,IT,75,48,Po,,0,FALSE,0,0,0,0,1,1,244,FALSE,4252500,2512500,,,,3342,FALSE,1063,FALSE,Seveso
EFAS,11,03343,Pavia - Ponte Ticino SS35,9.146664,45.180622,0,0.000000,0.000000,,,0,0,0,0,,,1,,,Po,IT,7675,7256,Po,,0,TRUE,0,1,0,0,1,1,69,FALSE,4252500,2452500,,,,3343,FALSE,1063,FALSE,Ticino
EFAS,11,03344,"Leivonvesi, Simuna",26.174166,62.380283,0,0.000000,0.000000,,,0,0,0,0,,,1,,,Kymijoki,FI,12575,6889,Kymijoki,,0,TRUE,1,0,0,1,0,0,,FALSE,5152500,4462500,,,,3344,FALSE,1011,TRUE,Kymijoki
EFAS,11,03345,"Päijänne, Kalkkinen",25.594065,61.281601,0,0.000000,0.000000,,,0,0,0,0,,,1,,,Kymijoki,FI,26225,26459,Kymijoki,,0,TRUE,1,0,0,1,0,0,,FALSE,5152500,4332500,,,,3345,FALSE,1011,TRUE,Kymijoki
EFAS,11,03346,"Pielisjoki, Kaltimo",30.130760,62.769832,0,0.000000,0.000000,,,0,0,0,0,,,1,,,Vuoksi,FI,20400,20816,Vuoksi,,0,TRUE,1,0,0,1,0,0,,FALSE,5337500,4552500,,,,3346,FALSE,1011,TRUE,Vuoksi
EFAS,11,03347,Merikoski,25.473420,65.022637,0,0.000000,0.000000,,,0,0,0,0,,,1,,,Oulujoki,FI,24500,22841,Oulujoki,,0,TRUE,1,0,0,1,0,0,,FALSE,5047500,4737500,,,,3347,FALSE,1011,TRUE,Oulujoki
EFAS,11,03348,"Oulujärvi, Jylhämä",26.781505,64.572061,0,0.000000,0.000000,,,0,0,0,0,,,1,,,Oulujoki,FI,21750,19839,Oulujoki,,0,TRUE,1,0,0,1,0,0,,FALSE,5122500,4702500,,,,3348,FALSE,1011,TRUE,Oulujoki
EFAS,11,03349,"Kallavesi, Konnus + Karvio",27.768580,62.549906,0,0.000000,0.000000,,,0,0,0,0,,,1,,,Vuoksi,FI,16425,16270,Vuoksi,,0,TRUE,1,0,0,1,0,0,,FALSE,5232500,4497500,,,,3349,FALSE,1011,TRUE,Neva
EFAS,11,03350,Hartolankoski,22.846334,61.328589,0,0.000000,0.000000,,,0,0,0,0,,,1,,,Kokemaen,FI,21300,21207,Kokemaen,,0,TRUE,1,0,0,1,0,0,,FALSE,5007500,4312500,,,,3350,FALSE,1011,TRUE,Kokemaen
EFAS,11,03351,"Vuoksi, Tainionkoski",28.783904,61.210672,0,0.000000,0.000000,,,0,0,0,0,,,1,,,Vuoksi,FI,60600,61061,Vuoksi,,0,TRUE,1,0,0,1,0,0,,FALSE,5322500,4367500,,,,3351,FALSE,1011,TRUE,Vuoksi
EFAS,11,03352,Oulunkylä,24.984273,60.237813,0,0.000000,0.000000,,,0,0,0,0,,,1,,,Vantaa,FI,1850,1680,Vantaa,,0,TRUE,1,0,0,1,0,0,,FALSE,5147500,4212500,,,,3352,FALSE,1011,TRUE,Vantaa
EFAS,11,03353,Keppo,22.698491,63.361479,0,0.000000,0.000000,,,0,0,0,0,,,1,,,Lapuanjoki,FI,4000,3949,Lapuanjoki,,0,TRUE,1,0,0,1,0,0,,FALSE,4957500,4532500,,,,3353,FALSE,1011,TRUE,Lapuanjoki
EFAS,11,03354,Skatila,21.884198,63.091975,0,0.000000,0.000000,,,0,0,0,0,,,1,,,Kyrönjoki,FI,4725,4833,Kyrönjoki,,0,TRUE,1,0,0,1,0,0,,FALSE,4922500,4492500,,,,3354,FALSE,1011,TRUE,Kyrönjoki
EFAS,11,03355,"Nilakka, Äyskoski",26.678069,63.011780,0,0.000000,0.000000,,,0,0,0,0,,,0,,,Kymijoki,fi,2350,2157,Kymijoki,,0,TRUE,0,1,0,0,0,0,,FALSE,5162500,4532500,24,,,3355,FALSE,1011,FALSE,Koskilampi
EFAS,11,04001,Permet,20.354000,40.240500,0,0.000000,0.000000,,,0,0,0,0,,,0,HIST_24h,,Vjosa,AL,2900,2820,Vjosa,3,0,TRUE,1,1,0,0,0,0,218.18,TRUE,5202500,1962500,,,,4001,FALSE,1049,FALSE,Vjosa
EFAS,11,04002,Pocem,19.727900,40.493400,0,0.000000,0.000000,,,0,0,0,0,,,0,,,Vjosa,AL,5800,5571,Vjosa,,0,FALSE,0,0,0,0,0,0,48.38,FALSE,5147500,1987500,,,No data,4002,FALSE,1049,FALSE,Vjosa
EFAS,11,04003,Ura_Leklit,20.055500,40.259100,0,0.000000,0.000000,,,0,0,0,0,,,0,HIST_24h,,Vjosa,AL,1325,1302,Vjosa,1,0,TRUE,1,1,0,0,0,0,133.38,FALSE,5177500,1962500,,,There is a shift in time between qts and precip,4003,FALSE,1049,FALSE,Drinos
EFAS,11,04004,Hormove,20.081800,40.233000,0,0.000000,0.000000,,,0,0,0,0,,,0,HIST_24h,,Vjosa,AL,1275,1280,Vjosa,3,0,TRUE,1,1,0,0,0,0,145.5,TRUE,5182500,1957500,,,Moved South to avoid conflict in inflow point,4004,FALSE,1049,FALSE,Drinos
EFAS,11,04005,Ura_Kucit,19.804900,40.844800,0,0.000000,0.000000,,,0,0,0,0,,,0,,,Seman,AL,5450,5358,Seman,,0,FALSE,0,0,0,0,0,0,16.14,FALSE,5147500,2027500,,,No data,4005,FALSE,1049,FALSE,Seman
EFAS,11,04006,Ura_Vajgurore,19.875100,40.774200,0,0.000000,0.000000,,,0,0,0,0,,,0,HIST_24h,,Seman,AL,2075,2073,Seman,3,0,TRUE,1,1,0,0,0,0,24.78,TRUE,5157500,2017500,,,Strange behaviour in low flows after 06/2005,4006,FALSE,1049,FALSE,Seman
EFAS,11,04007,Paper,19.942800,41.052300,0,0.000000,0.000000,,,0,0,0,0,,,0,HIST_24h,,Shkumbin,AL,1900,1958,Shkumbin,3,0,TRUE,1,1,0,0,0,0,60.99,TRUE,5162500,2052500,,,Large difference in discharge before and after 01/01/2001. Data before 2001 are not consistent with upstream station.,4007,FALSE,1049,FALSE,Shkumbin
EFAS,11,04008,Librazhd,20.312200,41.180500,0,0.000000,0.000000,,,0,0,0,0,,,0,HIST_24h,,Shkumbin,AL,775,851,Shkumbin,3,0,TRUE,1,1,0,0,0,0,230.99,TRUE,5192500,2067500,,,Change in low flow between 1/11/1998 – 1/9/1999. Outlies between 22/9/2000 – 1/10/2000 that can be easily removed,4008,FALSE,1049,FALSE,Shkumbin
EFAS,11,04009,Ndroq,19.658000,41.266600,0,0.000000,0.000000,,,0,0,0,0,,,0,HIST_24h,,Erzen,AL,675,663,Erzen,3,0,TRUE,1,1,0,0,0,0,36.24,TRUE,5132500,2072500,,,,4009,FALSE,1049,FALSE,Erzen
EFAS,11,04010,Ibe,19.921800,41.235400,0,0.000000,0.000000,,,0,0,0,0,,,0,,,Erzen,AL,275,248,Erzen,,0,FALSE,0,0,0,0,0,0,184.05,FALSE,5152500,2072500,,,No data,4010,FALSE,1049,FALSE,Erzen
EFAS,11,04011,Ura_Gjoles,19.691800,41.467300,0,0.000000,0.000000,,,0,0,0,0,,,0,HIST_24h,,Ishëm,AL,525,46.8,Ishem,3,0,TRUE,1,1,0,0,0,0,7.73,TRUE,5132500,2092500,,,Strange behaviour in low flow before 06/2000,4011,FALSE,1049,FALSE,Ishëm
EFAS,11,04012,Shkjeze,19.785700,41.786100,0,0.000000,0.000000,,,0,0,0,0,,,0,,,Mat,AL,975,,Mati,,0,FALSE,0,0,0,0,0,0,,FALSE,5132500,2127500,,,No data,4012,FALSE,1049,FALSE,Mat
EFAS,11,04013,Shoshaj,20.028700,41.607600,0,0.000000,0.000000,,,0,0,0,0,,,0,HIST_24h,,Mat,AL,775,646,Mati,3,0,TRUE,1,1,0,0,0,0,152.01,TRUE,5157500,2112500,,,,4013,FALSE,1049,FALSE,Mat
EFAS,11,04014,Skavice,20.330700,41.909700,0,0.000000,0.000000,,,0,0,0,0,,,0,HIST_24h,,Drin-Bojana,AL,5650,5562,Drin-Buna,3,0,TRUE,1,1,0,0,0,0,298.9,TRUE,5182500,2142500,,,Data 1991-2008  then 2014-2018. Suspect change in Zero reference or cross section around 06/2002,4014,FALSE,1049,FALSE,Black Drin
EFAS,11,04015,Shkoder,19.492000,42.050700,0,0.000000,0.000000,,,0,0,0,0,,,0,HIST_24h,,Drin-Bojana,AL,5275,5179,Drin-Buna,3,0,TRUE,1,1,0,0,0,0,4,TRUE,5107500,2157500,,,,4015,FALSE,1049,FALSE,Bojana
EFAS,11,04016,Bahcallek,19.492000,42.042400,0,0.000000,0.000000,,,0,0,0,0,,,0,HIST_24h,,Drin-Bojana,AL,14100,14173,Drin-Buna,3,0,TRUE,1,1,0,0,0,0,4,TRUE,5112500,2152500,,,Station is upstream of confluence,4016,FALSE,1049,FALSE,Drin
EFAS,11,04017,Pizzighettone - ponte Trento e Trieste,9.784662,45.171125,0,0.000000,0.000000,,,0,0,0,0,,,1,,,Po,it,7900,,Po,,0,TRUE,1,0,0,1,1,1,,FALSE,4302500,2452500,,,,4017,FALSE,1063,TRUE,Adda
EFAS,11,04018,Asola - v. Carducci,10.407611,45.220568,0,0.000000,0.000000,,,0,0,0,0,,,1,,,Po,it,1200,689,Po,,0,FALSE,0,0,0,0,1,1,39,FALSE,4352500,2457500,,,,4018,FALSE,1063,FALSE,Chiese
EFAS,11,04019,Pralboino - SP64,10.209360,45.268353,0,0.000000,0.000000,,,0,0,0,0,,,1,,,Po,it,975,1013,Po,,0,FALSE,0,0,0,0,1,1,44,FALSE,4337500,2462500,,,,4019,FALSE,1063,FALSE,Mella
EFAS,11,04020,Soncino - v. Brescia,9.890276,45.399169,0,0.000000,0.000000,,,0,0,0,0,,,1,,,Po,it,2300,2059,Po,,0,TRUE,1,0,0,0,1,1,87,FALSE,4312500,2477500,,,,4020,FALSE,1063,TRUE,Oglio
EFAS,11,04021,Voghera - v. Cambiaso,9.017506,44.990282,0,0.000000,0.000000,,,0,0,0,0,,,1,,,Po,it,350,278,Po,,0,FALSE,0,0,0,0,1,1,95,FALSE,4242500,2432500,,,,4021,FALSE,1063,FALSE,Staffora
EFAS,11,04022,Lago del Turano,12.942139,42.232861,0,0.000000,0.000000,,,0,0,0,0,,,1,,,Tiber,IT,450,0,Tiber,,0,FALSE,0,0,0,0,1,1,,FALSE,4567500,2127500,,,,4022,FALSE,1072,FALSE,Turano
EFAS,11,04106,Lago del Salto,13.025167,42.280139,0,0.000000,0.000000,,,0,0,0,0,,,1,,,Tiber,IT,1700,,Tiber,,0,FALSE,0,0,0,0,1,1,,FALSE,4572500,2137500,,,,4106,FALSE,1072,FALSE,Salto
EFAS,11,04107,S.Cosimato-Mandela,12.909472,42.014806,0,0.000000,0.000000,,,0,0,0,0,,,0,,,Aniene- Tiber,IT,,,Tiber,,1,FALSE,0,0,0,0,0,1,,FALSE,,,,,,4107,FALSE,1072,FALSE,Aniene
EFAS,11,04108,Tevere a Castelgiubileo,12.497889,41.988778,0,0.000000,0.000000,,,0,0,0,0,,,1,,,Tiber,IT,,,Tiber,,1,FALSE,0,0,0,0,1,1,,FALSE,,,,,,4108,FALSE,1072,FALSE,Tiber
EFAS,11,04109,Tevere a Nazzano,12.636722,42.151556,0,0.000000,0.000000,,,0,0,0,0,,,1,,,Tiber,IT,14825,,Tiber,,0,FALSE,0,0,0,0,1,1,,FALSE,4537500,2122500,,,,4109,FALSE,1072,FALSE,Tiber
EFAS,11,04110,Tevere a Villa Spada,12.503083,41.961167,0,0.000000,0.000000,,,0,0,0,0,,,1,,,Tiber,IT,15675,,Tiber,,0,TRUE,1,0,0,1,1,1,,FALSE,4527500,2102500,,,,4110,FALSE,1072,TRUE,Tiber
EFAS,11,04111,Tevere a Stimigliano,12.558278,42.281833,0,0.000000,0.000000,,,0,0,0,0,,,1,,,Tiber,IT,14425,,Tiber,,0,TRUE,1,1,0,1,1,1,,FALSE,4532500,2132500,,ID_4111_202201212209.mod,,4111,TRUE,1072,TRUE,Tiber
EFAS,11,04112,Tevere a Fidene,12.494167,41.968917,0,0.000000,0.000000,,,0,0,0,0,,,1,,,Tiber,IT,,,Tiber,,1,FALSE,0,0,0,0,1,1,,FALSE,,,,,,4112,FALSE,1072,FALSE,Tiber
EFAS,11,04113,Tevere a Ripetta,12.474389,41.905056,0,0.000000,0.000000,,,0,0,0,0,,,1,,,Tiber,IT,17250,16545,Tiber,,0,TRUE,1,1,0,1,1,1,,FALSE,4527500,2092500,,ID_4113_202201212209.mod,,4113,TRUE,1072,TRUE,Tiber
EFAS,11,04114,Velino a Terria,12.795528,42.442222,0,0.000000,0.000000,,,0,0,0,0,,,1,,,Tiber,IT,2925,2076,Tiber,,0,TRUE,1,1,0,1,1,1,,FALSE,4552500,2152500,,ID_4114_202201212209.mod,,4114,TRUE,1072,TRUE,Velino
EFAS,11,04115,Liri a Isola Liri,13.564639,41.677000,0,0.000000,0.000000,,,0,0,0,0,,,1,,,Garigliano,IT,550,1287,Liri-Garigliano,,0,TRUE,1,1,0,1,1,1,,FALSE,4617500,2072500,,ID_4115_202201212209.mod,,4115,TRUE,1072,TRUE,Liri
EFAS,11,04116,Fiora a Montalto di Castro,11.599250,42.353917,0,0.000000,0.000000,,,0,0,0,0,,,1,,,Fiora,IT,825,818,Fiora,,0,TRUE,1,1,0,1,1,1,,FALSE,4452500,2142500,,ID_4116_202201212209.mod,,4116,TRUE,1072,TRUE,Fiora
EFAS,11,04117,Ufente a Ponte Ferraioli,13.098417,41.462417,0,0.000000,0.000000,,,0,0,0,0,,,1,,,Badino,IT,125,,Badino,,0,FALSE,0,0,0,0,1,1,,FALSE,4582500,2042500,,,,4117,FALSE,1072,FALSE,Ufente
EFAS,11,04118,Aniene a Subiaco,13.093056,41.922667,0,0.000000,0.000000,,,0,0,0,0,,,1,,,Tiber,IT,300,209,Tiber,,0,TRUE,1,0,0,1,1,1,,FALSE,4577500,2097500,,,,4118,FALSE,1072,TRUE,Aniene
EFAS,11,04119,Tevere a Ponte del Grillo,12.601944,42.086833,0,0.000000,0.000000,,,0,0,0,0,,,1,,,Tiber,IT,15275,,Tiber,,0,TRUE,1,1,0,1,1,1,,FALSE,4537500,2112500,,ID_4119_202201212209.mod,,4119,TRUE,1072,TRUE,Tiber
EFAS,11,04120,Tevere a Fiumara,12.255667,41.746306,0,0.000000,0.000000,,,0,0,0,0,,,1,,,Tiber,IT,17800,,Tiber,,0,FALSE,0,0,0,0,1,1,,FALSE,4507500,2072500,,,,4120,FALSE,1072,FALSE,Tiber
EFAS,11,04121,Tevere a Orte Scalo,12.408750,42.443194,0,0.000000,0.000000,,,0,0,0,0,,,1,,,Tiber,IT,8150,,Tiber,,0,FALSE,0,0,0,0,1,1,,FALSE,4517500,2152500,,,,4121,FALSE,1072,FALSE,Tiber
EFAS,11,04122,Mignone SS Aurelia,11.786222,42.194222,0,0.000000,0.000000,,,0,0,0,0,,,0,,,Mignone,IT,425,447,Mignone,,0,TRUE,0,1,0,0,0,1,,FALSE,4472500,2122500,,,,4122,FALSE,1072,FALSE,Mignone
EFAS,11,04123,S.Cosimato-Mandela,12.909472,42.014806,0,0.000000,0.000000,,,0,0,0,0,,,0,,,Aniene - Tiber,IT,625,,Tiber,,0,FALSE,0,0,0,0,0,1,,FALSE,4562500,2107500,,,,4123,FALSE,1072,FALSE,Aniene
EFAS,11,04124,S.Apollinare Rcamp,13.821528,41.412889,0,0.000000,0.000000,,,0,0,0,0,,,0,,,Garigliano,IT,3625,4041,Liri-Garigliano,,0,FALSE,0,0,0,0,0,1,,FALSE,4642500,2042500,,,,4124,FALSE,1072,FALSE,Liri
EFAS,11,04125,Fiora a Vulci,11.630306,42.402000,0,0.000000,0.000000,,,0,0,0,0,,,1,,,Fiora,IT,700,,Fiora,,0,TRUE,1,0,0,1,1,1,,FALSE,4457500,2147500,,,,4125,FALSE,1072,TRUE,Fiora
EFAS,11,04126,Aniene a Ponte Mammolo,12.568444,41.923361,0,0.000000,0.000000,,,0,0,0,0,,,1,,,Aniene - Tiber,IT,1450,,Tiber,,0,TRUE,1,0,0,1,1,1,,FALSE,4532500,2092500,,,,4126,FALSE,1072,TRUE,Aniene
EFAS,11,04127,Aniene a Ponte Salario,12.508361,41.939528,0,0.000000,0.000000,,,0,0,0,0,,,1,,,Aniene - Tiber,IT,1475,,Tiber,,0,FALSE,0,0,0,0,1,1,,FALSE,4532500,2097500,,,,4127,FALSE,1072,FALSE,Aniene
EFAS,11,04128,Aniene a Lunghezza,12.667444,41.927139,0,0.000000,0.000000,,,0,0,0,0,,,1,,,Aniene - Tiber,IT,1125,1115,Tiber,,0,TRUE,1,0,0,1,1,1,,FALSE,4542500,2097500,,,,4128,FALSE,1072,TRUE,Aniene
EFAS,11,04129,Aniene a Marano Equo,13.021250,41.993861,0,0.000000,0.000000,,,0,0,0,0,,,1,,,Aniene - Tiber,IT,425,,Tiber,,0,TRUE,1,0,0,1,1,1,,FALSE,4572500,2102500,,,,4129,FALSE,1072,TRUE,Aniene
EFAS,11,04130,Tevere a Mezzocammino,12.418194,41.808222,0,0.000000,0.000000,,,0,0,0,0,,,1,,,Tiber,IT,,,Tiber,,1,FALSE,0,0,0,0,1,1,,FALSE,,,,,,4130,FALSE,1072,FALSE,Tiber
EFAS,11,04131,Tevere a Ponte Felice,12.461278,42.350583,0,0.000000,0.000000,,,0,0,0,0,,,1,,,Tiber,IT,13825,12980,Tiber,,0,TRUE,1,1,0,1,1,1,,FALSE,4522500,2142500,,ID_4131_202201212209.mod,,4131,TRUE,1072,TRUE,Tiber
EFAS,11,04132,Castello Vici,12.279200,42.096100,0,0.000000,0.000000,,,0,0,0,0,,,0,,,Arrone,IT,225,,Arrone,,0,FALSE,0,0,0,0,0,1,,FALSE,4512500,2112500,,,,4132,FALSE,1072,FALSE,Arrone
EFAS,11,04133,Marta a Tarquinia,11.742528,42.256972,0,0.000000,0.000000,,,0,0,0,0,,,1,,,Marta,IT,1075,1036,Marta,,0,TRUE,1,1,0,1,1,1,,FALSE,4462500,2127500,,ID_4133_202201212209.mod,,4133,TRUE,1072,TRUE,Marta
EFAS,11,04134,Marta,11.932861,42.534833,0,0.000000,0.000000,,,0,0,0,0,,,1,,,Marta,IT,300,,Marta,,0,FALSE,0,0,0,0,1,1,,FALSE,4482500,2162500,,,,4134,FALSE,1072,FALSE,Marta
EFAS,11,04135,Fosso di Pratolungo,12.598861,41.936444,0,0.000000,0.000000,,,0,0,0,0,,,1,,,Aniene - Tiber,IT,1225,,Tiber,,0,FALSE,0,0,0,0,1,1,,FALSE,4537500,2097500,,,,4135,FALSE,1072,FALSE,Aniene
EFAS,11,04136,Paglia a Proceno,11.856306,42.764278,0,0.000000,0.000000,,,0,0,0,0,,,1,,,Tiber,IT,450,,Tiber,,0,FALSE,0,0,0,0,1,1,,FALSE,4472500,2187500,,,,4136,FALSE,1072,FALSE,Paglia
EFAS,11,04137,Lago di Nemi,12.699222,41.718778,0,0.000000,0.000000,,,0,0,0,0,,,1,,,Grande / Moscarello,IT,25,,Moscarello,,0,FALSE,0,0,0,0,1,1,,FALSE,4547500,2072500,,,,4137,FALSE,1072,FALSE,Nami Lake
EFAS,11,04138,Tevere ad Attigliano,12.278111,42.506806,0,0.000000,0.000000,,,0,0,0,0,,,1,,,Tiber,IT,7825,,Tiber,,0,FALSE,0,0,0,0,1,1,,FALSE,4507500,2157500,,,,4138,FALSE,1072,FALSE,Tiber
EFAS,11,04139,Velino a Rieti,12.871611,42.403000,0,0.000000,0.000000,,,0,0,0,0,,,1,,,Tiber,IT,2175,,Tiber,,0,FALSE,0,0,0,0,1,1,,FALSE,4562500,2147500,,,,4139,FALSE,1072,FALSE,Velino
EFAS,11,04140,Liri a Pontecorvo,13.666611,41.450861,0,0.000000,0.000000,,,0,0,0,0,,,1,,,Garigliano,IT,2875,3645,Liri-Garigliano,,0,TRUE,1,1,0,1,1,1,,FALSE,4627500,2047500,,ID_4140_202201212216.mod,,4140,TRUE,1072,TRUE,Liri
EFAS,11,04141,Mignone SP45,11.754944,42.172389,0,0.000000,0.000000,,,0,0,0,0,,,1,,,Mignone,IT,525,,Mignone,,0,TRUE,1,0,0,1,1,1,,FALSE,4467500,2122500,,,,4141,FALSE,1072,TRUE,Mignone
EFAS,11,04142,Tevere a Foro Italico,12.486000,41.939556,0,0.000000,0.000000,,,0,0,0,0,,,1,,,Tiber,IT,17200,,Tiber,,0,TRUE,1,1,0,1,1,1,,FALSE,4527500,2097500,,ID_4142_202201212216.mod,,4142,TRUE,1072,TRUE,Tiber
EFAS,11,04143,Sacco a Ceccano,13.337778,41.568778,0,0.000000,0.000000,,,0,0,0,0,,,1,,,Garigliano,IT,1375,,Liri-Garigliano,,0,TRUE,1,1,0,1,1,1,,FALSE,4602500,2057500,,ID_4143_202201212216.mod,,4143,TRUE,1072,TRUE,Sacco
EFAS,11,04144,Rapido a Cassino,13.840556,41.486639,0,0.000000,0.000000,,,0,0,0,0,,,1,,,Garigliano,IT,225,,Liri-Garigliano,,0,TRUE,1,1,0,1,1,1,,FALSE,4642500,2052500,,ID_4144_202201212223.mod,,4144,TRUE,1072,TRUE,Rapido
EFAS,11,04145,Nera a S.Liberato,12.426306,42.456833,0,0.000000,0.000000,,,0,0,0,0,,,1,,,Tiber,IT,5125,,Tiber,,0,FALSE,0,0,0,0,1,1,,FALSE,4522500,2152500,,,,4145,FALSE,1072,FALSE,Nera
EFAS,11,04146,Rota,12.010270,42.153430,0,0.000000,0.000000,,,0,0,0,0,,,1,,,Mignone,IT,250,,Mignone,,0,TRUE,1,0,0,1,1,1,,FALSE,4487500,2117500,,,,4146,FALSE,1072,TRUE,Mignone
EFAS,11,04147,San Giorgio a Liri,13.772944,41.419528,0,0.000000,0.000000,,,0,0,0,0,,,1,,,Garigliano,IT,3275,,Garigliano,,0,FALSE,0,0,0,0,1,1,,FALSE,4637500,2042500,,,,4147,FALSE,1072,FALSE,Liri
EFAS,11,04148,Treia a Civita Castellana,12.427917,42.291889,0,0.000000,0.000000,,,0,0,0,0,,,1,,,Tiber,IT,500,,Tiber,,0,TRUE,1,1,0,1,1,1,,FALSE,4522500,2137500,,ID_4148_202201212223.mod,,4148,TRUE,1072,TRUE,Treia
EFAS,11,04149,Sora,13.619472,41.722389,0,0.000000,0.000000,,,0,0,0,0,,,1,,,Garigliano,IT,425,1166,Liri-Garigliano,,0,TRUE,1,1,0,1,1,1,,FALSE,4622500,2077500,,ID_4149_202201212223.mod,,4149,TRUE,1072,TRUE,Liri
EFAS,11,04150,Tevere a Capo due Rami,12.279194,41.781833,0,0.000000,0.000000,,,0,0,0,0,,,1,,,Tiber,IT,,,Tiber,,1,FALSE,0,0,0,0,1,1,,FALSE,,,,,,4150,FALSE,1072,FALSE,Tiber
EFAS,11,04151,Salto a San Martino,12.991500,42.326778,0,0.000000,0.000000,,,0,0,0,0,,,1,,,Tiber,IT,1725,,Tiber,,0,FALSE,0,0,0,0,1,1,,FALSE,4567500,2137500,,,,4151,FALSE,1072,FALSE,Salto
EFAS,11,04152,Falvaterra,13.528361,41.514361,0,0.000000,0.000000,,,0,0,0,0,,,0,,,Garigliano,IT,1500,1526,Garigliano,,0,FALSE,0,0,0,0,0,1,,FALSE,4612500,2052500,,,,4152,FALSE,1072,FALSE,Sacco
EFAS,11,04153,Aniene a Ponte Lucano,12.763111,41.955861,0,0.000000,0.000000,,,0,0,0,0,,,1,,,Aniene - Tiber,IT,900,,Tiber,,0,TRUE,1,0,0,0,1,1,,FALSE,4552500,2097500,,,,4153,FALSE,1072,TRUE,Aniene
EFAS,11,04154,Fosso di Pantanello ad Ostia,12.360833,41.717111,0,0.000000,0.000000,,,0,0,0,0,,,1,,,Santola,IT,,,Santola,,1,FALSE,0,0,0,0,1,1,,FALSE,,,,,,4154,FALSE,1072,FALSE,Pantanello
EFAS,11,04155,S.Angelo Theodice,13.834611,41.443583,0,0.000000,0.000000,,,0,0,0,0,,,0,,,Garigliano,IT,325,,Garigliano,,0,FALSE,0,0,0,0,0,1,,FALSE,4642500,2047500,,,,4155,FALSE,1072,FALSE,Rapido
EFAS,11,04156,Sisto a Pontinia,13.026972,41.410750,0,0.000000,0.000000,,,0,0,0,0,,,1,,,Sisto,IT,200,,Sisto,,0,TRUE,1,1,0,1,1,1,,FALSE,4577500,2037500,,ID_4156_202201212223.mod,,4156,TRUE,1072,TRUE,Sisto
EFAS,11,04157,Moscarello a Borgo S.Maria,12.811083,41.463056,0,0.000000,0.000000,,,0,0,0,0,,,1,,,High Water Channel / Moscarello,IT,700,,Moscarello,,0,TRUE,1,1,0,1,1,1,,FALSE,4557500,2042500,,ID_4157_202201212223.mod,,4157,TRUE,1072,TRUE,Moscarello
EFAS,11,04158,Fosso Cremera a Labaro,12.493167,41.987083,0,0.000000,0.000000,,,0,0,0,0,,,1,,,Tiber,IT,175,,Tiber,,0,TRUE,1,0,0,1,1,1,,FALSE,4522500,2102500,,,,4158,FALSE,1072,TRUE,Mola
EFAS,11,04159,Amaseno a Fossanova,13.194500,41.433389,0,0.000000,0.000000,,,0,0,0,0,,,1,,,Badino,IT,450,374,Amaseno,,0,TRUE,1,1,0,1,1,1,,FALSE,4587500,2042500,,,,4159,FALSE,1072,TRUE,Amaseno
EFAS,11,04160,Liri a Ceprano,13.518167,41.552694,0,0.000000,0.000000,,,0,0,0,0,,,1,,,Garigliano,IT,850,,Garigliano,,0,TRUE,1,0,0,0,1,1,,FALSE,4617500,2057500,,,,4160,FALSE,1072,TRUE,Liri
EFAS,11,04161,Liri a Madonna Della Pace,13.607500,41.762639,0,0.000000,0.000000,,,0,0,0,0,,,1,,,Garigliano,IT,350,,Liri-Garigliano,,0,TRUE,1,1,0,1,1,1,,FALSE,4622500,2082500,,ID_4161_202201212229.mod,,4161,TRUE,1072,TRUE,Liri
EFAS,11,04162,Marana a Villa Livia,12.495194,41.999500,0,0.000000,0.000000,,,0,0,0,0,,,1,,,Tiber,IT,75,,Tiber,,0,FALSE,0,0,0,0,1,1,,FALSE,4527500,2107500,,,,4162,FALSE,1072,FALSE,Torraccia
EFAS,11,04163,Sacco a Colleferro,12.978694,41.759500,0,0.000000,0.000000,,,0,0,0,0,,,1,,,Garigliano,IT,375,,Garigliano,,0,TRUE,1,1,0,1,1,1,,FALSE,4567500,2077500,,ID_4163_202201212229.mod,,4163,TRUE,1072,TRUE,Sacco
EFAS,11,04164,Marana di Prima Porta,12.491972,41.998750,0,0.000000,0.000000,,,0,0,0,0,,,1,,,Tiber,IT,50,,Tiber,,0,FALSE,0,0,0,0,1,1,,FALSE,4527500,2112500,,,,4164,FALSE,1072,FALSE,Torraccia
EFAS,11,04165,Malafede,12.407222,41.783528,0,0.000000,0.000000,,,0,0,0,0,,,1,,,Tiber,IT,100,,Tiber,,0,FALSE,0,0,0,0,1,1,,FALSE,4522500,2077500,,,,4165,FALSE,1072,FALSE,Malafede
EFAS,11,04166,Cosa a Frosinone,13.357028,41.647694,0,0.000000,0.000000,,,0,0,0,0,,,1,,,Garigliano,IT,300,,Garigliano,,0,FALSE,0,0,0,0,1,1,,FALSE,4602500,2067500,,,,4166,FALSE,1072,FALSE,Cosa
EFAS,11,04167,Fosso Corese a Passo Corese,12.652194,42.151778,0,0.000000,0.000000,,,0,0,0,0,,,1,,,Tiber,IT,200,,Tiber,,0,TRUE,1,0,0,1,1,1,,FALSE,4542500,2122500,,,,4167,FALSE,1072,TRUE,Corese
EFAS,11,04168,Fibreno a Broccostella,13.665167,41.697222,0,0.000000,0.000000,,,0,0,0,0,,,0,,,Garigliano,IT,50,,Liri-Garigliano,,0,TRUE,1,1,0,0,0,1,,FALSE,4627500,2072500,,,,4168,FALSE,1072,FALSE,Fibreno
EFAS,11,04169,Amatrice - Ponte Tre Occhi,13.292611,42.617500,0,0.000000,0.000000,,,0,0,0,0,,,1,,,Tronto,IT,75,,Tronto,,0,FALSE,0,0,0,0,1,1,,FALSE,4592500,2172500,,,,4169,FALSE,1072,FALSE,Castellano
EFAS,11,04170,Melfa ad Atina,13.769833,41.629444,0,0.000000,0.000000,,,0,0,0,0,,,1,,,Garigliano,IT,150,160,Liri-Garigliano,,0,TRUE,1,1,0,1,1,1,,FALSE,4637500,2067500,,ID_4170_202201212229.mod,,4170,TRUE,1072,TRUE,Melfa
EFAS,11,04171,Fosso di Vallerano,12.445972,41.821694,0,0.000000,0.000000,,,0,0,0,0,,,1,,,Tiber,IT,100,,Tiber,,0,FALSE,0,0,0,0,1,1,,FALSE,4527500,2082500,,,,4171,FALSE,1072,FALSE,Tiber
EFAS,11,04172,Rio Galeria,12.341806,41.817000,0,0.000000,0.000000,,,0,0,0,0,,,1,,,Tiber,IT,17700,,Tiber,,0,TRUE,1,0,0,1,1,1,,FALSE,4517500,2082500,,,,4172,FALSE,1072,TRUE,Galeria
EFAS,11,04173,Arrone a Maccarese,12.233194,41.882639,0,0.000000,0.000000,,,0,0,0,0,,,1,,,Arrone,IT,425,268,Arrone,,0,TRUE,1,0,0,1,1,1,,FALSE,4507500,2087500,,,,4173,FALSE,1072,TRUE,Arrone
EFAS,11,04174,Turano a Rocca Sinibalda,12.910722,42.298306,0,0.000000,0.000000,,,0,0,0,0,,,1,,,Tiber,IT,525,502,Tiber,,0,TRUE,1,1,0,1,1,1,,FALSE,4562500,2137500,,ID_4174_202201212229.mod,,4174,TRUE,1072,TRUE,Turano
EFAS,11,04175,Incastro ad Ardea,12.532550,41.600170,0,0.000000,0.000000,,,0,0,0,0,,,1,,,Incastro,IT,225,,Incastro,,0,FALSE,0,0,0,0,1,1,,FALSE,4532500,2057500,,,,4175,FALSE,1072,FALSE,Incastro
EFAS,11,04176,Cosa ad Alatri,13.360194,41.724778,0,0.000000,0.000000,,,0,0,0,0,,,1,,,Garigliano,IT,225,,Garigliano,,0,TRUE,1,0,0,1,1,1,,FALSE,4602500,2077500,,,,4176,FALSE,1072,TRUE,Cosa
EFAS,11,04177,Torrente Tafone,11.557389,42.374750,0,0.000000,0.000000,,,0,0,0,0,,,1,,,Tafone,IT,125,,Tafone,,0,FALSE,0,0,0,0,1,1,,FALSE,4447500,2142500,,,,4177,FALSE,1072,FALSE,Ponte Roto
EFAS,11,04178,Melfa a Roccasecca,13.647750,41.536389,0,0.000000,0.000000,,,0,0,0,0,,,1,,,Garigliano,IT,375,361,Garigliano,,0,TRUE,1,0,0,0,1,1,,FALSE,4627500,2057500,,,,4178,FALSE,1072,TRUE,Melfa
EFAS,11,04179,Astura ad Acciarella,12.761750,41.451278,0,0.000000,0.000000,,,0,0,0,0,,,1,,,Astura,IT,,,Astura,,1,FALSE,0,0,0,0,1,1,,FALSE,,,,,,4179,FALSE,1072,FALSE,Astura
EFAS,11,04180,Velino ad Antrodoco,13.079350,42.420910,0,0.000000,0.000000,,,0,0,0,0,,,0,,,Tiber,IT,200,,Tiber,,0,FALSE,1,0,0,0,0,1,,FALSE,4572500,2152500,,,,4180,FALSE,1072,FALSE,Velino
EFAS,11,04181,Rota at Verginese,12.008528,42.152667,0,0.000000,0.000000,,,0,0,0,0,,,0,,,Mignone,IT,275,,Mignone,,0,FALSE,0,0,0,0,0,1,,FALSE,4487500,2122500,,,,4181,FALSE,1072,FALSE,Mignone
EFAS,11,04182,Tevere a Porta Portese,12.470556,41.880722,0,0.000000,0.000000,,,0,0,0,0,,,1,,,Tiber,IT,17300,,Tiber,,0,TRUE,1,0,0,0,1,1,,FALSE,4527500,2087500,,,,4182,FALSE,1072,TRUE,TIber
EFAS,11,04183,Anagni,13.092056,41.711889,0,0.000000,0.000000,,,0,0,0,0,,,0,,,Garigliano,IT,600,458,Liri-Garigliano,,0,FALSE,0,0,0,0,0,1,,FALSE,4577500,2072500,,,,4183,FALSE,1072,FALSE,Sacco
EFAS,11,04184,Marta a Piantata,11.881222,42.409806,0,0.000000,0.000000,,,0,0,0,0,,,1,,,Marta,IT,425,,Marta,,0,FALSE,0,0,0,0,1,1,,FALSE,4477500,2147500,,,,4184,FALSE,1072,FALSE,Marta
EFAS,11,04185,Ceccano,13.296806,41.601083,0,0.000000,0.000000,,,0,0,0,0,,,0,,,Sacco - Liri,IT,975,,Liri-Garigliano,,0,FALSE,0,0,0,0,0,1,,FALSE,4597500,2062500,,,,4185,FALSE,1072,FALSE,Garigliano
EFAS,11,04186,Petanjci,16.054300,46.648490,0,0.000000,0.000000,,,0,0,0,0,,,1,,,Danube,SI,10475,10391.44,Sava,,0,TRUE,1,1,0,1,1,1,193.65,FALSE,4782500,2632500,,ID_4186_202201212229.mod,,4186,TRUE,1005,TRUE,Mur
EFAS,11,04187,Pristava,16.231770,46.518600,0,0.000000,0.000000,,,0,0,0,0,,,1,,,Danube,SI,300,272.77,Sava,,0,TRUE,1,1,0,1,1,1,169.37,FALSE,4797500,2622500,,ID_4187_202201212230.mod,,4187,TRUE,1005,TRUE,Ščavnica
EFAS,11,04188,Polana I,16.137120,46.678040,0,0.000000,0.000000,,,0,0,0,0,,,1,,,Danube,SI,250,209.37,Sava,,0,TRUE,1,1,0,1,1,1,191.35,FALSE,4787500,2637500,,ID_4188_202201212234.mod,,4188,TRUE,1005,TRUE,Ledava
EFAS,11,04189,Čentiba,16.477570,46.535260,0,0.000000,0.000000,,,0,0,0,0,,,1,,,Danube,SI,900,861.67,Sava,,0,TRUE,1,1,0,1,1,1,154.31,FALSE,4817500,2627500,,ID_4189_202201212234.mod,,4189,TRUE,1005,TRUE,Ledava
EFAS,11,04190,Hodoš I,16.333000,46.814180,0,0.000000,0.000000,,,0,0,0,0,,,1,,,Danube,SI,125,106.13,Sava,,0,TRUE,1,1,0,1,1,1,224.82,FALSE,4802500,2652500,,ID_4190_202201212234.mod,,4190,TRUE,1005,TRUE,Kerka
EFAS,11,04191,Črna,14.848420,46.470390,0,0.000000,0.000000,,,0,0,0,0,,,1,,,Danube,SI,150,95.17,Sava,,0,TRUE,1,1,0,1,1,1,573.45,FALSE,4692500,2607500,,,,4191,FALSE,1005,TRUE,Meza
EFAS,11,04192,Otiški Vrh I,15.025940,46.577750,0,0.000000,0.000000,,,0,0,0,0,,,1,,,Danube,SI,625,552.6,Sava,,0,TRUE,1,1,0,1,1,1,334,FALSE,4707500,2617500,,ID_4192_202201212240.mod,,4192,TRUE,1005,TRUE,Meza
EFAS,11,04193,Dovže II,15.147480,46.456630,0,0.000000,0.000000,,,0,0,0,0,,,1,,,Danube,SI,100,72.76,Sava,,0,TRUE,1,1,0,1,1,1,507.59,FALSE,4717500,2607500,,ID_4193_202201212240.mod,,4193,TRUE,1005,TRUE,Mislinja
EFAS,11,04194,Otiški Vrh I,15.037250,46.567510,0,0.000000,0.000000,,,0,0,0,0,,,1,,,Danube,SI,200,231.56,Sava,,0,TRUE,1,1,0,1,1,1,344.75,FALSE,4712500,2612500,,ID_4194_202201212240.mod,,4194,TRUE,1005,TRUE,Mislinja
EFAS,11,04195,Stari Trg I,15.072530,46.504390,0,0.000000,0.000000,,,0,0,0,0,,,1,,,Danube,SI,50,59.45,Sava,,0,TRUE,1,1,0,1,1,1,404.86,FALSE,4712500,2607500,,ID_4195_202201212244.mod,,4195,TRUE,1005,TRUE,Suhodolnica
EFAS,11,04196,Ruta,15.423510,46.558650,0,0.000000,0.000000,,,0,0,0,0,,,1,,,Drava,SI,50,74.48,Sava,,0,TRUE,1,1,0,1,1,1,296,FALSE,4732500,2617500,,ID_4196_202201212244.mod,,4196,TRUE,1005,TRUE,Radoljna
EFAS,11,04197,Loče,15.493690,46.301550,0,0.000000,0.000000,,,0,0,0,0,,,1,,,Danube,SI,200,175.67,Sava,,0,TRUE,1,1,0,1,1,1,266.46,FALSE,4742500,2592500,,ID_4197_202201212244.mod,,4197,TRUE,1005,TRUE,Dravinja
EFAS,11,04198,Makole,15.670410,46.319280,0,0.000000,0.000000,,,0,0,0,0,,,1,,,Danube,SI,300,303.21,Sava,,0,TRUE,1,1,0,1,1,1,240.22,FALSE,4757500,2592500,,ID_4198_202201212244.mod,,4198,TRUE,1005,TRUE,Dravinja
EFAS,11,04199,Videm,15.902970,46.368350,0,0.000000,0.000000,,,0,0,0,0,,,1,,,Danube,SI,925,767.34,Sava,,0,TRUE,1,1,0,1,1,1,209.04,FALSE,4772500,2602500,,ID_4199_202201212244.mod,,4199,TRUE,1005,TRUE,Dravinja
EFAS,11,04200,Spodnja Ložnica,15.650730,46.337050,0,0.000000,0.000000,,,0,0,0,0,,,1,,,Danube,SI,100,99.86,Sava,,0,TRUE,1,1,0,1,1,1,241.67,FALSE,4752500,2597500,,ID_4200_202201212246.mod,,4200,TRUE,1005,TRUE,Loznica
EFAS,11,04201,Podlehnik I,15.878440,46.332480,0,0.000000,0.000000,,,0,0,0,0,,,1,,,Danube,SI,50,57.26,Sava,,0,TRUE,1,1,0,1,1,1,223.24,FALSE,4772500,2592500,,ID_4201_202201212249.mod,,4201,TRUE,1005,TRUE,Rogatnica
EFAS,11,04202,Tržec,15.878070,46.363670,0,0.000000,0.000000,,,0,0,0,0,,,1,,,Danube,SI,325,189.16,Sava,,0,TRUE,1,1,0,1,1,1,214.07,FALSE,4767500,2602500,,ID_4202_202201212249.mod,,4202,TRUE,1005,TRUE,Polskava
EFAS,11,04203,Ranca,15.681480,46.599420,0,0.000000,0.000000,,,0,0,0,0,,,1,,,Danube,SI,150,84.27,Sava,,0,TRUE,1,1,0,1,1,1,250.27,FALSE,4757500,2627500,,ID_4203_202201212249.mod,,4203,TRUE,1005,TRUE,Pesnica
EFAS,11,04204,Gočova,15.868600,46.556770,0,0.000000,0.000000,,,0,0,0,0,,,1,,,Danube,SI,300,281.77,Sava,,0,TRUE,1,1,0,1,1,1,225.46,FALSE,4772500,2622500,,ID_4204_202201212249.mod,,4204,TRUE,1005,TRUE,Pesnica
EFAS,11,04205,Zamušani I,16.033960,46.414130,0,0.000000,0.000000,,,0,0,0,0,,,1,,,Danube,SI,550,479.76,Sava,,0,TRUE,1,1,0,1,1,1,201.85,FALSE,4782500,2607500,,ID_4205_202201212249.mod,,4205,TRUE,1005,TRUE,Pesnica
EFAS,11,04206,Jesenice,14.054320,46.433860,0,0.000000,0.000000,,,0,0,0,0,,,1,,,Danube,SI,275,259.42,Sava,,0,TRUE,1,1,0,0,1,1,564.81,FALSE,4632500,2597500,,,,4206,FALSE,1005,TRUE,Sava Dolinka
EFAS,11,04207,Podhom,14.085720,46.393490,0,0.000000,0.000000,,,0,0,0,0,,,1,,,Sava,SI,100,166.8,Sava,,0,TRUE,1,1,0,1,1,1,566.07,FALSE,4632500,2592500,,ID_4207_202201212249.mod,,4207,TRUE,1005,TRUE,Radovna
EFAS,11,04208,Bodešče,14.141880,46.341930,0,0.000000,0.000000,,,0,0,0,0,,,1,,,Danube,SI,475,363.9,Sava,,0,TRUE,1,1,0,1,1,1,413.9,FALSE,4637500,2592500,,ID_4208_202201212252.mod,,4208,TRUE,1005,TRUE,Sava Bohinjka
EFAS,11,04209,Ukanc,13.829570,46.280960,0,0.000000,0.000000,,,0,0,0,0,,,1,,,Danube,SI,75,66.76,Sava,,0,TRUE,1,1,0,1,1,1,527.43,FALSE,4617500,2582500,,ID_4209_202201212255.mod,,4209,TRUE,1005,TRUE,Sava Bohinjka
EFAS,11,04210,Stara Fužina II,13.889200,46.282840,0,0.000000,0.000000,,,0,0,0,0,,,1,,,Danube,SI,50,74.26,Sava,,0,TRUE,1,1,0,1,1,1,527.2,FALSE,4622500,2587500,,ID_4210_202201212255.mod,,4210,TRUE,1005,TRUE,Mostnica
EFAS,11,04211,Litija,14.828800,46.056740,0,0.000000,0.000000,,,0,0,0,0,,,1,,,Danube,SI,4800,4849.67,Sava,,0,TRUE,1,1,0,1,1,1,230.55,FALSE,4692500,2562500,,ID_4211_202201212255.mod,,4211,TRUE,1005,TRUE,Sava
EFAS,11,04212,Čatež I,15.610000,45.893190,0,0.000000,0.000000,,,0,0,0,0,,,1,,,Danube,SI,9800,10232.42,Sava,,0,TRUE,1,1,0,1,1,1,137.37,FALSE,4757500,2547500,,ID_4212_202201212255.mod,,4212,TRUE,1005,TRUE,Sava
EFAS,11,04213,Ovsiše II,14.258210,46.288560,0,0.000000,0.000000,,,0,0,0,0,,,1,,,Danube,SI,975,40.25,Danube,,0,TRUE,1,1,0,1,1,1,375.17,FALSE,4647500,2587500,,ID_4213_202201281603.mod,DO NOT USE  This station cannot be located on LDD Set to FALSE,4213,TRUE,1005,TRUE,Lipnica
EFAS,11,04214,Preska,14.299580,46.357850,0,0.000000,0.000000,,,0,0,0,0,,,1,,,Danube,SI,125,121.5,Sava,,0,TRUE,1,1,0,1,1,1,488.76,FALSE,4652500,2592500,,ID_4214_202201212255.mod,,4214,TRUE,1005,TRUE,Trziska Bistrica
EFAS,11,04215,Kokra I,14.498880,46.305860,0,0.000000,0.000000,,,0,0,0,0,,,1,,,Danube,SI,125,113.1,Sava,,0,TRUE,1,1,0,1,1,1,523,FALSE,4667500,2587500,,ID_4215_202201212255.mod,,4215,TRUE,1005,TRUE,Kokra
EFAS,11,04216,Suha I,14.326020,46.162030,0,0.000000,0.000000,,,0,0,0,0,,,1,,,Danube,SI,600,568.86,Sava,,0,TRUE,1,1,0,1,1,1,329.47,FALSE,4657500,2567500,,ID_4216_202201212258.mod,,4216,TRUE,1005,TRUE,Sora
EFAS,11,04217,Žiri III,14.106780,46.043600,0,0.000000,0.000000,,,0,0,0,0,,,1,,,Danube,SI,100,63.28,Sava,,0,TRUE,1,1,0,1,1,1,474.77,FALSE,4637500,2557500,,ID_4217_202201212258.mod,,4217,TRUE,1005,TRUE,Poljanska Sora
EFAS,11,04218,Zminec,14.290130,46.153020,0,0.000000,0.000000,,,0,0,0,0,,,1,,,Danube,SI,275,306.52,Sava,,0,TRUE,1,1,0,1,1,1,343.33,FALSE,4652500,2567500,,ID_4218_202201212258.mod,,4218,TRUE,1005,TRUE,Poljanska Sora
EFAS,11,04219,Železniki,14.161830,46.221960,0,0.000000,0.000000,,,0,0,0,0,,,1,,,Danube,SI,175,104.1,Sava,,0,TRUE,1,1,0,1,1,1,447.37,FALSE,4642500,2577500,,ID_4219_202201212258.mod,,4219,TRUE,1005,TRUE,Selska Sora
EFAS,11,04220,Vešter,14.285190,46.172200,0,0.000000,0.000000,,,0,0,0,0,,,1,,,Danube,SI,225,358.26,Sava,,0,TRUE,1,1,0,1,1,1,358.26,FALSE,4647500,2572500,,ID_4220_202201212258.mod,,4220,TRUE,1005,TRUE,SelSka Sora
EFAS,11,04221,Kamnik I,14.613110,46.224100,0,0.000000,0.000000,,,0,0,0,0,,,1,,,Danube,SI,300,195.5,Sava,,0,TRUE,1,1,0,1,1,1,370.65,FALSE,4677500,2577500,,ID_4221_202201212258.mod,,4221,TRUE,1005,TRUE,Kamnik Bistrica
EFAS,11,04222,Bišče,14.615810,46.103850,0,0.000000,0.000000,,,0,0,0,0,,,1,,,Danube,SI,475,382.55,Sava,,0,TRUE,1,1,0,1,1,1,274.31,FALSE,4677500,2567500,,ID_4222_202201212302.mod,,4222,TRUE,1005,TRUE,Kamnik Bistrica
EFAS,11,04223,Nevlje I,14.624890,46.232880,0,0.000000,0.000000,,,0,0,0,0,,,1,,,Danube,SI,100,82.21,Sava,,0,TRUE,1,1,0,1,1,1,379.78,FALSE,4682500,2577500,,ID_4223_202201212302.mod,,4223,TRUE,1005,TRUE,Nevljica
EFAS,11,04224,Vir,14.616820,46.144010,0,0.000000,0.000000,,,0,0,0,0,,,1,,,Danube,SI,75,161.41,Sava,,0,TRUE,1,1,0,1,1,1,299.04,FALSE,4682500,2572500,,ID_4224_202201212302.mod,,4224,TRUE,1005,TRUE,Raca
EFAS,11,04225,Topole,14.562630,46.173730,0,0.000000,0.000000,,,0,0,0,0,,,1,,,Danube,SI,125,93.92,Sava,,0,TRUE,1,1,0,1,1,1,320.27,FALSE,4672500,2572500,,ID_4225_202201212302.mod,,4225,TRUE,1005,TRUE,Psata
EFAS,11,04226,Zagorje,14.996310,46.127580,0,0.000000,0.000000,,,0,0,0,0,,,1,,,Danube,SI,75,96.4,Sava,,0,TRUE,1,1,0,1,1,1,232.21,FALSE,4707500,2572500,,ID_4226_202201212302.mod,,4226,TRUE,1005,TRUE,Medija
EFAS,11,04227,Žebnik,15.134830,46.063000,0,0.000000,0.000000,,,0,0,0,0,,,1,,,Danube,SI,75,48.38,Sava,,0,TRUE,1,1,0,1,1,1,256.47,FALSE,4717500,2562500,,ID_4227_202201212302.mod,,4227,TRUE,1005,TRUE,Sopota
EFAS,11,04228,Martinja vas II,15.137390,45.959990,0,0.000000,0.000000,,,0,0,0,0,,,1,,,Danube,SI,300,186.02,Sava,,0,TRUE,1,1,0,1,1,1,228.45,FALSE,4717500,2552500,,ID_4228_202201212310.mod,,4228,TRUE,1005,TRUE,Mirna
EFAS,11,04229,Jelovec,15.230250,45.988620,0,0.000000,0.000000,,,0,0,0,0,,,1,,,Danube,SI,375,271.21,Sava,,0,TRUE,1,1,0,1,1,1,208.49,FALSE,4727500,2557500,,ID_4229_202201212310.mod,,4229,TRUE,1005,TRUE,Mirna
EFAS,11,04230,Metni Vrh,15.297740,46.025750,0,0.000000,0.000000,,,0,0,0,0,,,1,,,Danube,SI,50,42.03,Sava,,0,TRUE,1,1,0,1,1,1,199.86,FALSE,4732500,2562500,,ID_4230_202201212310.mod,,4230,TRUE,1005,TRUE,Sevnicna
EFAS,11,04231,Rogatec,15.699750,46.223080,0,0.000000,0.000000,,,0,0,0,0,,,1,,,Danube,SI,75,39.47,Sava,,0,TRUE,1,1,0,1,1,1,219.02,FALSE,4762500,2587500,,ID_4231_202201212310.mod,,4231,TRUE,1005,TRUE,Sutla
EFAS,11,04232,Rakovec,15.704280,45.920910,0,0.000000,0.000000,,,0,0,0,0,,,1,,,Danube,SI,625,561.3,Sava,,0,TRUE,1,1,0,1,1,1,140.12,FALSE,4762500,2552500,,ID_4232_202201212310.mod,,4232,TRUE,1005,TRUE,Sutla
EFAS,11,04233,Sodna vas II,15.601190,46.172860,0,0.000000,0.000000,,,0,0,0,0,,,1,,,Danube,SI,100,132.82,Sava,,0,TRUE,1,1,0,1,1,1,192.56,FALSE,4752500,2582500,,ID_4233_202201212310.mod,,4233,TRUE,1005,TRUE,Mestinjscica
EFAS,11,04234,Zagaj II,15.651460,46.048300,0,0.000000,0.000000,,,0,0,0,0,,,1,,,Danube,SI,175,94.03,Sava,,0,TRUE,1,1,0,1,1,1,190.36,FALSE,4757500,2562500,,ID_4234_202201212310.mod,,4234,TRUE,1005,TRUE,Bistrica
EFAS,11,04235,Petrina,14.851760,45.463890,0,0.000000,0.000000,,,0,0,0,0,,,1,,,Danube,SI,525,467.31,Sava,,0,TRUE,1,1,0,1,1,1,219.31,FALSE,4697500,2497500,,ID_4235_202201212313.mod,,4235,TRUE,1005,TRUE,Kupa
EFAS,11,04236,Sodevci,15.075580,45.484690,0,0.000000,0.000000,,,0,0,0,0,,,1,,,Danube,SI,1275,1136.46,Sava,,0,TRUE,1,1,0,1,1,1,180.84,FALSE,4712500,2497500,,ID_4236_202201212317.mod,,4236,TRUE,1005,TRUE,Kupa
EFAS,11,04237,Gradac I,15.245170,45.613500,0,0.000000,0.000000,,,0,0,0,0,,,1,,,Danube,SI,275,218.89,Sava,,0,TRUE,1,1,0,1,1,1,133.46,FALSE,4727500,2512500,,ID_4237_202201212317.mod,,4237,TRUE,1005,TRUE,Lahinja
EFAS,11,04238,Borovnica,14.369730,45.916300,0,0.000000,0.000000,,,0,0,0,0,,,1,,,Danube,SI,50,35.84,Sava,,0,TRUE,1,1,0,1,1,1,295.28,FALSE,4662500,2542500,,ID_4238_202201212317.mod,,4238,TRUE,1005,TRUE,Borovniscica
EFAS,11,04239,Iška vas,14.514590,45.936160,0,0.000000,0.000000,,,0,0,0,0,,,1,,,Danube,SI,100,69.69,Sava,,0,TRUE,1,1,0,1,1,1,323.18,FALSE,4672500,2547500,,ID_4239_202201212317.mod,,4239,TRUE,1005,TRUE,Iska
EFAS,11,04240,Ig,14.534590,45.957440,0,0.000000,0.000000,,,0,0,0,0,,,1,,,Danube,SI,75,18.92,Sava,,0,TRUE,1,1,0,1,1,1,287.59,FALSE,4677500,2547500,,ID_4240_202201212317.mod,,4240,TRUE,1005,TRUE,Iscica
EFAS,11,04241,Bokalce,14.446440,46.045210,0,0.000000,0.000000,,,0,0,0,0,,,1,,,Danube,SI,200,154.5,Sava,,0,TRUE,1,1,0,1,1,1,296.63,FALSE,4662500,2557500,,ID_4241_202201212317.mod,,4241,TRUE,1005,TRUE,Gradascica
EFAS,11,04242,Dvor,14.344940,46.062280,0,0.000000,0.000000,,,0,0,0,0,,,1,,,Danube,SI,125,78.88,Sava,,0,TRUE,1,1,0,1,1,1,341.12,FALSE,4657500,2557500,,ID_4242_202201212317.mod,,4242,TRUE,1005,TRUE,Gradascica
EFAS,11,04243,Razori,14.437730,46.048100,0,0.000000,0.000000,,,0,0,0,0,,,1,,,Danube,SI,175,46.95,Sava,,0,TRUE,1,1,0,1,1,1,298.37,FALSE,4662500,2562500,,ID_4243_202201212317.mod,,4243,TRUE,1005,TRUE,Sujica
EFAS,11,04244,Cerknica I,14.364740,45.793890,0,0.000000,0.000000,,,0,0,0,0,,,1,,,Danube,SI,100,49.5,Sava,,0,TRUE,1,1,0,1,1,1,559.44,FALSE,4662500,2532500,,ID_4244_202201212318.mod,,4244,TRUE,1005,TRUE,Cerkniscica
EFAS,11,04245,Logatec,14.204680,45.910970,0,0.000000,0.000000,,,0,0,0,0,,,1,,,Danube,SI,750,16.46,Danube,,0,TRUE,1,1,0,1,1,1,481.34,FALSE,4647500,2542500,,ID_4245_202201281603.mod,DO NOT USE This stations could not be located on LDD  Set to FALSE,4245,TRUE,1005,TRUE,Logascica
EFAS,11,04246,Solčava I,14.693160,46.419670,0,0.000000,0.000000,,,0,0,0,0,,,1,,,Danube,SI,75,63.41,Sava,,0,TRUE,1,1,0,1,1,1,635.84,FALSE,4682500,2602500,,ID_4246_202201212318.mod,,4246,TRUE,1005,TRUE,Savinja
EFAS,11,04247,Letuš I,15.004420,46.326240,0,0.000000,0.000000,,,0,0,0,0,,,1,,,Danube,SI,500,529.53,Sava,,0,TRUE,1,1,0,1,1,1,313.44,FALSE,4702500,2592500,,ID_4247_202201212322.mod,,4247,TRUE,1005,TRUE,Savinja
EFAS,11,04248,Celje II - brv,15.260020,46.228070,0,0.000000,0.000000,,,0,0,0,0,,,1,,,Danube,SI,1550,1191.84,Sava,,0,TRUE,1,1,0,1,1,1,230.31,FALSE,4727500,2582500,,ID_4248_202201281603.mod,DO NOT USE it cannot be located on the LDD,4248,TRUE,1005,TRUE,Savinja
EFAS,11,04249,Luče,14.745910,46.354280,0,0.000000,0.000000,,,0,0,0,0,,,1,,,Danube,SI,50,57.39,Sava,,0,TRUE,1,1,0,1,1,1,509.79,FALSE,4682500,2592500,,ID_4249_202201212322.mod,,4249,TRUE,1005,TRUE,Lucnica
EFAS,11,04250,Kraše,14.899330,46.284950,0,0.000000,0.000000,,,0,0,0,0,,,1,,,Danube,SI,100,100.82,Sava,,0,TRUE,1,1,0,1,1,1,365.55,FALSE,4697500,2587500,,ID_4250_202201212322.mod,,4250,TRUE,1005,TRUE,Dreta
EFAS,11,04251,Rečica,15.038340,46.321100,0,0.000000,0.000000,,,0,0,0,0,,,1,,,Danube,SI,175,206.07,Sava,,0,TRUE,1,1,0,1,1,1,305.01,FALSE,4707500,2597500,,ID_4251_202201212322.mod,,4251,TRUE,1005,TRUE,Paka
EFAS,11,04252,Dolenja vas II,15.092880,46.239220,0,0.000000,0.000000,,,0,0,0,0,,,1,,,Danube,SI,225,170.47,Sava,,0,TRUE,1,1,0,1,1,1,267.87,FALSE,4712500,2582500,,ID_4252_202201212322.mod,,4252,TRUE,1005,TRUE,Bolska
EFAS,11,04253,Levec I,15.220140,46.243880,0,0.000000,0.000000,,,0,0,0,0,,,1,,,Danube,SI,100,102.89,Sava,,0,TRUE,1,1,0,1,1,1,240.95,FALSE,4722500,2587500,,ID_4253_202201212322.mod,,4253,TRUE,1005,TRUE,Loznica
EFAS,11,04254,Celje II,15.283220,46.232030,0,0.000000,0.000000,,,0,0,0,0,,,1,,,Danube,SI,200,202.89,Sava,,0,TRUE,1,1,0,1,1,1,234.23,FALSE,4732500,2582500,,ID_4254_202201212322.mod,,4254,TRUE,1005,TRUE,Voglajna
EFAS,11,04255,Škofja vas,15.286700,46.264690,0,0.000000,0.000000,,,0,0,0,0,,,1,,,Danube,SI,200,155.92,Sava,,0,TRUE,1,1,0,1,1,1,242.23,FALSE,4727500,2587500,,ID_4255_202201212322.mod,,4255,TRUE,1005,TRUE,Hudinja
EFAS,11,04256,Podbukovje I,14.784980,45.876750,0,0.000000,0.000000,,,0,0,0,0,,,1,,,Danube,SI,150,346.92,Sava,,0,TRUE,1,1,0,1,1,1,258.49,FALSE,4692500,2542500,,ID_4256_202201212322.mod,,4256,TRUE,1005,TRUE,Krka
EFAS,11,04257,Soteska,15.019200,45.779410,0,0.000000,0.000000,,,0,0,0,0,,,1,,,Danube,SI,1075,950.12,Sava,,0,TRUE,1,1,0,1,1,1,167.59,FALSE,4712500,2532500,,ID_4257_202201212322.mod,,4257,TRUE,1005,TRUE,Krka
EFAS,11,04258,Gorenja Gomila,15.285550,45.867510,0,0.000000,0.000000,,,0,0,0,0,,,1,,,Danube,SI,1425,1873.63,Sava,,0,TRUE,1,1,0,1,1,1,148.67,FALSE,4732500,2542500,,ID_4258_202201212326.mod,,4258,TRUE,1005,TRUE,Krka
EFAS,11,04259,Meniška vas I,15.035480,45.759610,0,0.000000,0.000000,,,0,0,0,0,,,1,,,Danube,SI,100,289.81,Sava,,0,TRUE,1,1,0,1,1,1,167.88,FALSE,4712500,2527500,,ID_4259_202201212326.mod,,4259,TRUE,1005,TRUE,Radesca
EFAS,11,04260,Kršovec I,13.598650,46.336970,0,0.000000,0.000000,,,0,0,0,0,,,1,,,Soca-Isonzo,SI,175,158.07,Isonzo,,0,TRUE,1,1,0,1,1,1,401.57,FALSE,4602500,2587500,,ID_4260_202201212326.mod,,4260,TRUE,1005,TRUE,Soca
EFAS,11,04261,Log Čezsoški,13.494620,46.314830,0,0.000000,0.000000,,,0,0,0,0,,,1,,,Soca-Isonzo,SI,325,324.76,Isonzo,,0,TRUE,1,1,0,1,1,1,340.3,FALSE,4592500,2587500,,ID_4261_202201212326.mod,,4261,TRUE,1005,TRUE,Soca
EFAS,11,04262,Kobarid I,13.586400,46.247360,0,0.000000,0.000000,,,0,0,0,0,,,1,,,Soca-Isonzo,SI,450,437.06,Isonzo,,0,TRUE,1,1,0,1,1,1,194.68,FALSE,4597500,2577500,,ID_4262_202201212326.mod,,4262,TRUE,1005,TRUE,Soca
EFAS,11,04263,Kal-Koritnica I,13.575670,46.341500,0,0.000000,0.000000,,,0,0,0,0,,,1,,,Soca-Isonzo,SI,50,86.03,Isonzo,,0,TRUE,1,1,0,0,1,1,,FALSE,4597500,2592500,,,,4263,FALSE,1005,TRUE,Koritnica
EFAS,11,04264,Žaga,13.477750,46.309790,0,0.000000,0.000000,,,0,0,0,0,,,1,,,Soca-Isonzo,SI,25,50.19,Isonzo,,0,TRUE,1,1,0,1,1,1,341.56,FALSE,4582500,2582500,,ID_4264_202201212326.mod,,4264,TRUE,1005,TRUE,Ucja
EFAS,11,04265,Tolmin I,13.740550,46.184030,0,0.000000,0.000000,,,0,0,0,0,,,1,,,Soca-Isonzo,SI,75,74.46,Isonzo,,0,TRUE,1,1,0,1,1,1,161.43,FALSE,4612500,2572500,,ID_4265_202201212326.mod,,4265,TRUE,1005,TRUE,Tolminka
EFAS,11,04266,Podroteja I,14.030710,45.986760,0,0.000000,0.000000,,,0,0,0,0,,,1,,,Soca-Isonzo,SI,100,111.25,Isonzo,,0,TRUE,1,1,0,1,1,1,327.05,FALSE,4632500,2552500,,ID_4266_202201212326.mod,,4266,TRUE,1005,TRUE,Idrijca
EFAS,11,04267,Hotešk,13.793710,46.128350,0,0.000000,0.000000,,,0,0,0,0,,,1,,,Soca-Isonzo,SI,425,443.51,Isonzo,,0,TRUE,1,1,0,1,1,1,160.86,FALSE,4617500,2562500,,ID_4267_202201212326.mod,,4267,TRUE,1005,TRUE,Idrijca
EFAS,11,04268,Cerkno,13.978840,46.121370,0,0.000000,0.000000,,,0,0,0,0,,,1,,,Soca-Isonzo,SI,50,40.18,Isonzo,,0,TRUE,1,1,0,1,1,1,295.96,FALSE,4627500,2567500,,ID_4268_202201212326.mod,,4268,TRUE,1005,TRUE,Cerknica
EFAS,11,04269,Dolenja Trebuša I,13.832080,46.093900,0,0.000000,0.000000,,,0,0,0,0,,,1,,,Soca-Isonzo,SI,75,55.26,Isonzo,,0,TRUE,1,1,0,1,1,1,187.04,FALSE,4617500,2557500,,ID_4269_202201212330.mod,,4269,TRUE,1005,TRUE,Trebusa
EFAS,11,04270,Bača pri Modreju,13.775550,46.155610,0,0.000000,0.000000,,,0,0,0,0,,,1,,,Soca-Isonzo,SI,150,143.06,Isonzo,,0,TRUE,1,1,0,1,1,1,164.04,FALSE,4617500,2567500,,ID_4270_202201212330.mod,,4270,TRUE,1005,TRUE,Baca
EFAS,11,04271,Dolenje,13.901340,45.866330,0,0.000000,0.000000,,,0,0,0,0,,,1,,,Soca-Isonzo,SI,250,316.73,Isonzo,,0,TRUE,1,1,0,1,1,1,81.36,FALSE,4622500,2537500,,ID_4271_202201212330.mod,,4271,TRUE,1005,TRUE,Vipava
EFAS,11,04272,Zalošče,13.743460,45.888190,0,0.000000,0.000000,,,0,0,0,0,,,1,,,Soca-Isonzo,SI,525,467.16,Isonzo,,0,TRUE,1,1,0,1,1,1,53.9,FALSE,4612500,2537500,,ID_4272_202201212330.mod,,4272,TRUE,1005,TRUE,Vipava
EFAS,11,04273,Miren I,13.607950,45.894090,0,0.000000,0.000000,,,0,0,0,0,,,1,,,Soca-Isonzo,SI,675,588.29,Isonzo,,0,TRUE,1,1,0,1,1,1,35.93,FALSE,4602500,2537500,,ID_4273_202201212330.mod,,4273,TRUE,1005,TRUE,Vipava
EFAS,11,04274,Podnanos,13.973680,45.799060,0,0.000000,0.000000,,,0,0,0,0,,,1,,,Soca-Isonzo,SI,50,25.67,Isonzo,,0,TRUE,1,1,0,1,1,1,161.26,FALSE,4632500,2527500,,ID_4274_202201212330.mod,,4274,TRUE,1005,TRUE,Mocilnik
EFAS,11,04275,Ajdovščina I,13.905080,45.893750,0,0.000000,0.000000,,,0,0,0,0,,,1,,,Soca-Isonzo,SI,50,93.14,Isonzo,,0,TRUE,1,1,0,1,1,1,107.14,FALSE,4622500,2542500,,ID_4275_202201212330.mod,,4275,TRUE,1005,TRUE,Hubelj
EFAS,11,04276,Branik,13.804170,45.851240,0,0.000000,0.000000,,,0,0,0,0,,,1,,,Soca-Isonzo,SI,200,68.1,Isonzo,,0,TRUE,1,1,0,1,1,1,81.06,FALSE,4617500,2532500,,ID_4276_202201212330.mod,,4276,TRUE,1005,TRUE,Branica
EFAS,11,04277,Volčja Draga,13.683280,45.899690,0,0.000000,0.000000,,,0,0,0,0,,,1,,,Soca-Isonzo,SI,100,53.55,Isonzo,,0,TRUE,1,1,0,1,1,1,44.94,FALSE,4607500,2542500,,ID_4277_202201212330.mod,,4277,TRUE,1005,TRUE,Lijak
EFAS,11,04278,Neblo,13.489950,45.999720,0,0.000000,0.000000,,,0,0,0,0,,,1,,,Soca-Isonzo,SI,25,29.94,Isonzo,,0,TRUE,1,1,0,1,1,1,72.04,FALSE,4592500,2547500,,ID_4278_202201212330.mod,,4278,TRUE,1005,TRUE,Reka
EFAS,11,04279,Potoki,13.501250,46.248550,0,0.000000,0.000000,,,0,0,0,0,,,1,,,Soca-Isonzo,SI,100,95.03,Isonzo,,0,TRUE,1,1,0,1,1,1,245.98,FALSE,4592500,2577500,,ID_4279_202201212335.mod,,4279,TRUE,1005,TRUE,Nadiza
EFAS,11,04280,Trpčane,14.323010,45.525070,0,0.000000,0.000000,,,0,0,0,0,,,1,,,Reka,SI,225,28.83,Reka,,0,TRUE,1,1,0,1,1,1,422.45,FALSE,4657500,2502500,,ID_4280_202201212335.mod,,4280,TRUE,1005,TRUE,Reka
EFAS,11,04281,Trnovo,14.226470,45.573150,0,0.000000,0.000000,,,0,0,0,0,,,1,,,Reka,SI,375,138.88,Reka,,0,TRUE,1,1,0,1,1,1,393.03,FALSE,4652500,2502500,,ID_4281_202201212335.mod,,4281,TRUE,1005,TRUE,Reka
EFAS,11,04282,Cerkvenikov mlin,14.060870,45.654890,0,0.000000,0.000000,,,0,0,0,0,,,1,,,Reka,SI,1025,332.12,Reka,,0,TRUE,1,1,0,1,1,1,342.7,FALSE,4637500,2512500,,ID_4282_202201212335.mod,,4282,TRUE,1005,TRUE,Reka
EFAS,11,04283,Ilirska Bistrica,14.241780,45.564390,0,0.000000,0.000000,,,0,0,0,0,,,1,,,Reka,SI,100,23.92,Reka,,0,TRUE,1,1,0,1,1,1,396.7,FALSE,4647500,2502500,,ID_4283_202201212335.mod,,4283,TRUE,1005,TRUE,Bistrica
EFAS,11,04284,Kubed II,13.876160,45.532640,0,0.000000,0.000000,,,0,0,0,0,,,1,,,Rizana,SI,75,204.66,Rizana,,0,TRUE,1,1,0,1,1,1,61.13,FALSE,4617500,2502500,,ID_4284_202201212335.mod,,4284,TRUE,1005,TRUE,Rizana
EFAS,11,04285,Šalara,13.746400,45.525030,0,0.000000,0.000000,,,0,0,0,0,,,1,,,Badasevica,SI,25,21.3,Bada�evica,,0,TRUE,1,1,0,1,1,1,2.25,FALSE,4612500,2497500,,ID_4285_202201212335.mod,,4285,TRUE,1005,TRUE,Badasevica
EFAS,11,04286,Pišine I,13.638860,45.465980,0,0.000000,0.000000,,,0,0,0,0,,,1,,,Drnica,SI,50,29.78,Dragonja,,0,TRUE,1,1,0,1,1,1,3.43,FALSE,4607500,2492500,,ID_4286_202201212335.mod,,4286,TRUE,1005,TRUE,Drnica
EFAS,11,04287,Podkaštel,13.654450,45.452670,0,0.000000,0.000000,,,0,0,0,0,,,1,,,Dragonja,SI,75,93.16,Dragonja,,0,TRUE,1,1,0,1,1,1,9.78,FALSE,4612500,2492500,,ID_4287_202201212335.mod,,4287,TRUE,1005,TRUE,Dragonja
EFAS,11,04288,Manuel,-0.495876,39.041206,0,0.000000,0.000000,,,0,0,0,0,,,1,,,Jucar,ES,2025,835,Jucar,,0,TRUE,1,1,0,1,1,1,48.97,FALSE,3412500,1832500,,ID_4288_202201212339.mod,,4288,TRUE,1057,TRUE,Albaida
EFAS,11,04289,Moixent,-0.762360,38.870620,0,0.000000,0.000000,,,0,0,0,0,,,1,,,Jucar,ES,1075,325,Jucar,,0,TRUE,1,1,0,1,1,1,360.55,FALSE,3382500,1817500,,ID_4289_202201212339.mod,,4289,TRUE,1057,TRUE,Canyoles
EFAS,11,04290,Montaverner,-0.495248,38.891669,0,0.000000,0.000000,,,0,0,0,0,,,1,,,Jucar,ES,325,320,Jucar,,0,TRUE,1,1,0,1,1,1,174.88,FALSE,3407500,1817500,,ID_4290_202201212339.mod,,4290,TRUE,1057,TRUE,Albaida
EFAS,11,04291,Cofrentes,-1.094640,39.262180,0,0.000000,0.000000,,,0,0,0,0,,,1,,,Jucar,ES,4725,1320,Jucar,,0,TRUE,1,1,0,1,1,1,527.87,FALSE,3362500,1867500,,ID_4291_202201212342.mod,,4291,TRUE,1057,TRUE,Cabriel
EFAS,11,04292,Contreras,-1.502407,39.542947,0,0.000000,0.000000,,,0,0,0,0,,,1,,,Jucar,ES,3400,3325,Jucar,,0,TRUE,1,1,0,1,1,1,635.9,FALSE,3332500,1902500,,ID_4292_202201212342.mod,,4292,TRUE,1057,TRUE,Cabriel
EFAS,11,04293,E.A 139 Villora,-1.635131,39.738827,0,0.000000,0.000000,,,0,0,0,0,,,1,,,Jucar,ES,1300,1230,Jucar,,0,TRUE,1,1,0,1,1,1,831.04,FALSE,3322500,1927500,,ID_4293_202201212342.mod,,4293,TRUE,1057,TRUE,Cabriel
EFAS,11,04294,E.A 140 Huercemes,-1.704162,39.720321,0,0.000000,0.000000,,,0,0,0,0,,,1,,,Jucar,ES,825,840,Jucar,,0,TRUE,1,1,0,1,1,1,915.72,FALSE,3317500,1927500,,ID_4294_202201212342.mod,,4294,TRUE,1057,TRUE,Guadazaon
EFAS,11,04295,E.A 141 Villora,-1.571550,39.750820,0,0.000000,0.000000,,,0,0,0,0,,,1,,,Jucar,ES,125,70,Jucar,,0,TRUE,1,1,0,1,1,1,838.39,FALSE,3327500,1927500,,ID_4295_202201212342.mod,,4295,TRUE,1057,TRUE,San Martin
EFAS,11,04296,E.A 87 Marimota,-2.345035,39.818297,0,0.000000,0.000000,,,0,0,0,0,,,1,,,Jucar,ES,175,180,Jucar,,0,TRUE,1,1,0,1,1,1,833.08,FALSE,3262500,1942500,,ID_4296_202201212345.mod,,4296,TRUE,1057,TRUE,Belvis/Marimota
EFAS,11,04297,E.A 92 Camporrobles,-1.562130,39.670808,0,0.000000,0.000000,,,0,0,0,0,,,1,,,Jucar,ES,475,685,Jucar,,0,TRUE,1,1,0,1,1,1,691.28,FALSE,3332500,1922500,,ID_4297_202201212346.mod,,4297,TRUE,1057,TRUE,Mira
EFAS,11,04298,Pajaroncillo,-1.710945,39.940143,0,0.000000,0.000000,,,0,0,0,0,,,1,,,Jucar,ES,900,850,Jucar,,0,TRUE,1,1,0,1,1,1,944.73,FALSE,3322500,1952500,,ID_4298_202201212352.mod,,4298,TRUE,1057,TRUE,Cabriel
EFAS,11,04299,Carraixet,-0.472336,39.606823,0,0.000000,0.000000,,,0,0,0,0,,,1,,,Carraixet,ES,150,200,Carraixet,,0,TRUE,1,1,0,1,1,1,107.5,FALSE,3417500,1897500,,ID_4299_202201212352.mod,,4299,TRUE,1057,TRUE,Carraixet
EFAS,11,04300,E.A. 138 Balazote,-2.119018,38.902142,0,0.000000,0.000000,,,0,0,0,0,,,1,,,Jucar,ES,725,700,Jucar,,0,TRUE,1,1,0,1,1,1,742.26,FALSE,3267500,1842500,,ID_4300_202201212352.mod,,4300,TRUE,1057,TRUE,Don Juan/Bazalote
EFAS,11,04301,Montemayor,-2.224256,38.725161,0,0.000000,0.000000,,,0,0,0,0,,,1,,,Jucar,ES,100,75,Jucar,,0,TRUE,1,1,0,1,1,1,1038.41,FALSE,3257500,1822500,,ID_4301_202201212352.mod,,4301,TRUE,1057,TRUE,Miron
EFAS,11,04302,Gallinera,-0.188362,38.840193,0,0.000000,0.000000,,,0,0,0,0,,,1,,,Gallinera,ES,50,37,Gallinera,,0,TRUE,1,1,0,1,1,1,316.26,FALSE,3432500,1807500,,ID_4302_202201212359.mod,,4302,TRUE,1057,TRUE,Gallinera
EFAS,11,04303,Isbert,-0.094700,38.785430,0,0.000000,0.000000,,,0,0,0,0,,,1,,,Girona,ES,75,75,Girona,,0,TRUE,1,1,0,1,1,1,275.2,FALSE,3442500,1802500,,ID_4303_202201212359.mod,,4303,TRUE,1057,TRUE,Girona
EFAS,11,04304,Algar,-0.098902,38.655720,0,0.000000,0.000000,,,0,0,0,0,,,1,,,Algar,ES,75,55,Algar,,0,TRUE,1,1,0,1,1,1,137.67,FALSE,3442500,1787500,,ID_4304_202201212359.mod,,4304,TRUE,1057,TRUE,Algar
EFAS,11,04305,Azud de Mandem,-0.074473,38.625372,0,0.000000,0.000000,,,0,0,0,0,,,1,,,Algar,ES,225,135,Algar,,0,TRUE,1,1,0,1,1,1,55.47,FALSE,3442500,1782500,,ID_4305_202201212359.mod,,4305,TRUE,1057,TRUE,Guadalest
EFAS,11,04306,Alarcon,-2.112310,39.564520,0,0.000000,0.000000,,,0,0,0,0,,,1,,,Jucar,ES,2975,0.5,Jucar,,0,TRUE,1,1,0,1,1,1,798.52,FALSE,3277500,1912500,,ID_4306_202201212359.mod,,4306,TRUE,1057,TRUE,Jucar
EFAS,11,04307,Alcala Jucar,-1.425166,39.196532,0,0.000000,0.000000,,,0,0,0,0,,,1,,,Jucar,ES,10650,7400,Jucar,,0,TRUE,1,0,0,1,0,0,532.65,FALSE,3332500,1862500,,,,4307,FALSE,1057,TRUE,Jucar
EFAS,11,04308,Antella,-0.595603,39.080221,0,0.000000,0.000000,,,0,0,0,0,,,1,,,Jucar,ES,17350,30,Jucar,,0,TRUE,1,1,0,1,1,1,38.03,FALSE,3397500,1842500,,ID_4308_202201220017.mod,,4308,TRUE,1057,TRUE,Jucar
EFAS,11,04309,Cuenca,-2.142910,40.073070,0,0.000000,0.000000,,,0,0,0,0,,,1,,,Jucar,ES,1000,630,Jucar,,0,TRUE,1,1,0,1,1,1,930.02,FALSE,3287500,1972500,,ID_4309_202201220026.mod,,4309,TRUE,1057,TRUE,Jucar
EFAS,11,04310,Cullera,-0.307523,39.189921,0,0.000000,0.000000,,,0,0,0,0,,,1,,,Jucar,ES,21725,2270,Jucar,,0,TRUE,1,1,0,1,1,1,7.59,FALSE,3427500,1847500,,ID_4310_202201220031.mod,,4310,TRUE,1057,TRUE,Jucar
EFAS,11,04311,El Picazo,-2.103011,39.459938,0,0.000000,0.000000,,,0,0,0,0,,,1,,,Jucar,ES,3300,340,Jucar,,0,TRUE,1,1,0,1,1,1,740.47,FALSE,3277500,1902500,,ID_4311_202201220031.mod,,4311,TRUE,1057,TRUE,Tagus-Segura Water Transfer
EFAS,11,04312,Escalona,-0.633718,39.108688,0,0.000000,0.000000,,,0,0,0,0,,,1,,,Jucar,ES,17325,25,Jucar,,0,TRUE,1,1,0,1,1,1,52.24,FALSE,3397500,1847500,,ID_4312_202201220034.mod,,4312,TRUE,1057,TRUE,Jucar
EFAS,11,04313,Estubeny,-0.622250,39.019259,0,0.000000,0.000000,,,0,0,0,0,,,1,,,Jucar,ES,250,260,Jucar,,0,TRUE,1,1,0,1,1,1,100.37,FALSE,3397500,1832500,,ID_4313_202201220034.mod,,4313,TRUE,1057,TRUE,Sellent
EFAS,11,04314,Huerto Mulet,-0.409494,39.188190,0,0.000000,0.000000,,,0,0,0,0,,,1,,,Jucar,ES,21650,2230,Jucar,,0,TRUE,1,1,0,1,0,0,15.5,FALSE,3417500,1852500,,ID_4314_202201220039.mod,,4314,TRUE,1057,TRUE,Jucar
EFAS,11,04316,Los Frailes,-1.749511,39.137509,0,0.000000,0.000000,,,0,0,0,0,,,1,,,Jucar,ES,3800,850,Jucar,,0,TRUE,1,1,0,1,1,1,625.38,FALSE,3302500,1862500,,ID_4316_202201220039.mod,,4316,TRUE,1057,TRUE,Jucar
EFAS,11,04317,Molino Juan Romero,-1.848170,40.222000,0,0.000000,0.000000,,,0,0,0,0,,,1,,,Jucar,ES,275,275,Jucar,,0,TRUE,1,1,0,1,1,1,1191.77,FALSE,3312500,1982500,,ID_4317_202201220049.mod,,4317,TRUE,1057,TRUE,Jucar
EFAS,11,04318,S.Lorenzo Parrilla,-2.288290,39.852230,0,0.000000,0.000000,,,0,0,0,0,,,1,,,Jucar,ES,1875,1520,Jucar,,0,TRUE,1,1,0,1,1,1,878.11,FALSE,3267500,1947500,,ID_4318_202201220053.mod,,4318,TRUE,1057,TRUE,Jucar
EFAS,11,04319,Sueca,-0.338276,39.200708,0,0.000000,0.000000,,,0,0,0,0,,,1,,,Jucar,ES,21700,2265,Jucar,,0,TRUE,1,1,0,1,1,1,10.89,FALSE,3427500,1852500,,ID_4319_202201220059.mod,,4319,TRUE,1057,TRUE,Jucar
EFAS,11,04320,Tiriez,-2.253690,38.896050,0,0.000000,0.000000,,,0,0,0,0,,,1,,,Jucar,ES,200,175,Jucar,,0,TRUE,1,1,0,1,1,1,839.24,FALSE,3257500,1842500,,ID_4320_202201220059.mod,,4320,TRUE,1057,TRUE,Lezuza
EFAS,11,04321,E.A. 93 Macastre,-0.825088,39.344044,0,0.000000,0.000000,,,0,0,0,0,,,1,,,Jucar,ES,1025,25,Jucar,,0,TRUE,1,1,0,1,1,1,325.1,FALSE,3387500,1872500,,ID_4321_202201220103.mod,,4321,TRUE,1057,TRUE,Magro
EFAS,11,04322,Guadassuar,-0.471044,39.200988,0,0.000000,0.000000,,,0,0,0,0,,,1,,,Jucar,ES,1475,550,Jucar,,0,TRUE,1,1,0,1,1,1,31.01,FALSE,3412500,1852500,,ID_4322_202201220109.mod,,4322,TRUE,1057,TRUE,Magro
EFAS,11,04323,Requena,-1.116468,39.477992,0,0.000000,0.000000,,,0,0,0,0,,,1,,,Jucar,ES,650,710,Jucar,,0,TRUE,1,1,0,1,1,1,653.97,FALSE,3362500,1892500,,ID_4323_202201220201.mod,,4323,TRUE,1057,TRUE,Magro
EFAS,11,04324,Arenos,-0.605378,40.115383,0,0.000000,0.000000,,,0,0,0,0,,,1,,,Mijares,ES,1450,325,Mijares,,0,TRUE,1,1,0,1,1,1,608.64,FALSE,3417500,1952500,,ID_4324_202201220207.mod,,4324,TRUE,1057,TRUE,Mijares
EFAS,11,04325,Colmenar,-0.231630,39.998930,0,0.000000,0.000000,,,0,0,0,0,,,1,,,Mijares,ES,2575,5,Mijares,,0,TRUE,1,1,0,1,1,1,132.34,FALSE,3447500,1937500,,ID_4325_202201220222.mod,,4325,TRUE,1057,TRUE,Mijares
EFAS,11,04326,L'alcora,-0.217350,40.098230,0,0.000000,0.000000,,,0,0,0,0,,,1,,,Mijares,ES,150,115,Mijares,,0,TRUE,1,1,0,1,0,1,300,FALSE,3447500,1947500,,ID_4326_202201220222.mod,,4326,TRUE,1057,TRUE,Alcora
EFAS,11,04327,Los Toranes,-0.740190,40.145307,0,0.000000,0.000000,,,0,0,0,0,,,1,,,Mijares,ES,1050,850,Mijares,,0,TRUE,1,1,0,1,1,0,901.22,FALSE,3402500,1957500,,ID_4327_202201220222.mod,,4327,TRUE,1057,TRUE,Mijares
EFAS,11,04328,Maria Cristina,-0.161908,40.028242,0,0.000000,0.000000,,,0,0,0,0,,,1,,,Mijares,ES,1450,825,Mijares,,0,TRUE,1,1,0,1,0,0,125.94,FALSE,3452500,1937500,,ID_4328_202201220228.mod,,4328,TRUE,1057,TRUE,Rambla De La Viuda
EFAS,11,04329,Santa Quiteria (E.A. 5),-0.104554,39.956514,0,0.000000,0.000000,,,0,0,0,0,,,1,,,Mijares,ES,4075,30,Mijares,,0,TRUE,1,0,0,1,1,1,55.4,FALSE,3457500,1932500,,,DO NOT USE  same lisflood location as 4330  Set to FALSE,4329,FALSE,1057,TRUE,Mijares
EFAS,11,04330,Santa Quiteria,-0.096024,39.953400,0,0.000000,0.000000,,,0,0,0,0,,,1,,,Mijares,ES,,31,Mijares,,1,FALSE,1,0,0,1,1,1,51.73,FALSE,,,,,DO NOT USE it cannot be located on the LDD,4330,FALSE,1057,FALSE,Mijares
EFAS,11,04331,Tibi,-0.556960,38.499320,0,0.000000,0.000000,,,0,0,0,0,,,1,,,Monegre,ES,275,55,Monegre,,0,TRUE,1,1,0,1,1,1,590.65,FALSE,3397500,1777500,,ID_4331_202201220233.mod,,4331,TRUE,1057,TRUE,Monegre
EFAS,11,04333,Regajo (JERICA),-0.545027,39.894274,0,0.000000,0.000000,,,0,0,0,0,,,1,,,Palancia,ES,475,325,Palancia,,0,TRUE,1,0,0,1,1,1,435.35,FALSE,3417500,1927500,,,,4333,FALSE,1057,TRUE,Palancia
EFAS,11,04334,Regajo,-0.514625,39.883417,0,0.000000,0.000000,,,0,0,0,0,,,1,,,Palancia,ES,525,3,Palancia,,0,TRUE,1,0,0,1,1,1,388.25,FALSE,3422500,1927500,,,,4334,FALSE,1057,TRUE,Palancia
EFAS,11,04335,Rambla Poyo,-0.584259,39.473242,0,0.000000,0.000000,,,0,0,0,0,,,1,,,Poyo/Chiva/Barranc de Torrent,ES,300,165,Poyo,,0,TRUE,1,1,0,1,1,1,111.08,FALSE,3407500,1882500,,ID_4335_202201220334.mod,,4335,TRUE,1057,TRUE,Poyo/Chiva/Barranc de Torrent
EFAS,11,04336,Font En Carros,-0.206737,38.903290,0,0.000000,0.000000,,,0,0,0,0,,,1,,,Serpis,ES,525,115,Serpis,,0,TRUE,1,1,0,1,1,1,69.91,FALSE,3432500,1817500,,ID_4336_202201220334.mod,,4336,TRUE,1057,TRUE,Serpis
EFAS,11,04337,Vernissa,-0.246416,38.935958,0,0.000000,0.000000,,,0,0,0,0,,,1,,,Serpis,ES,150,110,Serpis,,0,TRUE,1,1,0,1,1,1,79.83,FALSE,3432500,1822500,,ID_4337_202201220334.mod,,4337,TRUE,1057,TRUE,Vernissa
EFAS,11,04338,Benaguasil,-0.673774,39.608443,0,0.000000,0.000000,,,0,0,0,0,,,1,,,Turia,ES,5425,275,Turia,,0,TRUE,1,1,0,1,1,1,126.73,FALSE,3397500,1897500,,ID_4338_202201220351.mod,,4338,TRUE,1057,TRUE,Turia
EFAS,11,04339,Bugarra,-0.782532,39.605959,0,0.000000,0.000000,,,0,0,0,0,,,1,,,Turia,ES,5325,170,Turia,,0,TRUE,1,1,0,1,1,1,162.47,FALSE,3392500,1902500,,ID_4339_202201220507.mod,,4339,TRUE,1057,TRUE,Turia
EFAS,11,04340,Buseo,-0.939600,39.596110,0,0.000000,0.000000,,,0,0,0,0,,,1,,,Turia,ES,250,220,Turia,,0,TRUE,1,1,0,1,0,0,425,FALSE,3377500,1902500,,ID_4340_202201220517.mod,,4340,TRUE,1057,TRUE,Sot
EFAS,11,04341,Calles,-0.955034,39.718813,0,0.000000,0.000000,,,0,0,0,0,,,1,,,Turia,ES,425,430,Turia,,0,TRUE,1,1,0,1,1,1,348.11,FALSE,3377500,1917500,,ID_4341_202201220521.mod,,4341,TRUE,1057,TRUE,Tuejar
EFAS,11,04342,E.A 104 Los Santos,-1.288623,40.108028,0,0.000000,0.000000,,,0,0,0,0,,,1,,,Turia,ES,250,250,Turia,,0,TRUE,1,1,0,1,1,1,800.44,FALSE,3357500,1962500,,ID_4342_202201220521.mod,,4342,TRUE,1057,TRUE,Ebron
EFAS,11,04343,Gea de Albarracin,-1.290650,40.394050,0,0.000000,0.000000,,,0,0,0,0,,,1,,,Turia,ES,800,715,Turia,,0,TRUE,1,1,0,1,1,1,1068.78,FALSE,3362500,1992500,,ID_4343_202201220529.mod,,4343,TRUE,1057,TRUE,Guadalaviar/Turia
EFAS,11,04344,La Presa,-0.505600,39.521130,0,0.000000,0.000000,,,0,0,0,0,,,1,,,Turia,ES,6275,1020,Turia,,0,TRUE,1,1,0,1,1,1,58.92,FALSE,3417500,1887500,,ID_4344_202201220532.mod,,4344,TRUE,1057,TRUE,Turia
EFAS,11,04345,Ram. Castellana,-0.662261,39.628080,0,0.000000,0.000000,,,0,0,0,0,,,1,,,Turia,ES,425,400,Turia,,0,TRUE,1,1,0,1,1,1,161.27,FALSE,3402500,1902500,,ID_4345_202201220532.mod,,4345,TRUE,1057,TRUE,Castellana
EFAS,11,04346,Repartiment,-0.438733,39.484039,0,0.000000,0.000000,,,0,0,0,0,,,1,,,Turia,ES,6350,1075,Turia,,0,TRUE,1,1,0,1,1,1,31.14,FALSE,3422500,1877500,,ID_4346_202201220532.mod,,4346,TRUE,1057,TRUE,Turia
EFAS,11,04347,Teruel,-1.111433,40.342991,0,0.000000,0.000000,,,0,0,0,0,,,1,,,Turia,ES,2300,1450,Turia,,0,TRUE,1,1,0,1,1,1,878.08,FALSE,3377500,1987500,,ID_4347_202201220541.mod,,4347,TRUE,1057,TRUE,Turia
EFAS,11,04349,Tramacastilla,-1.576140,40.416990,0,0.000000,0.000000,,,0,0,0,0,,,1,,,Turia,ES,125,90,Turia,,0,TRUE,1,1,0,1,1,1,1435.67,FALSE,3337500,1997500,,ID_4349_202201220546.mod,,4349,TRUE,1057,TRUE,Guadalaviar/Turia
EFAS,11,04350,Vilamarxant,-0.620173,39.581499,0,0.000000,0.000000,,,0,0,0,0,,,1,,,Turia,ES,6100,850,Turia,,0,TRUE,1,1,0,1,0,1,102.48,FALSE,3407500,1897500,,ID_4350_202201220551.mod,,4350,TRUE,1057,TRUE,Turia
EFAS,11,04351,Villalba Alta,-0.976026,40.614354,0,0.000000,0.000000,,,0,0,0,0,,,1,,,Turia,ES,525,475,Turia,,0,TRUE,1,1,0,1,1,1,1141.12,FALSE,3392500,2012500,,ID_4351_202201220557.mod,,4351,TRUE,1057,TRUE,Alfambra
EFAS,11,04352,Zagra,-1.146098,39.840156,0,0.000000,0.000000,,,0,0,0,0,,,1,,,Turia,ES,3975,3200,Turia,,0,TRUE,1,1,0,1,1,1,803.54,FALSE,3367500,1932500,,ID_4352_202201220601.mod,,4352,TRUE,1057,TRUE,Turia
EFAS,11,04353,Elda,-0.797610,38.481760,0,0.000000,0.000000,,,0,0,0,0,,,1,,,Vinalopo,ES,1225,1050,Vinalopo,,0,TRUE,1,1,0,1,1,1,384.62,FALSE,3377500,1777500,,,,4353,FALSE,1057,TRUE,Vinalopo
EFAS,11,04354,Bigonville,5.801399,49.869821,0,0.000000,0.000000,,,0,0,0,0,,,1,,,Rhine,LU,300,308.4,Sauer,,0,TRUE,1,1,0,1,1,1,,FALSE,4017500,2982500,,ID_4354_202201220614.mod,,4354,TRUE,1071,TRUE,Sauer
EFAS,11,04355,Bissen,6.056414,49.784853,0,0.000000,0.000000,,,0,0,0,0,,,1,,,Rhine,LU,300,291.5,Alzette,,0,TRUE,1,1,0,1,1,1,,FALSE,4037500,2972500,,ID_4355_202201220624.mod,,4355,TRUE,1071,TRUE,Attert
EFAS,11,04356,Clervaux,6.027574,50.054520,0,0.000000,0.000000,,,0,0,0,0,,,1,,,Rhine,LU,150,147.2,Wiltz,,0,TRUE,1,1,0,1,1,1,,FALSE,4037500,3002500,,ID_4356_202201220624.mod,,4356,TRUE,1071,TRUE,Clerve
EFAS,11,04357,Dasbourg,6.126077,50.049832,0,0.000000,0.000000,,,0,0,0,0,,,1,,,Rhine,LU,450,450.4,Our,,0,TRUE,1,1,0,1,1,1,,FALSE,4042500,3002500,,ID_4357_202201220646.mod,,4357,TRUE,1071,TRUE,Our
EFAS,11,04358,Diekirch,6.161813,49.866622,0,0.000000,0.000000,,,0,0,0,0,,,1,,,Rhine,LU,2125,2149,Sauer,,0,TRUE,1,1,0,1,1,1,,FALSE,4047500,2977500,,ID_4358_202201220646.mod,,4358,TRUE,1071,TRUE,Sauer
EFAS,11,04359,Ettelbrück,6.098584,49.844800,0,0.000000,0.000000,,,0,0,0,0,,,1,,,Rhine,LU,1075,1091.9,Alzette,,0,TRUE,1,1,0,1,1,1,,FALSE,4042500,2972500,,ID_4359_202201220646.mod,,4359,TRUE,1071,TRUE,Alzette
EFAS,11,04360,Ettelbrück,6.097380,49.850643,0,0.000000,0.000000,,,0,0,0,0,,,1,,,Rhine,LU,75,81.5,Alzette,,0,TRUE,1,1,0,1,1,1,,FALSE,4037500,2982500,,ID_4360_202201220653.mod,,4360,TRUE,1071,TRUE,Wark
EFAS,11,04361,Heiderscheidergrund,5.950724,49.901196,0,0.000000,0.000000,,,0,0,0,0,,,1,,,Rhine,LU,450,429,Sauer,,0,TRUE,1,1,0,1,1,1,,FALSE,4032500,2982500,,ID_4361_202201220653.mod,,4361,TRUE,1071,TRUE,Sauer
EFAS,11,04362,Hesperange,6.149080,49.586287,0,0.000000,0.000000,,,0,0,0,0,,,1,,,Rhine,LU,300,292.3,Alzette,,0,TRUE,1,1,0,1,1,1,,FALSE,4042500,2947500,,ID_4362_202201220704.mod,,4362,TRUE,1071,TRUE,Alzette
EFAS,11,04363,Hunnebuer,6.079524,49.729184,0,0.000000,0.000000,,,0,0,0,0,,,1,,,Rhine,LU,175,164.2,Alzette,,0,TRUE,1,1,0,1,1,1,,FALSE,4037500,2962500,,ID_4363_202201220704.mod,,4363,TRUE,1071,TRUE,Eisch
EFAS,11,04364,Kautenbach,6.025045,49.946524,0,0.000000,0.000000,,,0,0,0,0,,,1,,,Rhine,LU,300,427.7,Sauer,,0,TRUE,1,1,0,1,1,1,,FALSE,4037500,2992500,,ID_4364_202201220713.mod,,4364,TRUE,1071,TRUE,Wiltz
EFAS,11,04365,Larochette,6.219358,49.791584,0,0.000000,0.000000,,,0,0,0,0,,,1,,,Rhine,LU,100,70.03,Sauer,,0,TRUE,1,1,0,1,1,1,,FALSE,4047500,2972500,,ID_4365_202201220716.mod,,4365,TRUE,1071,TRUE,Ernz Blanche
EFAS,11,04366,Livange,6.114957,49.526477,0,0.000000,0.000000,,,0,0,0,0,,,1,,,Rhine,LU,250,231.7,Alzette,,0,TRUE,1,1,0,1,1,1,,FALSE,4037500,2942500,,ID_4366_202201220716.mod,,4366,TRUE,1071,TRUE,Alzette
EFAS,11,04367,Mersch,6.115991,49.753068,0,0.000000,0.000000,,,0,0,0,0,,,1,,,Rhine,LU,750,707,Alzette,,0,TRUE,1,1,0,1,1,1,,FALSE,4042500,2967500,,ID_4367_202201220716.mod,,4367,TRUE,1071,TRUE,Alzette
EFAS,11,04368,Mertert,6.473800,49.701803,0,0.000000,0.000000,,,0,0,0,0,,,1,,,Rhine,LU,200,202,Moselle,,0,TRUE,1,1,0,1,1,1,,FALSE,4062500,2962500,,ID_4368_202201220721.mod,,4368,TRUE,1071,TRUE,Syre
EFAS,11,04385,Michelau,6.091178,49.895421,0,0.000000,0.000000,,,0,0,0,0,,,1,,,Rhine,LU,925,946.7,Sauer,,0,TRUE,1,1,0,1,1,1,,FALSE,4042500,2982500,,ID_4385_202201220728.mod,,4385,TRUE,1071,TRUE,Sauer
EFAS,11,04386,Pfaffenthal,6.132266,49.620647,0,0.000000,0.000000,,,0,0,0,0,,,1,,,Rhine,LU,450,360.5,Alzette,,0,TRUE,1,1,0,1,1,1,,FALSE,4042500,2952500,,ID_4386_202201220728.mod,,4386,TRUE,1071,TRUE,Alzette
EFAS,11,04387,Reichlange,5.925732,49.774226,0,0.000000,0.000000,,,0,0,0,0,,,1,,,Rhine,LU,225,162.7,Alzette,,0,TRUE,1,1,0,1,1,1,,FALSE,4027500,2972500,,ID_4387_202201220732.mod,,4387,TRUE,1071,TRUE,Attert
EFAS,11,04388,Rosport,6.509851,49.785883,0,0.000000,0.000000,,,0,0,0,0,,,1,,,Rhine,LU,4200,4231.8,Sauer,,0,TRUE,1,1,0,1,1,1,,FALSE,4067500,2967500,,ID_4388_202201220732.mod,,4388,TRUE,1071,TRUE,Sauer
EFAS,11,04389,Schoenfels,6.100795,49.723112,0,0.000000,0.000000,,,0,0,0,0,,,1,,,Rhine,LU,175,83.6,Alzette,,1,FALSE,1,1,0,1,1,1,,FALSE,4037500,2962500,,,DO NOT USE it cannot be located on LDD,4389,FALSE,1071,FALSE,Mamer
EFAS,11,04390,Steinsel,6.132543,49.678486,0,0.000000,0.000000,,,0,0,0,0,,,1,,,Rhine,LU,475,406.9,Alzette,,0,TRUE,1,0,0,1,1,1,,FALSE,4042500,2957500,,,,4390,FALSE,1071,TRUE,Alzette
EFAS,11,04391,Vianden,6.204738,49.939224,0,0.000000,0.000000,,,0,0,0,0,,,1,,,Rhine,LU,675,641.3,Our,,0,TRUE,1,1,0,1,1,1,,FALSE,4047500,2987500,,ID_4391_202201220735.mod,,4391,TRUE,1071,TRUE,Our
EFAS,11,04392,Wiltz,5.933411,49.969760,0,0.000000,0.000000,,,0,0,0,0,,,1,,,Rhine,LU,100,114.51,Sauer,,0,TRUE,1,1,0,1,1,1,,FALSE,4027500,2992500,,ID_4392_202201220742.mod,,4392,TRUE,1071,TRUE,Wiltz
EFAS,11,04393,ParanWesternBorder,34.723370,30.122990,0,0.000000,0.000000,,,0,0,0,0,,,0,,,Paran / Dead Sea,IL,2325,2464,Paran,,0,FALSE,1,0,0,0,0,0,,FALSE,6702500,1172500,,,,4393,FALSE,1052,FALSE,Paran
EFAS,11,04396,ParanAravaRd,35.150890,30.398460,0,0.000000,0.000000,,,0,0,0,0,,,0,,,Paran / Dead Sea,IL,3625,3626,Paran,,0,FALSE,1,0,0,0,0,0,,FALSE,6732500,1212500,,,,4396,FALSE,1052,FALSE,Paran
EFAS,11,04397,NeqarotUpper,35.047220,30.576180,0,0.000000,0.000000,,,0,0,0,0,,,0,,,Paran / Dead Sea,IL,700,710,Paran,,0,FALSE,1,0,0,0,0,0,,FALSE,6717500,1232500,,,,4397,FALSE,1052,FALSE,Nekarot
EFAS,11,04398,ZinMasos,34.983040,30.802290,0,0.000000,0.000000,,,0,0,0,0,,,0,,,Zin / Dead Sea,IL,725,674,Zin,,0,FALSE,1,0,0,0,0,0,,FALSE,6707500,1252500,,,,4398,FALSE,1052,FALSE,Zin
EFAS,11,04399,Hemar cliff,35.354290,31.135030,0,0.000000,0.000000,,,0,0,0,0,,,0,,,Hemar / Dead Sea,IL,350,358,Hemar,,0,FALSE,1,0,0,0,0,0,,FALSE,6727500,1297500,,,,4399,FALSE,1052,FALSE,Hemar
EFAS,11,04400,GrarReim,34.442960,31.399640,0,0.000000,0.000000,,,0,0,0,0,,,0,,,Besor,IL,625,698,Besor,,0,FALSE,0,0,0,0,0,0,,FALSE,6642500,1302500,,,,4400,FALSE,1052,FALSE,Gra
EFAS,11,04401,BeerShevaHazerim,34.744110,31.228820,0,0.000000,0.000000,,,0,0,0,0,,,0,,,Besor,IL,1300,1233,Besor,,0,FALSE,1,0,0,0,0,0,,FALSE,6672500,1292500,,,,4401,FALSE,1052,FALSE,BeerSheva
EFAS,11,04403,HaelaGanYavne,34.679930,31.781740,0,0.000000,0.000000,,,0,0,0,0,,,0,,,Lakhish,IL,1000,432,Lakhish,,0,FALSE,1,0,0,0,0,0,,FALSE,6652500,1347500,,,,4403,FALSE,1052,FALSE,Haela
EFAS,11,04404,SoreqYesodot,34.846790,31.807410,0,0.000000,0.000000,,,0,0,0,0,,,0,,,Sorek,IL,400,405,Sorek,,0,FALSE,1,0,0,0,0,0,,FALSE,6667500,1357500,,,,4404,FALSE,1052,FALSE,Sorek
EFAS,11,04405,AyalonAirport,34.863570,31.999940,0,0.000000,0.000000,,,0,0,0,0,,,0,,,Yarkon,IL,650,398,Yarkon,,0,FALSE,1,0,0,0,0,0,,FALSE,6662500,1377500,,,,4405,FALSE,1052,FALSE,Ayalon
EFAS,11,04406,SenirDanRoad,35.616920,33.224260,0,0.000000,0.000000,,,0,0,0,0,,,0,,,Jordan / Dead Sea,IL,575,613,Jordan,,0,FALSE,1,0,0,0,0,0,,FALSE,6692500,1532500,,,,4406,FALSE,1052,FALSE,Senir
EFAS,11,04407,Fiora a Pitigliano,11.598889,42.593611,0,0.000000,0.000000,,,0,0,0,0,,,0,,-,Fiora,it,375,,Fiora,,0,FALSE,0,0,0,0,0,1,,FALSE,4452500,2167500,,,,4407,FALSE,1072,FALSE,Fiora
EFAS,11,04408,Liri a Civitella Roveto,13.425833,41.915000,0,0.000000,0.000000,,,0,0,0,0,,,0,,-,Garigliano,it,100,,Liri-Garigliano,,0,FALSE,0,0,0,0,0,0,,FALSE,4607500,2097500,,,,4408,FALSE,1072,FALSE,Liri
EFAS,11,04409,Tevere a Ponte del Grillo (discharge),12.257692,41.751410,0,0.000000,0.000000,,,0,0,0,0,,,1,,-,Tiber,it,17775,,Tiber,,0,TRUE,1,0,0,1,0,0,,FALSE,4512500,2077500,,,,4409,FALSE,1072,TRUE,Tiber
EFAS,11,04410,Velino ad Antrodoco (discharge),13.085128,42.423205,0,0.000000,0.000000,,,0,0,0,0,,,0,,-,Tiber,it,175,,Tiber,,0,FALSE,0,0,0,0,0,0,,FALSE,4577500,2157500,,,,4410,FALSE,1072,FALSE,Velino
EFAS,11,04411,Sora (discharge),12.432436,42.295256,0,0.000000,0.000000,,,0,0,0,0,,,1,,-,Tiber,it,25,1166,Tiber,,0,TRUE,1,0,0,1,0,0,,FALSE,4527500,2132500,,,,4411,FALSE,1072,TRUE,Vicano
EFAS,11,04412,Rapido a Cassino (discharge),12.430128,42.459615,0,0.000000,0.000000,,,0,0,0,0,,,0,,-,Tiber,it,5100,,Tiber,,0,FALSE,0,0,0,0,0,0,,FALSE,4522500,2157500,,,,4412,FALSE,1072,FALSE,Rapido
EFAS,11,04413,Tevere a Stimigliano (discharge),12.561538,42.287821,0,0.000000,0.000000,,,0,0,0,0,,,1,,-,Tiber,it,,,Tiber,,1,FALSE,1,0,0,1,0,0,,FALSE,,,,,CANNOT BE MAPPED  should be swapped with 4111,4413,FALSE,1072,FALSE,Tiber
EFAS,11,04415,Bad Hersfeld 1,9.719944,50.863879,0,0.000000,0.000000,,,0,0,0,0,,,1,,-,Weser,DE,2200,2120.2,Weser,,0,TRUE,1,1,0,1,1,1,,FALSE,4302500,3082500,,ID_4415_202201281603.mod,mapped on 5km grid,4415,TRUE,1009,TRUE,Fulda
EFAS,11,04416,Helmarshausen,9.465585,51.631262,0,0.000000,0.000000,,,0,0,0,0,,,1,,-,Weser,DE,1850,1757.12,Weser,,0,TRUE,1,1,0,1,1,1,,FALSE,4282500,3167500,,ID_4416_202201281603.mod,mapped on 5km grid,4416,TRUE,1009,TRUE,Diemel
EFAS,11,04417,Friedrichsthal,7.445678,50.502094,0,0.000000,0.000000,,,0,0,0,0,,,1,,-,Mittelrhein,DE,625,680.45,Rhine,,0,TRUE,1,1,0,1,1,1,85.228,FALSE,4142500,3047500,,ID_4417_202201281603.mod,mapped on 5km grid after confluence,4417,TRUE,1010,TRUE,Wied
EFAS,11,04418,Altenahr,6.988631,50.516674,0,0.000000,0.000000,,,0,0,0,0,,,1,,-,Mittelrhein,DE,750,746,Rhine,,0,TRUE,1,1,0,1,1,1,160.522,FALSE,4112500,3047500,,ID_4418_202201281603.mod,mapped on 5km grid after confluence,4418,TRUE,1010,TRUE,Ahr
EFAS,11,04419,Kordel,6.643139,49.834956,0,0.000000,0.000000,,,0,0,0,0,,,1,,-,Mosel,DE,900,817,Rhine,,0,TRUE,1,1,0,1,1,1,132.85,FALSE,4077500,2972500,,ID_4419_202201281603.mod,mapped on 5km grid,4419,TRUE,1010,TRUE,Kyll
EFAS,11,04420,Jablonica,17.419470,48.613780,0,0.000000,0.000000,,,0,0,0,0,,,1,,-,Danube,SK,325,238.45,Danube,,0,TRUE,1,0,0,1,1,1,203.57,FALSE,4867500,2862500,,,mapped on 5km grid,4420,FALSE,1018,TRUE,Myjava
EFAS,11,04421,Šaštín-Stráže,17.156190,48.640550,0,0.000000,0.000000,,,0,0,0,0,,,1,,-,Danube,SK,675,644.89,Danube,,0,TRUE,1,0,0,1,1,1,164.25,FALSE,4847500,2862500,,,mapped on 5km grid,4421,FALSE,1018,TRUE,Myjava
EFAS,11,04422,Záhorská Ves,16.846250,48.382190,0,0.000000,0.000000,,,0,0,0,0,,,1,,-,Danube,SK,25900,25521.3,Danube,,0,TRUE,1,0,0,1,1,1,139.86,FALSE,4827500,2827500,,,mapped on 5km grid,4422,FALSE,1018,TRUE,Morava
EFAS,11,04423,Podsuchá,19.284940,48.991770,0,0.000000,0.000000,,,0,0,0,0,,,1,,-,Danube,SK,250,217.95,Danube,,0,TRUE,1,0,0,1,1,1,558.31,FALSE,4997500,2917500,,,mapped on 5km grid,4423,FALSE,1018,TRUE,Revúca
EFAS,11,04424,Lokca,19.413320,49.371760,0,0.000000,0.000000,,,0,0,0,0,,,1,,-,Danube,SK,450,359.96,Danube,,0,TRUE,1,0,0,1,1,1,619.14,FALSE,5002500,2962500,,,mapped on 5km grid,4424,FALSE,1018,TRUE,Biela Orava
EFAS,11,04425,Martin,18.911910,49.068580,0,0.000000,0.000000,,,0,0,0,0,,,1,,-,Danube,SK,875,827,Danube,,1,FALSE,1,0,0,1,1,1,389.88,FALSE,4972500,2922500,,,not mapped - station 2095 on most suitable pixel,4425,FALSE,1018,FALSE,Turiec
EFAS,11,04426,Kysucké Nové Mesto,18.784940,49.296820,0,0.000000,0.000000,,,0,0,0,0,,,1,,-,Danube,SK,1050,955.09,Danube,,1,FALSE,1,0,0,1,1,1,346.1,FALSE,4957500,2947500,,,not mapped - station 2026 on most suitable pixel,4426,FALSE,1018,FALSE,Kysuca
EFAS,11,04427,Žilina-Závodie,18.718120,49.225900,0,0.000000,0.000000,,,0,0,0,0,,,1,,-,Danube,SK,325,355.2,Danube,,0,TRUE,1,0,0,1,1,1,328.26,FALSE,4952500,2937500,,,mapped on 5km grid before confluence,4427,FALSE,1018,TRUE,Rajčanka
EFAS,11,04428,Horné Srnie,18.105270,48.991780,0,0.000000,0.000000,,,0,0,0,0,,,1,,-,Danube,SK,350,341.79,Danube,,0,TRUE,1,0,0,1,1,1,238,FALSE,4912500,2907500,,,mapped on 5km grid,4428,FALSE,1018,TRUE,Vlára
EFAS,11,04429,Prievidza,18.617850,48.769810,0,0.000000,0.000000,,,0,0,0,0,,,1,,-,Danube,SK,300,132.68,Danube,,0,TRUE,1,0,0,1,1,1,263.5,FALSE,4952500,2887500,,,mapped on 5km grid,4429,FALSE,1018,TRUE,Nitra
EFAS,11,04430,Chalmová,18.484230,48.662860,0,0.000000,0.000000,,,0,0,0,0,,,1,,-,Danube,SK,600,601.11,Danube,,0,TRUE,1,0,0,1,1,1,210.71,FALSE,4947500,2877500,,,mapped on 5km grid,4430,FALSE,1018,TRUE,Nitra
EFAS,11,04431,Veľké Bielice,18.356450,48.628130,0,0.000000,0.000000,,,0,0,0,0,,,1,,-,Danube,SK,300,314.12,Danube,,0,TRUE,1,0,0,1,1,1,184.79,FALSE,4937500,2872500,,,mapped on 5km grid,4431,FALSE,1018,TRUE,Nitrica
EFAS,11,04432,Biskupice,18.238240,48.706020,0,0.000000,0.000000,,,0,0,0,0,,,1,,-,Danube,SK,400,312.6,Danube,,0,TRUE,1,0,0,1,1,1,190.34,FALSE,4927500,2877500,,,mapped on 5km grid,4432,FALSE,1018,TRUE,Bebrava
EFAS,11,04433,Nadlice,18.252750,48.615310,0,0.000000,0.000000,,,0,0,0,0,,,1,,-,Danube,SK,600,598.81,Danube,,0,TRUE,1,0,0,1,1,1,171.09,FALSE,4927500,2867500,,,mapped on 5km grid,4433,FALSE,1018,TRUE,Bebrava
EFAS,11,04435,Vieska nad Žitavou,18.354580,48.315900,0,0.000000,0.000000,,,0,0,0,0,,,1,,-,Danube,SK,300,295.46,Danube,,0,TRUE,1,0,0,1,1,1,154.27,FALSE,4937500,2837500,,,mapped on 5km grid,4435,FALSE,1018,TRUE,Žitava
EFAS,11,04436,Štúrovo,18.725580,47.796810,0,0.000000,0.000000,,,0,0,0,0,,,1,,-,Danube,SK,177775,173013.83,Danube,,0,TRUE,1,0,0,1,1,1,100.93,FALSE,4972500,2782500,,,mapped on 5km grid,4436,FALSE,1018,TRUE,Danube
EFAS,11,04437,Brezno,19.646040,48.805830,0,0.000000,0.000000,,,0,0,0,0,,,1,,-,Danube,SK,575,582.08,Danube,,0,TRUE,1,0,0,1,1,1,490.91,FALSE,5027500,2902500,,,mapped on 5km grid,4437,FALSE,1018,TRUE,Hron
EFAS,11,04438,Hronec,19.584180,48.794080,0,0.000000,0.000000,,,0,0,0,0,,,1,,-,Danube,SK,275,239.41,Danube,,0,TRUE,1,0,0,1,1,1,480.48,FALSE,5022500,2897500,,,mapped on 5km grid,4438,FALSE,1018,TRUE,Čierny Hron
EFAS,11,04439,Kamenín,18.659830,47.881620,0,0.000000,0.000000,,,0,0,0,0,,,1,,-,Danube,SK,5125,5149.8,Danube,,0,TRUE,1,0,0,1,1,1,108.3,FALSE,4967500,2792500,,,mapped on 5km before confluence,4439,FALSE,1018,TRUE,Hron
EFAS,11,04440,Holiša,19.741050,48.297520,0,0.000000,0.000000,,,0,0,0,0,,,1,,-,Danube,SK,725,685.67,Danube,,1,FALSE,1,0,0,1,1,1,172.4,FALSE,5042500,2847500,,,not mapped - station 2094 on most suitable pixel,4440,FALSE,1018,FALSE,Ipeľ
EFAS,11,04441,Salka,18.762210,47.885910,0,0.000000,0.000000,,,0,0,0,0,,,1,,-,Danube,SK,5075,5077.69,Danube,,0,TRUE,1,0,0,1,1,1,103.77,FALSE,4972500,2792500,,,mapped on 5km grid,4441,FALSE,1018,TRUE,Ipeľ
EFAS,11,04442,Plešivec,20.398780,48.558490,0,0.000000,0.000000,,,0,0,0,0,,,1,,-,Danube,SK,225,224.17,Danube,,0,TRUE,1,0,0,1,1,1,214.15,FALSE,5082500,2887500,,,mapped on 5km grid before confluence,4442,FALSE,1018,TRUE,Štítnik
EFAS,11,04443,Bretka,20.341320,48.490110,0,0.000000,0.000000,,,0,0,0,0,,,1,,-,Danube,SK,1275,386.01,Danube,,0,TRUE,1,0,0,1,1,1,189,FALSE,5082500,2872500,,,mapped on 5km grid,4443,FALSE,1018,TRUE,Muráň
EFAS,11,04444,Behynce,20.290230,48.424630,0,0.000000,0.000000,,,0,0,0,0,,,1,,-,Danube,SK,275,304.66,Danube,,0,TRUE,1,0,0,1,1,1,173.19,FALSE,5077500,2867500,,,mapped on 5km grid before confluence,4444,FALSE,1018,TRUE,Turiec
EFAS,11,04445,Hnúšťa-Likier,19.961160,48.560470,0,0.000000,0.000000,,,0,0,0,0,,,1,,-,Danube,SK,300,275.64,Danube,,0,TRUE,1,0,0,1,1,1,279.58,FALSE,5052500,2877500,,,mapped on 5km grid,4445,FALSE,1018,TRUE,Rimava
EFAS,11,04446,Rimavská Sobota-Sobôtka,19.991520,48.395870,0,0.000000,0.000000,,,0,0,0,0,,,1,,-,Danube,SK,575,562.03,Danube,,0,TRUE,1,0,0,1,1,1,207.5,FALSE,5057500,2857500,,,mapped on 5km grid,4446,FALSE,1018,TRUE,Rimava
EFAS,11,04447,Jaklovce,20.979630,48.873580,0,0.000000,0.000000,,,0,0,0,0,,,1,,-,Danube,SK,725,606.32,Danube,,0,TRUE,1,0,0,1,1,1,327.17,FALSE,5122500,2922500,,,mapped on 5km grid,4447,FALSE,1018,TRUE,Hnilec
EFAS,11,04448,Turňa nad Bodvou,20.893070,48.593380,0,0.000000,0.000000,,,0,0,0,0,,,1,,-,Danube,SK,675,662.8,Danube,,1,FALSE,1,0,0,1,1,1,171.49,FALSE,5122500,2892500,,,not mapped - station 2096 on most suitable pixel,4448,FALSE,1018,FALSE,Bodva
EFAS,11,04449,Stropkov,21.642950,49.208050,0,0.000000,0.000000,,,0,0,0,0,,,1,,-,Danube,SK,625,578.4,Danube,,0,TRUE,1,0,0,1,1,1,183.14,FALSE,5167500,2967500,,,mapped on 5km grid,4449,FALSE,1018,TRUE,Ondava
EFAS,11,04450,Żywiec,19.193388,49.686357,0,0.000000,0.000000,,,0,0,0,0,,,1,,-,Vistula,PL,1000,782.83,Vistula,,0,TRUE,1,0,0,1,1,1,341.955,FALSE,4982500,2997500,,,mapped on 5km grid after confluence,4450,FALSE,1024,TRUE,Soła
EFAS,11,04451,Stróża,19.924636,49.796967,0,0.000000,0.000000,,,0,0,0,0,,,1,,-,Vistula,PL,650,644.2,Vistula,,0,TRUE,1,0,0,1,1,1,296.975,FALSE,5032500,3012500,,,mapped on 5km grid,4451,FALSE,1024,TRUE,Raba
EFAS,11,04452,Nowy Targ-Kowaniec,20.053681,49.486997,0,0.000000,0.000000,,,0,0,0,0,,,1,,-,Vistula,PL,525,686.86,Vistula,,0,TRUE,1,0,0,1,1,1,573.515,FALSE,5047500,2977500,,,mapped on 5km grid,4452,FALSE,1024,TRUE,Dunajec
EFAS,11,04453,Zatwarnica,22.563156,49.234980,0,0.000000,0.000000,,,0,0,0,0,,,1,,-,Vistula,PL,575,494.24,Vistula,,0,TRUE,1,0,0,1,1,1,485.555,FALSE,5232500,2982500,,,mapped on 5km grid,4453,FALSE,1024,TRUE,San
EFAS,11,04454,Terka,22.429119,49.299816,0,0.000000,0.000000,,,0,0,0,0,,,1,,-,Vistula,PL,350,309.14,Vistula,,0,TRUE,1,0,0,1,1,1,434.175,FALSE,5217500,2982500,,,mapped on 5km grid,4454,FALSE,1024,TRUE,San
EFAS,11,04455,Wólka Mlądzka,21.330310,52.139174,0,0.000000,0.000000,,,0,0,0,0,,,1,,-,Vistula,PL,925,860.13,Vistula,,0,TRUE,1,0,0,1,1,1,96.55,FALSE,5092500,3287500,,,mapped on 5km grid,4455,FALSE,1024,TRUE,Świder
EFAS,11,04456,Brańsk,22.818590,52.743899,0,0.000000,0.000000,,,0,0,0,0,,,1,,-,Vistula,PL,1200,1210.01,Vistula,,0,TRUE,1,0,0,1,1,1,122.155,FALSE,5182500,3367500,,,mapped on 5km grid,4456,FALSE,1024,TRUE,Nurzec
EFAS,11,04457,Trzciniec,20.171984,52.930563,0,0.000000,0.000000,,,0,0,0,0,,,1,,-,Vistula,PL,1975,1954.93,Vistula,,0,TRUE,1,0,0,1,1,1,105.19,FALSE,5002500,3362500,,,mapped on 5km grid,4457,FALSE,1024,TRUE,Wkra
EFAS,11,04458,Smolajny,20.396949,54.025838,0,0.000000,0.000000,,,0,0,0,0,,,1,,-,Pregola,PL,2350,2302.3,Pregola,,0,TRUE,1,0,0,1,1,1,67.84,FALSE,5002500,3487500,,,mapped on 5km grid after confluence,4458,FALSE,1024,TRUE,Łyna
EFAS,11,04459,Piwonice,18.107224,51.726670,0,0.000000,0.000000,,,0,0,0,0,,,1,,-,Prosna,PL,2775,2909.8,Prosna,,0,TRUE,1,0,0,1,1,1,101.86,FALSE,4882500,3207500,,,mapped on 5km grid,4459,FALSE,1024,TRUE,Prosna
EFAS,11,04460,Wyrzysk,17.270817,53.150847,0,0.000000,0.000000,,,0,0,0,0,,,1,,-,Oder,PL,600,623.7,Oder,,0,TRUE,1,0,0,1,1,1,60.72,FALSE,4807500,3362500,,,mapped on 5km grid,4460,FALSE,1024,TRUE,Łobżonka
EFAS,11,04461,Embassament Darnius-Boadella,2.833235,42.339837,0,0.000000,0.000000,,,0,0,0,0,,,0,,-,Muga,ES,225,181.2,Muga,,0,FALSE,1,0,0,0,0,0,155,FALSE,3732500,2162500,,,,4461,FALSE,1037,FALSE,Muga
EFAS,11,04462,Boadella d'Empordà,2.859699,42.333991,0,0.000000,0.000000,,,0,0,0,0,,,1,,-,Muga,ES,250,190.87,Muga,,0,TRUE,1,0,0,1,0,0,85,FALSE,3737500,2162500,,,,4462,FALSE,1037,TRUE,Muga
EFAS,11,04463,Castelló d'Empúries,3.071995,42.253632,0,0.000000,0.000000,,,0,0,0,0,,,1,,-,Muga,ES,850,755.57,Muga,,0,TRUE,1,0,0,1,0,0,4,FALSE,3747500,2152500,,,,4463,FALSE,1037,TRUE,Muga
EFAS,11,04464,Esponellà,2.798660,42.176836,0,0.000000,0.000000,,,0,0,0,0,,,1,,-,Fluvià,ES,750,803.86,Fluvià,,0,TRUE,1,0,0,1,0,0,92,FALSE,3722500,2147500,,,,4464,FALSE,1037,TRUE,Fluvià
EFAS,11,04465,Sant Joan de les Abadesses,2.243299,42.220916,0,0.000000,0.000000,,,0,0,0,0,,,1,,-,Ter,ES,375,301.02,Ter,,0,TRUE,1,0,0,1,0,0,722,FALSE,3677500,2157500,,,,4465,FALSE,1037,TRUE,Ter
EFAS,11,04466,Ripoll Santa Maria,2.194276,42.171445,0,0.000000,0.000000,,,0,0,0,0,,,1,,-,Ter,ES,800,736.91,Ter,,0,TRUE,1,0,0,1,0,0,651,FALSE,3677500,2152500,,,,4466,FALSE,1037,TRUE,Ter
EFAS,11,04468,Cellera de Ter,2.603241,41.984692,0,0.000000,0.000000,,,0,0,0,0,,,1,,-,Ter,ES,2125,1799.32,Ter,,0,TRUE,1,0,0,1,0,0,163,FALSE,3707500,2127500,,,,4468,FALSE,1037,TRUE,Ter
EFAS,11,04469,Girona Pont de la Barca - Ter,2.819171,41.989468,0,0.000000,0.000000,,,0,0,0,0,,,1,,-,Ter,ES,2350,2257,Ter,,0,TRUE,1,0,0,1,0,0,63,FALSE,3722500,2127500,,,,4469,FALSE,1037,TRUE,Ter
EFAS,11,04470,Girona - Onyar,2.824560,41.974318,0,0.000000,0.000000,,,0,0,0,0,,,1,,-,Ter,ES,300,321.79,Ter,,0,TRUE,1,0,0,1,0,0,65,FALSE,3727500,2122500,,,,4470,FALSE,1037,TRUE,Onyar
EFAS,11,04471,Torroella de Montgrí,3.125373,42.034420,0,0.000000,0.000000,,,0,0,0,0,,,1,,-,Ter,ES,3100,2948.48,Ter,,0,TRUE,1,0,0,1,0,0,5,FALSE,3747500,2132500,,,,4471,FALSE,1037,TRUE,Ter
EFAS,11,04472,Fogars - Can Simó,2.693903,41.738224,0,0.000000,0.000000,,,0,0,0,0,,,1,,-,Tordera,ES,750,776.56,Tordera,,0,TRUE,1,0,0,1,0,0,36,FALSE,3712500,2102500,,,,4472,FALSE,1037,TRUE,Tordera
EFAS,11,04473,Santa Coloma de Gramenet,2.200634,41.449872,0,0.000000,0.000000,,,0,0,0,0,,,1,,-,Besòs,ES,1000,1018.25,Besòs,,0,TRUE,1,0,0,1,0,0,14,FALSE,3667500,2072500,,,,4473,FALSE,1037,TRUE,Besòs
EFAS,11,04477,Embassament Sant Ponç,1.605693,41.962202,0,0.000000,0.000000,,,0,0,0,0,,,0,,-,Llobregat,ES,,304.99,Llobregat,,1,FALSE,1,0,0,0,0,0,525,FALSE,,,,,CANNOT BE MAPPED  should be at the outlet of reservoir but before the confluence,4477,FALSE,1037,FALSE,Cardener
EFAS,11,04482,Castellet i La Gornal,1.633906,41.264891,0,0.000000,0.000000,,,0,0,0,0,,,1,,-,Foix,ES,325,278.9,Foix,,0,TRUE,1,0,0,1,0,0,101,FALSE,3617500,2057500,,,,4482,FALSE,1037,TRUE,Foix
EFAS,11,04483,Tarragona,1.236376,41.148069,0,0.000000,0.000000,,,0,0,0,0,,,1,,-,Francolí,ES,825,821.98,Francolí,,0,TRUE,1,0,0,1,0,0,25,FALSE,3582500,2047500,,,,4483,FALSE,1037,TRUE,Francolí
EFAS,11,04484,Backa Palanka,19.381515,45.234297,0,0.000000,0.000000,,,0,0,0,0,,,1,,-,Danube,RS,255800,253737,Danube,,0,TRUE,1,0,0,1,1,1,73.97,FALSE,5057500,2502500,,,mapped on 5km grid,4484,FALSE,1020,TRUE,Danube
EFAS,11,04485,Bratinac,21.245116,44.647495,0,0.000000,0.000000,,,0,0,0,0,,,0,,-,Danube,RS,1775,1749,Danube,,0,FALSE,1,0,0,0,0,1,73.88,FALSE,5207500,2457500,,,mapped on 5km grid,4485,FALSE,1020,FALSE,Mlava
EFAS,11,04486,Vratarnica,22.305970,43.784554,0,0.000000,0.000000,,,0,0,0,0,,,1,,-,Danube,RS,1775,,Danube,,0,TRUE,1,0,0,1,1,1,,FALSE,5307500,2377500,,,mapped on 5km grid,4486,FALSE,1020,TRUE,Veliki Timok
EFAS,11,04487,Brodarevo,19.719757,43.233109,0,0.000000,0.000000,,,0,0,0,0,,,1,,-,Danube,RS,2750,2762,Danube,,1,FALSE,1,0,0,1,1,1,489.24,FALSE,5112500,2287500,,,not mapped - station 3021 on most suitable pixel,4487,FALSE,1020,FALSE,Lim
EFAS,11,04488,Cacak,20.353532,43.897566,0,0.000000,0.000000,,,0,0,0,0,,,1,,-,Danube,RS,3625,3450,Danube,,0,TRUE,1,0,0,1,1,1,234.04,FALSE,5152500,2367500,,,mapped on 5km grid,4488,FALSE,1020,TRUE,Zapadna Morava
EFAS,11,04489,Trstenik,20.997701,43.622594,0,0.000000,0.000000,,,0,0,0,0,,,1,,-,Danube,RS,13925,13902,Danube,,0,TRUE,1,0,0,1,1,1,160.63,FALSE,5207500,2342500,,,mapped on 5km grid,4489,FALSE,1020,TRUE,Zapadna Morava
EFAS,11,04490,Raska,20.617570,43.283950,0,0.000000,0.000000,,,0,0,0,0,,,1,,-,Danube,RS,925,1036,Danube,,0,TRUE,1,0,0,1,1,1,396.44,FALSE,5177500,2297500,,,mapped on 5km grid before confluece,4490,FALSE,1020,TRUE,Raska
EFAS,11,04491,Kraljevo,20.681203,43.723871,0,0.000000,0.000000,,,0,0,0,0,,,0,,-,Danube,RS,7900,7925,Danube,,0,FALSE,1,0,0,0,0,1,192.76,FALSE,5177500,2352500,,,mapped on 5km grid,4491,FALSE,1020,FALSE,Ibar
EFAS,11,04492,Mataruska Banja,20.609852,43.691778,0,0.000000,0.000000,,,0,0,0,0,,,1,,-,Danube,RS,7875,7862,Danube,,0,TRUE,1,0,0,1,1,1,206.32,FALSE,5177500,2347500,,,mapped on 5km grid,4492,FALSE,1020,TRUE,Ibar
EFAS,11,04493,Moyles Mill,-6.595151,54.011422,0,0.000000,0.000000,,,0,0,0,0,,,1,,-,Newry Fane Glyde & Dee,IE,250,210.59,Newry Fane Glyde & Dee,,0,TRUE,1,0,0,1,1,1,53.555,FALSE,3242500,3557500,,,mapped on 5km grid,4493,FALSE,1029,TRUE,Fane
EFAS,11,04494,Charleville,-6.413048,53.855670,0,0.000000,0.000000,,,0,0,0,0,,,1,,-,Newry Fane Glyde & Dee,IE,325,309.1472,Newry Fane Glyde & Dee,,0,TRUE,1,0,0,1,1,1,9.98,FALSE,3247500,3537500,,,mapped on 5km grid before confluence,4494,FALSE,1029,TRUE,Dee
EFAS,11,04495,Tallanstown,-6.548638,53.920928,0,0.000000,0.000000,,,0,0,0,0,,,1,,-,Newry Fane Glyde & Dee,IE,275,270.3764,Newry Fane Glyde & Dee,,0,TRUE,1,0,0,1,1,1,13.905,FALSE,3242500,3547500,,,mapped on 5km grid,4495,FALSE,1029,TRUE,Glyde
EFAS,11,04496,Trim,-6.790946,53.556197,0,0.000000,0.000000,,,0,0,0,0,,,1,,-,Boyne,IE,1350,1332.1663,Boyne,,1,FALSE,1,0,0,1,1,1,50.118,FALSE,3217500,3512500,,,not mapped - station 2266 on most suitable pixel,4496,FALSE,1029,FALSE,Boyne
EFAS,11,04497,Leixlip,-6.489504,53.368431,0,0.000000,0.000000,,,0,0,0,0,,,1,,-,Liffey,IE,1000,209.6312,Liffey,,0,TRUE,1,0,0,1,1,1,27.281,FALSE,3232500,3487500,,,mapped on 5km grid,4497,FALSE,1029,TRUE,Ryewater
EFAS,11,04498,Pass Br.,-7.069723,53.145665,0,0.000000,0.000000,,,0,0,0,0,,,1,,-,Barrow,IE,1225,1063.5924,Barrow,,0,TRUE,1,0,0,1,1,1,56.28,FALSE,3187500,3467500,,,mapped on 5km grid downsteam - station 2142 in similar location,4498,FALSE,1029,TRUE,Barrow
EFAS,11,04499,Beakstown,-7.864055,52.648521,0,0.000000,0.000000,,,0,0,0,0,,,1,,-,Suir,IE,450,485.6948,Suir,,0,TRUE,1,0,0,1,1,1,85.9,FALSE,3127500,3432500,,,mapped on 5km grid,4499,FALSE,1029,TRUE,Suir
EFAS,11,04500,Mallow Railway Br.,-8.656076,52.130744,0,0.000000,0.000000,,,0,0,0,0,,,1,,-,Blackwater [Munster],IE,1325,1175.64,Munster,,0,TRUE,1,0,0,1,1,1,42.585,FALSE,3067500,3387500,,,mapped on 5km grid after confluence - overlap - suggest move stn 1441 one pixel to east,4500,FALSE,1029,TRUE,Blackwater
EFAS,11,04501,Castletownroche weir,-8.459582,52.173324,0,0.000000,0.000000,,,0,0,0,0,,,1,,-,Blackwater [Munster],IE,325,345.38,Munster,,0,TRUE,1,0,0,1,1,1,37.275,FALSE,3072500,3392500,,,mapped on 5km grid before confluence,4501,FALSE,1029,TRUE,Awbeg
EFAS,11,04502,Keale Br.,-9.028398,52.089238,0,0.000000,0.000000,,,0,0,0,0,,,1,,-,Blackwater [Munster],IE,350,311.8,Munster,,0,TRUE,1,0,0,1,1,1,85.322,FALSE,3032500,3387500,,,mapped on 5km grid,4502,FALSE,1029,TRUE,Blackwater [Munster]
EFAS,11,04503,Curranure,-8.682034,51.764806,0,0.000000,0.000000,,,0,0,0,0,,,1,,-,Bandon Ilen,IE,475,423.7396,Bandon Ilen,,0,TRUE,1,0,0,1,1,1,4.238,FALSE,3047500,3347500,,,mapped on 5km grid - potential duplicate of 2256,4503,FALSE,1029,TRUE,Bandon
EFAS,11,04504,Laune Br.,-9.616569,52.061164,0,0.000000,0.000000,,,0,0,0,0,,,1,,-,Laune-Maine,IE,550,559.6552,Laune-Maine,,0,TRUE,1,0,0,1,1,1,16.1,FALSE,2997500,3397500,,,mapped on 5km grid,4504,FALSE,1029,TRUE,Laune
EFAS,11,04505,Listowel,-9.475147,52.442316,0,0.000000,0.000000,,,0,0,0,0,,,1,,-,Feale,IE,875,646.8476,Feale,,1,FALSE,1,0,0,1,1,1,13.965,FALSE,3012500,3437500,,,not mapped - station 2255 on most suitable pixel,4505,FALSE,1029,FALSE,Feale
EFAS,11,04506,Rathkeale,-8.942935,52.520630,0,0.000000,0.000000,,,0,0,0,0,,,1,,-,Shannon Estuary South,IE,475,438.788,Deel,,0,TRUE,1,0,0,1,1,1,28.762,FALSE,3052500,3437500,,,mapped on 5km grid downstream - station 2246 in upsteam pixel - potential duplicate?,4506,FALSE,1029,TRUE,Deel
EFAS,11,04507,Clarianna,-8.207001,52.891337,0,0.000000,0.000000,,,0,0,0,0,,,1,,-,Lower Shannon,IE,350,292.668,Shannon,,0,TRUE,1,0,0,1,1,1,41.859,FALSE,3107500,3462500,,,mapped on 5km grid,4507,FALSE,1029,TRUE,Nenagh
EFAS,11,04508,Scarriff,-8.532458,52.908082,0,0.000000,0.000000,,,0,0,0,0,,,1,,-,Lower Shannon,IE,275,280.0208,Shannon,,0,TRUE,1,0,0,1,1,1,31.155,FALSE,3087500,3467500,,,mapped on 5km grid,4508,FALSE,1029,TRUE,Graney
EFAS,11,04509,Johnston's Br.,-7.861984,53.827600,0,0.000000,0.000000,,,0,0,0,0,,,1,,-,Upper Shannon,IE,200,280.314,Shannon,,0,TRUE,1,0,0,1,1,1,41.67,FALSE,3157500,3557500,,,mapped on 5km grid,4509,FALSE,1029,TRUE,Rinn
EFAS,11,04510,Boyle Abbey Br.,-8.295966,53.972687,0,0.000000,0.000000,,,0,0,0,0,,,1,,-,Upper Shannon,IE,425,527.3198,Shannon,,0,TRUE,1,0,0,1,1,1,48.735,FALSE,3132500,3582500,,,mapped on 5km grid,4510,FALSE,1029,TRUE,Boyle
EFAS,11,04511,Ballycorey,-8.974044,52.869756,0,0.000000,0.000000,,,0,0,0,0,,,1,,-,Shannon Estuary North,IE,25,511.4,Shannon,,1,FALSE,1,0,0,1,1,1,4.36,FALSE,3062500,3472500,,,not mapped - station 2254 on most suitable pixel,4511,FALSE,1029,FALSE,Fergus
EFAS,11,04512,Foxhill,-9.153646,53.657983,0,0.000000,0.000000,,,0,0,0,0,,,1,,-,Corrib,IE,275,237.8212,Corrib,,0,TRUE,1,0,0,1,1,1,25.831,FALSE,3072500,3562500,,,mapped on 5km grid,4512,FALSE,1029,TRUE,Robe
EFAS,11,04513,Ballygaddy,-8.873748,53.530622,0,0.000000,0.000000,,,0,0,0,0,,,1,,-,Corrib,IE,550,469.896,Corrib,,0,TRUE,1,0,0,1,1,1,29.76,FALSE,3082500,3542500,,,mapped on 5km grid,4513,FALSE,1029,TRUE,Clare
EFAS,11,04514,Cloonacannana,-8.930146,53.967349,0,0.000000,0.000000,,,0,0,0,0,,,1,,-,Moy,IE,525,484.34,Moy,,0,TRUE,1,0,0,1,1,1,36.272,FALSE,3092500,3592500,,,mapped on 5km grid after confluence,4514,FALSE,1029,TRUE,Moy
EFAS,11,04515,Ballysadare,-8.508614,54.209074,0,0.000000,0.000000,,,0,0,0,0,,,1,,-,Drowse,IE,725,639.656,Drowse,,0,TRUE,1,0,0,1,1,1,19.984,FALSE,3127500,3612500,,,mapped on 5km grid,4515,FALSE,1029,TRUE,Ballysadare
EFAS,11,04516,Dromahair,-8.298779,54.226938,0,0.000000,0.000000,,,0,0,0,0,,,1,,-,Drowse,IE,300,293.2333,Drowse,,0,TRUE,1,0,0,1,1,1,18.368,FALSE,3142500,3612500,,,mapped on 5km grid after confluence,4516,FALSE,1029,TRUE,Bonet
EFAS,11,04517,Lareen,-8.239297,54.452208,0,0.000000,0.000000,,,0,0,0,0,,,1,,-,Drowse,IE,275,247.2049,Drowse,,0,TRUE,1,0,0,1,1,1,25.614,FALSE,3147500,3632500,,,mapped on 5km grid after confluence,4517,FALSE,1029,TRUE,L.Melvin
EFAS,11,04518,Aghawoney,-7.719907,55.043765,0,0.000000,0.000000,,,0,0,0,0,,,1,,-,Lough Swilly,IE,275,206.826,Lough Swilly,,0,TRUE,1,0,0,1,1,1,18.18,FALSE,3202500,3687500,,,mapped on 5km grid,4518,FALSE,1029,TRUE,Fern O/L
EFAS,11,04519,Turkovici,15.183333,45.274778,0,0.000000,0.000000,,,0,0,0,0,,,1,,-,Gornja Dobra,HR,325,298,Danube,,0,TRUE,1,1,0,1,1,1,323.718,FALSE,4727500,2477500,,ID_4519_202201281611.mod,mapped on 5km grid,4519,TRUE,1031,TRUE,Danube
EFAS,11,04520,Mrzlo Polje,15.495139,45.460806,0,0.000000,0.000000,,,0,0,0,0,,,1,,-,Donja Mrežnica,HR,950,890,Danube,,0,TRUE,1,1,0,1,1,1,113.967,FALSE,4752500,2497500,,ID_4520_202201281611.mod,mapped on 5km grid,4520,TRUE,1031,TRUE,Danube
EFAS,11,04521,Slunj uzvodni,15.589194,45.121250,0,0.000000,0.000000,,,0,0,0,0,,,1,,-,Korana,HR,1075,944,Danube,,0,TRUE,1,1,0,1,1,1,212.167,FALSE,4762500,2462500,,ID_4521_202201281611.mod,mapped on 5km grid,4521,TRUE,1031,TRUE,Danube
EFAS,11,04522,Velemeric,15.611056,45.410722,0,0.000000,0.000000,,,0,0,0,0,,,1,,-,Korana,HR,1550,1486,Danube,,0,TRUE,1,1,0,1,1,1,112.953,FALSE,4762500,2492500,,ID_4522_202201281611.mod,mapped on 5km grid,4522,TRUE,1031,TRUE,Danube
EFAS,11,04523,Glina,16.083222,45.336278,0,0.000000,0.000000,,,0,0,0,0,,,0,,-,Glina,HR,1050,1145,Danube,,0,TRUE,1,1,0,1,1,1,106.628,FALSE,4797500,2487500,,,mapped on 5km grid,4523,FALSE,1031,FALSE,Danube
EFAS,11,04524,Zelenjak,15.720025,46.054703,0,0.000000,0.000000,,,0,0,0,0,,,1,,-,Sutla,HR,550,455,Danube,,0,TRUE,1,1,0,1,1,1,162.46,FALSE,4762500,2567500,,ID_4524_202201281611.mod,mapped on 5km grid,4524,TRUE,1031,TRUE,Danube
EFAS,11,04525,Kupljenovo,15.817633,45.934608,0,0.000000,0.000000,,,0,0,0,0,,,1,,-,Krapina,HR,1125,1150,Danube,,0,TRUE,1,1,0,1,1,1,128.877,FALSE,4772500,2557500,,ID_4525_202201281611.mod,mapped on 5km grid before confluence,4525,TRUE,1031,TRUE,Danube
EFAS,11,04526,Cazma,16.597586,45.749089,0,0.000000,0.000000,,,0,0,0,0,,,1,,-,Cesma,HR,2350,2406,Danube,,0,TRUE,1,1,0,1,1,1,97.112,FALSE,4832500,2537500,,ID_4526_202201281611.mod,mapped on 5km grid,4526,TRUE,1031,TRUE,Danube
EFAS,11,04527,Narta,16.821867,45.838872,0,0.000000,0.000000,,,0,0,0,0,,,1,,-,Cesma,HR,875,880.8,Danube,,0,TRUE,1,1,0,1,1,1,103.365,FALSE,4852500,2547500,,ID_4527_202201281623.mod,mapped on 5km grid,4527,TRUE,1031,TRUE,Danube
EFAS,11,04528,Veliko Vukovje,16.908169,45.468981,0,0.000000,0.000000,,,0,0,0,0,,,1,,-,Ilova,HR,1500,995,Danube,,0,TRUE,1,1,0,1,1,1,98.651,FALSE,4862500,2507500,,ID_4528_202201281623.mod,mapped on 5km grid,4528,TRUE,1031,TRUE,Danube
EFAS,11,04529,Pozega,17.666861,45.336297,0,0.000000,0.000000,,,0,0,0,0,,,1,,-,Orljava,HR,650,437.6,Danube,,0,TRUE,1,1,0,1,1,1,143.976,FALSE,4922500,2502500,,ID_4529_202201281623.mod,mapped on 5km grid,4529,TRUE,1031,TRUE,Danube
EFAS,11,04530,Frkljevci,17.812203,45.267997,0,0.000000,0.000000,,,0,0,0,0,,,1,,-,Orljava,HR,1425,,Danube,,0,TRUE,1,1,0,1,1,1,111.928,FALSE,4932500,2492500,,ID_4530_202201281623.mod,mapped on 5km grid,4530,TRUE,1031,TRUE,Danube
EFAS,11,04531,Janja Lipa,16.986739,45.454169,0,0.000000,0.000000,,,0,0,0,0,,,1,,-,Pakra,HR,550,,Danube,,0,TRUE,1,1,0,1,1,1,109.18,FALSE,4867500,2507500,,ID_4531_202201281623.mod,mapped on 5km grid,4531,TRUE,1031,TRUE,Danube
EFAS,11,04532,Ludbreg,16.619611,46.247750,0,0.000000,0.000000,,,0,0,0,0,,,1,,-,Bednja,HR,275,546.98,Danube,,0,TRUE,1,1,0,1,1,1,147.35,FALSE,4832500,2592500,,ID_4532_202201281623.mod,mapped on 5km grid,4532,TRUE,1031,TRUE,Danube
EFAS,11,04533,Bilaj,15.423375,44.514503,0,0.000000,0.000000,,,0,0,0,0,,,1,,-,Lika,HR,1725,225,Adriatic catchment,,0,TRUE,1,1,0,0,1,1,556.236,FALSE,4752500,2392500,,,mapped on 5km grid,4533,FALSE,1031,TRUE,Adriatic catchment
EFAS,11,04534,Covici,15.312556,44.816444,0,0.000000,0.000000,,,0,0,0,0,,,1,,-,Gacka,HR,3050,,Adriatic catchment,,0,TRUE,1,1,0,0,1,1,449.818,FALSE,4742500,2427500,,,mapped on 5km grid,4534,FALSE,1031,TRUE,Adriatic catchment
EFAS,11,04535,Vrelo Zrmanje,16.063578,44.199594,0,0.000000,0.000000,,,0,0,0,0,,,0,,-,Zrmanja,HR,175,,Adriatic catchment,,0,TRUE,1,1,0,0,1,1,290.831,FALSE,4807500,2362500,,,mapped on 5km grid,4535,FALSE,1031,FALSE,Adriatic catchment
EFAS,11,04536,Zegar nizvodni,15.848778,44.161944,0,0.000000,0.000000,,,0,0,0,0,,,1,,-,Zrmanja,HR,675,,Adriatic catchment,,0,TRUE,1,1,0,0,1,1,46.553,FALSE,4787500,2357500,,,mapped on 5km grid,4536,FALSE,1031,TRUE,Adriatic catchment
EFAS,11,04537,Krupa,15.888083,44.190142,0,0.000000,0.000000,,,0,0,0,0,,,1,,-,Krupa,HR,100,,Adriatic catchment,,0,TRUE,1,1,0,1,1,1,105.426,FALSE,4792500,2362500,,ID_4537_202201281623.mod,mapped on 5km grid,4537,TRUE,1031,TRUE,Adriatic catchment
EFAS,11,04538,Skradinski Buk Gornji,15.966164,43.802194,0,0.000000,0.000000,,,0,0,0,0,,,1,,-,Krka,HR,2075,2103,Adriatic catchment,,0,TRUE,1,1,0,0,1,1,45.4,FALSE,4797500,2317500,,,mapped on 5km grid after confluence,4538,FALSE,1031,TRUE,Adriatic catchment
EFAS,11,04539,Majdan,16.508742,43.540272,0,0.000000,0.000000,,,0,0,0,0,,,1,,-,Jadro,HR,175,,Adriatic catchment,,0,TRUE,1,1,0,1,1,1,13.456,FALSE,4847500,2292500,,ID_4539_202201281625.mod,mapped on 5km grid,4539,TRUE,1031,TRUE,Adriatic catchment
EFAS,11,04540,Dusina,17.430617,43.165681,0,0.000000,0.000000,,,0,0,0,0,,,1,,-,Matica Vrgorska,HR,300,,Adriatic catchment,,0,TRUE,1,1,0,0,1,1,22.028,FALSE,4922500,2257500,,,mapped on 5km grid,4540,FALSE,1031,TRUE,Adriatic catchment
EFAS,11,04541,Kamenmost,17.198539,43.431144,0,0.000000,0.000000,,,0,0,0,0,,,1,,-,Vrljika,HR,1875,,Adriatic catchment,,0,TRUE,1,1,0,1,1,1,259.694,FALSE,4902500,2287500,,ID_4541_202201281628.mod,mapped on 5km grid,4541,TRUE,1031,TRUE,Adriatic catchment
EFAS,11,04542,Buzet,13.965753,45.401939,0,0.000000,0.000000,,,0,0,0,0,,,1,,-,Mirna,HR,200,127,Adriatic catchment,,0,TRUE,1,1,0,1,1,1,42.067,FALSE,4632500,2487500,,ID_4542_202201281628.mod,mapped on 5km grid,4542,TRUE,1031,TRUE,Adriatic catchment
EFAS,11,04543,Mutvica most,14.024000,45.095389,0,0.000000,0.000000,,,0,0,0,0,,,1,,-,Rasa,HR,375,,Adriatic catchment,,0,TRUE,1,1,0,1,1,1,1.152,FALSE,4637500,2452500,,,mapped on 5km grid,4543,FALSE,1031,TRUE,Adriatic catchment
EFAS,11,04544,Potpican,14.078114,45.187103,0,0.000000,0.000000,,,0,0,0,0,,,1,,-,Rasa,HR,250,83.72,Adriatic catchment,,0,TRUE,1,1,0,1,1,1,16.225,FALSE,4642500,2462500,,ID_4544_202201281628.mod,mapped on 5km grid,4544,TRUE,1031,TRUE,Adriatic catchment
EFAS,11,04545,Martinovo Selo uzv.,14.438283,45.390889,0,0.000000,0.000000,,,0,0,0,0,,,1,,-,Rjecina,HR,50,,Adriatic catchment,,0,TRUE,1,1,0,1,1,1,273.046,FALSE,4672500,2487500,,ID_4545_202201281534.mod,mapped on 5km grid,4545,TRUE,1031,TRUE,Adriatic catchment
EFAS,11,04546,Tvornica papira,14.451556,45.332639,0,0.000000,0.000000,,,0,0,0,0,,,1,,-,Rjecina,HR,225,,Adriatic catchment,,0,TRUE,1,1,0,0,1,1,0.824,FALSE,4667500,2482500,,,mapped on 5km grid,4546,FALSE,1031,TRUE,Adriatic catchment
EFAS,11,04547,I15 Villar,-5.107414,37.603480,0,0.000000,0.000000,,,0,0,0,0,,,1,,-,Guadalquivir,ES,8075,8064,Guadalquivir,,0,TRUE,1,0,0,1,1,1,80.928,FALSE,2987500,1747500,,,,4547,FALSE,1030,TRUE,Genil
EFAS,11,04548, Río Piedra en Nuévalos,-1.792972,41.197527,0,0.000000,0.000000,,,0,0,0,0,,,1,,-,Ebro,ES,800,741.17583,Ebro,,0,TRUE,1,0,0,1,1,1,,FALSE,3332500,2087500,,,,4548,FALSE,1012,TRUE,Piedra
EFAS,11,04549, Río Ésera en Graus,0.345395,42.204928,0,0.000000,0.000000,,,0,0,0,0,,,1,,-,Ebro,ES,,876.58505,Ebro,,1,FALSE,1,0,0,1,1,1,,FALSE,,,,,CANNOT BE MAPPED  cannot be mapped - overlaps with 2806,4549,FALSE,1012,FALSE,Ésera
EFAS,11,04550, Río Aragón en Jaca,-0.554335,42.578493,0,0.000000,0.000000,,,0,0,0,0,,,1,,-,Ebro,ES,250,244.48963,Ebro,,0,TRUE,1,0,0,1,1,1,,FALSE,3457500,2227500,,,,4550,FALSE,1012,TRUE,Aragón
EFAS,11,04551, Río Garona en Bossost,0.691227,42.782326,0,0.000000,0.000000,,,0,0,0,0,,,1,,-,Ebro,ES,525,358,Garonne,,0,TRUE,0,0,0,1,1,1,,FALSE,3557500,2232500,,,,4551,FALSE,1012,FALSE,Garona
EFAS,11,04552, Río Segre en Puigcerdá,1.933182,42.423555,0,0.000000,0.000000,,,0,0,0,0,,,1,,-,Ebro,ES,,277.38551,Ebro,,1,FALSE,1,0,0,1,1,1,,FALSE,,,,,CANNOT BE MAPPED  cannot be mapped confluence not represented,4552,FALSE,1012,FALSE,Segre
EFAS,11,04553, Río Valira en La Seu D´Urgell,1.453061,42.360541,0,0.000000,0.000000,,,0,0,0,0,,,1,,-,Ebro,ES,525,548.95501,Ebro,,0,TRUE,1,0,0,1,1,1,,FALSE,3617500,2182500,,,,4553,FALSE,1012,TRUE,Valira
EFAS,11,04554, Río Segre en Lérida,0.618586,41.606493,0,0.000000,0.000000,,,0,0,0,0,,,1,,-,Ebro,ES,11550,11343,Ebro,,0,TRUE,1,0,0,1,1,1,,FALSE,3542500,2107500,,,,4554,FALSE,1012,TRUE,Segre
EFAS,11,04555, Río Ebro en Arroyo,-4.058467,42.962696,0,0.000000,0.000000,,,0,0,0,0,,,1,,-,Ebro,ES,500,464.80589,Ebro,,0,TRUE,1,0,0,1,1,1,,FALSE,3177500,2307500,,,,4555,FALSE,1012,TRUE,Ebro
EFAS,11,04556, Río Najerilla en Mansilla,-2.906616,42.161593,0,0.000000,0.000000,,,0,0,0,0,,,1,,-,Ebro,ES,250,236.67003,Ebro,,0,TRUE,1,0,0,1,1,1,,FALSE,3252500,2207500,,,,4556,FALSE,1012,TRUE,Najerilla
EFAS,11,04557, Río Iregua en Villoslada de Cameros,-2.653289,42.125853,0,0.000000,0.000000,,,0,0,0,0,,,1,,-,Ebro,ES,325,310,Ebro,,0,TRUE,1,0,0,1,1,1,,FALSE,3277500,2202500,,,,4557,FALSE,1012,TRUE,Iregua
EFAS,11,04558, Río Iregua en Islallana,-2.525652,42.317553,0,0.000000,0.000000,,,0,0,0,0,,,1,,-,Ebro,ES,600,565.40021,Ebro,,0,TRUE,1,0,0,1,1,1,,FALSE,3287500,2222500,,,,4558,FALSE,1012,TRUE,Iregua
EFAS,11,04559, Río Ara en Boltaña,0.078274,42.436190,0,0.000000,0.000000,,,0,0,0,0,,,1,,-,Ebro,ES,700,615.32477,Ebro,,0,TRUE,1,0,0,1,1,1,,FALSE,3502500,2202500,,,,4559,FALSE,1012,TRUE,Ara
EFAS,11,04560, Río Pancrudo en Navarrete,-1.259812,40.930160,0,0.000000,0.000000,,,0,0,0,0,,,1,,-,Ebro,ES,,374.59952,Ebro,,1,FALSE,1,0,0,1,1,1,,FALSE,,,,,CANNOT BE MAPPED  cannot be mapped overlaps 2807,4560,FALSE,1012,FALSE,Pancrudo
EFAS,11,04561, Río Cidacos en Yanguas,-2.332236,42.104738,0,0.000000,0.000000,,,0,0,0,0,,,1,,-,Ebro,ES,250,225,Ebro,,0,TRUE,1,0,0,1,1,1,,FALSE,3302500,2197500,,,,4561,FALSE,1012,TRUE,Cidacos
EFAS,11,04562, Río Isábena en Capella,0.395352,42.193805,0,0.000000,0.000000,,,0,0,0,0,,,1,,-,Ebro,ES,,440.15127,Ebro,,1,FALSE,1,0,0,1,1,1,,FALSE,,,,,CANNOT BE MAPPED  should be swapped with 2808,4562,FALSE,1012,FALSE,Isáb
EFAS,11,04563, Río Najerilla en Anguiano,-2.778087,42.256179,0,0.000000,0.000000,,,0,0,0,0,,,1,,-,Ebro,ES,625,547.48827,Ebro,,0,TRUE,1,0,0,1,1,1,,FALSE,3267500,2217500,,,,4563,FALSE,1012,TRUE,Najerilla
EFAS,11,04564, Río Tirón en Ochánduri,-3.002084,42.524361,0,0.000000,0.000000,,,0,0,0,0,,,1,,-,Ebro,ES,725,688,Ebro,,0,TRUE,1,0,0,1,1,1,,FALSE,3252500,2247500,,,,4564,FALSE,1012,TRUE,Tirón
EFAS,11,04565, Río Cinca en Escalona,0.150273,42.478021,0,0.000000,0.000000,,,0,0,0,0,,,1,,-,Ebro,ES,800,793.55334,Ebro,,0,TRUE,0,0,0,1,1,1,,FALSE,3512500,2207500,,,,4565,FALSE,1012,FALSE,Cinca
EFAS,11,04566, Río Mesa en Jaraba,-1.876434,41.190905,0,0.000000,0.000000,,,0,0,0,0,,,1,,-,Ebro,ES,550,559.90526,Ebro,,0,TRUE,1,0,0,1,1,1,,FALSE,3327500,2087500,,,,4566,FALSE,1012,TRUE,Mesa
EFAS,11,04567, Río Deza en Embid de Ariza,-1.984146,41.386488,0,0.000000,0.000000,,,0,0,0,0,,,1,,-,Ebro,ES,200,202.7672,Ebro,,0,TRUE,1,0,0,1,1,1,,FALSE,3317500,2112500,,,,4567,FALSE,1012,TRUE,Deza
EFAS,11,04568, Río Jalón en Jubera,-2.338435,41.196596,0,0.000000,0.000000,,,0,0,0,0,,,1,,-,Ebro,ES,250,204.84518,Ebro,,0,TRUE,1,0,0,1,1,1,,FALSE,3282500,2097500,,,,4568,FALSE,1012,TRUE,Jalón
EFAS,11,04569, Río Subordán en Javierregay,-0.754455,42.576838,0,0.000000,0.000000,,,0,0,0,0,,,1,,-,Ebro,ES,350,2196,Ebro,,0,TRUE,1,0,0,1,1,1,,FALSE,3437500,2227500,,,,4569,FALSE,1012,TRUE,Subordán
EFAS,11,04570, Río Esca en Sigüés,-1.012197,42.644963,0,0.000000,0.000000,,,0,0,0,0,,,1,,-,Ebro,ES,,350.11454,Ebro,,1,FALSE,1,0,0,0,1,1,,FALSE,,,,,CANNOT BE MAPPED  cannot be mapped should overlap 2809,4570,FALSE,1012,FALSE,Esca
EFAS,11,04571, Río Salazar en Aspurz,-1.160285,42.714239,0,0.000000,0.000000,,,0,0,0,0,,,1,,-,Ebro,ES,400,479.40382,Ebro,,0,TRUE,1,0,0,1,1,1,,FALSE,3407500,2247500,,,,4571,FALSE,1012,TRUE,Salazar
EFAS,11,04572, Río Irati en Aribe,-1.255701,42.946034,0,0.000000,0.000000,,,0,0,0,0,,,1,,-,Ebro,ES,325,1594.28888,Ebro,,0,TRUE,1,0,0,1,1,1,,FALSE,3402500,2272500,,,,4572,FALSE,1012,TRUE,Irati
EFAS,11,04573, Río Ulzama en Olave,-1.605308,42.892431,0,0.000000,0.000000,,,0,0,0,0,,,1,,-,Ebro,ES,250,234.34653,Ebro,,0,TRUE,1,0,0,1,1,1,,FALSE,3372500,2272500,,,,4573,FALSE,1012,TRUE,Ulzama
EFAS,11,04574, Río Araquil en Asiaín,-1.787317,42.829953,0,0.000000,0.000000,,,0,0,0,0,,,1,,-,Ebro,ES,800,800,Ebro,,0,TRUE,1,0,0,1,1,1,,FALSE,3357500,2267500,,,,4574,FALSE,1012,TRUE,Araquil
EFAS,11,04575, Río Urederra en Eraul,-2.048570,42.691788,0,0.000000,0.000000,,,0,0,0,0,,,1,,-,Ebro,ES,300,321,Ebro,,0,TRUE,1,0,0,1,1,1,,FALSE,3332500,2257500,,,,4575,FALSE,1012,TRUE,Urederra
EFAS,11,04576, Río Ega en Estella,-2.035924,42.671194,0,0.000000,0.000000,,,0,0,0,0,,,1,,-,Ebro,ES,625,954.22464,Ebro,,0,TRUE,1,0,0,1,1,1,,FALSE,3332500,2252500,,,,4576,FALSE,1012,TRUE,Ega
EFAS,11,04577, Río Onsella en Sangüesa,-1.255320,42.551931,0,0.000000,0.000000,,,0,0,0,0,,,1,,-,Ebro,ES,300,270.85286,Ebro,,0,TRUE,1,0,0,1,1,1,,FALSE,3397500,2227500,,,,4577,FALSE,1012,TRUE,Onsella
EFAS,11,04578, Río Zadorra en Arce,-2.896768,42.677368,0,0.000000,0.000000,,,0,0,0,0,,,1,,-,Ebro,ES,1300,1354.11366,Ebro,,0,TRUE,1,0,0,1,1,1,,FALSE,3267500,2267500,,,,4578,FALSE,1012,TRUE,Zadorra
EFAS,11,04579, Río Ayuda en Berantevilla,-2.884080,42.680741,0,0.000000,0.000000,,,0,0,0,0,,,1,,-,Ebro,ES,,314.5657,Ebro,,1,FALSE,1,0,0,1,1,1,,FALSE,,,,,CANNOT BE MAPPED  cannot be mapped overlaps with 2811,4579,FALSE,1012,FALSE,Ayuda
EFAS,11,04580, Río Erro en Urroz Villa-Lónguida,-1.406659,42.770452,0,0.000000,0.000000,,,0,0,0,0,,,1,,-,Ebro,ES,200,205,Ebro,,0,TRUE,1,0,0,1,1,1,,FALSE,3382500,2257500,,,,4580,FALSE,1012,TRUE,Erro
EFAS,11,04581, Río Alcanadre en Lascellas,-0.109675,42.087421,0,0.000000,0.000000,,,0,0,0,0,,,1,,-,Ebro,ES,600,528,Ebro,,0,TRUE,1,0,0,1,1,1,,FALSE,3482500,2167500,,,,4581,FALSE,1012,TRUE,Alcanadre
EFAS,11,04582, Río Vero en Barbastro,0.131854,42.029026,0,0.000000,0.000000,,,0,0,0,0,,,1,,-,Ebro,ES,325,377.2023,Ebro,,0,TRUE,1,0,0,1,1,1,,FALSE,3502500,2157500,,,,4582,FALSE,1012,TRUE,Vero
EFAS,11,04583, Río Huerva en Mezalocha,-1.076754,41.426118,0,0.000000,0.000000,,,0,0,0,0,,,1,,-,Ebro,ES,725,648.46423,Ebro,,0,TRUE,1,0,0,1,1,1,,FALSE,3397500,2102500,,,,4583,FALSE,1012,TRUE,Huerva
EFAS,11,04584, Río Martín en Oliete,-0.692546,40.990652,0,0.000000,0.000000,,,0,0,0,0,,,1,,-,Ebro,ES,575,673.00715,Ebro,,0,TRUE,1,0,0,1,1,1,,FALSE,3422500,2047500,,,,4584,FALSE,1012,TRUE,Martín
EFAS,11,04585, Río Huerva en Las Torcas,-1.084354,41.296958,0,0.000000,0.000000,,,0,0,0,0,,,1,,-,Ebro,ES,525,472.1492,Ebro,,0,TRUE,1,0,0,1,1,1,,FALSE,3392500,2087500,,,,4585,FALSE,1012,TRUE,Huerva
EFAS,11,04586, Río Martín en Alcaine,-0.701711,40.954725,0,0.000000,0.000000,,,0,0,0,0,,,1,,-,Ebro,ES,550,573.15114,Ebro,,0,TRUE,1,0,0,1,1,1,,FALSE,3417500,2047500,,,,4586,FALSE,1012,TRUE,Martín
EFAS,11,04587, Río N.Ribagorzana (Pont de Suert),0.741198,42.400037,0,0.000000,0.000000,,,0,0,0,0,,,1,,-,Ebro,ES,,566.61538,Ebro,,1,FALSE,1,0,0,1,1,1,,FALSE,,,,,CANNOT BE MAPPED  cannot be mapped overlaps 2813,4587,FALSE,1012,FALSE,N.Ribagorzana
EFAS,11,04588, Río Linares en Igea,-2.011294,42.074530,0,0.000000,0.000000,,,0,0,0,0,,,1,,-,Ebro,ES,350,324.75467,Ebro,,0,TRUE,1,0,0,1,1,1,,FALSE,3322500,2187500,,,,4588,FALSE,1012,TRUE,Linares
EFAS,11,04589, Río Ésera en Eriste,0.471396,42.578837,0,0.000000,0.000000,,,0,0,0,0,,,1,,-,Ebro,ES,350,255.87058,Ebro,,0,TRUE,1,0,0,1,1,1,,FALSE,3537500,2212500,,,,4589,FALSE,1012,TRUE,Ésera
EFAS,11,04590, Río Arga en Huarte,-1.583726,42.851540,0,0.000000,0.000000,,,0,0,0,0,,,1,,-,Ebro,ES,175,229,Ebro,,0,TRUE,1,0,0,1,1,1,,FALSE,3377500,2267500,,,,4590,FALSE,1012,TRUE,Arga
EFAS,11,04591, Río Bayas en Miranda,-2.928035,42.689018,0,0.000000,0.000000,,,0,0,0,0,,,1,,-,Ebro,ES,,317.01553,Ebro,,1,FALSE,1,0,0,1,1,1,,FALSE,,,,,CANNOT BE MAPPED  cannot be mapped overlaps with 2814,4591,FALSE,1012,FALSE,Bayas
EFAS,11,04592, Río Jerea en Virués,-3.357328,42.808062,0,0.000000,0.000000,,,0,0,0,0,,,1,,-,Ebro,ES,300,311.61889,Ebro,,0,TRUE,1,0,0,1,1,1,,FALSE,3232500,2287500,,,,4592,FALSE,1012,TRUE,Jerea
EFAS,11,04593, Río Aguas Vivas en Moneva,-0.832307,41.182491,0,0.000000,0.000000,,,0,0,0,0,,,1,,-,Ebro,ES,525,463.04958,Ebro,,0,TRUE,1,0,0,1,1,1,,FALSE,3412500,2072500,,,,4593,FALSE,1012,TRUE,Aguas Vivas
EFAS,11,04594, Río Cinca en Lafortunada,0.195853,42.542698,0,0.000000,0.000000,,,0,0,0,0,,,1,,-,Ebro,ES,450,499.63009,Ebro,,0,TRUE,0,0,0,1,1,1,,FALSE,3517500,2217500,,,,4594,FALSE,1012,FALSE,Cinca
EFAS,11,04595, Río Queiles en Tudela,-1.617072,42.059466,0,0.000000,0.000000,,,0,0,0,0,,,1,,-,Ebro,ES,500,514.74053,Ebro,,0,TRUE,1,0,0,1,1,1,,FALSE,3357500,2177500,,,,4595,FALSE,1012,TRUE,Queiles
EFAS,11,04596, Río Algas en Batea,0.209557,41.106387,0,0.000000,0.000000,,,0,0,0,0,,,1,,-,Ebro,ES,350,331.08752,Ebro,,0,TRUE,1,0,0,1,1,1,,FALSE,3502500,2062500,,,,4596,FALSE,1012,TRUE,Algas
EFAS,11,04597, Río Manubles en Ateca,-1.788889,41.336155,0,0.000000,0.000000,,,0,0,0,0,,,1,,-,Ebro,ES,,436.42283,Ebro,,1,FALSE,1,0,0,1,1,1,,FALSE,,,,,CANNOT BE MAPPED  cannot be mapped should overlaps with 2816,4597,FALSE,1012,FALSE,Manubles
EFAS,11,04598, Río Arba de Riguel en Sádaba,-1.271088,42.280236,0,0.000000,0.000000,,,0,0,0,0,,,1,,-,Ebro,ES,225,262.98149,Ebro,,0,TRUE,1,0,0,1,1,1,,FALSE,3392500,2197500,,,,4598,FALSE,1012,TRUE,Arba de Riguel
EFAS,11,04599, Río Omecillo en Bergüenda,-3.044693,42.783655,0,0.000000,0.000000,,,0,0,0,0,,,1,,-,Ebro,ES,375,349.03431,Ebro,,0,TRUE,1,0,0,1,1,1,,FALSE,3257500,2282500,,,,4599,FALSE,1012,TRUE,Omecillo
EFAS,11,04600, Río Oroncillo en Orón,-2.979423,42.670650,0,0.000000,0.000000,,,0,0,0,0,,,1,,-,Ebro,ES,275,220.53955,Ebro,,0,TRUE,1,0,0,1,1,1,,FALSE,3257500,2262500,,,,4600,FALSE,1012,TRUE,Oroncillo
EFAS,11,04601, Río Flumen en Barbués,-0.423467,41.982279,0,0.000000,0.000000,,,0,0,0,0,,,1,,-,Ebro,ES,600,547,Ebro,,0,TRUE,1,0,0,1,1,1,,FALSE,3457500,2157500,,,,4601,FALSE,1012,TRUE,Flumen
EFAS,11,04602, Río Leza (Leza Río Leza),-2.407773,42.330333,0,0.000000,0.000000,,,0,0,0,0,,,1,,-,Ebro,ES,225,283.55821,Ebro,,0,TRUE,1,0,0,1,1,1,,FALSE,3297500,2217500,,,,4602,FALSE,1012,TRUE,Leza
EFAS,11,04603, Río Huerva en Cerveruela,-1.212787,41.215797,0,0.000000,0.000000,,,0,0,0,0,,,1,,-,Ebro,ES,375,385.98843,Ebro,,0,TRUE,1,0,0,1,1,1,,FALSE,3377500,2082500,,,,4603,FALSE,1012,TRUE,Huerva
EFAS,11,04604, Clamor Amarga en Zaidín,0.289884,41.577173,0,0.000000,0.000000,,,0,0,0,0,,,1,,-,Ebro,ES,750,788.90292,Ebro,,0,TRUE,1,0,0,1,1,1,,FALSE,3512500,2107500,,,,4604,FALSE,1012,TRUE,Clamor Amarga
EFAS,11,04605, Barranco la Violada en Zuera,-0.773587,41.900586,0,0.000000,0.000000,,,0,0,0,0,,,1,,-,Ebro,ES,225,413,Ebro,,0,TRUE,1,0,0,1,1,1,,FALSE,3432500,2157500,,,,4605,FALSE,1012,TRUE,Barranco la Violada
EFAS,11,04606, Río Gállego en Búbal,-0.316523,42.678991,0,0.000000,0.000000,,,0,0,0,0,,,1,,-,Ebro,ES,300,295.1269,Ebro,,0,TRUE,1,0,0,1,1,1,,FALSE,3472500,2232500,,,,4606,FALSE,1012,TRUE,Gállego
EFAS,11,04607, Río Alhama en Cervera Alhama,-1.951382,42.007116,0,0.000000,0.000000,,,0,0,0,0,,,1,,-,Ebro,ES,325,301.88501,Ebro,,0,TRUE,1,0,0,1,1,1,,FALSE,3332500,2177500,,,,4607,FALSE,1012,TRUE,Alhama
EFAS,11,04608, Río Noguera Pallaresa en Escaló,1.155320,42.551169,0,0.000000,0.000000,,,0,0,0,0,,,1,,-,Ebro,ES,425,442.37239,Ebro,,0,TRUE,1,0,0,1,1,1,,FALSE,3592500,2202500,,,,4608,FALSE,1012,TRUE,Noguera Pallaresa
EFAS,11,04609, Río Cidacos en Arnedillo,-2.233480,42.213993,0,0.000000,0.000000,,,0,0,0,0,,,1,,-,Ebro,ES,375,405.52758,Ebro,,0,TRUE,1,0,0,1,1,1,,FALSE,3312500,2202500,,,,4609,FALSE,1012,TRUE,Cidacos
EFAS,11,04610, Río Trueba en Medina Pomar,-3.479031,42.932082,0,0.000000,0.000000,,,0,0,0,0,,,1,,-,Ebro,ES,475,471.52552,Ebro,,0,TRUE,1,0,0,1,1,1,,FALSE,3227500,2302500,,,,4610,FALSE,1012,TRUE,Trueba
EFAS,11,04611, Río Segre en Isòvol,1.814157,42.372584,0,0.000000,0.000000,,,0,0,0,0,,,1,,-,Ebro,ES,700,658.98004,Ebro,,0,TRUE,1,0,0,0,1,1,,FALSE,3647500,2177500,,,,4611,FALSE,1012,TRUE,Segre
EFAS,11,04612, Río Ésera en Campo,0.387774,42.424728,0,0.000000,0.000000,,,0,0,0,0,,,1,,-,Ebro,ES,625,559.90526,Ebro,,0,TRUE,1,0,0,1,1,1,,FALSE,3527500,2197500,,,,4612,FALSE,1012,TRUE,Ésera
EFAS,11,04614, Río Irati en Aos,-1.376797,42.752415,0,0.000000,0.000000,,,0,0,0,0,,,1,,-,Ebro,ES,850,741.96266,Ebro,,0,TRUE,1,0,0,1,1,1,,FALSE,3392500,2252500,,,,4614,FALSE,1012,TRUE,Irati
EFAS,11,04615, Río Noguera de Cardós en Tirvia,1.233210,42.517700,0,0.000000,0.000000,,,0,0,0,0,,,1,,-,Ebro,ES,,413.91762,Ebro,,1,FALSE,1,0,0,1,1,1,,FALSE,,,,,CANNOT BE MAPPED  cannot be mapped in between confluences,4615,FALSE,1012,FALSE,Noguera de Cardós
EFAS,11,04616, Río Elorz en Pamplona,-1.666779,42.797597,0,0.000000,0.000000,,,0,0,0,0,,,1,,-,Ebro,ES,,279,Ebro,,1,FALSE,1,0,0,1,1,1,,FALSE,,,,,CANNOT BE MAPPED  cannot be mapped confluence not represented,4616,FALSE,1012,FALSE,Elorz
EFAS,11,04617, Rio Arba de Riguel en El Sabinar,-1.214995,42.061865,0,0.000000,0.000000,,,0,0,0,0,,,1,,-,Ebro,ES,,532.50363,Ebro,,1,FALSE,1,0,0,1,1,1,,FALSE,,,,,CANNOT BE MAPPED  confluence not represented,4617,FALSE,1012,FALSE,Arba de Riguel
EFAS,11,04618, Río Irati en Aoiz,-1.367474,42.783371,0,0.000000,0.000000,,,0,0,0,0,,,1,,-,Ebro,ES,,491.55306,Ebro,,1,FALSE,1,0,0,1,1,1,,FALSE,,,,,CANNOT BE MAPPED  cannot be mapped should overlap 2854,4618,FALSE,1012,FALSE,Irati
EFAS,11,04619, Río Rudrón en Valdelateja,-3.767626,42.774441,0,0.000000,0.000000,,,0,0,0,0,,,1,,-,Ebro,ES,475,527.4,Ebro,,0,TRUE,1,0,0,1,1,1,,FALSE,3192500,2287500,,,,4619,FALSE,1012,TRUE,Rudrón
EFAS,11,04620, Río Nela en Villarcayo,-3.572052,42.948459,0,0.000000,0.000000,,,0,0,0,0,,,1,,-,Ebro,ES,325,280.20007,Ebro,,0,TRUE,1,0,0,1,1,1,,FALSE,3217500,2302500,,,,4620,FALSE,1012,TRUE,Nela
EFAS,11,04622, Río Huecha en Cortes,-1.412272,41.926468,0,0.000000,0.000000,,,0,0,0,0,,,1,,-,Ebro,ES,550,477.12736,Ebro,,0,TRUE,1,0,0,1,1,1,,FALSE,3372500,2162500,,,,4622,FALSE,1012,TRUE,Huecha
EFAS,11,04625, Río Arga en Burlada,-1.611396,42.822171,0,0.000000,0.000000,,,0,0,0,0,,,1,,-,Ebro,ES,525,508,Ebro,,0,TRUE,1,0,0,1,1,1,,FALSE,3372500,2262500,,,,4625,FALSE,1012,TRUE,Arga
EFAS,11,04626, Río Zadorra en Mendívil,-2.616258,42.927417,0,0.000000,0.000000,,,0,0,0,0,,,1,,-,Ebro,ES,250,274,Ebro,,0,TRUE,1,0,0,1,1,1,,FALSE,3297500,2287500,,,,4626,FALSE,1012,TRUE,Zadorra
EFAS,11,04627, Río Zadorra en Vitoria-Abetxuko,-2.676543,42.873184,0,0.000000,0.000000,,,0,0,0,0,,,1,,-,Ebro,ES,675,656,Ebro,,0,TRUE,1,0,0,1,1,1,,FALSE,3292500,2282500,,,,4627,FALSE,1012,TRUE,Zadorra
EFAS,11,04628, Río Gállego en Sabiñánigo,-0.373547,42.490003,0,0.000000,0.000000,,,0,0,0,0,,,1,,-,Ebro,ES,775,728,Ebro,,0,TRUE,0,0,0,1,1,1,,FALSE,3467500,2212500,,,,4628,FALSE,1012,FALSE,Gállego
EFAS,11,04629, Río Valira en Pont Borda de Sabaté,1.480403,42.444052,0,0.000000,0.000000,,,0,0,0,0,,,1,,-,Ebro,ES,450,477,Ebro,,0,TRUE,1,0,0,1,1,1,,FALSE,3622500,2187500,,,,4629,FALSE,1012,TRUE,Valira
EFAS,11,05066,Nossen 1,13.265052,51.067500,0,0.000000,0.000000,,,0,0,0,0,,,1,,-,Mulde,DE,600,586,Mulde,,0,TRUE,1,1,0,1,1,1,203.759,FALSE,4552500,3112500,,ID_5066_202201281534.mod,mapped on 5km grid,5066,TRUE,1007,TRUE,Freiberger Mulde
EFAS,11,05067,Avila,-4.707180,40.649800,0,0.000000,0.000000,,,0,0,0,0,,,1,,-,Adaja,ES,625,762.01155,,,0,TRUE,1,0,0,1,1,1,1066,FALSE,3077500,2067500,,,,5067,FALSE,1039,TRUE,Adaja
EFAS,11,05068,Robleda,-6.675920,40.363200,0,0.000000,0.000000,,,0,0,0,0,,,1,,-,Agueda,ES,200,262.74271,,,0,TRUE,1,0,0,1,1,1,780,FALSE,2912500,2072500,,,,5068,FALSE,1039,TRUE,Agueda
EFAS,11,05069,Vegalatrave,-6.119570,41.700300,0,0.000000,0.000000,,,0,0,0,0,,,1,,-,Aliste,ES,500,493.57401,,,0,TRUE,1,0,0,1,1,1,695,FALSE,2982500,2212500,,,,5069,FALSE,1039,TRUE,Aliste
EFAS,11,05070,Villaescusa de las Torres,-4.248020,42.763100,0,0.000000,0.000000,,,0,0,0,0,,,1,,-,Camesa,ES,100,370.63922,,,0,TRUE,1,0,0,1,1,1,883,FALSE,3162500,2292500,,,,5070,FALSE,1039,TRUE,Camesa
EFAS,11,05071,Sahagún,-5.038020,42.370400,0,0.000000,0.000000,,,0,0,0,0,,,1,,-,Cea,ES,900,750.79954,,,0,TRUE,1,0,0,1,1,1,800,FALSE,3087500,2267500,,,,5071,FALSE,1039,TRUE,Cea
EFAS,11,05072,Pajares de Pedraza,-3.854750,41.167300,0,0.000000,0.000000,,,0,0,0,0,,,1,,-,Cega,ES,300,286.90481,,,0,TRUE,1,0,0,1,1,1,938,FALSE,3162500,2117500,,,,5072,FALSE,1039,TRUE,Cega
EFAS,11,05073,Morales del Rey,-5.761030,42.057800,0,0.000000,0.000000,,,0,0,0,0,,,1,,-,Eria,ES,4325,659.50706,,,0,TRUE,1,0,0,1,1,1,724,FALSE,3022500,2247500,,,,5073,FALSE,1039,TRUE,Eria
EFAS,11,05074,Villanueva de los Infantes,-4.481126,41.700719,0,0.000000,0.000000,,,0,0,0,0,,,1,,-,Esgueva,ES,900,877.39353,,,0,TRUE,1,0,0,1,1,1,733,FALSE,3117500,2182500,,,,5074,FALSE,1039,TRUE,Esgueva
EFAS,11,05075,Santa Eulalia de Rionegro,-6.266740,42.036200,0,0.000000,0.000000,,,0,0,0,0,,,1,,-,Negro,ES,475,376.70753,,,0,TRUE,1,0,0,1,1,1,820,FALSE,2982500,2247500,,,,5075,FALSE,1039,TRUE,Negro
EFAS,11,05076,Las Omañas,-5.902320,42.703400,0,0.000000,0.000000,,,0,0,0,0,,,1,,-,Omaña,ES,500,482.01551,,,0,TRUE,1,0,0,1,1,1,969,FALSE,3022500,2317500,,,,5076,FALSE,1039,TRUE,Omaña
EFAS,11,05077,Pardavé,-5.507940,42.823500,0,0.000000,0.000000,,,0,0,0,0,,,1,,-,Torio,ES,250,225.29563,,,0,TRUE,1,0,0,1,1,1,968,FALSE,3057500,2322500,,,,5077,FALSE,1039,TRUE,Torio
EFAS,11,05078,Osma,-3.083780,41.575500,0,0.000000,0.000000,,,0,0,0,0,,,1,,-,Ucero,ES,1025,894.41171,,,0,TRUE,1,0,0,1,1,1,900,FALSE,3232500,2147500,,,,5078,FALSE,1039,TRUE,Ucero
EFAS,11,05079,Gjonaj,20.649397,42.254275,0,0.000000,0.000000,,,0,0,0,0,,,0,,-,Drini,XK,3850,3951,,,0,FALSE,1,0,0,0,1,1,,FALSE,5197500,2187500,,,mapped on 5km grid,5079,FALSE,1048,FALSE,Drini Bardhë
EFAS,11,05080,Këpuz,20.530772,42.507050,0,0.000000,0.000000,,,0,0,0,0,,,0,,-,Drini,XK,2350,2160,Drini,,1,FALSE,1,0,0,0,1,1,,FALSE,5187500,2217500,,,not mapped - station 1653 on most suitable pixel,5080,FALSE,1048,FALSE,Drini Bardhë
EFAS,11,05083,Grykë e Rugovës,20.250233,42.661642,0,0.000000,0.000000,,,0,0,0,0,,,0,,-,Drini Bardhë,XK,225,264,,,0,FALSE,1,0,0,0,1,1,,FALSE,5157500,2232500,,,mapped on 5km grid,5083,FALSE,1048,FALSE,Bistrica Pejës
EFAS,11,05091,Leposaviç,20.799481,43.097431,0,0.000000,0.000000,,,0,0,0,0,,,0,,-,West Morava,XK,4775,4701,,,0,FALSE,1,0,0,0,1,1,,FALSE,5202500,2282500,,,mapped on 5km grid,5091,FALSE,1048,FALSE,Ibri
EFAS,11,05093,Nedakoc,20.990214,42.798047,0,0.000000,0.000000,,,0,0,0,0,,,0,,-,Ibri,XK,2750,2590,,,0,FALSE,0,0,0,0,1,1,,FALSE,5217500,2252500,,,mapped on 5km grid,5093,FALSE,1048,FALSE,Sitnica
EFAS,11,05097,Konçul,21.666678,42.495056,0,0.000000,0.000000,,,0,0,0,0,,,0,,-,South Morava,XK,1625,1558.6,,,0,FALSE,1,0,0,0,1,1,,FALSE,5282500,2227500,,,mapped on 5km grid,5097,FALSE,1048,FALSE,Morava Binqës
EFAS,11,05100,Hajnoc,21.528578,42.641572,0,0.000000,0.000000,,,0,0,0,0,,,0,,-,Kriva Rekë,XK,175,53.3,,,0,FALSE,1,0,0,0,0,1,,FALSE,5262500,2242500,,,mapped on 5km grid before confluence,5100,FALSE,1048,FALSE,Kremenatës
EFAS,11,05101,Hogosht,21.643592,42.640008,0,0.000000,0.000000,,,0,0,0,0,,,0,,-,Kriva Rekë,XK,50,94.4,,,0,FALSE,1,0,0,0,0,1,,FALSE,5272500,2247500,,,mapped on 5km grid,5101,FALSE,1048,FALSE,Hogoshtit
EFAS,11,05102,Shipashnicë e Ep,21.669033,42.605000,0,0.000000,0.000000,,,0,0,0,0,,,0,,-,Kriva Rekë,XK,150,96.1,,,0,FALSE,1,0,0,0,0,1,,FALSE,5277500,2242500,,,mapped on 5km grid,5102,FALSE,1048,FALSE,Desivojcës
EFAS,11,05103,Hani Elezit,21.292322,42.156375,0,0.000000,0.000000,,,0,0,0,0,,,0,,-,Vardar,XK,750,620.2,,,0,FALSE,1,0,0,0,1,1,,FALSE,5252500,2187500,,,mapped on 5km grid,5103,FALSE,1048,FALSE,Lepenci
EFAS,11,05107,Orçushë,20.592386,42.046725,0,0.000000,0.000000,,,0,0,0,0,,,0,,-,Drini Bardhë,XK,275,252,,,0,FALSE,1,0,0,0,0,1,,FALSE,5197500,2167500,,,mapped on 5km grid,5107,FALSE,1048,FALSE,Plava
EFAS,11,05125,Lipjan,21.107197,42.515933,0,0.000000,0.000000,,,0,0,0,0,,,0,,-,Ibri,XK,500,,,,0,FALSE,1,0,0,0,0,1,,FALSE,5232500,2222500,,,mapped on 5km grid,5125,FALSE,1048,FALSE,Sitnica
EFAS,11,05126,Mramuer,21.273281,42.636089,0,0.000000,0.000000,,,0,0,0,0,,,0,,-,Sitnicë,XK,50,,,,0,FALSE,1,0,0,0,0,1,,FALSE,5242500,2242500,,,mapped on 5km grid,5126,FALSE,1048,FALSE,Mramor
EFAS,11,05127,Popovë,21.093428,42.863339,0,0.000000,0.000000,,,0,0,0,0,,,0,,-,Llapë,XK,100,,,,0,FALSE,1,0,0,0,0,1,,FALSE,5227500,2262500,,,mapped on 5km grid,5127,FALSE,1048,FALSE,Kaqandolli
EFAS,11,05128,Orllan,21.345094,42.825786,0,0.000000,0.000000,,,0,0,0,0,,,0,,-,Llapë,XK,75,,,,0,FALSE,1,0,0,0,0,1,,FALSE,5247500,2262500,,,mapped on 5km grid,5128,FALSE,1048,FALSE,Turuçicë
EFAS,11,05135,Spytihněv,17.501185,49.133192,0,0.000000,0.000000,,,0,0,0,0,,,0,,-,Morava,CZ,7950,7890.3,Morava,,0,FALSE,1,0,0,0,0,1,,FALSE,4867500,2922500,,,mapped on 5km grid before confluence,5135,FALSE,1019,FALSE,Morava
EFAS,11,05136,Lanžhot,16.988874,48.687099,0,0.000000,0.000000,,,0,0,0,0,,,0,,-,Morava,CZ,625,9721.76,Morava,,1,FALSE,1,0,0,0,0,1,,FALSE,4832500,2867500,,,not mapped - station 3025 on most suitable pixel,5136,FALSE,1019,FALSE,Morava
EFAS,11,05137,Trier UP,6.626825,49.732171,0,0.000000,0.000000,,,0,0,0,0,,,1,,-,Rhine,DE,23675,23857,Rhine,,0,TRUE,1,0,0,0,1,1,121,FALSE,4077500,2967500,,,mapped on 5km grid before confluence,5137,FALSE,1004,TRUE,Moselle
EFAS,11,05138,Rethem,9.382781,52.789110,0,0.000000,0.000000,,,0,0,0,0,,,1,,-,Weser,DE,15800,14730,Weser,,0,FALSE,0,0,0,0,1,1,14.31,FALSE,4277500,3297500,,,mapped on 5km grid - duplicate of 1971?,5138,FALSE,1004,FALSE,Aller
EFAS,11,05139,Schmittlotheim,8.897970,51.155750,0,0.000000,0.000000,,,0,0,0,0,,,1,,-,Weser,DE,1250,1202,Weser,,1,FALSE,1,0,0,1,1,1,245.87,FALSE,4242500,3117500,,,not mapped - station 2158 on most suitable pixel,5139,FALSE,1004,FALSE,Eder
EFAS,11,05140,Guntershausen,9.469330,51.226580,0,0.000000,0.000000,,,0,0,0,0,,,1,,-,Weser,DE,6425,6366,Weser,,1,FALSE,1,0,0,1,1,1,140.9,FALSE,4282500,3122500,,,not mapped - station 2159 on most suitable pixel,5140,FALSE,1004,FALSE,Fulda
EFAS,11,05141,Allendorf,9.966460,51.276770,0,0.000000,0.000000,,,0,0,0,0,,,1,,-,Weser,DE,5275,5166,Weser,,0,TRUE,1,0,0,0,1,1,143.52,FALSE,4317500,3127500,,,mapped on 5km grid,5141,FALSE,1004,TRUE,Werra
EFAS,11,05142,HannMuenden,9.640910,51.425790,0,0.000000,0.000000,,,0,0,0,0,,,1,,-,Weser,DE,12575,12442,Weser,,1,FALSE,1,0,0,0,1,1,114.95,FALSE,4297500,3147500,,,not mapped - station 1941 on most suitable pixel,5142,FALSE,1004,FALSE,Weser
EFAS,11,05143,Karlshafen,9.438670,51.647990,0,0.000000,0.000000,,,0,0,0,0,,,1,,-,Weser,DE,14975,14794,Weser,,1,FALSE,1,0,0,0,1,1,94.05,FALSE,4282500,3172500,,,not mapped - station 2106 on most suitable pixel,5143,FALSE,1004,FALSE,Weser
EFAS,11,05144,Porta,8.921987,52.248716,0,0.000000,0.000000,,,0,0,0,0,,,1,,-,Weser,DE,19450,19160,Weser,,0,TRUE,1,0,0,0,1,1,37.04,FALSE,4247500,3237500,,,mapped on 5km grid,5144,FALSE,1004,TRUE,Weser
EFAS,11,05145,Nienburg,9.204600,52.644164,0,0.000000,0.000000,,,0,0,0,0,,,1,,-,Weser,DE,21975,21800,Weser,,0,TRUE,1,0,0,0,1,1,17.38,FALSE,4267500,3282500,,,mapped on 5km grid,5145,FALSE,1004,TRUE,Weser
EFAS,11,05146,Intschede,9.125735,52.964180,0,0.000000,0.000000,,,0,0,0,0,,,1,,-,Weser,DE,38650,37720,Weser,,1,FALSE,1,0,0,0,1,1,4.79,FALSE,4262500,3317500,,,not mapped - station 1940 on most suitable pixel,5146,FALSE,1004,FALSE,Weser
EFAS,11,05147,Versen Wehrdurchstich,7.241869,52.732982,0,0.000000,0.000000,,,0,0,0,0,,,1,,-,Ems,DE,8525,8389,,,0,TRUE,1,0,0,0,1,1,6.71,FALSE,4132500,3297500,,,mapped on 5km grid - potential duplicate 1973,5147,FALSE,1004,TRUE,Ems
EFAS,11,05148,Lesnica,19.274446,44.632737,0,0.000000,0.000000,,,0,0,0,0,,,1,,-,Drina,RS,975,959,Drina,,1,FALSE,1,0,0,1,1,1,103.47,FALSE,5057500,2437500,,,not mapped - station 2978 on most suitable pixel,5148,FALSE,1020,FALSE,Jadar
EFAS,11,05149,Guca,20.228990,43.781583,0,0.000000,0.000000,,,0,0,0,0,,,1,,-,Z. Morava,RS,275,239,,,0,TRUE,1,0,0,1,1,1,329.19,FALSE,5142500,2352500,,,mapped on 5km grid,5149,FALSE,1020,TRUE,Bjelica
EFAS,11,05150,Azuer en Vallehermoso,-3.170794,38.869990,0,0.000000,0.000000,,,0,0,0,0,,,1,,-,Guadiana,ES,450,524,Guadiana,,0,TRUE,1,0,0,1,1,1,733,FALSE,3177500,1847500,,,,5150,FALSE,1055,TRUE,Azuer
EFAS,11,05151,Azuer en Daimiel,-3.600146,39.075577,0,0.000000,0.000000,,,0,0,0,0,,,1,,-,Guadiana,ES,1100,1699,Guadiana,,0,TRUE,1,0,0,1,1,1,619,FALSE,3142500,1882500,,,,5151,FALSE,1055,TRUE,Azuer
EFAS,11,05152,Gigüela en Saelices,-2.800916,39.883598,0,0.000000,0.000000,,,0,0,0,0,,,1,,-,Guadiana,ES,575,552,Guadiana,,0,TRUE,1,0,0,1,1,1,789,FALSE,3227500,1957500,,,,5152,FALSE,1055,TRUE,Ciguela/Giguela
EFAS,11,05153,Gigüela en Quintanar,-3.081020,39.642607,0,0.000000,0.000000,,,0,0,0,0,,,1,,-,Guadiana,ES,900,995,Guadiana,,0,TRUE,1,0,0,1,1,1,692,FALSE,3197500,1937500,,,,5153,FALSE,1055,TRUE,Ciguela/Giguela
EFAS,11,05154,Gigüela en Villafranca,-3.310115,39.415012,0,0.000000,0.000000,,,0,0,0,0,,,1,,-,Guadiana,ES,3250,2557,Guadiana,,0,TRUE,1,0,0,1,1,1,639,FALSE,3177500,1922500,,,,5154,FALSE,1055,TRUE,Ciguela/Giguela
EFAS,11,05155,Záncara en Provencio,-2.578653,39.358535,0,0.000000,0.000000,,,0,0,0,0,,,1,,-,Guadiana,ES,2175,2020,Guadiana,,0,TRUE,1,0,0,1,1,1,693,FALSE,3237500,1897500,,,,5155,FALSE,1055,TRUE,Zancara
EFAS,11,05156,Záncara en Socuéllamos,-2.879942,39.343179,0,0.000000,0.000000,,,0,0,0,0,,,1,,-,Guadiana,ES,3675,3440,Guadiana,,0,TRUE,1,0,0,1,1,1,663,FALSE,3212500,1902500,,,,5156,FALSE,1055,TRUE,Zancara
EFAS,11,05157,Córcoles en Cabecera,-2.563199,39.086567,0,0.000000,0.000000,,,0,0,0,0,,,1,,-,Guadiana,ES,75,129,Guadiana,,0,TRUE,1,0,0,1,1,1,820,FALSE,3237500,1862500,,,,5157,FALSE,1055,TRUE,Corcoles
EFAS,11,05158,Córcoles en Socuéllamos,-2.792055,39.301840,0,0.000000,0.000000,,,0,0,0,0,,,1,,-,Guadiana,ES,400,349,Guadiana,,0,TRUE,1,0,0,1,1,1,673,FALSE,3217500,1892500,,,,5158,FALSE,1055,TRUE,Corcoles
EFAS,11,05159,Amarguillo en Consuegra,-3.593808,39.462638,0,0.000000,0.000000,,,0,0,0,0,,,1,,-,Guadiana,ES,225,197,Guadiana,,0,TRUE,1,0,0,1,1,1,701,FALSE,3152500,1922500,,,,5159,FALSE,1055,TRUE,Amarguillo
EFAS,11,05160,Bañuelos en Fernancaballero,-3.922391,39.102146,0,0.000000,0.000000,,,0,0,0,0,,,1,,-,Guadiana,ES,700,412,Guadiana,,0,TRUE,1,0,0,1,1,1,603,FALSE,3122500,1892500,,,,5160,FALSE,1055,TRUE,Banuelos
EFAS,11,05161,Guadiana en Vicario,-4.028512,39.041129,0,0.000000,0.000000,,,0,0,0,0,,,1,,-,Guadiana,ES,16325,16382,Guadiana,,0,TRUE,1,0,0,1,1,1,583,FALSE,3107500,1887500,,,,5161,FALSE,1055,TRUE,Guadiana
EFAS,11,05162,Jabalón en la Cabezuela,-3.281153,38.688526,0,0.000000,0.000000,,,0,0,0,0,,,1,,-,Guadiana,ES,675,544,Guadiana,,0,TRUE,1,0,0,1,1,1,742,FALSE,3162500,1832500,,,,5162,FALSE,1055,TRUE,Jabalon
EFAS,11,05163,Bullaque en Torre Abraham,-4.267251,39.258244,0,0.000000,0.000000,,,0,0,0,0,,,1,,-,Guadiana,ES,775,750,Guadiana,,0,TRUE,1,0,0,1,1,1,601,FALSE,3092500,1917500,,,,5163,FALSE,1055,TRUE,Bullaque
EFAS,11,05164,Bullaque en Luciana,-4.287311,38.985134,0,0.000000,0.000000,,,0,0,0,0,,,1,,-,Guadiana,ES,2050,2034,Guadiana,,0,TRUE,1,0,0,1,1,1,532,FALSE,3087500,1882500,,,,5164,FALSE,1055,TRUE,Bullaque
EFAS,11,05165,Tirteafuera en Abenójar,-4.404921,38.889218,0,0.000000,0.000000,,,0,0,0,0,,,1,,-,Guadiana,ES,750,734,Guadiana,,0,TRUE,1,0,0,1,1,1,565,FALSE,3072500,1872500,,,,5165,FALSE,1055,TRUE,Tirteafuera
EFAS,11,05166,Becea en Gasset,-3.934727,39.126405,0,0.000000,0.000000,,,0,0,0,0,,,1,,-,Guadiana,ES,,163,Guadiana,,1,FALSE,1,0,0,1,1,1,617,FALSE,,,,,CANNOT BE MAPPED,5166,FALSE,1055,FALSE,Becea
EFAS,11,05167,Guadiana en Villarubia,-3.587278,39.198896,0,0.000000,0.000000,,,0,0,0,0,,,1,,-,Guadiana,ES,12050,10319,Guadiana,,0,TRUE,1,0,0,1,1,1,612,FALSE,3142500,1897500,,,,5167,FALSE,1055,TRUE,Ciguela/Giguela
EFAS,11,05168,Valdejudíos,-2.740454,39.971570,0,0.000000,0.000000,,,0,0,0,0,,,1,,-,Guadiana,ES,50,32,Guadiana,,0,TRUE,1,0,0,1,1,1,855,FALSE,3232500,1967500,,,,5168,FALSE,1055,TRUE,Valdejudios
EFAS,11,05169,Guadiana en Puebla de D. Rodrigo,-4.583606,39.101589,0,0.000000,0.000000,,,0,0,0,0,,,1,,-,Guadiana,ES,22550,22580,Guadiana,,0,TRUE,1,0,0,1,1,1,459,FALSE,3057500,1897500,,,,5169,FALSE,1055,TRUE,Guadiana
EFAS,11,05170,Estena en Helechosa,-4.736368,39.380807,0,0.000000,0.000000,,,0,0,0,0,,,1,,-,Guadiana,ES,400,579,Guadiana,,0,TRUE,1,0,0,1,1,1,471,FALSE,3052500,1932500,,,,5170,FALSE,1055,TRUE,Estena
EFAS,11,05171,Estenilla en Anchuras,-4.820393,39.450662,0,0.000000,0.000000,,,0,0,0,0,,,1,,-,Guadiana,ES,150,197,Guadiana,,0,TRUE,1,0,0,1,1,1,473,FALSE,3047500,1942500,,,,5171,FALSE,1055,TRUE,Estenilla
EFAS,11,05172,Fresnedoso en Sevilleja,-4.977786,39.454632,0,0.000000,0.000000,,,0,0,0,0,,,1,,-,Guadiana,ES,125,163,Guadiana,,0,TRUE,1,0,0,1,1,1,445,FALSE,3037500,1947500,,,,5172,FALSE,1055,TRUE,Fresnedoso
EFAS,11,05173,Guadarranque en Alía,-5.029574,39.376627,0,0.000000,0.000000,,,0,0,0,0,,,1,,-,Guadiana,ES,275,287,Guadiana,,0,TRUE,1,0,0,1,1,1,376,FALSE,3027500,1942500,,,,5173,FALSE,1055,TRUE,Guadarranque
EFAS,11,05174,Zújar Confluencia Guadamatilla,-5.162820,38.676160,0,0.000000,0.000000,,,0,0,0,0,,,1,,-,Guadiana,ES,1625,1676,Guadiana,,0,TRUE,1,0,0,1,1,1,365,FALSE,3002500,1862500,,,,5174,FALSE,1055,TRUE,Zujar
EFAS,11,05175,Guadalmez en Guadalmez,-4.972524,38.717303,0,0.000000,0.000000,,,0,0,0,0,,,1,,-,Guadiana,ES,2825,2856,Guadiana,,0,TRUE,1,0,0,1,1,1,354,FALSE,3022500,1862500,,,,5175,FALSE,1055,TRUE,Guadalmez
EFAS,11,05176,Esteras en Serena,-4.930657,38.878130,0,0.000000,0.000000,,,0,0,0,0,,,1,,-,Guadiana,ES,475,626,Guadiana,,0,TRUE,1,0,0,1,1,1,375,FALSE,3027500,1882500,,,,5176,FALSE,1055,TRUE,Esteras
EFAS,11,05177,Guadalemar en Serena,-4.978335,39.042470,0,0.000000,0.000000,,,0,0,0,0,,,1,,-,Guadiana,ES,175,324,Guadiana,,0,TRUE,1,0,0,1,1,1,443,FALSE,3027500,1902500,,,,5177,FALSE,1055,TRUE,Guadalemar
EFAS,11,05178,Siruela en Serena,-4.945845,39.012986,0,0.000000,0.000000,,,0,0,0,0,,,1,,-,Guadiana,ES,225,352,Guadiana,,0,TRUE,1,0,0,1,1,1,445,FALSE,3027500,1897500,,,,5178,FALSE,1055,TRUE,Siruela/Agudo
EFAS,11,05179,Zújar en Zújar,-5.492212,38.910004,0,0.000000,0.000000,,,0,0,0,0,,,1,,-,Guadiana,ES,7650,7640,Guadiana,,0,TRUE,1,0,0,1,1,1,273,FALSE,2977500,1897500,,,,5179,FALSE,1055,TRUE,Zujar
EFAS,11,05180,Ruecas en Cañamero,-5.377941,39.379657,0,0.000000,0.000000,,,0,0,0,0,,,1,,-,Guadiana,ES,75,42,Guadiana,,0,TRUE,1,0,0,1,1,1,568,FALSE,3002500,1942500,,,,5180,FALSE,1055,TRUE,Ruecas
EFAS,11,05181,Pizarroso en Sierra Brava,-5.656327,39.174607,0,0.000000,0.000000,,,0,0,0,0,,,1,,-,Guadiana,ES,,240,Guadiana,,1,FALSE,1,0,0,1,1,1,286,FALSE,,,,,CANNOT BE MAPPED,5181,FALSE,1055,FALSE,Pizarroso
EFAS,11,05182,Alcollarín en Alcollarín,-5.741189,39.241912,0,0.000000,0.000000,,,0,0,0,0,,,1,,-,Guadiana,ES,125,124,Guadiana,,0,TRUE,1,0,0,1,1,1,306,FALSE,2962500,1937500,,,,5182,FALSE,1055,TRUE,Alcollarin
EFAS,11,05183,Ruecas en Hernán Cortés,-5.911337,39.032218,0,0.000000,0.000000,,,0,0,0,0,,,1,,-,Guadiana,ES,1800,1715,Guadiana,,0,TRUE,1,0,0,1,1,1,246,FALSE,2947500,1917500,,,,5183,FALSE,1055,TRUE,Ruecas
EFAS,11,05184,Ortigas en las Cruces,-5.930391,38.950127,0,0.000000,0.000000,,,0,0,0,0,,,1,,-,Guadiana,ES,425,455,Guadiana,,0,TRUE,1,0,0,1,1,1,245,FALSE,2942500,1907500,,,,5184,FALSE,1055,TRUE,Ortigas
EFAS,11,05185,Búrdalo en Miajadas,-5.996487,39.160206,0,0.000000,0.000000,,,0,0,0,0,,,1,,-,Guadiana,ES,300,290,Guadiana,,0,TRUE,1,0,0,1,1,1,273,FALSE,2942500,1932500,,,,5185,FALSE,1055,TRUE,Burdalo
EFAS,11,05186,Búrdalo en Sta. Amalia,-6.049785,39.014092,0,0.000000,0.000000,,,0,0,0,0,,,1,,-,Guadiana,ES,550,575,Guadiana,,0,TRUE,1,0,0,1,1,1,238,FALSE,2932500,1917500,,,,5186,FALSE,1055,TRUE,Burdalo
EFAS,11,05187,Fresneda en Cerros Verdes,-6.136973,38.998329,0,0.000000,0.000000,,,0,0,0,0,,,1,,-,Guadiana,ES,125,110,Guadiana,,0,TRUE,1,0,0,1,1,1,245,FALSE,2927500,1917500,,,,5187,FALSE,1055,TRUE,Fresneda
EFAS,11,05188,Guadiana en Valverde,-6.189828,38.889731,0,0.000000,0.000000,,,0,0,0,0,,,1,,-,Guadiana,ES,39375,38712,Guadiana,,0,TRUE,1,0,0,1,1,1,219,FALSE,2917500,1907500,,,,5188,FALSE,1055,TRUE,Guadiana
EFAS,11,05189,Matachel en los Molinos,-6.118227,38.538831,0,0.000000,0.000000,,,0,0,0,0,,,1,,-,Guadiana,ES,1275,1194,Guadiana,,0,TRUE,1,0,0,1,1,1,322,FALSE,2912500,1872500,,,,5189,FALSE,1055,TRUE,Matachel
EFAS,11,05190,San Juan en Oliva,-6.139903,38.726101,0,0.000000,0.000000,,,0,0,0,0,,,1,,-,Guadiana,ES,175,216,Guadiana,,0,TRUE,1,0,0,1,1,1,297,FALSE,2922500,1887500,,,,5190,FALSE,1055,TRUE,San Juan
EFAS,11,05191,Palomillas en Palomas,-6.068808,38.649740,0,0.000000,0.000000,,,0,0,0,0,,,1,,-,Guadiana,ES,200,221,Guadiana,,0,TRUE,1,0,0,1,1,1,364,FALSE,2922500,1877500,,,,5191,FALSE,1055,TRUE,Palomillas
EFAS,11,05192,Bonhabal en Alange,-6.329557,38.705435,0,0.000000,0.000000,,,0,0,0,0,,,1,,-,Guadiana,ES,225,490,Guadiana,,0,TRUE,1,0,0,1,1,1,232,FALSE,2902500,1887500,,,,5192,FALSE,1055,TRUE,Bonhabal
EFAS,11,05193,Matachel en Alange,-6.268578,38.790846,0,0.000000,0.000000,,,0,0,0,0,,,1,,-,Guadiana,ES,,2497,Guadiana,,1,FALSE,1,0,0,1,1,1,224,FALSE,,,,,CANNOT BE MAPPED,5193,FALSE,1055,FALSE,Matachel
EFAS,11,05194,Lácara en Cordobilla,-6.432437,39.142368,0,0.000000,0.000000,,,0,0,0,0,,,1,,-,Guadiana,ES,150,103,Guadiana,,0,TRUE,1,0,0,1,1,1,294,FALSE,2902500,1937500,,,,5194,FALSE,1055,TRUE,Lacara
EFAS,11,05195,Aljucén en Aljucén,-6.339920,39.045918,0,0.000000,0.000000,,,0,0,0,0,,,1,,-,Guadiana,ES,275,273,Guadiana,,0,TRUE,1,0,0,1,1,1,247,FALSE,2912500,1927500,,,,5195,FALSE,1055,TRUE,Aljucen
EFAS,11,05196,Guadiana en Montijo,-6.442243,38.903993,0,0.000000,0.000000,,,0,0,0,0,,,1,,-,Guadiana,ES,42800,42563,Guadiana,,0,TRUE,1,0,0,1,1,1,195,FALSE,2897500,1912500,,,,5196,FALSE,1055,TRUE,Guadiana
EFAS,11,05197,Lácara en Canchales,-6.521561,38.963511,0,0.000000,0.000000,,,0,0,0,0,,,1,,-,Guadiana,ES,400,427,Guadiana,,0,TRUE,1,0,0,1,1,1,210,FALSE,2892500,1917500,,,,5197,FALSE,1055,TRUE,Lacara
EFAS,11,05198,Guadajira en Villalba,-6.495362,38.597245,0,0.000000,0.000000,,,0,0,0,0,,,1,,-,Guadiana,ES,425,365,Guadiana,,0,TRUE,1,0,0,1,1,1,291,FALSE,2887500,1877500,,,,5198,FALSE,1055,TRUE,Guadajira
EFAS,11,05199,Guadajira en Guadajira,-6.689397,38.851930,0,0.000000,0.000000,,,0,0,0,0,,,1,,-,Guadiana,ES,875,902,Guadiana,,0,TRUE,1,0,0,1,1,1,168,FALSE,2877500,1907500,,,,5199,FALSE,1055,TRUE,Guadajira
EFAS,11,05200,Entrín en Lobón,-6.721816,38.859168,0,0.000000,0.000000,,,0,0,0,0,,,1,,-,Guadiana,ES,375,381,Guadiana,,0,TRUE,1,0,0,1,1,1,186,FALSE,2872500,1907500,,,,5200,FALSE,1055,TRUE,Entrin
EFAS,11,05201,Alcazaba en Montijo,-6.738275,38.948494,0,0.000000,0.000000,,,0,0,0,0,,,1,,-,Guadiana,ES,275,308,Guadiana,,0,TRUE,1,0,0,1,1,1,187,FALSE,2877500,1922500,,,,5201,FALSE,1055,TRUE,Alcazaba
EFAS,11,05202,Albuera en Talavera,-6.776841,38.879948,0,0.000000,0.000000,,,0,0,0,0,,,1,,-,Guadiana,ES,500,435,Guadiana,,0,TRUE,1,0,0,1,1,1,186,FALSE,2867500,1917500,,,,5202,FALSE,1055,TRUE,Albuera/Rivera de los limonetes
EFAS,11,05203,Zapatón en Villar del Rey,-6.869951,39.144826,0,0.000000,0.000000,,,0,0,0,0,,,1,,-,Guadiana,ES,1075,1049,Guadiana,,0,TRUE,1,0,0,1,1,1,209,FALSE,2867500,1942500,,,,5203,FALSE,1055,TRUE,Zapaton
EFAS,11,05204,Gévora en los Riscos,-7.037003,39.131612,0,0.000000,0.000000,,,0,0,0,0,,,1,,-,Guadiana,ES,525,190,Guadiana,,0,TRUE,1,0,0,1,1,1,215,FALSE,2852500,1947500,,,,5204,FALSE,1055,TRUE,Gevora
EFAS,11,05205,Gévora en Valdebotoa,-6.929487,38.963952,0,0.000000,0.000000,,,0,0,0,0,,,1,,-,Guadiana,ES,2075,1889,Guadiana,,0,TRUE,1,0,0,1,1,1,178,FALSE,2857500,1927500,,,,5205,FALSE,1055,TRUE,Gevora
EFAS,11,05206,Rivilla en Badajoz,-6.956919,38.868184,0,0.000000,0.000000,,,0,0,0,0,,,1,,-,Guadiana,ES,48875,311,Guadiana,,0,TRUE,1,0,0,1,1,1,170,FALSE,2852500,1917500,,,,5206,FALSE,1055,TRUE,Rivilla
EFAS,11,05207,Calamón en Calamón,-6.959740,38.827068,0,0.000000,0.000000,,,0,0,0,0,,,1,,-,Guadiana,ES,125,100,Guadiana,,0,TRUE,1,0,0,1,1,1,187,FALSE,2852500,1912500,,,,5207,FALSE,1055,TRUE,Calamon
EFAS,11,05208,Ardila en Oliva,-6.885575,38.230532,0,0.000000,0.000000,,,0,0,0,0,,,1,,-,Guadiana,ES,1750,1800,Guadiana,,0,TRUE,1,0,0,1,1,1,203,FALSE,2847500,1847500,,,,5208,FALSE,1055,TRUE,Ardila
EFAS,11,05209,Guadiana en Villanueva,-5.818698,39.024750,0,0.000000,0.000000,,,0,0,0,0,,,1,,-,Guadiana,ES,35125,31469,Guadiana,,0,TRUE,0,0,0,1,1,1,251,FALSE,2952500,1912500,,,,5209,FALSE,1055,FALSE,Guadiana
EFAS,11,05210,Guadiana en Medellín,-5.956428,38.971473,0,0.000000,0.000000,,,0,0,0,0,,,1,,-,Guadiana,ES,37025,36761,Guadiana,,0,FALSE,0,0,0,0,1,1,236,FALSE,2942500,1912500,,,,5210,FALSE,1055,FALSE,Guadiana
EFAS,11,05211,Guadiana en Talavera,-6.762084,38.902518,0,0.000000,0.000000,,,0,0,0,0,,,1,,-,Guadiana,ES,44950,44671,Guadiana,,0,FALSE,0,0,0,0,1,1,178,FALSE,2872500,1917500,,,,5211,FALSE,1055,FALSE,Guadiana
EFAS,11,05212,Guadiana en Charco de los Pollos,-7.044688,38.845086,0,0.000000,0.000000,,,0,0,0,0,,,1,,-,Guadiana,ES,48925,48563,Guadiana,,0,TRUE,1,0,0,1,1,1,158,FALSE,2847500,1917500,,,,5212,FALSE,1055,TRUE,Guadiana
EFAS,11,05213,Múrtigas en Encinasola,-6.918658,38.133408,0,0.000000,0.000000,,,0,0,0,0,,,1,,-,Guadiana,ES,825,673,Guadiana,,0,TRUE,1,0,0,1,1,1,219,FALSE,2837500,1837500,,,,5213,FALSE,1055,TRUE,Murtigas
EFAS,11,05214,Banja Luka,17.188520,44.764680,0,0.000000,0.000000,,,0,0,0,0,,,1,,-,Danube,BA,3450,4588,Danube,,0,TRUE,1,1,0,0,1,1,151.21,FALSE,4892500,2432500,,,mapped on 5km grid,5214,FALSE,1076,TRUE,Vrbas
EFAS,11,05215,Delibasino Selo,17.188520,44.764680,0,0.000000,0.000000,,,0,0,0,0,,,1,,-,Danube,BA,4275,5469,Danube,,0,TRUE,1,1,0,0,1,1,151.21,FALSE,4892500,2437500,,,mapped on 5km grid,5215,FALSE,1076,TRUE,Vrbas
EFAS,11,05216,Doboj,18.095683,44.744472,0,0.000000,0.000000,,,0,0,0,0,,,1,,-,Danube,BA,9725,4588,Danube,,1,FALSE,1,1,0,1,1,1,137.01,FALSE,4962500,2437500,,,not mapped - station 2967 on most suitable pixel,5216,FALSE,1076,FALSE,Bosna
EFAS,11,05217,Majevac,17.024121,44.238878,0,0.000000,0.000000,,,0,0,0,0,,,1,,-,Danube,BA,125,,Danube,,0,TRUE,1,1,0,0,1,1,461.53,FALSE,4882500,2372500,,ID_5217_202201281534.mod,mapped on 5km grid,5217,FALSE,1076,TRUE,Pliva
EFAS,11,05218,Volari,17.115250,44.292153,0,0.000000,0.000000,,,0,0,0,0,,,1,,-,Danube,BA,600,1665,Danube,,0,TRUE,1,1,0,0,1,1,435.1,FALSE,4887500,2382500,,,mapped on 5km grid,5218,FALSE,1076,TRUE,Pliva
EFAS,11,05219,Vrbanja,17.272768,44.747435,0,0.000000,0.000000,,,0,0,0,0,,,1,,-,Danube,BA,750,778,Danube,,1,FALSE,1,1,0,0,1,1,166.22,FALSE,4897500,2432500,,,not mapped - station 2968 on most suitable pixel,5219,FALSE,1076,FALSE,Vrbanja
EFAS,11,05220,Novi Grad nizvodno,16.384199,45.053559,0,0.000000,0.000000,,,0,0,0,0,,,1,,-,Danube,BA,8725,8507,Danube,,0,TRUE,1,1,0,0,1,1,116.06,FALSE,4822500,2462500,,,mapped on 5km grid,5220,FALSE,1076,TRUE,Una
EFAS,11,05221,Prijedor,16.703860,44.973850,0,0.000000,0.000000,,,0,0,0,0,,,1,,-,Danube,BA,3025,3191,Danube,,0,TRUE,1,1,0,0,1,1,129.68,FALSE,4847500,2452500,,,mapped on 5km grid,5221,FALSE,1076,TRUE,Sana
EFAS,11,05222,Guadiana en La Cubeta,-2.893291,38.775709,0,0.000000,0.000000,,,0,0,0,0,,,1,,-,Guadiana,es,50,856,Guadiana,,0,TRUE,1,0,0,1,1,1,765,FALSE,3197500,1842500,,,,5222,FALSE,1055,TRUE,Guadiana
EFAS,11,05223,Martinrive,5.637124,50.478893,0,0.000000,0.000000,,,0,0,0,0,,,1,,-,Meuse,BE,1100,1068,Meuse,,0,TRUE,1,0,0,1,0,0,,FALSE,4012500,3047500,,,mapped on 5km grid,5223,FALSE,1046,TRUE,Ambleve
EFAS,11,05224,Membre Pont,4.902008,49.863766,0,0.000000,0.000000,,,0,0,0,0,,,1,,-,Meuse,BE,1250,1226,Meuse,,0,TRUE,1,0,0,1,0,0,,FALSE,3957500,2987500,,,mapped on 5km grid,5224,FALSE,1046,TRUE,Smois
EFAS,11,05225,Treignes,4.675973,50.088626,0,0.000000,0.000000,,,0,0,0,0,,,1,,-,Meuse,BE,600,548,Meuse,,0,TRUE,1,0,0,1,0,0,,FALSE,3937500,3012500,,,mapped on 5km grid,5225,FALSE,1046,TRUE,Viroin
EFAS,11,05226,Gendron,4.962814,50.211326,0,0.000000,0.000000,,,0,0,0,0,,,1,,-,Meuse,BE,1425,1286,Meuse,,0,TRUE,1,0,0,1,0,0,,FALSE,3962500,3022500,,,mapped on 5km grid,5226,FALSE,1046,TRUE,Lesse
EFAS,11,05227,Huccorgne,5.167716,50.567506,0,0.000000,0.000000,,,0,0,0,0,,,1,,-,Meuse,BE,325,305,Meuse,,0,TRUE,1,0,0,1,0,0,,FALSE,3977500,3062500,,,mapped on 5km grid,5227,FALSE,1046,TRUE,Mehaigne
EFAS,11,05228,Tabreux,5.535111,50.437972,0,0.000000,0.000000,,,0,0,0,0,,,1,,-,Meuse,BE,1650,1607,Meuse,,0,TRUE,1,0,0,1,0,0,,FALSE,4002500,3047500,,,mapped on 5km grid,5228,FALSE,1046,TRUE,Ourthe
EFAS,11,05229,Tubize,4.196447,50.690257,0,0.000000,0.000000,,,0,0,0,0,,,1,,-,Scheldt,BE,375,215,Scheldt,,0,TRUE,1,0,0,1,0,0,,FALSE,3912500,3077500,,,mapped on 5km grid before confluence,5229,FALSE,1046,TRUE,Senne
EFAS,11,05230,Chaudfontaine Pisc,5.653639,50.589460,0,0.000000,0.000000,,,0,0,0,0,,,1,,-,Meuse,BE,50,683,Meuse,,0,TRUE,1,0,0,1,0,0,,FALSE,4017500,3062500,,,mapped on 5km grid before confluence,5230,FALSE,1046,TRUE,Vesdre
EFAS,11,05231,Solre Us,4.141175,50.309192,0,0.000000,0.000000,,,0,0,0,0,,,1,,-,Meuse,BE,1375,1188,Meuse,,0,TRUE,1,0,0,1,0,0,,FALSE,3902500,3037500,,,mapped on 5km grid,5231,FALSE,1046,TRUE,Haute sambre
EFAS,11,05232,Lessines Us,3.835607,50.705028,0,0.000000,0.000000,,,0,0,0,0,,,1,,-,Scheldt,BE,525,516,Scheldt,,0,TRUE,1,0,0,1,0,0,,FALSE,3887500,3082500,,,mapped on 5km grid,5232,FALSE,1046,TRUE,Dendre
EFAS,11,05233,Aforo en Río Segura - Contraparada,-1.214300,38.009423,0,0.000000,0.000000,,,0,0,0,0,,,0,,-,Segura,ES,10775,282.91,Segura,,0,FALSE,1,0,0,0,0,1,60,FALSE,3332500,1732500,,,,5233,FALSE,1070,FALSE,Segura
EFAS,11,05234,Aforo en Río Segura - Beniscornia,-1.166316,37.984921,0,0.000000,0.000000,,,0,0,0,0,,,0,,-,Segura,ES,10825,400.37,Segura,,0,FALSE,1,0,0,0,0,1,45,FALSE,3337500,1727500,,,,5234,FALSE,1070,FALSE,Segura
EFAS,11,05235,Aforo en Río Segura - Murcia Autovía,-1.137332,37.979213,0,0.000000,0.000000,,,0,0,0,0,,,0,,-,Segura,ES,10850,444.1,Segura,,0,FALSE,1,0,0,0,0,1,43,FALSE,3342500,1727500,,,,5235,FALSE,1070,FALSE,Segura
EFAS,11,05236,Aforo en Río Chícamo. Macisvenda,-1.001886,38.261254,0,0.000000,0.000000,,,0,0,0,0,,,0,,-,Vinalopo,ES,200,348.46,Vinaloppo,,0,FALSE,1,0,0,0,0,1,43,FALSE,3357500,1757500,,,,5236,FALSE,1070,FALSE,Chícamo
EFAS,11,05237,Aforo Canal de Abanilla,-1.074563,38.125754,0,0.000000,0.000000,,,0,0,0,0,,,0,,-,,ES,250,144.43,,,0,FALSE,1,0,0,0,0,1,125,FALSE,3347500,1737500,,,,5237,FALSE,1070,FALSE,
EFAS,11,05238,Aforo en Río Mula - Entrada Embalse La Cierva,-1.506693,38.065633,0,0.000000,0.000000,,,0,0,0,0,,,0,,-,Segura,ES,225,171.72,Segura,,0,FALSE,1,0,0,0,0,1,336,FALSE,3307500,1742500,,,,5238,FALSE,1070,FALSE,Mula
EFAS,11,05239,Aforo en Rbla. Doña Ana (salida E. Doña Ana),-1.552425,38.023133,0,0.000000,0.000000,,,0,0,0,0,,,0,,-,Segura,ES,25,17.67,Segura,,0,FALSE,1,0,0,0,0,0,372,FALSE,3302500,1737500,,,,5239,FALSE,1070,FALSE,Rambla de Doña Ana
EFAS,11,05240,Aforo en Río Pliego (Marco de control),-1.497746,38.017897,0,0.000000,0.000000,,,0,0,0,0,,,0,,-,Segura,ES,300,34.47,Segura,,0,FALSE,1,0,0,0,0,1,280,FALSE,3307500,1737500,,,,5240,FALSE,1070,FALSE,Pliego
EFAS,11,05241,Aforo en Río Mula (Marco de control),-1.364676,38.030558,0,0.000000,0.000000,,,0,0,0,0,,,0,,-,Segura,ES,675,164.78,Segura,,0,FALSE,1,0,0,0,0,1,178,FALSE,3322500,1737500,,,,5241,FALSE,1070,FALSE,Mula
EFAS,11,05242,Aforo en Rbla Salada (Marco de control),-1.266233,37.991145,0,0.000000,0.000000,,,0,0,0,0,,,0,,-,Segura,ES,175,111.96,Segura,,0,FALSE,1,0,0,0,0,1,106,FALSE,3327500,1732500,,,,5242,FALSE,1070,FALSE,Rambla Salada
EFAS,11,05243,Aforo en Río Guadalentín - El Palmar,-1.158827,37.944350,0,0.000000,0.000000,,,0,0,0,0,,,0,,-,Segura,ES,3375,171.27,Segura,,0,FALSE,1,0,0,0,0,1,55,FALSE,3337500,1722500,,,,5243,FALSE,1070,FALSE,Guadalentín
EFAS,11,05244,Aforo Azud de Abanilla,-1.042167,38.174892,0,0.000000,0.000000,,,0,0,0,0,,,0,,-,Vinalopo,ES,425,348.46,Vinalopo,,0,FALSE,1,0,0,0,0,1,125,FALSE,3352500,1747500,,,,5244,FALSE,1070,FALSE,Chícamo
EFAS,11,05245,Aforo en Río Segura - Almadenes,-1.557097,38.238071,0,0.000000,0.000000,,,0,0,0,0,,,0,,-,Segura,ES,,454.65,Segura,,1,FALSE,1,0,0,0,0,1,216,FALSE,,,,,CANNOT BE MAPPED,5245,FALSE,1070,FALSE,Segura
EFAS,11,05246,Aforo en Río Segura - Ojós,-1.339699,38.149133,0,0.000000,0.000000,,,0,0,0,0,,,0,,-,Segura,ES,9550,25.16,Segura,,0,FALSE,1,0,0,0,0,1,118,FALSE,3322500,1747500,,,,5246,FALSE,1070,FALSE,Segura
EFAS,11,05247,Aforo río Segura - Menjú,-1.415348,38.220663,0,0.000000,0.000000,,,0,0,0,0,,,0,,-,Segura,ES,9425,762.31,Segura,,0,FALSE,1,0,0,0,0,1,159,FALSE,3317500,1757500,,,,5247,FALSE,1070,FALSE,Segura
EFAS,11,05248,Aforo en río Segura - Blanca,-1.378167,38.179003,0,0.000000,0.000000,,,0,0,0,0,,,0,,-,Segura,ES,9525,835.34,Segura,,0,FALSE,1,0,0,0,0,1,154,FALSE,3322500,1752500,,,,5248,FALSE,1070,FALSE,Segura
EFAS,11,05249,Aforo río Argos (Ab. Emb. Argos),-1.682442,38.239330,0,0.000000,0.000000,,,0,0,0,0,,,0,,-,Segura,ES,525,58.57,Segura,,0,FALSE,1,0,0,0,0,1,260,FALSE,3292500,1762500,,,,5249,FALSE,1070,FALSE,Argos
EFAS,11,05250,Marco de control en rio Moratalla,-1.740544,38.247715,0,0.000000,0.000000,,,0,0,0,0,,,0,,-,Segura,ES,325,17.7,Segura,,0,FALSE,1,0,0,0,0,1,305,FALSE,3287500,1762500,,,,5250,FALSE,1070,FALSE,Moratalla
EFAS,11,05251,Marco de control en Rbla del Tinajón,-1.274457,38.141523,0,0.000000,0.000000,,,0,0,0,0,,,0,,-,Segura,ES,75,26.43,Segura,,0,FALSE,1,0,0,0,0,1,126,FALSE,3332500,1747500,,,,5251,FALSE,1070,FALSE,Tinajón
EFAS,11,05252,Aforo en Río Segura (Cieza),-1.430588,38.237443,0,0.000000,0.000000,,,0,0,0,0,,,0,,-,Segura,ES,9000,726.73,Segura,,0,FALSE,1,0,0,0,0,1,166,FALSE,3317500,1762500,,,,5252,FALSE,1070,FALSE,Segura
EFAS,11,05253,Aforo en Río Segura (Archena),-1.303757,38.129058,0,0.000000,0.000000,,,0,0,0,0,,,0,,-,Segura,ES,9675,66.09,Segura,,0,FALSE,1,0,0,0,0,1,114,FALSE,3327500,1747500,,,,5253,FALSE,1070,FALSE,Segura
EFAS,11,05254,Aforo en Río Segura (Bayo),-1.689722,38.285532,0,0.000000,0.000000,,,0,0,0,0,,,0,,-,Segura,ES,5450,120.61,Segura,,0,FALSE,1,0,0,0,0,1,298,FALSE,3297500,1767500,,,,5254,FALSE,1070,FALSE,Segura
EFAS,11,05255,Aforo en Río Segura (Calasparra),-1.700928,38.250579,0,0.000000,0.000000,,,0,0,0,0,,,0,,-,Segura,ES,6000,340.68,Segura,,0,FALSE,1,0,0,0,0,1,268,FALSE,3292500,1767500,,,,5255,FALSE,1070,FALSE,Segura
EFAS,11,05256,Aforo río Mundo (Azaraque),-1.660325,38.405838,0,0.000000,0.000000,,,0,0,0,0,,,0,,-,Segura,ES,1050,277.11,Segura,,0,FALSE,1,0,0,0,0,1,350,FALSE,3297500,1782500,,,,5256,FALSE,1070,FALSE,Mundo
EFAS,11,05257,Aforo río Mundo (Liétor),-1.964267,38.542216,0,0.000000,0.000000,,,0,0,0,0,,,0,,-,Segura,ES,650,594.63,Segura,,0,FALSE,1,0,0,0,0,1,538,FALSE,3272500,1797500,,,,5257,FALSE,1070,FALSE,Mundo
EFAS,11,05258,Marco de Control Rbla de Minateda,-1.638669,38.400768,0,0.000000,0.000000,,,0,0,0,0,,,0,,-,Segura,ES,1525,734.2,Segura,,0,FALSE,1,0,0,0,0,1,360,FALSE,3302500,1782500,,,,5258,FALSE,1070,FALSE,Rambla de Minateda
EFAS,11,05259,Aforo en Río Mundo (Aguas abajo Talave),-1.853793,38.503218,0,0.000000,0.000000,,,0,0,0,0,,,0,,-,Segura,ES,800,16.13,Segura,,0,FALSE,1,0,0,0,0,1,491,FALSE,3287500,1792500,,,,5259,FALSE,1070,FALSE,Mundo
EFAS,11,05260,Aforo río Mundo (azud de Lietor),-1.946474,38.535381,0,0.000000,0.000000,,,0,0,0,0,,,0,,-,Segura,ES,675,594.63,Segura,,0,FALSE,1,0,0,0,0,1,538,FALSE,3277500,1797500,,,,5260,FALSE,1070,FALSE,Mundo
EFAS,11,05261,Aforo en Río Mundo (Ag.Ab.Camarillas),-1.662680,38.321226,0,0.000000,0.000000,,,0,0,0,0,,,0,,-,Segura,ES,,12.32,Segura,,1,FALSE,1,0,0,0,0,1,314,FALSE,,,,,CANNOT BE MAPPED,5261,FALSE,1070,FALSE,Mundo
EFAS,11,05262,Aforo en río Taibilla (Confluencia con Segura),-2.159269,38.392876,0,0.000000,0.000000,,,0,0,0,0,,,0,,-,Segura,ES,575,280.81,Segura,,0,FALSE,1,0,0,0,0,1,513,FALSE,3252500,1782500,,,,5262,FALSE,1070,FALSE,Taibilla
EFAS,11,05263,Aforo en Río Segura (Aguas abajo Cenajo),-1.769561,38.368171,0,0.000000,0.000000,,,0,0,0,0,,,0,,-,Segura,ES,2600,3.14,Segura,,0,FALSE,1,0,0,0,0,1,366,FALSE,3287500,1777500,,,,5263,FALSE,1070,FALSE,Segura
EFAS,11,05264,Aforo en Río Segura (Aguas abajo Fuensanta),-2.209057,38.396194,0,0.000000,0.000000,,,0,0,0,0,,,0,,-,Segura,ES,,29.4,Segura,,1,FALSE,1,0,0,0,0,1,544,FALSE,,,,,CANNOT BE MAPPED,5264,FALSE,1070,FALSE,Segura
EFAS,11,05265,Aforo río Segura (Las Juntas),-2.454538,38.218408,0,0.000000,0.000000,,,0,0,0,0,,,0,,-,Segura,ES,325,191.31,Segura,,0,FALSE,1,0,0,0,0,1,723,FALSE,3222500,1772500,,,,5265,FALSE,1070,FALSE,Segura
EFAS,11,05266,Aforo río Segura (La Graya),-2.347544,38.307463,0,0.000000,0.000000,,,0,0,0,0,,,0,,-,Segura,ES,825,378.12,Segura,,0,FALSE,1,0,0,0,0,1,662,FALSE,3237500,1777500,,,,5266,FALSE,1070,FALSE,Segura
EFAS,11,05267,Marco de control río Guadalentín Salabosque,-1.144504,37.947751,0,0.000000,0.000000,,,0,0,0,0,,,0,,-,Segura,ES,3400,26.12,Segura,,0,FALSE,1,0,0,0,0,1,48,FALSE,3342500,1722500,,,,5267,FALSE,1070,FALSE,Guadalentín
EFAS,11,05268,MC Rbla.Charcones (La Escarihuela) Vano1,-1.719881,37.488340,0,0.000000,0.000000,,,0,0,0,0,,,0,,-,Almanzora,ES,25,30.66,Almanzora,,0,FALSE,1,0,0,0,0,1,271,FALSE,3282500,1682500,,,,5268,FALSE,1070,FALSE,Rambla Charcones
EFAS,11,05269,MC Rmb.Charcones (Pulpí),-1.742937,37.416489,0,0.000000,0.000000,,,0,0,0,0,,,0,,-,Almanzora,ES,50,115.44,Almanzora,,0,FALSE,1,0,0,0,0,1,195,FALSE,3277500,1677500,,,,5269,FALSE,1070,FALSE,Rambla Charcones
EFAS,11,05270,Marco de Control Rbla del Pinar Vano1,-1.762721,37.374795,0,0.000000,0.000000,,,0,0,0,0,,,0,,-,Almanzora,ES,200,176.5,Almanzora,,0,FALSE,1,0,0,0,0,1,138,FALSE,3277500,1672500,,,,5270,FALSE,1070,FALSE,Rambla del Pinar
EFAS,11,05271,Marco de Control Rbla Guazamara Vano1,-1.781738,37.348241,0,0.000000,0.000000,,,0,0,0,0,,,0,,-,Almanzora,ES,275,230.09,Almanzora,,0,FALSE,1,0,0,0,0,1,139,FALSE,3277500,1667500,,,,5271,FALSE,1070,FALSE,Rambla de Guazamara
EFAS,11,05272,Marco de Control Rbla Las Gachas,-1.776481,37.331450,0,0.000000,0.000000,,,0,0,0,0,,,0,,-,Almanzora,ES,,300.74,Almanzora,,1,FALSE,1,0,0,0,0,1,86,FALSE,,,,,CANNOT BE MAPPED,5272,FALSE,1070,FALSE,Rambla las Gachas
EFAS,11,05273,Marco de Control Rbla Canalejas Vano1,-1.764845,37.311083,0,0.000000,0.000000,,,0,0,0,0,,,0,,-,Almanzora,ES,300,262.57,Almanzora,,0,FALSE,1,0,0,0,0,1,58,FALSE,3272500,1662500,,,,5273,FALSE,1070,FALSE,Rambla Canalejas
EFAS,11,05274,Marco de Control Río Almanzora Vano1,-1.779163,37.243978,0,0.000000,0.000000,,,0,0,0,0,,,0,,-,Almanzora,ES,2625,400.73,Almanzora,,0,FALSE,1,0,0,0,0,1,2,FALSE,3272500,1652500,,,,5274,FALSE,1070,FALSE,Almanzora
EFAS,11,05275,Marco de Control Rbla Chirivel,-2.267910,37.593895,0,0.000000,0.000000,,,0,0,0,0,,,0,,-,Segura,ES,75,95.76,Segura,,0,FALSE,1,0,0,0,0,1,1039,FALSE,3232500,1702500,,,,5275,FALSE,1070,FALSE,Rambla de Chirivel
EFAS,11,05276,M.C. Rbla Chirivel (Vélez Rubio) Vano1,-2.059148,37.644455,0,0.000000,0.000000,,,0,0,0,0,,,0,,-,Segura,ES,300,275.56,Segura,,0,FALSE,1,0,0,0,0,1,759,FALSE,3252500,1702500,,,,5276,FALSE,1070,FALSE,Rambla de Chirivel
EFAS,11,05277,Marco de Control Río Chico (Vélez Rubio),-2.078798,37.655817,0,0.000000,0.000000,,,0,0,0,0,,,0,,-,Segura,ES,225,294.34,Segura,,0,FALSE,1,0,0,0,0,1,837,FALSE,3247500,1702500,,,,5277,FALSE,1070,FALSE,Chico
EFAS,11,05278,M.C. Barranco La Fuente (Vélez Blanco),-2.095299,37.692680,0,0.000000,0.000000,,,0,0,0,0,,,0,,-,Segura,ES,100,398.68,Segura,,0,FALSE,1,0,0,0,0,1,1048,FALSE,3252500,1707500,,,,5278,FALSE,1070,FALSE,Barranco la Fuente
EFAS,11,05279,Marco de control en Puerto Lumbreras,-1.812224,37.561155,0,0.000000,0.000000,,,0,0,0,0,,,0,,-,Segura,ES,125,133.6,Segura,,0,FALSE,1,0,0,0,0,1,486,FALSE,3272500,1692500,,,,5279,FALSE,1070,FALSE,Nogalte
EFAS,11,05280,Aforo Guadalentin (Lorca),-1.691004,37.676042,0,0.000000,0.000000,,,0,0,0,0,,,0,,-,Segura,ES,1875,397.48,Segura,,0,FALSE,1,0,0,0,0,1,331,FALSE,3282500,1702500,,,,5280,FALSE,1070,FALSE,Guadalentín
EFAS,11,05281,Caudal derivado por Rbla Tiata,-1.691031,37.675970,0,0.000000,0.000000,,,0,0,0,0,,,0,,-,Segura,ES,1900,397.48,Segura,,0,FALSE,1,0,0,0,0,1,331,FALSE,3287500,1702500,,,,5281,FALSE,1070,FALSE,Guadalentín
EFAS,11,05282,MC en La Puebla . Rbla Albujón,-0.914553,37.720678,0,0.000000,0.000000,,,0,0,0,0,,,0,,-,Albujón,ES,675,710.77,Albujón,,0,FALSE,1,0,0,0,0,1,19,FALSE,3352500,1697500,,,,5282,FALSE,1070,FALSE,Rambla del Albujón
EFAS,11,05283,MC en Pozo Estrecho. Rbla Albujón,-0.979409,37.723903,0,0.000000,0.000000,,,0,0,0,0,,,0,,-,Albujón,ES,500,649.14,Albujón,,0,FALSE,1,0,0,0,0,1,41,FALSE,3347500,1697500,,,,5283,FALSE,1070,FALSE,Rambla del Albujón
EFAS,11,05284,MC en Rambla del Albujón,-1.049210,37.721310,0,0.000000,0.000000,,,0,0,0,0,,,0,,-,Albujón,ES,400,498.74,Albujón,,0,FALSE,1,0,0,0,0,1,71,FALSE,3342500,1697500,,,,5284,FALSE,1070,FALSE,Rambla del Albujón
EFAS,11,05285,MC en El Estrecho. Rbla Albujón,-1.107640,37.726296,0,0.000000,0.000000,,,0,0,0,0,,,0,,-,Albujón,ES,375,369.89,Albujón,,0,FALSE,1,0,0,0,0,1,93,FALSE,3337500,1697500,,,,5285,FALSE,1070,FALSE,Rambla del Albujón
EFAS,11,05286,MC en Fuente Álamo. Rbla Albujón,-1.172217,37.724709,0,0.000000,0.000000,,,0,0,0,0,,,0,,-,Albujón,ES,175,157.95,Albujón,,0,FALSE,1,0,0,0,0,1,126,FALSE,3327500,1697500,,,,5286,FALSE,1070,FALSE,Rambla del Albujón
EFAS,11,05287,MC en Los Cegarras. Rbl de la Murta,-1.144595,37.754010,0,0.000000,0.000000,,,0,0,0,0,,,0,,-,Albujón,ES,100,213.23,Albujón,,0,FALSE,1,0,0,0,0,1,148,FALSE,3337500,1702500,,,,5287,FALSE,1070,FALSE,Rambla de la Murta
EFAS,11,05288,MC en RM332. Rbla Moreras,-1.316573,37.588455,0,0.000000,0.000000,,,0,0,0,0,,,0,,-,Moreras,ES,250,306.74,Moreras,,0,FALSE,1,0,0,0,0,1,31,FALSE,3317500,1687500,,,,5288,FALSE,1070,FALSE,Rambla Moreras
EFAS,11,05289,MC en Las Hermanillas. Rbla Moreras,-1.343309,37.635573,0,0.000000,0.000000,,,0,0,0,0,,,0,,-,Moreras,ES,475,241.14,Moreras,,0,FALSE,1,0,0,0,0,1,85,FALSE,3117500,1692500,,,,5289,FALSE,1070,FALSE,Rambla Moreras
EFAS,11,05290,MC en Camposol. Rbla Moreras,-1.349720,37.671257,0,0.000000,0.000000,,,0,0,0,0,,,0,,-,Moreras,ES,,149.3,Moreras,,1,FALSE,1,0,0,0,0,1,111,FALSE,,,,,CANNOT BE MAPPED,5290,FALSE,1070,FALSE,Rambla Moreras
EFAS,11,05291,MC en RM315. Rbla Moreras,-1.420922,37.715671,0,0.000000,0.000000,,,0,0,0,0,,,0,,-,Segura,ES,2725,44.33,Segura,,0,FALSE,1,0,0,0,0,1,208,FALSE,3312500,1702500,,,,5291,FALSE,1070,FALSE,Rambla Moreras
EFAS,11,05292,MC en Los Patojos. Rbla Benipila,-1.012786,37.621408,0,0.000000,0.000000,,,0,0,0,0,,,0,,-,Benipila,ES,150,91.71,Benipila,,0,FALSE,1,0,0,0,0,1,14,FALSE,3347500,1687500,,,,5292,FALSE,1070,FALSE,Benipila
EFAS,11,05293,MC en Canteras. Rbla Canteras,-1.043578,37.610964,0,0.000000,0.000000,,,0,0,0,0,,,0,,-,Benipila,ES,,22.93,Benipila,,1,FALSE,1,0,0,0,0,1,58,FALSE,,,,,CANNOT BE MAPPED,5293,FALSE,1070,FALSE,Rambla Canteras
EFAS,11,05294,MC en Cedacero. Rbla La Azohía,-1.147127,37.591609,0,0.000000,0.000000,,,0,0,0,0,,,0,,-,Azohia,ES,25,60.79,Azohia,,0,FALSE,1,0,0,0,0,1,256,FALSE,3332500,1687500,,,,5294,FALSE,1070,FALSE,Rambla Azohia
EFAS,11,05295,MC en Ramonete. Rbla Miñarros,-1.477200,37.541370,0,0.000000,0.000000,,,0,0,0,0,,,0,,-,Ramonete,ES,75,246.77,Ramonete,,0,FALSE,1,0,0,0,0,1,177,FALSE,3302500,1682500,,,,5295,FALSE,1070,FALSE,Rambla Miñarros
EFAS,11,05296,MC Casas Estrechas. Rbla Cab.Negro,-1.069686,37.607666,0,0.000000,0.000000,,,0,0,0,0,,,0,,-,El Portús,ES,75,60.79,El Portus,,0,FALSE,1,0,0,0,0,1,66,FALSE,3342500,1687500,,,,5296,FALSE,1070,FALSE,Rambla Cabezo Negro
EFAS,11,05297,MC Lomo de Escribano. Rbl Minglano Cañarate,-1.627243,37.432656,0,0.000000,0.000000,,,0,0,0,0,,,0,,-,Charcón,ES,125,148.06,Charcon,,0,FALSE,1,0,0,0,0,1,102,FALSE,3287500,1672500,,,,5297,FALSE,1070,FALSE,Rambla Minglano Cañarate
EFAS,11,05298,MC en Cope-Águilas. Rbla Quiñoneros,-1.563953,37.416868,0,0.000000,0.000000,,,0,0,0,0,,,0,,-,Quiñoneros,ES,150,98.71,Quinoneros,,0,FALSE,1,0,0,0,0,1,17,FALSE,3292500,1672500,,,,5298,FALSE,1070,FALSE,Rambla Quiñoneros
EFAS,11,05299,MC en Desemb.Rambla Albujón,-0.861070,37.716261,0,0.000000,0.000000,,,0,0,0,0,,,0,,-,Albujón,ES,700,789.74,Albujion,,0,FALSE,1,0,0,0,0,1,19,FALSE,3357500,1697500,,,,5299,FALSE,1070,FALSE,Rambla del Albujón
EFAS,11,05300,MC en La Maraña - Balsicas,-0.941563,37.795250,0,0.000000,0.000000,,,0,0,0,0,,,0,,-,La Maraña,ES,75,325.19,La Marana,,0,FALSE,1,0,0,0,0,1,19,FALSE,3352500,1702500,,,,5300,FALSE,1070,FALSE,Rambla de la Maraña
EFAS,11,05301,Marco de control en Rbla de Benipila,-0.994032,37.603620,0,0.000000,0.000000,,,0,0,0,0,,,0,,-,Benipila,ES,200,152.85,Benipla,,0,FALSE,1,0,0,0,0,1,6,FALSE,3347500,1682500,,,,5301,FALSE,1070,FALSE,Benipila
EFAS,11,05302,Aforo en rio Segura(Beniel),-1.006225,38.048188,0,0.000000,0.000000,,,0,0,0,0,,,0,,-,Segura,ES,,634.62,Benipila,,1,FALSE,1,0,0,0,0,1,30,FALSE,,,,,CANNOT BE MAPPED,5302,FALSE,1070,FALSE,Segura
EFAS,11,05303,Aforo en rio Segura (Jacarilla),-0.870988,38.072344,0,0.000000,0.000000,,,0,0,0,0,,,0,,-,Segura,ES,14900,988.41,Benipila,,0,FALSE,1,0,0,0,0,1,21,FALSE,3362500,1732500,,,,5303,FALSE,1070,FALSE,Segura
EFAS,11,05304,Aforo en río Segura. Orihuela,-0.939363,38.084716,0,0.000000,0.000000,,,0,0,0,0,,,0,,-,Segura,ES,,741.8,Benipila,,1,FALSE,1,0,0,0,0,1,18,FALSE,,,,,CANNOT BE MAPPED,5304,FALSE,1070,FALSE,Segura
EFAS,11,05305,Aforo en la cola del Azarbe de Merancho,-1.006435,38.060400,0,0.000000,0.000000,,,0,0,0,0,,,0,,-,Segura,ES,,390.05,Benipila,,1,FALSE,1,0,0,0,0,1,27,FALSE,,,,,CANNOT BE MAPPED,5305,FALSE,1070,FALSE,Azarbe del Merancho
EFAS,11,05306,Río Segura-Azud de los Huertos,-0.971711,38.075342,0,0.000000,0.000000,,,0,0,0,0,,,0,,-,Segura,ES,14725,699.81,Benipila,,0,FALSE,1,0,0,0,0,1,33,FALSE,3352500,1737500,,,,5306,FALSE,1070,FALSE,Segura
EFAS,11,05307,Aforo en la cola del Azarbe de Hurchillo,-0.896485,38.072635,0,0.000000,0.000000,,,0,0,0,0,,,0,,-,Segura,ES,14800,57.44,Benipila,,0,FALSE,1,0,0,0,0,1,28,FALSE,3362500,1737500,,,,5307,FALSE,1070,FALSE,Azarbe Major
EFAS,11,05308,Aforo Río Segura (Alquerías),-1.043884,38.012572,0,0.000000,0.000000,,,0,0,0,0,,,0,,-,Segura,ES,14350,567.05,Benipila,,0,FALSE,1,0,0,0,0,1,33,FALSE,3347500,1732500,,,,5308,FALSE,1070,FALSE,Segura
EFAS,11,05309,Aforo en Manzano y Ferrer,-0.899205,38.084885,0,0.000000,0.000000,,,0,0,0,0,,,0,,-,Segura,ES,,945.33,Benipila,,1,FALSE,1,0,0,0,0,1,22,FALSE,,,,,CANNOT BE MAPPED,5309,FALSE,1070,FALSE,Segura
EFAS,11,05381,Aforo en rio Segura (Azud de Rojales),-0.721504,38.089158,0,0.000000,0.000000,,,0,0,0,0,,,0,,-,Segura,ES,14975,1117.65,Benipila,,0,FALSE,1,0,0,0,0,1,12,FALSE,3377500,1732500,,,,5381,FALSE,1070,FALSE,Segura
EFAS,11,05388,Aforo en Benejúzar,-0.852116,38.077872,0,0.000000,0.000000,,,0,0,0,0,,,0,,-,Segura,ES,14925,1002.77,Benipila,,0,FALSE,1,0,0,0,0,1,21,FALSE,3367500,1732500,,,,5388,FALSE,1070,FALSE,Segura
EFAS,11,05389,Aforo en Formentera,-0.743557,38.083547,0,0.000000,0.000000,,,0,0,0,0,,,0,,-,Segura,ES,14950,1103.29,Benipila,,0,FALSE,1,0,0,0,0,1,12,FALSE,3372500,1732500,,,,5389,FALSE,1070,FALSE,Segura
EFAS,11,05390,Aforo AA Rojales,-0.713146,38.091324,0,0.000000,0.000000,,,0,0,0,0,,,0,,-,Segura,ES,15000,1132.01,Benipila,,0,FALSE,1,0,0,0,0,1,11,FALSE,3382500,1732500,,,,5390,FALSE,1070,FALSE,Segura
